dice,iou,precision,recall,boundary_f1,boundary_f1_2px,tolerance_px,hd95,hd95_pct_diag,n_lesions,n_pred_components,detected_iou025,det_rate_iou025,detected_iou05,det_rate_iou05,n_false_positives,name,dataset,model,checkpoint,tta
0.9232309256521122,0.857408470995732,0.9447267442325631,0.9026915538244398,0.3243005507051293,0.037619983895145634,9,71.42128534267638,4.149873338052481,1,1,1,1.0,1,1.0,0,cju0qoxqj9q6s0835b43399p4,kvasir-seg,unet,polypseg/runs_repeat/unet_seed42_fold0rep3/best.pth,False
0.8019890401978461,0.669433809128333,0.8944564282083355,0.7268486590031352,0.2952914087641566,0.16927920297964688,4,109.84009404984482,13.489736820686515,1,2,1,1.0,1,1.0,1,cju0qx73cjw570799j4n5cjze,kvasir-seg,unet,polypseg/runs_repeat/unet_seed42_fold0rep3/best.pth,False
0.9376917831551788,0.8826927705974377,0.9474636120879016,0.9281194634230654,0.6077038643045813,0.4772357379096144,4,17.935445413067026,2.2085826532537665,1,1,1,1.0,1,1.0,0,cju0rx1idathl0835detmsp84,kvasir-seg,unet,polypseg/runs_repeat/unet_seed42_fold0rep3/best.pth,False
0.49461800011178286,0.32856643705618305,0.3285910395598937,0.9997721749620309,0.29156978763811897,0.21472767060854545,4,293.6873818328309,37.69994125062614,1,2,1,1.0,0,0.0,1,cju0sxqiclckk08551ycbwhno,kvasir-seg,unet,polypseg/runs_repeat/unet_seed42_fold0rep3/best.pth,False
0.946945175458271,0.8992363487536034,0.9736484830190885,0.9216674996421875,0.6169238209452009,0.3903191912189448,4,47.573590413074356,5.821674566329942,1,1,1,1.0,1,1.0,0,cju0t4oil7vzk099370nun5h9,kvasir-seg,unet,polypseg/runs_repeat/unet_seed42_fold0rep3/best.pth,False
0.9326972744670309,0.8738825940890187,0.8779901797198093,0.994674933300575,0.4407008065384232,0.3510509204072484,4,35.830149026696425,4.333559148822243,1,1,1,1.0,1,1.0,0,cju15czxqp3lv0835jvhgzurz,kvasir-seg,unet,polypseg/runs_repeat/unet_seed42_fold0rep3/best.pth,False
0.6737712633626882,0.5080354879589272,0.9966582459749833,0.5089023634677993,0.4317067284212179,0.26179436811902074,4,147.61266874556256,18.57358319464607,1,1,1,1.0,1,1.0,0,cju15jr8jz8sb0855ukmkswkz,kvasir-seg,unet,polypseg/runs_repeat/unet_seed42_fold0rep3/best.pth,False
0.8848720650593476,0.7935161853033847,0.939095027809032,0.836568917948112,0.6133699930347377,0.3707191386453652,4,35.35321731454996,4.329677740061067,1,1,1,1.0,1,1.0,0,cju15ptjtppz40988odsm9azx,kvasir-seg,unet,polypseg/runs_repeat/unet_seed42_fold0rep3/best.pth,False
0.8932178932166043,0.8070404172078043,0.8084528380722293,0.9978398942483224,0.3448914842261899,0.1251682298859837,4,292.9551949330285,35.23996515714417,1,2,1,1.0,1,1.0,1,cju17bz250pgd0799u1hqkj5u,kvasir-seg,unet,polypseg/runs_repeat/unet_seed42_fold0rep3/best.pth,False
0.9768022014758049,0.954656277490717,0.9649644308934917,0.98893402072507,0.7491331671765069,0.49777248577103705,4,21.633307652783937,2.651514988933938,1,1,1,1.0,1,1.0,0,cju17v6ih0u7808783zcbg1jy,kvasir-seg,unet,polypseg/runs_repeat/unet_seed42_fold0rep3/best.pth,False
0.9822497236433398,0.9651186017454054,0.9726472068420416,0.992043733796186,0.8663194349147346,0.7467054079780102,4,9.0,1.2573450522039602,1,1,1,1.0,1,1.0,0,cju1871y11d6r0799k6cw4yze,kvasir-seg,unet,polypseg/runs_repeat/unet_seed42_fold0rep3/best.pth,False
0.9419308183658143,0.8902355674994749,0.8910882057790245,0.9989263254716554,0.6476984240496025,0.3648661078381589,4,13.892443989449804,1.8205595390268399,1,1,1,1.0,1,1.0,0,cju1b75x63ddl0799sdp0i2j3,kvasir-seg,unet,polypseg/runs_repeat/unet_seed42_fold0rep3/best.pth,False
0.9384133428990035,0.8839724356197567,0.8911417649962069,0.9909810009573778,0.5382503744785759,0.2749543307240411,4,22.219310957556843,2.7168636580427474,1,1,1,1.0,1,1.0,0,cju1bhnfitmge0835ynls0l6b,kvasir-seg,unet,polypseg/runs_repeat/unet_seed42_fold0rep3/best.pth,False
0.92297280819356,0.856963329445292,0.8603432598308021,0.9954366123080017,0.6684206650084896,0.4765926193331707,4,83.20696916117018,11.038514106214542,1,1,1,1.0,1,1.0,0,cju1c6yfz42md08550zgoz3pw,kvasir-seg,unet,polypseg/runs_repeat/unet_seed42_fold0rep3/best.pth,False
0.963590177811331,0.9297385620839073,0.9562221661964858,0.9710726171092151,0.9489087793299785,0.6075322632703176,4,4.123105625617661,0.5049531557007768,1,1,1,1.0,1,1.0,0,cju1c8ffau5770835g0g343o8,kvasir-seg,unet,polypseg/runs_repeat/unet_seed42_fold0rep3/best.pth,False
0.9796209832445671,0.9600559862153314,0.970258605052518,0.9891658038715088,0.9110628567247498,0.74101179566011,4,5.385164807134504,0.6595164447003405,1,1,1,1.0,1,1.0,0,cju1d31sp4d4k0878r3fr02ul,kvasir-seg,unet,polypseg/runs_repeat/unet_seed42_fold0rep3/best.pth,False
0.9048405802729639,0.8262181413720493,0.9789838207652483,0.8411371438886452,0.47542488659682636,0.32499935820308073,4,43.62545322735238,5.3470114227528,1,2,1,1.0,1,1.0,1,cju1d96gsv62d09881b3wecw2,kvasir-seg,unet,polypseg/runs_repeat/unet_seed42_fold0rep3/best.pth,False
0.8410203849172018,0.7256558907268776,0.9286971830869127,0.7684703433843031,0.3765896010781173,0.16969452288150924,4,22.47220505424423,2.884702791893403,1,1,1,1.0,1,1.0,0,cju1ddr6p4k5z08780uuuzit2,kvasir-seg,unet,polypseg/runs_repeat/unet_seed42_fold0rep3/best.pth,False
0.9714874448893724,0.944555747095259,0.9709291187692963,0.9720464134974489,0.8677013542881113,0.6356244880649047,4,5.113326778269857,0.6155757748738849,1,1,1,1.0,1,1.0,0,cju1dhfok4mhe0878jlgrag0h,kvasir-seg,unet,polypseg/runs_repeat/unet_seed42_fold0rep3/best.pth,False
0.9051219794174931,0.8266875052765621,0.8331985184519001,0.9906357562209422,0.41977301711469456,0.27378548235435873,4,19.003944638566065,2.3273965518574977,1,1,1,1.0,1,1.0,0,cju1efbr0rqxz09931z0lf4vf,kvasir-seg,unet,polypseg/runs_repeat/unet_seed42_fold0rep3/best.pth,False
0.9848214285705991,0.9700967458207297,0.9853360076842937,0.9843073866394162,0.9407532201482658,0.7426831250934818,4,4.414762138029506,0.5373564923294132,1,1,1,1.0,1,1.0,0,cju1erep75us208553i4ofwwe,kvasir-seg,unet,polypseg/runs_repeat/unet_seed42_fold0rep3/best.pth,False
0.9615201662356839,0.9258919961404872,0.9675273963950938,0.9555870717300998,0.7524392307006186,0.5509954503265768,4,20.09968943799848,2.459638841136702,1,1,1,1.0,1,1.0,0,cju1f5x1164xv08555654c24r,kvasir-seg,unet,polypseg/runs_repeat/unet_seed42_fold0rep3/best.pth,False
0.9001887682848037,0.8184938854287985,0.9803165792939649,0.8321699677129737,0.6158536085928246,0.43902434030014326,4,25.0289740666299,3.06284517270713,1,1,1,1.0,1,1.0,0,cju1fjsb4sipq09931lvd8e41,kvasir-seg,unet,polypseg/runs_repeat/unet_seed42_fold0rep3/best.pth,False
0.973493093555397,0.9483551327746795,0.9528872958942537,0.9950097725246599,0.9067812342073864,0.6150275458539036,4,5.656854249492381,0.7261567437398742,1,1,1,1.0,1,1.0,0,cju1fmsyf6gxb0801cimx2gle,kvasir-seg,unet,polypseg/runs_repeat/unet_seed42_fold0rep3/best.pth,False
0.9096547577579518,0.8342814023633951,0.8629322766518795,0.9617263298697776,0.6127777265559169,0.4007914181374617,4,22.627416997969522,2.8155534030565685,1,1,1,1.0,1,1.0,0,cju1hirfi7ekp0855q0vgm9qq,kvasir-seg,unet,polypseg/runs_repeat/unet_seed42_fold0rep3/best.pth,False
0.9337898707274073,0.8758028507612028,0.8796398509697818,0.9950440958362794,0.6893869982457287,0.29336040450338885,4,24.584151334861097,3.0759424515258043,1,1,1,1.0,1,1.0,0,cju2i03ptvkiu0799xbbd4det,kvasir-seg,unet,polypseg/runs_repeat/unet_seed42_fold0rep3/best.pth,False
0.8707058881602966,0.771017823463059,0.9656326747681486,0.7927721983910914,0.34961631348575795,0.12311784527308697,4,64.94151076120603,8.005126391645293,1,2,1,1.0,1,1.0,1,cju2iatlki5u309930zmgkv6h,kvasir-seg,unet,polypseg/runs_repeat/unet_seed42_fold0rep3/best.pth,False
0.8440638078298087,0.7301993081859791,0.983965480502003,0.7389927251627076,0.3090363026737145,0.20446993385900433,4,97.04766108310587,11.68323319855273,1,3,1,1.0,1,1.0,2,cju2igw4gvxds0878808qj398,kvasir-seg,unet,polypseg/runs_repeat/unet_seed42_fold0rep3/best.pth,False
0.9596800399926017,0.9224854630163751,0.9254206238204434,0.9965735645260275,0.752913217989607,0.5144399156492526,4,8.0,1.0268730334030785,1,1,1,1.0,1,1.0,0,cju2lcyfgkf5809932fn9gucn,kvasir-seg,unet,polypseg/runs_repeat/unet_seed42_fold0rep3/best.pth,False
0.9801498416596376,0.9610724022974801,0.9751536885195945,0.9851974535428538,0.9730193590640963,0.8273143815687704,4,3.605551275463989,0.44457788005326443,1,1,1,1.0,1,1.0,0,cju2lz8vqktne0993fuym6drw,kvasir-seg,unet,polypseg/runs_repeat/unet_seed42_fold0rep3/best.pth,False
0.9362683625930039,0.88017346637851,0.9136201735006149,0.9600679694115593,0.6939117649984822,0.46528200727139946,4,24.700200854619386,2.9847142206136175,2,2,2,1.0,2,1.0,0,cju2ma647l0nj0993ot4deq2q,kvasir-seg,unet,polypseg/runs_repeat/unet_seed42_fold0rep3/best.pth,False
0.927950570739177,0.8655856207852262,0.962550579798054,0.8957517248328344,0.6252063705888316,0.4775333109341522,4,39.369219971766896,4.861805661607912,1,1,1,1.0,1,1.0,0,cju2nfnvxzdkd0878399axlco,kvasir-seg,unet,polypseg/runs_repeat/unet_seed42_fold0rep3/best.pth,False
0.9483049995880585,0.9016920297392438,0.9017233591589908,0.9999614695493865,0.32543483143466506,0.14717869747522383,4,12.727922061357855,1.6046860273142165,1,1,1,1.0,1,1.0,0,cju2nguelpmlj0835rojdn097,kvasir-seg,unet,polypseg/runs_repeat/unet_seed42_fold0rep3/best.pth,False
0.9858928675735606,0.9721782206724344,0.9737300114417015,0.9983634194664369,0.8508274797009726,0.5729372437304447,4,6.4031242374328485,0.8172750240568214,1,1,1,1.0,1,1.0,0,cju2okvco06xc0799kxe5n1qh,kvasir-seg,unet,polypseg/runs_repeat/unet_seed42_fold0rep3/best.pth,False
0.9733488279021636,0.9480813487148162,0.972323659426506,0.9743761604294463,0.6554783625993128,0.4496622429181545,4,21.095023109728988,2.7053751812881752,1,1,1,1.0,1,1.0,0,cju2qdj95ru8g09886gfi9rsz,kvasir-seg,unet,polypseg/runs_repeat/unet_seed42_fold0rep3/best.pth,False
0.5607880656243924,0.3896493992510468,0.400851042272991,0.9330817758359381,0.367605821752199,0.24509645135676444,4,209.3831392275137,25.642970737047154,1,1,1,1.0,0,0.0,0,cju2qfie4rvz508357kad9z5o,kvasir-seg,unet,polypseg/runs_repeat/unet_seed42_fold0rep3/best.pth,False
0.9450881612054055,0.8958930276916031,0.9625828860044001,0.9282180101931322,0.7512342121827374,0.5221691685409199,4,11.683301850205114,1.5425829737670962,1,1,1,1.0,1,1.0,0,cju2qu37qobl50993aw7ghcfq,kvasir-seg,unet,polypseg/runs_repeat/unet_seed42_fold0rep3/best.pth,False
0.9115580349929359,0.8374888733613095,0.9179220343240758,0.9052816719249854,0.4911717922826269,0.36447882594159237,4,52.0,6.775378012790144,1,1,1,1.0,1,1.0,0,cju2raxlosl630988jdbfy9b0,kvasir-seg,unet,polypseg/runs_repeat/unet_seed42_fold0rep3/best.pth,False
0.9736124255386805,0.9485816564465553,0.9763845466671707,0.9708560008828085,0.8908522574654926,0.7009397540232749,4,6.0,0.73481477539174,1,1,1,1.0,1,1.0,0,cju2rga4psq9n09881z519xx0,kvasir-seg,unet,polypseg/runs_repeat/unet_seed42_fold0rep3/best.pth,False
0.9202643641393026,0.8523052621169862,0.9655735504631228,0.8790168207533111,0.6866949581999192,0.48536133286652694,4,123.74974569323555,15.285389822971869,2,1,1,0.5,1,0.5,0,cju2rz4k434s70855wwx3ddtx,kvasir-seg,unet,polypseg/runs_repeat/unet_seed42_fold0rep3/best.pth,False
0.9764144444293041,0.9539158100808763,0.9600009851950444,0.9933989193572398,0.8024181967715509,0.5789148834045706,4,7.810249675906654,1.0158192484280992,1,1,1,1.0,1,1.0,0,cju2saez63gxl08559ucjq3kt,kvasir-seg,unet,polypseg/runs_repeat/unet_seed42_fold0rep3/best.pth,False
0.8493902069038901,0.7382087411391786,0.978307662200603,0.7504932235358756,0.6002050160591944,0.26928600678855974,4,63.689794521402064,8.29343413976264,1,1,1,1.0,1,1.0,0,cju2t9tdwuk700835kv0ljmtl,kvasir-seg,unet,polypseg/runs_repeat/unet_seed42_fold0rep3/best.pth,False
0.9691335535973554,0.9401155280388502,0.9655310520889996,0.9727630384319258,0.7219758093580069,0.5560391230170513,4,10.160998175669398,1.2537402509015727,1,1,1,1.0,1,1.0,0,cju2tqfgw4oat0799rn0g5b2z,kvasir-seg,unet,polypseg/runs_repeat/unet_seed42_fold0rep3/best.pth,False
0.8003415210771027,0.6671411365305251,0.9923452768568022,0.6705921197372816,0.4357123552979532,0.2623292543502131,4,22.627416997969522,2.836442536274769,1,1,1,1.0,1,1.0,0,cju2trtjf4qjd0878a2zle9v9,kvasir-seg,unet,polypseg/runs_repeat/unet_seed42_fold0rep3/best.pth,False
0.9675059634192021,0.937057192720638,0.9562028499480699,0.9790794978974456,0.9591994967686649,0.7660718723790032,4,4.0,0.5094189963740994,1,1,1,1.0,1,1.0,0,cju2urqpwvxw70835rvndvtsi,kvasir-seg,unet,polypseg/runs_repeat/unet_seed42_fold0rep3/best.pth,False
0.5184364474372486,0.34992521687002714,0.9411859361095728,0.3577479433610883,0.5102265715574771,0.30741706306024547,4,159.34553538001524,19.713977839483498,1,1,1,1.0,0,0.0,0,cju2uzabhs6er0993x3aaf87p,kvasir-seg,unet,polypseg/runs_repeat/unet_seed42_fold0rep3/best.pth,False
0.9808750034872242,0.9624678099777411,0.9867984944610595,0.9750222024812665,0.9671052131584383,0.7697119142408826,4,3.605551275463989,0.44239360129898364,1,1,1,1.0,1,1.0,0,cju2wve9v7esz0878mxsdcy04,kvasir-seg,unet,polypseg/runs_repeat/unet_seed42_fold0rep3/best.pth,False
0.9747366057217146,0.9507182360761663,0.9557072347278844,0.9945391709449629,0.7189569243879138,0.5948052390649637,4,12.806248474865697,1.568370099444875,1,1,1,1.0,1,1.0,0,cju2wzu8wxtgu09880ku9x1pg,kvasir-seg,unet,polypseg/runs_repeat/unet_seed42_fold0rep3/best.pth,False
0.9651955995692837,0.9327324073685236,0.9357018133404071,0.9966092174481461,0.7846416559066924,0.2667090650104822,9,66.35047560516458,3.85523822989008,1,1,1,1.0,1,1.0,0,cju2x7vw87mu30878hye2ca0m,kvasir-seg,unet,polypseg/runs_repeat/unet_seed42_fold0rep3/best.pth,False
0.8377560569108299,0.7208091398472921,0.7221332516889356,0.9974626307298231,0.5644923875497828,0.43169713975674173,4,111.17013702361648,13.627619040500509,1,1,1,1.0,1,1.0,0,cju2xlcqxy9c60988vjacdznb,kvasir-seg,unet,polypseg/runs_repeat/unet_seed42_fold0rep3/best.pth,False
0.9806274078144052,0.9619911456633166,0.9873929788576273,0.9739539205758917,0.8206337664162547,0.6416145752714225,4,8.94427190999916,1.0962665263724298,1,1,1,1.0,1,1.0,0,cju2xyd9vyi7m098831qcucse,kvasir-seg,unet,polypseg/runs_repeat/unet_seed42_fold0rep3/best.pth,False
0.9675254384058832,0.9370937303404807,0.9593422634367174,0.9758494191618251,0.645568874991015,0.42422307873259296,4,14.866068747318506,1.9389894016813505,1,1,1,1.0,1,1.0,0,cju2y0z6g87p10878fpk5d3rq,kvasir-seg,unet,polypseg/runs_repeat/unet_seed42_fold0rep3/best.pth,False
0.9486049434420635,0.9022345478279231,0.9620012235709264,0.9355766370246402,0.7266961250712793,0.5373833743761334,4,18.39563883159734,2.2658490927454427,1,1,1,1.0,1,1.0,0,cju2y8s56ymqr083541ggdsml,kvasir-seg,unet,polypseg/runs_repeat/unet_seed42_fold0rep3/best.pth,False
0.977464618674287,0.9559225397237678,0.9565841224811252,0.9992770234508918,0.7980557445335335,0.461429320251077,4,5.585768996604383,0.6836347914219677,1,1,1,1.0,1,1.0,0,cju2yb31a8e8u0878wdashg7o,kvasir-seg,unet,polypseg/runs_repeat/unet_seed42_fold0rep3/best.pth,False
0.9289541759011042,0.8673337358676154,0.8838783403579124,0.9788746105823707,0.5606181221468628,0.4722296253759719,3,12.041594578792296,2.0866275185758427,1,1,1,1.0,1,1.0,0,cju2zdvjn9h7r08553cp4eed5,kvasir-seg,unet,polypseg/runs_repeat/unet_seed42_fold0rep3/best.pth,False
0.9807709374893046,0.9622674367951636,0.9719722067461023,0.989730423617071,0.9185008423268661,0.7322991906206148,4,5.0,0.6118599117473807,1,1,1,1.0,1,1.0,0,cju2zi4l09f5807991s8do2b2,kvasir-seg,unet,polypseg/runs_repeat/unet_seed42_fold0rep3/best.pth,False
0.9679494097058944,0.9378894976747756,0.9661352865102708,0.9697703585132994,0.9129803812024446,0.6244995496997798,4,11.152278987328481,1.3656173748975673,1,1,1,1.0,1,1.0,0,cju2zm0axztpe0988r8s9twjr,kvasir-seg,unet,polypseg/runs_repeat/unet_seed42_fold0rep3/best.pth,False
0.9572687966704628,0.9180398492092833,0.9531477132846566,0.9614256710922464,0.8972378859951937,0.657369774663669,4,6.766563145999492,0.8280377458688657,1,1,1,1.0,1,1.0,0,cju2zp89k9q1g0855k1x0f1xa,kvasir-seg,unet,polypseg/runs_repeat/unet_seed42_fold0rep3/best.pth,False
0.3861379995024009,0.23926333192264498,0.2888507240981765,0.5822417664616182,0.05333103452563334,0.02120324785155531,4,295.57757015132995,36.19912763693097,1,3,1,1.0,0,0.0,2,cju2zy1e49pqk0878t6ncqn12,kvasir-seg,unet,polypseg/runs_repeat/unet_seed42_fold0rep3/best.pth,False
0.9686833963544711,0.939268691040501,0.9396758703450058,0.9995388762734125,0.8040672311936298,0.3747754207894969,4,5.385164807134504,0.6483014175943301,1,1,1,1.0,1,1.0,0,cju303j5r062k098835zxfds5,kvasir-seg,unet,polypseg/runs_repeat/unet_seed42_fold0rep3/best.pth,False
0.8822019571890368,0.7892319751880534,0.789568345323068,0.9994605034570944,0.2909757758012326,0.1314595895475502,4,77.65242799344331,9.737136579663694,1,3,1,1.0,1,1.0,2,cju30ftgja7170855xl9bkdm0,kvasir-seg,unet,polypseg/runs_repeat/unet_seed42_fold0rep3/best.pth,False
0.9680767491109384,0.9381286333812949,0.9585160043324447,0.9778301433058678,0.8568443887603444,0.5833419803773366,4,5.873213921133976,0.7545902423585219,1,1,1,1.0,1,1.0,0,cju30lncba3ny0878jwnous8n,kvasir-seg,unet,polypseg/runs_repeat/unet_seed42_fold0rep3/best.pth,False
0.9601594949322573,0.9233718923746922,0.9244015465181163,0.9987951569248862,0.3050425360331044,0.16114765179436596,4,20.0,2.4493825846391335,1,1,1,1.0,1,1.0,0,cju30qbm1ad3x0855znuhpz9u,kvasir-seg,unet,polypseg/runs_repeat/unet_seed42_fold0rep3/best.pth,False
0.9603718026023338,0.9237646737615214,0.9247113479506568,0.9988929889262034,0.7108040234153954,0.3724219306992861,4,9.232908883453488,1.1275755127533138,1,1,1,1.0,1,1.0,0,cju31ugmfb3dz0855xtqshki6,kvasir-seg,unet,polypseg/runs_repeat/unet_seed42_fold0rep3/best.pth,False
0.9312378284936513,0.8713237175873599,0.983000150133976,0.8846541599538094,0.3729477525769948,0.22802758846592608,4,123.01950703896246,14.798178071882782,1,2,1,1.0,1,1.0,1,cju32phw2bv130801yj7bkouq,kvasir-seg,unet,polypseg/runs_repeat/unet_seed42_fold0rep3/best.pth,False
0.9669601482832091,0.9360337325575919,0.9701971359449033,0.9637446887079081,0.8095747544377092,0.6170299099963937,4,7.615773105863909,0.9161113492345242,1,1,1,1.0,1,1.0,0,cju32srle1xfq083575i3fl75,kvasir-seg,unet,polypseg/runs_repeat/unet_seed42_fold0rep3/best.pth,False
0.8913108148303587,0.8039320909349167,0.811909383836887,0.9879259490168246,0.5206478024931105,0.31529081088404004,4,92.86063428575842,11.354523235922896,1,1,1,1.0,1,1.0,0,cju32zhbnc1oy0801iyv1ix6p,kvasir-seg,unet,polypseg/runs_repeat/unet_seed42_fold0rep3/best.pth,False
0.9074847843083705,0.8306381195193485,0.8325427526197117,0.9972533808554414,0.348487598472898,0.1793763849365699,4,36.50888434833048,4.391701647944803,1,1,1,1.0,1,1.0,0,cju33eqwbcch208012jikwdky,kvasir-seg,unet,polypseg/runs_repeat/unet_seed42_fold0rep3/best.pth,False
0.6516269644014335,0.48326905626095146,0.4832847188458246,0.9999329432851085,0.06895178968906171,0.04259831927917163,4,139.46002990460553,17.131983712697814,1,2,1,1.0,0,0.0,1,cju34ds2531520988qjpqt6e3,kvasir-seg,unet,polypseg/runs_repeat/unet_seed42_fold0rep3/best.pth,False
0.9748916603245643,0.9510132954661449,0.9547413094860053,0.9959109188570987,0.8633856592812228,0.6128840991882938,4,5.656854249492381,0.7350842555343591,1,1,1,1.0,1,1.0,0,cju34eqjpcpm508788b3lhp97,kvasir-seg,unet,polypseg/runs_repeat/unet_seed42_fold0rep3/best.pth,False
0.9758639749422389,0.9528655872516547,0.9698548722928819,0.9819480051687799,0.8057006188749125,0.5330296110953608,4,9.219544457292887,1.1291095815999725,1,1,1,1.0,1,1.0,0,cju34i3qvcyog0855qiejxx5w,kvasir-seg,unet,polypseg/runs_repeat/unet_seed42_fold0rep3/best.pth,False
0.9669290323612373,0.935975419550602,0.9392862732807337,0.9962481531268219,0.5645723758588228,0.3643378756215738,4,12.083045973594572,1.45348546967732,1,1,1,1.0,1,1.0,0,cju34ouumcznz07996gg1xq7v,kvasir-seg,unet,polypseg/runs_repeat/unet_seed42_fold0rep3/best.pth,False
0.9680784645419852,0.9381318552600096,0.9497727721756578,0.9871036635412063,0.7038950379088842,0.5941799635395608,4,7.615773105863909,0.9537728401203406,1,1,1,1.0,1,1.0,0,cju35eg0tdmjt085525sb4bua,kvasir-seg,unet,polypseg/runs_repeat/unet_seed42_fold0rep3/best.pth,False
0.691212679232433,0.5281321634649212,0.9481735872605963,0.5438310895500954,0.3597375365959969,0.221035722198368,4,170.41713521291285,20.85428266232286,1,1,1,1.0,1,1.0,0,cju3tsh4lfsok0987w6x3a0v1,kvasir-seg,unet,polypseg/runs_repeat/unet_seed42_fold0rep3/best.pth,False
0.24226147122977848,0.13782565908666378,0.3935808312321612,0.17498520418113378,0.185612315386126,0.11314046941755047,4,228.52396566222473,27.942741270667,10,3,1,0.1,1,0.1,2,cju3uhb79gcgr0871orbrbi3x,kvasir-seg,unet,polypseg/runs_repeat/unet_seed42_fold0rep3/best.pth,False
0.9528435539345217,0.9099342868151916,0.942316160278042,0.9636088255722149,0.5997400744254401,0.34415178543392083,4,7.876662289339329,0.9638827786438167,1,1,1,1.0,1,1.0,0,cju3v11mrgwwb0755u242ygye,kvasir-seg,unet,polypseg/runs_repeat/unet_seed42_fold0rep3/best.pth,False
0.9254999481899793,0.8613307618095994,0.867150790257205,0.9922680412327041,0.6247574410138711,0.5067740666502402,4,34.655446902326915,4.419158670510056,1,1,1,1.0,1,1.0,0,cju3v3ac9gyz30755hfqwyp1i,kvasir-seg,unet,polypseg/runs_repeat/unet_seed42_fold0rep3/best.pth,False
0.8908947951679383,0.8032554452783727,0.9583238988252929,0.8323307574836515,0.8011218509389434,0.17939470510112365,8,302.7639344439823,19.20146102396442,2,1,1,0.5,1,0.5,0,cju3x4blzieu30850x10uuvbm,kvasir-seg,unet,polypseg/runs_repeat/unet_seed42_fold0rep3/best.pth,False
0.952882758618061,0.9100057958748616,0.9321064277568563,0.9746063991819051,0.7158055374478275,0.4700681534033786,4,7.0710678118654755,0.8653005854655509,1,1,1,1.0,1,1.0,0,cju3x9lttikfb0818a0g104zn,kvasir-seg,unet,polypseg/runs_repeat/unet_seed42_fold0rep3/best.pth,False
0.9638285527786163,0.9301825053790439,0.957733537517417,0.9700016422440925,0.6185942212877404,0.40013482137140327,4,14.845819609901481,1.8195975322154454,1,1,1,1.0,1,1.0,0,cju40r6jrksyk0871wg98zgho,kvasir-seg,unet,polypseg/runs_repeat/unet_seed42_fold0rep3/best.pth,False
0.9738630186605955,0.9490575199710897,0.9500640770650489,0.9988849138084891,0.8310499033295953,0.6620893762616038,4,6.324555320336759,0.8390439908599162,1,1,1,1.0,1,1.0,0,cju41kd7yl4nm0850gil5qqwh,kvasir-seg,unet,polypseg/runs_repeat/unet_seed42_fold0rep3/best.pth,False
0.9600519316339161,0.9231729553018001,0.9899246107218524,0.9319293590897406,0.6782501180960663,0.5393315566657398,4,16.278820596099706,2.0465950229703433,1,1,1,1.0,1,1.0,0,cju41r6v2lcww0871ps8k8pf5,kvasir-seg,unet,polypseg/runs_repeat/unet_seed42_fold0rep3/best.pth,False
0.948020070810548,0.901176956428242,0.9846584243254911,0.9140104712003602,0.7024235693114658,0.4761937279623922,4,16.76305461424021,2.096094292408786,1,1,1,1.0,1,1.0,0,cju42qet0lsq90871e50xbnuv,kvasir-seg,unet,polypseg/runs_repeat/unet_seed42_fold0rep3/best.pth,False
0.9638330038339193,0.9301907968505035,0.9379102225504495,0.9912294689763097,0.8375674849576961,0.6490095512514534,4,7.0710678118654755,0.893082150442616,1,1,1,1.0,1,1.0,0,cju43lcnum9y10755bjs7z87f,kvasir-seg,unet,polypseg/runs_repeat/unet_seed42_fold0rep3/best.pth,False
0.9355797819611189,0.8789571694578091,0.9830907944833153,0.8924493096134035,0.6996464162334002,0.5207103789127484,4,38.00986443272262,4.779134288422689,1,1,1,1.0,1,1.0,0,cju45jpvfn6c809873pv1i34s,kvasir-seg,unet,polypseg/runs_repeat/unet_seed42_fold0rep3/best.pth,False
0.9876434798955848,0.9755885997491462,0.9856342524459778,0.9896609157443522,0.9621849826784965,0.8644943210843407,4,3.605551275463989,0.4412184570412105,1,1,1,1.0,1,1.0,0,cju45n0oxn5vu08500yfrt9jn,kvasir-seg,unet,polypseg/runs_repeat/unet_seed42_fold0rep3/best.pth,False
0.7962034000715021,0.661410241662748,0.9960629921252,0.6631438786312169,0.398039457185343,0.27149459175563384,4,166.33445155178507,20.354676569404837,1,1,1,1.0,1,1.0,0,cju45ofd9ne1j0801ri8dup7t,kvasir-seg,unet,polypseg/runs_repeat/unet_seed42_fold0rep3/best.pth,False
0.9558308900010294,0.915398550721321,0.9932381963242787,0.9211389820587679,0.6619441985799179,0.3609369091436457,4,10.63014581273465,1.3010093184826808,1,1,1,1.0,1,1.0,0,cju45qbf3n9sa0987oonbkly9,kvasir-seg,unet,polypseg/runs_repeat/unet_seed42_fold0rep3/best.pth,False
0.8812673832953445,0.7877372753207198,0.7956226671164044,0.9875747620209435,0.36500748463442806,0.23712615563779246,4,38.11805578872182,4.6719899654276595,1,1,1,1.0,1,1.0,0,cju5b9oyda4yr0850g9viziyv,kvasir-seg,unet,polypseg/runs_repeat/unet_seed42_fold0rep3/best.pth,False
0.9628199094419533,0.9283054295073437,0.9959709911328365,0.9318046175563631,0.7475705969471295,0.6417346675149033,4,13.892443989449804,1.742026979015037,1,1,1,1.0,1,1.0,0,cju5bbtwsa8cl0987wgfsqpao,kvasir-seg,unet,polypseg/runs_repeat/unet_seed42_fold0rep3/best.pth,False
0.9661356611511733,0.9344897825056361,0.9426033934221149,0.9908729882220063,0.8455753425585546,0.6646503154959331,4,16.893374576408085,2.0656354076874166,1,1,1,1.0,1,1.0,0,cju5bf6hxa6m50817rbwettgu,kvasir-seg,unet,polypseg/runs_repeat/unet_seed42_fold0rep3/best.pth,False
0.6847278943861185,0.520597898688449,0.9552802438023211,0.533602250017516,0.3096728092793649,0.2597381966091501,4,80.45495634204272,9.685694703332684,1,3,1,1.0,1,1.0,2,cju5ca9hcatkc0801jzwe7tfx,kvasir-seg,unet,polypseg/runs_repeat/unet_seed42_fold0rep3/best.pth,False
0.9405804749315552,0.8878262602067751,0.8920920920876272,0.9946428571373066,0.6941500329871447,0.4998910887056428,4,14.212670403551895,1.7419947616261078,1,1,1,1.0,1,1.0,0,cju5cky5xb0ay0801oxet697t,kvasir-seg,unet,polypseg/runs_repeat/unet_seed42_fold0rep3/best.pth,False
0.9440579958184427,0.8940434153390517,0.9928515409030807,0.8998357007179065,0.515049314127903,0.368567976929481,4,29.410882339705484,3.6566305765233325,1,2,1,1.0,1,1.0,1,cju5eftctcdbj08712gdp989f,kvasir-seg,unet,polypseg/runs_repeat/unet_seed42_fold0rep3/best.pth,False
0.9388609407686651,0.8847671119077972,0.885809312635512,0.9986719787477593,0.38676073272078926,0.27129803218375376,4,10.63014581273465,1.3127438931513957,1,1,1,1.0,1,1.0,0,cju5f26ebcuai0818xlwh6116,kvasir-seg,unet,polypseg/runs_repeat/unet_seed42_fold0rep3/best.pth,False
0.20179206371753408,0.11221842571483134,0.11222730220988084,0.9992956754331696,0.18860969785803003,0.1514359928716634,4,273.04220730955484,32.844605722790135,1,1,0,0.0,0,0.0,1,cju5fi0yxd3ei0801v7u0yudn,kvasir-seg,unet,polypseg/runs_repeat/unet_seed42_fold0rep3/best.pth,False
0.974348007157599,0.949979148831347,0.9616085314353219,0.9874295621997412,0.7071624785454256,0.559503979932098,4,8.48528137423857,1.038360702558661,1,1,1,1.0,1,1.0,0,cju5ft6mcd5q40987rhjgbrr6,kvasir-seg,unet,polypseg/runs_repeat/unet_seed42_fold0rep3/best.pth,False
0.9816350050178616,0.9639323914851168,0.9893774472132391,0.9740127999391837,0.8797378260342816,0.6972857478658565,4,6.078624403783312,0.7438533182488665,1,1,1,1.0,1,1.0,0,cju5hjxaae3i40850h5z2laf5,kvasir-seg,unet,polypseg/runs_repeat/unet_seed42_fold0rep3/best.pth,False
0.9548483601952397,0.9135979161584726,0.9245007024187517,0.98725602400169,0.7664123833269021,0.5772825080073852,4,101.5216072903442,12.762100528675255,1,2,1,1.0,1,1.0,1,cju5hqz50e7o90850e0prlpa0,kvasir-seg,unet,polypseg/runs_repeat/unet_seed42_fold0rep3/best.pth,False
0.9734002509395022,0.9481789293542282,0.9683579853929715,0.9784953017563899,0.7976878112770922,0.6086759355825583,4,6.082762530298219,0.8115386750005457,1,1,1,1.0,1,1.0,0,cju5hwonqedw10801vsd3w6kk,kvasir-seg,unet,polypseg/runs_repeat/unet_seed42_fold0rep3/best.pth,False
0.8182053941855666,0.6923414527025198,0.6923414527025198,0.9999999999841521,0.20631201000398205,0.020857425151805394,4,27.459060435491963,3.365556090419687,1,1,1,1.0,1,1.0,0,cju5k7r0yf98c09878csbxb4d,kvasir-seg,unet,polypseg/runs_repeat/unet_seed42_fold0rep3/best.pth,False
0.9375228018928423,0.8823933384764151,0.9877955025851644,0.8921194237034185,0.7254305027474329,0.6223654109212144,4,15.811388300841896,2.0238171877122513,1,1,1,1.0,1,1.0,0,cju5klveuff6w0871wbibgh3m,kvasir-seg,unet,polypseg/runs_repeat/unet_seed42_fold0rep3/best.pth,False
0.9541958177072621,0.9124039030092223,0.915449084024954,0.9963674523652214,0.8198171130849101,0.5524213916523033,4,10.63014581273465,1.3645661932244642,1,1,1,1.0,1,1.0,0,cju5u4pywk81x0817vn9pe14z,kvasir-seg,unet,polypseg/runs_repeat/unet_seed42_fold0rep3/best.pth,False
0.9430165529629502,0.8921772196210137,0.903203748256545,0.9865010649747268,0.6245662519722114,0.4550057515561018,4,25.623229807153052,3.084692261472642,1,1,1,1.0,1,1.0,0,cju5vxuc5loxw0818u8xgf45p,kvasir-seg,unet,polypseg/runs_repeat/unet_seed42_fold0rep3/best.pth,False
0.981118172604522,0.9629361779005428,0.9688921229702935,0.9936567164117309,0.9907989678093039,0.8403018548760128,4,3.0,0.37709754659248795,1,1,1,1.0,1,1.0,0,cju5vzjoslpj708186z2fusmz,kvasir-seg,unet,polypseg/runs_repeat/unet_seed42_fold0rep3/best.pth,False
0.955308431817166,0.9144406453656522,0.9599562547293683,0.9507053987976263,0.7102781360447974,0.5201741741376009,4,21.330035751665452,2.5658180148031393,1,1,1,1.0,1,1.0,0,cju5wcc90lu020850mjrxppv6,kvasir-seg,unet,polypseg/runs_repeat/unet_seed42_fold0rep3/best.pth,False
0.9654500539265667,0.9332077756041353,0.9702776417863467,0.9606702672693486,0.9108009042358327,0.5784588319415246,4,4.47213595499958,0.5481332631862149,1,1,1,1.0,1,1.0,0,cju5wqonpm0e60801z88ewmy1,kvasir-seg,unet,polypseg/runs_repeat/unet_seed42_fold0rep3/best.pth,False
0.9449359604494239,0.8956195311631856,0.9131033343403918,0.9790682569645162,0.5370067086552134,0.3318393236266777,4,49.26732433046488,6.253225795993277,1,1,1,1.0,1,1.0,0,cju5xopi0md7q0871r1sjc1av,kvasir-seg,unet,polypseg/runs_repeat/unet_seed42_fold0rep3/best.pth,False
0.7360308285122066,0.5823170731655101,0.9465092551968152,0.602132591556772,0.556954660881059,0.416829697789153,4,69.35416353759881,8.918418159157078,1,1,1,1.0,1,1.0,0,cju5xq3tdm9fn0987pbedxdg5,kvasir-seg,unet,polypseg/runs_repeat/unet_seed42_fold0rep3/best.pth,False
0.430450270556237,0.27425080102991417,0.9432769704449069,0.2788495320829812,0.407085804943148,0.2795728937817097,4,150.00166664814856,19.255352357460517,2,2,1,0.5,1,0.5,1,cju5yeqiwmkgl0801fzv2douc,kvasir-seg,unet,polypseg/runs_repeat/unet_seed42_fold0rep3/best.pth,False
0.912910755965087,0.8397753551278517,0.9502803738199342,0.878369039381728,0.7434072334067805,0.5508828234224343,4,15.620499351813308,2.0124680873109404,1,1,1,1.0,1,1.0,0,cju5yhgznmkzb0801cji2vi8j,kvasir-seg,unet,polypseg/runs_repeat/unet_seed42_fold0rep3/best.pth,False
0.9739985070882868,0.9493149023829919,0.9810776942294418,0.96702075098217,0.9383076492918271,0.687162868716405,4,4.123105625617661,0.5207519057375887,1,1,1,1.0,1,1.0,0,cju5yimthmlv80850zhoc90c2,kvasir-seg,unet,polypseg/runs_repeat/unet_seed42_fold0rep3/best.pth,False
0.9402566883543915,0.8872494669433922,0.9580954135111613,0.9230700975960685,0.7509137133290614,0.38661675554737773,4,7.0,0.8579642660492116,1,1,1,1.0,1,1.0,0,cju5ymyd8mmdc0801ry3by1xr,kvasir-seg,unet,polypseg/runs_repeat/unet_seed42_fold0rep3/best.pth,False
0.9664038913108299,0.9349918050063531,0.9594677857138774,0.9734410109970206,0.5520115085187473,0.3222643992417072,4,10.0,1.2038655098084126,1,1,1,1.0,1,1.0,0,cju6uy20suzbl0987rzuhz7z9,kvasir-seg,unet,polypseg/runs_repeat/unet_seed42_fold0rep3/best.pth,False
0.9883601320984795,0.9769881194467642,0.9877621689676663,0.9889588196466143,0.9359613969864576,0.7789425555208161,4,5.0,0.6014565668514644,1,1,1,1.0,1,1.0,0,cju6uzxk0v83p0801rcwnexdu,kvasir-seg,unet,polypseg/runs_repeat/unet_seed42_fold0rep3/best.pth,False
0.9592111916372852,0.9216194331934056,0.9799116110831664,0.9393672627183528,0.8939366247908382,0.6941317325453561,4,6.0,0.7745159946936166,2,2,2,1.0,2,1.0,0,cju6v1m1xv07w09870ah3njy1,kvasir-seg,unet,polypseg/runs_repeat/unet_seed42_fold0rep3/best.pth,False
0.9405375903930406,0.887749845454132,0.9040262295058255,0.9801222806740221,0.6622657467740245,0.5570605246019231,4,28.0,3.553433976781603,1,1,1,1.0,1,1.0,0,cju6vqarjv7yo0987q4b1btk1,kvasir-seg,unet,polypseg/runs_repeat/unet_seed42_fold0rep3/best.pth,False
0.8640765891031494,0.7606820854417742,0.9369869627972722,0.801693864887385,0.7994397444989721,0.484768162780234,4,32.76801717373602,4.077832554824906,1,1,1,1.0,1,1.0,0,cju6vvb8svhed0801jjcquh5e,kvasir-seg,unet,polypseg/runs_repeat/unet_seed42_fold0rep3/best.pth,False
0.9763481982267378,0.9537893613193658,0.9836253554674634,0.9691779274146103,0.9327581444983977,0.6578273246750819,4,4.242640687119285,0.5432033451530689,1,1,1,1.0,1,1.0,0,cju6vvxsev9y30987kespucdg,kvasir-seg,unet,polypseg/runs_repeat/unet_seed42_fold0rep3/best.pth,False
0.9808311995265071,0.9623834629463004,0.972411422856695,0.9893980576335742,0.8928926819532437,0.6133061573995366,4,6.708203932499369,0.8888094969964886,1,1,1,1.0,1,1.0,0,cju6wll7wvo3y08502pagos8m,kvasir-seg,unet,polypseg/runs_repeat/unet_seed42_fold0rep3/best.pth,False
0.9635207590594815,0.929609316810983,0.9401251728989165,0.9881104889655145,0.7544936802575196,0.5194669806086875,4,116.24005212897906,14.249106730210586,1,3,1,1.0,1,1.0,2,cju6x4t13vyw60755gtcf9ndu,kvasir-seg,unet,polypseg/runs_repeat/unet_seed42_fold0rep3/best.pth,False
0.959847844461385,0.9227956115366156,0.9952589641394611,0.9268699910918415,0.663416446436245,0.43517265049486675,4,6.708203932499369,0.8069386613961127,1,1,1,1.0,1,1.0,0,cju6x97w4vwua0850x0997r0a,kvasir-seg,unet,polypseg/runs_repeat/unet_seed42_fold0rep3/best.pth,False
0.8950098621752166,0.8099709052038047,0.8214637891703829,0.983020159618622,0.17926217322798468,0.053235780207188485,4,65.79437661990494,8.074996604552585,1,1,1,1.0,1,1.0,0,cju6xifswvwbo0987nibtdr50,kvasir-seg,unet,polypseg/runs_repeat/unet_seed42_fold0rep3/best.pth,False
0.984253946981674,0.9689960832798,0.9951308324138471,0.9736122618041143,0.9596604680065448,0.6860341133157477,4,4.0,0.4902652948852638,1,1,1,1.0,1,1.0,0,cju6ywm40wdbo0987pbftsvtg,kvasir-seg,unet,polypseg/runs_repeat/unet_seed42_fold0rep3/best.pth,False
0.9487683825393142,0.9025302956841443,0.9908678715094815,0.9101004966157469,0.6285489106092886,0.47940735670240947,4,94.72571909272304,11.610183151053132,2,1,1,0.5,1,0.5,0,cju6z9a9kwsl007552s49rx6i,kvasir-seg,unet,polypseg/runs_repeat/unet_seed42_fold0rep3/best.pth,False
0.9684628216634569,0.9388540151555178,0.9483278561744668,0.9894713487545342,0.6688250709259217,0.5411584316784127,3,15.132745950421556,2.431874136893907,1,1,1,1.0,1,1.0,0,cju76l27oyrw907551ri2a7fl,kvasir-seg,unet,polypseg/runs_repeat/unet_seed42_fold0rep3/best.pth,False
0.9709541408542737,0.9435479791545169,0.9711057892494215,0.9708025398096658,0.853142470831535,0.6639400857295106,4,5.385164807134504,0.6589932927276836,1,1,1,1.0,1,1.0,0,cju774fmayxif0818u2g79usw,kvasir-seg,unet,polypseg/runs_repeat/unet_seed42_fold0rep3/best.pth,False
0.9563334536230148,0.9163208851935122,0.9826946847879464,0.9313495782495208,0.763999189708116,0.5963467595604812,4,7.211102550927978,0.9256108438315114,1,1,1,1.0,1,1.0,0,cju77b3wyz4160755qis4ljsb,kvasir-seg,unet,polypseg/runs_repeat/unet_seed42_fold0rep3/best.pth,False
0.9757630456178407,0.9526731499415981,0.9713160946749027,0.9802509025552163,0.769262670738404,0.5604573680861783,4,13.101402705563627,1.6315569994475252,1,1,1,1.0,1,1.0,0,cju77idwfz36d0871tzfzz51i,kvasir-seg,unet,polypseg/runs_repeat/unet_seed42_fold0rep3/best.pth,False
0.7817777291447244,0.6417365269441864,0.9676749435622226,0.6557948843450746,0.5881477012962191,0.41303208595249935,4,69.72577429784042,8.658761315861856,1,2,1,1.0,0,0.0,1,cju77q10sz9ug0801449wu1nu,kvasir-seg,unet,polypseg/runs_repeat/unet_seed42_fold0rep3/best.pth,False
0.8547492816365398,0.7463424977003804,0.7488299531954729,0.9955689638870766,0.4561215098695709,0.35818207047780126,3,63.631753079732135,9.211850462934123,1,1,1,1.0,1,1.0,0,cju77re6fz5bb0817vp9redjg,kvasir-seg,unet,polypseg/runs_repeat/unet_seed42_fold0rep3/best.pth,False
0.9517728438013264,0.9079833871628242,0.9129547141711863,0.9940385975447706,0.8503796677502453,0.4940871503410646,4,6.004138126514907,0.8170740831974452,1,1,1,1.0,1,1.0,0,cju7ae7bq1f820987toc8si1d,kvasir-seg,unet,polypseg/runs_repeat/unet_seed42_fold0rep3/best.pth,False
0.9641009262185752,0.9306900166434563,0.9505006612447225,0.9780960404317406,0.892951612293173,0.5976306689563885,4,5.019258240356708,0.6180747913724212,1,1,1,1.0,1,1.0,0,cju7afqon1ip40850ue2308b6,kvasir-seg,unet,polypseg/runs_repeat/unet_seed42_fold0rep3/best.pth,False
0.9670712321138324,0.9362419386313453,0.9463209876496478,0.9887518703834232,0.7899440466767246,0.5906976244244979,4,7.0,0.8559241842659908,1,1,1,1.0,1,1.0,0,cju7aifyo1p3n07552nxjx51f,kvasir-seg,unet,polypseg/runs_repeat/unet_seed42_fold0rep3/best.pth,False
0.9775997140374466,0.9561809865077173,0.9665724215086099,0.9888815234392284,0.9195850460630536,0.5640302856095254,4,4.47213595499958,0.5512901988205987,1,1,1,1.0,1,1.0,0,cju7aklv31h4309871m29l4e7,kvasir-seg,unet,polypseg/runs_repeat/unet_seed42_fold0rep3/best.pth,False
0.940099938853992,0.8869703600521703,0.8931533191743394,0.9922556524791158,0.5521279272911757,0.35609565895369716,4,33.817130022475006,4.20445569167802,1,2,1,1.0,1,1.0,1,cju7azuu31mia0801pf9ib5ed,kvasir-seg,unet,polypseg/runs_repeat/unet_seed42_fold0rep3/best.pth,False
0.9450298246223792,0.895788190679524,0.8971854866025867,0.9982644129150382,0.5814191837454226,0.35675137485714664,4,21.735445014085307,2.7927487274226475,1,1,1,1.0,1,1.0,0,cju7b2l561oas0871decgslaf,kvasir-seg,unet,polypseg/runs_repeat/unet_seed42_fold0rep3/best.pth,False
0.9829781782457334,0.9665261425268034,0.9798399455116978,0.9861365778408258,0.893524558533875,0.6260646859455258,4,5.466671639841854,0.6904454876929847,1,1,1,1.0,1,1.0,0,cju7bgnvb1sf808717qa799ir,kvasir-seg,unet,polypseg/runs_repeat/unet_seed42_fold0rep3/best.pth,False
0.9770939164146472,0.9552137113016955,0.9741057885198668,0.9801004332404686,0.6908839690565498,0.49711299402523346,4,17.911724276862248,2.3012974743693464,1,1,1,1.0,1,1.0,0,cju7cl8zm1xcu0817ado0jpas,kvasir-seg,unet,polypseg/runs_repeat/unet_seed42_fold0rep3/best.pth,False
0.9573642004409496,0.9182153546289475,0.9740465906118283,0.941243623128175,0.6987559220314501,0.3547522927049635,4,11.016681160000791,1.3616903872507455,1,1,1,1.0,1,1.0,0,cju7cue9b232j0801qdzk1ykj,kvasir-seg,unet,polypseg/runs_repeat/unet_seed42_fold0rep3/best.pth,False
0.9687928629201482,0.9394745517991206,0.9578334898049795,0.9800059294385057,0.7066970640263618,0.41166581165066335,4,36.6742416417845,4.703364514660811,1,1,1,1.0,1,1.0,0,cju7d1tvt25bu08019dvw3uff,kvasir-seg,unet,polypseg/runs_repeat/unet_seed42_fold0rep3/best.pth,False
0.629086836478251,0.4588816076885462,0.9859390253041489,0.46190446873777546,0.5496919542298311,0.40815127294895875,4,272.89135899999474,35.26157856212911,1,1,1,1.0,0,0.0,0,cju7d5m0p23kn09871rk7pu3v,kvasir-seg,unet,polypseg/runs_repeat/unet_seed42_fold0rep3/best.pth,False
0.9720718318502011,0.9456612455711418,0.9815048930070199,0.9628183634546016,0.757496165382845,0.4393557937056963,4,6.324555320336759,0.8469954460226476,1,1,1,1.0,1,1.0,0,cju7d7tly27h408016fyp5nr7,kvasir-seg,unet,polypseg/runs_repeat/unet_seed42_fold0rep3/best.pth,False
0.9832163229481714,0.9669867299591336,0.9906852893880721,0.9758591337388393,0.7788379655869216,0.4980158230166654,4,7.211102550927978,0.8681197648753656,1,1,1,1.0,1,1.0,0,cju7dbppn28nx085097654msi,kvasir-seg,unet,polypseg/runs_repeat/unet_seed42_fold0rep3/best.pth,False
0.7868411642703377,0.64858874295474,0.6612893531588776,0.9712399145478166,0.2259198408807523,0.11649996979175564,4,157.78051335829784,19.338577477188547,1,1,1,1.0,1,1.0,0,cju7ddtz729960801uazp1knc,kvasir-seg,unet,polypseg/runs_repeat/unet_seed42_fold0rep3/best.pth,False
0.916969521385302,0.8466700979257719,0.9765663445833288,0.864228339162417,0.41320147891292386,0.21607234575904577,4,96.46649221789839,12.57083686778956,1,1,1,1.0,1,1.0,0,cju7dhpsc2dnn0818025m6857,kvasir-seg,unet,polypseg/runs_repeat/unet_seed42_fold0rep3/best.pth,False
0.40655270188287207,0.25514035033557037,0.255205975554287,0.9989931534393919,0.27276673557229747,0.16847791716446014,4,289.13940573532864,35.41065124705111,1,1,1,1.0,0,0.0,0,cju7dizi82h2i0755doucgnt3,kvasir-seg,unet,polypseg/runs_repeat/unet_seed42_fold0rep3/best.pth,False
0.8308554367147981,0.7106524400884707,0.9729393170124386,0.7249821556005532,0.630463684004619,0.4218091021215298,4,124.32618388738553,15.426640329676017,3,1,1,0.3333333333333333,1,0.3333333333333333,0,cju7dmlgf2ebw0871ieqas5fh,kvasir-seg,unet,polypseg/runs_repeat/unet_seed42_fold0rep3/best.pth,False
0.9748949925459712,0.9510196374586442,0.976501609209444,0.9732936538572571,0.8987055052017743,0.7516336052374516,4,7.052924617897146,0.8943127268770457,1,1,1,1.0,1,1.0,0,cju7dsrtb2f8i085064kwugfk,kvasir-seg,unet,polypseg/runs_repeat/unet_seed42_fold0rep3/best.pth,False
0.9637309740030754,0.9300007525323213,0.9840671193402556,0.9442183202282776,0.5203934312668981,0.3799918575529375,4,113.96755027087598,13.946435050160671,1,1,1,1.0,1,1.0,0,cju7ebe962hr409872ovibahw,kvasir-seg,unet,polypseg/runs_repeat/unet_seed42_fold0rep3/best.pth,False
0.9375553315506256,0.8824509731118296,0.9585693289351891,0.9174429176737194,0.48311283821720086,0.3124873908171871,4,52.480470691078466,6.427237547219603,1,1,1,1.0,1,1.0,0,cju7emdni2py40871ivhxjtut,kvasir-seg,unet,polypseg/runs_repeat/unet_seed42_fold0rep3/best.pth,False
0.8335150789237679,0.7145528106396293,0.7160672052071257,0.9970490120562951,0.36038658041319716,0.3354802676537751,4,55.02726596879042,6.744489694229719,1,1,1,1.0,1,1.0,0,cju7epwj82koz098713apjnzo,kvasir-seg,unet,polypseg/runs_repeat/unet_seed42_fold0rep3/best.pth,False
0.9177696717008241,0.8480354391316896,0.8846102330505986,0.9535118746773008,0.5991183959255545,0.4901622894793434,4,14.303460465237853,1.7219442725008043,2,2,2,1.0,2,1.0,0,cju7et17a2vjk0755e743npl1,kvasir-seg,unet,polypseg/runs_repeat/unet_seed42_fold0rep3/best.pth,False
0.9159476943041958,0.8449294277514499,0.849156874145246,0.9941424183880662,0.5081619202033298,0.2874878502408094,4,51.49269943409762,6.3012637062762735,1,1,1,1.0,1,1.0,0,cju7ev2b12owa08500bpfpwyw,kvasir-seg,unet,polypseg/runs_repeat/unet_seed42_fold0rep3/best.pth,False
0.9344815115285687,0.8770204568380175,0.9325036089101747,0.9364678225086331,0.4885400702622361,0.32668465642012773,4,51.15662224971465,6.968739281423342,1,1,1,1.0,1,1.0,0,cju7evxt12m730987rxivne3x,kvasir-seg,unet,polypseg/runs_repeat/unet_seed42_fold0rep3/best.pth,False
0.9853453705637357,0.971114053962566,0.9896255060707877,0.9811020988356445,0.8702602785638485,0.7814338091434048,4,5.839404300103028,0.7024296125595291,1,1,1,1.0,1,1.0,0,cju7f4sc62xqj075597xpmuoy,kvasir-seg,unet,polypseg/runs_repeat/unet_seed42_fold0rep3/best.pth,False
0.985365496520884,0.9711531523342933,0.9808202539842694,0.9899530616189546,0.8581360549743108,0.3157392443121362,8,13.601470508735444,0.8587738499824001,1,1,1,1.0,1,1.0,0,cju7f5ghb2r5s0801chwkxxh9,kvasir-seg,unet,polypseg/runs_repeat/unet_seed42_fold0rep3/best.pth,False
0.935400798759373,0.878641274264819,0.88943534831416,0.9863760845028274,0.6277205721577123,0.427665130086795,4,26.973890311420448,3.2472936211274375,1,1,1,1.0,1,1.0,0,cju7f6cqy2ur20818t1saazbm,kvasir-seg,unet,polypseg/runs_repeat/unet_seed42_fold0rep3/best.pth,False
0.9612327909872321,0.9253591975634045,0.9410917779655034,0.9822547640331811,0.7212009840686466,0.5660327886285356,4,12.91227766016838,1.5830480409178842,1,1,1,1.0,1,1.0,0,cju7fcgbe2z3p07550vaflqdb,kvasir-seg,unet,polypseg/runs_repeat/unet_seed42_fold0rep3/best.pth,False
0.9146966641553369,0.8428027759109875,0.8685861941662536,0.965977318210489,0.5137588430117394,0.2224652883280864,4,76.55063683601855,9.386380414520385,1,1,1,1.0,1,1.0,0,cju7frtqu2xa20818wq8r9fzf,kvasir-seg,unet,polypseg/runs_repeat/unet_seed42_fold0rep3/best.pth,False
0.9383054047630951,0.8837808998676526,0.8889187013604425,0.9935025989504846,0.8144924910084135,0.663758209006379,4,12.71928851253881,1.5577201885806575,1,1,1,1.0,1,1.0,0,cju83ipu3jwpx0801z5pvguf8,kvasir-seg,unet,polypseg/runs_repeat/unet_seed42_fold0rep3/best.pth,False
0.961910567198134,0.9266162787168339,0.9296676737132034,0.9964703215537176,0.6612115181714742,0.45195958331962444,4,11.31265594254035,1.3878470172921105,1,1,1,1.0,1,1.0,0,cju83nwu1jxte0987h1krpfmv,kvasir-seg,unet,polypseg/runs_repeat/unet_seed42_fold0rep3/best.pth,False
0.9608507036275511,0.9246512575062802,0.9436766081230951,0.9786614936919256,0.6660350139775973,0.3985893698124499,4,8.94427190999916,1.147999515257307,1,1,1,1.0,1,1.0,0,cju83rcnzkbsj0755x5anfrcg,kvasir-seg,unet,polypseg/runs_repeat/unet_seed42_fold0rep3/best.pth,False
0.9834021909679016,0.9673463608033915,0.9702590614693688,0.9969062837453454,0.8104006320132531,0.5166168690455397,4,6.0,0.7223193058850476,1,1,1,1.0,1,1.0,0,cju8432cmkgq90871cxe4iptl,kvasir-seg,unet,polypseg/runs_repeat/unet_seed42_fold0rep3/best.pth,False
0.9819022866520853,0.9644479835075908,0.9680756029857159,0.9961296565021958,0.9398139863030264,0.8917950008710991,4,5.0,0.6123456461597834,1,1,1,1.0,1,1.0,0,cju84hibuktj80871u519o71q,kvasir-seg,unet,polypseg/runs_repeat/unet_seed42_fold0rep3/best.pth,False
0.9666776022859742,0.9355043541343081,0.9487144105585099,0.9853341613696428,0.6535160487691971,0.40189972437526783,4,9.03600033978932,1.105599311765549,1,1,1,1.0,1,1.0,0,cju857ad0l88m0817qx4cwxnf,kvasir-seg,unet,polypseg/runs_repeat/unet_seed42_fold0rep3/best.pth,False
0.9656719163440692,0.9336224468843679,0.9345557624877648,0.9989314675473536,0.4467179680714775,0.16319980693732802,4,16.1245154965971,2.071676976162604,1,1,1,1.0,1,1.0,0,cju858eswlepn0871pzvdrhj1,kvasir-seg,unet,polypseg/runs_repeat/unet_seed42_fold0rep3/best.pth,False
0.9751219006100734,0.951451593307076,0.9744950856344109,0.9757495224608598,0.8554922105024725,0.6619235973900143,4,5.385164807134504,0.6600398530438856,1,1,1,1.0,1,1.0,0,cju85ia1slh220987y7c20sm2,kvasir-seg,unet,polypseg/runs_repeat/unet_seed42_fold0rep3/best.pth,False
0.9624672728329283,0.9276500370845115,0.9743915451434134,0.9508313225118983,0.6647608851678074,0.4366242347085457,4,142.50256917986866,17.327656766105672,1,2,1,1.0,1,1.0,1,cju85mpuglq8k0818d2it6hzb,kvasir-seg,unet,polypseg/runs_repeat/unet_seed42_fold0rep3/best.pth,False
0.9505345596546433,0.9057321214330245,0.9839842714489441,0.919284269615595,0.42046589926483263,0.206447611545253,4,35.36523459763068,4.434129612397177,1,1,1,1.0,1,1.0,0,cju85plp7lmkw0850rx42jdpf,kvasir-seg,unet,polypseg/runs_repeat/unet_seed42_fold0rep3/best.pth,False
0.9599978722268205,0.9230729885931469,0.9866870779904079,0.9347144891873325,0.7343565090045124,0.5861816500899211,4,74.57712088870812,9.590050766468154,1,1,1,1.0,1,1.0,0,cju85qefyln6v0850szeb9byi,kvasir-seg,unet,polypseg/runs_repeat/unet_seed42_fold0rep3/best.pth,False
0.30463085185224614,0.1796840836611102,0.18408400533208322,0.8825963956366167,0.1942475333125805,0.05728601383711837,4,236.5010505760736,29.79205230442362,2,2,0,0.0,0,0.0,2,cju87kbcen2av0987usezo8kn,kvasir-seg,unet,polypseg/runs_repeat/unet_seed42_fold0rep3/best.pth,False
0.9481683576980802,0.9014449837457125,0.9817888623483131,0.9167742227646256,0.5997843871261297,0.46336437129629965,4,55.85154723760247,6.723775138878494,1,1,1,1.0,1,1.0,0,cju87q6yoneim0871dl4phvkd,kvasir-seg,unet,polypseg/runs_repeat/unet_seed42_fold0rep3/best.pth,False
0.8898203626078423,0.8015102535100126,0.9912061389931363,0.807250532978783,0.32848160580849234,0.1756421486989371,4,85.07937059025753,11.076052695761943,1,1,1,1.0,1,1.0,0,cju87vqa0ndwg0850onjdz7ol,kvasir-seg,unet,polypseg/runs_repeat/unet_seed42_fold0rep3/best.pth,False
0.8871693235666633,0.7972186086836442,0.8138042241039367,0.9750729249517462,0.601554963674425,0.3925885061470987,4,55.154328932550705,6.86370850174434,1,1,1,1.0,1,1.0,0,cju87xn2snfmv0987sc3d9xnq,kvasir-seg,unet,polypseg/runs_repeat/unet_seed42_fold0rep3/best.pth,False
0.8955171812308421,0.8108022741619573,0.8122800799928964,0.9977611592204515,0.3327081336987395,0.19626945688323014,4,55.684045623176,7.154283505849652,1,1,1,1.0,1,1.0,0,cju88itqbny720987hxizbj5y,kvasir-seg,unet,polypseg/runs_repeat/unet_seed42_fold0rep3/best.pth,False
0.9674777448013799,0.937004253351684,0.9710507505245287,0.9639309366016564,0.9680919963944012,0.7659573968110288,4,3.605551275463989,0.4416296688743806,1,1,1,1.0,1,1.0,0,cju88nroho44508500129f1nh,kvasir-seg,unet,polypseg/runs_repeat/unet_seed42_fold0rep3/best.pth,False
0.9642270134343796,0.9309250443299643,0.9357290298279627,0.9945153569904814,0.9470663552664607,0.6919150794757053,4,4.123105625617661,0.5264959802495064,1,1,1,1.0,1,1.0,0,cju88vx2uoocy075531lc63n3,kvasir-seg,unet,polypseg/runs_repeat/unet_seed42_fold0rep3/best.pth,False
0.9602473301273957,0.9235343730784072,0.9653265993761886,0.9552212323949616,0.5320957173205789,0.360414280896493,4,33.009846224984926,4.309375730536881,1,2,1,1.0,1,1.0,1,cju8a84g0q76m0818hwiggkod,kvasir-seg,unet,polypseg/runs_repeat/unet_seed42_fold0rep3/best.pth,False
0.9824665515739878,0.9655373522057008,0.9772733370871843,0.9877152542346096,0.860772393910103,0.653022430087748,4,7.1964930583145055,0.8656756016448475,1,1,1,1.0,1,1.0,0,cju8abobpqbir08189u01huru,kvasir-seg,unet,polypseg/runs_repeat/unet_seed42_fold0rep3/best.pth,False
0.9756905032137351,0.9525348600934872,0.9775398028763383,0.9738481873065811,0.9764096214112914,0.6577611933942176,4,3.9802775637731727,0.4952111070084838,1,1,1,1.0,1,1.0,0,cju8aeei7q8k308173n9y4klv,kvasir-seg,unet,polypseg/runs_repeat/unet_seed42_fold0rep3/best.pth,False
0.9730560234545991,0.9475259076234335,0.954601396666038,0.9922382567685387,0.6627133401461727,0.36494289344715103,4,10.198039027185569,1.2469640336366494,1,1,1,1.0,1,1.0,0,cju8aj01yqeqm0850lhdz3xdw,kvasir-seg,unet,polypseg/runs_repeat/unet_seed42_fold0rep3/best.pth,False
0.7311454717571279,0.5762248196959415,0.5815895762492509,0.9842440625584393,0.41621320483772695,0.2253863855524404,4,139.17614738165446,17.5979433575956,1,1,1,1.0,1,1.0,0,cju8b2rmgr52s0801p54eyflx,kvasir-seg,unet,polypseg/runs_repeat/unet_seed42_fold0rep3/best.pth,False
0.915129484253764,0.8435379807739409,0.8601041919059121,0.977676481117997,0.5454321335673555,0.4126227548111374,4,74.73285756613352,9.143934571091048,1,1,1,1.0,1,1.0,0,cju8b4ja9r2s808509d45ma86,kvasir-seg,unet,polypseg/runs_repeat/unet_seed42_fold0rep3/best.pth,False
0.8993495378218131,0.817107309474073,0.997910731225111,0.8185075556812821,0.5055369251909884,0.3303473063272448,4,9.0,1.100473951199131,1,1,1,1.0,1,1.0,0,cju8b542nr81x0871uxnkm9ih,kvasir-seg,unet,polypseg/runs_repeat/unet_seed42_fold0rep3/best.pth,False
0.9023570668042832,0.8220861625529976,0.8337424863257155,0.9832779835643299,0.4798908870980442,0.3035948189415366,4,227.5664410864716,27.395938961385124,1,2,1,1.0,1,1.0,1,cju8b6rp0r5st0850184f79xt,kvasir-seg,unet,polypseg/runs_repeat/unet_seed42_fold0rep3/best.pth,False
0.9633628017640116,0.929315293145311,0.9453620286874761,0.982062391672599,0.908167430926903,0.6817924295031902,4,6.708203932499369,0.8208962132244993,1,1,1,1.0,1,1.0,0,cju8b7aqtr4a00987coba14b7,kvasir-seg,unet,polypseg/runs_repeat/unet_seed42_fold0rep3/best.pth,False
0.9671377490199746,0.9363666336941945,0.954678478207398,0.9799265258053138,0.6211775680659674,0.39958066638536155,4,11.661903789690601,1.554421788614953,1,1,1,1.0,1,1.0,0,cju8bafgqrf4x0818twisk3ea,kvasir-seg,unet,polypseg/runs_repeat/unet_seed42_fold0rep3/best.pth,False
0.969576410014491,0.9409493527104968,0.9628912302410796,0.9763550667675712,0.7236784622920764,0.5023669051054891,3,6.0,0.8744367693312924,1,1,1,1.0,1,1.0,0,cju8bff9nrfi10850fmfzbf8v,kvasir-seg,unet,polypseg/runs_repeat/unet_seed42_fold0rep3/best.pth,False
0.9167943372955267,0.8463714406796377,0.8491332852091397,0.9961717825560936,0.7568474472952518,0.5677289785922038,4,126.69193732060384,16.497996379762885,1,1,1,1.0,1,1.0,0,cju8bk8oirjhw0817hgkua2w8,kvasir-seg,unet,polypseg/runs_repeat/unet_seed42_fold0rep3/best.pth,False
0.9322716260493582,0.8731355734229599,0.8838112608474894,0.9863545553884943,0.45115651672355017,0.3519417197055662,4,17.5028032009568,2.1071021098596177,1,1,1,1.0,1,1.0,0,cju8bpctzrqkr0850zeldv9kt,kvasir-seg,unet,polypseg/runs_repeat/unet_seed42_fold0rep3/best.pth,False
0.9763423613883809,0.9537782209221713,0.9691005137830303,0.9836932569389754,0.826720579723831,0.6367003643937152,4,9.080009036010734,1.1360809195190025,1,1,1,1.0,1,1.0,0,cju8bqxxurs6i0850mu7mtef9,kvasir-seg,unet,polypseg/runs_repeat/unet_seed42_fold0rep3/best.pth,False
0.9662880755063943,0.934775010919758,0.9474196904935964,0.9859232807257553,0.6214551401262739,0.2857314190632276,4,8.0,1.0259766646249222,1,1,1,1.0,1,1.0,0,cju8cbsyssiqj0871gr4jedjp,kvasir-seg,unet,polypseg/runs_repeat/unet_seed42_fold0rep3/best.pth,False
0.9908424404057478,0.9818510806222682,0.9927329838482957,0.9889590839122355,0.7085336164695191,0.5163430438493599,4,51.899999999999864,6.356147807138535,1,1,1,1.0,1,1.0,0,cju8doa16u5gh0818w1ywda3q,kvasir-seg,unet,polypseg/runs_repeat/unet_seed42_fold0rep3/best.pth,False
0.870679173176695,0.7709759286259249,0.7811282530716758,0.9834216205514672,0.6846105636285106,0.391237700664818,5,33.97057550292606,3.6842448401478394,1,1,1,1.0,1,1.0,0,cjyzkpsbjdsjq07211dfi4sru,kvasir-seg,unet,polypseg/runs_repeat/unet_seed42_fold0rep3/best.pth,False
0.9515178358480533,0.9075193345016775,0.9117858308832651,0.9948703334265552,0.6479707055195433,0.2745599120045861,5,20.0,2.16908002623064,1,1,1,1.0,1,1.0,0,cjyzl833ndne80838pzuq6ila,kvasir-seg,unet,polypseg/runs_repeat/unet_seed42_fold0rep3/best.pth,False
0.8933190276758,0.8072055542797423,0.8122351361540464,0.9923871529977382,0.2977516210563903,0.0657765060914693,5,45.575479579976594,4.942843122140481,1,1,1,1.0,1,1.0,0,cjyzlw7f9faqr070129au64sq,kvasir-seg,unet,polypseg/runs_repeat/unet_seed42_fold0rep3/best.pth,False
0.9071334792043139,0.8300496556009923,0.8301826337579272,0.9998070615280763,0.8257204284482399,0.2686966052635431,5,6.708203932499369,0.7275315580933107,1,1,1,1.0,1,1.0,0,cjyzuio1qgh040763k56deohv,kvasir-seg,unet,polypseg/runs_repeat/unet_seed42_fold0rep3/best.pth,False
0.9699927229132208,0.9417338542080007,0.9427133169677108,0.9988979501851468,0.8573105372959943,0.39024244920922047,5,7.0,0.759178009180724,1,1,1,1.0,1,1.0,0,cjz14qsk2wci60794un9ozwmw,kvasir-seg,unet,polypseg/runs_repeat/unet_seed42_fold0rep3/best.pth,False
0.9551516655264712,0.9141534077362018,0.9200525812564528,0.9930349542048688,0.8728044279098129,0.5872690911189723,5,11.704699910719626,1.2694215394682746,1,1,1,1.0,1,1.0,0,ck2da7fwcjfis07218r1rvm95,kvasir-seg,unet,polypseg/runs_repeat/unet_seed42_fold0rep3/best.pth,False
0.9523776026995069,0.9090848049388669,0.9264087036815272,0.9798444002135703,0.6718872005032224,0.3670049471536152,4,11.896644968751863,1.5628121333306955,1,1,1,1.0,1,1.0,0,149,cvc-300,unet,polypseg/runs_repeat/unet_seed42_fold0rep3/best.pth,False
0.9458083761430294,0.8971882860182483,0.9231444680611741,0.9696131255717216,0.6899703670847815,0.4645722829509154,4,12.467244694190175,1.6377694155335711,1,1,1,1.0,1,1.0,0,150,cvc-300,unet,polypseg/runs_repeat/unet_seed42_fold0rep3/best.pth,False
0.8995650585978965,0.817463190919518,0.8730424695439,0.927749623332915,0.556656935289205,0.3890213461139012,4,68.18535288529233,8.957222568586902,1,2,1,1.0,1,1.0,1,151,cvc-300,unet,polypseg/runs_repeat/unet_seed42_fold0rep3/best.pth,False
0.5757403458882356,0.4042383312804676,0.40427867979636584,0.999753167673196,0.38463428028642704,0.2257085617913508,4,96.56603957913983,12.68547382210441,1,1,1,1.0,0,0.0,0,152,cvc-300,unet,polypseg/runs_repeat/unet_seed42_fold0rep3/best.pth,False
0.5264641340006715,0.3572794840956463,0.35904547451571,0.9864202187779221,0.3961685347141876,0.3448500765529288,4,102.48902380255166,13.463551308167728,1,1,1,1.0,0,0.0,0,153,cvc-300,unet,polypseg/runs_repeat/unet_seed42_fold0rep3/best.pth,False
0.4883517399448044,0.32305910895367485,0.32449047407973947,0.9865297187995745,0.33242116663644167,0.2198066383008211,4,162.26142408827255,21.31559973444132,1,1,1,1.0,0,0.0,0,154,cvc-300,unet,polypseg/runs_repeat/unet_seed42_fold0rep3/best.pth,False
0.6904157857621902,0.5272022816524393,0.5327062149935691,0.980778856732598,0.308155492519165,0.18604646489995766,4,72.42030075455884,9.513549829885937,1,1,1,1.0,1,1.0,0,155,cvc-300,unet,polypseg/runs_repeat/unet_seed42_fold0rep3/best.pth,False
0.8840887629787294,0.7922572456019434,0.917442430170046,0.8530751708331084,0.3811414830845867,0.19110896668884209,4,10.290750585296928,1.3518525532219268,1,1,1,1.0,1,1.0,0,156,cvc-300,unet,polypseg/runs_repeat/unet_seed42_fold0rep3/best.pth,False
0.9236055267130374,0.8580548763806295,0.9007557393283794,0.9476447644622316,0.7236539640961273,0.3699598276485388,4,7.280109889280518,0.9563573677144073,1,1,1,1.0,1,1.0,0,157,cvc-300,unet,polypseg/runs_repeat/unet_seed42_fold0rep3/best.pth,False
0.9042538256289185,0.8252402306108233,0.8310967741828246,0.9915332512162633,0.45937766922868334,0.24643182237106145,4,233.45833901059837,30.668438521223884,1,2,1,1.0,1,1.0,1,158,cvc-300,unet,polypseg/runs_repeat/unet_seed42_fold0rep3/best.pth,False
0.9232249374579999,0.8573981415194496,0.8573981415194496,0.9999999999861053,0.6758110559137133,0.21549927773557884,4,6.0,0.7881947241944085,1,1,1,1.0,1,1.0,0,159,cvc-300,unet,polypseg/runs_repeat/unet_seed42_fold0rep3/best.pth,False
0.8732434553044208,0.7750063307068245,0.7750063307068245,0.9999999999836628,0.21552458233148333,0.06786045895922832,4,8.54400374531753,1.1223897792594242,1,1,1,1.0,1,1.0,0,160,cvc-300,unet,polypseg/runs_repeat/unet_seed42_fold0rep3/best.pth,False
0.9259953837209608,0.8621893888399975,0.9116602755160963,0.9407885094395312,0.7664045352036192,0.29164449313665475,4,5.830951894845301,0.765987586758076,1,1,1,1.0,1,1.0,0,161,cvc-300,unet,polypseg/runs_repeat/unet_seed42_fold0rep3/best.pth,False
0.9337998342608065,0.8758203799503312,0.9194922937276611,0.9485596707641497,0.8628704664927479,0.625564321197174,4,9.0,1.1822920862916129,1,1,1,1.0,1,1.0,0,162,cvc-300,unet,polypseg/runs_repeat/unet_seed42_fold0rep3/best.pth,False
0.9342668672553277,0.8766424150192567,0.8796992481107148,0.996051819851992,0.7217770631855961,0.4145204979756112,4,7.2145529178456025,0.9477454245445467,1,1,1,1.0,1,1.0,0,163,cvc-300,unet,polypseg/runs_repeat/unet_seed42_fold0rep3/best.pth,False
0.899606299208382,0.8175313058964346,0.8211688200494466,0.9946108404912984,0.380809344789596,0.2087262866226224,4,12.0,1.576389448388817,1,1,1,1.0,1,1.0,0,164,cvc-300,unet,polypseg/runs_repeat/unet_seed42_fold0rep3/best.pth,False
0.9562257198888372,0.9161230910834461,0.9167562586321858,0.9992466727965242,0.8354118125963976,0.44519387917384085,4,5.0,0.6568289368286738,1,1,1,1.0,1,1.0,0,165,cvc-300,unet,polypseg/runs_repeat/unet_seed42_fold0rep3/best.pth,False
0.8345475779966783,0.7160717694182283,0.7196431996896238,0.9931171409596748,0.5337613778768835,0.3199196897187723,4,303.18558623408546,39.82821325358251,1,2,1,1.0,1,1.0,1,166,cvc-300,unet,polypseg/runs_repeat/unet_seed42_fold0rep3/best.pth,False
0.9438027410321156,0.8935856754205168,0.9391376846005343,0.9485143750637733,0.8279994471164317,0.5636452681757861,4,8.218618225794799,1.0796452542899118,1,1,1,1.0,1,1.0,0,167,cvc-300,unet,polypseg/runs_repeat/unet_seed42_fold0rep3/best.pth,False
0.918050789286767,0.848515605165586,0.917043740560578,0.9190600522066915,0.5924211979274022,0.3807362602168444,4,9.0,1.1822920862916129,1,1,1,1.0,1,1.0,0,168,cvc-300,unet,polypseg/runs_repeat/unet_seed42_fold0rep3/best.pth,False
0.9476279544254904,0.9004685732678908,0.9161597895699806,0.9813347420234078,0.7006109479735062,0.45928289626212704,4,7.0,0.9195605115601433,1,1,1,1.0,1,1.0,0,169,cvc-300,unet,polypseg/runs_repeat/unet_seed42_fold0rep3/best.pth,False
0.9481662481030155,0.901441170140239,0.9254482819498037,0.9720276476273506,0.5074698424459144,0.3350867784757078,4,10.63014581273465,1.3964374745024557,1,1,1,1.0,1,1.0,0,170,cvc-300,unet,polypseg/runs_repeat/unet_seed42_fold0rep3/best.pth,False
0.9654931966369855,0.9332883974260228,0.9619219286863029,0.9690910810536856,0.6538486727392424,0.28957967706750226,4,13.0,1.7077552357545518,1,2,1,1.0,1,1.0,1,171,cvc-300,unet,polypseg/runs_repeat/unet_seed42_fold0rep3/best.pth,False
0.9390055773054526,0.8850240465173356,0.8862134617439106,0.9984858044038046,0.7372807120166895,0.5097649285131459,4,6.324555320336759,0.8308301893941852,1,1,1,1.0,1,1.0,0,172,cvc-300,unet,polypseg/runs_repeat/unet_seed42_fold0rep3/best.pth,False
0.9194109517184416,0.8508423745183836,0.863717765035246,0.9827814569436293,0.6026014405805369,0.49590989372933747,4,12.947366596101016,1.7008410072096232,1,1,1,1.0,1,1.0,0,173,cvc-300,unet,polypseg/runs_repeat/unet_seed42_fold0rep3/best.pth,False
0.9489692865148875,0.9028939633630692,0.9174132781884055,0.9827734711334715,0.913186175853569,0.48062760198865295,4,5.0,0.6568289368286738,1,1,1,1.0,1,1.0,0,174,cvc-300,unet,polypseg/runs_repeat/unet_seed42_fold0rep3/best.pth,False
0.9306329113884784,0.8702651515082839,0.9524138526560807,0.909825921946128,0.7357307895875288,0.4761115611792587,4,14.0,1.8391210231202866,1,1,1,1.0,1,1.0,0,175,cvc-300,unet,polypseg/runs_repeat/unet_seed42_fold0rep3/best.pth,False
0.9291107690017993,0.8676067907936226,0.8710652920902332,0.9954445491596335,0.4759348448065265,0.29517951596920816,4,8.06225774829855,1.0591048370507348,1,1,1,1.0,1,1.0,0,176,cvc-300,unet,polypseg/runs_repeat/unet_seed42_fold0rep3/best.pth,False
0.8856308344259456,0.7947373830733401,0.7947373830733401,0.9999999999870668,0.2659128851056696,0.1602658288801432,4,11.0,1.4450236610230822,1,1,1,1.0,1,1.0,0,177,cvc-300,unet,polypseg/runs_repeat/unet_seed42_fold0rep3/best.pth,False
0.9392571575900228,0.8854711246092951,0.903373852630819,0.978109051826778,0.7374016747948556,0.48230024918725345,4,6.0,0.7881947241944085,1,1,1,1.0,1,1.0,0,178,cvc-300,unet,polypseg/runs_repeat/unet_seed42_fold0rep3/best.pth,False
0.9259786476813405,0.8621603710971707,0.880442138496724,0.9764823617591133,0.590694387541164,0.266148908710029,4,6.0,0.7881947241944085,1,1,1,1.0,1,1.0,0,179,cvc-300,unet,polypseg/runs_repeat/unet_seed42_fold0rep3/best.pth,False
0.8965313749888646,0.8124665755492753,0.8133848899416217,0.9986123283596361,0.2397616774922251,0.11988081375433532,4,13.601470508735444,1.7867678827118525,1,1,1,1.0,1,1.0,0,180,cvc-300,unet,polypseg/runs_repeat/unet_seed42_fold0rep3/best.pth,False
0.9375844105685047,0.8825024970409289,0.9064540197639763,0.9709290709193713,0.7710276609122649,0.2949714980553446,4,8.94427190999916,1.1749713218702638,1,1,1,1.0,1,1.0,0,181,cvc-300,unet,polypseg/runs_repeat/unet_seed42_fold0rep3/best.pth,False
0.8824141519199767,0.7895716945914589,0.7948344094897434,0.991683991671106,0.4228376957341096,0.259247442407358,4,14.142135623730951,1.8577927812444228,1,1,1,1.0,1,1.0,0,182,cvc-300,unet,polypseg/runs_repeat/unet_seed42_fold0rep3/best.pth,False
0.9357872547353997,0.8793234801024026,0.8866185281781132,0.9907296137168974,0.780524077885904,0.49710627570660193,4,6.324555320336759,0.8308301893941852,1,1,1,1.0,1,1.0,0,183,cvc-300,unet,polypseg/runs_repeat/unet_seed42_fold0rep3/best.pth,False
0.9217917326737592,0.8549292011641073,0.8627662442590622,0.9894867037571199,0.6558384749087155,0.29524962086650797,4,7.060407640085652,0.9274960087629008,1,1,1,1.0,1,1.0,0,184,cvc-300,unet,polypseg/runs_repeat/unet_seed42_fold0rep3/best.pth,False
0.8621107965916955,0.7576403695627189,0.7576403695627189,0.9999999999687305,0.5608619625807603,0.22125018946534894,4,9.0,1.1822920862916129,1,1,1,1.0,1,1.0,0,185,cvc-300,unet,polypseg/runs_repeat/unet_seed42_fold0rep3/best.pth,False
0.9351179094845746,0.8781422073048087,0.9295489102653435,0.9407540394731789,0.9999999500000026,0.5054151124607433,4,3.1622776601683795,0.4154150946970926,1,1,1,1.0,1,1.0,0,186,cvc-300,unet,polypseg/runs_repeat/unet_seed42_fold0rep3/best.pth,False
0.9265100311026014,0.863082150692323,0.8693376283295886,0.991731740905105,0.8575500310732245,0.4664646838820921,4,5.0,0.6568289368286738,1,1,1,1.0,1,1.0,0,187,cvc-300,unet,polypseg/runs_repeat/unet_seed42_fold0rep3/best.pth,False
0.8962664634712498,0.812031558169388,0.812031558169388,0.9999999999757105,0.5309964926658545,0.3835372872873109,4,7.017766952966369,0.9218944813256604,1,1,1,1.0,1,1.0,0,188,cvc-300,unet,polypseg/runs_repeat/unet_seed42_fold0rep3/best.pth,False
0.9502915535999636,0.9052909470805709,0.9278466741721775,0.9738492485981084,0.8269332549698051,0.5374782744316385,4,7.0,0.9195605115601433,1,1,1,1.0,1,1.0,0,189,cvc-300,unet,polypseg/runs_repeat/unet_seed42_fold0rep3/best.pth,False
0.8954098801931928,0.8106263709382082,0.8106263709382082,0.9999999999849669,0.4661649126997264,0.26412693416087624,4,9.0,1.1822920862916129,1,1,1,1.0,1,1.0,0,190,cvc-300,unet,polypseg/runs_repeat/unet_seed42_fold0rep3/best.pth,False
0.966937623716603,0.9359915198879974,0.9384401569576648,0.9972200503779235,0.984709223045092,0.6346120512342334,4,4.0,0.525463149462939,1,1,1,1.0,1,1.0,0,191,cvc-300,unet,polypseg/runs_repeat/unet_seed42_fold0rep3/best.pth,False
0.9523231096216604,0.9089855072375943,0.9546423135367362,0.9500151469155809,0.813928214209254,0.545718112745246,4,5.830951894845301,0.765987586758076,1,1,1,1.0,1,1.0,0,192,cvc-300,unet,polypseg/runs_repeat/unet_seed42_fold0rep3/best.pth,False
0.926977430917836,0.8638936939702477,0.8658680747035552,0.9973674654956666,0.5550571377190072,0.3251619043056008,4,10.0,1.3136578736573477,1,1,1,1.0,1,1.0,0,193,cvc-300,unet,polypseg/runs_repeat/unet_seed42_fold0rep3/best.pth,False
0.9161036253391139,0.8451948421967287,0.8508929211729835,0.992139153696336,0.5388769810197231,0.4182603639699434,4,15.0,1.9704868104860214,1,1,1,1.0,1,1.0,0,194,cvc-300,unet,polypseg/runs_repeat/unet_seed42_fold0rep3/best.pth,False
0.9020920502038129,0.821646341454468,0.8246093323043971,0.995645863557255,0.5271986952116169,0.29114544048849444,4,11.867114959823818,1.5589329004569457,1,1,1,1.0,1,1.0,0,195,cvc-300,unet,polypseg/runs_repeat/unet_seed42_fold0rep3/best.pth,False
0.9328684552598223,0.8741831874972401,0.8757350493634113,0.9979769882286259,0.7920962405153398,0.26494127883934426,4,6.0,0.7881947241944085,1,1,1,1.0,1,1.0,0,196,cvc-300,unet,polypseg/runs_repeat/unet_seed42_fold0rep3/best.pth,False
0.9424383492672923,0.8911427041764848,0.9020894803341838,0.9865656898189886,0.6609015661197922,0.44619612342663656,4,11.949999999999932,1.5698211590205213,1,1,1,1.0,1,1.0,0,197,cvc-300,unet,polypseg/runs_repeat/unet_seed42_fold0rep3/best.pth,False
0.894061676995208,0.808419111986351,0.808419111986351,0.9999999999809959,0.5019142522508993,0.2514792401159022,4,9.0,1.1822920862916129,1,1,1,1.0,1,1.0,0,198,cvc-300,unet,polypseg/runs_repeat/unet_seed42_fold0rep3/best.pth,False
0.8756775067701237,0.7788490509111293,0.783808368700386,0.9919416730494763,0.4197188713758113,0.1943245678108188,4,20.0,2.6273157473146953,1,1,1,1.0,1,1.0,0,199,cvc-300,unet,polypseg/runs_repeat/unet_seed42_fold0rep3/best.pth,False
0.9345014601487849,0.8770555990431274,0.9109394062441859,0.9593147751400576,0.959369131911532,0.4260091950159691,4,4.0,0.525463149462939,1,1,1,1.0,1,1.0,0,200,cvc-300,unet,polypseg/runs_repeat/unet_seed42_fold0rep3/best.pth,False
0.8742658516016508,0.7766183986206001,0.7766183986206001,0.9999999999725803,0.5394444458263932,0.2837618319905524,4,9.0,1.1822920862916129,1,1,1,1.0,1,1.0,0,201,cvc-300,unet,polypseg/runs_repeat/unet_seed42_fold0rep3/best.pth,False
0.8898690310054913,0.8015892321349096,0.8081419112171327,0.9899859803626078,0.32503839549665564,0.128968518816383,4,14.0,1.8391210231202866,1,1,1,1.0,1,1.0,0,202,cvc-300,unet,polypseg/runs_repeat/unet_seed42_fold0rep3/best.pth,False
0.9241045118137378,0.8589166159359839,0.8598586400090195,0.9987261146355453,0.6626667799352267,0.3807511570759469,4,8.0,1.050926298925878,1,1,1,1.0,1,1.0,0,203,cvc-300,unet,polypseg/runs_repeat/unet_seed42_fold0rep3/best.pth,False
0.5449189985232332,0.37449392712171564,0.39324051439692587,0.8870774394416908,0.2694366376876391,0.17739970845425043,4,56.45439566332564,7.4161761365694945,1,1,1,1.0,0,0.0,0,204,cvc-300,unet,polypseg/runs_repeat/unet_seed42_fold0rep3/best.pth,False
0.4315514993440906,0.27514546965591796,0.27682198327028884,0.9784628377965177,0.35303536500318805,0.3059021213714238,4,51.20546473599982,6.726646192472982,1,1,1,1.0,0,0.0,0,205,cvc-300,unet,polypseg/runs_repeat/unet_seed42_fold0rep3/best.pth,False
0.548561377050527,0.3779432132898556,0.3786643538529286,0.9949863262992259,0.35456123520816263,0.1402175350916077,4,51.42858705516055,6.7559568316084,1,1,1,1.0,0,0.0,0,206,cvc-300,unet,polypseg/runs_repeat/unet_seed42_fold0rep3/best.pth,False
0.44097832454275787,0.28285580084281015,0.28293553842996677,0.999004644956901,0.4030274800282051,0.25019360112535927,4,63.0,8.276044604041289,1,1,1,1.0,0,0.0,0,207,cvc-300,unet,polypseg/runs_repeat/unet_seed42_fold0rep3/best.pth,False
0.44183745582414363,0.28356313497308483,0.2838721394790434,0.9961759081583061,0.3004652955211539,0.1693170955466573,4,72.22914088180153,9.488437962688439,1,1,1,1.0,0,0.0,0,208,cvc-300,unet,polypseg/runs_repeat/unet_seed42_fold0rep3/best.pth,False
0.5742234856378319,0.4027443851498109,0.9891977531184042,0.40452350099891315,0.4370342818188128,0.4370342818188128,2,60.95079817411233,12.69808295294007,1,1,1,1.0,0,0.0,0,1,cvc-clinicdb,unet,polypseg/runs_repeat/unet_seed42_fold0rep3/best.pth,False
0.8625100912846596,0.7582573565498811,0.9960556511689898,0.7605410141235323,0.44374259459829185,0.44374259459829185,2,37.11857347252123,7.733036140108589,1,1,1,1.0,1,1.0,0,10,cvc-clinicdb,unet,polypseg/runs_repeat/unet_seed42_fold0rep3/best.pth,False
0.9702376898387914,0.9421957671833043,0.9538028923278816,0.987248787235104,0.8219643825954622,0.8219643825954622,2,4.123105625617661,0.858980338670346,1,1,1,1.0,1,1.0,0,100,cvc-clinicdb,unet,polypseg/runs_repeat/unet_seed42_fold0rep3/best.pth,False
0.9543527064046249,0.9126908396837703,0.9321476428196839,0.9776414973683705,0.5803200213493098,0.5803200213493098,2,4.47213595499958,0.9316949906249123,1,1,1,1.0,1,1.0,0,101,cvc-clinicdb,unet,polypseg/runs_repeat/unet_seed42_fold0rep3/best.pth,False
0.9563922833511792,0.916428911068516,0.9312635902279383,0.9829147009947352,0.6125635912419869,0.6125635912419869,2,4.368863084453436,0.9101798092611325,1,1,1,1.0,1,1.0,0,102,cvc-clinicdb,unet,polypseg/runs_repeat/unet_seed42_fold0rep3/best.pth,False
0.9609609609560698,0.9248554913204187,0.9272173656720634,0.9972533276885985,0.6230420804921319,0.6230420804921319,2,5.0,1.0416666666666667,1,1,1,1.0,1,1.0,0,103,cvc-clinicdb,unet,polypseg/runs_repeat/unet_seed42_fold0rep3/best.pth,False
0.9067847652757952,0.8294659061392956,0.8553000935646617,0.9648646610799603,0.2773517636557248,0.2773517636557248,2,11.0,2.2916666666666665,1,1,1,1.0,1,1.0,0,104,cvc-clinicdb,unet,polypseg/runs_repeat/unet_seed42_fold0rep3/best.pth,False
0.951020530134922,0.9066150076867038,0.9249011857653748,0.978657974039125,0.404428361497083,0.404428361497083,2,7.0710678118654755,1.473139127471974,1,1,1,1.0,1,1.0,0,105,cvc-clinicdb,unet,polypseg/runs_repeat/unet_seed42_fold0rep3/best.pth,False
0.8531370487173223,0.743887530557295,0.9744661921621488,0.7586756251246195,0.4872666325474306,0.4872666325474306,2,72.7328524491026,15.15267759356304,1,1,1,1.0,1,1.0,0,106,cvc-clinicdb,unet,polypseg/runs_repeat/unet_seed42_fold0rep3/best.pth,False
0.9128158324504928,0.8396147218625917,0.9119397254971113,0.9136936243825671,0.2841057445764437,0.2841057445764437,2,21.618557904312098,4.50386623006502,1,1,1,1.0,1,1.0,0,107,cvc-clinicdb,unet,polypseg/runs_repeat/unet_seed42_fold0rep3/best.pth,False
0.8967885600813007,0.812889105054412,0.955902539459186,0.844560109147281,0.4904471076301712,0.4904471076301712,2,45.266975920848985,9.430619983510205,1,1,1,1.0,1,1.0,0,108,cvc-clinicdb,unet,polypseg/runs_repeat/unet_seed42_fold0rep3/best.pth,False
0.8608098336922728,0.7556331323349432,0.9520826391139481,0.7855061307484164,0.45969564493271853,0.45969564493271853,2,60.02416122951859,12.50503358948304,1,1,1,1.0,1,1.0,0,109,cvc-clinicdb,unet,polypseg/runs_repeat/unet_seed42_fold0rep3/best.pth,False
0.6560712015232936,0.4881740775753343,0.962475312695167,0.497645657227562,0.3443455663188737,0.3443455663188737,2,57.07538858020124,11.890705954208592,1,1,1,1.0,0,0.0,0,11,cvc-clinicdb,unet,polypseg/runs_repeat/unet_seed42_fold0rep3/best.pth,False
0.8724313768018391,0.773727965511609,0.9705030414165757,0.7923613574522393,0.49343964542007773,0.49343964542007773,2,58.75794352136386,12.241238233617471,1,1,1,1.0,1,1.0,0,110,cvc-clinicdb,unet,polypseg/runs_repeat/unet_seed42_fold0rep3/best.pth,False
0.861397330548973,0.7565390049228434,0.9724649062482945,0.7730997346621933,0.4765239473264775,0.4765239473264775,2,63.54171314641423,13.237856905502964,1,1,1,1.0,1,1.0,0,111,cvc-clinicdb,unet,polypseg/runs_repeat/unet_seed42_fold0rep3/best.pth,False
0.8731811393196647,0.7749081682857768,0.9686168702027425,0.7948648228682611,0.4172366123500839,0.4172366123500839,2,59.29077944072347,12.35224571681739,1,1,1,1.0,1,1.0,0,112,cvc-clinicdb,unet,polypseg/runs_repeat/unet_seed42_fold0rep3/best.pth,False
0.8832493756066476,0.7909101247079682,0.9787962658864812,0.8046974430143673,0.5386479187968761,0.5386479187968761,2,56.26675426570701,11.722240472022293,1,1,1,1.0,1,1.0,0,113,cvc-clinicdb,unet,polypseg/runs_repeat/unet_seed42_fold0rep3/best.pth,False
0.9514934033153883,0.9074748850641666,0.9187064745193453,0.986707149994495,0.3911680585881646,0.3911680585881646,2,8.94427190999916,1.8633899812498247,1,1,1,1.0,1,1.0,0,114,cvc-clinicdb,unet,polypseg/runs_repeat/unet_seed42_fold0rep3/best.pth,False
0.5261500286289075,0.35699022210479187,0.9045118949810581,0.3709709979115068,0.302068101486941,0.302068101486941,2,172.95259256783748,36.031790118299476,1,1,1,1.0,0,0.0,0,115,cvc-clinicdb,unet,polypseg/runs_repeat/unet_seed42_fold0rep3/best.pth,False
0.5363154254067959,0.3664146187752589,0.9717580213741351,0.37035857588452736,0.417157436515281,0.417157436515281,2,170.11289431938474,35.44018631653849,1,1,1,1.0,0,0.0,0,116,cvc-clinicdb,unet,polypseg/runs_repeat/unet_seed42_fold0rep3/best.pth,False
0.5516332982057343,0.3808657693679093,0.9788706058156531,0.38402288732112655,0.3442340377768809,0.3442340377768809,2,165.08179737827936,34.39204112047487,1,1,1,1.0,0,0.0,0,117,cvc-clinicdb,unet,polypseg/runs_repeat/unet_seed42_fold0rep3/best.pth,False
0.27939310344673435,0.16238055537637155,0.9794970986081433,0.16293436293331445,0.1572405526924395,0.1572405526924395,2,194.5195358264302,40.524903297172955,1,1,0,0.0,0,0.0,1,118,cvc-clinicdb,unet,polypseg/runs_repeat/unet_seed42_fold0rep3/best.pth,False
0.49902467010614443,0.33246693677599215,0.9503933566225876,0.3383382604610367,0.31475805106685045,0.31475805106685045,2,180.14798716976438,37.53083066036758,1,1,1,1.0,0,0.0,0,119,cvc-clinicdb,unet,polypseg/runs_repeat/unet_seed42_fold0rep3/best.pth,False
0.6496865409315906,0.481137573330428,0.985046134258789,0.4846777034147991,0.42306030826693963,0.42306030826693963,2,80.54439218603167,16.780081705423264,1,1,1,1.0,0,0.0,0,12,cvc-clinicdb,unet,polypseg/runs_repeat/unet_seed42_fold0rep3/best.pth,False
0.5261616640087586,0.3570009350142765,0.9689135606507706,0.36113738472238627,0.19207539444441066,0.19207539444441066,2,171.5642720456022,35.742556676167126,1,1,1,1.0,0,0.0,0,120,cvc-clinicdb,unet,polypseg/runs_repeat/unet_seed42_fold0rep3/best.pth,False
0.4897708853529164,0.3243023728008104,0.9748866410712437,0.3270344585483705,0.16299868638770007,0.16299868638770007,2,187.2978909815955,39.020393954499056,1,1,1,1.0,0,0.0,0,121,cvc-clinicdb,unet,polypseg/runs_repeat/unet_seed42_fold0rep3/best.pth,False
0.3882409177801709,0.24088024200580768,0.9999999999753756,0.24088024200580768,0.0,0.0,2,159.71676516962341,33.27432607700488,1,1,0,0.0,0,0.0,1,122,cvc-clinicdb,unet,polypseg/runs_repeat/unet_seed42_fold0rep3/best.pth,False
0.7851573214184978,0.6463037027438633,0.9867047468880568,0.6519815188348279,0.46032353357382755,0.46032353357382755,2,113.16322409821852,23.57567168712886,1,1,1,1.0,1,1.0,0,123,cvc-clinicdb,unet,polypseg/runs_repeat/unet_seed42_fold0rep3/best.pth,False
0.8084525767036055,0.6784896353239855,0.9884506801181585,0.6839114478472599,0.4270128167581461,0.4270128167581461,2,99.7460037376825,20.78041744535052,1,1,1,1.0,1,1.0,0,124,cvc-clinicdb,unet,polypseg/runs_repeat/unet_seed42_fold0rep3/best.pth,False
0.8880589378855619,0.798656482922622,0.9473856565773672,0.8357246027844417,0.5634123509840165,0.5634123509840165,2,41.063966023207925,8.55499292150165,1,1,1,1.0,1,1.0,0,125,cvc-clinicdb,unet,polypseg/runs_repeat/unet_seed42_fold0rep3/best.pth,False
0.8814070874700451,0.7879605507928176,0.9760285812956547,0.8035104364250141,0.6523120932947873,0.6523120932947873,2,48.011977189692516,10.002495247852607,1,1,1,1.0,1,1.0,0,126,cvc-clinicdb,unet,polypseg/runs_repeat/unet_seed42_fold0rep3/best.pth,False
0.9461987220951366,0.897891036891074,0.8999471551717466,0.9974619289145361,0.5953584656514948,0.5953584656514948,2,5.0,1.0416666666666667,1,1,1,1.0,1,1.0,0,127,cvc-clinicdb,unet,polypseg/runs_repeat/unet_seed42_fold0rep3/best.pth,False
0.9622390743416289,0.9272261563819915,0.9300287139046391,0.9967606089893625,0.7812892418262661,0.7812892418262661,2,3.0,0.625,1,1,1,1.0,1,1.0,0,128,cvc-clinicdb,unet,polypseg/runs_repeat/unet_seed42_fold0rep3/best.pth,False
0.9545070592436677,0.9129732225194716,0.9129732225194716,0.9999999999873578,0.5919525899428018,0.5919525899428018,2,4.47213595499958,0.9316949906249123,1,1,1,1.0,1,1.0,0,129,cvc-clinicdb,unet,polypseg/runs_repeat/unet_seed42_fold0rep3/best.pth,False
0.9000613120750304,0.8182831661035515,0.9704983059171101,0.8391568417231928,0.45545790677383197,0.45545790677383197,2,22.899642182247003,4.770758787968125,1,1,1,1.0,1,1.0,0,13,cvc-clinicdb,unet,polypseg/runs_repeat/unet_seed42_fold0rep3/best.pth,False
0.9502245682226688,0.9051693719045062,0.9053290982803482,0.9998051251973126,0.42211715226869423,0.42211715226869423,2,5.0643626838353075,1.0550755591323557,1,1,1,1.0,1,1.0,0,130,cvc-clinicdb,unet,polypseg/runs_repeat/unet_seed42_fold0rep3/best.pth,False
0.9579264397145298,0.9192503065254926,0.9257364614488821,0.9924357034701925,0.5392018374848233,0.5392018374848233,2,5.079215610874223,1.0581699189321296,1,1,1,1.0,1,1.0,0,131,cvc-clinicdb,unet,polypseg/runs_repeat/unet_seed42_fold0rep3/best.pth,False
0.9717775515779422,0.9451043916316576,0.9641939037648881,0.9794814400115747,0.9015153401900504,0.9015153401900504,2,2.8284271247461903,0.5892556509887896,1,1,1,1.0,1,1.0,0,132,cvc-clinicdb,unet,polypseg/runs_repeat/unet_seed42_fold0rep3/best.pth,False
0.9740019163144427,0.9493213796420207,0.9574281049735348,0.9911596463729698,0.8797105813692837,0.8797105813692837,2,3.0,0.625,1,1,1,1.0,1,1.0,0,133,cvc-clinicdb,unet,polypseg/runs_repeat/unet_seed42_fold0rep3/best.pth,False
0.9742674809512504,0.9498260636747414,0.9527580190450576,0.996770570050593,0.9094877369002475,0.9094877369002475,2,2.23606797749979,0.4658474953124562,1,1,1,1.0,1,1.0,0,134,cvc-clinicdb,unet,polypseg/runs_repeat/unet_seed42_fold0rep3/best.pth,False
0.9659263079817997,0.9340981357881781,0.9863717163671974,0.9463112683113547,0.7230411482165471,0.7230411482165471,2,11.661903789690601,2.4295632895188755,1,1,1,1.0,1,1.0,0,135,cvc-clinicdb,unet,polypseg/runs_repeat/unet_seed42_fold0rep3/best.pth,False
0.9756364033614638,0.9524317406075623,0.953448644024817,0.998881431759889,0.8254295578612901,0.8254295578612901,2,5.1733241632105225,1.0777758673355256,1,1,1,1.0,1,1.0,0,136,cvc-clinicdb,unet,polypseg/runs_repeat/unet_seed42_fold0rep3/best.pth,False
0.973006852745391,0.9474326633497645,0.9495188386808879,0.9976863753127876,0.8123105119025473,0.8123105119025473,2,5.0,1.0416666666666667,1,1,1,1.0,1,1.0,0,137,cvc-clinicdb,unet,polypseg/runs_repeat/unet_seed42_fold0rep3/best.pth,False
0.9698857173780808,0.9415321520535174,0.9443126087594562,0.9968824806491294,0.6453294504445082,0.6453294504445082,2,5.0,1.0416666666666667,1,1,1,1.0,1,1.0,0,138,cvc-clinicdb,unet,polypseg/runs_repeat/unet_seed42_fold0rep3/best.pth,False
0.9715145292591593,0.9446069554675924,0.9461005441057243,0.9983315340023636,0.5302681492403272,0.5302681492403272,2,5.0,1.0416666666666667,1,1,1,1.0,1,1.0,0,139,cvc-clinicdb,unet,polypseg/runs_repeat/unet_seed42_fold0rep3/best.pth,False
0.215009366516745,0.12045405868442727,0.9506423258637376,0.12121212121159872,0.2615173555877539,0.2615173555877539,2,143.41889887055115,29.878937264698155,1,2,0,0.0,0,0.0,2,14,cvc-clinicdb,unet,polypseg/runs_repeat/unet_seed42_fold0rep3/best.pth,False
0.9786291709645282,0.9581526543975154,0.9597689031292549,0.9982455370805814,0.7951369016772237,0.7951369016772237,2,5.0,1.0416666666666667,1,1,1,1.0,1,1.0,0,140,cvc-clinicdb,unet,polypseg/runs_repeat/unet_seed42_fold0rep3/best.pth,False
0.9750136911264803,0.951245575365821,0.9739136380697667,0.9761162320495627,0.6143461066680946,0.6143461066680946,2,5.0,1.0416666666666667,1,1,1,1.0,1,1.0,0,141,cvc-clinicdb,unet,polypseg/runs_repeat/unet_seed42_fold0rep3/best.pth,False
0.963406494167491,0.9293966137611098,0.9303127962050035,0.9989414973700323,0.4491256966288998,0.4491256966288998,2,8.06225774829855,1.679637030895531,1,1,1,1.0,1,1.0,0,142,cvc-clinicdb,unet,polypseg/runs_repeat/unet_seed42_fold0rep3/best.pth,False
0.9338036937026997,0.8758271700880532,0.8854781581880071,0.9877085162206386,0.5817669288572788,0.5817669288572788,2,6.0,1.25,1,1,1,1.0,1,1.0,0,143,cvc-clinicdb,unet,polypseg/runs_repeat/unet_seed42_fold0rep3/best.pth,False
0.9731981915399273,0.9477955565733406,0.9495992157260273,0.9979999999939515,0.6372547186735306,0.6372547186735306,2,4.0,0.8333333333333334,1,1,1,1.0,1,1.0,0,144,cvc-clinicdb,unet,polypseg/runs_repeat/unet_seed42_fold0rep3/best.pth,False
0.9797772439375851,0.9603561948755871,0.9648587035960047,0.9951643671487725,0.8049279269206983,0.8049279269206983,2,5.830951894845301,1.2147816447594377,1,1,1,1.0,1,1.0,0,145,cvc-clinicdb,unet,polypseg/runs_repeat/unet_seed42_fold0rep3/best.pth,False
0.9773539405875756,0.9557108557667822,0.9619384628621156,0.9932715444212046,0.7846203064308871,0.7846203064308871,2,7.598989945034716,1.5831229052155658,1,1,1,1.0,1,1.0,0,146,cvc-clinicdb,unet,polypseg/runs_repeat/unet_seed42_fold0rep3/best.pth,False
0.9692479228825334,0.940330797676458,0.9426332726952383,0.99740913464359,0.7126123896274705,0.7126123896274705,2,7.211102550927978,1.5023130314433288,1,1,1,1.0,1,1.0,0,147,cvc-clinicdb,unet,polypseg/runs_repeat/unet_seed42_fold0rep3/best.pth,False
0.9581598062907595,0.9196802082279475,0.921393312834857,0.997982447281368,0.5821420340406936,0.5821420340406936,2,5.0,1.0416666666666667,1,1,1,1.0,1,1.0,0,148,cvc-clinicdb,unet,polypseg/runs_repeat/unet_seed42_fold0rep3/best.pth,False
0.9672995780539699,0.9366700714919645,0.9387796887700779,0.9976066144364925,0.7827570650731287,0.7827570650731287,2,3.605551275463989,0.7511565157216644,1,1,1,1.0,1,1.0,0,149,cvc-clinicdb,unet,polypseg/runs_repeat/unet_seed42_fold0rep3/best.pth,False
0.2426911907060922,0.1381038946726764,0.9837159113010847,0.13842034066714953,0.14658627297776128,0.14658627297776128,2,161.04223037136683,33.55046466070142,1,2,0,0.0,0,0.0,2,15,cvc-clinicdb,unet,polypseg/runs_repeat/unet_seed42_fold0rep3/best.pth,False
0.9596504171104951,0.9224307222242806,0.9264738110790436,0.9952913478399612,0.6627138925904138,0.6627138925904138,2,4.0,0.8333333333333334,1,1,1,1.0,1,1.0,0,150,cvc-clinicdb,unet,polypseg/runs_repeat/unet_seed42_fold0rep3/best.pth,False
0.9496925656725147,0.9042043640113864,0.9117252481766606,0.9909594633859586,0.5366956066426455,0.5366956066426455,2,4.0,0.8333333333333334,1,1,1,1.0,1,1.0,0,151,cvc-clinicdb,unet,polypseg/runs_repeat/unet_seed42_fold0rep3/best.pth,False
0.9588705647152452,0.9209907358473528,0.9929103705185628,0.927087359871825,0.48048091039614715,0.48048091039614715,2,7.2628580546923835,1.5130954280609132,1,1,1,1.0,1,1.0,0,152,cvc-clinicdb,unet,polypseg/runs_repeat/unet_seed42_fold0rep3/best.pth,False
0.9460007510255651,0.8975345589155261,0.900100042862654,0.996834441263108,0.6402498119245806,0.6402498119245806,2,5.881666326391703,1.2253471513316048,1,1,1,1.0,1,1.0,0,153,cvc-clinicdb,unet,polypseg/runs_repeat/unet_seed42_fold0rep3/best.pth,False
0.0,0.0,0.0,0.0,0.0,0.0,2,106.25229369180201,22.13589451912542,1,1,0,0.0,0,0.0,1,154,cvc-clinicdb,unet,polypseg/runs_repeat/unet_seed42_fold0rep3/best.pth,False
0.8625567120132758,0.7583294227706087,0.7818093855451471,0.9619047618475056,0.51645650301834,0.51645650301834,2,9.219544457292887,1.920738428602685,1,1,1,1.0,1,1.0,0,155,cvc-clinicdb,unet,polypseg/runs_repeat/unet_seed42_fold0rep3/best.pth,False
0.9531380753038374,0.9104716226836437,0.9361002670857592,0.9708075857453483,0.7381612009723906,0.7381612009723906,2,4.0,0.8333333333333334,1,1,1,1.0,1,1.0,0,156,cvc-clinicdb,unet,polypseg/runs_repeat/unet_seed42_fold0rep3/best.pth,False
0.9605598796457547,0.9241127611260495,0.9429818928863107,0.9788056518131324,0.7610200183562608,0.7610200183562608,2,4.123105625617661,0.858980338670346,1,1,1,1.0,1,1.0,0,157,cvc-clinicdb,unet,polypseg/runs_repeat/unet_seed42_fold0rep3/best.pth,False
0.9559105431208103,0.915544675623918,0.9164794772122427,0.9988871577787918,0.8165675128678341,0.8165675128678341,2,3.1622776601683795,0.6588078458684125,1,1,1,1.0,1,1.0,0,158,cvc-clinicdb,unet,polypseg/runs_repeat/unet_seed42_fold0rep3/best.pth,False
0.9226006191712436,0.8563218390394483,0.8646034815829496,0.9889380530426471,0.7037589362383989,0.7037589362383989,2,3.0,0.625,1,1,1,1.0,1,1.0,0,159,cvc-clinicdb,unet,polypseg/runs_repeat/unet_seed42_fold0rep3/best.pth,False
0.897355932197306,0.813821938012619,0.9651451071756578,0.8384644621710571,0.6790889769513386,0.6790889769513386,2,18.384776310850235,3.830161731427132,1,1,1,1.0,1,1.0,0,16,cvc-clinicdb,unet,polypseg/runs_repeat/unet_seed42_fold0rep3/best.pth,False
0.977764423071047,0.9564961787071545,0.9656932573484603,0.9901411879139466,0.927358006204176,0.927358006204176,2,2.23606797749979,0.4658474953124562,1,1,1,1.0,1,1.0,0,160,cvc-clinicdb,unet,polypseg/runs_repeat/unet_seed42_fold0rep3/best.pth,False
0.9194160583807385,0.8508511212955728,0.854081909388281,0.9955738222891062,0.5134649410596053,0.5134649410596053,2,5.324264635194588,1.1092217989988726,1,1,1,1.0,1,1.0,0,161,cvc-clinicdb,unet,polypseg/runs_repeat/unet_seed42_fold0rep3/best.pth,False
0.9478866697543159,0.9009358996838966,0.9014134275459115,0.9994123408227343,0.6584909729388734,0.6584909729388734,2,4.0,0.8333333333333334,1,1,1,1.0,1,1.0,0,162,cvc-clinicdb,unet,polypseg/runs_repeat/unet_seed42_fold0rep3/best.pth,False
0.9399215972199843,0.8866529067614956,0.8877217151560578,0.9986439364393909,0.610370226519924,0.610370226519924,2,5.643269777374484,1.1756812036196842,1,1,1,1.0,1,1.0,0,163,cvc-clinicdb,unet,polypseg/runs_repeat/unet_seed42_fold0rep3/best.pth,False
0.9328748691742731,0.8741944522030206,0.8848553601564136,0.9864053113820296,0.6777643040543013,0.6777643040543013,2,5.0,1.0416666666666667,1,1,1,1.0,1,1.0,0,164,cvc-clinicdb,unet,polypseg/runs_repeat/unet_seed42_fold0rep3/best.pth,False
0.9515828677776563,0.9076376554058915,0.9304200806225723,0.9737307744525149,0.5919879969103508,0.5919879969103508,2,4.123105625617661,0.858980338670346,1,1,1,1.0,1,1.0,0,165,cvc-clinicdb,unet,polypseg/runs_repeat/unet_seed42_fold0rep3/best.pth,False
0.9645736946400226,0.9315715562245427,0.9357527571052097,0.9952264047872992,0.7901071605904243,0.7901071605904243,2,3.605551275463989,0.7511565157216644,1,1,1,1.0,1,1.0,0,166,cvc-clinicdb,unet,polypseg/runs_repeat/unet_seed42_fold0rep3/best.pth,False
0.9552197802066591,0.9142782013958907,0.9205718824220129,0.9925777904369804,0.8042327542342071,0.8042327542342071,2,5.0,1.0416666666666667,1,1,1,1.0,1,1.0,0,167,cvc-clinicdb,unet,polypseg/runs_repeat/unet_seed42_fold0rep3/best.pth,False
0.9598448108539297,0.9227900037127418,0.923996265155481,0.9985872855499781,0.885705856283225,0.885705856283225,2,2.23606797749979,0.4658474953124562,1,1,1,1.0,1,1.0,0,168,cvc-clinicdb,unet,polypseg/runs_repeat/unet_seed42_fold0rep3/best.pth,False
0.9664419586564453,0.9350630733810914,0.9474219317218966,0.986241306305016,0.8009552504943026,0.8009552504943026,2,4.123105625617661,0.858980338670346,1,1,1,1.0,1,1.0,0,169,cvc-clinicdb,unet,polypseg/runs_repeat/unet_seed42_fold0rep3/best.pth,False
0.7079426247025993,0.5479188759242583,0.9826459051351164,0.553272654259448,0.47919576337093694,0.47919576337093694,2,46.51881339845203,9.69141945801084,1,1,1,1.0,1,1.0,0,17,cvc-clinicdb,unet,polypseg/runs_repeat/unet_seed42_fold0rep3/best.pth,False
0.9566824060669606,0.9169618260346919,0.9182266009671286,0.9985001071138098,0.7055433528710474,0.7055433528710474,2,3.0,0.625,1,1,1,1.0,1,1.0,0,170,cvc-clinicdb,unet,polypseg/runs_repeat/unet_seed42_fold0rep3/best.pth,False
0.9595032897696274,0.9221588884766271,0.926449534700672,0.9950028829330194,0.7492197835656336,0.7492197835656336,2,3.0,0.625,1,1,1,1.0,1,1.0,0,171,cvc-clinicdb,unet,polypseg/runs_repeat/unet_seed42_fold0rep3/best.pth,False
0.9463620158653968,0.8981851737650512,0.9548724656326072,0.938001927371089,0.7318032287019651,0.7318032287019651,2,3.605551275463989,0.7511565157216644,1,1,1,1.0,1,1.0,0,172,cvc-clinicdb,unet,polypseg/runs_repeat/unet_seed42_fold0rep3/best.pth,False
0.9676229876743968,0.9372767662606736,0.9481801357103359,0.9878799008264816,0.7053069596016099,0.7053069596016099,2,3.1622776601683795,0.6588078458684125,1,1,1,1.0,1,1.0,0,173,cvc-clinicdb,unet,polypseg/runs_repeat/unet_seed42_fold0rep3/best.pth,False
0.8244669238016721,0.7013557852986977,0.7119336391584746,0.9792549053420411,0.33307385127052014,0.33307385127052014,2,48.09105812425484,10.018970442553092,1,1,1,1.0,1,1.0,0,174,cvc-clinicdb,unet,polypseg/runs_repeat/unet_seed42_fold0rep3/best.pth,False
0.977804006422813,0.9565719417476645,0.9736859288215887,0.9819570657119586,0.7925729426251723,0.7925729426251723,2,4.242640687119285,0.8838834764831843,1,1,1,1.0,1,1.0,0,175,cvc-clinicdb,unet,polypseg/runs_repeat/unet_seed42_fold0rep3/best.pth,False
0.7973171112126117,0.6629487445493725,0.6629487445493725,0.9999999999921746,0.30968207050687646,0.30968207050687646,2,51.11673174540798,10.649319113626662,1,1,1,1.0,1,1.0,0,176,cvc-clinicdb,unet,polypseg/runs_repeat/unet_seed42_fold0rep3/best.pth,False
0.9004290410603419,0.818891253665563,0.8293984807962492,0.9847653869471691,0.44785555499926816,0.44785555499926816,2,25.0,5.208333333333333,1,1,1,1.0,1,1.0,0,177,cvc-clinicdb,unet,polypseg/runs_repeat/unet_seed42_fold0rep3/best.pth,False
0.0,0.0,0.0,0.0,0.0,0.0,2,,,1,0,0,0.0,0,0.0,0,178,cvc-clinicdb,unet,polypseg/runs_repeat/unet_seed42_fold0rep3/best.pth,False
0.8361455863779648,0.7184279894388108,0.7184279894388108,0.9999999999666445,0.11935479058274574,0.11935479058274574,2,213.78070824784285,44.537647551633924,1,3,1,1.0,1,1.0,2,179,cvc-clinicdb,unet,polypseg/runs_repeat/unet_seed42_fold0rep3/best.pth,False
0.9567781690098733,0.9171377942712249,0.9824640694117105,0.9324011323588195,0.690828895765902,0.690828895765902,2,7.0,1.4583333333333333,1,1,1,1.0,1,1.0,0,18,cvc-clinicdb,unet,polypseg/runs_repeat/unet_seed42_fold0rep3/best.pth,False
0.891201264477197,0.8037538607554348,0.8054761904570125,0.9973466980838047,0.4782090990805355,0.4782090990805355,2,10.770329614269007,2.2438186696393765,1,1,1,1.0,1,1.0,0,180,cvc-clinicdb,unet,polypseg/runs_repeat/unet_seed42_fold0rep3/best.pth,False
0.8901573158723353,0.8020572001805807,0.8054925673770348,0.9947106409149126,0.41328408299451863,0.41328408299451863,2,9.0,1.875,1,1,1,1.0,1,1.0,0,181,cvc-clinicdb,unet,polypseg/runs_repeat/unet_seed42_fold0rep3/best.pth,False
0.9110526315669598,0.8366360560455139,0.8462478611379554,0.9866058705902934,0.6514861622878464,0.6514861622878464,2,10.79117550972434,2.248161564525904,1,1,1,1.0,1,1.0,0,182,cvc-clinicdb,unet,polypseg/runs_repeat/unet_seed42_fold0rep3/best.pth,False
0.8894636536769743,0.8009316008629338,0.8009316008629338,0.9999999999693909,0.4514763184388027,0.4514763184388027,2,165.0143932229459,34.37799858811373,1,2,1,1.0,1,1.0,1,183,cvc-clinicdb,unet,polypseg/runs_repeat/unet_seed42_fold0rep3/best.pth,False
0.9041331802396078,0.825039287563514,0.8274231678269656,0.996520088548038,0.529641478871493,0.529641478871493,2,9.0,1.875,1,1,1,1.0,1,1.0,0,184,cvc-clinicdb,unet,polypseg/runs_repeat/unet_seed42_fold0rep3/best.pth,False
0.9236583522210539,0.8581460674006646,0.858900017556512,0.9989781320049259,0.4227115028021652,0.4227115028021652,2,6.956230589874895,1.4492147062239367,1,1,1,1.0,1,1.0,0,185,cvc-clinicdb,unet,polypseg/runs_repeat/unet_seed42_fold0rep3/best.pth,False
0.9683884050997948,0.9387141535506623,0.9416541004414608,0.9966850828606915,0.7884995468642558,0.7884995468642558,2,3.0,0.625,1,1,1,1.0,1,1.0,0,186,cvc-clinicdb,unet,polypseg/runs_repeat/unet_seed42_fold0rep3/best.pth,False
0.9384743371760463,0.8840806869232378,0.8932112365677967,0.9885696868018854,0.41410079792564686,0.41410079792564686,2,11.0,2.2916666666666665,1,1,1,1.0,1,1.0,0,187,cvc-clinicdb,unet,polypseg/runs_repeat/unet_seed42_fold0rep3/best.pth,False
0.9595051846426796,0.922162388971801,0.9250087688465449,0.9966742252381203,0.5074617479929718,0.5074617479929718,2,5.385164807134504,1.1219093348196882,1,1,1,1.0,1,1.0,0,188,cvc-clinicdb,unet,polypseg/runs_repeat/unet_seed42_fold0rep3/best.pth,False
0.9356445506979911,0.8790715087817471,0.9613101330407101,0.9113137977700114,0.507749532134676,0.507749532134676,2,5.0,1.0416666666666667,1,1,1,1.0,1,1.0,0,189,cvc-clinicdb,unet,polypseg/runs_repeat/unet_seed42_fold0rep3/best.pth,False
0.42680047225321804,0.2712945590979829,0.8998933143509976,0.27973690028587367,0.2521603505333121,0.2521603505333121,2,73.68174807915459,15.350364183157206,1,2,0,0.0,0,0.0,2,19,cvc-clinicdb,unet,polypseg/runs_repeat/unet_seed42_fold0rep3/best.pth,False
0.9334995843594694,0.8752922836873138,0.8782586026882623,0.9961561206092208,0.6414151255105266,0.6414151255105266,2,6.0,1.25,1,1,1,1.0,1,1.0,0,190,cvc-clinicdb,unet,polypseg/runs_repeat/unet_seed42_fold0rep3/best.pth,False
0.9060980171752302,0.8283173734043559,0.8613086770368912,0.9558011048969375,0.6659438523805414,0.6659438523805414,2,3.073024947075769,0.6402135306407852,1,1,1,1.0,1,1.0,0,191,cvc-clinicdb,unet,polypseg/runs_repeat/unet_seed42_fold0rep3/best.pth,False
0.9310589907273966,0.8710106382399594,0.9541150764053812,0.9090909090278215,0.7701463878938324,0.7701463878938324,2,3.605551275463989,0.7511565157216644,1,1,1,1.0,1,1.0,0,192,cvc-clinicdb,unet,polypseg/runs_repeat/unet_seed42_fold0rep3/best.pth,False
0.8959515701684458,0.81151473609282,0.81151473609282,0.9999999999577703,0.5196783841623364,0.5196783841623364,2,7.0,1.4583333333333333,1,1,1,1.0,1,1.0,0,193,cvc-clinicdb,unet,polypseg/runs_repeat/unet_seed42_fold0rep3/best.pth,False
0.958061889241062,0.9194998045932102,0.9350288098363794,0.9822584011483562,0.8076973717323226,0.8076973717323226,2,6.082762530298219,1.2672421938121292,1,1,1,1.0,1,1.0,0,194,cvc-clinicdb,unet,polypseg/runs_repeat/unet_seed42_fold0rep3/best.pth,False
0.9532997149643356,0.910766652683059,0.9109574690779184,0.9997700620602491,0.746033033395523,0.746033033395523,2,5.0,1.0416666666666667,1,1,1,1.0,1,1.0,0,195,cvc-clinicdb,unet,polypseg/runs_repeat/unet_seed42_fold0rep3/best.pth,False
0.9326635314137166,0.8738233526762703,0.8769849246054877,0.995891348984344,0.5611932093424243,0.5611932093424243,2,5.656854249492381,1.1785113019775793,1,1,1,1.0,1,1.0,0,196,cvc-clinicdb,unet,polypseg/runs_repeat/unet_seed42_fold0rep3/best.pth,False
0.930736360916916,0.8704460966380958,0.8753271027873771,0.9936346276046333,0.5269628087113862,0.5269628087113862,2,7.092073022724848,1.4775152130676765,1,1,1,1.0,1,1.0,0,197,cvc-clinicdb,unet,polypseg/runs_repeat/unet_seed42_fold0rep3/best.pth,False
0.9510036693184653,0.9065843621212637,0.9173433270681378,0.9872283217345457,0.7582417082477996,0.7582417082477996,2,7.060407640085652,1.4709182583511773,1,1,1,1.0,1,1.0,0,198,cvc-clinicdb,unet,polypseg/runs_repeat/unet_seed42_fold0rep3/best.pth,False
0.9316703976022633,0.8720814208566737,0.8720814208566737,0.9999999999771167,0.561359483049981,0.561359483049981,2,6.082762530298219,1.2672421938121292,1,1,1,1.0,1,1.0,0,199,cvc-clinicdb,unet,polypseg/runs_repeat/unet_seed42_fold0rep3/best.pth,False
0.6600297368910077,0.4925704361226719,0.9811647126563409,0.49727255016317323,0.5788903727078,0.5788903727078,2,68.02830276362467,14.17256307575514,1,1,1,1.0,0,0.0,0,2,cvc-clinicdb,unet,polypseg/runs_repeat/unet_seed42_fold0rep3/best.pth,False
0.3565144347656549,0.2169258083595151,0.88947716741916,0.22293486674652804,0.22167780249901625,0.22167780249901625,2,93.28074888525002,19.43348935109375,1,2,0,0.0,0,0.0,2,20,cvc-clinicdb,unet,polypseg/runs_repeat/unet_seed42_fold0rep3/best.pth,False
0.7741201659255043,0.6314812793294238,0.633833680282307,0.9941570716447129,0.126173719573982,0.126173719573982,2,53.665631459994955,11.180339887498949,1,2,1,1.0,1,1.0,1,200,cvc-clinicdb,unet,polypseg/runs_repeat/unet_seed42_fold0rep3/best.pth,False
0.6780769904744548,0.5129474149313924,0.5169219807577758,0.9852317093704764,0.14560782489115479,0.14560782489115479,2,43.613606997470235,9.086168124472966,1,2,1,1.0,1,1.0,1,201,cvc-clinicdb,unet,polypseg/runs_repeat/unet_seed42_fold0rep3/best.pth,False
0.5976671595170162,0.4261949390782084,0.4261949390782084,0.999999999981675,0.09714884491794776,0.09714884491794776,2,59.81596774006622,12.461659945847128,1,1,1,1.0,0,0.0,0,202,cvc-clinicdb,unet,polypseg/runs_repeat/unet_seed42_fold0rep3/best.pth,False
0.6299739680100412,0.4598262757788667,0.8268792710437072,0.5088105726770362,0.18082238868172973,0.18082238868172973,2,40.535708129212665,8.444939193585972,1,1,1,1.0,0,0.0,0,203,cvc-clinicdb,unet,polypseg/runs_repeat/unet_seed42_fold0rep3/best.pth,False
0.0,0.0,0.0,0.0,0.0,0.0,2,,,1,0,0,0.0,0,0.0,0,204,cvc-clinicdb,unet,polypseg/runs_repeat/unet_seed42_fold0rep3/best.pth,False
0.29849999999626875,0.17543344107882114,0.24009652120973063,0.3944499504329551,0.09258763505635548,0.09258763505635548,2,79.05944181899577,16.470717045624117,1,6,0,0.0,0,0.0,6,205,cvc-clinicdb,unet,polypseg/runs_repeat/unet_seed42_fold0rep3/best.pth,False
0.7427726067882464,0.5908021180565718,0.7949597572134192,0.697015270699942,0.24574875972923144,0.24574875972923144,2,132.17714886695228,27.536906013948393,1,2,1,1.0,1,1.0,1,206,cvc-clinicdb,unet,polypseg/runs_repeat/unet_seed42_fold0rep3/best.pth,False
0.7111228255092835,0.551738241303152,0.8360706538451183,0.6186654436984789,0.20165200638152167,0.20165200638152167,2,158.43136672093488,33.0065347335281,1,1,1,1.0,1,1.0,0,207,cvc-clinicdb,unet,polypseg/runs_repeat/unet_seed42_fold0rep3/best.pth,False
0.6845698679914343,0.5204152249014898,0.9257283544962771,0.5430909966166806,0.41940099937052683,0.41940099937052683,2,92.60452812304047,19.292610025633433,1,1,1,1.0,1,1.0,0,208,cvc-clinicdb,unet,polypseg/runs_repeat/unet_seed42_fold0rep3/best.pth,False
0.7260753241258269,0.5699515347150258,0.8693937900015084,0.6233215547482925,0.40807007733236356,0.40807007733236356,2,58.77393083693372,12.244568924361193,1,1,1,1.0,1,1.0,0,209,cvc-clinicdb,unet,polypseg/runs_repeat/unet_seed42_fold0rep3/best.pth,False
0.5719766946128275,0.4005373669008507,0.9778119685725336,0.40421116057843465,0.446068335911304,0.446068335911304,2,106.00235843809216,22.083824674602532,1,2,1,1.0,0,0.0,1,21,cvc-clinicdb,unet,polypseg/runs_repeat/unet_seed42_fold0rep3/best.pth,False
0.7308543318065545,0.5758632362878271,0.9201601125065172,0.6061502280480111,0.2487394470374285,0.2487394470374285,2,165.81104581452476,34.543967878025995,1,1,1,1.0,1,1.0,0,210,cvc-clinicdb,unet,polypseg/runs_repeat/unet_seed42_fold0rep3/best.pth,False
0.7591863162986047,0.6118455383518357,0.9170903402364939,0.6476707788591066,0.23135030848859583,0.23135030848859583,2,173.69872968363887,36.1872353507581,1,1,1,1.0,1,1.0,0,211,cvc-clinicdb,unet,polypseg/runs_repeat/unet_seed42_fold0rep3/best.pth,False
0.8025808168125496,0.6702588601229293,0.9268704870108552,0.7076832844533273,0.30559492946052225,0.30559492946052225,2,168.60664190969345,35.12638373118614,1,1,1,1.0,1,1.0,0,212,cvc-clinicdb,unet,polypseg/runs_repeat/unet_seed42_fold0rep3/best.pth,False
0.8584697627769513,0.7520341860284959,0.9352795573606925,0.7933185130246182,0.4077024725126578,0.4077024725126578,2,128.28466624374914,26.725972134114404,1,1,1,1.0,1,1.0,0,213,cvc-clinicdb,unet,polypseg/runs_repeat/unet_seed42_fold0rep3/best.pth,False
0.8815855494185569,0.7882458501499484,0.943001288096361,0.8276804220762419,0.45579216835598857,0.45579216835598857,2,104.97664926131627,21.870135262774223,1,1,1,1.0,1,1.0,0,214,cvc-clinicdb,unet,polypseg/runs_repeat/unet_seed42_fold0rep3/best.pth,False
0.9633956753146304,0.9293764769957337,0.9306453080829102,0.9985351562402486,0.7352011930542861,0.7352011930542861,2,3.605551275463989,0.7511565157216644,1,1,1,1.0,1,1.0,0,215,cvc-clinicdb,unet,polypseg/runs_repeat/unet_seed42_fold0rep3/best.pth,False
0.8865897015903543,0.7962830080310255,0.8704894885403947,0.9032967032893504,0.16942919544482735,0.16942919544482735,2,58.74731898113717,12.239024787736911,1,1,1,1.0,1,1.0,0,216,cvc-clinicdb,unet,polypseg/runs_repeat/unet_seed42_fold0rep3/best.pth,False
0.9469041705877069,0.8991623973253706,0.9001872506643313,0.9987354349110402,0.3642945668916061,0.3642945668916061,2,5.0,1.0416666666666667,1,1,1,1.0,1,1.0,0,217,cvc-clinicdb,unet,polypseg/runs_repeat/unet_seed42_fold0rep3/best.pth,False
0.9228874370733485,0.8568161479481274,0.8569865738353357,0.9997679545074861,0.22398382381139673,0.22398382381139673,2,7.810249675906654,1.6271353491472196,1,1,1,1.0,1,1.0,0,218,cvc-clinicdb,unet,polypseg/runs_repeat/unet_seed42_fold0rep3/best.pth,False
0.8762780484397428,0.7797997068786053,0.8497471386631654,0.9045190536775107,0.2971460920681674,0.2971460920681674,2,46.80857281957096,9.751786004077283,1,1,1,1.0,1,1.0,0,219,cvc-clinicdb,unet,polypseg/runs_repeat/unet_seed42_fold0rep3/best.pth,False
0.15612722489809688,0.08467353442510066,0.9234188724808362,0.08527233034148998,0.08747924659844503,0.08747924659844503,2,216.79205174985668,45.16501078122015,1,1,0,0.0,0,0.0,1,22,cvc-clinicdb,unet,polypseg/runs_repeat/unet_seed42_fold0rep3/best.pth,False
0.9300923308749756,0.8693201831477753,0.8697797356674929,0.9993925895728003,0.48913735947959763,0.48913735947959763,2,5.0,1.0416666666666667,1,1,1,1.0,1,1.0,0,220,cvc-clinicdb,unet,polypseg/runs_repeat/unet_seed42_fold0rep3/best.pth,False
0.9005395261447273,0.8190740345462114,0.8586445985046155,0.9467324290765294,0.421361668391616,0.421361668391616,2,26.76830409443721,5.576730019674418,1,1,1,1.0,1,1.0,0,221,cvc-clinicdb,unet,polypseg/runs_repeat/unet_seed42_fold0rep3/best.pth,False
0.8991399530766336,0.8167613636170274,0.8167613636170274,0.9999999999710145,0.30714934225579255,0.30714934225579255,2,4.242640687119285,0.8838834764831843,1,1,1,1.0,1,1.0,0,222,cvc-clinicdb,unet,polypseg/runs_repeat/unet_seed42_fold0rep3/best.pth,False
0.9053286448349293,0.8270323696361,0.8272367770433209,0.9997013141875837,0.36992661406657,0.36992661406657,2,5.0,1.0416666666666667,1,1,1,1.0,1,1.0,0,223,cvc-clinicdb,unet,polypseg/runs_repeat/unet_seed42_fold0rep3/best.pth,False
0.9102956167021696,0.8353601496465433,0.8356207111404984,0.9996268656343423,0.5511797360460863,0.5511797360460863,2,6.037243138634198,1.2577589872154578,1,1,1,1.0,1,1.0,0,224,cvc-clinicdb,unet,polypseg/runs_repeat/unet_seed42_fold0rep3/best.pth,False
0.9415778251465305,0.8896051571074509,0.897074756205388,0.990726891983526,0.7797991971797502,0.7797991971797502,2,3.0,0.625,1,1,1,1.0,1,1.0,0,225,cvc-clinicdb,unet,polypseg/runs_repeat/unet_seed42_fold0rep3/best.pth,False
0.9501703969701558,0.905071065083259,0.9161634102856809,0.9867993112495351,0.6648322945621423,0.6648322945621423,2,4.0,0.8333333333333334,1,1,1,1.0,1,1.0,0,226,cvc-clinicdb,unet,polypseg/runs_repeat/unet_seed42_fold0rep3/best.pth,False
0.9244320815805218,0.8594827585959919,0.8629544142855466,0.9953410981365943,0.6201425022490509,0.6201425022490509,2,5.385164807134504,1.1219093348196882,1,1,1,1.0,1,1.0,0,227,cvc-clinicdb,unet,polypseg/runs_repeat/unet_seed42_fold0rep3/best.pth,False
0.8957279541660325,0.8111479028608041,0.9227774987327627,0.8702190645249234,0.36111106158372597,0.36111106158372597,2,25.111292230820503,5.231519214754272,1,1,1,1.0,1,1.0,0,228,cvc-clinicdb,unet,polypseg/runs_repeat/unet_seed42_fold0rep3/best.pth,False
0.8810544085126538,0.7873970059093953,0.9752766997128751,0.8034339845967621,0.3212774534511393,0.3212774534511393,2,36.967278184538614,7.701516288445545,1,1,1,1.0,1,1.0,0,229,cvc-clinicdb,unet,polypseg/runs_repeat/unet_seed42_fold0rep3/best.pth,False
0.7354917246044069,0.581642476301164,0.9941146690229457,0.5836522385265329,0.3714652458281634,0.3714652458281634,2,46.111798906031716,9.60662477208994,1,1,1,1.0,1,1.0,0,23,cvc-clinicdb,unet,polypseg/runs_repeat/unet_seed42_fold0rep3/best.pth,False
0.8219572846200889,0.6977313079475331,0.8502740648098361,0.7954657910089719,0.17750435402538914,0.17750435402538914,2,50.621917563766324,10.546232825784651,1,1,1,1.0,1,1.0,0,230,cvc-clinicdb,unet,polypseg/runs_repeat/unet_seed42_fold0rep3/best.pth,False
0.8582697870079983,0.7517273145981035,0.8672547560799911,0.8494690818194385,0.2365938272272181,0.2365938272272181,2,42.72407329469881,8.900848603062252,1,1,1,1.0,1,1.0,0,231,cvc-clinicdb,unet,polypseg/runs_repeat/unet_seed42_fold0rep3/best.pth,False
0.8702039353830276,0.77023098472028,0.9329065300836561,0.8153992501772962,0.19987792471990695,0.19987792471990695,2,30.105879798385498,6.272058291330312,1,1,1,1.0,1,1.0,0,232,cvc-clinicdb,unet,polypseg/runs_repeat/unet_seed42_fold0rep3/best.pth,False
0.9112955775252534,0.8370459040239562,0.9475637777591023,0.8777013752407896,0.29744532776056914,0.29744532776056914,2,23.259406699226016,4.84570972900542,1,1,1,1.0,1,1.0,0,233,cvc-clinicdb,unet,polypseg/runs_repeat/unet_seed42_fold0rep3/best.pth,False
0.9239935587731917,0.8587249326497531,0.9642401021646552,0.8869721140117048,0.5150601216210366,0.5150601216210366,2,21.470910553583888,4.473106365329977,1,1,1,1.0,1,1.0,0,234,cvc-clinicdb,unet,polypseg/runs_repeat/unet_seed42_fold0rep3/best.pth,False
0.9145040369055849,0.8424757603875516,0.94200638597355,0.8885620228277049,0.28359278700442603,0.28359278700442603,2,16.442260832882983,3.4254710068506213,1,1,1,1.0,1,1.0,0,235,cvc-clinicdb,unet,polypseg/runs_repeat/unet_seed42_fold0rep3/best.pth,False
0.9444492590304859,0.8947454843933107,0.9478994520227197,0.94102409117571,0.5049899358019788,0.5049899358019788,2,8.526246736719985,1.7763014034833302,1,1,1,1.0,1,1.0,0,236,cvc-clinicdb,unet,polypseg/runs_repeat/unet_seed42_fold0rep3/best.pth,False
0.8800516369603039,0.785796618847427,0.8704071499441736,0.8899122488875921,0.2628406350946108,0.2628406350946108,2,35.86477992371121,7.47182915077317,1,1,1,1.0,1,1.0,0,237,cvc-clinicdb,unet,polypseg/runs_repeat/unet_seed42_fold0rep3/best.pth,False
0.9372855876308165,0.8819731592246501,0.9528213166069528,0.922248350140922,0.5521574229676686,0.5521574229676686,2,27.472703572717776,5.723479910982871,1,1,1,1.0,1,1.0,0,238,cvc-clinicdb,unet,polypseg/runs_repeat/unet_seed42_fold0rep3/best.pth,False
0.94758830231315,0.9003969685968936,0.9568919229810777,0.9384638531487364,0.5858871475036566,0.5858871475036566,2,14.0,2.9166666666666665,1,1,1,1.0,1,1.0,0,239,cvc-clinicdb,unet,polypseg/runs_repeat/unet_seed42_fold0rep3/best.pth,False
0.8705486630734137,0.7707712892193415,0.9739841832507554,0.7869733826864667,0.6138420874307294,0.6138420874307294,2,31.0,6.458333333333333,1,1,1,1.0,1,1.0,0,24,cvc-clinicdb,unet,polypseg/runs_repeat/unet_seed42_fold0rep3/best.pth,False
0.9632269560952404,0.9290624999927416,0.9869698730103164,0.9405995412406818,0.8088495076363098,0.8088495076363098,2,18.93077075850024,3.9439105746875502,1,1,1,1.0,1,1.0,0,240,cvc-clinicdb,unet,polypseg/runs_repeat/unet_seed42_fold0rep3/best.pth,False
0.9011295180688963,0.8200507092385386,0.9467563291064338,0.859698275855893,0.42482809604892474,0.42482809604892474,2,38.41842450321046,8.003838438168845,1,1,1,1.0,1,1.0,0,241,cvc-clinicdb,unet,polypseg/runs_repeat/unet_seed42_fold0rep3/best.pth,False
0.8240650693978248,0.7007743778610572,0.984578007806226,0.7085518814085249,0.3362020430781181,0.3362020430781181,2,44.54603221001382,9.280423377086212,1,1,1,1.0,1,1.0,0,242,cvc-clinicdb,unet,polypseg/runs_repeat/unet_seed42_fold0rep3/best.pth,False
0.9005714285669536,0.8191268191194149,0.9070163146741365,0.8942174856829068,0.42332843143860815,0.42332843143860815,2,34.52535300326414,7.192781875680028,1,1,1,1.0,1,1.0,0,243,cvc-clinicdb,unet,polypseg/runs_repeat/unet_seed42_fold0rep3/best.pth,False
0.920080662274888,0.8519901719817986,0.91930010603479,0.9208625451357461,0.5324214401664081,0.5324214401664081,2,26.333483212823186,5.48614233600483,1,1,1,1.0,1,1.0,0,244,cvc-clinicdb,unet,polypseg/runs_repeat/unet_seed42_fold0rep3/best.pth,False
0.9057407037789813,0.8277203647315778,0.9495118549379427,0.8658272923710311,0.5231556037543008,0.5231556037543008,2,25.023415301598256,5.213211521166303,1,1,1,1.0,1,1.0,0,245,cvc-clinicdb,unet,polypseg/runs_repeat/unet_seed42_fold0rep3/best.pth,False
0.0,0.0,0.0,0.0,0.0,0.0,2,,,1,0,0,0.0,0,0.0,0,246,cvc-clinicdb,unet,polypseg/runs_repeat/unet_seed42_fold0rep3/best.pth,False
0.903524984035406,0.8240269690418386,0.9110252761339633,0.8961471803699763,0.31880873407653426,0.31880873407653426,2,23.224908619560612,4.838522629075127,1,1,1,1.0,1,1.0,0,247,cvc-clinicdb,unet,polypseg/runs_repeat/unet_seed42_fold0rep3/best.pth,False
0.8885779394679223,0.799496402871946,0.9543151567114271,0.8313135846736137,0.44932152709478007,0.44932152709478007,2,35.95543986723428,7.490716639007142,1,1,1,1.0,1,1.0,0,248,cvc-clinicdb,unet,polypseg/runs_repeat/unet_seed42_fold0rep3/best.pth,False
0.8965651265563981,0.8125220147867864,0.9311736804830842,0.8644369495890534,0.5647902087834578,0.5647902087834578,2,26.41966932110299,5.50409777522979,1,1,1,1.0,1,1.0,0,249,cvc-clinicdb,unet,polypseg/runs_repeat/unet_seed42_fold0rep3/best.pth,False
0.10777684641872445,0.05695778862801827,0.9823429541262363,0.057016160819753615,0.16186150409031788,0.16186150409031788,2,257.1203024467622,53.56672967640879,1,1,0,0.0,0,0.0,1,25,cvc-clinicdb,unet,polypseg/runs_repeat/unet_seed42_fold0rep3/best.pth,False
0.8954366142263895,0.8106701939963785,0.8876122429189184,0.9034001572238266,0.45216642038468696,0.45216642038468696,2,22.111981821145974,4.606662879405411,1,1,1,1.0,1,1.0,0,250,cvc-clinicdb,unet,polypseg/runs_repeat/unet_seed42_fold0rep3/best.pth,False
0.8693885325997245,0.7689542850638104,0.8815348956878505,0.8575723412143609,0.5038845228330638,0.5038845228330638,2,27.0,5.625,1,1,1,1.0,1,1.0,0,251,cvc-clinicdb,unet,polypseg/runs_repeat/unet_seed42_fold0rep3/best.pth,False
0.8715415846935183,0.7723293768488699,0.8298262394322506,0.9176729836851681,0.38768312581695485,0.38768312581695485,2,27.999863161926925,5.833304825401442,1,1,1,1.0,1,1.0,0,252,cvc-clinicdb,unet,polypseg/runs_repeat/unet_seed42_fold0rep3/best.pth,False
0.9442700156966366,0.8944237918180613,0.9631299511167911,0.9261345218763122,0.6716037592752477,0.6716037592752477,2,20.808652046684813,4.335135843059335,1,1,1,1.0,1,1.0,0,253,cvc-clinicdb,unet,polypseg/runs_repeat/unet_seed42_fold0rep3/best.pth,False
0.8287229925077323,0.707538001008018,0.8890625763231446,0.7760532150742961,0.29035172122790814,0.29035172122790814,2,42.86484751316147,8.930176565241974,1,2,1,1.0,1,1.0,1,254,cvc-clinicdb,unet,polypseg/runs_repeat/unet_seed42_fold0rep3/best.pth,False
0.9149909722714872,0.8433026351744173,0.9592387076649938,0.874645356530761,0.5163690365164934,0.5163690365164934,2,19.0,3.9583333333333335,1,1,1,1.0,1,1.0,0,255,cvc-clinicdb,unet,polypseg/runs_repeat/unet_seed42_fold0rep3/best.pth,False
0.7477032915094028,0.5970656046925296,0.9121941847001909,0.6334726916890523,0.31895588731099295,0.31895588731099295,2,48.1310031438796,10.027292321641585,1,2,1,1.0,1,1.0,1,256,cvc-clinicdb,unet,polypseg/runs_repeat/unet_seed42_fold0rep3/best.pth,False
0.930689264232181,0.8703637147754802,0.9608395492740801,0.9023735886988025,0.537069726189672,0.537069726189672,2,28.646080530410657,5.967933443835554,1,1,1,1.0,1,1.0,0,257,cvc-clinicdb,unet,polypseg/runs_repeat/unet_seed42_fold0rep3/best.pth,False
0.934347546601812,0.8767844935019231,0.9505602301916093,0.9186786331229988,0.5652001966620799,0.5652001966620799,2,23.47235651583141,4.890074274131544,1,1,1,1.0,1,1.0,0,258,cvc-clinicdb,unet,polypseg/runs_repeat/unet_seed42_fold0rep3/best.pth,False
0.9341622415038333,0.8764581983114207,0.9815377636607777,0.8911494584206122,0.6003372181300777,0.6003372181300777,2,25.0,5.208333333333333,1,1,1,1.0,1,1.0,0,259,cvc-clinicdb,unet,polypseg/runs_repeat/unet_seed42_fold0rep3/best.pth,False
0.8812121211854178,0.7876489707048944,0.7893593919224018,0.9972565157066353,0.5974139964315291,0.5974139964315291,2,7.615773105863909,1.5866193970549811,1,1,1,1.0,1,1.0,0,26,cvc-clinicdb,unet,polypseg/runs_repeat/unet_seed42_fold0rep3/best.pth,False
0.8429154959487098,0.7284822266631494,0.971005820589833,0.744680851060723,0.4250966602746035,0.4250966602746035,2,31.496705365528456,6.561813617818428,1,2,1,1.0,1,1.0,1,260,cvc-clinicdb,unet,polypseg/runs_repeat/unet_seed42_fold0rep3/best.pth,False
0.8614136792553061,0.7565642266735624,0.9735002056467859,0.7724729578479463,0.5172697253948009,0.5172697253948009,2,40.062443479253886,8.346342391511227,1,1,1,1.0,1,1.0,0,261,cvc-clinicdb,unet,polypseg/runs_repeat/unet_seed42_fold0rep3/best.pth,False
0.9038380725560168,0.8245479522022583,0.9634911154176236,0.8511410104151751,0.5553964574529661,0.5553964574529661,2,31.036224102968966,6.465880021451868,1,1,1,1.0,1,1.0,0,262,cvc-clinicdb,unet,polypseg/runs_repeat/unet_seed42_fold0rep3/best.pth,False
0.858836899052034,0.7525978524354641,0.9734543010643654,0.7683670762906164,0.48008570192609734,0.48008570192609734,2,37.365713449747666,7.784523635364097,1,2,1,1.0,1,1.0,1,263,cvc-clinicdb,unet,polypseg/runs_repeat/unet_seed42_fold0rep3/best.pth,False
0.8272923992407644,0.7054549648225678,0.9652324847413989,0.7238482171003319,0.4154701952400549,0.4154701952400549,2,60.96874235652248,12.701821324275517,1,1,1,1.0,1,1.0,0,264,cvc-clinicdb,unet,polypseg/runs_repeat/unet_seed42_fold0rep3/best.pth,False
0.8959909466209192,0.8115793469976781,0.9654502754901749,0.8358553274649624,0.5062269527478092,0.5062269527478092,2,42.96449334482988,8.950936113506225,1,1,1,1.0,1,1.0,0,265,cvc-clinicdb,unet,polypseg/runs_repeat/unet_seed42_fold0rep3/best.pth,False
0.9285687059254267,0.8666619232243528,0.9452139836226081,0.9124995317791793,0.48495887492555634,0.48495887492555634,2,26.90724809414742,5.605676686280713,1,1,1,1.0,1,1.0,0,266,cvc-clinicdb,unet,polypseg/runs_repeat/unet_seed42_fold0rep3/best.pth,False
0.9475164264636522,0.9002671873348049,0.9808542797907358,0.9163702928822365,0.6953226587829469,0.6953226587829469,2,16.17536696819566,3.3698681183740957,1,1,1,1.0,1,1.0,0,267,cvc-clinicdb,unet,polypseg/runs_repeat/unet_seed42_fold0rep3/best.pth,False
0.594362919018494,0.4228423730850012,0.9999044981281643,0.42285945072527115,0.09218591634954708,0.09218591634954708,2,78.91767862779544,16.441183047457383,1,2,0,0.0,0,0.0,2,268,cvc-clinicdb,unet,polypseg/runs_repeat/unet_seed42_fold0rep3/best.pth,False
0.7692096219910125,0.6249720795147421,0.7649406747183283,0.7735264845694264,0.4067689684000808,0.4067689684000808,2,68.02609747731441,14.172103641107167,1,1,1,1.0,1,1.0,0,269,cvc-clinicdb,unet,polypseg/runs_repeat/unet_seed42_fold0rep3/best.pth,False
0.8963636363364739,0.8121911037445254,0.8171270717780592,0.9926174495978108,0.5800947367299071,0.5800947367299071,2,5.0,1.0416666666666667,1,1,1,1.0,1,1.0,0,27,cvc-clinicdb,unet,polypseg/runs_repeat/unet_seed42_fold0rep3/best.pth,False
0.7790057720685959,0.6380093814107373,0.7412295640295418,0.8208392267759508,0.4345902943736107,0.4345902943736107,2,47.07859893491531,9.808041444774025,1,1,1,1.0,1,1.0,0,270,cvc-clinicdb,unet,polypseg/runs_repeat/unet_seed42_fold0rep3/best.pth,False
0.9211869414929511,0.8538893131009797,0.9746854630855893,0.8732556955119232,0.49640166000108,0.49640166000108,2,45.25924153202444,9.429008652505093,1,1,1,1.0,1,1.0,0,271,cvc-clinicdb,unet,polypseg/runs_repeat/unet_seed42_fold0rep3/best.pth,False
0.9035198555943088,0.8240184377292397,0.9604720330008619,0.8529436823695636,0.5381794069473582,0.5381794069473582,2,52.54899403483335,10.947707090590281,1,1,1,1.0,1,1.0,0,272,cvc-clinicdb,unet,polypseg/runs_repeat/unet_seed42_fold0rep3/best.pth,False
0.8966400112217722,0.8126450300365153,0.9783399027936996,0.8275337455060126,0.5679816917662467,0.5679816917662467,2,54.405882034941776,11.334558757279536,1,1,1,1.0,1,1.0,0,273,cvc-clinicdb,unet,polypseg/runs_repeat/unet_seed42_fold0rep3/best.pth,False
0.9376266606605049,0.8825773632868571,0.9825720546064973,0.8966132455600092,0.6921755225345005,0.6921755225345005,2,26.870057685088806,5.5979286843935006,1,1,1,1.0,1,1.0,0,274,cvc-clinicdb,unet,polypseg/runs_repeat/unet_seed42_fold0rep3/best.pth,False
0.9142283419373121,0.8420079260206,0.9768368508583202,0.8591619810488363,0.5295927935200982,0.5295927935200982,2,28.089920821978914,5.8520668379122736,1,1,1,1.0,1,1.0,0,275,cvc-clinicdb,unet,polypseg/runs_repeat/unet_seed42_fold0rep3/best.pth,False
0.9217182625367849,0.8548028131360509,0.9789468318245452,0.8708112274934439,0.5872644684652444,0.5872644684652444,2,54.81875816810937,11.420574618356119,1,1,1,1.0,1,1.0,0,276,cvc-clinicdb,unet,polypseg/runs_repeat/unet_seed42_fold0rep3/best.pth,False
0.9081867388331929,0.8318150833436709,0.9348144021106287,0.883034010914525,0.4919140621935162,0.4919140621935162,2,42.821197406095706,8.921082792936605,1,1,1,1.0,1,1.0,0,277,cvc-clinicdb,unet,polypseg/runs_repeat/unet_seed42_fold0rep3/best.pth,False
0.8282480314756829,0.7068458630530514,0.9964476020724423,0.7086315789175314,0.2753445135607266,0.2753445135607266,2,10.139259822270176,2.1123457963062866,1,1,1,1.0,1,1.0,0,278,cvc-clinicdb,unet,polypseg/runs_repeat/unet_seed42_fold0rep3/best.pth,False
0.9411326378364171,0.888810696661196,0.9611872145752973,0.9218978101853322,0.7338688279517713,0.7338688279517713,2,4.123105625617661,0.858980338670346,1,1,1,1.0,1,1.0,0,279,cvc-clinicdb,unet,polypseg/runs_repeat/unet_seed42_fold0rep3/best.pth,False
0.9191564147512031,0.8504065040452867,0.8547746906174464,0.9940266087158831,0.6087173431210148,0.6087173431210148,2,7.0,1.4583333333333333,1,1,1,1.0,1,1.0,0,28,cvc-clinicdb,unet,polypseg/runs_repeat/unet_seed42_fold0rep3/best.pth,False
0.9146323847910641,0.8426936385189595,0.8467504680169363,0.9943467336371122,0.6728795065345483,0.6728795065345483,2,9.947100230628633,2.072312548047632,1,1,1,1.0,1,1.0,0,280,cvc-clinicdb,unet,polypseg/runs_repeat/unet_seed42_fold0rep3/best.pth,False
0.928933350644031,0.8672974284117589,0.8838071693230208,0.9789156626237975,0.6857142357551056,0.6857142357551056,2,10.0,2.0833333333333335,1,1,1,1.0,1,1.0,0,281,cvc-clinicdb,unet,polypseg/runs_repeat/unet_seed42_fold0rep3/best.pth,False
0.9332566167901811,0.8748651563996793,0.8830574912699682,0.9895070765985967,0.6724602437008869,0.6724602437008869,2,7.249056587021876,1.5102201222962242,1,1,1,1.0,1,1.0,0,282,cvc-clinicdb,unet,polypseg/runs_repeat/unet_seed42_fold0rep3/best.pth,False
0.9323677140412058,0.8733041575301247,0.888270643203021,0.9810717797202293,0.6356621421696825,0.6356621421696825,2,7.0710678118654755,1.473139127471974,1,1,1,1.0,1,1.0,0,283,cvc-clinicdb,unet,polypseg/runs_repeat/unet_seed42_fold0rep3/best.pth,False
0.8885077186825432,0.7993827160269534,0.8570998796372714,0.9223049530293848,0.5046774847204628,0.5046774847204628,2,7.0,1.4583333333333333,1,1,1,1.0,1,1.0,0,284,cvc-clinicdb,unet,polypseg/runs_repeat/unet_seed42_fold0rep3/best.pth,False
0.8663389884118228,0.7641958041744281,0.9375428963302148,0.8051871499910054,0.5126302686102255,0.5126302686102255,2,13.857173642667554,2.88691117555574,1,1,1,1.0,1,1.0,0,285,cvc-clinicdb,unet,polypseg/runs_repeat/unet_seed42_fold0rep3/best.pth,False
0.8649848166215255,0.7620909652034968,0.7657154673125369,0.9938271604671545,0.5180448618721039,0.5180448618721039,2,12.649110640673518,2.63523138347365,1,1,1,1.0,1,1.0,0,286,cvc-clinicdb,unet,polypseg/runs_repeat/unet_seed42_fold0rep3/best.pth,False
0.8834937909741385,0.7913021744366083,0.865027322380737,0.902765896752131,0.4195165938768462,0.4195165938768462,2,8.927174577851329,1.85982803705236,1,1,1,1.0,1,1.0,0,287,cvc-clinicdb,unet,polypseg/runs_repeat/unet_seed42_fold0rep3/best.pth,False
0.920950658732615,0.8534833612436322,0.8837382250648553,0.9614347356806517,0.5309821169433304,0.5309821169433304,2,6.082762530298219,1.2672421938121292,1,1,1,1.0,1,1.0,0,288,cvc-clinicdb,unet,polypseg/runs_repeat/unet_seed42_fold0rep3/best.pth,False
0.9350725487185245,0.8780622075178073,0.8910614524890765,0.9836571075860729,0.5415997606237936,0.5415997606237936,2,4.0,0.8333333333333334,1,1,1,1.0,1,1.0,0,289,cvc-clinicdb,unet,polypseg/runs_repeat/unet_seed42_fold0rep3/best.pth,False
0.9393019726757066,0.8855507868202422,0.9038381309782262,0.9776624548515871,0.6341968412007879,0.6341968412007879,2,4.123105625617661,0.858980338670346,1,1,1,1.0,1,1.0,0,29,cvc-clinicdb,unet,polypseg/runs_repeat/unet_seed42_fold0rep3/best.pth,False
0.935258964120138,0.8783910196034429,0.8825187969510095,0.9947033897778229,0.7195871697337584,0.7195871697337584,2,4.0,0.8333333333333334,1,1,1,1.0,1,1.0,0,290,cvc-clinicdb,unet,polypseg/runs_repeat/unet_seed42_fold0rep3/best.pth,False
0.9156249999713868,0.8443804034095458,0.9457714654005311,0.8873410053974959,0.7734106283553684,0.7734106283553684,2,6.324555320336759,1.317615691736825,1,1,1,1.0,1,1.0,0,291,cvc-clinicdb,unet,polypseg/runs_repeat/unet_seed42_fold0rep3/best.pth,False
0.8499641062302591,0.7390761547834246,0.7486563388950789,0.9829804897890004,0.5419650032800808,0.5419650032800808,2,13.0,2.7083333333333335,1,1,1,1.0,1,1.0,0,292,cvc-clinicdb,unet,polypseg/runs_repeat/unet_seed42_fold0rep3/best.pth,False
0.9546136022767533,0.9131681877206476,0.9464864864609058,0.9628814957117713,0.8413832196296058,0.8413832196296058,2,4.0,0.8333333333333334,1,1,1,1.0,1,1.0,0,293,cvc-clinicdb,unet,polypseg/runs_repeat/unet_seed42_fold0rep3/best.pth,False
0.9576110337725217,0.9186695799728413,0.9206812651844117,0.9976272079884623,0.8439957174478928,0.8439957174478928,2,5.0,1.0416666666666667,1,1,1,1.0,1,1.0,0,294,cvc-clinicdb,unet,polypseg/runs_repeat/unet_seed42_fold0rep3/best.pth,False
0.9076843733766415,0.8309726156555484,0.8408982321824917,0.9859943977314848,0.42837397128213417,0.42837397128213417,2,7.2041008139748515,1.5008543362447606,1,1,1,1.0,1,1.0,0,295,cvc-clinicdb,unet,polypseg/runs_repeat/unet_seed42_fold0rep3/best.pth,False
0.9259324730258807,0.8620803159689902,0.8975325565148208,0.9561883898884196,0.630086827010944,0.630086827010944,2,4.242640687119285,0.8838834764831843,1,1,1,1.0,1,1.0,0,296,cvc-clinicdb,unet,polypseg/runs_repeat/unet_seed42_fold0rep3/best.pth,False
0.9073564483414538,0.8304231027256407,0.943893129734966,0.8735429176660706,0.6513486013750523,0.6513486013750523,2,8.0,1.6666666666666667,1,1,1,1.0,1,1.0,0,297,cvc-clinicdb,unet,polypseg/runs_repeat/unet_seed42_fold0rep3/best.pth,False
0.9600543683382915,0.9231774615027131,0.9831425920045911,0.9380256750636267,0.8341708043625822,0.8341708043625822,2,6.708203932499369,1.3975424859373686,1,1,1,1.0,1,1.0,0,298,cvc-clinicdb,unet,polypseg/runs_repeat/unet_seed42_fold0rep3/best.pth,False
0.9543392803000553,0.9126662810609408,0.9503161697997496,0.9583965988169331,0.8750385707804076,0.8750385707804076,2,2.8284271247461903,0.5892556509887896,1,1,1,1.0,1,1.0,0,299,cvc-clinicdb,unet,polypseg/runs_repeat/unet_seed42_fold0rep3/best.pth,False
0.6837044039486139,0.5194155522510182,0.9818369066474877,0.5244548909755729,0.5891021727161202,0.5891021727161202,2,64.33105341551564,13.402302794899093,1,1,1,1.0,1,1.0,0,3,cvc-clinicdb,unet,polypseg/runs_repeat/unet_seed42_fold0rep3/best.pth,False
0.9689102214412081,0.9396953025715225,0.9546431642201779,0.9836101882504583,0.8216210424392792,0.8216210424392792,2,6.324555320336759,1.317615691736825,1,1,1,1.0,1,1.0,0,30,cvc-clinicdb,unet,polypseg/runs_repeat/unet_seed42_fold0rep3/best.pth,False
0.9440332742005991,0.8939990732055838,0.9653490117467433,0.923638539785474,0.756974353365796,0.756974353365796,2,20.701641923937608,4.312842067487002,1,1,1,1.0,1,1.0,0,300,cvc-clinicdb,unet,polypseg/runs_repeat/unet_seed42_fold0rep3/best.pth,False
0.9257403989724426,0.8617473821848536,0.9769987015214803,0.8795925183553842,0.6629461050910512,0.6629461050910512,2,21.992016483392074,4.581670100706683,1,1,1,1.0,1,1.0,0,301,cvc-clinicdb,unet,polypseg/runs_repeat/unet_seed42_fold0rep3/best.pth,False
0.9601930036133023,0.9234338746997741,0.9801806027796389,0.9410042783051,0.843006568218529,0.843006568218529,2,17.589603370785735,3.664500702247028,1,1,1,1.0,1,1.0,0,302,cvc-clinicdb,unet,polypseg/runs_repeat/unet_seed42_fold0rep3/best.pth,False
0.9289031797022972,0.867244829878326,0.9925828970223322,0.8729016786487012,0.5565309724233635,0.5565309724233635,2,21.432254485885775,4.46505301789287,1,1,1,1.0,1,1.0,0,303,cvc-clinicdb,unet,polypseg/runs_repeat/unet_seed42_fold0rep3/best.pth,False
0.9374164929670386,0.8822050095475081,0.9765059570095033,0.901336073988681,0.6181263161879713,0.6181263161879713,2,10.63014581273465,2.2146137109863853,1,1,1,1.0,1,1.0,0,304,cvc-clinicdb,unet,polypseg/runs_repeat/unet_seed42_fold0rep3/best.pth,False
0.9185575816061256,0.8493818681260344,0.980340864042962,0.8641000558911116,0.5340158827229399,0.5340158827229399,2,21.51970052811222,4.483270943356713,1,1,1,1.0,1,1.0,0,305,cvc-clinicdb,unet,polypseg/runs_repeat/unet_seed42_fold0rep3/best.pth,False
0.9629079523082917,0.928469131020211,0.995600381849518,0.9322942982590373,0.666191226228578,0.666191226228578,2,11.034020762890446,2.298754325602176,1,1,1,1.0,1,1.0,0,306,cvc-clinicdb,unet,polypseg/runs_repeat/unet_seed42_fold0rep3/best.pth,False
0.9117054932369297,0.8377378435444174,0.9668564456998082,0.862506802096295,0.4226394166481746,0.4226394166481746,2,21.881451807070444,4.5586357931396755,1,1,1,1.0,1,1.0,0,307,cvc-clinicdb,unet,polypseg/runs_repeat/unet_seed42_fold0rep3/best.pth,False
0.9299285973579816,0.8690341551619616,0.8690341551619616,0.9999999999913239,0.23940326646529103,0.23940326646529103,2,8.94427190999916,1.8633899812498247,1,1,1,1.0,1,1.0,0,308,cvc-clinicdb,unet,polypseg/runs_repeat/unet_seed42_fold0rep3/best.pth,False
0.891671013728989,0.804518355807899,0.8095989895672624,0.9922600619003046,0.496258888021412,0.496258888021412,2,17.612752314771832,3.6693233989107985,1,1,1,1.0,1,1.0,0,309,cvc-clinicdb,unet,polypseg/runs_repeat/unet_seed42_fold0rep3/best.pth,False
0.9567039942454236,0.917001492355447,0.9566467065753694,0.9567612887656394,0.6856101177038154,0.6856101177038154,2,5.0,1.0416666666666667,1,1,1,1.0,1,1.0,0,31,cvc-clinicdb,unet,polypseg/runs_repeat/unet_seed42_fold0rep3/best.pth,False
0.9556612749580274,0.9150874635235027,0.9248618784189738,0.9885826771264338,0.8842974706645748,0.8842974706645748,2,2.23606797749979,0.4658474953124562,1,1,1,1.0,1,1.0,0,310,cvc-clinicdb,unet,polypseg/runs_repeat/unet_seed42_fold0rep3/best.pth,False
0.9463247863086098,0.8981181050974005,0.9285474672617059,0.9647960961671386,0.8887758008502593,0.8887758008502593,2,3.0,0.625,1,1,1,1.0,1,1.0,0,311,cvc-clinicdb,unet,polypseg/runs_repeat/unet_seed42_fold0rep3/best.pth,False
0.8307440719202477,0.7104895104398259,0.8691189049727015,0.795614721942395,0.5888198958166271,0.5888198958166271,2,13.06014705087354,2.7208639689319876,1,1,1,1.0,1,1.0,0,312,cvc-clinicdb,unet,polypseg/runs_repeat/unet_seed42_fold0rep3/best.pth,False
0.8916054267884991,0.8044115771923447,0.8415366146346334,0.9480090157633658,0.6260463058912438,0.6260463058912438,2,21.92257394629933,4.567202905479027,1,1,1,1.0,1,1.0,0,313,cvc-clinicdb,unet,polypseg/runs_repeat/unet_seed42_fold0rep3/best.pth,False
0.9640526752819786,0.9306000916063834,0.9906131902841567,0.9388792605321908,0.7441979821074347,0.7441979821074347,2,6.324555320336759,1.317615691736825,1,1,1,1.0,1,1.0,0,314,cvc-clinicdb,unet,polypseg/runs_repeat/unet_seed42_fold0rep3/best.pth,False
0.97619047618805,0.953488372088394,0.9758509316721696,0.9765302570683878,0.7740560785785976,0.7740560785785976,2,4.47213595499958,0.9316949906249123,1,1,1,1.0,1,1.0,0,315,cvc-clinicdb,unet,polypseg/runs_repeat/unet_seed42_fold0rep3/best.pth,False
0.976216950826266,0.9535388885507948,0.9600558913734089,0.9929314190537748,0.7013789220906143,0.7013789220906143,2,10.118252056394793,2.1079691784155816,1,1,1,1.0,1,1.0,0,316,cvc-clinicdb,unet,polypseg/runs_repeat/unet_seed42_fold0rep3/best.pth,False
0.9509539379672043,0.9064939780856593,0.965512795713495,0.9368276207096771,0.6451078228839222,0.6451078228839222,2,16.41766183524081,3.4203462156751687,1,1,1,1.0,1,1.0,0,317,cvc-clinicdb,unet,polypseg/runs_repeat/unet_seed42_fold0rep3/best.pth,False
0.9463908822088141,0.8982371794511925,0.9630584192026178,0.9302904563929341,0.8026851328159175,0.8026851328159175,2,4.123105625617661,0.858980338670346,1,1,1,1.0,1,1.0,0,318,cvc-clinicdb,unet,polypseg/runs_repeat/unet_seed42_fold0rep3/best.pth,False
0.9463145175048108,0.8980996067857766,0.899868680206833,0.9978157990171891,0.7681201028730795,0.7681201028730795,2,3.8224980739587884,0.796353765408081,1,1,1,1.0,1,1.0,0,319,cvc-clinicdb,unet,polypseg/runs_repeat/unet_seed42_fold0rep3/best.pth,False
0.96169772256231,0.9262213359827893,0.9507726946991016,0.9728767410098138,0.6744341630116826,0.6744341630116826,2,6.0,1.25,1,1,1,1.0,1,1.0,0,32,cvc-clinicdb,unet,polypseg/runs_repeat/unet_seed42_fold0rep3/best.pth,False
0.955217146069315,0.9142733750612336,0.9319832709458071,0.9796390559699297,0.7501918149382929,0.7501918149382929,2,3.1622776601683795,0.6588078458684125,1,1,1,1.0,1,1.0,0,320,cvc-clinicdb,unet,polypseg/runs_repeat/unet_seed42_fold0rep3/best.pth,False
0.9437475345093195,0.8934867044981553,0.8938873113003455,0.9994986630849014,0.5063343652790138,0.5063343652790138,2,4.242640687119285,0.8838834764831843,1,1,1,1.0,1,1.0,0,321,cvc-clinicdb,unet,polypseg/runs_repeat/unet_seed42_fold0rep3/best.pth,False
0.9571785416857548,0.917873845090477,0.9204987416961736,0.9969028741204546,0.6111651747015071,0.6111651747015071,2,5.0,1.0416666666666667,1,1,1,1.0,1,1.0,0,322,cvc-clinicdb,unet,polypseg/runs_repeat/unet_seed42_fold0rep3/best.pth,False
0.9477985891464471,0.9007767708442687,0.911993259049602,0.9865302815375072,0.41461317966133565,0.41461317966133565,2,5.0,1.0416666666666667,1,1,1,1.0,1,1.0,0,323,cvc-clinicdb,unet,polypseg/runs_repeat/unet_seed42_fold0rep3/best.pth,False
0.9457880334224851,0.8971516767097355,0.8979075972349683,0.9990624999843897,0.5826494224502489,0.5826494224502489,2,5.0,1.0416666666666667,1,1,1,1.0,1,1.0,0,324,cvc-clinicdb,unet,polypseg/runs_repeat/unet_seed42_fold0rep3/best.pth,False
0.9109287429852788,0.8364271273509203,0.8364271273509203,0.9999999999780268,0.1737756215109617,0.1737756215109617,2,5.0,1.0416666666666667,1,1,1,1.0,1,1.0,0,325,cvc-clinicdb,unet,polypseg/runs_repeat/unet_seed42_fold0rep3/best.pth,False
0.9096861593936589,0.8343342306723062,0.8343342306723062,0.99999999997518,0.3204046718290191,0.3204046718290191,2,7.211102550927978,1.5023130314433288,1,1,1,1.0,1,1.0,0,326,cvc-clinicdb,unet,polypseg/runs_repeat/unet_seed42_fold0rep3/best.pth,False
0.9367498314101584,0.8810248604545656,0.8850662588969147,0.9948438842453496,0.5492723399113991,0.5492723399113991,2,4.300014504089359,0.8958363550186164,1,1,1,1.0,1,1.0,0,327,cvc-clinicdb,unet,polypseg/runs_repeat/unet_seed42_fold0rep3/best.pth,False
0.8733466933780225,0.77516897899724,0.7765502494515939,0.9977106226877814,0.21497159306465582,0.21497159306465582,2,11.0,2.2916666666666665,1,1,1,1.0,1,1.0,0,328,cvc-clinicdb,unet,polypseg/runs_repeat/unet_seed42_fold0rep3/best.pth,False
0.9280466941639524,0.8657529102353407,0.8657529102353407,0.9999999999783128,0.5031928967027989,0.5031928967027989,2,8.612403183519891,1.7942506632333106,1,1,1,1.0,1,1.0,0,329,cvc-clinicdb,unet,polypseg/runs_repeat/unet_seed42_fold0rep3/best.pth,False
0.9555065507806654,0.914803775451939,0.9277078085564424,0.9850227333423819,0.6407847887677071,0.6407847887677071,2,8.54400374531753,1.7800007802744855,1,1,1,1.0,1,1.0,0,33,cvc-clinicdb,unet,polypseg/runs_repeat/unet_seed42_fold0rep3/best.pth,False
0.9492310236402411,0.9033679571781025,0.9192825111960397,0.9811965811798087,0.795852461265418,0.795852461265418,2,8.94427190999916,1.8633899812498247,1,1,1,1.0,1,1.0,0,330,cvc-clinicdb,unet,polypseg/runs_repeat/unet_seed42_fold0rep3/best.pth,False
0.9560342655520532,0.9157716905886837,0.9323095822981289,0.9809979317349923,0.5800430766852356,0.5800430766852356,2,5.0,1.0416666666666667,1,1,1,1.0,1,1.0,0,331,cvc-clinicdb,unet,polypseg/runs_repeat/unet_seed42_fold0rep3/best.pth,False
0.974234826206344,0.9497639918922832,0.958815520746106,0.9901581722145842,0.9416777514517785,0.9416777514517785,2,2.23606797749979,0.4658474953124562,1,1,1,1.0,1,1.0,0,332,cvc-clinicdb,unet,polypseg/runs_repeat/unet_seed42_fold0rep3/best.pth,False
0.9441886166794603,0.8942777389934704,0.8942777389934704,0.9999999999804916,0.5586623703854418,0.5586623703854418,2,3.605551275463989,0.7511565157216644,1,1,1,1.0,1,1.0,0,333,cvc-clinicdb,unet,polypseg/runs_repeat/unet_seed42_fold0rep3/best.pth,False
0.9491525423645459,0.9032258064365164,0.9195167602361831,0.9807622504359208,0.6276739418426708,0.6276739418426708,2,4.47213595499958,0.9316949906249123,1,1,1,1.0,1,1.0,0,334,cvc-clinicdb,unet,polypseg/runs_repeat/unet_seed42_fold0rep3/best.pth,False
0.9580868260898417,0.9195457453467764,0.9389188306232416,0.9780537597655996,0.7048538339409318,0.7048538339409318,2,4.158966144068149,0.8664512800141977,1,1,1,1.0,1,1.0,0,335,cvc-clinicdb,unet,polypseg/runs_repeat/unet_seed42_fold0rep3/best.pth,False
0.9584681769061626,0.9202485758515407,0.9210435383393047,0.999062968497019,0.7702112846550988,0.7702112846550988,2,3.1622776601683795,0.6588078458684125,1,1,1,1.0,1,1.0,0,336,cvc-clinicdb,unet,polypseg/runs_repeat/unet_seed42_fold0rep3/best.pth,False
0.9550496205407801,0.913966480432339,0.9241446094105206,0.9880931837620691,0.6831393819056818,0.6831393819056818,2,5.0,1.0416666666666667,1,1,1,1.0,1,1.0,0,337,cvc-clinicdb,unet,polypseg/runs_repeat/unet_seed42_fold0rep3/best.pth,False
0.9653055877803611,0.9329378571877817,0.937618147441198,0.994677979167029,0.5473357786505411,0.5473357786505411,2,4.47213595499958,0.9316949906249123,1,1,1,1.0,1,1.0,0,338,cvc-clinicdb,unet,polypseg/runs_repeat/unet_seed42_fold0rep3/best.pth,False
0.9306446684856302,0.870285714260849,0.872529361189558,0.9970540097873305,0.5629774940959407,0.5629774940959407,2,3.1622776601683795,0.6588078458684125,1,1,1,1.0,1,1.0,0,339,cvc-clinicdb,unet,polypseg/runs_repeat/unet_seed42_fold0rep3/best.pth,False
0.9630416634972828,0.9287177985812541,0.9613636363490703,0.9647255587507264,0.7645871903698692,0.7645871903698692,2,3.605551275463989,0.7511565157216644,1,1,1,1.0,1,1.0,0,34,cvc-clinicdb,unet,polypseg/runs_repeat/unet_seed42_fold0rep3/best.pth,False
0.9353259468967966,0.8785091964724827,0.9025360516706844,0.9705882352422145,0.8857009335314028,0.8857009335314028,2,3.1622776601683795,0.6588078458684125,1,1,1,1.0,1,1.0,0,340,cvc-clinicdb,unet,polypseg/runs_repeat/unet_seed42_fold0rep3/best.pth,False
0.9519667918372808,0.9083364767669432,0.9121212120866621,0.9954526663499194,0.8730286370800664,0.8730286370800664,2,2.8284271247461903,0.5892556509887896,1,1,1,1.0,1,1.0,0,341,cvc-clinicdb,unet,polypseg/runs_repeat/unet_seed42_fold0rep3/best.pth,False
0.9720608913555537,0.9456405376359505,0.9490270979951172,0.9962406014912752,0.8329457606527839,0.8329457606527839,2,3.1622776601683795,0.6588078458684125,1,1,1,1.0,1,1.0,0,342,cvc-clinicdb,unet,polypseg/runs_repeat/unet_seed42_fold0rep3/best.pth,False
0.9119358074161689,0.8381268436475157,0.8978275180921945,0.9264945652048031,0.5493890894164907,0.5493890894164907,2,30.571169403496455,6.368993625728428,1,2,1,1.0,1,1.0,1,343,cvc-clinicdb,unet,polypseg/runs_repeat/unet_seed42_fold0rep3/best.pth,False
0.9741155854077101,0.9495373665412844,0.9696198851590259,0.9786531690069054,0.8207645939846682,0.8207645939846682,2,3.0,0.625,1,1,1,1.0,1,1.0,0,344,cvc-clinicdb,unet,polypseg/runs_repeat/unet_seed42_fold0rep3/best.pth,False
0.9779780564225,0.9569051453036047,0.9744650944793497,0.9815164385639332,0.8842673113535822,0.8842673113535822,2,2.8284271247461903,0.5892556509887896,1,1,1,1.0,1,1.0,0,345,cvc-clinicdb,unet,polypseg/runs_repeat/unet_seed42_fold0rep3/best.pth,False
0.9660107334402503,0.9342560553402309,0.9538228614445162,0.978514108180727,0.9315270761499007,0.9315270761499007,2,2.23606797749979,0.4658474953124562,1,1,1,1.0,1,1.0,0,346,cvc-clinicdb,unet,polypseg/runs_repeat/unet_seed42_fold0rep3/best.pth,False
0.8395916555628975,0.7235312117392361,0.7571245597060979,0.942219565631755,0.36278383832482825,0.36278383832482825,2,32.31602354398102,6.732504904996046,1,1,1,1.0,1,1.0,0,347,cvc-clinicdb,unet,polypseg/runs_repeat/unet_seed42_fold0rep3/best.pth,False
0.8154709479332256,0.6884347382703584,0.9691948797645101,0.703835628336285,0.36024969666432594,0.36024969666432594,2,70.74776232704794,14.73911715146832,1,1,1,1.0,1,1.0,0,348,cvc-clinicdb,unet,polypseg/runs_repeat/unet_seed42_fold0rep3/best.pth,False
0.9396610441104618,0.8861893066280514,0.8951526717523085,0.9888270511805851,0.4476415173954358,0.4476415173954358,2,23.233514608526658,4.840315543443054,1,1,1,1.0,1,1.0,0,349,cvc-clinicdb,unet,polypseg/runs_repeat/unet_seed42_fold0rep3/best.pth,False
0.9501793543181202,0.9050873196544534,0.9117797042209105,0.9919556171845776,0.6884661060541616,0.6884661060541616,2,9.219544457292887,1.920738428602685,1,1,1,1.0,1,1.0,0,35,cvc-clinicdb,unet,polypseg/runs_repeat/unet_seed42_fold0rep3/best.pth,False
0.8372181403571155,0.7200130733156116,0.748767914797775,0.9493643611222483,0.4301791018212126,0.4301791018212126,2,43.86338446970699,9.138205097855623,1,1,1,1.0,1,1.0,0,350,cvc-clinicdb,unet,polypseg/runs_repeat/unet_seed42_fold0rep3/best.pth,False
0.9013013935172025,0.8203354297521942,0.8695555555362321,0.935453024122987,0.5226398307967354,0.5226398307967354,2,13.352875634257193,2.7818490904702484,1,1,1,1.0,1,1.0,0,351,cvc-clinicdb,unet,polypseg/runs_repeat/unet_seed42_fold0rep3/best.pth,False
0.9041059950032257,0.824994014823438,0.96933895918511,0.8470993116802582,0.791362607110384,0.791362607110384,2,31.045119415827536,6.467733211630736,1,1,1,1.0,1,1.0,0,352,cvc-clinicdb,unet,polypseg/runs_repeat/unet_seed42_fold0rep3/best.pth,False
0.9239484150842234,0.8586469533954004,0.8850150080710573,0.9664649520806043,0.47886937696727017,0.47886937696727017,2,22.80350850198276,4.750730937913075,1,2,1,1.0,1,1.0,1,353,cvc-clinicdb,unet,polypseg/runs_repeat/unet_seed42_fold0rep3/best.pth,False
0.9458817317783402,0.8973203105322148,0.9607185949730431,0.9314961653330106,0.6187120698048476,0.6187120698048476,2,23.70564571740015,4.9386761911250305,1,2,1,1.0,1,1.0,1,354,cvc-clinicdb,unet,polypseg/runs_repeat/unet_seed42_fold0rep3/best.pth,False
0.7855395155322636,0.64682179912716,0.9855717574676044,0.6530051866098545,0.3275870689755978,0.3275870689755978,2,32.64965543462902,6.802011548881045,1,1,1,1.0,1,1.0,0,355,cvc-clinicdb,unet,polypseg/runs_repeat/unet_seed42_fold0rep3/best.pth,False
0.9237021783845036,0.8582217299279203,0.979542581301235,0.8738849584653554,0.548091073231453,0.548091073231453,2,14.47427176221133,3.0154732837940275,1,1,1,1.0,1,1.0,0,356,cvc-clinicdb,unet,polypseg/runs_repeat/unet_seed42_fold0rep3/best.pth,False
0.8323159979359422,0.7127921564949918,0.9893582715189335,0.7182993069829635,0.630750786159788,0.630750786159788,2,65.0,13.541666666666666,1,1,1,1.0,1,1.0,0,357,cvc-clinicdb,unet,polypseg/runs_repeat/unet_seed42_fold0rep3/best.pth,False
0.8725065047647595,0.77384615383765,0.9597928308442171,0.7997728563225465,0.5921866415815522,0.5921866415815522,2,63.05869939491096,13.137229040606451,1,1,1,1.0,1,1.0,0,358,cvc-clinicdb,unet,polypseg/runs_repeat/unet_seed42_fold0rep3/best.pth,False
0.9022591927360702,0.8219237061842596,0.9690355329850858,0.8440926777428007,0.4795949120851878,0.4795949120851878,2,17.28253013283156,3.600527111006575,1,1,1,1.0,1,1.0,0,359,cvc-clinicdb,unet,polypseg/runs_repeat/unet_seed42_fold0rep3/best.pth,False
0.9340633182464405,0.8762840553622983,0.8881846989387011,0.9849397590114223,0.6450278598630462,0.6450278598630462,2,6.708203932499369,1.3975424859373686,1,1,1,1.0,1,1.0,0,36,cvc-clinicdb,unet,polypseg/runs_repeat/unet_seed42_fold0rep3/best.pth,False
0.7579980136613056,0.6103033827633503,0.6354324351567492,0.9391453501309631,0.466263570288788,0.466263570288788,2,75.43208866258443,15.715018471371758,1,1,1,1.0,1,1.0,0,360,cvc-clinicdb,unet,polypseg/runs_repeat/unet_seed42_fold0rep3/best.pth,False
0.72935535428633,0.574004192869109,0.5756333438422389,0.9950935853080584,0.32590554759965756,0.32590554759965756,2,87.6601391350029,18.26252898645894,1,1,1,1.0,1,1.0,0,361,cvc-clinicdb,unet,polypseg/runs_repeat/unet_seed42_fold0rep3/best.pth,False
0.6925986383696596,0.5297521164472273,0.5411223093160313,0.9618489439238985,0.2576984162038879,0.2576984162038879,2,90.05387201058379,18.761223335538286,1,1,1,1.0,1,1.0,0,362,cvc-clinicdb,unet,polypseg/runs_repeat/unet_seed42_fold0rep3/best.pth,False
0.5524038461405673,0.3816007970647094,0.4247689463798607,0.7896907215952103,0.2228342310722463,0.2228342310722463,2,183.20900060842226,38.168541793421305,1,3,1,1.0,1,1.0,2,363,cvc-clinicdb,unet,polypseg/runs_repeat/unet_seed42_fold0rep3/best.pth,False
0.9081809431971476,0.8318053596321648,0.8318053596321648,0.9999999999576092,0.5024955971516856,0.5024955971516856,2,5.0,1.0416666666666667,1,1,1,1.0,1,1.0,0,364,cvc-clinicdb,unet,polypseg/runs_repeat/unet_seed42_fold0rep3/best.pth,False
0.8203963666222049,0.6954847742143688,0.6954847742143688,0.9999999999496728,0.18183884723142754,0.18183884723142754,2,8.06225774829855,1.679637030895531,1,1,1,1.0,1,1.0,0,365,cvc-clinicdb,unet,polypseg/runs_repeat/unet_seed42_fold0rep3/best.pth,False
0.8588876771895554,0.7526758409498213,0.7526758409498213,0.9999999999492127,0.29989337813782146,0.29989337813782146,2,7.0319805153394634,1.4649959406957216,1,1,1,1.0,1,1.0,0,366,cvc-clinicdb,unet,polypseg/runs_repeat/unet_seed42_fold0rep3/best.pth,False
0.8855780691123246,0.7946524063887825,0.7989247311541604,0.9933155079771251,0.4751421257975499,0.4751421257975499,2,6.0,1.25,1,1,1,1.0,1,1.0,0,367,cvc-clinicdb,unet,polypseg/runs_repeat/unet_seed42_fold0rep3/best.pth,False
0.862589023861278,0.7583793738210542,0.7597785977579418,0.9975775193315128,0.4182420727803827,0.4182420727803827,2,9.0,1.875,1,1,1,1.0,1,1.0,0,368,cvc-clinicdb,unet,polypseg/runs_repeat/unet_seed42_fold0rep3/best.pth,False
0.8515605176135103,0.7414935925434604,0.7414935925434604,0.9999999999404052,0.3730067459883145,0.3730067459883145,2,9.0,1.875,1,1,1,1.0,1,1.0,0,369,cvc-clinicdb,unet,polypseg/runs_repeat/unet_seed42_fold0rep3/best.pth,False
0.9544886221495718,0.9129394881498093,0.9437507726425547,0.9654736309476986,0.6412742143045059,0.6412742143045059,2,6.324555320336759,1.317615691736825,1,1,1,1.0,1,1.0,0,37,cvc-clinicdb,unet,polypseg/runs_repeat/unet_seed42_fold0rep3/best.pth,False
0.8991596638403597,0.8167938930882038,0.8201328563709691,0.9950402975204562,0.6864119623135402,0.6864119623135402,2,7.0,1.4583333333333333,1,1,1,1.0,1,1.0,0,370,cvc-clinicdb,unet,polypseg/runs_repeat/unet_seed42_fold0rep3/best.pth,False
0.8462732918926137,0.7335127859533301,0.7345013476594001,0.9981684980770907,0.5405713786226332,0.5405713786226332,2,7.615773105863909,1.5866193970549811,1,1,1,1.0,1,1.0,0,371,cvc-clinicdb,unet,polypseg/runs_repeat/unet_seed42_fold0rep3/best.pth,False
0.8948069240614822,0.8096385541518362,0.8096385541518362,0.9999999999007937,0.6604457768662088,0.6604457768662088,2,4.12908237869274,0.8602254955609875,1,1,1,1.0,1,1.0,0,372,cvc-clinicdb,unet,polypseg/runs_repeat/unet_seed42_fold0rep3/best.pth,False
0.8441033925345678,0.7302585603962083,0.7379943502303676,0.9858490565107689,0.5099273108274588,0.5099273108274588,2,6.375625116449218,1.328255232593587,1,1,1,1.0,1,1.0,0,373,cvc-clinicdb,unet,polypseg/runs_repeat/unet_seed42_fold0rep3/best.pth,False
0.8763968844945346,0.779987944497891,0.7818731117352342,0.9969183358245824,0.45091996509604115,0.45091996509604115,2,5.0,1.0416666666666667,1,1,1,1.0,1,1.0,0,374,cvc-clinicdb,unet,polypseg/runs_repeat/unet_seed42_fold0rep3/best.pth,False
0.8221070811389419,0.6979472140250771,0.6984592809465546,0.9989506819518416,0.43790844709300414,0.43790844709300414,2,7.176093866162352,1.4950195554504901,1,1,1,1.0,1,1.0,0,375,cvc-clinicdb,unet,polypseg/runs_repeat/unet_seed42_fold0rep3/best.pth,False
0.8685579989782012,0.7676557863273693,0.7676557863273693,0.9999999999613453,0.33267321756691265,0.33267321756691265,2,7.722735219387415,1.6089031707057115,1,1,1,1.0,1,1.0,0,376,cvc-clinicdb,unet,polypseg/runs_repeat/unet_seed42_fold0rep3/best.pth,False
0.9305945945744737,0.8701981398758514,0.8787260105806972,0.9889705881898452,0.6883829249633285,0.6883829249633285,2,5.0,1.0416666666666667,1,1,1,1.0,1,1.0,0,377,cvc-clinicdb,unet,polypseg/runs_repeat/unet_seed42_fold0rep3/best.pth,False
0.8760101592963286,0.7793755135259091,0.7796958487143569,0.9994731295574566,0.39014618979437704,0.39014618979437704,2,6.312465680834829,1.3150970168405893,1,1,1,1.0,1,1.0,0,378,cvc-clinicdb,unet,polypseg/runs_repeat/unet_seed42_fold0rep3/best.pth,False
0.8560747663284712,0.7483660130311347,0.7483660130311347,0.9999999999272198,0.4303409694881588,0.4303409694881588,2,6.349999999999994,1.3229166666666654,1,1,1,1.0,1,1.0,0,379,cvc-clinicdb,unet,polypseg/runs_repeat/unet_seed42_fold0rep3/best.pth,False
0.9790240191177151,0.9589099424960845,0.9804092294083498,0.9776427175824258,0.995158626217,0.995158626217,2,2.0,0.4166666666666667,1,1,1,1.0,1,1.0,0,38,cvc-clinicdb,unet,polypseg/runs_repeat/unet_seed42_fold0rep3/best.pth,False
0.8599717114365872,0.7543424317305897,0.7543424317305897,0.9999999999451754,0.4466018919785144,0.4466018919785144,2,8.0,1.6666666666666667,1,1,1,1.0,1,1.0,0,380,cvc-clinicdb,unet,polypseg/runs_repeat/unet_seed42_fold0rep3/best.pth,False
0.8798557613361768,0.7854843429679402,0.7854843429679402,0.9999999999627422,0.3918773995059745,0.3918773995059745,2,10.382419153728547,2.163003990360114,1,1,1,1.0,1,1.0,0,381,cvc-clinicdb,unet,polypseg/runs_repeat/unet_seed42_fold0rep3/best.pth,False
0.9492393432602917,0.903383027497036,0.9091171378849072,0.9930664985504865,0.7403978387564074,0.7403978387564074,2,3.0,0.625,1,1,1,1.0,1,1.0,0,382,cvc-clinicdb,unet,polypseg/runs_repeat/unet_seed42_fold0rep3/best.pth,False
0.9183546275955383,0.8490348602463546,0.8490348602463546,0.9999999999660673,0.46976371923189947,0.46976371923189947,2,4.086173937932361,0.8512862370692419,1,1,1,1.0,1,1.0,0,383,cvc-clinicdb,unet,polypseg/runs_repeat/unet_seed42_fold0rep3/best.pth,False
0.886943056757264,0.7968532626671188,0.9904891304307045,0.8029974298180746,0.49490002322018845,0.49490002322018845,2,78.2301038154142,16.29793829487796,1,2,1,1.0,1,1.0,1,384,cvc-clinicdb,unet,polypseg/runs_repeat/unet_seed42_fold0rep3/best.pth,False
0.8791858174637246,0.7844171060311057,0.9501929303191103,0.8180533811874525,0.5174575083530221,0.5174575083530221,2,82.67757230516675,17.22449423024307,1,1,1,1.0,1,1.0,0,385,cvc-clinicdb,unet,polypseg/runs_repeat/unet_seed42_fold0rep3/best.pth,False
0.8450759050199138,0.7317155375778052,0.8443886570934007,0.8457642725568573,0.3342863467656385,0.3342863467656385,2,67.2413498086365,14.008614543465937,1,1,1,1.0,1,1.0,0,386,cvc-clinicdb,unet,polypseg/runs_repeat/unet_seed42_fold0rep3/best.pth,False
0.822546972858632,0.6985815602815338,0.82779158140592,0.8173684020607664,0.3146082257415552,0.3146082257415552,2,73.01188389498168,15.210809144787849,1,1,1,1.0,1,1.0,0,387,cvc-clinicdb,unet,polypseg/runs_repeat/unet_seed42_fold0rep3/best.pth,False
0.8461957113293868,0.7333962264123268,0.9579554416356567,0.7577884352916217,0.34703709389496884,0.34703709389496884,2,88.21401533181316,18.377919860794407,1,2,1,1.0,1,1.0,1,388,cvc-clinicdb,unet,polypseg/runs_repeat/unet_seed42_fold0rep3/best.pth,False
0.9050397344308796,0.8265502985722253,0.9800653594717861,0.8406839842980719,0.5242297698162567,0.5242297698162567,2,49.971892417967666,10.410810920409931,1,1,1,1.0,1,1.0,0,389,cvc-clinicdb,unet,polypseg/runs_repeat/unet_seed42_fold0rep3/best.pth,False
0.9564312954933961,0.9165005536895571,0.9385348151295411,0.9750235626537459,0.8465696838828111,0.8465696838828111,2,5.643269777374484,1.1756812036196842,1,1,1,1.0,1,1.0,0,39,cvc-clinicdb,unet,polypseg/runs_repeat/unet_seed42_fold0rep3/best.pth,False
0.9836200963496665,0.9677681473403695,0.982727322729618,0.9845144935468725,0.8932415967773548,0.8932415967773548,2,2.8284271247461903,0.5892556509887896,1,1,1,1.0,1,1.0,0,390,cvc-clinicdb,unet,polypseg/runs_repeat/unet_seed42_fold0rep3/best.pth,False
0.9375451263453289,0.8824328915922115,0.9141147483119656,0.9622082252507927,0.786736537992794,0.786736537992794,2,10.23437914944431,2.1321623228008977,1,1,1,1.0,1,1.0,0,391,cvc-clinicdb,unet,polypseg/runs_repeat/unet_seed42_fold0rep3/best.pth,False
0.9450497949563852,0.895824078177523,0.9149274047083151,0.9772231645144508,0.5777300012391493,0.5777300012391493,2,13.260900677100004,2.7626876410625005,1,1,1,1.0,1,1.0,0,392,cvc-clinicdb,unet,polypseg/runs_repeat/unet_seed42_fold0rep3/best.pth,False
0.9185414091414181,0.8493542119002244,0.8526678141038133,0.9954454119089693,0.42577618431377623,0.42577618431377623,2,15.23482182818034,3.1739212142042375,1,1,1,1.0,1,1.0,0,393,cvc-clinicdb,unet,polypseg/runs_repeat/unet_seed42_fold0rep3/best.pth,False
0.9490186546700551,0.9029833487407147,0.9068633143548152,0.9952842212465551,0.5908475425190455,0.5908475425190455,2,6.0,1.25,1,1,1,1.0,1,1.0,0,394,cvc-clinicdb,unet,polypseg/runs_repeat/unet_seed42_fold0rep3/best.pth,False
0.9314635262746808,0.871718981222278,0.8730790233179414,0.9982161969229556,0.5052631079387426,0.5052631079387426,2,12.547836069321443,2.6141325144419674,1,1,1,1.0,1,1.0,0,395,cvc-clinicdb,unet,polypseg/runs_repeat/unet_seed42_fold0rep3/best.pth,False
0.9474875319519405,0.9002150195038606,0.9056966589143041,0.993321616862976,0.5814260143089462,0.5814260143089462,2,8.790395920668704,1.8313324834726468,1,1,1,1.0,1,1.0,0,396,cvc-clinicdb,unet,polypseg/runs_repeat/unet_seed42_fold0rep3/best.pth,False
0.9590193329607178,0.9212652677674834,0.9322431387403673,0.9873791621845638,0.6001390239320793,0.6001390239320793,2,7.211102550927978,1.5023130314433288,1,1,1,1.0,1,1.0,0,397,cvc-clinicdb,unet,polypseg/runs_repeat/unet_seed42_fold0rep3/best.pth,False
0.9469026548647774,0.8991596638610752,0.9046475561513599,0.9932985443504899,0.500783518108237,0.500783518108237,2,11.045361017187261,2.3011168785806793,1,1,1,1.0,1,1.0,0,398,cvc-clinicdb,unet,polypseg/runs_repeat/unet_seed42_fold0rep3/best.pth,False
0.9491937444252929,0.9033004318252367,0.9201885310218366,0.9800870147173687,0.63722279967104,0.63722279967104,2,11.0,2.2916666666666665,1,1,1,1.0,1,1.0,0,399,cvc-clinicdb,unet,polypseg/runs_repeat/unet_seed42_fold0rep3/best.pth,False
0.6591492827142168,0.4915903569403308,0.9791550344223044,0.49678942398254583,0.5559733165673829,0.5559733165673829,2,71.15370046469847,14.823687596812183,1,1,1,1.0,0,0.0,0,4,cvc-clinicdb,unet,polypseg/runs_repeat/unet_seed42_fold0rep3/best.pth,False
0.9655514865559831,0.9333973358822344,0.9500427506907287,0.9815749621279458,0.8555242179121856,0.8555242179121856,2,6.6929499477460395,1.3943645724470917,1,1,1,1.0,1,1.0,0,40,cvc-clinicdb,unet,polypseg/runs_repeat/unet_seed42_fold0rep3/best.pth,False
0.9487885851455196,0.9025668592809761,0.9123760358522975,0.9882283696146523,0.6041881609771945,0.6041881609771945,2,5.0990195135927845,1.0622957319984967,1,1,1,1.0,1,1.0,0,400,cvc-clinicdb,unet,polypseg/runs_repeat/unet_seed42_fold0rep3/best.pth,False
0.9580390952770543,0.9194578135652739,0.9199095911859285,0.9994661541640031,0.5737157444436011,0.5737157444436011,2,5.0,1.0416666666666667,1,1,1,1.0,1,1.0,0,401,cvc-clinicdb,unet,polypseg/runs_repeat/unet_seed42_fold0rep3/best.pth,False
0.9551420444777248,0.9141357822176835,0.9175060899274639,0.9959977129717267,0.5539011302691148,0.5539011302691148,2,10.162596577542837,2.1172076203214245,1,1,1,1.0,1,1.0,0,402,cvc-clinicdb,unet,polypseg/runs_repeat/unet_seed42_fold0rep3/best.pth,False
0.9592732469074243,0.9217340133295239,0.9251821224559442,0.9959728698495551,0.6570494064912861,0.6570494064912861,2,5.385164807134504,1.1219093348196882,1,1,1,1.0,1,1.0,0,403,cvc-clinicdb,unet,polypseg/runs_repeat/unet_seed42_fold0rep3/best.pth,False
0.9601613264577182,0.9233752801161577,0.9367785939057643,0.9847412445906356,0.7424644867705387,0.7424644867705387,2,12.0,2.5,1,1,1,1.0,1,1.0,0,404,cvc-clinicdb,unet,polypseg/runs_repeat/unet_seed42_fold0rep3/best.pth,False
0.9595839202461828,0.9223078525211174,0.9414265972048322,0.9784554192798756,0.6985124040807312,0.6985124040807312,2,7.280109889280518,1.5166895602667745,1,1,1,1.0,1,1.0,0,405,cvc-clinicdb,unet,polypseg/runs_repeat/unet_seed42_fold0rep3/best.pth,False
0.9562866155878209,0.916234887728687,0.9258289703226117,0.9888164025992666,0.6556005740370366,0.6556005740370366,2,7.0,1.4583333333333333,1,1,1,1.0,1,1.0,0,406,cvc-clinicdb,unet,polypseg/runs_repeat/unet_seed42_fold0rep3/best.pth,False
0.9369439743048347,0.8813683866681795,0.8827377545107307,0.9982430183003675,0.45422647517970893,0.45422647517970893,2,12.0,2.5,1,1,1,1.0,1,1.0,0,407,cvc-clinicdb,unet,polypseg/runs_repeat/unet_seed42_fold0rep3/best.pth,False
0.8891384926379359,0.8004044489302284,0.8042263537457662,0.9940977018586702,0.7021621574454342,0.7021621574454342,2,31.0,6.458333333333333,1,1,1,1.0,1,1.0,0,408,cvc-clinicdb,unet,polypseg/runs_repeat/unet_seed42_fold0rep3/best.pth,False
0.926793414345801,0.8635741028190315,0.8719611519166734,0.9889845574616063,0.6456439917001523,0.6456439917001523,2,157.21004574408144,32.7520928633503,1,2,1,1.0,1,1.0,1,409,cvc-clinicdb,unet,polypseg/runs_repeat/unet_seed42_fold0rep3/best.pth,False
0.9452816830085436,0.896240889894587,0.9038684719360954,0.9906720372908486,0.7724666315666743,0.7724666315666743,2,7.933587386567325,1.6528307055348594,1,1,1,1.0,1,1.0,0,41,cvc-clinicdb,unet,polypseg/runs_repeat/unet_seed42_fold0rep3/best.pth,False
0.9099266845053536,0.8347389772516841,0.941707816440543,0.8802206461681839,0.3974367374430077,0.3974367374430077,2,75.9736238844581,15.827838309262104,1,2,1,1.0,1,1.0,1,410,cvc-clinicdb,unet,polypseg/runs_repeat/unet_seed42_fold0rep3/best.pth,False
0.8226415094282135,0.6987179487096543,0.7469543147113331,0.9153965785238664,0.46913669441710953,0.46913669441710953,2,113.97585176538696,23.74496911778895,1,2,1,1.0,1,1.0,1,411,cvc-clinicdb,unet,polypseg/runs_repeat/unet_seed42_fold0rep3/best.pth,False
0.8101589103234239,0.6808967326415347,0.7876948544518183,0.8339418723406756,0.4021033482335231,0.4021033482335231,2,113.82171293686329,23.71285686184652,1,2,1,1.0,1,1.0,1,412,cvc-clinicdb,unet,polypseg/runs_repeat/unet_seed42_fold0rep3/best.pth,False
0.7757333796148608,0.6336310789645027,0.9438225976569414,0.658464711939613,0.1797385122677462,0.1797385122677462,2,27.783624174196767,5.788255036290993,1,1,1,1.0,1,1.0,0,413,cvc-clinicdb,unet,polypseg/runs_repeat/unet_seed42_fold0rep3/best.pth,False
0.8710981439804713,0.771633193209492,0.9817367878893045,0.7828710431516305,0.4699669468800715,0.4699669468800715,2,44.0,9.166666666666666,1,1,1,1.0,1,1.0,0,414,cvc-clinicdb,unet,polypseg/runs_repeat/unet_seed42_fold0rep3/best.pth,False
0.861688571737497,0.7569884219231305,0.9827271217324137,0.7671961102057232,0.45507253161337075,0.45507253161337075,2,35.09026461420327,7.310471794625681,1,1,1,1.0,1,1.0,0,415,cvc-clinicdb,unet,polypseg/runs_repeat/unet_seed42_fold0rep3/best.pth,False
0.8905170768903242,0.8026415353869254,0.9841430499242227,0.8131577113331022,0.4395635697285247,0.4395635697285247,2,26.282660223756302,5.475554213282563,1,1,1,1.0,1,1.0,0,416,cvc-clinicdb,unet,polypseg/runs_repeat/unet_seed42_fold0rep3/best.pth,False
0.85067970554591,0.740158952774753,0.9530459908385137,0.76817079087076,0.44722015207196714,0.44722015207196714,2,30.079047872738343,6.266468306820488,1,1,1,1.0,1,1.0,0,417,cvc-clinicdb,unet,polypseg/runs_repeat/unet_seed42_fold0rep3/best.pth,False
0.8343518816250203,0.7157836644459937,0.9676697338729752,0.7333207689270012,0.3918582834080198,0.3918582834080198,2,17.1084721852271,3.5642650385889794,1,1,1,1.0,1,1.0,0,418,cvc-clinicdb,unet,polypseg/runs_repeat/unet_seed42_fold0rep3/best.pth,False
0.8789965924712572,0.7841158970328281,0.9724093679742347,0.8019579309379418,0.4664970803652472,0.4664970803652472,2,26.68332812825267,5.559026693385973,1,1,1,1.0,1,1.0,0,419,cvc-clinicdb,unet,polypseg/runs_repeat/unet_seed42_fold0rep3/best.pth,False
0.9554908781077909,0.914775044163181,0.932908233976533,0.9791939473158855,0.7722942787416693,0.7722942787416693,2,7.682745802229094,1.6005720421310614,1,1,1,1.0,1,1.0,0,42,cvc-clinicdb,unet,polypseg/runs_repeat/unet_seed42_fold0rep3/best.pth,False
0.7569864243989188,0.608992885723605,0.9960909090818536,0.6104518357534656,0.3387854181469247,0.3387854181469247,2,50.0,10.416666666666666,1,1,1,1.0,1,1.0,0,420,cvc-clinicdb,unet,polypseg/runs_repeat/unet_seed42_fold0rep3/best.pth,False
0.8500185253766209,0.7391584509263537,0.9842127842043396,0.7480273883224777,0.39920352629919037,0.39920352629919037,2,28.600699292150182,5.958479019197955,1,1,1,1.0,1,1.0,0,421,cvc-clinicdb,unet,polypseg/runs_repeat/unet_seed42_fold0rep3/best.pth,False
0.9473318268715636,0.8999339497993727,0.9437229437202201,0.9509684173764004,0.37344811016122265,0.37344811016122265,2,18.971796322551363,3.9524575671982007,1,1,1,1.0,1,1.0,0,422,cvc-clinicdb,unet,polypseg/runs_repeat/unet_seed42_fold0rep3/best.pth,False
0.8612288458580234,0.7562791195803765,0.8671783850115616,0.8553603876386713,0.2649470534117886,0.2649470534117886,2,112.03057454509322,23.339703030227756,1,2,1,1.0,1,1.0,1,423,cvc-clinicdb,unet,polypseg/runs_repeat/unet_seed42_fold0rep3/best.pth,False
0.0,0.0,0.0,0.0,0.0,0.0,2,,,1,0,0,0.0,0,0.0,0,424,cvc-clinicdb,unet,polypseg/runs_repeat/unet_seed42_fold0rep3/best.pth,False
0.8512379782923831,0.7410046312525471,0.9625173530327388,0.7630227439191848,0.3748478205019136,0.3748478205019136,2,12.507618180514308,2.6057537876071475,1,1,1,1.0,1,1.0,0,425,cvc-clinicdb,unet,polypseg/runs_repeat/unet_seed42_fold0rep3/best.pth,False
0.8471942104588492,0.7348976021330152,0.9879634753598788,0.7415368639590701,0.34675082587027173,0.34675082587027173,2,23.021728866442675,4.7961935138422245,1,1,1,1.0,1,1.0,0,426,cvc-clinicdb,unet,polypseg/runs_repeat/unet_seed42_fold0rep3/best.pth,False
0.9377559377520976,0.8828064764773877,0.9527375603182497,0.9232381873816865,0.6047166833079909,0.6047166833079909,2,102.00831220667526,21.251731709724012,1,2,1,1.0,1,1.0,1,427,cvc-clinicdb,unet,polypseg/runs_repeat/unet_seed42_fold0rep3/best.pth,False
0.9158427331341231,0.8447508134882278,0.9520362864220031,0.8823003309106313,0.5002563467828604,0.5002563467828604,2,15.524174696260024,3.2342030617208386,1,1,1,1.0,1,1.0,0,428,cvc-clinicdb,unet,polypseg/runs_repeat/unet_seed42_fold0rep3/best.pth,False
0.9001114434811419,0.818366040946903,0.818366040946903,0.9999999999869673,0.1607130300301494,0.1607130300301494,2,9.848857801796104,2.0518453753741883,1,1,1,1.0,1,1.0,0,429,cvc-clinicdb,unet,polypseg/runs_repeat/unet_seed42_fold0rep3/best.pth,False
0.9601733947353005,0.923397602902147,0.9593936112441908,0.9609544468372929,0.7763614795523879,0.7763614795523879,2,3.605551275463989,0.7511565157216644,1,1,1,1.0,1,1.0,0,43,cvc-clinicdb,unet,polypseg/runs_repeat/unet_seed42_fold0rep3/best.pth,False
0.8991737590799579,0.8168171557469884,0.8168171557469884,0.9999999999861822,0.2019935338787771,0.2019935338787771,2,8.94427190999916,1.8633899812498247,1,1,1,1.0,1,1.0,0,430,cvc-clinicdb,unet,polypseg/runs_repeat/unet_seed42_fold0rep3/best.pth,False
0.8925491304899438,0.8059491893169163,0.8060520939631505,0.999841621777006,0.2212692467941117,0.2212692467941117,2,9.219544457292887,1.920738428602685,1,1,1,1.0,1,1.0,0,431,cvc-clinicdb,unet,polypseg/runs_repeat/unet_seed42_fold0rep3/best.pth,False
0.9234201514946382,0.8577349397507688,0.8589768339685426,0.9983172537469338,0.35706457213836634,0.35706457213836634,2,8.94427190999916,1.8633899812498247,1,1,1,1.0,1,1.0,0,432,cvc-clinicdb,unet,polypseg/runs_repeat/unet_seed42_fold0rep3/best.pth,False
0.9238422126004883,0.858463529621351,0.858463529621351,0.9999999999892311,0.3409290319302066,0.3409290319302066,2,9.848857801796104,2.0518453753741883,1,1,1,1.0,1,1.0,0,433,cvc-clinicdb,unet,polypseg/runs_repeat/unet_seed42_fold0rep3/best.pth,False
0.9324406573297792,0.8734321550664552,0.8740454665068547,0.9991972707104234,0.30817605066607706,0.30817605066607706,2,8.06225774829855,1.679637030895531,1,1,1,1.0,1,1.0,0,434,cvc-clinicdb,unet,polypseg/runs_repeat/unet_seed42_fold0rep3/best.pth,False
0.927169698771684,0.864227732671364,0.8644199755214723,0.9997427321713437,0.37121090790560524,0.37121090790560524,2,7.999255730200575,1.6665116104584532,1,1,1,1.0,1,1.0,0,435,cvc-clinicdb,unet,polypseg/runs_repeat/unet_seed42_fold0rep3/best.pth,False
0.9058197172700213,0.8278523489840284,0.8278523489840284,0.9999999999864884,0.1300841014732847,0.1300841014732847,2,8.54400374531753,1.7800007802744855,1,1,1,1.0,1,1.0,0,436,cvc-clinicdb,unet,polypseg/runs_repeat/unet_seed42_fold0rep3/best.pth,False
0.9257324840705367,0.8617336653520487,0.8619380856261185,0.9997248589764792,0.38420926833907393,0.38420926833907393,2,7.2145529178456025,1.5030318578845006,1,1,1,1.0,1,1.0,0,437,cvc-clinicdb,unet,polypseg/runs_repeat/unet_seed42_fold0rep3/best.pth,False
0.8691343631566141,0.768556701026526,0.9707031249929781,0.7868073878581835,0.5784096925610018,0.5784096925610018,2,42.952832244983014,8.948506717704793,1,1,1,1.0,1,1.0,0,438,cvc-clinicdb,unet,polypseg/runs_repeat/unet_seed42_fold0rep3/best.pth,False
0.9511306532603572,0.9068151874367371,0.9104136604027125,0.9956601788401412,0.6822241004847495,0.6822241004847495,2,7.211102550927978,1.5023130314433288,1,1,1,1.0,1,1.0,0,439,cvc-clinicdb,unet,polypseg/runs_repeat/unet_seed42_fold0rep3/best.pth,False
0.9723391123774204,0.9461672854231691,0.9576702033492741,0.9874643874531343,0.8397290696390839,0.8397290696390839,2,3.137936011143117,0.6537366689881493,1,1,1,1.0,1,1.0,0,44,cvc-clinicdb,unet,polypseg/runs_repeat/unet_seed42_fold0rep3/best.pth,False
0.9342750311513562,0.8766567908798276,0.9174281984184492,0.9517521584399569,0.6135025520272975,0.6135025520272975,2,10.088918709899843,2.1018580645624674,1,1,1,1.0,1,1.0,0,440,cvc-clinicdb,unet,polypseg/runs_repeat/unet_seed42_fold0rep3/best.pth,False
0.9064641600128457,0.8289295392673127,0.8306177868014047,0.9975540154505685,0.6291420290059668,0.6291420290059668,2,7.615773105863909,1.5866193970549811,1,1,1,1.0,1,1.0,0,441,cvc-clinicdb,unet,polypseg/runs_repeat/unet_seed42_fold0rep3/best.pth,False
0.7758522727162521,0.6337897423849201,0.9179831932464544,0.671832718310656,0.4909369357753742,0.4909369357753742,2,30.0,6.25,1,1,1,1.0,1,1.0,0,442,cvc-clinicdb,unet,polypseg/runs_repeat/unet_seed42_fold0rep3/best.pth,False
0.930359246165118,0.8697866483018611,0.870265803596333,0.9993673888818699,0.4897805210000059,0.4897805210000059,2,8.927174577851329,1.85982803705236,1,1,1,1.0,1,1.0,0,443,cvc-clinicdb,unet,polypseg/runs_repeat/unet_seed42_fold0rep3/best.pth,False
0.9350155328667025,0.877961662092178,0.877961662092178,0.9999999999864388,0.2972988695909235,0.2972988695909235,2,5.094068537913144,1.061264278731905,1,1,1,1.0,1,1.0,0,444,cvc-clinicdb,unet,polypseg/runs_repeat/unet_seed42_fold0rep3/best.pth,False
0.9485660959730499,0.9021642657137833,0.9609482946624903,0.9364989369175301,0.6598632215926451,0.6598632215926451,2,12.409478679175152,2.58530805816149,1,1,1,1.0,1,1.0,0,445,cvc-clinicdb,unet,polypseg/runs_repeat/unet_seed42_fold0rep3/best.pth,False
0.9051319474541235,0.8267041360367005,0.9442798353831746,0.8691008256884395,0.47156032415884197,0.47156032415884197,2,24.0,5.0,1,1,1,1.0,1,1.0,0,446,cvc-clinicdb,unet,polypseg/runs_repeat/unet_seed42_fold0rep3/best.pth,False
0.8568443051052448,0.7495429615859371,0.9121245828360355,0.8078817733724833,0.5826927349416943,0.5826927349416943,2,19.21582242860206,4.0032963392920955,1,1,1,1.0,1,1.0,0,447,cvc-clinicdb,unet,polypseg/runs_repeat/unet_seed42_fold0rep3/best.pth,False
0.9680493711353171,0.9380772142174402,0.9594301641226475,0.9768248462718457,0.8955613077026935,0.8955613077026935,2,2.73957325265921,0.5707444276373353,1,1,1,1.0,1,1.0,0,448,cvc-clinicdb,unet,polypseg/runs_repeat/unet_seed42_fold0rep3/best.pth,False
0.9510747185163656,0.9067135050564654,0.9504909983438934,0.9516591560640791,0.796787709282767,0.796787709282767,2,7.016638229960547,1.4617996312417807,1,1,1,1.0,1,1.0,0,449,cvc-clinicdb,unet,polypseg/runs_repeat/unet_seed42_fold0rep3/best.pth,False
0.9653183695661653,0.9329617354484339,0.9460739382684682,0.9853619729357938,0.849997801587806,0.849997801587806,2,3.605551275463989,0.7511565157216644,1,1,1,1.0,1,1.0,0,45,cvc-clinicdb,unet,polypseg/runs_repeat/unet_seed42_fold0rep3/best.pth,False
0.9508196721147399,0.9062499999701892,0.9074440052402029,0.9985501993113973,0.7696099508919604,0.7696099508919604,2,3.1622776601683795,0.6588078458684125,1,1,1,1.0,1,1.0,0,450,cvc-clinicdb,unet,polypseg/runs_repeat/unet_seed42_fold0rep3/best.pth,False
0.9408426107631338,0.8882934871851487,0.8893933140367564,0.998609823864754,0.7682769548373684,0.7682769548373684,2,4.200803415593714,0.8751673782486904,1,1,1,1.0,1,1.0,0,451,cvc-clinicdb,unet,polypseg/runs_repeat/unet_seed42_fold0rep3/best.pth,False
0.9537782394059494,0.9116406055867055,0.9136815920170727,0.9975556762358079,0.7455909192331546,0.7455909192331546,2,4.47213595499958,0.9316949906249123,1,1,1,1.0,1,1.0,0,452,cvc-clinicdb,unet,polypseg/runs_repeat/unet_seed42_fold0rep3/best.pth,False
0.9523248969870237,0.9089887640245171,0.9108308939222961,0.9977799703749931,0.7602605759906574,0.7602605759906574,2,5.561762944667118,1.1587006134723161,1,1,1,1.0,1,1.0,0,453,cvc-clinicdb,unet,polypseg/runs_repeat/unet_seed42_fold0rep3/best.pth,False
0.9764477263818386,0.9539793438494232,0.9863379396830035,0.9667538863942319,0.9076056388079068,0.9076056388079068,2,4.0,0.8333333333333334,1,1,1,1.0,1,1.0,0,454,cvc-clinicdb,unet,polypseg/runs_repeat/unet_seed42_fold0rep3/best.pth,False
0.8985615742425616,0.8158073599299368,0.8158073599299368,0.999999999988098,0.2928268438193618,0.2928268438193618,2,17.01616250125952,3.5450338544290663,1,1,1,1.0,1,1.0,0,455,cvc-clinicdb,unet,polypseg/runs_repeat/unet_seed42_fold0rep3/best.pth,False
0.9587651598634673,0.9207962727579772,0.9231422505229456,0.9972477064128692,0.6161514954001446,0.6161514954001446,2,7.211102550927978,1.5023130314433288,1,1,1,1.0,1,1.0,0,456,cvc-clinicdb,unet,polypseg/runs_repeat/unet_seed42_fold0rep3/best.pth,False
0.955715553797437,0.9151870041470042,0.9216283051082211,0.9924211388673451,0.6539618356751334,0.6539618356751334,2,8.439776372388751,1.7582867442476564,1,1,1,1.0,1,1.0,0,457,cvc-clinicdb,unet,polypseg/runs_repeat/unet_seed42_fold0rep3/best.pth,False
0.9615797381309124,0.9260024803446465,0.9519762005747562,0.971379011253873,0.8642335266450025,0.8642335266450025,2,2.8284271247461903,0.5892556509887896,1,1,1,1.0,1,1.0,0,458,cvc-clinicdb,unet,polypseg/runs_repeat/unet_seed42_fold0rep3/best.pth,False
0.9218904924432973,0.8550991211760659,0.8561489666286853,0.9985680190692466,0.5167784735462414,0.5167784735462414,2,6.0,1.25,1,1,1,1.0,1,1.0,0,459,cvc-clinicdb,unet,polypseg/runs_repeat/unet_seed42_fold0rep3/best.pth,False
0.9749980157077942,0.9512157348466592,0.9811501597287356,0.9689225429725679,0.9386666166670249,0.9386666166670249,2,2.23606797749979,0.4658474953124562,1,1,1,1.0,1,1.0,0,46,cvc-clinicdb,unet,polypseg/runs_repeat/unet_seed42_fold0rep3/best.pth,False
0.9439706556538837,0.893886766222753,0.9288937014811606,0.9595451155674954,0.6302884115396211,0.6302884115396211,2,5.385164807134504,1.1219093348196882,1,1,1,1.0,1,1.0,0,460,cvc-clinicdb,unet,polypseg/runs_repeat/unet_seed42_fold0rep3/best.pth,False
0.9460173650362701,0.897564469901181,0.9406906906765662,0.9514047076544966,0.6256631163700576,0.6256631163700576,2,7.0,1.4583333333333333,1,1,1,1.0,1,1.0,0,461,cvc-clinicdb,unet,polypseg/runs_repeat/unet_seed42_fold0rep3/best.pth,False
0.9728088701097359,0.9470573117328829,0.9747387911522981,0.9708865761958783,0.8673281275460046,0.8673281275460046,2,3.1541637771599587,0.6571174535749914,1,1,1,1.0,1,1.0,0,462,cvc-clinicdb,unet,polypseg/runs_repeat/unet_seed42_fold0rep3/best.pth,False
0.961142147730349,0.9251912045815393,0.9301561874174596,0.9942636986216243,0.6164858016977179,0.6164858016977179,2,7.0,1.4583333333333333,1,1,1,1.0,1,1.0,0,463,cvc-clinicdb,unet,polypseg/runs_repeat/unet_seed42_fold0rep3/best.pth,False
0.9754816112027117,0.9521367521259015,0.9694824785220528,0.9815554511162881,0.8338732692957486,0.8338732692957486,2,3.0,0.625,1,1,1,1.0,1,1.0,0,464,cvc-clinicdb,unet,polypseg/runs_repeat/unet_seed42_fold0rep3/best.pth,False
0.9383475111558226,0.8838556128450309,0.9527922688706679,0.9243341906502586,0.5147833066325003,0.5147833066325003,2,11.492806589536098,2.3943347061533538,1,1,1,1.0,1,1.0,0,465,cvc-clinicdb,unet,polypseg/runs_repeat/unet_seed42_fold0rep3/best.pth,False
0.9724504591547412,0.946378174968388,0.9696810374958843,0.9752357451222768,0.7469135302477637,0.7469135302477637,2,4.0,0.8333333333333334,1,1,1,1.0,1,1.0,0,466,cvc-clinicdb,unet,polypseg/runs_repeat/unet_seed42_fold0rep3/best.pth,False
0.5924600808282484,0.42091884767067483,0.8488703246468793,0.4550173010334315,0.26029452488744625,0.26029452488744625,2,72.86277651559517,15.17974510741566,1,2,1,1.0,0,0.0,1,467,cvc-clinicdb,unet,polypseg/runs_repeat/unet_seed42_fold0rep3/best.pth,False
0.7903616436074448,0.6533867245781635,0.7678870543130901,0.8141914749592846,0.35357580565384156,0.35357580565384156,2,61.62202151133839,12.837921148195498,1,1,1,1.0,1,1.0,0,468,cvc-clinicdb,unet,polypseg/runs_repeat/unet_seed42_fold0rep3/best.pth,False
0.8994225967505484,0.8172279333511717,0.9389866405918948,0.863057801730585,0.5497331346636433,0.5497331346636433,2,52.205783504992816,10.876204896873503,1,1,1,1.0,1,1.0,0,469,cvc-clinicdb,unet,polypseg/runs_repeat/unet_seed42_fold0rep3/best.pth,False
0.9654585028817759,0.9332235638407133,0.9501723013788751,0.9812445897760772,0.7068828564405757,0.7068828564405757,2,4.0,0.8333333333333334,1,1,1,1.0,1,1.0,0,47,cvc-clinicdb,unet,polypseg/runs_repeat/unet_seed42_fold0rep3/best.pth,False
0.8417992132669643,0.7268163024145814,0.9731119019246987,0.7417118746158156,0.42906017587699313,0.42906017587699313,2,93.67737099305002,19.51611895688542,1,1,1,1.0,1,1.0,0,470,cvc-clinicdb,unet,polypseg/runs_repeat/unet_seed42_fold0rep3/best.pth,False
0.8782367758164276,0.7829074415018507,0.9586472367283,0.8102719033194967,0.41423938402105376,0.41423938402105376,2,83.17798808992372,17.328747518734108,1,2,1,1.0,1,1.0,1,471,cvc-clinicdb,unet,polypseg/runs_repeat/unet_seed42_fold0rep3/best.pth,False
0.8809637861638222,0.7872522580335292,0.9798082045765594,0.8002349664920362,0.5521954278817259,0.5521954278817259,2,61.0,12.708333333333334,1,1,1,1.0,1,1.0,0,472,cvc-clinicdb,unet,polypseg/runs_repeat/unet_seed42_fold0rep3/best.pth,False
0.9234276915760884,0.8577479509276762,0.9194527979189843,0.9274371022367963,0.5488761537535926,0.5488761537535926,2,25.84745087408028,5.384885598766726,1,1,1,1.0,1,1.0,0,473,cvc-clinicdb,unet,polypseg/runs_repeat/unet_seed42_fold0rep3/best.pth,False
0.9227053140072127,0.8565022421482457,0.9232444491611428,0.9221668081445131,0.6543572663769166,0.6543572663769166,2,35.22782990761707,7.339131230753556,1,1,1,1.0,1,1.0,0,474,cvc-clinicdb,unet,polypseg/runs_repeat/unet_seed42_fold0rep3/best.pth,False
0.9138469779463578,0.8413611704716366,0.9733276280084946,0.8612174498302081,0.49139622255582555,0.49139622255582555,2,38.47076812334269,8.014743359029726,1,1,1,1.0,1,1.0,0,475,cvc-clinicdb,unet,polypseg/runs_repeat/unet_seed42_fold0rep3/best.pth,False
0.8858430540803662,0.7950792366592343,0.9303892632347809,0.8453676061283946,0.31415976358478664,0.31415976358478664,2,101.23759182656117,21.09116496386691,1,1,1,1.0,1,1.0,0,476,cvc-clinicdb,unet,polypseg/runs_repeat/unet_seed42_fold0rep3/best.pth,False
0.8902247104024916,0.8021666356667185,0.9050991501368948,0.8758312604656285,0.42810175358447355,0.42810175358447355,2,90.3257835508266,18.817871573088876,1,1,1,1.0,1,1.0,0,477,cvc-clinicdb,unet,polypseg/runs_repeat/unet_seed42_fold0rep3/best.pth,False
0.9272656731384457,0.8643945196116739,0.9617478577807993,0.8951705296514709,0.6284377255096296,0.6284377255096296,2,80.90107985141807,16.854391635712098,1,1,1,1.0,1,1.0,0,478,cvc-clinicdb,unet,polypseg/runs_repeat/unet_seed42_fold0rep3/best.pth,False
0.9659304050811401,0.9341057989012177,0.9373539798916742,0.9963039962982426,0.7227630798424005,0.7227630798424005,2,11.324259223769024,2.3592206716185466,1,1,1,1.0,1,1.0,0,479,cvc-clinicdb,unet,polypseg/runs_repeat/unet_seed42_fold0rep3/best.pth,False
0.9335563609243234,0.875392122675577,0.8789151355926699,0.9954419341855838,0.6584816100778762,0.6584816100778762,2,7.615773105863909,1.5866193970549811,1,1,1,1.0,1,1.0,0,48,cvc-clinicdb,unet,polypseg/runs_repeat/unet_seed42_fold0rep3/best.pth,False
0.9132521010820565,0.8403532245071429,0.8408032128469033,0.9993635437818268,0.5036457069149752,0.5036457069149752,2,29.365513348260553,6.117815280887615,1,1,1,1.0,1,1.0,0,480,cvc-clinicdb,unet,polypseg/runs_repeat/unet_seed42_fold0rep3/best.pth,False
0.8965455414747294,0.8124898445495722,0.8131064014265645,0.9990675990609452,0.3137768356611613,0.3137768356611613,2,33.234757799054535,6.923907874803027,1,1,1,1.0,1,1.0,0,481,cvc-clinicdb,unet,polypseg/runs_repeat/unet_seed42_fold0rep3/best.pth,False
0.9554892205617347,0.9147720055848478,0.9158189216644802,0.9987519068044249,0.6078033200261365,0.6078033200261365,2,17.434013292331848,3.6320861025691347,1,1,1,1.0,1,1.0,0,482,cvc-clinicdb,unet,polypseg/runs_repeat/unet_seed42_fold0rep3/best.pth,False
0.9571540538166047,0.9178288100170445,0.9193642827230474,0.9981836345427382,0.7096784638749256,0.7096784638749256,2,19.298770383718036,4.020577163274591,1,1,1,1.0,1,1.0,0,483,cvc-clinicdb,unet,polypseg/runs_repeat/unet_seed42_fold0rep3/best.pth,False
0.9580672903991085,0.9195097548728388,0.924086270167794,0.9946428571374748,0.5164531945863928,0.5164531945863928,2,8.94427190999916,1.8633899812498247,1,1,1,1.0,1,1.0,0,484,cvc-clinicdb,unet,polypseg/runs_repeat/unet_seed42_fold0rep3/best.pth,False
0.9533128319787765,0.9107905982845166,0.9697831496553871,0.9373926190575397,0.6110933947830685,0.6110933947830685,2,14.0,2.9166666666666665,1,1,1,1.0,1,1.0,0,485,cvc-clinicdb,unet,polypseg/runs_repeat/unet_seed42_fold0rep3/best.pth,False
0.9526288391380129,0.9095427435236988,0.9437854564046109,0.9616395165359671,0.7025070063160077,0.7025070063160077,2,5.385164807134504,1.1219093348196882,1,1,1,1.0,1,1.0,0,486,cvc-clinicdb,unet,polypseg/runs_repeat/unet_seed42_fold0rep3/best.pth,False
0.9784096893058697,0.9577319587546586,0.9890870375211686,0.9679604063474171,0.8175280769822844,0.8175280769822844,2,3.605551275463989,0.7511565157216644,1,1,1,1.0,1,1.0,0,487,cvc-clinicdb,unet,polypseg/runs_repeat/unet_seed42_fold0rep3/best.pth,False
0.9839648314800755,0.9684358002227753,0.9865670388633484,0.9813763153417289,0.9528990755912636,0.9528990755912636,2,2.0826237921249184,0.43387995669269136,1,1,1,1.0,1,1.0,0,488,cvc-clinicdb,unet,polypseg/runs_repeat/unet_seed42_fold0rep3/best.pth,False
0.9267558770330173,0.8635089232736736,0.8643011332950234,0.9989396538250461,0.6091592530029563,0.6091592530029563,2,37.94199458459815,7.904582205124615,1,1,1,1.0,1,1.0,0,489,cvc-clinicdb,unet,polypseg/runs_repeat/unet_seed42_fold0rep3/best.pth,False
0.9711663739819227,0.9439489042952983,0.9773115950179304,0.965097950901091,0.8704802391717033,0.8704802391717033,2,4.0,0.8333333333333334,1,1,1,1.0,1,1.0,0,49,cvc-clinicdb,unet,polypseg/runs_repeat/unet_seed42_fold0rep3/best.pth,False
0.7327615459313004,0.5782349356418566,0.9999041992623346,0.5782669720015914,0.11514266894002363,0.11514266894002363,2,99.56027638523992,20.741724246924985,1,1,1,1.0,1,1.0,0,490,cvc-clinicdb,unet,polypseg/runs_repeat/unet_seed42_fold0rep3/best.pth,False
0.9105990318653928,0.8358713260780566,0.9539379853100526,0.8710268653794866,0.42995922544780957,0.42995922544780957,2,31.141390251832178,6.48778963579837,1,2,1,1.0,1,1.0,1,491,cvc-clinicdb,unet,polypseg/runs_repeat/unet_seed42_fold0rep3/best.pth,False
0.9806412053237109,0.9620177021527798,0.9735205878474128,0.9878667549040906,0.8169957346219627,0.8169957346219627,2,5.0,1.0416666666666667,1,1,1,1.0,1,1.0,0,492,cvc-clinicdb,unet,polypseg/runs_repeat/unet_seed42_fold0rep3/best.pth,False
0.9725946697434489,0.9466513761424465,0.9581224755050924,0.9875107665758086,0.6812029575216273,0.6812029575216273,2,5.830951894845301,1.2147816447594377,1,1,1,1.0,1,1.0,0,493,cvc-clinicdb,unet,polypseg/runs_repeat/unet_seed42_fold0rep3/best.pth,False
0.9832693439425405,0.9670893053970943,0.9909619838389484,0.9756952169022486,0.8673017903136971,0.8673017903136971,2,2.8284271247461903,0.5892556509887896,1,1,1,1.0,1,1.0,0,494,cvc-clinicdb,unet,polypseg/runs_repeat/unet_seed42_fold0rep3/best.pth,False
0.95908862935932,0.9213931718019392,0.9442720090249046,0.9743776386617441,0.7238634877185528,0.7238634877185528,2,18.98288287465668,3.9547672655534756,1,1,1,1.0,1,1.0,0,495,cvc-clinicdb,unet,polypseg/runs_repeat/unet_seed42_fold0rep3/best.pth,False
0.9471635292586831,0.8996302422842287,0.9170303511162615,0.9793443143849406,0.6220093281458098,0.6220093281458098,2,24.342316354942696,5.071315907279728,1,1,1,1.0,1,1.0,0,496,cvc-clinicdb,unet,polypseg/runs_repeat/unet_seed42_fold0rep3/best.pth,False
0.9468423334445941,0.8990508862186414,0.9038881607668163,0.9940826906031254,0.6309841809890092,0.6309841809890092,2,31.0,6.458333333333333,1,1,1,1.0,1,1.0,0,497,cvc-clinicdb,unet,polypseg/runs_repeat/unet_seed42_fold0rep3/best.pth,False
0.9677934974816899,0.937596784287379,0.9448502556579292,0.9918787033775117,0.8082740231567385,0.8082740231567385,2,22.834136091436882,4.7571116857160165,1,1,1,1.0,1,1.0,0,498,cvc-clinicdb,unet,polypseg/runs_repeat/unet_seed42_fold0rep3/best.pth,False
0.9689229925989423,0.9397193280851239,0.9456510110162061,0.9933692964673958,0.7439405960941378,0.7439405960941378,2,17.383620118596596,3.621587524707624,1,1,1,1.0,1,1.0,0,499,cvc-clinicdb,unet,polypseg/runs_repeat/unet_seed42_fold0rep3/best.pth,False
0.6990597762655306,0.5373496518224449,0.9774493810481004,0.5440948667242984,0.5756656056915519,0.5756656056915519,2,62.15986140446663,12.949971125930547,1,1,1,1.0,1,1.0,0,5,cvc-clinicdb,unet,polypseg/runs_repeat/unet_seed42_fold0rep3/best.pth,False
0.9287414695932592,0.8669629629372753,0.8716115579126718,0.9938858695314577,0.641221324048719,0.641221324048719,2,5.0,1.0416666666666667,1,1,1,1.0,1,1.0,0,50,cvc-clinicdb,unet,polypseg/runs_repeat/unet_seed42_fold0rep3/best.pth,False
0.956189472294103,0.9160565513701334,0.928895999994055,0.9851354102967139,0.5415472279373779,0.5415472279373779,2,8.06225774829855,1.679637030895531,1,1,1,1.0,1,1.0,0,500,cvc-clinicdb,unet,polypseg/runs_repeat/unet_seed42_fold0rep3/best.pth,False
0.9637911757089425,0.9301128818009622,0.9360694993543683,0.993204916089617,0.47739806792275613,0.47739806792275613,2,5.285013954394896,1.1010445738322698,1,1,1,1.0,1,1.0,0,501,cvc-clinicdb,unet,polypseg/runs_repeat/unet_seed42_fold0rep3/best.pth,False
0.9626543742427031,0.9279977187351932,0.9314062201825443,0.9960720297862772,0.7202103327815024,0.7202103327815024,2,17.98600225733345,3.7470838036111354,1,1,1,1.0,1,1.0,0,502,cvc-clinicdb,unet,polypseg/runs_repeat/unet_seed42_fold0rep3/best.pth,False
0.9709048961783925,0.9434549757091233,0.9525506140715406,0.9899803964234808,0.7087125351725858,0.7087125351725858,2,10.451937246608468,2.177486926376764,1,1,1,1.0,1,1.0,0,503,cvc-clinicdb,unet,polypseg/runs_repeat/unet_seed42_fold0rep3/best.pth,False
0.9699818071509502,0.9417132764111302,0.989585481532382,0.9511397423097012,0.7547169311370676,0.7547169311370676,2,3.605551275463989,0.7511565157216644,1,1,1,1.0,1,1.0,0,504,cvc-clinicdb,unet,polypseg/runs_repeat/unet_seed42_fold0rep3/best.pth,False
0.9651035986882894,0.9325605900890561,0.9425510587586609,0.9887618296464986,0.5615224872954895,0.5615224872954895,2,7.0710678118654755,1.473139127471974,1,1,1,1.0,1,1.0,0,505,cvc-clinicdb,unet,polypseg/runs_repeat/unet_seed42_fold0rep3/best.pth,False
0.9035989562655224,0.8241500329001444,0.9767339087007988,0.8406533169239497,0.3015110940849721,0.3015110940849721,2,39.0,8.125,1,1,1,1.0,1,1.0,0,506,cvc-clinicdb,unet,polypseg/runs_repeat/unet_seed42_fold0rep3/best.pth,False
0.9794468902768231,0.9597216263860057,0.9789468566125858,0.9799474350214642,0.645015028784502,0.645015028784502,2,6.0,1.25,1,1,1,1.0,1,1.0,0,507,cvc-clinicdb,unet,polypseg/runs_repeat/unet_seed42_fold0rep3/best.pth,False
0.9575378441353904,0.9185348731832057,0.9295863412345045,0.9872223912322042,0.40882430074723225,0.40882430074723225,2,6.288286401830984,1.3100596670481217,1,1,1,1.0,1,1.0,0,508,cvc-clinicdb,unet,polypseg/runs_repeat/unet_seed42_fold0rep3/best.pth,False
0.9708340028885953,0.9433211023425456,0.9749072131597958,0.9667946871422083,0.7571288741731873,0.7571288741731873,2,5.0990195135927845,1.0622957319984967,1,1,1,1.0,1,1.0,0,509,cvc-clinicdb,unet,polypseg/runs_repeat/unet_seed42_fold0rep3/best.pth,False
0.7525305409859501,0.6032456630887942,0.6042600896522275,0.9972247917671392,0.3767740287855371,0.3767740287855371,2,13.429433528724978,2.7977986518177036,1,1,1,1.0,1,1.0,0,51,cvc-clinicdb,unet,polypseg/runs_repeat/unet_seed42_fold0rep3/best.pth,False
0.9651619662928265,0.9326695916222353,0.9728064771541599,0.9576366629042914,0.5935224654773497,0.5935224654773497,2,3.7633307652783845,0.7840272427663301,1,1,1,1.0,1,1.0,0,510,cvc-clinicdb,unet,polypseg/runs_repeat/unet_seed42_fold0rep3/best.pth,False
0.9600686990055812,0.9232039636536856,0.959519382048927,0.9606186452676412,0.7626146289180895,0.7626146289180895,2,5.0,1.0416666666666667,1,1,1,1.0,1,1.0,0,511,cvc-clinicdb,unet,polypseg/runs_repeat/unet_seed42_fold0rep3/best.pth,False
0.9515316013885108,0.9075443786847996,0.9762889878902564,0.9279987898815913,0.7871801921439134,0.7871801921439134,2,10.162596577542837,2.1172076203214245,1,1,1,1.0,1,1.0,0,512,cvc-clinicdb,unet,polypseg/runs_repeat/unet_seed42_fold0rep3/best.pth,False
0.9386581469588584,0.8844069837340829,0.9338842975087872,0.9434810532955237,0.606636995265243,0.606636995265243,2,8.06225774829855,1.679637030895531,1,1,1,1.0,1,1.0,0,513,cvc-clinicdb,unet,polypseg/runs_repeat/unet_seed42_fold0rep3/best.pth,False
0.9313765091291621,0.8715665686613056,0.8734006733933215,0.9975963849533929,0.4236114022288858,0.4236114022288858,2,13.220225048581327,2.7542135517877764,1,1,1,1.0,1,1.0,0,514,cvc-clinicdb,unet,polypseg/runs_repeat/unet_seed42_fold0rep3/best.pth,False
0.9472019876845265,0.8996996352617496,0.9141144414069305,0.9827747832085448,0.7260273473799537,0.7260273473799537,2,12.072577199243332,2.515120249842361,1,1,1,1.0,1,1.0,0,515,cvc-clinicdb,unet,polypseg/runs_repeat/unet_seed42_fold0rep3/best.pth,False
0.9753490647661911,0.9518842283041806,0.9747987662606273,0.9758999849301407,0.8001556364013411,0.8001556364013411,2,3.605551275463989,0.7511565157216644,1,1,1,1.0,1,1.0,0,516,cvc-clinicdb,unet,polypseg/runs_repeat/unet_seed42_fold0rep3/best.pth,False
0.9651810584902206,0.9327052489801176,0.9396610169385349,0.992125984240132,0.7598851744170773,0.7598851744170773,2,5.656854249492381,1.1785113019775793,1,1,1,1.0,1,1.0,0,517,cvc-clinicdb,unet,polypseg/runs_repeat/unet_seed42_fold0rep3/best.pth,False
0.9680493273474772,0.9380771319807432,0.9426855895067865,0.9948156681884387,0.7781058154302706,0.7781058154302706,2,4.0,0.8333333333333334,1,1,1,1.0,1,1.0,0,518,cvc-clinicdb,unet,polypseg/runs_repeat/unet_seed42_fold0rep3/best.pth,False
0.9724267278756755,0.9463332243601049,0.950632149302443,0.9952440980919365,0.599358924361033,0.599358924361033,2,4.242640687119285,0.8838834764831843,1,1,1,1.0,1,1.0,0,519,cvc-clinicdb,unet,polypseg/runs_repeat/unet_seed42_fold0rep3/best.pth,False
0.8838740008987366,0.7919123840950368,0.8727948002903625,0.8952380951528344,0.6915825829719656,0.6915825829719656,2,9.433981132056603,1.9654127358451257,1,1,1,1.0,1,1.0,0,52,cvc-clinicdb,unet,polypseg/runs_repeat/unet_seed42_fold0rep3/best.pth,False
0.9840259946806698,0.9685543030910334,0.9761518348166254,0.9920282219224262,0.8909182289489004,0.8909182289489004,2,2.8284271247461903,0.5892556509887896,1,1,1,1.0,1,1.0,0,520,cvc-clinicdb,unet,polypseg/runs_repeat/unet_seed42_fold0rep3/best.pth,False
0.969878042802714,0.9415176873246337,0.964351806750128,0.9754679802859559,0.7665858458492774,0.7665858458492774,2,4.061552812808831,0.8461568360018397,1,1,1,1.0,1,1.0,0,521,cvc-clinicdb,unet,polypseg/runs_repeat/unet_seed42_fold0rep3/best.pth,False
0.9426760093363852,0.891567785901394,0.9407298881068097,0.9446301992651515,0.48863305103654076,0.48863305103654076,2,7.615773105863909,1.5866193970549811,1,1,1,1.0,1,1.0,0,522,cvc-clinicdb,unet,polypseg/runs_repeat/unet_seed42_fold0rep3/best.pth,False
0.9689491251039855,0.9397684912509365,0.953044170295403,0.9853939518414855,0.8353728431012142,0.8353728431012142,2,4.0,0.8333333333333334,1,1,1,1.0,1,1.0,0,523,cvc-clinicdb,unet,polypseg/runs_repeat/unet_seed42_fold0rep3/best.pth,False
0.9776364178486789,0.9562512152393726,0.9605468749953098,0.9953450718427679,0.7052964642601058,0.7052964642601058,2,3.605551275463989,0.7511565157216644,1,1,1,1.0,1,1.0,0,524,cvc-clinicdb,unet,polypseg/runs_repeat/unet_seed42_fold0rep3/best.pth,False
0.9689661287419358,0.939800481588065,0.9401238816161379,0.9996341017105778,0.6659556403271952,0.6659556403271952,2,4.0,0.8333333333333334,1,1,1,1.0,1,1.0,0,525,cvc-clinicdb,unet,polypseg/runs_repeat/unet_seed42_fold0rep3/best.pth,False
0.9613963272445198,0.9256623604015145,0.9371536244631217,0.9869265787208249,0.6473901207222514,0.6473901207222514,2,3.605551275463989,0.7511565157216644,1,1,1,1.0,1,1.0,0,526,cvc-clinicdb,unet,polypseg/runs_repeat/unet_seed42_fold0rep3/best.pth,False
0.9740403043093441,0.9493943167559221,0.959935897424909,0.9885653660145164,0.8692866616208654,0.8692866616208654,2,2.8284271247461903,0.5892556509887896,1,1,1,1.0,1,1.0,0,527,cvc-clinicdb,unet,polypseg/runs_repeat/unet_seed42_fold0rep3/best.pth,False
0.9703438993782413,0.9423961056437177,0.956975466853195,0.9840911230256604,0.7005338545368512,0.7005338545368512,2,3.605551275463989,0.7511565157216644,1,1,1,1.0,1,1.0,0,528,cvc-clinicdb,unet,polypseg/runs_repeat/unet_seed42_fold0rep3/best.pth,False
0.7921092564371456,0.655778894455885,0.655778894455885,0.9999999999616859,0.3538718037494266,0.3538718037494266,2,20.695053595008147,4.311469498960031,1,1,1,1.0,1,1.0,0,529,cvc-clinicdb,unet,polypseg/runs_repeat/unet_seed42_fold0rep3/best.pth,False
0.9235159816824476,0.8579003180426406,0.8670953911182105,0.9877899876693785,0.8594907219280488,0.8594907219280488,2,3.0,0.625,1,1,1,1.0,1,1.0,0,53,cvc-clinicdb,unet,polypseg/runs_repeat/unet_seed42_fold0rep3/best.pth,False
0.5510714674148692,0.38033033032461966,0.38033033032461966,0.9999999999605211,0.2685162750558039,0.2685162750558039,2,56.240953043763156,11.716865217450657,1,1,1,1.0,0,0.0,0,530,cvc-clinicdb,unet,polypseg/runs_repeat/unet_seed42_fold0rep3/best.pth,False
0.8039784500510571,0.6722106721951442,0.6731436502273157,0.9979423867970528,0.33606430331245357,0.33606430331245357,2,21.27737988244732,4.432787475509858,1,1,1,1.0,1,1.0,0,531,cvc-clinicdb,unet,polypseg/runs_repeat/unet_seed42_fold0rep3/best.pth,False
0.5089833321270728,0.3413666279486898,0.3413666279486898,0.9999999999716473,0.04665310308850777,0.04665310308850777,2,156.1475806207701,32.53074596266044,1,2,1,1.0,1,1.0,1,532,cvc-clinicdb,unet,polypseg/runs_repeat/unet_seed42_fold0rep3/best.pth,False
0.44576899610247445,0.2868100012061432,0.2868100012061432,0.999999999978943,0.049481579799294816,0.049481579799294816,2,174.7858635177746,36.413721566203044,1,2,1,1.0,0,0.0,1,533,cvc-clinicdb,unet,polypseg/runs_repeat/unet_seed42_fold0rep3/best.pth,False
0.8727454195417926,0.7742221097802401,0.7746140217568386,0.9993469387591943,0.24385067096858462,0.24385067096858462,2,9.0,1.875,1,1,1,1.0,1,1.0,0,534,cvc-clinicdb,unet,polypseg/runs_repeat/unet_seed42_fold0rep3/best.pth,False
0.8501308900467923,0.7393284006745665,0.7393284006745665,0.9999999999846035,0.1128127029946452,0.1128127029946452,2,15.451017575126972,3.218961994818119,1,1,1,1.0,1,1.0,0,535,cvc-clinicdb,unet,polypseg/runs_repeat/unet_seed42_fold0rep3/best.pth,False
0.41023484893864426,0.25804745352781455,0.25810596326710716,0.9991222937244131,0.15233891287410262,0.15233891287410262,2,169.53155977014234,35.319074952112985,1,1,1,1.0,0,0.0,0,536,cvc-clinicdb,unet,polypseg/runs_repeat/unet_seed42_fold0rep3/best.pth,False
0.6872495875505754,0.5235188509811667,0.5235815178294998,0.9997714285485767,0.32003043072978515,0.32003043072978515,2,147.78903875677506,30.78938307432814,1,2,1,1.0,1,1.0,1,537,cvc-clinicdb,unet,polypseg/runs_repeat/unet_seed42_fold0rep3/best.pth,False
0.745936981751692,0.5948161861862626,0.598377012097933,0.9900946510898064,0.2674891008609554,0.2674891008609554,2,29.573618359201667,6.161170491500347,1,1,1,1.0,1,1.0,0,538,cvc-clinicdb,unet,polypseg/runs_repeat/unet_seed42_fold0rep3/best.pth,False
0.9272275017480245,0.8643281807269402,0.8781106547369157,0.9821645723418164,0.4168019322192836,0.4168019322192836,2,7.364025693426366,1.5341720194638264,1,1,1,1.0,1,1.0,0,539,cvc-clinicdb,unet,polypseg/runs_repeat/unet_seed42_fold0rep3/best.pth,False
0.1938753029258895,0.10734325444968668,0.10744810744548357,0.9909909907677947,0.1611624613406563,0.1611624613406563,2,111.83022847155415,23.297964264907115,1,4,1,1.0,0,0.0,3,54,cvc-clinicdb,unet,polypseg/runs_repeat/unet_seed42_fold0rep3/best.pth,False
0.7299981262862228,0.5748008261999966,0.5754557731238376,0.9980238600527115,0.21988379382766818,0.21988379382766818,2,154.9749931530466,32.28645690688471,1,4,1,1.0,1,1.0,3,540,cvc-clinicdb,unet,polypseg/runs_repeat/unet_seed42_fold0rep3/best.pth,False
0.7458000550761098,0.5946420728964136,0.597792494474638,0.99121522692183,0.24581666894775264,0.24581666894775264,2,39.982405448860945,8.32966780184603,1,1,1,1.0,1,1.0,0,541,cvc-clinicdb,unet,polypseg/runs_repeat/unet_seed42_fold0rep3/best.pth,False
0.42413309280275224,0.26914271177703236,0.2692454510740584,0.9985842378323332,0.14375283666233302,0.14375283666233302,2,153.1138259335391,31.898713736153976,1,2,1,1.0,0,0.0,1,542,cvc-clinicdb,unet,polypseg/runs_repeat/unet_seed42_fold0rep3/best.pth,False
0.6630407376700534,0.4959318928794874,0.4959318928794874,0.999999999989135,0.29175033717512083,0.29175033717512083,2,75.0066663703967,15.626388827165979,1,1,1,1.0,0,0.0,0,543,cvc-clinicdb,unet,polypseg/runs_repeat/unet_seed42_fold0rep3/best.pth,False
0.49482430814644246,0.3287485380109269,0.32884084421281096,0.9991468789919014,0.15815117610136867,0.15815117610136867,2,157.74788397614168,32.86414249502952,1,1,1,1.0,0,0.0,0,544,cvc-clinicdb,unet,polypseg/runs_repeat/unet_seed42_fold0rep3/best.pth,False
0.7505529320297055,0.6007080662080115,0.6007080662080115,0.9999999999840714,0.31381440613416245,0.31381440613416245,2,144.0,30.0,1,2,1,1.0,1,1.0,1,545,cvc-clinicdb,unet,polypseg/runs_repeat/unet_seed42_fold0rep3/best.pth,False
0.5804054054026042,0.4088529271747545,0.40890853450928993,0.9996674979052425,0.3029910820393688,0.3029910820393688,2,82.2489814696535,17.135204472844478,1,1,1,1.0,0,0.0,0,546,cvc-clinicdb,unet,polypseg/runs_repeat/unet_seed42_fold0rep3/best.pth,False
0.7915282391960836,0.6549828178604126,0.6595155709251278,0.9896157839877546,0.43419080950983835,0.43419080950983835,2,46.868799947021316,9.764333322296107,2,2,2,1.0,2,1.0,0,547,cvc-clinicdb,unet,polypseg/runs_repeat/unet_seed42_fold0rep3/best.pth,False
0.9347126436709983,0.8774277082307952,0.9268996960345456,0.9426584234784752,0.6614445508868871,0.6614445508868871,2,5.127634042946947,1.068257092280614,2,2,2,1.0,2,1.0,0,548,cvc-clinicdb,unet,polypseg/runs_repeat/unet_seed42_fold0rep3/best.pth,False
0.5744081172329648,0.402926057714396,0.6569954867403613,0.5102653980715941,0.2059242370103819,0.2059242370103819,2,93.59486875467434,19.498930990557152,2,1,1,0.5,1,0.5,0,549,cvc-clinicdb,unet,polypseg/runs_repeat/unet_seed42_fold0rep3/best.pth,False
0.8294772921311502,0.7086383600719417,0.9641434261027603,0.7278195487627339,0.4695259100306296,0.4695259100306296,2,4.043086968966181,0.8423097852012876,1,1,1,1.0,1,1.0,0,55,cvc-clinicdb,unet,polypseg/runs_repeat/unet_seed42_fold0rep3/best.pth,False
0.9267342799113449,0.8634714242385324,0.9215749556088176,0.9319516971127293,0.6284371608492428,0.6284371608492428,2,7.211102550927978,1.5023130314433288,2,2,2,1.0,2,1.0,0,550,cvc-clinicdb,unet,polypseg/runs_repeat/unet_seed42_fold0rep3/best.pth,False
0.9403774776834843,0.8874645997780971,0.9188271604796477,0.9629629629473886,0.6714292304586047,0.6714292304586047,2,3.7041634565979917,0.7717007201245816,2,2,2,1.0,2,1.0,0,551,cvc-clinicdb,unet,polypseg/runs_repeat/unet_seed42_fold0rep3/best.pth,False
0.8968064305822521,0.8129184718286344,0.8166710630332805,0.9943793158664785,0.514294984616184,0.514294984616184,2,9.219544457292887,1.920738428602685,2,2,2,1.0,2,1.0,0,552,cvc-clinicdb,unet,polypseg/runs_repeat/unet_seed42_fold0rep3/best.pth,False
0.9215415138524526,0.8544988292913981,0.8767875529015353,0.9711099847824238,0.6071734654834011,0.6071734654834011,2,10.0,2.0833333333333335,2,2,2,1.0,2,1.0,0,553,cvc-clinicdb,unet,polypseg/runs_repeat/unet_seed42_fold0rep3/best.pth,False
0.9406666666614407,0.8879798615388296,0.924437650131858,0.9574756842235074,0.649689799597599,0.649689799597599,2,6.0,1.25,2,2,2,1.0,2,1.0,0,554,cvc-clinicdb,unet,polypseg/runs_repeat/unet_seed42_fold0rep3/best.pth,False
0.9303417688433971,0.8697560975503688,0.894631209221091,0.9690217391172687,0.5771636403910421,0.5771636403910421,2,7.211102550927978,1.5023130314433288,2,2,2,1.0,2,1.0,0,555,cvc-clinicdb,unet,polypseg/runs_repeat/unet_seed42_fold0rep3/best.pth,False
0.8749694152136348,0.7777294475774496,0.7793396534730376,0.9973504392553709,0.5157706316516455,0.5157706316516455,2,51.26594104347433,10.680404384057152,2,3,2,1.0,2,1.0,1,556,cvc-clinicdb,unet,polypseg/runs_repeat/unet_seed42_fold0rep3/best.pth,False
0.9120272682931989,0.838281366539784,0.8627360663156344,0.9672921328805768,0.544591951744249,0.544591951744249,2,7.810249675906654,1.6271353491472196,2,2,2,1.0,2,1.0,0,557,cvc-clinicdb,unet,polypseg/runs_repeat/unet_seed42_fold0rep3/best.pth,False
0.8791576932210324,0.7843723313295706,0.8068814055518758,0.9656562116529586,0.5027223455133751,0.5027223455133751,2,48.48549404936396,10.101144593617493,2,3,2,1.0,2,1.0,1,558,cvc-clinicdb,unet,polypseg/runs_repeat/unet_seed42_fold0rep3/best.pth,False
0.0,0.0,0.0,0.0,0.0,0.0,2,,,1,0,0,0.0,0,0.0,0,559,cvc-clinicdb,unet,polypseg/runs_repeat/unet_seed42_fold0rep3/best.pth,False
0.9326699834007849,0.873834679898265,0.8776529338053167,0.9950460013802178,0.6196000029784281,0.6196000029784281,2,4.551315561749631,0.948190742031173,1,1,1,1.0,1,1.0,0,56,cvc-clinicdb,unet,polypseg/runs_repeat/unet_seed42_fold0rep3/best.pth,False
0.5428063943123068,0.37250121891396876,0.3772839506135577,0.9670886075704535,0.3645693361706355,0.3645693361706355,2,44.68489751899937,9.309353649791536,2,1,1,0.5,0,0.0,0,560,cvc-clinicdb,unet,polypseg/runs_repeat/unet_seed42_fold0rep3/best.pth,False
0.6798078107633374,0.5149309443774269,0.5252236817006927,0.9633379888099977,0.37137585755001146,0.37137585755001146,2,47.14443144076763,9.821756550159924,2,1,1,0.5,0,0.0,0,561,cvc-clinicdb,unet,polypseg/runs_repeat/unet_seed42_fold0rep3/best.pth,False
0.37766475489256934,0.232790821768506,0.8158017764929499,0.24570543508524775,0.27875503283045955,0.27875503283045955,2,72.56721022610694,15.118168797105612,2,1,1,0.5,1,0.5,0,562,cvc-clinicdb,unet,polypseg/runs_repeat/unet_seed42_fold0rep3/best.pth,False
0.9240741540947924,0.8588641657895504,0.9908256880642125,0.8657489878472409,0.4564795960252422,0.4564795960252422,2,14.939730936293321,3.1124439450611088,1,1,1,1.0,1,1.0,0,563,cvc-clinicdb,unet,polypseg/runs_repeat/unet_seed42_fold0rep3/best.pth,False
0.845463753433492,0.7322972803563585,0.8193801710782542,0.8732625915343502,0.23348894332776152,0.23348894332776152,2,45.5180754359322,9.482932382485874,1,1,1,1.0,1,1.0,0,564,cvc-clinicdb,unet,polypseg/runs_repeat/unet_seed42_fold0rep3/best.pth,False
0.6837074520968656,0.5194190707726922,0.575212866599409,0.8426439232319547,0.25372021270218154,0.25372021270218154,2,44.451046281611596,9.260634642002417,2,1,1,0.5,0,0.0,0,565,cvc-clinicdb,unet,polypseg/runs_repeat/unet_seed42_fold0rep3/best.pth,False
0.5659029532139915,0.3946057587122511,0.4056450605669334,0.9354838709407983,0.2126550751796524,0.2126550751796524,2,41.847135849926715,8.718153302068066,2,1,1,0.5,0,0.0,0,566,cvc-clinicdb,unet,polypseg/runs_repeat/unet_seed42_fold0rep3/best.pth,False
0.6956354916000418,0.5333137225984217,0.5333137225984217,0.9999999999724214,0.4156656133066493,0.4156656133066493,2,36.905237234429954,7.6885910905062405,2,2,2,1.0,2,1.0,0,567,cvc-clinicdb,unet,polypseg/runs_repeat/unet_seed42_fold0rep3/best.pth,False
0.4161309175677305,0.26273062728688334,0.999999999719101,0.26273062728688334,0.32420273713792475,0.32420273713792475,2,83.19495145740167,17.33228155362535,2,1,1,0.5,1,0.5,0,568,cvc-clinicdb,unet,polypseg/runs_repeat/unet_seed42_fold0rep3/best.pth,False
0.7283625029794207,0.5727752639301367,0.9319018404336256,0.5977961432271627,0.39440988799670795,0.39440988799670795,2,16.04987873282454,3.3437247360051123,2,2,2,1.0,1,0.5,0,569,cvc-clinicdb,unet,polypseg/runs_repeat/unet_seed42_fold0rep3/best.pth,False
0.8325595790519171,0.713149522761763,0.7165689930358781,0.9933530279916283,0.4158860502987259,0.4158860502987259,2,10.0,2.0833333333333335,1,1,1,1.0,1,1.0,0,57,cvc-clinicdb,unet,polypseg/runs_repeat/unet_seed42_fold0rep3/best.pth,False
0.7437818399537375,0.5920801526435077,0.9302848575014778,0.6195706440030169,0.49256438556328136,0.49256438556328136,2,72.7969757407045,15.166036612646769,2,1,1,0.5,1,0.5,0,570,cvc-clinicdb,unet,polypseg/runs_repeat/unet_seed42_fold0rep3/best.pth,False
0.6583453352483729,0.49069656487964336,0.49210526315200825,0.9942000966410295,0.3001541055092928,0.3001541055092928,2,34.44838665495284,7.176747219781842,2,1,1,0.5,0,0.0,0,571,cvc-clinicdb,unet,polypseg/runs_repeat/unet_seed42_fold0rep3/best.pth,False
0.9478735005349195,0.9009121061173111,0.9180397126971264,0.9797114517362554,0.6557449331359794,0.6557449331359794,2,3.605551275463989,0.7511565157216644,1,1,1,1.0,1,1.0,0,572,cvc-clinicdb,unet,polypseg/runs_repeat/unet_seed42_fold0rep3/best.pth,False
0.9460354568294168,0.8975970424806804,0.9097040089580478,0.985389610349619,0.812710185474818,0.812710185474818,2,4.604101966249685,0.9591879096353509,1,1,1,1.0,1,1.0,0,573,cvc-clinicdb,unet,polypseg/runs_repeat/unet_seed42_fold0rep3/best.pth,False
0.36737170596075436,0.22501858341058703,0.22846361185737504,0.9371959309625301,0.38606110502938557,0.38606110502938557,2,137.46596294379782,28.638742279957878,1,1,0,0.0,0,0.0,1,574,cvc-clinicdb,unet,polypseg/runs_repeat/unet_seed42_fold0rep3/best.pth,False
0.8071209016290072,0.6766158470973456,0.9713316892425607,0.6904031551119544,0.5618926358678243,0.5618926358678243,2,37.967079030663314,7.90980813138819,1,1,1,1.0,1,1.0,0,575,cvc-clinicdb,unet,polypseg/runs_repeat/unet_seed42_fold0rep3/best.pth,False
0.7062852093150747,0.5459357923404041,0.9391891891615984,0.5659408744810419,0.5845606430555927,0.5845606430555927,2,106.26612236482038,22.13877549267091,1,1,1,1.0,1,1.0,0,576,cvc-clinicdb,unet,polypseg/runs_repeat/unet_seed42_fold0rep3/best.pth,False
0.643972297210424,0.4748961218754346,0.9314091680498673,0.4921062073826318,0.47653819761053207,0.47653819761053207,2,121.16763173914919,25.243256612322746,1,1,1,1.0,0,0.0,0,577,cvc-clinicdb,unet,polypseg/runs_repeat/unet_seed42_fold0rep3/best.pth,False
0.8684441839938621,0.7674779906651567,0.9425482297870988,0.8051430640926269,0.5369454518866885,0.5369454518866885,2,61.186889273263475,12.747268598596557,1,1,1,1.0,1,1.0,0,578,cvc-clinicdb,unet,polypseg/runs_repeat/unet_seed42_fold0rep3/best.pth,False
0.6762678106293025,0.5108796296256877,0.9974389876318555,0.5115506451324148,0.4652293895208505,0.4652293895208505,2,143.27132959433635,29.84819366548674,1,1,1,1.0,1,1.0,0,579,cvc-clinicdb,unet,polypseg/runs_repeat/unet_seed42_fold0rep3/best.pth,False
0.8678385416384168,0.7665324898926663,0.7700751010531441,0.9940343026850086,0.49187441546445676,0.49187441546445676,2,6.324555320336759,1.317615691736825,1,1,1,1.0,1,1.0,0,58,cvc-clinicdb,unet,polypseg/runs_repeat/unet_seed42_fold0rep3/best.pth,False
0.5744276536034095,0.40294528373490573,0.9829668627906013,0.4057785732523282,0.39395661085366335,0.39395661085366335,2,155.6499199561746,32.42706665753638,1,1,1,1.0,0,0.0,0,580,cvc-clinicdb,unet,polypseg/runs_repeat/unet_seed42_fold0rep3/best.pth,False
0.5448031465378527,0.37438450010503965,0.9755927475456682,0.3779242530640341,0.4015647955589512,0.4015647955589512,2,145.309086262212,30.272726304627497,1,1,1,1.0,0,0.0,0,581,cvc-clinicdb,unet,polypseg/runs_repeat/unet_seed42_fold0rep3/best.pth,False
0.93485470181027,0.877678100254589,0.9160608063349188,0.9544359003677901,0.6198633142872261,0.6198633142872261,2,20.36843797404667,4.2434245779263895,1,1,1,1.0,1,1.0,0,582,cvc-clinicdb,unet,polypseg/runs_repeat/unet_seed42_fold0rep3/best.pth,False
0.2588751900008145,0.148682729988171,0.1565679264549272,0.7469785574903123,0.21322923892478418,0.21322923892478418,2,198.97989848223364,41.454145517132005,1,2,1,1.0,1,1.0,1,583,cvc-clinicdb,unet,polypseg/runs_repeat/unet_seed42_fold0rep3/best.pth,False
0.20050887221954034,0.11142531859373672,0.11160566488831486,0.9857050032168387,0.26739293956385046,0.26739293956385046,2,211.02274748468054,43.963072392641784,1,1,0,0.0,0,0.0,1,584,cvc-clinicdb,unet,polypseg/runs_repeat/unet_seed42_fold0rep3/best.pth,False
0.10397672162898168,0.05483936975621629,0.05889139152854534,0.44352503101185253,0.04610947319407832,0.04610947319407832,2,220.00909072126996,45.83522723359791,1,1,0,0.0,0,0.0,1,585,cvc-clinicdb,unet,polypseg/runs_repeat/unet_seed42_fold0rep3/best.pth,False
0.9250247715410653,0.8605079885116652,0.9048029291211543,0.946171171149861,0.5878111205474694,0.5878111205474694,2,7.211102550927978,1.5023130314433288,1,1,1,1.0,1,1.0,0,586,cvc-clinicdb,unet,polypseg/runs_repeat/unet_seed42_fold0rep3/best.pth,False
0.8771208226070759,0.781135531111687,0.781135531111687,0.9999999999609223,0.5453929042123202,0.5453929042123202,2,13.601470508735444,2.833639689319884,1,1,1,1.0,1,1.0,0,587,cvc-clinicdb,unet,polypseg/runs_repeat/unet_seed42_fold0rep3/best.pth,False
0.8650709595241459,0.7622247106845008,0.8048876625618886,0.9349816849388746,0.4841302097607163,0.4841302097607163,2,13.773434958337038,2.8694656163202166,1,1,1,1.0,1,1.0,0,588,cvc-clinicdb,unet,polypseg/runs_repeat/unet_seed42_fold0rep3/best.pth,False
0.8797953964033651,0.7853881278282653,0.7962962962699638,0.9828571428170263,0.6618063394192047,0.6618063394192047,2,18.998683298050512,3.95805902042719,1,1,1,1.0,1,1.0,0,589,cvc-clinicdb,unet,polypseg/runs_repeat/unet_seed42_fold0rep3/best.pth,False
0.8673862759881501,0.765827093208589,0.7817929116899379,0.9740259739416427,0.5389221059916142,0.5389221059916142,2,6.868691769624712,1.4309774520051484,1,1,1,1.0,1,1.0,0,59,cvc-clinicdb,unet,polypseg/runs_repeat/unet_seed42_fold0rep3/best.pth,False
0.927099490340636,0.8641057413934694,0.8841927303092058,0.9743828597589949,0.7675360934672172,0.7675360934672172,2,13.036484569885033,2.715934285392715,1,1,1,1.0,1,1.0,0,590,cvc-clinicdb,unet,polypseg/runs_repeat/unet_seed42_fold0rep3/best.pth,False
0.33924094406207966,0.2042686100967801,0.20428987921486577,0.9994905755985996,0.29437225562199304,0.29437225562199304,2,139.28295515013878,29.017282322945576,1,1,0,0.0,0,0.0,1,591,cvc-clinicdb,unet,polypseg/runs_repeat/unet_seed42_fold0rep3/best.pth,False
0.9263976664956111,0.8628871581078992,0.8682340076386326,0.9929137140268255,0.5162189942993755,0.5162189942993755,2,6.0,1.25,1,1,1,1.0,1,1.0,0,592,cvc-clinicdb,unet,polypseg/runs_repeat/unet_seed42_fold0rep3/best.pth,False
0.900920736580255,0.8197049717570624,0.8230023770191442,0.9951359716781973,0.422977703330535,0.422977703330535,2,27.802666933148068,5.792222277739181,1,1,1,1.0,1,1.0,0,593,cvc-clinicdb,unet,polypseg/runs_repeat/unet_seed42_fold0rep3/best.pth,False
0.9452972972870778,0.8962689626712532,0.9012574726674654,0.9938622413959113,0.7385823193977792,0.7385823193977792,2,3.1622776601683795,0.6588078458684125,1,1,1,1.0,1,1.0,0,594,cvc-clinicdb,unet,polypseg/runs_repeat/unet_seed42_fold0rep3/best.pth,False
0.8631644196363991,0.7592693565769011,0.7657409953047638,0.9889914772376069,0.6290677550576264,0.6290677550576264,2,13.237869369738096,2.75788945202877,1,1,1,1.0,1,1.0,0,595,cvc-clinicdb,unet,polypseg/runs_repeat/unet_seed42_fold0rep3/best.pth,False
0.4290279352599832,0.2730971128573084,0.2738157894700814,0.9904807234178734,0.3835615996997611,0.3835615996997611,2,81.76915475077926,17.03524057307901,1,1,1,1.0,0,0.0,0,596,cvc-clinicdb,unet,polypseg/runs_repeat/unet_seed42_fold0rep3/best.pth,False
0.7544581618396963,0.605726872213341,0.6104328523523622,0.9874326749562448,0.5867166155386452,0.5867166155386452,2,11.763759928575697,2.45078331845327,1,1,1,1.0,1,1.0,0,597,cvc-clinicdb,unet,polypseg/runs_repeat/unet_seed42_fold0rep3/best.pth,False
0.8698434079664953,0.7696662693453616,0.7712750074418849,0.9972972972587917,0.33601211334311526,0.33601211334311526,2,7.750252518811528,1.614635941419068,1,1,1,1.0,1,1.0,0,598,cvc-clinicdb,unet,polypseg/runs_repeat/unet_seed42_fold0rep3/best.pth,False
0.9327377153678017,0.8739535995964135,0.8815440289292752,0.9902439024121885,0.5983513074833035,0.5983513074833035,2,5.0,1.0416666666666667,1,1,1,1.0,1,1.0,0,599,cvc-clinicdb,unet,polypseg/runs_repeat/unet_seed42_fold0rep3/best.pth,False
0.9141198922880078,0.8418239599343132,0.9769222172497937,0.858904446077824,0.6913737520085778,0.6913737520085778,2,35.22782990761707,7.339131230753556,1,1,1,1.0,1,1.0,0,6,cvc-clinicdb,unet,polypseg/runs_repeat/unet_seed42_fold0rep3/best.pth,False
0.8728925932776493,0.7744537814865731,0.9053045186284753,0.8427212874600322,0.523854019359161,0.523854019359161,2,15.652475842498529,3.2609324671871938,1,1,1,1.0,1,1.0,0,60,cvc-clinicdb,unet,polypseg/runs_repeat/unet_seed42_fold0rep3/best.pth,False
0.9319870667597028,0.8726364988222579,0.8727292042826651,0.9998782862585214,0.3903445300941045,0.3903445300941045,2,7.280109889280518,1.5166895602667745,1,1,1,1.0,1,1.0,0,600,cvc-clinicdb,unet,polypseg/runs_repeat/unet_seed42_fold0rep3/best.pth,False
0.8243979852285628,0.7012560159560833,0.7013383423256475,0.99983263596653,0.42383101525010425,0.42383101525010425,2,113.60500802052216,23.667710004275452,1,2,1,1.0,1,1.0,1,601,cvc-clinicdb,unet,polypseg/runs_repeat/unet_seed42_fold0rep3/best.pth,False
0.9489138576707946,0.9027936145823433,0.9027936145823433,0.9999999999842122,0.6619433291034403,0.6619433291034403,2,5.0,1.0416666666666667,1,1,1,1.0,1,1.0,0,602,cvc-clinicdb,unet,polypseg/runs_repeat/unet_seed42_fold0rep3/best.pth,False
0.9256228852603775,0.8615437471271009,0.8616424235384074,0.9998670919590661,0.4339838765503109,0.4339838765503109,2,6.708203932499369,1.3975424859373686,1,1,1,1.0,1,1.0,0,603,cvc-clinicdb,unet,polypseg/runs_repeat/unet_seed42_fold0rep3/best.pth,False
0.9143890395652382,0.8422805893549996,0.8426044603839707,0.9995438649688377,0.3570399730513001,0.3570399730513001,2,8.54400374531753,1.7800007802744855,1,1,1,1.0,1,1.0,0,604,cvc-clinicdb,unet,polypseg/runs_repeat/unet_seed42_fold0rep3/best.pth,False
0.9273265373080019,0.8645003065338903,0.8652961030725592,0.9989373007085038,0.6588976741568601,0.6588976741568601,2,3.605551275463989,0.7511565157216644,1,1,1,1.0,1,1.0,0,605,cvc-clinicdb,unet,polypseg/runs_repeat/unet_seed42_fold0rep3/best.pth,False
0.909090909078574,0.8333333333126037,0.8647392875357579,0.9582379862426134,0.5130083170005425,0.5130083170005425,2,8.06225774829855,1.679637030895531,1,1,1,1.0,1,1.0,0,606,cvc-clinicdb,unet,polypseg/runs_repeat/unet_seed42_fold0rep3/best.pth,False
0.8013369542343569,0.668525618659166,0.6772598869817352,0.9810741687477711,0.6127719020031068,0.6127719020031068,2,18.548192664543407,3.86420680511321,1,1,1,1.0,1,1.0,0,607,cvc-clinicdb,unet,polypseg/runs_repeat/unet_seed42_fold0rep3/best.pth,False
0.7331743508116961,0.5787492156331573,0.5817914213502567,0.9910458452367105,0.36741209127377694,0.36741209127377694,2,22.80350850198276,4.750730937913075,1,1,1,1.0,1,1.0,0,608,cvc-clinicdb,unet,polypseg/runs_repeat/unet_seed42_fold0rep3/best.pth,False
0.8948521358061899,0.8097125867034745,0.8113207547008675,0.9975579975336372,0.5998714337259647,0.5998714337259647,2,13.33222818281831,2.777547538087148,1,1,1,1.0,1,1.0,0,609,cvc-clinicdb,unet,polypseg/runs_repeat/unet_seed42_fold0rep3/best.pth,False
0.928101802737474,0.8658488325735715,0.8661916072499529,0.9995431703517798,0.7224696577849455,0.7224696577849455,2,4.0,0.8333333333333334,1,1,1,1.0,1,1.0,0,61,cvc-clinicdb,unet,polypseg/runs_repeat/unet_seed42_fold0rep3/best.pth,False
0.9216939239583917,0.8547609481547859,0.8563091165052061,0.9978893057927325,0.45224689181316363,0.45224689181316363,2,4.47213595499958,0.9316949906249123,1,1,1,1.0,1,1.0,0,610,cvc-clinicdb,unet,polypseg/runs_repeat/unet_seed42_fold0rep3/best.pth,False
0.9230231745554556,0.8570501729918458,0.8598394445463259,0.9962292609100999,0.5302216006605489,0.5302216006605489,2,5.830951894845301,1.2147816447594377,1,1,1,1.0,1,1.0,0,611,cvc-clinicdb,unet,polypseg/runs_repeat/unet_seed42_fold0rep3/best.pth,False
0.8006019563431038,0.6675031367419227,0.6691823899160635,0.996254681601299,0.49228035914702895,0.49228035914702895,2,13.0,2.7083333333333335,1,1,1,1.0,1,1.0,0,612,cvc-clinicdb,unet,polypseg/runs_repeat/unet_seed42_fold0rep3/best.pth,False
0.8724788548837841,0.7738026543119559,0.7967914438029238,0.9640546368825266,0.5081986192028924,0.5081986192028924,2,5.407454161520036,1.1265529503166742,1,1,1,1.0,1,1.0,0,62,cvc-clinicdb,unet,polypseg/runs_repeat/unet_seed42_fold0rep3/best.pth,False
0.9353327084993649,0.878521126709007,0.878521126709007,0.9999999999331997,0.9104376604379173,0.9104376604379173,2,2.23606797749979,0.4658474953124562,1,1,1,1.0,1,1.0,0,63,cvc-clinicdb,unet,polypseg/runs_repeat/unet_seed42_fold0rep3/best.pth,False
0.9068592057434347,0.8295904887166716,0.8323392974928867,0.9960348928631216,0.6418899279167246,0.6418899279167246,2,3.605551275463989,0.7511565157216644,1,1,1,1.0,1,1.0,0,64,cvc-clinicdb,unet,polypseg/runs_repeat/unet_seed42_fold0rep3/best.pth,False
0.9110296567507155,0.8365973071703429,0.8371096141557189,0.9992690057749072,0.6678750553156007,0.6678750553156007,2,4.0,0.8333333333333334,1,1,1,1.0,1,1.0,0,65,cvc-clinicdb,unet,polypseg/runs_repeat/unet_seed42_fold0rep3/best.pth,False
0.9033541784848393,0.8237428719116774,0.8288993218138289,0.9925046845101496,0.6577329869983257,0.6577329869983257,2,6.798919902340896,1.4164416463210199,1,1,1,1.0,1,1.0,0,66,cvc-clinicdb,unet,polypseg/runs_repeat/unet_seed42_fold0rep3/best.pth,False
0.9271989174309283,0.8642785065154248,0.8651515151078206,0.9988338191837414,0.700933511008688,0.700933511008688,2,222.1879674479788,46.289159884995584,1,1,1,1.0,1,1.0,0,67,cvc-clinicdb,unet,polypseg/runs_repeat/unet_seed42_fold0rep3/best.pth,False
0.847994772516148,0.7361032331149163,0.9181110717913317,0.787828198500716,0.3521745716923654,0.3521745716923654,2,37.30108259537291,7.771058874036023,1,1,1,1.0,1,1.0,0,68,cvc-clinicdb,unet,polypseg/runs_repeat/unet_seed42_fold0rep3/best.pth,False
0.36148108683588864,0.22061453421849106,0.22061453421849106,0.999999999926308,0.12513074614007844,0.12513074614007844,2,89.0,18.541666666666668,1,2,1,1.0,0,0.0,1,69,cvc-clinicdb,unet,polypseg/runs_repeat/unet_seed42_fold0rep3/best.pth,False
0.7632125851662241,0.6170927808711572,0.9917954327841392,0.6202591183109408,0.38301117014116437,0.38301117014116437,2,41.370225783164045,8.618797038159176,1,1,1,1.0,1,1.0,0,7,cvc-clinicdb,unet,polypseg/runs_repeat/unet_seed42_fold0rep3/best.pth,False
0.5743793822193066,0.4028977801355457,0.40386409060088124,0.9940964250247919,0.22634425889507484,0.22634425889507484,2,27.892651361962706,5.81096903374223,2,1,1,0.5,0,0.0,0,70,cvc-clinicdb,unet,polypseg/runs_repeat/unet_seed42_fold0rep3/best.pth,False
0.0,0.0,0.0,0.0,0.06717552380400946,0.06717552380400946,2,67.17886572427373,13.995597025890362,2,1,0,0.0,0,0.0,1,71,cvc-clinicdb,unet,polypseg/runs_repeat/unet_seed42_fold0rep3/best.pth,False
0.8307849133396061,0.7105492589157062,0.8090668431234591,0.8537011172886279,0.5502289973091324,0.5502289973091324,2,37.870689326546845,7.889726943030593,3,2,2,0.6666666666666666,2,0.6666666666666666,0,72,cvc-clinicdb,unet,polypseg/runs_repeat/unet_seed42_fold0rep3/best.pth,False
0.7260629665575128,0.5699363057179634,0.7346469622090428,0.7176772537466257,0.3123989351635931,0.3123989351635931,2,39.91478501348441,8.315580211142585,3,2,2,0.6666666666666666,2,0.6666666666666666,0,73,cvc-clinicdb,unet,polypseg/runs_repeat/unet_seed42_fold0rep3/best.pth,False
0.6915038618652544,0.5284722222038725,0.9179734619470462,0.5546647230118563,0.4450899603321469,0.4450899603321469,2,169.02809433856984,35.21418632053538,3,1,1,0.3333333333333333,1,0.3333333333333333,0,74,cvc-clinicdb,unet,polypseg/runs_repeat/unet_seed42_fold0rep3/best.pth,False
0.6900257953420029,0.5267476205931491,0.8294573642982193,0.5907250643875331,0.4109761833671997,0.4109761833671997,2,165.6268339965625,34.50559041595053,3,1,1,0.3333333333333333,1,0.3333333333333333,0,75,cvc-clinicdb,unet,polypseg/runs_repeat/unet_seed42_fold0rep3/best.pth,False
0.6382521489857047,0.46870068383827723,0.4850299401065588,0.9329842931448699,0.3620110966754966,0.3620110966754966,2,78.39320537422142,16.33191778629613,2,4,2,1.0,2,1.0,2,76,cvc-clinicdb,unet,polypseg/runs_repeat/unet_seed42_fold0rep3/best.pth,False
0.7445008460056926,0.592991913723797,0.7734806629445765,0.7176141658565884,0.5884724073331933,0.5884724073331933,2,22.720682640048125,4.733475550010026,2,1,1,0.5,1,0.5,0,77,cvc-clinicdb,unet,polypseg/runs_repeat/unet_seed42_fold0rep3/best.pth,False
0.25583405357949196,0.146679881065521,0.29095674965327933,0.22827763494970293,0.08635231574242345,0.08635231574242345,2,162.85152154452896,33.927400321776865,1,2,0,0.0,0,0.0,2,78,cvc-clinicdb,unet,polypseg/runs_repeat/unet_seed42_fold0rep3/best.pth,False
0.9046060910922576,0.8258272058444014,0.925334706440508,0.8847858197496412,0.6062421070166232,0.6062421070166232,2,7.0,1.4583333333333333,1,1,1,1.0,1,1.0,0,79,cvc-clinicdb,unet,polypseg/runs_repeat/unet_seed42_fold0rep3/best.pth,False
0.5233221575186068,0.3543915554656268,0.9673806675984844,0.3586776859489672,0.3563734330809898,0.3563734330809898,2,92.70167156812774,19.312848243359944,1,1,1,1.0,0,0.0,0,8,cvc-clinicdb,unet,polypseg/runs_repeat/unet_seed42_fold0rep3/best.pth,False
0.9168180166757423,0.846411804101515,0.8626110730784271,0.978294573567574,0.7251631117335009,0.7251631117335009,2,4.0,0.8333333333333334,1,1,1,1.0,1,1.0,0,80,cvc-clinicdb,unet,polypseg/runs_repeat/unet_seed42_fold0rep3/best.pth,False
0.701861184568126,0.5406672816686603,0.5563202024952039,0.9505338559136298,0.16311476460887325,0.16311476460887325,2,86.27224331583872,17.973384024133065,1,5,1,1.0,1,1.0,4,81,cvc-clinicdb,unet,polypseg/runs_repeat/unet_seed42_fold0rep3/best.pth,False
0.9335420520715306,0.8753669602114927,0.9641387418881794,0.9048275861819358,0.6667311911355474,0.6667311911355474,2,6.0,1.25,1,1,1,1.0,1,1.0,0,82,cvc-clinicdb,unet,polypseg/runs_repeat/unet_seed42_fold0rep3/best.pth,False
0.7983759160190217,0.6644140431789647,0.6644688040825478,0.9998759766712157,0.19850683310785694,0.19850683310785694,2,42.68484847296263,8.892676765200548,1,1,1,1.0,1,1.0,0,83,cvc-clinicdb,unet,polypseg/runs_repeat/unet_seed42_fold0rep3/best.pth,False
0.9259186864647584,0.8620564149069689,0.950822962646511,0.9022857142685279,0.556020892415015,0.556020892415015,2,7.615773105863909,1.5866193970549811,1,1,1,1.0,1,1.0,0,84,cvc-clinicdb,unet,polypseg/runs_repeat/unet_seed42_fold0rep3/best.pth,False
0.9031954887147305,0.8234790059865256,0.8313148788807481,0.9886831275550637,0.3979881248320206,0.3979881248320206,2,10.63014581273465,2.2146137109863853,1,1,1,1.0,1,1.0,0,85,cvc-clinicdb,unet,polypseg/runs_repeat/unet_seed42_fold0rep3/best.pth,False
0.9326180606280369,0.8737435272483438,0.9259199483388328,0.939413787441634,0.47051934277240276,0.47051934277240276,2,7.0,1.4583333333333333,1,1,1,1.0,1,1.0,0,86,cvc-clinicdb,unet,polypseg/runs_repeat/unet_seed42_fold0rep3/best.pth,False
0.9521139566528859,0.9086044829948141,0.923427395636046,0.9826399749611724,0.5942018458112486,0.5942018458112486,2,4.414762138029506,0.9197421120894803,1,1,1,1.0,1,1.0,0,87,cvc-clinicdb,unet,polypseg/runs_repeat/unet_seed42_fold0rep3/best.pth,False
0.9285197062074219,0.8665765591645767,0.871118012405452,0.9940199335328014,0.4084124331653745,0.4084124331653745,2,5.0,1.0416666666666667,1,1,1,1.0,1,1.0,0,88,cvc-clinicdb,unet,polypseg/runs_repeat/unet_seed42_fold0rep3/best.pth,False
0.9629482071617236,0.9285439876886565,0.9324845678832469,0.9954695222200274,0.8115730052118191,0.8115730052118191,2,4.123105625617661,0.858980338670346,1,1,1,1.0,1,1.0,0,89,cvc-clinicdb,unet,polypseg/runs_repeat/unet_seed42_fold0rep3/best.pth,False
0.5564265641149907,0.3854508196694983,0.9339622641354856,0.39625026332142227,0.31066763967766237,0.31066763967766237,2,98.4200156354837,20.504169924059102,1,1,1,1.0,0,0.0,0,9,cvc-clinicdb,unet,polypseg/runs_repeat/unet_seed42_fold0rep3/best.pth,False
0.9485842026737277,0.9021970233716833,0.903157147908777,0.9988230678501604,0.620783248721623,0.620783248721623,2,4.123105625617661,0.858980338670346,1,1,1,1.0,1,1.0,0,90,cvc-clinicdb,unet,polypseg/runs_repeat/unet_seed42_fold0rep3/best.pth,False
0.9202442097013253,0.8522706874734829,0.8522706874734829,0.9999999999789385,0.33598236688948296,0.33598236688948296,2,6.0,1.25,1,1,1,1.0,1,1.0,0,91,cvc-clinicdb,unet,polypseg/runs_repeat/unet_seed42_fold0rep3/best.pth,False
0.9082558272946577,0.831931005451579,0.8322811447636305,0.9994945665655928,0.6035813297287266,0.6035813297287266,2,12.0,2.5,1,1,1,1.0,1,1.0,0,92,cvc-clinicdb,unet,polypseg/runs_repeat/unet_seed42_fold0rep3/best.pth,False
0.9131106620597513,0.840113735764652,0.8533659186657773,0.9818507157213229,0.665546168528215,0.665546168528215,2,12.072683124894002,2.51514231768625,1,1,1,1.0,1,1.0,0,93,cvc-clinicdb,unet,polypseg/runs_repeat/unet_seed42_fold0rep3/best.pth,False
0.8849918433841252,0.7937088514851187,0.8080431949207216,0.9781383817674524,0.31383225723222435,0.31383225723222435,2,12.0,2.5,1,1,1,1.0,1,1.0,0,94,cvc-clinicdb,unet,polypseg/runs_repeat/unet_seed42_fold0rep3/best.pth,False
0.899940322250846,0.8180831826253512,0.8222464558192976,0.993848857623158,0.5043176105065067,0.5043176105065067,2,10.671322682661467,2.223192225554472,1,1,1,1.0,1,1.0,0,95,cvc-clinicdb,unet,polypseg/runs_repeat/unet_seed42_fold0rep3/best.pth,False
0.9121519533680967,0.8384920634754268,0.8401590457089432,0.9976392823182805,0.5522190715647816,0.5522190715647816,2,9.0,1.875,1,1,1,1.0,1,1.0,0,96,cvc-clinicdb,unet,polypseg/runs_repeat/unet_seed42_fold0rep3/best.pth,False
0.8605661224972209,0.7552576235342993,0.8713982407985624,0.8499999999748521,0.4853147494166193,0.4853147494166193,2,17.114207842284607,3.5654599671426266,1,1,1,1.0,1,1.0,0,97,cvc-clinicdb,unet,polypseg/runs_repeat/unet_seed42_fold0rep3/best.pth,False
0.9763709317829475,0.9538327526040086,0.9598714327363409,0.9934475806351466,0.8222820917007531,0.8222820917007531,2,3.0,0.625,1,1,1,1.0,1,1.0,0,98,cvc-clinicdb,unet,polypseg/runs_repeat/unet_seed42_fold0rep3/best.pth,False
0.9591566105227479,0.9215186647863228,0.9299305734002323,0.9902792990006808,0.6377185229240804,0.6377185229240804,2,5.0,1.0416666666666667,1,1,1,1.0,1,1.0,0,99,cvc-clinicdb,unet,polypseg/runs_repeat/unet_seed42_fold0rep3/best.pth,False
0.6674427628767,0.5008736167442706,0.7713004483613183,0.588235294077412,0.3934697903020628,0.23195871424700776,4,13.773434958337038,1.8093581280326811,1,1,1,1.0,1,1.0,0,1,cvc-colondb,unet,polypseg/runs_repeat/unet_seed42_fold0rep3/best.pth,False
0.8558911690042588,0.7480854494055074,0.7969085444282681,0.9243027888292779,0.3077470254590371,0.2539342375251907,4,11.45378415873122,1.5046353743289067,1,1,1,1.0,1,1.0,0,10,cvc-colondb,unet,polypseg/runs_repeat/unet_seed42_fold0rep3/best.pth,False
0.9514193294810864,0.9073401372259278,0.9285967189842523,0.9753920535487796,0.7838208494264609,0.6343813918077738,4,12.439265317808115,1.63409388272514,1,1,1,1.0,1,1.0,0,100,cvc-colondb,unet,polypseg/runs_repeat/unet_seed42_fold0rep3/best.pth,False
0.9285040113224456,0.8665492182275082,0.8683978225623922,0.9975494338262839,0.580896934540033,0.4276099610232186,4,8.246211251235321,1.0832700338027088,1,1,1,1.0,1,1.0,0,101,cvc-colondb,unet,polypseg/runs_repeat/unet_seed42_fold0rep3/best.pth,False
0.9527767921993803,0.9098125262143532,0.9718737074280578,0.9344159072048569,0.5401015431390259,0.3857876841329802,4,7.0710678118654755,0.9288963906222114,1,1,1,1.0,1,1.0,0,102,cvc-colondb,unet,polypseg/runs_repeat/unet_seed42_fold0rep3/best.pth,False
0.9382168527285795,0.8836237937469786,0.9114544644161059,0.966598392939009,0.4188728698198647,0.2291024739977425,4,14.422205101855956,1.8945843287554245,1,1,1,1.0,1,1.0,0,103,cvc-colondb,unet,polypseg/runs_repeat/unet_seed42_fold0rep3/best.pth,False
0.955222198427812,0.9142826321447373,0.9227636965401037,0.9900474265799358,0.6996960326886573,0.4699662437320637,4,19.031491952362835,2.5000869250667885,1,1,1,1.0,1,1.0,0,104,cvc-colondb,unet,polypseg/runs_repeat/unet_seed42_fold0rep3/best.pth,False
0.9279768043149232,0.8656312736982332,0.942385332237676,0.9140022375289584,0.415131625895363,0.23208836944033365,4,14.642061091229976,1.9234658839066152,1,1,1,1.0,1,1.0,0,105,cvc-colondb,unet,polypseg/runs_repeat/unet_seed42_fold0rep3/best.pth,False
0.951371595910211,0.9072533150921112,0.9658994377211039,0.9372742973742453,0.7175479241022613,0.5169706520457792,4,8.06225774829855,1.0591048370507348,1,1,1,1.0,1,1.0,0,106,cvc-colondb,unet,polypseg/runs_repeat/unet_seed42_fold0rep3/best.pth,False
0.8055899167503406,0.6744667748940577,0.9192034790499793,0.7169721494839504,0.567099951915418,0.3322676545031954,4,115.26664709061335,15.142093852066703,1,1,1,1.0,1,1.0,0,107,cvc-colondb,unet,polypseg/runs_repeat/unet_seed42_fold0rep3/best.pth,False
0.9098833310962633,0.8346660105759844,0.9376295545583047,0.8837320366392405,0.3313454150261464,0.1390827317767863,4,13.038404810405298,1.7128003139120755,1,1,1,1.0,1,1.0,0,108,cvc-colondb,unet,polypseg/runs_repeat/unet_seed42_fold0rep3/best.pth,False
0.9220779220750155,0.8554216867419848,0.8722046633617258,0.9780006686661451,0.6081510571760698,0.4313119293430133,4,17.0073465914816,2.2341834759919257,1,1,1,1.0,1,1.0,0,109,cvc-colondb,unet,polypseg/runs_repeat/unet_seed42_fold0rep3/best.pth,False
0.803044598004943,0.6709060309736246,0.683664387277361,0.9729370694152648,0.25369284960199273,0.17204494733638998,4,73.8230993263683,9.697829568787213,1,1,1,1.0,1,1.0,0,11,cvc-colondb,unet,polypseg/runs_repeat/unet_seed42_fold0rep3/best.pth,False
0.9289797411603581,0.8673783091337857,0.8705378187235031,0.9958331290700728,0.6228978997886135,0.30290632698619563,4,19.21972846863099,2.5248147632373374,1,1,1,1.0,1,1.0,0,110,cvc-colondb,unet,polypseg/runs_repeat/unet_seed42_fold0rep3/best.pth,False
0.9465174556298332,0.898465248131583,0.9048931771162584,0.9921557338671074,0.6327429890438097,0.39178210287948334,4,12.041594578792296,1.5818535529820132,1,1,1,1.0,1,1.0,0,111,cvc-colondb,unet,polypseg/runs_repeat/unet_seed42_fold0rep3/best.pth,False
0.8802398081513663,0.7860967147779753,0.8698928808376628,0.8908358411761439,0.49210254977573126,0.362101999340125,4,46.00433881663478,6.043396190887262,1,1,1,1.0,1,1.0,0,112,cvc-colondb,unet,polypseg/runs_repeat/unet_seed42_fold0rep3/best.pth,False
0.9631271329365647,0.928876782805853,0.9496422355407091,0.9770005172855158,0.8641422854284925,0.5195193091523715,4,6.509902130706103,0.8551784190740817,1,1,1,1.0,1,1.0,0,113,cvc-colondb,unet,polypseg/runs_repeat/unet_seed42_fold0rep3/best.pth,False
0.9296448808611212,0.868538734704271,0.9650712458826082,0.8967273221014616,0.7259308436628218,0.4105468406364134,4,17.029386365926403,2.23707874831523,1,1,1,1.0,1,1.0,0,114,cvc-colondb,unet,polypseg/runs_repeat/unet_seed42_fold0rep3/best.pth,False
0.7932795256070393,0.6573846573756841,0.9338762846435161,0.6894774516723052,0.3034182523545409,0.09519033152103341,4,35.94891785033457,4.722457898355317,1,1,1,1.0,1,1.0,0,115,cvc-colondb,unet,polypseg/runs_repeat/unet_seed42_fold0rep3/best.pth,False
0.6999737049605578,0.5384304207010835,0.7431602456520614,0.6615308150929043,0.3099145549658805,0.17611935414392085,4,29.32538268165343,3.852351985776885,1,1,1,1.0,1,1.0,0,116,cvc-colondb,unet,polypseg/runs_repeat/unet_seed42_fold0rep3/best.pth,False
0.9106206419586779,0.8359077443838774,0.8873539981930889,0.9351402532733443,0.6732294228215205,0.24984226552318317,4,7.86552058705236,1.0332603049595295,1,1,1,1.0,1,1.0,0,117,cvc-colondb,unet,polypseg/runs_repeat/unet_seed42_fold0rep3/best.pth,False
0.9227256119797098,0.8565372223091695,0.8565372223091695,0.9999999999901009,0.7225419231651252,0.3400162434893776,4,9.848857801796104,1.2938029597861047,1,1,1,1.0,1,1.0,0,118,cvc-colondb,unet,polypseg/runs_repeat/unet_seed42_fold0rep3/best.pth,False
0.6474498005971633,0.4786881853871437,0.9373987033845746,0.4944960991718019,0.4701194306794659,0.3429895609255205,4,100.00024999375032,13.136611577199321,1,1,1,1.0,0,0.0,0,119,cvc-colondb,unet,polypseg/runs_repeat/unet_seed42_fold0rep3/best.pth,False
0.8256481481443256,0.7030670976842776,0.7031225358720775,0.9998878672235939,0.2693239904237505,0.13747783748954803,4,24.160877223067885,3.17391265985516,1,1,1,1.0,1,1.0,0,12,cvc-colondb,unet,polypseg/runs_repeat/unet_seed42_fold0rep3/best.pth,False
0.7158300707022974,0.5574262832129829,0.9236917508532093,0.584335050557295,0.43933479149029653,0.18050134583066219,4,81.2259176377166,10.670306624982963,1,1,1,1.0,1,1.0,0,120,cvc-colondb,unet,polypseg/runs_repeat/unet_seed42_fold0rep3/best.pth,False
0.41477518939614966,0.26165070507453875,0.9266257177131351,0.26718644720325885,0.14326139027558363,0.0585202624204592,4,174.5674650368721,22.932192493009076,1,2,1,1.0,0,0.0,1,121,cvc-colondb,unet,polypseg/runs_repeat/unet_seed42_fold0rep3/best.pth,False
0.7816314417682362,0.641539406518032,0.9281708699753985,0.675054046221946,0.28972930757434034,0.205287414750477,4,135.72398461583714,17.82948810347432,1,1,1,1.0,1,1.0,0,122,cvc-colondb,unet,polypseg/runs_repeat/unet_seed42_fold0rep3/best.pth,False
0.7890239189235925,0.651560283686403,0.9443549768684448,0.6775739994083056,0.3025603861942842,0.18854475832968395,4,116.47164357314873,15.300389163767901,1,1,1,1.0,1,1.0,0,123,cvc-colondb,unet,polypseg/runs_repeat/unet_seed42_fold0rep3/best.pth,False
0.6591363969628061,0.491576022698949,0.9554202332340126,0.5031159244902496,0.4273686714799624,0.260196612501849,4,155.75419174875933,20.460772034589397,1,1,1,1.0,0,0.0,0,124,cvc-colondb,unet,polypseg/runs_repeat/unet_seed42_fold0rep3/best.pth,False
0.9663797031234665,0.9349465234416747,0.9727948631270873,0.9600485991972555,0.7189442004200404,0.5200662239323667,4,9.848857801796104,1.2938029597861047,1,1,1,1.0,1,1.0,0,125,cvc-colondb,unet,polypseg/runs_repeat/unet_seed42_fold0rep3/best.pth,False
0.9391984773167332,0.885366826153358,0.9260121633330112,0.9527657596418895,0.5968870853613631,0.3903746298273996,4,15.620499351813308,2.0519991963969044,1,1,1,1.0,1,1.0,0,126,cvc-colondb,unet,polypseg/runs_repeat/unet_seed42_fold0rep3/best.pth,False
0.9428167125926226,0.8918195395471812,0.9503903903875364,0.9353627900075798,0.5373791303918248,0.24653809458752515,4,11.045361017187261,1.4509825467615973,1,1,1,1.0,1,1.0,0,127,cvc-colondb,unet,polypseg/runs_repeat/unet_seed42_fold0rep3/best.pth,False
0.9045500450339696,0.8257337917933635,0.9364227182767085,0.8747756308685737,0.5855394387025644,0.4539708828138754,4,57.26122665512619,7.522166125078449,1,1,1,1.0,1,1.0,0,128,cvc-colondb,unet,polypseg/runs_repeat/unet_seed42_fold0rep3/best.pth,False
0.965803081879056,0.93386768511537,0.9579370602310422,0.973799355461593,0.7053566354345314,0.4937195716327556,4,7.810249675906654,1.0259995981984522,1,1,1,1.0,1,1.0,0,129,cvc-colondb,unet,polypseg/runs_repeat/unet_seed42_fold0rep3/best.pth,False
0.9018658854938427,0.8212711667731236,0.8470095693678587,0.9643197603028146,0.5545764172286756,0.4254484650347725,4,13.0,1.7077552357545518,1,1,1,1.0,1,1.0,0,13,cvc-colondb,unet,polypseg/runs_repeat/unet_seed42_fold0rep3/best.pth,False
0.968704088702746,0.9393076013306653,0.963416315162894,0.9740502271623211,0.7366978342450407,0.5085388494453276,4,6.0,0.7881947241944085,1,1,1,1.0,1,1.0,0,130,cvc-colondb,unet,polypseg/runs_repeat/unet_seed42_fold0rep3/best.pth,False
0.6676689145626576,0.5011283770681467,0.9669071908314643,0.5098733845010177,0.38586331284716463,0.2593425751949536,4,123.65270606543294,16.243735092189365,1,1,1,1.0,1,1.0,0,131,cvc-colondb,unet,polypseg/runs_repeat/unet_seed42_fold0rep3/best.pth,False
0.9373375237615437,0.8820651380102084,0.8892733563948371,0.9908941755456038,0.703405456676615,0.4583863541642193,4,8.0,1.050926298925878,1,1,1,1.0,1,1.0,0,132,cvc-colondb,unet,polypseg/runs_repeat/unet_seed42_fold0rep3/best.pth,False
0.9087930092814418,0.8328328328276223,0.840616317246523,0.9890044576449554,0.44628587594520286,0.20533725471645925,4,11.808054941967763,1.5511744347094505,1,1,1,1.0,1,1.0,0,133,cvc-colondb,unet,polypseg/runs_repeat/unet_seed42_fold0rep3/best.pth,False
0.9612223777897326,0.9253398968534614,0.9321133411987478,0.9922081186314426,0.8583893706389497,0.533839475599298,4,6.0,0.7881947241944085,1,1,1,1.0,1,1.0,0,134,cvc-colondb,unet,polypseg/runs_repeat/unet_seed42_fold0rep3/best.pth,False
0.9323352587500521,0.8732472120963164,0.8795596085360344,0.9918485076436427,0.6354923196507382,0.4084871109843938,4,14.273899703390002,1.8751020733153554,1,1,1,1.0,1,1.0,0,135,cvc-colondb,unet,polypseg/runs_repeat/unet_seed42_fold0rep3/best.pth,False
0.9271539814093767,0.8642004214429211,0.8778898296980406,0.9822759207952827,0.6217673019421658,0.4355866724215313,4,19.690943562122555,2.5867163050124753,1,1,1,1.0,1,1.0,0,136,cvc-colondb,unet,polypseg/runs_repeat/unet_seed42_fold0rep3/best.pth,False
0.9467504584683245,0.8988852319760083,0.9191835848422122,0.9760219491366149,0.6220512092138853,0.49132479205143487,4,22.648373876248872,2.9752214668069707,1,1,1,1.0,1,1.0,0,137,cvc-colondb,unet,polypseg/runs_repeat/unet_seed42_fold0rep3/best.pth,False
0.9699748557892592,0.941700172312303,0.9580079681249455,0.9822444922497148,0.8163496387579933,0.5180859322634294,4,6.781152949374527,0.8908114964420593,1,1,1,1.0,1,1.0,0,138,cvc-colondb,unet,polypseg/runs_repeat/unet_seed42_fold0rep3/best.pth,False
0.9164155291594654,0.8457259713666841,0.9525081763280091,0.8829582817332808,0.4851825656367018,0.30373220849066845,4,13.940844194197386,1.8313499741137718,1,1,1,1.0,1,1.0,0,139,cvc-colondb,unet,polypseg/runs_repeat/unet_seed42_fold0rep3/best.pth,False
0.9537768537735489,0.9116380737834561,0.9119401007095683,0.999636839039805,0.8192606422104263,0.5483694162135078,4,9.0,1.1822920862916129,1,1,1,1.0,1,1.0,0,14,cvc-colondb,unet,polypseg/runs_repeat/unet_seed42_fold0rep3/best.pth,False
0.8788217896948987,0.7838377357117462,0.8127818437169632,0.9565425439318055,0.42008315604782953,0.1861433650646832,4,56.85068161420758,7.468234552529079,1,2,1,1.0,1,1.0,1,140,cvc-colondb,unet,polypseg/runs_repeat/unet_seed42_fold0rep3/best.pth,False
0.9518758520216029,0.9081709011833796,0.9396453194670956,0.9644289714638445,0.6975117002734803,0.4022536985137862,4,10.816653826391969,1.4209382465665685,1,1,1,1.0,1,1.0,0,141,cvc-colondb,unet,polypseg/runs_repeat/unet_seed42_fold0rep3/best.pth,False
0.9635737552331994,0.9297079846236496,0.940074090212319,0.9882784162460835,0.7968510150963972,0.5385881361216518,4,8.94427190999916,1.1749713218702638,1,1,1,1.0,1,1.0,0,142,cvc-colondb,unet,polypseg/runs_repeat/unet_seed42_fold0rep3/best.pth,False
0.8892044516334031,0.8005113568747739,0.8209146341413358,0.9698868957498027,0.41179655663248604,0.20584566784215616,4,20.115910603158394,2.6425424349626345,1,1,1,1.0,1,1.0,0,143,cvc-colondb,unet,polypseg/runs_repeat/unet_seed42_fold0rep3/best.pth,False
0.9336789513257042,0.8756077285415129,0.8824320893605422,0.9912450807021296,0.4055351741574889,0.22089748889092656,4,16.1245154965971,2.1182096741014695,1,1,1,1.0,1,1.0,0,144,cvc-colondb,unet,polypseg/runs_repeat/unet_seed42_fold0rep3/best.pth,False
0.9413392222548719,0.8891792744601885,0.9001650565539585,0.9864606054131339,0.5680930345775297,0.3564204444449717,4,18.082889180713625,2.3754729750717716,1,1,1,1.0,1,1.0,0,145,cvc-colondb,unet,polypseg/runs_repeat/unet_seed42_fold0rep3/best.pth,False
0.9176752616473202,0.8478742369356173,0.8783859413427446,0.9606438976560127,0.6250544942951212,0.4430913727968392,4,16.64331697709324,2.1863624390733536,1,1,1,1.0,1,1.0,0,146,cvc-colondb,unet,polypseg/runs_repeat/unet_seed42_fold0rep3/best.pth,False
0.9401563001786384,0.8870707070647335,0.8951481380749174,0.9899301119637037,0.7137670593345741,0.4982861493999518,4,10.0,1.3136578736573477,1,1,1,1.0,1,1.0,0,147,cvc-colondb,unet,polypseg/runs_repeat/unet_seed42_fold0rep3/best.pth,False
0.9362401679330882,0.8801236329011881,0.884201977734275,0.9947866279641255,0.5907743653776645,0.3855008607524767,4,9.899494936611665,1.300454946871096,1,1,1,1.0,1,1.0,0,148,cvc-colondb,unet,polypseg/runs_repeat/unet_seed42_fold0rep3/best.pth,False
0.9523776026995069,0.9090848049388669,0.9264087036815272,0.9798444002135703,0.6718872005032224,0.3670049471536152,4,11.896644968751863,1.5628121333306955,1,1,1,1.0,1,1.0,0,149,cvc-colondb,unet,polypseg/runs_repeat/unet_seed42_fold0rep3/best.pth,False
0.9028942385677445,0.822978303740771,0.822978303740771,0.9999999999900139,0.3697342726424453,0.17313092246973721,4,10.449798474101748,1.3727460043636295,1,1,1,1.0,1,1.0,0,15,cvc-colondb,unet,polypseg/runs_repeat/unet_seed42_fold0rep3/best.pth,False
0.9458083761430294,0.8971882860182483,0.9231444680611741,0.9696131255717216,0.6899703670847815,0.4645722829509154,4,12.467244694190175,1.6377694155335711,1,1,1,1.0,1,1.0,0,150,cvc-colondb,unet,polypseg/runs_repeat/unet_seed42_fold0rep3/best.pth,False
0.8995650585978965,0.817463190919518,0.8730424695439,0.927749623332915,0.556656935289205,0.3890213461139012,4,68.18535288529233,8.957222568586902,1,2,1,1.0,1,1.0,1,151,cvc-colondb,unet,polypseg/runs_repeat/unet_seed42_fold0rep3/best.pth,False
0.5757403458882356,0.4042383312804676,0.40427867979636584,0.999753167673196,0.38463428028642704,0.2257085617913508,4,96.56603957913983,12.68547382210441,1,1,1,1.0,0,0.0,0,152,cvc-colondb,unet,polypseg/runs_repeat/unet_seed42_fold0rep3/best.pth,False
0.5264641340006715,0.3572794840956463,0.35904547451571,0.9864202187779221,0.3961685347141876,0.3448500765529288,4,102.48902380255166,13.463551308167728,1,1,1,1.0,0,0.0,0,153,cvc-colondb,unet,polypseg/runs_repeat/unet_seed42_fold0rep3/best.pth,False
0.4883517399448044,0.32305910895367485,0.32449047407973947,0.9865297187995745,0.33242116663644167,0.2198066383008211,4,162.26142408827255,21.31559973444132,1,1,1,1.0,0,0.0,0,154,cvc-colondb,unet,polypseg/runs_repeat/unet_seed42_fold0rep3/best.pth,False
0.6904157857621902,0.5272022816524393,0.5327062149935691,0.980778856732598,0.308155492519165,0.18604646489995766,4,72.42030075455884,9.513549829885937,1,1,1,1.0,1,1.0,0,155,cvc-colondb,unet,polypseg/runs_repeat/unet_seed42_fold0rep3/best.pth,False
0.8840887629787294,0.7922572456019434,0.917442430170046,0.8530751708331084,0.3811414830845867,0.19110896668884209,4,10.290750585296928,1.3518525532219268,1,1,1,1.0,1,1.0,0,156,cvc-colondb,unet,polypseg/runs_repeat/unet_seed42_fold0rep3/best.pth,False
0.9236055267130374,0.8580548763806295,0.9007557393283794,0.9476447644622316,0.7236539640961273,0.3699598276485388,4,7.280109889280518,0.9563573677144073,1,1,1,1.0,1,1.0,0,157,cvc-colondb,unet,polypseg/runs_repeat/unet_seed42_fold0rep3/best.pth,False
0.9042538256289185,0.8252402306108233,0.8310967741828246,0.9915332512162633,0.45937766922868334,0.24643182237106145,4,233.45833901059837,30.668438521223884,1,2,1,1.0,1,1.0,1,158,cvc-colondb,unet,polypseg/runs_repeat/unet_seed42_fold0rep3/best.pth,False
0.9232249374579999,0.8573981415194496,0.8573981415194496,0.9999999999861053,0.6758110559137133,0.21549927773557884,4,6.0,0.7881947241944085,1,1,1,1.0,1,1.0,0,159,cvc-colondb,unet,polypseg/runs_repeat/unet_seed42_fold0rep3/best.pth,False
0.9556902207131898,0.9151405451415561,0.940406287607351,0.9714791650931675,0.6499343304731368,0.32489629882869886,4,9.848857801796104,1.2938029597861047,1,1,1,1.0,1,1.0,0,16,cvc-colondb,unet,polypseg/runs_repeat/unet_seed42_fold0rep3/best.pth,False
0.8732434553044208,0.7750063307068245,0.7750063307068245,0.9999999999836628,0.21552458233148333,0.06786045895922832,4,8.54400374531753,1.1223897792594242,1,1,1,1.0,1,1.0,0,160,cvc-colondb,unet,polypseg/runs_repeat/unet_seed42_fold0rep3/best.pth,False
0.9259953837209608,0.8621893888399975,0.9116602755160963,0.9407885094395312,0.7664045352036192,0.29164449313665475,4,5.830951894845301,0.765987586758076,1,1,1,1.0,1,1.0,0,161,cvc-colondb,unet,polypseg/runs_repeat/unet_seed42_fold0rep3/best.pth,False
0.9337998342608065,0.8758203799503312,0.9194922937276611,0.9485596707641497,0.8628704664927479,0.625564321197174,4,9.0,1.1822920862916129,1,1,1,1.0,1,1.0,0,162,cvc-colondb,unet,polypseg/runs_repeat/unet_seed42_fold0rep3/best.pth,False
0.9342668672553277,0.8766424150192567,0.8796992481107148,0.996051819851992,0.7217770631855961,0.4145204979756112,4,7.2145529178456025,0.9477454245445467,1,1,1,1.0,1,1.0,0,163,cvc-colondb,unet,polypseg/runs_repeat/unet_seed42_fold0rep3/best.pth,False
0.899606299208382,0.8175313058964346,0.8211688200494466,0.9946108404912984,0.380809344789596,0.2087262866226224,4,12.0,1.576389448388817,1,1,1,1.0,1,1.0,0,164,cvc-colondb,unet,polypseg/runs_repeat/unet_seed42_fold0rep3/best.pth,False
0.9562257198888372,0.9161230910834461,0.9167562586321858,0.9992466727965242,0.8354118125963976,0.44519387917384085,4,5.0,0.6568289368286738,1,1,1,1.0,1,1.0,0,165,cvc-colondb,unet,polypseg/runs_repeat/unet_seed42_fold0rep3/best.pth,False
0.8345475779966783,0.7160717694182283,0.7196431996896238,0.9931171409596748,0.5337613778768835,0.3199196897187723,4,303.18558623408546,39.82821325358251,1,2,1,1.0,1,1.0,1,166,cvc-colondb,unet,polypseg/runs_repeat/unet_seed42_fold0rep3/best.pth,False
0.9438027410321156,0.8935856754205168,0.9391376846005343,0.9485143750637733,0.8279994471164317,0.5636452681757861,4,8.218618225794799,1.0796452542899118,1,1,1,1.0,1,1.0,0,167,cvc-colondb,unet,polypseg/runs_repeat/unet_seed42_fold0rep3/best.pth,False
0.918050789286767,0.848515605165586,0.917043740560578,0.9190600522066915,0.5924211979274022,0.3807362602168444,4,9.0,1.1822920862916129,1,1,1,1.0,1,1.0,0,168,cvc-colondb,unet,polypseg/runs_repeat/unet_seed42_fold0rep3/best.pth,False
0.9476279544254904,0.9004685732678908,0.9161597895699806,0.9813347420234078,0.7006109479735062,0.45928289626212704,4,7.0,0.9195605115601433,1,1,1,1.0,1,1.0,0,169,cvc-colondb,unet,polypseg/runs_repeat/unet_seed42_fold0rep3/best.pth,False
0.9361059112723875,0.8798863732685496,0.8811940044971288,0.9983163363430906,0.4835115614100187,0.27333427383381065,4,11.704699910719626,1.537597119651329,1,1,1,1.0,1,1.0,0,17,cvc-colondb,unet,polypseg/runs_repeat/unet_seed42_fold0rep3/best.pth,False
0.9481662481030155,0.901441170140239,0.9254482819498037,0.9720276476273506,0.5074698424459144,0.3350867784757078,4,10.63014581273465,1.3964374745024557,1,1,1,1.0,1,1.0,0,170,cvc-colondb,unet,polypseg/runs_repeat/unet_seed42_fold0rep3/best.pth,False
0.9654931966369855,0.9332883974260228,0.9619219286863029,0.9690910810536856,0.6538486727392424,0.28957967706750226,4,13.0,1.7077552357545518,1,2,1,1.0,1,1.0,1,171,cvc-colondb,unet,polypseg/runs_repeat/unet_seed42_fold0rep3/best.pth,False
0.9390055773054526,0.8850240465173356,0.8862134617439106,0.9984858044038046,0.7372807120166895,0.5097649285131459,4,6.324555320336759,0.8308301893941852,1,1,1,1.0,1,1.0,0,172,cvc-colondb,unet,polypseg/runs_repeat/unet_seed42_fold0rep3/best.pth,False
0.9194109517184416,0.8508423745183836,0.863717765035246,0.9827814569436293,0.6026014405805369,0.49590989372933747,4,12.947366596101016,1.7008410072096232,1,1,1,1.0,1,1.0,0,173,cvc-colondb,unet,polypseg/runs_repeat/unet_seed42_fold0rep3/best.pth,False
0.9489692865148875,0.9028939633630692,0.9174132781884055,0.9827734711334715,0.913186175853569,0.48062760198865295,4,5.0,0.6568289368286738,1,1,1,1.0,1,1.0,0,174,cvc-colondb,unet,polypseg/runs_repeat/unet_seed42_fold0rep3/best.pth,False
0.9306329113884784,0.8702651515082839,0.9524138526560807,0.909825921946128,0.7357307895875288,0.4761115611792587,4,14.0,1.8391210231202866,1,1,1,1.0,1,1.0,0,175,cvc-colondb,unet,polypseg/runs_repeat/unet_seed42_fold0rep3/best.pth,False
0.9291107690017993,0.8676067907936226,0.8710652920902332,0.9954445491596335,0.4759348448065265,0.29517951596920816,4,8.06225774829855,1.0591048370507348,1,1,1,1.0,1,1.0,0,176,cvc-colondb,unet,polypseg/runs_repeat/unet_seed42_fold0rep3/best.pth,False
0.8856308344259456,0.7947373830733401,0.7947373830733401,0.9999999999870668,0.2659128851056696,0.1602658288801432,4,11.0,1.4450236610230822,1,1,1,1.0,1,1.0,0,177,cvc-colondb,unet,polypseg/runs_repeat/unet_seed42_fold0rep3/best.pth,False
0.9392571575900228,0.8854711246092951,0.903373852630819,0.978109051826778,0.7374016747948556,0.48230024918725345,4,6.0,0.7881947241944085,1,1,1,1.0,1,1.0,0,178,cvc-colondb,unet,polypseg/runs_repeat/unet_seed42_fold0rep3/best.pth,False
0.9259786476813405,0.8621603710971707,0.880442138496724,0.9764823617591133,0.590694387541164,0.266148908710029,4,6.0,0.7881947241944085,1,1,1,1.0,1,1.0,0,179,cvc-colondb,unet,polypseg/runs_repeat/unet_seed42_fold0rep3/best.pth,False
0.9336494451548168,0.8755558300341183,0.890123689326991,0.9816507408878157,0.5089755830753611,0.2888962265959523,4,9.142703897240372,1.2010384961127532,1,1,1,1.0,1,1.0,0,18,cvc-colondb,unet,polypseg/runs_repeat/unet_seed42_fold0rep3/best.pth,False
0.8965313749888646,0.8124665755492753,0.8133848899416217,0.9986123283596361,0.2397616774922251,0.11988081375433532,4,13.601470508735444,1.7867678827118525,1,1,1,1.0,1,1.0,0,180,cvc-colondb,unet,polypseg/runs_repeat/unet_seed42_fold0rep3/best.pth,False
0.9375844105685047,0.8825024970409289,0.9064540197639763,0.9709290709193713,0.7710276609122649,0.2949714980553446,4,8.94427190999916,1.1749713218702638,1,1,1,1.0,1,1.0,0,181,cvc-colondb,unet,polypseg/runs_repeat/unet_seed42_fold0rep3/best.pth,False
0.8824141519199767,0.7895716945914589,0.7948344094897434,0.991683991671106,0.4228376957341096,0.259247442407358,4,14.142135623730951,1.8577927812444228,1,1,1,1.0,1,1.0,0,182,cvc-colondb,unet,polypseg/runs_repeat/unet_seed42_fold0rep3/best.pth,False
0.9357872547353997,0.8793234801024026,0.8866185281781132,0.9907296137168974,0.780524077885904,0.49710627570660193,4,6.324555320336759,0.8308301893941852,1,1,1,1.0,1,1.0,0,183,cvc-colondb,unet,polypseg/runs_repeat/unet_seed42_fold0rep3/best.pth,False
0.9217917326737592,0.8549292011641073,0.8627662442590622,0.9894867037571199,0.6558384749087155,0.29524962086650797,4,7.060407640085652,0.9274960087629008,1,1,1,1.0,1,1.0,0,184,cvc-colondb,unet,polypseg/runs_repeat/unet_seed42_fold0rep3/best.pth,False
0.8621107965916955,0.7576403695627189,0.7576403695627189,0.9999999999687305,0.5608619625807603,0.22125018946534894,4,9.0,1.1822920862916129,1,1,1,1.0,1,1.0,0,185,cvc-colondb,unet,polypseg/runs_repeat/unet_seed42_fold0rep3/best.pth,False
0.9351179094845746,0.8781422073048087,0.9295489102653435,0.9407540394731789,0.9999999500000026,0.5054151124607433,4,3.1622776601683795,0.4154150946970926,1,1,1,1.0,1,1.0,0,186,cvc-colondb,unet,polypseg/runs_repeat/unet_seed42_fold0rep3/best.pth,False
0.9265100311026014,0.863082150692323,0.8693376283295886,0.991731740905105,0.8575500310732245,0.4664646838820921,4,5.0,0.6568289368286738,1,1,1,1.0,1,1.0,0,187,cvc-colondb,unet,polypseg/runs_repeat/unet_seed42_fold0rep3/best.pth,False
0.8962664634712498,0.812031558169388,0.812031558169388,0.9999999999757105,0.5309964926658545,0.3835372872873109,4,7.017766952966369,0.9218944813256604,1,1,1,1.0,1,1.0,0,188,cvc-colondb,unet,polypseg/runs_repeat/unet_seed42_fold0rep3/best.pth,False
0.9502915535999636,0.9052909470805709,0.9278466741721775,0.9738492485981084,0.8269332549698051,0.5374782744316385,4,7.0,0.9195605115601433,1,1,1,1.0,1,1.0,0,189,cvc-colondb,unet,polypseg/runs_repeat/unet_seed42_fold0rep3/best.pth,False
0.959362506158718,0.9218988474242308,0.9464555867681734,0.9726263187064262,0.7441579608752471,0.4329990496658872,4,6.0,0.7881947241944085,1,1,1,1.0,1,1.0,0,19,cvc-colondb,unet,polypseg/runs_repeat/unet_seed42_fold0rep3/best.pth,False
0.8954098801931928,0.8106263709382082,0.8106263709382082,0.9999999999849669,0.4661649126997264,0.26412693416087624,4,9.0,1.1822920862916129,1,1,1,1.0,1,1.0,0,190,cvc-colondb,unet,polypseg/runs_repeat/unet_seed42_fold0rep3/best.pth,False
0.966937623716603,0.9359915198879974,0.9384401569576648,0.9972200503779235,0.984709223045092,0.6346120512342334,4,4.0,0.525463149462939,1,1,1,1.0,1,1.0,0,191,cvc-colondb,unet,polypseg/runs_repeat/unet_seed42_fold0rep3/best.pth,False
0.9523231096216604,0.9089855072375943,0.9546423135367362,0.9500151469155809,0.813928214209254,0.545718112745246,4,5.830951894845301,0.765987586758076,1,1,1,1.0,1,1.0,0,192,cvc-colondb,unet,polypseg/runs_repeat/unet_seed42_fold0rep3/best.pth,False
0.926977430917836,0.8638936939702477,0.8658680747035552,0.9973674654956666,0.5550571377190072,0.3251619043056008,4,10.0,1.3136578736573477,1,1,1,1.0,1,1.0,0,193,cvc-colondb,unet,polypseg/runs_repeat/unet_seed42_fold0rep3/best.pth,False
0.9161036253391139,0.8451948421967287,0.8508929211729835,0.992139153696336,0.5388769810197231,0.4182603639699434,4,15.0,1.9704868104860214,1,1,1,1.0,1,1.0,0,194,cvc-colondb,unet,polypseg/runs_repeat/unet_seed42_fold0rep3/best.pth,False
0.9020920502038129,0.821646341454468,0.8246093323043971,0.995645863557255,0.5271986952116169,0.29114544048849444,4,11.867114959823818,1.5589329004569457,1,1,1,1.0,1,1.0,0,195,cvc-colondb,unet,polypseg/runs_repeat/unet_seed42_fold0rep3/best.pth,False
0.9328684552598223,0.8741831874972401,0.8757350493634113,0.9979769882286259,0.7920962405153398,0.26494127883934426,4,6.0,0.7881947241944085,1,1,1,1.0,1,1.0,0,196,cvc-colondb,unet,polypseg/runs_repeat/unet_seed42_fold0rep3/best.pth,False
0.9424383492672923,0.8911427041764848,0.9020894803341838,0.9865656898189886,0.6609015661197922,0.44619612342663656,4,11.949999999999932,1.5698211590205213,1,1,1,1.0,1,1.0,0,197,cvc-colondb,unet,polypseg/runs_repeat/unet_seed42_fold0rep3/best.pth,False
0.894061676995208,0.808419111986351,0.808419111986351,0.9999999999809959,0.5019142522508993,0.2514792401159022,4,9.0,1.1822920862916129,1,1,1,1.0,1,1.0,0,198,cvc-colondb,unet,polypseg/runs_repeat/unet_seed42_fold0rep3/best.pth,False
0.8756775067701237,0.7788490509111293,0.783808368700386,0.9919416730494763,0.4197188713758113,0.1943245678108188,4,20.0,2.6273157473146953,1,1,1,1.0,1,1.0,0,199,cvc-colondb,unet,polypseg/runs_repeat/unet_seed42_fold0rep3/best.pth,False
0.0,0.0,0.0,0.0,0.0,0.0,4,,,1,0,0,0.0,0,0.0,0,2,cvc-colondb,unet,polypseg/runs_repeat/unet_seed42_fold0rep3/best.pth,False
0.9619248217742029,0.926642734506238,0.92873009416848,0.9975804012467736,0.6565459786617714,0.36050790954061296,4,7.615773105863909,1.0004520304505997,1,1,1,1.0,1,1.0,0,20,cvc-colondb,unet,polypseg/runs_repeat/unet_seed42_fold0rep3/best.pth,False
0.9346125769012971,0.8772513703821995,0.9111427409330797,0.9593234853145082,0.9594498217495667,0.42699516884945604,4,4.0,0.525463149462939,1,1,1,1.0,1,1.0,0,200,cvc-colondb,unet,polypseg/runs_repeat/unet_seed42_fold0rep3/best.pth,False
0.8742658516016508,0.7766183986206001,0.7766183986206001,0.9999999999725803,0.5394444458263932,0.2837618319905524,4,9.0,1.1822920862916129,1,1,1,1.0,1,1.0,0,201,cvc-colondb,unet,polypseg/runs_repeat/unet_seed42_fold0rep3/best.pth,False
0.8898690310054913,0.8015892321349096,0.8081419112171327,0.9899859803626078,0.32503839549665564,0.128968518816383,4,14.0,1.8391210231202866,1,1,1,1.0,1,1.0,0,202,cvc-colondb,unet,polypseg/runs_repeat/unet_seed42_fold0rep3/best.pth,False
0.9241045118137378,0.8589166159359839,0.8598586400090195,0.9987261146355453,0.6626667799352267,0.3807511570759469,4,8.0,1.050926298925878,1,1,1,1.0,1,1.0,0,203,cvc-colondb,unet,polypseg/runs_repeat/unet_seed42_fold0rep3/best.pth,False
0.5449189985232332,0.37449392712171564,0.39324051439692587,0.8870774394416908,0.2694366376876391,0.17739970845425043,4,56.45439566332564,7.4161761365694945,1,1,1,1.0,0,0.0,0,204,cvc-colondb,unet,polypseg/runs_repeat/unet_seed42_fold0rep3/best.pth,False
0.4315514993440906,0.27514546965591796,0.27682198327028884,0.9784628377965177,0.35303536500318805,0.3059021213714238,4,51.20546473599982,6.726646192472982,1,1,1,1.0,0,0.0,0,205,cvc-colondb,unet,polypseg/runs_repeat/unet_seed42_fold0rep3/best.pth,False
0.548561377050527,0.3779432132898556,0.3786643538529286,0.9949863262992259,0.35456123520816263,0.1402175350916077,4,51.42858705516055,6.7559568316084,1,1,1,1.0,0,0.0,0,206,cvc-colondb,unet,polypseg/runs_repeat/unet_seed42_fold0rep3/best.pth,False
0.44097832454275787,0.28285580084281015,0.28293553842996677,0.999004644956901,0.4030274800282051,0.25019360112535927,4,63.0,8.276044604041289,1,1,1,1.0,0,0.0,0,207,cvc-colondb,unet,polypseg/runs_repeat/unet_seed42_fold0rep3/best.pth,False
0.44183745582414363,0.28356313497308483,0.2838721394790434,0.9961759081583061,0.3004652955211539,0.1693170955466573,4,72.22914088180153,9.488437962688439,1,1,1,1.0,0,0.0,0,208,cvc-colondb,unet,polypseg/runs_repeat/unet_seed42_fold0rep3/best.pth,False
0.8125766871041016,0.6843192973215108,0.6843192973215108,0.99999999996225,0.4735613818167468,0.010380575065173576,4,378.10876147828736,49.67055516147801,1,2,1,1.0,1,1.0,1,209,cvc-colondb,unet,polypseg/runs_repeat/unet_seed42_fold0rep3/best.pth,False
0.9524333241660883,0.9091863517020595,0.9170895291844985,0.990610552399835,0.6411734005773655,0.3885625413270064,4,8.54400374531753,1.1223897792594242,1,1,1,1.0,1,1.0,0,21,cvc-colondb,unet,polypseg/runs_repeat/unet_seed42_fold0rep3/best.pth,False
0.831518704628479,0.7116234619434759,0.7116234619434759,0.9999999999832131,0.34739754788228633,0.09804586419394254,4,17.0,2.2332183852174907,1,1,1,1.0,1,1.0,0,210,cvc-colondb,unet,polypseg/runs_repeat/unet_seed42_fold0rep3/best.pth,False
0.9389961389895471,0.8850072780086674,0.8899534264685303,0.9937592867608654,0.8211981462660001,0.5825514879812372,4,8.0,1.050926298925878,1,1,1,1.0,1,1.0,0,211,cvc-colondb,unet,polypseg/runs_repeat/unet_seed42_fold0rep3/best.pth,False
0.9083839081262187,0.8321459484597367,0.8430922827789861,0.9846372015994277,0.3902854442684935,0.18705388873702108,4,12.0,1.576389448388817,1,1,1,1.0,1,1.0,0,212,cvc-colondb,unet,polypseg/runs_repeat/unet_seed42_fold0rep3/best.pth,False
0.899207780998905,0.8168733076755246,0.8290425224122863,0.9823479005914109,0.3119675261435259,0.245784305817866,4,11.049999999999955,1.451591950391363,1,1,1,1.0,1,1.0,0,213,cvc-colondb,unet,polypseg/runs_repeat/unet_seed42_fold0rep3/best.pth,False
0.9287284144378403,0.8669402110114601,0.8746303962066367,0.9899598393463859,0.6497151989119608,0.29387823919115946,4,7.433671356142722,0.976530090717798,1,1,1,1.0,1,1.0,0,214,cvc-colondb,unet,polypseg/runs_repeat/unet_seed42_fold0rep3/best.pth,False
0.9106180511680797,0.8359033781902495,0.8406238795191768,0.9933269780638351,0.5760494328636873,0.2842834631028979,4,13.0,1.7077552357545518,1,1,1,1.0,1,1.0,0,215,cvc-colondb,unet,polypseg/runs_repeat/unet_seed42_fold0rep3/best.pth,False
0.9527997909912357,0.9098544698469034,0.939222250828919,0.9667756472477973,0.8076146915703645,0.4988677552996308,4,6.0,0.7881947241944085,1,1,1,1.0,1,1.0,0,216,cvc-colondb,unet,polypseg/runs_repeat/unet_seed42_fold0rep3/best.pth,False
0.8771585330587516,0.7811953502645694,0.7845851844117719,0.994499738069742,0.3548268877230795,0.22767852147741052,4,10.896701343170314,1.4314537516348278,1,1,1,1.0,1,1.0,0,217,cvc-colondb,unet,polypseg/runs_repeat/unet_seed42_fold0rep3/best.pth,False
0.9395078363214441,0.8859168115514872,0.8910012105954759,0.993599999995032,0.5469375968972797,0.25106582232401087,4,9.899494936611665,1.300454946871096,1,1,1,1.0,1,1.0,0,218,cvc-colondb,unet,polypseg/runs_repeat/unet_seed42_fold0rep3/best.pth,False
0.9519340238220866,0.9082768122037501,0.9272422373638037,0.9779768357335654,0.6286299465852232,0.37985979020084143,4,8.0,1.050926298925878,1,1,1,1.0,1,1.0,0,219,cvc-colondb,unet,polypseg/runs_repeat/unet_seed42_fold0rep3/best.pth,False
0.9253319051753943,0.8610397104293078,0.8681899925903512,0.9905256170358425,0.4498463164485948,0.19475713366825562,4,10.0,1.3136578736573477,1,1,1,1.0,1,1.0,0,22,cvc-colondb,unet,polypseg/runs_repeat/unet_seed42_fold0rep3/best.pth,False
0.9242229022349644,0.8591211916995349,0.8655354449406822,0.9914478230736744,0.4283441431946758,0.22458040410130656,4,8.0,1.050926298925878,1,1,1,1.0,1,1.0,0,220,cvc-colondb,unet,polypseg/runs_repeat/unet_seed42_fold0rep3/best.pth,False
0.9337062016740676,0.8756556618260131,0.9102718306398021,0.9583790628876455,0.6827136058633475,0.3839563362947824,4,9.649744150086068,1.2676462381539493,1,1,1,1.0,1,1.0,0,221,cvc-colondb,unet,polypseg/runs_repeat/unet_seed42_fold0rep3/best.pth,False
0.9592991111259332,0.9217817735927929,0.9860115404704842,0.9339958592055155,0.8647495653805753,0.6351473505539088,4,8.06225774829855,1.0591048370507348,1,1,1,1.0,1,1.0,0,222,cvc-colondb,unet,polypseg/runs_repeat/unet_seed42_fold0rep3/best.pth,False
0.9234016604863108,0.8577030324080018,0.9537790697581997,0.8948995363133475,0.6302986640013518,0.36048442968634253,4,13.028803607803974,1.7115390443726948,1,1,1,1.0,1,1.0,0,223,cvc-colondb,unet,polypseg/runs_repeat/unet_seed42_fold0rep3/best.pth,False
0.9362804032096894,0.8801947487240446,0.9050598962827632,0.9697318007477063,0.729077964185306,0.5631109086714807,4,5.830951894845301,0.765987586758076,1,1,1,1.0,1,1.0,0,224,cvc-colondb,unet,polypseg/runs_repeat/unet_seed42_fold0rep3/best.pth,False
0.9126090404296177,0.8392648774550974,0.8937558247625426,0.9322747893411447,0.7685828667767891,0.5720186108033914,4,6.324555320336759,0.8308301893941852,1,1,1,1.0,1,1.0,0,225,cvc-colondb,unet,polypseg/runs_repeat/unet_seed42_fold0rep3/best.pth,False
0.8249197413072864,0.7020114032253563,0.9442905837138443,0.7323420074288943,0.4879356908288518,0.273499961058236,4,51.05878588859396,6.707377610193612,1,1,1,1.0,1,1.0,0,226,cvc-colondb,unet,polypseg/runs_repeat/unet_seed42_fold0rep3/best.pth,False
0.8920786909610775,0.8051823569806776,0.8417589391572027,0.948797108540814,0.43521104632348995,0.3043536124318609,4,69.07966415668217,9.074704472903079,1,1,1,1.0,1,1.0,0,227,cvc-colondb,unet,polypseg/runs_repeat/unet_seed42_fold0rep3/best.pth,False
0.9621951875002578,0.9271446575610256,0.940244414873345,0.9851953769932394,0.5489852828670954,0.3882860543137347,4,32.09015084601207,4.215547932571575,1,1,1,1.0,1,1.0,0,228,cvc-colondb,unet,polypseg/runs_repeat/unet_seed42_fold0rep3/best.pth,False
0.9294207526084166,0.8681475517790085,0.8688470553733194,0.9990734891514041,0.47568707734030524,0.2855414313079507,4,14.035533905932738,1.8437889626513209,1,1,1,1.0,1,1.0,0,229,cvc-colondb,unet,polypseg/runs_repeat/unet_seed42_fold0rep3/best.pth,False
0.8966689529690255,0.8126925779727947,0.8126925779727947,0.9999999999933483,0.3284693069550238,0.14102133464653047,4,19.247057639794836,2.5284048813253293,1,1,1,1.0,1,1.0,0,23,cvc-colondb,unet,polypseg/runs_repeat/unet_seed42_fold0rep3/best.pth,False
0.9469704130795381,0.8992818671400402,0.9128295468295904,0.983764320779157,0.7284435845566176,0.35680515219244785,4,7.810249675906654,1.0259995981984522,1,1,1,1.0,1,1.0,0,230,cvc-colondb,unet,polypseg/runs_repeat/unet_seed42_fold0rep3/best.pth,False
0.9167241141533384,0.8462517500210481,0.8672231641989406,0.9722181605355722,0.6494214346671063,0.3313463735630346,4,7.016638229960547,0.9217462057392827,1,1,1,1.0,1,1.0,0,231,cvc-colondb,unet,polypseg/runs_repeat/unet_seed42_fold0rep3/best.pth,False
0.9414169434575267,0.8893179780643451,0.9104772663025241,0.9745333635534305,0.597489374003713,0.3924424482258257,4,7.211102550927978,0.9472921643777122,1,1,1,1.0,1,1.0,0,232,cvc-colondb,unet,polypseg/runs_repeat/unet_seed42_fold0rep3/best.pth,False
0.9514273678722289,0.9073547589560732,0.9253119878928191,0.9790596865556581,0.7055705483372607,0.4240384115392071,4,7.0,0.9195605115601433,1,1,1,1.0,1,1.0,0,233,cvc-colondb,unet,polypseg/runs_repeat/unet_seed42_fold0rep3/best.pth,False
0.9477136944006103,0.9006234228818418,0.9093974820075734,0.9894007337872857,0.7045852975391669,0.3908628941637314,4,6.708203932499369,0.8812284914026979,1,1,1,1.0,1,1.0,0,234,cvc-colondb,unet,polypseg/runs_repeat/unet_seed42_fold0rep3/best.pth,False
0.915598489064861,0.8443353129186347,0.8632648295088362,0.974686881991105,0.5478528246785038,0.35906533008014785,4,8.02179021190449,1.0537887872695777,1,1,1,1.0,1,1.0,0,235,cvc-colondb,unet,polypseg/runs_repeat/unet_seed42_fold0rep3/best.pth,False
0.9638331957838637,0.9301911544184305,0.9344817848021534,0.995088211703112,0.7948548271609523,0.5173382817720801,4,7.0,0.9195605115601433,1,1,1,1.0,1,1.0,0,236,cvc-colondb,unet,polypseg/runs_repeat/unet_seed42_fold0rep3/best.pth,False
0.9384565744975121,0.8840491608275828,0.8890070167954257,0.9937312457262731,0.4086031737144647,0.2742837261244553,4,14.866068747318506,1.9528928260246379,1,1,1,1.0,1,1.0,0,237,cvc-colondb,unet,polypseg/runs_repeat/unet_seed42_fold0rep3/best.pth,False
0.9526528900273392,0.9095865935527399,0.9185565406722086,0.9893780994471606,0.4950062800055795,0.3252921843843954,4,9.848857801796104,1.2938029597861047,1,1,1,1.0,1,1.0,0,238,cvc-colondb,unet,polypseg/runs_repeat/unet_seed42_fold0rep3/best.pth,False
0.9410370370348922,0.8886401790672436,0.8894058851368342,0.9990321331736399,0.5587060752706196,0.2926579879349524,4,13.0,1.7077552357545518,1,1,1,1.0,1,1.0,0,239,cvc-colondb,unet,polypseg/runs_repeat/unet_seed42_fold0rep3/best.pth,False
0.9222331047974099,0.8556888404185543,0.8677381303418322,0.9840314354945906,0.20391255119982268,0.06227176731244426,4,13.038404810405298,1.7128003139120755,1,1,1,1.0,1,1.0,0,24,cvc-colondb,unet,polypseg/runs_repeat/unet_seed42_fold0rep3/best.pth,False
0.9594496968905378,0.9220598889101541,0.9362471648321201,0.9838314867238867,0.7305250237465079,0.5195135074604991,4,5.830951894845301,0.765987586758076,1,1,1,1.0,1,1.0,0,240,cvc-colondb,unet,polypseg/runs_repeat/unet_seed42_fold0rep3/best.pth,False
0.9661269225521351,0.9344734316295744,0.9505635927846758,0.982208363894147,0.8875573235867129,0.7224430078397196,4,5.0,0.6568289368286738,1,1,1,1.0,1,1.0,0,241,cvc-colondb,unet,polypseg/runs_repeat/unet_seed42_fold0rep3/best.pth,False
0.9130211972936733,0.8399622835518604,0.8419108170732716,0.9972521880623116,0.3474458428665068,0.2361441748318203,4,10.0,1.3136578736573477,1,1,1,1.0,1,1.0,0,242,cvc-colondb,unet,polypseg/runs_repeat/unet_seed42_fold0rep3/best.pth,False
0.9123297240603543,0.83879254976623,0.8425806451522303,0.9946686976263688,0.5750393135741086,0.3703195064380055,4,9.219544457292887,1.2111327167856758,1,1,1,1.0,1,1.0,0,243,cvc-colondb,unet,polypseg/runs_repeat/unet_seed42_fold0rep3/best.pth,False
0.7206346636386252,0.5632751202156002,0.9986538029841002,0.5637031408236614,0.3254991931136538,0.13315110594252685,4,35.78542871976763,4.700981019992652,1,1,1,1.0,1,1.0,0,244,cvc-colondb,unet,polypseg/runs_repeat/unet_seed42_fold0rep3/best.pth,False
0.9130211972936733,0.8399622835518604,0.8419108170732716,0.9972521880623116,0.3474458428665068,0.2361441748318203,4,10.0,1.3136578736573477,1,1,1,1.0,1,1.0,0,245,cvc-colondb,unet,polypseg/runs_repeat/unet_seed42_fold0rep3/best.pth,False
0.9123297240603543,0.83879254976623,0.8425806451522303,0.9946686976263688,0.5750393135741086,0.3703195064380055,4,9.219544457292887,1.2111327167856758,1,1,1,1.0,1,1.0,0,246,cvc-colondb,unet,polypseg/runs_repeat/unet_seed42_fold0rep3/best.pth,False
0.7206346636386252,0.5632751202156002,0.9986538029841002,0.5637031408236614,0.3254991931136538,0.13315110594252685,4,35.78542871976763,4.700981019992652,1,1,1,1.0,1,1.0,0,247,cvc-colondb,unet,polypseg/runs_repeat/unet_seed42_fold0rep3/best.pth,False
0.9130211972936733,0.8399622835518604,0.8419108170732716,0.9972521880623116,0.3474458428665068,0.2361441748318203,4,10.0,1.3136578736573477,1,1,1,1.0,1,1.0,0,248,cvc-colondb,unet,polypseg/runs_repeat/unet_seed42_fold0rep3/best.pth,False
0.9123297240603543,0.83879254976623,0.8425806451522303,0.9946686976263688,0.5750393135741086,0.3703195064380055,4,9.219544457292887,1.2111327167856758,1,1,1,1.0,1,1.0,0,249,cvc-colondb,unet,polypseg/runs_repeat/unet_seed42_fold0rep3/best.pth,False
0.8546948592000466,0.7462595152616479,0.7952447552373403,0.9237517599813304,0.5383072799838805,0.32423962648805954,4,297.139507885784,39.03396541088296,1,2,1,1.0,1,1.0,1,25,cvc-colondb,unet,polypseg/runs_repeat/unet_seed42_fold0rep3/best.pth,False
0.7206346636386252,0.5632751202156002,0.9986538029841002,0.5637031408236614,0.3254991931136538,0.13315110594252685,4,35.78542871976763,4.700981019992652,1,1,1,1.0,1,1.0,0,250,cvc-colondb,unet,polypseg/runs_repeat/unet_seed42_fold0rep3/best.pth,False
0.9130211972936733,0.8399622835518604,0.8419108170732716,0.9972521880623116,0.3474458428665068,0.2361441748318203,4,10.0,1.3136578736573477,1,1,1,1.0,1,1.0,0,251,cvc-colondb,unet,polypseg/runs_repeat/unet_seed42_fold0rep3/best.pth,False
0.9123297240603543,0.83879254976623,0.8425806451522303,0.9946686976263688,0.5750393135741086,0.3703195064380055,4,9.219544457292887,1.2111327167856758,1,1,1,1.0,1,1.0,0,252,cvc-colondb,unet,polypseg/runs_repeat/unet_seed42_fold0rep3/best.pth,False
0.7206346636386252,0.5632751202156002,0.9986538029841002,0.5637031408236614,0.3254991931136538,0.13315110594252685,4,35.78542871976763,4.700981019992652,1,1,1,1.0,1,1.0,0,253,cvc-colondb,unet,polypseg/runs_repeat/unet_seed42_fold0rep3/best.pth,False
0.9130211972936733,0.8399622835518604,0.8419108170732716,0.9972521880623116,0.3474458428665068,0.2361441748318203,4,10.0,1.3136578736573477,1,1,1,1.0,1,1.0,0,254,cvc-colondb,unet,polypseg/runs_repeat/unet_seed42_fold0rep3/best.pth,False
0.9123297240603543,0.83879254976623,0.8425806451522303,0.9946686976263688,0.5750393135741086,0.3703195064380055,4,9.219544457292887,1.2111327167856758,1,1,1,1.0,1,1.0,0,255,cvc-colondb,unet,polypseg/runs_repeat/unet_seed42_fold0rep3/best.pth,False
0.7206346636386252,0.5632751202156002,0.9986538029841002,0.5637031408236614,0.3254991931136538,0.13315110594252685,4,35.78542871976763,4.700981019992652,1,1,1,1.0,1,1.0,0,256,cvc-colondb,unet,polypseg/runs_repeat/unet_seed42_fold0rep3/best.pth,False
0.9130211972936733,0.8399622835518604,0.8419108170732716,0.9972521880623116,0.3474458428665068,0.2361441748318203,4,10.0,1.3136578736573477,1,1,1,1.0,1,1.0,0,257,cvc-colondb,unet,polypseg/runs_repeat/unet_seed42_fold0rep3/best.pth,False
0.9123297240603543,0.83879254976623,0.8425806451522303,0.9946686976263688,0.5750393135741086,0.3703195064380055,4,9.219544457292887,1.2111327167856758,1,1,1,1.0,1,1.0,0,258,cvc-colondb,unet,polypseg/runs_repeat/unet_seed42_fold0rep3/best.pth,False
0.7206346636386252,0.5632751202156002,0.9986538029841002,0.5637031408236614,0.3254991931136538,0.13315110594252685,4,35.78542871976763,4.700981019992652,1,1,1,1.0,1,1.0,0,259,cvc-colondb,unet,polypseg/runs_repeat/unet_seed42_fold0rep3/best.pth,False
0.9060080520214772,0.8281670205119863,0.8513021969903782,0.9682277014567562,0.6600056867581509,0.5141781374110301,4,13.601470508735444,1.7867678827118525,1,1,1,1.0,1,1.0,0,26,cvc-colondb,unet,polypseg/runs_repeat/unet_seed42_fold0rep3/best.pth,False
0.9130211972936733,0.8399622835518604,0.8419108170732716,0.9972521880623116,0.3474458428665068,0.2361441748318203,4,10.0,1.3136578736573477,1,1,1,1.0,1,1.0,0,260,cvc-colondb,unet,polypseg/runs_repeat/unet_seed42_fold0rep3/best.pth,False
0.9123297240603543,0.83879254976623,0.8425806451522303,0.9946686976263688,0.5750393135741086,0.3703195064380055,4,9.219544457292887,1.2111327167856758,1,1,1,1.0,1,1.0,0,261,cvc-colondb,unet,polypseg/runs_repeat/unet_seed42_fold0rep3/best.pth,False
0.7206346636386252,0.5632751202156002,0.9986538029841002,0.5637031408236614,0.3254991931136538,0.13315110594252685,4,35.78542871976763,4.700981019992652,1,1,1,1.0,1,1.0,0,262,cvc-colondb,unet,polypseg/runs_repeat/unet_seed42_fold0rep3/best.pth,False
0.9130211972936733,0.8399622835518604,0.8419108170732716,0.9972521880623116,0.3474458428665068,0.2361441748318203,4,10.0,1.3136578736573477,1,1,1,1.0,1,1.0,0,263,cvc-colondb,unet,polypseg/runs_repeat/unet_seed42_fold0rep3/best.pth,False
0.5588561910011184,0.3877865536468138,0.3884600540294436,0.9955489613997145,0.39516855099813375,0.2605287659310203,4,53.67201758128955,7.050666849073661,1,1,1,1.0,0,0.0,0,264,cvc-colondb,unet,polypseg/runs_repeat/unet_seed42_fold0rep3/best.pth,False
0.07105994078331754,0.03683885377556732,0.03687039238997682,0.9773071104140871,0.17152833311874058,0.11714735902757661,4,368.7984511836423,48.44749891900267,1,1,0,0.0,0,0.0,1,265,cvc-colondb,unet,polypseg/runs_repeat/unet_seed42_fold0rep3/best.pth,False
0.9113092444818802,0.8370689655100252,0.8989076096935853,0.924057860668785,0.4909280989432019,0.2737833750633812,4,10.770329614269007,1.4148528299669385,1,1,1,1.0,1,1.0,0,266,cvc-colondb,unet,polypseg/runs_repeat/unet_seed42_fold0rep3/best.pth,False
0.8305963699042654,0.7102734663447793,0.8865313652727616,0.7813008129763699,0.6336454240354287,0.3398516020986856,4,11.313708498984761,1.4862342249955383,1,1,1,1.0,1,1.0,0,267,cvc-colondb,unet,polypseg/runs_repeat/unet_seed42_fold0rep3/best.pth,False
0.49501344202155045,0.3289155237947572,0.3289913544630664,0.9992997198529657,0.2296999232096636,0.17152537627216738,4,46.69678870708739,6.134360415957886,1,1,1,1.0,0,0.0,0,268,cvc-colondb,unet,polypseg/runs_repeat/unet_seed42_fold0rep3/best.pth,False
0.5780150164208234,0.40648461347738235,0.40745947733702065,0.9941485068403118,0.4427724528594425,0.34184383733123286,4,47.714766901932016,6.2680879230448,1,1,1,1.0,0,0.0,0,269,cvc-colondb,unet,polypseg/runs_repeat/unet_seed42_fold0rep3/best.pth,False
0.004621400639804099,0.002316052022050311,0.9999999923076924,0.002316052022050311,0.0,0.0,4,74.22802584150189,9.751023059273,1,0,0,0.0,0,0.0,0,27,cvc-colondb,unet,polypseg/runs_repeat/unet_seed42_fold0rep3/best.pth,False
0.5176189321220374,0.3491807493622486,0.36243874035527573,0.9051745031452667,0.24072029000062758,0.15679189553983033,4,122.16607285188863,16.048442349568063,1,1,1,1.0,0,0.0,0,270,cvc-colondb,unet,polypseg/runs_repeat/unet_seed42_fold0rep3/best.pth,False
0.5588561910011184,0.3877865536468138,0.3884600540294436,0.9955489613997145,0.39516855099813375,0.2605287659310203,4,53.67201758128955,7.050666849073661,1,1,1,1.0,0,0.0,0,271,cvc-colondb,unet,polypseg/runs_repeat/unet_seed42_fold0rep3/best.pth,False
0.07105994078331754,0.03683885377556732,0.03687039238997682,0.9773071104140871,0.17152833311874058,0.11714735902757661,4,368.7984511836423,48.44749891900267,1,1,0,0.0,0,0.0,1,272,cvc-colondb,unet,polypseg/runs_repeat/unet_seed42_fold0rep3/best.pth,False
0.34453046548429095,0.20811646381948062,0.21045549883172876,0.949303820047317,0.284904359712667,0.19443023239302076,4,124.4913910477574,16.353909605244233,1,1,0,0.0,0,0.0,1,273,cvc-colondb,unet,polypseg/runs_repeat/unet_seed42_fold0rep3/best.pth,False
0.47048669974888113,0.3076054975603256,0.8935721812329519,0.3193038239464509,0.33436718414063366,0.1408476284003761,4,208.59804125321756,27.402645932178945,1,1,1,1.0,0,0.0,0,274,cvc-colondb,unet,polypseg/runs_repeat/unet_seed42_fold0rep3/best.pth,False
0.658310705972027,0.4906580896950213,0.9440929003480697,0.5053411247980595,0.5818110109453105,0.334164726706922,4,163.1007352123603,21.42585650110193,1,1,1,1.0,0,0.0,0,275,cvc-colondb,unet,polypseg/runs_repeat/unet_seed42_fold0rep3/best.pth,False
0.551690898866271,0.38092068774159477,0.9519717236055723,0.38838465235844605,0.33343620099930815,0.17595887725204773,4,182.8957344702219,24.026242164515054,1,1,1,1.0,0,0.0,0,276,cvc-colondb,unet,polypseg/runs_repeat/unet_seed42_fold0rep3/best.pth,False
0.7254164427707538,0.5691399662707878,0.9452457638919951,0.5885430290322237,0.4581028873768165,0.36365128485662657,4,121.23418684551523,15.926024410605711,1,1,1,1.0,1,1.0,0,277,cvc-colondb,unet,polypseg/runs_repeat/unet_seed42_fold0rep3/best.pth,False
0.0,0.0,0.0,0.0,0.0,0.0,4,,,1,0,0,0.0,0,0.0,0,278,cvc-colondb,unet,polypseg/runs_repeat/unet_seed42_fold0rep3/best.pth,False
0.7683982683958924,0.623901581719187,0.9505048959535609,0.6448515673622335,0.43904992515144986,0.3479224728454274,4,97.16563578338764,12.764240249576929,1,1,1,1.0,1,1.0,0,279,cvc-colondb,unet,polypseg/runs_repeat/unet_seed42_fold0rep3/best.pth,False
0.8274376219162847,0.7056661866198896,0.7081101283151661,0.9951328828005352,0.3447984846199875,0.23036021610964263,4,73.24616030891995,9.622039520498099,1,1,1,1.0,1,1.0,0,28,cvc-colondb,unet,polypseg/runs_repeat/unet_seed42_fold0rep3/best.pth,False
0.7832265742560705,0.6436913871431811,0.9153984617827245,0.6844069248138226,0.34437507946814533,0.21327817496138132,4,88.56353242173586,11.634218168472108,1,1,1,1.0,1,1.0,0,280,cvc-colondb,unet,polypseg/runs_repeat/unet_seed42_fold0rep3/best.pth,False
0.8241221144415967,0.700856887065476,0.9561196894272344,0.7241493227570257,0.6110141465516227,0.33683395570311736,4,79.87723085243582,10.493135323524792,1,1,1,1.0,1,1.0,0,281,cvc-colondb,unet,polypseg/runs_repeat/unet_seed42_fold0rep3/best.pth,False
0.8353039134008586,0.7171861595585055,0.866321243513341,0.8064308681585591,0.3048058333639497,0.09580475389599435,4,27.586228448267445,3.623886620557684,1,1,1,1.0,1,1.0,0,282,cvc-colondb,unet,polypseg/runs_repeat/unet_seed42_fold0rep3/best.pth,False
0.9041912978595932,0.8251360808628971,0.8711133914738726,0.9398804251445982,0.2581394849367322,0.11745177999950776,4,7.0710678118654755,0.9288963906222114,1,1,1,1.0,1,1.0,0,283,cvc-colondb,unet,polypseg/runs_repeat/unet_seed42_fold0rep3/best.pth,False
0.8838606011092804,0.7918908713263858,0.832853455118979,0.9415230933220634,0.39495976408335903,0.2983495734635501,4,22.173156450676377,2.912794155526723,1,1,1,1.0,1,1.0,0,284,cvc-colondb,unet,polypseg/runs_repeat/unet_seed42_fold0rep3/best.pth,False
0.8694009385075885,0.7689736955556671,0.8003515727239393,0.9514895509072855,0.3223667698085353,0.21638959949586986,4,24.00728850462502,3.153736356926419,1,1,1,1.0,1,1.0,0,285,cvc-colondb,unet,polypseg/runs_repeat/unet_seed42_fold0rep3/best.pth,False
0.500605776369835,0.3338720187662352,0.7651275312062294,0.37199779281395173,0.16727449444300502,0.08080501426171949,4,220.00738621983587,28.90144351704604,1,1,1,1.0,0,0.0,0,286,cvc-colondb,unet,polypseg/runs_repeat/unet_seed42_fold0rep3/best.pth,False
0.5494191431354377,0.3787580268520915,0.9322855859817486,0.38947249943577145,0.439774345361096,0.28898699703543657,4,191.47428019235204,25.153169577755637,1,1,1,1.0,0,0.0,0,287,cvc-colondb,unet,polypseg/runs_repeat/unet_seed42_fold0rep3/best.pth,False
0.6526613156346068,0.4844077611725483,0.9431089224328185,0.4989886523346738,0.5054680118914219,0.2240883680907241,4,170.03999512135172,22.337437842782066,1,1,1,1.0,0,0.0,0,288,cvc-colondb,unet,polypseg/runs_repeat/unet_seed42_fold0rep3/best.pth,False
0.5961650705795711,0.4246689251603798,0.9556448818285699,0.43320766572279856,0.4123996773696462,0.2256462909387853,4,177.64063607485082,23.33590202612272,1,1,1,1.0,0,0.0,0,289,cvc-colondb,unet,polypseg/runs_repeat/unet_seed42_fold0rep3/best.pth,False
0.3363037143898376,0.20214249277265042,0.5419401896376556,0.24379639883415857,0.09230764311763587,0.04510046275590029,4,97.56991006009639,12.817348058248486,1,2,0,0.0,0,0.0,2,29,cvc-colondb,unet,polypseg/runs_repeat/unet_seed42_fold0rep3/best.pth,False
0.6424908877474439,0.4732866114477415,0.9102047960711517,0.49646744319029756,0.3842282100800791,0.17878158357630733,4,163.36997884824456,21.46122590332308,1,1,1,1.0,0,0.0,0,290,cvc-colondb,unet,polypseg/runs_repeat/unet_seed42_fold0rep3/best.pth,False
0.7285990009061972,0.573067821580689,0.88737555309121,0.6180181047736035,0.39773491694546925,0.260273925256635,4,133.05635977742935,17.47905346618049,1,1,1,1.0,1,1.0,0,291,cvc-colondb,unet,polypseg/runs_repeat/unet_seed42_fold0rep3/best.pth,False
0.5060776870259363,0.3387577002035998,0.5557052631532151,0.4645874401544312,0.25135902906218166,0.131135300744258,4,220.0,28.900473220461645,1,3,1,1.0,0,0.0,2,292,cvc-colondb,unet,polypseg/runs_repeat/unet_seed42_fold0rep3/best.pth,False
0.5996794166621627,0.42824437760727097,0.8451452870229876,0.46470846119896386,0.18159530165872487,0.08881132848351968,4,188.3945130837051,24.748593546625138,1,1,1,1.0,0,0.0,0,293,cvc-colondb,unet,polypseg/runs_repeat/unet_seed42_fold0rep3/best.pth,False
0.47048669974888113,0.3076054975603256,0.8935721812329519,0.3193038239464509,0.33436718414063366,0.1408476284003761,4,208.59804125321756,27.402645932178945,1,1,1,1.0,0,0.0,0,294,cvc-colondb,unet,polypseg/runs_repeat/unet_seed42_fold0rep3/best.pth,False
0.658310705972027,0.4906580896950213,0.9440929003480697,0.5053411247980595,0.5818110109453105,0.334164726706922,4,163.1007352123603,21.42585650110193,1,1,1,1.0,0,0.0,0,295,cvc-colondb,unet,polypseg/runs_repeat/unet_seed42_fold0rep3/best.pth,False
0.551690898866271,0.38092068774159477,0.9519717236055723,0.38838465235844605,0.33343620099930815,0.17595887725204773,4,182.8957344702219,24.026242164515054,1,1,1,1.0,0,0.0,0,296,cvc-colondb,unet,polypseg/runs_repeat/unet_seed42_fold0rep3/best.pth,False
0.7254164427707538,0.5691399662707878,0.9452457638919951,0.5885430290322237,0.4581028873768165,0.36365128485662657,4,121.23418684551523,15.926024410605711,1,1,1,1.0,1,1.0,0,297,cvc-colondb,unet,polypseg/runs_repeat/unet_seed42_fold0rep3/best.pth,False
0.0,0.0,0.0,0.0,0.0,0.0,4,,,1,0,0,0.0,0,0.0,0,298,cvc-colondb,unet,polypseg/runs_repeat/unet_seed42_fold0rep3/best.pth,False
0.7683982683958924,0.623901581719187,0.9505048959535609,0.6448515673622335,0.43904992515144986,0.3479224728454274,4,97.16563578338764,12.764240249576929,1,1,1,1.0,1,1.0,0,299,cvc-colondb,unet,polypseg/runs_repeat/unet_seed42_fold0rep3/best.pth,False
0.7841084726683148,0.6448835731169764,0.8046283613235914,0.764609166261803,0.15643469308987182,0.06742430144139552,4,37.84505417679689,4.9715453398338125,1,1,1,1.0,1,1.0,0,3,cvc-colondb,unet,polypseg/runs_repeat/unet_seed42_fold0rep3/best.pth,False
0.8489639156803815,0.7375649879666519,0.7644977077071945,0.9544130936745213,0.4108980577691095,0.1797309171374974,4,24.0,3.152778896777634,1,1,1,1.0,1,1.0,0,30,cvc-colondb,unet,polypseg/runs_repeat/unet_seed42_fold0rep3/best.pth,False
0.7832265742560705,0.6436913871431811,0.9153984617827245,0.6844069248138226,0.34437507946814533,0.21327817496138132,4,88.56353242173586,11.634218168472108,1,1,1,1.0,1,1.0,0,300,cvc-colondb,unet,polypseg/runs_repeat/unet_seed42_fold0rep3/best.pth,False
0.3403407714459545,0.20506665801658064,0.9940772577126994,0.20531751358585174,0.042580628667877755,0.021376476420775066,4,182.40131119258598,23.96129186135646,1,1,0,0.0,0,0.0,1,301,cvc-colondb,unet,polypseg/runs_repeat/unet_seed42_fold0rep3/best.pth,False
0.6643048379117579,0.49734764096410705,0.9402500543060266,0.5135792540635499,0.20457761910837727,0.1905849829475035,4,152.10784783091066,19.981767194814946,1,2,1,1.0,0,0.0,1,302,cvc-colondb,unet,polypseg/runs_repeat/unet_seed42_fold0rep3/best.pth,False
0.629389837158826,0.4592041225304701,0.9983209819346365,0.4595590439953495,0.12111971053780476,0.0520943270615535,4,188.48209395432877,24.760098676652795,1,2,1,1.0,0,0.0,1,303,cvc-colondb,unet,polypseg/runs_repeat/unet_seed42_fold0rep3/best.pth,False
0.5449428121744985,0.3745164222643949,0.9999999999981184,0.3745164222643949,0.02610293626109919,0.005728560639047913,4,149.4958193395387,19.63863601542414,1,1,1,1.0,0,0.0,0,304,cvc-colondb,unet,polypseg/runs_repeat/unet_seed42_fold0rep3/best.pth,False
0.5249597423507658,0.35589519650629203,0.9861513104980982,0.3576828583715288,0.020511712751980965,0.011322845607751205,4,182.87577669353738,24.02362039546682,1,1,1,1.0,0,0.0,0,305,cvc-colondb,unet,polypseg/runs_repeat/unet_seed42_fold0rep3/best.pth,False
0.6431615742833832,0.4740148584336386,0.9675232787670245,0.4816789444841301,0.04770775697872499,0.030569120887416493,4,132.5634326188517,17.41429970187998,1,1,1,1.0,0,0.0,0,306,cvc-colondb,unet,polypseg/runs_repeat/unet_seed42_fold0rep3/best.pth,False
0.6381110094988028,0.46854847491201734,0.9969108788523994,0.4692297439744227,0.11911744825448098,0.07470626879031743,4,128.56729529150132,16.889343975450995,1,1,1,1.0,0,0.0,0,307,cvc-colondb,unet,polypseg/runs_repeat/unet_seed42_fold0rep3/best.pth,False
0.6554560387512107,0.48749320040263644,0.9989219018364234,0.4877498215555962,0.09088631596022113,0.06626900487601338,4,149.3564398378192,19.620326317438114,1,1,1,1.0,0,0.0,0,308,cvc-colondb,unet,polypseg/runs_repeat/unet_seed42_fold0rep3/best.pth,False
0.01281703308300489,0.006449850515219447,0.9999999997647059,0.006449850515219447,0.0,0.0,4,197.97041032581728,26.006538827568573,1,1,0,0.0,0,0.0,1,309,cvc-colondb,unet,polypseg/runs_repeat/unet_seed42_fold0rep3/best.pth,False
0.9393491124225616,0.8856345885572828,0.8858199065293588,0.9997638353066223,0.650706017247382,0.26340020787846097,4,8.0,1.050926298925878,1,1,1,1.0,1,1.0,0,31,cvc-colondb,unet,polypseg/runs_repeat/unet_seed42_fold0rep3/best.pth,False
0.5495487937871563,0.37888126910662434,0.995700699177783,0.3795021186438584,0.12171386292517809,0.11714362608806116,4,192.387109204867,25.27308407971495,1,1,1,1.0,0,0.0,0,310,cvc-colondb,unet,polypseg/runs_repeat/unet_seed42_fold0rep3/best.pth,False
0.0,0.0,0.0,0.0,0.0,0.0,4,,,1,0,0,0.0,0,0.0,0,311,cvc-colondb,unet,polypseg/runs_repeat/unet_seed42_fold0rep3/best.pth,False
0.7179062731886992,0.5599483549258182,0.9941192279099639,0.5618092966323052,0.22202698239183882,0.17792811924484447,4,132.36501099071242,17.38823388846907,1,2,1,1.0,1,1.0,1,312,cvc-colondb,unet,polypseg/runs_repeat/unet_seed42_fold0rep3/best.pth,False
0.0,0.0,0.0,0.0,0.0,0.0,4,,,1,0,0,0.0,0,0.0,0,313,cvc-colondb,unet,polypseg/runs_repeat/unet_seed42_fold0rep3/best.pth,False
0.0,0.0,0.0,0.0,0.0,0.0,4,,,1,0,0,0.0,0,0.0,0,314,cvc-colondb,unet,polypseg/runs_repeat/unet_seed42_fold0rep3/best.pth,False
0.012819440960882842,0.006451070036173042,0.9999999997826087,0.006451070036173042,0.0,0.0,4,229.94303484310618,30.206647821431226,1,1,0,0.0,0,0.0,1,315,cvc-colondb,unet,polypseg/runs_repeat/unet_seed42_fold0rep3/best.pth,False
0.015780986023621983,0.007953248060050017,0.999999999756691,0.007953248060050017,0.015449421381472674,0.0,4,156.181783282428,20.516942933080703,1,2,0,0.0,0,0.0,2,316,cvc-colondb,unet,polypseg/runs_repeat/unet_seed42_fold0rep3/best.pth,False
0.5758272410987664,0.40432401020156006,0.9271753615297192,0.4175854710349691,0.13195695266147672,0.02524549790481535,4,173.24909790088932,22.75900415615359,1,1,1,1.0,0,0.0,0,317,cvc-colondb,unet,polypseg/runs_repeat/unet_seed42_fold0rep3/best.pth,False
0.7553780973435591,0.6069137106870196,0.9060818460509266,0.6476568040875015,0.16879068192139945,0.13159245236539308,4,129.24201159795825,16.97797861429721,1,1,1,1.0,1,1.0,0,318,cvc-colondb,unet,polypseg/runs_repeat/unet_seed42_fold0rep3/best.pth,False
0.041718852177336466,0.021303811367291176,0.999999999946865,0.021303811367291176,0.0,0.0,4,211.30546509760273,27.758308797229365,1,2,0,0.0,0,0.0,2,319,cvc-colondb,unet,polypseg/runs_repeat/unet_seed42_fold0rep3/best.pth,False
0.9409627284484441,0.8885076604243349,0.8922966703026327,0.9952435311986482,0.3455782232054159,0.14502357733428017,4,10.241955028396207,1.345442486469714,1,1,1,1.0,1,1.0,0,32,cvc-colondb,unet,polypseg/runs_repeat/unet_seed42_fold0rep3/best.pth,False
0.0,0.0,0.0,0.0,0.0,0.0,4,,,1,0,0,0.0,0,0.0,0,320,cvc-colondb,unet,polypseg/runs_repeat/unet_seed42_fold0rep3/best.pth,False
0.942032628641222,0.8904174685759374,0.9896741139795732,0.8987672678423605,0.31668721825195106,0.13568937441154222,4,28.0,3.678242046240573,1,1,1,1.0,1,1.0,0,321,cvc-colondb,unet,polypseg/runs_repeat/unet_seed42_fold0rep3/best.pth,False
0.5910880356019071,0.41953510974294855,0.9856255729861347,0.4221178492581289,0.1751238696444148,0.10896786173010377,4,176.77697813482402,23.222446920816434,1,1,1,1.0,0,0.0,0,322,cvc-colondb,unet,polypseg/runs_repeat/unet_seed42_fold0rep3/best.pth,False
0.001014965769780872,0.0005077405545318256,0.002364833534255936,0.0006461421512724615,0.07134486631269892,0.04835343193161839,4,239.4885977178002,31.46060820431453,1,1,0,0.0,0,0.0,1,323,cvc-colondb,unet,polypseg/runs_repeat/unet_seed42_fold0rep3/best.pth,False
0.0,0.0,0.0,0.0,0.0,0.0,4,278.21933784035286,36.548502375771314,1,4,0,0.0,0,0.0,4,324,cvc-colondb,unet,polypseg/runs_repeat/unet_seed42_fold0rep3/best.pth,False
0.8205616805035836,0.6957224188323285,0.9899288450985497,0.7006818534001614,0.2843228196108964,0.17467553629511343,4,71.18108929497406,9.35075984078494,1,1,1,1.0,1,1.0,0,325,cvc-colondb,unet,polypseg/runs_repeat/unet_seed42_fold0rep3/best.pth,False
0.9596296742129378,0.9223923928116246,0.9348016118352028,0.9858125730709015,0.6960814264322608,0.4332770994183121,4,18.027756377319946,2.368230410944281,1,1,1,1.0,1,1.0,0,326,cvc-colondb,unet,polypseg/runs_repeat/unet_seed42_fold0rep3/best.pth,False
0.9012411900444068,0.8202356894693121,0.9608213421258057,0.8486186806971231,0.5149144666135457,0.40615498964713154,4,61.029300532626614,8.017162116848551,1,1,1,1.0,1,1.0,0,327,cvc-colondb,unet,polypseg/runs_repeat/unet_seed42_fold0rep3/best.pth,False
0.9425698960167941,0.8913779667008269,0.8981867504270443,0.9915673664948749,0.37929168717032685,0.2883046921335087,4,20.287938767064627,2.6651410501632586,1,1,1,1.0,1,1.0,0,328,cvc-colondb,unet,polypseg/runs_repeat/unet_seed42_fold0rep3/best.pth,False
0.956636827843148,0.9168780855716592,0.9379241411946307,0.9761113949905539,0.5926995755794452,0.4820867640588694,4,16.55294535724685,2.1744907000767157,1,1,1,1.0,1,1.0,0,329,cvc-colondb,unet,polypseg/runs_repeat/unet_seed42_fold0rep3/best.pth,False
0.9470883830888196,0.8994946659124119,0.9007309302124025,0.998476454286714,0.6957992053086982,0.29700584764156057,4,7.211102550927978,0.9472921643777122,1,1,1,1.0,1,1.0,0,33,cvc-colondb,unet,polypseg/runs_repeat/unet_seed42_fold0rep3/best.pth,False
0.9409267103575862,0.8884434340472145,0.9596898276923957,0.9228832077440909,0.4158346156982999,0.273793053461983,4,46.51881339845203,6.110980549407342,1,1,1,1.0,1,1.0,0,330,cvc-colondb,unet,polypseg/runs_repeat/unet_seed42_fold0rep3/best.pth,False
0.517701948586115,0.34925631055934175,0.9939230012610863,0.350003710941899,0.09077928925599991,0.047631599509333655,4,177.43519721925213,23.30891438910149,1,2,1,1.0,0,0.0,1,331,cvc-colondb,unet,polypseg/runs_repeat/unet_seed42_fold0rep3/best.pth,False
0.7537110653937654,0.6047643082315425,0.9998084920100134,0.6048343718704394,0.2934391936114468,0.13887935221875236,4,130.98278859941826,17.206657155722166,1,2,1,1.0,1,1.0,1,332,cvc-colondb,unet,polypseg/runs_repeat/unet_seed42_fold0rep3/best.pth,False
0.9751678851556022,0.9515391555656545,0.990260360301435,0.960528550036337,0.7382147165162849,0.45234530915210097,4,8.892979913555648,1.1682333083719014,1,1,1,1.0,1,1.0,0,333,cvc-colondb,unet,polypseg/runs_repeat/unet_seed42_fold0rep3/best.pth,False
0.939801502642869,0.8864391950994193,0.9031789132986324,0.9795195954473421,0.6268422630430776,0.4799384638021023,4,82.29216244576394,10.810374713716728,1,2,1,1.0,1,1.0,1,334,cvc-colondb,unet,polypseg/runs_repeat/unet_seed42_fold0rep3/best.pth,False
0.8592772904683451,0.7532744665188068,0.9853335739625996,0.7618161691512062,0.4350220904810292,0.26645722493331325,4,113.22610122014157,14.874035937136279,1,2,1,1.0,1,1.0,1,335,cvc-colondb,unet,polypseg/runs_repeat/unet_seed42_fold0rep3/best.pth,False
0.8438682947399885,0.7299067146940704,0.9697992342418886,0.7468835354263372,0.29260404633274667,0.1641044791870792,4,102.04043278747245,13.404621796266655,1,1,1,1.0,1,1.0,0,336,cvc-colondb,unet,polypseg/runs_repeat/unet_seed42_fold0rep3/best.pth,False
0.790229131781113,0.6532056214451137,0.962393474237103,0.6703152086106767,0.2374634614726883,0.11744030988995527,4,102.36356596605616,13.447070440695295,1,1,1,1.0,1,1.0,0,337,cvc-colondb,unet,polypseg/runs_repeat/unet_seed42_fold0rep3/best.pth,False
0.9421413604345203,0.8906117747655862,0.9246441933985082,0.9603135026288679,0.3880459360185649,0.20366975194628228,4,55.89275230158448,7.342395414135629,1,2,1,1.0,1,1.0,1,338,cvc-colondb,unet,polypseg/runs_repeat/unet_seed42_fold0rep3/best.pth,False
0.8460424090187242,0.7331659461586333,0.9672623817906618,0.7518220136617265,0.2576093450817038,0.19756722897450774,4,82.0,10.77199456399025,1,2,1,1.0,1,1.0,1,339,cvc-colondb,unet,polypseg/runs_repeat/unet_seed42_fold0rep3/best.pth,False
0.9640628702288812,0.930619091181607,0.9435683364206165,0.9854674632596724,0.8557512800820107,0.48776708054229173,4,7.0,0.9195605115601433,1,1,1,1.0,1,1.0,0,34,cvc-colondb,unet,polypseg/runs_repeat/unet_seed42_fold0rep3/best.pth,False
0.8525975604518364,0.7430675855871296,0.981739445430775,0.7534816125353804,0.26692682044904403,0.2274434183915159,4,64.11395731773355,8.422380484177179,1,3,1,1.0,1,1.0,2,340,cvc-colondb,unet,polypseg/runs_repeat/unet_seed42_fold0rep3/best.pth,False
0.0,0.0,0.0,0.0,0.0,0.0,4,,,1,0,0,0.0,0,0.0,0,341,cvc-colondb,unet,polypseg/runs_repeat/unet_seed42_fold0rep3/best.pth,False
0.0,0.0,0.0,0.0,0.0,0.0,4,,,1,0,0,0.0,0,0.0,0,342,cvc-colondb,unet,polypseg/runs_repeat/unet_seed42_fold0rep3/best.pth,False
0.8800801373657687,0.7858420648917496,0.9086879432355589,0.8532186459252714,0.6957195327473468,0.4596562685303501,4,12.727922061357855,1.6720135031199805,1,1,1,1.0,1,1.0,0,343,cvc-colondb,unet,polypseg/runs_repeat/unet_seed42_fold0rep3/best.pth,False
0.7505246265800454,0.6006718039794374,0.6011469250424927,0.9986859395204112,0.3840266133841173,0.14203449894601322,4,19.09840781386617,2.5088773799004302,1,1,1,1.0,1,1.0,0,344,cvc-colondb,unet,polypseg/runs_repeat/unet_seed42_fold0rep3/best.pth,False
0.0,0.0,0.0,0.0,0.0,0.0,4,,,1,0,0,0.0,0,0.0,0,345,cvc-colondb,unet,polypseg/runs_repeat/unet_seed42_fold0rep3/best.pth,False
0.3814119459860451,0.2356448541926263,0.24861235925226718,0.8187674094564978,0.17302321078620964,0.08868090823342002,4,91.23486120488622,11.985139377383407,1,1,0,0.0,0,0.0,1,346,cvc-colondb,unet,polypseg/runs_repeat/unet_seed42_fold0rep3/best.pth,False
0.33868412715086416,0.2038649799751959,0.20671651411561584,0.9366238317620236,0.20375321476327773,0.11481822443097478,4,114.15778554264269,14.996427381737949,1,1,0,0.0,0,0.0,1,347,cvc-colondb,unet,polypseg/runs_repeat/unet_seed42_fold0rep3/best.pth,False
0.5957824902227474,0.42428077279655546,0.4334971123141669,0.9522817647992372,0.2906447031934977,0.171655987144819,4,87.7385097512631,11.525838415770874,1,1,1,1.0,0,0.0,0,348,cvc-colondb,unet,polypseg/runs_repeat/unet_seed42_fold0rep3/best.pth,False
0.3703703703652328,0.22727272726885814,0.4381358713344885,0.3207592503526968,0.08559381336992213,0.045770830185723026,4,197.44486747950833,25.93750047776877,1,5,1,1.0,0,0.0,4,349,cvc-colondb,unet,polypseg/runs_repeat/unet_seed42_fold0rep3/best.pth,False
0.9001195638579864,0.8183794658765668,0.8184857040832815,0.9998414208650498,0.2380746472392486,0.10989553990098265,4,18.0,2.3645841725832257,1,1,1,1.0,1,1.0,0,35,cvc-colondb,unet,polypseg/runs_repeat/unet_seed42_fold0rep3/best.pth,False
0.0,0.0,0.0,0.0,0.0,0.0,4,,,1,0,0,0.0,0,0.0,0,350,cvc-colondb,unet,polypseg/runs_repeat/unet_seed42_fold0rep3/best.pth,False
0.0,0.0,0.0,0.0,0.0,0.0,4,,,1,0,0,0.0,0,0.0,0,351,cvc-colondb,unet,polypseg/runs_repeat/unet_seed42_fold0rep3/best.pth,False
0.0,0.0,0.0,0.0,0.0,0.0,4,,,1,0,0,0.0,0,0.0,0,352,cvc-colondb,unet,polypseg/runs_repeat/unet_seed42_fold0rep3/best.pth,False
0.0,0.0,0.0,0.0,0.0,0.0,4,,,1,0,0,0.0,0,0.0,0,353,cvc-colondb,unet,polypseg/runs_repeat/unet_seed42_fold0rep3/best.pth,False
0.0,0.0,0.0,0.0,0.0,0.0,4,,,1,0,0,0.0,0,0.0,0,354,cvc-colondb,unet,polypseg/runs_repeat/unet_seed42_fold0rep3/best.pth,False
0.0,0.0,0.0,0.0,0.0,0.0,4,,,1,0,0,0.0,0,0.0,0,355,cvc-colondb,unet,polypseg/runs_repeat/unet_seed42_fold0rep3/best.pth,False
0.0,0.0,0.0,0.0,0.0,0.0,4,,,1,0,0,0.0,0,0.0,0,356,cvc-colondb,unet,polypseg/runs_repeat/unet_seed42_fold0rep3/best.pth,False
0.0,0.0,0.0,0.0,0.0,0.0,4,,,1,0,0,0.0,0,0.0,0,357,cvc-colondb,unet,polypseg/runs_repeat/unet_seed42_fold0rep3/best.pth,False
0.0,0.0,0.0,0.0,0.0,0.0,4,,,1,0,0,0.0,0,0.0,0,358,cvc-colondb,unet,polypseg/runs_repeat/unet_seed42_fold0rep3/best.pth,False
0.0,0.0,0.0,0.0,0.0,0.0,4,205.87131851642368,27.044447852931963,1,1,0,0.0,0,0.0,1,359,cvc-colondb,unet,polypseg/runs_repeat/unet_seed42_fold0rep3/best.pth,False
0.9701674672180445,0.9420633319839549,0.9679307843696615,0.9724145110031103,0.8529772825242725,0.6494655850323717,4,6.191569285815546,0.8133603742606591,1,1,1,1.0,1,1.0,0,36,cvc-colondb,unet,polypseg/runs_repeat/unet_seed42_fold0rep3/best.pth,False
0.0,0.0,0.0,0.0,0.0,0.0,4,,,1,0,0,0.0,0,0.0,0,360,cvc-colondb,unet,polypseg/runs_repeat/unet_seed42_fold0rep3/best.pth,False
0.0,0.0,0.0,0.0,0.0,0.0,4,,,1,0,0,0.0,0,0.0,0,361,cvc-colondb,unet,polypseg/runs_repeat/unet_seed42_fold0rep3/best.pth,False
0.0,0.0,0.0,0.0,0.0,0.0,4,,,1,0,0,0.0,0,0.0,0,362,cvc-colondb,unet,polypseg/runs_repeat/unet_seed42_fold0rep3/best.pth,False
0.8709246117363887,0.7713609036113799,0.935070671357441,0.8150144369429256,0.785068822055986,0.5526619299712267,4,26.486403519422595,3.479407252815517,1,1,1,1.0,1,1.0,0,363,cvc-colondb,unet,polypseg/runs_repeat/unet_seed42_fold0rep3/best.pth,False
0.8368250221180757,0.7194317605094005,0.891263356351626,0.7886540600448094,0.6097051418722846,0.5041950002002413,4,19.749650355783576,2.594428369185473,1,1,1,1.0,1,1.0,0,364,cvc-colondb,unet,polypseg/runs_repeat/unet_seed42_fold0rep3/best.pth,False
0.8423153692485442,0.7275862068772524,0.8897178073016634,0.7997084547871806,0.6978211041059034,0.3688199212871166,4,20.181036702602583,2.6510977762941796,1,1,1,1.0,1,1.0,0,365,cvc-colondb,unet,polypseg/runs_repeat/unet_seed42_fold0rep3/best.pth,False
0.2975815556462203,0.17479930191850052,0.1847970479691159,0.7636474534686293,0.2798402723595012,0.1749323318737431,4,247.83238681625238,32.55669662884633,1,2,1,1.0,1,1.0,1,366,cvc-colondb,unet,polypseg/runs_repeat/unet_seed42_fold0rep3/best.pth,False
0.7885050048306668,0.650852878447472,0.8815884476216034,0.7132009345586098,0.36589557993760535,0.21288371079665802,4,16.087160847617966,2.113302551226555,1,1,1,1.0,1,1.0,0,367,cvc-colondb,unet,polypseg/runs_repeat/unet_seed42_fold0rep3/best.pth,False
0.8557142856990051,0.7478152309379583,0.8950317519277164,0.819705781703055,0.6045750314287957,0.4426423349602015,4,13.0,1.7077552357545518,1,1,1,1.0,1,1.0,0,368,cvc-colondb,unet,polypseg/runs_repeat/unet_seed42_fold0rep3/best.pth,False
0.8364766839204876,0.7189169932055961,0.8454126518288474,0.8277276455772057,0.5557500963735688,0.19736837108727026,4,10.28283264578931,1.3508124068641942,1,1,1,1.0,1,1.0,0,369,cvc-colondb,unet,polypseg/runs_repeat/unet_seed42_fold0rep3/best.pth,False
0.9138105275289065,0.8412993779528879,0.8664038545725667,0.9667053576824075,0.27890298967745153,0.09872711303407036,4,10.0,1.3136578736573477,1,1,1,1.0,1,1.0,0,37,cvc-colondb,unet,polypseg/runs_repeat/unet_seed42_fold0rep3/best.pth,False
0.032159930463617564,0.01634275618302373,0.9999999972972973,0.01634275618302373,0.007721991538621594,0.0,4,45.921073674084724,6.032457999876055,1,0,0,0.0,0,0.0,0,370,cvc-colondb,unet,polypseg/runs_repeat/unet_seed42_fold0rep3/best.pth,False
0.0,0.0,0.0,0.0,0.0,0.0,4,,,1,0,0,0.0,0,0.0,0,371,cvc-colondb,unet,polypseg/runs_repeat/unet_seed42_fold0rep3/best.pth,False
0.0,0.0,0.0,0.0,0.0,0.0,4,,,1,0,0,0.0,0,0.0,0,372,cvc-colondb,unet,polypseg/runs_repeat/unet_seed42_fold0rep3/best.pth,False
0.0,0.0,0.0,0.0,0.0,0.0,4,,,1,0,0,0.0,0,0.0,0,373,cvc-colondb,unet,polypseg/runs_repeat/unet_seed42_fold0rep3/best.pth,False
0.0,0.0,0.0,0.0,0.0,0.0,4,,,1,0,0,0.0,0,0.0,0,374,cvc-colondb,unet,polypseg/runs_repeat/unet_seed42_fold0rep3/best.pth,False
0.0,0.0,0.0,0.0,0.0,0.0,4,,,1,0,0,0.0,0,0.0,0,375,cvc-colondb,unet,polypseg/runs_repeat/unet_seed42_fold0rep3/best.pth,False
0.0,0.0,0.0,0.0,0.0,0.0,4,,,1,0,0,0.0,0,0.0,0,376,cvc-colondb,unet,polypseg/runs_repeat/unet_seed42_fold0rep3/best.pth,False
0.0,0.0,0.0,0.0,0.0,0.0,4,,,1,0,0,0.0,0,0.0,0,377,cvc-colondb,unet,polypseg/runs_repeat/unet_seed42_fold0rep3/best.pth,False
0.0,0.0,0.0,0.0,0.0,0.0,4,,,1,0,0,0.0,0,0.0,0,378,cvc-colondb,unet,polypseg/runs_repeat/unet_seed42_fold0rep3/best.pth,False
0.0,0.0,0.0,0.0,0.0,0.0,4,,,1,0,0,0.0,0,0.0,0,379,cvc-colondb,unet,polypseg/runs_repeat/unet_seed42_fold0rep3/best.pth,False
0.923086386842209,0.857159177452943,0.8600412654712668,0.9961056777404252,0.41741783824719586,0.2723038052991531,4,16.977922061357855,2.230318099424353,1,1,1,1.0,1,1.0,0,38,cvc-colondb,unet,polypseg/runs_repeat/unet_seed42_fold0rep3/best.pth,False
0.0,0.0,0.0,0.0,0.0,0.0,4,257.5021965584024,33.82697879930072,1,4,0,0.0,0,0.0,4,380,cvc-colondb,unet,polypseg/runs_repeat/unet_seed42_fold0rep3/best.pth,False
0.795466254499789,0.6603934987055536,0.6603934987055536,0.9999999999740933,0.13559059683554706,0.028753944039526504,4,11.648896312755637,1.5302664360669487,1,1,1,1.0,1,1.0,0,39,cvc-colondb,unet,polypseg/runs_repeat/unet_seed42_fold0rep3/best.pth,False
0.47898659562876134,0.31491280369535357,0.33172397550505683,0.8613800835708757,0.08224072227595719,0.030642991024343754,4,364.56362601812623,47.891187776778416,1,2,1,1.0,1,1.0,1,4,cvc-colondb,unet,polypseg/runs_repeat/unet_seed42_fold0rep3/best.pth,False
0.8890384714912802,0.8002423564429507,0.8083804143050057,0.9875762107329163,0.34198499379435504,0.08671708698080616,4,9.0,1.1822920862916129,1,1,1,1.0,1,1.0,0,40,cvc-colondb,unet,polypseg/runs_repeat/unet_seed42_fold0rep3/best.pth,False
0.8725416255678334,0.7739014098922105,0.7740607308206477,0.9997341132544572,0.35115006307803387,0.16409741407442094,4,13.0,1.7077552357545518,1,1,1,1.0,1,1.0,0,41,cvc-colondb,unet,polypseg/runs_repeat/unet_seed42_fold0rep3/best.pth,False
0.8701424870395875,0.7701347090746613,0.7724593934055993,0.9961075069324169,0.49046316527705075,0.17573197585050637,4,13.237869369738096,1.7390031328003879,1,1,1,1.0,1,1.0,0,42,cvc-colondb,unet,polypseg/runs_repeat/unet_seed42_fold0rep3/best.pth,False
0.8994104642538724,0.8172079008947973,0.8184866435585281,0.998091863145726,0.5319764758755707,0.26830300867115425,4,10.295630140987,1.352493559897148,1,1,1,1.0,1,1.0,0,43,cvc-colondb,unet,polypseg/runs_repeat/unet_seed42_fold0rep3/best.pth,False
0.8288411547293906,0.7077102803572966,0.7077102803572966,0.9999999999669859,0.3008148510823482,0.1438988319604148,4,9.027606831102853,1.1859186793961118,1,1,1,1.0,1,1.0,0,44,cvc-colondb,unet,polypseg/runs_repeat/unet_seed42_fold0rep3/best.pth,False
0.8761806184462148,0.7796454063951213,0.7872587770224966,0.9877479579833941,0.3813471111304194,0.21956082831543638,4,15.265973573388976,2.005426638372742,1,1,1,1.0,1,1.0,0,45,cvc-colondb,unet,polypseg/runs_repeat/unet_seed42_fold0rep3/best.pth,False
0.8148385443310171,0.6875337874290459,0.6898459535616202,0.9951486697809836,0.2084237450897767,0.11527297202972672,4,27.56715324635112,3.6213807916387855,1,1,1,1.0,1,1.0,0,46,cvc-colondb,unet,polypseg/runs_repeat/unet_seed42_fold0rep3/best.pth,False
0.8815016226569466,0.7881116687454813,0.7899701304702096,0.9970238095040274,0.5299076176333603,0.3914164922212501,4,11.62288135888571,1.5268489611685425,1,1,1,1.0,1,1.0,0,47,cvc-colondb,unet,polypseg/runs_repeat/unet_seed42_fold0rep3/best.pth,False
0.8789226432766745,0.7839982120819756,0.7864589171529373,0.9960249857893807,0.2125537559272581,0.0887033155649633,4,9.848857801796104,1.2938029597861047,1,1,1,1.0,1,1.0,0,48,cvc-colondb,unet,polypseg/runs_repeat/unet_seed42_fold0rep3/best.pth,False
0.9305600781466519,0.8701377787860992,0.8704028020949486,0.999650196755578,0.5039574879458137,0.33210883198866575,4,7.97405492296138,1.0475180034524352,1,1,1,1.0,1,1.0,0,49,cvc-colondb,unet,polypseg/runs_repeat/unet_seed42_fold0rep3/best.pth,False
0.7695139911594282,0.6253740275230796,0.6497024602482484,0.9435057397014897,0.4630961384100329,0.303630658311019,4,273.99561083305616,35.99364915183987,1,4,1,1.0,1,1.0,3,5,cvc-colondb,unet,polypseg/runs_repeat/unet_seed42_fold0rep3/best.pth,False
0.7421236872703891,0.589981447110622,0.589981447110622,0.9999999999606919,0.18256147852652535,0.024169134914897188,4,17.016162501259522,2.235341584921248,1,1,1,1.0,1,1.0,0,50,cvc-colondb,unet,polypseg/runs_repeat/unet_seed42_fold0rep3/best.pth,False
0.8170302603656399,0.6906603212168156,0.6968787514796856,0.987244897917209,0.46021116532888007,0.3281762276938126,4,14.420652683128358,1.8943803940469521,1,1,1,1.0,1,1.0,0,51,cvc-colondb,unet,polypseg/runs_repeat/unet_seed42_fold0rep3/best.pth,False
0.8855646970763981,0.7946308724725553,0.7946308724725553,0.9999999999831082,0.4787710667702627,0.15469608285462969,4,12.002079728939615,1.5766626536184767,1,1,1,1.0,1,1.0,0,52,cvc-colondb,unet,polypseg/runs_repeat/unet_seed42_fold0rep3/best.pth,False
0.7686609686536688,0.6242480333082794,0.6242480333082794,0.9999999999752903,0.0,0.0,4,17.0,2.2332183852174907,1,1,1,1.0,1,1.0,0,53,cvc-colondb,unet,polypseg/runs_repeat/unet_seed42_fold0rep3/best.pth,False
0.8603961343329787,0.7549958018345089,0.7549958018345089,0.999999999977758,0.3190221722222316,0.13203767516244028,4,9.794554078602447,1.2866693084318792,1,1,1,1.0,1,1.0,0,54,cvc-colondb,unet,polypseg/runs_repeat/unet_seed42_fold0rep3/best.pth,False
0.8497784937461434,0.7387955181900375,0.7530335474481791,0.9750462106908488,0.40043285050880484,0.3040387076294639,4,9.433981132056603,1.2393023594061015,1,1,1,1.0,1,1.0,0,55,cvc-colondb,unet,polypseg/runs_repeat/unet_seed42_fold0rep3/best.pth,False
0.0,0.0,0.0,0.0,0.0,0.0,4,,,1,0,0,0.0,0,0.0,0,56,cvc-colondb,unet,polypseg/runs_repeat/unet_seed42_fold0rep3/best.pth,False
0.9120772946815842,0.8383658969730162,0.8428571428496173,0.9936842105158559,0.49369166695082456,0.29413563890447564,4,12.206555615733702,1.6035237894844891,1,1,1,1.0,1,1.0,0,57,cvc-colondb,unet,polypseg/runs_repeat/unet_seed42_fold0rep3/best.pth,False
0.9073024611362237,0.8303326665123336,0.8428850782126738,0.9823807854051333,0.32844046577338076,0.18216369269624502,4,10.295630140987,1.352493559897148,1,1,1,1.0,1,1.0,0,58,cvc-colondb,unet,polypseg/runs_repeat/unet_seed42_fold0rep3/best.pth,False
0.8977990625591105,0.8145511694479564,0.8236118900652121,0.9866741321278087,0.4186499152615484,0.2333623629046487,4,12.0,1.576389448388817,1,1,1,1.0,1,1.0,0,59,cvc-colondb,unet,polypseg/runs_repeat/unet_seed42_fold0rep3/best.pth,False
0.9341970678406563,0.8765195137415784,0.8827319587486674,0.9920347574041992,0.8230173197333401,0.5415295924851243,4,6.726347126467679,0.883611886363674,1,1,1,1.0,1,1.0,0,6,cvc-colondb,unet,polypseg/runs_repeat/unet_seed42_fold0rep3/best.pth,False
0.825489244696543,0.7028366840993826,0.7028366840993826,0.9999999999804076,0.1880877243187601,0.0195530230253123,4,13.101402705563627,1.7210760820119335,1,1,1,1.0,1,1.0,0,60,cvc-colondb,unet,polypseg/runs_repeat/unet_seed42_fold0rep3/best.pth,False
0.7579905573833837,0.6102937154700525,0.6187545056251386,0.9780855539886212,0.38137546570698205,0.2372757685371621,4,319.4238561425376,41.96136636556364,1,3,1,1.0,1,1.0,2,61,cvc-colondb,unet,polypseg/runs_repeat/unet_seed42_fold0rep3/best.pth,False
0.9433604515279412,0.8927930559594107,0.8963277960473085,0.9956022989017483,0.49509377286915185,0.26938446394096893,4,24.0,3.152778896777634,1,1,1,1.0,1,1.0,0,62,cvc-colondb,unet,polypseg/runs_repeat/unet_seed42_fold0rep3/best.pth,False
0.911370385555707,0.8371721414366718,0.8396254492986569,0.9965219281533707,0.33502423963334377,0.2127576043573111,4,228.13034927472003,29.96852295449367,1,3,1,1.0,1,1.0,2,63,cvc-colondb,unet,polypseg/runs_repeat/unet_seed42_fold0rep3/best.pth,False
0.9198357791244586,0.8515703087988543,0.8596197758991566,0.9891234609361488,0.2360993283455216,0.08920505727004664,4,18.392923201410564,2.4162008383107896,1,1,1,1.0,1,1.0,0,64,cvc-colondb,unet,polypseg/runs_repeat/unet_seed42_fold0rep3/best.pth,False
0.8976346467335707,0.8142805323786537,0.8271122070095311,0.9813040115640025,0.34351429264321637,0.20981348614198245,4,26.14450427126109,3.4344933888810285,1,1,1,1.0,1,1.0,0,65,cvc-colondb,unet,polypseg/runs_repeat/unet_seed42_fold0rep3/best.pth,False
0.9179124399338897,0.8482792648293727,0.8491870755264491,0.998741346754133,0.39058088035649224,0.2551052776288745,4,13.601470508735444,1.7867678827118525,1,1,1,1.0,1,1.0,0,66,cvc-colondb,unet,polypseg/runs_repeat/unet_seed42_fold0rep3/best.pth,False
0.9191466947565995,0.850389863543614,0.8506800565453582,0.999599014716162,0.4451563225966153,0.23665589188304859,4,12.806248474865697,1.682302914101972,1,1,1,1.0,1,1.0,0,67,cvc-colondb,unet,polypseg/runs_repeat/unet_seed42_fold0rep3/best.pth,False
0.6532350532335246,0.4850401362182123,0.48596894366518356,0.9960750731392558,0.37196596173255236,0.26132540790247694,4,88.1036310303079,11.573802860076578,1,1,1,1.0,0,0.0,0,68,cvc-colondb,unet,polypseg/runs_repeat/unet_seed42_fold0rep3/best.pth,False
0.9017788089664027,0.8211267605551194,0.8724746124973546,0.9331199268213888,0.5159855781599019,0.33524435348062287,4,12.206555615733702,1.6035237894844891,1,1,1,1.0,1,1.0,0,69,cvc-colondb,unet,polypseg/runs_repeat/unet_seed42_fold0rep3/best.pth,False
0.9530649741026134,0.9103382258948575,0.9161849710835551,0.99303863555529,0.9844017453115647,0.6137110921139954,4,3.605551275463989,0.4736460821888561,1,1,1,1.0,1,1.0,0,7,cvc-colondb,unet,polypseg/runs_repeat/unet_seed42_fold0rep3/best.pth,False
0.8521111354096246,0.7423289498619721,0.888052895556588,0.8189655172241597,0.539980668934443,0.3542304770012848,4,17.089469254534492,2.2449715842844395,1,1,1,1.0,1,1.0,0,70,cvc-colondb,unet,polypseg/runs_repeat/unet_seed42_fold0rep3/best.pth,False
0.40762962299267813,0.25598920256151175,0.38780030668959276,0.42959607398207633,0.28931484609682545,0.1430617840036684,4,294.7352199306142,38.718124230598136,1,2,1,1.0,0,0.0,1,71,cvc-colondb,unet,polypseg/runs_repeat/unet_seed42_fold0rep3/best.pth,False
0.9380494576098263,0.8833268783859949,0.8887770344843515,0.9931057004935117,0.5052845419840696,0.3124691568978611,4,14.0,1.8391210231202866,1,1,1,1.0,1,1.0,0,72,cvc-colondb,unet,polypseg/runs_repeat/unet_seed42_fold0rep3/best.pth,False
0.914278790813248,0.8420935163439232,0.8465335427370062,0.9938100882326234,0.5708042118112994,0.360899681467767,4,18.949999999999932,2.4893816705806646,1,1,1,1.0,1,1.0,0,73,cvc-colondb,unet,polypseg/runs_repeat/unet_seed42_fold0rep3/best.pth,False
0.880324074063885,0.7862311349847793,0.9197097944154847,0.8441731409357565,0.7565299792421158,0.4538216065948787,4,27.83323108288246,3.6563343161352964,1,1,1,1.0,1,1.0,0,74,cvc-colondb,unet,polypseg/runs_repeat/unet_seed42_fold0rep3/best.pth,False
0.7902240325847292,0.653198653196154,0.9533701904230001,0.6747559384977876,0.25031495375731494,0.11135921379854269,4,53.74011537017761,7.059612568728806,1,1,1,1.0,1,1.0,0,75,cvc-colondb,unet,polypseg/runs_repeat/unet_seed42_fold0rep3/best.pth,False
0.9532851703579194,0.9107401016606317,0.9418374728674134,0.9650145772547066,0.7037115088561281,0.43889474277415896,4,10.63014581273465,1.3964374745024557,1,1,1,1.0,1,1.0,0,76,cvc-colondb,unet,polypseg/runs_repeat/unet_seed42_fold0rep3/best.pth,False
0.8600901658068305,0.7545247352090827,0.8920589633715001,0.8303334316785138,0.5915327821089974,0.24971516117531292,4,19.917188282703563,2.61643712086894,1,1,1,1.0,1,1.0,0,77,cvc-colondb,unet,polypseg/runs_repeat/unet_seed42_fold0rep3/best.pth,False
0.7526448362666236,0.6033925686521648,0.8810446503642622,0.6569095477304409,0.3702907456218574,0.17918599692294504,4,50.695167422546305,6.659610584100541,1,1,1,1.0,1,1.0,0,78,cvc-colondb,unet,polypseg/runs_repeat/unet_seed42_fold0rep3/best.pth,False
0.7932179274271612,0.6573000589377619,0.9040540540296202,0.7065906210243644,0.6155609194387779,0.32284763345861867,4,36.05603044918181,4.736528829239676,1,1,1,1.0,1,1.0,0,79,cvc-colondb,unet,polypseg/runs_repeat/unet_seed42_fold0rep3/best.pth,False
0.8860057119470746,0.795341341916271,0.8414445133161587,0.935550577271488,0.5272358719852923,0.43200174538435837,4,12.0,1.576389448388817,1,1,1,1.0,1,1.0,0,8,cvc-colondb,unet,polypseg/runs_repeat/unet_seed42_fold0rep3/best.pth,False
0.7949409780641663,0.6596697452936001,0.7789160607806043,0.8116391184293513,0.4032709602034401,0.2084632017970665,4,18.383415482842015,2.4149518493749804,1,1,1,1.0,1,1.0,0,80,cvc-colondb,unet,polypseg/runs_repeat/unet_seed42_fold0rep3/best.pth,False
0.6935323382969564,0.5308453922180542,0.6749515816438041,0.713165075009783,0.3667442950214949,0.06808505662455223,4,145.6365177027148,19.131655817220896,1,2,1,1.0,1,1.0,1,81,cvc-colondb,unet,polypseg/runs_repeat/unet_seed42_fold0rep3/best.pth,False
0.8055464926459128,0.6744059000088937,0.8148514851216221,0.7964516128775339,0.4661950484132577,0.16270578922846463,4,17.0381795346327,2.238233869845773,1,1,1,1.0,1,1.0,0,82,cvc-colondb,unet,polypseg/runs_repeat/unet_seed42_fold0rep3/best.pth,False
0.7980959936374833,0.664026402618349,0.6657842488197954,0.9960396039110871,0.3692848270321078,0.17372876391842842,4,8.94427190999916,1.1749713218702638,1,1,1,1.0,1,1.0,0,83,cvc-colondb,unet,polypseg/runs_repeat/unet_seed42_fold0rep3/best.pth,False
0.8071808510504126,0.6767001114638601,0.8010557571494208,0.8134003349811256,0.46935563408376557,0.10608864367870195,4,18.984077084613467,2.4938582336320505,1,1,1,1.0,1,1.0,0,84,cvc-colondb,unet,polypseg/runs_repeat/unet_seed42_fold0rep3/best.pth,False
0.8606587042913381,0.75540025410561,0.8171821305561107,0.9090214066930803,0.6800862190015856,0.351068549661148,4,10.770329614269007,1.4148528299669385,1,1,1,1.0,1,1.0,0,85,cvc-colondb,unet,polypseg/runs_repeat/unet_seed42_fold0rep3/best.pth,False
0.8120918081580129,0.6836317938836434,0.8152866241732751,0.8089219330554305,0.5076832304801093,0.33119761233995226,4,17.57935737411634,2.3093261228344284,1,1,1,1.0,1,1.0,0,86,cvc-colondb,unet,polypseg/runs_repeat/unet_seed42_fold0rep3/best.pth,False
0.8258164852094515,0.7033112582548573,0.7831858406790861,0.8733552631219837,0.40281578682689856,0.10499995084502303,4,8.54400374531753,1.1223897792594242,1,1,1,1.0,1,1.0,0,87,cvc-colondb,unet,polypseg/runs_repeat/unet_seed42_fold0rep3/best.pth,False
0.8389276863969605,0.7225455956258229,0.7681518151498288,0.924069478862329,0.5512793342755818,0.15941399580587637,4,6.336340657901171,0.8323783795427051,1,1,1,1.0,1,1.0,0,88,cvc-colondb,unet,polypseg/runs_repeat/unet_seed42_fold0rep3/best.pth,False
0.8150503444405127,0.6878354203627981,0.7323809523460771,0.9187574670896799,0.5107980721156982,0.28373048115207733,4,9.0,1.1822920862916129,1,1,1,1.0,1,1.0,0,89,cvc-colondb,unet,polypseg/runs_repeat/unet_seed42_fold0rep3/best.pth,False
0.9276641058726123,0.8650872464056591,0.8771576524614908,0.9843422114449663,0.7078701764945453,0.40743216874453975,4,6.751973342624457,0.8869782944263137,1,1,1,1.0,1,1.0,0,9,cvc-colondb,unet,polypseg/runs_repeat/unet_seed42_fold0rep3/best.pth,False
0.831430230291631,0.7114938721195265,0.8023907358684202,0.862650602374994,0.46179675946312126,0.2608759599780277,4,9.486832980505138,1.2462452840912777,1,1,1,1.0,1,1.0,0,90,cvc-colondb,unet,polypseg/runs_repeat/unet_seed42_fold0rep3/best.pth,False
0.72627097418667,0.5701926857817463,0.5706414797099315,0.9986225894629047,0.2885957607782354,0.14314548149527248,4,13.45362404707371,1.7673459158664209,1,1,1,1.0,1,1.0,0,91,cvc-colondb,unet,polypseg/runs_repeat/unet_seed42_fold0rep3/best.pth,False
0.8545506095589864,0.7460396039234634,0.8490140844592104,0.8601598173025022,0.6810847423103426,0.3702241369293137,4,6.6929499477460395,0.8792246396851118,1,1,1,1.0,1,1.0,0,92,cvc-colondb,unet,polypseg/runs_repeat/unet_seed42_fold0rep3/best.pth,False
0.8916577435910478,0.8044967503810909,0.91599999998168,0.8685757633061146,0.6060457067325628,0.38158113328848253,4,12.599249377467327,1.6551103146882389,1,1,1,1.0,1,1.0,0,93,cvc-colondb,unet,polypseg/runs_repeat/unet_seed42_fold0rep3/best.pth,False
0.7914032869642152,0.6548117154616016,0.7744786143239846,0.8090841949479659,0.3885220426818905,0.1499011142608378,4,14.866068747318506,1.9528928260246379,1,1,1,1.0,1,1.0,0,94,cvc-colondb,unet,polypseg/runs_repeat/unet_seed42_fold0rep3/best.pth,False
0.9066154970677393,0.8291826842582454,0.9036429872330849,0.9096076274127318,0.7539744092525426,0.3534549729341718,4,11.544836497275954,1.516596536473327,1,1,1,1.0,1,1.0,0,95,cvc-colondb,unet,polypseg/runs_repeat/unet_seed42_fold0rep3/best.pth,False
0.8695927243901178,0.7692738211729498,0.9665963431616281,0.7902831680208383,0.5309608254350044,0.3299438827436343,4,17.0,2.2332183852174907,1,1,1,1.0,1,1.0,0,96,cvc-colondb,unet,polypseg/runs_repeat/unet_seed42_fold0rep3/best.pth,False
0.91237948979684,0.8388766865259041,0.8790070688660364,0.9483859524485919,0.6725192699451518,0.28222498757441955,4,7.08151991573623,0.9302694394768215,1,1,1,1.0,1,1.0,0,97,cvc-colondb,unet,polypseg/runs_repeat/unet_seed42_fold0rep3/best.pth,False
0.9401563001786384,0.8870707070647335,0.8951481380749174,0.9899301119637037,0.7137670593345741,0.4982861493999518,4,10.0,1.3136578736573477,1,1,1,1.0,1,1.0,0,98,cvc-colondb,unet,polypseg/runs_repeat/unet_seed42_fold0rep3/best.pth,False
0.9362401679330882,0.8801236329011881,0.884201977734275,0.9947866279641255,0.5907743653776645,0.3855008607524767,4,9.899494936611665,1.300454946871096,1,1,1,1.0,1,1.0,0,99,cvc-colondb,unet,polypseg/runs_repeat/unet_seed42_fold0rep3/best.pth,False
0.8793804961242535,0.7847271023597663,0.8139629059624689,0.9562321598386656,0.6752198058469369,0.20835286752326582,8,14.769885344587651,0.9467523151973334,1,1,1,1.0,1,1.0,0,1,etis-larib,unet,polypseg/runs_repeat/unet_seed42_fold0rep3/best.pth,False
0.17787871983956727,0.09762177840538998,0.09762177840538998,0.9999999999902902,0.11729645538847468,0.009963995739644078,8,384.77545114558984,24.664175835100625,1,2,0,0.0,0,0.0,2,10,etis-larib,unet,polypseg/runs_repeat/unet_seed42_fold0rep3/best.pth,False
0.0,0.0,0.0,0.0,0.0,0.0,8,,,1,0,0,0.0,0,0.0,0,100,etis-larib,unet,polypseg/runs_repeat/unet_seed42_fold0rep3/best.pth,False
0.0,0.0,0.0,0.0,0.0,0.0,8,360.7020929223978,23.121069229961428,1,2,0,0.0,0,0.0,2,101,etis-larib,unet,polypseg/runs_repeat/unet_seed42_fold0rep3/best.pth,False
0.0,0.0,0.0,0.0,0.0,0.0,8,,,1,0,0,0.0,0,0.0,0,102,etis-larib,unet,polypseg/runs_repeat/unet_seed42_fold0rep3/best.pth,False
0.0,0.0,0.0,0.0,0.0,0.0,8,,,1,0,0,0.0,0,0.0,0,103,etis-larib,unet,polypseg/runs_repeat/unet_seed42_fold0rep3/best.pth,False
0.0,0.0,0.0,0.0,0.0,0.0,8,,,1,0,0,0.0,0,0.0,0,104,etis-larib,unet,polypseg/runs_repeat/unet_seed42_fold0rep3/best.pth,False
0.7981999778612611,0.6641703803938812,0.6661573883254458,0.995529076928555,0.38001535006521464,0.14292773820642932,8,236.57979626333267,15.164807621428212,1,1,1,1.0,1,1.0,0,105,etis-larib,unet,polypseg/runs_repeat/unet_seed42_fold0rep3/best.pth,False
0.8098124911881497,0.6804074863771472,0.6815475334383133,0.9975476007525629,0.5469796812515808,0.07016040512827991,8,241.5731772583633,15.484884244056833,1,1,1,1.0,1,1.0,0,106,etis-larib,unet,polypseg/runs_repeat/unet_seed42_fold0rep3/best.pth,False
0.7856586458032914,0.6469833569350913,0.6472737729518949,0.9993069918019304,0.3635689101208176,0.05294615217554587,8,233.0205982266709,14.936662385169477,1,1,1,1.0,1,1.0,0,107,etis-larib,unet,polypseg/runs_repeat/unet_seed42_fold0rep3/best.pth,False
0.7285368174129287,0.5729908874990469,0.5731020022297395,0.9996617443410889,0.17450068179633088,0.0685682498966303,8,228.0422109871052,14.617546864971155,1,1,1,1.0,1,1.0,0,108,etis-larib,unet,polypseg/runs_repeat/unet_seed42_fold0rep3/best.pth,False
0.7953053818234562,0.6601717728491645,0.661000270959726,0.9981050002142662,0.42147314845252587,0.08858063668659563,8,235.84232014051153,15.117535268908595,1,1,1,1.0,1,1.0,0,109,etis-larib,unet,polypseg/runs_repeat/unet_seed42_fold0rep3/best.pth,False
0.038310564934666134,0.019529373125970986,0.019531036160694768,0.9956589147132456,0.06284268300508401,0.04783631898818122,8,609.7862329091809,39.08740753994966,1,5,0,0.0,0,0.0,5,11,etis-larib,unet,polypseg/runs_repeat/unet_seed42_fold0rep3/best.pth,False
0.9291836468305524,0.8677338967417852,0.8677338967417852,0.9999999999968784,0.6728185156646894,0.022274861309263577,8,12.179885754894476,0.7807328742406904,1,1,1,1.0,1,1.0,0,110,etis-larib,unet,polypseg/runs_repeat/unet_seed42_fold0rep3/best.pth,False
0.7990196591840977,0.6653061936395003,0.6653061936395003,0.9999999999973783,0.4208060222452131,0.10787058516918734,8,124.21388986480768,7.962132749545486,1,1,1,1.0,1,1.0,0,111,etis-larib,unet,polypseg/runs_repeat/unet_seed42_fold0rep3/best.pth,False
0.9155945419081004,0.8443285996726392,0.8458871730185679,0.9978225078283615,0.6472872546806169,0.2337354598304103,8,18.39961457992118,1.1794186140153358,1,1,1,1.0,1,1.0,0,112,etis-larib,unet,polypseg/runs_repeat/unet_seed42_fold0rep3/best.pth,False
0.941620774149421,0.8896818372381378,0.8925507056730103,0.9964002128564591,0.571614700072831,0.19705045006341615,8,374.6811978202269,24.017132375858218,1,2,1,1.0,1,1.0,1,113,etis-larib,unet,polypseg/runs_repeat/unet_seed42_fold0rep3/best.pth,False
0.9695561704852126,0.9409112294279588,0.9496433994814603,0.9903219163973455,0.6220179204274702,0.16909369631157375,8,15.877402395547215,1.0177443579690617,1,1,1,1.0,1,1.0,0,114,etis-larib,unet,polypseg/runs_repeat/unet_seed42_fold0rep3/best.pth,False
0.9713387885413046,0.9442747308065553,0.9547700944920755,0.9884926908883046,0.6775695905494254,0.2070115824725842,8,16.0,1.0256028865321054,1,1,1,1.0,1,1.0,0,115,etis-larib,unet,polypseg/runs_repeat/unet_seed42_fold0rep3/best.pth,False
0.9694819930052647,0.9407715211425874,0.9483417190407395,0.9915862671565909,0.5610270951250654,0.24572559612391093,8,24.020824298928627,1.5397391711163586,1,1,1,1.0,1,1.0,0,116,etis-larib,unet,polypseg/runs_repeat/unet_seed42_fold0rep3/best.pth,False
0.8819315407874991,0.7887992309600413,0.7918246014316181,0.9951795836347404,0.5611623724161203,0.22829749871837374,8,404.28745464580504,25.914898779590953,1,2,1,1.0,1,1.0,1,117,etis-larib,unet,polypseg/runs_repeat/unet_seed42_fold0rep3/best.pth,False
0.8715346699208705,0.7723185167414556,0.7764615794658497,0.9931385652669665,0.5661101142796313,0.19966472909803434,8,376.0,24.101667833504475,1,2,1,1.0,1,1.0,1,118,etis-larib,unet,polypseg/runs_repeat/unet_seed42_fold0rep3/best.pth,False
0.9658716929998125,0.9339959910793133,0.940981313517237,0.9921146259627475,0.5728001632295862,0.1719922473065926,8,26.1725046566048,1.6776622702243034,1,1,1,1.0,1,1.0,0,119,etis-larib,unet,polypseg/runs_repeat/unet_seed42_fold0rep3/best.pth,False
0.3053631824766023,0.18019387949027976,0.18019387949027976,0.9999999999904103,0.03228226420882557,0.0,8,400.9709383654821,25.70230948769533,1,4,0,0.0,0,0.0,4,12,etis-larib,unet,polypseg/runs_repeat/unet_seed42_fold0rep3/best.pth,False
0.9681144960403101,0.9381995311740796,0.9590005315434043,0.9774033537329637,0.6356813988189726,0.2064551357053079,8,22.13932660567843,1.4191348295413022,1,1,1,1.0,1,1.0,0,120,etis-larib,unet,polypseg/runs_repeat/unet_seed42_fold0rep3/best.pth,False
0.778851135149234,0.6378019564751557,0.6400060099131567,0.9946295143135536,0.46733516570457273,0.12062784188470699,8,36.359317925395686,2.330638838539021,1,1,1,1.0,1,1.0,0,121,etis-larib,unet,polypseg/runs_repeat/unet_seed42_fold0rep3/best.pth,False
0.8415001808865961,0.7263705759838558,0.7495166487594019,0.9592192082023532,0.6830215544151798,0.14026274838299826,8,26.076809620810597,1.67152820116572,1,1,1,1.0,1,1.0,0,122,etis-larib,unet,polypseg/runs_repeat/unet_seed42_fold0rep3/best.pth,False
0.7673676812414587,0.6225438596436619,0.6229810393203741,0.9988740323575106,0.3478806139683275,0.15324290231926527,8,25.743698020436227,1.65017568748564,1,1,1,1.0,1,1.0,0,123,etis-larib,unet,polypseg/runs_repeat/unet_seed42_fold0rep3/best.pth,False
0.9644659960987695,0.9313706671777825,0.9316016415598573,0.9997338690283646,0.5057358311340502,0.25345580761278513,8,105.60473484442535,6.769282555493765,1,1,1,1.0,1,1.0,0,124,etis-larib,unet,polypseg/runs_repeat/unet_seed42_fold0rep3/best.pth,False
0.967302669366233,0.9366758687878072,0.9408775793157648,0.9952549801131944,0.5892833758937269,0.2185598623856865,8,100.0199980003999,6.411299916259097,1,1,1,1.0,1,1.0,0,125,etis-larib,unet,polypseg/runs_repeat/unet_seed42_fold0rep3/best.pth,False
0.7990973201669983,0.6654138870587926,0.6713750770219871,0.9868320211733655,0.32528803839509873,0.11849150062365663,8,30.4138126514911,1.9495308778634959,1,1,1,1.0,1,1.0,0,126,etis-larib,unet,polypseg/runs_repeat/unet_seed42_fold0rep3/best.pth,False
0.8828762045927246,0.7903118778978745,0.7908891692622957,0.9990772586108625,0.5955701899210009,0.19556228957962532,8,17.204650534085253,1.1028212030958728,1,1,1,1.0,1,1.0,0,127,etis-larib,unet,polypseg/runs_repeat/unet_seed42_fold0rep3/best.pth,False
0.8121065375263335,0.6836526701941813,0.6836526701941813,0.9999999999880739,0.4533422492431839,0.06441404058595185,8,19.209372712298546,1.2313242563877778,1,1,1,1.0,1,1.0,0,128,etis-larib,unet,polypseg/runs_repeat/unet_seed42_fold0rep3/best.pth,False
0.8162535860376416,0.6895510528352041,0.6898799586557764,0.999309074147866,0.48606332785192563,0.20462539575835637,8,21.02379604162864,1.3476291191347864,1,1,1,1.0,1,1.0,0,129,etis-larib,unet,polypseg/runs_repeat/unet_seed42_fold0rep3/best.pth,False
0.8388322118510245,0.7224039629864448,0.9514176685391771,0.7500727849116876,0.5088520351560272,0.21060205769003376,8,131.2320453718423,8.411997783679604,1,1,1,1.0,1,1.0,0,13,etis-larib,unet,polypseg/runs_repeat/unet_seed42_fold0rep3/best.pth,False
0.8523209980450334,0.7426475491781084,0.7426475491781084,0.9999999999910201,0.5693636312665833,0.2859161279814565,8,20.024984394500787,1.2836051123600232,1,1,1,1.0,1,1.0,0,130,etis-larib,unet,polypseg/runs_repeat/unet_seed42_fold0rep3/best.pth,False
0.8622265875831581,0.7578192443006985,0.7578192443006985,0.9999999999912372,0.49661377355903696,0.0,8,16.01492097808277,1.0265593239190787,1,1,1,1.0,1,1.0,0,131,etis-larib,unet,polypseg/runs_repeat/unet_seed42_fold0rep3/best.pth,False
0.8493083003910606,0.7380850150215708,0.7380850150215708,0.9999999999883652,0.46650379531441205,0.14533617579440913,8,14.22119407152638,0.9115811056056699,1,1,1,1.0,1,1.0,0,132,etis-larib,unet,polypseg/runs_repeat/unet_seed42_fold0rep3/best.pth,False
0.922558816585219,0.8562498174251271,0.8596146514535334,0.9954492970148902,0.5370188035319238,0.2946521594436746,8,17.11724276862369,1.097218349560704,1,1,1,1.0,1,1.0,0,133,etis-larib,unet,polypseg/runs_repeat/unet_seed42_fold0rep3/best.pth,False
0.5358690865255825,0.3659980686111957,0.36681104923228647,0.9939808246227525,0.3562959676602355,0.21637115496855477,8,334.5626992506009,21.445529379836803,1,2,1,1.0,1,1.0,1,134,etis-larib,unet,polypseg/runs_repeat/unet_seed42_fold0rep3/best.pth,False
0.7117736112700913,0.5525221478903602,0.554158607346747,0.9946837365629305,0.5009504839876022,0.17397843195970408,8,48.104053883222775,3.083478532283076,1,1,1,1.0,1,1.0,0,135,etis-larib,unet,polypseg/runs_repeat/unet_seed42_fold0rep3/best.pth,False
0.8949550644717417,0.8098811511623418,0.8098811511623418,0.9999999999975744,0.5263093985026155,0.20427862172541966,8,56.17016849864861,3.6005179343255467,1,1,1,1.0,1,1.0,0,136,etis-larib,unet,polypseg/runs_repeat/unet_seed42_fold0rep3/best.pth,False
0.5535628969287961,0.3827078935913786,0.38282509186966857,0.9992007067393075,0.3550770103604135,0.21660184309201028,8,341.618783269651,21.897825638433734,1,2,1,1.0,1,1.0,1,137,etis-larib,unet,polypseg/runs_repeat/unet_seed42_fold0rep3/best.pth,False
0.7460410963625003,0.5949486017431471,0.596431935283969,0.995837187779872,0.5148185511202577,0.26655891768213197,8,148.60595463451176,9.525668501813398,1,2,1,1.0,1,1.0,1,138,etis-larib,unet,polypseg/runs_repeat/unet_seed42_fold0rep3/best.pth,False
0.9153596235690249,0.8439291432069207,0.8451075713650956,0.9983504398765985,0.7627310134010509,0.2379235260678492,8,13.917604990863822,0.8921209907652232,1,1,1,1.0,1,1.0,0,139,etis-larib,unet,polypseg/runs_repeat/unet_seed42_fold0rep3/best.pth,False
0.7969524170571991,0.6624446350723355,0.9024553118915054,0.7135354792473143,0.4380253696065854,0.17649135877183209,8,176.75911831945015,11.330291373081124,1,1,1,1.0,1,1.0,0,14,etis-larib,unet,polypseg/runs_repeat/unet_seed42_fold0rep3/best.pth,False
0.9103678410642931,0.8354818032844136,0.8356008262637253,0.9998295406034277,0.795899067167578,0.2315127912566713,8,12.727922061357855,0.8158621003552676,1,1,1,1.0,1,1.0,0,140,etis-larib,unet,polypseg/runs_repeat/unet_seed42_fold0rep3/best.pth,False
0.9311479194267261,0.8711663066860564,0.9562588904580812,0.9073220110121771,0.9890851880487462,0.4488439352518102,8,7.0,0.4487012628577961,1,1,1,1.0,1,1.0,0,141,etis-larib,unet,polypseg/runs_repeat/unet_seed42_fold0rep3/best.pth,False
0.878931544863324,0.7840123775101392,0.7889765414117242,0.9920386322044372,0.6197795307703933,0.25660533387682943,8,23.325950327428835,1.49519762418222,1,1,1,1.0,1,1.0,0,142,etis-larib,unet,polypseg/runs_repeat/unet_seed42_fold0rep3/best.pth,False
0.9056511417291033,0.827570783196191,0.830244559116759,0.9961236136481311,0.6276719837477359,0.24587319420302506,8,21.0818344622046,1.3513493923643158,1,1,1,1.0,1,1.0,0,143,etis-larib,unet,polypseg/runs_repeat/unet_seed42_fold0rep3/best.pth,False
0.9011944798767796,0.8201583113413184,0.8252535443061367,0.992528258503145,0.6987253265975795,0.2669443365956438,8,18.027756377319946,1.1555824361423068,1,1,1,1.0,1,1.0,0,144,etis-larib,unet,polypseg/runs_repeat/unet_seed42_fold0rep3/best.pth,False
0.948817910309489,0.9026199357989823,0.9082536772689613,0.9931748759020944,0.9380561424381998,0.349758289048849,8,8.246211251235321,0.5285836288887793,1,1,1,1.0,1,1.0,0,145,etis-larib,unet,polypseg/runs_repeat/unet_seed42_fold0rep3/best.pth,False
0.7816851348493343,0.6416117517803294,0.6416117517803294,0.9999999999893013,0.6132931496698472,0.22014003929021597,8,41.593268686170845,2.66613602655264,1,1,1,1.0,1,1.0,0,146,etis-larib,unet,polypseg/runs_repeat/unet_seed42_fold0rep3/best.pth,False
0.87786066796539,0.7823098637614764,0.7823418705474906,0.9999477069445173,0.49161070508444954,0.04905390951644018,8,17.33322694486139,1.1110629742228693,1,1,1,1.0,1,1.0,0,147,etis-larib,unet,polypseg/runs_repeat/unet_seed42_fold0rep3/best.pth,False
0.0,0.0,0.0,0.0,0.0,0.0,8,,,1,0,0,0.0,0,0.0,0,148,etis-larib,unet,polypseg/runs_repeat/unet_seed42_fold0rep3/best.pth,False
0.9158167448236781,0.8447065940662751,0.8447065940662751,0.9999999999928382,0.9514279580146766,0.04532425321150878,8,8.0,0.5128014432660527,1,1,1,1.0,1,1.0,0,149,etis-larib,unet,polypseg/runs_repeat/unet_seed42_fold0rep3/best.pth,False
0.8444980680687928,0.7308495509456838,0.7383223535193182,0.986340451282972,0.46113115318713943,0.1016839082215712,8,75.94725751470965,4.868232908205209,1,1,1,1.0,1,1.0,0,15,etis-larib,unet,polypseg/runs_repeat/unet_seed42_fold0rep3/best.pth,False
0.8853170608948946,0.7942321801441122,0.9252262716115683,0.8487084129041136,0.5707170853013581,0.28655707312612166,8,64.05466130087062,4.105915345375578,1,1,1,1.0,1,1.0,0,150,etis-larib,unet,polypseg/runs_repeat/unet_seed42_fold0rep3/best.pth,False
0.8891897609439848,0.8004875447489869,0.8986573163354258,0.8799196114479992,0.8448535736980786,0.24422751495031078,8,24.041630560342615,1.5410728562266163,1,1,1,1.0,1,1.0,0,151,etis-larib,unet,polypseg/runs_repeat/unet_seed42_fold0rep3/best.pth,False
0.0,0.0,0.0,0.0,0.0,0.0,8,497.80945123717584,31.909675633238177,1,0,0,0.0,0,0.0,0,152,etis-larib,unet,polypseg/runs_repeat/unet_seed42_fold0rep3/best.pth,False
0.8938229006471631,0.8080287516077574,0.8240094046026415,0.976561219468216,0.43847714753435185,0.1832384625432652,8,19.697715603592208,1.2626271238207911,1,1,1,1.0,1,1.0,0,153,etis-larib,unet,polypseg/runs_repeat/unet_seed42_fold0rep3/best.pth,False
0.06038728552128986,0.031133682033796902,0.03231406315096373,0.4601348314565381,0.1665875379615728,0.05683515254461976,8,537.6520240880322,34.463591740907184,1,2,0,0.0,0,0.0,2,154,etis-larib,unet,polypseg/runs_repeat/unet_seed42_fold0rep3/best.pth,False
0.9204798297356087,0.8526749708717059,0.8627255417496476,0.9865215137325737,0.7312956775878077,0.28429107163090034,8,15.556349186104045,0.9971647893231048,1,1,1,1.0,1,1.0,0,155,etis-larib,unet,polypseg/runs_repeat/unet_seed42_fold0rep3/best.pth,False
0.0,0.0,0.0,0.0,0.048018558361138046,0.0,8,492.0053353057681,31.537630754924507,1,2,0,0.0,0,0.0,2,156,etis-larib,unet,polypseg/runs_repeat/unet_seed42_fold0rep3/best.pth,False
0.0,0.0,0.0,0.0,0.0356495300074593,0.001986727204216737,8,546.678324872,35.042179249578695,1,1,0,0.0,0,0.0,1,157,etis-larib,unet,polypseg/runs_repeat/unet_seed42_fold0rep3/best.pth,False
0.35097613882818557,0.21283872665055195,0.21283872665055195,0.9999999999927288,0.0851805352993281,0.0,8,715.1223662966885,45.839472693597074,1,2,1,1.0,0,0.0,1,158,etis-larib,unet,polypseg/runs_repeat/unet_seed42_fold0rep3/best.pth,False
0.7823974465825548,0.6425721138532438,0.6437403646795559,0.9971837017013123,0.5815537030112822,0.2104666977108025,8,628.6183261725671,40.294548115597834,1,2,1,1.0,1,1.0,1,159,etis-larib,unet,polypseg/runs_repeat/unet_seed42_fold0rep3/best.pth,False
0.89720236955942,0.8135693664856513,0.9299116517152631,0.8667159709938429,0.518638063784417,0.15356674654480698,8,50.80206647930326,3.256421626435583,1,1,1,1.0,1,1.0,0,16,etis-larib,unet,polypseg/runs_repeat/unet_seed42_fold0rep3/best.pth,False
0.6867757185286445,0.5229690984385172,0.5253984655755687,0.9912359395469753,0.5585665292697779,0.1932427307224723,8,714.1036282649119,45.774171401971444,1,2,1,1.0,1,1.0,1,160,etis-larib,unet,polypseg/runs_repeat/unet_seed42_fold0rep3/best.pth,False
0.4392299999432505,0.28141878683424215,0.28604334547574345,0.9456717434651704,0.30928692796205975,0.04867765203075645,8,800.4344120035508,51.307990214404384,1,2,1,1.0,1,1.0,1,161,etis-larib,unet,polypseg/runs_repeat/unet_seed42_fold0rep3/best.pth,False
0.9567517503367581,0.9170892456762763,0.9242516150542534,0.9916208388907103,0.7463536932204679,0.24351727869854342,8,14.317821063276353,0.9177749132091504,1,1,1,1.0,1,1.0,0,162,etis-larib,unet,polypseg/runs_repeat/unet_seed42_fold0rep3/best.pth,False
0.7395298070904578,0.5867094765512875,0.5923866594620636,0.9839280760993622,0.6226279244502128,0.2429293969483592,8,681.267935219952,43.669397553959385,1,2,1,1.0,1,1.0,1,163,etis-larib,unet,polypseg/runs_repeat/unet_seed42_fold0rep3/best.pth,False
0.5458716938723343,0.37539444873746186,0.38314531965033305,0.9488666422476928,0.4620657870548549,0.18212884377143418,8,772.0453349854057,49.48824525591739,1,2,1,1.0,1,1.0,1,164,etis-larib,unet,polypseg/runs_repeat/unet_seed42_fold0rep3/best.pth,False
0.8529337058650045,0.7435783879502825,0.7478471741029998,0.9923819531030906,0.5790592740552005,0.1206309319481984,8,21.095023109728988,1.3521947870499698,1,1,1,1.0,1,1.0,0,165,etis-larib,unet,polypseg/runs_repeat/unet_seed42_fold0rep3/best.pth,False
0.9056684281338733,0.8275996520775394,0.8276244751024966,0.9999637602341089,0.5464080727648154,0.13734030930487298,8,17.46424919657298,1.119461524195078,1,1,1,1.0,1,1.0,0,166,etis-larib,unet,polypseg/runs_repeat/unet_seed42_fold0rep3/best.pth,False
0.9219314709380912,0.8551696354037145,0.8580585551745162,0.9960784313692104,0.647729026015133,0.30466830920563187,8,21.02379604162864,1.3476291191347864,1,1,1,1.0,1,1.0,0,167,etis-larib,unet,polypseg/runs_repeat/unet_seed42_fold0rep3/best.pth,False
0.8686879703324553,0.7678588643556933,0.7780219780181782,0.9832726374854436,0.6249158029113547,0.21084853575204,8,21.93171219946131,1.4058267086474316,1,1,1,1.0,1,1.0,0,168,etis-larib,unet,polypseg/runs_repeat/unet_seed42_fold0rep3/best.pth,False
0.8735938227992172,0.7755584446191282,0.8534269735875482,0.8947368420930634,0.712299415261292,0.3050406333464578,8,11.180339887498949,0.7166618038143098,1,1,1,1.0,1,1.0,0,169,etis-larib,unet,polypseg/runs_repeat/unet_seed42_fold0rep3/best.pth,False
0.923974830819934,0.8586925819997363,0.8619870812244819,0.9955687911897789,0.4722586931550902,0.1720150900202546,8,30.0,1.9230054122476974,1,1,1,1.0,1,1.0,0,17,etis-larib,unet,polypseg/runs_repeat/unet_seed42_fold0rep3/best.pth,False
0.8719674440376274,0.7729984736953934,0.8866783383592762,0.8577367205410664,0.9010458067982134,0.1590009670764278,8,8.94427190999916,0.5733294430514477,1,1,1,1.0,1,1.0,0,170,etis-larib,unet,polypseg/runs_repeat/unet_seed42_fold0rep3/best.pth,False
0.9008268405148272,0.8195495247871167,0.8296915731811974,0.9853038366543312,0.2635027682716859,0.06859710741042448,8,67.09507943361567,4.30080669620107,1,1,1,1.0,1,1.0,0,171,etis-larib,unet,polypseg/runs_repeat/unet_seed42_fold0rep3/best.pth,False
0.9355773643739318,0.8789529018458418,0.8826439222286844,0.9952648475113729,0.4607047237866715,0.11596600428336473,8,43.41658669218482,2.7830110396797587,1,1,1,1.0,1,1.0,0,172,etis-larib,unet,polypseg/runs_repeat/unet_seed42_fold0rep3/best.pth,False
0.9125121420467794,0.839100993517513,0.900081360867082,0.9252910879751913,0.40833283698145606,0.07615207982813954,8,57.28524980005118,3.6719948469153247,1,1,1,1.0,1,1.0,0,173,etis-larib,unet,polypseg/runs_repeat/unet_seed42_fold0rep3/best.pth,False
0.9129798236226219,0.8398922517383568,0.8413956023979271,0.997877178046575,0.4315159074858061,0.3157561296797861,8,44.379022261936825,2.8447033333321854,1,1,1,1.0,1,1.0,0,174,etis-larib,unet,polypseg/runs_repeat/unet_seed42_fold0rep3/best.pth,False
0.9066982012979258,0.8293210551508494,0.8322281403095931,0.9958056251456705,0.41662964093220195,0.13480300511794757,8,56.811085867040674,3.641600853266263,1,1,1,1.0,1,1.0,0,175,etis-larib,unet,polypseg/runs_repeat/unet_seed42_fold0rep3/best.pth,False
0.9171726252585711,0.8470164743273001,0.8502485340948,0.9955321670028608,0.432951371013185,0.08856943937450996,8,46.04345773288535,2.9513939472978876,1,1,1,1.0,1,1.0,0,176,etis-larib,unet,polypseg/runs_repeat/unet_seed42_fold0rep3/best.pth,False
0.5975579319670847,0.42608386156387035,0.9708210724677195,0.4316112240411659,0.33732191026111635,0.07599457969868673,8,243.34542668835894,15.598485752247983,1,1,1,1.0,0,0.0,0,177,etis-larib,unet,polypseg/runs_repeat/unet_seed42_fold0rep3/best.pth,False
0.9387586791041852,0.8845854949482748,0.9873637322700798,0.8947144799452351,0.6277688631214532,0.3458698199572408,8,64.83825893371923,4.156144095008657,1,1,1,1.0,1,1.0,0,178,etis-larib,unet,polypseg/runs_repeat/unet_seed42_fold0rep3/best.pth,False
0.9785958082710983,0.9580886941678368,0.9714854860733553,0.985810979045399,0.8118580617314387,0.3700181321304711,8,25.77961724769906,1.6524781164333129,1,1,1,1.0,1,1.0,0,179,etis-larib,unet,polypseg/runs_repeat/unet_seed42_fold0rep3/best.pth,False
0.9248433165513428,0.8601939892005588,0.9244159178422022,0.9252711106530743,0.7039613814310473,0.16516329861317414,8,42.51816537572965,2.725422071212359,1,1,1,1.0,1,1.0,0,18,etis-larib,unet,polypseg/runs_repeat/unet_seed42_fold0rep3/best.pth,False
0.9113311088435575,0.8371058604195925,0.9268731395745415,0.8963017072100269,0.33565839724739305,0.074288923811835,8,97.86214794290998,6.272981338280025,1,1,1,1.0,1,1.0,0,180,etis-larib,unet,polypseg/runs_repeat/unet_seed42_fold0rep3/best.pth,False
0.8886190347687338,0.7995629424729459,0.7995629424729459,0.9999999999997022,0.11967892696647175,0.0,8,122.3315167894194,7.841472295817453,1,1,1,1.0,1,1.0,0,181,etis-larib,unet,polypseg/runs_repeat/unet_seed42_fold0rep3/best.pth,False
0.9611613929295638,0.9252268700718342,0.9296373701930611,0.9948984192077149,0.4364828346986548,0.1405697188779345,8,50.93721489538262,3.26508466428816,1,2,1,1.0,1,1.0,1,182,etis-larib,unet,polypseg/runs_repeat/unet_seed42_fold0rep3/best.pth,False
0.8323770123197547,0.7128816588079216,0.7228366135560048,0.9810472758067371,0.3995868125256664,0.1423263756941848,8,37.0,2.3717066751054934,1,1,1,1.0,1,1.0,0,183,etis-larib,unet,polypseg/runs_repeat/unet_seed42_fold0rep3/best.pth,False
0.6262812972602129,0.4559021406719862,0.46273501241492954,0.9686270141792209,0.4611387995440603,0.17242356394642322,8,327.3261369995371,20.98166443400804,1,2,1,1.0,1,1.0,1,184,etis-larib,unet,polypseg/runs_repeat/unet_seed42_fold0rep3/best.pth,False
0.87442490816207,0.7768694550038756,0.7775099892155213,0.9989406779620317,0.30785323949055515,0.07728808607644654,8,19.79898987322333,1.2691188227748607,1,1,1,1.0,1,1.0,0,185,etis-larib,unet,polypseg/runs_repeat/unet_seed42_fold0rep3/best.pth,False
0.9361659079394311,0.8799923925413465,0.8921753885276612,0.9847195028476006,0.7128561703797592,0.28296698298062717,8,12.083045973594572,0.7745254267886703,1,1,1,1.0,1,1.0,0,186,etis-larib,unet,polypseg/runs_repeat/unet_seed42_fold0rep3/best.pth,False
0.9074189088996706,0.8305277441565609,0.8333088018809489,0.9959977129744645,0.6397283032225588,0.372118518260369,8,27.018512172212592,1.7318915046015035,1,1,1,1.0,1,1.0,0,187,etis-larib,unet,polypseg/runs_repeat/unet_seed42_fold0rep3/best.pth,False
0.6375301971573921,0.46792244189726045,0.4789345301971335,0.9531632296362842,0.3913177239977953,0.03909882099085266,8,323.61589884680103,20.74383749906006,1,2,1,1.0,1,1.0,1,188,etis-larib,unet,polypseg/runs_repeat/unet_seed42_fold0rep3/best.pth,False
0.901239179509036,0.8202323587642408,0.8780657615719546,0.9256689130548953,0.45076112665679496,0.23569714386267196,8,21.954463035982293,1.4072850413728655,1,1,1,1.0,1,1.0,0,189,etis-larib,unet,polypseg/runs_repeat/unet_seed42_fold0rep3/best.pth,False
0.94003290531035,0.8868510258665946,0.9296427903462515,0.9506578947332058,0.7774397397121592,0.3746843695400708,8,15.610338777634572,1.0006255318803796,1,1,1,1.0,1,1.0,0,19,etis-larib,unet,polypseg/runs_repeat/unet_seed42_fold0rep3/best.pth,False
0.9552996952242432,0.9144246353305092,0.9268844221087613,0.9855123093975062,0.7339398629165645,0.3035143852862308,8,13.462673525932916,0.8629598017897597,1,1,1,1.0,1,1.0,0,190,etis-larib,unet,polypseg/runs_repeat/unet_seed42_fold0rep3/best.pth,False
0.0,0.0,0.0,0.0,0.0,0.0,8,,,1,0,0,0.0,0,0.0,0,191,etis-larib,unet,polypseg/runs_repeat/unet_seed42_fold0rep3/best.pth,False
0.0,0.0,0.0,0.0,0.0,0.0,8,,,1,0,0,0.0,0,0.0,0,192,etis-larib,unet,polypseg/runs_repeat/unet_seed42_fold0rep3/best.pth,False
0.0,0.0,0.0,0.0,0.0,0.0,8,,,1,0,0,0.0,0,0.0,0,193,etis-larib,unet,polypseg/runs_repeat/unet_seed42_fold0rep3/best.pth,False
0.0,0.0,0.0,0.0,0.0,0.0,8,,,1,0,0,0.0,0,0.0,0,194,etis-larib,unet,polypseg/runs_repeat/unet_seed42_fold0rep3/best.pth,False
0.0,0.0,0.0,0.0,0.0,0.0,8,,,1,0,0,0.0,0,0.0,0,195,etis-larib,unet,polypseg/runs_repeat/unet_seed42_fold0rep3/best.pth,False
0.0,0.0,0.0,0.0,0.0,0.0,8,,,1,0,0,0.0,0,0.0,0,196,etis-larib,unet,polypseg/runs_repeat/unet_seed42_fold0rep3/best.pth,False
0.8854736476474538,0.794484263004094,0.8187876354811819,0.9639852537955951,0.7187751274196261,0.16102638590926455,8,12.579453579945714,0.8063452439118094,1,1,1,1.0,1,1.0,0,2,etis-larib,unet,polypseg/runs_repeat/unet_seed42_fold0rep3/best.pth,False
0.3357286204437369,0.20172708884367807,0.20880138503011797,0.8561994386612943,0.22982429674904165,0.10330843632187384,8,871.8732545839657,55.887232911966024,1,7,1,1.0,1,1.0,6,20,etis-larib,unet,polypseg/runs_repeat/unet_seed42_fold0rep3/best.pth,False
0.9241125269949569,0.8589304645529833,0.8592888811599421,0.9995146220098703,0.6032753192785755,0.18042941971247903,8,29.274562336608895,1.8765047271493835,1,1,1,1.0,1,1.0,0,21,etis-larib,unet,polypseg/runs_repeat/unet_seed42_fold0rep3/best.pth,False
0.33760838535084087,0.2030859530184118,0.2126800069785499,0.818247534461619,0.24153706386538307,0.13945291815501584,8,870.5711917805005,55.803770451361025,1,7,1,1.0,1,1.0,6,22,etis-larib,unet,polypseg/runs_repeat/unet_seed42_fold0rep3/best.pth,False
0.0,0.0,0.0,0.0,0.0,0.0,8,,,1,0,0,0.0,0,0.0,0,23,etis-larib,unet,polypseg/runs_repeat/unet_seed42_fold0rep3/best.pth,False
0.0,0.0,0.0,0.0,0.0,0.0,8,,,1,0,0,0.0,0,0.0,0,24,etis-larib,unet,polypseg/runs_repeat/unet_seed42_fold0rep3/best.pth,False
0.26552367696791584,0.15308578931982586,0.6873566983238834,0.16454306660884357,0.19633406250552016,0.054524751416449566,8,187.66325191749354,12.029248303911439,1,3,0,0.0,0,0.0,3,25,etis-larib,unet,polypseg/runs_repeat/unet_seed42_fold0rep3/best.pth,False
0.4301788676193868,0.27403049860019796,0.8081976417697462,0.2930911608391336,0.2609121642287402,0.11449826314822396,8,253.23901753086943,16.232666710138382,1,1,1,1.0,0,0.0,0,26,etis-larib,unet,polypseg/runs_repeat/unet_seed42_fold0rep3/best.pth,False
0.38077512012199594,0.23515888673269666,0.5968796556836745,0.2795588463322229,0.1544658337769093,0.0485621529641112,8,130.95723636881561,8.394382477007781,1,4,0,0.0,0,0.0,4,27,etis-larib,unet,polypseg/runs_repeat/unet_seed42_fold0rep3/best.pth,False
0.5700509313281316,0.39865121340132265,0.5641865878761497,0.5760384671629076,0.2465536912841129,0.06544926592063353,8,145.0227553742504,9.295984782791914,1,3,1,1.0,0,0.0,2,28,etis-larib,unet,polypseg/runs_repeat/unet_seed42_fold0rep3/best.pth,False
0.39566005297105655,0.24661858835078834,0.4613800763987392,0.3463282695781296,0.1936641316355459,0.03909258295049801,8,214.0654518360334,13.7216340818647,1,1,0,0.0,0,0.0,1,29,etis-larib,unet,polypseg/runs_repeat/unet_seed42_fold0rep3/best.pth,False
0.9060694380482381,0.8282696082936498,0.9028839294720994,0.9092775040957586,0.8907699088415132,0.2302100638099688,8,8.54400374531753,0.5476721814836737,1,1,1,1.0,1,1.0,0,3,etis-larib,unet,polypseg/runs_repeat/unet_seed42_fold0rep3/best.pth,False
0.20002199494101688,0.1111246884011021,0.1555256587121555,0.2801832148866611,0.12461061825027862,0.024098635806511618,8,253.22457696830506,16.231741067472807,1,2,0,0.0,0,0.0,2,30,etis-larib,unet,polypseg/runs_repeat/unet_seed42_fold0rep3/best.pth,False
0.0,0.0,0.0,0.0,0.0,0.0,8,,,1,0,0,0.0,0,0.0,0,31,etis-larib,unet,polypseg/runs_repeat/unet_seed42_fold0rep3/best.pth,False
0.969408010911202,0.9406322008851514,0.9640776581431273,0.9747976340624123,0.8583361044361354,0.35742896934270196,8,15.0,0.9615027061238487,1,1,1,1.0,1,1.0,0,32,etis-larib,unet,polypseg/runs_repeat/unet_seed42_fold0rep3/best.pth,False
0.965036259427805,0.9324348492578789,0.9543677514664369,0.9759459820818612,0.8211210344531007,0.34110670257614295,8,12.50586700474835,0.8016283311660326,1,1,1,1.0,1,1.0,0,33,etis-larib,unet,polypseg/runs_repeat/unet_seed42_fold0rep3/best.pth,False
0.8508717223143921,0.7404497294489029,0.8064971502172129,0.9004137115830374,0.41926913214072453,0.21185845042632914,8,175.6192742440795,11.257227162212585,1,1,1,1.0,1,1.0,0,34,etis-larib,unet,polypseg/runs_repeat/unet_seed42_fold0rep3/best.pth,False
0.8067121359740103,0.6760415154582013,0.9239429634199035,0.7158804880378213,0.5360510526128164,0.24656926086391992,8,102.48170490044072,6.569095772663962,1,1,1,1.0,1,1.0,0,35,etis-larib,unet,polypseg/runs_repeat/unet_seed42_fold0rep3/best.pth,False
0.0,0.0,0.0,0.0,0.0,0.0,8,,,1,0,0,0.0,0,0.0,0,36,etis-larib,unet,polypseg/runs_repeat/unet_seed42_fold0rep3/best.pth,False
0.8961626201708975,0.811861091630764,0.811861091630764,0.9999999999954543,0.4113530378581021,0.0,8,13.416407864998739,0.8599941645771717,1,1,1,1.0,1,1.0,0,37,etis-larib,unet,polypseg/runs_repeat/unet_seed42_fold0rep3/best.pth,False
0.873561791240639,0.7755079545843572,0.7755079545843572,0.9999999999952622,0.3729334846198338,0.048192722175873705,8,373.56923137370444,23.9458551260282,1,2,1,1.0,1,1.0,1,38,etis-larib,unet,polypseg/runs_repeat/unet_seed42_fold0rep3/best.pth,False
0.8782052567195048,0.7828573471037535,0.7828573471037535,0.9999999999954342,0.32910940607624256,0.0,8,15.89626356546303,1.0189533623633762,1,1,1,1.0,1,1.0,0,39,etis-larib,unet,polypseg/runs_repeat/unet_seed42_fold0rep3/best.pth,False
0.8671895890860719,0.7655204972793648,0.787773279345848,0.9644131641458721,0.6475219687239897,0.14983577074788015,8,15.620499351813308,1.001276826518288,1,1,1,1.0,1,1.0,0,4,etis-larib,unet,polypseg/runs_repeat/unet_seed42_fold0rep3/best.pth,False
0.8737486378857212,0.7758025137882706,0.7758025137882706,0.9999999999976689,0.31709641621224477,0.005788662188034206,8,34.88552708502482,2.236168579787212,1,1,1,1.0,1,1.0,0,40,etis-larib,unet,polypseg/runs_repeat/unet_seed42_fold0rep3/best.pth,False
0.9445276785362217,0.8948862602349501,0.8962890055393403,0.9982541615895285,0.6501202090240581,0.20100330988533227,8,15.132745950421556,0.970011745494336,1,1,1,1.0,1,1.0,0,41,etis-larib,unet,polypseg/runs_repeat/unet_seed42_fold0rep3/best.pth,False
0.9263396626995287,0.8627865168500548,0.8747379932521884,0.9844110558382421,0.6904822305869407,0.2293964788763441,8,10.816653826391969,0.693349461685384,1,1,1,1.0,1,1.0,0,42,etis-larib,unet,polypseg/runs_repeat/unet_seed42_fold0rep3/best.pth,False
0.8186573054974499,0.6929888416859233,0.7948606108934176,0.8439228346862262,0.3781231652549837,0.09383528682467676,8,581.5068786342451,37.27469582909728,3,1,2,0.6666666666666666,0,0.0,0,43,etis-larib,unet,polypseg/runs_repeat/unet_seed42_fold0rep3/best.pth,False
0.8861928152919999,0.79564293304889,0.8594016787418618,0.9147080832593963,0.5902516503033723,0.20104406859373158,8,604.0444543666918,38.719358499511856,3,1,2,0.6666666666666666,0,0.0,0,44,etis-larib,unet,polypseg/runs_repeat/unet_seed42_fold0rep3/best.pth,False
0.6500903289248718,0.48158061450668105,0.901028239544549,0.508478260868715,0.326382890597388,0.12737855158412828,8,646.9997493488954,41.472800657360985,3,1,1,0.3333333333333333,1,0.3333333333333333,0,45,etis-larib,unet,polypseg/runs_repeat/unet_seed42_fold0rep3/best.pth,False
0.0,0.0,0.0,0.0,0.0,0.0,8,,,3,0,0,0.0,0,0.0,0,46,etis-larib,unet,polypseg/runs_repeat/unet_seed42_fold0rep3/best.pth,False
0.0,0.0,0.0,0.0,0.0,0.0,8,,,3,0,0,0.0,0,0.0,0,47,etis-larib,unet,polypseg/runs_repeat/unet_seed42_fold0rep3/best.pth,False
0.8532714807903424,0.7440919681481628,0.8495797705169195,0.8569954145336287,0.47890431463347055,0.15491085994823303,8,612.9977014704067,39.29326325409968,3,1,2,0.6666666666666666,0,0.0,0,48,etis-larib,unet,polypseg/runs_repeat/unet_seed42_fold0rep3/best.pth,False
0.9239928864128122,0.8587237711955349,0.8589089340873323,0.9997490169790021,0.7427631304330256,0.06624319068161295,8,12.6924569220499,0.8135887785274237,1,1,1,1.0,1,1.0,0,49,etis-larib,unet,polypseg/runs_repeat/unet_seed42_fold0rep3/best.pth,False
0.8575846440903354,0.7506767478694046,0.8051661994312658,0.9173035245703512,0.7502821947536484,0.20482515945204086,8,17.88854381999832,1.1466588861028955,1,1,1,1.0,1,1.0,0,5,etis-larib,unet,polypseg/runs_repeat/unet_seed42_fold0rep3/best.pth,False
0.93780737082646,0.8828976449932059,0.8845493070633965,0.9978895684339827,0.9772949039476685,0.07071083622297285,8,7.231804752433737,0.4635599893082899,1,1,1,1.0,1,1.0,0,50,etis-larib,unet,polypseg/runs_repeat/unet_seed42_fold0rep3/best.pth,False
0.9272512138379223,0.8643693899252077,0.8780619735689743,0.9822786998574418,0.7504726308230297,0.33540338738036757,8,20.0,1.2820036081651316,1,1,1,1.0,1,1.0,0,51,etis-larib,unet,polypseg/runs_repeat/unet_seed42_fold0rep3/best.pth,False
0.9423677935990784,0.8910165442161759,0.8923630475842449,0.9983093829240978,0.4311617179724272,0.0516220061576629,8,29.832867780352597,1.9122922068162667,1,1,1,1.0,1,1.0,0,52,etis-larib,unet,polypseg/runs_repeat/unet_seed42_fold0rep3/best.pth,False
0.1879569636804518,0.10372654507268898,0.10513505964954296,0.8856150571265334,0.17785809992033433,0.06666663767975893,8,422.00592253066236,27.05065576756821,1,2,1,1.0,1,1.0,1,53,etis-larib,unet,polypseg/runs_repeat/unet_seed42_fold0rep3/best.pth,False
0.9158081501805294,0.8446919706443293,0.8926140801021275,0.9402397461456091,0.7832839943723904,0.13494823426510485,8,10.828089185931724,0.6940824702949157,1,1,1,1.0,1,1.0,0,54,etis-larib,unet,polypseg/runs_repeat/unet_seed42_fold0rep3/best.pth,False
0.949059663378224,0.9030576049911214,0.9055952762035158,0.9969065705967699,0.9400294997777174,0.24872309185649658,8,8.48528137423857,0.5439080669035117,1,1,1,1.0,1,1.0,0,55,etis-larib,unet,polypseg/runs_repeat/unet_seed42_fold0rep3/best.pth,False
0.9451309535828797,0.8959699374941678,0.9286963433985346,0.9621577105169357,0.7995764444691948,0.4705277314822023,8,16.03588433961718,1.0279030791753978,1,1,1,1.0,1,1.0,0,56,etis-larib,unet,polypseg/runs_repeat/unet_seed42_fold0rep3/best.pth,False
0.0,0.0,0.0,0.0,0.0,0.0,8,,,1,0,0,0.0,0,0.0,0,57,etis-larib,unet,polypseg/runs_repeat/unet_seed42_fold0rep3/best.pth,False
0.8678387752609267,0.7665328544182702,0.9181323547903565,0.8227690214216716,0.7240397683549011,0.1922324820600481,8,14.317821063276353,0.9177749132091504,1,1,1,1.0,1,1.0,0,58,etis-larib,unet,polypseg/runs_repeat/unet_seed42_fold0rep3/best.pth,False
0.8380073470111656,0.7211812784320747,0.7450808571644306,0.957416316918912,0.6762139018089846,0.321814083576724,8,113.50637318574952,7.2757789986934425,1,1,1,1.0,1,1.0,0,59,etis-larib,unet,polypseg/runs_repeat/unet_seed42_fold0rep3/best.pth,False
0.8936593302259969,0.8077614379018974,0.8293071632206902,0.9688388044981004,0.7617849908671571,0.2333146231376787,8,15.274129225610665,0.9790744389406679,1,1,1,1.0,1,1.0,0,6,etis-larib,unet,polypseg/runs_repeat/unet_seed42_fold0rep3/best.pth,False
0.0,0.0,0.0,0.0,0.0,0.0,8,,,1,0,0,0.0,0,0.0,0,60,etis-larib,unet,polypseg/runs_repeat/unet_seed42_fold0rep3/best.pth,False
0.7836299812881503,0.6442365145747541,0.6911012615060469,0.9047653055742741,0.44680828945022505,0.2514196950416761,8,121.21056059601408,7.769618801590418,1,1,1,1.0,1,1.0,0,61,etis-larib,unet,polypseg/runs_repeat/unet_seed42_fold0rep3/best.pth,False
0.8190374835342699,0.6935338523574869,0.7192033703550835,0.9510554677668023,0.5228200048730711,0.2073980225146492,8,114.28473213863697,7.325671947995909,1,1,1,1.0,1,1.0,0,62,etis-larib,unet,polypseg/runs_repeat/unet_seed42_fold0rep3/best.pth,False
0.9796129648799028,0.960040583781628,0.9635279488505363,0.9962441409606312,0.8260869065247294,0.4140096118387421,8,22.81117907364812,1.4622006939458916,1,1,1,1.0,1,1.0,0,63,etis-larib,unet,polypseg/runs_repeat/unet_seed42_fold0rep3/best.pth,False
0.9885016141097837,0.977264648069415,0.9844283186581158,0.9926087579840851,0.9233074693604855,0.6015377900409599,8,9.848857801796104,0.6313135619103956,1,1,1,1.0,1,1.0,0,64,etis-larib,unet,polypseg/runs_repeat/unet_seed42_fold0rep3/best.pth,False
0.9639910060576588,0.930485171165714,0.9864889372483984,0.9424963721796311,0.8813652122344883,0.4765314429439168,8,17.064439199558162,1.0938336312574037,1,1,1,1.0,1,1.0,0,65,etis-larib,unet,polypseg/runs_repeat/unet_seed42_fold0rep3/best.pth,False
0.9876352358797668,0.9755725118880871,0.9784084248733346,0.997037729214253,0.9615054646851832,0.4591128651330366,8,7.810249675906654,0.500638413259144,1,1,1,1.0,1,1.0,0,66,etis-larib,unet,polypseg/runs_repeat/unet_seed42_fold0rep3/best.pth,False
0.9706573321418848,0.9429875613352893,0.9777320270694834,0.9636842841793075,0.9297256493312993,0.4674767077250031,8,10.525734195631383,0.6747014608693271,1,1,1,1.0,1,1.0,0,67,etis-larib,unet,polypseg/runs_repeat/unet_seed42_fold0rep3/best.pth,False
0.5621208087537136,0.39093743909493095,0.3939471306799286,0.9808322331378375,0.5733011160146463,0.20065434150948877,8,668.7826597132816,42.86908914153502,1,2,1,1.0,1,1.0,1,68,etis-larib,unet,polypseg/runs_repeat/unet_seed42_fold0rep3/best.pth,False
0.6096427332597318,0.43847919368886856,0.47287989668023156,0.8577005660578235,0.36880404042436327,0.03959054934912019,8,72.0043604533084,4.615492495238204,1,1,1,1.0,0,0.0,0,69,etis-larib,unet,polypseg/runs_repeat/unet_seed42_fold0rep3/best.pth,False
0.31962558706521194,0.19021093430420855,0.19021093430420855,0.9999999999897603,0.12750400714923685,0.025211112186508216,8,562.1108401243417,36.03140626140698,1,4,1,1.0,0,0.0,3,7,etis-larib,unet,polypseg/runs_repeat/unet_seed42_fold0rep3/best.pth,False
0.0,0.0,0.0,0.0,0.0,0.0,8,320.2424793703458,20.527600702026554,1,1,0,0.0,0,0.0,1,70,etis-larib,unet,polypseg/runs_repeat/unet_seed42_fold0rep3/best.pth,False
0.7303661358327863,0.5752572898737643,0.7878431948203224,0.6807053152266814,0.4671984517443115,0.031067912282855683,8,26.65791818418001,1.7087773649144822,1,1,1,1.0,1,1.0,0,71,etis-larib,unet,polypseg/runs_repeat/unet_seed42_fold0rep3/best.pth,False
0.6756413132849028,0.5101648972158327,0.6033930002591051,0.7675446049147401,0.30478970124226257,0.05214215712850174,8,49.66084756693414,3.183269288267408,1,1,1,1.0,1,1.0,0,72,etis-larib,unet,polypseg/runs_repeat/unet_seed42_fold0rep3/best.pth,False
0.10343693471425984,0.054539148530067895,0.060808197988878536,0.34598459845033047,0.1987722011303422,0.02955714889397148,8,329.8620923962012,21.144219632441498,1,2,1,1.0,0,0.0,1,73,etis-larib,unet,polypseg/runs_repeat/unet_seed42_fold0rep3/best.pth,False
0.7899224210708201,0.6527865938726319,0.8320388349379929,0.7518643076363231,0.6465009494226376,0.046169189646184564,8,19.4164878389476,1.244600373371261,1,1,1,1.0,1,1.0,0,74,etis-larib,unet,polypseg/runs_repeat/unet_seed42_fold0rep3/best.pth,False
0.8446433727940867,0.7310672331856113,0.7310672331856113,0.9999999999886039,0.4897426287160904,0.10641195595296454,8,18.499702109006684,1.1858342426863333,1,1,1,1.0,1,1.0,0,75,etis-larib,unet,polypseg/runs_repeat/unet_seed42_fold0rep3/best.pth,False
0.7638949354174728,0.6179854425849026,0.6200965955869937,0.9945210655394952,0.45050176844904405,0.1385564205503081,8,21.470910553583888,1.3762892400142674,1,1,1,1.0,1,1.0,0,76,etis-larib,unet,polypseg/runs_repeat/unet_seed42_fold0rep3/best.pth,False
0.0,0.0,0.0,0.0,0.0,0.0,8,,,1,0,0,0.0,0,0.0,0,77,etis-larib,unet,polypseg/runs_repeat/unet_seed42_fold0rep3/best.pth,False
0.0,0.0,0.0,0.0,0.0,0.0,8,,,1,0,0,0.0,0,0.0,0,78,etis-larib,unet,polypseg/runs_repeat/unet_seed42_fold0rep3/best.pth,False
0.0,0.0,0.0,0.0,0.0,0.0,8,,,1,0,0,0.0,0,0.0,0,79,etis-larib,unet,polypseg/runs_repeat/unet_seed42_fold0rep3/best.pth,False
0.27084099119047994,0.1566316283295119,0.1566316283295119,0.9999999999906402,0.16244811718458757,0.0,8,374.1213692121558,23.981247261083155,1,3,0,0.0,0,0.0,3,8,etis-larib,unet,polypseg/runs_repeat/unet_seed42_fold0rep3/best.pth,False
0.8524019998519947,0.7427705518326634,0.743005115892484,0.9995751550599067,0.3941218733719356,0.0700934079450527,8,16.1245154965971,1.033584352327603,1,1,1,1.0,1,1.0,0,80,etis-larib,unet,polypseg/runs_repeat/unet_seed42_fold0rep3/best.pth,False
0.9764201347823308,0.9539266724191476,0.9671282881110835,0.9858922594433763,0.9268795005702976,0.3509114113334062,8,8.94427190999916,0.5733294430514477,1,1,1,1.0,1,1.0,0,81,etis-larib,unet,polypseg/runs_repeat/unet_seed42_fold0rep3/best.pth,False
0.9454249627696412,0.8964985225258322,0.8984721021021085,0.9975557948002515,0.8296210753124142,0.14246570343261655,8,10.63014581273465,0.6813942643623643,1,1,1,1.0,1,1.0,0,82,etis-larib,unet,polypseg/runs_repeat/unet_seed42_fold0rep3/best.pth,False
0.97299871020566,0.9474172232057332,0.9598777543898305,0.9864833486086324,0.879263469450622,0.353756332208764,8,10.295630140987,0.6599517494539509,1,1,1,1.0,1,1.0,0,83,etis-larib,unet,polypseg/runs_repeat/unet_seed42_fold0rep3/best.pth,False
0.9786468293228104,0.9581865092502101,0.9616523929461344,0.9962527269490556,0.9245930764906758,0.492352967672451,8,8.94427190999916,0.5733294430514477,1,1,1,1.0,1,1.0,0,84,etis-larib,unet,polypseg/runs_repeat/unet_seed42_fold0rep3/best.pth,False
0.9613469527108623,0.9255708200346182,0.9279603411091196,0.9972256246019254,0.8076452446528866,0.3499766979415828,8,21.02379604162864,1.3476291191347864,1,1,1,1.0,1,1.0,0,85,etis-larib,unet,polypseg/runs_repeat/unet_seed42_fold0rep3/best.pth,False
0.9705932060151955,0.9428665243776532,0.9525099513463277,0.9893763638423413,0.9602885802424682,0.5162713234149807,8,7.615773105863909,0.4881724300342251,1,1,1,1.0,1,1.0,0,86,etis-larib,unet,polypseg/runs_repeat/unet_seed42_fold0rep3/best.pth,False
0.5908442088089203,0.4192894870123005,0.4223870883767162,0.9828102096924459,0.2760004156062757,0.09308233208784905,8,202.40997998869437,12.974516233706913,1,3,1,1.0,0,0.0,2,87,etis-larib,unet,polypseg/runs_repeat/unet_seed42_fold0rep3/best.pth,False
0.9234809597700661,0.8578398758026793,0.9155174046124349,0.9315842712850925,0.5715751848980567,0.16992014817071552,8,29.380174548702712,1.8832744889979123,1,1,1,1.0,1,1.0,0,88,etis-larib,unet,polypseg/runs_repeat/unet_seed42_fold0rep3/best.pth,False
0.0866941745415205,0.04531119562171732,0.052467644057502455,0.2493619193402409,0.17183106627265812,0.08695649140443115,8,466.1165568633332,29.878155386215045,1,3,0,0.0,0,0.0,3,89,etis-larib,unet,polypseg/runs_repeat/unet_seed42_fold0rep3/best.pth,False
0.19304377237211726,0.10683367389897389,0.10683367389897389,0.9999999999853993,0.08075669958835108,0.0,8,487.9561819851777,31.27807929657397,1,3,0,0.0,0,0.0,3,9,etis-larib,unet,polypseg/runs_repeat/unet_seed42_fold0rep3/best.pth,False
0.09638076912166053,0.05063027708392606,0.057942907692633994,0.2863147276347291,0.13666114817075764,0.0,8,383.6929713848005,24.59478868714574,1,2,1,1.0,0,0.0,1,90,etis-larib,unet,polypseg/runs_repeat/unet_seed42_fold0rep3/best.pth,False
0.8973194037645985,0.8137618516441526,0.9499031591267233,0.8502520322822029,0.6348713545797291,0.3247697662046745,8,54.1280887259037,3.469620252484546,1,1,1,1.0,1,1.0,0,91,etis-larib,unet,polypseg/runs_repeat/unet_seed42_fold0rep3/best.pth,False
0.7629407792349115,0.6167374741874143,0.9573723380703066,0.6341516985537042,0.5378486086663421,0.19591684540815632,8,103.0,6.602318582050428,1,1,1,1.0,1,1.0,0,92,etis-larib,unet,polypseg/runs_repeat/unet_seed42_fold0rep3/best.pth,False
0.8626254180565943,0.7584356391916603,0.8332256501305667,0.8941757670229313,0.6490895978225006,0.20589315760234939,8,25.0,1.6025045102064146,1,1,1,1.0,1,1.0,0,93,etis-larib,unet,polypseg/runs_repeat/unet_seed42_fold0rep3/best.pth,False
0.8366215473710772,0.7191310321078556,0.7380155093343495,0.9656404934743958,0.706112794954557,0.3927812663707404,8,33.924121097883976,2.1745422825659064,1,1,1,1.0,1,1.0,0,94,etis-larib,unet,polypseg/runs_repeat/unet_seed42_fold0rep3/best.pth,False
0.8527866087014028,0.743354824106511,0.7452092073846783,0.996663633591194,0.7238860837996263,0.1525152222726263,8,17.46424919657298,1.119461524195078,1,1,1,1.0,1,1.0,0,95,etis-larib,unet,polypseg/runs_repeat/unet_seed42_fold0rep3/best.pth,False
0.882250886317551,0.7893102982752151,0.816189811572698,0.9599474720787927,0.7627180364635079,0.23197138997344108,8,12.529964086141668,0.8031729584306567,1,1,1,1.0,1,1.0,0,96,etis-larib,unet,polypseg/runs_repeat/unet_seed42_fold0rep3/best.pth,False
0.7499877180017195,0.5999842791966673,0.6032561447830296,0.9910412879642815,0.5046890450161126,0.23002543860625568,8,36.89173349139343,2.3647667723716403,1,1,1,1.0,1,1.0,0,97,etis-larib,unet,polypseg/runs_repeat/unet_seed42_fold0rep3/best.pth,False
0.8078712280235154,0.6776711098785988,0.6776711098785988,0.9999999999898084,0.5583196540242052,0.1519999502048163,8,33.83784863137726,2.169012201898561,1,1,1,1.0,1,1.0,0,98,etis-larib,unet,polypseg/runs_repeat/unet_seed42_fold0rep3/best.pth,False
0.0,0.0,0.0,0.0,0.0,0.0,8,348.5742388645495,22.343671596888345,1,1,0,0.0,0,0.0,1,99,etis-larib,unet,polypseg/runs_repeat/unet_seed42_fold0rep3/best.pth,False
