dice,iou,precision,recall,boundary_f1,boundary_f1_2px,tolerance_px,hd95,hd95_pct_diag,n_lesions,n_pred_components,detected_iou025,det_rate_iou025,detected_iou05,det_rate_iou05,n_false_positives,name,dataset,model,checkpoint,tta
0.8698973562838149,0.7697507488552355,0.9716082244783919,0.7874633290201546,0.148254258958617,0.025655034050193957,9,142.08324979421835,8.255626978370229,1,1,1,1.0,1,1.0,0,cju0qoxqj9q6s0835b43399p4,kvasir-seg,segformer,polypseg/runs_repeat/segformer_seed42_fold0rep1/best.pth,False
0.8560766045544224,0.748368822565226,0.9312725225214737,0.7921168582367891,0.32168587096368934,0.16141871409796446,4,96.2493863979421,11.820628003756136,1,1,1,1.0,1,1.0,0,cju0qx73cjw570799j4n5cjze,kvasir-seg,segformer,polypseg/runs_repeat/segformer_seed42_fold0rep1/best.pth,False
0.9379974495384152,0.883234648665135,0.9795646583349579,0.8998143929768843,0.6586662455927484,0.5158844801251283,4,23.353786456643743,2.8758007659156295,1,1,1,1.0,1,1.0,0,cju0rx1idathl0835detmsp84,kvasir-seg,segformer,polypseg/runs_repeat/segformer_seed42_fold0rep1/best.pth,False
0.7092686957699786,0.5495091762673943,0.5564679949839804,0.9777490886924532,0.4014941572955883,0.26815525981442556,4,283.3288309075814,36.370239038408485,1,2,1,1.0,1,1.0,1,cju0sxqiclckk08551ycbwhno,kvasir-seg,segformer,polypseg/runs_repeat/segformer_seed42_fold0rep1/best.pth,False
0.9767814531837489,0.9546166419901286,0.9587355067161519,0.9955197772374379,0.6295255786088547,0.39792012323327874,4,21.65549442140351,2.6500257811051693,1,2,1,1.0,1,1.0,1,cju0t4oil7vzk099370nun5h9,kvasir-seg,segformer,polypseg/runs_repeat/segformer_seed42_fold0rep1/best.pth,False
0.9257171097748186,0.861707021677296,0.8682117012714674,0.9913805208401385,0.3934226849656759,0.22447756286628315,4,34.00587727318528,4.112918438076778,1,1,1,1.0,1,1.0,0,cju15czxqp3lv0835jvhgzurz,kvasir-seg,segformer,polypseg/runs_repeat/segformer_seed42_fold0rep1/best.pth,False
0.5266426252072254,0.35744391294155425,0.9998295502940262,0.3574656956840474,0.2653877979382256,0.16636685820744535,4,146.27260220068848,18.40496733213848,1,1,1,1.0,0,0.0,0,cju15jr8jz8sb0855ukmkswkz,kvasir-seg,segformer,polypseg/runs_repeat/segformer_seed42_fold0rep1/best.pth,False
0.8853771402108158,0.7943288910997869,0.8091431954630417,0.9774701134107618,0.566508982150441,0.40741761305354485,4,32.055416399273014,3.9257989335867496,1,1,1,1.0,1,1.0,0,cju15ptjtppz40988odsm9azx,kvasir-seg,segformer,polypseg/runs_repeat/segformer_seed42_fold0rep1/best.pth,False
0.9206895005144035,0.8530348782423662,0.858385370202781,0.9927459135280886,0.32245887084852537,0.14738610377822564,4,18.0,2.1652436406652718,1,1,1,1.0,1,1.0,0,cju17bz250pgd0799u1hqkj5u,kvasir-seg,segformer,polypseg/runs_repeat/segformer_seed42_fold0rep1/best.pth,False
0.9737634370901063,0.94886839183453,0.9834299623801873,0.9642850943420609,0.6451852986279629,0.3800887363503916,4,16.063873126031886,1.9688898737833718,1,1,1,1.0,1,1.0,0,cju17v6ih0u7808783zcbg1jy,kvasir-seg,segformer,polypseg/runs_repeat/segformer_seed42_fold0rep1/best.pth,False
0.9737444842700168,0.9488324002598758,0.9819657584273359,0.9656597284578557,0.7456712882588679,0.5596182850298361,4,10.63014581273465,1.4850845824276175,1,1,1,1.0,1,1.0,0,cju1871y11d6r0799k6cw4yze,kvasir-seg,segformer,polypseg/runs_repeat/segformer_seed42_fold0rep1/best.pth,False
0.9455349334346868,0.8966963092618684,0.9007637120995104,0.9949895188864717,0.6064840373996684,0.3732597056280238,4,11.180339887498949,1.4651471294184137,1,1,1,1.0,1,1.0,0,cju1b75x63ddl0799sdp0i2j3,kvasir-seg,segformer,polypseg/runs_repeat/segformer_seed42_fold0rep1/best.pth,False
0.9444395464867942,0.8947280502442378,0.9029636872419738,0.989909070743735,0.6303791434196608,0.43796616827013246,4,16.42834193055935,2.008773595108112,1,1,1,1.0,1,1.0,0,cju1bhnfitmge0835ynls0l6b,kvasir-seg,segformer,polypseg/runs_repeat/segformer_seed42_fold0rep1/best.pth,False
0.8430538533626641,0.7286889331997002,0.7288915738895804,0.9996186217766969,0.4389623168385511,0.3277678750793488,4,164.67573987057156,21.846433007211534,1,1,1,1.0,1,1.0,0,cju1c6yfz42md08550zgoz3pw,kvasir-seg,segformer,polypseg/runs_repeat/segformer_seed42_fold0rep1/best.pth,False
0.8987029891641546,0.8160405234207172,0.9871323529310954,0.8248144039523438,0.6839343919138413,0.5408373283182579,4,21.93171219946131,2.6859576956339075,1,1,1,1.0,1,1.0,0,cju1c8ffau5770835g0g343o8,kvasir-seg,segformer,polypseg/runs_repeat/segformer_seed42_fold0rep1/best.pth,False
0.963230417800893,0.9290689410059378,0.9597650513914839,0.9667208992716805,0.7547222476315891,0.41269916040315074,4,8.48528137423857,1.0391850211911382,1,1,1,1.0,1,1.0,0,cju1d31sp4d4k0878r3fr02ul,kvasir-seg,segformer,polypseg/runs_repeat/segformer_seed42_fold0rep1/best.pth,False
0.955597225508714,0.9149700181275101,0.9628601477266511,0.9484430524592562,0.4347997509022059,0.2074589088335699,4,80.39118236109742,9.853251681609612,1,1,1,1.0,1,1.0,0,cju1d96gsv62d09881b3wecw2,kvasir-seg,segformer,polypseg/runs_repeat/segformer_seed42_fold0rep1/best.pth,False
0.8097560975562165,0.6803278688457404,0.9303173531272071,0.7168574401590336,0.3469501467384516,0.23573642337639764,4,22.80350850198276,2.9272314168480222,1,1,1,1.0,1,1.0,0,cju1ddr6p4k5z08780uuuzit2,kvasir-seg,segformer,polypseg/runs_repeat/segformer_seed42_fold0rep1/best.pth,False
0.9307098429271504,0.8703997102853179,0.9396471680548324,0.9219409282656217,0.5926314741097019,0.3991149616249488,4,49.725737344899855,5.986310013931709,1,2,1,1.0,1,1.0,1,cju1dhfok4mhe0878jlgrag0h,kvasir-seg,segformer,polypseg/runs_repeat/segformer_seed42_fold0rep1/best.pth,False
0.9094423504375436,0.8339241403720581,0.8700073964456823,0.9526219882519101,0.2766079708307625,0.12635889704736206,4,12.806248474865697,1.568370099444875,1,1,1,1.0,1,1.0,0,cju1efbr0rqxz09931z0lf4vf,kvasir-seg,segformer,polypseg/runs_repeat/segformer_seed42_fold0rep1/best.pth,False
0.9685588653412168,0.9390345534955141,0.9512151565807568,0.986546783180976,0.7929013252442881,0.533386714629406,4,17.11724276862369,2.0834783947395454,1,2,1,1.0,1,1.0,1,cju1erep75us208553i4ofwwe,kvasir-seg,segformer,polypseg/runs_repeat/segformer_seed42_fold0rep1/best.pth,False
0.9366212416168052,0.8807973962550117,0.9584635416641707,0.9157522828471156,0.569903783400537,0.29950068861762524,4,32.37281335368404,3.9615253443199085,1,1,1,1.0,1,1.0,0,cju1f5x1164xv08555654c24r,kvasir-seg,segformer,polypseg/runs_repeat/segformer_seed42_fold0rep1/best.pth,False
0.7413996461556559,0.5890667707911257,0.5935942500377902,0.987217520281881,0.3101672030602359,0.2566977705180749,4,116.30670432105718,14.23268196830215,1,2,1,1.0,1,1.0,1,cju1fjsb4sipq09931lvd8e41,kvasir-seg,segformer,polypseg/runs_repeat/segformer_seed42_fold0rep1/best.pth,False
0.9634655317729323,0.9295065058674646,0.952789525044922,0.9743834989771099,0.7998754946342407,0.7432773928806493,4,12.577622707954404,1.614559107726074,1,1,1,1.0,1,1.0,0,cju1fmsyf6gxb0801cimx2gle,kvasir-seg,segformer,polypseg/runs_repeat/segformer_seed42_fold0rep1/best.pth,False
0.9176125244588467,0.8477671307126633,0.8951320394470561,0.9412512545939026,0.6374396337238866,0.33948677330674054,4,16.382859636243175,2.0385365331253573,1,1,1,1.0,1,1.0,0,cju1hirfi7ekp0855q0vgm9qq,kvasir-seg,segformer,polypseg/runs_repeat/segformer_seed42_fold0rep1/best.pth,False
0.9494085074232813,0.9036895064652843,0.9421665449758208,0.9567626629167378,0.659601320952155,0.4078604687653808,4,11.661903789690601,1.4591248013289067,1,1,1,1.0,1,1.0,0,cju2i03ptvkiu0799xbbd4det,kvasir-seg,segformer,polypseg/runs_repeat/segformer_seed42_fold0rep1/best.pth,False
0.8950880921124085,0.8100990547053373,0.9745051488697063,0.8276397914355076,0.6089995210303678,0.4191236229118042,4,120.31561552622208,14.830910120301025,1,1,1,1.0,1,1.0,0,cju2iatlki5u309930zmgkv6h,kvasir-seg,segformer,polypseg/runs_repeat/segformer_seed42_fold0rep1/best.pth,False
0.9437431864459325,0.8934789099920201,0.9711773878310217,0.9178163487114551,0.4266641959829873,0.23473369370797792,4,94.57153707038508,11.385141168860432,1,2,1,1.0,1,1.0,1,cju2igw4gvxds0878808qj398,kvasir-seg,segformer,polypseg/runs_repeat/segformer_seed42_fold0rep1/best.pth,False
0.9588952152608159,0.92103621971254,0.9238283129586958,0.9967293115927903,0.7401919683660443,0.5303328936745084,4,9.0,1.1552321625784634,1,1,1,1.0,1,1.0,0,cju2lcyfgkf5809932fn9gucn,kvasir-seg,segformer,polypseg/runs_repeat/segformer_seed42_fold0rep1/best.pth,False
0.9742479313253054,0.9497889022871442,0.9704704190582863,0.978054966094001,0.9171188607608066,0.6262350642082176,4,4.47213595499958,0.551430993566396,1,1,1,1.0,1,1.0,0,cju2lz8vqktne0993fuym6drw,kvasir-seg,segformer,polypseg/runs_repeat/segformer_seed42_fold0rep1/best.pth,False
0.9162046757402673,0.8453668836097487,0.9419825850713285,0.8918000413307038,0.6127309428067219,0.40541869344823916,4,41.0,4.954343641390767,2,2,2,1.0,2,1.0,0,cju2ma647l0nj0993ot4deq2q,kvasir-seg,segformer,polypseg/runs_repeat/segformer_seed42_fold0rep1/best.pth,False
0.8809293052351218,0.7871971890213861,0.9741556174756586,0.8039879703788219,0.587136310593292,0.38678473389863666,4,89.18796663283455,11.0140500988786,1,1,1,1.0,1,1.0,0,cju2nfnvxzdkd0878399axlco,kvasir-seg,segformer,polypseg/runs_repeat/segformer_seed42_fold0rep1/best.pth,False
0.9634859944359507,0.9295445978191503,0.9316014823859756,0.9976303774038229,0.5222574505911027,0.36317361440027685,4,12.727922061357855,1.6046860273142165,1,1,1,1.0,1,1.0,0,cju2nguelpmlj0835rojdn097,kvasir-seg,segformer,polypseg/runs_repeat/segformer_seed42_fold0rep1/best.pth,False
0.9838454074239038,0.9682044588606503,0.973314037625689,0.9946071713766061,0.8352045157071717,0.46915022946819623,4,6.0,0.765821490027329,1,1,1,1.0,1,1.0,0,cju2okvco06xc0799kxe5n1qh,kvasir-seg,segformer,polypseg/runs_repeat/segformer_seed42_fold0rep1/best.pth,False
0.9750180305979349,0.9512538363642853,0.9710469407864695,0.9790217332678647,0.6030863005660496,0.48023979148869167,4,15.676312711250013,2.010441378638195,1,1,1,1.0,1,1.0,0,cju2qdj95ru8g09886gfi9rsz,kvasir-seg,segformer,polypseg/runs_repeat/segformer_seed42_fold0rep1/best.pth,False
0.8318169330454083,0.7120604266366598,0.9205565690134114,0.7586816815023917,0.2128144277725992,0.1430280576669974,4,47.427312539470364,5.808381668520796,1,1,1,1.0,1,1.0,0,cju2qfie4rvz508357kad9z5o,kvasir-seg,segformer,polypseg/runs_repeat/segformer_seed42_fold0rep1/best.pth,False
0.9041249021839097,0.8250255015244813,0.8855474452490105,0.923498515635811,0.46555428075953387,0.32432427436085504,4,18.0,2.3765964351353515,1,1,1,1.0,1,1.0,0,cju2qu37qobl50993aw7ghcfq,kvasir-seg,segformer,polypseg/runs_repeat/segformer_seed42_fold0rep1/best.pth,False
0.8326741911206424,0.7133177256827865,0.9955952209572541,0.7155760177945109,0.4724895093862996,0.24955284238548328,4,117.76474206097203,15.34424315465024,1,1,1,1.0,1,1.0,0,cju2raxlosl630988jdbfy9b0,kvasir-seg,segformer,polypseg/runs_repeat/segformer_seed42_fold0rep1/best.pth,False
0.9744403513715657,0.9501547303218935,0.9952535309041719,0.9544798490010298,0.9144456792934661,0.6830214819539343,4,5.0,0.6123456461597834,1,1,1,1.0,1,1.0,0,cju2rga4psq9n09881z519xx0,kvasir-seg,segformer,polypseg/runs_repeat/segformer_seed42_fold0rep1/best.pth,False
0.9105193217446335,0.8357370074728523,0.9525122889722802,0.872072659143746,0.5525709423816264,0.4125544722342698,4,124.51606048851032,15.380043919489548,2,1,1,0.5,1,0.5,0,cju2rz4k434s70855wwx3ddtx,kvasir-seg,segformer,polypseg/runs_repeat/segformer_seed42_fold0rep1/best.pth,False
0.9729770760576729,0.9473762010324036,0.9659867363319785,0.9800693240876234,0.72392192642183,0.6291677464151404,4,9.433981132056603,1.227005540272711,1,1,1,1.0,1,1.0,0,cju2saez63gxl08559ucjq3kt,kvasir-seg,segformer,polypseg/runs_repeat/segformer_seed42_fold0rep1/best.pth,False
0.8788698456185506,0.7839141978153653,0.9782797338847241,0.7977997941310735,0.5223552706790503,0.27406087225738934,4,45.245968213707755,5.891751736521673,1,1,1,1.0,1,1.0,0,cju2t9tdwuk700835kv0ljmtl,kvasir-seg,segformer,polypseg/runs_repeat/segformer_seed42_fold0rep1/best.pth,False
0.9663090951821062,0.9348143537669432,0.9484831556169427,0.9848179158655683,0.6929515396282088,0.508584226407294,4,12.072683124894002,1.489618294224587,1,1,1,1.0,1,1.0,0,cju2tqfgw4oat0799rn0g5b2z,kvasir-seg,segformer,polypseg/runs_repeat/segformer_seed42_fold0rep1/best.pth,False
0.7909278350479224,0.6541609822597076,0.6775257084490343,0.9499229583870797,0.463412350498393,0.15137493959136142,4,38.01315561749642,4.765110022994427,1,1,1,1.0,1,1.0,0,cju2trtjf4qjd0878a2zle9v9,kvasir-seg,segformer,polypseg/runs_repeat/segformer_seed42_fold0rep1/best.pth,False
0.9619782263747361,0.9267418572686124,0.9814690779082219,0.9432464327760621,0.863470653688154,0.7712456739611953,4,7.615773105863909,0.9699048730505127,1,1,1,1.0,1,1.0,0,cju2urqpwvxw70835rvndvtsi,kvasir-seg,segformer,polypseg/runs_repeat/segformer_seed42_fold0rep1/best.pth,False
0.5141047655140956,0.3459899147546344,0.9491930171199835,0.3525184256388498,0.45817188567928946,0.3145900048039835,4,276.9700036179445,34.26629117975668,1,2,1,1.0,0,0.0,1,cju2uzabhs6er0993x3aaf87p,kvasir-seg,segformer,polypseg/runs_repeat/segformer_seed42_fold0rep1/best.pth,False
0.9703876226890412,0.9424785910435586,0.9694736842051552,0.971303285962637,0.8854336652210859,0.6128854125580417,4,5.0,0.6134895436233301,1,1,1,1.0,1,1.0,0,cju2wve9v7esz0878mxsdcy04,kvasir-seg,segformer,polypseg/runs_repeat/segformer_seed42_fold0rep1/best.pth,False
0.9739811147187163,0.949281858931572,0.9578694729050903,0.990644034137837,0.6344236866658062,0.5151746848280069,4,12.89343666117612,1.5790479607016261,1,1,1,1.0,1,1.0,0,cju2wzu8wxtgu09880ku9x1pg,kvasir-seg,segformer,polypseg/runs_repeat/segformer_seed42_fold0rep1/best.pth,False
0.9616533285493907,0.926138981315291,0.9335883328062626,0.9914579679961532,0.7053822312931497,0.24366389706837158,9,67.18221480638404,3.903565732241697,1,1,1,1.0,1,1.0,0,cju2x7vw87mu30878hye2ca0m,kvasir-seg,segformer,polypseg/runs_repeat/segformer_seed42_fold0rep1/best.pth,False
0.8163197335548268,0.689645469892302,0.6912481386211236,0.9966493713488774,0.45051128402585777,0.2921263294682539,4,141.3530426688782,17.327543774618807,1,1,1,1.0,1,1.0,0,cju2xlcqxy9c60988vjacdznb,kvasir-seg,segformer,polypseg/runs_repeat/segformer_seed42_fold0rep1/best.pth,False
0.9674124991225591,0.936881860666046,0.9938033202660338,0.9423870562177944,0.5695038372651451,0.35450987966029585,4,10.153590005366173,1.2444881995312285,1,1,1,1.0,1,1.0,0,cju2xyd9vyi7m098831qcucse,kvasir-seg,segformer,polypseg/runs_repeat/segformer_seed42_fold0rep1/best.pth,False
0.9680850285640324,0.9381441837372394,0.9729316454192979,0.963286458786847,0.7038689410213558,0.471776700934128,4,13.425660997185565,1.7511162383669916,1,1,1,1.0,1,1.0,0,cju2y0z6g87p10878fpk5d3rq,kvasir-seg,segformer,polypseg/runs_repeat/segformer_seed42_fold0rep1/best.pth,False
0.9349627243579541,0.8778685457692758,0.9393140721927693,0.9306515056327285,0.5965159455822062,0.3170627641428862,4,22.05889309867108,2.7170637221220386,1,1,1,1.0,1,1.0,0,cju2y8s56ymqr083541ggdsml,kvasir-seg,segformer,polypseg/runs_repeat/segformer_seed42_fold0rep1/best.pth,False
0.9723730161465955,0.9462314939418804,0.9537084138756847,0.9917827543625608,0.7979547296232841,0.5502879429229721,4,20.523760278895374,2.511875551242179,1,1,1,1.0,1,1.0,0,cju2yb31a8e8u0878wdashg7o,kvasir-seg,segformer,polypseg/runs_repeat/segformer_seed42_fold0rep1/best.pth,False
0.9615891453903969,0.9260199285492947,0.9641773514635981,0.9590147974984519,0.7973938580077031,0.6361410941668284,3,5.385164807134504,0.9331681950514579,1,1,1,1.0,1,1.0,0,cju2zdvjn9h7r08553cp4eed5,kvasir-seg,segformer,polypseg/runs_repeat/segformer_seed42_fold0rep1/best.pth,False
0.9719814792814734,0.9454902413646337,0.9663882904920282,0.9776397886348699,0.8296773660681844,0.5388615166990909,4,7.0,0.8566038764463331,1,1,1,1.0,1,1.0,0,cju2zi4l09f5807991s8do2b2,kvasir-seg,segformer,polypseg/runs_repeat/segformer_seed42_fold0rep1/best.pth,False
0.9552373029947723,0.9143103077214791,0.9947555721998746,0.918738917956499,0.8103034096650562,0.6077630442737942,4,20.42080779665598,2.5005660249571484,1,1,1,1.0,1,1.0,0,cju2zm0axztpe0988r8s9twjr,kvasir-seg,segformer,polypseg/runs_repeat/segformer_seed42_fold0rep1/best.pth,False
0.9589934229284587,0.9212174486218963,0.9727346559812885,0.9456350101404732,0.9045876173381938,0.6739604571365269,4,6.131121088305925,0.7502774416006736,1,1,1,1.0,1,1.0,0,cju2zp89k9q1g0855k1x0f1xa,kvasir-seg,segformer,polypseg/runs_repeat/segformer_seed42_fold0rep1/best.pth,False
0.4475454271644495,0.28828246249229056,0.34837197186585894,0.6256549401139067,0.1687751701384001,0.09616827795689296,4,283.3183599509845,34.69775283862314,1,2,1,1.0,1,1.0,1,cju2zy1e49pqk0878t6ncqn12,kvasir-seg,segformer,polypseg/runs_repeat/segformer_seed42_fold0rep1/best.pth,False
0.9663895916138049,0.9349650349619215,0.9385592512086293,0.9959208286003266,0.7928952012865559,0.41858603918100695,4,7.810249675906654,0.9402490207816353,1,1,1,1.0,1,1.0,0,cju303j5r062k098835zxfds5,kvasir-seg,segformer,polypseg/runs_repeat/segformer_seed42_fold0rep1/best.pth,False
0.9633327321141166,0.929259331278665,0.9475095745448073,0.9796933501645684,0.5630624612910747,0.3628864550671605,4,16.15549442140351,2.025799575854646,1,1,1,1.0,1,1.0,0,cju30ftgja7170855xl9bkdm0,kvasir-seg,segformer,polypseg/runs_repeat/segformer_seed42_fold0rep1/best.pth,False
0.9698148058110878,0.9413985090075426,0.9803459119448685,0.9595075502502668,0.8964703425576448,0.5935706185817211,4,5.0,0.6423997597322564,1,1,1,1.0,1,1.0,0,cju30lncba3ny0878jwnous8n,kvasir-seg,segformer,polypseg/runs_repeat/segformer_seed42_fold0rep1/best.pth,False
0.9712494982561231,0.9441059776979146,0.9516304811355544,0.9916944833978631,0.46378041953142807,0.31132598660185834,4,15.011653732430515,1.8384641609424175,1,1,1,1.0,1,1.0,0,cju30qbm1ad3x0855znuhpz9u,kvasir-seg,segformer,polypseg/runs_repeat/segformer_seed42_fold0rep1/best.pth,False
0.9670709324486862,0.9362413769042706,0.9437381470782337,0.9915867158634997,0.8117276199816101,0.5990554618442872,4,11.0,1.3433827623399113,1,1,1,1.0,1,1.0,0,cju31ugmfb3dz0855xtqshki6,kvasir-seg,segformer,polypseg/runs_repeat/segformer_seed42_fold0rep1/best.pth,False
0.9387903210402129,0.884641687362321,0.9882192111288602,0.8940705711163051,0.3990037836803086,0.23988127042717697,4,105.16792299313767,12.650787581270354,1,1,1,1.0,1,1.0,0,cju32phw2bv130801yj7bkouq,kvasir-seg,segformer,polypseg/runs_repeat/segformer_seed42_fold0rep1/best.pth,False
0.9615153615131404,0.9258830856796606,0.9618264164850641,0.9612045076622889,0.7566299425024413,0.579764725258324,4,8.644070786487937,1.0398066277724145,1,1,1,1.0,1,1.0,0,cju32srle1xfq083575i3fl75,kvasir-seg,segformer,polypseg/runs_repeat/segformer_seed42_fold0rep1/best.pth,False
0.7711629087044212,0.6275550389607577,0.6340325259778005,0.983981199490439,0.4618307323689254,0.2774112264554362,4,196.7891743738247,24.062373364041957,1,1,1,1.0,1,1.0,0,cju32zhbnc1oy0801iyv1ix6p,kvasir-seg,segformer,polypseg/runs_repeat/segformer_seed42_fold0rep1/best.pth,False
0.9183809791175752,0.8490799083473273,0.8530808244292416,0.9945067617129794,0.4663419527993918,0.21065658835627807,4,35.4400902933387,4.26313500734748,1,1,1,1.0,1,1.0,0,cju33eqwbcch208012jikwdky,kvasir-seg,segformer,polypseg/runs_repeat/segformer_seed42_fold0rep1/best.pth,False
0.6552971279069343,0.4873174152494721,0.4986960022399892,0.955273172283859,0.13967539734330772,0.08093409105284131,4,132.41223508422476,16.266196532272062,1,1,1,1.0,0,0.0,0,cju34ds2531520988qjpqt6e3,kvasir-seg,segformer,polypseg/runs_repeat/segformer_seed42_fold0rep1/best.pth,False
0.9768805495041433,0.9548059603702151,0.9686368317852133,0.9852657902707401,0.8994262108207708,0.6275999944176711,4,6.4031242374328485,0.8320588803555803,1,1,1,1.0,1,1.0,0,cju34eqjpcpm508788b3lhp97,kvasir-seg,segformer,polypseg/runs_repeat/segformer_seed42_fold0rep1/best.pth,False
0.9664786276296753,0.9351317287354294,0.9584340361686824,0.9746594063171656,0.5766764219040174,0.3265256732340016,4,10.63014581273465,1.301864701294343,1,1,1,1.0,1,1.0,0,cju34i3qvcyog0855qiejxx5w,kvasir-seg,segformer,polypseg/runs_repeat/segformer_seed42_fold0rep1/best.pth,False
0.9450393923661013,0.8958053841324631,0.8976921353336356,0.9976592459767292,0.412058071927898,0.28787943758144585,4,19.543205014940085,2.350877798712037,1,1,1,1.0,1,1.0,0,cju34ouumcznz07996gg1xq7v,kvasir-seg,segformer,polypseg/runs_repeat/segformer_seed42_fold0rep1/best.pth,False
0.9584945408856959,0.9202971837524494,0.9456413125986425,0.971701987838953,0.6921061739110906,0.3910323144032422,4,8.6536172634861,1.0837488197166145,1,1,1,1.0,1,1.0,0,cju35eg0tdmjt085525sb4bua,kvasir-seg,segformer,polypseg/runs_repeat/segformer_seed42_fold0rep1/best.pth,False
0.6447750125413633,0.4757697197942512,0.9767388072014261,0.48122222403060344,0.38400836610025085,0.2865296355584795,4,178.5916539390257,21.854614723590203,1,1,1,1.0,0,0.0,0,cju3tsh4lfsok0987w6x3a0v1,kvasir-seg,segformer,polypseg/runs_repeat/segformer_seed42_fold0rep1/best.pth,False
0.1662755280363196,0.09067639690616122,0.3454356846401362,0.10948905109417051,0.1178348989910281,0.08185199529439792,4,225.88377183601256,27.619911878237748,10,2,1,0.1,1,0.1,1,cju3uhb79gcgr0871orbrbi3x,kvasir-seg,segformer,polypseg/runs_repeat/segformer_seed42_fold0rep1/best.pth,False
0.7948665853975435,0.6595672941819062,0.6777537173359961,0.9609071185846293,0.2670292650410157,0.1598554655546063,4,49.09175083453431,6.007454866628513,1,1,1,1.0,1,1.0,0,cju3v11mrgwwb0755u242ygye,kvasir-seg,segformer,polypseg/runs_repeat/segformer_seed42_fold0rep1/best.pth,False
0.9592839356597365,0.9217537506426894,0.9686494812623175,0.9500977603939295,0.7651343268648494,0.5595770957337356,4,12.638840972510561,1.6116671017483712,1,1,1,1.0,1,1.0,0,cju3v3ac9gyz30755hfqwyp1i,kvasir-seg,segformer,polypseg/runs_repeat/segformer_seed42_fold0rep1/best.pth,False
0.8925464464754175,0.8059448124346149,0.951718987473204,0.8403012354809584,0.8124982285610288,0.21704731414715314,8,305.2212312405544,19.35730418523904,2,1,1,0.5,1,0.5,0,cju3x4blzieu30850x10uuvbm,kvasir-seg,segformer,polypseg/runs_repeat/segformer_seed42_fold0rep1/best.pth,False
0.9488835158556425,0.9027386880228255,0.9566938166745629,0.9411997065575238,0.6902772616949959,0.48538431625279943,4,9.486832980505138,1.1609225580428029,1,1,1,1.0,1,1.0,0,cju3x9lttikfb0818a0g104zn,kvasir-seg,segformer,polypseg/runs_repeat/segformer_seed42_fold0rep1/best.pth,False
0.954906188356388,0.913703801244994,0.9602893415984641,0.9495830520209667,0.5605250762546455,0.3480540979028089,4,18.01526600752597,2.2080649254040474,1,1,1,1.0,1,1.0,0,cju40r6jrksyk0871wg98zgho,kvasir-seg,segformer,polypseg/runs_repeat/segformer_seed42_fold0rep1/best.pth,False
0.9787708459121597,0.9584243085837044,0.9785890111886183,0.9789527482182829,0.9371896562181624,0.7684508967643244,4,4.194826662518638,0.5565045960729794,1,1,1,1.0,1,1.0,0,cju41kd7yl4nm0850gil5qqwh,kvasir-seg,segformer,polypseg/runs_repeat/segformer_seed42_fold0rep1/best.pth,False
0.9274612761547661,0.8647345364180974,0.9838019787231573,0.8772241107687966,0.5200952710700245,0.36099050404471456,4,35.35533905932738,4.444920350776819,1,1,1,1.0,1,1.0,0,cju41r6v2lcww0871ps8k8pf5,kvasir-seg,segformer,polypseg/runs_repeat/segformer_seed42_fold0rep1/best.pth,False
0.9160592203537917,0.8451192514897242,0.9967486083009175,0.8474554973786493,0.5304081780325225,0.3293943371202858,4,23.021728866442675,2.8786945809590017,1,1,1,1.0,1,1.0,0,cju42qet0lsq90871e50xbnuv,kvasir-seg,segformer,polypseg/runs_repeat/segformer_seed42_fold0rep1/best.pth,False
0.9531281925505573,0.9104535873143067,0.9776175706180097,0.9298357518662905,0.7339419287072614,0.42525395484410144,4,5.656854249492381,0.7144657203540927,1,1,1,1.0,1,1.0,0,cju43lcnum9y10755bjs7z87f,kvasir-seg,segformer,polypseg/runs_repeat/segformer_seed42_fold0rep1/best.pth,False
0.948150602869117,0.9014128880573361,0.9720879178293075,0.9253638512229746,0.5910589769266259,0.41595099356283066,4,23.08679276123039,2.90279601207727,1,1,1,1.0,1,1.0,0,cju45jpvfn6c809873pv1i34s,kvasir-seg,segformer,polypseg/runs_repeat/segformer_seed42_fold0rep1/best.pth,False
0.9679308421624714,0.9378546338799187,0.9545329544383704,0.9817101913799638,0.8205667031526686,0.6986925932809924,4,12.247245931013522,1.4987197628996802,1,1,1,1.0,1,1.0,0,cju45n0oxn5vu08500yfrt9jn,kvasir-seg,segformer,polypseg/runs_repeat/segformer_seed42_fold0rep1/best.pth,False
0.9525224079610808,0.909348720393142,0.9357525794047462,0.9699042766222282,0.3567951250408637,0.1904493355169452,4,78.10478743816856,9.55783766979315,1,2,1,1.0,1,1.0,1,cju45ofd9ne1j0801ri8dup7t,kvasir-seg,segformer,polypseg/runs_repeat/segformer_seed42_fold0rep1/best.pth,False
0.9403127383658652,0.8873492891816183,0.9857268511075254,0.89889893539121,0.5049782953721377,0.27981871001253533,4,14.317821063276353,1.752338956759626,1,1,1,1.0,1,1.0,0,cju45qbf3n9sa0987oonbkly9,kvasir-seg,segformer,polypseg/runs_repeat/segformer_seed42_fold0rep1/best.pth,False
0.908493447247635,0.8323298151135782,0.8395255787337828,0.9898070929113394,0.4143903565205757,0.3159659299612697,4,20.787833306414615,2.547888306498767,1,1,1,1.0,1,1.0,0,cju5b9oyda4yr0850g9viziyv,kvasir-seg,segformer,polypseg/runs_repeat/segformer_seed42_fold0rep1/best.pth,False
0.9448735548519792,0.8955074144875834,0.9978341367952287,0.8972514528006996,0.6880592780250536,0.5334400288704119,4,21.470910553583888,2.6923200465495,1,1,1,1.0,1,1.0,0,cju5bbtwsa8cl0987wgfsqpao,kvasir-seg,segformer,polypseg/runs_repeat/segformer_seed42_fold0rep1/best.pth,False
0.9728533593515248,0.9471416454590428,0.9731924980792959,0.9725144569045756,0.8746558982804039,0.6218320212125863,4,7.280109889280518,0.8901745883355999,1,1,1,1.0,1,1.0,0,cju5bf6hxa6m50817rbwettgu,kvasir-seg,segformer,polypseg/runs_repeat/segformer_seed42_fold0rep1/best.pth,False
0.5786732135658799,0.40713593741357523,0.9710100701819129,0.4121456590918286,0.1896035714803043,0.1506470354844766,4,106.24114537161837,12.790005063543303,1,1,1,1.0,0,0.0,0,cju5ca9hcatkc0801jzwe7tfx,kvasir-seg,segformer,polypseg/runs_repeat/segformer_seed42_fold0rep1/best.pth,False
0.9238508053702471,0.8584783689663924,0.8874267502781565,0.963392857137481,0.5653265831670962,0.40300746879982535,4,17.72426758007412,2.17239831794259,1,1,1,1.0,1,1.0,0,cju5cky5xb0ay0801oxet697t,kvasir-seg,segformer,polypseg/runs_repeat/segformer_seed42_fold0rep1/best.pth,False
0.9522007314537794,0.9087625464512107,0.99291659287992,0.914692550599617,0.6043476348715107,0.4543839562730645,4,31.707966849795813,3.9422251860095883,1,1,1,1.0,1,1.0,0,cju5eftctcdbj08712gdp989f,kvasir-seg,segformer,polypseg/runs_repeat/segformer_seed42_fold0rep1/best.pth,False
0.9539483675000874,0.9119515116288174,0.9279488883930572,0.9814467619678875,0.5866799453644764,0.33566690615872236,4,8.94427190999916,1.1045510132580587,1,1,1,1.0,1,1.0,0,cju5f26ebcuai0818xlwh6116,kvasir-seg,segformer,polypseg/runs_repeat/segformer_seed42_fold0rep1/best.pth,False
0.10329357697771216,0.054459443867501664,0.05446740418194693,0.9973235666854864,0.06585953926860295,0.06032659096900497,4,277.9206714882141,33.431442586070986,1,2,0,0.0,0,0.0,2,cju5fi0yxd3ei0801v7u0yudn,kvasir-seg,segformer,polypseg/runs_repeat/segformer_seed42_fold0rep1/best.pth,False
0.9722916269834821,0.9460773625202867,0.9553260821679613,0.9898706454018893,0.7263319487681807,0.45362234297701876,4,7.0,0.8566038764463331,1,1,1,1.0,1,1.0,0,cju5ft6mcd5q40987rhjgbrr6,kvasir-seg,segformer,polypseg/runs_repeat/segformer_seed42_fold0rep1/best.pth,False
0.922540847598998,0.8562188604024709,0.9797657302768119,0.8716317158175702,0.5159031936120109,0.36036379949658687,4,32.34190109824552,3.957742550343004,1,1,1,1.0,1,1.0,0,cju5hjxaae3i40850h5z2laf5,kvasir-seg,segformer,polypseg/runs_repeat/segformer_seed42_fold0rep1/best.pth,False
0.928911456679749,0.8672592592580912,0.8703538507273398,0.9959169785625972,0.701440067482195,0.5793282891647668,4,49.232563061621704,6.188937861078558,1,1,1,1.0,1,1.0,0,cju5hqz50e7o90850e0prlpa0,kvasir-seg,segformer,polypseg/runs_repeat/segformer_seed42_fold0rep1/best.pth,False
0.9697208517866909,0.9412214674715708,0.9694916322576523,0.9699501797282905,0.7904885593428391,0.5403194235213482,4,6.708203932499369,0.8949826503825534,1,1,1,1.0,1,1.0,0,cju5hwonqedw10801vsd3w6kk,kvasir-seg,segformer,polypseg/runs_repeat/segformer_seed42_fold0rep1/best.pth,False
0.7859011084768595,0.6473122691767818,0.6473122691767818,0.9999999999841521,0.1553646013895522,0.05085677888016732,4,132.00397503124847,16.179241936180507,1,2,1,1.0,1,1.0,1,cju5k7r0yf98c09878csbxb4d,kvasir-seg,segformer,polypseg/runs_repeat/segformer_seed42_fold0rep1/best.pth,False
0.9648966500313395,0.9321742124209659,0.9912136188816473,0.9399409824601637,0.8100613590664867,0.7040366799634927,4,5.141941307624036,0.6581553117649406,1,1,1,1.0,1,1.0,0,cju5klveuff6w0871wbibgh3m,kvasir-seg,segformer,polypseg/runs_repeat/segformer_seed42_fold0rep1/best.pth,False
0.9605617702255222,0.9241162607939974,0.9717495456718012,0.9496286729016012,0.817180002793132,0.5857684607275754,4,6.4031242374328485,0.8219536231525395,1,1,1,1.0,1,1.0,0,cju5u4pywk81x0817vn9pe14z,kvasir-seg,segformer,polypseg/runs_repeat/segformer_seed42_fold0rep1/best.pth,False
0.9656280375837487,0.9335404213084822,0.9430922180297379,0.9892672401842569,0.6879698944035209,0.5349643058150294,4,11.40175425099138,1.3726178694079973,1,1,1,1.0,1,1.0,0,cju5vxuc5loxw0818u8xgf45p,kvasir-seg,segformer,polypseg/runs_repeat/segformer_seed42_fold0rep1/best.pth,False
0.9353909201481225,0.8786238421696221,0.9639699089285735,0.9084577114371364,0.620537914538342,0.39712711519058713,4,15.746503388009256,1.979322598342863,1,1,1,1.0,1,1.0,0,cju5vzjoslpj708186z2fusmz,kvasir-seg,segformer,polypseg/runs_repeat/segformer_seed42_fold0rep1/best.pth,False
0.8720904401045688,0.7731918152953864,0.7848194055693616,0.9811986225256021,0.633106188416611,0.3370903912060813,4,79.31246828233294,9.540600976321526,1,1,1,1.0,1,1.0,0,cju5wcc90lu020850mjrxppv6,kvasir-seg,segformer,polypseg/runs_repeat/segformer_seed42_fold0rep1/best.pth,False
0.9520803036180893,0.9085431898124252,0.9760017453205148,0.9293034205724324,0.7400655877564349,0.5697164745452791,4,8.54400374531753,1.0472071289247245,1,1,1,1.0,1,1.0,0,cju5wqonpm0e60801z88ewmy1,kvasir-seg,segformer,polypseg/runs_repeat/segformer_seed42_fold0rep1/best.pth,False
0.9484066330195409,0.9018758227267939,0.9269406392667936,0.9708904109560378,0.5164980939029191,0.3763271844392464,4,65.4344168364185,8.305224382852295,1,1,1,1.0,1,1.0,0,cju5xopi0md7q0871r1sjc1av,kvasir-seg,segformer,polypseg/runs_repeat/segformer_seed42_fold0rep1/best.pth,False
0.9112792297072245,0.8370183196396318,0.8494270374160635,0.9828465461197695,0.7073650041894928,0.49821582435410205,4,189.68543766530195,24.392105181757007,1,2,1,1.0,1,1.0,1,cju5xq3tdm9fn0987pbedxdg5,kvasir-seg,segformer,polypseg/runs_repeat/segformer_seed42_fold0rep1/best.pth,False
0.511408525440114,0.3435519645114963,0.9773741380043387,0.3463061739430414,0.4108441353005072,0.30282385993287486,4,142.0228852070517,18.231135417312384,2,2,1,0.5,1,0.5,1,cju5yeqiwmkgl0801fzv2douc,kvasir-seg,segformer,polypseg/runs_repeat/segformer_seed42_fold0rep1/best.pth,False
0.9291019581311664,0.8675914249593569,0.9082508250725164,0.9509329647437118,0.6786958185928416,0.4138702237606723,4,10.014781507049337,1.290255050776525,1,1,1,1.0,1,1.0,0,cju5yhgznmkzb0801cji2vi8j,kvasir-seg,segformer,polypseg/runs_repeat/segformer_seed42_fold0rep1/best.pth,False
0.9596962986366349,0.9225155090565471,0.9837851861396822,0.9367588932748471,0.7207623079732434,0.4899588589810961,4,5.949285568453579,0.7514000558948146,1,1,1,1.0,1,1.0,0,cju5yimthmlv80850zhoc90c2,kvasir-seg,segformer,polypseg/runs_repeat/segformer_seed42_fold0rep1/best.pth,False
0.8993786426429392,0.8171553610431759,0.9836687387948195,0.8283939662748145,0.42996407299275136,0.26309164588401984,4,11.661903789690601,1.4293566750940596,1,1,1,1.0,1,1.0,0,cju5ymyd8mmdc0801ry3by1xr,kvasir-seg,segformer,polypseg/runs_repeat/segformer_seed42_fold0rep1/best.pth,False
0.9688776018316827,0.9396339402119418,0.9521719981062066,0.9861798645001838,0.6770907801958065,0.4952560222188745,4,15.132745950421556,1.8217790918405439,1,1,1,1.0,1,1.0,0,cju6uy20suzbl0987rzuhz7z9,kvasir-seg,segformer,polypseg/runs_repeat/segformer_seed42_fold0rep1/best.pth,False
0.9629366124732177,0.9285224259721057,0.9404937413717892,0.9864767701829167,0.6478899059727845,0.3973425629281284,4,60.855559262216495,7.320395149535713,1,4,1,1.0,1,1.0,3,cju6uzxk0v83p0801rcwnexdu,kvasir-seg,segformer,polypseg/runs_repeat/segformer_seed42_fold0rep1/best.pth,False
0.9460929354384814,0.8977005347545577,0.9696742144121437,0.9236313617555784,0.7965230546181389,0.5519932591950548,4,104.5511083136425,13.496084275310146,2,3,2,1.0,2,1.0,1,cju6v1m1xv07w09870ah3njy1,kvasir-seg,segformer,polypseg/runs_repeat/segformer_seed42_fold0rep1/best.pth,False
0.9513152728687092,0.9071508798178661,0.9383419545768075,0.9646523531893512,0.6906979084254219,0.4945058278584719,4,19.235384061671343,2.441130974328081,1,1,1,1.0,1,1.0,0,cju6vqarjv7yo0987q4b1btk1,kvasir-seg,segformer,polypseg/runs_repeat/segformer_seed42_fold0rep1/best.pth,False
0.8145027164783845,0.6870557425984464,0.8791287697252482,0.7587275356174608,0.517858019747468,0.3675369545649314,4,40.68159104859325,5.06264127855109,1,1,1,1.0,1,1.0,0,cju6vvb8svhed0801jjcquh5e,kvasir-seg,segformer,polypseg/runs_repeat/segformer_seed42_fold0rep1/best.pth,False
0.9685463175323767,0.9390109648115769,0.9734319364513219,0.9637094951825204,0.840702944793029,0.513276086864603,4,5.0,0.6401712815349196,1,1,1,1.0,1,1.0,0,cju6vvxsev9y30987kespucdg,kvasir-seg,segformer,polypseg/runs_repeat/segformer_seed42_fold0rep1/best.pth,False
0.9768823723062408,0.9548094430825723,0.987099182135228,0.9668748907205714,0.8606149498411133,0.5548181015250911,4,11.034865463056123,1.4620743973101862,1,1,1,1.0,1,1.0,0,cju6wll7wvo3y08502pagos8m,kvasir-seg,segformer,polypseg/runs_repeat/segformer_seed42_fold0rep1/best.pth,False
0.8712909122169048,0.7719357641819052,0.7813799405976909,0.9845839390828314,0.5701554107006579,0.3820273032372232,4,139.16407290340618,17.05921230671129,1,1,1,1.0,1,1.0,0,cju6x4t13vyw60755gtcf9ndu,kvasir-seg,segformer,polypseg/runs_repeat/segformer_seed42_fold0rep1/best.pth,False
0.9534749257970291,0.9110865561660734,0.9920590358506776,0.9177797566009284,0.6919555204618361,0.35569615259005666,4,10.04987562112089,1.2089127376727198,1,1,1,1.0,1,1.0,0,cju6x97w4vwua0850x0997r0a,kvasir-seg,segformer,polypseg/runs_repeat/segformer_seed42_fold0rep1/best.pth,False
0.9198178856644583,0.8515396371196824,0.8972035458859173,0.9436017078918483,0.23478726411715287,0.17250764298417828,4,55.04949549489641,6.756268727518244,1,2,1,1.0,1,1.0,1,cju6xifswvwbo0987nibtdr50,kvasir-seg,segformer,polypseg/runs_repeat/segformer_seed42_fold0rep1/best.pth,False
0.9729593072853199,0.947342509587997,0.9899466249362501,0.9565451532705954,0.7848171974048351,0.32478555669561693,4,6.708203932499369,0.8221998947793224,1,1,1,1.0,1,1.0,0,cju6ywm40wdbo0987pbftsvtg,kvasir-seg,segformer,polypseg/runs_repeat/segformer_seed42_fold0rep1/best.pth,False
0.9445664998566413,0.8949559585974308,0.9843756624952631,0.9078520314376337,0.6192280504510558,0.34978118254406537,4,96.27267764061665,11.799788173217717,2,1,1,0.5,1,0.5,0,cju6z9a9kwsl007552s49rx6i,kvasir-seg,segformer,polypseg/runs_repeat/segformer_seed42_fold0rep1/best.pth,False
0.958484969704313,0.9202795368514253,0.9282798503214116,0.9907218782125684,0.5230056723568554,0.4084509238387251,3,15.0,2.4105414954377413,1,1,1,1.0,1,1.0,0,cju76l27oyrw907551ri2a7fl,kvasir-seg,segformer,polypseg/runs_repeat/segformer_seed42_fold0rep1/best.pth,False
0.9638566940334138,0.930234928395606,0.9780849809731657,0.9500364317635576,0.787104832336039,0.5762812092924435,4,6.708203932499369,0.8208962132244993,1,1,1,1.0,1,1.0,0,cju774fmayxif0818u2g79usw,kvasir-seg,segformer,polypseg/runs_repeat/segformer_seed42_fold0rep1/best.pth,False
0.9402115968139907,0.8871691688524441,0.989811776886636,0.8953452046165624,0.6316940985877424,0.3657904054724383,4,7.0710678118654755,0.9076361066711462,1,1,1,1.0,1,1.0,0,cju77b3wyz4160755qis4ljsb,kvasir-seg,segformer,polypseg/runs_repeat/segformer_seed42_fold0rep1/best.pth,False
0.9051630331386028,0.826756001611328,0.8406026514390131,0.98046520828707,0.588901844740814,0.42462688329153864,4,189.39112967612817,23.58544578781173,1,2,1,1.0,1,1.0,1,cju77idwfz36d0871tzfzz51i,kvasir-seg,segformer,polypseg/runs_repeat/segformer_seed42_fold0rep1/best.pth,False
0.8247103972695176,0.7017082388489744,0.9834322033856634,0.710102802592369,0.47048177292767046,0.22581127825960076,4,60.045812810500884,7.4566738968311554,1,1,1,1.0,1,1.0,0,cju77q10sz9ug0801449wu1nu,kvasir-seg,segformer,polypseg/runs_repeat/segformer_seed42_fold0rep1/best.pth,False
0.7750384643549435,0.6327043272806223,0.6337846743735133,0.9973130951211591,0.3139129740435437,0.25363448121204607,3,63.524782413605074,9.19636451869103,1,1,1,1.0,1,1.0,0,cju77re6fz5bb0817vp9redjg,kvasir-seg,segformer,polypseg/runs_repeat/segformer_seed42_fold0rep1/best.pth,False
0.954730417085683,0.9133819951249306,0.9612823926973134,0.9482671516525384,0.8957153619858728,0.5829663813851845,4,6.4031242374328485,0.8713701709818243,1,1,1,1.0,1,1.0,0,cju7ae7bq1f820987toc8si1d,kvasir-seg,segformer,polypseg/runs_repeat/segformer_seed42_fold0rep1/best.pth,False
0.9508484889427664,0.9063023585455193,0.9938520245848784,0.9114120925350825,0.7602889022329782,0.37216915476253115,4,5.830951894845301,0.7180272867675777,1,1,1,1.0,1,1.0,0,cju7afqon1ip40850ue2308b6,kvasir-seg,segformer,polypseg/runs_repeat/segformer_seed42_fold0rep1/best.pth,False
0.9638238993686444,0.9301738370353978,0.9404487210911657,0.988390691909662,0.7778855518010767,0.4868597368651525,4,6.082762530298219,0.743769079547034,1,1,1,1.0,1,1.0,0,cju7aifyo1p3n07552nxjx51f,kvasir-seg,segformer,polypseg/runs_repeat/segformer_seed42_fold0rep1/best.pth,False
0.968830161664128,0.9395447050969322,0.9591601700893009,0.9786971194378128,0.7409230665634532,0.44032704359966013,4,6.4031242374328485,0.7893274420651376,1,1,1,1.0,1,1.0,0,cju7aklv31h4309871m29l4e7,kvasir-seg,segformer,polypseg/runs_repeat/segformer_seed42_fold0rep1/best.pth,False
0.926413827821517,0.8629152012471164,0.8761307728897154,0.9828200106774843,0.711030567564659,0.5456459838382638,4,29.647876470830823,3.6860958600303,1,1,1,1.0,1,1.0,0,cju7azuu31mia0801pf9ib5ed,kvasir-seg,segformer,polypseg/runs_repeat/segformer_seed42_fold0rep1/best.pth,False
0.9736136955694573,0.9485840675842178,0.9605301806397395,0.9870585571951892,0.8520945317817444,0.5575917647695889,4,5.0,0.6424411199340182,1,1,1,1.0,1,1.0,0,cju7b2l561oas0871decgslaf,kvasir-seg,segformer,polypseg/runs_repeat/segformer_seed42_fold0rep1/best.pth,False
0.9759379672441879,0.9530066890751536,0.9903494998306481,0.9619398509108698,0.7356031819019916,0.47589885280729094,4,7.211102550927978,0.910768662469661,1,1,1,1.0,1,1.0,0,cju7bgnvb1sf808717qa799ir,kvasir-seg,segformer,polypseg/runs_repeat/segformer_seed42_fold0rep1/best.pth,False
0.9545944188121407,0.9131330805862612,0.9862458527560936,0.9249113824331184,0.7004327166532505,0.5214094420321046,4,49.60340811709584,6.373043491264685,1,1,1,1.0,1,1.0,0,cju7cl8zm1xcu0817ado0jpas,kvasir-seg,segformer,polypseg/runs_repeat/segformer_seed42_fold0rep1/best.pth,False
0.9137242978204673,0.8411532136704764,0.9776340937701694,0.8576575933756996,0.537664461940372,0.3286382046153971,4,28.17001814026176,3.4818873627337332,1,1,1,1.0,1,1.0,0,cju7cue9b232j0801qdzk1ykj,kvasir-seg,segformer,polypseg/runs_repeat/segformer_seed42_fold0rep1/best.pth,False
0.959186130507489,0.9215731636773609,0.9740204168947074,0.9447969166902522,0.613240602544913,0.3424124966064498,4,92.86947181550697,11.910238867344008,1,1,1,1.0,1,1.0,0,cju7d1tvt25bu08019dvw3uff,kvasir-seg,segformer,polypseg/runs_repeat/segformer_seed42_fold0rep1/best.pth,False
0.6408839779001709,0.47154471544674137,0.9918366594781509,0.4733819403519113,0.47835705418010444,0.3754571842211372,4,198.10775039096256,25.598436058130098,1,2,1,1.0,0,0.0,1,cju7d5m0p23kn09871rk7pu3v,kvasir-seg,segformer,polypseg/runs_repeat/segformer_seed42_fold0rep1/best.pth,False
0.9730026646709212,0.9474247217585465,0.9906237357488146,0.9559975196909813,0.7425329580935922,0.48408104855297146,4,6.0,0.8035304331665313,1,1,1,1.0,1,1.0,0,cju7d7tly27h408016fyp5nr7,kvasir-seg,segformer,polypseg/runs_repeat/segformer_seed42_fold0rep1/best.pth,False
0.9762231551747051,0.9535507274940326,0.9957588734239935,0.9574392271746007,0.7137859455005451,0.5006898338471979,4,14.343917072921254,1.726814703964194,1,1,1,1.0,1,1.0,0,cju7dbppn28nx085097654msi,kvasir-seg,segformer,polypseg/runs_repeat/segformer_seed42_fold0rep1/best.pth,False
0.7767098885615417,0.6349351484973699,0.6377717052366539,0.9930439081213378,0.05076516289366688,0.016198274693935116,4,102.66984642124426,12.583865632884015,1,2,1,1.0,1,1.0,1,cju7ddtz729960801uazp1knc,kvasir-seg,segformer,polypseg/runs_repeat/segformer_seed42_fold0rep1/best.pth,False
0.980194045756813,0.9611574061501037,0.9812805697572562,0.9791099252042837,0.5673967611959548,0.35018814128307296,4,13.896038418223233,1.8108342912422155,1,1,1,1.0,1,1.0,0,cju7dhpsc2dnn0818025m6857,kvasir-seg,segformer,polypseg/runs_repeat/segformer_seed42_fold0rep1/best.pth,False
0.9279903468122533,0.8656548418689748,0.8978984633892064,0.9601691502176393,0.5962651591901287,0.4086755865631828,4,24.03538597629122,2.943592791270368,1,1,1,1.0,1,1.0,0,cju7dizi82h2i0755doucgnt3,kvasir-seg,segformer,polypseg/runs_repeat/segformer_seed42_fold0rep1/best.pth,False
0.8110993433577397,0.6822263397923238,0.9977071391297669,0.6832976445371759,0.47150995266160506,0.24201523283108997,4,128.62063932076364,15.959504906638786,3,1,1,0.3333333333333333,1,0.3333333333333333,0,cju7dmlgf2ebw0871ieqas5fh,kvasir-seg,segformer,polypseg/runs_repeat/segformer_seed42_fold0rep1/best.pth,False
0.9609654123888998,0.9248637377878887,0.9453002318068298,0.9771585375242438,0.7392717974158616,0.5758866925341757,4,8.67071459563391,1.0994489285078937,1,1,1,1.0,1,1.0,0,cju7dsrtb2f8i085064kwugfk,kvasir-seg,segformer,polypseg/runs_repeat/segformer_seed42_fold0rep1/best.pth,False
0.9692821856128037,0.940395297416181,0.9696122996504096,0.9689522962791591,0.4303233569961309,0.2609502970007775,4,128.95019530951967,15.779891024378044,1,1,1,1.0,1,1.0,0,cju7ebe962hr409872ovibahw,kvasir-seg,segformer,polypseg/runs_repeat/segformer_seed42_fold0rep1/best.pth,False
0.9574851187319857,0.918437842889488,0.9460104312292728,0.9692415898984704,0.5939546408026403,0.422832515284437,4,47.24901599463839,5.786545845930157,1,1,1,1.0,1,1.0,0,cju7emdni2py40871ivhxjtut,kvasir-seg,segformer,polypseg/runs_repeat/segformer_seed42_fold0rep1/best.pth,False
0.7657442279339025,0.6204096794719263,0.6204096794719263,0.9999999999957232,0.2364331811163227,0.12414208170257915,4,75.34849262682833,9.235187739213028,1,1,1,1.0,1,1.0,0,cju7epwj82koz098713apjnzo,kvasir-seg,segformer,polypseg/runs_repeat/segformer_seed42_fold0rep1/best.pth,False
0.8701053799191344,0.7700765756870863,0.891904184347393,0.8493467118974276,0.4957140251699531,0.32724710674654545,4,33.95290549934299,4.08747318884434,2,2,2,1.0,2,1.0,0,cju7et17a2vjk0755e743npl1,kvasir-seg,segformer,polypseg/runs_repeat/segformer_seed42_fold0rep1/best.pth,False
0.9630549030998664,0.928742424241017,0.9558092030360421,0.9704112972153208,0.6955991971321992,0.4900754231590733,4,19.612323474572342,2.3999989020625834,1,1,1,1.0,1,1.0,0,cju7ev2b12owa08500bpfpwyw,kvasir-seg,segformer,polypseg/runs_repeat/segformer_seed42_fold0rep1/best.pth,False
0.8694487933915297,0.7690485741019912,0.9685350012016255,0.7887550200795487,0.44808535527034765,0.32094245508461394,4,74.0674923203504,10.08974049713039,1,1,1,1.0,1,1.0,0,cju7evxt12m730987rxivne3x,kvasir-seg,segformer,polypseg/runs_repeat/segformer_seed42_fold0rep1/best.pth,False
0.9746324466718634,0.9505200779061155,0.9907991360669745,0.9589848649532591,0.7977977477990533,0.649649599650906,4,12.041594578792296,1.448499226955524,1,1,1,1.0,1,1.0,0,cju7f4sc62xqj075597xpmuoy,kvasir-seg,segformer,polypseg/runs_repeat/segformer_seed42_fold0rep1/best.pth,False
0.9800473285710587,0.9608752994372027,0.9876800748101415,0.9725316486729018,0.765993795658802,0.19843091346316807,8,17.72004514666935,1.1188136887620972,1,1,1,1.0,1,1.0,0,cju7f5ghb2r5s0801chwkxxh9,kvasir-seg,segformer,polypseg/runs_repeat/segformer_seed42_fold0rep1/best.pth,False
0.9245640022046681,0.8597108559691559,0.8719308263298965,0.9839596805721493,0.5813407845204408,0.44840755229316664,4,34.91345843530356,4.203110843839155,1,1,1,1.0,1,1.0,0,cju7f6cqy2ur20818t1saazbm,kvasir-seg,segformer,polypseg/runs_repeat/segformer_seed42_fold0rep1/best.pth,False
0.9702575552173347,0.942233235245649,0.9678958923256613,0.9726307711952531,0.7284312688986889,0.5583194226141655,4,7.615773105863909,0.9336954341141203,1,1,1,1.0,1,1.0,0,cju7fcgbe2z3p07550vaflqdb,kvasir-seg,segformer,polypseg/runs_repeat/segformer_seed42_fold0rep1/best.pth,False
0.9488563441683672,0.9026895029087731,0.9760023147711883,0.9231795555995909,0.5154089589845119,0.3324830020607244,4,21.809276365582893,2.674179771636459,1,1,1,1.0,1,1.0,0,cju7frtqu2xa20818wq8r9fzf,kvasir-seg,segformer,polypseg/runs_repeat/segformer_seed42_fold0rep1/best.pth,False
0.9215695555406751,0.8545470505542964,0.8752135215240923,0.9731107556879937,0.7322929895879385,0.3719771832593574,4,12.529964086141668,1.5345337909374597,1,1,1,1.0,1,1.0,0,cju83ipu3jwpx0801z5pvguf8,kvasir-seg,segformer,polypseg/runs_repeat/segformer_seed42_fold0rep1/best.pth,False
0.9609929077999105,0.9249146757651245,0.9321786246965627,0.9916453482691893,0.5979489231224937,0.40598285601578527,4,8.471741845764639,1.039321067628348,1,1,1,1.0,1,1.0,0,cju83nwu1jxte0987h1krpfmv,kvasir-seg,segformer,polypseg/runs_repeat/segformer_seed42_fold0rep1/best.pth,False
0.9775823542114582,0.9561477721342493,0.980799132160619,0.9743866077487718,0.9094487688990183,0.6463297472977241,4,5.0,0.6417512385630364,1,1,1,1.0,1,1.0,0,cju83rcnzkbsj0755x5anfrcg,kvasir-seg,segformer,polypseg/runs_repeat/segformer_seed42_fold0rep1/best.pth,False
0.9842435695737805,0.9689759671625056,0.9855155865933971,0.9829748319363132,0.866122121144273,0.5440883308746913,4,7.0,0.8427058568658888,1,1,1,1.0,1,1.0,0,cju8432cmkgq90871cxe4iptl,kvasir-seg,segformer,polypseg/runs_repeat/segformer_seed42_fold0rep1/best.pth,False
0.9817963784602907,0.9642436519481592,0.9735077288895433,0.9902273826754222,0.9999999500000026,0.8139407741082669,4,3.0,0.36740738769587,1,1,1,1.0,1,1.0,0,cju84hibuktj80871u519o71q,kvasir-seg,segformer,polypseg/runs_repeat/segformer_seed42_fold0rep1/best.pth,False
0.9639153579012942,0.9303442197046522,0.9698706323274818,0.9580327712201834,0.6543594109013764,0.4377488158829021,4,9.899494936611665,1.2112521444415507,1,1,1,1.0,1,1.0,0,cju857ad0l88m0817qx4cwxnf,kvasir-seg,segformer,polypseg/runs_repeat/segformer_seed42_fold0rep1/best.pth,False
0.9805079740099257,0.9617612977970187,0.9652805355406971,0.9962235428423019,0.6773402498216836,0.36736783099125864,4,9.219544457292887,1.1845266288411613,1,1,1,1.0,1,1.0,0,cju858eswlepn0871pzvdrhj1,kvasir-seg,segformer,polypseg/runs_repeat/segformer_seed42_fold0rep1/best.pth,False
0.968426286564663,0.938785347039931,0.9663441660424776,0.9705173988831055,0.8046470830944796,0.48294716009436883,4,5.656854249492381,0.6933398291875849,1,1,1,1.0,1,1.0,0,cju85ia1slh220987y7c20sm2,kvasir-seg,segformer,polypseg/runs_repeat/segformer_seed42_fold0rep1/best.pth,False
0.8138632018408698,0.686146153718505,0.9930254701237966,0.6894688130091404,0.24506625771050417,0.12800228801202465,4,58.21595468628832,7.078792241576446,1,1,1,1.0,1,1.0,0,cju85mpuglq8k0818d2it6hzb,kvasir-seg,segformer,polypseg/runs_repeat/segformer_seed42_fold0rep1/best.pth,False
0.8985906538090406,0.8158553011345567,0.8425920907621605,0.9625624303453145,0.36155307345347726,0.24474643379950428,4,156.49504126141005,19.62150978342516,1,2,1,1.0,1,1.0,1,cju85plp7lmkw0850rx42jdpf,kvasir-seg,segformer,polypseg/runs_repeat/segformer_seed42_fold0rep1/best.pth,False
0.9831651578424324,0.9668877551012186,0.9848000623578655,0.9815356726652151,0.7444582986416178,0.5091500110171563,4,19.701520701550777,2.5334657794908626,1,1,1,1.0,1,1.0,0,cju85qefyln6v0850szeb9byi,kvasir-seg,segformer,polypseg/runs_repeat/segformer_seed42_fold0rep1/best.pth,False
0.32174067462327277,0.19171094106749567,0.1958022865591311,0.90171835707826,0.2635636443083847,0.19992863450096215,4,232.74449510138794,29.318838773601247,2,3,1,0.5,0,0.0,2,cju87kbcen2av0987usezo8kn,kvasir-seg,segformer,polypseg/runs_repeat/segformer_seed42_fold0rep1/best.pth,False
0.952120923423132,0.908617172253738,0.9777369475983372,0.9278128750300842,0.6616378549209353,0.48991822047515476,4,51.77965995114174,6.233574672478749,1,1,1,1.0,1,1.0,0,cju87q6yoneim0871dl4phvkd,kvasir-seg,segformer,polypseg/runs_repeat/segformer_seed42_fold0rep1/best.pth,False
0.82465535992451,0.7016285537079099,0.9892875025557739,0.7070000453595747,0.2617185268337716,0.1741771755099884,4,155.08062419270823,20.189161646745696,1,2,1,1.0,1,1.0,1,cju87vqa0ndwg0850onjdz7ol,kvasir-seg,segformer,polypseg/runs_repeat/segformer_seed42_fold0rep1/best.pth,False
0.9093977023563373,0.8338490614967224,0.9745544318579064,0.8524074705442808,0.6575047536553006,0.4772475092379886,4,108.06016842481785,13.447602592071762,1,1,1,1.0,1,1.0,0,cju87xn2snfmv0987sc3d9xnq,kvasir-seg,segformer,polypseg/runs_repeat/segformer_seed42_fold0rep1/best.pth,False
0.8805142017279199,0.7865344992200782,0.803844277238895,0.9733515757381592,0.32020798407457957,0.17239385565170115,4,55.90169943749474,7.182247657454287,1,1,1,1.0,1,1.0,0,cju88itqbny720987hxizbj5y,kvasir-seg,segformer,polypseg/runs_repeat/segformer_seed42_fold0rep1/best.pth,False
0.9445547010608747,0.8949347749336591,0.9930881585681652,0.9005439924207598,0.7933093884867903,0.568478903728113,4,7.0710678118654755,0.8661070382199949,1,1,1,1.0,1,1.0,0,cju88nroho44508500129f1nh,kvasir-seg,segformer,polypseg/runs_repeat/segformer_seed42_fold0rep1/best.pth,False
0.9454284346532051,0.8965047662197321,0.9091327563900834,0.9847427203731078,0.7600886022317074,0.49432585053052036,4,7.0,0.8938582215425159,1,1,1,1.0,1,1.0,0,cju88vx2uoocy075531lc63n3,kvasir-seg,segformer,polypseg/runs_repeat/segformer_seed42_fold0rep1/best.pth,False
0.9424253599352219,0.8911194768035445,0.9597170382512169,0.925745758325564,0.33747548315087367,0.1767270507856941,4,38.420636807888485,5.0157446564040225,1,1,1,1.0,1,1.0,0,cju8a84g0q76m0818hwiggkod,kvasir-seg,segformer,polypseg/runs_repeat/segformer_seed42_fold0rep1/best.pth,False
0.9780745656721221,0.9570899527668605,0.9892106284989481,0.9671864406753432,0.7791142365818138,0.5479659220846189,4,8.011856133820158,0.9637566968710638,1,1,1,1.0,1,1.0,0,cju8abobpqbir08189u01huru,kvasir-seg,segformer,polypseg/runs_repeat/segformer_seed42_fold0rep1/best.pth,False
0.9480302583727576,0.9011953679449888,0.9881220561079862,0.9110649546784787,0.6697023269680422,0.4382839311404312,4,11.985234995535961,1.4911576880758508,1,1,1,1.0,1,1.0,0,cju8aeei7q8k308173n9y4klv,kvasir-seg,segformer,polypseg/runs_repeat/segformer_seed42_fold0rep1/best.pth,False
0.9688800652313476,0.9396385740992689,0.9560611785106193,0.9820473753794888,0.5967864797201339,0.40443891424473244,4,12.786666871488737,1.5634882016371379,1,1,1,1.0,1,1.0,0,cju8aj01yqeqm0850lhdz3xdw,kvasir-seg,segformer,polypseg/runs_repeat/segformer_seed42_fold0rep1/best.pth,False
0.841562514411436,0.7264634690096081,0.8056335540824624,0.8808457231108692,0.24377732881661981,0.1364993038984414,4,132.0159010345666,16.692575505323145,1,3,1,1.0,1,1.0,2,cju8b2rmgr52s0801p54eyflx,kvasir-seg,segformer,polypseg/runs_repeat/segformer_seed42_fold0rep1/best.pth,False
0.9672637605571062,0.9366029036406173,0.9962051551493181,0.9399564822197648,0.6121762490912469,0.4062867869353662,4,14.238762615480914,1.7421829964689632,1,1,1,1.0,1,1.0,0,cju8b4ja9r2s808509d45ma86,kvasir-seg,segformer,polypseg/runs_repeat/segformer_seed42_fold0rep1/best.pth,False
0.8246462802298069,0.7016154085010622,0.9958112874560007,0.7036921638774936,0.1607067679379612,0.12214047408698424,4,13.0,1.5895734850654115,1,1,1,1.0,1,1.0,0,cju8b542nr81x0871uxnkm9ih,kvasir-seg,segformer,polypseg/runs_repeat/segformer_seed42_fold0rep1/best.pth,False
0.892370408471874,0.805657789659382,0.8136599135618925,0.987940137096066,0.3355972285441432,0.23794101507974935,4,219.60783201102404,26.437829464187168,1,2,1,1.0,1,1.0,1,cju8b6rp0r5st0850184f79xt,kvasir-seg,segformer,polypseg/runs_repeat/segformer_seed42_fold0rep1/best.pth,False
0.9634717179187039,0.929518021432181,0.9728774626647859,0.9542461005116616,0.8960642736643877,0.6389413488745433,4,4.604101966249685,0.5634130845490949,1,1,1,1.0,1,1.0,0,cju8b7aqtr4a00987coba14b7,kvasir-seg,segformer,polypseg/runs_repeat/segformer_seed42_fold0rep1/best.pth,False
0.9663536062723865,0.9348976711343705,0.9647408666080739,0.967971746938302,0.6166375138161952,0.38054992341646,4,10.46878240448416,1.395389960615577,1,1,1,1.0,1,1.0,0,cju8bafgqrf4x0818twisk3ea,kvasir-seg,segformer,polypseg/runs_repeat/segformer_seed42_fold0rep1/best.pth,False
0.9673588154932454,0.9367811685288423,0.9750987669062009,0.9597407698312658,0.7285725327107104,0.5926009518623765,3,10.0,1.457394615552154,1,1,1,1.0,1,1.0,0,cju8bff9nrfi10850fmfzbf8v,kvasir-seg,segformer,polypseg/runs_repeat/segformer_seed42_fold0rep1/best.pth,False
0.9218452647293282,0.8550213012772216,0.8610923667265648,0.9918215354620638,0.7229420309522978,0.5200048971795544,4,118.46476191963403,15.426642410035559,1,1,1,1.0,1,1.0,0,cju8bk8oirjhw0817hgkua2w8,kvasir-seg,segformer,polypseg/runs_repeat/segformer_seed42_fold0rep1/best.pth,False
0.9685903746476056,0.9390937905167155,0.9547751574595181,0.9828112631422865,0.7429194005044706,0.5508156395934561,4,6.399195791578038,0.7703771103991943,1,1,1,1.0,1,1.0,0,cju8bpctzrqkr0850zeldv9kt,kvasir-seg,segformer,polypseg/runs_repeat/segformer_seed42_fold0rep1/best.pth,False
0.9645724732552257,0.9315692777530205,0.9733496210586026,0.9559522060600462,0.7317155683928067,0.453912624606326,4,12.701744044572482,1.589228490458945,1,1,1,1.0,1,1.0,0,cju8bqxxurs6i0850mu7mtef9,kvasir-seg,segformer,polypseg/runs_repeat/segformer_seed42_fold0rep1/best.pth,False
0.9606042518010921,0.9241949021493038,0.9572418841917201,0.9639903236932058,0.5769848414377126,0.3961833616987083,4,13.0,1.6672120800154988,1,1,1,1.0,1,1.0,0,cju8cbsyssiqj0871gr4jedjp,kvasir-seg,segformer,polypseg/runs_repeat/segformer_seed42_fold0rep1/best.pth,False
0.9398026986606663,0.8864413232078838,0.9442476138435705,0.9353994350565217,0.30955602188711906,0.17818021254342706,4,73.0,8.940246433932836,1,1,1,1.0,1,1.0,0,cju8doa16u5gh0818w1ywda3q,kvasir-seg,segformer,polypseg/runs_repeat/segformer_seed42_fold0rep1/best.pth,False
0.8883177570051948,0.7990752416914747,0.8482063180363357,0.9324112222784734,0.6160539104404074,0.3463417370043724,5,17.757748095230504,1.9258988352099837,1,1,1,1.0,1,1.0,0,cjyzkpsbjdsjq07211dfi4sru,kvasir-seg,segformer,polypseg/runs_repeat/segformer_seed42_fold0rep1/best.pth,False
0.9599339400291077,0.9229547785224074,0.9282363509316828,0.9938728982598427,0.7046694982999528,0.3361809921654434,5,13.92838827718412,1.5105894404812534,1,1,1,1.0,1,1.0,0,cjyzl833ndne80838pzuq6ila,kvasir-seg,segformer,polypseg/runs_repeat/segformer_seed42_fold0rep1/best.pth,False
0.9190754199917561,0.850267851235973,0.8586726629096808,0.9886191782201096,0.2488958742347715,0.08761765485057094,5,21.598601771888163,2.3424547848956156,1,1,1,1.0,1,1.0,0,cjyzlw7f9faqr070129au64sq,kvasir-seg,segformer,polypseg/runs_repeat/segformer_seed42_fold0rep1/best.pth,False
0.9206491526860875,0.8529656088909625,0.8599664991480743,0.9905460158018417,0.7813970743191858,0.46193439240564077,5,7.810249675906654,0.8470528285941725,1,1,1,1.0,1,1.0,0,cjyzuio1qgh040763k56deohv,kvasir-seg,segformer,polypseg/runs_repeat/segformer_seed42_fold0rep1/best.pth,False
0.9680819095035544,0.9381383255310699,0.943417144289538,0.9940709720057437,0.8014022069372672,0.4826743143825802,5,10.0,1.08454001311532,1,1,1,1.0,1,1.0,0,cjz14qsk2wci60794un9ozwmw,kvasir-seg,segformer,polypseg/runs_repeat/segformer_seed42_fold0rep1/best.pth,False
0.9430526778396966,0.8922418914049409,0.9187668216239371,0.9686572939444817,0.7185012587526074,0.390037811688696,5,8.94427190999916,0.9700420774577475,1,1,1,1.0,1,1.0,0,ck2da7fwcjfis07218r1rvm95,kvasir-seg,segformer,polypseg/runs_repeat/segformer_seed42_fold0rep1/best.pth,False
0.9276613158220128,0.8650823937524195,0.9544515042449879,0.9023339967399951,0.5516246723277204,0.2952009180898573,4,28.285154854897296,3.715701638275318,1,1,1,1.0,1,1.0,0,149,cvc-300,segformer,polypseg/runs_repeat/segformer_seed42_fold0rep1/best.pth,False
0.8024013429288349,0.6700085526909151,0.9694073972159397,0.68448133585416,0.48461146848695186,0.22919575490869956,4,51.88785964825017,6.816289537415121,1,1,1,1.0,1,1.0,0,150,cvc-300,segformer,polypseg/runs_repeat/segformer_seed42_fold0rep1/best.pth,False
0.812489979153389,0.6841963140438521,0.9796056446841329,0.6940830023236948,0.5381262045907137,0.3946608658120124,4,34.63810467872904,4.550261893977981,1,1,1,1.0,1,1.0,0,151,cvc-300,segformer,polypseg/runs_repeat/segformer_seed42_fold0rep1/best.pth,False
0.8153746290763382,0.6882974559633009,0.934034416816082,0.723465525746886,0.5199605829564488,0.39679127509547674,4,182.27903487907457,23.94522893715586,1,2,1,1.0,1,1.0,1,152,cvc-300,segformer,polypseg/runs_repeat/segformer_seed42_fold0rep1/best.pth,False
0.845170130163488,0.7318568321090775,0.8528304785248265,0.8376461712498102,0.44330947418057604,0.37620900184183054,4,79.95120557427485,10.502853071104338,1,2,1,1.0,1,1.0,1,153,cvc-300,segformer,polypseg/runs_repeat/segformer_seed42_fold0rep1/best.pth,False
0.615099337746715,0.4441469012989895,0.4487476808888035,0.9774372789949701,0.3217533386293024,0.23313369000307455,4,127.7470068769322,16.781586142004134,1,2,1,1.0,0,0.0,1,154,cvc-300,segformer,polypseg/runs_repeat/segformer_seed42_fold0rep1/best.pth,False
0.8442059870588968,0.7304121474990853,0.8456901747956028,0.842726999691233,0.3452795366314494,0.19737706878936098,4,243.24760546631046,31.95441321691148,1,2,1,1.0,1,1.0,1,155,cvc-300,segformer,polypseg/runs_repeat/segformer_seed42_fold0rep1/best.pth,False
0.8845806490403721,0.793047608757497,0.9383062970885387,0.836674259671564,0.30991454047247863,0.17775027599153925,4,10.0,1.3136578736573477,1,1,1,1.0,1,1.0,0,156,cvc-300,segformer,polypseg/runs_repeat/segformer_seed42_fold0rep1/best.pth,False
0.9445334553983021,0.8948966314747016,0.9610308958087094,0.9285928592719983,0.8174699838873238,0.6545764381612194,4,7.280109889280518,0.9563573677144073,1,1,1,1.0,1,1.0,0,157,cvc-300,segformer,polypseg/runs_repeat/segformer_seed42_fold0rep1/best.pth,False
0.9076428243153036,0.8309029725065774,0.9030783297637446,0.9122536945672375,0.6496914174824322,0.447313698047558,4,10.0,1.3136578736573477,1,1,1,1.0,1,1.0,0,158,cvc-300,segformer,polypseg/runs_repeat/segformer_seed42_fold0rep1/best.pth,False
0.9372505398093486,0.8819110946819122,0.8857284194795235,0.9951368625678042,0.7719935272885928,0.47096125946394995,4,7.43115833674304,0.9761999659456934,1,1,1,1.0,1,1.0,0,159,cvc-300,segformer,polypseg/runs_repeat/segformer_seed42_fold0rep1/best.pth,False
0.8814567614561705,0.7880399532911138,0.7927704554248627,0.992484888073967,0.3247877704768142,0.18096130721556725,4,10.290750585296928,1.3518525532219268,1,1,1,1.0,1,1.0,0,160,cvc-300,segformer,polypseg/runs_repeat/segformer_seed42_fold0rep1/best.pth,False
0.7716641221326921,0.6282191508339642,0.6614321607970955,0.9259856368030781,0.3832322027230742,0.18532123185646707,4,279.20494264139006,36.677977126491015,1,4,1,1.0,1,1.0,3,161,cvc-300,segformer,polypseg/runs_repeat/segformer_seed42_fold0rep1/best.pth,False
0.9121527777698597,0.8384934567373366,0.850988014239537,0.9827908716613769,0.7423393052002957,0.43084556437338534,4,10.375202143344955,1.3629465986391687,1,1,1,1.0,1,1.0,0,162,cvc-300,segformer,polypseg/runs_repeat/segformer_seed42_fold0rep1/best.pth,False
0.8874411474822761,0.7976577108473806,0.7976577108473806,0.999999999987662,0.3031760809655476,0.08825687573587081,4,9.848857801796104,1.2938029597861047,1,1,1,1.0,1,1.0,0,163,cvc-300,segformer,polypseg/runs_repeat/segformer_seed42_fold0rep1/best.pth,False
0.913283781203958,0.8404068747734093,0.8452244465927751,0.9932635506167139,0.5518671005554724,0.29847856717547855,4,11.180339887498949,1.4687141523378298,1,1,1,1.0,1,1.0,0,164,cvc-300,segformer,polypseg/runs_repeat/segformer_seed42_fold0rep1/best.pth,False
0.9330028983033015,0.8744193370531893,0.9364249578335883,0.9296057587601104,0.7180296204637632,0.45022553677502086,4,14.422205101855956,1.8945843287554245,1,1,1,1.0,1,1.0,0,165,cvc-300,segformer,polypseg/runs_repeat/segformer_seed42_fold0rep1/best.pth,False
0.9382629926722952,0.8837056504546428,0.9006513666469796,0.9791528788816733,0.5778244659971229,0.2920149645447185,4,8.724124419424236,1.1460514734342984,1,1,1,1.0,1,1.0,0,166,cvc-300,segformer,polypseg/runs_repeat/segformer_seed42_fold0rep1/best.pth,False
0.9168741271424077,0.8465074559833332,0.9256988719847267,0.908216047144133,0.5119176726032831,0.21911682047071465,4,8.54400374531753,1.1223897792594242,1,1,1,1.0,1,1.0,0,167,cvc-300,segformer,polypseg/runs_repeat/segformer_seed42_fold0rep1/best.pth,False
0.9228554979783905,0.8567610903145809,0.9687263937004272,0.881132334741224,0.7313829287290663,0.4028435519168296,4,12.041594578792296,1.5818535529820132,1,1,1,1.0,1,1.0,0,168,cvc-300,segformer,polypseg/runs_repeat/segformer_seed42_fold0rep1/best.pth,False
0.9205129312166119,0.8527317814506621,0.9031602134973891,0.938545518568951,0.5275614917463319,0.33877546021158594,4,11.77852493303972,1.547295201835701,1,1,1,1.0,1,1.0,0,169,cvc-300,segformer,polypseg/runs_repeat/segformer_seed42_fold0rep1/best.pth,False
0.9214841146391436,0.8544001318356361,0.8842365582190583,0.9620077005104513,0.39592282437422766,0.24471617921750358,4,16.757067732382854,2.201305396605421,1,1,1,1.0,1,1.0,0,170,cvc-300,segformer,polypseg/runs_repeat/segformer_seed42_fold0rep1/best.pth,False
0.936569439622347,0.8807057785604222,0.9290819745347906,0.9441785680489091,0.5031665511151392,0.255551605375543,4,33.0,4.335070983069247,1,1,1,1.0,1,1.0,0,171,cvc-300,segformer,polypseg/runs_repeat/segformer_seed42_fold0rep1/best.pth,False
0.9470043236507287,0.8993430314300874,0.9275257108175737,0.9673186119751758,0.8318417873574651,0.49880663257785546,4,5.385164807134504,0.7074264149834693,1,1,1,1.0,1,1.0,0,172,cvc-300,segformer,polypseg/runs_repeat/segformer_seed42_fold0rep1/best.pth,False
0.8985735457535264,0.8158270961162574,0.823724208195434,0.9883851247988956,0.44186134088638246,0.23453081328712524,4,11.62288135888571,1.5268489611685425,1,1,1,1.0,1,1.0,0,173,cvc-300,segformer,polypseg/runs_repeat/segformer_seed42_fold0rep1/best.pth,False
0.9227932703334708,0.8566538296870276,0.8676996424220641,0.9853574504616051,0.6121946721789544,0.3321924203179757,4,7.971537451385991,1.0471872938167632,1,1,1,1.0,1,1.0,0,174,cvc-300,segformer,polypseg/runs_repeat/segformer_seed42_fold0rep1/best.pth,False
0.925664677153222,0.861616161609945,0.8728894086625766,0.985232241556099,0.5769557495382728,0.35806601031852553,4,13.45362404707371,1.7673459158664209,1,1,1,1.0,1,1.0,0,175,cvc-300,segformer,polypseg/runs_repeat/segformer_seed42_fold0rep1/best.pth,False
0.9254341164419764,0.8612167300321752,0.8640326975417981,0.9962299717169633,0.49828482669907365,0.21428190182344434,4,9.486832980505138,1.2462452840912777,1,1,1,1.0,1,1.0,0,176,cvc-300,segformer,polypseg/runs_repeat/segformer_seed42_fold0rep1/best.pth,False
0.8749999999950284,0.7777777777699214,0.7802999594570297,0.9958613553932247,0.3361857690951229,0.14431274630778212,4,14.0,1.8391210231202866,1,1,1,1.0,1,1.0,0,177,cvc-300,segformer,polypseg/runs_repeat/segformer_seed42_fold0rep1/best.pth,False
0.8973706530904073,0.8138461538372104,0.8174392935892114,0.9946279881682162,0.4448696668250053,0.2455520783195729,4,10.980312553890105,1.4424374041636356,1,1,1,1.0,1,1.0,0,178,cvc-300,segformer,polypseg/runs_repeat/segformer_seed42_fold0rep1/best.pth,False
0.9089648798468751,0.8331215586527623,0.8443872075462074,0.9842381786216633,0.6159022937570738,0.4265222450902675,4,13.0,1.7077552357545518,1,1,1,1.0,1,1.0,0,179,cvc-300,segformer,polypseg/runs_repeat/segformer_seed42_fold0rep1/best.pth,False
0.8755117707239141,0.7785868699466458,0.7788527202323079,0.9995617878980458,0.19732569968414906,0.10318944348428438,4,14.939730936293321,1.962569517478398,1,1,1,1.0,1,1.0,0,180,cvc-300,segformer,polypseg/runs_repeat/segformer_seed42_fold0rep1/best.pth,False
0.9236468607124193,0.8581262292074188,0.8908584686692264,0.9589410589314791,0.43151931927444415,0.31379101831208106,4,10.0,1.3136578736573477,1,1,1,1.0,1,1.0,0,181,cvc-300,segformer,polypseg/runs_repeat/segformer_seed42_fold0rep1/best.pth,False
0.9185077870281388,0.8492967180079336,0.8577226606442195,0.9885654885526434,0.50980525474046,0.19198946081927756,4,7.0,0.9195605115601433,1,1,1,1.0,1,1.0,0,182,cvc-300,segformer,polypseg/runs_repeat/segformer_seed42_fold0rep1/best.pth,False
0.9043260580387676,0.825360559748317,0.8306984765617893,0.9922746780945533,0.542637870504189,0.38238697206886274,4,8.94427190999916,1.1749713218702638,1,1,1,1.0,1,1.0,0,183,cvc-300,segformer,polypseg/runs_repeat/segformer_seed42_fold0rep1/best.pth,False
0.9188955374456138,0.8499599893191523,0.8608672159818875,0.9853123067256445,0.6614986580133443,0.30613713411680893,4,7.0,0.9195605115601433,1,1,1,1.0,1,1.0,0,184,cvc-300,segformer,polypseg/runs_repeat/segformer_seed42_fold0rep1/best.pth,False
0.8121904761801627,0.6837716484780036,0.6837716484780036,0.9999999999687305,0.37858503626599666,0.22459731482125653,4,16.0,2.101852597851756,1,1,1,1.0,1,1.0,0,185,cvc-300,segformer,polypseg/runs_repeat/segformer_seed42_fold0rep1/best.pth,False
0.8823255813850892,0.7894298793010939,0.8070623271472652,0.9730700179283645,0.522968147985371,0.3187144781075156,4,10.0,1.3136578736573477,1,1,1,1.0,1,1.0,0,186,cvc-300,segformer,polypseg/runs_repeat/segformer_seed42_fold0rep1/best.pth,False
0.856833398967538,0.7495262704435913,0.7499138228067923,0.9993109783877053,0.350064908169559,0.2215442869962827,4,11.0,1.4450236610230822,1,1,1,1.0,1,1.0,0,187,cvc-300,segformer,polypseg/runs_repeat/segformer_seed42_fold0rep1/best.pth,False
0.8664960545866229,0.7644402633910736,0.7722866375067043,0.9868836531215234,0.40910203438873693,0.332290670834541,4,9.0,1.1822920862916129,1,1,1,1.0,1,1.0,0,188,cvc-300,segformer,polypseg/runs_repeat/segformer_seed42_fold0rep1/best.pth,False
0.9301470588181862,0.8694158075508008,0.9038740649670215,0.957993136895539,0.6230533655650924,0.452345492086297,4,9.129256831757377,1.199272011767821,1,1,1,1.0,1,1.0,0,189,cvc-300,segformer,polypseg/runs_repeat/segformer_seed42_fold0rep1/best.pth,False
0.8613233199478096,0.7564248351062494,0.7564248351062494,0.9999999999849669,0.35673513117421174,0.056670136653990205,4,14.0,1.8391210231202866,1,1,1,1.0,1,1.0,0,190,cvc-300,segformer,polypseg/runs_repeat/segformer_seed42_fold0rep1/best.pth,False
0.9374257089449082,0.8822213343916722,0.9166459111588489,0.9591694900446601,0.6066625314064682,0.3351292866261543,4,8.06225774829855,1.0591048370507348,1,1,1,1.0,1,1.0,0,191,cvc-300,segformer,polypseg/runs_repeat/segformer_seed42_fold0rep1/best.pth,False
0.9521310826149589,0.9086356764842343,0.9338706544869501,0.971119862658072,0.7476285441113395,0.5650513110229294,4,6.0,0.7881947241944085,1,1,1,1.0,1,1.0,0,192,cvc-300,segformer,polypseg/runs_repeat/segformer_seed42_fold0rep1/best.pth,False
0.9043778801806107,0.8254468979959032,0.8270620108306211,0.9976397966503482,0.44997279587267597,0.29963570090223063,4,16.0,2.101852597851756,1,1,1,1.0,1,1.0,0,193,cvc-300,segformer,polypseg/runs_repeat/segformer_seed42_fold0rep1/best.pth,False
0.9162279343414516,0.8454064866349091,0.8529623756605668,0.989630372963793,0.6466601630169593,0.5031749484487817,4,17.0,2.2332183852174907,1,1,1,1.0,1,1.0,0,194,cvc-300,segformer,polypseg/runs_repeat/segformer_seed42_fold0rep1/best.pth,False
0.9153673481713561,0.8439422754128656,0.8472596585708977,0.9953819765009185,0.5541245810219693,0.3584258836997457,4,8.0,1.050926298925878,1,1,1,1.0,1,1.0,0,195,cvc-300,segformer,polypseg/runs_repeat/segformer_seed42_fold0rep1/best.pth,False
0.9197753473194219,0.8514667250344629,0.8637574949937401,0.9835630294476727,0.6783041894167361,0.3177703929401879,4,10.0,1.3136578736573477,1,1,1,1.0,1,1.0,0,196,cvc-300,segformer,polypseg/runs_repeat/segformer_seed42_fold0rep1/best.pth,False
0.9316350563997408,0.8720194929461506,0.8798805830306159,0.9898584129009558,0.6216341143653876,0.3856583971522377,4,12.0,1.576389448388817,1,1,1,1.0,1,1.0,0,197,cvc-300,segformer,polypseg/runs_repeat/segformer_seed42_fold0rep1/best.pth,False
0.8610474631680765,0.7559994251939072,0.7561080770227636,0.9998099581718014,0.490834256673064,0.25044717732599137,4,14.0,1.8391210231202866,1,1,1,1.0,1,1.0,0,198,cvc-300,segformer,polypseg/runs_repeat/segformer_seed42_fold0rep1/best.pth,False
0.8962627016424808,0.8120253822863619,0.8130403082927503,0.998465080570498,0.5954999065017065,0.35174308744692806,4,17.0,2.2332183852174907,1,1,1,1.0,1,1.0,0,199,cvc-300,segformer,polypseg/runs_repeat/segformer_seed42_fold0rep1/best.pth,False
0.892647765488778,0.8061100503244903,0.8097646032988708,0.9944325481585775,0.5841868250720196,0.3256570795650255,4,8.052919086053764,1.0578780563320058,1,1,1,1.0,1,1.0,0,200,cvc-300,segformer,polypseg/runs_repeat/segformer_seed42_fold0rep1/best.pth,False
0.8926429183389321,0.8061021445764736,0.8062804068817718,0.9997258020016527,0.6505908217050359,0.4831176365630868,4,10.0,1.3136578736573477,1,1,1,1.0,1,1.0,0,201,cvc-300,segformer,polypseg/runs_repeat/segformer_seed42_fold0rep1/best.pth,False
0.8319586769939517,0.7122681882973447,0.7122681882973447,0.9999999999899859,0.1323407280029138,0.07984027005473143,4,19.771971967740747,2.5973606653154993,1,1,1,1.0,1,1.0,0,202,cvc-300,segformer,polypseg/runs_repeat/segformer_seed42_fold0rep1/best.pth,False
0.8908506210928125,0.8031836270516977,0.8032749601910021,0.9998584571691457,0.48799783979856454,0.26487071823359115,4,14.0,1.8391210231202866,1,1,1,1.0,1,1.0,0,203,cvc-300,segformer,polypseg/runs_repeat/segformer_seed42_fold0rep1/best.pth,False
0.364742268039357,0.22304879586292364,0.23231991594830703,0.8482378326337032,0.146691164847307,0.10424706008502786,4,289.31038562709716,38.00548660098797,1,2,0,0.0,0,0.0,2,204,cvc-300,segformer,polypseg/runs_repeat/segformer_seed42_fold0rep1/best.pth,False
0.12498680460222478,0.06665916000431635,0.06665916000431635,0.9999999999577703,0.11884955065589732,0.06462982284477191,4,136.56152459372754,17.93951220212017,1,2,0,0.0,0,0.0,2,205,cvc-300,segformer,polypseg/runs_repeat/segformer_seed42_fold0rep1/best.pth,False
0.4571972098873684,0.2963419646486321,0.2976059438594165,0.9858705560170524,0.4364998398160557,0.27122166306164913,4,54.14424371501207,7.112701206944796,1,1,1,1.0,0,0.0,0,206,cvc-300,segformer,polypseg/runs_repeat/segformer_seed42_fold0rep1/best.pth,False
0.2897920884967663,0.16944845509575832,0.170234986944182,0.9734571997022742,0.2950842530991659,0.2356504039979128,4,121.27654348636426,15.931588624081012,1,1,0,0.0,0,0.0,1,207,cvc-300,segformer,polypseg/runs_repeat/segformer_seed42_fold0rep1/best.pth,False
0.48904593638711935,0.32366697847699566,0.3383035932452138,0.8820905034491975,0.358860847521295,0.27344312225487966,4,45.81196349185476,6.018124654877796,1,1,1,1.0,0,0.0,0,208,cvc-300,segformer,polypseg/runs_repeat/segformer_seed42_fold0rep1/best.pth,False
0.5226244343868663,0.35375191423987656,0.99999999998335,0.35375191423987656,0.2483659648068145,0.2483659648068145,2,64.35060217278468,13.406375452663474,1,1,1,1.0,0,0.0,0,1,cvc-clinicdb,segformer,polypseg/runs_repeat/segformer_seed42_fold0rep1/best.pth,False
0.8244968482999248,0.7013990962997365,0.9917635285890866,0.7055087066000136,0.38935338375281037,0.38935338375281037,2,57.11259992685024,11.898458318093798,1,1,1,1.0,1,1.0,0,10,cvc-clinicdb,segformer,polypseg/runs_repeat/segformer_seed42_fold0rep1/best.pth,False
0.9696052812476302,0.9410037373072477,0.9621946226155017,0.9771309771174341,0.7402303378745718,0.7402303378745718,2,3.1622776601683795,0.6588078458684125,1,1,1,1.0,1,1.0,0,100,cvc-clinicdb,segformer,polypseg/runs_repeat/segformer_seed42_fold0rep1/best.pth,False
0.9544447180438658,0.912859161553075,0.9209932279800285,0.9904177845791438,0.6515504697541602,0.6515504697541602,2,6.479394161199479,1.3498737835832246,1,1,1,1.0,1,1.0,0,101,cvc-clinicdb,segformer,polypseg/runs_repeat/segformer_seed42_fold0rep1/best.pth,False
0.9562790697615114,0.9162210338572047,0.9309345568590807,0.9830422032260226,0.6169746118411934,0.6169746118411934,2,5.115549442140334,1.0657394671125695,1,1,1,1.0,1,1.0,0,102,cvc-clinicdb,segformer,polypseg/runs_repeat/segformer_seed42_fold0rep1/best.pth,False
0.9719162141144457,0.9453667370867755,0.9520721450911735,0.9926051130256432,0.7387028542260164,0.7387028542260164,2,4.0,0.8333333333333334,1,1,1,1.0,1,1.0,0,103,cvc-clinicdb,segformer,polypseg/runs_repeat/segformer_seed42_fold0rep1/best.pth,False
0.9234922213507015,0.857859311067323,0.8730105432753138,0.9801703988465643,0.27072018919285473,0.27072018919285473,2,8.94427190999916,1.8633899812498247,1,1,1,1.0,1,1.0,0,104,cvc-clinicdb,segformer,polypseg/runs_repeat/segformer_seed42_fold0rep1/best.pth,False
0.9477774618489628,0.9007386056512295,0.9744056125699986,0.9225659634607136,0.47872364007995805,0.47872364007995805,2,12.835487430149573,2.674059881281161,1,1,1,1.0,1,1.0,0,105,cvc-clinicdb,segformer,polypseg/runs_repeat/segformer_seed42_fold0rep1/best.pth,False
0.756910293366301,0.6088943455384428,0.9755218008854166,0.6183417607493361,0.12202203151892943,0.12202203151892943,2,97.80230458212124,20.375480121275256,1,1,1,1.0,1,1.0,0,106,cvc-clinicdb,segformer,polypseg/runs_repeat/segformer_seed42_fold0rep1/best.pth,False
0.8740022950379345,0.7762025545757034,0.9304989954882418,0.8239734589824792,0.3424511935783963,0.3424511935783963,2,42.720018726587654,8.900003901372427,1,1,1,1.0,1,1.0,0,107,cvc-clinicdb,segformer,polypseg/runs_repeat/segformer_seed42_fold0rep1/best.pth,False
0.8577615298063618,0.750947855626811,0.9670280895252867,0.7706806811826232,0.5032502804486786,0.5032502804486786,2,62.06850935792691,12.930939449568106,1,1,1,1.0,1,1.0,0,108,cvc-clinicdb,segformer,polypseg/runs_repeat/segformer_seed42_fold0rep1/best.pth,False
0.8300523299251493,0.7094781682603329,0.9573902421430093,0.732611205802317,0.42096637147382493,0.42096637147382493,2,69.72087205421343,14.525181677961132,1,1,1,1.0,1,1.0,0,109,cvc-clinicdb,segformer,polypseg/runs_repeat/segformer_seed42_fold0rep1/best.pth,False
0.6051565664410143,0.43385268330578064,0.9652130699345856,0.4407443126996043,0.3265671985856046,0.3265671985856046,2,57.11343330882712,11.898631939338982,1,2,1,1.0,0,0.0,1,11,cvc-clinicdb,segformer,polypseg/runs_repeat/segformer_seed42_fold0rep1/best.pth,False
0.8658112745614859,0.7633749614525001,0.971881440764688,0.7806156635497985,0.39493372721857894,0.39493372721857894,2,60.03332407921454,12.506942516503027,1,1,1,1.0,1,1.0,0,110,cvc-clinicdb,segformer,polypseg/runs_repeat/segformer_seed42_fold0rep1/best.pth,False
0.852512227654841,0.7429379625654166,0.9907503100403536,0.7481270485377395,0.40269690484229925,0.40269690484229925,2,65.0,13.541666666666666,1,1,1,1.0,1,1.0,0,111,cvc-clinicdb,segformer,polypseg/runs_repeat/segformer_seed42_fold0rep1/best.pth,False
0.8499127784996799,0.7389985408158398,0.9847515734483715,0.7475528278404772,0.37214098488337194,0.37214098488337194,2,68.99746283518763,14.374471423997424,1,1,1,1.0,1,1.0,0,112,cvc-clinicdb,segformer,polypseg/runs_repeat/segformer_seed42_fold0rep1/best.pth,False
0.8538527340903822,0.7449764611293107,0.9899298138491001,0.7506652782569684,0.3738683780084239,0.3738683780084239,2,66.1833904677714,13.788206347452377,1,1,1,1.0,1,1.0,0,113,cvc-clinicdb,segformer,polypseg/runs_repeat/segformer_seed42_fold0rep1/best.pth,False
0.9180290472189985,0.8484784594811705,0.9433136695669675,0.8940645017925202,0.18318004797388485,0.18318004797388485,2,23.026924400320723,4.797275916733484,1,1,1,1.0,1,1.0,0,114,cvc-clinicdb,segformer,polypseg/runs_repeat/segformer_seed42_fold0rep1/best.pth,False
0.4427369951176267,0.28430457394129677,0.9688707111799848,0.28692550972150643,0.22651583894459199,0.22651583894459199,2,183.66490874264173,38.26352265471702,1,1,1,1.0,0,0.0,0,115,cvc-clinicdb,segformer,polypseg/runs_repeat/segformer_seed42_fold0rep1/best.pth,False
0.49743199543229294,0.3310545638667486,0.9817908766476104,0.33309980255822497,0.25219917846976386,0.25219917846976386,2,175.1484673344936,36.489264028019505,1,1,1,1.0,0,0.0,0,116,cvc-clinicdb,segformer,polypseg/runs_repeat/segformer_seed42_fold0rep1/best.pth,False
0.47195271550980283,0.3088600204327189,0.9837284983499831,0.31044600938739403,0.13604236305548742,0.13604236305548742,2,178.3455880755871,37.15533084908065,1,1,1,1.0,0,0.0,0,117,cvc-clinicdb,segformer,polypseg/runs_repeat/segformer_seed42_fold0rep1/best.pth,False
0.29052307353671125,0.16994851994742632,0.9999999999621356,0.16994851994742632,0.043936697419418524,0.043936697419418524,2,201.01942411041946,41.87904668967072,1,1,0,0.0,0,0.0,1,118,cvc-clinicdb,segformer,polypseg/runs_repeat/segformer_seed42_fold0rep1/best.pth,False
0.3867706708244195,0.23974934240879042,0.9772942289190384,0.24109226699672404,0.11628922003722225,0.11628922003722225,2,191.239639701871,39.841591604556456,1,1,0,0.0,0,0.0,1,119,cvc-clinicdb,segformer,polypseg/runs_repeat/segformer_seed42_fold0rep1/best.pth,False
0.7329942784470317,0.5785248369270195,0.97667296539404,0.5866306602458352,0.4451057450701422,0.4451057450701422,2,62.13694344832465,12.945196551734304,1,1,1,1.0,1,1.0,0,12,cvc-clinicdb,segformer,polypseg/runs_repeat/segformer_seed42_fold0rep1/best.pth,False
0.4757590707248699,0.31212852350784365,0.9856903921021057,0.3135493024337104,0.1569478929304036,0.1569478929304036,2,169.65582613726497,35.34496377859686,1,1,1,1.0,0,0.0,0,120,cvc-clinicdb,segformer,polypseg/runs_repeat/segformer_seed42_fold0rep1/best.pth,False
0.4141372141353008,0.26114315678924926,0.9846221440908475,0.2622126016482641,0.09816135777203885,0.09816135777203885,2,192.16828548348954,40.03505947572698,1,1,1,1.0,0,0.0,0,121,cvc-clinicdb,segformer,polypseg/runs_repeat/segformer_seed42_fold0rep1/best.pth,False
0.4538482607484075,0.29353410097258026,0.9849415494157927,0.2948573462228195,0.07454821357890537,0.07454821357890537,2,161.80753200136616,33.70990250028462,1,1,1,1.0,0,0.0,0,122,cvc-clinicdb,segformer,polypseg/runs_repeat/segformer_seed42_fold0rep1/best.pth,False
0.6151422398243827,0.44419164011932527,0.9976638925244903,0.44465412897478584,0.1947942441896759,0.1947942441896759,2,138.3069023777994,28.813937995374875,1,1,1,1.0,0,0.0,0,123,cvc-clinicdb,segformer,polypseg/runs_repeat/segformer_seed42_fold0rep1/best.pth,False
0.6551312649138619,0.48713398402551233,0.9986660198763198,0.48745116609158606,0.09273456658286804,0.09273456658286804,2,123.80094938345765,25.79186445488701,1,1,1,1.0,0,0.0,0,124,cvc-clinicdb,segformer,polypseg/runs_repeat/segformer_seed42_fold0rep1/best.pth,False
0.8153175522771322,0.688216115503603,0.95476867406365,0.7114106884861684,0.33028000414266045,0.33028000414266045,2,62.12889826803627,12.943520472507554,1,1,1,1.0,1,1.0,0,125,cvc-clinicdb,segformer,polypseg/runs_repeat/segformer_seed42_fold0rep1/best.pth,False
0.8253320839947895,0.7026088588522652,0.9847428646457353,0.7103415559704901,0.5626697057974379,0.5626697057974379,2,64.0,13.333333333333334,1,1,1,1.0,1,1.0,0,126,cvc-clinicdb,segformer,polypseg/runs_repeat/segformer_seed42_fold0rep1/best.pth,False
0.9251614076482207,0.8607445008314595,0.8658723404107936,0.9931667317260218,0.5087931680870436,0.5087931680870436,2,7.810249675906654,1.6271353491472196,1,1,1,1.0,1,1.0,0,127,cvc-clinicdb,segformer,polypseg/runs_repeat/segformer_seed42_fold0rep1/best.pth,False
0.9536074476264266,0.9113285883613386,0.915128052398524,0.9954648525915862,0.6921244390781085,0.6921244390781085,2,5.0,1.0416666666666667,1,1,1,1.0,1,1.0,0,128,cvc-clinicdb,segformer,polypseg/runs_repeat/segformer_seed42_fold0rep1/best.pth,False
0.9569221447988069,0.9174024163462197,0.9187899941719745,0.9983565107332698,0.6023091989275667,0.6023091989275667,2,4.47213595499958,0.9316949906249123,1,1,1,1.0,1,1.0,0,129,cvc-clinicdb,segformer,polypseg/runs_repeat/segformer_seed42_fold0rep1/best.pth,False
0.4818118690215169,0.31735979170841344,0.9542953871994436,0.3222579492652929,0.2611273816483545,0.2611273816483545,2,38.948684188300895,8.114309205896019,1,1,1,1.0,0,0.0,0,13,cvc-clinicdb,segformer,polypseg/runs_repeat/segformer_seed42_fold0rep1/best.pth,False
0.9515414392941022,0.9075622775719967,0.9125961710421131,0.9939588814090036,0.4176841111953383,0.4176841111953383,2,5.0,1.0416666666666667,1,1,1,1.0,1,1.0,0,130,cvc-clinicdb,segformer,polypseg/runs_repeat/segformer_seed42_fold0rep1/best.pth,False
0.9596796465020727,0.92248473585592,0.9349775784669508,0.98572239030838,0.6065262520290203,0.6065262520290203,2,5.356550277780325,1.1159479745375678,1,1,1,1.0,1,1.0,0,131,cvc-clinicdb,segformer,polypseg/runs_repeat/segformer_seed42_fold0rep1/best.pth,False
0.9716591763645632,0.9448804851775797,0.9557921327867955,0.9880619287262067,0.8834355328239706,0.8834355328239706,2,3.0,0.625,1,1,1,1.0,1,1.0,0,132,cvc-clinicdb,segformer,polypseg/runs_repeat/segformer_seed42_fold0rep1/best.pth,False
0.9668915936118629,0.9359052618613612,0.9388854868225489,0.9966198647816352,0.750016620000809,0.750016620000809,2,4.0,0.8333333333333334,1,1,1,1.0,1,1.0,0,133,cvc-clinicdb,segformer,polypseg/runs_repeat/segformer_seed42_fold0rep1/best.pth,False
0.9583588904725798,0.9200471080748489,0.9311349490010444,0.9872226902416846,0.6964351974951648,0.6964351974951648,2,5.0,1.0416666666666667,1,1,1,1.0,1,1.0,0,134,cvc-clinicdb,segformer,polypseg/runs_repeat/segformer_seed42_fold0rep1/best.pth,False
0.866353778925825,0.7642188213752614,0.8884684325772524,0.8453132895348325,0.43370476996592205,0.43370476996592205,2,69.07025241764622,14.389635920342961,1,2,1,1.0,1,1.0,1,135,cvc-clinicdb,segformer,polypseg/runs_repeat/segformer_seed42_fold0rep1/best.pth,False
0.962666763601139,0.9280207457181944,0.9391446201791677,0.9873974645713094,0.7165536905391505,0.7165536905391505,2,7.0,1.4583333333333333,1,1,1,1.0,1,1.0,0,136,cvc-clinicdb,segformer,polypseg/runs_repeat/segformer_seed42_fold0rep1/best.pth,False
0.9632556966242191,0.9291159772836243,0.94552657642006,0.9816623821681091,0.599602861978848,0.599602861978848,2,5.385164807134504,1.1219093348196882,1,1,1,1.0,1,1.0,0,137,cvc-clinicdb,segformer,polypseg/runs_repeat/segformer_seed42_fold0rep1/best.pth,False
0.9674682518212173,0.9369864447535615,0.9399380479816247,0.9966598006958934,0.5792699853128892,0.5792699853128892,2,5.656854249492381,1.1785113019775793,1,1,1,1.0,1,1.0,0,138,cvc-clinicdb,segformer,polypseg/runs_repeat/segformer_seed42_fold0rep1/best.pth,False
0.9665986620463857,0.9353565033702063,0.935571271119877,0.9997546373491032,0.4897323336935332,0.4897323336935332,2,5.385164807134504,1.1219093348196882,1,1,1,1.0,1,1.0,0,139,cvc-clinicdb,segformer,polypseg/runs_repeat/segformer_seed42_fold0rep1/best.pth,False
0.3138955592978248,0.18616614233404402,0.9313058272877222,0.18875813612574352,0.31681200631894546,0.31681200631894546,2,143.1170846674686,29.81605930572262,1,1,0,0.0,0,0.0,1,14,cvc-clinicdb,segformer,polypseg/runs_repeat/segformer_seed42_fold0rep1/best.pth,False
0.9757047755614108,0.9525620663673302,0.9528806756377921,0.9996491074126074,0.6731925347098938,0.6731925347098938,2,5.0,1.0416666666666667,1,1,1,1.0,1,1.0,0,140,cvc-clinicdb,segformer,polypseg/runs_repeat/segformer_seed42_fold0rep1/best.pth,False
0.944823160047623,0.895416885846609,0.9566882113216358,0.9332488092350572,0.35624760791535426,0.35624760791535426,2,16.401219466856727,3.416920722261818,1,1,1,1.0,1,1.0,0,141,cvc-clinicdb,segformer,polypseg/runs_repeat/segformer_seed42_fold0rep1/best.pth,False
0.9630926618119947,0.9288126588967904,0.9318536566759361,0.9964987990025791,0.5769084355795818,0.5769084355795818,2,12.183240789735022,2.538175164528129,1,1,1,1.0,1,1.0,0,142,cvc-clinicdb,segformer,polypseg/runs_repeat/segformer_seed42_fold0rep1/best.pth,False
0.9182626896816508,0.8488777089619025,0.8775755150854656,0.9629060579244314,0.48303742534555405,0.48303742534555405,2,7.0,1.4583333333333333,1,1,1,1.0,1,1.0,0,143,cvc-clinicdb,segformer,polypseg/runs_repeat/segformer_seed42_fold0rep1/best.pth,False
0.9678101503730974,0.9376280446110993,0.938910417136204,0.9985454545394027,0.5216976819676461,0.5216976819676461,2,4.47213595499958,0.9316949906249123,1,1,1,1.0,1,1.0,0,144,cvc-clinicdb,segformer,polypseg/runs_repeat/segformer_seed42_fold0rep1/best.pth,False
0.978913541114239,0.9586979952534653,0.9714298195755038,0.9865134643494675,0.7665847969087026,0.7665847969087026,2,3.4947328716400867,0.7280693482583515,1,1,1,1.0,1,1.0,0,145,cvc-clinicdb,segformer,polypseg/runs_repeat/segformer_seed42_fold0rep1/best.pth,False
0.97842330989747,0.9577580610216068,0.970910845906586,0.9860529364540324,0.710097707481222,0.710097707481222,2,4.0,0.8333333333333334,1,1,1,1.0,1,1.0,0,146,cvc-clinicdb,segformer,polypseg/runs_repeat/segformer_seed42_fold0rep1/best.pth,False
0.9755530531404135,0.9522728884408745,0.9577746076964495,0.9940039973277518,0.7656207924173682,0.7656207924173682,2,4.0,0.8333333333333334,1,1,1,1.0,1,1.0,0,147,cvc-clinicdb,segformer,polypseg/runs_repeat/segformer_seed42_fold0rep1/best.pth,False
0.9551372017569804,0.9141269105982943,0.9179534883635538,0.9954605063956878,0.5518155595360674,0.5518155595360674,2,6.0,1.25,1,1,1,1.0,1,1.0,0,148,cvc-clinicdb,segformer,polypseg/runs_repeat/segformer_seed42_fold0rep1/best.pth,False
0.9586681371726344,0.9206173088468769,0.9266930652764067,0.9929286335836277,0.6151384543847808,0.6151384543847808,2,5.0,1.0416666666666667,1,1,1,1.0,1,1.0,0,149,cvc-clinicdb,segformer,polypseg/runs_repeat/segformer_seed42_fold0rep1/best.pth,False
0.3465461764899328,0.2095892679689478,0.9993419320742387,0.20961819838166462,0.12851367804709934,0.12851367804709934,2,164.2175298709094,34.2119853897728,1,2,0,0.0,0,0.0,2,15,cvc-clinicdb,segformer,polypseg/runs_repeat/segformer_seed42_fold0rep1/best.pth,False
0.9525103299883821,0.9093267048426529,0.9173571739978482,0.9904649793879874,0.5724976113666248,0.5724976113666248,2,5.0,1.0416666666666667,1,1,1,1.0,1,1.0,0,150,cvc-clinicdb,segformer,polypseg/runs_repeat/segformer_seed42_fold0rep1/best.pth,False
0.9515804098579258,0.9076331831313592,0.9087169961402585,0.9986876640274324,0.5565834026551797,0.5565834026551797,2,4.0,0.8333333333333334,1,1,1,1.0,1,1.0,0,151,cvc-clinicdb,segformer,polypseg/runs_repeat/segformer_seed42_fold0rep1/best.pth,False
0.9503919015185867,0.9054731026691067,0.9668549717494033,0.9344800927670348,0.4311720792128461,0.4311720792128461,2,11.596866405015795,2.416013834378291,1,1,1,1.0,1,1.0,0,152,cvc-clinicdb,segformer,polypseg/runs_repeat/segformer_seed42_fold0rep1/best.pth,False
0.9074249145450699,0.8305378061657277,0.8393649939346245,0.9874960430359687,0.3926476837487846,0.3926476837487846,2,10.0,2.0833333333333335,1,1,1,1.0,1,1.0,0,153,cvc-clinicdb,segformer,polypseg/runs_repeat/segformer_seed42_fold0rep1/best.pth,False
0.006006006005968431,0.0030120481927521834,0.003120124804971918,0.07999999998666667,0.0805609690003984,0.0805609690003984,2,163.5878927486806,34.08081098930845,1,2,0,0.0,0,0.0,2,154,cvc-clinicdb,segformer,polypseg/runs_repeat/segformer_seed42_fold0rep1/best.pth,False
0.3917186213340581,0.24356348741598063,0.24409910569939747,0.9910714285124361,0.22043547319589096,0.22043547319589096,2,107.8233201462093,22.463191697126938,1,3,1,1.0,0,0.0,2,155,cvc-clinicdb,segformer,polypseg/runs_repeat/segformer_seed42_fold0rep1/best.pth,False
0.8904095803472837,0.8024668964120721,0.8436308161547744,0.9426805880898641,0.4783179529708006,0.4783179529708006,2,47.282576119520925,9.85053669156686,1,2,1,1.0,1,1.0,1,156,cvc-clinicdb,segformer,polypseg/runs_repeat/segformer_seed42_fold0rep1/best.pth,False
0.8822678986681609,0.7893375323271922,0.834780540016239,0.9354838709552722,0.3623187909577888,0.3623187909577888,2,69.3673948797682,14.451540599951707,1,2,1,1.0,1,1.0,1,157,cvc-clinicdb,segformer,polypseg/runs_repeat/segformer_seed42_fold0rep1/best.pth,False
0.9038243479960434,0.8245251081281827,0.8417818740237754,0.9757400400406023,0.4125537860096168,0.4125537860096168,2,7.615773105863909,1.5866193970549811,1,1,1,1.0,1,1.0,0,158,cvc-clinicdb,segformer,polypseg/runs_repeat/segformer_seed42_fold0rep1/best.pth,False
0.9148167268736496,0.8430066602833965,0.85769603093622,0.9800884955210127,0.6572213711531821,0.6572213711531821,2,4.123105625617661,0.858980338670346,1,1,1,1.0,1,1.0,0,159,cvc-clinicdb,segformer,polypseg/runs_repeat/segformer_seed42_fold0rep1/best.pth,False
0.6323377960810819,0.4623493975845589,0.980047885049746,0.46674268338443253,0.3146267081276262,0.3146267081276262,2,52.44424239131726,10.925883831524429,1,1,1,1.0,0,0.0,0,16,cvc-clinicdb,segformer,polypseg/runs_repeat/segformer_seed42_fold0rep1/best.pth,False
0.9371669496929369,0.8817630853897326,0.9030583455490006,0.973953261916091,0.479163885933048,0.479163885933048,2,8.0,1.6666666666666667,1,1,1,1.0,1,1.0,0,160,cvc-clinicdb,segformer,polypseg/runs_repeat/segformer_seed42_fold0rep1/best.pth,False
0.9092268580692504,0.8335618316195897,0.8626560726202425,0.9611128675004391,0.522591902670309,0.522591902670309,2,7.0,1.4583333333333333,1,1,1,1.0,1,1.0,0,161,cvc-clinicdb,segformer,polypseg/runs_repeat/segformer_seed42_fold0rep1/best.pth,False
0.9476332463571782,0.9004781299645745,0.9036786920045552,0.9960822722625645,0.6707647917336447,0.6707647917336447,2,5.385164807134504,1.1219093348196882,1,1,1,1.0,1,1.0,0,162,cvc-clinicdb,segformer,polypseg/runs_repeat/segformer_seed42_fold0rep1/best.pth,False
0.9227317598409518,0.8565478173799309,0.8595552583036357,0.9959318093569173,0.5870888935911239,0.5870888935911239,2,7.999255730200575,1.6665116104584532,1,1,1,1.0,1,1.0,0,163,cvc-clinicdb,segformer,polypseg/runs_repeat/segformer_seed42_fold0rep1/best.pth,False
0.9183925811295457,0.8490997427593856,0.8983973389507591,0.9392981346525673,0.5306344381294776,0.5306344381294776,2,5.0,1.0416666666666667,1,1,1,1.0,1,1.0,0,164,cvc-clinicdb,segformer,polypseg/runs_repeat/segformer_seed42_fold0rep1/best.pth,False
0.922327540804882,0.8558514536909865,0.8930528999248815,0.9535864978773161,0.3151237863065556,0.3151237863065556,2,7.0,1.4583333333333333,1,1,1,1.0,1,1.0,0,165,cvc-clinicdb,segformer,polypseg/runs_repeat/segformer_seed42_fold0rep1/best.pth,False
0.8608041382502891,0.7556243549973619,0.7564049586698718,0.9986361156437721,0.4394789893074189,0.4394789893074189,2,150.30106853541372,31.312722611544526,1,3,1,1.0,1,1.0,2,166,cvc-clinicdb,segformer,polypseg/runs_repeat/segformer_seed42_fold0rep1/best.pth,False
0.9595342893517034,0.9222161571800706,0.9545197739843356,0.9646017698839681,0.8469750389686076,0.8469750389686076,2,4.0,0.8333333333333334,1,1,1,1.0,1,1.0,0,167,cvc-clinicdb,segformer,polypseg/runs_repeat/segformer_seed42_fold0rep1/best.pth,False
0.9396636992983217,0.8861940298342128,0.9214354994971594,0.9586276488202093,0.5808487958703493,0.5808487958703493,2,4.47213595499958,0.9316949906249123,1,1,1,1.0,1,1.0,0,168,cvc-clinicdb,segformer,polypseg/runs_repeat/segformer_seed42_fold0rep1/best.pth,False
0.9631326191284585,0.9288869887283898,0.941771420301376,0.9854853341248037,0.8308003552689553,0.8308003552689553,2,3.7041634565979917,0.7717007201245816,1,1,1,1.0,1,1.0,0,169,cvc-clinicdb,segformer,polypseg/runs_repeat/segformer_seed42_fold0rep1/best.pth,False
0.8145632601452591,0.6871419053918245,0.993450202263596,0.6902690402844982,0.5168956054503968,0.5168956054503968,2,38.06956104527651,7.931158551099273,1,1,1,1.0,1,1.0,0,17,cvc-clinicdb,segformer,polypseg/runs_repeat/segformer_seed42_fold0rep1/best.pth,False
0.9526548218039164,0.909590115691124,0.9147928993902408,0.9937861581102682,0.748518638745337,0.748518638745337,2,4.47213595499958,0.9316949906249123,1,1,1,1.0,1,1.0,0,170,cvc-clinicdb,segformer,polypseg/runs_repeat/segformer_seed42_fold0rep1/best.pth,False
0.9590339061685179,0.9212921648952117,0.9280834232123681,0.9921199307900803,0.7549992431995106,0.7549992431995106,2,4.0,0.8333333333333334,1,1,1,1.0,1,1.0,0,171,cvc-clinicdb,segformer,polypseg/runs_repeat/segformer_seed42_fold0rep1/best.pth,False
0.9097001172573346,0.8343577135576412,0.950630252067555,0.8721490523330502,0.656937867423103,0.656937867423103,2,6.708203932499369,1.3975424859373686,1,1,1,1.0,1,1.0,0,172,cvc-clinicdb,segformer,polypseg/runs_repeat/segformer_seed42_fold0rep1/best.pth,False
0.9539476657434177,0.9119502289733694,0.939302242782669,0.9690570195485348,0.5989653090051287,0.5989653090051287,2,8.0,1.6666666666666667,1,1,1,1.0,1,1.0,0,173,cvc-clinicdb,segformer,polypseg/runs_repeat/segformer_seed42_fold0rep1/best.pth,False
0.9174444255857905,0.8474802100411671,0.9008581187961271,0.9346529518460138,0.4341183572733258,0.4341183572733258,2,10.770329614269007,2.2438186696393765,1,1,1,1.0,1,1.0,0,174,cvc-clinicdb,segformer,polypseg/runs_repeat/segformer_seed42_fold0rep1/best.pth,False
0.9302932031662924,0.8696712088956765,0.9448556875996953,0.9161727907222693,0.46355411610635844,0.46355411610635844,2,15.02643375224738,3.130507031718204,1,1,1,1.0,1,1.0,0,175,cvc-clinicdb,segformer,polypseg/runs_repeat/segformer_seed42_fold0rep1/best.pth,False
0.8060699750739626,0.6751400486170852,0.6752827994466895,0.9996869864543415,0.43582646897832006,0.43582646897832006,2,46.062450326638036,9.596343818049592,1,1,1,1.0,1,1.0,0,176,cvc-clinicdb,segformer,polypseg/runs_repeat/segformer_seed42_fold0rep1/best.pth,False
0.914292214065209,0.8421162912431417,0.8571123906925024,0.9796465569655131,0.5821773355708911,0.5821773355708911,2,21.0,4.375,1,1,1,1.0,1,1.0,0,177,cvc-clinicdb,segformer,polypseg/runs_repeat/segformer_seed42_fold0rep1/best.pth,False
0.0,0.0,0.0,0.0,0.0,0.0,2,171.97498533848784,35.8281219455183,1,1,0,0.0,0,0.0,1,178,cvc-clinicdb,segformer,polypseg/runs_repeat/segformer_seed42_fold0rep1/best.pth,False
0.9203677730883534,0.852482678959224,0.8637028370616057,0.9849899932960311,0.4745702762640888,0.4745702762640888,2,4.123105625617661,0.858980338670346,1,1,1,1.0,1,1.0,0,179,cvc-clinicdb,segformer,polypseg/runs_repeat/segformer_seed42_fold0rep1/best.pth,False
0.8676946874806994,0.7663080601027467,0.9939091915726034,0.7699236510185302,0.36729269615837684,0.36729269615837684,2,21.0,4.375,1,1,1,1.0,1,1.0,0,18,cvc-clinicdb,segformer,polypseg/runs_repeat/segformer_seed42_fold0rep1/best.pth,False
0.9140148950451724,0.8416458852657944,0.8452291509931072,0.9949882075178365,0.5597035165048347,0.5597035165048347,2,7.280109889280518,1.5166895602667745,1,1,1,1.0,1,1.0,0,180,cvc-clinicdb,segformer,polypseg/runs_repeat/segformer_seed42_fold0rep1/best.pth,False
0.9293047814472088,0.8679452054556728,0.8790233074117918,0.9856876166463694,0.5994938107311188,0.5994938107311188,2,4.47213595499958,0.9316949906249123,1,1,1,1.0,1,1.0,0,181,cvc-clinicdb,segformer,polypseg/runs_repeat/segformer_seed42_fold0rep1/best.pth,False
0.9561003420616292,0.9158929546445688,0.9563729683217459,0.9558278711611334,0.8274208352859511,0.8274208352859511,2,3.0,0.625,1,1,1,1.0,1,1.0,0,182,cvc-clinicdb,segformer,polypseg/runs_repeat/segformer_seed42_fold0rep1/best.pth,False
0.9261744966310699,0.8624999999770612,0.8680406852016049,0.9926538108052448,0.5393658578777335,0.5393658578777335,2,5.385164807134504,1.1219093348196882,1,1,1,1.0,1,1.0,0,183,cvc-clinicdb,segformer,polypseg/runs_repeat/segformer_seed42_fold0rep1/best.pth,False
0.9480639213130292,0.9012562079783448,0.9217209441015322,0.9759569756097451,0.8255492163060355,0.8255492163060355,2,4.517708094089703,0.9411891862686882,1,1,1,1.0,1,1.0,0,184,cvc-clinicdb,segformer,polypseg/runs_repeat/segformer_seed42_fold0rep1/best.pth,False
0.9257856872309183,0.861825872385234,0.8622817845025167,0.9993868791947806,0.4231151366466573,0.4231151366466573,2,7.046194077712557,1.4679570995234494,1,1,1,1.0,1,1.0,0,185,cvc-clinicdb,segformer,polypseg/runs_repeat/segformer_seed42_fold0rep1/best.pth,False
0.9472642607628214,0.8998120092790023,0.9006087437642434,0.9990178023204541,0.4642856643140644,0.4642856643140644,2,5.385164807134504,1.1219093348196882,1,1,1,1.0,1,1.0,0,186,cvc-clinicdb,segformer,polypseg/runs_repeat/segformer_seed42_fold0rep1/best.pth,False
0.9309373551505297,0.8707977587988873,0.8747654784181534,0.994818258012689,0.414204000102857,0.414204000102857,2,10.487766334866576,2.18495131976387,1,1,1,1.0,1,1.0,0,187,cvc-clinicdb,segformer,polypseg/runs_repeat/segformer_seed42_fold0rep1/best.pth,False
0.950628398570526,0.9059025394584358,0.9078341013762443,0.9976568405064424,0.4239534162128346,0.4239534162128346,2,6.324555320336759,1.317615691736825,1,1,1,1.0,1,1.0,0,188,cvc-clinicdb,segformer,polypseg/runs_repeat/segformer_seed42_fold0rep1/best.pth,False
0.9533619456275311,0.9108802624218904,0.9373593398173788,0.9699204346794116,0.6445069922543025,0.6445069922543025,2,4.0061552812808845,0.8346156836001842,1,1,1,1.0,1,1.0,0,189,cvc-clinicdb,segformer,polypseg/runs_repeat/segformer_seed42_fold0rep1/best.pth,False
0.5285321210650057,0.35918699186797187,0.948747315662867,0.36629449480230875,0.2844689181657396,0.2844689181657396,2,75.17978451685,15.662455107677085,1,1,1,1.0,0,0.0,0,19,cvc-clinicdb,segformer,polypseg/runs_repeat/segformer_seed42_fold0rep1/best.pth,False
0.9574189797855338,0.9183161415969245,0.9414118319250812,0.9739798935253111,0.8643384322039286,0.8643384322039286,2,2.8284271247461903,0.5892556509887896,1,1,1,1.0,1,1.0,0,190,cvc-clinicdb,segformer,polypseg/runs_repeat/segformer_seed42_fold0rep1/best.pth,False
0.9072243345662653,0.8302018092672093,0.8752751283290333,0.9415943172106082,0.6496000417400672,0.6496000417400672,2,4.0,0.8333333333333334,1,1,1,1.0,1,1.0,0,191,cvc-clinicdb,segformer,polypseg/runs_repeat/segformer_seed42_fold0rep1/best.pth,False
0.919999999965926,0.8518518517934257,0.9864972199375299,0.8619014572614919,0.6760622579897629,0.6760622579897629,2,3.9419616030638784,0.8212420006383081,1,1,1,1.0,1,1.0,0,192,cvc-clinicdb,segformer,polypseg/runs_repeat/segformer_seed42_fold0rep1/best.pth,False
0.9397397397209262,0.8863293051024801,0.8934145412678564,0.9911317567149016,0.7557413410845903,0.7557413410845903,2,5.0990195135927845,1.0622957319984967,1,1,1,1.0,1,1.0,0,193,cvc-clinicdb,segformer,polypseg/runs_repeat/segformer_seed42_fold0rep1/best.pth,False
0.9553398058154793,0.9144981412460478,0.9359231077105342,0.975579211000301,0.7551205426285598,0.7551205426285598,2,5.0,1.0416666666666667,1,1,1,1.0,1,1.0,0,194,cvc-clinicdb,segformer,polypseg/runs_repeat/segformer_seed42_fold0rep1/best.pth,False
0.9516415261651325,0.9077443927019098,0.9192200556906103,0.9864336628883322,0.7171465997395342,0.7171465997395342,2,4.129082378692743,0.8602254955609882,1,1,1,1.0,1,1.0,0,195,cvc-clinicdb,segformer,polypseg/runs_repeat/segformer_seed42_fold0rep1/best.pth,False
0.9477267735454894,0.9006470465268076,0.9132275132081857,0.9849349463367968,0.6999955297271458,0.6999955297271458,2,5.0,1.0416666666666667,1,1,1,1.0,1,1.0,0,196,cvc-clinicdb,segformer,polypseg/runs_repeat/segformer_seed42_fold0rep1/best.pth,False
0.9400700350081033,0.8869171228830108,0.8894358197484015,0.9968173137917077,0.5837173079629396,0.5837173079629396,2,6.0,1.25,1,1,1,1.0,1,1.0,0,197,cvc-clinicdb,segformer,polypseg/runs_repeat/segformer_seed42_fold0rep1/best.pth,False
0.9524772497365186,0.9092664092469055,0.9551599819523399,0.9498095451277211,0.7006036821742707,0.7006036821742707,2,3.6314289929716788,0.7565477068690998,1,1,1,1.0,1,1.0,0,198,cvc-clinicdb,segformer,polypseg/runs_repeat/segformer_seed42_fold0rep1/best.pth,False
0.9420321319915106,0.8904165811432297,0.8961173068794689,0.9929061784669816,0.5762314081917448,0.5762314081917448,2,4.47213595499958,0.9316949906249123,1,1,1,1.0,1,1.0,0,199,cvc-clinicdb,segformer,polypseg/runs_repeat/segformer_seed42_fold0rep1/best.pth,False
0.5376863023401786,0.36769559308693606,0.9905857740456252,0.36898499902411364,0.3908490244596166,0.3908490244596166,2,77.38766039977119,16.122429249952333,1,1,1,1.0,0,0.0,0,2,cvc-clinicdb,segformer,polypseg/runs_repeat/segformer_seed42_fold0rep1/best.pth,False
0.42761200373872477,0.2719506920400522,0.9246323529241796,0.2781156695771419,0.2830605933953419,0.2830605933953419,2,95.68801620725785,19.93500337651205,1,1,1,1.0,0,0.0,0,20,cvc-clinicdb,segformer,polypseg/runs_repeat/segformer_seed42_fold0rep1/best.pth,False
0.7461498973258075,0.5950870010174505,0.5953917050630272,0.999140745815447,0.06637728254871109,0.06637728254871109,2,30.23073238959898,6.298069247833121,1,1,1,1.0,1,1.0,0,200,cvc-clinicdb,segformer,polypseg/runs_repeat/segformer_seed42_fold0rep1/best.pth,False
0.6376075921394967,0.46800583184458117,0.4723289462889534,0.980818197233393,0.16832960937199057,0.16832960937199057,2,50.195005563892174,10.45729282581087,1,1,1,1.0,0,0.0,0,201,cvc-clinicdb,segformer,polypseg/runs_repeat/segformer_seed42_fold0rep1/best.pth,False
0.6195144192373218,0.4487655850016616,0.4495822648651701,0.9959684808320328,0.129384013964314,0.129384013964314,2,53.10599076675927,11.063748076408181,1,1,1,1.0,0,0.0,0,202,cvc-clinicdb,segformer,polypseg/runs_repeat/segformer_seed42_fold0rep1/best.pth,False
0.4078732440362305,0.2561813891440639,0.2561813891440639,0.999999999979976,0.0,0.0,2,93.42697219818108,19.463952541287725,1,2,1,1.0,0,0.0,1,203,cvc-clinicdb,segformer,polypseg/runs_repeat/segformer_seed42_fold0rep1/best.pth,False
0.030295315681895425,0.015380638490172151,0.02743832141970398,0.033816425119811984,0.07586201930799921,0.07586201930799921,2,77.32423482429421,16.109215588394626,1,1,0,0.0,0,0.0,1,204,cvc-clinicdb,segformer,polypseg/runs_repeat/segformer_seed42_fold0rep1/best.pth,False
0.45395920815496427,0.29362692792420575,0.29362692792420575,0.9999999999669641,0.017877055311969637,0.017877055311969637,2,72.89367044274547,15.186181342238642,1,2,1,1.0,0,0.0,1,205,cvc-clinicdb,segformer,polypseg/runs_repeat/segformer_seed42_fold0rep1/best.pth,False
0.7413081909203083,0.588951310855296,0.8539749585027309,0.6549051365032982,0.23533614922095908,0.23533614922095908,2,136.05733900355938,28.345278959074868,1,1,1,1.0,1,1.0,0,206,cvc-clinicdb,segformer,polypseg/runs_repeat/segformer_seed42_fold0rep1/best.pth,False
0.6409631646793682,0.47163045770437,0.8547400611457427,0.5127264388842843,0.24789582754308553,0.24789582754308553,2,168.1091504759594,35.02273968249154,1,1,1,1.0,0,0.0,0,207,cvc-clinicdb,segformer,polypseg/runs_repeat/segformer_seed42_fold0rep1/best.pth,False
0.45478848874894184,0.29432118867709506,0.6557823128954294,0.34809821857611706,0.14129732259022626,0.14129732259022626,2,119.37076184887671,24.868908718515982,1,1,1,1.0,0,0.0,0,208,cvc-clinicdb,segformer,polypseg/runs_repeat/segformer_seed42_fold0rep1/best.pth,False
0.49438609198670075,0.32836179936664994,0.5070579494611048,0.4823321554599883,0.27109629552875614,0.27109629552875614,2,125.47190018483245,26.139979205173425,1,3,1,1.0,0,0.0,2,209,cvc-clinicdb,segformer,polypseg/runs_repeat/segformer_seed42_fold0rep1/best.pth,False
0.5779887664201123,0.4064586500945116,0.9699479413080142,0.4116426204250941,0.40079687011175746,0.40079687011175746,2,103.23457124071257,21.50720234181512,1,2,1,1.0,0,0.0,1,21,cvc-clinicdb,segformer,polypseg/runs_repeat/segformer_seed42_fold0rep1/best.pth,False
0.7344763568838386,0.5803734769231977,0.9488177868012594,0.5991305587207841,0.3431006623310396,0.3431006623310396,2,172.98773567684597,36.03911159934292,1,1,1,1.0,1,1.0,0,210,cvc-clinicdb,segformer,polypseg/runs_repeat/segformer_seed42_fold0rep1/best.pth,False
0.7547730954067958,0.6061329807625447,0.8918732350116606,0.6542073282974856,0.2394290073586885,0.2394290073586885,2,170.2079144910606,35.45998218563762,1,1,1,1.0,1,1.0,0,211,cvc-clinicdb,segformer,polypseg/runs_repeat/segformer_seed42_fold0rep1/best.pth,False
0.7769532955015379,0.635260528190659,0.9086625304255975,0.6785923753625889,0.2323363731089656,0.2323363731089656,2,178.08424852945402,37.10088511030292,1,1,1,1.0,1,1.0,0,212,cvc-clinicdb,segformer,polypseg/runs_repeat/segformer_seed42_fold0rep1/best.pth,False
0.846515348462332,0.7338765603286299,0.9196176406624692,0.784179325671334,0.3085623773839458,0.3085623773839458,2,125.87454062389959,26.22386262997908,1,1,1,1.0,1,1.0,0,213,cvc-clinicdb,segformer,polypseg/runs_repeat/segformer_seed42_fold0rep1/best.pth,False
0.8656273199660202,0.7630890052289433,0.911792305276699,0.8239118145767484,0.2988949220677596,0.2988949220677596,2,105.28198092898735,21.933746026872367,1,1,1,1.0,1,1.0,0,214,cvc-clinicdb,segformer,polypseg/runs_repeat/segformer_seed42_fold0rep1/best.pth,False
0.8935991163893462,0.8076630538048329,0.9683118659413164,0.8295898437418985,0.6090262458401643,0.6090262458401643,2,26.832174260124898,5.5900363041926875,1,1,1,1.0,1,1.0,0,215,cvc-clinicdb,segformer,polypseg/runs_repeat/segformer_seed42_fold0rep1/best.pth,False
0.908154435696122,0.8317608876078816,0.9195594125423935,0.8970288970215952,0.44200554439506723,0.44200554439506723,2,60.22814691734285,12.547530607779759,1,1,1,1.0,1,1.0,0,216,cvc-clinicdb,segformer,polypseg/runs_repeat/segformer_seed42_fold0rep1/best.pth,False
0.9514261019837881,0.9073524563064016,0.9120888225958066,0.9943094571312951,0.4204381929294435,0.4204381929294435,2,5.0,1.0416666666666667,1,1,1,1.0,1,1.0,0,217,cvc-clinicdb,segformer,polypseg/runs_repeat/segformer_seed42_fold0rep1/best.pth,False
0.958762312866833,0.9207910208346254,0.9212834224500397,0.9994198862861188,0.6263596553154438,0.6263596553154438,2,4.47213595499958,0.9316949906249123,1,1,1,1.0,1,1.0,0,218,cvc-clinicdb,segformer,polypseg/runs_repeat/segformer_seed42_fold0rep1/best.pth,False
0.9103911892947837,0.8355211341449787,0.9192663200329395,0.9016857911757801,0.5685787628669622,0.5685787628669622,2,47.920432236992596,9.98342338270679,1,1,1,1.0,1,1.0,0,219,cvc-clinicdb,segformer,polypseg/runs_repeat/segformer_seed42_fold0rep1/best.pth,False
0.1866278486092651,0.10291756629555275,0.903450510272097,0.10406209766181393,0.041037171755630576,0.041037171755630576,2,212.08488866489287,44.18435180518601,1,4,0,0.0,0,0.0,4,22,cvc-clinicdb,segformer,polypseg/runs_repeat/segformer_seed42_fold0rep1/best.pth,False
0.9456948568054238,0.89698401161161,0.8973100690494855,0.9995950597084512,0.7210823358278999,0.7210823358278999,2,5.830951894845301,1.2147816447594377,1,1,1,1.0,1,1.0,0,220,cvc-clinicdb,segformer,polypseg/runs_repeat/segformer_seed42_fold0rep1/best.pth,False
0.891470139611739,0.8041913632344583,0.850268576525285,0.9368680640952683,0.5387323449428792,0.5387323449428792,2,28.37575094122401,5.911614779421669,1,1,1,1.0,1,1.0,0,221,cvc-clinicdb,segformer,polypseg/runs_repeat/segformer_seed42_fold0rep1/best.pth,False
0.8984374999883016,0.8156028368601512,0.8156028368601512,0.9999999999710145,0.42450248609181124,0.42450248609181124,2,5.830951894845301,1.2147816447594377,1,1,1,1.0,1,1.0,0,222,cvc-clinicdb,segformer,polypseg/runs_repeat/segformer_seed42_fold0rep1/best.pth,False
0.8882651697288391,0.7989901418418132,0.8038219641798785,0.9925328554064358,0.4551344215971326,0.4551344215971326,2,8.48528137423857,1.7677669529663687,1,1,1,1.0,1,1.0,0,223,cvc-clinicdb,segformer,polypseg/runs_repeat/segformer_seed42_fold0rep1/best.pth,False
0.9407100378277039,0.8880571622698858,0.9097246427009508,0.9738805969785866,0.783910483912203,0.783910483912203,2,3.605551275463989,0.7511565157216644,1,1,1,1.0,1,1.0,0,224,cvc-clinicdb,segformer,polypseg/runs_repeat/segformer_seed42_fold0rep1/best.pth,False
0.9382924767407961,0.8837579617599852,0.8868175765409636,0.9961112772660452,0.7341063074599062,0.7341063074599062,2,4.0,0.8333333333333334,1,1,1,1.0,1,1.0,0,225,cvc-clinicdb,segformer,polypseg/runs_repeat/segformer_seed42_fold0rep1/best.pth,False
0.9525476826596098,0.9093947923837193,0.9187699964287457,0.988903768873371,0.7322097288886361,0.7322097288886361,2,4.123105625617661,0.858980338670346,1,1,1,1.0,1,1.0,0,226,cvc-clinicdb,segformer,polypseg/runs_repeat/segformer_seed42_fold0rep1/best.pth,False
0.8915915915782043,0.8043890544349935,0.8123119014825633,0.9880199666892506,0.5210282082083133,0.5210282082083133,2,9.947100230628633,2.072312548047632,1,1,1,1.0,1,1.0,0,227,cvc-clinicdb,segformer,polypseg/runs_repeat/segformer_seed42_fold0rep1/best.pth,False
0.8785280680838692,0.7833705357055427,0.9316432174020223,0.8311426879712119,0.22648246289604934,0.22648246289604934,2,28.036571637291207,5.8409524244356685,1,1,1,1.0,1,1.0,0,228,cvc-clinicdb,segformer,polypseg/runs_repeat/segformer_seed42_fold0rep1/best.pth,False
0.8530120481872158,0.7436974789831512,0.947756874081798,0.7754884546977443,0.22582249485765407,0.22582249485765407,2,36.970027472320126,7.702089056733359,1,1,1,1.0,1,1.0,0,229,cvc-clinicdb,segformer,polypseg/runs_repeat/segformer_seed42_fold0rep1/best.pth,False
0.8755473995894492,0.7786432253967633,0.9978135842910888,0.7799739921947614,0.3770393811704791,0.3770393811704791,2,38.0,7.916666666666667,1,1,1,1.0,1,1.0,0,23,cvc-clinicdb,segformer,polypseg/runs_repeat/segformer_seed42_fold0rep1/best.pth,False
0.8386344464823137,0.7221106601122746,0.9350484094000827,0.76024470333876,0.1936890332073278,0.1936890332073278,2,51.58482309374801,10.746838144530836,1,1,1,1.0,1,1.0,0,230,cvc-clinicdb,segformer,polypseg/runs_repeat/segformer_seed42_fold0rep1/best.pth,False
0.8558713912197367,0.7480552314238231,0.9190060924565822,0.8008536331417819,0.2965019593657795,0.2965019593657795,2,53.75872022286245,11.19973337976301,1,1,1,1.0,1,1.0,0,231,cvc-clinicdb,segformer,polypseg/runs_repeat/segformer_seed42_fold0rep1/best.pth,False
0.8720299119500904,0.7730966638110933,0.9455306349248314,0.8091321134754119,0.24500928367112576,0.24500928367112576,2,27.459247605575406,5.720676584494877,1,1,1,1.0,1,1.0,0,232,cvc-clinicdb,segformer,polypseg/runs_repeat/segformer_seed42_fold0rep1/best.pth,False
0.8971147656086583,0.8134253117494644,0.9671293375333304,0.8365531543285497,0.37826759391833137,0.37826759391833137,2,24.84287811118749,5.175599606497394,1,1,1,1.0,1,1.0,0,233,cvc-clinicdb,segformer,polypseg/runs_repeat/segformer_seed42_fold0rep1/best.pth,False
0.913472648638495,0.8407267865772926,0.9799546677930304,0.8554380758000653,0.44932862031312987,0.44932862031312987,2,22.99985852645076,4.791637193010574,1,1,1,1.0,1,1.0,0,234,cvc-clinicdb,segformer,polypseg/runs_repeat/segformer_seed42_fold0rep1/best.pth,False
0.9151525968198638,0.8435772571673888,0.9331052554889131,0.8978777053940051,0.2004756828010658,0.2004756828010658,2,12.583580035680992,2.6215791741002064,1,1,1,1.0,1,1.0,0,235,cvc-clinicdb,segformer,polypseg/runs_repeat/segformer_seed42_fold0rep1/best.pth,False
0.9362865982112887,0.8802056988629219,0.9737922029381291,0.901562904750008,0.4454486265855576,0.4454486265855576,2,11.40175425099138,2.3753654689565376,1,1,1,1.0,1,1.0,0,236,cvc-clinicdb,segformer,polypseg/runs_repeat/segformer_seed42_fold0rep1/best.pth,False
0.6791650178059973,0.5141936933543773,0.5153323574653179,0.9957212270578306,0.12684724320781213,0.12684724320781213,2,124.27436529254025,25.89049276927922,1,1,1,1.0,1,1.0,0,237,cvc-clinicdb,segformer,polypseg/runs_repeat/segformer_seed42_fold0rep1/best.pth,False
0.9283749757856735,0.8663244650024123,0.9486225459076264,0.9089736782150574,0.44904818618789805,0.44904818618789805,2,30.663262331384097,6.388179652371687,1,1,1,1.0,1,1.0,0,238,cvc-clinicdb,segformer,polypseg/runs_repeat/segformer_seed42_fold0rep1/best.pth,False
0.9416564039372627,0.8897454545389836,0.9639902292887559,0.9203340103744803,0.5500194129651047,0.5500194129651047,2,15.0,3.125,1,1,1,1.0,1,1.0,0,239,cvc-clinicdb,segformer,polypseg/runs_repeat/segformer_seed42_fold0rep1/best.pth,False
0.9253135820566275,0.8610079801951905,0.9645742697281418,0.8891239203204251,0.5838490156884413,0.5838490156884413,2,21.138582233137672,4.4038712985703485,1,1,1,1.0,1,1.0,0,24,cvc-clinicdb,segformer,polypseg/runs_repeat/segformer_seed42_fold0rep1/best.pth,False
0.9360111713449317,0.8797189840123545,0.9735155916191924,0.9012892509617868,0.4883007822346225,0.4883007822346225,2,22.036148749585465,4.5908643228303045,1,1,1,1.0,1,1.0,0,240,cvc-clinicdb,segformer,polypseg/runs_repeat/segformer_seed42_fold0rep1/best.pth,False
0.8786663031165868,0.783590384877146,0.9596698715139992,0.8102729884999261,0.30640757349556674,0.30640757349556674,2,41.57761168857389,8.66200243511956,1,1,1,1.0,1,1.0,0,241,cvc-clinicdb,segformer,polypseg/runs_repeat/segformer_seed42_fold0rep1/best.pth,False
0.8057321330119208,0.6746661743851168,0.7798008534795178,0.8334473584125165,0.1701735840569674,0.1701735840569674,2,46.86149319340119,9.76281108195858,1,1,1,1.0,1,1.0,0,242,cvc-clinicdb,segformer,polypseg/runs_repeat/segformer_seed42_fold0rep1/best.pth,False
0.8954139862995673,0.8106331016268021,0.9439947494974403,0.8515887112605921,0.5459081534491415,0.5459081534491415,2,41.012193308819754,8.544206939337448,1,1,1,1.0,1,1.0,0,243,cvc-clinicdb,segformer,polypseg/runs_repeat/segformer_seed42_fold0rep1/best.pth,False
0.8828838930263896,0.790324199530359,0.9348213225580574,0.836413851701334,0.5554947088241922,0.5554947088241922,2,46.15082655166187,9.614755531596224,1,1,1,1.0,1,1.0,0,244,cvc-clinicdb,segformer,polypseg/runs_repeat/segformer_seed42_fold0rep1/best.pth,False
0.9015343562314774,0.8207214866898976,0.94808474812757,0.859341218353563,0.5975195421341357,0.5975195421341357,2,32.25358442354057,6.719496754904286,1,1,1,1.0,1,1.0,0,245,cvc-clinicdb,segformer,polypseg/runs_repeat/segformer_seed42_fold0rep1/best.pth,False
0.7795229258100778,0.6387034564557283,0.8793015419087173,0.7000813008073163,0.2766703241489015,0.2766703241489015,2,58.65771886021388,12.220358095877891,1,1,1,1.0,1,1.0,0,246,cvc-clinicdb,segformer,polypseg/runs_repeat/segformer_seed42_fold0rep1/best.pth,False
0.8970043991310068,0.8132438591997135,0.9417888562980806,0.8562858285504846,0.3119444933242662,0.3119444933242662,2,29.86962663220352,6.222838881709067,1,1,1,1.0,1,1.0,0,247,cvc-clinicdb,segformer,polypseg/runs_repeat/segformer_seed42_fold0rep1/best.pth,False
0.8974398638684452,0.8139600140244548,0.9289831865418016,0.8679682824590965,0.33961151877408635,0.33961151877408635,2,33.039357831261505,6.88319954817948,1,1,1,1.0,1,1.0,0,248,cvc-clinicdb,segformer,polypseg/runs_repeat/segformer_seed42_fold0rep1/best.pth,False
0.9274082005937294,0.8646422628879813,0.8853394667272737,0.9736743488760194,0.4800863871680491,0.4800863871680491,2,10.770329614269007,2.2438186696393765,1,1,1,1.0,1,1.0,0,249,cvc-clinicdb,segformer,polypseg/runs_repeat/segformer_seed42_fold0rep1/best.pth,False
0.0765081107681541,0.039775634717496997,0.9665231945974881,0.03983050847449777,0.10359079339452777,0.10359079339452777,2,268.5609800399157,55.95020417498244,1,1,0,0.0,0,0.0,1,25,cvc-clinicdb,segformer,polypseg/runs_repeat/segformer_seed42_fold0rep1/best.pth,False
0.8919686581738885,0.8050030937787942,0.8890081999132271,0.8949488993622744,0.44466014421717975,0.44466014421717975,2,23.441175936255334,4.883578320053195,1,1,1,1.0,1,1.0,0,250,cvc-clinicdb,segformer,polypseg/runs_repeat/segformer_seed42_fold0rep1/best.pth,False
0.8344198174652254,0.7158836688957955,0.8699198042562196,0.8017036201828673,0.331679215829502,0.331679215829502,2,39.66145376992811,8.262802868735022,1,1,1,1.0,1,1.0,0,251,cvc-clinicdb,segformer,polypseg/runs_repeat/segformer_seed42_fold0rep1/best.pth,False
0.8924388563516515,0.8057693802907567,0.8723798299446722,0.9134420449456726,0.5104395070154079,0.5104395070154079,2,27.65346606834258,5.761138764238038,1,1,1,1.0,1,1.0,0,252,cvc-clinicdb,segformer,polypseg/runs_repeat/segformer_seed42_fold0rep1/best.pth,False
0.9326503191112432,0.8738001573529748,0.9677588009717333,0.8999999999963533,0.509383328115121,0.509383328115121,2,17.72004514666935,3.6916760722227813,1,1,1,1.0,1,1.0,0,253,cvc-clinicdb,segformer,polypseg/runs_repeat/segformer_seed42_fold0rep1/best.pth,False
0.8627513931229785,0.7586304242589182,0.9333167948353593,0.8021064301517904,0.23599580104859988,0.23599580104859988,2,104.92710565174941,21.859813677447793,1,2,1,1.0,1,1.0,1,254,cvc-clinicdb,segformer,polypseg/runs_repeat/segformer_seed42_fold0rep1/best.pth,False
0.8573277256528165,0.7502831257042738,0.9972403411879249,0.7518441460149808,0.3039876578972049,0.3039876578972049,2,29.638896622235947,6.174770129632489,1,1,1,1.0,1,1.0,0,255,cvc-clinicdb,segformer,polypseg/runs_repeat/segformer_seed42_fold0rep1/best.pth,False
0.8363305258344428,0.7187010954585346,0.9695068316368409,0.73532289627853,0.38666830388543005,0.38666830388543005,2,38.3275357934736,7.984903290307,1,2,1,1.0,1,1.0,1,256,cvc-clinicdb,segformer,polypseg/runs_repeat/segformer_seed42_fold0rep1/best.pth,False
0.9164572045636366,0.8457969619876081,0.9158603751082321,0.917054812382468,0.2971648604155765,0.2971648604155765,2,23.40937053575435,4.876952194948823,1,1,1,1.0,1,1.0,0,257,cvc-clinicdb,segformer,polypseg/runs_repeat/segformer_seed42_fold0rep1/best.pth,False
0.9211391966739068,0.8538072695143473,0.9469187986609703,0.8967260776096712,0.35969890469972166,0.35969890469972166,2,22.41551015457202,4.669897948869171,1,1,1,1.0,1,1.0,0,258,cvc-clinicdb,segformer,polypseg/runs_repeat/segformer_seed42_fold0rep1/best.pth,False
0.8246629960109534,0.7016396090755931,0.9730607672866252,0.7155388987244531,0.42530115503092475,0.42530115503092475,2,56.3178476132732,11.732884919431916,1,1,1,1.0,1,1.0,0,259,cvc-clinicdb,segformer,polypseg/runs_repeat/segformer_seed42_fold0rep1/best.pth,False
0.8922025473472445,0.8053841839144484,0.8154457694028707,0.9849108366951363,0.5916519367025722,0.5916519367025722,2,5.385164807134504,1.1219093348196882,1,1,1,1.0,1,1.0,0,26,cvc-clinicdb,segformer,polypseg/runs_repeat/segformer_seed42_fold0rep1/best.pth,False
0.7947062944040961,0.659346589727015,0.9925634295651008,0.6626199415908943,0.4318664251183371,0.4318664251183371,2,70.22649523271708,14.630519840149393,1,1,1,1.0,1,1.0,0,260,cvc-clinicdb,segformer,polypseg/runs_repeat/segformer_seed42_fold0rep1/best.pth,False
0.8386540585661287,0.7221397420398898,0.993235913464404,0.7257086907836362,0.4746367466508474,0.4746367466508474,2,40.062443479253886,8.346342391511227,1,1,1,1.0,1,1.0,0,261,cvc-clinicdb,segformer,polypseg/runs_repeat/segformer_seed42_fold0rep1/best.pth,False
0.8751183281115739,0.7779647850804119,0.9767555266500588,0.7926394934652906,0.5139666214825738,0.5139666214825738,2,31.062032919244306,6.471256858175897,1,1,1,1.0,1,1.0,0,262,cvc-clinicdb,segformer,polypseg/runs_repeat/segformer_seed42_fold0rep1/best.pth,False
0.7533839550965479,0.6043432203336481,0.9975229491330683,0.6052515250587459,0.3027680750229996,0.3027680750229996,2,140.2237105672849,29.21327303485102,1,1,1,1.0,1,1.0,0,263,cvc-clinicdb,segformer,polypseg/runs_repeat/segformer_seed42_fold0rep1/best.pth,False
0.7873396870201498,0.6492664751973559,0.9758502012426304,0.6598690438598143,0.4588782810716195,0.4588782810716195,2,63.91931641755719,13.316524253657748,1,1,1,1.0,1,1.0,0,264,cvc-clinicdb,segformer,polypseg/runs_repeat/segformer_seed42_fold0rep1/best.pth,False
0.8721705850172287,0.7733178204352401,0.9895781637668011,0.7796676441807247,0.5258298129764283,0.5258298129764283,2,45.901502955541524,9.562813115737818,1,1,1,1.0,1,1.0,0,265,cvc-clinicdb,segformer,polypseg/runs_repeat/segformer_seed42_fold0rep1/best.pth,False
0.8886967015267725,0.7996887103167203,0.9596056117753567,0.8275461662328069,0.44074893621322153,0.44074893621322153,2,29.720359054956305,6.191741469782564,1,1,1,1.0,1,1.0,0,266,cvc-clinicdb,segformer,polypseg/runs_repeat/segformer_seed42_fold0rep1/best.pth,False
0.9381410426716847,0.883489314844685,0.9534946526901075,0.9232740585725769,0.4309884635291238,0.4309884635291238,2,12.012478373637688,2.5025996611745183,1,1,1,1.0,1,1.0,0,267,cvc-clinicdb,segformer,polypseg/runs_repeat/segformer_seed42_fold0rep1/best.pth,False
0.8435151911120466,0.7293785310705029,0.9988946612081414,0.7299676898193458,0.262178627509217,0.262178627509217,2,27.77137829610573,5.785703811688694,1,1,1,1.0,1,1.0,0,268,cvc-clinicdb,segformer,polypseg/runs_repeat/segformer_seed42_fold0rep1/best.pth,False
0.8048042183354334,0.6733660130682279,0.9783176386723247,0.6835674001952694,0.4092825648516734,0.4092825648516734,2,34.117431611772176,7.107798252452537,1,2,1,1.0,1,1.0,1,269,cvc-clinicdb,segformer,polypseg/runs_repeat/segformer_seed42_fold0rep1/best.pth,False
0.9416693522094209,0.8897685748544598,0.9057656540046022,0.98053691268587,0.7885713785730643,0.7885713785730643,2,3.605551275463989,0.7511565157216644,1,1,1,1.0,1,1.0,0,27,cvc-clinicdb,segformer,polypseg/runs_repeat/segformer_seed42_fold0rep1/best.pth,False
0.7389183259010319,0.585940102911243,0.7317276131444144,0.7462517680304278,0.37456096607606504,0.37456096607606504,2,48.7024450936731,10.14634272784856,1,2,1,1.0,1,1.0,1,270,cvc-clinicdb,segformer,polypseg/runs_repeat/segformer_seed42_fold0rep1/best.pth,False
0.907165357180008,0.8301030381312987,0.9716889664495959,0.8506773503519143,0.4631354304371226,0.4631354304371226,2,44.16955057979666,9.201989704124305,1,1,1,1.0,1,1.0,0,271,cvc-clinicdb,segformer,polypseg/runs_repeat/segformer_seed42_fold0rep1/best.pth,False
0.8766529565242925,0.7803937007853533,0.9114401324231762,0.8444236176170957,0.33510870672292714,0.33510870672292714,2,49.99960430866005,10.416584230970843,1,1,1,1.0,1,1.0,0,272,cvc-clinicdb,segformer,polypseg/runs_repeat/segformer_seed42_fold0rep1/best.pth,False
0.9089923426155232,0.8331677018607665,0.9535454060744498,0.8684167934455429,0.4024537519345801,0.4024537519345801,2,47.14229347847894,9.82131114134978,1,1,1,1.0,1,1.0,0,273,cvc-clinicdb,segformer,polypseg/runs_repeat/segformer_seed42_fold0rep1/best.pth,False
0.9295344931184345,0.8683460486515954,0.9312708410493662,0.9278046079518663,0.3486189434909457,0.3486189434909457,2,21.1407737884269,4.404327872588937,1,1,1,1.0,1,1.0,0,274,cvc-clinicdb,segformer,polypseg/runs_repeat/segformer_seed42_fold0rep1/best.pth,False
0.8021661795010487,0.6696806900701056,0.974349094506664,0.6816991450331907,0.3398372695976131,0.3398372695976131,2,62.06649493121337,12.93051977733612,1,1,1,1.0,1,1.0,0,275,cvc-clinicdb,segformer,polypseg/runs_repeat/segformer_seed42_fold0rep1/best.pth,False
0.8935092033661388,0.8075161637894778,0.98796967698864,0.8155353013158503,0.5483002284232903,0.5483002284232903,2,55.025447037120934,11.463634799400193,1,1,1,1.0,1,1.0,0,276,cvc-clinicdb,segformer,polypseg/runs_repeat/segformer_seed42_fold0rep1/best.pth,False
0.871567630390558,0.7723702845321722,0.9729948909174195,0.7892901782725524,0.3952289915203376,0.3952289915203376,2,48.43946073706551,10.09155432022198,1,1,1,1.0,1,1.0,0,277,cvc-clinicdb,segformer,polypseg/runs_repeat/segformer_seed42_fold0rep1/best.pth,False
0.329048473965321,0.19692281244458548,0.198354978353261,0.9646315789067524,0.3541368171151504,0.3541368171151504,2,106.50536675249292,22.188618073436025,1,1,0,0.0,0,0.0,1,278,cvc-clinicdb,segformer,polypseg/runs_repeat/segformer_seed42_fold0rep1/best.pth,False
0.9168990518513311,0.8465499484776331,0.9344448654439392,0.8999999999671533,0.6313755397544687,0.6313755397544687,2,6.049657518178931,1.2603453162872773,1,1,1,1.0,1,1.0,0,279,cvc-clinicdb,segformer,polypseg/runs_repeat/segformer_seed42_fold0rep1/best.pth,False
0.9235644568269291,0.8579839849067833,0.8661436043541098,0.989139288596548,0.6763973466391624,0.6763973466391624,2,8.0,1.6666666666666667,1,1,1,1.0,1,1.0,0,28,cvc-clinicdb,segformer,polypseg/runs_repeat/segformer_seed42_fold0rep1/best.pth,False
0.9574004974975528,0.9182821353737465,0.9479679802663803,0.9670226130349554,0.8545592478279533,0.8545592478279533,2,3.0,0.625,1,1,1,1.0,1,1.0,0,280,cvc-clinicdb,segformer,polypseg/runs_repeat/segformer_seed42_fold0rep1/best.pth,False
0.9519638315773953,0.908331086521749,0.9833625218627157,0.922508214651629,0.772918561421756,0.772918561421756,2,5.830951894845301,1.2147816447594377,1,1,1,1.0,1,1.0,0,281,cvc-clinicdb,segformer,polypseg/runs_repeat/segformer_seed42_fold0rep1/best.pth,False
0.9722053647169291,0.9459140292643856,0.9671576913555384,0.9773060029044094,0.9310344327610015,0.9310344327610015,2,2.23606797749979,0.4658474953124562,1,1,1,1.0,1,1.0,0,282,cvc-clinicdb,segformer,polypseg/runs_repeat/segformer_seed42_fold0rep1/best.pth,False
0.9623762376118518,0.9274809160084093,0.9690927218103417,0.9557522123658861,0.9066981997706522,0.9066981997706522,2,2.23606797749979,0.4658474953124562,1,1,1,1.0,1,1.0,0,283,cvc-clinicdb,segformer,polypseg/runs_repeat/segformer_seed42_fold0rep1/best.pth,False
0.7988543158338908,0.6650769564130701,0.6681184668844051,0.9932016833605309,0.39061845112577187,0.39061845112577187,2,18.439088914585774,3.84147685720537,1,1,1,1.0,1,1.0,0,284,cvc-clinicdb,segformer,polypseg/runs_repeat/segformer_seed42_fold0rep1/best.pth,False
0.9444039106822647,0.894664086234596,0.9352601155799058,0.953728264044983,0.7188558024672366,0.7188558024672366,2,3.605551275463989,0.7511565157216644,1,1,1,1.0,1,1.0,0,285,cvc-clinicdb,segformer,polypseg/runs_repeat/segformer_seed42_fold0rep1/best.pth,False
0.8271728271636455,0.7052810902762582,0.7052810902762582,0.9999999999731616,0.4176706329123783,0.4176706329123783,2,18.027756377319946,3.7557825786083225,1,1,1,1.0,1,1.0,0,286,cvc-clinicdb,segformer,polypseg/runs_repeat/segformer_seed42_fold0rep1/best.pth,False
0.9181318681192564,0.8486541391353821,0.8857672939070828,0.9529512403492173,0.6200637630363368,0.6200637630363368,2,7.231336078674779,1.5065283497239124,1,1,1,1.0,1,1.0,0,287,cvc-clinicdb,segformer,polypseg/runs_repeat/segformer_seed42_fold0rep1/best.pth,False
0.9258950874142952,0.8620155038536947,0.9536878215850861,0.8996763753802677,0.5587587475098817,0.5587587475098817,2,5.385164807134504,1.1219093348196882,1,1,1,1.0,1,1.0,0,288,cvc-clinicdb,segformer,polypseg/runs_repeat/segformer_seed42_fold0rep1/best.pth,False
0.9490624538469059,0.90306265802464,0.9104815863764737,0.9910576626274729,0.778072959736495,0.778072959736495,2,3.605551275463989,0.7511565157216644,1,1,1,1.0,1,1.0,0,289,cvc-clinicdb,segformer,polypseg/runs_repeat/segformer_seed42_fold0rep1/best.pth,False
0.9478345393568653,0.9008417162615306,0.9090532421605748,0.9900722021437258,0.7525578707580448,0.7525578707580448,2,5.534594000431339,1.153040416756529,1,1,1,1.0,1,1.0,0,29,cvc-clinicdb,segformer,polypseg/runs_repeat/segformer_seed42_fold0rep1/best.pth,False
0.9526595744427484,0.909598781060965,0.9567307691796618,0.9486228813056873,0.8629441124378394,0.8629441124378394,2,2.8284271247461903,0.5892556509887896,1,1,1,1.0,1,1.0,0,290,cvc-clinicdb,segformer,polypseg/runs_repeat/segformer_seed42_fold0rep1/best.pth,False
0.6178543461116317,0.4470254957380446,0.45646514317453096,0.9557843730493165,0.3887643852477676,0.3887643852477676,2,43.43290320121197,9.048521500252495,1,1,1,1.0,0,0.0,0,291,cvc-clinicdb,segformer,polypseg/runs_repeat/segformer_seed42_fold0rep1/best.pth,False
0.7393409339256701,0.5864717541975601,0.5926389584228183,0.9825653797848666,0.4201519804840582,0.4201519804840582,2,32.67106008936689,6.806470851951435,1,1,1,1.0,1,1.0,0,292,cvc-clinicdb,segformer,polypseg/runs_repeat/segformer_seed42_fold0rep1/best.pth,False
0.9553980825211144,0.9146049481001701,0.9657303370515244,0.9452845751733494,0.8148878220760596,0.8148878220760596,2,4.0,0.8333333333333334,1,1,1,1.0,1,1.0,0,293,cvc-clinicdb,segformer,polypseg/runs_repeat/segformer_seed42_fold0rep1/best.pth,False
0.968213858212951,0.9383861819814802,0.9769189479072218,0.9596625362256879,0.8960256424939524,0.8960256424939524,2,2.8284271247461903,0.5892556509887896,1,1,1,1.0,1,1.0,0,294,cvc-clinicdb,segformer,polypseg/runs_repeat/segformer_seed42_fold0rep1/best.pth,False
0.9518554283218119,0.9081337193759376,0.9377548246551304,0.9663865545947792,0.8228781787884182,0.8228781787884182,2,4.47213595499958,0.9316949906249123,1,1,1,1.0,1,1.0,0,295,cvc-clinicdb,segformer,polypseg/runs_repeat/segformer_seed42_fold0rep1/best.pth,False
0.9341833864441369,0.8764954257256687,0.9602929837717697,0.9094560058083441,0.731275181536749,0.731275181536749,2,5.0,1.0416666666666667,1,1,1,1.0,1,1.0,0,296,cvc-clinicdb,segformer,polypseg/runs_repeat/segformer_seed42_fold0rep1/best.pth,False
0.9341585009294455,0.8764516128749532,0.9099129269621596,0.9597315435902604,0.7167915031338896,0.7167915031338896,2,3.7041634565979917,0.7717007201245816,1,1,1,1.0,1,1.0,0,297,cvc-clinicdb,segformer,polypseg/runs_repeat/segformer_seed42_fold0rep1/best.pth,False
0.9493235496373207,0.9035355739720132,0.9847764034096927,0.9163346613410605,0.71941865560082,0.71941865560082,2,10.770329614269007,2.2438186696393765,1,1,1,1.0,1,1.0,0,298,cvc-clinicdb,segformer,polypseg/runs_repeat/segformer_seed42_fold0rep1/best.pth,False
0.8358467671895329,0.7179868969410963,0.973747980574566,0.7321591253953186,0.5620769499737721,0.5620769499737721,2,15.739356881873896,3.2790326837237282,1,1,1,1.0,1,1.0,0,299,cvc-clinicdb,segformer,polypseg/runs_repeat/segformer_seed42_fold0rep1/best.pth,False
0.5627370982729842,0.39153386453988276,0.9894286433301104,0.39317863572517914,0.38084949355150927,0.38084949355150927,2,73.92894032709202,15.401862568144171,1,1,1,1.0,0,0.0,0,3,cvc-clinicdb,segformer,polypseg/runs_repeat/segformer_seed42_fold0rep1/best.pth,False
0.9441521866148883,0.8942123804640743,0.9075492900101384,0.98383167219287,0.5995591896889108,0.5995591896889108,2,8.602325267042627,1.7921510973005472,1,1,1,1.0,1,1.0,0,30,cvc-clinicdb,segformer,polypseg/runs_repeat/segformer_seed42_fold0rep1/best.pth,False
0.9196394075922752,0.8512337584831179,0.9952613240279407,0.8546977857468019,0.5112407631938383,0.5112407631938383,2,27.61062638883453,5.752213831007194,1,1,1,1.0,1,1.0,0,300,cvc-clinicdb,segformer,polypseg/runs_repeat/segformer_seed42_fold0rep1/best.pth,False
0.879780921945415,0.7853650586573442,0.970203342038047,0.8047762190914366,0.5071632742292804,0.5071632742292804,2,26.2877104092425,5.476606335258854,1,1,1,1.0,1,1.0,0,301,cvc-clinicdb,segformer,polypseg/runs_repeat/segformer_seed42_fold0rep1/best.pth,False
0.9441470793521983,0.8942032179755983,0.976884180099002,0.9135329880554657,0.6418911920541148,0.6418911920541148,2,25.570400085357686,5.3271666844495185,1,1,1,1.0,1,1.0,0,302,cvc-clinicdb,segformer,polypseg/runs_repeat/segformer_seed42_fold0rep1/best.pth,False
0.8850313934422781,0.7937724777513365,0.9834662288815259,0.8045083932776546,0.4664893364938092,0.4664893364938092,2,45.128155721916386,9.40169910873258,1,1,1,1.0,1,1.0,0,303,cvc-clinicdb,segformer,polypseg/runs_repeat/segformer_seed42_fold0rep1/best.pth,False
0.9451856614641526,0.8960682718592291,0.9873502742529121,0.9064748201345685,0.64775830656042,0.64775830656042,2,10.638320372125614,2.216316744192836,1,1,1,1.0,1,1.0,0,304,cvc-clinicdb,segformer,polypseg/runs_repeat/segformer_seed42_fold0rep1/best.pth,False
0.924905220177439,0.8603010985971768,0.9669207316999472,0.8863890441525545,0.5234441103827352,0.5234441103827352,2,19.913545004587466,4.148655209289055,1,1,1,1.0,1,1.0,0,305,cvc-clinicdb,segformer,polypseg/runs_repeat/segformer_seed42_fold0rep1/best.pth,False
0.8180155798544088,0.6920696803716325,0.7724211762241516,0.8693303276424683,0.34931870152822003,0.34931870152822003,2,84.9823498869952,17.704656226457335,1,1,1,1.0,1,1.0,0,306,cvc-clinicdb,segformer,polypseg/runs_repeat/segformer_seed42_fold0rep1/best.pth,False
0.8962929061743876,0.8120749709668926,0.9046563192821077,0.8880827135780148,0.07930005434228214,0.07930005434228214,2,13.416407864998739,2.7950849718747373,1,1,1,1.0,1,1.0,0,307,cvc-clinicdb,segformer,polypseg/runs_repeat/segformer_seed42_fold0rep1/best.pth,False
0.8910623163719998,0.8035278533026317,0.803583879509109,0.9999132396234607,0.18606204528156034,0.18606204528156034,2,25.52932598496109,5.318609580200228,1,1,1,1.0,1,1.0,0,308,cvc-clinicdb,segformer,polypseg/runs_repeat/segformer_seed42_fold0rep1/best.pth,False
0.694926842604301,0.5324811399776562,0.5373229012419398,0.9833591331079071,0.20047539013732296,0.20047539013732296,2,142.01442928857855,29.586339435120532,1,2,1,1.0,1,1.0,1,309,cvc-clinicdb,segformer,polypseg/runs_repeat/segformer_seed42_fold0rep1/best.pth,False
0.9602664485160671,0.9235697425994878,0.9374786080897035,0.9841897233083698,0.6892424414461766,0.6892424414461766,2,4.123105625617661,0.858980338670346,1,1,1,1.0,1,1.0,0,31,cvc-clinicdb,segformer,polypseg/runs_repeat/segformer_seed42_fold0rep1/best.pth,False
0.9581320450692807,0.9196290571514827,0.9802306424637467,0.937007873978858,0.9360235336191404,0.9360235336191404,2,2.23606797749979,0.4658474953124562,1,1,1,1.0,1,1.0,0,310,cvc-clinicdb,segformer,polypseg/runs_repeat/segformer_seed42_fold0rep1/best.pth,False
0.9167893961539619,0.8463630183260924,0.971517752595727,0.8678982223468841,0.6377241480960477,0.6377241480960477,2,6.631934008732739,1.3816529184859874,1,1,1,1.0,1,1.0,0,311,cvc-clinicdb,segformer,polypseg/runs_repeat/segformer_seed42_fold0rep1/best.pth,False
0.36283861121017097,0.22162666044694415,0.23984867590820055,0.7447141737866316,0.21161180006282881,0.21161180006282881,2,73.36347607065701,15.284057514720212,1,1,0,0.0,0,0.0,1,312,cvc-clinicdb,segformer,polypseg/runs_repeat/segformer_seed42_fold0rep1/best.pth,False
0.8905677313120609,0.8027238403343754,0.8866547512528052,0.8945154019399773,0.5333024927917086,0.5333024927917086,2,16.64331697709324,3.4673577035610914,1,1,1,1.0,1,1.0,0,313,cvc-clinicdb,segformer,polypseg/runs_repeat/segformer_seed42_fold0rep1/best.pth,False
0.9271977223814584,0.864276429799997,0.932561944823135,0.9218948584526643,0.5499981332872641,0.5499981332872641,2,12.741480247377911,2.6544750515370645,1,1,1,1.0,1,1.0,0,314,cvc-clinicdb,segformer,polypseg/runs_repeat/segformer_seed42_fold0rep1/best.pth,False
0.9843038730355357,0.9690928683338113,0.9848183175660288,0.9837899656855263,0.9199923371039715,0.9199923371039715,2,2.8284271247461903,0.5892556509887896,1,1,1,1.0,1,1.0,0,315,cvc-clinicdb,segformer,polypseg/runs_repeat/segformer_seed42_fold0rep1/best.pth,False
0.9639428993339836,0.9303955339086281,0.9443891852761118,0.9843234582608642,0.608773965429044,0.608773965429044,2,14.866068747318506,3.0970976556913556,1,1,1,1.0,1,1.0,0,316,cvc-clinicdb,segformer,polypseg/runs_repeat/segformer_seed42_fold0rep1/best.pth,False
0.9517621074839097,0.9079638451147675,0.9746935029110686,0.9298849136794478,0.6504580983667394,0.6504580983667394,2,14.0,2.9166666666666665,1,1,1,1.0,1,1.0,0,317,cvc-clinicdb,segformer,polypseg/runs_repeat/segformer_seed42_fold0rep1/best.pth,False
0.904221516093867,0.825186412559023,0.9979959919339682,0.8265560165632135,0.5127098029541048,0.5127098029541048,2,5.0,1.0416666666666667,1,1,1,1.0,1,1.0,0,318,cvc-clinicdb,segformer,polypseg/runs_repeat/segformer_seed42_fold0rep1/best.pth,False
0.9612625537847693,0.9254143646089291,0.9473312124090728,0.9756097560620456,0.9234854271799259,0.9234854271799259,2,2.23606797749979,0.4658474953124562,1,1,1,1.0,1,1.0,0,319,cvc-clinicdb,segformer,polypseg/runs_repeat/segformer_seed42_fold0rep1/best.pth,False
0.968587733273515,0.9390888246342429,0.9513229650479567,0.9864907320034926,0.7017193357462405,0.7017193357462405,2,3.1622776601683795,0.6588078458684125,1,1,1,1.0,1,1.0,0,32,cvc-clinicdb,segformer,polypseg/runs_repeat/segformer_seed42_fold0rep1/best.pth,False
0.9316670488313268,0.872075552674993,0.9234090908881044,0.9400740397746397,0.5865212343790428,0.5865212343790428,2,6.0,1.25,1,1,1,1.0,1,1.0,0,320,cvc-clinicdb,segformer,polypseg/runs_repeat/segformer_seed42_fold0rep1/best.pth,False
0.9489273134730313,0.9028179740913509,0.9107252612029698,0.9904745989139293,0.5994972269219033,0.5994972269219033,2,4.762461179749817,0.9921794124478786,1,1,1,1.0,1,1.0,0,321,cvc-clinicdb,segformer,polypseg/runs_repeat/segformer_seed42_fold0rep1/best.pth,False
0.9629315566265115,0.9285130241685724,0.942047878633064,0.9847621407211997,0.6844696469697078,0.6844696469697078,2,3.664718584144382,0.7634830383634129,1,1,1,1.0,1,1.0,0,322,cvc-clinicdb,segformer,polypseg/runs_repeat/segformer_seed42_fold0rep1/best.pth,False
0.9614258054859681,0.9257170171995629,0.9429350472203434,0.980656268979333,0.6142981607368456,0.6142981607368456,2,4.0,0.8333333333333334,1,1,1,1.0,1,1.0,0,323,cvc-clinicdb,segformer,polypseg/runs_repeat/segformer_seed42_fold0rep1/best.pth,False
0.9559663360312897,0.9156470418754046,0.9208164446884654,0.9939062499844702,0.6567748037383699,0.6567748037383699,2,4.0,0.8333333333333334,1,1,1,1.0,1,1.0,0,324,cvc-clinicdb,segformer,polypseg/runs_repeat/segformer_seed42_fold0rep1/best.pth,False
0.9264122137310288,0.862912400438701,0.862912400438701,0.9999999999780268,0.4636683726662738,0.4636683726662738,2,5.656854249492381,1.1785113019775793,1,1,1,1.0,1,1.0,0,325,cvc-clinicdb,segformer,polypseg/runs_repeat/segformer_seed42_fold0rep1/best.pth,False
0.9153286357754957,0.8438764643057748,0.8560933448388917,0.9833705633908323,0.4453567846670929,0.4453567846670929,2,8.6536172634861,1.8028369298929374,1,1,1,1.0,1,1.0,0,326,cvc-clinicdb,segformer,polypseg/runs_repeat/segformer_seed42_fold0rep1/best.pth,False
0.9024193548265804,0.8221895664750872,0.8500886300113931,0.9616155828999824,0.25270753125937734,0.25270753125937734,2,5.656854249492381,1.1785113019775793,1,1,1,1.0,1,1.0,0,327,cvc-clinicdb,segformer,polypseg/runs_repeat/segformer_seed42_fold0rep1/best.pth,False
0.8768502668323748,0.7807064730001667,0.7826712205503744,0.9967948717720514,0.22220746734640812,0.22220746734640812,2,13.773434958337038,2.8694656163202166,1,1,1,1.0,1,1.0,0,328,cvc-clinicdb,segformer,polypseg/runs_repeat/segformer_seed42_fold0rep1/best.pth,False
0.8935978358781154,0.8076609616787356,0.930298052078613,0.8596833658455936,0.4686488310756615,0.4686488310756615,2,10.295630140987,2.1449229460389585,1,1,1,1.0,1,1.0,0,329,cvc-clinicdb,segformer,polypseg/runs_repeat/segformer_seed42_fold0rep1/best.pth,False
0.9539386134322647,0.911933683511885,0.9199370756671639,0.990550057938927,0.5334193286468697,0.5334193286468697,2,6.0,1.25,1,1,1,1.0,1,1.0,0,33,cvc-clinicdb,segformer,polypseg/runs_repeat/segformer_seed42_fold0rep1/best.pth,False
0.9492948287361542,0.9034835410529964,0.932695480024205,0.9664957264792052,0.6823748168824414,0.6823748168824414,2,5.0,1.0416666666666667,1,1,1,1.0,1,1.0,0,330,cvc-clinicdb,segformer,polypseg/runs_repeat/segformer_seed42_fold0rep1/best.pth,False
0.9604086845404827,0.9238329238215746,0.9490156486503153,0.9720785935758521,0.7078610890068708,0.7078610890068708,2,3.940832691319585,0.8210068106915802,1,1,1,1.0,1,1.0,0,331,cvc-clinicdb,segformer,polypseg/runs_repeat/segformer_seed42_fold0rep1/best.pth,False
0.96838572941568,0.9387091251337321,0.9731984380373945,0.9636203866262985,0.8626667376994839,0.8626667376994839,2,3.0,0.625,1,1,1,1.0,1,1.0,0,332,cvc-clinicdb,segformer,polypseg/runs_repeat/segformer_seed42_fold0rep1/best.pth,False
0.9614265602913051,0.9257184167553638,0.9263881352699153,0.9992196644362228,0.8230921094405792,0.8230921094405792,2,3.0,0.625,1,1,1,1.0,1,1.0,0,333,cvc-clinicdb,segformer,polypseg/runs_repeat/segformer_seed42_fold0rep1/best.pth,False
0.9452992973321596,0.8962725585951042,0.926914355469616,0.9644283121422064,0.4770049198756494,0.4770049198756494,2,4.0,0.8333333333333334,1,1,1,1.0,1,1.0,0,334,cvc-clinicdb,segformer,polypseg/runs_repeat/segformer_seed42_fold0rep1/best.pth,False
0.9463171036125982,0.8981042653886555,0.9263483786715603,0.9671657026034848,0.5909677961794293,0.5909677961794293,2,5.656854249492381,1.1785113019775793,1,1,1,1.0,1,1.0,0,335,cvc-clinicdb,segformer,polypseg/runs_repeat/segformer_seed42_fold0rep1/best.pth,False
0.9562949640201771,0.9162502153900354,0.9192600276466242,0.9964392803411463,0.679070019917357,0.679070019917357,2,3.605551275463989,0.7511565157216644,1,1,1,1.0,1,1.0,0,336,cvc-clinicdb,segformer,polypseg/runs_repeat/segformer_seed42_fold0rep1/best.pth,False
0.9323407774943561,0.8732568949353384,0.8953137410501142,0.9725625539090154,0.507122457132658,0.507122457132658,2,5.830951894845301,1.2147816447594377,1,1,1,1.0,1,1.0,0,337,cvc-clinicdb,segformer,polypseg/runs_repeat/segformer_seed42_fold0rep1/best.pth,False
0.9518816700956679,0.9081814933840072,0.9250363900951598,0.9803316621598123,0.3745934652705696,0.3745934652705696,2,5.385164807134504,1.1219093348196882,1,1,1,1.0,1,1.0,0,338,cvc-clinicdb,segformer,polypseg/runs_repeat/segformer_seed42_fold0rep1/best.pth,False
0.9272643395213399,0.8643922018100806,0.8744199535709275,0.9869067102786611,0.6161487557616603,0.6161487557616603,2,4.164942897143228,0.8676964369048392,1,1,1,1.0,1,1.0,0,339,cvc-clinicdb,segformer,polypseg/runs_repeat/segformer_seed42_fold0rep1/best.pth,False
0.9560266686571576,0.9157577496998313,0.9422622563357611,0.9701991789422199,0.6636167064052679,0.6636167064052679,2,4.123105625617661,0.858980338670346,1,1,1,1.0,1,1.0,0,34,cvc-clinicdb,segformer,polypseg/runs_repeat/segformer_seed42_fold0rep1/best.pth,False
0.9353312302593236,0.8785185184751348,0.9198552222895627,0.9513368983448482,0.7259008908841567,0.7259008908841567,2,4.0,0.8333333333333334,1,1,1,1.0,1,1.0,0,340,cvc-clinicdb,segformer,polypseg/runs_repeat/segformer_seed42_fold0rep1/best.pth,False
0.9508059451339584,0.9062250598201826,0.9631043256589015,0.9388176932228682,0.884711036539968,0.884711036539968,2,2.9742640687119275,0.6196383476483182,1,1,1,1.0,1,1.0,0,341,cvc-clinicdb,segformer,polypseg/runs_repeat/segformer_seed42_fold0rep1/best.pth,False
0.9690318511449446,0.9399241404509981,0.9754920634796763,0.9626566415919466,0.7607233507530204,0.7607233507530204,2,4.030776406404415,0.8397450846675866,1,1,1,1.0,1,1.0,0,342,cvc-clinicdb,segformer,polypseg/runs_repeat/segformer_seed42_fold0rep1/best.pth,False
0.9409221901955663,0.8884353741386712,0.9083206878994902,0.9759510869432616,0.700445082582518,0.700445082582518,2,8.48528137423857,1.7677669529663687,1,1,1,1.0,1,1.0,0,343,cvc-clinicdb,segformer,polypseg/runs_repeat/segformer_seed42_fold0rep1/best.pth,False
0.9417173574729745,0.8898542975478555,0.9091778202614779,0.976672535204103,0.4943063782971906,0.4943063782971906,2,12.529964086141668,2.6104091846128474,1,1,1,1.0,1,1.0,0,344,cvc-clinicdb,segformer,polypseg/runs_repeat/segformer_seed42_fold0rep1/best.pth,False
0.9715772307176688,0.9447255153594749,0.9594325153300657,0.984033349056284,0.7593775761212462,0.7593775761212462,2,4.0,0.8333333333333334,1,1,1,1.0,1,1.0,0,345,cvc-clinicdb,segformer,polypseg/runs_repeat/segformer_seed42_fold0rep1/best.pth,False
0.6257931602750243,0.4553849844032695,0.4590183752362304,0.9829148330058785,0.4568740583003811,0.4568740583003811,2,71.31688618165178,14.857684621177453,1,1,1,1.0,0,0.0,0,346,cvc-clinicdb,segformer,polypseg/runs_repeat/segformer_seed42_fold0rep1/best.pth,False
0.8423843324994237,0.7276891252847564,0.7379382678942473,0.9812711695361372,0.39971233671085976,0.39971233671085976,2,28.00357029044876,5.8340771438434915,1,1,1,1.0,1,1.0,0,347,cvc-clinicdb,segformer,polypseg/runs_repeat/segformer_seed42_fold0rep1/best.pth,False
0.9649045650431768,0.9321889870796559,0.9770652415899485,0.9530428738936056,0.5897202351713166,0.5897202351713166,2,11.485281374238571,2.392766952966369,1,1,1,1.0,1,1.0,0,348,cvc-clinicdb,segformer,polypseg/runs_repeat/segformer_seed42_fold0rep1/best.pth,False
0.9611212153611616,0.9251524139029281,0.9757570491333546,0.9469179526058398,0.4974377282942248,0.4974377282942248,2,11.0,2.2916666666666665,1,1,1,1.0,1,1.0,0,349,cvc-clinicdb,segformer,polypseg/runs_repeat/segformer_seed42_fold0rep1/best.pth,False
0.9584940800787648,0.9202963341305366,0.9208844580659397,0.9993065187101344,0.6582372889687387,0.6582372889687387,2,5.0,1.0416666666666667,1,1,1,1.0,1,1.0,0,35,cvc-clinicdb,segformer,polypseg/runs_repeat/segformer_seed42_fold0rep1/best.pth,False
0.9182717727890389,0.8488932337068019,0.9682994822702644,0.8731595202120723,0.42431275825418213,0.42431275825418213,2,38.83535309467264,8.090698561390134,1,1,1,1.0,1,1.0,0,350,cvc-clinicdb,segformer,polypseg/runs_repeat/segformer_seed42_fold0rep1/best.pth,False
0.9033359899703592,0.823712624567614,0.8623913043290785,0.9483624192936084,0.47062042797290127,0.47062042797290127,2,8.0,1.6666666666666667,1,1,1,1.0,1,1.0,0,351,cvc-clinicdb,segformer,polypseg/runs_repeat/segformer_seed42_fold0rep1/best.pth,False
0.8758298500015266,0.7790901137187426,0.8760452532986708,0.8756145525841786,0.6521327617525785,0.6521327617525785,2,35.00856968001392,7.293452016669566,1,1,1,1.0,1,1.0,0,352,cvc-clinicdb,segformer,polypseg/runs_repeat/segformer_seed42_fold0rep1/best.pth,False
0.9146060784838324,0.8426489778072787,0.8597581271401336,0.9769288956003918,0.5008981853485733,0.5008981853485733,2,17.963142589720086,3.742321372858351,1,1,1,1.0,1,1.0,0,353,cvc-clinicdb,segformer,polypseg/runs_repeat/segformer_seed42_fold0rep1/best.pth,False
0.9348280448354245,0.8776311095150715,0.911561264810875,0.9593136617579707,0.5280025070338893,0.5280025070338893,2,13.171818200581942,2.744128791787905,1,1,1,1.0,1,1.0,0,354,cvc-clinicdb,segformer,polypseg/runs_repeat/segformer_seed42_fold0rep1/best.pth,False
0.8163144847077304,0.6896379774539778,0.9727106484600828,0.703244177761586,0.3261644517028817,0.3261644517028817,2,50.01748629098683,10.42030964395559,1,1,1,1.0,1,1.0,0,355,cvc-clinicdb,segformer,polypseg/runs_repeat/segformer_seed42_fold0rep1/best.pth,False
0.8418062720952884,0.7268268268195512,0.9683915710727076,0.7444888752102482,0.43661630817590497,0.43661630817590497,2,46.60327511233234,9.709015648402572,1,1,1,1.0,1,1.0,0,356,cvc-clinicdb,segformer,polypseg/runs_repeat/segformer_seed42_fold0rep1/best.pth,False
0.9405675881161162,0.8878032969027236,0.9876371503580712,0.8977804832323573,0.7320555869646022,0.7320555869646022,2,34.760430725876965,7.241756401224367,1,1,1,1.0,1,1.0,0,357,cvc-clinicdb,segformer,polypseg/runs_repeat/segformer_seed42_fold0rep1/best.pth,False
0.8425402613136278,0.7279218733515916,0.9061437908378283,0.787279954562325,0.5644756141254691,0.5644756141254691,2,77.61949500289603,16.17072812560334,1,1,1,1.0,1,1.0,0,358,cvc-clinicdb,segformer,polypseg/runs_repeat/segformer_seed42_fold0rep1/best.pth,False
0.9133018294066658,0.8404374407918673,0.9696969696873353,0.8631057658218685,0.6174819718822792,0.6174819718822792,2,32.72664593154708,6.8180512357389755,1,1,1,1.0,1,1.0,0,359,cvc-clinicdb,segformer,polypseg/runs_repeat/segformer_seed42_fold0rep1/best.pth,False
0.9288425047328173,0.8671390610968305,0.8803956834334443,0.9829317268829586,0.6023330091535452,0.6023330091535452,2,6.708203932499369,1.3975424859373686,1,1,1,1.0,1,1.0,0,36,cvc-clinicdb,segformer,polypseg/runs_repeat/segformer_seed42_fold0rep1/best.pth,False
0.8803806241303698,0.7863213544750965,0.8845227341095715,0.8762771272960229,0.3927628044896088,0.3927628044896088,2,36.688538288771895,7.643445476827479,1,1,1,1.0,1,1.0,0,360,cvc-clinicdb,segformer,polypseg/runs_repeat/segformer_seed42_fold0rep1/best.pth,False
0.8308276626015555,0.7106118029188507,0.7358093903242059,0.9540250772219332,0.23509070212252364,0.23509070212252364,2,53.74003810453498,11.19584127177812,1,1,1,1.0,1,1.0,0,361,cvc-clinicdb,segformer,polypseg/runs_repeat/segformer_seed42_fold0rep1/best.pth,False
0.913432133610248,0.8406581511058598,0.9755055897377779,0.8587858011626807,0.47162984165378674,0.47162984165378674,2,15.620499351813308,3.254270698294439,1,1,1,1.0,1,1.0,0,362,cvc-clinicdb,segformer,polypseg/runs_repeat/segformer_seed42_fold0rep1/best.pth,False
0.6695825049435554,0.503287507441525,0.7943396225665716,0.5786941580358286,0.15756888678035683,0.15756888678035683,2,21.090125665144015,4.393776180238336,1,1,1,1.0,1,1.0,0,363,cvc-clinicdb,segformer,polypseg/runs_repeat/segformer_seed42_fold0rep1/best.pth,False
0.960526315769726,0.9240506328748398,0.9325349301024937,0.9902501059351315,0.8795808558569347,0.8795808558569347,2,3.940832691319596,0.8210068106915825,1,1,1,1.0,1,1.0,0,364,cvc-clinicdb,segformer,polypseg/runs_repeat/segformer_seed42_fold0rep1/best.pth,False
0.8975985500476303,0.8142211261482031,0.8162340337529365,0.9969803723705596,0.4773269190993496,0.4773269190993496,2,5.830951894845301,1.2147816447594377,1,1,1,1.0,1,1.0,0,365,cvc-clinicdb,segformer,polypseg/runs_repeat/segformer_seed42_fold0rep1/best.pth,False
0.9347826086725598,0.8775510203674606,0.9100529100091366,0.9608938546998022,0.7635392329902035,0.7635392329902035,2,3.1622776601683795,0.6588078458684125,1,1,1,1.0,1,1.0,0,366,cvc-clinicdb,segformer,polypseg/runs_repeat/segformer_seed42_fold0rep1/best.pth,False
0.94775005329606,0.9006890960315894,0.9087934559955504,0.9901960783872462,0.8257111766749686,0.8257111766749686,2,3.0,0.625,1,1,1,1.0,1,1.0,0,367,cvc-clinicdb,segformer,polypseg/runs_repeat/segformer_seed42_fold0rep1/best.pth,False
0.911939235677381,0.8381326352164864,0.8939041414195485,0.9307170542184731,0.6419419594441697,0.6419419594441697,2,5.0,1.0416666666666667,1,1,1,1.0,1,1.0,0,368,cvc-clinicdb,segformer,polypseg/runs_repeat/segformer_seed42_fold0rep1/best.pth,False
0.8822597676641432,0.7893245157869947,0.7919431279245525,0.9958283670443486,0.5076922578514184,0.5076922578514184,2,6.383482008158826,1.3298920850330886,1,1,1,1.0,1,1.0,0,369,cvc-clinicdb,segformer,polypseg/runs_repeat/segformer_seed42_fold0rep1/best.pth,False
0.9555610724866214,0.914903731864572,0.9382084094949639,0.9735677247884967,0.6110420724843888,0.6110420724843888,2,5.830951894845301,1.2147816447594377,1,1,1,1.0,1,1.0,0,37,cvc-clinicdb,segformer,polypseg/runs_repeat/segformer_seed42_fold0rep1/best.pth,False
0.858335652634057,0.7518283763650986,0.778787878748546,0.95598264098227,0.6151841703978755,0.6151841703978755,2,10.295630140987,2.1449229460389585,1,1,1,1.0,1,1.0,0,370,cvc-clinicdb,segformer,polypseg/runs_repeat/segformer_seed42_fold0rep1/best.pth,False
0.8470496894081114,0.7346801346306613,0.7351752021067941,0.9990842489927578,0.6139294427534606,0.6139294427534606,2,9.219544457292887,1.920738428602685,1,1,1,1.0,1,1.0,0,371,cvc-clinicdb,segformer,polypseg/runs_repeat/segformer_seed42_fold0rep1/best.pth,False
0.8737864077284296,0.775862068904713,0.7869634339597008,0.9821428570454224,0.660692103717702,0.660692103717702,2,7.0710678118654755,1.473139127471974,1,1,1,1.0,1,1.0,0,372,cvc-clinicdb,segformer,polypseg/runs_repeat/segformer_seed42_fold0rep1/best.pth,False
0.8606257618504419,0.7553495006593901,0.7558886509096439,0.9990566036793342,0.4270218340101217,0.4270218340101217,2,5.0,1.0416666666666667,1,1,1,1.0,1,1.0,0,373,cvc-clinicdb,segformer,polypseg/runs_repeat/segformer_seed42_fold0rep1/best.pth,False
0.8130293159344291,0.6849615806429769,0.7042889390121733,0.9614791986932604,0.438892590499244,0.438892590499244,2,10.44030650891055,2.1750638560230313,1,1,1,1.0,1,1.0,0,374,cvc-clinicdb,segformer,polypseg/runs_repeat/segformer_seed42_fold0rep1/best.pth,False
0.8725212464177281,0.7738693466688551,0.7931330471422203,0.9695697795414933,0.6707733930329136,0.6707733930329136,2,7.021320343559641,1.4627750715749253,1,1,1,1.0,1,1.0,0,375,cvc-clinicdb,segformer,polypseg/runs_repeat/segformer_seed42_fold0rep1/best.pth,False
0.9096428571266135,0.8342613822196443,0.8453368735199026,0.9845380749522792,0.6485268731710281,0.6485268731710281,2,6.631934008732739,1.3816529184859874,1,1,1,1.0,1,1.0,0,376,cvc-clinicdb,segformer,polypseg/runs_repeat/segformer_seed42_fold0rep1/best.pth,False
0.8650631879155104,0.7622126436507827,0.7772893772609052,0.9751838234845964,0.64317175633139,0.64317175633139,2,11.661903789690601,2.4295632895188755,1,1,1,1.0,1,1.0,0,377,cvc-clinicdb,segformer,polypseg/runs_repeat/segformer_seed42_fold0rep1/best.pth,False
0.8688909774231934,0.7681761528554975,0.7841391008997397,0.9741833508443528,0.464454926493121,0.464454926493121,2,8.602325267042627,1.7921510973005472,1,1,1,1.0,1,1.0,0,378,cvc-clinicdb,segformer,polypseg/runs_repeat/segformer_seed42_fold0rep1/best.pth,False
0.8339768339500008,0.7152317880399982,0.7474048442475545,0.9432314409793863,0.5371428075102086,0.5371428075102086,2,9.0,1.875,1,1,1,1.0,1,1.0,0,379,cvc-clinicdb,segformer,polypseg/runs_repeat/segformer_seed42_fold0rep1/best.pth,False
0.9670183231430647,0.9361427649766472,0.9899954524558892,0.9450835684622296,0.8357332158556399,0.8357332158556399,2,3.4060781485809697,0.709599614287702,1,1,1,1.0,1,1.0,0,38,cvc-clinicdb,segformer,polypseg/runs_repeat/segformer_seed42_fold0rep1/best.pth,False
0.9149437319833829,0.8432223829791017,0.8753129694103499,0.9583333332807931,0.6716767936150285,0.6716767936150285,2,5.0,1.0416666666666667,1,1,1,1.0,1,1.0,0,380,cvc-clinicdb,segformer,polypseg/runs_repeat/segformer_seed42_fold0rep1/best.pth,False
0.9104557640587944,0.8356299212324269,0.8749570593996924,0.948956780888638,0.4812226574310611,0.4812226574310611,2,5.616100833138698,1.1700210069038954,1,1,1,1.0,1,1.0,0,381,cvc-clinicdb,segformer,polypseg/runs_repeat/segformer_seed42_fold0rep1/best.pth,False
0.9256572982634382,0.8616033755031898,0.8891146589001708,0.9653324928784958,0.645945075047037,0.645945075047037,2,7.316185194164764,1.5242052487843258,1,1,1,1.0,1,1.0,0,382,cvc-clinicdb,segformer,polypseg/runs_repeat/segformer_seed42_fold0rep1/best.pth,False
0.947638603679883,0.9004878048487647,0.9558163617205448,0.9395995927743604,0.7613115129310826,0.7613115129310826,2,4.123105625617661,0.858980338670346,1,1,1,1.0,1,1.0,0,383,cvc-clinicdb,segformer,polypseg/runs_repeat/segformer_seed42_fold0rep1/best.pth,False
0.817137641195723,0.6908138001971293,0.9495293233705329,0.7171467672461793,0.4552452346535041,0.4552452346535041,2,99.31892935865748,20.691443616386973,1,1,1,1.0,1,1.0,0,384,cvc-clinicdb,segformer,polypseg/runs_repeat/segformer_seed42_fold0rep1/best.pth,False
0.8771087230576192,0.7811163387482851,0.9214952485033996,0.8368017106386773,0.4118367368184772,0.4118367368184772,2,71.84427535454873,14.967557365530984,1,1,1,1.0,1,1.0,0,385,cvc-clinicdb,segformer,polypseg/runs_repeat/segformer_seed42_fold0rep1/best.pth,False
0.8977200817210622,0.8144211527710054,0.9170021792896353,0.8792321858589062,0.37824758713205947,0.37824758713205947,2,41.02011298155151,8.545856871156564,1,1,1,1.0,1,1.0,0,386,cvc-clinicdb,segformer,polypseg/runs_repeat/segformer_seed42_fold0rep1/best.pth,False
0.8631958143908341,0.7593179417511413,0.8228137876878056,0.9077461485698028,0.2918409542023303,0.2918409542023303,2,37.80200495848091,7.875417699683522,1,1,1,1.0,1,1.0,0,387,cvc-clinicdb,segformer,polypseg/runs_repeat/segformer_seed42_fold0rep1/best.pth,False
0.8978944552697888,0.8147082278672213,0.8803341950437213,0.9161695324953555,0.2820757035057549,0.2820757035057549,2,38.70384379893085,8.063300791443927,1,1,1,1.0,1,1.0,0,388,cvc-clinicdb,segformer,polypseg/runs_repeat/segformer_seed42_fold0rep1/best.pth,False
0.9177601092607245,0.8480191102859872,0.9600469435607712,0.8790413006873526,0.4902640141310574,0.4902640141310574,2,47.436263496821695,9.882554895171186,1,1,1,1.0,1,1.0,0,389,cvc-clinicdb,segformer,polypseg/runs_repeat/segformer_seed42_fold0rep1/best.pth,False
0.9641145528817753,0.9307154141067318,0.9566225933436182,0.9717247879130131,0.9197314152656229,0.9197314152656229,2,2.23606797749979,0.4658474953124562,1,1,1,1.0,1,1.0,0,39,cvc-clinicdb,segformer,polypseg/runs_repeat/segformer_seed42_fold0rep1/best.pth,False
0.9737574005205183,0.948856928190679,0.9731410644450814,0.9743745177946964,0.7706860320771737,0.7706860320771737,2,7.154684642831488,1.4905593005898934,1,1,1,1.0,1,1.0,0,390,cvc-clinicdb,segformer,polypseg/runs_repeat/segformer_seed42_fold0rep1/best.pth,False
0.9458760417573917,0.8973100690494855,0.9793691727637499,0.9145979992420415,0.7386640731922369,0.7386640731922369,2,6.708203932499369,1.3975424859373686,1,1,1,1.0,1,1.0,0,391,cvc-clinicdb,segformer,polypseg/runs_repeat/segformer_seed42_fold0rep1/best.pth,False
0.9413690656585134,0.8892325314903867,0.9422259982893284,0.9405136903205655,0.48089882647747023,0.48089882647747023,2,11.180339887498949,2.329237476562281,1,1,1,1.0,1,1.0,0,392,cvc-clinicdb,segformer,polypseg/runs_repeat/segformer_seed42_fold0rep1/best.pth,False
0.9431416639836611,0.8924012157946212,0.9061728394949855,0.9832551908776523,0.5720916104268307,0.5720916104268307,2,7.0,1.4583333333333333,1,1,1,1.0,1,1.0,0,393,cvc-clinicdb,segformer,polypseg/runs_repeat/segformer_seed42_fold0rep1/best.pth,False
0.9519960813069311,0.9083898106928208,0.9160971010969113,0.9908233494648123,0.6479043178808832,0.6479043178808832,2,6.708203932499369,1.3975424859373686,1,1,1,1.0,1,1.0,0,394,cvc-clinicdb,segformer,polypseg/runs_repeat/segformer_seed42_fold0rep1/best.pth,False
0.947598440374705,0.9004152756216887,0.9118495918123868,0.9862647163665156,0.5253996798830805,0.5253996798830805,2,8.0,1.6666666666666667,1,1,1,1.0,1,1.0,0,395,cvc-clinicdb,segformer,polypseg/runs_repeat/segformer_seed42_fold0rep1/best.pth,False
0.9503176138952912,0.9053382494316661,0.9115487046976712,0.9925307557030533,0.6379793700208569,0.6379793700208569,2,8.48528137423857,1.7677669529663687,1,1,1,1.0,1,1.0,0,396,cvc-clinicdb,segformer,polypseg/runs_repeat/segformer_seed42_fold0rep1/best.pth,False
0.9437921077929298,0.8935666119865526,0.9038343369736768,0.9874462943005676,0.42679117732323935,0.42679117732323935,2,10.158431221748446,2.1163398378642593,1,1,1,1.0,1,1.0,0,397,cvc-clinicdb,segformer,polypseg/runs_repeat/segformer_seed42_fold0rep1/best.pth,False
0.9504686109195495,0.9056123721581162,0.9079677887215126,0.9971436418511554,0.4472185688548405,0.4472185688548405,2,9.486832980505138,1.976423537605237,1,1,1,1.0,1,1.0,0,398,cvc-clinicdb,segformer,polypseg/runs_repeat/segformer_seed42_fold0rep1/best.pth,False
0.9474999999961794,0.9002375296843135,0.9144613947624963,0.9830153949047605,0.5174501951699407,0.5174501951699407,2,9.28636658809595,1.934659705853323,1,1,1,1.0,1,1.0,0,399,cvc-clinicdb,segformer,polypseg/runs_repeat/segformer_seed42_fold0rep1/best.pth,False
0.551349147010972,0.3805949141391546,0.9837496968107718,0.38300283285938147,0.4560977110985739,0.4560977110985739,2,80.98888470001718,16.87268431250358,1,1,1,1.0,0,0.0,0,4,cvc-clinicdb,segformer,polypseg/runs_repeat/segformer_seed42_fold0rep1/best.pth,False
0.970469967322377,0.942633955804435,0.96634134132925,0.974634023208296,0.8967201979161966,0.8967201979161966,2,3.0,0.625,1,1,1,1.0,1,1.0,0,40,cvc-clinicdb,segformer,polypseg/runs_repeat/segformer_seed42_fold0rep1/best.pth,False
0.9492764006236618,0.9034501568129899,0.9250209438575115,0.9748381400680571,0.6287426415046189,0.6287426415046189,2,7.0,1.4583333333333333,1,1,1,1.0,1,1.0,0,400,cvc-clinicdb,segformer,polypseg/runs_repeat/segformer_seed42_fold0rep1/best.pth,False
0.9722583667257989,0.9460143826501973,0.9485122372199805,0.9972240016976592,0.7980871039029735,0.7980871039029735,2,3.0,0.625,1,1,1,1.0,1,1.0,0,401,cvc-clinicdb,segformer,polypseg/runs_repeat/segformer_seed42_fold0rep1/best.pth,False
0.9645572256709669,0.93154083410935,0.937765777921446,0.9929245282947904,0.6792498658885121,0.6792498658885121,2,7.211102550927978,1.5023130314433288,1,1,1,1.0,1,1.0,0,402,cvc-clinicdb,segformer,polypseg/runs_repeat/segformer_seed42_fold0rep1/best.pth,False
0.9588229283694757,0.9209028459183424,0.9256263562741602,0.9944891903243482,0.6252220773129581,0.6252220773129581,2,7.0,1.4583333333333333,1,1,1,1.0,1,1.0,0,403,cvc-clinicdb,segformer,polypseg/runs_repeat/segformer_seed42_fold0rep1/best.pth,False
0.9658233060302611,0.9339055034424535,0.9614683913193526,0.9702178508964958,0.7299999500072034,0.7299999500072034,2,6.324555320336759,1.317615691736825,1,1,1,1.0,1,1.0,0,404,cvc-clinicdb,segformer,polypseg/runs_repeat/segformer_seed42_fold0rep1/best.pth,False
0.9455325999412635,0.8966921119501609,0.9192404006581881,0.9733731079331192,0.6116782448319285,0.6116782448319285,2,8.320659374755873,1.7334707030741403,1,1,1,1.0,1,1.0,0,405,cvc-clinicdb,segformer,polypseg/runs_repeat/segformer_seed42_fold0rep1/best.pth,False
0.9530558906264924,0.9103216514554937,0.9259693329336266,0.981774878316436,0.6425732587254285,0.6425732587254285,2,8.0,1.6666666666666667,1,1,1,1.0,1,1.0,0,406,cvc-clinicdb,segformer,polypseg/runs_repeat/segformer_seed42_fold0rep1/best.pth,False
0.8981438806682945,0.8151190204516303,0.8211139201653174,0.9911226188182807,0.3905891963278088,0.3905891963278088,2,16.39630164460371,3.415896175959106,1,1,1,1.0,1,1.0,0,407,cvc-clinicdb,segformer,polypseg/runs_repeat/segformer_seed42_fold0rep1/best.pth,False
0.939361060874386,0.8856558308605857,0.9032108496475807,0.9785256812636126,0.5627512593196947,0.5627512593196947,2,6.497197195809929,1.3535827491270684,1,1,1,1.0,1,1.0,0,408,cvc-clinicdb,segformer,polypseg/runs_repeat/segformer_seed42_fold0rep1/best.pth,False
0.9682234073350799,0.9384041218015113,0.9469737368319324,0.9904486352668789,0.6366905974866188,0.6366905974866188,2,12.039514849852678,2.5082322603859746,1,1,1,1.0,1,1.0,0,409,cvc-clinicdb,segformer,polypseg/runs_repeat/segformer_seed42_fold0rep1/best.pth,False
0.9496155402574906,0.9040647273954139,0.9082639829512625,0.9949120203308266,0.7099371379578009,0.7099371379578009,2,4.123105625617661,0.858980338670346,1,1,1,1.0,1,1.0,0,41,cvc-clinicdb,segformer,polypseg/runs_repeat/segformer_seed42_fold0rep1/best.pth,False
0.8988974900252235,0.816361312304896,0.938180927886667,0.8627715861661288,0.22007330793004157,0.22007330793004157,2,13.905024490156814,2.8968801021160027,1,1,1,1.0,1,1.0,0,410,cvc-clinicdb,segformer,polypseg/runs_repeat/segformer_seed42_fold0rep1/best.pth,False
0.8410863135176024,0.7257540603136001,0.9925957266555406,0.7297045100975162,0.3092526052360098,0.3092526052360098,2,17.19881838191274,3.5830871628984875,1,1,1,1.0,1,1.0,0,411,cvc-clinicdb,segformer,polypseg/runs_repeat/segformer_seed42_fold0rep1/best.pth,False
0.7885585115563505,0.6509257930149143,0.9742212674334217,0.6623338688379972,0.13467565903877238,0.13467565903877238,2,21.06297092908383,4.388118943559131,1,1,1,1.0,1,1.0,0,412,cvc-clinicdb,segformer,polypseg/runs_repeat/segformer_seed42_fold0rep1/best.pth,False
0.7425679949332017,0.5905432595488568,0.9600467289495317,0.6054221305347661,0.15280796095629404,0.15280796095629404,2,28.630752126578916,5.964740026370607,1,1,1,1.0,1,1.0,0,413,cvc-clinicdb,segformer,polypseg/runs_repeat/segformer_seed42_fold0rep1/best.pth,False
0.9277466730891201,0.8652308645774242,0.9784139888531436,0.8820686169176658,0.3632716946854214,0.3632716946854214,2,19.924858845171276,4.151012259410682,1,1,1,1.0,1,1.0,0,414,cvc-clinicdb,segformer,polypseg/runs_repeat/segformer_seed42_fold0rep1/best.pth,False
0.8148457364015982,0.6875440281736308,0.9826102873788888,0.6960129659598313,0.34596935831887965,0.34596935831887965,2,38.66377424849035,8.05495296843549,1,1,1,1.0,1,1.0,0,415,cvc-clinicdb,segformer,polypseg/runs_repeat/segformer_seed42_fold0rep1/best.pth,False
0.8840369493820748,0.7921740320099043,0.9772976622417309,0.8070248797769389,0.24076369244300208,0.24076369244300208,2,22.018033988749877,4.5870904143228906,1,1,1,1.0,1,1.0,0,416,cvc-clinicdb,segformer,polypseg/runs_repeat/segformer_seed42_fold0rep1/best.pth,False
0.8176971695475806,0.6916139828868388,0.9428390367434368,0.7218825812642223,0.24977890718350743,0.24977890718350743,2,31.457615970404092,6.553669993834186,1,1,1,1.0,1,1.0,0,417,cvc-clinicdb,segformer,polypseg/runs_repeat/segformer_seed42_fold0rep1/best.pth,False
0.7562234713690923,0.608005902958716,0.9662855467321523,0.6211835657628876,0.2007303251447171,0.2007303251447171,2,20.801087550901258,4.3335599064377615,1,1,1,1.0,1,1.0,0,418,cvc-clinicdb,segformer,polypseg/runs_repeat/segformer_seed42_fold0rep1/best.pth,False
0.8716861081622419,0.7725563909724361,0.9746504211221305,0.7883979362297368,0.4984520380085593,0.4984520380085593,2,28.387430951316343,5.914048114857571,1,1,1,1.0,1,1.0,0,419,cvc-clinicdb,segformer,polypseg/runs_repeat/segformer_seed42_fold0rep1/best.pth,False
0.9540058292389706,0.9120565447748803,0.932721712525261,0.9762840098795826,0.6653556812263154,0.6653556812263154,2,4.123105625617661,0.858980338670346,1,1,1,1.0,1,1.0,0,42,cvc-clinicdb,segformer,polypseg/runs_repeat/segformer_seed42_fold0rep1/best.pth,False
0.7832172537909787,0.6436787965897374,0.9887020047486518,0.6484483815218204,0.275271718374131,0.275271718374131,2,43.08711283717176,8.976481841077451,1,1,1,1.0,1,1.0,0,420,cvc-clinicdb,segformer,polypseg/runs_repeat/segformer_seed42_fold0rep1/best.pth,False
0.7974698371762232,0.6631599454466968,0.9937718956695818,0.6659276165590744,0.30556768623330605,0.30556768623330605,2,28.647857736624943,5.968303695130197,1,1,1,1.0,1,1.0,0,421,cvc-clinicdb,segformer,polypseg/runs_repeat/segformer_seed42_fold0rep1/best.pth,False
0.906162086127318,0.8284244627424675,0.8470037926653678,0.9742046181557197,0.2631349223386083,0.2631349223386083,2,36.54156217065947,7.612825452220722,1,1,1,1.0,1,1.0,0,422,cvc-clinicdb,segformer,polypseg/runs_repeat/segformer_seed42_fold0rep1/best.pth,False
0.8906418070964156,0.8028442146042025,0.9642176582612448,0.8274984857611901,0.2095992456258949,0.2095992456258949,2,17.0,3.5416666666666665,1,1,1,1.0,1,1.0,0,423,cvc-clinicdb,segformer,polypseg/runs_repeat/segformer_seed42_fold0rep1/best.pth,False
0.89235680083539,0.8056356067625478,0.8192771084070571,0.9797507787780472,0.46130402113003927,0.46130402113003927,2,6.4031242374328485,1.3339842161318434,1,1,1,1.0,1,1.0,0,424,cvc-clinicdb,segformer,polypseg/runs_repeat/segformer_seed42_fold0rep1/best.pth,False
0.5116025115885449,0.3437270726212866,0.9999999998932765,0.3437270726212866,0.0,0.0,2,21.320555576041926,4.441782411675401,1,1,1,1.0,0,0.0,0,425,cvc-clinicdb,segformer,polypseg/runs_repeat/segformer_seed42_fold0rep1/best.pth,False
0.8331231609870106,0.7139769452376082,0.9877545208459668,0.7203530633362372,0.3415852047392488,0.3415852047392488,2,24.169194141845118,5.0352487795510665,1,1,1,1.0,1,1.0,0,426,cvc-clinicdb,segformer,polypseg/runs_repeat/segformer_seed42_fold0rep1/best.pth,False
0.9302970463386819,0.8696779261518485,0.9712255460920148,0.8926786002185721,0.6642937028661514,0.6642937028661514,2,21.02379604162864,4.379957508672633,1,1,1,1.0,1,1.0,0,427,cvc-clinicdb,segformer,polypseg/runs_repeat/segformer_seed42_fold0rep1/best.pth,False
0.9278759807121284,0.865455827888684,0.9838628846247983,0.8779178964235943,0.5542936939612774,0.5542936939612774,2,12.083045973594572,2.517301244498869,1,1,1,1.0,1,1.0,0,428,cvc-clinicdb,segformer,polypseg/runs_repeat/segformer_seed42_fold0rep1/best.pth,False
0.914984123174675,0.8432909994385058,0.8467509425499361,0.995177896507296,0.28226133442872275,0.28226133442872275,2,8.602325267042627,1.7921510973005472,1,1,1,1.0,1,1.0,0,429,cvc-clinicdb,segformer,polypseg/runs_repeat/segformer_seed42_fold0rep1/best.pth,False
0.9480519480435149,0.901234567885993,0.9332749562008184,0.9633044106839606,0.656115057918745,0.656115057918745,2,5.0,1.0416666666666667,1,1,1,1.0,1,1.0,0,43,cvc-clinicdb,segformer,polypseg/runs_repeat/segformer_seed42_fold0rep1/best.pth,False
0.9196513773082279,0.851254269216214,0.8521575100111747,0.9987563907558552,0.27364352709751555,0.27364352709751555,2,7.0710678118654755,1.473139127471974,1,1,1,1.0,1,1.0,0,430,cvc-clinicdb,segformer,polypseg/runs_repeat/segformer_seed42_fold0rep1/best.pth,False
0.9009086356092086,0.8196849368465084,0.8216103353670676,0.9971491922553508,0.24742013703645518,0.24742013703645518,2,9.433981132056603,1.9654127358451257,1,1,1,1.0,1,1.0,0,431,cvc-clinicdb,segformer,polypseg/runs_repeat/segformer_seed42_fold0rep1/best.pth,False
0.9360890302017165,0.8798565451197463,0.8871032543100933,0.9908009872000134,0.4086286908650804,0.4086286908650804,2,8.06225774829855,1.679637030895531,1,1,1,1.0,1,1.0,0,432,cvc-clinicdb,segformer,polypseg/runs_repeat/segformer_seed42_fold0rep1/best.pth,False
0.9493243243194649,0.9035369774831575,0.904682926820442,0.9986000430648437,0.5502726938960419,0.5502726938960419,2,7.1340834444436005,1.4862673842590834,1,1,1,1.0,1,1.0,0,433,cvc-clinicdb,segformer,polypseg/runs_repeat/segformer_seed42_fold0rep1/best.pth,False
0.9485807129840935,0.9021907099272594,0.9055656934223945,0.9958860124323109,0.4105642275552964,0.4105642275552964,2,5.0,1.0416666666666667,1,1,1,1.0,1,1.0,0,434,cvc-clinicdb,segformer,polypseg/runs_repeat/segformer_seed42_fold0rep1/best.pth,False
0.9341383095442484,0.8764160659014026,0.8881029684498132,0.9852071005790429,0.36935416048770453,0.36935416048770453,2,7.211102550927978,1.5023130314433288,1,1,1,1.0,1,1.0,0,435,cvc-clinicdb,segformer,polypseg/runs_repeat/segformer_seed42_fold0rep1/best.pth,False
0.9151912838868689,0.8436430038707641,0.8445104535491316,0.9987839481016243,0.20334923233787083,0.20334923233787083,2,8.06225774829855,1.679637030895531,1,1,1,1.0,1,1.0,0,436,cvc-clinicdb,segformer,polypseg/runs_repeat/segformer_seed42_fold0rep1/best.pth,False
0.9368509320716193,0.8812037373998154,0.8819528782987375,0.9990370064520699,0.4732150733846655,0.4732150733846655,2,6.647187993486051,1.3848308319762606,1,1,1,1.0,1,1.0,0,437,cvc-clinicdb,segformer,polypseg/runs_repeat/segformer_seed42_fold0rep1/best.pth,False
0.7324162871055082,0.5778050630147781,0.6006907944113205,0.9381413075289466,0.3879364380497896,0.3879364380497896,2,138.50786933215517,28.85580611086566,1,2,1,1.0,1,1.0,1,438,cvc-clinicdb,segformer,polypseg/runs_repeat/segformer_seed42_fold0rep1/best.pth,False
0.9394981530955324,0.8858995916300035,0.910842183243877,0.9700157811550498,0.50116182116276,0.50116182116276,2,6.0,1.25,1,1,1,1.0,1,1.0,0,439,cvc-clinicdb,segformer,polypseg/runs_repeat/segformer_seed42_fold0rep1/best.pth,False
0.9610476084731936,0.9250160222075943,0.9365199524068722,0.9868945868833402,0.7327910181370031,0.7327910181370031,2,7.8576872569299905,1.6370181785270814,1,1,1,1.0,1,1.0,0,44,cvc-clinicdb,segformer,polypseg/runs_repeat/segformer_seed42_fold0rep1/best.pth,False
0.875844895047351,0.7791139240383052,0.9226157016877906,0.8335872693273475,0.532090009181826,0.532090009181826,2,31.072486521095804,6.473434691894959,1,1,1,1.0,1,1.0,0,440,cvc-clinicdb,segformer,polypseg/runs_repeat/segformer_seed42_fold0rep1/best.pth,False
0.8852641334404956,0.7941469903294265,0.8116927260091199,0.9735018344486954,0.454059582197672,0.454059582197672,2,8.031128874149275,1.6731518487810988,1,1,1,1.0,1,1.0,0,441,cvc-clinicdb,segformer,polypseg/runs_repeat/segformer_seed42_fold0rep1/best.pth,False
0.8694796407815294,0.769096844379345,0.869586614151831,0.8693726937055505,0.3929943968178338,0.3929943968178338,2,12.931980515339465,2.6941626073623883,1,1,1,1.0,1,1.0,0,442,cvc-clinicdb,segformer,polypseg/runs_repeat/segformer_seed42_fold0rep1/best.pth,False
0.9527378403108538,0.9097414926112204,0.9224048570868887,0.985133639079786,0.6867513835883775,0.6867513835883775,2,4.116950344336776,0.8576979884034951,1,1,1,1.0,1,1.0,0,443,cvc-clinicdb,segformer,polypseg/runs_repeat/segformer_seed42_fold0rep1/best.pth,False
0.9480688935219984,0.90126519472958,0.9135026401695562,0.9853539462844406,0.5878367314909538,0.5878367314909538,2,5.830951894845301,1.2147816447594377,1,1,1,1.0,1,1.0,0,444,cvc-clinicdb,segformer,polypseg/runs_repeat/segformer_seed42_fold0rep1/best.pth,False
0.952711900834876,0.9096941916883786,0.9632715154957746,0.9423812898586649,0.6731837831980679,0.6731837831980679,2,10.781910667299748,2.246231389020781,1,1,1,1.0,1,1.0,0,445,cvc-clinicdb,segformer,polypseg/runs_repeat/segformer_seed42_fold0rep1/best.pth,False
0.9441822994554641,0.8942664050512733,0.9564744287194429,0.9322021058940064,0.5857257794595869,0.5857257794595869,2,12.051957427492866,2.510824464061014,1,1,1,1.0,1,1.0,0,446,cvc-clinicdb,segformer,polypseg/runs_repeat/segformer_seed42_fold0rep1/best.pth,False
0.9528167902642762,0.9098854731491898,0.9170716889150343,0.991461412118507,0.8627262647811677,0.8627262647811677,2,2.8284271247461903,0.5892556509887896,1,1,1,1.0,1,1.0,0,447,cvc-clinicdb,segformer,polypseg/runs_repeat/segformer_seed42_fold0rep1/best.pth,False
0.9481340923391197,0.9013830426803761,0.9509912767493895,0.9452940248944459,0.6850393200818438,0.6850393200818438,2,6.708203932499369,1.3975424859373686,1,1,1,1.0,1,1.0,0,448,cvc-clinicdb,segformer,polypseg/runs_repeat/segformer_seed42_fold0rep1/best.pth,False
0.9148381490233017,0.8430430430261653,0.9738667899867284,0.8625563293555396,0.7482165947062291,0.7482165947062291,2,14.84075732554723,3.091824442822339,1,1,1,1.0,1,1.0,0,449,cvc-clinicdb,segformer,polypseg/runs_repeat/segformer_seed42_fold0rep1/best.pth,False
0.9672693266757537,0.9366133413682974,0.9479150755926697,0.9874303898013138,0.8243242743243273,0.8243242743243273,2,3.605551275463989,0.7511565157216644,1,1,1,1.0,1,1.0,0,45,cvc-clinicdb,segformer,polypseg/runs_repeat/segformer_seed42_fold0rep1/best.pth,False
0.9644859812903834,0.9314079422046424,0.9957545348901677,0.9351214207707459,0.9102949530106905,0.9102949530106905,2,2.854163056034258,0.5946173033404704,1,1,1,1.0,1,1.0,0,450,cvc-clinicdb,segformer,polypseg/runs_repeat/segformer_seed42_fold0rep1/best.pth,False
0.9306738019720099,0.8703366696601303,0.979518689145954,0.8864689526929348,0.753003819419148,0.753003819419148,2,5.0,1.0416666666666667,1,1,1,1.0,1,1.0,0,451,cvc-clinicdb,segformer,polypseg/runs_repeat/segformer_seed42_fold0rep1/best.pth,False
0.9452326901114467,0.8961528113829391,0.9896019013372074,0.9046713742285533,0.7215715404849942,0.7215715404849942,2,4.123105625617661,0.858980338670346,1,1,1,1.0,1,1.0,0,452,cvc-clinicdb,segformer,polypseg/runs_repeat/segformer_seed42_fold0rep1/best.pth,False
0.9507718487790108,0.9061631139734438,0.9372154325200763,0.9647261963254878,0.7611022682214169,0.7611022682214169,2,4.0,0.8333333333333334,1,1,1,1.0,1,1.0,0,453,cvc-clinicdb,segformer,polypseg/runs_repeat/segformer_seed42_fold0rep1/best.pth,False
0.9413543407261769,0.8892062537449007,0.9744645798850995,0.9104201939216497,0.7205478952148655,0.7205478952148655,2,11.302117787419789,2.3546078723791224,1,1,1,1.0,1,1.0,0,454,cvc-clinicdb,segformer,polypseg/runs_repeat/segformer_seed42_fold0rep1/best.pth,False
0.9598051157069787,0.9227166276243702,0.936078741928543,0.9847655320044659,0.5992492283299877,0.5992492283299877,2,4.123105625617661,0.858980338670346,1,1,1,1.0,1,1.0,0,455,cvc-clinicdb,segformer,polypseg/runs_repeat/segformer_seed42_fold0rep1/best.pth,False
0.9653760407617936,0.9330694810823827,0.9575773986735483,0.9733027522846486,0.6710758846803844,0.6710758846803844,2,5.385164807134504,1.1219093348196882,1,1,1,1.0,1,1.0,0,456,cvc-clinicdb,segformer,polypseg/runs_repeat/segformer_seed42_fold0rep1/best.pth,False
0.929461924545688,0.8682193990636395,0.9824301197834291,0.8819131503391856,0.5824795172022864,0.5824795172022864,2,12.619324002040555,2.629025833758449,1,1,1,1.0,1,1.0,0,457,cvc-clinicdb,segformer,polypseg/runs_repeat/segformer_seed42_fold0rep1/best.pth,False
0.9600783204507768,0.9232217573028615,0.9633267845238305,0.9568516912194959,0.8096755587005989,0.8096755587005989,2,4.242640687119285,0.8838834764831843,1,1,1,1.0,1,1.0,0,458,cvc-clinicdb,segformer,polypseg/runs_repeat/segformer_seed42_fold0rep1/best.pth,False
0.9331772966537953,0.8747257568917349,0.9154994259261654,0.9515513126264546,0.5366739731121324,0.5366739731121324,2,5.0,1.0416666666666667,1,1,1,1.0,1,1.0,0,459,cvc-clinicdb,segformer,polypseg/runs_repeat/segformer_seed42_fold0rep1/best.pth,False
0.963981871662845,0.9304681504078209,0.9717858287757007,0.9563022558612352,0.8002693651743754,0.8002693651743754,2,3.605551275463989,0.7511565157216644,1,1,1,1.0,1,1.0,0,46,cvc-clinicdb,segformer,polypseg/runs_repeat/segformer_seed42_fold0rep1/best.pth,False
0.9427128014398749,0.8916336097927943,0.9645016578707919,0.921886651735237,0.6192384270053172,0.6192384270053172,2,7.280109889280518,1.5166895602667745,1,1,1,1.0,1,1.0,0,460,cvc-clinicdb,segformer,polypseg/runs_repeat/segformer_seed42_fold0rep1/best.pth,False
0.9326281903814468,0.8737613097677185,0.9415041782584107,0.9239179954301607,0.5581626230994919,0.5581626230994919,2,10.0,2.0833333333333335,1,1,1,1.0,1,1.0,0,461,cvc-clinicdb,segformer,polypseg/runs_repeat/segformer_seed42_fold0rep1/best.pth,False
0.9462395350380803,0.8979645436520294,0.9965024773973112,0.9008035831787538,0.6546259441877363,0.6546259441877363,2,8.06225774829855,1.679637030895531,1,1,1,1.0,1,1.0,0,462,cvc-clinicdb,segformer,polypseg/runs_repeat/segformer_seed42_fold0rep1/best.pth,False
0.9681875080892295,0.9383366800456966,0.9763210585794696,0.9601883561561627,0.7151335217549748,0.7151335217549748,2,5.0,1.0416666666666667,1,1,1,1.0,1,1.0,0,463,cvc-clinicdb,segformer,polypseg/runs_repeat/segformer_seed42_fold0rep1/best.pth,False
0.960112623175973,0.9232851985455405,0.958762886586706,0.9614661654022383,0.7413587104325661,0.7413587104325661,2,6.074486277268395,1.2655179744309157,1,1,1,1.0,1,1.0,0,464,cvc-clinicdb,segformer,polypseg/runs_repeat/segformer_seed42_fold0rep1/best.pth,False
0.958730925631281,0.9207331219478715,0.9313204004933406,0.9878038662491677,0.6599481748678305,0.6599481748678305,2,7.810249675906654,1.6271353491472196,1,1,1,1.0,1,1.0,0,465,cvc-clinicdb,segformer,polypseg/runs_repeat/segformer_seed42_fold0rep1/best.pth,False
0.9030541965472709,0.8232441326680242,0.9793941891512529,0.8377544725404269,0.5356702764675969,0.5356702764675969,2,18.959059747573228,3.949804114077756,1,1,1,1.0,1,1.0,0,466,cvc-clinicdb,segformer,polypseg/runs_repeat/segformer_seed42_fold0rep1/best.pth,False
0.8469204703964175,0.7344857389737728,0.8297207576564174,0.864848361481123,0.477658400771946,0.477658400771946,2,77.42307391433074,16.129807065485572,1,1,1,1.0,1,1.0,0,467,cvc-clinicdb,segformer,polypseg/runs_repeat/segformer_seed42_fold0rep1/best.pth,False
0.7942164179067434,0.658672443132766,0.885399334433388,0.7200608930926923,0.26809806823392784,0.26809806823392784,2,80.71891743890465,16.816441133105137,1,1,1,1.0,1,1.0,0,468,cvc-clinicdb,segformer,polypseg/runs_repeat/segformer_seed42_fold0rep1/best.pth,False
0.7891095189322861,0.651677035429729,0.8706296865040145,0.7215483677693804,0.22733374420563401,0.22733374420563401,2,96.8413121534551,20.17527336530315,1,1,1,1.0,1,1.0,0,469,cvc-clinicdb,segformer,polypseg/runs_repeat/segformer_seed42_fold0rep1/best.pth,False
0.9646792879299017,0.9317685589434882,0.9450955061276636,0.9850918534097807,0.6873024492961829,0.6873024492961829,2,5.0,1.0416666666666667,1,1,1,1.0,1,1.0,0,47,cvc-clinicdb,segformer,polypseg/runs_repeat/segformer_seed42_fold0rep1/best.pth,False
0.3983609191676172,0.24872077856678315,0.9947833065411403,0.2490456098026015,0.132625950732096,0.132625950732096,2,117.61370284624061,24.50285475963346,1,1,0,0.0,0,0.0,1,470,cvc-clinicdb,segformer,polypseg/runs_repeat/segformer_seed42_fold0rep1/best.pth,False
0.8987752941437915,0.8161597622757553,0.9317070737257721,0.8680920288130695,0.42086791970223447,0.42086791970223447,2,64.86675305750488,13.513906886980184,1,1,1,1.0,1,1.0,0,471,cvc-clinicdb,segformer,polypseg/runs_repeat/segformer_seed42_fold0rep1/best.pth,False
0.8361045130621859,0.7183673469359009,0.8993987975906843,0.7811330606527668,0.32514034743709946,0.32514034743709946,2,61.60316440817629,12.833992585036727,1,1,1,1.0,1,1.0,0,472,cvc-clinicdb,segformer,polypseg/runs_repeat/segformer_seed42_fold0rep1/best.pth,False
0.9180044881727429,0.8484365028672174,0.8890498746119306,0.9489085826387383,0.5448146696853389,0.5448146696853389,2,24.220723942881406,5.045984154766959,1,1,1,1.0,1,1.0,0,473,cvc-clinicdb,segformer,polypseg/runs_repeat/segformer_seed42_fold0rep1/best.pth,False
0.9146089472029274,0.8426538479803786,0.8911314676822472,0.9393569609457801,0.4602956350199999,0.4602956350199999,2,30.68111775105066,6.391899531468888,1,1,1,1.0,1,1.0,0,474,cvc-clinicdb,segformer,polypseg/runs_repeat/segformer_seed42_fold0rep1/best.pth,False
0.8882557207708836,0.7989748518308546,0.9432231834683343,0.8393420554421802,0.2659709352539871,0.2659709352539871,2,48.07492510905496,10.015609397719782,1,1,1,1.0,1,1.0,0,475,cvc-clinicdb,segformer,polypseg/runs_repeat/segformer_seed42_fold0rep1/best.pth,False
0.8783325744906199,0.7830597149522683,0.8781548732948351,0.8785103476148433,0.2996531693171746,0.2996531693171746,2,90.83280535541249,18.923501115710938,1,1,1,1.0,1,1.0,0,476,cvc-clinicdb,segformer,polypseg/runs_repeat/segformer_seed42_fold0rep1/best.pth,False
0.868989988592399,0.7683309429868755,0.8677363838789849,0.8702472206666823,0.3725049531990001,0.3725049531990001,2,89.60428884432336,18.6675601759007,1,1,1,1.0,1,1.0,0,477,cvc-clinicdb,segformer,polypseg/runs_repeat/segformer_seed42_fold0rep1/best.pth,False
0.8816124280146386,0.7882888276821607,0.8932965442333395,0.8702300167406793,0.3524836890517793,0.3524836890517793,2,88.93253312607779,18.52761106793287,1,1,1,1.0,1,1.0,0,478,cvc-clinicdb,segformer,polypseg/runs_repeat/segformer_seed42_fold0rep1/best.pth,False
0.9658525617577756,0.9339602130615612,0.9407610183359388,0.9923192423135117,0.6711084374656808,0.6711084374656808,2,8.401606831187427,1.7503347564973808,1,1,1,1.0,1,1.0,0,479,cvc-clinicdb,segformer,polypseg/runs_repeat/segformer_seed42_fold0rep1/best.pth,False
0.9489023104117639,0.9027727106730614,0.9190343546718842,0.9807768529333972,0.7075106359357434,0.7075106359357434,2,6.708203932499369,1.3975424859373686,1,1,1,1.0,1,1.0,0,48,cvc-clinicdb,segformer,polypseg/runs_repeat/segformer_seed42_fold0rep1/best.pth,False
0.9128154321320799,0.8396140444875925,0.8418252176671943,0.9968813645557734,0.4925082541241687,0.4925082541241687,2,30.29411303980075,6.311273549958489,1,1,1,1.0,1,1.0,0,480,cvc-clinicdb,segformer,polypseg/runs_repeat/segformer_seed42_fold0rep1/best.pth,False
0.9351938565245201,0.8782761653422557,0.8801339679130376,0.9976023975957535,0.3726820473795112,0.3726820473795112,2,17.766201831266933,3.701292048180611,1,1,1,1.0,1,1.0,0,481,cvc-clinicdb,segformer,polypseg/runs_repeat/segformer_seed42_fold0rep1/best.pth,False
0.9375304378604119,0.8824068672352595,0.899536978034495,0.978874867096663,0.4699151936100292,0.4699151936100292,2,19.709072765671152,4.10605682618149,1,1,1,1.0,1,1.0,0,482,cvc-clinicdb,segformer,polypseg/runs_repeat/segformer_seed42_fold0rep1/best.pth,False
0.9483724383034927,0.9018139813429373,0.9397262716733996,0.9571791844475652,0.5537156275500262,0.5537156275500262,2,16.0,3.3333333333333335,1,1,1,1.0,1,1.0,0,483,cvc-clinicdb,segformer,polypseg/runs_repeat/segformer_seed42_fold0rep1/best.pth,False
0.9400372825162074,0.8868588177777876,0.9012112787882187,0.9823593073539916,0.4723602570330632,0.4723602570330632,2,19.0,3.9583333333333335,1,1,1,1.0,1,1.0,0,484,cvc-clinicdb,segformer,polypseg/runs_repeat/segformer_seed42_fold0rep1/best.pth,False
0.8753541076453741,0.7783375314808473,0.9880736323482147,0.7857191945516753,0.5067138661907507,0.5067138661907507,2,33.008331421141094,6.8767357127377275,1,1,1,1.0,1,1.0,0,485,cvc-clinicdb,segformer,polypseg/runs_repeat/segformer_seed42_fold0rep1/best.pth,False
0.9399578329733251,0.8867173988086006,0.9859615384425777,0.8980557015081791,0.5926228506055171,0.5926228506055171,2,7.0710678118654755,1.473139127471974,1,1,1,1.0,1,1.0,0,486,cvc-clinicdb,segformer,polypseg/runs_repeat/segformer_seed42_fold0rep1/best.pth,False
0.9695872875702071,0.9409698423497175,0.9860836774915955,0.9536337587830717,0.7574018701146681,0.7574018701146681,2,5.385164807134504,1.1219093348196882,1,1,1,1.0,1,1.0,0,487,cvc-clinicdb,segformer,polypseg/runs_repeat/segformer_seed42_fold0rep1/best.pth,False
0.9696560455751438,0.9410993692066756,0.9801211500641572,0.9594120594541555,0.7406468859872771,0.7406468859872771,2,4.0,0.8333333333333334,1,1,1,1.0,1,1.0,0,488,cvc-clinicdb,segformer,polypseg/runs_repeat/segformer_seed42_fold0rep1/best.pth,False
0.952209170590674,0.9087779200429399,0.9120477455069761,0.9960704818306687,0.6911262125201018,0.6911262125201018,2,27.18822677624743,5.664213911718215,1,1,1,1.0,1,1.0,0,489,cvc-clinicdb,segformer,polypseg/runs_repeat/segformer_seed42_fold0rep1/best.pth,False
0.9657183734057904,0.9337092998410969,0.9444623829410778,0.9879531636907458,0.7337086194381262,0.7337086194381262,2,3.1622776601683795,0.6588078458684125,1,1,1,1.0,1,1.0,0,49,cvc-clinicdb,segformer,polypseg/runs_repeat/segformer_seed42_fold0rep1/best.pth,False
0.9652622820610366,0.9328569601035602,0.9889375387457592,0.942694097656529,0.45631344461138723,0.45631344461138723,2,13.0,2.7083333333333335,1,1,1,1.0,1,1.0,0,490,cvc-clinicdb,segformer,polypseg/runs_repeat/segformer_seed42_fold0rep1/best.pth,False
0.9028378412935263,0.8228845974399529,0.9615720047914446,0.8508657695420302,0.445421195438023,0.445421195438023,2,43.51618094936406,9.065871031117513,1,1,1,1.0,1,1.0,0,491,cvc-clinicdb,segformer,polypseg/runs_repeat/segformer_seed42_fold0rep1/best.pth,False
0.9599330069549087,0.9229530533840251,0.9349981177022002,0.9862342819281437,0.5154111126814984,0.5154111126814984,2,11.045361017187261,2.3011168785806793,1,1,1,1.0,1,1.0,0,492,cvc-clinicdb,segformer,polypseg/runs_repeat/segformer_seed42_fold0rep1/best.pth,False
0.9671449707593359,0.9363801728015626,0.9496379652218344,0.9853095989999746,0.6497671724619777,0.6497671724619777,2,7.242155853186617,1.5087824694138783,1,1,1,1.0,1,1.0,0,493,cvc-clinicdb,segformer,polypseg/runs_repeat/segformer_seed42_fold0rep1/best.pth,False
0.9743847312880898,0.9500489715913045,0.977713069767176,0.971078976635311,0.6489084163172012,0.6489084163172012,2,4.0,0.8333333333333334,1,1,1,1.0,1,1.0,0,494,cvc-clinicdb,segformer,polypseg/runs_repeat/segformer_seed42_fold0rep1/best.pth,False
0.9667051023326446,0.9355558655278022,0.9571856714668322,0.9764157810405376,0.7148244547742983,0.7148244547742983,2,12.012456896039184,2.50259518667483,1,1,1,1.0,1,1.0,0,495,cvc-clinicdb,segformer,polypseg/runs_repeat/segformer_seed42_fold0rep1/best.pth,False
0.9466687198415289,0.8987378782666597,0.9183388935870221,0.9768020761560468,0.5596344765829505,0.5596344765829505,2,24.072799508274098,5.015166564223771,1,1,1,1.0,1,1.0,0,496,cvc-clinicdb,segformer,polypseg/runs_repeat/segformer_seed42_fold0rep1/best.pth,False
0.9523482273234352,0.9090312756216258,0.9251347098351888,0.9812112782880738,0.5735036634120468,0.5735036634120468,2,25.993252501555908,5.415260937824147,1,1,1,1.0,1,1.0,0,497,cvc-clinicdb,segformer,polypseg/runs_repeat/segformer_seed42_fold0rep1/best.pth,False
0.9702483402982713,0.9422158548200906,0.9778391390506307,0.9627744858802273,0.6555972601274042,0.6555972601274042,2,10.294946019875557,2.1447804208074075,1,1,1,1.0,1,1.0,0,498,cvc-clinicdb,segformer,polypseg/runs_repeat/segformer_seed42_fold0rep1/best.pth,False
0.9766914919284276,0.954444807430562,0.9685071273307727,0.9850153592530718,0.7430672479371857,0.7430672479371857,2,8.94427190999916,1.8633899812498247,1,1,1,1.0,1,1.0,0,499,cvc-clinicdb,segformer,polypseg/runs_repeat/segformer_seed42_fold0rep1/best.pth,False
0.6132360527650776,0.44220651538267414,0.9885945110967257,0.4444741199698495,0.3976147318323963,0.3976147318323963,2,69.99963520742571,14.583257334880356,1,1,1,1.0,0,0.0,0,5,cvc-clinicdb,segformer,polypseg/runs_repeat/segformer_seed42_fold0rep1/best.pth,False
0.9283630469865743,0.8663036902339292,0.8877867327685125,0.9728260869234774,0.6018677307861162,0.6018677307861162,2,5.0,1.0416666666666667,1,1,1,1.0,1,1.0,0,50,cvc-clinicdb,segformer,polypseg/runs_repeat/segformer_seed42_fold0rep1/best.pth,False
0.9316658649962107,0.8720734782034333,0.8829929491801423,0.9860177832010723,0.4826714550284347,0.4826714550284347,2,16.1245154965971,3.359274061791062,1,1,1,1.0,1,1.0,0,500,cvc-clinicdb,segformer,polypseg/runs_repeat/segformer_seed42_fold0rep1/best.pth,False
0.9669435790903226,0.9360026805107723,0.9446009918792572,0.9903687071555757,0.5993047856616524,0.5993047856616524,2,5.994628807889692,1.2488810016436858,1,1,1,1.0,1,1.0,0,501,cvc-clinicdb,segformer,polypseg/runs_repeat/segformer_seed42_fold0rep1/best.pth,False
0.9570446311926534,0.9176275992395196,0.9257652331413857,0.9905116563740728,0.6722971358420308,0.6722971358420308,2,21.047073611564908,4.384807002409356,1,1,1,1.0,1,1.0,0,502,cvc-clinicdb,segformer,polypseg/runs_repeat/segformer_seed42_fold0rep1/best.pth,False
0.9728497052601591,0.9471347184946919,0.9610235049051684,0.9849705946373993,0.7383774993855802,0.7383774993855802,2,9.649744150086049,2.01036336460126,1,1,1,1.0,1,1.0,0,503,cvc-clinicdb,segformer,polypseg/runs_repeat/segformer_seed42_fold0rep1/best.pth,False
0.9586006415348907,0.9204928289448407,0.9696816061552455,0.9477700693662262,0.5913556608034928,0.5913556608034928,2,5.0,1.0416666666666667,1,1,1,1.0,1,1.0,0,504,cvc-clinicdb,segformer,polypseg/runs_repeat/segformer_seed42_fold0rep1/best.pth,False
0.9530299020873477,0.9102742322702497,0.9593766648843941,0.9467665615079733,0.46766766229814466,0.46766766229814466,2,8.54400374531753,1.7800007802744855,1,1,1,1.0,1,1.0,0,505,cvc-clinicdb,segformer,polypseg/runs_repeat/segformer_seed42_fold0rep1/best.pth,False
0.9717525656279733,0.9450571264701905,0.9852149919499075,0.9586530931850125,0.5832182891133709,0.5832182891133709,2,11.668323207844955,2.4309006683010326,1,1,1,1.0,1,1.0,0,506,cvc-clinicdb,segformer,polypseg/runs_repeat/segformer_seed42_fold0rep1/best.pth,False
0.9638601771209464,0.9302414170731625,0.9772397578886067,0.9508420130415876,0.4151962060034119,0.4151962060034119,2,10.0,2.0833333333333335,1,1,1,1.0,1,1.0,0,507,cvc-clinicdb,segformer,polypseg/runs_repeat/segformer_seed42_fold0rep1/best.pth,False
0.9477574431571778,0.9007024445018224,0.9217851391711422,0.9752357772985991,0.3692724661345274,0.3692724661345274,2,8.520514796885948,1.7751072493512392,1,1,1,1.0,1,1.0,0,508,cvc-clinicdb,segformer,polypseg/runs_repeat/segformer_seed42_fold0rep1/best.pth,False
0.937799821119856,0.8828842620875468,0.9532231404879898,0.9228676588180279,0.37547980766170885,0.37547980766170885,2,11.0,2.2916666666666665,1,2,1,1.0,1,1.0,1,509,cvc-clinicdb,segformer,polypseg/runs_repeat/segformer_seed42_fold0rep1/best.pth,False
0.732288828312933,0.5776464266212978,0.579514824766603,0.9944495836267854,0.1687994030883624,0.1687994030883624,2,9.863972021616492,2.0549941711701027,1,1,1,1.0,1,1.0,0,51,cvc-clinicdb,segformer,polypseg/runs_repeat/segformer_seed42_fold0rep1/best.pth,False
0.9483471993551259,0.9017683391073544,0.9747576367205527,0.9233301567969909,0.49589536784459565,0.49589536784459565,2,8.0,1.6666666666666667,1,1,1,1.0,1,1.0,0,510,cvc-clinicdb,segformer,polypseg/runs_repeat/segformer_seed42_fold0rep1/best.pth,False
0.926473868107007,0.8630193905697643,0.9633580704860335,0.8923098954476255,0.5121135329681544,0.5121135329681544,2,10.770329614269007,2.2438186696393765,1,1,1,1.0,1,1.0,0,511,cvc-clinicdb,segformer,polypseg/runs_repeat/segformer_seed42_fold0rep1/best.pth,False
0.9255545906613597,0.8614254224708093,0.9679656538809781,0.8867039782047088,0.6274328933541393,0.6274328933541393,2,10.251714139776352,2.1357737791200733,1,1,1,1.0,1,1.0,0,512,cvc-clinicdb,segformer,polypseg/runs_repeat/segformer_seed42_fold0rep1/best.pth,False
0.9068650036141191,0.8296001926682369,0.9299406047390667,0.8849068721787424,0.39903841155695896,0.39903841155695896,2,11.40175425099138,2.3753654689565376,1,1,1,1.0,1,1.0,0,513,cvc-clinicdb,segformer,polypseg/runs_repeat/segformer_seed42_fold0rep1/best.pth,False
0.9527468305755246,0.9097578870055965,0.9517413412553799,0.9537544466786486,0.6544995768944294,0.6544995768944294,2,6.4031242374328485,1.3339842161318434,1,1,1,1.0,1,1.0,0,514,cvc-clinicdb,segformer,polypseg/runs_repeat/segformer_seed42_fold0rep1/best.pth,False
0.8929143956348566,0.806545033296587,0.8207269155125665,0.9790250761544524,0.5510419847115712,0.5510419847115712,2,22.262480703879156,4.638016813308157,1,1,1,1.0,1,1.0,0,515,cvc-clinicdb,segformer,polypseg/runs_repeat/segformer_seed42_fold0rep1/best.pth,False
0.9740518962038459,0.949416342405347,0.993267574753458,0.9555655972213016,0.783100966612035,0.783100966612035,2,5.0,1.0416666666666667,1,1,1,1.0,1,1.0,0,516,cvc-clinicdb,segformer,polypseg/runs_repeat/segformer_seed42_fold0rep1/best.pth,False
0.9600484995394964,0.923166608360462,0.9759645014054485,0.9446432832146904,0.72574380511532,0.72574380511532,2,7.0,1.4583333333333333,1,1,1,1.0,1,1.0,0,517,cvc-clinicdb,segformer,polypseg/runs_repeat/segformer_seed42_fold0rep1/best.pth,False
0.9455207574585176,0.8966708108730947,0.956528146169223,0.9347638248713311,0.5136896501325078,0.5136896501325078,2,5.0,1.0416666666666667,1,1,1,1.0,1,1.0,0,518,cvc-clinicdb,segformer,polypseg/runs_repeat/segformer_seed42_fold0rep1/best.pth,False
0.974486903274253,0.950243255191562,0.9643177737827405,0.9848727939434743,0.6618447714352464,0.6618447714352464,2,5.0,1.0416666666666667,1,1,1,1.0,1,1.0,0,519,cvc-clinicdb,segformer,polypseg/runs_repeat/segformer_seed42_fold0rep1/best.pth,False
0.5155248890952311,0.34727755642937325,0.3477393616905672,0.9961904760956009,0.18541705058588837,0.18541705058588837,2,69.94427787232448,14.571724556734265,1,1,1,1.0,0,0.0,0,52,cvc-clinicdb,segformer,polypseg/runs_repeat/segformer_seed42_fold0rep1/best.pth,False
0.9774839252016961,0.955959470265061,0.9695754079105311,0.9855225179778003,0.6933524208149934,0.6933524208149934,2,4.123105625617661,0.858980338670346,1,1,1,1.0,1,1.0,0,520,cvc-clinicdb,segformer,polypseg/runs_repeat/segformer_seed42_fold0rep1/best.pth,False
0.9556610443341296,0.9150870406101055,0.9803149606197645,0.9322167487592884,0.6762620512015652,0.6762620512015652,2,7.0,1.4583333333333333,1,1,1,1.0,1,1.0,0,521,cvc-clinicdb,segformer,polypseg/runs_repeat/segformer_seed42_fold0rep1/best.pth,False
0.9219897083984768,0.8552698574229217,0.946604677360572,0.8986224421439264,0.53061219490317,0.53061219490317,2,12.0,2.5,1,1,1,1.0,1,1.0,0,522,cvc-clinicdb,segformer,polypseg/runs_repeat/segformer_seed42_fold0rep1/best.pth,False
0.924917928614583,0.8603230890295445,0.9530772588181345,0.8983748199774044,0.5630720879921858,0.5630720879921858,2,7.810249675906654,1.6271353491472196,1,1,1,1.0,1,1.0,0,523,cvc-clinicdb,segformer,polypseg/runs_repeat/segformer_seed42_fold0rep1/best.pth,False
0.9715159235644037,0.9446095917511662,0.9784460638356849,0.9646832624925891,0.6222739870181232,0.6222739870181232,2,5.0,1.0416666666666667,1,1,1,1.0,1,1.0,0,524,cvc-clinicdb,segformer,polypseg/runs_repeat/segformer_seed42_fold0rep1/best.pth,False
0.9688884827951533,0.9396544084985409,0.9677831523138835,0.9699963410083241,0.6832827782828346,0.6832827782828346,2,4.0,0.8333333333333334,1,1,1,1.0,1,1.0,0,525,cvc-clinicdb,segformer,polypseg/runs_repeat/segformer_seed42_fold0rep1/best.pth,False
0.9338927180045915,0.8759838092997977,0.9597191426341498,0.9094198669206324,0.46524433746293975,0.46524433746293975,2,9.219544457292887,1.920738428602685,1,1,1,1.0,1,1.0,0,526,cvc-clinicdb,segformer,polypseg/runs_repeat/segformer_seed42_fold0rep1/best.pth,False
0.9703193636413966,0.9423498212735806,0.9772808800552758,0.9634563244021753,0.7994934472050436,0.7994934472050436,2,4.47213595499958,0.9316949906249123,1,1,1,1.0,1,1.0,0,527,cvc-clinicdb,segformer,polypseg/runs_repeat/segformer_seed42_fold0rep1/best.pth,False
0.9701324316663372,0.9419972640132969,0.967950520092138,0.9723242021936145,0.7749468714439655,0.7749468714439655,2,3.0892527130926015,0.6435943152276253,1,1,1,1.0,1,1.0,0,528,cvc-clinicdb,segformer,polypseg/runs_repeat/segformer_seed42_fold0rep1/best.pth,False
0.700435729837957,0.5389773679685881,0.5433037600223214,0.9854406129890636,0.1768822657132867,0.1768822657132867,2,94.08398272223918,19.60082973379983,1,2,1,1.0,1,1.0,1,529,cvc-clinicdb,segformer,polypseg/runs_repeat/segformer_seed42_fold0rep1/best.pth,False
0.8887634104523566,0.7997967478861996,0.8266806721820714,0.9609279608106316,0.811632839644982,0.811632839644982,2,5.452032870291125,1.1358401813106511,1,1,1,1.0,1,1.0,0,53,cvc-clinicdb,segformer,polypseg/runs_repeat/segformer_seed42_fold0rep1/best.pth,False
0.4880493446367767,0.3227944926016982,0.3228356496197522,0.9996052111725383,0.30887938714272944,0.30887938714272944,2,90.41413563134859,18.836278256530953,1,2,1,1.0,0,0.0,1,530,cvc-clinicdb,segformer,polypseg/runs_repeat/segformer_seed42_fold0rep1/best.pth,False
0.8528086512338119,0.7433883215306786,0.7586851950625686,0.9735939643013172,0.24008893523902722,0.24008893523902722,2,10.0,2.0833333333333335,1,1,1,1.0,1,1.0,0,531,cvc-clinicdb,segformer,polypseg/runs_repeat/segformer_seed42_fold0rep1/best.pth,False
0.7229188078034643,0.5660711411465303,0.5669837175468808,0.9971647292033693,0.20518597684149634,0.20518597684149634,2,147.87558163583194,30.807412840798317,1,2,1,1.0,1,1.0,1,532,cvc-clinicdb,segformer,polypseg/runs_repeat/segformer_seed42_fold0rep1/best.pth,False
0.5852846931193906,0.41371199581484697,0.41371199581484697,0.999999999978943,0.07589875740781402,0.07589875740781402,2,169.69693150796735,35.353527397493195,1,3,1,1.0,0,0.0,2,533,cvc-clinicdb,segformer,polypseg/runs_repeat/segformer_seed42_fold0rep1/best.pth,False
0.769762473289118,0.6257023189230186,0.6257023189230186,0.9999999999836735,0.10747658643224357,0.10747658643224357,2,33.0,6.875,1,1,1,1.0,1,1.0,0,534,cvc-clinicdb,segformer,polypseg/runs_repeat/segformer_seed42_fold0rep1/best.pth,False
0.7817295540664275,0.6416716063955574,0.6416716063955574,0.9999999999846035,0.1195609245452084,0.1195609245452084,2,37.12748028137861,7.734891725287211,1,1,1,1.0,1,1.0,0,535,cvc-clinicdb,segformer,polypseg/runs_repeat/segformer_seed42_fold0rep1/best.pth,False
0.6779941980896453,0.5128526645722091,0.5694679263991101,0.8376243417080511,0.3466983484010852,0.3466983484010852,2,164.2513241322964,34.21902586089508,1,2,1,1.0,1,1.0,1,536,cvc-clinicdb,segformer,polypseg/runs_repeat/segformer_seed42_fold0rep1/best.pth,False
0.9452606377087249,0.8962030540467147,0.9021603655815921,0.9926857142630243,0.7187306119318654,0.7187306119318654,2,123.37011551078524,25.70210739808026,1,2,1,1.0,1,1.0,1,537,cvc-clinicdb,segformer,polypseg/runs_repeat/segformer_seed42_fold0rep1/best.pth,False
0.8678077555278231,0.7664844550603607,0.7738875474168009,0.9876733435838064,0.3081309059859112,0.3081309059859112,2,140.2904026325083,29.227167215105894,1,2,1,1.0,1,1.0,1,538,cvc-clinicdb,segformer,polypseg/runs_repeat/segformer_seed42_fold0rep1/best.pth,False
0.9114398052742217,0.8372893016759856,0.8469032706930305,0.9866234292529844,0.5212077752254995,0.5212077752254995,2,12.36931687685298,2.576941016011038,1,1,1,1.0,1,1.0,0,539,cvc-clinicdb,segformer,polypseg/runs_repeat/segformer_seed42_fold0rep1/best.pth,False
0.7308970099060716,0.5759162302911105,0.5789473683448754,0.9909909907677947,0.5789319610413545,0.5789319610413545,2,10.280848633937648,2.1418434654036766,1,1,1,1.0,1,1.0,0,54,cvc-clinicdb,segformer,polypseg/runs_repeat/segformer_seed42_fold0rep1/best.pth,False
0.96014242633085,0.9233403214470766,0.9533189033120251,0.9670643343265236,0.6288146773088443,0.6288146773088443,2,6.3629201815530285,1.325608371156881,1,1,1,1.0,1,1.0,0,540,cvc-clinicdb,segformer,polypseg/runs_repeat/segformer_seed42_fold0rep1/best.pth,False
0.8844654557445096,0.7928624535198088,0.8087365387409565,0.97584187406706,0.3157554682193908,0.3157554682193908,2,99.12105778625636,20.65022037213674,1,2,1,1.0,1,1.0,1,541,cvc-clinicdb,segformer,polypseg/runs_repeat/segformer_seed42_fold0rep1/best.pth,False
0.8459140804929807,0.7329732268584667,0.7430067848977144,0.9819097058206401,0.3877718035369496,0.3877718035369496,2,148.1574941703354,30.866144618819877,1,3,1,1.0,1,1.0,2,542,cvc-clinicdb,segformer,polypseg/runs_repeat/segformer_seed42_fold0rep1/best.pth,False
0.7447807088495517,0.5933470861230444,0.5933470861230444,0.999999999989135,0.19092622679451385,0.19092622679451385,2,55.37364413481681,11.536175861420167,1,1,1,1.0,1,1.0,0,543,cvc-clinicdb,segformer,polypseg/runs_repeat/segformer_seed42_fold0rep1/best.pth,False
0.9541599423103589,0.91233830191797,0.922760177984175,0.9877719323120447,0.5508586245372753,0.5508586245372753,2,9.848857801796104,2.0518453753741883,1,1,1,1.0,1,1.0,0,544,cvc-clinicdb,segformer,polypseg/runs_repeat/segformer_seed42_fold0rep1/best.pth,False
0.9465008013359802,0.8984352361504139,0.9085714285581162,0.9877349474197558,0.6116274639541928,0.6116274639541928,2,6.0,1.25,1,1,1,1.0,1,1.0,0,545,cvc-clinicdb,segformer,polypseg/runs_repeat/segformer_seed42_fold0rep1/best.pth,False
0.9370629370555742,0.8815789473553877,0.8884088200106018,0.991354945951931,0.5708802117979886,0.5708802117979886,2,7.238301473797512,1.5079794737078152,1,1,1,1.0,1,1.0,0,546,cvc-clinicdb,segformer,polypseg/runs_repeat/segformer_seed42_fold0rep1/best.pth,False
0.7427757105475198,0.5908060453326095,0.6001791197466713,0.9742471443203687,0.48251500134336683,0.48251500134336683,2,45.011500476088166,9.377395932518368,2,2,2,1.0,2,1.0,0,547,cvc-clinicdb,segformer,polypseg/runs_repeat/segformer_seed42_fold0rep1/best.pth,False
0.8136670639596499,0.6858673811041988,0.7117701575450444,0.9496136012217988,0.4719040875326735,0.4719040875326735,2,53.01126010301753,11.044012521461985,2,3,2,1.0,2,1.0,1,548,cvc-clinicdb,segformer,polypseg/runs_repeat/segformer_seed42_fold0rep1/best.pth,False
0.2953175112213558,0.17323901264037872,0.19851672990344055,0.5763645467913688,0.208377711539066,0.208377711539066,2,55.02953625692611,11.464486720192939,2,1,0,0.0,0,0.0,1,549,cvc-clinicdb,segformer,polypseg/runs_repeat/segformer_seed42_fold0rep1/best.pth,False
0.8210689387435267,0.6964520367021745,0.8466453672768938,0.7969924810831591,0.5544290908050371,0.5544290908050371,2,6.082762530298219,1.2672421938121292,1,1,1,1.0,1,1.0,0,55,cvc-clinicdb,segformer,polypseg/runs_repeat/segformer_seed42_fold0rep1/best.pth,False
0.7924678424559576,0.656270590812033,0.6674112128583045,0.9751958224383943,0.4113929596919465,0.4113929596919465,2,69.61092927288317,14.50227693185066,2,3,2,1.0,2,1.0,1,550,cvc-clinicdb,segformer,polypseg/runs_repeat/segformer_seed42_fold0rep1/best.pth,False
0.9053296486308303,0.8270340449967248,0.8844492440468305,0.9272197962004332,0.5717543638880065,0.5717543638880065,2,7.615773105863909,1.5866193970549811,2,2,2,1.0,2,1.0,0,551,cvc-clinicdb,segformer,polypseg/runs_repeat/segformer_seed42_fold0rep1/best.pth,False
0.7006333408691436,0.5392114196140725,0.5407174653003342,0.9948610887908325,0.3905958266774894,0.3905958266774894,2,43.71938709950114,9.108205645729404,2,2,2,1.0,2,1.0,0,552,cvc-clinicdb,segformer,polypseg/runs_repeat/segformer_seed42_fold0rep1/best.pth,False
0.7688224886928994,0.6244611208636079,0.6279704560000965,0.991130258477051,0.3362937530455234,0.3362937530455234,2,38.044707268204,7.925980680875834,2,2,2,1.0,2,1.0,0,553,cvc-clinicdb,segformer,polypseg/runs_repeat/segformer_seed42_fold0rep1/best.pth,False
0.7530343462135102,0.6038934143269095,0.6078376876000011,0.9893689210473945,0.2737429690728369,0.2737429690728369,2,45.0,9.375,2,2,2,1.0,2,1.0,0,554,cvc-clinicdb,segformer,polypseg/runs_repeat/segformer_seed42_fold0rep1/best.pth,False
0.7780936705014357,0.6367866764555867,0.8658008657864502,0.7065217391208353,0.26763771396605845,0.26763771396605845,2,22.0,4.583333333333333,2,2,2,1.0,2,1.0,0,555,cvc-clinicdb,segformer,polypseg/runs_repeat/segformer_seed42_fold0rep1/best.pth,False
0.8562107298159968,0.7485738432204883,0.7553565717859998,0.9881467019803634,0.4442445546587966,0.4442445546587966,2,16.0,3.3333333333333335,2,2,2,1.0,2,1.0,0,556,cvc-clinicdb,segformer,polypseg/runs_repeat/segformer_seed42_fold0rep1/best.pth,False
0.7135311871182499,0.5546432062506877,0.5620604259478745,0.9767601996733214,0.38330813987112644,0.38330813987112644,2,50.66254998763874,10.554697914091404,2,2,2,1.0,1,0.5,0,557,cvc-clinicdb,segformer,polypseg/runs_repeat/segformer_seed42_fold0rep1/best.pth,False
0.7451402434872862,0.5938036020519531,0.6046943231375033,0.9705624671286042,0.42117224234389267,0.42117224234389267,2,45.78727178266861,9.539014954722628,2,2,2,1.0,2,1.0,0,558,cvc-clinicdb,segformer,polypseg/runs_repeat/segformer_seed42_fold0rep1/best.pth,False
0.0,0.0,0.0,0.0,0.0,0.0,2,,,1,0,0,0.0,0,0.0,0,559,cvc-clinicdb,segformer,polypseg/runs_repeat/segformer_seed42_fold0rep1/best.pth,False
0.9107567017151212,0.8361370716250425,0.8748370273508854,0.9497523000371638,0.5598021545947802,0.5598021545947802,2,6.4396499039855355,1.3415937299969867,1,1,1,1.0,1,1.0,0,56,cvc-clinicdb,segformer,polypseg/runs_repeat/segformer_seed42_fold0rep1/best.pth,False
0.5206802721053014,0.35197277659935644,0.35599999999668835,0.9688607594691429,0.24890990170141372,0.24890990170141372,2,40.78475847443508,8.496824682173974,2,1,1,0.5,0,0.0,0,560,cvc-clinicdb,segformer,polypseg/runs_repeat/segformer_seed42_fold0rep1/best.pth,False
0.6135375923478187,0.4425201786659155,0.4453470031510619,0.9858589385302748,0.3888941366864192,0.3888941366864192,2,46.44615271940884,9.67628181654351,2,1,1,0.5,0,0.0,0,561,cvc-clinicdb,segformer,polypseg/runs_repeat/segformer_seed42_fold0rep1/best.pth,False
0.5982602674488325,0.42679839456358876,0.4318650421716222,0.9732469726700472,0.3145822269644088,0.3145822269644088,2,50.695167422546305,10.561493213030479,2,1,1,0.5,0,0.0,0,562,cvc-clinicdb,segformer,polypseg/runs_repeat/segformer_seed42_fold0rep1/best.pth,False
0.9268187129401184,0.8636180337054309,0.9954448266152696,0.8670445344059348,0.37600659773606593,0.37600659773606593,2,10.108921464952054,2.1060253051983446,1,1,1,1.0,1,1.0,0,563,cvc-clinicdb,segformer,polypseg/runs_repeat/segformer_seed42_fold0rep1/best.pth,False
0.853551090573928,0.7445173383271195,0.8195886924766518,0.8904498580115793,0.41690972578380614,0.41690972578380614,2,43.56604182158393,9.076258712829986,1,1,1,1.0,1,1.0,0,564,cvc-clinicdb,segformer,polypseg/runs_repeat/segformer_seed42_fold0rep1/best.pth,False
0.6905923085488604,0.5274081655832628,0.5305760539984522,0.988805970138712,0.25972468060935877,0.25972468060935877,2,46.06351948620188,9.596566559625392,2,3,2,1.0,1,0.5,1,565,cvc-clinicdb,segformer,polypseg/runs_repeat/segformer_seed42_fold0rep1/best.pth,False
0.2768031189071272,0.16063348416205075,0.16425458653809513,0.8793202764723699,0.23646067590633518,0.23646067590633518,2,123.95220773616786,25.823376611701637,2,2,1,0.5,1,0.5,1,566,cvc-clinicdb,segformer,polypseg/runs_repeat/segformer_seed42_fold0rep1/best.pth,False
0.5977909940475973,0.4263208918998264,0.4319744597196467,0.9702151130454988,0.3214096533353302,0.3214096533353302,2,38.45249615102095,8.010936698129365,2,1,1,0.5,0,0.0,0,567,cvc-clinicdb,segformer,polypseg/runs_repeat/segformer_seed42_fold0rep1/best.pth,False
0.44250229988764944,0.28411104546461247,0.5873015872298777,0.35498154978930024,0.29646231456805755,0.29646231456805755,2,81.97492534566133,17.07810944701278,2,1,1,0.5,1,0.5,0,568,cvc-clinicdb,segformer,polypseg/runs_repeat/segformer_seed42_fold0rep1/best.pth,False
0.419116785751211,0.2651155898004577,0.2983655770463915,0.7040535222076327,0.1718290299670481,0.1718290299670481,2,157.2310320416836,32.75646500868408,2,2,1,0.5,0,0.0,1,569,cvc-clinicdb,segformer,polypseg/runs_repeat/segformer_seed42_fold0rep1/best.pth,False
0.8649029982058236,0.7619639527183366,0.8278190411324903,0.9054652879685771,0.5416132663301471,0.5416132663301471,2,8.0,1.6666666666666667,1,1,1,1.0,1,1.0,0,57,cvc-clinicdb,segformer,polypseg/runs_repeat/segformer_seed42_fold0rep1/best.pth,False
0.7416346681091159,0.5893635570798011,0.8228849664745657,0.6749875186882183,0.41317893662710725,0.41317893662710725,2,71.18847271446069,14.830931815512644,2,1,1,0.5,1,0.5,0,570,cvc-clinicdb,segformer,polypseg/runs_repeat/segformer_seed42_fold0rep1/best.pth,False
0.6383380547636265,0.468793342574332,0.47327887980777966,0.9801836635819192,0.3921543364469001,0.3921543364469001,2,36.37077335307924,7.577244448558174,2,1,1,0.5,0,0.0,0,571,cvc-clinicdb,segformer,polypseg/runs_repeat/segformer_seed42_fold0rep1/best.pth,False
0.948309908224552,0.9017009056571306,0.9781931463940046,0.9201983768953969,0.7165414318162242,0.7165414318162242,2,4.242640687119285,0.8838834764831843,1,1,1,1.0,1,1.0,0,572,cvc-clinicdb,segformer,polypseg/runs_repeat/segformer_seed42_fold0rep1/best.pth,False
0.4114992478655231,0.2590488215460958,0.2591033466611334,0.9991883116477602,0.2595194548233135,0.2595194548233135,2,81.87180471510244,17.056625982313008,1,1,1,1.0,0,0.0,0,573,cvc-clinicdb,segformer,polypseg/runs_repeat/segformer_seed42_fold0rep1/best.pth,False
0.46397005302626626,0.3020579474640935,0.303289831426002,0.9867315346755096,0.3199999563843615,0.3199999563843615,2,95.3393784766145,19.862370515961352,1,1,1,1.0,0,0.0,0,574,cvc-clinicdb,segformer,polypseg/runs_repeat/segformer_seed42_fold0rep1/best.pth,False
0.7816757082485633,0.6415990500565684,0.8689359420833842,0.710341805418266,0.37918922605413263,0.37918922605413263,2,37.707558604527215,7.85574137594317,1,1,1,1.0,1,1.0,0,575,cvc-clinicdb,segformer,polypseg/runs_repeat/segformer_seed42_fold0rep1/best.pth,False
0.0,0.0,0.0,0.0,0.0,0.0,2,209.77009002639906,43.702102088833136,1,1,0,0.0,0,0.0,1,576,cvc-clinicdb,segformer,polypseg/runs_repeat/segformer_seed42_fold0rep1/best.pth,False
0.1305131988829232,0.06981231362796331,0.7580952379508391,0.07140294223050946,0.08677309654362496,0.08677309654362496,2,187.27277681991657,39.01516183748262,1,1,0,0.0,0,0.0,1,577,cvc-clinicdb,segformer,polypseg/runs_repeat/segformer_seed42_fold0rep1/best.pth,False
0.8525026118258856,0.7429233570477913,0.8963451168185271,0.8127490039693454,0.4285879246203037,0.4285879246203037,2,65.33642466884535,13.611755139342783,1,1,1,1.0,1,1.0,0,578,cvc-clinicdb,segformer,polypseg/runs_repeat/segformer_seed42_fold0rep1/best.pth,False
0.6828174069055241,0.5183923705682834,0.9622084855161253,0.5291663447382433,0.3830976246347213,0.3830976246347213,2,150.11954590168884,31.274905396185172,1,1,1,1.0,1,1.0,0,579,cvc-clinicdb,segformer,polypseg/runs_repeat/segformer_seed42_fold0rep1/best.pth,False
0.8980565973099879,0.8149752474743208,0.8272613064806996,0.9821029082041682,0.603758030457057,0.603758030457057,2,4.868033988749895,1.0141737476562283,1,1,1,1.0,1,1.0,0,58,cvc-clinicdb,segformer,polypseg/runs_repeat/segformer_seed42_fold0rep1/best.pth,False
0.5863418104188762,0.414769153350014,0.9629088784906118,0.42150345179991366,0.32955331655755327,0.32955331655755327,2,162.91193365114185,33.93998617732122,1,1,1,1.0,0,0.0,0,580,cvc-clinicdb,segformer,polypseg/runs_repeat/segformer_seed42_fold0rep1/best.pth,False
0.5693944787345424,0.39800942347187246,0.9518865535458105,0.406180776917142,0.3632166270670294,0.3632166270670294,2,147.85616069305743,30.803366811053632,1,1,1,1.0,0,0.0,0,581,cvc-clinicdb,segformer,polypseg/runs_repeat/segformer_seed42_fold0rep1/best.pth,False
0.8651091730799852,0.7622840475570755,0.9712692967271117,0.7798691610148069,0.523023407957843,0.523023407957843,2,24.64619005845416,5.134622928844617,1,1,1,1.0,1,1.0,0,582,cvc-clinicdb,segformer,polypseg/runs_repeat/segformer_seed42_fold0rep1/best.pth,False
0.6976935185771151,0.5357368089075495,0.5376015188214576,0.9935672514426206,0.3495075361947799,0.3495075361947799,2,59.84141986925723,12.466962472761924,1,1,1,1.0,1,1.0,0,583,cvc-clinicdb,segformer,polypseg/runs_repeat/segformer_seed42_fold0rep1/best.pth,False
0.8636230611521273,0.7599793973535931,0.7856762513102855,0.9587394411644334,0.5699945989650511,0.5699945989650511,2,24.839484696748443,5.174892645155925,1,1,1,1.0,1,1.0,0,584,cvc-clinicdb,segformer,polypseg/runs_repeat/segformer_seed42_fold0rep1/best.pth,False
0.0476887227006574,0.024426802864462183,0.02743826390603992,0.18204385601232753,0.07646298805393528,0.07646298805393528,2,210.28789789238942,43.809978727581125,1,2,0,0.0,0,0.0,2,585,cvc-clinicdb,segformer,polypseg/runs_repeat/segformer_seed42_fold0rep1/best.pth,False
0.8182402055129321,0.6923913043327741,0.9521674140223567,0.717342342326186,0.29143226403084965,0.29143226403084965,2,19.281863006625706,4.017054793047022,1,1,1,1.0,1,1.0,0,586,cvc-clinicdb,segformer,polypseg/runs_repeat/segformer_seed42_fold0rep1/best.pth,False
0.8537382279290076,0.7448021461856204,0.8400151285612703,0.8679171551048098,0.2742615533835481,0.2742615533835481,2,8.508230901026591,1.7725481043805398,1,1,1,1.0,1,1.0,0,587,cvc-clinicdb,segformer,polypseg/runs_repeat/segformer_seed42_fold0rep1/best.pth,False
0.8919817199648529,0.8050243719233212,0.8163498098548917,0.9830586080135962,0.4917658073106573,0.4917658073106573,2,8.54400374531753,1.7800007802744855,1,1,1,1.0,1,1.0,0,588,cvc-clinicdb,segformer,polypseg/runs_repeat/segformer_seed42_fold0rep1/best.pth,False
0.938088559388137,0.8833962263817586,0.9212908303454825,0.9555102040426323,0.8254406690452413,0.8254406690452413,2,5.549999999999983,1.1562499999999964,1,1,1,1.0,1,1.0,0,589,cvc-clinicdb,segformer,polypseg/runs_repeat/segformer_seed42_fold0rep1/best.pth,False
0.8523971309606495,0.7427631578458708,0.7556894243135415,0.9774891774045463,0.6282101439084666,0.6282101439084666,2,10.0,2.0833333333333335,1,1,1,1.0,1,1.0,0,59,cvc-clinicdb,segformer,polypseg/runs_repeat/segformer_seed42_fold0rep1/best.pth,False
0.9338168630794693,0.8758503400988159,0.9094922736905302,0.9594783418276909,0.7651484648516846,0.7651484648516846,2,2.8284271247461903,0.5892556509887896,1,1,1,1.0,1,1.0,0,590,cvc-clinicdb,segformer,polypseg/runs_repeat/segformer_seed42_fold0rep1/best.pth,False
0.8988300068616923,0.8162499999659897,0.8176126877788977,0.9979623025472255,0.5628805033301516,0.5628805033301516,2,5.873213921133976,1.2235862335695782,1,1,1,1.0,1,1.0,0,591,cvc-clinicdb,segformer,polypseg/runs_repeat/segformer_seed42_fold0rep1/best.pth,False
0.8303986862436784,0.7099843993648989,0.7384390718685958,0.948520216737213,0.45051400798298524,0.45051400798298524,2,91.9095603442573,19.14782507172027,1,2,1,1.0,1,1.0,1,592,cvc-clinicdb,segformer,polypseg/runs_repeat/segformer_seed42_fold0rep1/best.pth,False
0.8160424869442721,0.6892498066405375,0.6964676461285328,0.9851868228833698,0.456717532659411,0.456717532659411,2,29.410882339705484,6.12726715410531,1,1,1,1.0,1,1.0,0,593,cvc-clinicdb,segformer,polypseg/runs_repeat/segformer_seed42_fold0rep1/best.pth,False
0.9109311740793635,0.8364312267494339,0.857228794849464,0.9718117753814092,0.6517164505563043,0.6517164505563043,2,8.94427190999916,1.8633899812498247,1,1,1,1.0,1,1.0,0,594,cvc-clinicdb,segformer,polypseg/runs_repeat/segformer_seed42_fold0rep1/best.pth,False
0.7237124463422249,0.5670449768691248,0.5814655172288478,0.9580965908750676,0.43085189194196316,0.43085189194196316,2,89.6964208107904,18.686754335581334,1,2,1,1.0,1,1.0,1,595,cvc-clinicdb,segformer,polypseg/runs_repeat/segformer_seed42_fold0rep1/best.pth,False
0.8393415294678196,0.7231597845341774,0.7464788732117688,0.958591147027197,0.5868573043082871,0.5868573043082871,2,12.039514849852681,2.508232260385975,1,1,1,1.0,1,1.0,0,596,cvc-clinicdb,segformer,polypseg/runs_repeat/segformer_seed42_fold0rep1/best.pth,False
0.8306010928637548,0.7102803737843604,0.7348066297835077,0.9551166965031312,0.5813994823078228,0.5813994823078228,2,7.099074759677975,1.4789739082662448,1,1,1,1.0,1,1.0,0,597,cvc-clinicdb,segformer,polypseg/runs_repeat/segformer_seed42_fold0rep1/best.pth,False
0.8304668304532274,0.7100840335935551,0.7211948790690983,0.9787644787266887,0.4424694594614631,0.4424694594614631,2,12.041594578792296,2.5086655372483952,1,1,1,1.0,1,1.0,0,598,cvc-clinicdb,segformer,polypseg/runs_repeat/segformer_seed42_fold0rep1/best.pth,False
0.8887231132551445,0.7997314835354726,0.8210429588600725,0.968563685610608,0.584890283062588,0.584890283062588,2,11.0,2.2916666666666665,1,1,1,1.0,1,1.0,0,599,cvc-clinicdb,segformer,polypseg/runs_repeat/segformer_seed42_fold0rep1/best.pth,False
0.6451505683685264,0.476178793972444,0.9973281265954441,0.4767870302113643,0.30261343010081637,0.30261343010081637,2,70.85495465929652,14.761448887353444,1,1,1,1.0,0,0.0,0,6,cvc-clinicdb,segformer,polypseg/runs_repeat/segformer_seed42_fold0rep1/best.pth,False
0.8394400987888135,0.7233061369023305,0.9599811675630895,0.7457937088242212,0.4535146896612063,0.4535146896612063,2,19.1049731745428,3.9802027446964163,1,1,1,1.0,1,1.0,0,60,cvc-clinicdb,segformer,polypseg/runs_repeat/segformer_seed42_fold0rep1/best.pth,False
0.9183547500088751,0.8490350695076879,0.8519521082680691,0.9959834469206914,0.367852104609329,0.367852104609329,2,11.40175425099138,2.3753654689565376,1,1,1,1.0,1,1.0,0,600,cvc-clinicdb,segformer,polypseg/runs_repeat/segformer_seed42_fold0rep1/best.pth,False
0.8989737742234969,0.8164871582323048,0.8235376044453546,0.9896234309457804,0.5607453355644167,0.5607453355644167,2,13.237869369738096,2.75788945202877,1,1,1,1.0,1,1.0,0,601,cvc-clinicdb,segformer,polypseg/runs_repeat/segformer_seed42_fold0rep1/best.pth,False
0.9456332703142106,0.896873207101307,0.9074154694397415,0.9872118724188947,0.7015236543258031,0.7015236543258031,2,6.0,1.25,1,1,1,1.0,1,1.0,0,602,cvc-clinicdb,segformer,polypseg/runs_repeat/segformer_seed42_fold0rep1/best.pth,False
0.905156259439611,0.8267446996375138,0.8301363787467553,0.9950824029639144,0.48970311575668213,0.48970311575668213,2,14.0,2.9166666666666665,1,1,1,1.0,1,1.0,0,603,cvc-clinicdb,segformer,polypseg/runs_repeat/segformer_seed42_fold0rep1/best.pth,False
0.5969118982715853,0.42542723976938485,0.42556498089473827,0.9992397749581992,0.43481119718031197,0.43481119718031197,2,58.75069409354292,12.239727936154774,1,1,1,1.0,0,0.0,0,604,cvc-clinicdb,segformer,polypseg/runs_repeat/segformer_seed42_fold0rep1/best.pth,False
0.7315480078284579,0.5767250257347739,0.5794701986635044,0.9918526390013513,0.35587681637340746,0.35587681637340746,2,35.2226574293847,7.338053631121812,1,1,1,1.0,1,1.0,0,605,cvc-clinicdb,segformer,polypseg/runs_repeat/segformer_seed42_fold0rep1/best.pth,False
0.7231685651507663,0.5663774758460243,0.5697348921361809,0.9897025171341619,0.40406945600242056,0.40406945600242056,2,32.63967073685636,6.799931403511741,1,1,1,1.0,1,1.0,0,606,cvc-clinicdb,segformer,polypseg/runs_repeat/segformer_seed42_fold0rep1/best.pth,False
0.6881388620889463,0.5245516024544383,0.5523219814070489,0.912531969262786,0.3243242764180688,0.3243242764180688,2,45.696279769121794,9.520058285233707,1,3,1,1.0,1,1.0,2,607,cvc-clinicdb,segformer,polypseg/runs_repeat/segformer_seed42_fold0rep1/best.pth,False
0.6907229686411935,0.5275605942039179,0.5373282898559162,0.966690544377984,0.38656230658403173,0.38656230658403173,2,29.010332556124588,6.0438192825259565,1,1,1,1.0,1,1.0,0,608,cvc-clinicdb,segformer,polypseg/runs_repeat/segformer_seed42_fold0rep1/best.pth,False
0.7428039124290376,0.5908417308744689,0.6004518072198727,0.9736263736025976,0.47967112346101815,0.47967112346101815,2,33.52610922848042,6.984606089266754,1,1,1,1.0,1,1.0,0,609,cvc-clinicdb,segformer,polypseg/runs_repeat/segformer_seed42_fold0rep1/best.pth,False
0.8569254185475159,0.7496671104860335,0.9634911579598693,0.7715851986856289,0.6309041606239085,0.6309041606239085,2,13.45362404707371,2.8028383431403565,1,1,1,1.0,1,1.0,0,61,cvc-clinicdb,segformer,polypseg/runs_repeat/segformer_seed42_fold0rep1/best.pth,False
0.7924313016944714,0.6562204724306108,0.6664001279279322,0.9772514071065372,0.5225787630913556,0.5225787630913556,2,24.895453501482375,5.186552812808828,1,1,1,1.0,1,1.0,0,610,cvc-clinicdb,segformer,polypseg/runs_repeat/segformer_seed42_fold0rep1/best.pth,False
0.8081878636657502,0.6781168264920991,0.6888062344901026,0.9776269481906077,0.5871779010518928,0.5871779010518928,2,23.0,4.791666666666667,1,1,1,1.0,1,1.0,0,611,cvc-clinicdb,segformer,polypseg/runs_repeat/segformer_seed42_fold0rep1/best.pth,False
0.7548911037143801,0.6062852060300539,0.6230956733509112,0.9573970037004964,0.455182649743951,0.455182649743951,2,18.0,3.75,1,1,1,1.0,1,1.0,0,612,cvc-clinicdb,segformer,polypseg/runs_repeat/segformer_seed42_fold0rep1/best.pth,False
0.8728179550811251,0.774336283136894,0.8651129942891869,0.8806613946167748,0.46107779461436943,0.46107779461436943,2,7.2410599071769015,1.5085541473285211,1,1,1,1.0,1,1.0,0,62,cvc-clinicdb,segformer,polypseg/runs_repeat/segformer_seed42_fold0rep1/best.pth,False
0.946265630248521,0.8980115458051308,0.957592339195787,0.9352037407524914,0.8419427700226434,0.8419427700226434,2,2.8284271247461903,0.5892556509887896,1,1,1,1.0,1,1.0,0,63,cvc-clinicdb,segformer,polypseg/runs_repeat/segformer_seed42_fold0rep1/best.pth,False
0.9131759329431388,0.840224246612458,0.8783882783239275,0.9508326724067538,0.7208779223021071,0.7208779223021071,2,4.0,0.8333333333333334,1,1,1,1.0,1,1.0,0,64,cvc-clinicdb,segformer,polypseg/runs_repeat/segformer_seed42_fold0rep1/best.pth,False
0.8939169139134304,0.8081824278465337,0.9073795180039623,0.8808479531519847,0.6127798516934407,0.6127798516934407,2,5.313628483749074,1.1070059341143905,1,1,1,1.0,1,1.0,0,65,cvc-clinicdb,segformer,polypseg/runs_repeat/segformer_seed42_fold0rep1/best.pth,False
0.8999389871598554,0.8180809761054864,0.8795468097269202,0.92129918794995,0.5842155939112822,0.5842155939112822,2,5.0,1.0416666666666667,1,1,1,1.0,1,1.0,0,66,cvc-clinicdb,segformer,polypseg/runs_repeat/segformer_seed42_fold0rep1/best.pth,False
0.8575598365190438,0.750638732715859,0.858562244251399,0.8565597667139032,0.42017841151181007,0.42017841151181007,2,170.32160986025087,35.483668720885596,1,2,1,1.0,1,1.0,1,67,cvc-clinicdb,segformer,polypseg/runs_repeat/segformer_seed42_fold0rep1/best.pth,False
0.6602015113308551,0.49276179732569314,0.5642019158264535,0.7955683715162306,0.29958042980331245,0.29958042980331245,2,127.1581644954342,26.491284269882126,1,2,1,1.0,1,1.0,1,68,cvc-clinicdb,segformer,polypseg/runs_repeat/segformer_seed42_fold0rep1/best.pth,False
0.700258397914722,0.5387673956048205,0.5391961798432473,0.998526160574906,0.41219100454600505,0.41219100454600505,2,30.476919202014056,6.349358167086262,1,1,1,1.0,1,1.0,0,69,cvc-clinicdb,segformer,polypseg/runs_repeat/segformer_seed42_fold0rep1/best.pth,False
0.6037129596554691,0.4323702377890038,0.9922738386211024,0.4338307606771547,0.32695257246875675,0.32695257246875675,2,85.90255483359327,17.896365590331932,1,1,1,1.0,0,0.0,0,7,cvc-clinicdb,segformer,polypseg/runs_repeat/segformer_seed42_fold0rep1/best.pth,False
0.8801550933930181,0.7859615989680214,0.9512380952018576,0.8189570350666134,0.7479145104016434,0.7479145104016434,2,16.0,3.3333333333333335,2,2,2,1.0,2,1.0,0,70,cvc-clinicdb,segformer,polypseg/runs_repeat/segformer_seed42_fold0rep1/best.pth,False
0.18344020072228268,0.10098219766573079,0.10442786859062962,0.7537227948735713,0.09010985707041423,0.09010985707041423,2,120.31561552622208,25.0657532346296,2,3,0,0.0,0,0.0,3,71,cvc-clinicdb,segformer,polypseg/runs_repeat/segformer_seed42_fold0rep1/best.pth,False
0.803412597553033,0.6714199028922506,0.836672967832262,0.7726955306992774,0.4396181790092338,0.4396181790092338,2,37.39285281762226,7.790177670337971,3,2,2,0.6666666666666666,2,0.6666666666666666,0,72,cvc-clinicdb,segformer,polypseg/runs_repeat/segformer_seed42_fold0rep1/best.pth,False
0.6499462558106424,0.481422505295079,0.7359026368869817,0.581969842778891,0.27906971885237447,0.27906971885237447,2,42.0956906633137,8.769935554857021,3,2,2,0.6666666666666666,1,0.3333333333333333,0,73,cvc-clinicdb,segformer,polypseg/runs_repeat/segformer_seed42_fold0rep1/best.pth,False
0.6440008773712657,0.4749272080079286,0.8088154269526823,0.5349854227210282,0.2910404741097028,0.2910404741097028,2,171.85020949012016,35.80212697710837,3,1,1,0.3333333333333333,1,0.3333333333333333,0,74,cvc-clinicdb,segformer,polypseg/runs_repeat/segformer_seed42_fold0rep1/best.pth,False
0.6261398176155853,0.45575221237497626,0.7633668607324845,0.5307324254497339,0.2862828711229611,0.2862828711229611,2,165.4569330260401,34.47019438042502,3,1,1,0.3333333333333333,1,0.3333333333333333,0,75,cvc-clinicdb,segformer,polypseg/runs_repeat/segformer_seed42_fold0rep1/best.pth,False
0.87653983025249,0.780214424913245,0.9185312678761599,0.8382198952440723,0.7011242440821035,0.7011242440821035,2,6.871492678214113,1.43156097462794,2,2,2,1.0,2,1.0,0,76,cvc-clinicdb,segformer,polypseg/runs_repeat/segformer_seed42_fold0rep1/best.pth,False
0.800182898930037,0.6669207316819009,0.7854578096595396,0.8154706430188504,0.5715222328833411,0.5715222328833411,2,17.277723855915575,3.5995258033157445,2,3,2,1.0,1,0.5,1,77,cvc-clinicdb,segformer,polypseg/runs_repeat/segformer_seed42_fold0rep1/best.pth,False
0.6902877697717574,0.5270530074010698,0.5308437067626323,0.9866323906947746,0.3607084911853304,0.3607084911853304,2,152.73143141975234,31.819048212448404,1,2,1,1.0,1,1.0,1,78,cvc-clinicdb,segformer,polypseg/runs_repeat/segformer_seed42_fold0rep1/best.pth,False
0.8710684273500344,0.7715865588782822,0.8500468603163053,0.8931560807044236,0.48175177481781944,0.48175177481781944,2,7.9525624189766635,1.656783837286805,1,1,1,1.0,1,1.0,0,79,cvc-clinicdb,segformer,polypseg/runs_repeat/segformer_seed42_fold0rep1/best.pth,False
0.5319910777162128,0.3623895397642353,0.9779864033562319,0.36536988510233676,0.4195787118940165,0.4195787118940165,2,92.44024904739622,19.258385218207547,1,1,1,1.0,0,0.0,0,8,cvc-clinicdb,segformer,polypseg/runs_repeat/segformer_seed42_fold0rep1/best.pth,False
0.9016684415725358,0.8209437620671658,0.8316961361603342,0.9844961239546902,0.5621301276005786,0.5621301276005786,2,4.0,0.8333333333333334,1,1,1,1.0,1,1.0,0,80,cvc-clinicdb,segformer,polypseg/runs_repeat/segformer_seed42_fold0rep1/best.pth,False
0.7305162447641493,0.5754435547136485,0.5785776304319317,0.9906744154481596,0.3431679729003941,0.3431679729003941,2,58.903669250688196,12.271597760560041,1,1,1,1.0,1,1.0,0,81,cvc-clinicdb,segformer,polypseg/runs_repeat/segformer_seed42_fold0rep1/best.pth,False
0.9480851063695307,0.9012944983575703,0.9757664233291747,0.921931034457326,0.7894880419905326,0.7894880419905326,2,3.605551275463989,0.7511565157216644,1,1,1,1.0,1,1.0,0,82,cvc-clinicdb,segformer,polypseg/runs_repeat/segformer_seed42_fold0rep1/best.pth,False
0.8598363764378835,0.7541341950127909,0.7634212045337365,0.9841250154907091,0.32313925521646275,0.32313925521646275,2,31.19672553705653,6.499317820220111,1,1,1,1.0,1,1.0,0,83,cvc-clinicdb,segformer,polypseg/runs_repeat/segformer_seed42_fold0rep1/best.pth,False
0.9339650004743888,0.8761110103233065,0.9483604947781591,0.9199999999824762,0.5341614406832346,0.5341614406832346,2,6.6929499477460395,1.3943645724470917,1,1,1,1.0,1,1.0,0,84,cvc-clinicdb,segformer,polypseg/runs_repeat/segformer_seed42_fold0rep1/best.pth,False
0.9274076463870994,0.8646412994305213,0.8755711239586419,0.9857681755660876,0.4802259387787725,0.4802259387787725,2,7.0,1.4583333333333333,1,1,1,1.0,1,1.0,0,85,cvc-clinicdb,segformer,polypseg/runs_repeat/segformer_seed42_fold0rep1/best.pth,False
0.9325367189367476,0.8736007462550747,0.9453230147889414,0.9200916980363503,0.5320702201145853,0.5320702201145853,2,6.781152949374527,1.4127401977863598,1,1,1,1.0,1,1.0,0,86,cvc-clinicdb,segformer,polypseg/runs_repeat/segformer_seed42_fold0rep1/best.pth,False
0.9463908184766959,0.8982370646280889,0.9148905109355491,0.9801376290118841,0.5219025240480197,0.5219025240480197,2,4.123105625617661,0.858980338670346,1,1,1,1.0,1,1.0,0,87,cvc-clinicdb,segformer,polypseg/runs_repeat/segformer_seed42_fold0rep1/best.pth,False
0.9378636741382183,0.8829974564491685,0.8833431199670514,0.9995570320930331,0.5591842267463458,0.5591842267463458,2,6.0,1.25,1,1,1,1.0,1,1.0,0,88,cvc-clinicdb,segformer,polypseg/runs_repeat/segformer_seed42_fold0rep1/best.pth,False
0.9664295019444189,0.9350397517755471,0.9412453640261322,0.9929983525330931,0.8703117135176112,0.8703117135176112,2,2.8284271247461903,0.5892556509887896,1,1,1,1.0,1,1.0,0,89,cvc-clinicdb,segformer,polypseg/runs_repeat/segformer_seed42_fold0rep1/best.pth,False
0.5975580560182066,0.4260839877062063,0.9391932570599159,0.4381714767190634,0.36680959659808554,0.36680959659808554,2,100.24617632223278,20.88462006713183,1,1,1,1.0,0,0.0,0,9,cvc-clinicdb,segformer,polypseg/runs_repeat/segformer_seed42_fold0rep1/best.pth,False
0.9679277895048211,0.9378489021038733,0.9480812640905177,0.9886229893882185,0.8695080564206372,0.8695080564206372,2,2.8284271247461903,0.5892556509887896,1,1,1,1.0,1,1.0,0,90,cvc-clinicdb,segformer,polypseg/runs_repeat/segformer_seed42_fold0rep1/best.pth,False
0.9304339269809068,0.8699172032958618,0.8731301938896929,0.9957877000632732,0.47040371323011887,0.47040371323011887,2,5.0,1.0416666666666667,1,1,1,1.0,1,1.0,0,91,cvc-clinicdb,segformer,polypseg/runs_repeat/segformer_seed42_fold0rep1/best.pth,False
0.9073350195342913,0.830387205369731,0.832313857818344,0.9972201162244827,0.6403631613509256,0.6403631613509256,2,11.0,2.2916666666666665,1,1,1,1.0,1,1.0,0,92,cvc-clinicdb,segformer,polypseg/runs_repeat/segformer_seed42_fold0rep1/best.pth,False
0.9367443044299766,0.881015082574072,0.9328263624605114,0.940695296499471,0.6492146096896749,0.6492146096896749,2,5.0,1.0416666666666667,1,1,1,1.0,1,1.0,0,93,cvc-clinicdb,segformer,polypseg/runs_repeat/segformer_seed42_fold0rep1/best.pth,False
0.8978231434132087,0.8145908145754188,0.8346243222146664,0.9713770565478618,0.3569755585183922,0.3569755585183922,2,10.850714249274848,2.2605654685989265,1,1,1,1.0,1,1.0,0,94,cvc-clinicdb,segformer,polypseg/runs_repeat/segformer_seed42_fold0rep1/best.pth,False
0.8987034035565366,0.8160412067546718,0.8338345864504918,0.9745166959364122,0.3184921652538656,0.3184921652538656,2,9.441908909323882,1.9670643561091419,1,1,1,1.0,1,1.0,0,95,cvc-clinicdb,segformer,polypseg/runs_repeat/segformer_seed42_fold0rep1/best.pth,False
0.9119305856734063,0.8381180223118397,0.8434991974148576,0.9924457034704334,0.4131252862672126,0.4131252862672126,2,7.0,1.4583333333333333,1,1,1,1.0,1,1.0,0,96,cvc-clinicdb,segformer,polypseg/runs_repeat/segformer_seed42_fold0rep1/best.pth,False
0.8397841171805739,0.7238171185347204,0.8769726247704679,0.805621301751313,0.5053330012216285,0.5053330012216285,2,18.0,3.75,1,1,1,1.0,1,1.0,0,97,cvc-clinicdb,segformer,polypseg/runs_repeat/segformer_seed42_fold0rep1/best.pth,False
0.9734327312704586,0.9482405692470197,0.966325618347409,0.980645161280437,0.8539802979853109,0.8539802979853109,2,3.0,0.625,1,1,1,1.0,1,1.0,0,98,cvc-clinicdb,segformer,polypseg/runs_repeat/segformer_seed42_fold0rep1/best.pth,False
0.9545880776895205,0.913121476154368,0.9344348282069966,0.9756297918814947,0.6766120770478946,0.6766120770478946,2,5.830951894845301,1.2147816447594377,1,1,1,1.0,1,1.0,0,99,cvc-clinicdb,segformer,polypseg/runs_repeat/segformer_seed42_fold0rep1/best.pth,False
0.782641227056392,0.6429010448283404,0.8637489677238852,0.7154582762848524,0.6226840894796305,0.30985910559651647,4,12.666655108639835,1.6639651216366786,1,1,1,1.0,1,1.0,0,1,cvc-colondb,segformer,polypseg/runs_repeat/segformer_seed42_fold0rep1/best.pth,False
0.7985898506280862,0.664710424700159,0.9051524710640346,0.7144754315950452,0.4997462064832449,0.34521808684390093,4,28.312485159390278,3.719291905243984,1,1,1,1.0,1,1.0,0,10,cvc-colondb,segformer,polypseg/runs_repeat/segformer_seed42_fold0rep1/best.pth,False
0.7696700984415358,0.6255802589749231,0.9771968323540006,0.634847827430516,0.5076582786606929,0.38298506837896756,4,115.88895425076834,15.223843722143796,1,1,1,1.0,1,1.0,0,100,cvc-colondb,segformer,polypseg/runs_repeat/segformer_seed42_fold0rep1/best.pth,False
0.9550566495214889,0.9139793550378972,0.9451386015643761,0.9651850599884638,0.8625585872150394,0.6170701247460081,4,6.4031242374328485,0.841151457050986,1,1,1,1.0,1,1.0,0,101,cvc-colondb,segformer,polypseg/runs_repeat/segformer_seed42_fold0rep1/best.pth,False
0.6081709502515523,0.4369580807078787,0.963833764732788,0.4442419221194888,0.29505050640827873,0.11458172956107325,4,166.3151940691255,21.84812641977565,1,1,1,1.0,0,0.0,0,102,cvc-colondb,segformer,polypseg/runs_repeat/segformer_seed42_fold0rep1/best.pth,False
0.7686881852322799,0.6242839352412844,0.9237828474517238,0.6581849692750954,0.25854968058655564,0.10926327470537325,4,114.5512985522207,15.048121528079825,1,1,1,1.0,1,1.0,0,103,cvc-colondb,segformer,polypseg/runs_repeat/segformer_seed42_fold0rep1/best.pth,False
0.9207658321049952,0.8531659388628376,0.8937911012362949,0.9494194332150797,0.435961746835594,0.20381809070859586,4,20.591260281974,2.704987119794296,1,1,1,1.0,1,1.0,0,104,cvc-colondb,segformer,polypseg/runs_repeat/segformer_seed42_fold0rep1/best.pth,False
0.8214769088554758,0.6970392986171339,0.9348234410182764,0.7326444091128403,0.27633124454368885,0.11646765102526616,4,43.1227456127395,5.664853430789808,1,2,1,1.0,0,0.0,1,105,cvc-colondb,segformer,polypseg/runs_repeat/segformer_seed42_fold0rep1/best.pth,False
0.6037643607903426,0.43242296918599277,0.9798994974787983,0.43629298162805663,0.47596302489945297,0.33372265932089346,4,179.61924535265177,23.595823591790193,1,1,1,1.0,0,0.0,0,106,cvc-colondb,segformer,polypseg/runs_repeat/segformer_seed42_fold0rep1/best.pth,False
0.6886895153696133,0.5251918012107798,0.9326893746727738,0.5458819328698769,0.4119341124676502,0.24355729941509666,4,159.55731916775474,20.960372862437943,1,1,1,1.0,1,1.0,0,107,cvc-colondb,segformer,polypseg/runs_repeat/segformer_seed42_fold0rep1/best.pth,False
0.7248069419032259,0.5683899683276197,0.97553988540491,0.5766074762272538,0.4390751604490197,0.2802000955916208,4,107.49138401047196,14.120690295568199,1,1,1,1.0,1,1.0,0,108,cvc-colondb,segformer,polypseg/runs_repeat/segformer_seed42_fold0rep1/best.pth,False
0.9253386751742595,0.8610514343430996,0.9399227479587534,0.9112002674629809,0.7365121510261715,0.54344386822898,4,50.18215313835447,6.592218058727812,1,1,1,1.0,1,1.0,0,109,cvc-colondb,segformer,polypseg/runs_repeat/segformer_seed42_fold0rep1/best.pth,False
0.7335380092688167,0.5792025458618885,0.5951107862736669,0.9558837158980633,0.1776060703258138,0.10862279402760867,4,189.203189409191,24.854825948846624,1,1,1,1.0,1,1.0,0,11,cvc-colondb,segformer,polypseg/runs_repeat/segformer_seed42_fold0rep1/best.pth,False
0.9427103528476573,0.8916292289314586,0.9321830817113242,0.9534781116674667,0.691222604441759,0.4510804343760664,4,9.886835652907775,1.2987919500998482,1,1,1,1.0,1,1.0,0,110,cvc-colondb,segformer,polypseg/runs_repeat/segformer_seed42_fold0rep1/best.pth,False
0.891836973934407,0.8047886032624395,0.9757171561670056,0.8212370911416601,0.7462699836789912,0.5175828204394805,4,76.67880604725455,10.072971730662058,1,1,1,1.0,1,1.0,0,111,cvc-colondb,segformer,polypseg/runs_repeat/segformer_seed42_fold0rep1/best.pth,False
0.8986699157252039,0.8159859869050613,0.9418963498938921,0.859236967280559,0.5564529369958625,0.37307420608509423,4,58.84767420250204,7.730571056253917,1,1,1,1.0,1,1.0,0,112,cvc-colondb,segformer,polypseg/runs_repeat/segformer_seed42_fold0rep1/best.pth,False
0.6480176562856702,0.4793092596944406,0.9766752164076893,0.4848593370718043,0.42415021269312453,0.3140321398557801,4,155.07852822532038,20.372012963838532,1,1,1,1.0,0,0.0,0,113,cvc-colondb,segformer,polypseg/runs_repeat/segformer_seed42_fold0rep1/best.pth,False
0.620193521242658,0.4494786267427924,0.8151957531429418,0.5004752851677046,0.2689180902054429,0.1259507468839937,4,132.60353905266928,17.419568315136857,1,1,1,1.0,0,0.0,0,114,cvc-colondb,segformer,polypseg/runs_repeat/segformer_seed42_fold0rep1/best.pth,False
0.4871716085382764,0.3220270133002739,0.5256091496680655,0.45397279884818936,0.11545636838040263,0.05545117285760191,4,65.12641379222808,8.55538262612269,1,1,1,1.0,0,0.0,0,115,cvc-colondb,segformer,polypseg/runs_repeat/segformer_seed42_fold0rep1/best.pth,False
0.28360763660116123,0.16523473457989232,0.19290703922449481,0.5352882703644313,0.19646984273628088,0.13102916264159184,4,113.27289808604364,14.880183444271752,1,1,0,0.0,0,0.0,1,116,cvc-colondb,segformer,polypseg/runs_repeat/segformer_seed42_fold0rep1/best.pth,False
0.7445181030032453,0.5930138099037598,0.9681697612548661,0.6048053023954928,0.4857990192128145,0.3965584803500737,4,63.12525598965772,8.29249895574495,1,1,1,1.0,1,1.0,0,117,cvc-colondb,segformer,polypseg/runs_repeat/segformer_seed42_fold0rep1/best.pth,False
0.9038443284247563,0.8245583650777228,0.8681619255938351,0.9425856265992616,0.5270609801397672,0.3170784734868311,4,10.295630140987,1.352493559897148,1,1,1,1.0,1,1.0,0,118,cvc-colondb,segformer,polypseg/runs_repeat/segformer_seed42_fold0rep1/best.pth,False
0.5500617149455451,0.37936905357657114,0.8577898550530392,0.4048306080965605,0.2582823471543997,0.17193499073462545,4,114.04100120250449,14.981085914943705,1,1,1,1.0,0,0.0,0,119,cvc-colondb,segformer,polypseg/runs_repeat/segformer_seed42_fold0rep1/best.pth,False
0.7401751255312272,0.5875222346624447,0.5875222346624447,0.9999999999887866,0.055430047039740964,0.008666895177419608,4,31.78049716414141,4.174870032841937,1,1,1,1.0,1,1.0,0,12,cvc-colondb,segformer,polypseg/runs_repeat/segformer_seed42_fold0rep1/best.pth,False
0.6655208397233716,0.4987120515133513,0.9332070924266964,0.5171722953585463,0.28254408816367815,0.16423644024865192,4,91.57475740851076,12.029790109795169,1,1,1,1.0,0,0.0,0,120,cvc-colondb,segformer,polypseg/runs_repeat/segformer_seed42_fold0rep1/best.pth,False
0.8607429395820724,0.7555300462797355,0.9338543308838929,0.7982481470771041,0.3674958921701849,0.21440987835147468,4,42.93000468164691,5.639533866619226,1,2,1,1.0,1,1.0,1,121,cvc-colondb,segformer,polypseg/runs_repeat/segformer_seed42_fold0rep1/best.pth,False
0.7830015999989978,0.6433875344440493,0.9197137358644464,0.6816733156507128,0.3652937827445352,0.1697488085275671,4,143.0040209042187,18.78583580254868,1,1,1,1.0,1,1.0,0,122,cvc-colondb,segformer,polypseg/runs_repeat/segformer_seed42_fold0rep1/best.pth,False
0.7876227022509843,0.6496514770718155,0.9480330761479845,0.6736404759546818,0.3844316615385955,0.21255065062899955,4,131.34134423410316,17.25375909898697,1,1,1,1.0,1,1.0,0,123,cvc-colondb,segformer,polypseg/runs_repeat/segformer_seed42_fold0rep1/best.pth,False
0.6148677366459251,0.443905432653076,0.9288815507801083,0.4595232332996747,0.35716028142735984,0.23412048532446816,4,184.5179908355719,24.239351149258333,1,1,1,1.0,0,0.0,0,124,cvc-colondb,segformer,polypseg/runs_repeat/segformer_seed42_fold0rep1/best.pth,False
0.8558081762692987,0.7479586538897721,0.987598155300425,0.7550505050487063,0.49748582298059785,0.38600158928510875,4,34.48187929913333,4.52973922398088,1,2,1,1.0,1,1.0,1,125,cvc-colondb,segformer,polypseg/runs_repeat/segformer_seed42_fold0rep1/best.pth,False
0.7327808963718864,0.5782590352953936,0.9718168389898267,0.5881217148761464,0.4052033714354809,0.2996092376669624,4,52.39370183337661,6.882739894347059,1,2,1,1.0,1,1.0,1,126,cvc-colondb,segformer,polypseg/runs_repeat/segformer_seed42_fold0rep1/best.pth,False
0.8466274363059175,0.7340450631097851,0.9970756719905577,0.7356287867570988,0.4331143422256661,0.2490848618503965,4,83.00602387778854,10.90415168280467,1,1,1,1.0,1,1.0,0,127,cvc-colondb,segformer,polypseg/runs_repeat/segformer_seed42_fold0rep1/best.pth,False
0.8884898049375904,0.7993537161282657,0.932007883138581,0.848854397630404,0.49853021560957395,0.23403354087201983,4,60.8276253029822,7.990668891514146,1,1,1,1.0,1,1.0,0,128,cvc-colondb,segformer,polypseg/runs_repeat/segformer_seed42_fold0rep1/best.pth,False
0.8920091907059087,0.805069124421902,0.9723862828134068,0.823905468072356,0.5318523024766195,0.2763168003867168,4,34.73969168601832,4.5636069511766655,1,1,1,1.0,1,1.0,0,129,cvc-colondb,segformer,polypseg/runs_repeat/segformer_seed42_fold0rep1/best.pth,False
0.8471174896567312,0.7347821500080727,0.7653005164183573,0.9485224022749759,0.3206378141937303,0.15853653563356707,4,13.93196886332491,1.8301840592855774,1,1,1,1.0,1,1.0,0,13,cvc-colondb,segformer,polypseg/runs_repeat/segformer_seed42_fold0rep1/best.pth,False
0.9400780015354703,0.8869313052255986,0.9795745709421695,0.9036430024781792,0.6650140888129137,0.27999048557997647,4,20.303517440832337,2.667187554908868,1,1,1,1.0,1,1.0,0,130,cvc-colondb,segformer,polypseg/runs_repeat/segformer_seed42_fold0rep1/best.pth,False
0.6181343770357984,0.4473187311150093,0.9167956656228484,0.4662468018076084,0.2627388079841047,0.1868159611574724,4,139.12493061401742,18.276256052313613,1,1,1,1.0,0,0.0,0,131,cvc-colondb,segformer,polypseg/runs_repeat/segformer_seed42_fold0rep1/best.pth,False
0.8478341699161189,0.7358612343627603,0.9780184430519191,0.748236259222738,0.687657959658627,0.4316668143486675,4,22.0,2.8900473220461644,1,2,1,1.0,1,1.0,1,132,cvc-colondb,segformer,polypseg/runs_repeat/segformer_seed42_fold0rep1/best.pth,False
0.9151805732782063,0.8436248012664952,0.8541626424515216,0.9855869242125884,0.5825004294709116,0.29846023432001845,4,12.072577199243332,1.5859236093122173,1,1,1,1.0,1,1.0,0,133,cvc-colondb,segformer,polypseg/runs_repeat/segformer_seed42_fold0rep1/best.pth,False
0.9592347130143828,0.9216628619432796,0.9544606196282539,0.9640568053225835,0.8339810587934038,0.5946059118321781,4,7.0,0.9195605115601433,1,1,1,1.0,1,1.0,0,134,cvc-colondb,segformer,polypseg/runs_repeat/segformer_seed42_fold0rep1/best.pth,False
0.9435688547675276,0.8931664491583037,0.9430074528656416,0.9441309255019805,0.7671582398720991,0.4187584251026624,4,9.0,1.1822920862916129,1,1,1,1.0,1,1.0,0,135,cvc-colondb,segformer,polypseg/runs_repeat/segformer_seed42_fold0rep1/best.pth,False
0.9370828606828895,0.8816142162172063,0.9289711804962133,0.9453374494307785,0.66389746553977,0.4575821407453471,4,10.786543088512046,1.4169827257768093,1,1,1,1.0,1,1.0,0,136,cvc-colondb,segformer,polypseg/runs_repeat/segformer_seed42_fold0rep1/best.pth,False
0.8990662824197129,0.8166397922626502,0.8990248288242639,0.8991077398360752,0.4211593532488128,0.22705561036521527,4,30.7211529935219,4.035708451777204,1,1,1,1.0,1,1.0,0,137,cvc-colondb,segformer,polypseg/runs_repeat/segformer_seed42_fold0rep1/best.pth,False
0.9628299466671669,0.92832409070549,0.9547986289605966,0.9709975218513357,0.6877478983737685,0.4951061587459219,4,9.0,1.1822920862916129,1,1,1,1.0,1,1.0,0,138,cvc-colondb,segformer,polypseg/runs_repeat/segformer_seed42_fold0rep1/best.pth,False
0.7176302216922268,0.5596125500081718,0.9760540619878356,0.5674025363996439,0.3285468321483483,0.21337289335847673,4,114.96776046585022,15.102830375271607,1,1,1,1.0,1,1.0,0,139,cvc-colondb,segformer,polypseg/runs_repeat/segformer_seed42_fold0rep1/best.pth,False
0.9332201086924823,0.8748009934351728,0.8765313935625539,0.9977484020845602,0.5002021881124619,0.3203113814661248,4,10.0,1.3136578736573477,1,1,1,1.0,1,1.0,0,14,cvc-colondb,segformer,polypseg/runs_repeat/segformer_seed42_fold0rep1/best.pth,False
0.8547462464304386,0.7463378694602308,0.9950309123418557,0.7491299808563201,0.3382806356741196,0.21446827034369592,4,30.98458265298519,4.070314096408087,1,1,1,1.0,1,1.0,0,140,cvc-colondb,segformer,polypseg/runs_repeat/segformer_seed42_fold0rep1/best.pth,False
0.9546179272779416,0.9131761029651321,0.9817629179292042,0.9289336259709039,0.6124927253874022,0.3831592234495428,4,7.498290980059714,0.9850188984929313,1,1,1,1.0,1,1.0,0,141,cvc-colondb,segformer,polypseg/runs_repeat/segformer_seed42_fold0rep1/best.pth,False
0.9656893562687591,0.9336550504644011,0.9636882129240925,0.9676988278379302,0.8074109690188837,0.5496123845707855,4,6.324555320336759,0.8308301893941852,1,1,1,1.0,1,1.0,0,142,cvc-colondb,segformer,polypseg/runs_repeat/segformer_seed42_fold0rep1/best.pth,False
0.907832107309578,0.8312202852560009,0.9088152479899732,0.9068510914133935,0.6222102941040238,0.26451607963372414,4,61.33181297316185,8.056901901787391,1,1,1,1.0,1,1.0,0,143,cvc-colondb,segformer,polypseg/runs_repeat/segformer_seed42_fold0rep1/best.pth,False
0.9342112482840409,0.8765444810521094,0.9000370037508589,0.9710831004364026,0.43992626351221104,0.297636953529994,4,14.627775876882392,1.9215892954761566,1,1,1,1.0,1,1.0,0,144,cvc-colondb,segformer,polypseg/runs_repeat/segformer_seed42_fold0rep1/best.pth,False
0.9479119834539327,0.900981637036284,0.9165817910795763,0.9814598074134663,0.5480379416394311,0.36165171827466513,4,16.0,2.101852597851756,1,1,1,1.0,1,1.0,0,145,cvc-colondb,segformer,polypseg/runs_repeat/segformer_seed42_fold0rep1/best.pth,False
0.9023382032725306,0.8220548496474325,0.9312837881786538,0.8751377157493259,0.6405667902899969,0.3766981379251072,4,55.81659930493292,7.332391515770237,1,1,1,1.0,1,1.0,0,146,cvc-colondb,segformer,polypseg/runs_repeat/segformer_seed42_fold0rep1/best.pth,False
0.8108435821894558,0.6818645302208167,0.9567705671849077,0.7035394904884381,0.4778384242635945,0.27421796738745297,4,53.66187571425404,7.049334554725182,1,1,1,1.0,1,1.0,0,147,cvc-colondb,segformer,polypseg/runs_repeat/segformer_seed42_fold0rep1/best.pth,False
0.7972960343889682,0.6629196021515597,0.9482771396743366,0.6877888853021187,0.5087967926768902,0.2630256591997411,4,28.29045649950967,3.716398092994156,1,2,1,1.0,1,1.0,1,148,cvc-colondb,segformer,polypseg/runs_repeat/segformer_seed42_fold0rep1/best.pth,False
0.9276613158220128,0.8650823937524195,0.9544515042449879,0.9023339967399951,0.5516246723277204,0.2952009180898573,4,28.285154854897296,3.715701638275318,1,1,1,1.0,1,1.0,0,149,cvc-colondb,segformer,polypseg/runs_repeat/segformer_seed42_fold0rep1/best.pth,False
0.8743888679913765,0.7768125626396858,0.8260792325384075,0.9286998202423736,0.21378040585754038,0.07343407529823477,4,14.354355476779212,1.885671209334748,1,1,1,1.0,1,1.0,0,15,cvc-colondb,segformer,polypseg/runs_repeat/segformer_seed42_fold0rep1/best.pth,False
0.8024013429288349,0.6700085526909151,0.9694073972159397,0.68448133585416,0.48461146848695186,0.22919575490869956,4,51.88785964825017,6.816289537415121,1,1,1,1.0,1,1.0,0,150,cvc-colondb,segformer,polypseg/runs_repeat/segformer_seed42_fold0rep1/best.pth,False
0.812489979153389,0.6841963140438521,0.9796056446841329,0.6940830023236948,0.5381262045907137,0.3946608658120124,4,34.63810467872904,4.550261893977981,1,1,1,1.0,1,1.0,0,151,cvc-colondb,segformer,polypseg/runs_repeat/segformer_seed42_fold0rep1/best.pth,False
0.8153746290763382,0.6882974559633009,0.934034416816082,0.723465525746886,0.5199605829564488,0.39679127509547674,4,182.27903487907457,23.94522893715586,1,2,1,1.0,1,1.0,1,152,cvc-colondb,segformer,polypseg/runs_repeat/segformer_seed42_fold0rep1/best.pth,False
0.845170130163488,0.7318568321090775,0.8528304785248265,0.8376461712498102,0.44330947418057604,0.37620900184183054,4,79.95120557427485,10.502853071104338,1,2,1,1.0,1,1.0,1,153,cvc-colondb,segformer,polypseg/runs_repeat/segformer_seed42_fold0rep1/best.pth,False
0.615099337746715,0.4441469012989895,0.4487476808888035,0.9774372789949701,0.3217533386293024,0.23313369000307455,4,127.7470068769322,16.781586142004134,1,2,1,1.0,0,0.0,1,154,cvc-colondb,segformer,polypseg/runs_repeat/segformer_seed42_fold0rep1/best.pth,False
0.8442059870588968,0.7304121474990853,0.8456901747956028,0.842726999691233,0.3452795366314494,0.19737706878936098,4,243.24760546631046,31.95441321691148,1,2,1,1.0,1,1.0,1,155,cvc-colondb,segformer,polypseg/runs_repeat/segformer_seed42_fold0rep1/best.pth,False
0.8845806490403721,0.793047608757497,0.9383062970885387,0.836674259671564,0.30991454047247863,0.17775027599153925,4,10.0,1.3136578736573477,1,1,1,1.0,1,1.0,0,156,cvc-colondb,segformer,polypseg/runs_repeat/segformer_seed42_fold0rep1/best.pth,False
0.9445334553983021,0.8948966314747016,0.9610308958087094,0.9285928592719983,0.8174699838873238,0.6545764381612194,4,7.280109889280518,0.9563573677144073,1,1,1,1.0,1,1.0,0,157,cvc-colondb,segformer,polypseg/runs_repeat/segformer_seed42_fold0rep1/best.pth,False
0.9076428243153036,0.8309029725065774,0.9030783297637446,0.9122536945672375,0.6496914174824322,0.447313698047558,4,10.0,1.3136578736573477,1,1,1,1.0,1,1.0,0,158,cvc-colondb,segformer,polypseg/runs_repeat/segformer_seed42_fold0rep1/best.pth,False
0.9372505398093486,0.8819110946819122,0.8857284194795235,0.9951368625678042,0.7719935272885928,0.47096125946394995,4,7.43115833674304,0.9761999659456934,1,1,1,1.0,1,1.0,0,159,cvc-colondb,segformer,polypseg/runs_repeat/segformer_seed42_fold0rep1/best.pth,False
0.9455644418218672,0.8967493883226259,0.9254075890891451,0.9666189435575065,0.4952638200992139,0.27286393359253375,4,11.0,1.4450236610230822,1,1,1,1.0,1,1.0,0,16,cvc-colondb,segformer,polypseg/runs_repeat/segformer_seed42_fold0rep1/best.pth,False
0.8814567614561705,0.7880399532911138,0.7927704554248627,0.992484888073967,0.3247877704768142,0.18096130721556725,4,10.290750585296928,1.3518525532219268,1,1,1,1.0,1,1.0,0,160,cvc-colondb,segformer,polypseg/runs_repeat/segformer_seed42_fold0rep1/best.pth,False
0.7716641221326921,0.6282191508339642,0.6614321607970955,0.9259856368030781,0.3832322027230742,0.18532123185646707,4,279.20494264139006,36.677977126491015,1,4,1,1.0,1,1.0,3,161,cvc-colondb,segformer,polypseg/runs_repeat/segformer_seed42_fold0rep1/best.pth,False
0.9121527777698597,0.8384934567373366,0.850988014239537,0.9827908716613769,0.7423393052002957,0.43084556437338534,4,10.375202143344955,1.3629465986391687,1,1,1,1.0,1,1.0,0,162,cvc-colondb,segformer,polypseg/runs_repeat/segformer_seed42_fold0rep1/best.pth,False
0.8874411474822761,0.7976577108473806,0.7976577108473806,0.999999999987662,0.3031760809655476,0.08825687573587081,4,9.848857801796104,1.2938029597861047,1,1,1,1.0,1,1.0,0,163,cvc-colondb,segformer,polypseg/runs_repeat/segformer_seed42_fold0rep1/best.pth,False
0.913283781203958,0.8404068747734093,0.8452244465927751,0.9932635506167139,0.5518671005554724,0.29847856717547855,4,11.180339887498949,1.4687141523378298,1,1,1,1.0,1,1.0,0,164,cvc-colondb,segformer,polypseg/runs_repeat/segformer_seed42_fold0rep1/best.pth,False
0.9330028983033015,0.8744193370531893,0.9364249578335883,0.9296057587601104,0.7180296204637632,0.45022553677502086,4,14.422205101855956,1.8945843287554245,1,1,1,1.0,1,1.0,0,165,cvc-colondb,segformer,polypseg/runs_repeat/segformer_seed42_fold0rep1/best.pth,False
0.9382629926722952,0.8837056504546428,0.9006513666469796,0.9791528788816733,0.5778244659971229,0.2920149645447185,4,8.724124419424236,1.1460514734342984,1,1,1,1.0,1,1.0,0,166,cvc-colondb,segformer,polypseg/runs_repeat/segformer_seed42_fold0rep1/best.pth,False
0.9168741271424077,0.8465074559833332,0.9256988719847267,0.908216047144133,0.5119176726032831,0.21911682047071465,4,8.54400374531753,1.1223897792594242,1,1,1,1.0,1,1.0,0,167,cvc-colondb,segformer,polypseg/runs_repeat/segformer_seed42_fold0rep1/best.pth,False
0.9228554979783905,0.8567610903145809,0.9687263937004272,0.881132334741224,0.7313829287290663,0.4028435519168296,4,12.041594578792296,1.5818535529820132,1,1,1,1.0,1,1.0,0,168,cvc-colondb,segformer,polypseg/runs_repeat/segformer_seed42_fold0rep1/best.pth,False
0.9205129312166119,0.8527317814506621,0.9031602134973891,0.938545518568951,0.5275614917463319,0.33877546021158594,4,11.77852493303972,1.547295201835701,1,1,1,1.0,1,1.0,0,169,cvc-colondb,segformer,polypseg/runs_repeat/segformer_seed42_fold0rep1/best.pth,False
0.9342117096840223,0.8765452934438355,0.8770263424481719,0.9993746392101241,0.5274829216464786,0.2326986505422602,4,14.317821063276353,1.8808718373389997,1,1,1,1.0,1,1.0,0,17,cvc-colondb,segformer,polypseg/runs_repeat/segformer_seed42_fold0rep1/best.pth,False
0.9214841146391436,0.8544001318356361,0.8842365582190583,0.9620077005104513,0.39592282437422766,0.24471617921750358,4,16.757067732382854,2.201305396605421,1,1,1,1.0,1,1.0,0,170,cvc-colondb,segformer,polypseg/runs_repeat/segformer_seed42_fold0rep1/best.pth,False
0.936569439622347,0.8807057785604222,0.9290819745347906,0.9441785680489091,0.5031665511151392,0.255551605375543,4,33.0,4.335070983069247,1,1,1,1.0,1,1.0,0,171,cvc-colondb,segformer,polypseg/runs_repeat/segformer_seed42_fold0rep1/best.pth,False
0.9470043236507287,0.8993430314300874,0.9275257108175737,0.9673186119751758,0.8318417873574651,0.49880663257785546,4,5.385164807134504,0.7074264149834693,1,1,1,1.0,1,1.0,0,172,cvc-colondb,segformer,polypseg/runs_repeat/segformer_seed42_fold0rep1/best.pth,False
0.8985735457535264,0.8158270961162574,0.823724208195434,0.9883851247988956,0.44186134088638246,0.23453081328712524,4,11.62288135888571,1.5268489611685425,1,1,1,1.0,1,1.0,0,173,cvc-colondb,segformer,polypseg/runs_repeat/segformer_seed42_fold0rep1/best.pth,False
0.9227932703334708,0.8566538296870276,0.8676996424220641,0.9853574504616051,0.6121946721789544,0.3321924203179757,4,7.971537451385991,1.0471872938167632,1,1,1,1.0,1,1.0,0,174,cvc-colondb,segformer,polypseg/runs_repeat/segformer_seed42_fold0rep1/best.pth,False
0.925664677153222,0.861616161609945,0.8728894086625766,0.985232241556099,0.5769557495382728,0.35806601031852553,4,13.45362404707371,1.7673459158664209,1,1,1,1.0,1,1.0,0,175,cvc-colondb,segformer,polypseg/runs_repeat/segformer_seed42_fold0rep1/best.pth,False
0.9254341164419764,0.8612167300321752,0.8640326975417981,0.9962299717169633,0.49828482669907365,0.21428190182344434,4,9.486832980505138,1.2462452840912777,1,1,1,1.0,1,1.0,0,176,cvc-colondb,segformer,polypseg/runs_repeat/segformer_seed42_fold0rep1/best.pth,False
0.8749999999950284,0.7777777777699214,0.7802999594570297,0.9958613553932247,0.3361857690951229,0.14431274630778212,4,14.0,1.8391210231202866,1,1,1,1.0,1,1.0,0,177,cvc-colondb,segformer,polypseg/runs_repeat/segformer_seed42_fold0rep1/best.pth,False
0.8973706530904073,0.8138461538372104,0.8174392935892114,0.9946279881682162,0.4448696668250053,0.2455520783195729,4,10.980312553890105,1.4424374041636356,1,1,1,1.0,1,1.0,0,178,cvc-colondb,segformer,polypseg/runs_repeat/segformer_seed42_fold0rep1/best.pth,False
0.9089648798468751,0.8331215586527623,0.8443872075462074,0.9842381786216633,0.6159022937570738,0.4265222450902675,4,13.0,1.7077552357545518,1,1,1,1.0,1,1.0,0,179,cvc-colondb,segformer,polypseg/runs_repeat/segformer_seed42_fold0rep1/best.pth,False
0.8956992016453267,0.8111007462639278,0.8369630609984541,0.9633014817825557,0.30524301747737026,0.19305408689524173,4,15.585216760673209,2.047364271031482,1,1,1,1.0,1,1.0,0,18,cvc-colondb,segformer,polypseg/runs_repeat/segformer_seed42_fold0rep1/best.pth,False
0.8755117707239141,0.7785868699466458,0.7788527202323079,0.9995617878980458,0.19732569968414906,0.10318944348428438,4,14.939730936293321,1.962569517478398,1,1,1,1.0,1,1.0,0,180,cvc-colondb,segformer,polypseg/runs_repeat/segformer_seed42_fold0rep1/best.pth,False
0.9236468607124193,0.8581262292074188,0.8908584686692264,0.9589410589314791,0.43151931927444415,0.31379101831208106,4,10.0,1.3136578736573477,1,1,1,1.0,1,1.0,0,181,cvc-colondb,segformer,polypseg/runs_repeat/segformer_seed42_fold0rep1/best.pth,False
0.9185077870281388,0.8492967180079336,0.8577226606442195,0.9885654885526434,0.50980525474046,0.19198946081927756,4,7.0,0.9195605115601433,1,1,1,1.0,1,1.0,0,182,cvc-colondb,segformer,polypseg/runs_repeat/segformer_seed42_fold0rep1/best.pth,False
0.9043260580387676,0.825360559748317,0.8306984765617893,0.9922746780945533,0.542637870504189,0.38238697206886274,4,8.94427190999916,1.1749713218702638,1,1,1,1.0,1,1.0,0,183,cvc-colondb,segformer,polypseg/runs_repeat/segformer_seed42_fold0rep1/best.pth,False
0.9188955374456138,0.8499599893191523,0.8608672159818875,0.9853123067256445,0.6614986580133443,0.30613713411680893,4,7.0,0.9195605115601433,1,1,1,1.0,1,1.0,0,184,cvc-colondb,segformer,polypseg/runs_repeat/segformer_seed42_fold0rep1/best.pth,False
0.8121904761801627,0.6837716484780036,0.6837716484780036,0.9999999999687305,0.37858503626599666,0.22459731482125653,4,16.0,2.101852597851756,1,1,1,1.0,1,1.0,0,185,cvc-colondb,segformer,polypseg/runs_repeat/segformer_seed42_fold0rep1/best.pth,False
0.8823255813850892,0.7894298793010939,0.8070623271472652,0.9730700179283645,0.522968147985371,0.3187144781075156,4,10.0,1.3136578736573477,1,1,1,1.0,1,1.0,0,186,cvc-colondb,segformer,polypseg/runs_repeat/segformer_seed42_fold0rep1/best.pth,False
0.856833398967538,0.7495262704435913,0.7499138228067923,0.9993109783877053,0.350064908169559,0.2215442869962827,4,11.0,1.4450236610230822,1,1,1,1.0,1,1.0,0,187,cvc-colondb,segformer,polypseg/runs_repeat/segformer_seed42_fold0rep1/best.pth,False
0.8664960545866229,0.7644402633910736,0.7722866375067043,0.9868836531215234,0.40910203438873693,0.332290670834541,4,9.0,1.1822920862916129,1,1,1,1.0,1,1.0,0,188,cvc-colondb,segformer,polypseg/runs_repeat/segformer_seed42_fold0rep1/best.pth,False
0.9301470588181862,0.8694158075508008,0.9038740649670215,0.957993136895539,0.6230533655650924,0.452345492086297,4,9.129256831757377,1.199272011767821,1,1,1,1.0,1,1.0,0,189,cvc-colondb,segformer,polypseg/runs_repeat/segformer_seed42_fold0rep1/best.pth,False
0.9329511946401384,0.874328512392178,0.9261366745038784,0.9398667406943927,0.559387779866801,0.2985333606004751,4,13.892443989449804,1.8249918431084429,1,1,1,1.0,1,1.0,0,19,cvc-colondb,segformer,polypseg/runs_repeat/segformer_seed42_fold0rep1/best.pth,False
0.8613233199478096,0.7564248351062494,0.7564248351062494,0.9999999999849669,0.35673513117421174,0.056670136653990205,4,14.0,1.8391210231202866,1,1,1,1.0,1,1.0,0,190,cvc-colondb,segformer,polypseg/runs_repeat/segformer_seed42_fold0rep1/best.pth,False
0.9374257089449082,0.8822213343916722,0.9166459111588489,0.9591694900446601,0.6066625314064682,0.3351292866261543,4,8.06225774829855,1.0591048370507348,1,1,1,1.0,1,1.0,0,191,cvc-colondb,segformer,polypseg/runs_repeat/segformer_seed42_fold0rep1/best.pth,False
0.9521310826149589,0.9086356764842343,0.9338706544869501,0.971119862658072,0.7476285441113395,0.5650513110229294,4,6.0,0.7881947241944085,1,1,1,1.0,1,1.0,0,192,cvc-colondb,segformer,polypseg/runs_repeat/segformer_seed42_fold0rep1/best.pth,False
0.9043778801806107,0.8254468979959032,0.8270620108306211,0.9976397966503482,0.44997279587267597,0.29963570090223063,4,16.0,2.101852597851756,1,1,1,1.0,1,1.0,0,193,cvc-colondb,segformer,polypseg/runs_repeat/segformer_seed42_fold0rep1/best.pth,False
0.9162279343414516,0.8454064866349091,0.8529623756605668,0.989630372963793,0.6466601630169593,0.5031749484487817,4,17.0,2.2332183852174907,1,1,1,1.0,1,1.0,0,194,cvc-colondb,segformer,polypseg/runs_repeat/segformer_seed42_fold0rep1/best.pth,False
0.9153673481713561,0.8439422754128656,0.8472596585708977,0.9953819765009185,0.5541245810219693,0.3584258836997457,4,8.0,1.050926298925878,1,1,1,1.0,1,1.0,0,195,cvc-colondb,segformer,polypseg/runs_repeat/segformer_seed42_fold0rep1/best.pth,False
0.9197753473194219,0.8514667250344629,0.8637574949937401,0.9835630294476727,0.6783041894167361,0.3177703929401879,4,10.0,1.3136578736573477,1,1,1,1.0,1,1.0,0,196,cvc-colondb,segformer,polypseg/runs_repeat/segformer_seed42_fold0rep1/best.pth,False
0.9316350563997408,0.8720194929461506,0.8798805830306159,0.9898584129009558,0.6216341143653876,0.3856583971522377,4,12.0,1.576389448388817,1,1,1,1.0,1,1.0,0,197,cvc-colondb,segformer,polypseg/runs_repeat/segformer_seed42_fold0rep1/best.pth,False
0.8610474631680765,0.7559994251939072,0.7561080770227636,0.9998099581718014,0.490834256673064,0.25044717732599137,4,14.0,1.8391210231202866,1,1,1,1.0,1,1.0,0,198,cvc-colondb,segformer,polypseg/runs_repeat/segformer_seed42_fold0rep1/best.pth,False
0.8962627016424808,0.8120253822863619,0.8130403082927503,0.998465080570498,0.5954999065017065,0.35174308744692806,4,17.0,2.2332183852174907,1,1,1,1.0,1,1.0,0,199,cvc-colondb,segformer,polypseg/runs_repeat/segformer_seed42_fold0rep1/best.pth,False
0.00019353590090774592,9.677731539633429e-05,0.00010774701001931098,0.0009496676162440961,0.0,0.0,4,225.7507473958071,29.655924680053296,1,1,0,0.0,0,0.0,1,2,cvc-colondb,segformer,polypseg/runs_repeat/segformer_seed42_fold0rep1/best.pth,False
0.9434046416780397,0.8928722185343638,0.8967657924992527,0.9951608024969077,0.431653582638313,0.27523189022978767,4,14.0,1.8391210231202866,1,1,1,1.0,1,1.0,0,20,cvc-colondb,segformer,polypseg/runs_repeat/segformer_seed42_fold0rep1/best.pth,False
0.892754180272028,0.8062836313000125,0.8099389712151711,0.9944337400771905,0.5847924430363993,0.3251276787506854,4,8.052919086053764,1.0578780563320058,1,1,1,1.0,1,1.0,0,200,cvc-colondb,segformer,polypseg/runs_repeat/segformer_seed42_fold0rep1/best.pth,False
0.8926429183389321,0.8061021445764736,0.8062804068817718,0.9997258020016527,0.6505908217050359,0.4831176365630868,4,10.0,1.3136578736573477,1,1,1,1.0,1,1.0,0,201,cvc-colondb,segformer,polypseg/runs_repeat/segformer_seed42_fold0rep1/best.pth,False
0.8319586769939517,0.7122681882973447,0.7122681882973447,0.9999999999899859,0.1323407280029138,0.07984027005473143,4,19.771971967740747,2.5973606653154993,1,1,1,1.0,1,1.0,0,202,cvc-colondb,segformer,polypseg/runs_repeat/segformer_seed42_fold0rep1/best.pth,False
0.8908506210928125,0.8031836270516977,0.8032749601910021,0.9998584571691457,0.48799783979856454,0.26487071823359115,4,14.0,1.8391210231202866,1,1,1,1.0,1,1.0,0,203,cvc-colondb,segformer,polypseg/runs_repeat/segformer_seed42_fold0rep1/best.pth,False
0.364742268039357,0.22304879586292364,0.23231991594830703,0.8482378326337032,0.146691164847307,0.10424706008502786,4,289.31038562709716,38.00548660098797,1,2,0,0.0,0,0.0,2,204,cvc-colondb,segformer,polypseg/runs_repeat/segformer_seed42_fold0rep1/best.pth,False
0.12498680460222478,0.06665916000431635,0.06665916000431635,0.9999999999577703,0.11884955065589732,0.06462982284477191,4,136.56152459372754,17.93951220212017,1,2,0,0.0,0,0.0,2,205,cvc-colondb,segformer,polypseg/runs_repeat/segformer_seed42_fold0rep1/best.pth,False
0.4571972098873684,0.2963419646486321,0.2976059438594165,0.9858705560170524,0.4364998398160557,0.27122166306164913,4,54.14424371501207,7.112701206944796,1,1,1,1.0,0,0.0,0,206,cvc-colondb,segformer,polypseg/runs_repeat/segformer_seed42_fold0rep1/best.pth,False
0.2897920884967663,0.16944845509575832,0.170234986944182,0.9734571997022742,0.2950842530991659,0.2356504039979128,4,121.27654348636426,15.931588624081012,1,1,0,0.0,0,0.0,1,207,cvc-colondb,segformer,polypseg/runs_repeat/segformer_seed42_fold0rep1/best.pth,False
0.48904593638711935,0.32366697847699566,0.3383035932452138,0.8820905034491975,0.358860847521295,0.27344312225487966,4,45.81196349185476,6.018124654877796,1,1,1,1.0,0,0.0,0,208,cvc-colondb,segformer,polypseg/runs_repeat/segformer_seed42_fold0rep1/best.pth,False
0.7133432072073066,0.5544160736593885,0.5544160736593885,0.99999999996225,0.2632021893230562,0.10971782240742482,4,372.5964974670014,48.94643225946764,1,2,1,1.0,1,1.0,1,209,cvc-colondb,segformer,polypseg/runs_repeat/segformer_seed42_fold0rep1/best.pth,False
0.9070424985843076,0.8298973175163977,0.8341801016088564,0.9938515799962163,0.4597726876809426,0.2939656026485453,4,20.542464725073287,2.6985770530420843,1,1,1,1.0,1,1.0,0,21,cvc-colondb,segformer,polypseg/runs_repeat/segformer_seed42_fold0rep1/best.pth,False
0.8379557933208647,0.7211049188184988,0.7215420050827791,0.9991606513177915,0.24784595288261305,0.17387759613463633,4,16.0,2.101852597851756,1,1,1,1.0,1,1.0,0,210,cvc-colondb,segformer,polypseg/runs_repeat/segformer_seed42_fold0rep1/best.pth,False
0.8975108765359281,0.8140768533987052,0.8629817583203542,0.934918276360551,0.5364099312386068,0.3955971482306684,4,10.0,1.3136578736573477,1,1,1,1.0,1,1.0,0,211,cvc-colondb,segformer,polypseg/runs_repeat/segformer_seed42_fold0rep1/best.pth,False
0.8999325893157818,0.8180704023911073,0.8576629309668237,0.9465847317344473,0.48418291746187175,0.3291021785441966,4,21.450874512903788,2.817911020071178,1,1,1,1.0,1,1.0,0,212,cvc-colondb,segformer,polypseg/runs_repeat/segformer_seed42_fold0rep1/best.pth,False
0.9084036992323747,0.8321791660466171,0.8557575757510927,0.9679520137020741,0.39970533178693257,0.2471996410281529,4,12.36931687685298,1.624905050704063,1,1,1,1.0,1,1.0,0,213,cvc-colondb,segformer,polypseg/runs_repeat/segformer_seed42_fold0rep1/best.pth,False
0.9194114258735958,0.8508431866558359,0.8663771834514321,0.9793618920015689,0.5709395607896577,0.4124683132645358,4,10.0,1.3136578736573477,1,1,1,1.0,1,1.0,0,214,cvc-colondb,segformer,polypseg/runs_repeat/segformer_seed42_fold0rep1/best.pth,False
0.8925418272235864,0.8059372797673895,0.8272151898659383,0.9690710729692926,0.4474365113675081,0.24246521257798131,4,15.033296378372908,1.9748608154474059,1,1,1,1.0,1,1.0,0,215,cvc-colondb,segformer,polypseg/runs_repeat/segformer_seed42_fold0rep1/best.pth,False
0.9356065573729591,0.8790044356753819,0.9258522235600808,0.9455686135818188,0.5725474647855259,0.3350049650464004,4,7.0,0.9195605115601433,1,1,1,1.0,1,1.0,0,216,cvc-colondb,segformer,polypseg/runs_repeat/segformer_seed42_fold0rep1/best.pth,False
0.9159294698145517,0.8448984123365726,0.8473443937106407,0.9965950759429466,0.5372997906385059,0.2946009498925051,4,6.708203932499369,0.8812284914026979,1,1,1,1.0,1,1.0,0,217,cvc-colondb,segformer,polypseg/runs_repeat/segformer_seed42_fold0rep1/best.pth,False
0.9408337710688581,0.888277727678592,0.9003747372228298,0.9850999999950745,0.508590350676803,0.3365092342687563,4,9.219544457292887,1.2111327167856758,1,1,1,1.0,1,1.0,0,218,cvc-colondb,segformer,polypseg/runs_repeat/segformer_seed42_fold0rep1/best.pth,False
0.9393049847607166,0.8855561412710302,0.9208968314827272,0.9584640839792408,0.4485081676939204,0.30492034573192317,4,9.0,1.1822920862916129,1,1,1,1.0,1,1.0,0,219,cvc-colondb,segformer,polypseg/runs_repeat/segformer_seed42_fold0rep1/best.pth,False
0.9037701175004071,0.8244348488655096,0.8390115287140618,0.9793615352062074,0.31972035646750524,0.22496116362937899,4,13.0,1.7077552357545518,1,1,1,1.0,1,1.0,0,22,cvc-colondb,segformer,polypseg/runs_repeat/segformer_seed42_fold0rep1/best.pth,False
0.928871658841343,0.867189881127193,0.880269162341401,0.9831548030322809,0.5396516981875522,0.31782535513139076,4,9.0,1.1822920862916129,1,1,1,1.0,1,1.0,0,220,cvc-colondb,segformer,polypseg/runs_repeat/segformer_seed42_fold0rep1/best.pth,False
0.8835325877328055,0.7913644214107677,0.8132765353154896,0.9670747150614851,0.4585706646559553,0.26497770581085517,4,18.350000000000023,2.410562198161236,1,1,1,1.0,1,1.0,0,221,cvc-colondb,segformer,polypseg/runs_repeat/segformer_seed42_fold0rep1/best.pth,False
0.9234513274295422,0.8577887381762614,0.9914489311069695,0.8641821946098204,0.6468999849137563,0.4373118858839364,4,15.556349186104045,2.043572059368865,1,1,1,1.0,1,1.0,0,222,cvc-colondb,segformer,polypseg/runs_repeat/segformer_seed42_fold0rep1/best.pth,False
0.9183175288662176,0.8489714434437203,0.9493351450941537,0.8892626602337552,0.5960426746894073,0.1997218042389186,4,10.037406715840667,1.318571836336523,1,1,1,1.0,1,1.0,0,223,cvc-colondb,segformer,polypseg/runs_repeat/segformer_seed42_fold0rep1/best.pth,False
0.9330882352855414,0.8745692625624644,0.8968197879700208,0.9724137930848197,0.8251825709507434,0.49147694280717874,4,5.0,0.6568289368286738,1,1,1,1.0,1,1.0,0,224,cvc-colondb,segformer,polypseg/runs_repeat/segformer_seed42_fold0rep1/best.pth,False
0.8810344827434304,0.7873651771714217,0.941414885742763,0.8279325988066127,0.7504460476758005,0.5388993810426757,4,12.074486277268395,1.5861743968501223,1,1,1,1.0,1,1.0,0,225,cvc-colondb,segformer,polypseg/runs_repeat/segformer_seed42_fold0rep1/best.pth,False
0.9243405327846493,0.8593244990234379,0.9751512928573707,0.8785625774400779,0.6440191674100175,0.47123892026354985,4,13.152946437965905,1.7278471650027274,1,1,1,1.0,1,1.0,0,226,cvc-colondb,segformer,polypseg/runs_repeat/segformer_seed42_fold0rep1/best.pth,False
0.9217728777879365,0.8548967641407967,0.9460771685044964,0.8986860434454677,0.38218809036050644,0.2668824213801371,4,25.060925384067612,3.2921481951919707,1,1,1,1.0,1,1.0,0,227,cvc-colondb,segformer,polypseg/runs_repeat/segformer_seed42_fold0rep1/best.pth,False
0.9541694048585705,0.9123556045226774,0.9367719583530363,0.9722252797633971,0.45148818974466276,0.2540111699415204,4,12.649110640673518,1.6616603787883704,1,1,1,1.0,1,1.0,0,228,cvc-colondb,segformer,polypseg/runs_repeat/segformer_seed42_fold0rep1/best.pth,False
0.9553737448846011,0.9145603417550153,0.9377053169447308,0.973720783318704,0.6702344542331017,0.38490134784545016,4,8.558584125748805,1.1243051424148705,1,1,1,1.0,1,1.0,0,229,cvc-colondb,segformer,polypseg/runs_repeat/segformer_seed42_fold0rep1/best.pth,False
0.9058295964098114,0.8278688524544313,0.8318308291550816,0.9942796328256334,0.2663347878116334,0.12310635627877813,4,16.492422502470642,2.1665400676054176,1,1,1,1.0,1,1.0,0,23,cvc-colondb,segformer,polypseg/runs_repeat/segformer_seed42_fold0rep1/best.pth,False
0.9406763032214642,0.8879970362997777,0.9398157224012297,0.9415384615322976,0.6545047409754862,0.4268764633455418,4,11.302117787419775,1.4847116020446747,1,1,1,1.0,1,1.0,0,230,cvc-colondb,segformer,polypseg/runs_repeat/segformer_seed42_fold0rep1/best.pth,False
0.8736795119708847,0.7756935270703343,0.8892927457081737,0.8586050592066296,0.4782962800837836,0.18496834174253252,4,15.231546211727817,2.0009040609011994,1,1,1,1.0,1,1.0,0,231,cvc-colondb,segformer,polypseg/runs_repeat/segformer_seed42_fold0rep1/best.pth,False
0.953496253338278,0.9111255037355273,0.9502401681105506,0.9567747298348313,0.8675054592329773,0.39721528170887316,4,5.425918223488179,0.7127800196106134,1,1,1,1.0,1,1.0,0,232,cvc-colondb,segformer,polypseg/runs_repeat/segformer_seed42_fold0rep1/best.pth,False
0.9506309201025851,0.9059071191572728,0.9542400214960741,0.9470490163324637,0.7104508122493456,0.5213895371614171,4,7.625496934366037,1.001729408837991,1,1,1,1.0,1,1.0,0,233,cvc-colondb,segformer,polypseg/runs_repeat/segformer_seed42_fold0rep1/best.pth,False
0.942585417396804,0.8914057295070589,0.90636760499092,0.9818181818101768,0.6685082933534788,0.481533080496671,4,9.219544457292887,1.2111327167856758,1,1,1,1.0,1,1.0,0,234,cvc-colondb,segformer,polypseg/runs_repeat/segformer_seed42_fold0rep1/best.pth,False
0.9449523438958376,0.895648967540614,0.9297014544408051,0.9607119314309729,0.7925237715437966,0.4598477140416748,4,5.385164807134504,0.7074264149834693,1,1,1,1.0,1,1.0,0,235,cvc-colondb,segformer,polypseg/runs_repeat/segformer_seed42_fold0rep1/best.pth,False
0.9276811459377553,0.8651168842396447,0.8653045288874488,0.9997493985515249,0.5194630250823902,0.2202134670909228,4,16.255674831174318,2.1354395233585715,1,1,1,1.0,1,1.0,0,236,cvc-colondb,segformer,polypseg/runs_repeat/segformer_seed42_fold0rep1/best.pth,False
0.9444761632872617,0.8947937795783778,0.9089036015469111,0.9829466116017025,0.5125119239369091,0.36381083663074537,4,14.866068747318506,1.9528928260246379,1,1,1,1.0,1,1.0,0,237,cvc-colondb,segformer,polypseg/runs_repeat/segformer_seed42_fold0rep1/best.pth,False
0.9490878166953627,0.903108586781168,0.9105883801813153,0.990986462937304,0.42618706884160024,0.21452603558587063,4,9.219544457292887,1.2111327167856758,1,1,1,1.0,1,1.0,0,238,cvc-colondb,segformer,polypseg/runs_repeat/segformer_seed42_fold0rep1/best.pth,False
0.9479025555049069,0.9009646021522371,0.901830573634052,0.9989353464914879,0.5486321192922243,0.28400592911358213,4,9.0,1.1822920862916129,1,1,1,1.0,1,1.0,0,239,cvc-colondb,segformer,polypseg/runs_repeat/segformer_seed42_fold0rep1/best.pth,False
0.8997657360096398,0.8177946874207902,0.8321139366357717,0.9793913552337622,0.3405773897952787,0.17729826151506745,4,26.236032118326637,3.446517016576685,1,1,1,1.0,1,1.0,0,24,cvc-colondb,segformer,polypseg/runs_repeat/segformer_seed42_fold0rep1/best.pth,False
0.9486233323841782,0.9022678185691009,0.9293085336406766,0.9687580520422007,0.6703389706260956,0.3717606069489142,4,7.276659522362887,0.955904107547572,1,1,1,1.0,1,1.0,0,240,cvc-colondb,segformer,polypseg/runs_repeat/segformer_seed42_fold0rep1/best.pth,False
0.9351743505689905,0.8782417582340374,0.9549756237362108,0.9161775495147085,0.7277577197871775,0.4385830387939817,4,11.0,1.4450236610230822,1,1,1,1.0,1,1.0,0,241,cvc-colondb,segformer,polypseg/runs_repeat/segformer_seed42_fold0rep1/best.pth,False
0.9400961538416341,0.8869636215105963,0.8909240021788689,0.9950132301954506,0.7508911234138689,0.5802642348792436,4,11.235693478372056,1.4759857203863964,1,1,1,1.0,1,1.0,0,242,cvc-colondb,segformer,polypseg/runs_repeat/segformer_seed42_fold0rep1/best.pth,False
0.9119544371423726,0.8381583164102322,0.8410333368974056,0.9959380553313539,0.5481330463118778,0.32564535632241914,4,13.22208164168211,1.736929165473597,1,1,1,1.0,1,1.0,0,243,cvc-colondb,segformer,polypseg/runs_repeat/segformer_seed42_fold0rep1/best.pth,False
0.8271479753881757,0.7052449567642046,0.8870523415849347,0.7748226950256482,0.46287678992080167,0.3357083118118856,4,30.617330453575022,4.022069722070771,1,1,1,1.0,1,1.0,0,244,cvc-colondb,segformer,polypseg/runs_repeat/segformer_seed42_fold0rep1/best.pth,False
0.9400961538416341,0.8869636215105963,0.8909240021788689,0.9950132301954506,0.7508911234138689,0.5802642348792436,4,11.235693478372056,1.4759857203863964,1,1,1,1.0,1,1.0,0,245,cvc-colondb,segformer,polypseg/runs_repeat/segformer_seed42_fold0rep1/best.pth,False
0.9119544371423726,0.8381583164102322,0.8410333368974056,0.9959380553313539,0.5481330463118778,0.32564535632241914,4,13.22208164168211,1.736929165473597,1,1,1,1.0,1,1.0,0,246,cvc-colondb,segformer,polypseg/runs_repeat/segformer_seed42_fold0rep1/best.pth,False
0.8271479753881757,0.7052449567642046,0.8870523415849347,0.7748226950256482,0.46287678992080167,0.3357083118118856,4,30.617330453575022,4.022069722070771,1,1,1,1.0,1,1.0,0,247,cvc-colondb,segformer,polypseg/runs_repeat/segformer_seed42_fold0rep1/best.pth,False
0.9400961538416341,0.8869636215105963,0.8909240021788689,0.9950132301954506,0.7508911234138689,0.5802642348792436,4,11.235693478372056,1.4759857203863964,1,1,1,1.0,1,1.0,0,248,cvc-colondb,segformer,polypseg/runs_repeat/segformer_seed42_fold0rep1/best.pth,False
0.9119544371423726,0.8381583164102322,0.8410333368974056,0.9959380553313539,0.5481330463118778,0.32564535632241914,4,13.22208164168211,1.736929165473597,1,1,1,1.0,1,1.0,0,249,cvc-colondb,segformer,polypseg/runs_repeat/segformer_seed42_fold0rep1/best.pth,False
0.7592832566211212,0.6119714759013759,0.6462802373296342,0.920177623730963,0.39919469701090654,0.27149316389526074,4,56.859475903318,7.469389821242391,1,1,1,1.0,1,1.0,0,25,cvc-colondb,segformer,polypseg/runs_repeat/segformer_seed42_fold0rep1/best.pth,False
0.8271479753881757,0.7052449567642046,0.8870523415849347,0.7748226950256482,0.46287678992080167,0.3357083118118856,4,30.617330453575022,4.022069722070771,1,1,1,1.0,1,1.0,0,250,cvc-colondb,segformer,polypseg/runs_repeat/segformer_seed42_fold0rep1/best.pth,False
0.9400961538416341,0.8869636215105963,0.8909240021788689,0.9950132301954506,0.7508911234138689,0.5802642348792436,4,11.235693478372056,1.4759857203863964,1,1,1,1.0,1,1.0,0,251,cvc-colondb,segformer,polypseg/runs_repeat/segformer_seed42_fold0rep1/best.pth,False
0.9119544371423726,0.8381583164102322,0.8410333368974056,0.9959380553313539,0.5481330463118778,0.32564535632241914,4,13.22208164168211,1.736929165473597,1,1,1,1.0,1,1.0,0,252,cvc-colondb,segformer,polypseg/runs_repeat/segformer_seed42_fold0rep1/best.pth,False
0.8271479753881757,0.7052449567642046,0.8870523415849347,0.7748226950256482,0.46287678992080167,0.3357083118118856,4,30.617330453575022,4.022069722070771,1,1,1,1.0,1,1.0,0,253,cvc-colondb,segformer,polypseg/runs_repeat/segformer_seed42_fold0rep1/best.pth,False
0.9400961538416341,0.8869636215105963,0.8909240021788689,0.9950132301954506,0.7508911234138689,0.5802642348792436,4,11.235693478372056,1.4759857203863964,1,1,1,1.0,1,1.0,0,254,cvc-colondb,segformer,polypseg/runs_repeat/segformer_seed42_fold0rep1/best.pth,False
0.9119544371423726,0.8381583164102322,0.8410333368974056,0.9959380553313539,0.5481330463118778,0.32564535632241914,4,13.22208164168211,1.736929165473597,1,1,1,1.0,1,1.0,0,255,cvc-colondb,segformer,polypseg/runs_repeat/segformer_seed42_fold0rep1/best.pth,False
0.8271479753881757,0.7052449567642046,0.8870523415849347,0.7748226950256482,0.46287678992080167,0.3357083118118856,4,30.617330453575022,4.022069722070771,1,1,1,1.0,1,1.0,0,256,cvc-colondb,segformer,polypseg/runs_repeat/segformer_seed42_fold0rep1/best.pth,False
0.9400961538416341,0.8869636215105963,0.8909240021788689,0.9950132301954506,0.7508911234138689,0.5802642348792436,4,11.235693478372056,1.4759857203863964,1,1,1,1.0,1,1.0,0,257,cvc-colondb,segformer,polypseg/runs_repeat/segformer_seed42_fold0rep1/best.pth,False
0.9119544371423726,0.8381583164102322,0.8410333368974056,0.9959380553313539,0.5481330463118778,0.32564535632241914,4,13.22208164168211,1.736929165473597,1,1,1,1.0,1,1.0,0,258,cvc-colondb,segformer,polypseg/runs_repeat/segformer_seed42_fold0rep1/best.pth,False
0.8271479753881757,0.7052449567642046,0.8870523415849347,0.7748226950256482,0.46287678992080167,0.3357083118118856,4,30.617330453575022,4.022069722070771,1,1,1,1.0,1,1.0,0,259,cvc-colondb,segformer,polypseg/runs_repeat/segformer_seed42_fold0rep1/best.pth,False
0.9305863708325627,0.8701837581376677,0.8928082712347148,0.9717027966081135,0.7473364400885646,0.4563455845654467,4,7.211102550927978,0.9472921643777122,1,1,1,1.0,1,1.0,0,26,cvc-colondb,segformer,polypseg/runs_repeat/segformer_seed42_fold0rep1/best.pth,False
0.9400961538416341,0.8869636215105963,0.8909240021788689,0.9950132301954506,0.7508911234138689,0.5802642348792436,4,11.235693478372056,1.4759857203863964,1,1,1,1.0,1,1.0,0,260,cvc-colondb,segformer,polypseg/runs_repeat/segformer_seed42_fold0rep1/best.pth,False
0.9119544371423726,0.8381583164102322,0.8410333368974056,0.9959380553313539,0.5481330463118778,0.32564535632241914,4,13.22208164168211,1.736929165473597,1,1,1,1.0,1,1.0,0,261,cvc-colondb,segformer,polypseg/runs_repeat/segformer_seed42_fold0rep1/best.pth,False
0.8271479753881757,0.7052449567642046,0.8870523415849347,0.7748226950256482,0.46287678992080167,0.3357083118118856,4,30.617330453575022,4.022069722070771,1,1,1,1.0,1,1.0,0,262,cvc-colondb,segformer,polypseg/runs_repeat/segformer_seed42_fold0rep1/best.pth,False
0.9400961538416341,0.8869636215105963,0.8909240021788689,0.9950132301954506,0.7508911234138689,0.5802642348792436,4,11.235693478372056,1.4759857203863964,1,1,1,1.0,1,1.0,0,263,cvc-colondb,segformer,polypseg/runs_repeat/segformer_seed42_fold0rep1/best.pth,False
0.3540535808074153,0.21510638297757922,0.21510638297757922,0.999999999975272,0.34522693084107225,0.23828929919884362,4,113.18567883536474,14.86872581873287,1,1,0,0.0,0,0.0,1,264,cvc-colondb,segformer,polypseg/runs_repeat/segformer_seed42_fold0rep1/best.pth,False
0.1538370813017891,0.08332800954005978,0.08342216347571009,0.9866364094557076,0.1486273103772276,0.08790609666974383,4,317.5169286825507,41.710861338333125,1,1,0,0.0,0,0.0,1,265,cvc-colondb,segformer,polypseg/runs_repeat/segformer_seed42_fold0rep1/best.pth,False
0.4190878816271779,0.2650924594458359,0.2650924594458359,0.9999999999904834,0.10159319538742548,0.03176666735620519,4,200.63972647121804,26.357195644737214,1,1,1,1.0,0,0.0,0,266,cvc-colondb,segformer,polypseg/runs_repeat/segformer_seed42_fold0rep1/best.pth,False
0.5886507549855254,0.41708369283145674,0.4202016689773957,0.9825203251633122,0.290757817158748,0.1749526772241082,4,307.81909966373274,40.43689839353783,1,2,1,1.0,1,1.0,1,267,cvc-colondb,segformer,polypseg/runs_repeat/segformer_seed42_fold0rep1/best.pth,False
0.4420001560149621,0.2836971760436241,0.28435210277743295,0.9919467786767526,0.22559212150934205,0.14074276242240358,4,65.12411208460722,8.55508026048879,1,1,1,1.0,0,0.0,0,268,cvc-colondb,segformer,polypseg/runs_repeat/segformer_seed42_fold0rep1/best.pth,False
0.2888953828162218,0.16883560474034623,0.16891060688843318,0.9973769168483176,0.36272967731603173,0.22505044777492011,4,129.75515364871544,17.045387923825395,1,1,0,0.0,0,0.0,1,269,cvc-colondb,segformer,polypseg/runs_repeat/segformer_seed42_fold0rep1/best.pth,False
0.434328942217071,0.277407530820748,0.34255735006334165,0.5932656333405797,0.17402941101443734,0.08900220739428756,4,315.65606221309025,41.46640714938996,1,2,1,1.0,1,1.0,1,27,cvc-colondb,segformer,polypseg/runs_repeat/segformer_seed42_fold0rep1/best.pth,False
0.4295812216585362,0.27354564755792177,0.27541213489247657,0.975824042650413,0.07332015404308555,0.02426338332687119,4,153.79043253492515,20.202801259267353,1,1,1,1.0,0,0.0,0,270,cvc-colondb,segformer,polypseg/runs_repeat/segformer_seed42_fold0rep1/best.pth,False
0.3540535808074153,0.21510638297757922,0.21510638297757922,0.999999999975272,0.34522693084107225,0.23828929919884362,4,113.18567883536474,14.86872581873287,1,1,0,0.0,0,0.0,1,271,cvc-colondb,segformer,polypseg/runs_repeat/segformer_seed42_fold0rep1/best.pth,False
0.1538370813017891,0.08332800954005978,0.08342216347571009,0.9866364094557076,0.1486273103772276,0.08790609666974383,4,317.5169286825507,41.710861338333125,1,1,0,0.0,0,0.0,1,272,cvc-colondb,segformer,polypseg/runs_repeat/segformer_seed42_fold0rep1/best.pth,False
0.2186666666662315,0.1227544910176898,0.12305142447562477,0.9807211709928468,0.21094581095265946,0.1821199129260071,4,317.5366119832349,41.713447050625454,1,2,0,0.0,0,0.0,2,273,cvc-colondb,segformer,polypseg/runs_repeat/segformer_seed42_fold0rep1/best.pth,False
0.43790890398019217,0.2803350618257665,0.8574914592379514,0.2940339720513177,0.24697982382560058,0.11110920569865362,4,222.22923581460645,29.193318538471317,1,1,1,1.0,0,0.0,0,274,cvc-colondb,segformer,polypseg/runs_repeat/segformer_seed42_fold0rep1/best.pth,False
0.6248144115593763,0.45434915607854626,0.9320782576527716,0.469907321247367,0.4339407854054805,0.3433136616094583,4,178.24151980386685,23.414837590300177,1,1,1,1.0,0,0.0,0,275,cvc-colondb,segformer,polypseg/runs_repeat/segformer_seed42_fold0rep1/best.pth,False
0.7168480487314236,0.5586618545237128,0.9685695032683453,0.5689767297181865,0.3564467315826202,0.278988727409472,4,144.6276178455719,18.999120893114146,1,1,1,1.0,1,1.0,0,276,cvc-colondb,segformer,polypseg/runs_repeat/segformer_seed42_fold0rep1/best.pth,False
0.6489576328159354,0.48033847685216385,0.9082352941105236,0.5048391315698629,0.3448280843925781,0.20575500304266173,4,164.35247379215363,21.590292125212546,1,1,1,1.0,0,0.0,0,277,cvc-colondb,segformer,polypseg/runs_repeat/segformer_seed42_fold0rep1/best.pth,False
0.18837016169710905,0.10397828392668312,0.12359766651682032,0.3957848638264966,0.08925615408785749,0.06650578235541063,4,221.34723353072766,29.077453613991207,1,1,0,0.0,0,0.0,1,278,cvc-colondb,segformer,polypseg/runs_repeat/segformer_seed42_fold0rep1/best.pth,False
0.7198768689511249,0.5623497080013625,0.9117600254542348,0.5947166286039303,0.41401839063641466,0.259162673424767,4,112.9229612011709,14.834213709862134,1,1,1,1.0,1,1.0,0,279,cvc-colondb,segformer,polypseg/runs_repeat/segformer_seed42_fold0rep1/best.pth,False
0.9050137158328568,0.8265068968614696,0.8569237990897921,0.9588220876047522,0.3198094295271278,0.17294683701861965,4,20.488419216776755,2.6914773222911292,1,1,1,1.0,1,1.0,0,28,cvc-colondb,segformer,polypseg/runs_repeat/segformer_seed42_fold0rep1/best.pth,False
0.7782459096946203,0.6369906316418358,0.9133086114469442,0.6779837278969965,0.4160112497009609,0.21866864028917168,4,92.16026454727584,12.106705716087301,1,1,1,1.0,1,1.0,0,280,cvc-colondb,segformer,polypseg/runs_repeat/segformer_seed42_fold0rep1/best.pth,False
0.8186508982681682,0.6929796594995027,0.951997196908269,0.7180706970550507,0.5330218114103038,0.3171193019505009,4,74.08643987417648,9.73242350719536,1,1,1,1.0,1,1.0,0,281,cvc-colondb,segformer,polypseg/runs_repeat/segformer_seed42_fold0rep1/best.pth,False
0.9065758672009652,0.8291163876914255,0.9000633847358962,0.9131832797329776,0.48214335834154937,0.2282112084308818,4,10.63014581273465,1.3964374745024557,1,1,1,1.0,1,1.0,0,282,cvc-colondb,segformer,polypseg/runs_repeat/segformer_seed42_fold0rep1/best.pth,False
0.9002613999366815,0.818613986891838,0.946963216412722,0.857949512833725,0.5521617781963915,0.33340344412992756,4,13.0,1.7077552357545518,1,1,1,1.0,1,1.0,0,283,cvc-colondb,segformer,polypseg/runs_repeat/segformer_seed42_fold0rep1/best.pth,False
0.8720268804379394,0.7730918984811508,0.8249073981338226,0.9248554913242895,0.29708421172361477,0.1477341568989345,4,25.632011235952593,3.367169337778272,1,1,1,1.0,1,1.0,0,284,cvc-colondb,segformer,polypseg/runs_repeat/segformer_seed42_fold0rep1/best.pth,False
0.8477142666261824,0.7356806060109157,0.8490566037697976,0.8463761671816523,0.17789131983041914,0.10048908891889487,4,48.18847829320953,6.330317392944088,1,1,1,1.0,1,1.0,0,285,cvc-colondb,segformer,polypseg/runs_repeat/segformer_seed42_fold0rep1/best.pth,False
0.4945816762132036,0.3285343803768183,0.6650802217719195,0.39366305578836097,0.07571046875186244,0.035076929323088576,4,223.03587155433092,29.299282877537564,1,1,1,1.0,0,0.0,0,286,cvc-colondb,segformer,polypseg/runs_repeat/segformer_seed42_fold0rep1/best.pth,False
0.4944277230931033,0.3283985303640645,0.8916381418005707,0.342049973736242,0.2628158728198849,0.15688771194327772,4,215.82396165424052,28.35188465510145,1,1,1,1.0,0,0.0,0,287,cvc-colondb,segformer,polypseg/runs_repeat/segformer_seed42_fold0rep1/best.pth,False
0.5699988141810269,0.3986002388204902,0.9246691289556427,0.41197847029239265,0.4230276735108425,0.17465104965882522,4,187.38943289824357,24.616560396696286,1,1,1,1.0,0,0.0,0,288,cvc-colondb,segformer,polypseg/runs_repeat/segformer_seed42_fold0rep1/best.pth,False
0.7629547960294206,0.6167557932244859,0.965922217939132,0.63047439522265,0.546624796061076,0.30599981414474375,4,139.34561082470816,18.30524588194704,1,1,1,1.0,1,1.0,0,289,cvc-colondb,segformer,polypseg/runs_repeat/segformer_seed42_fold0rep1/best.pth,False
0.45657786762158337,0.2958217703655681,0.301965715798131,0.9356466100613771,0.18752017004897634,0.10517256216818237,4,256.0603123555184,33.63756454569866,1,3,1,1.0,0,0.0,2,29,cvc-colondb,segformer,polypseg/runs_repeat/segformer_seed42_fold0rep1/best.pth,False
0.719042781350268,0.5613323933708083,0.8793484262777516,0.6081726179081145,0.2756333517877444,0.12969497818625844,4,142.6837396991245,18.743761809863035,1,1,1,1.0,1,1.0,0,290,cvc-colondb,segformer,polypseg/runs_repeat/segformer_seed42_fold0rep1/best.pth,False
0.7281747101625016,0.5725430340007948,0.8273495895060203,0.650231124804265,0.20114928931304185,0.11241816249208572,4,124.66734760937685,16.37702427750354,1,1,1,1.0,1,1.0,0,291,cvc-colondb,segformer,polypseg/runs_repeat/segformer_seed42_fold0rep1/best.pth,False
0.16729139401002874,0.09128095621052819,0.10206676279501052,0.46346099689901815,0.20689256707085138,0.08749473396807858,4,243.29765719172985,31.96098830123021,1,1,0,0.0,0,0.0,1,292,cvc-colondb,segformer,polypseg/runs_repeat/segformer_seed42_fold0rep1/best.pth,False
0.5582575130946836,0.38721028072979724,0.6431611714589723,0.49315602318430923,0.03664408372011365,0.015060886772508247,4,181.8253792532828,23.88563410868083,1,1,1,1.0,0,0.0,0,293,cvc-colondb,segformer,polypseg/runs_repeat/segformer_seed42_fold0rep1/best.pth,False
0.43790890398019217,0.2803350618257665,0.8574914592379514,0.2940339720513177,0.24697982382560058,0.11110920569865362,4,222.22923581460645,29.193318538471317,1,1,1,1.0,0,0.0,0,294,cvc-colondb,segformer,polypseg/runs_repeat/segformer_seed42_fold0rep1/best.pth,False
0.6248144115593763,0.45434915607854626,0.9320782576527716,0.469907321247367,0.4339407854054805,0.3433136616094583,4,178.24151980386685,23.414837590300177,1,1,1,1.0,0,0.0,0,295,cvc-colondb,segformer,polypseg/runs_repeat/segformer_seed42_fold0rep1/best.pth,False
0.7168480487314236,0.5586618545237128,0.9685695032683453,0.5689767297181865,0.3564467315826202,0.278988727409472,4,144.6276178455719,18.999120893114146,1,1,1,1.0,1,1.0,0,296,cvc-colondb,segformer,polypseg/runs_repeat/segformer_seed42_fold0rep1/best.pth,False
0.6489576328159354,0.48033847685216385,0.9082352941105236,0.5048391315698629,0.3448280843925781,0.20575500304266173,4,164.35247379215363,21.590292125212546,1,1,1,1.0,0,0.0,0,297,cvc-colondb,segformer,polypseg/runs_repeat/segformer_seed42_fold0rep1/best.pth,False
0.18837016169710905,0.10397828392668312,0.12359766651682032,0.3957848638264966,0.08925615408785749,0.06650578235541063,4,221.34723353072766,29.077453613991207,1,1,0,0.0,0,0.0,1,298,cvc-colondb,segformer,polypseg/runs_repeat/segformer_seed42_fold0rep1/best.pth,False
0.7198768689511249,0.5623497080013625,0.9117600254542348,0.5947166286039303,0.41401839063641466,0.259162673424767,4,112.9229612011709,14.834213709862134,1,1,1,1.0,1,1.0,0,299,cvc-colondb,segformer,polypseg/runs_repeat/segformer_seed42_fold0rep1/best.pth,False
0.8269552162682294,0.7049647445150924,0.7049647445150924,0.9999999999931493,0.08435208675059072,0.018836910470401882,4,23.430749027719962,3.077998794595357,1,1,1,1.0,1,1.0,0,3,cvc-colondb,segformer,polypseg/runs_repeat/segformer_seed42_fold0rep1/best.pth,False
0.7669108811072337,0.621942785283735,0.6245738098205292,0.9932724168993545,0.3884416794849222,0.2652842934042598,4,36.0,4.7291683451664515,1,1,1,1.0,1,1.0,0,30,cvc-colondb,segformer,polypseg/runs_repeat/segformer_seed42_fold0rep1/best.pth,False
0.7782459096946203,0.6369906316418358,0.9133086114469442,0.6779837278969965,0.4160112497009609,0.21866864028917168,4,92.16026454727584,12.106705716087301,1,1,1,1.0,1,1.0,0,300,cvc-colondb,segformer,polypseg/runs_repeat/segformer_seed42_fold0rep1/best.pth,False
0.5810555112271887,0.4094984094337055,0.974783916776791,0.41388269426417185,0.0777754908596376,0.05803734701242855,4,143.92271375506385,18.906520612247228,1,1,1,1.0,0,0.0,0,301,cvc-colondb,segformer,polypseg/runs_repeat/segformer_seed42_fold0rep1/best.pth,False
0.5858521829509409,0.4142793107537051,0.9999999999984088,0.4142793107537051,0.0,0.0,4,133.64804511915523,17.55678067696907,1,1,1,1.0,0,0.0,0,302,cvc-colondb,segformer,polypseg/runs_repeat/segformer_seed42_fold0rep1/best.pth,False
0.5954756191316565,0.4239695851797925,0.9901909130338589,0.4257577473794995,0.03834234434754217,0.02096882255398377,4,154.95476406839805,20.355754587916774,1,1,1,1.0,0,0.0,0,303,cvc-colondb,segformer,polypseg/runs_repeat/segformer_seed42_fold0rep1/best.pth,False
0.46571921270118133,0.3035423610570685,0.9999999999976785,0.3035423610570685,0.03755863914361639,0.024093235019420255,4,192.7615106809448,25.322267624410806,1,1,1,1.0,0,0.0,0,304,cvc-colondb,segformer,polypseg/runs_repeat/segformer_seed42_fold0rep1/best.pth,False
0.5395373970901686,0.3694291082943118,0.9870515032255189,0.3712281929587799,0.04390573750382604,0.025471966685343118,4,193.98233973019885,25.482642793705022,1,1,1,1.0,0,0.0,0,305,cvc-colondb,segformer,polypseg/runs_repeat/segformer_seed42_fold0rep1/best.pth,False
0.5454876999432747,0.3750313420670289,0.7909932242591456,0.4162832566509682,0.09305480482806515,0.055344136047234975,4,167.7119187860997,22.03160826195415,1,4,1,1.0,0,0.0,3,306,cvc-colondb,segformer,polypseg/runs_repeat/segformer_seed42_fold0rep1/best.pth,False
0.617181343883497,0.44632124476595086,0.9782803050197784,0.45078818868007076,0.1851665448725299,0.08405089164734918,4,132.06870247777488,17.34930908736386,1,1,1,1.0,0,0.0,0,307,cvc-colondb,segformer,polypseg/runs_repeat/segformer_seed42_fold0rep1/best.pth,False
0.3849203714988595,0.23832903635598526,0.5947004307520564,0.2845467523195177,0.058835623480373696,0.03968249029988509,4,145.6639969244288,19.135265646817555,1,1,0,0.0,0,0.0,1,308,cvc-colondb,segformer,polypseg/runs_repeat/segformer_seed42_fold0rep1/best.pth,False
0.6224063052913157,0.45180687722509805,0.9218857023707618,0.4697919354097252,0.09338254998164032,0.053358957941796355,4,83.41521336370246,10.957905181803534,1,2,1,1.0,0,0.0,1,309,cvc-colondb,segformer,polypseg/runs_repeat/segformer_seed42_fold0rep1/best.pth,False
0.8950509201325887,0.8100381605277146,0.819526240015577,0.9859088404236329,0.25968247164891134,0.08510449887677102,4,12.041594578792296,1.5818535529820132,1,1,1,1.0,1,1.0,0,31,cvc-colondb,segformer,polypseg/runs_repeat/segformer_seed42_fold0rep1/best.pth,False
0.7738634751890188,0.6311397299809791,0.9974319689390136,0.6321669756352444,0.02631039524232078,0.013611327745971506,4,133.66600112494996,17.559139481808238,1,1,1,1.0,1,1.0,0,310,cvc-colondb,segformer,polypseg/runs_repeat/segformer_seed42_fold0rep1/best.pth,False
0.831628386349802,0.7117841418208106,0.8725503215639311,0.7943729112146305,0.10064169712835955,0.04592422180883569,4,63.19453899585216,8.301600372404748,1,1,1,1.0,1,1.0,0,311,cvc-colondb,segformer,polypseg/runs_repeat/segformer_seed42_fold0rep1/best.pth,False
0.8814818830041337,0.7880801120786776,0.982878744586713,0.7990494313555438,0.2674673409104809,0.1518928387279137,4,51.088159097779204,6.711236244945691,1,1,1,1.0,1,1.0,0,312,cvc-colondb,segformer,polypseg/runs_repeat/segformer_seed42_fold0rep1/best.pth,False
0.0,0.0,0.0,0.0,0.0,0.0,4,,,1,0,0,0.0,0,0.0,0,313,cvc-colondb,segformer,polypseg/runs_repeat/segformer_seed42_fold0rep1/best.pth,False
0.06555294937052211,0.033887176880437686,0.99999999996875,0.033887176880437686,0.0,0.0,4,249.89117563688097,32.827151043287984,1,1,0,0.0,0,0.0,1,314,cvc-colondb,segformer,polypseg/runs_repeat/segformer_seed42_fold0rep1/best.pth,False
0.8056428342410984,0.6745409642426252,0.9401728589049647,0.7047934255172008,0.25267477166121793,0.1740774109226833,4,79.97124232848944,10.505485215097991,1,1,1,1.0,1,1.0,0,315,cvc-colondb,segformer,polypseg/runs_repeat/segformer_seed42_fold0rep1/best.pth,False
0.43911383980054725,0.2813234244734648,0.736602260295586,0.3127890550916021,0.06292756592111323,0.03487621240992826,4,117.87565007584335,15.484827583460994,1,2,1,1.0,0,0.0,1,316,cvc-colondb,segformer,polypseg/runs_repeat/segformer_seed42_fold0rep1/best.pth,False
0.7378763120719404,0.5846307450922346,0.9784964007621226,0.5922398079395899,0.04136572158121517,0.03103577054203455,4,69.2820311748828,9.10128857558586,1,1,1,1.0,1,1.0,0,317,cvc-colondb,segformer,polypseg/runs_repeat/segformer_seed42_fold0rep1/best.pth,False
0.5674481777314184,0.3961100526421518,0.9827721397025275,0.3988797759548283,0.021129811014226306,0.011452968003049256,4,112.22074486743104,14.741966508279315,1,1,1,1.0,0,0.0,0,318,cvc-colondb,segformer,polypseg/runs_repeat/segformer_seed42_fold0rep1/best.pth,False
0.7188474235981825,0.5610943121365781,0.9572068679852451,0.5755311803120006,0.03274318277896572,0.013876413081722301,4,91.99184710359,12.084581425991388,1,2,1,1.0,1,1.0,1,319,cvc-colondb,segformer,polypseg/runs_repeat/segformer_seed42_fold0rep1/best.pth,False
0.9370473537587055,0.8815513626803579,0.915125136014091,0.9600456620968034,0.40710703109935803,0.17072501928978492,4,13.0,1.7077552357545518,1,1,1,1.0,1,1.0,0,32,cvc-colondb,segformer,polypseg/runs_repeat/segformer_seed42_fold0rep1/best.pth,False
0.2975884754291556,0.17480407711888216,0.9998624956961164,0.17480827944301897,0.07655497586332823,0.03668256756990009,4,122.9186723000212,16.147308168643015,1,2,0,0.0,0,0.0,2,320,cvc-colondb,segformer,polypseg/runs_repeat/segformer_seed42_fold0rep1/best.pth,False
0.8935308099226733,0.8075514600277555,0.9975165195781076,0.8091783384487611,0.14231948479078405,0.06361698944096485,4,59.0,7.7505814545783505,1,1,1,1.0,1,1.0,0,321,cvc-colondb,segformer,polypseg/runs_repeat/segformer_seed42_fold0rep1/best.pth,False
0.7751122078865271,0.6328026231277201,0.8786351262546901,0.6934126502002479,0.20218843421294605,0.13323956063033457,4,124.39189895234887,16.340839747794227,1,1,1,1.0,1,1.0,0,322,cvc-colondb,segformer,polypseg/runs_repeat/segformer_seed42_fold0rep1/best.pth,False
0.003355704697983762,0.0016806722689061506,0.004966476285063406,0.0025338907893037704,0.12834545575459438,0.07486630091301462,4,281.6398368544763,36.99783892194536,1,1,0,0.0,0,0.0,1,323,cvc-colondb,segformer,polypseg/runs_repeat/segformer_seed42_fold0rep1/best.pth,False
0.0,0.0,0.0,0.0,0.0,0.0,4,347.5499818134294,45.656177009867946,1,1,0,0.0,0,0.0,1,324,cvc-colondb,segformer,polypseg/runs_repeat/segformer_seed42_fold0rep1/best.pth,False
0.7098247877022557,0.5501770464478926,0.6602179564076182,0.7674918642476998,0.10251861339608329,0.04183963277497599,4,328.4980911899157,43.153410397304214,1,3,1,1.0,1,1.0,2,325,cvc-colondb,segformer,polypseg/runs_repeat/segformer_seed42_fold0rep1/best.pth,False
0.8747202893655042,0.7773358757817537,0.8016781225988394,0.9624066912470491,0.44312959225034254,0.27747433227906554,4,122.64064045913761,16.1107842969526,1,2,1,1.0,1,1.0,1,326,cvc-colondb,segformer,polypseg/runs_repeat/segformer_seed42_fold0rep1/best.pth,False
0.7707110957706894,0.6269568472627502,0.6945989254393541,0.8655562864102951,0.26547008749792145,0.1907959998128152,4,179.57542494209702,23.590067089054976,1,2,1,1.0,1,1.0,1,327,cvc-colondb,segformer,polypseg/runs_repeat/segformer_seed42_fold0rep1/best.pth,False
0.7818803666624171,0.6418748579891997,0.6718231543654555,0.935060841055206,0.10418245546527899,0.035744325110387117,4,222.41413999049234,29.21760862112378,1,3,1,1.0,1,1.0,2,328,cvc-colondb,segformer,polypseg/runs_repeat/segformer_seed42_fold0rep1/best.pth,False
0.9421716115175248,0.8906658412421057,0.9391477787834286,0.9452149791938368,0.4623102267106299,0.2253302469906233,4,187.7471704180918,24.663554867661414,1,2,1,1.0,1,1.0,1,329,cvc-colondb,segformer,polypseg/runs_repeat/segformer_seed42_fold0rep1/best.pth,False
0.9204440037077495,0.8526134882016557,0.8552999227105683,0.9963296398822968,0.36653744715386183,0.1775348556120003,4,11.0,1.4450236610230822,1,1,1,1.0,1,1.0,0,33,cvc-colondb,segformer,polypseg/runs_repeat/segformer_seed42_fold0rep1/best.pth,False
0.8945226949540213,0.8091732782490877,0.9508788189721725,0.8444729699265632,0.2337625804472612,0.1886132927174242,4,80.2807573457052,10.546144899036058,1,1,1,1.0,1,1.0,0,330,cvc-colondb,segformer,polypseg/runs_repeat/segformer_seed42_fold0rep1/best.pth,False
0.0,0.0,0.0,0.0,0.0,0.0,4,381.9214578941592,50.17141302813553,1,1,0,0.0,0,0.0,1,331,cvc-colondb,segformer,polypseg/runs_repeat/segformer_seed42_fold0rep1/best.pth,False
0.9498921080391668,0.9045662024932155,0.9991870661298875,0.9052324089927383,0.22235781907912117,0.0720461677594852,4,48.0,6.305557793555268,1,1,1,1.0,1,1.0,0,332,cvc-colondb,segformer,polypseg/runs_repeat/segformer_seed42_fold0rep1/best.pth,False
0.8921366756185526,0.8052768387442184,0.8632957449560876,0.9229712415663188,0.49168607487085203,0.291036927670691,4,158.67577004697347,20.84456746808494,1,2,1,1.0,1,1.0,1,333,cvc-colondb,segformer,polypseg/runs_repeat/segformer_seed42_fold0rep1/best.pth,False
0.8275881275798926,0.7058851475732456,0.7779872237920489,0.8839443742085462,0.3845802773965514,0.3027176455909987,4,145.31549531780632,19.08948445886537,1,1,1,1.0,1,1.0,0,334,cvc-colondb,segformer,polypseg/runs_repeat/segformer_seed42_fold0rep1/best.pth,False
0.8221543091848432,0.6980152965672873,0.9217338048014494,0.7419930977379354,0.3424723945184118,0.2178375472385427,4,133.0005387320458,17.4717204906021,1,1,1,1.0,1,1.0,0,335,cvc-colondb,segformer,polypseg/runs_repeat/segformer_seed42_fold0rep1/best.pth,False
0.8264477962861638,0.7042275526140022,0.9623122519704598,0.7242011549105235,0.2831395360568061,0.1599015342776192,4,109.20164833920778,14.345360515716111,1,1,1,1.0,1,1.0,0,336,cvc-colondb,segformer,polypseg/runs_repeat/segformer_seed42_fold0rep1/best.pth,False
0.7211184611559833,0.5638665030756513,0.9535758534714311,0.5797823581192948,0.1057390804764788,0.06711854281636395,4,115.12483641695844,15.12346478126516,1,1,1,1.0,1,1.0,0,337,cvc-colondb,segformer,polypseg/runs_repeat/segformer_seed42_fold0rep1/best.pth,False
0.8668718268846696,0.765025393818744,0.8998886188731269,0.8361920532908967,0.14157782068955163,0.050725423320308514,4,71.68332451580387,9.416736366012053,1,1,1,1.0,1,1.0,0,338,cvc-colondb,segformer,polypseg/runs_repeat/segformer_seed42_fold0rep1/best.pth,False
0.7080319756371526,0.5480259281078793,0.9352150125258898,0.5696517929439072,0.151698002707919,0.10952196144443425,4,121.45925241061185,15.955590325773544,1,1,1,1.0,1,1.0,0,339,cvc-colondb,segformer,polypseg/runs_repeat/segformer_seed42_fold0rep1/best.pth,False
0.9308534494105505,0.8706509401328991,0.9128634999435327,0.9495667151033448,0.4757610261267505,0.24902109330539676,4,10.63014581273465,1.3964374745024557,1,1,1,1.0,1,1.0,0,34,cvc-colondb,segformer,polypseg/runs_repeat/segformer_seed42_fold0rep1/best.pth,False
0.9518042242437146,0.9080405075635578,0.9633671184278108,0.9405156072274226,0.43261247689813487,0.20542103241375606,4,20.104723353293046,2.641072813075616,1,1,1,1.0,1,1.0,0,340,cvc-colondb,segformer,polypseg/runs_repeat/segformer_seed42_fold0rep1/best.pth,False
0.0,0.0,0.0,0.0,0.0,0.0,4,409.0,53.728607032585515,1,1,0,0.0,0,0.0,1,341,cvc-colondb,segformer,polypseg/runs_repeat/segformer_seed42_fold0rep1/best.pth,False
0.0,0.0,0.0,0.0,0.0,0.0,4,428.14483346549815,56.24358315476655,1,1,0,0.0,0,0.0,1,342,cvc-colondb,segformer,polypseg/runs_repeat/segformer_seed42_fold0rep1/best.pth,False
0.5435917643528362,0.3732413419862927,0.42141438826299965,0.765538290766772,0.24978549307709957,0.10190761691061116,4,337.5240666986596,44.339114776754194,1,2,1,1.0,1,1.0,1,343,cvc-colondb,segformer,polypseg/runs_repeat/segformer_seed42_fold0rep1/best.pth,False
0.8636729438135575,0.7600566572022647,0.8466393183702544,0.8814060446490997,0.6424172947933996,0.516216702121731,4,12.0,1.576389448388817,1,1,1,1.0,1,1.0,0,344,cvc-colondb,segformer,polypseg/runs_repeat/segformer_seed42_fold0rep1/best.pth,False
0.0004155545255479477,0.0002078204431367973,0.0002156888770901651,0.005664488017182376,0.016963789913514753,0.015055208217816769,4,451.8905834838611,59.36296230251871,1,2,0,0.0,0,0.0,2,345,cvc-colondb,segformer,polypseg/runs_repeat/segformer_seed42_fold0rep1/best.pth,False
0.25136277955957326,0.1437478149391461,0.1776737486483423,0.42949164344656177,0.041894308804596825,0.022436315063341875,4,102.61578825892242,13.480203820788864,1,1,0,0.0,0,0.0,1,346,cvc-colondb,segformer,polypseg/runs_repeat/segformer_seed42_fold0rep1/best.pth,False
0.19436461056282497,0.10764333247999161,0.10784863686614228,0.9826226635370529,0.11793390780095958,0.06450219037902076,4,252.91460909206683,33.22432675967637,1,1,0,0.0,0,0.0,1,347,cvc-colondb,segformer,polypseg/runs_repeat/segformer_seed42_fold0rep1/best.pth,False
0.16714660109333299,0.09119474650456999,0.09138025577964838,0.9782238212274527,0.06952584754405143,0.04222064873433922,4,279.92354799659637,36.77237728478293,1,2,0,0.0,0,0.0,2,348,cvc-colondb,segformer,polypseg/runs_repeat/segformer_seed42_fold0rep1/best.pth,False
0.05373076300012718,0.02760705558032241,0.027609997136426676,0.9961556943537685,0.04584226761746001,0.029996806257632028,4,394.6816287433318,51.84766291865839,1,1,0,0.0,0,0.0,1,349,cvc-colondb,segformer,polypseg/runs_repeat/segformer_seed42_fold0rep1/best.pth,False
0.8901279223627876,0.802009475053887,0.802009475053887,0.9999999999960355,0.19134752088992588,0.05314317770178243,4,20.491301748946526,2.691855988399218,1,1,1,1.0,1,1.0,0,35,cvc-colondb,segformer,polypseg/runs_repeat/segformer_seed42_fold0rep1/best.pth,False
0.03697542692295701,0.018835947053376916,0.019383182109169058,0.4001823153965319,0.0779440331245955,0.02628509657171649,4,293.7669140072631,38.59092196056621,1,1,0,0.0,0,0.0,1,350,cvc-colondb,segformer,polypseg/runs_repeat/segformer_seed42_fold0rep1/best.pth,False
0.0,0.0,0.0,0.0,0.0,0.0,4,235.84391022451337,30.98182096205686,1,1,0,0.0,0,0.0,1,351,cvc-colondb,segformer,polypseg/runs_repeat/segformer_seed42_fold0rep1/best.pth,False
0.0,0.0,0.0,0.0,0.0,0.0,4,241.83506570441185,31.76885381890426,1,1,0,0.0,0,0.0,1,352,cvc-colondb,segformer,polypseg/runs_repeat/segformer_seed42_fold0rep1/best.pth,False
0.0,0.0,0.0,0.0,0.0,0.0,4,227.1606843069561,29.841142152522394,1,1,0,0.0,0,0.0,1,353,cvc-colondb,segformer,polypseg/runs_repeat/segformer_seed42_fold0rep1/best.pth,False
0.0,0.0,0.0,0.0,0.0,0.0,4,,,1,0,0,0.0,0,0.0,0,354,cvc-colondb,segformer,polypseg/runs_repeat/segformer_seed42_fold0rep1/best.pth,False
0.0,0.0,0.0,0.0,0.0,0.0,4,212.43057682097475,27.90610998464455,1,1,0,0.0,0,0.0,1,355,cvc-colondb,segformer,polypseg/runs_repeat/segformer_seed42_fold0rep1/best.pth,False
0.0,0.0,0.0,0.0,0.0,0.0,4,309.24060030954007,40.62363494511521,1,1,0,0.0,0,0.0,1,356,cvc-colondb,segformer,polypseg/runs_repeat/segformer_seed42_fold0rep1/best.pth,False
0.0,0.0,0.0,0.0,0.0,0.0,4,159.839137767773,20.99739418472365,1,1,0,0.0,0,0.0,1,357,cvc-colondb,segformer,polypseg/runs_repeat/segformer_seed42_fold0rep1/best.pth,False
0.013319082463098585,0.006704188048280878,0.00735294117640384,0.07061900609672023,0.05421369965214892,0.028826326603263633,4,153.52198539622916,20.167536489526476,1,2,0,0.0,0,0.0,2,358,cvc-colondb,segformer,polypseg/runs_repeat/segformer_seed42_fold0rep1/best.pth,False
0.0,0.0,0.0,0.0,0.0,0.0,4,242.03925230095916,31.795676951929227,1,0,0,0.0,0,0.0,0,359,cvc-colondb,segformer,polypseg/runs_repeat/segformer_seed42_fold0rep1/best.pth,False
0.9423499315203433,0.8909846078627364,0.9357487426822552,0.9490449174988339,0.5583607495267539,0.3341202789600317,4,16.44188329031058,2.159900944207167,1,1,1,1.0,1,1.0,0,36,cvc-colondb,segformer,polypseg/runs_repeat/segformer_seed42_fold0rep1/best.pth,False
0.0,0.0,0.0,0.0,0.0,0.0,4,358.41986468002983,47.08410773121223,1,1,0,0.0,0,0.0,1,360,cvc-colondb,segformer,polypseg/runs_repeat/segformer_seed42_fold0rep1/best.pth,False
0.0,0.0,0.0,0.0,0.0,0.0,4,252.04235588736802,33.109742530658835,1,2,0,0.0,0,0.0,2,361,cvc-colondb,segformer,polypseg/runs_repeat/segformer_seed42_fold0rep1/best.pth,False
0.0232359751390843,0.011754551806313438,0.013672108420743189,0.0773286467476365,0.03027241685975008,0.007446771986598333,4,313.05350748559437,41.124520498450046,1,2,0,0.0,0,0.0,2,362,cvc-colondb,segformer,polypseg/runs_repeat/segformer_seed42_fold0rep1/best.pth,False
0.8090025575364808,0.6792647311341821,0.8633187772737267,0.7611164581181691,0.5036236331182,0.2162138778240213,4,31.170433521346425,4.094728542062965,1,1,1,1.0,1,1.0,0,363,cvc-colondb,segformer,polypseg/runs_repeat/segformer_seed42_fold0rep1/best.pth,False
0.7063295322970364,0.5459887582895762,0.8704684317364372,0.5942714126642306,0.4672774381037441,0.24017197862012213,4,29.0,3.8096078336063077,1,1,1,1.0,1,1.0,0,364,cvc-colondb,segformer,polypseg/runs_repeat/segformer_seed42_fold0rep1/best.pth,False
0.756013745692096,0.6077348066138455,0.8616187989234757,0.6734693877354674,0.4339996365921642,0.2121503854338482,4,25.0,3.284144684143369,1,1,1,1.0,1,1.0,0,365,cvc-colondb,segformer,polypseg/runs_repeat/segformer_seed42_fold0rep1/best.pth,False
0.21595125750049954,0.12104560394350325,0.12706199460847944,0.718816712390399,0.23575711435768312,0.1548451960946393,4,245.09834532474505,32.19753711562389,1,2,1,1.0,1,1.0,1,366,cvc-colondb,segformer,polypseg/runs_repeat/segformer_seed42_fold0rep1/best.pth,False
0.7324605572216775,0.577860169476222,0.8610891870220565,0.6372663551215751,0.3441682115519813,0.22725212964001307,4,18.552479340792523,2.4371610561897374,1,1,1,1.0,1,1.0,0,367,cvc-colondb,segformer,polypseg/runs_repeat/segformer_seed42_fold0rep1/best.pth,False
0.7820363917773512,0.6420851875193234,0.9005795808782622,0.6910708176294537,0.46145848959329244,0.32449918018576684,4,19.743144251908017,2.593573689727177,1,1,1,1.0,1,1.0,0,368,cvc-colondb,segformer,polypseg/runs_repeat/segformer_seed42_fold0rep1/best.pth,False
0.1390565615911511,0.07472369053303833,0.07803482711859269,0.6378178834849132,0.16643979067924886,0.10418283377889746,4,366.4840940422795,48.14347157088202,1,3,1,1.0,1,1.0,2,369,cvc-colondb,segformer,polypseg/runs_repeat/segformer_seed42_fold0rep1/best.pth,False
0.9298622813617007,0.8689183318805987,0.8865865144834252,0.9775795711345984,0.5071384552134355,0.29025571120182037,4,9.848857801796104,1.2938029597861047,1,1,1,1.0,1,1.0,0,37,cvc-colondb,segformer,polypseg/runs_repeat/segformer_seed42_fold0rep1/best.pth,False
0.18158291999039475,0.09985768500889552,0.10341439449703135,0.7438162543841071,0.2551439961523534,0.14147014325996804,4,320.69104855204586,42.12783209418258,1,2,1,1.0,1,1.0,1,370,cvc-colondb,segformer,polypseg/runs_repeat/segformer_seed42_fold0rep1/best.pth,False
0.05793073963201191,0.029829389102752728,0.031921785735132095,0.3127524523766444,0.06343711406979176,0.025459663733672287,4,310.95898566331726,40.8493719901119,1,4,1,1.0,0,0.0,3,371,cvc-colondb,segformer,polypseg/runs_repeat/segformer_seed42_fold0rep1/best.pth,False
0.2188638301153308,0.12287877469216883,0.1271613832841574,0.784880489117016,0.20267683379093718,0.11663476878138031,4,260.14522216004207,34.17418193848791,1,3,1,1.0,1,1.0,2,372,cvc-colondb,segformer,polypseg/runs_repeat/segformer_seed42_fold0rep1/best.pth,False
0.18979804800079922,0.10484910138959071,0.10794581762248327,0.7851701370855677,0.20488532391892003,0.12793686616177652,4,367.2843207496267,48.248593982363786,1,3,1,1.0,1,1.0,2,373,cvc-colondb,segformer,polypseg/runs_repeat/segformer_seed42_fold0rep1/best.pth,False
0.0,0.0,0.0,0.0,0.0,0.0,4,323.665567970486,42.51858217962064,1,2,0,0.0,0,0.0,2,374,cvc-colondb,segformer,polypseg/runs_repeat/segformer_seed42_fold0rep1/best.pth,False
0.0,0.0,0.0,0.0,0.0,0.0,4,241.0,31.659154755142076,1,2,0,0.0,0,0.0,2,375,cvc-colondb,segformer,polypseg/runs_repeat/segformer_seed42_fold0rep1/best.pth,False
0.14333273348864795,0.0771989338498803,0.07979762560697391,0.7033112582470945,0.08854173698573786,0.041927298014598484,4,244.0,32.05325211723928,1,2,1,1.0,1,1.0,1,376,cvc-colondb,segformer,polypseg/runs_repeat/segformer_seed42_fold0rep1/best.pth,False
0.08285857071422859,0.04321985297928565,0.047428342582256255,0.3275385223102514,0.07614726860199762,0.04200909272053959,4,353.1713411966427,46.394631311309524,1,2,1,1.0,0,0.0,1,377,cvc-colondb,segformer,polypseg/runs_repeat/segformer_seed42_fold0rep1/best.pth,False
0.09271439011186504,0.04861064836393479,0.050039441643344514,0.6299654576584643,0.12487441103853694,0.04869305379657163,4,347.36839234222987,45.63232236600649,1,2,1,1.0,1,1.0,1,378,cvc-colondb,segformer,polypseg/runs_repeat/segformer_seed42_fold0rep1/best.pth,False
0.14039242219135997,0.07549572494041903,0.07906267860494658,0.6259426847347439,0.21203512326522778,0.14840985675936455,4,365.2727008536437,47.984335950847395,1,2,1,1.0,1,1.0,1,379,cvc-colondb,segformer,polypseg/runs_repeat/segformer_seed42_fold0rep1/best.pth,False
0.9014180693349507,0.8205287600072383,0.8252969951052804,0.9930079214011018,0.3669768631454642,0.22564517764809408,4,29.37025713636548,3.8582469538527415,1,1,1,1.0,1,1.0,0,38,cvc-colondb,segformer,polypseg/runs_repeat/segformer_seed42_fold0rep1/best.pth,False
0.0,0.0,0.0,0.0,0.0,0.0,4,326.4006776214844,42.877882012455665,1,2,0,0.0,0,0.0,2,380,cvc-colondb,segformer,polypseg/runs_repeat/segformer_seed42_fold0rep1/best.pth,False
0.7396761521439141,0.5868937205323568,0.5868937205323568,0.9999999999740933,0.11295562349434993,0.01077194283840382,4,22.091601528178078,2.9020806289191827,1,1,1,1.0,1,1.0,0,39,cvc-colondb,segformer,polypseg/runs_repeat/segformer_seed42_fold0rep1/best.pth,False
0.5433327709337401,0.37299718157456085,0.3751698963132493,0.9847110386200721,0.26565114156094843,0.1810009273473349,4,146.7777205131008,19.28157082295124,1,1,1,1.0,0,0.0,0,4,cvc-colondb,segformer,polypseg/runs_repeat/segformer_seed42_fold0rep1/best.pth,False
0.8930911415282954,0.806833493736219,0.8316468253885748,0.9643391234215536,0.2584858520493855,0.07861007024665054,4,9.97732867026941,1.3106796365766604,1,1,1,1.0,1,1.0,0,40,cvc-colondb,segformer,polypseg/runs_repeat/segformer_seed42_fold0rep1/best.pth,False
0.8325539968780196,0.7131413312920738,0.716146332113425,0.9941504918772381,0.31373655559859626,0.22488033314600117,4,19.697715603592208,2.5876059195722094,1,1,1,1.0,1,1.0,0,41,cvc-colondb,segformer,polypseg/runs_repeat/segformer_seed42_fold0rep1/best.pth,False
0.9119197856261394,0.83809977755262,0.8543893747836996,0.9777571825583363,0.7396191287155826,0.5620117387763655,4,13.688762552949756,1.7982350708308301,1,1,1,1.0,1,1.0,0,42,cvc-colondb,segformer,polypseg/runs_repeat/segformer_seed42_fold0rep1/best.pth,False
0.8878191456895508,0.7982686828753203,0.8028432885077932,0.9929126345782621,0.6828256662970743,0.44527039348156056,4,21.625027623360694,2.8407887805485412,1,1,1,1.0,1,1.0,0,43,cvc-colondb,segformer,polypseg/runs_repeat/segformer_seed42_fold0rep1/best.pth,False
0.8188667872088778,0.6932891043456676,0.7532575547337605,0.8969957081248929,0.3765840396188499,0.15068907714981403,4,9.433981132056603,1.2393023594061015,1,1,1,1.0,1,1.0,0,44,cvc-colondb,segformer,polypseg/runs_repeat/segformer_seed42_fold0rep1/best.pth,False
0.8443641861210971,0.7306490297206871,0.7431253695982915,0.9775379229776591,0.3698127797109365,0.22978651855170779,4,28.284271247461902,3.7155855624888456,1,1,1,1.0,1,1.0,0,45,cvc-colondb,segformer,polypseg/runs_repeat/segformer_seed42_fold0rep1/best.pth,False
0.841702912871743,0.7266727355402062,0.727003642978973,0.9993740218935936,0.36238687938970876,0.20267597546076113,4,15.811388300841896,2.0770754734854626,1,1,1,1.0,1,1.0,0,46,cvc-colondb,segformer,polypseg/runs_repeat/segformer_seed42_fold0rep1/best.pth,False
0.8694957386286444,0.769122035483444,0.7867930591133228,0.9716269841077059,0.5882507403755561,0.3300727257143288,4,18.70950477804597,2.4577888263909853,1,1,1,1.0,1,1.0,0,47,cvc-colondb,segformer,polypseg/runs_repeat/segformer_seed42_fold0rep1/best.pth,False
0.8348776431406814,0.7165579119013401,0.7177287581626048,0.9977285633021333,0.3945124776302158,0.22108273144420157,4,25.07455532033676,3.2939387025017117,1,1,1,1.0,1,1.0,0,48,cvc-colondb,segformer,polypseg/runs_repeat/segformer_seed42_fold0rep1/best.pth,False
0.9557029745304699,0.9151639344187281,0.9358759429929935,0.976388281583066,0.8427928549551333,0.6814934623756159,4,10.721265283731979,1.408407455554369,1,1,1,1.0,1,1.0,0,49,cvc-colondb,segformer,polypseg/runs_repeat/segformer_seed42_fold0rep1/best.pth,False
0.3422369878176252,0.20644506199175275,0.20659411182659948,0.9965174770927833,0.276434476651968,0.18141549872352564,4,237.11030250294831,31.148181580827355,1,2,0,0.0,0,0.0,2,5,cvc-colondb,segformer,polypseg/runs_repeat/segformer_seed42_fold0rep1/best.pth,False
0.7090478181972808,0.5492440604632993,0.5493627133171449,0.999606918199701,0.31011004413248655,0.18019053712974978,4,33.06352471615035,4.343415957423522,1,1,1,1.0,1,1.0,0,50,cvc-colondb,segformer,polypseg/runs_repeat/segformer_seed42_fold0rep1/best.pth,False
0.5137839039516031,0.34569932684598803,0.34783263093997846,0.9825680271691085,0.21438370410843072,0.14422284418390544,4,66.65280388511002,8.755898062501382,1,1,1,1.0,0,0.0,0,51,cvc-colondb,segformer,polypseg/runs_repeat/segformer_seed42_fold0rep1/best.pth,False
0.8978290572271305,0.8146005509529669,0.8152743313921247,0.9989864864696117,0.6566076730071301,0.3584091498337027,4,13.162382319273929,1.7290867169802457,1,1,1,1.0,1,1.0,0,52,cvc-colondb,segformer,polypseg/runs_repeat/segformer_seed42_fold0rep1/best.pth,False
0.819894651531403,0.6947639484859268,0.6947639484859268,0.9999999999752903,0.3903384024054741,0.16459622361793097,4,15.744577168681886,2.0682987765044665,1,1,1,1.0,1,1.0,0,53,cvc-colondb,segformer,polypseg/runs_repeat/segformer_seed42_fold0rep1/best.pth,False
0.8553219822994832,0.7472162206955756,0.7472162206955756,0.999999999977758,0.40620288676690386,0.07407402426462731,4,14.0,1.8391210231202866,1,1,1,1.0,1,1.0,0,54,cvc-colondb,segformer,polypseg/runs_repeat/segformer_seed42_fold0rep1/best.pth,False
0.8029684601013857,0.6707997520010167,0.6707997520010167,0.9999999999691929,0.3175591033468904,0.24080439584112356,4,18.402400790830796,2.4174458693073078,1,1,1,1.0,1,1.0,0,55,cvc-colondb,segformer,polypseg/runs_repeat/segformer_seed42_fold0rep1/best.pth,False
0.7133914324203585,0.5544743369480162,0.5544743369480162,0.9999999999655885,0.23244877552262536,0.08185048487230796,4,35.90732685390451,4.716994264361957,1,1,1,1.0,1,1.0,0,56,cvc-colondb,segformer,polypseg/runs_repeat/segformer_seed42_fold0rep1/best.pth,False
0.8643917880877781,0.7611707796936855,0.7748935814975804,0.9772631578844497,0.4039166508428253,0.2421429656076777,4,26.0,3.4155104715091036,1,1,1,1.0,1,1.0,0,57,cvc-colondb,segformer,polypseg/runs_repeat/segformer_seed42_fold0rep1/best.pth,False
0.9432348366988801,0.8925680647461975,0.9298977853413125,0.9569600280421023,0.6309884100145134,0.33626052801236606,4,5.0990195135927845,0.669836713196362,1,1,1,1.0,1,1.0,0,58,cvc-colondb,segformer,polypseg/runs_repeat/segformer_seed42_fold0rep1/best.pth,False
0.9118725099553154,0.8380199179765864,0.8674077816991671,0.9611422172344776,0.479763416340147,0.20159560098458354,4,8.02179021190449,1.0537887872695777,1,1,1,1.0,1,1.0,0,59,cvc-colondb,segformer,polypseg/runs_repeat/segformer_seed42_fold0rep1/best.pth,False
0.9275951237446657,0.8649672752176203,0.946832579167669,0.9091238232999796,0.8407888414693502,0.4314916173684696,4,5.507425056195546,0.7234872288649038,1,1,1,1.0,1,1.0,0,6,cvc-colondb,segformer,polypseg/runs_repeat/segformer_seed42_fold0rep1/best.pth,False
0.8658919331506837,0.7635003739601571,0.7635003739601571,0.9999999999804076,0.37441280813254857,0.13266326659752897,4,11.034020762890446,1.4494928253269685,1,1,1,1.0,1,1.0,0,60,cvc-colondb,segformer,polypseg/runs_repeat/segformer_seed42_fold0rep1/best.pth,False
0.7832428008007172,0.6437133072367679,0.6804137039387174,0.9226858344940156,0.6092872444716483,0.47809813746288754,4,357.2829365584924,46.93475427334821,1,2,1,1.0,1,1.0,1,61,cvc-colondb,segformer,polypseg/runs_repeat/segformer_seed42_fold0rep1/best.pth,False
0.9664698750116528,0.935115340757532,0.9419729634190184,0.9922749377550962,0.677708468465171,0.4994674686369095,4,10.0,1.3136578736573477,1,1,1,1.0,1,1.0,0,62,cvc-colondb,segformer,polypseg/runs_repeat/segformer_seed42_fold0rep1/best.pth,False
0.9180121248775311,0.8484495491907638,0.8561085121868024,0.9895657844655465,0.3698442714427133,0.24283564477186548,4,229.07153053860253,30.092161972277474,1,2,1,1.0,1,1.0,1,63,cvc-colondb,segformer,polypseg/runs_repeat/segformer_seed42_fold0rep1/best.pth,False
0.9228693565095609,0.8567849796929045,0.8622419192164369,0.9926675017537115,0.34320345207802266,0.09880479299382383,4,19.749650355783572,2.5944283691854726,1,1,1,1.0,1,1.0,0,64,cvc-colondb,segformer,polypseg/runs_repeat/segformer_seed42_fold0rep1/best.pth,False
0.9066244489959232,0.8291976605507092,0.8419383666267637,0.9820774067689496,0.39772120734165267,0.2165279353960899,4,25.553864678361276,3.356903553710367,1,1,1,1.0,1,1.0,0,65,cvc-colondb,segformer,polypseg/runs_repeat/segformer_seed42_fold0rep1/best.pth,False
0.9009335194536273,0.8197261361348691,0.8198562978809104,0.9998063610350011,0.47029032657847486,0.28829772465748643,4,27.690109448142227,3.6375330298985746,1,1,1,1.0,1,1.0,0,66,cvc-colondb,segformer,polypseg/runs_repeat/segformer_seed42_fold0rep1/best.pth,False
0.849096524718867,0.7377651931335569,0.7377651931335569,0.9999999999942716,0.32468591606447783,0.2302354203499781,4,334.7640944243925,43.9765488458375,1,2,1,1.0,1,1.0,1,67,cvc-colondb,segformer,polypseg/runs_repeat/segformer_seed42_fold0rep1/best.pth,False
0.851788650675276,0.7418396022441535,0.753485563724045,0.9795903803541026,0.412824164930571,0.1890846092061538,4,372.5114743808459,48.935263134810555,1,2,1,1.0,1,1.0,1,68,cvc-colondb,segformer,polypseg/runs_repeat/segformer_seed42_fold0rep1/best.pth,False
0.8335895464973507,0.7146622734682628,0.947851420233826,0.7439121984595414,0.4545454049586831,0.33383529172110865,4,30.494949645020622,4.005993070796567,1,1,1,1.0,1,1.0,0,69,cvc-colondb,segformer,polypseg/runs_repeat/segformer_seed42_fold0rep1/best.pth,False
0.9329451369217273,0.874317871744981,0.9775023832034795,0.8922728854700266,0.857185622071697,0.4559669326469918,4,5.830951894845301,0.765987586758076,1,1,1,1.0,1,1.0,0,7,cvc-colondb,segformer,polypseg/runs_repeat/segformer_seed42_fold0rep1/best.pth,False
0.9186808684871088,0.8495927258789621,0.8955670926338745,0.9430193439667154,0.8379944929764086,0.34065499139958094,4,5.113326778269874,0.6717161982857178,1,1,1,1.0,1,1.0,0,70,cvc-colondb,segformer,polypseg/runs_repeat/segformer_seed42_fold0rep1/best.pth,False
0.5875980273216299,0.4160274756678188,0.513930137172763,0.6859192147850902,0.39614850756790093,0.24792333069666084,4,284.8804135048303,37.42353982513813,1,2,1,1.0,1,1.0,1,71,cvc-colondb,segformer,polypseg/runs_repeat/segformer_seed42_fold0rep1/best.pth,False
0.942035681283421,0.8904229231721239,0.9230421004947486,0.9618273522226429,0.4886082050063851,0.22913424602393984,4,11.0,1.4450236610230822,1,1,1,1.0,1,1.0,0,72,cvc-colondb,segformer,polypseg/runs_repeat/segformer_seed42_fold0rep1/best.pth,False
0.9140667411754301,0.8417338116753412,0.8873457746860478,0.9424469906430761,0.4440114827712466,0.30646506585421524,4,13.162382319273918,1.7290867169802442,1,1,1,1.0,1,1.0,0,73,cvc-colondb,segformer,polypseg/runs_repeat/segformer_seed42_fold0rep1/best.pth,False
0.8376025236487369,0.7205818497455366,0.9704678362289337,0.7367369589181635,0.4871247471002168,0.29834459449452627,4,20.004959284634886,2.6279672276455277,1,1,1,1.0,1,1.0,0,74,cvc-colondb,segformer,polypseg/runs_repeat/segformer_seed42_fold0rep1/best.pth,False
0.6538005852535097,0.48566399456995024,0.51170845064014,0.9051420892419069,0.34784435130956365,0.24953954768734213,4,152.50245899656832,20.03360560129488,1,1,1,1.0,0,0.0,0,75,cvc-colondb,segformer,polypseg/runs_repeat/segformer_seed42_fold0rep1/best.pth,False
0.953816352080145,0.9117102470265469,0.9137322349917908,0.9975786924890172,0.6618051485366718,0.4693704923340382,4,60.94669097717044,8.006310047552116,1,2,1,1.0,1,1.0,1,76,cvc-colondb,segformer,polypseg/runs_repeat/segformer_seed42_fold0rep1/best.pth,False
0.848620551772502,0.737046812046992,0.9264885629312644,0.7828267925526288,0.5538988363003255,0.46086951552363487,4,22.13728001880413,2.9080812198059522,1,1,1,1.0,1,1.0,0,77,cvc-colondb,segformer,polypseg/runs_repeat/segformer_seed42_fold0rep1/best.pth,False
0.7408705813559678,0.588399071918928,0.8848569434597897,0.6371859296402363,0.3570536338222733,0.25488107711606045,4,47.013825698651964,6.17600822997883,1,1,1,1.0,1,1.0,0,78,cvc-colondb,segformer,polypseg/runs_repeat/segformer_seed42_fold0rep1/best.pth,False
0.8373687119863198,0.7202358311007944,0.8784504755073429,0.7999577524123372,0.5253557876976134,0.27300608539275995,4,23.47001525567189,3.083157033547144,1,1,1,1.0,1,1.0,0,79,cvc-colondb,segformer,polypseg/runs_repeat/segformer_seed42_fold0rep1/best.pth,False
0.8582928056275507,0.7517626321863725,0.8358647721568534,0.8819576081185256,0.4374634381771741,0.246451627641646,4,12.041594578792296,1.5818535529820132,1,1,1,1.0,1,1.0,0,8,cvc-colondb,segformer,polypseg/runs_repeat/segformer_seed42_fold0rep1/best.pth,False
0.7795807978231984,0.6387811634172083,0.7656042496425762,0.7940771349588817,0.4011726086707743,0.1727940677146554,4,17.478445427013366,2.2960697454486367,1,1,1,1.0,1,1.0,0,80,cvc-colondb,segformer,polypseg/runs_repeat/segformer_seed42_fold0rep1/best.pth,False
0.7683210893967332,0.6237998254110038,0.809362023374505,0.7312414733720587,0.47234005939131635,0.22767611032685933,4,21.165970852745065,2.780484426431048,1,1,1,1.0,1,1.0,0,81,cvc-colondb,segformer,polypseg/runs_repeat/segformer_seed42_fold0rep1/best.pth,False
0.761535752011949,0.6149032991861518,0.8386346004329467,0.6974193548162123,0.532432425519727,0.15435911837871547,4,23.355817131255964,3.068155307017556,1,1,1,1.0,1,1.0,0,82,cvc-colondb,segformer,polypseg/runs_repeat/segformer_seed42_fold0rep1/best.pth,False
0.8229211546569815,0.699121522668407,0.7284515636640561,0.9455445544086364,0.3962064835939618,0.1783060431635115,4,7.615773105863909,1.0004520304505997,1,1,1,1.0,1,1.0,0,83,cvc-colondb,segformer,polypseg/runs_repeat/segformer_seed42_fold0rep1/best.pth,False
0.8437551559009445,0.7297374429015486,0.8312743822876699,0.856616415381688,0.5922268243148795,0.3162967223068142,4,14.033885405237289,1.84357240605949,1,1,1,1.0,1,1.0,0,84,cvc-colondb,segformer,polypseg/runs_repeat/segformer_seed42_fold0rep1/best.pth,False
0.8236762346082426,0.7002121854895359,0.7718008686678316,0.883027522902025,0.42447224553542495,0.1099351897054333,4,12.083045973594572,1.587298848097622,1,1,1,1.0,1,1.0,0,85,cvc-colondb,segformer,polypseg/runs_repeat/segformer_seed42_fold0rep1/best.pth,False
0.7858166188971022,0.6471976400989028,0.758120248764405,0.8156133828693081,0.3843898188624597,0.15437920692363238,4,17.01322386466688,2.2349555486114734,1,1,1,1.0,1,1.0,0,86,cvc-colondb,segformer,polypseg/runs_repeat/segformer_seed42_fold0rep1/best.pth,False
0.8987974097891065,0.8161962365317139,0.8170198452466526,0.9987664473273534,0.7543277672545108,0.43863882644739327,4,5.656854249492381,0.7431171124977691,1,1,1,1.0,1,1.0,0,87,cvc-colondb,segformer,polypseg/runs_repeat/segformer_seed42_fold0rep1/best.pth,False
0.7483104648628239,0.5978403141165628,0.6370292886807173,0.9066997518160447,0.361394507928561,0.1670329173636182,4,18.37797217080913,2.414236784403903,1,1,1,1.0,1,1.0,0,88,cvc-colondb,segformer,polypseg/runs_repeat/segformer_seed42_fold0rep1/best.pth,False
0.6999053328905047,0.5383495145369733,0.7418060200172705,0.6624850656712972,0.3913967829524534,0.1942240059339821,4,14.416985899926976,1.8938987041846034,1,1,1,1.0,1,1.0,0,89,cvc-colondb,segformer,polypseg/runs_repeat/segformer_seed42_fold0rep1/best.pth,False
0.9430297094274972,0.892200772186993,0.9537724946185608,0.9325262308162627,0.7770447363563288,0.5582786989742001,4,5.385164807134504,0.7074264149834693,1,1,1,1.0,1,1.0,0,9,cvc-colondb,segformer,polypseg/runs_repeat/segformer_seed42_fold0rep1/best.pth,False
0.8130630630478028,0.6850094876443704,0.7632135306284985,0.8698795180373543,0.43572979752327556,0.26579515700040335,4,10.770329614269007,1.4148528299669385,1,1,1,1.0,1,1.0,0,90,cvc-colondb,segformer,polypseg/runs_repeat/segformer_seed42_fold0rep1/best.pth,False
0.6374734607049503,0.46786131669388936,0.5185664939327044,0.82713498616893,0.3088084170923221,0.1328086076264209,4,22.99990682999668,3.0214008700610546,1,1,1,1.0,0,0.0,0,91,cvc-colondb,segformer,polypseg/runs_repeat/segformer_seed42_fold0rep1/best.pth,False
0.6077075098664104,0.4364797728730845,0.5357142856909533,0.7020547944804763,0.31449961317466574,0.2616516297805367,4,213.6512274842167,28.066461720119836,1,2,1,1.0,1,1.0,1,92,cvc-colondb,segformer,polypseg/runs_repeat/segformer_seed42_fold0rep1/best.pth,False
0.7993723380318384,0.665795369666434,0.977254042176562,0.6762753650544989,0.47611331065830154,0.2407381405000103,4,23.361237086299766,3.068867303679372,1,1,1,1.0,1,1.0,0,93,cvc-colondb,segformer,polypseg/runs_repeat/segformer_seed42_fold0rep1/best.pth,False
0.746820417148604,0.5959404600650625,0.690498588877689,0.8131462333525427,0.3183441721635362,0.1001612406426053,4,14.830632756838718,1.9482377492341756,1,1,1,1.0,1,1.0,0,94,cvc-colondb,segformer,polypseg/runs_repeat/segformer_seed42_fold0rep1/best.pth,False
0.919962511706467,0.8517875737443286,0.940950920227359,0.8998899889824002,0.7645186646869653,0.5240322767125759,4,11.505215908872977,1.511391746681876,1,1,1,1.0,1,1.0,0,95,cvc-colondb,segformer,polypseg/runs_repeat/segformer_seed42_fold0rep1/best.pth,False
0.835256567633724,0.7171163574941384,0.9697833523190843,0.7335058214642302,0.41651803859059205,0.1991254668151991,4,16.278820596099706,2.1384800849921777,1,1,1,1.0,1,1.0,0,96,cvc-colondb,segformer,polypseg/runs_repeat/segformer_seed42_fold0rep1/best.pth,False
0.8895688956809507,0.8011022856086708,0.9029782568809981,0.8765519687677092,0.5683794338255421,0.24029364229110817,4,9.219544457292887,1.2111327167856758,1,1,1,1.0,1,1.0,0,97,cvc-colondb,segformer,polypseg/runs_repeat/segformer_seed42_fold0rep1/best.pth,False
0.8108435821894558,0.6818645302208167,0.9567705671849077,0.7035394904884381,0.4778384242635945,0.27421796738745297,4,53.66187571425404,7.049334554725182,1,1,1,1.0,1,1.0,0,98,cvc-colondb,segformer,polypseg/runs_repeat/segformer_seed42_fold0rep1/best.pth,False
0.7972960343889682,0.6629196021515597,0.9482771396743366,0.6877888853021187,0.5087967926768902,0.2630256591997411,4,28.29045649950967,3.716398092994156,1,2,1,1.0,1,1.0,1,99,cvc-colondb,segformer,polypseg/runs_repeat/segformer_seed42_fold0rep1/best.pth,False
0.5099422378967695,0.342229845624898,0.3486161587910658,0.9491912464229382,0.2233003338406398,0.10521612713666502,8,470.06486649596616,30.131242745974475,1,2,1,1.0,1,1.0,1,1,etis-larib,segformer,polypseg/runs_repeat/segformer_seed42_fold0rep1/best.pth,False
0.634565619221705,0.4647353458757965,0.4647353458757965,0.9999999999902902,0.0800698571708937,0.0,8,354.98394184602597,22.75453471436433,1,2,1,1.0,0,0.0,1,10,etis-larib,segformer,polypseg/runs_repeat/segformer_seed42_fold0rep1/best.pth,False
0.0,0.0,0.0,0.0,0.0,0.0,8,638.8766702378481,40.95210982087231,1,1,0,0.0,0,0.0,1,100,etis-larib,segformer,polypseg/runs_repeat/segformer_seed42_fold0rep1/best.pth,False
0.0,0.0,0.0,0.0,0.0,0.0,8,338.18202523335606,21.677528828287702,1,1,0,0.0,0,0.0,1,101,etis-larib,segformer,polypseg/runs_repeat/segformer_seed42_fold0rep1/best.pth,False
0.0,0.0,0.0,0.0,0.0,0.0,8,477.60789337869414,30.614752129981667,1,2,0,0.0,0,0.0,2,102,etis-larib,segformer,polypseg/runs_repeat/segformer_seed42_fold0rep1/best.pth,False
0.0,0.0,0.0,0.0,0.0,0.0,8,571.3326516022497,36.62252604083181,1,1,0,0.0,0,0.0,1,103,etis-larib,segformer,polypseg/runs_repeat/segformer_seed42_fold0rep1/best.pth,False
0.0,0.0,0.0,0.0,0.0,0.0,8,348.61827247299817,22.34649415913393,1,1,0,0.0,0,0.0,1,104,etis-larib,segformer,polypseg/runs_repeat/segformer_seed42_fold0rep1/best.pth,False
0.6772179850857479,0.5119649174619659,0.5642301160482845,0.8467885816226511,0.1305819033581213,0.05851692016542228,8,238.32121181296472,15.276432672325369,1,3,1,1.0,1,1.0,2,105,etis-larib,segformer,polypseg/runs_repeat/segformer_seed42_fold0rep1/best.pth,False
0.6414969790159508,0.47220872468231556,0.5082542163259919,0.8694228967772849,0.07953501610715374,0.010823485508153173,8,244.11674934103127,15.647927673437257,1,3,1,1.0,0,0.0,2,106,etis-larib,segformer,polypseg/runs_repeat/segformer_seed42_fold0rep1/best.pth,False
0.6785883140517234,0.5135328537409991,0.5529545733491394,0.8780955268477026,0.11023592323635242,0.017590571888775632,8,235.9437278423943,15.124035520894065,1,1,1,1.0,1,1.0,0,107,etis-larib,segformer,polypseg/runs_repeat/segformer_seed42_fold0rep1/best.pth,False
0.7621665410545899,0.6157262397026564,0.6159227702645874,0.999482046022854,0.06010929288616376,0.023877452285918508,8,226.9885459306187,14.550006744760495,1,2,1,1.0,1,1.0,1,108,etis-larib,segformer,polypseg/runs_repeat/segformer_seed42_fold0rep1/best.pth,False
0.6758065936643968,0.5103533897926089,0.5534984371239284,0.8675007536921622,0.0887432197220581,0.00926359415251318,8,239.38619149267046,15.344698061925635,1,1,1,1.0,1,1.0,0,109,etis-larib,segformer,polypseg/runs_repeat/segformer_seed42_fold0rep1/best.pth,False
0.05718135799073698,0.02943216456457306,0.02943216456457306,0.9999999999844962,0.0,0.0,8,528.1471359916536,33.85432669916902,1,1,0,0.0,0,0.0,1,11,etis-larib,segformer,polypseg/runs_repeat/segformer_seed42_fold0rep1/best.pth,False
0.9384235720855433,0.8839905892872395,0.8958587607479326,0.9852348993257836,0.7496348565105475,0.20292137109713038,8,16.0,1.0256028865321054,1,1,1,1.0,1,1.0,0,110,etis-larib,segformer,polypseg/runs_repeat/segformer_seed42_fold0rep1/best.pth,False
0.9092535817804416,0.8336067545971223,0.8342271742205323,0.999108640936978,0.47409701132744414,0.1402822695708073,8,109.18399185192251,6.998713575401849,1,2,1,1.0,1,1.0,1,111,etis-larib,segformer,polypseg/runs_repeat/segformer_seed42_fold0rep1/best.pth,False
0.9284356562716225,0.8664301511202247,0.8673892988889881,0.9987253704339119,0.7921027526729055,0.2177935222153406,8,11.40175425099138,0.7308545044591539,1,1,1,1.0,1,1.0,0,112,etis-larib,segformer,polypseg/runs_repeat/segformer_seed42_fold0rep1/best.pth,False
0.9657117623482923,0.9336969397823625,0.9454142906401924,0.9868999050485778,0.5967000993667652,0.21653237972265782,8,22.0,1.4102039689816448,1,1,1,1.0,1,1.0,0,113,etis-larib,segformer,polypseg/runs_repeat/segformer_seed42_fold0rep1/best.pth,False
0.9648253742834061,0.9320411748071115,0.9445882281098632,0.9859486384980899,0.6438319830329509,0.17445703428076476,8,25.0,1.6025045102064146,1,1,1,1.0,1,1.0,0,114,etis-larib,segformer,polypseg/runs_repeat/segformer_seed42_fold0rep1/best.pth,False
0.9640632101788769,0.9306197247279375,0.9466038089409788,0.9821787649464635,0.5728964391824896,0.2256025711093047,8,25.495097567963924,1.6342403536325913,1,1,1,1.0,1,1.0,0,115,etis-larib,segformer,polypseg/runs_repeat/segformer_seed42_fold0rep1/best.pth,False
0.961792393311232,0.9263969817932151,0.9395039910558194,0.9851640149994593,0.40967368653687786,0.1098924470878559,8,30.317404163569893,1.9433510763948596,1,2,1,1.0,1,1.0,1,116,etis-larib,segformer,polypseg/runs_repeat/segformer_seed42_fold0rep1/best.pth,False
0.9681894343835462,0.9383402987399172,0.948385570434598,0.9888380124256824,0.569079343442558,0.24295825893441858,8,17.46424919657298,1.119461524195078,1,1,1,1.0,1,1.0,0,117,etis-larib,segformer,polypseg/runs_repeat/segformer_seed42_fold0rep1/best.pth,False
0.9670665932268014,0.936233243000476,0.9513291941068636,0.9833334235199034,0.6709012217681559,0.26611887563518316,8,26.92582403567252,1.72595017832758,1,1,1,1.0,1,1.0,0,118,etis-larib,segformer,polypseg/runs_repeat/segformer_seed42_fold0rep1/best.pth,False
0.940167100493519,0.8870899374149592,0.90025894717271,0.9837776057216275,0.6229097867828736,0.230380148619142,8,97.14421613184192,6.226961779669736,1,1,1,1.0,1,1.0,0,119,etis-larib,segformer,polypseg/runs_repeat/segformer_seed42_fold0rep1/best.pth,False
0.5717575458492427,0.4003224691911385,0.4003224691911385,0.9999999999904103,0.18676775177109214,0.02863957612894275,8,183.3824789331477,11.754849983328079,1,2,1,1.0,1,1.0,1,12,etis-larib,segformer,polypseg/runs_repeat/segformer_seed42_fold0rep1/best.pth,False
0.9558366787264055,0.9154091694779563,0.9332873607713175,0.9795026113745146,0.5459664413650598,0.2057612672282885,8,82.53658013674985,5.290609677046192,1,1,1,1.0,1,1.0,0,120,etis-larib,segformer,polypseg/runs_repeat/segformer_seed42_fold0rep1/best.pth,False
0.8508963333724772,0.7404870057283455,0.9447980997534935,0.7739726027337019,0.5611694365193107,0.1436478506564475,8,17.0,1.089703066940362,1,1,1,1.0,1,1.0,0,121,etis-larib,segformer,polypseg/runs_repeat/segformer_seed42_fold0rep1/best.pth,False
0.8185156639578433,0.6927858787360491,0.8099596231421268,0.8272543988193982,0.5080502439101363,0.2622344838940523,8,31.802463475437204,2.0385436462025153,1,1,1,1.0,1,1.0,0,122,etis-larib,segformer,polypseg/runs_repeat/segformer_seed42_fold0rep1/best.pth,False
0.7973626990194476,0.6630117811657178,0.7947427292953755,0.7999999999887404,0.5904755147980898,0.207029525772017,8,21.400934559032695,1.3718037661392888,1,1,1,1.0,1,1.0,0,123,etis-larib,segformer,polypseg/runs_repeat/segformer_seed42_fold0rep1/best.pth,False
0.9667634343472498,0.9356651385411375,0.9414501997210066,0.9934754987800956,0.5508423401182505,0.22624842025876382,8,116.00258615884901,7.435786700606549,1,1,1,1.0,1,1.0,0,124,etis-larib,segformer,polypseg/runs_repeat/segformer_seed42_fold0rep1/best.pth,False
0.9671682568857415,0.9364238302450655,0.9458059834408534,0.9895178197056452,0.5783564044556304,0.334181130636861,8,116.00215513237418,7.435759071731753,1,1,1,1.0,1,1.0,0,125,etis-larib,segformer,polypseg/runs_repeat/segformer_seed42_fold0rep1/best.pth,False
0.5512799006926182,0.38052892408697825,0.531642293253969,0.572423883504686,0.2819248482720214,0.05993278945438157,8,968.6826102464474,62.09273007513818,1,3,1,1.0,1,1.0,2,126,etis-larib,segformer,polypseg/runs_repeat/segformer_seed42_fold0rep1/best.pth,False
0.8643839113121672,0.7611585639922859,0.7645465101227935,0.9942118949669136,0.5247621846171828,0.15397488344778892,8,19.1049731745428,1.2246322271830958,1,1,1,1.0,1,1.0,0,127,etis-larib,segformer,polypseg/runs_repeat/segformer_seed42_fold0rep1/best.pth,False
0.8729160657578718,0.7744907359937098,0.8453631284821747,0.9023255813845875,0.7912923182036246,0.2551723637973411,8,18.384776310850235,1.178467478290942,1,1,1,1.0,1,1.0,0,128,etis-larib,segformer,polypseg/runs_repeat/segformer_seed42_fold0rep1/best.pth,False
0.9069595522182545,0.8297584540982631,0.8375268187942507,0.9889451865385888,0.8016772705660421,0.5483988861906945,8,21.095023109728988,1.3521947870499698,1,1,1,1.0,1,1.0,0,129,etis-larib,segformer,polypseg/runs_repeat/segformer_seed42_fold0rep1/best.pth,False
0.8573786463402732,0.7503611267145992,0.9149979816749458,0.8065862258588009,0.43553724269263294,0.17641230996597249,8,83.95204422182549,5.381341180260948,1,1,1,1.0,1,1.0,0,13,etis-larib,segformer,polypseg/runs_repeat/segformer_seed42_fold0rep1/best.pth,False
0.9130631930379939,0.8400333737800361,0.8439381238981639,0.9945222701060118,0.8290526823465525,0.4583951510756988,8,22.14151860893452,1.4192753373454732,1,1,1,1.0,1,1.0,0,130,etis-larib,segformer,polypseg/runs_repeat/segformer_seed42_fold0rep1/best.pth,False
0.8419409972473733,0.7270277207345545,0.7308734356810033,0.992814581133957,0.3488330568687055,0.07696288159065916,8,18.35755975068582,1.1767228918743107,1,1,1,1.0,1,1.0,0,131,etis-larib,segformer,polypseg/runs_repeat/segformer_seed42_fold0rep1/best.pth,False
0.9063349725142821,0.8287134997796369,0.9013808975730565,0.9113438045269185,0.7999945415249902,0.34177550606438134,8,12.041594578792296,0.7718683849036706,1,1,1,1.0,1,1.0,0,132,etis-larib,segformer,polypseg/runs_repeat/segformer_seed42_fold0rep1/best.pth,False
0.9249769159726208,0.8604251664135083,0.8989487853313923,0.9525572233887368,0.7141724866711211,0.23303201493675535,8,21.876882680489455,1.402312126589638,1,1,1,1.0,1,1.0,0,133,etis-larib,segformer,polypseg/runs_repeat/segformer_seed42_fold0rep1/best.pth,False
0.8205353064751612,0.6956845007568522,0.7134324564725079,0.9654757298208629,0.44926643094065993,0.18098347850980145,8,298.8139112388242,19.1540256189054,1,2,1,1.0,1,1.0,1,134,etis-larib,segformer,polypseg/runs_repeat/segformer_seed42_fold0rep1/best.pth,False
0.7600745495930417,0.6130002004100942,0.6146838156443282,0.99555169793864,0.29904638699599084,0.16599507948932313,8,31.23618991868502,2.0022454090542756,1,1,1,1.0,1,1.0,0,135,etis-larib,segformer,polypseg/runs_repeat/segformer_seed42_fold0rep1/best.pth,False
0.9135983798990625,0.8409398172787886,0.8439478661276952,0.9957794649113547,0.6189474072275265,0.3654704952240644,8,33.80449223086214,2.1668740506077713,1,1,1,1.0,1,1.0,0,136,etis-larib,segformer,polypseg/runs_repeat/segformer_seed42_fold0rep1/best.pth,False
0.9329202858917311,0.8742742210888609,0.8992895620231895,0.9691641075219,0.7640084422821234,0.3501849069073433,8,293.3265226795559,18.8022830222861,1,1,1,1.0,1,1.0,0,137,etis-larib,segformer,polypseg/runs_repeat/segformer_seed42_fold0rep1/best.pth,False
0.8294304042011382,0.7085699194460018,0.7122378550523477,0.9927844588252286,0.5757188921135177,0.25066716719734,8,31.622776601683793,2.027025685177926,1,1,1,1.0,1,1.0,0,138,etis-larib,segformer,polypseg/runs_repeat/segformer_seed42_fold0rep1/best.pth,False
0.816200050442056,0.6894746453966671,0.9948177426350916,0.6919599217944039,0.5457902963478711,0.042073495003670386,8,22.360679774997898,1.4333236076286195,1,1,1,1.0,1,1.0,0,139,etis-larib,segformer,polypseg/runs_repeat/segformer_seed42_fold0rep1/best.pth,False
0.7610064260779388,0.614213376158971,0.8987236118946803,0.6598876129050367,0.42745310117601465,0.10790701255574643,8,137.66642456694726,8.824442650900966,1,1,1,1.0,1,1.0,0,14,etis-larib,segformer,polypseg/runs_repeat/segformer_seed42_fold0rep1/best.pth,False
0.9319253905702517,0.8725283630399309,0.9466326709957215,0.9176681155636438,0.9672531160524488,0.3803221093466894,8,8.0,0.5128014432660527,1,1,1,1.0,1,1.0,0,140,etis-larib,segformer,polypseg/runs_repeat/segformer_seed42_fold0rep1/best.pth,False
0.7636617749789719,0.6176803074789533,0.6518212183819642,0.9218310651116653,0.390416986847484,0.18389260235950516,8,37.0,2.3717066751054934,1,1,1,1.0,1,1.0,0,141,etis-larib,segformer,polypseg/runs_repeat/segformer_seed42_fold0rep1/best.pth,False
0.8946429172669293,0.8093700499524225,0.9241739130370492,0.8669407465357155,0.737051042475212,0.12185508289204258,8,16.278820596099706,1.043475337043634,1,1,1,1.0,1,1.0,0,142,etis-larib,segformer,polypseg/runs_repeat/segformer_seed42_fold0rep1/best.pth,False
0.9178336980281241,0.8481447780767963,0.9328366507231578,0.903305696129518,0.7368312123914623,0.23192192925661062,8,29.0,1.858905231839441,1,1,1,1.0,1,1.0,0,143,etis-larib,segformer,polypseg/runs_repeat/segformer_seed42_fold0rep1/best.pth,False
0.924015968851087,0.858763645278678,0.9558361774678782,0.8942461204362075,0.8489893677274027,0.28848208008065274,8,11.661903789690601,0.7475301368228987,1,1,1,1.0,1,1.0,0,144,etis-larib,segformer,polypseg/runs_repeat/segformer_seed42_fold0rep1/best.pth,False
0.9324667011326969,0.8734778597745688,0.962979913547099,0.9038277968647201,0.8100673139787654,0.30986063785378953,8,9.537700299491478,0.6113683098772865,1,1,1,1.0,1,1.0,0,145,etis-larib,segformer,polypseg/runs_repeat/segformer_seed42_fold0rep1/best.pth,False
0.6786377708952065,0.5135895032772165,0.5316194749255343,0.9380549908961371,0.3786967686718433,0.08545631502954162,8,131.21203247908923,8.410714953643643,1,1,1,1.0,1,1.0,0,146,etis-larib,segformer,polypseg/runs_repeat/segformer_seed42_fold0rep1/best.pth,False
0.778816071974688,0.6377549311790035,0.639446645622727,0.9958688490247561,0.45558897731953635,0.1322554114495409,8,44.58245491240617,2.8577434029282007,1,1,1,1.0,1,1.0,0,147,etis-larib,segformer,polypseg/runs_repeat/segformer_seed42_fold0rep1/best.pth,False
0.23987069757102497,0.13628015694074513,0.5230695289887365,0.15561698679683705,0.0,0.0,8,624.3170668650566,40.01883661800372,1,3,0,0.0,0,0.0,3,148,etis-larib,segformer,polypseg/runs_repeat/segformer_seed42_fold0rep1/best.pth,False
0.8603826175064602,0.7549749860991941,0.7713101254996234,0.9727136002222107,0.5250979758780661,0.1461000207159225,8,18.0,1.1538032473486184,1,1,1,1.0,1,1.0,0,149,etis-larib,segformer,polypseg/runs_repeat/segformer_seed42_fold0rep1/best.pth,False
0.7924051853764341,0.6561846538099325,0.8038120480634655,0.7813175412805556,0.3573104270202825,0.16616632914488372,8,150.5257453062432,9.648727430217471,1,1,1,1.0,1,1.0,0,15,etis-larib,segformer,polypseg/runs_repeat/segformer_seed42_fold0rep1/best.pth,False
0.8346456692904917,0.716216216214969,0.8426660110212825,0.8267765604566755,0.3917137803674317,0.13273688166961442,8,57.6308408121948,3.694147293141203,1,1,1,1.0,1,1.0,0,150,etis-larib,segformer,polypseg/runs_repeat/segformer_seed42_fold0rep1/best.pth,False
0.8416827479705068,0.7266426762579858,0.7806414662028877,0.9130798861085824,0.613345782027849,0.13631561404936132,8,28.284271247461902,1.8130268896783723,1,1,1,1.0,1,1.0,0,151,etis-larib,segformer,polypseg/runs_repeat/segformer_seed42_fold0rep1/best.pth,False
0.0,0.0,0.0,0.0,0.0,0.0,8,,,1,0,0,0.0,0,0.0,0,152,etis-larib,segformer,polypseg/runs_repeat/segformer_seed42_fold0rep1/best.pth,False
0.9122966326127274,0.8387366077611008,0.8473432667948856,0.9880347483978527,0.5173483160686563,0.13439095256940878,8,13.92838827718412,0.8928122013637482,1,1,1,1.0,1,1.0,0,153,etis-larib,segformer,polypseg/runs_repeat/segformer_seed42_fold0rep1/best.pth,False
0.026724608548828185,0.013543273617360914,0.013922267340675953,0.3322247190981373,0.06940542116887065,0.026577433336926318,8,658.4208680757414,42.20489642821593,1,2,1,1.0,0,0.0,1,154,etis-larib,segformer,polypseg/runs_repeat/segformer_seed42_fold0rep1/best.pth,False
0.9001211264739575,0.8183820492781242,0.8769298849401271,0.9245723172580375,0.5518365876098997,0.22343719583817911,8,16.15549442140351,1.0355701069965477,1,1,1,1.0,1,1.0,0,155,etis-larib,segformer,polypseg/runs_repeat/segformer_seed42_fold0rep1/best.pth,False
0.0017306722319648078,0.0008660855711066137,0.0009047540713928835,0.019861922463941986,0.0824307822364785,0.027109827339826968,8,599.0444471282702,38.398857133486445,1,1,0,0.0,0,0.0,1,156,etis-larib,segformer,polypseg/runs_repeat/segformer_seed42_fold0rep1/best.pth,False
0.0,0.0,0.0,0.0,0.0,0.0,8,656.821132234391,42.10235307217982,1,2,0,0.0,0,0.0,2,157,etis-larib,segformer,polypseg/runs_repeat/segformer_seed42_fold0rep1/best.pth,False
0.0,0.0,0.0,0.0,0.0,0.0,8,,,1,0,0,0.0,0,0.0,0,158,etis-larib,segformer,polypseg/runs_repeat/segformer_seed42_fold0rep1/best.pth,False
0.9385168102156081,0.8841560744887907,0.8960218081587442,0.9852432557050871,0.6509213304393127,0.07239279732176178,8,22.0,1.4102039689816448,1,1,1,1.0,1,1.0,0,159,etis-larib,segformer,polypseg/runs_repeat/segformer_seed42_fold0rep1/best.pth,False
0.796552451845217,0.6618921223999762,0.8506351157540969,0.7489357480421832,0.2832815183925577,0.1327907832768672,8,112.98205113613142,7.242169860720894,1,1,1,1.0,1,1.0,0,16,etis-larib,segformer,polypseg/runs_repeat/segformer_seed42_fold0rep1/best.pth,False
0.9333322337487561,0.8749980671384778,0.8940341896532151,0.9762438755072523,0.5868674805500506,0.19935447046028945,8,25.35248230282394,1.625098689408147,1,1,1,1.0,1,1.0,0,160,etis-larib,segformer,polypseg/runs_repeat/segformer_seed42_fold0rep1/best.pth,False
0.19901962249483185,0.11050626924127091,0.11085921371009422,0.9719964965184857,0.126904109922289,0.018625870165352002,8,793.275077835023,50.84907560259875,1,1,0,0.0,0,0.0,1,161,etis-larib,segformer,polypseg/runs_repeat/segformer_seed42_fold0rep1/best.pth,False
0.9435424642542827,0.8931191574948333,0.9076178451164808,0.982428166995896,0.680194161249155,0.15245068795182906,8,18.601075237738275,1.1923322785265777,1,1,1,1.0,1,1.0,0,162,etis-larib,segformer,polypseg/runs_repeat/segformer_seed42_fold0rep1/best.pth,False
0.948565496412995,0.9021631810416447,0.9156000910940323,0.9839933427953987,0.6655664463247044,0.18126259336779726,8,16.97056274847714,1.0878161338070234,1,1,1,1.0,1,1.0,0,163,etis-larib,segformer,polypseg/runs_repeat/segformer_seed42_fold0rep1/best.pth,False
0.2785594013095483,0.1618176087641109,0.1644866214453978,0.9088633866420281,0.16852027052976168,0.03953325520037285,8,765.1754649735138,49.04788534877385,1,3,1,1.0,1,1.0,2,164,etis-larib,segformer,polypseg/runs_repeat/segformer_seed42_fold0rep1/best.pth,False
0.899537244362145,0.8174172544719619,0.8246660827631669,0.9893610034741619,0.6748679864813821,0.30224015696319706,8,15.0,0.9615027061238487,1,1,1,1.0,1,1.0,0,165,etis-larib,segformer,polypseg/runs_repeat/segformer_seed42_fold0rep1/best.pth,False
0.9431209602937338,0.8923641446762455,0.9615529447169696,0.9253823294885649,0.8500174526181609,0.3719776313511375,8,13.432596319739499,0.8610318474465852,1,1,1,1.0,1,1.0,0,166,etis-larib,segformer,polypseg/runs_repeat/segformer_seed42_fold0rep1/best.pth,False
0.8747242191825261,0.7773420827977557,0.7920041311061803,0.9767387296766323,0.6127850220171871,0.3248994449275157,8,42.04759208325728,2.695258238269573,1,1,1,1.0,1,1.0,0,167,etis-larib,segformer,polypseg/runs_repeat/segformer_seed42_fold0rep1/best.pth,False
0.874414954735365,0.7768537423396401,0.8008213552320286,0.9629035244678544,0.597849962276519,0.234716052957317,8,25.82313563257312,1.655267652754816,1,1,1,1.0,1,1.0,0,168,etis-larib,segformer,polypseg/runs_repeat/segformer_seed42_fold0rep1/best.pth,False
0.7220018309392635,0.5649474689544337,0.5757624918837138,0.9678211071588789,0.5593168127141336,0.2000567725204477,8,36.6742416417845,2.3508255055743823,1,1,1,1.0,1,1.0,0,169,etis-larib,segformer,polypseg/runs_repeat/segformer_seed42_fold0rep1/best.pth,False
0.822190250973843,0.6980671128368998,0.8910474688448916,0.7632117565181105,0.3870366080886642,0.11311912959786335,8,137.2151587383271,8.795516429874331,1,1,1,1.0,1,1.0,0,17,etis-larib,segformer,polypseg/runs_repeat/segformer_seed42_fold0rep1/best.pth,False
0.23480947476780595,0.1330221703614226,0.13512759726645487,0.895150115459659,0.36558467729457395,0.13917804628765795,8,641.6952146008055,41.13277902302656,1,2,1,1.0,1,1.0,1,170,etis-larib,segformer,polypseg/runs_repeat/segformer_seed42_fold0rep1/best.pth,False
0.8657431722685016,0.7632690860675521,0.9395126816747349,0.8027148770385033,0.4948845528334559,0.14769879813720665,8,119.99469085852337,7.691681332064325,1,1,1,1.0,1,1.0,0,171,etis-larib,segformer,polypseg/runs_repeat/segformer_seed42_fold0rep1/best.pth,False
0.8334281765706879,0.7144250871075398,0.9893842887464367,0.7199438202242376,0.491882143610474,0.2005098830443764,8,146.69900184998903,9.403432484295463,1,1,1,1.0,1,1.0,0,172,etis-larib,segformer,polypseg/runs_repeat/segformer_seed42_fold0rep1/best.pth,False
0.8047882605453175,0.6733436712331019,0.9551955611319752,0.6953040741307556,0.40981208986647366,0.1554468818721697,8,190.8649615719502,12.234478470376967,1,1,1,1.0,1,1.0,0,173,etis-larib,segformer,polypseg/runs_repeat/segformer_seed42_fold0rep1/best.pth,False
0.9067990279711976,0.8294897746828076,0.8716118836278348,0.944946713935254,0.42473991333617833,0.1579625378164876,8,41.86884283091664,2.683800378946697,1,1,1,1.0,1,1.0,0,174,etis-larib,segformer,polypseg/runs_repeat/segformer_seed42_fold0rep1/best.pth,False
0.8580959856466625,0.7514606962237573,0.9846876407376911,0.7603457697843479,0.588111022522962,0.254861214793718,8,138.37177436271753,8.869655700060767,1,1,1,1.0,1,1.0,0,175,etis-larib,segformer,polypseg/runs_repeat/segformer_seed42_fold0rep1/best.pth,False
0.8775597447156134,0.7818320312231415,0.959631980009631,0.8084198787197264,0.5160564199395886,0.1380516669516128,8,109.60383204979651,7.025625407828211,1,1,1,1.0,1,1.0,0,176,etis-larib,segformer,polypseg/runs_repeat/segformer_seed42_fold0rep1/best.pth,False
0.9440486151749801,0.894026589426195,0.9225563293729053,0.9665661740464762,0.5497024288440007,0.1260036090466536,8,77.94892421738467,4.996540104963878,1,1,1,1.0,1,1.0,0,177,etis-larib,segformer,polypseg/runs_repeat/segformer_seed42_fold0rep1/best.pth,False
0.8800479713680622,0.7857907739522315,0.9902351428596526,0.7919272603667608,0.28107572962831584,0.10731941086239012,8,85.96510388659121,5.510378667945015,1,1,1,1.0,1,1.0,0,178,etis-larib,segformer,polypseg/runs_repeat/segformer_seed42_fold0rep1/best.pth,False
0.9220338264013015,0.8553457881921933,0.8576530310245313,0.9968647210679615,0.5951462051262922,0.18679428238821436,8,206.7383569313215,13.251965976604252,1,1,1,1.0,1,1.0,0,179,etis-larib,segformer,polypseg/runs_repeat/segformer_seed42_fold0rep1/best.pth,False
0.8840882237095418,0.7922563794858855,0.9037604681113058,0.8652541501762023,0.4105078263691085,0.13806136390226204,8,58.54028099737122,3.7524425730815296,1,1,1,1.0,1,1.0,0,18,etis-larib,segformer,polypseg/runs_repeat/segformer_seed42_fold0rep1/best.pth,False
0.9319596442328126,0.8725884178443555,0.9038431479150145,0.9618815837527667,0.3301505457837452,0.1409221129225735,8,73.56901024407343,4.715786829101983,1,1,1,1.0,1,1.0,0,180,etis-larib,segformer,polypseg/runs_repeat/segformer_seed42_fold0rep1/best.pth,False
0.9001399981761483,0.8184132495803864,0.8189204620315099,0.9992437820422055,0.23879600090935682,0.06525022022224065,8,82.54089895318563,5.290886513958875,1,1,1,1.0,1,1.0,0,181,etis-larib,segformer,polypseg/runs_repeat/segformer_seed42_fold0rep1/best.pth,False
0.9558919565701484,0.9155105763097877,0.9241999608939678,0.9898346494478164,0.4834987804669909,0.1439158011466117,8,52.32590180780452,3.354099745904989,1,1,1,1.0,1,1.0,0,182,etis-larib,segformer,polypseg/runs_repeat/segformer_seed42_fold0rep1/best.pth,False
0.9046953822256408,0.8259760504470135,0.8339831872622644,0.9885096459572249,0.5003361975516168,0.2245536689068087,8,19.1049731745428,1.2246322271830958,1,1,1,1.0,1,1.0,0,183,etis-larib,segformer,polypseg/runs_repeat/segformer_seed42_fold0rep1/best.pth,False
0.5878569855361753,0.41628714621328783,0.4862160258422525,0.7432241776166064,0.2989294675038041,0.13550167840445376,8,327.07399281533543,20.965501946311818,1,2,1,1.0,1,1.0,1,184,etis-larib,segformer,polypseg/runs_repeat/segformer_seed42_fold0rep1/best.pth,False
0.8857963890027547,0.7950040551474614,0.7959853184759932,0.9984517601002344,0.47297285404003236,0.21827406190132612,8,25.0,1.6025045102064146,1,1,1,1.0,1,1.0,0,185,etis-larib,segformer,polypseg/runs_repeat/segformer_seed42_fold0rep1/best.pth,False
0.8964584700413679,0.8123468358050585,0.8412390371306541,0.9594364518559656,0.5809303309288698,0.08755997152697537,8,23.751712206680892,1.5224890374532352,1,1,1,1.0,1,1.0,0,186,etis-larib,segformer,polypseg/runs_repeat/segformer_seed42_fold0rep1/best.pth,False
0.9403749294636452,0.8874600607436098,0.8959063395950306,0.9894884989181093,0.8435916830655559,0.24969754597212354,8,11.704699910719626,0.7502733759016327,1,1,1,1.0,1,1.0,0,187,etis-larib,segformer,polypseg/runs_repeat/segformer_seed42_fold0rep1/best.pth,False
0.6237985417761903,0.4532756000573448,0.4941673096988467,0.8456250728150777,0.4038505533196454,0.2320701084239766,8,324.1478973825583,20.77793870117903,1,2,1,1.0,1,1.0,1,188,etis-larib,segformer,polypseg/runs_repeat/segformer_seed42_fold0rep1/best.pth,False
0.8729612231189668,0.7745618349838854,0.7756662864233753,0.9981650763962161,0.45365486172574687,0.29241494595830453,8,32.449961479175904,2.080048385056152,1,1,1,1.0,1,1.0,0,189,etis-larib,segformer,polypseg/runs_repeat/segformer_seed42_fold0rep1/best.pth,False
0.5128304662275642,0.34483658694021946,0.34984947315555853,0.9601055691517744,0.3401463302406127,0.1265259455439402,8,202.58516308495047,12.985745501781407,1,1,1,1.0,0,0.0,0,19,etis-larib,segformer,polypseg/runs_repeat/segformer_seed42_fold0rep1/best.pth,False
0.8957075541149171,0.8111144447764591,0.8111144447764591,0.999999999997945,0.42407000770458597,0.049586727026892506,8,34.609843613734085,2.2184972195419017,1,1,1,1.0,1,1.0,0,190,etis-larib,segformer,polypseg/runs_repeat/segformer_seed42_fold0rep1/best.pth,False
0.0,0.0,0.0,0.0,0.0,0.0,8,773.7253702153711,49.5959358172504,1,4,0,0.0,0,0.0,4,191,etis-larib,segformer,polypseg/runs_repeat/segformer_seed42_fold0rep1/best.pth,False
0.0,0.0,0.0,0.0,0.0,0.0,8,422.0829288786405,27.055591888366184,1,1,0,0.0,0,0.0,1,192,etis-larib,segformer,polypseg/runs_repeat/segformer_seed42_fold0rep1/best.pth,False
0.0,0.0,0.0,0.0,0.0,0.0,8,361.9378364081212,23.200280610334627,1,1,0,0.0,0,0.0,1,193,etis-larib,segformer,polypseg/runs_repeat/segformer_seed42_fold0rep1/best.pth,False
0.0,0.0,0.0,0.0,0.0,0.0,8,833.732641546808,53.44241273540271,1,1,0,0.0,0,0.0,1,194,etis-larib,segformer,polypseg/runs_repeat/segformer_seed42_fold0rep1/best.pth,False
0.0,0.0,0.0,0.0,0.0,0.0,8,564.0111698967411,36.153217742652956,1,1,0,0.0,0,0.0,1,195,etis-larib,segformer,polypseg/runs_repeat/segformer_seed42_fold0rep1/best.pth,False
0.0,0.0,0.0,0.0,0.0,0.0,8,779.2512060895685,49.95014289369288,1,1,0,0.0,0,0.0,1,196,etis-larib,segformer,polypseg/runs_repeat/segformer_seed42_fold0rep1/best.pth,False
0.7928985007063426,0.6568614993605028,0.6670322580602127,0.9773135456945145,0.4975019065961091,0.28571423594821055,8,36.69330383776769,2.352047395775882,1,1,1,1.0,1,1.0,0,2,etis-larib,segformer,polypseg/runs_repeat/segformer_seed42_fold0rep1/best.pth,False
0.6217256121247149,0.45108986831218145,0.4805491303419131,0.8803588134891841,0.41734881079919056,0.10421127693458629,8,655.6560772772389,42.02767283924083,1,2,1,1.0,0,0.0,1,20,etis-larib,segformer,polypseg/runs_repeat/segformer_seed42_fold0rep1/best.pth,False
0.9244962644320008,0.8595937269745999,0.8663413599220919,0.9910205072179933,0.7283488820431726,0.30116122538356155,8,41.20375895011312,2.6411683822005676,1,1,1,1.0,1,1.0,0,21,etis-larib,segformer,polypseg/runs_repeat/segformer_seed42_fold0rep1/best.pth,False
0.5595183834690073,0.3884245220820345,0.4425185496697332,0.7606237414118829,0.28808596314862595,0.059325566525001684,8,653.0600100712988,41.86126446298812,1,2,1,1.0,0,0.0,1,22,etis-larib,segformer,polypseg/runs_repeat/segformer_seed42_fold0rep1/best.pth,False
0.0,0.0,0.0,0.0,0.0,0.0,8,382.6456966850505,24.527658189954764,1,1,0,0.0,0,0.0,1,23,etis-larib,segformer,polypseg/runs_repeat/segformer_seed42_fold0rep1/best.pth,False
0.0,0.0,0.0,0.0,0.0,0.0,8,467.14076729736666,29.94380745981261,1,2,0,0.0,0,0.0,2,24,etis-larib,segformer,polypseg/runs_repeat/segformer_seed42_fold0rep1/best.pth,False
0.5863751051299507,0.41480247501148776,0.45635240983521,0.8200101932786685,0.16132227782861164,0.07502151404337361,8,246.58264064467875,15.80599175086821,1,1,1,1.0,0,0.0,0,25,etis-larib,segformer,polypseg/runs_repeat/segformer_seed42_fold0rep1/best.pth,False
0.7625837257106219,0.6162709684326381,0.6431118133126731,0.936572254686452,0.23089966953087582,0.08471467785844526,8,232.63920563825866,14.912215051445882,1,2,1,1.0,1,1.0,1,26,etis-larib,segformer,polypseg/runs_repeat/segformer_seed42_fold0rep1/best.pth,False
0.819887581381354,0.694753795016457,0.8568590989754525,0.7859745696992053,0.4153504348877,0.14703352051177337,8,91.81501531359352,5.885359045788186,1,1,1,1.0,1,1.0,0,27,etis-larib,segformer,polypseg/runs_repeat/segformer_seed42_fold0rep1/best.pth,False
0.7761178413679582,0.6341442563681466,0.6563562589265003,0.9493381600099654,0.24575374536525424,0.05088851266660392,8,81.25816765092512,5.208663206068659,1,1,1,1.0,1,1.0,0,28,etis-larib,segformer,polypseg/runs_repeat/segformer_seed42_fold0rep1/best.pth,False
0.7933383373983924,0.6574654370703428,0.736443290886588,0.859760437636793,0.3675408157552103,0.06051006574697447,8,221.17029521735887,14.177055824380071,1,2,1,1.0,1,1.0,1,29,etis-larib,segformer,polypseg/runs_repeat/segformer_seed42_fold0rep1/best.pth,False
0.7753026227270708,0.6330564898027795,0.6565347380363288,0.946531198676657,0.528042053806895,0.2729891139971133,8,33.52610922848042,2.149029649932511,1,1,1,1.0,1,1.0,0,3,etis-larib,segformer,polypseg/runs_repeat/segformer_seed42_fold0rep1/best.pth,False
0.5405531649040162,0.3703822242133715,0.3776216930566411,0.9507866737851728,0.21127863666039484,0.06450614479537367,8,278.94454525469047,17.880395674724753,1,1,1,1.0,0,0.0,0,30,etis-larib,segformer,polypseg/runs_repeat/segformer_seed42_fold0rep1/best.pth,False
0.5609833409633342,0.3898379754261348,0.9050514233711855,0.40646132645926847,0.0964076648538448,0.04710187452241537,8,105.5902027607786,6.7683510463103005,1,1,1,1.0,0,0.0,0,31,etis-larib,segformer,polypseg/runs_repeat/segformer_seed42_fold0rep1/best.pth,False
0.4992285090525027,0.3326479161310026,0.3754173738618266,0.744890336642936,0.21675336225537722,0.06236597855698822,8,322.6976908625828,20.68498020161937,1,1,1,1.0,0,0.0,0,32,etis-larib,segformer,polypseg/runs_repeat/segformer_seed42_fold0rep1/best.pth,False
0.7733127409395842,0.6304074125070029,0.7045522002476672,0.8569461157897353,0.28452520310458146,0.04461372245881637,8,196.51582744344827,12.596699992202856,1,1,1,1.0,1,1.0,0,33,etis-larib,segformer,polypseg/runs_repeat/segformer_seed42_fold0rep1/best.pth,False
0.7409232066859923,0.588465461853056,0.7214776375711925,0.7614460204878236,0.12361500270095625,0.06093462760917427,8,199.96836708921563,12.818008406363202,1,1,1,1.0,1,1.0,0,34,etis-larib,segformer,polypseg/runs_repeat/segformer_seed42_fold0rep1/best.pth,False
0.7759365691983304,0.6339022551226371,0.8542595201236536,0.7107695263700436,0.36505165670509193,0.10825884311184795,8,121.48353733880262,7.7871166600504225,1,1,1,1.0,1,1.0,0,35,etis-larib,segformer,polypseg/runs_repeat/segformer_seed42_fold0rep1/best.pth,False
0.0,0.0,0.0,0.0,0.0,0.0,8,,,1,0,0,0.0,0,0.0,0,36,etis-larib,segformer,polypseg/runs_repeat/segformer_seed42_fold0rep1/best.pth,False
0.9056110214916824,0.8275037845557027,0.8700314136089213,0.9442247374837754,0.6445437208684468,0.2239167103914441,8,21.095023109728988,1.3521947870499698,1,1,1,1.0,1,1.0,0,37,etis-larib,segformer,polypseg/runs_repeat/segformer_seed42_fold0rep1/best.pth,False
0.8203651791781691,0.6954399486161617,0.8784207679779426,0.7695077462416757,0.5220980124412374,0.09930275763001202,8,39.403013210823836,2.5257402554427255,1,1,1,1.0,1,1.0,0,38,etis-larib,segformer,polypseg/runs_repeat/segformer_seed42_fold0rep1/best.pth,False
0.8821628101100624,0.7891693156110866,0.8303848478709233,0.9408273217014846,0.5807736649257446,0.2519684540262006,8,34.87829294719313,2.235704870247103,1,1,1,1.0,1,1.0,0,39,etis-larib,segformer,polypseg/runs_repeat/segformer_seed42_fold0rep1/best.pth,False
0.7228811420717297,0.5660249534208432,0.5680131437280153,0.9938540840504178,0.45366283169542954,0.28767301465237755,8,50.11985634456667,3.212691833722627,1,1,1,1.0,1,1.0,0,4,etis-larib,segformer,polypseg/runs_repeat/segformer_seed42_fold0rep1/best.pth,False
0.8905629861345479,0.802716129896989,0.8192157860720412,0.975523334418911,0.4664193505701234,0.07545469963076473,8,36.378555144150546,2.3318719477317607,1,1,1,1.0,1,1.0,0,40,etis-larib,segformer,polypseg/runs_repeat/segformer_seed42_fold0rep1/best.pth,False
0.9099725678176084,0.8348162082450644,0.8348162082450644,0.99999999999797,0.20246173459496372,0.0459868500426333,8,18.447188230743393,1.182468093615719,1,1,1,1.0,1,1.0,0,41,etis-larib,segformer,polypseg/runs_repeat/segformer_seed42_fold0rep1/best.pth,False
0.8653825801649239,0.7627087025428472,0.8939054386395523,0.838623660320811,0.5986227548574218,0.18029867475057804,8,34.458530235001774,2.2087980046669777,1,1,1,1.0,1,1.0,0,42,etis-larib,segformer,polypseg/runs_repeat/segformer_seed42_fold0rep1/best.pth,False
0.7869203017377586,0.6486962916492925,0.7802971172848627,0.7936568842774436,0.36000290873897006,0.12520361609108752,8,588.5138012449952,37.72384083255305,3,1,2,0.6666666666666666,0,0.0,0,43,etis-larib,segformer,polypseg/runs_repeat/segformer_seed42_fold0rep1/best.pth,False
0.837062380648602,0.7197827009117259,0.8737852788237781,0.8033017211087136,0.22591366305569724,0.06771380973844957,8,619.4021998498544,39.70379275564667,3,1,2,0.6666666666666666,0,0.0,0,44,etis-larib,segformer,polypseg/runs_repeat/segformer_seed42_fold0rep1/best.pth,False
0.814319493528587,0.6867950422428746,0.8255632120687616,0.8033779264200612,0.36928645403564136,0.11284041807750908,8,633.9047623113738,40.633409625812064,3,1,2,0.6666666666666666,0,0.0,0,45,etis-larib,segformer,polypseg/runs_repeat/segformer_seed42_fold0rep1/best.pth,False
0.638014393426425,0.468444299519078,0.7985496993258918,0.5312211110168397,0.20192011822107733,0.05428978914115784,8,706.3166755813642,45.27502633012548,3,1,1,0.3333333333333333,0,0.0,0,46,etis-larib,segformer,polypseg/runs_repeat/segformer_seed42_fold0rep1/best.pth,False
0.6322107050193893,0.4622135202691079,0.804062889636578,0.5208825847113457,0.2951229972251485,0.0338612449381883,8,742.953988111197,47.62348467296144,3,1,1,0.3333333333333333,1,0.3333333333333333,0,47,etis-larib,segformer,polypseg/runs_repeat/segformer_seed42_fold0rep1/best.pth,False
0.8032596929357032,0.6712063496099382,0.8315839318114883,0.7768013800616652,0.22182075041373997,0.08408705407587973,8,625.0991655048774,40.06896928191328,3,1,2,0.6666666666666666,0,0.0,0,48,etis-larib,segformer,polypseg/runs_repeat/segformer_seed42_fold0rep1/best.pth,False
0.921734747288882,0.8548311697621099,0.8589701896987932,0.9943947126202861,0.6838075009300147,0.15522662927155828,8,14.7648230602334,0.946427821856948,1,1,1,1.0,1,1.0,0,49,etis-larib,segformer,polypseg/runs_repeat/segformer_seed42_fold0rep1/best.pth,False
0.4469813142487449,0.28781451140912884,0.29757628464363606,0.8976844986780234,0.30113565940079323,0.10030576832434501,8,402.17931190270787,25.779766449432067,1,2,1,1.0,1,1.0,1,5,etis-larib,segformer,polypseg/runs_repeat/segformer_seed42_fold0rep1/best.pth,False
0.9050646787967052,0.8265919102893414,0.842355210919592,0.977862003613671,0.48055889179636635,0.18112299008865015,8,15.620499351813308,1.001276826518288,1,1,1,1.0,1,1.0,0,50,etis-larib,segformer,polypseg/runs_repeat/segformer_seed42_fold0rep1/best.pth,False
0.8982285656424775,0.8152585351482295,0.8448151110063413,0.958852005528359,0.6274608796300578,0.26079854038894557,8,24.0,1.538404329798158,1,1,1,1.0,1,1.0,0,51,etis-larib,segformer,polypseg/runs_repeat/segformer_seed42_fold0rep1/best.pth,False
0.9539564608134645,0.9119663045338597,0.9136972585821082,0.9979269814427955,0.509659034857638,0.0980279751648339,8,22.083921385491585,1.4155833449317663,1,1,1,1.0,1,1.0,0,52,etis-larib,segformer,polypseg/runs_repeat/segformer_seed42_fold0rep1/best.pth,False
0.02490459055716399,0.012609310131599893,0.013794936219542671,0.12794084696249225,0.014660937193920505,0.0,8,424.9661155831864,27.240404676278267,1,2,0,0.0,0,0.0,2,53,etis-larib,segformer,polypseg/runs_repeat/segformer_seed42_fold0rep1/best.pth,False
0.7945803981227889,0.659173284460765,0.6822914471159537,0.9511105887827529,0.41879167235243325,0.16984696738722818,8,328.5132406442178,21.05775799179537,1,2,1,1.0,1,1.0,1,54,etis-larib,segformer,polypseg/runs_repeat/segformer_seed42_fold0rep1/best.pth,False
0.9444055613336907,0.8946670489538575,0.9134921506169228,0.9774845328491758,0.8192437072920917,0.33106991143837045,8,10.0,0.6410018040825658,1,1,1,1.0,1,1.0,0,55,etis-larib,segformer,polypseg/runs_repeat/segformer_seed42_fold0rep1/best.pth,False
0.8927315357544104,0.8062466913682503,0.8494143892885316,0.9407041383531368,0.6583657583801581,0.23172430339260178,8,30.59411708155671,1.9610884243591096,1,1,1,1.0,1,1.0,0,56,etis-larib,segformer,polypseg/runs_repeat/segformer_seed42_fold0rep1/best.pth,False
0.0,0.0,0.0,0.0,0.0,0.0,8,452.4957978126683,29.005062273770033,1,3,0,0.0,0,0.0,3,57,etis-larib,segformer,polypseg/runs_repeat/segformer_seed42_fold0rep1/best.pth,False
0.0,0.0,0.0,0.0,0.0,0.0,8,710.854484916591,45.565900727171794,1,1,0,0.0,0,0.0,1,58,etis-larib,segformer,polypseg/runs_repeat/segformer_seed42_fold0rep1/best.pth,False
0.9138931785495352,0.8414394979391225,0.9523862375117594,0.878390828128,0.6121094938645091,0.19657950637809754,8,30.0,1.9230054122476974,1,1,1,1.0,1,1.0,0,59,etis-larib,segformer,polypseg/runs_repeat/segformer_seed42_fold0rep1/best.pth,False
0.5842097638690882,0.4126386444545793,0.41472645001886166,0.9879470847526903,0.3157606086418191,0.05571297096604876,8,415.42294098298044,26.62868546273757,1,2,1,1.0,1,1.0,1,6,etis-larib,segformer,polypseg/runs_repeat/segformer_seed42_fold0rep1/best.pth,False
0.0,0.0,0.0,0.0,0.0,0.0,8,818.49853385331,52.46590368389069,1,2,0,0.0,0,0.0,2,60,etis-larib,segformer,polypseg/runs_repeat/segformer_seed42_fold0rep1/best.pth,False
0.9311420770831728,0.8711560789502883,0.9246342622732521,0.9377421485815891,0.567256817965236,0.2784136376980592,8,21.0,1.3461037885733882,1,1,1,1.0,1,1.0,0,61,etis-larib,segformer,polypseg/runs_repeat/segformer_seed42_fold0rep1/best.pth,False
0.8817356608470007,0.7884858972743859,0.8685151705689582,0.8953648555550923,0.3059744918755443,0.0473656438317885,8,29.074039292459744,1.8636511638434101,1,1,1,1.0,1,1.0,0,62,etis-larib,segformer,polypseg/runs_repeat/segformer_seed42_fold0rep1/best.pth,False
0.9721334010695962,0.9457777906989064,0.9567887920465118,0.9879782139923526,0.7349550070186119,0.33441604706692585,8,46.86416336440426,3.0040013263403225,1,1,1,1.0,1,1.0,0,63,etis-larib,segformer,polypseg/runs_repeat/segformer_seed42_fold0rep1/best.pth,False
0.9824135678188338,0.9654350104816743,0.9867737338884972,0.9780917639682378,0.913931119741027,0.3149243794470511,8,9.219544457292887,0.5909744629944161,1,1,1,1.0,1,1.0,0,64,etis-larib,segformer,polypseg/runs_repeat/segformer_seed42_fold0rep1/best.pth,False
0.9541304881576816,0.9122844459601496,0.984227855676857,0.9258192371815083,0.7258999917403474,0.3650339524361538,8,13.45362404707371,0.862379728562284,1,1,1,1.0,1,1.0,0,65,etis-larib,segformer,polypseg/runs_repeat/segformer_seed42_fold0rep1/best.pth,False
0.981030650997186,0.9627675768238213,0.9872732948942023,0.9748664569791703,0.8291803039397372,0.34019133755986175,8,13.416407864998739,0.8599941645771717,1,1,1,1.0,1,1.0,0,66,etis-larib,segformer,polypseg/runs_repeat/segformer_seed42_fold0rep1/best.pth,False
0.9660566985861311,0.9343420449313747,0.982024962650036,0.9505994308882992,0.8745067779806929,0.4385989965854645,8,11.106101508827512,0.7119031103482542,1,1,1,1.0,1,1.0,0,67,etis-larib,segformer,polypseg/runs_repeat/segformer_seed42_fold0rep1/best.pth,False
0.9509085840257726,0.906411557226137,0.9870567189256705,0.917314556740906,0.841829340721824,0.5446983836925388,8,15.366541604744357,0.9849980891150939,1,1,1,1.0,1,1.0,0,68,etis-larib,segformer,polypseg/runs_repeat/segformer_seed42_fold0rep1/best.pth,False
0.03200796642697199,0.016264276420295907,0.025179051029261646,0.04391957837119033,0.14659323809240632,0.05162750071972167,8,204.81502210296216,13.128679867120935,1,1,0,0.0,0,0.0,1,69,etis-larib,segformer,polypseg/runs_repeat/segformer_seed42_fold0rep1/best.pth,False
0.1747908183809792,0.09576481432442388,0.09576481432442388,0.9999999999897603,0.011643144905076888,0.0,8,410.6088874247691,26.320103761161214,1,1,0,0.0,0,0.0,1,7,etis-larib,segformer,polypseg/runs_repeat/segformer_seed42_fold0rep1/best.pth,False
0.07116104868877841,0.03689320388330153,0.04141628372781067,0.25251436780702174,0.10494431292433345,0.030481958454680408,8,370.55935357021343,23.752921415817617,1,2,0,0.0,0,0.0,2,70,etis-larib,segformer,polypseg/runs_repeat/segformer_seed42_fold0rep1/best.pth,False
0.10147951078511401,0.053451891281447186,0.059755657740375626,0.3362932893525778,0.10027619547413268,0.016739191135410784,8,461.1422554923854,29.55930177093225,1,3,1,1.0,0,0.0,2,71,etis-larib,segformer,polypseg/runs_repeat/segformer_seed42_fold0rep1/best.pth,False
0.07196825027802267,0.037327315947157255,0.03988147820958502,0.3682242990591636,0.07526283989451311,0.014904490081878934,8,334.1520574400047,21.41920716569442,1,1,0,0.0,0,0.0,1,72,etis-larib,segformer,polypseg/runs_repeat/segformer_seed42_fold0rep1/best.pth,False
0.15207283998302912,0.08229374148147296,0.1173744019121206,0.21589658965302816,0.16781219582235232,0.09098077718417791,8,182.10119681394622,11.672719568333392,1,3,0,0.0,0,0.0,3,73,etis-larib,segformer,polypseg/runs_repeat/segformer_seed42_fold0rep1/best.pth,False
0.18450485149179874,0.10162784056096598,0.12354312354251082,0.364234537207717,0.12428812973960808,0.06311174593955546,8,400.44125558366903,25.66835672582197,1,2,1,1.0,0,0.0,1,74,etis-larib,segformer,polypseg/runs_repeat/segformer_seed42_fold0rep1/best.pth,False
0.8000182340301772,0.6666919920933999,0.6666919920933999,0.9999999999886039,0.33499634969939107,0.05771352046429874,8,20.242279652526612,1.2975337776013374,1,1,1,1.0,1,1.0,0,75,etis-larib,segformer,polypseg/runs_repeat/segformer_seed42_fold0rep1/best.pth,False
0.7400240023946892,0.5873318252102948,0.6136335365018829,0.9319856413955794,0.3514737882511948,0.06153841187512226,8,25.311046743428527,1.622442662575584,1,1,1,1.0,1,1.0,0,76,etis-larib,segformer,polypseg/runs_repeat/segformer_seed42_fold0rep1/best.pth,False
0.0,0.0,0.0,0.0,0.0,0.0,8,300.998421824001,19.29405314151898,1,1,0,0.0,0,0.0,1,77,etis-larib,segformer,polypseg/runs_repeat/segformer_seed42_fold0rep1/best.pth,False
0.0,0.0,0.0,0.0,0.0,0.0,8,294.12887600600686,18.85371401526277,1,1,0,0.0,0,0.0,1,78,etis-larib,segformer,polypseg/runs_repeat/segformer_seed42_fold0rep1/best.pth,False
0.0034220897817871343,0.0017139775834808882,0.0018398313143386119,0.02444383411083648,0.07259326969662244,0.02971573150354728,8,305.7771243576171,19.600368836041163,1,2,0,0.0,0,0.0,2,79,etis-larib,segformer,polypseg/runs_repeat/segformer_seed42_fold0rep1/best.pth,False
0.722233488809835,0.5652311924634154,0.5652311924634154,0.9999999999906402,0.21594724858571376,0.0,8,360.02013729530086,23.07735575123409,1,2,1,1.0,1,1.0,1,8,etis-larib,segformer,polypseg/runs_repeat/segformer_seed42_fold0rep1/best.pth,False
0.9114986017399592,0.8373885446513722,0.8832390212729477,0.9416263063901638,0.8787757294737074,0.1814973031935078,8,12.747503664734815,0.8171172846644136,1,1,1,1.0,1,1.0,0,80,etis-larib,segformer,polypseg/runs_repeat/segformer_seed42_fold0rep1/best.pth,False
0.9680001515677993,0.9379847807520236,0.9562780164135656,0.9800132349969981,0.7769651062938373,0.22571859751928391,8,12.041594578792296,0.7718683849036706,1,1,1,1.0,1,1.0,0,81,etis-larib,segformer,polypseg/runs_repeat/segformer_seed42_fold0rep1/best.pth,False
0.9227986516471774,0.8566631048673061,0.8720830851289216,0.9797771117613414,0.7135327668746606,0.3127978071681496,8,26.627053911388696,1.7067989594603896,1,1,1,1.0,1,1.0,0,82,etis-larib,segformer,polypseg/runs_repeat/segformer_seed42_fold0rep1/best.pth,False
0.9729110706057098,0.9472510536935386,0.9549665132582128,0.9915429269770956,0.8985850433182677,0.4083009855638564,8,14.670164833920778,0.9403602124731834,1,1,1,1.0,1,1.0,0,83,etis-larib,segformer,polypseg/runs_repeat/segformer_seed42_fold0rep1/best.pth,False
0.976467944723684,0.9540179417830481,0.955906614006943,0.9979332588739414,0.9297691276247133,0.42977129905877615,8,10.0,0.6410018040825658,1,1,1,1.0,1,1.0,0,84,etis-larib,segformer,polypseg/runs_repeat/segformer_seed42_fold0rep1/best.pth,False
0.9566306848338654,0.9168667996351245,0.9192240722590608,0.9972108672859862,0.7607206174476788,0.2421186302266345,8,21.002318588057495,1.3462524104861662,1,1,1,1.0,1,1.0,0,85,etis-larib,segformer,polypseg/runs_repeat/segformer_seed42_fold0rep1/best.pth,False
0.9342417223042182,0.8765981384860474,0.8890099061228955,0.9843229585362802,0.7663675724236617,0.4286409852294475,8,32.498417350036476,2.0831544151201538,1,1,1,1.0,1,1.0,0,86,etis-larib,segformer,polypseg/runs_repeat/segformer_seed42_fold0rep1/best.pth,False
0.9110164961285283,0.8365751114592199,0.9473044024157743,0.8774061466512285,0.5488738176313145,0.1987737480352332,8,39.21096733504024,2.513430080158335,1,1,1,1.0,1,1.0,0,87,etis-larib,segformer,polypseg/runs_repeat/segformer_seed42_fold0rep1/best.pth,False
0.7797169451430727,0.6389640026874674,0.9601644157346796,0.6563638991014011,0.46495995737755835,0.12455221324909288,8,91.0880746048236,5.8387620152099275,1,1,1,1.0,1,1.0,0,88,etis-larib,segformer,polypseg/runs_repeat/segformer_seed42_fold0rep1/best.pth,False
0.6007992895137566,0.4293874960261919,0.5316306483196144,0.6906584992166754,0.25852732598093653,0.08140520768036767,8,33.08773385806083,2.1209297096020787,1,1,1,1.0,0,0.0,0,89,etis-larib,segformer,polypseg/runs_repeat/segformer_seed42_fold0rep1/best.pth,False
0.3970549870999245,0.24770343580380577,0.24770343580380577,0.9999999999853993,0.05364402064651845,0.0,8,122.68942374093609,7.864414195979042,1,1,0,0.0,0,0.0,1,9,etis-larib,segformer,polypseg/runs_repeat/segformer_seed42_fold0rep1/best.pth,False
0.09552794931293472,0.05015980637703329,0.05015980637703329,0.9999999999831877,0.0013371822252424225,0.0,8,755.060790945804,48.39953291882695,1,3,0,0.0,0,0.0,3,90,etis-larib,segformer,polypseg/runs_repeat/segformer_seed42_fold0rep1/best.pth,False
0.8458846147519218,0.7329289822872417,0.9699653301157485,0.7499490108086158,0.6192754638186572,0.24059556152308886,8,93.14504817756014,5.970614392317357,1,1,1,1.0,1,1.0,0,91,etis-larib,segformer,polypseg/runs_repeat/segformer_seed42_fold0rep1/best.pth,False
0.8707360620734441,0.771065145029075,0.9676562733075708,0.7914632955857295,0.6989470909801099,0.2575218176925552,8,54.02452969893725,3.462982100173093,1,1,1,1.0,1,1.0,0,92,etis-larib,segformer,polypseg/runs_repeat/segformer_seed42_fold0rep1/best.pth,False
0.8046820132625646,0.6731949340601044,0.7317627022372143,0.893742416355575,0.506280143244608,0.08657915053819484,8,39.125991004758106,2.507983082056819,1,1,1,1.0,1,1.0,0,93,etis-larib,segformer,polypseg/runs_repeat/segformer_seed42_fold0rep1/best.pth,False
0.7194780208259672,0.5618630781254124,0.5645182462551555,0.9916983742535258,0.42895556945311847,0.20095851976560436,8,52.9848807559773,3.3963404153681074,1,1,1,1.0,1,1.0,0,94,etis-larib,segformer,polypseg/runs_repeat/segformer_seed42_fold0rep1/best.pth,False
0.7539351851808221,0.6050529444491449,0.6095826314747371,0.9878677585534142,0.5028696164624271,0.11884079519993253,8,37.73592452822641,2.4188795701316677,1,1,1,1.0,1,1.0,0,95,etis-larib,segformer,polypseg/runs_repeat/segformer_seed42_fold0rep1/best.pth,False
0.7848066298288342,0.6458285974011613,0.6773962803924964,0.9326986211271717,0.5355162585589005,0.1315847154158692,8,27.51363298439521,1.7636288379862919,1,1,1,1.0,1,1.0,0,96,etis-larib,segformer,polypseg/runs_repeat/segformer_seed42_fold0rep1/best.pth,False
0.6943033381681136,0.5317493399990847,0.5335285096853929,0.99376785249294,0.3004022752648123,0.19821634007370958,8,40.0,2.564007216330263,1,1,1,1.0,1,1.0,0,97,etis-larib,segformer,polypseg/runs_repeat/segformer_seed42_fold0rep1/best.pth,False
0.8656485069484128,0.7631219355295946,0.7831394869192184,0.9675907052490054,0.5735037268881121,0.12368851990765864,8,15.524174696260024,0.9951023987195594,1,1,1,1.0,1,1.0,0,98,etis-larib,segformer,polypseg/runs_repeat/segformer_seed42_fold0rep1/best.pth,False
0.17059845254959546,0.09325369424080494,0.27957768346672623,0.1227504090159846,0.0,0.0,8,514.242160854203,32.963015284286115,1,3,0,0.0,0,0.0,3,99,etis-larib,segformer,polypseg/runs_repeat/segformer_seed42_fold0rep1/best.pth,False
