dice,iou,precision,recall,boundary_f1,boundary_f1_2px,tolerance_px,hd95,hd95_pct_diag,n_lesions,n_pred_components,detected_iou025,det_rate_iou025,detected_iou05,det_rate_iou05,n_false_positives,name,dataset,model,checkpoint,tta
0.8197334105622414,0.6945324199617784,0.9820548405785294,0.7034602031794659,0.26850283644201056,0.03604055427967497,9,211.6472216545386,12.297582688451522,1,1,1,1.0,1,1.0,0,cju0qoxqj9q6s0835b43399p4,kvasir-seg,unetpp,polypseg/runs_repeat/unetpp_seed42_fold0rep2/best.pth,False
0.8607580042607333,0.7555532603958985,0.7667762246656983,0.9809961685814358,0.4928142677276002,0.38158735303721925,4,147.97222677524917,18.172839464824488,1,1,1,1.0,1,1.0,0,cju0qx73cjw570799j4n5cjze,kvasir-seg,unetpp,polypseg/runs_repeat/unetpp_seed42_fold0rep2/best.pth,False
0.8804851615263207,0.7864881565364099,0.9710594578049384,0.80536573019149,0.5003917856441363,0.3702286258041343,4,45.2846493097978,5.576381774797343,1,1,1,1.0,1,1.0,0,cju0rx1idathl0835detmsp84,kvasir-seg,unetpp,polypseg/runs_repeat/unetpp_seed42_fold0rep2/best.pth,False
0.6392338915474339,0.4697602972154833,0.47006255585176027,0.9986330498101561,0.38252132046467485,0.309499681854422,4,296.2114051540351,38.02394404002337,1,2,1,1.0,1,1.0,1,cju0sxqiclckk08551ycbwhno,kvasir-seg,unetpp,polypseg/runs_repeat/unetpp_seed42_fold0rep2/best.pth,False
0.9635557014599772,0.929674371133384,0.9850008855900506,0.9430244181056842,0.7013989976410598,0.5004465972949516,4,34.793268141396105,4.257721194879515,1,1,1,1.0,1,1.0,0,cju0t4oil7vzk099370nun5h9,kvasir-seg,unetpp,polypseg/runs_repeat/unetpp_seed42_fold0rep2/best.pth,False
0.9249147103183178,0.8603175201031467,0.8702908145275142,0.9868547542141618,0.5731484748697088,0.4519188317182827,4,63.92493116385739,7.731546694839634,1,1,1,1.0,1,1.0,0,cju15czxqp3lv0835jvhgzurz,kvasir-seg,unetpp,polypseg/runs_repeat/unetpp_seed42_fold0rep2/best.pth,False
0.9896913526715313,0.9795930731549658,0.9940773833910627,0.9853438556923476,0.8798459747686568,0.737832051211872,4,29.262927192820364,3.6820512585648832,1,1,1,1.0,1,1.0,0,cju15jr8jz8sb0855ukmkswkz,kvasir-seg,unetpp,polypseg/runs_repeat/unetpp_seed42_fold0rep2/best.pth,False
0.8942451420006026,0.8087191618751087,0.9363331470042686,0.8557780729495464,0.6233016609363878,0.46161538519559087,4,36.026374173908714,4.412118674463252,1,1,1,1.0,1,1.0,0,cju15ptjtppz40988odsm9azx,kvasir-seg,unetpp,polypseg/runs_repeat/unetpp_seed42_fold0rep2/best.pth,False
0.9487041782373314,0.9024141051437592,0.9051355624497712,0.9966792404133324,0.5646144813370501,0.36217479291054255,4,14.979910312097763,1.8019530856114339,1,1,1,1.0,1,1.0,0,cju17bz250pgd0799u1hqkj5u,kvasir-seg,unetpp,polypseg/runs_repeat/unetpp_seed42_fold0rep2/best.pth,False
0.9830338363249653,0.9666337695765144,0.9885294530637958,0.977598986268658,0.7970052357128437,0.6255509322502646,4,13.91041613331696,1.7049485668943427,1,1,1,1.0,1,1.0,0,cju17v6ih0u7808783zcbg1jy,kvasir-seg,unetpp,polypseg/runs_repeat/unetpp_seed42_fold0rep2/best.pth,False
0.981092088295248,0.962885926220522,0.9760949090514782,0.9861406975823572,0.874020447683092,0.7369842271671156,4,9.0,1.2573450522039602,1,1,1,1.0,1,1.0,0,cju1871y11d6r0799k6cw4yze,kvasir-seg,unetpp,polypseg/runs_repeat/unetpp_seed42_fold0rep2/best.pth,False
0.9453427575499967,0.896350700018837,0.8976692869907705,0.9983639245309148,0.7091945797852663,0.46692795699898,4,15.652475842498529,2.0512059811857792,1,1,1,1.0,1,1.0,0,cju1b75x63ddl0799sdp0i2j3,kvasir-seg,unetpp,polypseg/runs_repeat/unetpp_seed42_fold0rep2/best.pth,False
0.9537931524347318,0.9116678548361623,0.9178686171272203,0.9926443409440651,0.6747863406855017,0.4621531785370706,4,18.46714171985941,2.2580676017564443,1,1,1,1.0,1,1.0,0,cju1bhnfitmge0835ynls0l6b,kvasir-seg,unetpp,polypseg/runs_repeat/unetpp_seed42_fold0rep2/best.pth,False
0.982058459735055,0.9647493700664278,0.97237334020759,0.9919384534442505,0.7729729518165209,0.6465661087950149,4,50.649999999999864,6.719397967696653,1,1,1,1.0,1,1.0,0,cju1c6yfz42md08550zgoz3pw,kvasir-seg,unetpp,polypseg/runs_repeat/unetpp_seed42_fold0rep2/best.pth,False
0.9651827472676027,0.9327084030722069,0.9798645915679252,0.9509343800584441,0.9054584414142758,0.6790938185624694,4,5.356550277780325,0.656012048206952,1,1,1,1.0,1,1.0,0,cju1c8ffau5770835g0g343o8,kvasir-seg,unetpp,polypseg/runs_repeat/unetpp_seed42_fold0rep2/best.pth,False
0.9816596789963954,0.9639799767811811,0.9806634931142084,0.982657890840916,0.9435844775109753,0.7691620856004073,4,4.242640687119285,0.5195925105955691,1,1,1,1.0,1,1.0,0,cju1d31sp4d4k0878r3fr02ul,kvasir-seg,unetpp,polypseg/runs_repeat/unetpp_seed42_fold0rep2/best.pth,False
0.9089381764186676,0.8330766935233267,0.9892276509177911,0.8407034873205557,0.5396173263755327,0.4262498457853838,4,48.44367987783149,5.937563750158094,1,2,1,1.0,1,1.0,1,cju1d96gsv62d09881b3wecw2,kvasir-seg,unetpp,polypseg/runs_repeat/unetpp_seed42_fold0rep2/best.pth,False
0.6363382250130235,0.4666393358566502,0.968723404234708,0.47377731529163597,0.41194088912530347,0.27279714904339825,4,47.275430103320296,6.06863300142648,1,1,1,1.0,0,0.0,0,cju1ddr6p4k5z08780uuuzit2,kvasir-seg,unetpp,polypseg/runs_repeat/unetpp_seed42_fold0rep2/best.pth,False
0.9719938895735506,0.9455137277057009,0.9832229580525719,0.9610184119631712,0.8445721504952088,0.7085333956781228,4,6.871492678214093,0.8272353036202983,1,1,1,1.0,1,1.0,0,cju1dhfok4mhe0878jlgrag0h,kvasir-seg,unetpp,polypseg/runs_repeat/unetpp_seed42_fold0rep2/best.pth,False
0.9165259979531715,0.8459141578124905,0.8641560188259845,0.9756529661825488,0.44725781306373574,0.23695763614426554,4,19.045966486466035,2.3325429309785246,1,1,1,1.0,1,1.0,0,cju1efbr0rqxz09931z0lf4vf,kvasir-seg,unetpp,polypseg/runs_repeat/unetpp_seed42_fold0rep2/best.pth,False
0.9788123353997291,0.9585038767412757,0.9878084329275403,0.9699786162870301,0.8519976430595011,0.6584423598539069,4,25.495097567963924,3.103215025494469,1,2,1,1.0,1,1.0,1,cju1erep75us208553i4ofwwe,kvasir-seg,unetpp,polypseg/runs_repeat/unetpp_seed42_fold0rep2/best.pth,False
0.970607678615598,0.9428938398435437,0.9923314876888083,0.9498146351149516,0.8479281221586431,0.7668989854031053,4,18.022205101855956,2.205412964622956,1,1,1,1.0,1,1.0,0,cju1f5x1164xv08555654c24r,kvasir-seg,unetpp,polypseg/runs_repeat/unetpp_seed42_fold0rep2/best.pth,False
0.8942550277495993,0.8087353324606312,0.9952933625662123,0.8118401535607196,0.5861887383421108,0.46976739199135203,4,33.31963635920993,4.0773899524402015,1,1,1,1.0,1,1.0,0,cju1fjsb4sipq09931lvd8e41,kvasir-seg,unetpp,polypseg/runs_repeat/unetpp_seed42_fold0rep2/best.pth,False
0.9740917821074453,0.9494921330374447,0.9575015063227255,0.9912671019212739,0.8849710841486711,0.8004090176666261,4,10.295630140987,1.321625222817099,1,1,1,1.0,1,1.0,0,cju1fmsyf6gxb0801cimx2gle,kvasir-seg,unetpp,polypseg/runs_repeat/unetpp_seed42_fold0rep2/best.pth,False
0.9002889724360678,0.818659584082173,0.8404107204963429,0.9693542990902017,0.6763625746938936,0.5149334492614864,4,26.10073337975915,3.24774183002185,1,1,1,1.0,1,1.0,0,cju1hirfi7ekp0855q0vgm9qq,kvasir-seg,unetpp,polypseg/runs_repeat/unetpp_seed42_fold0rep2/best.pth,False
0.9638723388088424,0.9302640735416244,0.9380632294248114,0.9911418090962649,0.7869054472205288,0.5459108169141174,4,8.48528137423857,1.0616692370889644,1,1,1,1.0,1,1.0,0,cju2i03ptvkiu0799xbbd4det,kvasir-seg,unetpp,polypseg/runs_repeat/unetpp_seed42_fold0rep2/best.pth,False
0.8730213155031195,0.7746564575823048,0.983613945850395,0.7847841163013577,0.5982904600995157,0.2921567069946439,4,124.1746730980703,15.306603451934063,1,1,1,1.0,1,1.0,0,cju2iatlki5u309930zmgkv6h,kvasir-seg,unetpp,polypseg/runs_repeat/unetpp_seed42_fold0rep2/best.pth,False
0.8693231760910887,0.768852034205242,0.9954234590726522,0.7715794597545016,0.40426964958727896,0.32425959499345386,4,64.8459713474939,7.806582835527247,1,4,1,1.0,1,1.0,3,cju2igw4gvxds0878808qj398,kvasir-seg,unetpp,polypseg/runs_repeat/unetpp_seed42_fold0rep2/best.pth,False
0.9664846830427497,0.9351430667599161,0.9417298788250333,0.9925760564791165,0.8474524014574898,0.6916957569066198,4,11.0,1.411950420929233,1,1,1,1.0,1,1.0,0,cju2lcyfgkf5809932fn9gucn,kvasir-seg,unetpp,polypseg/runs_repeat/unetpp_seed42_fold0rep2/best.pth,False
0.9829015273914848,0.9663779406439117,0.9900236282436858,0.9758811655660893,0.9837735514803373,0.8342813238119406,4,4.0,0.4932148746058843,1,1,1,1.0,1,1.0,0,cju2lz8vqktne0993fuym6drw,kvasir-seg,unetpp,polypseg/runs_repeat/unetpp_seed42_fold0rep2/best.pth,False
0.9668446066164754,0.9358172185987577,0.9487236158670599,0.9856713127718532,0.815718576210549,0.620466953457655,4,11.180339887498949,1.351005995858975,2,2,2,1.0,2,1.0,0,cju2ma647l0nj0993ot4deq2q,kvasir-seg,unetpp,polypseg/runs_repeat/unetpp_seed42_fold0rep2/best.pth,False
0.8982788602400308,0.8153414033933649,0.9802175472119883,0.8289822841092042,0.6944682883314621,0.5428142252848962,4,79.2620959519156,9.788278942947976,1,1,1,1.0,1,1.0,0,cju2nfnvxzdkd0878399axlco,kvasir-seg,unetpp,polypseg/runs_repeat/unetpp_seed42_fold0rep2/best.pth,False
0.9754623245613107,0.9521000036856961,0.9568101387764599,0.9948561850983588,0.7410472961699253,0.4793125276714971,4,8.06225774829855,1.016457540746463,1,1,1,1.0,1,1.0,0,cju2nguelpmlj0835rojdn097,kvasir-seg,unetpp,polypseg/runs_repeat/unetpp_seed42_fold0rep2/best.pth,False
0.9906173664726947,0.9814091639470406,0.9877094972057359,0.9935424081385439,0.932689310972003,0.7417106771129879,4,4.47213595499958,0.570809636777095,1,1,1,1.0,1,1.0,0,cju2okvco06xc0799kxe5n1qh,kvasir-seg,unetpp,polypseg/runs_repeat/unetpp_seed42_fold0rep2/best.pth,False
0.9843768534068315,0.9692343628725375,0.9778625838127915,0.9909784978536444,0.78490208898,0.6005642103923179,4,11.213552042022783,1.4381053403340653,1,1,1,1.0,1,1.0,0,cju2qdj95ru8g09886gfi9rsz,kvasir-seg,unetpp,polypseg/runs_repeat/unetpp_seed42_fold0rep2/best.pth,False
0.544409307766333,0.3740126332704926,0.3945186244894896,0.8779847886301575,0.2944705572518081,0.20497461116198615,4,208.45239118582262,25.528982834846897,1,1,1,1.0,0,0.0,0,cju2qfie4rvz508357kad9z5o,kvasir-seg,unetpp,polypseg/runs_repeat/unetpp_seed42_fold0rep2/best.pth,False
0.9579453518510229,0.9192851387906007,0.9605112114413368,0.9553931643377073,0.8392421425835169,0.588600962526626,4,7.0710678118654755,0.9336152530155456,1,1,1,1.0,1,1.0,0,cju2qu37qobl50993aw7ghcfq,kvasir-seg,unetpp,polypseg/runs_repeat/unetpp_seed42_fold0rep2/best.pth,False
0.838078472932743,0.721286638907613,0.9946985417422401,0.7240701463962298,0.4803081816436618,0.30845012181593207,4,110.01022621640907,14.333862844013996,1,1,1,1.0,1,1.0,0,cju2raxlosl630988jdbfy9b0,kvasir-seg,unetpp,polypseg/runs_repeat/unetpp_seed42_fold0rep2/best.pth,False
0.972447146605023,0.9463719003768147,0.9682461064279992,0.9766848007051366,0.8207498155378102,0.7250557459202435,4,6.927050983124842,0.8483499020486688,1,1,1,1.0,1,1.0,0,cju2rga4psq9n09881z519xx0,kvasir-seg,unetpp,polypseg/runs_repeat/unetpp_seed42_fold0rep2/best.pth,False
0.9231866670979938,0.8573321288751233,0.9836699910150778,0.8697104223498764,0.7452504284925277,0.5750149629626654,4,124.2939937864747,15.352614561244799,2,1,1,0.5,1,0.5,0,cju2rz4k434s70855wwx3ddtx,kvasir-seg,unetpp,polypseg/runs_repeat/unetpp_seed42_fold0rep2/best.pth,False
0.9779801808894709,0.9569092131115559,0.9762539682514889,0.9797125089178822,0.8054199603622624,0.6418560153229007,4,8.06225774829855,1.0485960047825922,1,1,1,1.0,1,1.0,0,cju2saez63gxl08559ucjq3kt,kvasir-seg,unetpp,polypseg/runs_repeat/unetpp_seed42_fold0rep2/best.pth,False
0.8751805388103236,0.7780631194669057,0.9869430609745943,0.7861554297461267,0.5520971769470114,0.3633363807597928,4,41.80421757323992,5.443580526727393,1,1,1,1.0,1,1.0,0,cju2t9tdwuk700835kv0ljmtl,kvasir-seg,unetpp,polypseg/runs_repeat/unetpp_seed42_fold0rep2/best.pth,False
0.9681076197653947,0.9381866154930723,0.9504750795826336,0.9864067386235589,0.7971058731268799,0.5979618989273134,4,15.373747678147339,1.8969284255410386,1,1,1,1.0,1,1.0,0,cju2tqfgw4oat0799rn0g5b2z,kvasir-seg,unetpp,polypseg/runs_repeat/unetpp_seed42_fold0rep2/best.pth,False
0.5438157667735734,0.3734525854387641,0.4470997021667345,0.6939247193408108,0.26247879345379893,0.1213989642859963,4,81.13106570234469,10.17012263450502,1,3,1,1.0,0,0.0,2,cju2trtjf4qjd0878a2zle9v9,kvasir-seg,unetpp,polypseg/runs_repeat/unetpp_seed42_fold0rep2/best.pth,False
0.9735193471915056,0.9484049646020267,0.9557577010444929,0.9919536530308769,0.9870772565698411,0.8279482898132939,4,3.1622776601683795,0.40273107797480284,1,1,1,1.0,1,1.0,0,cju2urqpwvxw70835rvndvtsi,kvasir-seg,unetpp,polypseg/runs_repeat/unetpp_seed42_fold0rep2/best.pth,False
0.5216294558880321,0.35284080703959514,0.943412838154767,0.36046973913465097,0.4937087992143262,0.36870920091380355,4,159.64491719301589,19.75101688430495,1,1,1,1.0,0,0.0,0,cju2uzabhs6er0993x3aaf87p,kvasir-seg,unetpp,polypseg/runs_repeat/unetpp_seed42_fold0rep2/best.pth,False
0.9722371891189853,0.9459742839746924,0.9939119846872272,0.9514875666021787,0.8627698822472013,0.6626385355220492,4,5.385164807134504,0.660748459973073,1,1,1,1.0,1,1.0,0,cju2wve9v7esz0878mxsdcy04,kvasir-seg,unetpp,polypseg/runs_repeat/unetpp_seed42_fold0rep2/best.pth,False
0.9823164837654874,0.9652475136868826,0.9751453461006319,0.9895938747045432,0.7789975899653632,0.6139291486821938,4,10.04987562112089,1.230799516208145,1,1,1,1.0,1,1.0,0,cju2wzu8wxtgu09880ku9x1pg,kvasir-seg,unetpp,polypseg/runs_repeat/unetpp_seed42_fold0rep2/best.pth,False
0.9737499074751573,0.9488426988391093,0.9568483277566695,0.9912593160890949,0.8528408113019221,0.4726092126981974,9,57.04717819860207,3.3146780078466187,1,1,1,1.0,1,1.0,0,cju2x7vw87mu30878hye2ca0m,kvasir-seg,unetpp,polypseg/runs_repeat/unetpp_seed42_fold0rep2/best.pth,False
0.8174710308597737,0.6912904902905905,0.6937761595255342,0.9948439355231782,0.5923153100382653,0.5395898139925424,4,113.0773913595043,13.861416858859773,1,2,1,1.0,1,1.0,1,cju2xlcqxy9c60988vjacdznb,kvasir-seg,unetpp,polypseg/runs_repeat/unetpp_seed42_fold0rep2/best.pth,False
0.9767531964348143,0.9545626656556573,0.9892093388253745,0.9646068490516759,0.7859569639192482,0.4974188675006367,4,9.038769596696195,1.1078487604310543,1,1,1,1.0,1,1.0,0,cju2xyd9vyi7m098831qcucse,kvasir-seg,unetpp,polypseg/runs_repeat/unetpp_seed42_fold0rep2/best.pth,False
0.9738442376723762,0.9490218477781679,0.9802938226429578,0.9674789646825523,0.8089746973442232,0.5425250988533639,4,16.1245154965971,2.1031292930612873,1,1,1,1.0,1,1.0,0,cju2y0z6g87p10878fpk5d3rq,kvasir-seg,unetpp,polypseg/runs_repeat/unetpp_seed42_fold0rep2/best.pth,False
0.9516503243053199,0.9077604032020297,0.9757257952459517,0.9287343403929239,0.6865201434963081,0.41472566580522663,4,14.422205101855956,1.7764286766327784,1,1,1,1.0,1,1.0,0,cju2y8s56ymqr083541ggdsml,kvasir-seg,unetpp,polypseg/runs_repeat/unetpp_seed42_fold0rep2/best.pth,False
0.9855552841832232,0.9715219260516397,0.9751441295250196,0.9961911479439319,0.9263578788662719,0.6757956798520818,4,4.47213595499958,0.5473387339622123,1,1,1,1.0,1,1.0,0,cju2yb31a8e8u0878wdashg7o,kvasir-seg,unetpp,polypseg/runs_repeat/unetpp_seed42_fold0rep2/best.pth,False
0.9654225317525851,0.9331563477677712,0.9728180290503823,0.9581386292741614,0.8509122473646655,0.6765209348631336,3,5.0,0.8664249177807478,1,1,1,1.0,1,1.0,0,cju2zdvjn9h7r08553cp4eed5,kvasir-seg,unetpp,polypseg/runs_repeat/unetpp_seed42_fold0rep2/best.pth,False
0.9823811101391706,0.9653723215314154,0.9911574341335465,0.9737588440726819,0.9013865690437743,0.7841017375206683,4,7.0,0.8566038764463331,1,1,1,1.0,1,1.0,0,cju2zi4l09f5807991s8do2b2,kvasir-seg,unetpp,polypseg/runs_repeat/unetpp_seed42_fold0rep2/best.pth,False
0.9682771870817014,0.9385051633615266,0.9777336860627084,0.959001859616144,0.8745386954080514,0.7053723593919599,4,13.011521443121588,1.5932850834137533,1,1,1,1.0,1,1.0,0,cju2zm0axztpe0988r8s9twjr,kvasir-seg,unetpp,polypseg/runs_repeat/unetpp_seed42_fold0rep2/best.pth,False
0.9654034368899203,0.9331206687830478,0.9741616903884455,0.9568012632420843,0.9096013174585291,0.7924343711709954,4,7.014213562373095,0.8583432182501766,1,1,1,1.0,1,1.0,0,cju2zp89k9q1g0855k1x0f1xa,kvasir-seg,unetpp,polypseg/runs_repeat/unetpp_seed42_fold0rep2/best.pth,False
0.2747376916846268,0.15924401197455795,0.9999999999412456,0.15924401197455795,0.0,0.0,4,51.657785790881576,6.32648404386021,1,2,0,0.0,0,0.0,2,cju2zy1e49pqk0878t6ncqn12,kvasir-seg,unetpp,polypseg/runs_repeat/unetpp_seed42_fold0rep2/best.pth,False
0.9803278116200661,0.9614146809060483,0.9650823108878404,0.9960627128228006,0.9369104342214598,0.7119264466183337,4,4.242640687119285,0.5107568793732772,1,1,1,1.0,1,1.0,0,cju303j5r062k098835zxfds5,kvasir-seg,unetpp,polypseg/runs_repeat/unetpp_seed42_fold0rep2/best.pth,False
0.9159884874945832,0.8449988555725841,0.84798008103486,0.9958566665576928,0.5545177336811209,0.3731243221371436,4,61.670083083131125,7.733048886898405,1,1,1,1.0,1,1.0,0,cju30ftgja7170855xl9bkdm0,kvasir-seg,unetpp,polypseg/runs_repeat/unetpp_seed42_fold0rep2/best.pth,False
0.9707380642081015,0.9431399631632452,0.9567512026483734,0.9851399442099397,0.8636312161209357,0.6676105983552636,4,6.094852169800135,0.7830663138966457,1,1,1,1.0,1,1.0,0,cju30lncba3ny0878jwnous8n,kvasir-seg,unetpp,polypseg/runs_repeat/unetpp_seed42_fold0rep2/best.pth,False
0.9808122551457249,0.9623469867035761,0.9703932106393343,0.991457465088199,0.748298330748771,0.5184306584485888,4,13.152946437965905,1.6108298970922506,1,1,1,1.0,1,1.0,0,cju30qbm1ad3x0855znuhpz9u,kvasir-seg,unetpp,polypseg/runs_repeat/unetpp_seed42_fold0rep2/best.pth,False
0.9720301076023999,0.9455822731687907,0.9470717961250846,0.99833948339115,0.8001530893625634,0.5652939082872035,4,6.324555320336759,0.7723907815277798,1,1,1,1.0,1,1.0,0,cju31ugmfb3dz0855xtqshki6,kvasir-seg,unetpp,polypseg/runs_repeat/unetpp_seed42_fold0rep2/best.pth,False
0.9350905047477809,0.8780938745656586,0.9898750050793397,0.886052070882458,0.4921579652423178,0.3370389405950782,4,92.3238836986521,11.105761225557034,1,1,1,1.0,1,1.0,0,cju32phw2bv130801yj7bkouq,kvasir-seg,unetpp,polypseg/runs_repeat/unetpp_seed42_fold0rep2/best.pth,False
0.9685514094812063,0.9390205371205641,0.976392734777414,0.9608350267829261,0.8131348715496387,0.6940743974064775,4,8.0,0.962330506962343,1,1,1,1.0,1,1.0,0,cju32srle1xfq083575i3fl75,kvasir-seg,unetpp,polypseg/runs_repeat/unetpp_seed42_fold0rep2/best.pth,False
0.7812261354200017,0.6409935084136549,0.6462804988105395,0.987398383730621,0.48855323383264837,0.3353899020279061,4,200.75826677363253,24.54769367469651,1,1,1,1.0,1,1.0,0,cju32zhbnc1oy0801iyv1ix6p,kvasir-seg,unetpp,polypseg/runs_repeat/unetpp_seed42_fold0rep2/best.pth,False
0.9162897268247019,0.8455117105607481,0.866128941912907,0.9726176748066409,0.5056666791874982,0.2948540015393892,4,31.827660925679098,3.82859113425429,1,1,1,1.0,1,1.0,0,cju33eqwbcch208012jikwdky,kvasir-seg,unetpp,polypseg/runs_repeat/unetpp_seed42_fold0rep2/best.pth,False
0.709875283656588,0.5502377209457553,0.5623554998231098,0.9623141271714434,0.16081201641532802,0.08536251454550899,4,122.88731150417986,15.09610617914622,1,4,1,1.0,1,1.0,3,cju34ds2531520988qjpqt6e3,kvasir-seg,unetpp,polypseg/runs_repeat/unetpp_seed42_fold0rep2/best.pth,False
0.9787084932404827,0.9583047413620942,0.9666435940506719,0.9910783684194819,0.9473364289042596,0.6465607029964382,4,4.123105625617661,0.5357801165848772,1,1,1,1.0,1,1.0,0,cju34eqjpcpm508788b3lhp97,kvasir-seg,unetpp,polypseg/runs_repeat/unetpp_seed42_fold0rep2/best.pth,False
0.9804632277123585,0.9616751983475695,0.9837570922731712,0.9771913469066072,0.836872301645387,0.6703810410998514,4,9.886643351347079,1.2108086022663906,1,1,1,1.0,1,1.0,0,cju34i3qvcyog0855qiejxx5w,kvasir-seg,unetpp,polypseg/runs_repeat/unetpp_seed42_fold0rep2/best.pth,False
0.9787599795029845,0.958403470152534,0.9745395895377388,0.9830170825223982,0.7522320164298391,0.5433060186271339,4,8.0,0.962330506962343,1,1,1,1.0,1,1.0,0,cju34ouumcznz07996gg1xq7v,kvasir-seg,unetpp,polypseg/runs_repeat/unetpp_seed42_fold0rep2/best.pth,False
0.9672209977940949,0.9365227175690198,0.9442531883227281,0.9913339904674251,0.7423824993771982,0.5399556186733151,4,6.708203932499369,0.8401120448139429,1,1,1,1.0,1,1.0,0,cju35eg0tdmjt085525sb4bua,kvasir-seg,unetpp,polypseg/runs_repeat/unetpp_seed42_fold0rep2/best.pth,False
0.6678540488473239,0.5013369955967998,0.9852822100484476,0.5051197317223908,0.5228349604119978,0.38481251116768694,4,177.57814638647818,21.730589795258798,1,2,1,1.0,0,0.0,1,cju3tsh4lfsok0987w6x3a0v1,kvasir-seg,unetpp,polypseg/runs_repeat/unetpp_seed42_fold0rep2/best.pth,False
0.18230126884187017,0.10029234532485953,0.5196290571709543,0.11054119813171209,0.017522237206400906,0.008687234128632282,4,269.4286366951924,32.944355154461505,10,1,1,0.1,1,0.1,0,cju3uhb79gcgr0871orbrbi3x,kvasir-seg,unetpp,polypseg/runs_repeat/unetpp_seed42_fold0rep2/best.pth,False
0.9387045181908462,0.8844893192145405,0.9173928334144137,0.9610299234477013,0.5121307067889754,0.26409898714357205,4,12.529964086141668,1.533316543988898,1,1,1,1.0,1,1.0,0,cju3v11mrgwwb0755u242ygye,kvasir-seg,unetpp,polypseg/runs_repeat/unetpp_seed42_fold0rep2/best.pth,False
0.9452836666360285,0.8962444561952384,0.9139834024858341,0.9788037682146338,0.7049801322714748,0.5582201387804869,4,33.015148038438355,4.209992678018001,1,1,1,1.0,1,1.0,0,cju3v3ac9gyz30755hfqwyp1i,kvasir-seg,unetpp,polypseg/runs_repeat/unetpp_seed42_fold0rep2/best.pth,False
0.8965031302216743,0.8124201842110952,0.9723920571353581,0.8316019619628527,0.8170536436889115,0.36969438180044345,8,304.59973736035954,19.317888689667846,2,1,1,0.5,1,0.5,0,cju3x4blzieu30850x10uuvbm,kvasir-seg,unetpp,polypseg/runs_repeat/unetpp_seed42_fold0rep2/best.pth,False
0.9687998432969505,0.9394876804464372,0.9608681172237962,0.9768636081430119,0.9292888258815271,0.6615602074861759,4,4.47213595499958,0.5472641421496661,1,1,1,1.0,1,1.0,0,cju3x9lttikfb0818a0g104zn,kvasir-seg,unetpp,polypseg/runs_repeat/unetpp_seed42_fold0rep2/best.pth,False
0.9554207532541948,0.9146465011923536,0.9907311242166708,0.9225407368192936,0.5932641853458804,0.4100076905818512,4,16.667264504522624,2.0428453368101187,1,1,1,1.0,1,1.0,0,cju40r6jrksyk0871wg98zgho,kvasir-seg,unetpp,polypseg/runs_repeat/unetpp_seed42_fold0rep2/best.pth,False
0.977234130442518,0.9554817573892407,0.9655344428780303,0.9892208335223286,0.8983045770226865,0.8002524795814435,4,8.523450915439893,1.130759383034142,1,1,1,1.0,1,1.0,0,cju41kd7yl4nm0850gil5qqwh,kvasir-seg,unetpp,polypseg/runs_repeat/unetpp_seed42_fold0rep2/best.pth,False
0.9640418830331454,0.930579979290794,0.9905186740120869,0.93894370284232,0.7169298244974713,0.5766814948977499,4,15.652475842498529,1.9678501257085061,1,1,1,1.0,1,1.0,0,cju41r6v2lcww0871ps8k8pf5,kvasir-seg,unetpp,polypseg/runs_repeat/unetpp_seed42_fold0rep2/best.pth,False
0.9515709078264373,0.9076158940359784,0.9871696754108532,0.9184502617762578,0.7653394932156609,0.5027256154962536,4,16.55294535724685,2.069821705192378,1,1,1,1.0,1,1.0,0,cju42qet0lsq90871e50xbnuv,kvasir-seg,unetpp,polypseg/runs_repeat/unetpp_seed42_fold0rep2/best.pth,False
0.9667497274530183,0.9356394603893613,0.9446811748520416,0.9898740232738807,0.8742983852592094,0.6567429061443738,4,5.0990195135927845,0.6440106973244991,1,1,1,1.0,1,1.0,0,cju43lcnum9y10755bjs7z87f,kvasir-seg,unetpp,polypseg/runs_repeat/unetpp_seed42_fold0rep2/best.pth,False
0.9363404874488073,0.880300957590263,0.9442645347342401,0.9285483269040216,0.6241848452293737,0.4738584014909791,4,27.824084777523325,3.4984349349524,1,1,1,1.0,1,1.0,0,cju45jpvfn6c809873pv1i34s,kvasir-seg,unetpp,polypseg/runs_repeat/unetpp_seed42_fold0rep2/best.pth,False
0.9784634467773029,0.9578349826939535,0.9656913754025657,0.9915778888124459,0.8381128824014865,0.7346851205624974,4,8.52932315254779,1.0437501822765562,1,1,1,1.0,1,1.0,0,cju45n0oxn5vu08500yfrt9jn,kvasir-seg,unetpp,polypseg/runs_repeat/unetpp_seed42_fold0rep2/best.pth,False
0.8348178878650373,0.7164698798331196,0.9983438152069878,0.7173224714031824,0.3990064587020727,0.2653793178062302,4,168.22930300237476,20.58655329767128,1,1,1,1.0,1,1.0,0,cju45ofd9ne1j0801ri8dup7t,kvasir-seg,unetpp,polypseg/runs_repeat/unetpp_seed42_fold0rep2/best.pth,False
0.9421503222252714,0.8906277914714309,0.9780655287385597,0.9087793495664693,0.5257839170232548,0.293611441634464,4,13.416407864998739,1.642016201886637,1,1,1,1.0,1,1.0,0,cju45qbf3n9sa0987oonbkly9,kvasir-seg,unetpp,polypseg/runs_repeat/unetpp_seed42_fold0rep2/best.pth,False
0.910601217499215,0.8358750093412728,0.8813004926073643,0.9419172773947354,0.49301677882728284,0.2591170905976235,4,34.35068057235608,4.210236635078914,1,1,1,1.0,1,1.0,0,cju5b9oyda4yr0850g9viziyv,kvasir-seg,unetpp,polypseg/runs_repeat/unetpp_seed42_fold0rep2/best.pth,False
0.959148061773742,0.9215028829251645,0.9973884140516979,0.9237317417907217,0.7603088359652986,0.723636988365456,4,17.46424919657298,2.1899093702861627,1,1,1,1.0,1,1.0,0,cju5bbtwsa8cl0987wgfsqpao,kvasir-seg,unetpp,polypseg/runs_repeat/unetpp_seed42_fold0rep2/best.pth,False
0.9703688496527572,0.9424431742624536,0.9534054998959409,0.9879467707065145,0.8725800178401746,0.7774444450360318,4,16.1245154965971,1.971623253301314,1,1,1,1.0,1,1.0,0,cju5bf6hxa6m50817rbwettgu,kvasir-seg,unetpp,polypseg/runs_repeat/unetpp_seed42_fold0rep2/best.pth,False
0.5659177561701791,0.39462015418226964,0.9858883015353441,0.39686181629709705,0.3410278556223276,0.23406009673215988,4,92.93975707211705,11.188696802909421,1,4,1,1.0,0,0.0,3,cju5ca9hcatkc0801jzwe7tfx,kvasir-seg,unetpp,polypseg/runs_repeat/unetpp_seed42_fold0rep2/best.pth,False
0.8619697885175541,0.7574225884519499,0.7602643359592399,0.9950892857087327,0.43927430609571294,0.3316724937118137,4,157.20365051259114,19.267873518898863,1,2,1,1.0,1,1.0,1,cju5cky5xb0ay0801oxet697t,kvasir-seg,unetpp,polypseg/runs_repeat/unetpp_seed42_fold0rep2/best.pth,False
0.946255861664135,0.8979939505604445,0.993971035313065,0.9029119425757666,0.5564222455040201,0.39467953918483756,4,32.22723208650588,4.006785001657019,1,1,1,1.0,1,1.0,0,cju5eftctcdbj08712gdp989f,kvasir-seg,unetpp,polypseg/runs_repeat/unetpp_seed42_fold0rep2/best.pth,False
0.9601942295730334,0.9234361424814529,0.9265555192294992,0.9963674712874135,0.6311934612542892,0.40876848642863667,4,7.615773105863909,0.9404912982823489,1,1,1,1.0,1,1.0,0,cju5f26ebcuai0818xlwh6116,kvasir-seg,unetpp,polypseg/runs_repeat/unetpp_seed42_fold0rep2/best.pth,False
0.2115183879699688,0.1182670185408745,0.11848349264436567,0.9847865896466435,0.21718907367691537,0.17053240565297295,4,263.03534518712485,31.640867135367593,1,1,0,0.0,0,0.0,1,cju5fi0yxd3ei0801v7u0yudn,kvasir-seg,unetpp,polypseg/runs_repeat/unetpp_seed42_fold0rep2/best.pth,False
0.9811230694037104,0.9629456119195045,0.9775125685017947,0.9847603403805699,0.8346704228868803,0.7010997723489601,4,7.0710678118654755,0.8653005854655509,1,1,1,1.0,1,1.0,0,cju5ft6mcd5q40987rhjgbrr6,kvasir-seg,unetpp,polypseg/runs_repeat/unetpp_seed42_fold0rep2/best.pth,False
0.9561120421345883,0.91591442829716,0.9943233876409308,0.9207288957728458,0.7467786802767882,0.5819714640370961,4,23.709698655546894,2.901402825387983,1,1,1,1.0,1,1.0,0,cju5hjxaae3i40850h5z2laf5,kvasir-seg,unetpp,polypseg/runs_repeat/unetpp_seed42_fold0rep2/best.pth,False
0.932251939106456,0.8731010368928245,0.9715895750159803,0.8959757493258437,0.7114318115625058,0.623104005780688,4,100.90179581929335,12.684185132007482,1,2,1,1.0,1,1.0,1,cju5hqz50e7o90850e0prlpa0,kvasir-seg,unetpp,polypseg/runs_repeat/unetpp_seed42_fold0rep2/best.pth,False
0.971583349171622,0.9447370852941973,0.976160162960799,0.967049252692921,0.807424543969943,0.549889568241828,4,6.324555320336759,0.8437977348397501,1,1,1,1.0,1,1.0,0,cju5hwonqedw10801vsd3w6kk,kvasir-seg,unetpp,polypseg/runs_repeat/unetpp_seed42_fold0rep2/best.pth,False
0.8587370713060782,0.7524445504322389,0.7524445504322389,0.9999999999841521,0.42079542295872985,0.12376036272373978,4,18.99341649025257,2.3279532341180773,1,1,1,1.0,1,1.0,0,cju5k7r0yf98c09878csbxb4d,kvasir-seg,unetpp,polypseg/runs_repeat/unetpp_seed42_fold0rep2/best.pth,False
0.9573963967948617,0.9182745905075184,0.98718539687483,0.9293525429532254,0.8402115902184178,0.6697892241576251,4,9.848857801796104,1.2606285621071958,1,1,1,1.0,1,1.0,0,cju5klveuff6w0871wbibgh3m,kvasir-seg,unetpp,polypseg/runs_repeat/unetpp_seed42_fold0rep2/best.pth,False
0.973177633410493,0.9477565595330868,0.9611115484455552,0.9855505327656962,0.9344566970252924,0.7259181476753769,4,4.123105625617661,0.5292731301080891,1,1,1,1.0,1,1.0,0,cju5u4pywk81x0817vn9pe14z,kvasir-seg,unetpp,polypseg/runs_repeat/unetpp_seed42_fold0rep2/best.pth,False
0.966986794716568,0.9360836722810837,0.9539471913413347,0.9803878177616653,0.7827271101559137,0.533853532880387,4,13.124311031075754,1.5799905390310185,1,1,1,1.0,1,1.0,0,cju5vxuc5loxw0818u8xgf45p,kvasir-seg,unetpp,polypseg/runs_repeat/unetpp_seed42_fold0rep2/best.pth,False
0.9797725176729795,0.9603471134086998,0.9687537993862081,0.9910447761132397,0.9572139798455198,0.7910993258323182,4,4.0,0.5027967287899839,1,1,1,1.0,1,1.0,0,cju5vzjoslpj708186z2fusmz,kvasir-seg,unetpp,polypseg/runs_repeat/unetpp_seed42_fold0rep2/best.pth,False
0.9623057376690454,0.9273499648224272,0.9730289867388552,0.9518162630500115,0.6888278732298444,0.6111356198131356,4,16.13690706651966,1.94112974476601,1,1,1,1.0,1,1.0,0,cju5wcc90lu020850mjrxppv6,kvasir-seg,unetpp,polypseg/runs_repeat/unetpp_seed42_fold0rep2/best.pth,False
0.9578477214008031,0.9191053371665499,0.9654614518784084,0.9503531366780892,0.8629720733212023,0.47126584334537797,4,5.830951894845301,0.7146783375470298,1,1,1,1.0,1,1.0,0,cju5wqonpm0e60801z88ewmy1,kvasir-seg,unetpp,polypseg/runs_repeat/unetpp_seed42_fold0rep2/best.pth,False
0.940966485719641,0.8885143605290455,0.9403007075443977,0.9416332073661383,0.5497205464030571,0.3487985704005702,4,25.46467720197937,3.2320889865657696,1,1,1,1.0,1,1.0,0,cju5xopi0md7q0871r1sjc1av,kvasir-seg,unetpp,polypseg/runs_repeat/unetpp_seed42_fold0rep2/best.pth,False
0.7826714801400574,0.6429418742527334,0.9759002769947936,0.6533147890528204,0.5630269775741459,0.4594230308688232,4,25.09479504037782,3.226999856570964,1,2,1,1.0,1,1.0,1,cju5xq3tdm9fn0987pbedxdg5,kvasir-seg,unetpp,polypseg/runs_repeat/unetpp_seed42_fold0rep2/best.pth,False
0.4433675966710189,0.28482485378233313,0.948382368333429,0.2893097831289896,0.4068190182045968,0.3130569104944084,4,146.0,18.741668056152456,2,2,1,0.5,1,0.5,1,cju5yeqiwmkgl0801fzv2douc,kvasir-seg,unetpp,polypseg/runs_repeat/unetpp_seed42_fold0rep2/best.pth,False
0.8926926428426946,0.8061832490072379,0.971153846140694,0.8259617599536285,0.7013489073233362,0.6371496986623384,4,19.258500638767366,2.481170228433034,1,1,1,1.0,1,1.0,0,cju5yhgznmkzb0801cji2vi8j,kvasir-seg,unetpp,polypseg/runs_repeat/unetpp_seed42_fold0rep2/best.pth,False
0.9646560716666728,0.9317252415045829,0.958480673082804,0.9709115612588258,0.8176420195513688,0.5801471693013377,4,6.191569285815546,0.7820007047749972,1,1,1,1.0,1,1.0,0,cju5yimthmlv80850zhoc90c2,kvasir-seg,unetpp,polypseg/runs_repeat/unetpp_seed42_fold0rep2/best.pth,False
0.9454578455352325,0.8965576592005459,0.9674962852807624,0.9244010647655332,0.7606426265532843,0.4969828217380864,4,7.72273521938741,0.9465472649134452,1,1,1,1.0,1,1.0,0,cju5ymyd8mmdc0801ry3by1xr,kvasir-seg,unetpp,polypseg/runs_repeat/unetpp_seed42_fold0rep2/best.pth,False
0.9636528966347158,0.929855348179667,0.9694777880356871,0.957897582319421,0.6252770337579269,0.46252665104381907,4,12.0,1.4446386117700951,1,1,1,1.0,1,1.0,0,cju6uy20suzbl0987rzuhz7z9,kvasir-seg,unetpp,polypseg/runs_repeat/unetpp_seed42_fold0rep2/best.pth,False
0.9726641735072642,0.9467830756257013,0.9945958743350407,0.951678830677982,0.795445855926555,0.6792745071972583,4,19.32593595030947,2.3247422175728856,1,1,1,1.0,1,1.0,0,cju6uzxk0v83p0801rcwnexdu,kvasir-seg,unetpp,polypseg/runs_repeat/unetpp_seed42_fold0rep2/best.pth,False
0.9727637295283147,0.9469717507946268,0.9848869339593701,0.9609353507512466,0.9308323063909353,0.8587199218354692,4,5.0,0.6454299955780138,2,2,2,1.0,2,1.0,0,cju6v1m1xv07w09870ah3njy1,kvasir-seg,unetpp,polypseg/runs_repeat/unetpp_seed42_fold0rep2/best.pth,False
0.9531775363312401,0.9105436398361899,0.931891656929197,0.975458552535261,0.6681002428382309,0.5355473072340853,4,20.0,2.538167126272574,1,1,1,1.0,1,1.0,0,cju6vqarjv7yo0987q4b1btk1,kvasir-seg,unetpp,polypseg/runs_repeat/unetpp_seed42_fold0rep2/best.pth,False
0.8663186563678357,0.7641641641488656,0.961218836540891,0.7884734558812544,0.7536040186513746,0.6100491729102043,4,37.13452376207557,4.6212246869268165,1,1,1,1.0,1,1.0,0,cju6vvb8svhed0801jjcquh5e,kvasir-seg,unetpp,polypseg/runs_repeat/unetpp_seed42_fold0rep2/best.pth,False
0.9763013698607846,0.9536999866142393,0.9865270151756262,0.966285533506728,0.9127245892103684,0.7100794765399372,4,4.47213595499958,0.5725866011020945,1,1,1,1.0,1,1.0,0,cju6vvxsev9y30987kespucdg,kvasir-seg,unetpp,polypseg/runs_repeat/unetpp_seed42_fold0rep2/best.pth,False
0.9815170233690454,0.963704888436929,0.9961370369747825,0.9673199497703697,0.856162362068505,0.6665550368112337,4,7.615773105863909,1.009058688670527,1,1,1,1.0,1,1.0,0,cju6wll7wvo3y08502pagos8m,kvasir-seg,unetpp,polypseg/runs_repeat/unetpp_seed42_fold0rep2/best.pth,False
0.9082535418163296,0.8319271704598735,0.8405266380883766,0.9878513955047459,0.7736568487399477,0.6225098719929542,4,145.33065746772084,17.81513352326659,1,2,1,1.0,1,1.0,1,cju6x4t13vyw60755gtcf9ndu,kvasir-seg,unetpp,polypseg/runs_repeat/unetpp_seed42_fold0rep2/best.pth,False
0.7920495562933783,0.6556970614315577,0.6885259379006097,0.9322128227926231,0.3687097231769601,0.21469510733308342,4,244.31890020137894,29.389441386409384,1,4,1,1.0,1,1.0,3,cju6x97w4vwua0850x0997r0a,kvasir-seg,unetpp,polypseg/runs_repeat/unetpp_seed42_fold0rep2/best.pth,False
0.920210881659997,0.8522135165379967,0.8562719594194909,0.9944691660502328,0.4042452289424991,0.2057903923233771,4,75.4673120207963,9.262163723248618,1,2,1,1.0,1,1.0,1,cju6xifswvwbo0987nibtdr50,kvasir-seg,unetpp,polypseg/runs_repeat/unetpp_seed42_fold0rep2/best.pth,False
0.9743996279374108,0.9500772956797896,0.9949274736638859,0.9547017398488925,0.7753427287985384,0.3913926504995039,4,6.324555320336759,0.7751774947857664,1,1,1,1.0,1,1.0,0,cju6ywm40wdbo0987pbftsvtg,kvasir-seg,unetpp,polypseg/runs_repeat/unetpp_seed42_fold0rep2/best.pth,False
0.9505445201279209,0.905750208902416,0.9933293550978362,0.9112931607537026,0.6431460113487023,0.5611775291889352,4,94.92101980067429,11.634120440846887,2,1,1,0.5,1,0.5,0,cju6z9a9kwsl007552s49rx6i,kvasir-seg,unetpp,polypseg/runs_repeat/unetpp_seed42_fold0rep2/best.pth,False
0.9738703419277202,0.9490714299762706,0.9757435866266259,0.9720042760019928,0.6724569035460557,0.5095893670873672,3,9.0,1.4463248972626448,1,1,1,1.0,1,1.0,0,cju76l27oyrw907551ri2a7fl,kvasir-seg,unetpp,polypseg/runs_repeat/unetpp_seed42_fold0rep2/best.pth,False
0.9709752732649608,0.9435878925336791,0.9903128044107029,0.9523784740243969,0.9189652798127642,0.6372162802594593,4,6.0,0.7342318940968569,1,1,1,1.0,1,1.0,0,cju774fmayxif0818u2g79usw,kvasir-seg,unetpp,polypseg/runs_repeat/unetpp_seed42_fold0rep2/best.pth,False
0.9517017828162411,0.9078540507041755,0.988885146505651,0.9172133708144548,0.7617522464834491,0.5729880652633736,4,7.99051248379532,1.0256552240850085,1,1,1,1.0,1,1.0,0,cju77b3wyz4160755qis4ljsb,kvasir-seg,unetpp,polypseg/runs_repeat/unetpp_seed42_fold0rep2/best.pth,False
0.9128254817815463,0.8396310495553078,0.8554852472709176,0.978404576250015,0.6420502700275458,0.49201672853046585,4,207.47529969270363,25.83752175500668,1,2,1,1.0,1,1.0,1,cju77idwfz36d0871tzfzz51i,kvasir-seg,unetpp,polypseg/runs_repeat/unetpp_seed42_fold0rep2/best.pth,False
0.7795391705054755,0.6387252680844624,0.9804785310165052,0.6469526373741067,0.5893455136940314,0.452559251168664,4,72.54308892404013,9.008624119761983,1,2,1,1.0,0,0.0,1,cju77q10sz9ug0801449wu1nu,kvasir-seg,unetpp,polypseg/runs_repeat/unetpp_seed42_fold0rep2/best.pth,False
0.798607432072961,0.6647347864411467,0.6670459573909,0.9948147449750409,0.4784405892982829,0.4175751183465332,3,67.70004328981852,9.800809264810534,1,1,1,1.0,1,1.0,0,cju77re6fz5bb0817vp9redjg,kvasir-seg,unetpp,polypseg/runs_repeat/unetpp_seed42_fold0rep2/best.pth,False
0.9398165838701766,0.8864660299073124,0.8912039133898795,0.9940385975447706,0.7032169417008236,0.4627421997100632,4,9.358928295889298,1.273611232110849,1,1,1,1.0,1,1.0,0,cju7ae7bq1f820987toc8si1d,kvasir-seg,unetpp,polypseg/runs_repeat/unetpp_seed42_fold0rep2/best.pth,False
0.9653598971691344,0.9330393192065778,0.9574223978522696,0.9734301082173972,0.9325928626143825,0.6081440883212874,4,4.47213595499958,0.5507017899878028,1,1,1,1.0,1,1.0,0,cju7afqon1ip40850ue2308b6,kvasir-seg,unetpp,polypseg/runs_repeat/unetpp_seed42_fold0rep2/best.pth,False
0.9694054164096686,0.940627315381869,0.956598181539375,0.9825602394046614,0.8281424733682865,0.6765247980529874,4,6.324555320336759,0.7733342647720532,1,1,1,1.0,1,1.0,0,cju7aifyo1p3n07552nxjx51f,kvasir-seg,unetpp,polypseg/runs_repeat/unetpp_seed42_fold0rep2/best.pth,False
0.98163570683487,0.9639337449508313,0.984836078000228,0.9784560684555307,0.9723020787088053,0.7322531093996821,4,3.605551275463989,0.444464367700242,1,1,1,1.0,1,1.0,0,cju7aklv31h4309871m29l4e7,kvasir-seg,unetpp,polypseg/runs_repeat/unetpp_seed42_fold0rep2/best.pth,False
0.9804865127345802,0.961720001727962,0.9726285363888384,0.9884724942095937,0.9671154764081029,0.7479225753213984,4,3.605551275463989,0.4482751957864705,1,1,1,1.0,1,1.0,0,cju7azuu31mia0801pf9ib5ed,kvasir-seg,unetpp,polypseg/runs_repeat/unetpp_seed42_fold0rep2/best.pth,False
0.9739464876740926,0.9492160749650416,0.9549987308229503,0.9936613341344942,0.8191391227457424,0.6483703139115168,4,7.099074759677967,0.9121475078205669,1,1,1,1.0,1,1.0,0,cju7b2l561oas0871decgslaf,kvasir-seg,unetpp,polypseg/runs_repeat/unetpp_seed42_fold0rep2/best.pth,False
0.9845315338688602,0.9695343249996259,0.9941644098873169,0.9750835403976092,0.8919136380699673,0.695430028889867,4,6.708203932499369,0.847252119911946,1,1,1,1.0,1,1.0,0,cju7bgnvb1sf808717qa799ir,kvasir-seg,unetpp,polypseg/runs_repeat/unetpp_seed42_fold0rep2/best.pth,False
0.9559895820003192,0.9156896957331049,0.9951422697095001,0.9198011027954709,0.7032507731268073,0.5613817018453938,4,43.174066289845804,5.547001962252291,1,1,1,1.0,1,1.0,0,cju7cl8zm1xcu0817ado0jpas,kvasir-seg,unetpp,polypseg/runs_repeat/unetpp_seed42_fold0rep2/best.pth,False
0.9342490808291479,0.8766110955419003,0.9796086105636805,0.8929042845389287,0.5177431633835531,0.2783390691364811,4,22.80350850198276,2.818572841654096,1,1,1,1.0,1,1.0,0,cju7cue9b232j0801qdzk1ykj,kvasir-seg,unetpp,polypseg/runs_repeat/unetpp_seed42_fold0rep2/best.pth,False
0.9865712362251907,0.9734983567571341,0.9825791349546745,0.9905959086854543,0.8615389987470775,0.6248014078961293,4,7.934584468692886,1.01758731354678,1,1,1,1.0,1,1.0,0,cju7d1tvt25bu08019dvw3uff,kvasir-seg,unetpp,polypseg/runs_repeat/unetpp_seed42_fold0rep2/best.pth,False
0.6305634781771262,0.4604546966059992,0.9892275008911484,0.4627751734809168,0.5521463628424058,0.471100183688039,4,275.26732379317485,35.56858817035776,1,1,1,1.0,0,0.0,0,cju7d5m0p23kn09871rk7pu3v,kvasir-seg,unetpp,polypseg/runs_repeat/unetpp_seed42_fold0rep2/best.pth,False
0.9695223761247213,0.9408475775327122,0.9933498783196556,0.946811198123816,0.7628787747323746,0.48666636252981543,4,9.0,1.2052956497497969,1,1,1,1.0,1,1.0,0,cju7d7tly27h408016fyp5nr7,kvasir-seg,unetpp,polypseg/runs_repeat/unetpp_seed42_fold0rep2/best.pth,False
0.9598951641908835,0.9228830894187349,0.9982363881218087,0.9243902921837394,0.5475979323433318,0.36686968632167416,4,34.648625528628685,4.1712285236183355,1,1,1,1.0,1,1.0,0,cju7dbppn28nx085097654msi,kvasir-seg,unetpp,polypseg/runs_repeat/unetpp_seed42_fold0rep2/best.pth,False
0.9574767570079008,0.9184224557525353,0.9726766002386741,0.9427446549302754,0.4814498373386768,0.2789084461905466,4,42.485291572496,5.207266000269041,1,2,1,1.0,1,1.0,1,cju7ddtz729960801uazp1knc,kvasir-seg,unetpp,polypseg/runs_repeat/unetpp_seed42_fold0rep2/best.pth,False
0.8316524062876471,0.7118193342146771,0.9952799291016499,0.7142304129621364,0.48552861827350274,0.352240051334469,4,107.33126291998991,13.98665760472925,1,1,1,1.0,1,1.0,0,cju7dhpsc2dnn0818025m6857,kvasir-seg,unetpp,polypseg/runs_repeat/unetpp_seed42_fold0rep2/best.pth,False
0.6679312159047047,0.5014239684014106,0.508924803779836,0.9714458316513434,0.49267109830954736,0.31979324922805996,4,288.6693610343848,35.353085281826424,1,2,1,1.0,1,1.0,1,cju7dizi82h2i0755doucgnt3,kvasir-seg,unetpp,polypseg/runs_repeat/unetpp_seed42_fold0rep2/best.pth,False
0.8288295738813057,0.7076933940588649,0.9851083697794017,0.7153461812965191,0.6322316965199131,0.4498469515719041,4,125.21820868263109,15.537324541570358,3,1,1,0.3333333333333333,1,0.3333333333333333,0,cju7dmlgf2ebw0871ieqas5fh,kvasir-seg,unetpp,polypseg/runs_repeat/unetpp_seed42_fold0rep2/best.pth,False
0.9757022638359296,0.9525572784041018,0.997898820102643,0.9544716703990319,0.91933856352205,0.7467098754978632,4,5.439502695606061,0.6897303958443411,1,1,1,1.0,1,1.0,0,cju7dsrtb2f8i085064kwugfk,kvasir-seg,unetpp,polypseg/runs_repeat/unetpp_seed42_fold0rep2/best.pth,False
0.9754901270878867,0.9521529785897614,0.9884697661145262,0.9628469424603653,0.7256225335549077,0.5448094935969148,4,19.407432650083752,2.3749260057046957,1,1,1,1.0,1,1.0,0,cju7ebe962hr409872ovibahw,kvasir-seg,unetpp,polypseg/runs_repeat/unetpp_seed42_fold0rep2/best.pth,False
0.9625047582789898,0.9277196844607931,0.9708875119984546,0.9542655207306587,0.6904198740072024,0.5084142593047551,4,34.84243191436967,4.2671222968765905,1,1,1,1.0,1,1.0,0,cju7emdni2py40871ivhxjtut,kvasir-seg,unetpp,polypseg/runs_repeat/unetpp_seed42_fold0rep2/best.pth,False
0.9151485439731049,0.8435703698317357,0.8450367580456849,0.9979471388204689,0.5291066735630096,0.4405932933629398,4,25.0,3.0641580930328987,1,1,1,1.0,1,1.0,0,cju7epwj82koz098713apjnzo,kvasir-seg,unetpp,polypseg/runs_repeat/unetpp_seed42_fold0rep2/best.pth,False
0.9290755604728443,0.8675453899278442,0.8921001926723001,0.969248538215771,0.6209905888337462,0.5253483747352078,4,10.0,1.2038655098084126,2,2,2,1.0,2,1.0,0,cju7et17a2vjk0755e743npl1,kvasir-seg,unetpp,polypseg/runs_repeat/unetpp_seed42_fold0rep2/best.pth,False
0.9611539449005616,0.9252130671166287,0.9449722336944559,0.97789950289558,0.7277852663768184,0.4567195833972911,4,23.124042116716993,2.829734873755435,1,1,1,1.0,1,1.0,0,cju7ev2b12owa08500bpfpwyw,kvasir-seg,unetpp,polypseg/runs_repeat/unetpp_seed42_fold0rep2/best.pth,False
0.8676015240409835,0.7661627443521776,0.934464592564739,0.8096679400521014,0.3352955621563052,0.18554793721761745,4,65.21042255770908,8.88319856259972,1,4,1,1.0,1,1.0,3,cju7evxt12m730987rxivne3x,kvasir-seg,unetpp,polypseg/runs_repeat/unetpp_seed42_fold0rep2/best.pth,False
0.9790142881432015,0.9588912722027554,0.996041360212434,0.9625595785580681,0.8168205501388465,0.7407343280667229,4,10.0,1.2029131337029288,1,1,1,1.0,1,1.0,0,cju7f4sc62xqj075597xpmuoy,kvasir-seg,unetpp,polypseg/runs_repeat/unetpp_seed42_fold0rep2/best.pth,False
0.9862952003678523,0.9729609652886703,0.9943079887485896,0.9784105242221718,0.831910809112354,0.3394940741430793,8,10.770329614269007,0.6800204009180458,1,1,1,1.0,1,1.0,0,cju7f5ghb2r5s0801chwkxxh9,kvasir-seg,unetpp,polypseg/runs_repeat/unetpp_seed42_fold0rep2/best.pth,False
0.96636217331078,0.9349137080306683,0.9520332283759808,0.9811290359676406,0.7164068522546144,0.5362960309525558,4,13.899632846996665,1.6733288583499397,1,1,1,1.0,1,1.0,0,cju7f6cqy2ur20818t1saazbm,kvasir-seg,unetpp,polypseg/runs_repeat/unetpp_seed42_fold0rep2/best.pth,False
0.968961940475594,0.9397926017615236,0.967217815155095,0.970712367307294,0.705313021346444,0.5369150097247637,4,8.06225774829855,0.9884345480882897,1,1,1,1.0,1,1.0,0,cju7fcgbe2z3p07550vaflqdb,kvasir-seg,unetpp,polypseg/runs_repeat/unetpp_seed42_fold0rep2/best.pth,False
0.8999125630189013,0.8180373057331473,0.9862982974798934,0.8274405158980732,0.4779972076343457,0.27387351059446374,4,76.05909564817,9.326109295046422,1,1,1,1.0,1,1.0,0,cju7frtqu2xa20818wq8r9fzf,kvasir-seg,unetpp,polypseg/runs_repeat/unetpp_seed42_fold0rep2/best.pth,False
0.9463725442827322,0.8982041414614421,0.9150564734349382,0.9799080367754907,0.859496859487004,0.702516115421122,4,11.763759928575697,1.4406974349464503,1,1,1,1.0,1,1.0,0,cju83ipu3jwpx0801z5pvguf8,kvasir-seg,unetpp,polypseg/runs_repeat/unetpp_seed42_fold0rep2/best.pth,False
0.9687327367126463,0.9393614741775402,0.9449439586126833,0.993750202386601,0.7814335575289211,0.523447258192356,4,9.205780829928182,1.1293736441339797,1,1,1,1.0,1,1.0,0,cju83nwu1jxte0987h1krpfmv,kvasir-seg,unetpp,polypseg/runs_repeat/unetpp_seed42_fold0rep2/best.pth,False
0.9714696112739537,0.9445220305811587,0.9711034532235943,0.9718360455473943,0.8684821364325881,0.4811061941202492,4,5.0,0.6417512385630364,1,1,1,1.0,1,1.0,0,cju83rcnzkbsj0755x5anfrcg,kvasir-seg,unetpp,polypseg/runs_repeat/unetpp_seed42_fold0rep2/best.pth,False
0.9910532281835518,0.9822651262358649,0.9911930712329786,0.9909134245872702,0.9887931689414124,0.78674384818292,4,3.1622776601683795,0.38069570075143605,1,1,1,1.0,1,1.0,0,cju8432cmkgq90871cxe4iptl,kvasir-seg,unetpp,polypseg/runs_repeat/unetpp_seed42_fold0rep2/best.pth,False
0.9850775007196855,0.9705938152107256,0.980170514412395,0.9900338655007739,0.9478596384844394,0.8803747856696758,4,5.0,0.6123456461597834,1,1,1,1.0,1,1.0,0,cju84hibuktj80871u519o71q,kvasir-seg,unetpp,polypseg/runs_repeat/unetpp_seed42_fold0rep2/best.pth,False
0.9716565900834684,0.9448755938080409,0.9839349561615713,0.95968088663603,0.7697018204352298,0.5232300277098829,4,9.848857801796104,1.20505644066813,1,1,1,1.0,1,1.0,0,cju857ad0l88m0817qx4cwxnf,kvasir-seg,unetpp,polypseg/runs_repeat/unetpp_seed42_fold0rep2/best.pth,False
0.9821835134248982,0.964990768355397,0.9701300741023029,0.9945402382959183,0.7357618506614658,0.4710303873486123,4,9.0,1.1563195675180615,1,1,1,1.0,1,1.0,0,cju858eswlepn0871pzvdrhj1,kvasir-seg,unetpp,polypseg/runs_repeat/unetpp_seed42_fold0rep2/best.pth,False
0.9751480276853991,0.9515013426602998,0.9792312201617149,0.9710987459473005,0.8770549176914255,0.612580041447307,4,5.385164807134504,0.6600398530438856,1,1,1,1.0,1,1.0,0,cju85ia1slh220987y7c20sm2,kvasir-seg,unetpp,polypseg/runs_repeat/unetpp_seed42_fold0rep2/best.pth,False
0.9467126468643237,0.8988170645417173,0.9949914399136798,0.9029021915167043,0.4945635731429302,0.332368391175802,4,18.439088914585774,2.2421083748206763,1,1,1,1.0,1,1.0,0,cju85mpuglq8k0818d2it6hzb,kvasir-seg,unetpp,polypseg/runs_repeat/unetpp_seed42_fold0rep2/best.pth,False
0.8843389814937295,0.7926592099433104,0.9964428002263719,0.7949085730788016,0.33839171592069833,0.2039159158851703,4,55.13569407699882,6.912970225942489,1,4,1,1.0,1,1.0,3,cju85plp7lmkw0850rx42jdpf,kvasir-seg,unetpp,polypseg/runs_repeat/unetpp_seed42_fold0rep2/best.pth,False
0.9556635232524671,0.9150915864097482,0.993875096720339,0.9202814105046223,0.7421135984946288,0.5869696600975927,4,73.55270219373317,9.458318310537203,1,1,1,1.0,1,1.0,0,cju85qefyln6v0850szeb9byi,kvasir-seg,unetpp,polypseg/runs_repeat/unetpp_seed42_fold0rep2/best.pth,False
0.32630856694733745,0.19496339677868818,0.20070660299980622,0.8720138306743922,0.2897914422860953,0.21673732458932102,4,232.4413899844722,29.280656602845998,2,1,0,0.0,0,0.0,1,cju87kbcen2av0987usezo8kn,kvasir-seg,unetpp,polypseg/runs_repeat/unetpp_seed42_fold0rep2/best.pth,False
0.9548859644578469,0.913666769351633,0.9700272161276354,0.9402101306512916,0.6607777335609397,0.4485677784854734,4,30.689394015530578,3.6945902972217968,1,1,1,1.0,1,1.0,0,cju87q6yoneim0871dl4phvkd,kvasir-seg,unetpp,polypseg/runs_repeat/unetpp_seed42_fold0rep2/best.pth,False
0.8465489157210709,0.7339270188906922,0.9961121077143994,0.7360354412257584,0.34468256773539013,0.297181618142282,4,124.38408108574845,16.192934045723128,1,1,1,1.0,1,1.0,0,cju87vqa0ndwg0850onjdz7ol,kvasir-seg,unetpp,polypseg/runs_repeat/unetpp_seed42_fold0rep2/best.pth,False
0.916875232972188,0.8465093411982194,0.8626252504995614,0.9784066371160011,0.6362667541391104,0.43441823405799523,4,62.297672508690084,7.752665524399591,1,2,1,1.0,1,1.0,1,cju87xn2snfmv0987sc3d9xnq,kvasir-seg,unetpp,polypseg/runs_repeat/unetpp_seed42_fold0rep2/best.pth,False
0.9256906037451259,0.8616610884835926,0.8641467721703568,0.9966728338422601,0.37836398096363927,0.268270269939245,4,37.12142238654117,4.769358564406731,1,2,1,1.0,1,1.0,1,cju88itqbny720987hxizbj5y,kvasir-seg,unetpp,polypseg/runs_repeat/unetpp_seed42_fold0rep2/best.pth,False
0.9737665463238642,0.9488742964241453,0.9911807937164235,0.956953642372789,0.9916981490953429,0.8147480767093742,4,3.1622776601683795,0.3873348426501835,1,1,1,1.0,1,1.0,0,cju88nroho44508500129f1nh,kvasir-seg,unetpp,polypseg/runs_repeat/unetpp_seed42_fold0rep2/best.pth,False
0.974654264476723,0.9505615820202499,0.9621999805561927,0.9874351814819761,0.9835770731179582,0.8368004776061354,4,3.1622776601683795,0.40380398362024805,1,1,1,1.0,1,1.0,0,cju88vx2uoocy075531lc63n3,kvasir-seg,unetpp,polypseg/runs_repeat/unetpp_seed42_fold0rep2/best.pth,False
0.9447394129886341,0.8952664627267639,0.9888689494608361,0.9043802905401217,0.6348642180103923,0.47612935428813336,4,51.952823471845896,6.782347154134365,1,1,1,1.0,1,1.0,0,cju8a84g0q76m0818hwiggkod,kvasir-seg,unetpp,polypseg/runs_repeat/unetpp_seed42_fold0rep2/best.pth,False
0.9836568481050852,0.9678393033603979,0.9847261856203703,0.98258983050581,0.8932511616702282,0.6179435452237753,4,7.0,0.8420391935920502,1,1,1,1.0,1,1.0,0,cju8abobpqbir08189u01huru,kvasir-seg,unetpp,polypseg/runs_repeat/unetpp_seed42_fold0rep2/best.pth,False
0.9703171047955432,0.9423455602832699,0.9692430879328847,0.9713935045271365,0.8978208609490863,0.6655089779699606,4,14.866068747318506,1.8495801469295114,1,1,1,1.0,1,1.0,0,cju8aeei7q8k308173n9y4klv,kvasir-seg,unetpp,polypseg/runs_repeat/unetpp_seed42_fold0rep2/best.pth,False
0.9755703354065826,0.9523058235469719,0.97080759486326,0.980380037944891,0.7214384415479499,0.4966552740717108,4,11.180339887498949,1.3670747568605797,1,1,1,1.0,1,1.0,0,cju8aj01yqeqm0850lhdz3xdw,kvasir-seg,unetpp,polypseg/runs_repeat/unetpp_seed42_fold0rep2/best.pth,False
0.7481128044429235,0.5975880311724262,0.9708274289909099,0.608515157365112,0.26052095066830566,0.15961890706927737,4,72.84776409429772,9.211138908332225,1,4,1,1.0,1,1.0,3,cju8b2rmgr52s0801p54eyflx,kvasir-seg,unetpp,polypseg/runs_repeat/unetpp_seed42_fold0rep2/best.pth,False
0.9772852875534448,0.9555795723477631,0.9931326688737959,0.9619357148745945,0.7992930728091069,0.5750128277481831,4,10.816653826391969,1.3234710686546944,1,1,1,1.0,1,1.0,0,cju8b4ja9r2s808509d45ma86,kvasir-seg,unetpp,polypseg/runs_repeat/unetpp_seed42_fold0rep2/best.pth,False
0.9457552906758634,0.8970927549469759,0.9861345958575223,0.9085527340565734,0.8924664157047326,0.539935589151613,4,5.0,0.6113744173328506,1,1,1,1.0,1,1.0,0,cju8b542nr81x0871uxnkm9ih,kvasir-seg,unetpp,polypseg/runs_repeat/unetpp_seed42_fold0rep2/best.pth,False
0.9190590311545925,0.8502397981420512,0.8687183667271352,0.9755928811672674,0.4859363369382836,0.2648322138093981,4,215.04589304530086,25.88863336631865,1,2,1,1.0,1,1.0,1,cju8b6rp0r5st0850184f79xt,kvasir-seg,unetpp,polypseg/runs_repeat/unetpp_seed42_fold0rep2/best.pth,False
0.969808731447938,0.941387061852124,0.9600101884788588,0.9798093587436758,0.9067125290801235,0.7966242640281546,4,5.170555836978214,0.6327311676196788,1,1,1,1.0,1,1.0,0,cju8b7aqtr4a00987coba14b7,kvasir-seg,unetpp,polypseg/runs_repeat/unetpp_seed42_fold0rep2/best.pth,False
0.9622535324493374,0.9272530069126547,0.9529828612358362,0.9717063467880985,0.6006354369337862,0.3000618702085336,4,11.704699910719626,1.5601261079263955,1,1,1,1.0,1,1.0,0,cju8bafgqrf4x0818twisk3ea,kvasir-seg,unetpp,polypseg/runs_repeat/unetpp_seed42_fold0rep2/best.pth,False
0.966245059286628,0.9346945017934745,0.9723945902904837,0.9601728201062051,0.7014922109412491,0.5223173582879498,3,8.06225774829855,1.174989103156394,1,1,1,1.0,1,1.0,0,cju8bff9nrfi10850fmfzbf8v,kvasir-seg,unetpp,polypseg/runs_repeat/unetpp_seed42_fold0rep2/best.pth,False
0.9674026982151844,0.936863476732949,0.94552805006264,0.9903134498028,0.7349382019229121,0.638392639076705,4,97.12918457997144,12.648294512338207,1,3,1,1.0,1,1.0,2,cju8bk8oirjhw0817hgkua2w8,kvasir-seg,unetpp,polypseg/runs_repeat/unetpp_seed42_fold0rep2/best.pth,False
0.9370831079846096,0.8816146539997232,0.8980339310981029,0.9796826114780818,0.5220125287025087,0.4314950427200688,4,18.544380024634897,2.2324939512438036,1,1,1,1.0,1,1.0,0,cju8bpctzrqkr0850zeldv9kt,kvasir-seg,unetpp,polypseg/runs_repeat/unetpp_seed42_fold0rep2/best.pth,False
0.9693431737948691,0.9405101185464243,0.9772795142320891,0.9615346946746939,0.7386668120207575,0.4495780093307793,4,9.0,1.126070275384133,1,1,1,1.0,1,1.0,0,cju8bqxxurs6i0850mu7mtef9,kvasir-seg,unetpp,polypseg/runs_repeat/unetpp_seed42_fold0rep2/best.pth,False
0.9781688520807704,0.9572705373804965,0.9767083955415718,0.979633682753186,0.8280580706151869,0.5623787674025852,4,5.656854249492381,0.7254750568954388,1,1,1,1.0,1,1.0,0,cju8cbsyssiqj0871gr4jedjp,kvasir-seg,unetpp,polypseg/runs_repeat/unetpp_seed42_fold0rep2/best.pth,False
0.9803535334026452,0.9614641599006042,0.9951514676280984,0.9659892424007688,0.6348745529123103,0.4220075164204804,4,66.06208950525586,8.090566576952268,1,1,1,1.0,1,1.0,0,cju8doa16u5gh0818w1ywda3q,kvasir-seg,unetpp,polypseg/runs_repeat/unetpp_seed42_fold0rep2/best.pth,False
0.909630428914173,0.8342404750054903,0.839641434255979,0.9923484402492412,0.7189382767306366,0.4339037365776144,5,17.804493814764857,1.9309685955376712,1,1,1,1.0,1,1.0,0,cjyzkpsbjdsjq07211dfi4sru,kvasir-seg,unetpp,polypseg/runs_repeat/unetpp_seed42_fold0rep2/best.pth,False
0.9665869669165182,0.9353346009508231,0.9442000305737218,0.9900612710156205,0.7991270916537102,0.38921434223186635,5,14.747692162314543,1.5994462251137316,1,1,1,1.0,1,1.0,0,cjyzl833ndne80838pzuq6ila,kvasir-seg,unetpp,polypseg/runs_repeat/unetpp_seed42_fold0rep2/best.pth,False
0.8961816878270819,0.8118923902094957,0.8163910249640443,0.9932586573680741,0.36011740863292774,0.03747865547981044,5,47.38143096192854,5.13870577568726,1,1,1,1.0,1,1.0,0,cjyzlw7f9faqr070129au64sq,kvasir-seg,unetpp,polypseg/runs_repeat/unetpp_seed42_fold0rep2/best.pth,False
0.9288342457064629,0.867124664864827,0.8682885905894583,0.998456492359667,0.994177011827462,0.3491481972288165,5,4.47213595499958,0.48502103872887375,1,1,1,1.0,1,1.0,0,cjyzuio1qgh040763k56deohv,kvasir-seg,unetpp,polypseg/runs_repeat/unetpp_seed42_fold0rep2/best.pth,False
0.9764831583140221,0.9540469863744695,0.956689999363553,0.9971126294886552,0.9137875748386858,0.5350620842639072,5,6.0,0.6507240078691919,1,1,1,1.0,1,1.0,0,cjz14qsk2wci60794un9ozwmw,kvasir-seg,unetpp,polypseg/runs_repeat/unetpp_seed42_fold0rep2/best.pth,False
0.9590111025014233,0.9212500775040537,0.9598785372725166,0.9581452340967487,0.8919353089192948,0.4687390801873776,5,6.4031242374328485,0.6944444444444444,1,1,1,1.0,1,1.0,0,ck2da7fwcjfis07218r1rvm95,kvasir-seg,unetpp,polypseg/runs_repeat/unetpp_seed42_fold0rep2/best.pth,False
0.9258081106289152,0.861864737380353,0.9773970398931089,0.8793920752636896,0.5887690608149504,0.37811128318643833,4,25.308065095677872,3.3246138979969926,1,1,1,1.0,1,1.0,0,149,cvc-300,unetpp,polypseg/runs_repeat/unetpp_seed42_fold0rep2/best.pth,False
0.9443066946382216,0.8944896115587421,0.9278920489109876,0.9613125576381665,0.6816551707652281,0.4354624605722716,4,12.236852196286232,1.6075037236432614,1,1,1,1.0,1,1.0,0,150,cvc-300,unetpp,polypseg/runs_repeat/unetpp_seed42_fold0rep2/best.pth,False
0.8892508143288794,0.8005865102584697,0.9948305084661454,0.8039309683549929,0.588626200370061,0.37141967816711685,4,21.795379101946033,2.863167136661821,1,1,1,1.0,1,1.0,0,151,cvc-300,unetpp,polypseg/runs_repeat/unetpp_seed42_fold0rep2/best.pth,False
0.6793513513476791,0.5144073346388801,0.9902300661678186,0.517031429977645,0.5077200068791727,0.4079083787864116,4,46.84225300572714,6.1534694480823005,1,1,1,1.0,1,1.0,0,152,cvc-300,unetpp,polypseg/runs_repeat/unetpp_seed42_fold0rep2/best.pth,False
0.7868624664431174,0.6486176914632757,0.6766974470359767,0.9398717465036599,0.5399463043313032,0.42261424691410737,4,75.04924219451475,9.858902792084153,1,1,1,1.0,1,1.0,0,153,cvc-300,unetpp,polypseg/runs_repeat/unetpp_seed42_fold0rep2/best.pth,False
0.6015764582206958,0.4301818728360876,0.8003355704586083,0.4818993096440318,0.22789687712839582,0.11975572840936641,4,151.1139295322009,19.85120033492773,1,3,1,1.0,0,0.0,2,154,cvc-300,unetpp,polypseg/runs_repeat/unetpp_seed42_fold0rep2/best.pth,False
0.9069674982561029,0.8297717559258909,0.9005230435122814,0.9135048553317298,0.5452199108778644,0.29675925528365876,4,16.1245154965971,2.1182096741014695,1,1,1,1.0,1,1.0,0,155,cvc-300,unetpp,polypseg/runs_repeat/unetpp_seed42_fold0rep2/best.pth,False
0.7963085036203276,0.6615553121504758,0.9452269170431107,0.6879271070536682,0.23407800469343554,0.13917520795649566,4,25.96589889011721,3.4110307523593053,1,1,1,1.0,1,1.0,0,156,cvc-300,unetpp,polypseg/runs_repeat/unetpp_seed42_fold0rep2/best.pth,False
0.9396243291522091,0.8861239983004904,0.9337777777639441,0.945544554441261,0.8399555548845229,0.5227151456343802,4,7.0,0.9195605115601433,1,1,1,1.0,1,1.0,0,157,cvc-300,unetpp,polypseg/runs_repeat/unetpp_seed42_fold0rep2/best.pth,False
0.9328293108393949,0.8741144414049848,0.8837465564616565,0.987684729048835,0.6900490487738541,0.39215756066650215,4,5.385164807134504,0.7074264149834693,1,1,1,1.0,1,1.0,0,158,cvc-300,unetpp,polypseg/runs_repeat/unetpp_seed42_fold0rep2/best.pth,False
0.9225442421074471,0.8562247083925705,0.8565305393397246,0.9995831596359652,0.6562914664234827,0.34291223006575344,4,7.810249675906654,1.0259995981984522,1,1,1,1.0,1,1.0,0,159,cvc-300,unetpp,polypseg/runs_repeat/unetpp_seed42_fold0rep2/best.pth,False
0.8586056950423719,0.7522428413327732,0.7522428413327732,0.9999999999836628,0.200278114151757,0.0882932098144438,4,10.44030650891055,1.37149908488264,1,1,1,1.0,1,1.0,0,160,cvc-300,unetpp,polypseg/runs_repeat/unetpp_seed42_fold0rep2/best.pth,False
0.8953885567826971,0.8105914186211752,0.8702448471314118,0.9220284332269966,0.44959496558024337,0.1904691366451956,4,8.523450915439893,1.1196898405799542,1,1,1,1.0,1,1.0,0,161,cvc-300,unetpp,polypseg/runs_repeat/unetpp_seed42_fold0rep2/best.pth,False
0.916477736456729,0.8458319383855737,0.8894560816601047,0.9451926673972093,0.7735061704343864,0.4279167486485281,4,9.03600033978932,1.1870212992734708,1,1,1,1.0,1,1.0,0,162,cvc-300,unetpp,polypseg/runs_repeat/unetpp_seed42_fold0rep2/best.pth,False
0.9643664812605319,0.931185080253409,0.955547480608581,0.9733497840718895,0.866141023640201,0.7150384583120657,4,5.385164807134504,0.7074264149834693,1,1,1,1.0,1,1.0,0,163,cvc-300,unetpp,polypseg/runs_repeat/unetpp_seed42_fold0rep2/best.pth,False
0.9140837671287354,0.8417626880038546,0.8476527900722085,0.9918126230594692,0.5197464775603273,0.20268205912516846,4,10.0,1.3136578736573477,1,1,1,1.0,1,1.0,0,164,cvc-300,unetpp,polypseg/runs_repeat/unetpp_seed42_fold0rep2/best.pth,False
0.9492293023957205,0.9033648393126399,0.9033648393126399,0.9999999999916296,0.8177862854157218,0.42779511645845436,4,7.0,0.9195605115601433,1,1,1,1.0,1,1.0,0,165,cvc-300,unetpp,polypseg/runs_repeat/unetpp_seed42_fold0rep2/best.pth,False
0.83840304182268,0.7217675941044399,0.7422727736369362,0.9631369953609322,0.6264867655797638,0.38738031435104736,4,301.2482363961969,39.573711766725395,1,2,1,1.0,1,1.0,1,166,cvc-300,unetpp,polypseg/runs_repeat/unetpp_seed42_fold0rep2/best.pth,False
0.912932465205458,0.8398120962907831,0.9725282197610156,0.8602189341890987,0.7251293447077201,0.6275870537793489,4,16.0,2.101852597851756,1,1,1,1.0,1,1.0,0,167,cvc-300,unetpp,polypseg/runs_repeat/unetpp_seed42_fold0rep2/best.pth,False
0.8634753109622052,0.759750596965246,0.9564128256353305,0.7870001374084513,0.6252890249118591,0.4305613687318008,4,21.0,2.75868153468043,1,1,1,1.0,1,1.0,0,168,cvc-300,unetpp,polypseg/runs_repeat/unetpp_seed42_fold0rep2/best.pth,False
0.9527803258596392,0.9098189705438406,0.9454703077507978,0.9602042613051575,0.8336123157754917,0.4311055847752741,4,6.0,0.7881947241944085,1,1,1,1.0,1,1.0,0,169,cvc-300,unetpp,polypseg/runs_repeat/unetpp_seed42_fold0rep2/best.pth,False
0.9537294095850598,0.911551388639167,0.9513084414042031,0.9561627313589267,0.5776275173003942,0.3499274480655592,4,7.615773105863909,1.0004520304505997,1,1,1,1.0,1,1.0,0,170,cvc-300,unetpp,polypseg/runs_repeat/unetpp_seed42_fold0rep2/best.pth,False
0.9695068390001935,0.9408183146597084,0.9898880391055155,0.9499479807037738,0.6953895587482547,0.38757754250559373,4,11.388547388190378,1.4960654946016112,1,1,1,1.0,1,1.0,0,171,cvc-300,unetpp,polypseg/runs_repeat/unetpp_seed42_fold0rep2/best.pth,False
0.9323805586669085,0.8733266954212486,0.876332149190982,0.9960883280631408,0.6819838973238178,0.4475692247836141,4,9.0,1.1822920862916129,1,1,1,1.0,1,1.0,0,172,cvc-300,unetpp,polypseg/runs_repeat/unetpp_seed42_fold0rep2/best.pth,False
0.9112876052904391,0.8370324520219556,0.8636861313789809,0.9644421803263938,0.5260840901448165,0.2959986872811246,4,13.33222818281831,1.7513986525755665,1,1,1,1.0,1,1.0,0,173,cvc-300,unetpp,polypseg/runs_repeat/unetpp_seed42_fold0rep2/best.pth,False
0.9380436712175984,0.883316616506371,0.903556771535527,0.9752676264184168,0.7161325770261004,0.41586466602603944,4,6.0,0.7881947241944085,1,1,1,1.0,1,1.0,0,174,cvc-300,unetpp,polypseg/runs_repeat/unetpp_seed42_fold0rep2/best.pth,False
0.9309834749125946,0.8708784691952962,0.9544194107369633,0.9086709017332837,0.691332939361819,0.4611773093144948,4,14.0,1.8391210231202866,1,1,1,1.0,1,1.0,0,175,cvc-300,unetpp,polypseg/runs_repeat/unetpp_seed42_fold0rep2/best.pth,False
0.9193454545421115,0.8507301971811647,0.8559723726919286,0.9928526547204456,0.5080734260669059,0.3044053126274099,4,11.171322893123989,1.4675296277720906,1,1,1,1.0,1,1.0,0,176,cvc-300,unetpp,polypseg/runs_repeat/unetpp_seed42_fold0rep2/best.pth,False
0.8867599816378685,0.7965577656312834,0.7968041237031257,0.9996120020563941,0.34848171075379575,0.16522263368892992,4,14.0,1.8391210231202866,1,1,1,1.0,1,1.0,0,177,cvc-300,unetpp,polypseg/runs_repeat/unetpp_seed42_fold0rep2/best.pth,False
0.9457635915340225,0.897107692296651,0.914784136534704,0.9789148535995311,0.8401777169219375,0.5164307666334321,4,5.0,0.6568289368286738,1,1,1,1.0,1,1.0,0,178,cvc-300,unetpp,polypseg/runs_repeat/unetpp_seed42_fold0rep2/best.pth,False
0.9084184571979076,0.8322039367448402,0.8558628318489395,0.9678508881540174,0.41993534455776704,0.20702366496654137,4,8.0,1.050926298925878,1,1,1,1.0,1,1.0,0,179,cvc-300,unetpp,polypseg/runs_repeat/unetpp_seed42_fold0rep2/best.pth,False
0.8944318962948232,0.8090246935464616,0.810464495457018,0.9978089395194434,0.273042917930422,0.157961464078339,4,14.866068747318506,1.9528928260246379,1,1,1,1.0,1,1.0,0,180,cvc-300,unetpp,polypseg/runs_repeat/unetpp_seed42_fold0rep2/best.pth,False
0.9380896226369001,0.883398112151736,0.9230322954851765,0.9536463536368266,0.7048280896294211,0.34627117286936926,4,7.106076496631101,0.9334953340610866,1,1,1,1.0,1,1.0,0,181,cvc-300,unetpp,polypseg/runs_repeat/unetpp_seed42_fold0rep2/best.pth,False
0.9068744053228658,0.8296159286168031,0.8360745613943412,0.9907744282615544,0.4774073409470984,0.2915964313803612,4,12.206555615733702,1.6035237894844891,1,1,1,1.0,1,1.0,0,182,cvc-300,unetpp,polypseg/runs_repeat/unetpp_seed42_fold0rep2/best.pth,False
0.9401960784236911,0.8871415356014933,0.8969602494014504,0.9878111587813252,0.8252651986306329,0.5274390227322223,4,6.708203932499369,0.8812284914026979,1,1,1,1.0,1,1.0,0,183,cvc-300,unetpp,polypseg/runs_repeat/unetpp_seed42_fold0rep2/best.pth,False
0.9184689812114508,0.8492303644145609,0.8506852925560004,0.9979901051175326,0.6538658090737614,0.29171020439255946,4,7.0710678118654755,0.9288963906222114,1,1,1,1.0,1,1.0,0,184,cvc-300,unetpp,polypseg/runs_repeat/unetpp_seed42_fold0rep2/best.pth,False
0.8650256964989853,0.7621544327749725,0.7621544327749725,0.9999999999687305,0.5441145004599832,0.3268792211079824,4,8.602325267042627,1.1300512318812093,1,1,1,1.0,1,1.0,0,185,cvc-300,unetpp,polypseg/runs_repeat/unetpp_seed42_fold0rep2/best.pth,False
0.9548570689308646,0.9136138613635244,0.9632045928767431,0.9466529879213478,0.9999999500000026,0.7854357834932482,4,3.0,0.39409736209720425,1,1,1,1.0,1,1.0,0,186,cvc-300,unetpp,polypseg/runs_repeat/unetpp_seed42_fold0rep2/best.pth,False
0.9420401007895032,0.8904308201969671,0.9006913890446115,0.987367937506032,0.9122806517550042,0.612796070133839,4,4.242640687119285,0.5573378343733267,1,1,1,1.0,1,1.0,0,187,cvc-300,unetpp,polypseg/runs_repeat/unetpp_seed42_fold0rep2/best.pth,False
0.9194143288150283,0.8508481588570367,0.8515527950134254,0.9990284187272522,0.6941485182772555,0.4951309999001602,4,6.708203932499369,0.8812284914026979,1,1,1,1.0,1,1.0,0,188,cvc-300,unetpp,polypseg/runs_repeat/unetpp_seed42_fold0rep2/best.pth,False
0.9321311075854019,0.872889091728972,0.9606932060660468,0.905218317348181,0.7174694088617017,0.42533378761758067,4,9.0,1.1822920862916129,1,1,1,1.0,1,1.0,0,189,cvc-300,unetpp,polypseg/runs_repeat/unetpp_seed42_fold0rep2/best.pth,False
0.9084078956293394,0.8321862094752573,0.8323945424855127,0.99969933852977,0.5256764464109549,0.38462809493040134,4,8.0,1.050926298925878,1,1,1,1.0,1,1.0,0,190,cvc-300,unetpp,polypseg/runs_repeat/unetpp_seed42_fold0rep2/best.pth,False
0.9563070226795165,0.9162723554341464,0.9226358717522196,0.9925288854053294,0.8709166969748252,0.5281451529587636,4,6.0,0.7881947241944085,1,1,1,1.0,1,1.0,0,191,cvc-300,unetpp,polypseg/runs_repeat/unetpp_seed42_fold0rep2/best.pth,False
0.937932427650432,0.8831193532964039,0.9381693271273168,0.937695647774031,0.6735715515090718,0.447562424432298,4,7.211102550927978,0.9472921643777122,1,1,1,1.0,1,1.0,0,192,cvc-300,unetpp,polypseg/runs_repeat/unetpp_seed42_fold0rep2/best.pth,False
0.9070728145173917,0.8299480757419826,0.8393698355020514,0.9866557734115227,0.6414876399957649,0.40787733968224504,4,19.0,2.4959499599489603,1,1,1,1.0,1,1.0,0,193,cvc-300,unetpp,polypseg/runs_repeat/unetpp_seed42_fold0rep2/best.pth,False
0.9012416427854776,0.8202364394936006,0.8296405711413826,0.986368958011487,0.5573381110185148,0.4237221078245874,4,19.0,2.4959499599489603,1,1,1,1.0,1,1.0,0,194,cvc-300,unetpp,polypseg/runs_repeat/unetpp_seed42_fold0rep2/best.pth,False
0.8952494061704557,0.8103633627089833,0.8139509772074942,0.9945903153319093,0.5441882776759018,0.392000192119984,4,15.0,1.9704868104860214,1,1,1,1.0,1,1.0,0,195,cvc-300,unetpp,polypseg/runs_repeat/unetpp_seed42_fold0rep2/best.pth,False
0.9325321275527574,0.8735926875390302,0.8806607483888003,0.99089644707307,0.732315338513924,0.36189352725368024,4,6.324555320336759,0.8308301893941852,1,1,1,1.0,1,1.0,0,196,cvc-300,unetpp,polypseg/runs_repeat/unetpp_seed42_fold0rep2/best.pth,False
0.932030932028014,0.8727134146290295,0.8883385056046291,0.9802436615016118,0.6708387320199991,0.4611171014214613,4,14.0,1.8391210231202866,1,1,1,1.0,1,1.0,0,197,cvc-300,unetpp,polypseg/runs_repeat/unetpp_seed42_fold0rep2/best.pth,False
0.8992035625511757,0.8168663450938717,0.8183943881400094,0.9977194982706629,0.5492820021622609,0.27514787916915584,4,9.563808033429355,1.2563571725261866,1,1,1,1.0,1,1.0,0,198,cvc-300,unetpp,polypseg/runs_repeat/unetpp_seed42_fold0rep2/best.pth,False
0.9139650128311304,0.8415612974069097,0.8570148919397937,0.9790227679588255,0.6542073471716189,0.39299481839183803,4,15.0,1.9704868104860214,1,1,1,1.0,1,1.0,0,199,cvc-300,unetpp,polypseg/runs_repeat/unetpp_seed42_fold0rep2/best.pth,False
0.9312848574036484,0.8714060653629105,0.9155803848351836,0.9475374732131149,0.9039755710304829,0.4955268579006456,4,4.841640786499868,0.6360259540606105,1,1,1,1.0,1,1.0,0,200,cvc-300,unetpp,polypseg/runs_repeat/unetpp_seed42_fold0rep2/best.pth,False
0.9132340052471112,0.840322580625799,0.840322580625799,0.9999999999725803,0.6977840141276479,0.5202437352652567,4,7.0,0.9195605115601433,1,1,1,1.0,1,1.0,0,201,cvc-300,unetpp,polypseg/runs_repeat/unetpp_seed42_fold0rep2/best.pth,False
0.8831456689383671,0.7907438278892533,0.7923162583455908,0.9974964950831413,0.32656574223028073,0.26539273150590775,4,18.33122332082068,2.4080955849167274,1,1,1,1.0,1,1.0,0,202,cvc-300,unetpp,polypseg/runs_repeat/unetpp_seed42_fold0rep2/best.pth,False
0.9341038926469104,0.8763554779898248,0.8800851170249082,0.9951875442180441,0.7293734151998125,0.5120025234339131,4,8.009338662244781,1.0521530796446064,1,1,1,1.0,1,1.0,0,203,cvc-300,unetpp,polypseg/runs_repeat/unetpp_seed42_fold0rep2/best.pth,False
0.474353003789007,0.31091923948795636,0.32826887660839527,0.8547111004350345,0.19355292954273212,0.11201862186321317,4,66.12864174012552,8.68704108961818,1,1,1,1.0,0,0.0,0,204,cvc-300,unetpp,polypseg/runs_repeat/unetpp_seed42_fold0rep2/best.pth,False
0.365123927164794,0.22333431458911454,0.22536884839860016,0.9611486486080597,0.264779722710762,0.1972220597430894,4,206.3225629929989,27.103725938891706,1,3,0,0.0,0,0.0,3,205,cvc-300,unetpp,polypseg/runs_repeat/unetpp_seed42_fold0rep2/best.pth,False
0.2431830829146178,0.13842255305582246,0.1385015212972965,0.9958979033274432,0.2087974129777305,0.1557807086369135,4,197.26910500946573,25.914411302502277,1,1,0,0.0,0,0.0,1,206,cvc-300,unetpp,polypseg/runs_repeat/unetpp_seed42_fold0rep2/best.pth,False
0.3053396331844468,0.18017747931298608,0.18027476153230382,0.9970139349370599,0.2540983244154849,0.23000888938375524,4,178.28698430354592,23.4208100700977,1,1,0,0.0,0,0.0,1,207,cvc-300,unetpp,polypseg/runs_repeat/unetpp_seed42_fold0rep2/best.pth,False
0.22413543625941154,0.1262120101024508,0.12641802007568417,0.9872530273430686,0.17011034272387235,0.14739895659585747,4,171.3849448992607,22.51411822932445,1,3,0,0.0,0,0.0,3,208,cvc-300,unetpp,polypseg/runs_repeat/unetpp_seed42_fold0rep2/best.pth,False
0.5570071258883738,0.38600823045040555,0.9951500454532411,0.38673577570746415,0.42758873154767196,0.42758873154767196,2,61.735321245508864,12.861525259481015,1,1,1,1.0,0,0.0,0,1,cvc-clinicdb,unetpp,polypseg/runs_repeat/unetpp_seed42_fold0rep2/best.pth,False
0.8730310409639868,0.7746717724246461,0.9987305169546602,0.775435330189599,0.4649338993583757,0.4649338993583757,2,43.70016360764389,9.104200751592478,1,2,1,1.0,1,1.0,1,10,cvc-clinicdb,unetpp,polypseg/runs_repeat/unetpp_seed42_fold0rep2/best.pth,False
0.9775815685936567,0.9561462690466045,0.9730843174818308,0.98212058210697,0.8746726024504401,0.8746726024504401,2,3.1622776601683795,0.6588078458684125,1,1,1,1.0,1,1.0,0,100,cvc-clinicdb,unetpp,polypseg/runs_repeat/unetpp_seed42_fold0rep2/best.pth,False
0.9594952681327477,0.9221440698408665,0.9477751464421317,0.9715088795071993,0.7282399192353158,0.7282399192353158,2,5.656854249492381,1.1785113019775793,1,1,1,1.0,1,1.0,0,101,cvc-clinicdb,unetpp,polypseg/runs_repeat/unetpp_seed42_fold0rep2/best.pth,False
0.9632911392344095,0.9291819291705838,0.9563905994601434,0.9702919800972805,0.6780626280652183,0.6780626280652183,2,4.242640687119285,0.8838834764831843,1,1,1,1.0,1,1.0,0,102,cvc-clinicdb,unetpp,polypseg/runs_repeat/unetpp_seed42_fold0rep2/best.pth,False
0.9741628772169586,0.9496272415781822,0.9534695528934506,0.99577435029584,0.7970582043076243,0.7970582043076243,2,4.123105625617661,0.858980338670346,1,1,1,1.0,1,1.0,0,103,cvc-clinicdb,unetpp,polypseg/runs_repeat/unetpp_seed42_fold0rep2/best.pth,False
0.9075673680291341,0.8307765087461595,0.8890576408411871,0.9268642086939088,0.29403070867497316,0.29403070867497316,2,15.899320797257692,3.3123584994286857,1,1,1,1.0,1,1.0,0,104,cvc-clinicdb,unetpp,polypseg/runs_repeat/unetpp_seed42_fold0rep2/best.pth,False
0.9555687760248127,0.9149178558525307,0.973274652372922,0.9384956024298019,0.5590434094467349,0.5590434094467349,2,10.12395732415323,2.109157775865256,1,1,1,1.0,1,1.0,0,105,cvc-clinicdb,unetpp,polypseg/runs_repeat/unetpp_seed42_fold0rep2/best.pth,False
0.8692667706674365,0.768763796904189,0.9947335535035727,0.771905520532161,0.3900970428240082,0.3900970428240082,2,59.24669709369724,12.343061894520257,1,1,1,1.0,1,1.0,0,106,cvc-clinicdb,unetpp,polypseg/runs_repeat/unetpp_seed42_fold0rep2/best.pth,False
0.9310845472561315,0.8710553719343005,0.9372077162853799,0.9250408693099094,0.43652905131906494,0.43652905131906494,2,18.600104602052667,3.875021792094306,1,1,1,1.0,1,1.0,0,107,cvc-clinicdb,unetpp,polypseg/runs_repeat/unetpp_seed42_fold0rep2/best.pth,False
0.9027912490545781,0.8228071898594302,0.9669302244995271,0.846631967250257,0.5359072860576364,0.5359072860576364,2,41.218911588777836,8.587273247662049,1,1,1,1.0,1,1.0,0,108,cvc-clinicdb,unetpp,polypseg/runs_repeat/unetpp_seed42_fold0rep2/best.pth,False
0.8746950944051715,0.7772960822052167,0.9669107856127369,0.7985374168318109,0.5672608904297252,0.5672608904297252,2,55.08175741568164,11.475366128267009,1,1,1,1.0,1,1.0,0,109,cvc-clinicdb,unetpp,polypseg/runs_repeat/unetpp_seed42_fold0rep2/best.pth,False
0.6720941420246749,0.5061308661213569,0.9664750957751546,0.5151755829096546,0.2700082912344727,0.2700082912344727,2,64.23238333652807,13.38174652844335,1,2,1,1.0,1,1.0,1,11,cvc-clinicdb,unetpp,polypseg/runs_repeat/unetpp_seed42_fold0rep2/best.pth,False
0.9005248953377807,0.8190498279762687,0.9770358756756569,0.8351267194795825,0.5280450350160955,0.5280450350160955,2,46.93018788999902,9.777122477083129,1,1,1,1.0,1,1.0,0,110,cvc-clinicdb,unetpp,polypseg/runs_repeat/unetpp_seed42_fold0rep2/best.pth,False
0.898834914367482,0.8162580943539305,0.9852975387289569,0.8263227719649355,0.5551885720892429,0.5551885720892429,2,47.23746549000283,9.84113864375059,1,1,1,1.0,1,1.0,0,111,cvc-clinicdb,unetpp,polypseg/runs_repeat/unetpp_seed42_fold0rep2/best.pth,False
0.8966449759129201,0.8126531862713976,0.9829534926765658,0.8242697327500611,0.5111561367777283,0.5111561367777283,2,46.99087764362531,9.789766175755272,1,1,1,1.0,1,1.0,0,112,cvc-clinicdb,unetpp,polypseg/runs_repeat/unetpp_seed42_fold0rep2/best.pth,False
0.8986368328995246,0.8159314381879483,0.9903408563156387,0.8224767634663023,0.5506704035760653,0.5506704035760653,2,46.7161897565216,9.732539532608666,1,1,1,1.0,1,1.0,0,113,cvc-clinicdb,unetpp,polypseg/runs_repeat/unetpp_seed42_fold0rep2/best.pth,False
0.9536017986311649,0.9113182700273381,0.9343068286757112,0.9737105194913404,0.3294996864266918,0.3294996864266918,2,9.040617301551938,1.8834619378233204,1,1,1,1.0,1,1.0,0,114,cvc-clinicdb,unetpp,polypseg/runs_repeat/unetpp_seed42_fold0rep2/best.pth,False
0.43151540382789594,0.27511612474933567,0.9520091848231457,0.27898526343934466,0.17634113406069318,0.17634113406069318,2,176.57632875570874,36.786735157439324,1,1,1,1.0,0,0.0,0,115,cvc-clinicdb,unetpp,polypseg/runs_repeat/unetpp_seed42_fold0rep2/best.pth,False
0.5173872180426814,0.34896988906276405,0.9867359741712362,0.3506146105321278,0.34641392200322585,0.34641392200322585,2,172.3519271406413,35.9066514876336,1,1,1,1.0,0,0.0,0,116,cvc-clinicdb,unetpp,polypseg/runs_repeat/unetpp_seed42_fold0rep2/best.pth,False
0.5307733333305025,0.3612603455760036,0.9722547870071854,0.36502347417572606,0.3952050314787075,0.3952050314787075,2,166.76673572353045,34.74306994240217,1,1,1,1.0,0,0.0,0,117,cvc-clinicdb,unetpp,polypseg/runs_repeat/unetpp_seed42_fold0rep2/best.pth,False
0.0,0.0,0.0,0.0,0.0,0.0,2,,,1,0,0,0.0,0,0.0,0,118,cvc-clinicdb,unetpp,polypseg/runs_repeat/unetpp_seed42_fold0rep2/best.pth,False
0.35858650056973057,0.2184620150219278,0.979513888854878,0.2194647580502609,0.20236756014216536,0.20236756014216536,2,179.71699968003307,37.44104160000689,1,2,0,0.0,0,0.0,2,119,cvc-clinicdb,unetpp,polypseg/runs_repeat/unetpp_seed42_fold0rep2/best.pth,False
0.48474084598619205,0.3199062316846263,0.9946550048470036,0.3204571249645006,0.39176003496676315,0.39176003496676315,2,108.74554589766767,22.655322062014097,1,1,1,1.0,0,0.0,0,12,cvc-clinicdb,unetpp,polypseg/runs_repeat/unetpp_seed42_fold0rep2/best.pth,False
0.48107361005626165,0.316719502170267,0.978596045692389,0.3189288247793868,0.16969844849029372,0.16969844849029372,2,171.74690681348528,35.78060558614277,1,1,1,1.0,0,0.0,0,120,cvc-clinicdb,unetpp,polypseg/runs_repeat/unetpp_seed42_fold0rep2/best.pth,False
0.5045819761107293,0.33741868029543787,0.979265003355036,0.33984672087790413,0.18572598733333492,0.18572598733333492,2,184.45609233541458,38.42835256987804,1,1,1,1.0,0,0.0,0,121,cvc-clinicdb,unetpp,polypseg/runs_repeat/unetpp_seed42_fold0rep2/best.pth,False
0.0,0.0,0.0,0.0,0.0,0.0,2,,,1,0,0,0.0,0,0.0,0,122,cvc-clinicdb,unetpp,polypseg/runs_repeat/unetpp_seed42_fold0rep2/best.pth,False
0.7463430316639352,0.5953327349622045,0.9757276452561129,0.6042819027747492,0.2561820140529412,0.2561820140529412,2,125.05114767830007,26.05232243297918,1,1,1,1.0,1,1.0,0,123,cvc-clinicdb,unetpp,polypseg/runs_repeat/unetpp_seed42_fold0rep2/best.pth,False
0.7768583147413943,0.635133545119219,0.9904587155872434,0.6390434473739846,0.27682479129533716,0.27682479129533716,2,109.50231369927849,22.81298202068302,1,1,1,1.0,1,1.0,0,124,cvc-clinicdb,unetpp,polypseg/runs_repeat/unetpp_seed42_fold0rep2/best.pth,False
0.864862029163441,0.7619003604698964,0.9499827129082633,0.7937409725489287,0.4787527546748713,0.4787527546748713,2,50.52470558526518,10.52598033026358,1,1,1,1.0,1,1.0,0,125,cvc-clinicdb,unetpp,polypseg/runs_repeat/unetpp_seed42_fold0rep2/best.pth,False
0.8706217972377271,0.7708859575192171,0.9822386458340416,0.7817836812070039,0.690864942605156,0.690864942605156,2,53.08813232513425,11.060027567736302,1,1,1,1.0,1,1.0,0,126,cvc-clinicdb,unetpp,polypseg/runs_repeat/unetpp_seed42_fold0rep2/best.pth,False
0.9506425777523687,0.9059282924936826,0.908831908815726,0.9964857477353283,0.624698720300485,0.624698720300485,2,5.0,1.0416666666666667,1,1,1,1.0,1,1.0,0,127,cvc-clinicdb,unetpp,polypseg/runs_repeat/unetpp_seed42_fold0rep2/best.pth,False
0.9648241205954394,0.9320388349373174,0.9362999085501935,0.9951409134921422,0.7493187510992022,0.7493187510992022,2,3.605551275463989,0.7511565157216644,1,1,1,1.0,1,1.0,0,128,cvc-clinicdb,unetpp,polypseg/runs_repeat/unetpp_seed42_fold0rep2/best.pth,False
0.9671597814684969,0.9364079400815831,0.9399832955382413,0.9959544879772951,0.7759035644650925,0.7759035644650925,2,5.0,1.0416666666666667,1,1,1,1.0,1,1.0,0,129,cvc-clinicdb,unetpp,polypseg/runs_repeat/unetpp_seed42_fold0rep2/best.pth,False
0.9391232547630268,0.8852331422848281,0.9890900466361839,0.8939621293255164,0.552491667836367,0.552491667836367,2,18.23086578651015,3.7980970388562816,1,1,1,1.0,1,1.0,0,13,cvc-clinicdb,unetpp,polypseg/runs_repeat/unetpp_seed42_fold0rep2/best.pth,False
0.9563419333570358,0.9163364553231598,0.923656499628507,0.9914255091007363,0.5695856859532572,0.5695856859532572,2,5.940833163195851,1.2376735756658024,1,1,1,1.0,1,1.0,0,130,cvc-clinicdb,unetpp,polypseg/runs_repeat/unetpp_seed42_fold0rep2/best.pth,False
0.9449055915308542,0.8955649693014993,0.9126872246615622,0.9794818456790896,0.4762693352600428,0.4762693352600428,2,8.49996196700831,1.7708254097933982,1,1,1,1.0,1,1.0,0,131,cvc-clinicdb,unetpp,polypseg/runs_repeat/unetpp_seed42_fold0rep2/best.pth,False
0.9726959276770786,0.9468432510713563,0.9718808193487546,0.9735124043840047,0.9320987154321014,0.9320987154321014,2,2.23606797749979,0.4658474953124562,1,1,1,1.0,1,1.0,0,132,cvc-clinicdb,unetpp,polypseg/runs_repeat/unetpp_seed42_fold0rep2/best.pth,False
0.9734626999873195,0.9482974461573823,0.9623935967353272,0.9847893915628603,0.8652409995592681,0.8652409995592681,2,3.0,0.625,1,1,1,1.0,1,1.0,0,133,cvc-clinicdb,unetpp,polypseg/runs_repeat/unetpp_seed42_fold0rep2/best.pth,False
0.9756266925840176,0.9524132320912092,0.9651050968407047,0.9863802302585456,0.9102800673065132,0.9102800673065132,2,2.23606797749979,0.4658474953124562,1,1,1,1.0,1,1.0,0,134,cvc-clinicdb,unetpp,polypseg/runs_repeat/unetpp_seed42_fold0rep2/best.pth,False
0.9350727345491289,0.8780625352410673,0.9910183875460323,0.8851061141934998,0.5774467447536275,0.5774467447536275,2,45.92376764754715,9.56745159323899,1,1,1,1.0,1,1.0,0,135,cvc-clinicdb,unetpp,polypseg/runs_repeat/unetpp_seed42_fold0rep2/best.pth,False
0.9771138420745562,0.9552517985542787,0.9644102266054299,0.990156599545189,0.7964023520742394,0.7964023520742394,2,5.0,1.0416666666666667,1,1,1,1.0,1,1.0,0,136,cvc-clinicdb,unetpp,polypseg/runs_repeat/unetpp_seed42_fold0rep2/best.pth,False
0.979813730030849,0.9604263053456673,0.9640102827683554,0.9961439588603586,0.8282322512172728,0.8282322512172728,2,4.0,0.8333333333333334,1,1,1,1.0,1,1.0,0,137,cvc-clinicdb,unetpp,polypseg/runs_repeat/unetpp_seed42_fold0rep2/best.pth,False
0.978633184644037,0.9581603493774833,0.9681830563826304,0.9893113622391064,0.7454644909584013,0.7454644909584013,2,4.0,0.8333333333333334,1,1,1,1.0,1,1.0,0,138,cvc-clinicdb,unetpp,polypseg/runs_repeat/unetpp_seed42_fold0rep2/best.pth,False
0.9829768659949973,0.9665236051456054,0.9716203259780842,0.9946020217833221,0.7782985753889318,0.7782985753889318,2,3.0,0.625,1,1,1,1.0,1,1.0,0,139,cvc-clinicdb,unetpp,polypseg/runs_repeat/unetpp_seed42_fold0rep2/best.pth,False
0.23520525699522185,0.1332762679215353,0.9493902438734942,0.1342299237030293,0.2783068743267454,0.2783068743267454,2,142.10907380819225,29.606057043373383,1,2,0,0.0,0,0.0,2,14,cvc-clinicdb,unetpp,polypseg/runs_repeat/unetpp_seed42_fold0rep2/best.pth,False
0.9891112226395158,0.9784570219704768,0.9841931561534472,0.9940786876573793,0.9330482051261275,0.9330482051261275,2,2.5026295937606298,0.5213811653667979,1,1,1,1.0,1,1.0,0,140,cvc-clinicdb,unetpp,polypseg/runs_repeat/unetpp_seed42_fold0rep2/best.pth,False
0.9673223074364492,0.9367126978749184,0.9820961932305173,0.9529863276532468,0.5501865586661573,0.5501865586661573,2,9.219544457292887,1.920738428602685,1,1,1,1.0,1,1.0,0,141,cvc-clinicdb,unetpp,polypseg/runs_repeat/unetpp_seed42_fold0rep2/best.pth,False
0.9709389418160246,0.9435192733164725,0.9530269761568655,0.9895371086553371,0.6586238964020517,0.6586238964020517,2,8.06225774829855,1.679637030895531,1,1,1,1.0,1,1.0,0,142,cvc-clinicdb,unetpp,polypseg/runs_repeat/unetpp_seed42_fold0rep2/best.pth,False
0.9549860004204718,0.9138499587610501,0.9374207187962491,0.9732221246494025,0.7868035020263503,0.7868035020263503,2,5.0,1.0416666666666667,1,1,1,1.0,1,1.0,0,143,cvc-clinicdb,unetpp,polypseg/runs_repeat/unetpp_seed42_fold0rep2/best.pth,False
0.9759976087252249,0.953120439015978,0.9629017988737074,0.9894545454485487,0.7391488560400863,0.7391488560400863,2,4.0,0.8333333333333334,1,1,1,1.0,1,1.0,0,144,cvc-clinicdb,unetpp,polypseg/runs_repeat/unetpp_seed42_fold0rep2/best.pth,False
0.9764677287469862,0.9540175294635205,0.972706462401071,0.9802581961715086,0.6564546967367024,0.6564546967367024,2,5.0,1.0416666666666667,1,1,1,1.0,1,1.0,0,145,cvc-clinicdb,unetpp,polypseg/runs_repeat/unetpp_seed42_fold0rep2/best.pth,False
0.9591993841395376,0.9215976331321994,0.9470963818748769,0.971615720519688,0.4787959429647956,0.4787959429647956,2,10.44030650891055,2.1750638560230313,1,1,1,1.0,1,1.0,0,146,cvc-clinicdb,unetpp,polypseg/runs_repeat/unetpp_seed42_fold0rep2/best.pth,False
0.9781518755682409,0.9572380201922696,0.967284308041638,0.9892664149752811,0.7977203392543393,0.7977203392543393,2,3.5833875946992038,0.7465390822290008,1,1,1,1.0,1,1.0,0,147,cvc-clinicdb,unetpp,polypseg/runs_repeat/unetpp_seed42_fold0rep2/best.pth,False
0.9595850865986907,0.9223100075157795,0.9316864607987487,0.9892060929992009,0.5632981557247126,0.5632981557247126,2,5.385164807134504,1.1219093348196882,1,1,1,1.0,1,1.0,0,148,cvc-clinicdb,unetpp,polypseg/runs_repeat/unetpp_seed42_fold0rep2/best.pth,False
0.9666365135903441,0.9354273944290893,0.9460472867311108,0.9881418624783709,0.7432431932473048,0.7432431932473048,2,5.0,1.0416666666666667,1,1,1,1.0,1,1.0,0,149,cvc-clinicdb,unetpp,polypseg/runs_repeat/unetpp_seed42_fold0rep2/best.pth,False
0.0922899341533296,0.04837733773364033,0.9277426159848237,0.04856030698713922,0.18659370582452264,0.18659370582452264,2,167.71821529552815,34.941294853235036,1,2,0,0.0,0,0.0,2,15,cvc-clinicdb,unetpp,polypseg/runs_repeat/unetpp_seed42_fold0rep2/best.pth,False
0.9599222457208855,0.9229331574216915,0.9331925300029658,0.9882283696175604,0.726473151974309,0.726473151974309,2,5.0,1.0416666666666667,1,1,1,1.0,1,1.0,0,150,cvc-clinicdb,unetpp,polypseg/runs_repeat/unetpp_seed42_fold0rep2/best.pth,False
0.9587045679468341,0.9206845035865723,0.9306699615468058,0.9884806065764293,0.704295384797474,0.704295384797474,2,4.0,0.8333333333333334,1,1,1,1.0,1,1.0,0,151,cvc-clinicdb,unetpp,polypseg/runs_repeat/unetpp_seed42_fold0rep2/best.pth,False
0.9369640669637174,0.8814039467955951,0.9929143227986104,0.8869829918782036,0.27889252960045086,0.27889252960045086,2,9.848857801796104,2.0518453753741883,1,1,1,1.0,1,1.0,0,152,cvc-clinicdb,unetpp,polypseg/runs_repeat/unetpp_seed42_fold0rep2/best.pth,False
0.9292480757776106,0.8678462814367176,0.8726716708246779,0.9936688825420439,0.5207320839016635,0.5207320839016635,2,7.211102550927978,1.5023130314433288,1,1,1,1.0,1,1.0,0,153,cvc-clinicdb,unetpp,polypseg/runs_repeat/unetpp_seed42_fold0rep2/best.pth,False
0.0,0.0,0.0,0.0,0.0,0.0,2,104.85919067617336,21.84566472420278,1,1,0,0.0,0,0.0,1,154,cvc-clinicdb,unetpp,polypseg/runs_repeat/unetpp_seed42_fold0rep2/best.pth,False
0.8630733176811827,0.7591283862921596,0.9862280029849864,0.7672619047162343,0.5615676364797068,0.5615676364797068,2,10.506750265248984,2.188906305260205,1,1,1,1.0,1,1.0,0,155,cvc-clinicdb,unetpp,polypseg/runs_repeat/unetpp_seed42_fold0rep2/best.pth,False
0.9445341949278994,0.8948979591654103,0.9549216027666612,0.9343703387825619,0.7662153021493668,0.7662153021493668,2,7.961454519341783,1.6586363581962047,1,1,1,1.0,1,1.0,0,156,cvc-clinicdb,unetpp,polypseg/runs_repeat/unetpp_seed42_fold0rep2/best.pth,False
0.9630363036240063,0.9287078293961972,0.9538441422469425,0.9724073580248946,0.7890599525709483,0.7890599525709483,2,3.605551275463989,0.7511565157216644,1,1,1,1.0,1,1.0,0,157,cvc-clinicdb,unetpp,polypseg/runs_repeat/unetpp_seed42_fold0rep2/best.pth,False
0.9634910347703229,0.9295539808059702,0.9359916054368103,0.9926552414646639,0.93299006344616,0.93299006344616,2,2.23606797749979,0.4658474953124562,1,1,1,1.0,1,1.0,0,158,cvc-clinicdb,unetpp,polypseg/runs_repeat/unetpp_seed42_fold0rep2/best.pth,False
0.9438735177616898,0.8937125748057029,0.9013588323653066,0.9905973450779536,0.8638021595833741,0.8638021595833741,2,2.23606797749979,0.4658474953124562,1,1,1,1.0,1,1.0,0,159,cvc-clinicdb,unetpp,polypseg/runs_repeat/unetpp_seed42_fold0rep2/best.pth,False
0.8548072053761498,0.74643082753321,0.9962900505734184,0.7485113391517989,0.588474768915313,0.588474768915313,2,22.627416997969522,4.714045207910317,1,1,1,1.0,1,1.0,0,16,cvc-clinicdb,unetpp,polypseg/runs_repeat/unetpp_seed42_fold0rep2/best.pth,False
0.9637856678622095,0.9301026225663613,0.9364022500179496,0.9928188899587046,0.6481931397154701,0.6481931397154701,2,3.1622776601683795,0.6588078458684125,1,1,1,1.0,1,1.0,0,160,cvc-clinicdb,unetpp,polypseg/runs_repeat/unetpp_seed42_fold0rep2/best.pth,False
0.9230093676679888,0.8570263658369931,0.8593622240158255,0.9968384444831857,0.5704566499390084,0.5704566499390084,2,4.242640687119285,0.8838834764831843,1,1,1,1.0,1,1.0,0,161,cvc-clinicdb,unetpp,polypseg/runs_repeat/unetpp_seed42_fold0rep2/best.pth,False
0.9434939424679228,0.8930322128695197,0.8936580238105526,0.999216454436842,0.5884344415281786,0.5884344415281786,2,4.188849909443555,0.8726770644674073,1,1,1,1.0,1,1.0,0,162,cvc-clinicdb,unetpp,polypseg/runs_repeat/unetpp_seed42_fold0rep2/best.pth,False
0.9469822050912953,0.8993031358728345,0.8993031358728345,0.9999999999806277,0.6501294578700995,0.6501294578700995,2,3.631428992971649,0.7565477068690936,1,1,1,1.0,1,1.0,0,163,cvc-clinicdb,unetpp,polypseg/runs_repeat/unetpp_seed42_fold0rep2/best.pth,False
0.9402305825100087,0.8872029773579387,0.9037620297199254,0.9797660448631121,0.7148504470683223,0.7148504470683223,2,4.123105625617661,0.858980338670346,1,1,1,1.0,1,1.0,0,164,cvc-clinicdb,unetpp,polypseg/runs_repeat/unetpp_seed42_fold0rep2/best.pth,False
0.9438500897006854,0.8936705674985067,0.9220981563110608,0.9666530556558235,0.48818514027448523,0.48818514027448523,2,5.0,1.0416666666666667,1,1,1,1.0,1,1.0,0,165,cvc-clinicdb,unetpp,polypseg/runs_repeat/unetpp_seed42_fold0rep2/best.pth,False
0.9645221074863348,0.9314753259916713,0.9369855966957692,0.9937261320104511,0.789299939482891,0.789299939482891,2,3.605551275463989,0.7511565157216644,1,1,1,1.0,1,1.0,0,166,cvc-clinicdb,unetpp,polypseg/runs_repeat/unetpp_seed42_fold0rep2/best.pth,False
0.959911528878077,0.9229133439414431,0.9305816134835009,0.9911504424495818,0.844522918198507,0.844522918198507,2,3.940832691319585,0.8210068106915802,1,1,1,1.0,1,1.0,0,167,cvc-clinicdb,unetpp,polypseg/runs_repeat/unetpp_seed42_fold0rep2/best.pth,False
0.9387365000388154,0.8845461094941545,0.8916122004195423,0.9911200807065365,0.555101372951057,0.555101372951057,2,4.123105625617661,0.858980338670346,1,1,1,1.0,1,1.0,0,168,cvc-clinicdb,unetpp,polypseg/runs_repeat/unetpp_seed42_fold0rep2/best.pth,False
0.969616322902568,0.9410245372228293,0.9486474757565653,0.9915331115665024,0.8219521913081448,0.8219521913081448,2,3.605551275463989,0.7511565157216644,1,1,1,1.0,1,1.0,0,169,cvc-clinicdb,unetpp,polypseg/runs_repeat/unetpp_seed42_fold0rep2/best.pth,False
0.725673493665651,0.5694564854913674,0.9938314711243734,0.5714763753140712,0.5198706733483405,0.5198706733483405,2,47.61327286590756,9.919431847064077,1,1,1,1.0,1,1.0,0,17,cvc-clinicdb,unetpp,polypseg/runs_repeat/unetpp_seed42_fold0rep2/best.pth,False
0.9552515173237809,0.9143363528768347,0.9186782746157761,0.9948575101565276,0.7169382242147939,0.7169382242147939,2,3.605551275463989,0.7511565157216644,1,1,1,1.0,1,1.0,0,170,cvc-clinicdb,unetpp,polypseg/runs_repeat/unetpp_seed42_fold0rep2/best.pth,False
0.9596968016180467,0.9225164385832146,0.9244879786122087,0.9976936382664291,0.8040103122785218,0.8040103122785218,2,3.0,0.625,1,1,1,1.0,1,1.0,0,171,cvc-clinicdb,unetpp,polypseg/runs_repeat/unetpp_seed42_fold0rep2/best.pth,False
0.9508460918460783,0.9062980030443534,0.9540750323106704,0.9476389334742166,0.8212721166916683,0.8212721166916683,2,3.0,0.625,1,1,1,1.0,1,1.0,0,172,cvc-clinicdb,unetpp,polypseg/runs_repeat/unetpp_seed42_fold0rep2/best.pth,False
0.9673700930294197,0.9368023204628917,0.9563890882900539,0.978606188587103,0.6866852495778406,0.6866852495778406,2,4.242640687119285,0.8838834764831843,1,1,1,1.0,1,1.0,0,173,cvc-clinicdb,unetpp,polypseg/runs_repeat/unetpp_seed42_fold0rep2/best.pth,False
0.8049504596315593,0.6735707871854321,0.6865999511796034,0.9725991874753859,0.47450733027816794,0.47450733027816794,2,48.251411276934085,10.052377349361269,1,1,1,1.0,1,1.0,0,174,cvc-clinicdb,unetpp,polypseg/runs_repeat/unetpp_seed42_fold0rep2/best.pth,False
0.9765790870455925,0.9542301458609126,0.9840219280586707,0.9692479915648015,0.7957751516650106,0.7957751516650106,2,5.656854249492381,1.1785113019775793,1,1,1,1.0,1,1.0,0,175,cvc-clinicdb,unetpp,polypseg/runs_repeat/unetpp_seed42_fold0rep2/best.pth,False
0.806161421669751,0.6752683623252326,0.6755898846647149,0.9992957195320502,0.466358612650021,0.466358612650021,2,50.571709259723555,10.535772762442408,1,1,1,1.0,1,1.0,0,176,cvc-clinicdb,unetpp,polypseg/runs_repeat/unetpp_seed42_fold0rep2/best.pth,False
0.9042666816521205,0.8252616457949388,0.8392111853000916,0.9802559414871388,0.5447139440708666,0.5447139440708666,2,25.0,5.208333333333333,1,1,1,1.0,1,1.0,0,177,cvc-clinicdb,unetpp,polypseg/runs_repeat/unetpp_seed42_fold0rep2/best.pth,False
0.7619047618363068,0.6153846152952998,0.6153846152952998,0.9999999997641509,0.3269695656117681,0.3269695656117681,2,5.0,1.0416666666666667,1,1,1,1.0,1,1.0,0,178,cvc-clinicdb,unetpp,polypseg/runs_repeat/unetpp_seed42_fold0rep2/best.pth,False
0.8853766617299058,0.7943281208376802,0.7945387062355637,0.9996664442628531,0.22659100232712617,0.22659100232712617,2,6.324555320336759,1.317615691736825,1,1,1,1.0,1,1.0,0,179,cvc-clinicdb,unetpp,polypseg/runs_repeat/unetpp_seed42_fold0rep2/best.pth,False
0.9373805608597956,0.882141363438878,0.9725193655388,0.9046924594586541,0.5321496866468092,0.5321496866468092,2,164.00578610214805,34.167872104614176,1,2,1,1.0,1,1.0,1,18,cvc-clinicdb,unetpp,polypseg/runs_repeat/unetpp_seed42_fold0rep2/best.pth,False
0.9107046799232019,0.8360493826954062,0.8372898120465557,0.9982311320460427,0.557970964587276,0.557970964587276,2,8.94427190999916,1.8633899812498247,1,1,1,1.0,1,1.0,0,180,cvc-clinicdb,unetpp,polypseg/runs_repeat/unetpp_seed42_fold0rep2/best.pth,False
0.9032803040841436,0.8236200256527955,0.8248907173868633,0.9981331673616014,0.4816450507075162,0.4816450507075162,2,7.615773105863909,1.5866193970549811,1,1,1,1.0,1,1.0,0,181,cvc-clinicdb,unetpp,polypseg/runs_repeat/unetpp_seed42_fold0rep2/best.pth,False
0.9189406099395541,0.8500371195038348,0.8658936223628462,0.9789113707330034,0.6162229685471965,0.6162229685471965,2,8.523450915439893,1.7757189407166443,1,1,1,1.0,1,1.0,0,182,cvc-clinicdb,unetpp,polypseg/runs_repeat/unetpp_seed42_fold0rep2/best.pth,False
0.9128549447347482,0.839680905794141,0.8405461102307948,0.9987756351086999,0.4533188922879743,0.4533188922879743,2,7.211102550927978,1.5023130314433288,1,1,1,1.0,1,1.0,0,183,cvc-clinicdb,unetpp,polypseg/runs_repeat/unetpp_seed42_fold0rep2/best.pth,False
0.9244168880879183,0.8594564918786863,0.8665928590958596,0.9905093324583831,0.6663492020744535,0.6663492020744535,2,6.49551939166401,1.3532332065966688,1,1,1,1.0,1,1.0,0,184,cvc-clinicdb,unetpp,polypseg/runs_repeat/unetpp_seed42_fold0rep2/best.pth,False
0.9424821462947067,0.891221025718357,0.892850612527101,0.9979562640302891,0.6347870249593804,0.6347870249593804,2,5.830951894845301,1.2147816447594377,1,1,1,1.0,1,1.0,0,185,cvc-clinicdb,unetpp,polypseg/runs_repeat/unetpp_seed42_fold0rep2/best.pth,False
0.968708945414017,0.9393167342103147,0.9430298802355187,0.9958256599018315,0.7416267442766912,0.7416267442766912,2,5.385164807134504,1.1219093348196882,1,1,1,1.0,1,1.0,0,186,cvc-clinicdb,unetpp,polypseg/runs_repeat/unetpp_seed42_fold0rep2/best.pth,False
0.9545402320824382,0.9130339218923508,0.9595010779106906,0.9496304198662681,0.5038208911890085,0.5038208911890085,2,7.0,1.4583333333333333,1,1,1,1.0,1,1.0,0,187,cvc-clinicdb,unetpp,polypseg/runs_repeat/unetpp_seed42_fold0rep2/best.pth,False
0.9671676300540764,0.9364226550187565,0.9865566037658289,0.9485260770903361,0.7277868932005941,0.7277868932005941,2,7.86133965920294,1.6377790956672793,1,1,1,1.0,1,1.0,0,188,cvc-clinicdb,unetpp,polypseg/runs_repeat/unetpp_seed42_fold0rep2/best.pth,False
0.9591679506841374,0.921539600279024,0.9520168227690304,0.9664273238702421,0.7689969104978738,0.7689969104978738,2,3.1622776601683795,0.6588078458684125,1,1,1,1.0,1,1.0,0,189,cvc-clinicdb,unetpp,polypseg/runs_repeat/unetpp_seed42_fold0rep2/best.pth,False
0.43776860200371714,0.28022007659377407,0.9207727755951653,0.28714348883325697,0.27506703577898467,0.27506703577898467,2,74.62573282722254,15.547027672338029,1,2,0,0.0,0,0.0,2,19,cvc-clinicdb,unetpp,polypseg/runs_repeat/unetpp_seed42_fold0rep2/best.pth,False
0.9279778393223272,0.8656330749130328,0.8728504429162884,0.990538143081297,0.5505695130294954,0.5505695130294954,2,6.264107122827124,1.3050223172556508,1,1,1,1.0,1,1.0,0,190,cvc-clinicdb,unetpp,polypseg/runs_repeat/unetpp_seed42_fold0rep2/best.pth,False
0.8773314203415592,0.7814696485123661,0.8040762655618622,0.9652722966878238,0.5135060139481809,0.5135060139481809,2,5.0,1.0416666666666667,1,1,1,1.0,1,1.0,0,191,cvc-clinicdb,unetpp,polypseg/runs_repeat/unetpp_seed42_fold0rep2/best.pth,False
0.9233926128275174,0.8576874205300071,0.910316925090336,0.936849410066839,0.7413733698848296,0.7413733698848296,2,3.0,0.625,1,1,1,1.0,1,1.0,0,192,cvc-clinicdb,unetpp,polypseg/runs_repeat/unetpp_seed42_fold0rep2/best.pth,False
0.9268770829067462,0.8637194007722426,0.864983534545738,0.9983108107686525,0.6677865942882942,0.6677865942882942,2,5.089117562233504,1.0602328254653133,1,1,1,1.0,1,1.0,0,193,cvc-clinicdb,unetpp,polypseg/runs_repeat/unetpp_seed42_fold0rep2/best.pth,False
0.9558986779598758,0.9155229073861295,0.9253614693058742,0.9885201419121579,0.714317082230205,0.714317082230205,2,6.0,1.25,1,1,1,1.0,1,1.0,0,194,cvc-clinicdb,unetpp,polypseg/runs_repeat/unetpp_seed42_fold0rep2/best.pth,False
0.9356056520231301,0.8790028374365829,0.8811458756423985,0.99724074497592,0.6073161569975373,0.6073161569975373,2,6.985410196624965,1.4552937909635344,1,1,1,1.0,1,1.0,0,195,cvc-clinicdb,unetpp,polypseg/runs_repeat/unetpp_seed42_fold0rep2/best.pth,False
0.9250793650695758,0.8606024807863635,0.8623002564438291,0.9977174160922685,0.5353031625166124,0.5353031625166124,2,6.708203932499369,1.3975424859373686,1,1,1,1.0,1,1.0,0,196,cvc-clinicdb,unetpp,polypseg/runs_repeat/unetpp_seed42_fold0rep2/best.pth,False
0.9290309808875676,0.8674676524793444,0.8706864563845884,0.9957564183960163,0.5068701790804782,0.5068701790804782,2,8.07145542344539,1.6815532132177895,1,1,1,1.0,1,1.0,0,197,cvc-clinicdb,unetpp,polypseg/runs_repeat/unetpp_seed42_fold0rep2/best.pth,False
0.9451908722441331,0.896077638477637,0.9017293997781948,0.9930539995296201,0.7047599216152294,0.7047599216152294,2,8.0,1.6666666666666667,1,1,1,1.0,1,1.0,0,198,cvc-clinicdb,unetpp,polypseg/runs_repeat/unetpp_seed42_fold0rep2/best.pth,False
0.9313254298736374,0.8714771137143419,0.8732225114986336,0.9977116704577182,0.5806157832788018,0.5806157832788018,2,5.561762944667118,1.1587006134723161,1,1,1,1.0,1,1.0,0,199,cvc-clinicdb,unetpp,polypseg/runs_repeat/unetpp_seed42_fold0rep2/best.pth,False
0.6413731989870315,0.4720745965770989,0.9832947569590087,0.4758912916399966,0.5390431472966142,0.5390431472966142,2,67.42366051607941,14.046595940849876,1,1,1,1.0,0,0.0,0,2,cvc-clinicdb,unetpp,polypseg/runs_repeat/unetpp_seed42_fold0rep2/best.pth,False
0.36113697840290393,0.22035824449255717,0.9119820828463162,0.22514652217060074,0.27552468947998665,0.27552468947998665,2,94.7992271761359,19.749838995028313,1,2,0,0.0,0,0.0,2,20,cvc-clinicdb,unetpp,polypseg/runs_repeat/unetpp_seed42_fold0rep2/best.pth,False
0.2261850327659475,0.1275133184374031,0.9999999998652291,0.1275133184374031,0.03643585681131168,0.03643585681131168,2,49.678969393496885,10.34978529031185,1,2,0,0.0,0,0.0,2,200,cvc-clinicdb,unetpp,polypseg/runs_repeat/unetpp_seed42_fold0rep2/best.pth,False
0.0,0.0,0.0,0.0,0.0,0.0,2,,,1,0,0,0.0,0,0.0,0,201,cvc-clinicdb,unetpp,polypseg/runs_repeat/unetpp_seed42_fold0rep2/best.pth,False
0.6753461948079613,0.5098284488829552,0.9535427807167934,0.5228147333604029,0.3753955741527282,0.3753955741527282,2,31.397451479562218,6.541135724908796,1,1,1,1.0,1,1.0,0,202,cvc-clinicdb,unetpp,polypseg/runs_repeat/unetpp_seed42_fold0rep2/best.pth,False
0.07701193684872908,0.040048057668401124,0.9999999995000001,0.040048057668401124,0.11369505856353009,0.11369505856353009,2,69.52946354191462,14.485304904565545,1,1,0,0.0,0,0.0,1,203,cvc-clinicdb,unetpp,polypseg/runs_repeat/unetpp_seed42_fold0rep2/best.pth,False
0.0,0.0,0.0,0.0,0.0,0.0,2,,,1,0,0,0.0,0,0.0,0,204,cvc-clinicdb,unetpp,polypseg/runs_repeat/unetpp_seed42_fold0rep2/best.pth,False
0.0,0.0,0.0,0.0,0.0,0.0,2,,,1,0,0,0.0,0,0.0,0,205,cvc-clinicdb,unetpp,polypseg/runs_repeat/unetpp_seed42_fold0rep2/best.pth,False
0.7738204757473135,0.6310825294680483,0.8956495284317668,0.681166126785271,0.3188309076289693,0.3188309076289693,2,134.59169135791623,28.03993569956588,1,1,1,1.0,1,1.0,0,206,cvc-clinicdb,unetpp,polypseg/runs_repeat/unetpp_seed42_fold0rep2/best.pth,False
0.7205089199231053,0.5631214872399143,0.9076655052106679,0.5973400596125047,0.34382806819563244,0.34382806819563244,2,162.33425769382075,33.819637019545986,1,1,1,1.0,1,1.0,0,207,cvc-clinicdb,unetpp,polypseg/runs_repeat/unetpp_seed42_fold0rep2/best.pth,False
0.2522708505315386,0.1443420741756593,0.8855072462484772,0.14708714491701766,0.19922499701282767,0.19922499701282767,2,147.23783485065306,30.674548927219387,1,1,0,0.0,0,0.0,1,208,cvc-clinicdb,unetpp,polypseg/runs_repeat/unetpp_seed42_fold0rep2/best.pth,False
0.7559213167250919,0.6076153597738749,0.8749999999593402,0.665371024711471,0.5015756013151417,0.5015756013151417,2,54.98971602418762,11.45619083837242,1,1,1,1.0,1,1.0,0,209,cvc-clinicdb,unetpp,polypseg/runs_repeat/unetpp_seed42_fold0rep2/best.pth,False
0.5806862698811047,0.40913172159087113,0.9841612670907594,0.41184347069122,0.4479539636572153,0.4479539636572153,2,103.89372036676332,21.644525076409025,1,1,1,1.0,0,0.0,0,21,cvc-clinicdb,unetpp,polypseg/runs_repeat/unetpp_seed42_fold0rep2/best.pth,False
0.6983231538018916,0.5364796614778308,0.926891103113455,0.5601838654484029,0.28409576221930605,0.28409576221930605,2,173.51689785787636,36.149353720390906,1,1,1,1.0,1,1.0,0,210,cvc-clinicdb,unetpp,polypseg/runs_repeat/unetpp_seed42_fold0rep2/best.pth,False
0.7248994289230458,0.5685037285418149,0.9320697388343191,0.593076781437152,0.23096536476746032,0.23096536476746032,2,177.63936082966597,37.008200172847076,1,1,1,1.0,1,1.0,0,211,cvc-clinicdb,unetpp,polypseg/runs_repeat/unetpp_seed42_fold0rep2/best.pth,False
0.7732342007407826,0.6303030302994265,0.9616189811500208,0.6465689149522195,0.4616703616610341,0.4616703616610341,2,179.31240756036306,37.35675157507564,1,1,1,1.0,1,1.0,0,212,cvc-clinicdb,unetpp,polypseg/runs_repeat/unetpp_seed42_fold0rep2/best.pth,False
0.8509125709178654,0.7405116002335483,0.952847519894727,0.768679757930291,0.48155965993060135,0.48155965993060135,2,132.63845018433085,27.633010455068927,1,1,1,1.0,1,1.0,0,213,cvc-clinicdb,unetpp,polypseg/runs_repeat/unetpp_seed42_fold0rep2/best.pth,False
0.8846153846108841,0.793103448268627,0.9615129396044955,0.8191068400148943,0.5417669157754569,0.5417669157754569,2,109.54396746634495,22.821659888821863,1,1,1,1.0,1,1.0,0,214,cvc-clinicdb,unetpp,polypseg/runs_repeat/unetpp_seed42_fold0rep2/best.pth,False
0.970276733852456,0.9422694094137617,0.969850717133673,0.9707031249905204,0.739001528077561,0.739001528077561,2,4.123105625617661,0.858980338670346,1,1,1,1.0,1,1.0,0,215,cvc-clinicdb,unetpp,polypseg/runs_repeat/unetpp_seed42_fold0rep2/best.pth,False
0.9137123191072118,0.8411329109028083,0.931203515881244,0.8968660968587963,0.49253868122270716,0.49253868122270716,2,59.59435039974218,12.415489666612954,1,1,1,1.0,1,1.0,0,216,cvc-clinicdb,unetpp,polypseg/runs_repeat/unetpp_seed42_fold0rep2/best.pth,False
0.9651137213454528,0.9325794932755264,0.9407375643144018,0.9907867401229267,0.6570241892418457,0.6570241892418457,2,4.0,0.8333333333333334,1,1,1,1.0,1,1.0,0,217,cvc-clinicdb,unetpp,polypseg/runs_repeat/unetpp_seed42_fold0rep2/best.pth,False
0.952438956863117,0.9091966173265412,0.9109298877260015,0.9979115906601935,0.49170921319176375,0.49170921319176375,2,4.0,0.8333333333333334,1,1,1,1.0,1,1.0,0,218,cvc-clinicdb,unetpp,polypseg/runs_repeat/unetpp_seed42_fold0rep2/best.pth,False
0.8866652769030181,0.7964049431931544,0.8701582105718746,0.903810738052078,0.36972106628098617,0.36972106628098617,2,47.007732148835395,9.793277531007373,1,1,1,1.0,1,1.0,0,219,cvc-clinicdb,unetpp,polypseg/runs_repeat/unetpp_seed42_fold0rep2/best.pth,False
0.14775770894830753,0.0797723438570294,0.9251773811884503,0.08029033642438324,0.10296111551444367,0.10296111551444367,2,242.61574163814166,50.544946174612846,1,1,0,0.0,0,0.0,1,22,cvc-clinicdb,unetpp,polypseg/runs_repeat/unetpp_seed42_fold0rep2/best.pth,False
0.9406723169132399,0.8879899316632868,0.8879899316632868,0.999999999979753,0.6116634512911427,0.6116634512911427,2,4.17689640329339,0.870186750686123,1,1,1,1.0,1,1.0,0,220,cvc-clinicdb,unetpp,polypseg/runs_repeat/unetpp_seed42_fold0rep2/best.pth,False
0.9011709601768012,0.8201193520711825,0.8579710144736239,0.9489519111973131,0.49328564721762763,0.49328564721762763,2,25.82158625043521,5.379497135507336,1,1,1,1.0,1,1.0,0,221,cvc-clinicdb,unetpp,polypseg/runs_repeat/unetpp_seed42_fold0rep2/best.pth,False
0.9088514225380815,0.8329309512111799,0.8329309512111799,0.9999999999710145,0.29725264059535084,0.29725264059535084,2,4.0,0.8333333333333334,1,1,1,1.0,1,1.0,0,222,cvc-clinicdb,unetpp,polypseg/runs_repeat/unetpp_seed42_fold0rep2/best.pth,False
0.9130137921492146,0.8399497487226144,0.8410062892870187,0.9985065710573923,0.5699216732285409,0.5699216732285409,2,7.0710678118654755,1.473139127471974,1,1,1,1.0,1,1.0,0,223,cvc-clinicdb,unetpp,polypseg/runs_repeat/unetpp_seed42_fold0rep2/best.pth,False
0.9274961065767867,0.8647950951640918,0.8647950951640918,0.9999999999626866,0.6681361243900107,0.6681361243900107,2,5.0,1.0416666666666667,1,1,1,1.0,1,1.0,0,224,cvc-clinicdb,unetpp,polypseg/runs_repeat/unetpp_seed42_fold0rep2/best.pth,False
0.9386951630914132,0.8844727079786838,0.8856460599393567,0.9985043373916093,0.7640221834558499,0.7640221834558499,2,3.605551275463989,0.7511565157216644,1,1,1,1.0,1,1.0,0,225,cvc-clinicdb,unetpp,polypseg/runs_repeat/unetpp_seed42_fold0rep2/best.pth,False
0.9525293255044672,0.909361329817859,0.9141600703445178,0.9942605700976801,0.752112626075782,0.752112626075782,2,5.830951894845301,1.2147816447594377,1,1,1,1.0,1,1.0,0,226,cvc-clinicdb,unetpp,polypseg/runs_repeat/unetpp_seed42_fold0rep2/best.pth,False
0.9340590979637005,0.8762766267617077,0.8767883211422836,0.9993344425624182,0.6879249335503561,0.6879249335503561,2,5.0,1.0416666666666667,1,1,1,1.0,1,1.0,0,227,cvc-clinicdb,unetpp,polypseg/runs_repeat/unetpp_seed42_fold0rep2/best.pth,False
0.8983268983213928,0.8154205607385911,0.9310213414515877,0.8678507992792438,0.3712494153813934,0.3712494153813934,2,25.0,5.208333333333333,1,1,1,1.0,1,1.0,0,228,cvc-clinicdb,unetpp,polypseg/runs_repeat/unetpp_seed42_fold0rep2/best.pth,False
0.8851263349773044,0.7939252336355849,0.9833598610767854,0.8047365304818859,0.33197753287025017,0.33197753287025017,2,36.95277563773198,7.6984949245274965,1,1,1,1.0,1,1.0,0,229,cvc-clinicdb,unetpp,polypseg/runs_repeat/unetpp_seed42_fold0rep2/best.pth,False
0.7526906608014057,0.6034514752250754,0.9981583793677216,0.6041240943689239,0.359294982297383,0.359294982297383,2,47.96347421244832,9.992390460926734,1,1,1,1.0,1,1.0,0,23,cvc-clinicdb,unetpp,polypseg/runs_repeat/unetpp_seed42_fold0rep2/best.pth,False
0.8402201100529259,0.724465148375067,0.9463068341825099,0.7555215689768543,0.2274378804162969,0.2274378804162969,2,57.98085826524128,12.079345471925267,1,1,1,1.0,1,1.0,0,230,cvc-clinicdb,unetpp,polypseg/runs_repeat/unetpp_seed42_fold0rep2/best.pth,False
0.8476948253460649,0.7356513222295021,0.9255699322185732,0.7819071413659072,0.30490195764507166,0.30490195764507166,2,61.9864037304463,12.913834110509645,1,1,1,1.0,1,1.0,0,231,cvc-clinicdb,unetpp,polypseg/runs_repeat/unetpp_seed42_fold0rep2/best.pth,False
0.8815043949622323,0.788116100762387,0.9736806495197992,0.8052711096144296,0.45602265746023257,0.45602265746023257,2,32.33216307696764,6.735867307701592,1,1,1,1.0,1,1.0,0,232,cvc-clinicdb,unetpp,polypseg/runs_repeat/unetpp_seed42_fold0rep2/best.pth,False
0.9125377994855998,0.8391443850222505,0.9765994523215297,0.8563632394626918,0.43576260398514993,0.43576260398514993,2,25.15524541590881,5.240676128314335,1,1,1,1.0,1,1.0,0,233,cvc-clinicdb,unetpp,polypseg/runs_repeat/unetpp_seed42_fold0rep2/best.pth,False
0.9265720609265506,0.8631898120020425,0.9782145556939165,0.8801088233421127,0.5294107232663593,0.5294107232663593,2,21.470910553583888,4.473106365329977,1,1,1,1.0,1,1.0,0,234,cvc-clinicdb,unetpp,polypseg/runs_repeat/unetpp_seed42_fold0rep2/best.pth,False
0.9182251558455511,0.8488135593162792,0.9635957823369229,0.8769349303013453,0.33975113483757,0.33975113483757,2,14.173876274650372,2.952890890552161,1,1,1,1.0,1,1.0,0,235,cvc-clinicdb,unetpp,polypseg/runs_repeat/unetpp_seed42_fold0rep2/best.pth,False
0.9444739638640433,0.8947898313541841,0.9692811051443307,0.9209049304816431,0.5073290902459403,0.5073290902459403,2,9.899494936611665,2.0623947784607637,1,1,1,1.0,1,1.0,0,236,cvc-clinicdb,unetpp,polypseg/runs_repeat/unetpp_seed42_fold0rep2/best.pth,False
0.9241772023152758,0.859042218016011,0.8675703194548328,0.9886866342665263,0.27149443045321026,0.27149443045321026,2,13.22208164168211,2.754600342017106,1,1,1,1.0,1,1.0,0,237,cvc-clinicdb,unetpp,polypseg/runs_repeat/unetpp_seed42_fold0rep2/best.pth,False
0.943837513459979,0.8936480186415089,0.9574650745262041,0.9305924296371797,0.6088882313663694,0.6088882313663694,2,24.222842463969954,5.046425513327074,1,1,1,1.0,1,1.0,0,238,cvc-clinicdb,unetpp,polypseg/runs_repeat/unetpp_seed42_fold0rep2/best.pth,False
0.9431853222288653,0.8924793930929135,0.9671172239272222,0.9204092379378589,0.6124967208846264,0.6124967208846264,2,14.142135623730951,2.946278254943948,1,1,1,1.0,1,1.0,0,239,cvc-clinicdb,unetpp,polypseg/runs_repeat/unetpp_seed42_fold0rep2/best.pth,False
0.913639495376889,0.8410094913141714,0.9911851126295624,0.8473470826685733,0.6982841581297361,0.6982841581297361,2,26.0,5.416666666666667,1,1,1,1.0,1,1.0,0,24,cvc-clinicdb,unetpp,polypseg/runs_repeat/unetpp_seed42_fold0rep2/best.pth,False
0.9655172413754254,0.9333333333260728,0.9826371826291348,0.9489836272961403,0.7641791748102281,0.7641791748102281,2,12.037370688117552,2.5077855600244896,1,1,1,1.0,1,1.0,0,240,cvc-clinicdb,unetpp,polypseg/runs_repeat/unetpp_seed42_fold0rep2/best.pth,False
0.9061356545818814,0.8283802816843071,0.9767499792329423,0.8450431034422051,0.5474628734969448,0.5474628734969448,2,38.88177920818428,8.100370668371724,1,1,1,1.0,1,1.0,0,241,cvc-clinicdb,unetpp,polypseg/runs_repeat/unetpp_seed42_fold0rep2/best.pth,False
0.5192469794857024,0.3506641366197293,0.995689655150955,0.35119726339527785,0.20346315683646427,0.20346315683646427,2,89.25296012143197,18.594366691964993,1,1,1,1.0,0,0.0,0,242,cvc-clinicdb,unetpp,polypseg/runs_repeat/unetpp_seed42_fold0rep2/best.pth,False
0.892963580335945,0.8066252965796074,0.9147262754743378,0.8722123544417583,0.45071816616694726,0.45071816616694726,2,37.8549864614954,7.8864555128115414,1,1,1,1.0,1,1.0,0,243,cvc-clinicdb,unetpp,polypseg/runs_repeat/unetpp_seed42_fold0rep2/best.pth,False
0.9063250600432008,0.8286969253213401,0.9108464756902601,0.9018483110165514,0.4730349590036092,0.4730349590036092,2,32.04839371478323,6.67674869057984,1,1,1,1.0,1,1.0,0,244,cvc-clinicdb,unetpp,polypseg/runs_repeat/unetpp_seed42_fold0rep2/best.pth,False
0.9038448899053313,0.8245592996663321,0.9352557127185085,0.8744753910609885,0.5411476026447225,0.5411476026447225,2,29.10284773945911,6.063093279053982,1,1,1,1.0,1,1.0,0,245,cvc-clinicdb,unetpp,polypseg/runs_repeat/unetpp_seed42_fold0rep2/best.pth,False
0.0,0.0,0.0,0.0,0.0,0.0,2,,,1,0,0,0.0,0,0.0,0,246,cvc-clinicdb,unetpp,polypseg/runs_repeat/unetpp_seed42_fold0rep2/best.pth,False
0.8517440789684638,0.7417719894736525,0.9518399604762341,0.7706972403628136,0.36952158669645513,0.36952158669645513,2,54.2502394797646,11.302133224950959,1,1,1,1.0,1,1.0,0,247,cvc-clinicdb,unetpp,polypseg/runs_repeat/unetpp_seed42_fold0rep2/best.pth,False
0.8964319545275637,0.8123032904090679,0.9488636363557079,0.8494913225549858,0.45515979869500306,0.45515979869500306,2,35.410427361434735,7.37717236696557,1,1,1,1.0,1,1.0,0,248,cvc-clinicdb,unetpp,polypseg/runs_repeat/unetpp_seed42_fold0rep2/best.pth,False
0.9322079797755362,0.8730239242465717,0.8994077686735811,0.9674910998597761,0.5866398916010597,0.5866398916010597,2,12.467244694190159,2.5973426446229495,1,1,1,1.0,1,1.0,0,249,cvc-clinicdb,unetpp,polypseg/runs_repeat/unetpp_seed42_fold0rep2/best.pth,False
0.11223085790764153,0.059451579859626014,0.9921104536163015,0.059479700433465746,0.1881086513630664,0.1881086513630664,2,236.35639116542688,49.240914826130606,1,1,0,0.0,0,0.0,1,25,cvc-clinicdb,unetpp,polypseg/runs_repeat/unetpp_seed42_fold0rep2/best.pth,False
0.890275761969568,0.8022495422373157,0.8767867352689461,0.9041863207458314,0.43127726913082626,0.43127726913082626,2,22.0,4.583333333333333,1,1,1,1.0,1,1.0,0,250,cvc-clinicdb,unetpp,polypseg/runs_repeat/unetpp_seed42_fold0rep2/best.pth,False
0.8583751770255029,0.7518890267198388,0.8829294133110458,0.8351496930873713,0.4629313496892327,0.4629313496892327,2,30.09292216529508,6.269358784436474,1,1,1,1.0,1,1.0,0,251,cvc-clinicdb,unetpp,polypseg/runs_repeat/unetpp_seed42_fold0rep2/best.pth,False
0.8719146947581804,0.7729155682701444,0.8415614236440744,0.9045394446813173,0.491807182279382,0.491807182279382,2,30.0565955636325,6.261790742423438,1,1,1,1.0,1,1.0,0,252,cvc-clinicdb,unetpp,polypseg/runs_repeat/unetpp_seed42_fold0rep2/best.pth,False
0.9399874187440973,0.8867700585500602,0.9740982181617813,0.9081847649882164,0.6375474509594551,0.6375474509594551,2,22.420784346105606,4.6709967387720015,1,1,1,1.0,1,1.0,0,253,cvc-clinicdb,unetpp,polypseg/runs_repeat/unetpp_seed42_fold0rep2/best.pth,False
0.7694840269541399,0.6253344481579208,0.9696616102620921,0.6378134061033693,0.27450411496544114,0.27450411496544114,2,86.40190803077935,18.000397506412366,1,1,1,1.0,1,1.0,0,254,cvc-clinicdb,unetpp,polypseg/runs_repeat/unetpp_seed42_fold0rep2/best.pth,False
0.9447904103159357,0.8953580592447149,0.9852661840906347,0.9075089842968247,0.670362511658101,0.670362511658101,2,19.7913991782326,4.1232081621317915,1,1,1,1.0,1,1.0,0,255,cvc-clinicdb,unetpp,polypseg/runs_repeat/unetpp_seed42_fold0rep2/best.pth,False
0.8157942970835648,0.6888957679180608,0.991787101286103,0.6928482476396867,0.2803503880475684,0.2803503880475684,2,59.370863927446415,12.36892998488467,1,1,1,1.0,1,1.0,0,256,cvc-clinicdb,unetpp,polypseg/runs_repeat/unetpp_seed42_fold0rep2/best.pth,False
0.929711773325003,0.8686555174144868,0.9774426822213105,0.8864254573876125,0.6467096724647807,0.6467096724647807,2,30.273339676033466,6.306945765840306,1,1,1,1.0,1,1.0,0,257,cvc-clinicdb,unetpp,polypseg/runs_repeat/unetpp_seed42_fold0rep2/best.pth,False
0.9394549429596306,0.8858227538029725,0.9659900284857282,0.9143386845282335,0.5788985964533023,0.5788985964533023,2,21.213203435596427,4.419417382415921,1,1,1,1.0,1,1.0,0,258,cvc-clinicdb,unetpp,polypseg/runs_repeat/unetpp_seed42_fold0rep2/best.pth,False
0.933391342177652,0.8751019742173474,0.9891650145189305,0.8835715168202151,0.6618329525063602,0.6618329525063602,2,24.08318915758459,5.0173310744967905,1,1,1,1.0,1,1.0,0,259,cvc-clinicdb,unetpp,polypseg/runs_repeat/unetpp_seed42_fold0rep2/best.pth,False
0.898604651134927,0.8158783783324393,0.8200339558109772,0.9938271604256633,0.6175915122476116,0.6175915122476116,2,5.0,1.0416666666666667,1,1,1,1.0,1,1.0,0,26,cvc-clinicdb,unetpp,polypseg/runs_repeat/unetpp_seed42_fold0rep2/best.pth,False
0.8003681225728774,0.6671781049111873,0.991068128612843,0.6712140175191021,0.5162663082704022,0.5162663082704022,2,65.08375577844613,13.559115787176276,1,1,1,1.0,1,1.0,0,260,cvc-clinicdb,unetpp,polypseg/runs_repeat/unetpp_seed42_fold0rep2/best.pth,False
0.8577542932606136,0.7509367627295603,0.989696378484394,0.7568537858972545,0.5680367130627626,0.5680367130627626,2,39.00256368125246,8.125534100260928,1,1,1,1.0,1,1.0,0,261,cvc-clinicdb,unetpp,polypseg/runs_repeat/unetpp_seed42_fold0rep2/best.pth,False
0.8993158084231209,0.8170516259843156,0.9904029187738704,0.8235720881095926,0.6043532441825683,0.6043532441825683,2,31.755287671495005,6.615684931561459,1,1,1,1.0,1,1.0,0,262,cvc-clinicdb,unetpp,polypseg/runs_repeat/unetpp_seed42_fold0rep2/best.pth,False
0.1497145613881988,0.0809143055789943,0.8268206038342077,0.08230925647526911,0.21089743416010828,0.21089743416010828,2,174.51700156641857,36.357708659670536,1,2,0,0.0,0,0.0,2,263,cvc-clinicdb,unetpp,polypseg/runs_repeat/unetpp_seed42_fold0rep2/best.pth,False
0.8442530038520873,0.7304825421705355,0.9926431389220991,0.7344588198140799,0.5094303442743539,0.5094303442743539,2,61.28090217931425,12.76685462069047,1,1,1,1.0,1,1.0,0,264,cvc-clinicdb,unetpp,polypseg/runs_repeat/unetpp_seed42_fold0rep2/best.pth,False
0.8918228462229411,0.8047655947276064,0.9888127201704807,0.8121603128022985,0.5945122417507356,0.5945122417507356,2,44.92157482301836,9.358661421462159,1,1,1,1.0,1,1.0,0,265,cvc-clinicdb,unetpp,polypseg/runs_repeat/unetpp_seed42_fold0rep2/best.pth,False
0.9322281813731209,0.8730593607274043,0.9724143542966376,0.8952316739675048,0.6496156248301084,0.6496156248301084,2,29.68164415931166,6.183675866523262,1,1,1,1.0,1,1.0,0,266,cvc-clinicdb,unetpp,polypseg/runs_repeat/unetpp_seed42_fold0rep2/best.pth,False
0.9005053244614141,0.8190174491025186,0.9914503048909822,0.8248430962299955,0.389294132923887,0.389294132923887,2,22.43317120650801,4.673577334689169,1,1,1,1.0,1,1.0,0,267,cvc-clinicdb,unetpp,polypseg/runs_repeat/unetpp_seed42_fold0rep2/best.pth,False
0.7174019924939387,0.5593350280411599,0.9983435361829431,0.559854604198062,0.09876825361648975,0.09876825361648975,2,37.55327374907956,7.823598697724908,1,2,1,1.0,1,1.0,1,268,cvc-clinicdb,unetpp,polypseg/runs_repeat/unetpp_seed42_fold0rep2/best.pth,False
0.5518818558837478,0.3811027837238699,0.9229871645154546,0.3936193740993386,0.3594232343982543,0.3594232343982543,2,98.16698795572404,20.451455824109175,1,1,1,1.0,0,0.0,0,269,cvc-clinicdb,unetpp,polypseg/runs_repeat/unetpp_seed42_fold0rep2/best.pth,False
0.935056746502678,0.8780343397940773,0.8816884660593526,0.99530201335602,0.8089589011475378,0.8089589011475378,2,3.0,0.625,1,1,1,1.0,1,1.0,0,27,cvc-clinicdb,unetpp,polypseg/runs_repeat/unetpp_seed42_fold0rep2/best.pth,False
0.7282041506809116,0.5725794364486938,0.7361144563768192,0.7204620462012237,0.4057068703502112,0.4057068703502112,2,59.59772821454992,12.416193378031233,1,1,1,1.0,1,1.0,0,270,cvc-clinicdb,unetpp,polypseg/runs_repeat/unetpp_seed42_fold0rep2/best.pth,False
0.922316025941298,0.8558316242448447,0.988735676826612,0.8642583098466565,0.6196373961883953,0.6196373961883953,2,46.49642115923162,9.686754408173254,1,1,1,1.0,1,1.0,0,271,cvc-clinicdb,unetpp,polypseg/runs_repeat/unetpp_seed42_fold0rep2/best.pth,False
0.8952912960307002,0.8104320105507024,0.96161998238836,0.8375223651675967,0.4694109057250559,0.4694109057250559,2,57.14023758264316,11.904216163050657,1,1,1,1.0,1,1.0,0,272,cvc-clinicdb,unetpp,polypseg/runs_repeat/unetpp_seed42_fold0rep2/best.pth,False
0.9070611219632517,0.8299284984651751,0.9835445432154963,0.8416146052476561,0.5171865095371104,0.5171865095371104,2,45.617978911828175,9.50374560663087,1,2,1,1.0,1,1.0,1,273,cvc-clinicdb,unetpp,polypseg/runs_repeat/unetpp_seed42_fold0rep2/best.pth,False
0.9148123247447406,0.8429991840163106,0.9796305401384433,0.8580393121878309,0.534319142946481,0.534319142946481,2,27.586228448267445,5.747130926722384,1,1,1,1.0,1,1.0,0,274,cvc-clinicdb,unetpp,polypseg/runs_repeat/unetpp_seed42_fold0rep2/best.pth,False
0.8014747979004706,0.6687175175761666,0.9885882153494797,0.6739197411974354,0.5004248442101901,0.5004248442101901,2,62.617442133374844,13.045300444453092,1,1,1,1.0,1,1.0,0,275,cvc-clinicdb,unetpp,polypseg/runs_repeat/unetpp_seed42_fold0rep2/best.pth,False
0.9138037036103736,0.8412878101755058,0.9983342289038241,0.8424704121849976,0.5793141797239888,0.5793141797239888,2,55.982101517690445,11.66293781618551,1,1,1,1.0,1,1.0,0,276,cvc-clinicdb,unetpp,polypseg/runs_repeat/unetpp_seed42_fold0rep2/best.pth,False
0.9068267273762226,0.8295361312664592,0.9532927182988592,0.8646799552604125,0.5607489137433359,0.5607489137433359,2,42.03807366660582,8.75793201387621,1,1,1,1.0,1,1.0,0,277,cvc-clinicdb,unetpp,polypseg/runs_repeat/unetpp_seed42_fold0rep2/best.pth,False
0.859190751425221,0.7531414673387459,0.9528205127716501,0.7823157894407446,0.575331766051259,0.575331766051259,2,14.541322061754876,3.029442096198933,1,1,1,1.0,1,1.0,0,278,cvc-clinicdb,unetpp,polypseg/runs_repeat/unetpp_seed42_fold0rep2/best.pth,False
0.9580681392557456,0.9195113186877646,0.9834742505386829,0.9339416058053307,0.8312273679796042,0.8312273679796042,2,3.605551275463989,0.7511565157216644,1,1,1,1.0,1,1.0,0,279,cvc-clinicdb,unetpp,polypseg/runs_repeat/unetpp_seed42_fold0rep2/best.pth,False
0.9218650743117537,0.8550553853204088,0.8662846227109292,0.9850665218304354,0.6524771877964742,0.6524771877964742,2,7.0,1.4583333333333333,1,1,1,1.0,1,1.0,0,28,cvc-clinicdb,unetpp,polypseg/runs_repeat/unetpp_seed42_fold0rep2/best.pth,False
0.930492285070823,0.8700192360299528,0.8743441038145722,0.9943467336371122,0.6215068708981744,0.6215068708981744,2,5.094068537913144,1.061264278731905,1,1,1,1.0,1,1.0,0,280,cvc-clinicdb,unetpp,polypseg/runs_repeat/unetpp_seed42_fold0rep2/best.pth,False
0.9350213150634928,0.8779718582999037,0.885057471242723,0.990963855394552,0.7043051120737689,0.7043051120737689,2,8.05914486088362,1.6789885126840878,1,1,1,1.0,1,1.0,0,281,cvc-clinicdb,unetpp,polypseg/runs_repeat/unetpp_seed42_fold0rep2/best.pth,False
0.9441741950319182,0.8942518648333864,0.8985890652359217,0.9946315275501555,0.6958339535756349,0.6958339535756349,2,6.907779066150732,1.4391206387814026,1,1,1,1.0,1,1.0,0,282,cvc-clinicdb,unetpp,polypseg/runs_repeat/unetpp_seed42_fold0rep2/best.pth,False
0.9428437573091725,0.8918679370509225,0.9004474272729207,0.9894296951575854,0.718291905687702,0.718291905687702,2,6.4031242374328485,1.3339842161318434,1,1,1,1.0,1,1.0,0,283,cvc-clinicdb,unetpp,polypseg/runs_repeat/unetpp_seed42_fold0rep2/best.pth,False
0.8274526082630766,0.705687986766446,0.7225712904610302,0.9679507931056022,0.46587387123388796,0.46587387123388796,2,19.196126346572175,3.9991929888692033,1,1,1,1.0,1,1.0,0,284,cvc-clinicdb,unetpp,polypseg/runs_repeat/unetpp_seed42_fold0rep2/best.pth,False
0.8767160527269714,0.7804937076287393,0.8135721493235729,0.9504862952858684,0.5173978340212577,0.5173978340212577,2,61.98386886924694,12.913306014426446,1,2,1,1.0,1,1.0,1,285,cvc-clinicdb,unetpp,polypseg/runs_repeat/unetpp_seed42_fold0rep2/best.pth,False
0.8550556586171723,0.7468098035092807,0.7527562270160728,0.9895330112455842,0.5013296925557168,0.5013296925557168,2,14.560219778561036,3.033379120533549,1,1,1,1.0,1,1.0,0,286,cvc-clinicdb,unetpp,polypseg/runs_repeat/unetpp_seed42_fold0rep2/best.pth,False
0.9273743016633414,0.8645833333113673,0.8880480166782869,0.970345024209571,0.638978463080411,0.638978463080411,2,6.379553562304021,1.3290736588133378,1,1,1,1.0,1,1.0,0,287,cvc-clinicdb,unetpp,polypseg/runs_repeat/unetpp_seed42_fold0rep2/best.pth,False
0.9217054263446808,0.8547807332649227,0.8846726190256778,0.9619741100064193,0.5611172684367574,0.5611172684367574,2,6.215748564819419,1.2949476176707122,1,1,1,1.0,1,1.0,0,288,cvc-clinicdb,unetpp,polypseg/runs_repeat/unetpp_seed42_fold0rep2/best.pth,False
0.9603456256602323,0.9237162362444727,0.9610870907671066,0.9596053037015232,0.9075498261289461,0.9075498261289461,2,2.23606797749979,0.4658474953124562,1,1,1,1.0,1,1.0,0,289,cvc-clinicdb,unetpp,polypseg/runs_repeat/unetpp_seed42_fold0rep2/best.pth,False
0.945384035323221,0.8964249233729025,0.9045557616799721,0.9900722021437258,0.678363450133493,0.678363450133493,2,5.0,1.0416666666666667,1,1,1,1.0,1,1.0,0,29,cvc-clinicdb,unetpp,polypseg/runs_repeat/unetpp_seed42_fold0rep2/best.pth,False
0.9502819066901517,0.9052734374557972,0.9205561072035473,0.9819915253717165,0.8498071754984168,0.8498071754984168,2,5.0,1.0416666666666667,1,1,1,1.0,1,1.0,0,290,cvc-clinicdb,unetpp,polypseg/runs_repeat/unetpp_seed42_fold0rep2/best.pth,False
0.9244808055089843,0.8595669981942909,0.9620170267870323,0.8897637794736666,0.8221229137574244,0.8221229137574244,2,6.312465680834829,1.3150970168405893,1,1,1,1.0,1,1.0,0,291,cvc-clinicdb,unetpp,polypseg/runs_repeat/unetpp_seed42_fold0rep2/best.pth,False
0.8944954128253859,0.8091286306748726,0.8986175114830911,0.8904109588671478,0.5733156699619099,0.5733156699619099,2,8.0,1.6666666666666667,1,1,1,1.0,1,1.0,0,292,cvc-clinicdb,unetpp,polypseg/runs_repeat/unetpp_seed42_fold0rep2/best.pth,False
0.9644629207326745,0.931364931340809,0.9413612565198597,0.9887269727525784,0.8360255218368117,0.8360255218368117,2,3.0,0.625,1,1,1,1.0,1,1.0,0,293,cvc-clinicdb,unetpp,polypseg/runs_repeat/unetpp_seed42_fold0rep2/best.pth,False
0.9637570188748883,0.9300492610608363,0.933959930721396,0.9955180595571971,0.933985534558168,0.933985534558168,2,3.25,0.6770833333333334,1,1,1,1.0,1,1.0,0,294,cvc-clinicdb,unetpp,polypseg/runs_repeat/unetpp_seed42_fold0rep2/best.pth,False
0.9493362232328727,0.9035585353041888,0.9192025183389506,0.9815126050145235,0.7834984097464105,0.7834984097464105,2,4.0,0.8333333333333334,1,1,1,1.0,1,1.0,0,295,cvc-clinicdb,unetpp,polypseg/runs_repeat/unetpp_seed42_fold0rep2/best.pth,False
0.9403145103477428,0.8873524451640017,0.9208960447700072,0.9605695508959267,0.8473168559685899,0.8473168559685899,2,3.605551275463989,0.7511565157216644,1,1,1,1.0,1,1.0,0,296,cvc-clinicdb,unetpp,polypseg/runs_repeat/unetpp_seed42_fold0rep2/best.pth,False
0.9488974448556371,0.9027639027338408,0.9403399236579834,0.9576121511495016,0.832681732642723,0.832681732642723,2,3.0,0.625,1,1,1,1.0,1,1.0,0,297,cvc-clinicdb,unetpp,polypseg/runs_repeat/unetpp_seed42_fold0rep2/best.pth,False
0.9618817122904108,0.9265627276566143,0.9866563227154902,0.9383207908965867,0.8289637453214722,0.8289637453214722,2,5.0,1.0416666666666667,1,1,1,1.0,1,1.0,0,298,cvc-clinicdb,unetpp,polypseg/runs_repeat/unetpp_seed42_fold0rep2/best.pth,False
0.970088681783104,0.9419147693828981,0.9604166666380829,0.9799574855457044,0.9692585395119202,0.9692585395119202,2,2.0,0.4166666666666667,1,1,1,1.0,1,1.0,0,299,cvc-clinicdb,unetpp,polypseg/runs_repeat/unetpp_seed42_fold0rep2/best.pth,False
0.6814727463290046,0.5168438835311694,0.9876566653913059,0.52020404080556,0.5865945674481159,0.5865945674481159,2,63.68829981957982,13.268395795745795,1,1,1,1.0,1,1.0,0,3,cvc-clinicdb,unetpp,polypseg/runs_repeat/unetpp_seed42_fold0rep2/best.pth,False
0.9675593294090596,0.9371573175776343,0.9514022693111602,0.9842746400776935,0.7533420384268728,0.7533420384268728,2,5.385164807134504,1.1219093348196882,1,1,1,1.0,1,1.0,0,30,cvc-clinicdb,unetpp,polypseg/runs_repeat/unetpp_seed42_fold0rep2/best.pth,False
0.9395709104263873,0.8860289854969735,0.9658746208169127,0.9146618791033553,0.6874701520574631,0.6874701520574631,2,20.34328017429225,4.238183369644219,1,1,1,1.0,1,1.0,0,300,cvc-clinicdb,unetpp,polypseg/runs_repeat/unetpp_seed42_fold0rep2/best.pth,False
0.9320388349433041,0.8727272727129775,0.978512396676244,0.8897795591033771,0.6993086663728972,0.6993086663728972,2,20.236033894750754,4.2158403947397405,1,1,1,1.0,1,1.0,0,301,cvc-clinicdb,unetpp,polypseg/runs_repeat/unetpp_seed42_fold0rep2/best.pth,False
0.9591274397189488,0.9214648135790705,0.9784492855355065,0.9405539292846142,0.8216125055696899,0.8216125055696899,2,17.758912138457816,3.699773362178712,1,1,1,1.0,1,1.0,0,302,cvc-clinicdb,unetpp,polypseg/runs_repeat/unetpp_seed42_fold0rep2/best.pth,False
0.9162622612239738,0.845464939016335,0.992062604796064,0.8512230215745685,0.4264521880341034,0.4264521880341034,2,26.285884643032762,5.476225967298492,1,1,1,1.0,1,1.0,0,303,cvc-clinicdb,unetpp,polypseg/runs_repeat/unetpp_seed42_fold0rep2/best.pth,False
0.9433252753105381,0.8927300457458797,0.988182329758152,0.9023638232178585,0.7313967005480506,0.7313967005480506,2,13.26520664316135,2.763584717325281,1,1,1,1.0,1,1.0,0,304,cvc-clinicdb,unetpp,polypseg/runs_repeat/unetpp_seed42_fold0rep2/best.pth,False
0.9217774787871519,0.8549046793701566,0.9909200482041709,0.861654555611643,0.6279043008891629,0.6279043008891629,2,20.77968345889534,4.329100720603196,1,1,1,1.0,1,1.0,0,305,cvc-clinicdb,unetpp,polypseg/runs_repeat/unetpp_seed42_fold0rep2/best.pth,False
0.9406702898531359,0.8879863189362664,0.9999999999956231,0.8879863189362664,0.42182552918832766,0.42182552918832766,2,22.593846016881425,4.707051253516964,1,1,1,1.0,1,1.0,0,306,cvc-clinicdb,unetpp,polypseg/runs_repeat/unetpp_seed42_fold0rep2/best.pth,False
0.9475808343847784,0.9003834834486721,0.9818146455219117,0.915653908934195,0.5670158281044012,0.5670158281044012,2,7.0710678118654755,1.473139127471974,1,1,1,1.0,1,1.0,0,307,cvc-clinicdb,unetpp,polypseg/runs_repeat/unetpp_seed42_fold0rep2/best.pth,False
0.9550646102502914,0.9139939364854476,0.9191270860003279,0.9939267742408994,0.43543955878613944,0.43543955878613944,2,5.094068537913144,1.061264278731905,1,1,1,1.0,1,1.0,0,308,cvc-clinicdb,unetpp,polypseg/runs_repeat/unetpp_seed42_fold0rep2/best.pth,False
0.9013198146936341,0.8203659506631604,0.8219352781632084,0.9976780185565465,0.5382681704366897,0.5382681704366897,2,18.365724718735144,3.8261926497364884,1,1,1,1.0,1,1.0,0,309,cvc-clinicdb,unetpp,polypseg/runs_repeat/unetpp_seed42_fold0rep2/best.pth,False
0.9647699686129151,0.9319377716663012,0.9539812646258315,0.9758054856752209,0.7576195836787075,0.7576195836787075,2,5.0,1.0416666666666667,1,1,1,1.0,1,1.0,0,31,cvc-clinicdb,unetpp,polypseg/runs_repeat/unetpp_seed42_fold0rep2/best.pth,False
0.9540622627001887,0.9121597095857655,0.9211876832506897,0.989370078701206,0.8230645258738428,0.8230645258738428,2,3.1622776601683795,0.6588078458684125,1,1,1,1.0,1,1.0,0,310,cvc-clinicdb,unetpp,polypseg/runs_repeat/unetpp_seed42_fold0rep2/best.pth,False
0.9527777777612365,0.9098143235772609,0.9491525423400501,0.9564308120963252,0.8630577015869367,0.8630577015869367,2,3.1217082451262845,0.6503558844013092,1,1,1,1.0,1,1.0,0,311,cvc-clinicdb,unetpp,polypseg/runs_repeat/unetpp_seed42_fold0rep2/best.pth,False
0.8428865979033862,0.728439059107025,0.890243902361477,0.8003132340798501,0.5984336234580455,0.5984336234580455,2,11.081000340567671,2.3085417376182646,1,1,1,1.0,1,1.0,0,312,cvc-clinicdb,unetpp,polypseg/runs_repeat/unetpp_seed42_fold0rep2/best.pth,False
0.9129548306076462,0.839849949490119,0.9547318353131913,0.8746806911964736,0.659279892465755,0.659279892465755,2,18.900634893825057,3.937632269546887,1,1,1,1.0,1,1.0,0,313,cvc-clinicdb,unetpp,polypseg/runs_repeat/unetpp_seed42_fold0rep2/best.pth,False
0.9676843420760121,0.9373919059041,0.9977908689126437,0.9393414211329942,0.8363246008601051,0.8363246008601051,2,6.0,1.25,1,1,1,1.0,1,1.0,0,314,cvc-clinicdb,unetpp,polypseg/runs_repeat/unetpp_seed42_fold0rep2/best.pth,False
0.9900124843920349,0.9802224969049185,0.9942825618085446,0.9857789269504958,0.9843929999856904,0.9843929999856904,2,2.0,0.4166666666666667,1,1,1,1.0,1,1.0,0,315,cvc-clinicdb,unetpp,polypseg/runs_repeat/unetpp_seed42_fold0rep2/best.pth,False
0.9773166705950211,0.9556395831382593,0.9780392650359362,0.9765951430964261,0.6904875690670415,0.6904875690670415,2,7.0710678118654755,1.473139127471974,1,1,1,1.0,1,1.0,0,316,cvc-clinicdb,unetpp,polypseg/runs_repeat/unetpp_seed42_fold0rep2/best.pth,False
0.9655260469836391,0.9333497901695054,0.9859191655737554,0.945959469596285,0.7159563190127197,0.7159563190127197,2,9.899494936611665,2.0623947784607637,1,1,1,1.0,1,1.0,0,317,cvc-clinicdb,unetpp,polypseg/runs_repeat/unetpp_seed42_fold0rep2/best.pth,False
0.9504237287934233,0.9055308840974756,0.9709956709536366,0.930705394152253,0.8695651673978527,0.8695651673978527,2,4.123105625617661,0.858980338670346,1,1,1,1.0,1,1.0,0,318,cvc-clinicdb,unetpp,polypseg/runs_repeat/unetpp_seed42_fold0rep2/best.pth,False
0.9542916957265476,0.9125792458821296,0.91624790616696,0.9956315980707816,0.858731964027077,0.858731964027077,2,3.0,0.625,1,1,1,1.0,1,1.0,0,319,cvc-clinicdb,unetpp,polypseg/runs_repeat/unetpp_seed42_fold0rep2/best.pth,False
0.9659254683911574,0.9340965654461513,0.9497924891087175,0.9826159807206762,0.7154988884399223,0.7154988884399223,2,6.1190314488039945,1.274798218500832,1,1,1,1.0,1,1.0,0,32,cvc-clinicdb,unetpp,polypseg/runs_repeat/unetpp_seed42_fold0rep2/best.pth,False
0.9520089285608034,0.9084132055184577,0.9195774040336443,0.9868116612450992,0.7889792862587953,0.7889792862587953,2,3.605551275463989,0.7511565157216644,1,1,1,1.0,1,1.0,0,320,cvc-clinicdb,unetpp,polypseg/runs_repeat/unetpp_seed42_fold0rep2/best.pth,False
0.9394296488259923,0.8857777777646552,0.8864343958356348,0.9991644384859766,0.40618295801896537,0.40618295801896537,2,4.242640687119285,0.8838834764831843,1,1,1,1.0,1,1.0,0,321,cvc-clinicdb,unetpp,polypseg/runs_repeat/unetpp_seed42_fold0rep2/best.pth,False
0.963787295470622,0.9301056542327863,0.9367399438618248,0.9924430128717487,0.7118967488538833,0.7118967488538833,2,3.605551275463989,0.7511565157216644,1,1,1,1.0,1,1.0,0,322,cvc-clinicdb,unetpp,polypseg/runs_repeat/unetpp_seed42_fold0rep2/best.pth,False
0.9501291863649874,0.9049962852813428,0.9159695460013537,0.986935385851864,0.4372224759731652,0.4372224759731652,2,5.0,1.0416666666666667,1,1,1,1.0,1,1.0,0,323,cvc-clinicdb,unetpp,polypseg/runs_repeat/unetpp_seed42_fold0rep2/best.pth,False
0.9545997610442458,0.9131428571298122,0.9141876430075202,0.9987499999843945,0.6786797800281211,0.6786797800281211,2,5.0,1.0416666666666667,1,1,1,1.0,1,1.0,0,324,cvc-clinicdb,unetpp,polypseg/runs_repeat/unetpp_seed42_fold0rep2/best.pth,False
0.9050412647816939,0.8265528514197865,0.8265528514197865,0.9999999999780268,0.16352196270520883,0.16352196270520883,2,5.0,1.0416666666666667,1,1,1,1.0,1,1.0,0,325,cvc-clinicdb,unetpp,polypseg/runs_repeat/unetpp_seed42_fold0rep2/best.pth,False
0.9036671526196739,0.8242635024381288,0.8242635024381288,0.99999999997518,0.27351223082731463,0.27351223082731463,2,7.615773105863909,1.5866193970549811,1,1,1,1.0,1,1.0,0,326,cvc-clinicdb,unetpp,polypseg/runs_repeat/unetpp_seed42_fold0rep2/best.pth,False
0.9422500680885011,0.8908060777519752,0.8982082575721058,0.9908335720140122,0.6365991146116594,0.6365991146116594,2,4.123105625617661,0.858980338670346,1,1,1,1.0,1,1.0,0,327,cvc-clinicdb,unetpp,polypseg/runs_repeat/unetpp_seed42_fold0rep2/best.pth,False
0.8866782893971215,0.7964259395579141,0.8030837822626216,0.9896978021751444,0.2535406977184933,0.2535406977184933,2,10.148529270389176,2.1142769313310783,1,1,1,1.0,1,1.0,0,328,cvc-clinicdb,unetpp,polypseg/runs_repeat/unetpp_seed42_fold0rep2/best.pth,False
0.9533086288940887,0.9107829253305527,0.931319817936878,0.9763608761445162,0.7030105277110494,0.7030105277110494,2,4.116950344336776,0.8576979884034951,1,1,1,1.0,1,1.0,0,329,cvc-clinicdb,unetpp,polypseg/runs_repeat/unetpp_seed42_fold0rep2/best.pth,False
0.9629434723459065,0.9285351826714433,0.9476091834891454,0.9787822055720888,0.6833916550738286,0.6833916550738286,2,6.0,1.25,1,1,1,1.0,1,1.0,0,33,cvc-clinicdb,unetpp,polypseg/runs_repeat/unetpp_seed42_fold0rep2/best.pth,False
0.9572805850984268,0.9180615335418769,0.9315755418807574,0.9844444444276164,0.8371820376986167,0.8371820376986167,2,8.644070786487937,1.8008480805183202,1,1,1,1.0,1,1.0,0,330,cvc-clinicdb,unetpp,polypseg/runs_repeat/unetpp_seed42_fold0rep2/best.pth,False
0.9641897940851503,0.9308556611812464,0.9540622627062255,0.9745346432138763,0.6126189727066236,0.6126189727066236,2,3.8224980739587773,0.7963537654080786,1,1,1,1.0,1,1.0,0,331,cvc-clinicdb,unetpp,polypseg/runs_repeat/unetpp_seed42_fold0rep2/best.pth,False
0.9836122733526532,0.9677530016986664,0.975786924922591,0.9915641476099901,0.985336041544689,0.985336041544689,2,1.4142135623730951,0.2946278254943948,1,1,1,1.0,1,1.0,0,332,cvc-clinicdb,unetpp,polypseg/runs_repeat/unetpp_seed42_fold0rep2/best.pth,False
0.9627048408272489,0.9280915198669314,0.9306263656057788,0.9970737416894836,0.7773332600433817,0.7773332600433817,2,3.0,0.625,1,1,1,1.0,1,1.0,0,333,cvc-clinicdb,unetpp,polypseg/runs_repeat/unetpp_seed42_fold0rep2/best.pth,False
0.9480370533661399,0.9012076484250049,0.9224034334605596,0.9751361161347526,0.6165713520183554,0.6165713520183554,2,4.123105625617661,0.858980338670346,1,1,1,1.0,1,1.0,0,334,cvc-clinicdb,unetpp,polypseg/runs_repeat/unetpp_seed42_fold0rep2/best.pth,False
0.9590905318981072,0.9213966836587788,0.9361736594696878,0.983157536560341,0.7545017135779918,0.7545017135779918,2,4.0,0.8333333333333334,1,1,1,1.0,1,1.0,0,335,cvc-clinicdb,unetpp,polypseg/runs_repeat/unetpp_seed42_fold0rep2/best.pth,False
0.9679178405801334,0.937830221892606,0.9396506087711373,0.9979385307159307,0.8726020555174417,0.8726020555174417,2,3.0,0.625,1,1,1,1.0,1,1.0,0,336,cvc-clinicdb,unetpp,polypseg/runs_repeat/unetpp_seed42_fold0rep2/best.pth,False
0.9517059502146719,0.9078616352058513,0.9108692222604375,0.9963761863503645,0.6208526691186163,0.6208526691186163,2,4.123105625617661,0.858980338670346,1,1,1,1.0,1,1.0,0,337,cvc-clinicdb,unetpp,polypseg/runs_repeat/unetpp_seed42_fold0rep2/best.pth,False
0.9715726730820282,0.9447168970059093,0.9626713106612956,0.980640185106204,0.69946446093021,0.69946446093021,2,3.605551275463989,0.7511565157216644,1,1,1,1.0,1,1.0,0,338,cvc-clinicdb,unetpp,polypseg/runs_repeat/unetpp_seed42_fold0rep2/best.pth,False
0.942808165794876,0.8918042452567275,0.8997620463741891,0.9901800327008125,0.7558400878540996,0.7558400878540996,2,3.0,0.625,1,1,1,1.0,1,1.0,0,339,cvc-clinicdb,unetpp,polypseg/runs_repeat/unetpp_seed42_fold0rep2/best.pth,False
0.9668724589597434,0.9358694067783724,0.9576435495755758,0.9762809791549905,0.8257343165531212,0.8257343165531212,2,3.1622776601683795,0.6588078458684125,1,1,1,1.0,1,1.0,0,34,cvc-clinicdb,unetpp,polypseg/runs_repeat/unetpp_seed42_fold0rep2/best.pth,False
0.944915254212264,0.8955823292723101,0.9359916054073456,0.9540106951361491,0.9025000956980832,0.9025000956980832,2,2.8284271247461903,0.5892556509887896,1,1,1,1.0,1,1.0,0,340,cvc-clinicdb,unetpp,polypseg/runs_repeat/unetpp_seed42_fold0rep2/best.pth,False
0.9557100297724784,0.9151768733010583,0.9197247706070442,0.9946258784210573,0.9227254924438623,0.9227254924438623,2,2.23606797749979,0.4658474953124562,1,1,1,1.0,1,1.0,0,341,cvc-clinicdb,unetpp,polypseg/runs_repeat/unetpp_seed42_fold0rep2/best.pth,False
0.9684775318519085,0.9388816644882505,0.9431183944787659,0.9952380952256236,0.7928607703192202,0.7928607703192202,2,5.0,1.0416666666666667,1,1,1,1.0,1,1.0,0,342,cvc-clinicdb,unetpp,polypseg/runs_repeat/unetpp_seed42_fold0rep2/best.pth,False
0.9406751448103025,0.8879949717047393,0.9223136179537497,0.9597826086826117,0.7686561378447683,0.7686561378447683,2,10.0,2.0833333333333335,1,1,1,1.0,1,1.0,0,343,cvc-clinicdb,unetpp,polypseg/runs_repeat/unetpp_seed42_fold0rep2/best.pth,False
0.9792814635185538,0.9594040164042366,0.9807947019795379,0.9777728873167709,0.8894550429443505,0.8894550429443505,2,2.8284271247461903,0.5892556509887896,1,1,1,1.0,1,1.0,0,344,cvc-clinicdb,unetpp,polypseg/runs_repeat/unetpp_seed42_fold0rep2/best.pth,False
0.9745220429436088,0.9503100834472834,0.9728035112393384,0.9762466572205738,0.8752112456161842,0.8752112456161842,2,3.0,0.625,1,1,1,1.0,1,1.0,0,345,cvc-clinicdb,unetpp,polypseg/runs_repeat/unetpp_seed42_fold0rep2/best.pth,False
0.9681812229806445,0.9383248730726313,0.9795972442771702,0.9570282163873407,0.9088204254223752,0.9088204254223752,2,2.8284271247461903,0.5892556509887896,1,1,1,1.0,1,1.0,0,346,cvc-clinicdb,unetpp,polypseg/runs_repeat/unetpp_seed42_fold0rep2/best.pth,False
0.8515420804944106,0.7414656349455095,0.7566186716092798,0.9736999402077366,0.5544727883968007,0.5544727883968007,2,31.02820591241077,6.464209565085577,1,1,1,1.0,1,1.0,0,347,cvc-clinicdb,unetpp,polypseg/runs_repeat/unetpp_seed42_fold0rep2/best.pth,False
0.8467795443913037,0.7342737811083605,0.9749320959655108,0.7484036314636705,0.40408456004524884,0.40408456004524884,2,66.12094444934229,13.775196760279643,1,1,1,1.0,1,1.0,0,348,cvc-clinicdb,unetpp,polypseg/runs_repeat/unetpp_seed42_fold0rep2/best.pth,False
0.9624170015235997,0.9275566416728345,0.9813751698103275,0.944177417990791,0.6617835311497042,0.6617835311497042,2,13.592217376548597,2.8317119534476243,1,1,1,1.0,1,1.0,0,349,cvc-clinicdb,unetpp,polypseg/runs_repeat/unetpp_seed42_fold0rep2/best.pth,False
0.9500792392964205,0.9049056603659761,0.9067305268350551,0.9977808599029434,0.7101518670754531,0.7101518670754531,2,11.313708498984761,2.3570226039551585,1,1,1,1.0,1,1.0,0,35,cvc-clinicdb,unetpp,polypseg/runs_repeat/unetpp_seed42_fold0rep2/best.pth,False
0.8810132651395196,0.7873312861473446,0.9927960378118613,0.7918552036142221,0.32276480289243714,0.32276480289243714,2,28.13112059113376,5.860650123152867,1,2,1,1.0,1,1.0,1,350,cvc-clinicdb,unetpp,polypseg/runs_repeat/unetpp_seed42_fold0rep2/best.pth,False
0.8971781518602739,0.8135295409441351,0.9091801668898091,0.8854888835552118,0.45682262634637055,0.45682262634637055,2,7.810249675906654,1.6271353491472196,1,1,1,1.0,1,1.0,0,351,cvc-clinicdb,unetpp,polypseg/runs_repeat/unetpp_seed42_fold0rep2/best.pth,False
0.9179172647668287,0.848287506009448,0.9783031988601307,0.8645526056817957,0.8292615684215101,0.8292615684215101,2,31.240382161729084,6.508412950360226,1,1,1,1.0,1,1.0,0,352,cvc-clinicdb,unetpp,polypseg/runs_repeat/unetpp_seed42_fold0rep2/best.pth,False
0.9416113268954917,0.8896649698012351,0.9358655043470004,0.9474281391711116,0.6471612977118884,0.6471612977118884,2,22.242872427130365,4.633931755652159,1,1,1,1.0,1,1.0,0,353,cvc-clinicdb,unetpp,polypseg/runs_repeat/unetpp_seed42_fold0rep2/best.pth,False
0.9570658323839641,0.9176665815558123,0.9807639836155421,0.9344858962571886,0.7802070847964904,0.7802070847964904,2,13.367644708587237,2.784925980955675,1,1,1,1.0,1,1.0,0,354,cvc-clinicdb,unetpp,polypseg/runs_repeat/unetpp_seed42_fold0rep2/best.pth,False
0.46481178395709755,0.3027718550075868,0.994663108705982,0.303264517438185,0.28004270749624927,0.28004270749624927,2,52.23011087771684,10.881273099524343,1,1,1,1.0,0,0.0,0,355,cvc-clinicdb,unetpp,polypseg/runs_repeat/unetpp_seed42_fold0rep2/best.pth,False
0.5850125492966295,0.4134400972996813,0.9730438931065591,0.4182302881121887,0.40078921594785727,0.40078921594785727,2,43.139309220245984,8.987356087551246,1,1,1,1.0,0,0.0,0,356,cvc-clinicdb,unetpp,polypseg/runs_repeat/unetpp_seed42_fold0rep2/best.pth,False
0.8137561164381893,0.6859939408031415,0.9933184855166813,0.6891740026189868,0.6747719872132592,0.6747719872132592,2,70.21395872616783,14.627908067951632,1,1,1,1.0,1,1.0,0,357,cvc-clinicdb,unetpp,polypseg/runs_repeat/unetpp_seed42_fold0rep2/best.pth,False
0.8746706812139338,0.7772575250749469,0.9768810424411254,0.7918228279296783,0.7086070759879128,0.7086070759879128,2,70.00270933478434,14.58389777808007,1,1,1,1.0,1,1.0,0,358,cvc-clinicdb,unetpp,polypseg/runs_repeat/unetpp_seed42_fold0rep2/best.pth,False
0.9190832553745599,0.8502812635149262,0.9754765686956366,0.8688539087294936,0.7165682130736755,0.7165682130736755,2,34.50347957150965,7.1882249107311775,1,1,1,1.0,1,1.0,0,359,cvc-clinicdb,unetpp,polypseg/runs_repeat/unetpp_seed42_fold0rep2/best.pth,False
0.9308592364858661,0.8706610656451325,0.8796068795872324,0.9884538152362337,0.649051898491936,0.649051898491936,2,5.830951894845301,1.2147816447594377,1,1,1,1.0,1,1.0,0,36,cvc-clinicdb,unetpp,polypseg/runs_repeat/unetpp_seed42_fold0rep2/best.pth,False
0.8337210513494888,0.7148556117849666,0.7800155925105248,0.8953687821545576,0.45308607527758543,0.45308607527758543,2,64.35060217278468,13.406375452663474,1,1,1,1.0,1,1.0,0,360,cvc-clinicdb,unetpp,polypseg/runs_repeat/unetpp_seed42_fold0rep2/best.pth,False
0.7955771915891332,0.6605464343861351,0.6803717807998426,0.9577503179996569,0.3816506932796049,0.3816506932796049,2,75.20188348466878,15.667059059305997,1,1,1,1.0,1,1.0,0,361,cvc-clinicdb,unetpp,polypseg/runs_repeat/unetpp_seed42_fold0rep2/best.pth,False
0.9081900320553297,0.8318206086403436,0.9603057199092665,0.8614397876715532,0.46010871101814244,0.46010871101814244,2,20.12461179749811,4.192627457812105,1,1,1,1.0,1,1.0,0,362,cvc-clinicdb,unetpp,polypseg/runs_repeat/unetpp_seed42_fold0rep2/best.pth,False
0.8175839390509664,0.6914519905918354,0.8235704322996115,0.8116838487414649,0.44663266844360416,0.44663266844360416,2,11.839457777948686,2.4665537037393097,1,1,1,1.0,1,1.0,0,363,cvc-clinicdb,unetpp,polypseg/runs_repeat/unetpp_seed42_fold0rep2/best.pth,False
0.9348430671248542,0.8776575904185879,0.8796261681914159,0.9974565493430498,0.6513660702449201,0.6513660702449201,2,5.0990195135927845,1.0622957319984967,1,1,1,1.0,1,1.0,0,364,cvc-clinicdb,unetpp,polypseg/runs_repeat/unetpp_seed42_fold0rep2/best.pth,False
0.8562809739095825,0.7486812358421748,0.7486812358421748,0.9999999999496728,0.2601821691055856,0.2601821691055856,2,7.0319805153394634,1.4649959406957216,1,1,1,1.0,1,1.0,0,365,cvc-clinicdb,unetpp,polypseg/runs_repeat/unetpp_seed42_fold0rep2/best.pth,False
0.8557149065437698,0.7478161792347963,0.7478161792347963,0.9999999999492127,0.41242962293842395,0.41242962293842395,2,10.198039027185569,2.1245914639969934,1,1,1,1.0,1,1.0,0,366,cvc-clinicdb,unetpp,polypseg/runs_repeat/unetpp_seed42_fold0rep2/best.pth,False
0.911298621096701,0.837051039665896,0.8466539196616959,0.9866310159988133,0.6460027550681864,0.6460027550681864,2,6.082762530298219,1.2672421938121292,1,1,1,1.0,1,1.0,0,367,cvc-clinicdb,unetpp,polypseg/runs_repeat/unetpp_seed42_fold0rep2/best.pth,False
0.8196125907824937,0.6943589743352356,0.7022821576520649,0.9840116278593019,0.48008003042855985,0.48008003042855985,2,15.811388300841896,3.2940392293420615,1,1,1,1.0,1,1.0,0,368,cvc-clinicdb,unetpp,polypseg/runs_repeat/unetpp_seed42_fold0rep2/best.pth,False
0.8203373258171514,0.6953999170868048,0.6953999170868048,0.9999999999404052,0.35032683898584493,0.35032683898584493,2,13.001920240520263,2.708733383441721,1,1,1,1.0,1,1.0,0,369,cvc-clinicdb,unetpp,polypseg/runs_repeat/unetpp_seed42_fold0rep2/best.pth,False
0.9532189107072729,0.9106191547187092,0.9344023323501651,0.9728089034909219,0.6959781163318843,0.6959781163318843,2,8.06225774829855,1.679637030895531,1,1,1,1.0,1,1.0,0,37,cvc-clinicdb,unetpp,polypseg/runs_repeat/unetpp_seed42_fold0rep2/best.pth,False
0.8521970705498749,0.7424593967172873,0.7469654528129335,0.991940483509489,0.5601998156509129,0.5601998156509129,2,9.0,1.875,1,1,1,1.0,1,1.0,0,370,cvc-clinicdb,unetpp,polypseg/runs_repeat/unetpp_seed42_fold0rep2/best.pth,False
0.794021144703098,0.6584038693676901,0.6596002422374561,0.9972527471614236,0.4461374990648585,0.4461374990648585,2,9.49621263251753,1.9783776317744854,1,1,1,1.0,1,1.0,0,371,cvc-clinicdb,unetpp,polypseg/runs_repeat/unetpp_seed42_fold0rep2/best.pth,False
0.8352106799818436,0.7170487105503547,0.7206623469603555,0.9930555554570382,0.4746834944319873,0.4746834944319873,2,6.0,1.25,1,1,1,1.0,1,1.0,0,372,cvc-clinicdb,unetpp,polypseg/runs_repeat/unetpp_seed42_fold0rep2/best.pth,False
0.7483233321303099,0.5978567399549995,0.5978567399549995,0.9999999999056604,0.3007802765817812,0.3007802765817812,2,10.770329614269007,2.2438186696393765,1,1,1,1.0,1,1.0,0,373,cvc-clinicdb,unetpp,polypseg/runs_repeat/unetpp_seed42_fold0rep2/best.pth,False
0.7047930283032464,0.5441547518694637,0.5450716090756078,0.9969183358245824,0.3451049304652654,0.3451049304652654,2,14.142135623730951,2.946278254943948,1,1,1,1.0,1,1.0,0,374,cvc-clinicdb,unetpp,polypseg/runs_repeat/unetpp_seed42_fold0rep2/best.pth,False
0.7723577235458392,0.6291390728060172,0.6303915062620842,0.996852046065388,0.41666661719264236,0.41666661719264236,2,10.295630140987,2.1449229460389585,1,1,1,1.0,1,1.0,0,375,cvc-clinicdb,unetpp,polypseg/runs_repeat/unetpp_seed42_fold0rep2/best.pth,False
0.9260742898593213,0.8623262122461063,0.8753872633089368,0.9829918824513726,0.6343861039516425,0.6343861039516425,2,5.385164807134504,1.1219093348196882,1,1,1,1.0,1,1.0,0,376,cvc-clinicdb,unetpp,polypseg/runs_repeat/unetpp_seed42_fold0rep2/best.pth,False
0.8869315853976458,0.7968347441738376,0.8000739098004408,0.994944852895453,0.5926524455621628,0.5926524455621628,2,8.6536172634861,1.8028369298929374,1,1,1,1.0,1,1.0,0,377,cvc-clinicdb,unetpp,polypseg/runs_repeat/unetpp_seed42_fold0rep2/best.pth,False
0.8500897665877448,0.7392661982537367,0.7404222048185918,0.9978925183878876,0.3303642150379745,0.3303642150379745,2,8.94427190999916,1.8633899812498247,1,1,1,1.0,1,1.0,0,378,cvc-clinicdb,unetpp,polypseg/runs_repeat/unetpp_seed42_fold0rep2/best.pth,False
0.7554196775776704,0.6069673961318908,0.6110611510516609,0.9890829693603287,0.4027971568276252,0.4027971568276252,2,183.67702269055457,38.26604639386553,1,2,1,1.0,1,1.0,1,379,cvc-clinicdb,unetpp,polypseg/runs_repeat/unetpp_seed42_fold0rep2/best.pth,False
0.9748007753502606,0.9508403361144782,0.9673007052582325,0.982418059453388,0.9169328573528387,0.9169328573528387,2,2.8284271247461903,0.5892556509887896,1,1,1,1.0,1,1.0,0,38,cvc-clinicdb,unetpp,polypseg/runs_repeat/unetpp_seed42_fold0rep2/best.pth,False
0.8466001392237967,0.7340040241153318,0.7340040241153318,0.9999999999451754,0.40896734151701936,0.40896734151701936,2,9.0,1.875,1,1,1,1.0,1,1.0,0,380,cvc-clinicdb,unetpp,polypseg/runs_repeat/unetpp_seed42_fold0rep2/best.pth,False
0.8908819132886417,0.8032345013236528,0.8037159124721692,0.9992548434799086,0.5002791238974249,0.5002791238974249,2,8.7220065920774,1.8170847066827918,1,1,1,1.0,1,1.0,0,381,cvc-clinicdb,unetpp,polypseg/runs_repeat/unetpp_seed42_fold0rep2/best.pth,False
0.9607693481764499,0.9245005875169066,0.9316163410026165,0.9918058619290323,0.9050323366467437,0.9050323366467437,2,2.8284271247461903,0.5892556509887896,1,1,1,1.0,1,1.0,0,382,cvc-clinicdb,unetpp,polypseg/runs_repeat/unetpp_seed42_fold0rep2/best.pth,False
0.9105515216914792,0.8357912648656894,0.8357912648656894,0.9999999999660673,0.48473277447410346,0.48473277447410346,2,6.549999999999983,1.3645833333333297,1,1,1,1.0,1,1.0,0,383,cvc-clinicdb,unetpp,polypseg/runs_repeat/unetpp_seed42_fold0rep2/best.pth,False
0.7963634179049676,0.6616311183553667,0.9952948243017554,0.6637070663217607,0.4244205862784717,0.4244205862784717,2,109.0519930803797,22.719165225079106,1,1,1,1.0,1,1.0,0,384,cvc-clinicdb,unetpp,polypseg/runs_repeat/unetpp_seed42_fold0rep2/best.pth,False
0.782146944379075,0.6422342504862343,0.9762870693047466,0.6524113177263262,0.48284955592728185,0.48284955592728185,2,109.91518449694559,22.898996770196998,1,1,1,1.0,1,1.0,0,385,cvc-clinicdb,unetpp,polypseg/runs_repeat/unetpp_seed42_fold0rep2/best.pth,False
0.8368883059210234,0.7195253131589593,0.9726535015668059,0.7343816404563877,0.36394659955519193,0.36394659955519193,2,76.11911710706552,15.858149397305317,1,3,1,1.0,1,1.0,2,386,cvc-clinicdb,unetpp,polypseg/runs_repeat/unetpp_seed42_fold0rep2/best.pth,False
0.7886603298721091,0.6510645604373246,0.9310971417300309,0.6840206371516253,0.3497765243397302,0.3497765243397302,2,98.03186940072845,20.42330612515176,1,1,1,1.0,1,1.0,0,387,cvc-clinicdb,unetpp,polypseg/runs_repeat/unetpp_seed42_fold0rep2/best.pth,False
0.7613955035867641,0.6147204420713968,0.9749254457977303,0.6245954692532281,0.38161149571724057,0.38161149571724057,2,104.15578329930113,21.699121520687736,1,1,1,1.0,1,1.0,0,388,cvc-clinicdb,unetpp,polypseg/runs_repeat/unetpp_seed42_fold0rep2/best.pth,False
0.8761969192316919,0.7796712201862483,0.9887831806378389,0.7866286675351026,0.5999408432439488,0.5999408432439488,2,55.77453295621026,11.619694365877137,1,1,1,1.0,1,1.0,0,389,cvc-clinicdb,unetpp,polypseg/runs_repeat/unetpp_seed42_fold0rep2/best.pth,False
0.9504207414037932,0.9055254604354166,0.9184615384413525,0.9846842601087492,0.8349159470990781,0.8349159470990781,2,7.615773105863909,1.5866193970549811,1,1,1,1.0,1,1.0,0,39,cvc-clinicdb,unetpp,polypseg/runs_repeat/unetpp_seed42_fold0rep2/best.pth,False
0.9788740245234703,0.9586221955294578,0.9902447276362341,0.9677614901302338,0.8287097106512666,0.8287097106512666,2,5.898571136907177,1.228868986855662,1,1,1,1.0,1,1.0,0,390,cvc-clinicdb,unetpp,polypseg/runs_repeat/unetpp_seed42_fold0rep2/best.pth,False
0.8371754428469046,0.7199499165175299,0.7430007178644221,0.9586884030945038,0.7070624860188798,0.7070624860188798,2,36.80757144431534,7.66824405089903,1,1,1,1.0,1,1.0,0,391,cvc-clinicdb,unetpp,polypseg/runs_repeat/unetpp_seed42_fold0rep2/best.pth,False
0.9490205771429956,0.9029868297165687,0.9684701727712389,0.930336806385627,0.639355089990093,0.639355089990093,2,10.63014581273465,2.2146137109863853,1,1,1,1.0,1,1.0,0,392,cvc-clinicdb,unetpp,polypseg/runs_repeat/unetpp_seed42_fold0rep2/best.pth,False
0.9402798764802557,0.887290762543245,0.9226405363470521,0.9586068318692752,0.6112427288491045,0.6112427288491045,2,9.0,1.875,1,1,1,1.0,1,1.0,0,393,cvc-clinicdb,unetpp,polypseg/runs_repeat/unetpp_seed42_fold0rep2/best.pth,False
0.9643506045926674,0.9311554748828655,0.9483672211836307,0.9808819780654998,0.8025232361859999,0.8025232361859999,2,6.082762530298219,1.2672421938121292,1,1,1,1.0,1,1.0,0,394,cvc-clinicdb,unetpp,polypseg/runs_repeat/unetpp_seed42_fold0rep2/best.pth,False
0.9471106337231058,0.8995348077948295,0.9137030589329875,0.98305387084389,0.6493087707109756,0.6493087707109756,2,12.0,2.5,1,1,1,1.0,1,1.0,0,395,cvc-clinicdb,unetpp,polypseg/runs_repeat/unetpp_seed42_fold0rep2/best.pth,False
0.9614473400777022,0.925756947317082,0.9429657794597129,0.980667838304212,0.7260148994400527,0.7260148994400527,2,7.0,1.4583333333333333,1,1,1,1.0,1,1.0,0,396,cvc-clinicdb,unetpp,polypseg/runs_repeat/unetpp_seed42_fold0rep2/best.pth,False
0.9571746569621675,0.9178667006440814,0.9475103597911759,0.9670381310353985,0.6186084033781932,0.6186084033781932,2,8.54400374531753,1.7800007802744855,1,1,1,1.0,1,1.0,0,397,cvc-clinicdb,unetpp,polypseg/runs_repeat/unetpp_seed42_fold0rep2/best.pth,False
0.963249621127508,0.9291046724044422,0.9493252253643285,0.9775885745620566,0.5703370587761629,0.5703370587761629,2,7.0710678118654755,1.473139127471974,1,1,1,1.0,1,1.0,0,398,cvc-clinicdb,unetpp,polypseg/runs_repeat/unetpp_seed42_fold0rep2/best.pth,False
0.9521884410669849,0.9087401574731595,0.93913255756417,0.9656124497911176,0.6273855508425458,0.6273855508425458,2,10.0,2.0833333333333335,1,1,1,1.0,1,1.0,0,399,cvc-clinicdb,unetpp,polypseg/runs_repeat/unetpp_seed42_fold0rep2/best.pth,False
0.6673339171754431,0.5007510326675706,0.9885100074037387,0.503682719544364,0.5827589398842496,0.5827589398842496,2,69.6171632922003,14.503575685875063,1,1,1,1.0,1,1.0,0,4,cvc-clinicdb,unetpp,polypseg/runs_repeat/unetpp_seed42_fold0rep2/best.pth,False
0.957788384051585,0.9189960746887237,0.9411621391041397,0.9750126198766405,0.7936824827892995,0.7936824827892995,2,8.48528137423857,1.7677669529663687,1,1,1,1.0,1,1.0,0,40,cvc-clinicdb,unetpp,polypseg/runs_repeat/unetpp_seed42_fold0rep2/best.pth,False
0.9535356468639934,0.9111974469139559,0.9411006018781728,0.9663037080493481,0.6449835367771126,0.6449835367771126,2,5.0,1.0416666666666667,1,1,1,1.0,1,1.0,0,400,cvc-clinicdb,unetpp,polypseg/runs_repeat/unetpp_seed42_fold0rep2/best.pth,False
0.9735892474192062,0.9485376541226073,0.9541773449415255,0.9938073884156117,0.7819477917506847,0.7819477917506847,2,3.0,0.625,1,1,1,1.0,1,1.0,0,401,cvc-clinicdb,unetpp,polypseg/runs_repeat/unetpp_seed42_fold0rep2/best.pth,False
0.9501263749921678,0.9049911840437745,0.9465210298535603,0.9537592910166255,0.5635168911874325,0.5635168911874325,2,10.746594640604874,2.2388738834593487,1,1,1,1.0,1,1.0,0,402,cvc-clinicdb,unetpp,polypseg/runs_repeat/unetpp_seed42_fold0rep2/best.pth,False
0.9698500394581959,0.941464909582782,0.9631100428366275,0.9766850360218663,0.7545795670255165,0.7545795670255165,2,4.123105625617661,0.858980338670346,1,1,1,1.0,1,1.0,0,403,cvc-clinicdb,unetpp,polypseg/runs_repeat/unetpp_seed42_fold0rep2/best.pth,False
0.892747529952101,0.8062727824969147,0.8226406322576891,0.9759169041182468,0.6892268984710646,0.6892268984710646,2,37.04793909019966,7.718320643791596,1,1,1,1.0,1,1.0,0,404,cvc-clinicdb,unetpp,polypseg/runs_repeat/unetpp_seed42_fold0rep2/best.pth,False
0.9691792294753256,0.9402014949524405,0.9796816796367571,0.9588995690977913,0.7626960962200015,0.7626960962200015,2,4.080018656651476,0.8500038868023909,1,1,1,1.0,1,1.0,0,405,cvc-clinicdb,unetpp,polypseg/runs_repeat/unetpp_seed42_fold0rep2/best.pth,False
0.9701838405635193,0.9420942094115201,0.9649661954418667,0.9754582168274261,0.7947782183818733,0.7947782183818733,2,3.605551275463989,0.7511565157216644,1,1,1,1.0,1,1.0,0,406,cvc-clinicdb,unetpp,polypseg/runs_repeat/unetpp_seed42_fold0rep2/best.pth,False
0.9664392145895816,0.9350579358579443,0.9702674992919166,0.962641020889933,0.7252553236446311,0.7252553236446311,2,5.245405989843279,1.0927929145506832,1,1,1,1.0,1,1.0,0,407,cvc-clinicdb,unetpp,polypseg/runs_repeat/unetpp_seed42_fold0rep2/best.pth,False
0.8842376970939664,0.7924964795736019,0.7992493406289384,0.989451211842403,0.7191184054440984,0.7191184054440984,2,31.0,6.458333333333333,1,1,1,1.0,1,1.0,0,408,cvc-clinicdb,unetpp,polypseg/runs_repeat/unetpp_seed42_fold0rep2/best.pth,False
0.9214657948004755,0.854368633241454,0.8794310514116659,0.9677205702897907,0.5861721414310502,0.5861721414310502,2,157.56552609762417,32.82615127033837,1,2,1,1.0,1,1.0,1,409,cvc-clinicdb,unetpp,polypseg/runs_repeat/unetpp_seed42_fold0rep2/best.pth,False
0.9413427561742418,0.8891855807574064,0.8986121819410445,0.9883400466188608,0.7275541295785483,0.7275541295785483,2,9.219544457292887,1.920738428602685,1,1,1,1.0,1,1.0,0,41,cvc-clinicdb,unetpp,polypseg/runs_repeat/unetpp_seed42_fold0rep2/best.pth,False
0.9064419024629353,0.828892314459052,0.9742461498515045,0.8474614431965837,0.48525410418633996,0.48525410418633996,2,18.788294228055936,3.91422796417832,1,1,1,1.0,1,1.0,0,410,cvc-clinicdb,unetpp,polypseg/runs_repeat/unetpp_seed42_fold0rep2/best.pth,False
0.9038072776204193,0.8244966958533195,0.9858507901325644,0.8343701399559196,0.48089705188839943,0.48089705188839943,2,11.173590943983363,2.327831446663201,1,1,1,1.0,1,1.0,0,411,cvc-clinicdb,unetpp,polypseg/runs_repeat/unetpp_seed42_fold0rep2/best.pth,False
0.859509554655462,0.7536315259491784,0.9801720912648677,0.7652986709396042,0.3701239296773211,0.3701239296773211,2,17.753784303950027,3.698705063322923,1,1,1,1.0,1,1.0,0,412,cvc-clinicdb,unetpp,polypseg/runs_repeat/unetpp_seed42_fold0rep2/best.pth,False
0.7839666840119385,0.6446917808127185,0.953365688943799,0.6656843966308283,0.20900546975542098,0.20900546975542098,2,28.944695751729444,6.030144948276968,1,1,1,1.0,1,1.0,0,413,cvc-clinicdb,unetpp,polypseg/runs_repeat/unetpp_seed42_fold0rep2/best.pth,False
0.8549141965663297,0.746594005447253,0.988595363492769,0.753080179437818,0.5113755183586839,0.5113755183586839,2,50.240414776637785,10.466753078466205,1,1,1,1.0,1,1.0,0,414,cvc-clinicdb,unetpp,polypseg/runs_repeat/unetpp_seed42_fold0rep2/best.pth,False
0.8417799292465397,0.7267875514356559,0.9888888888802371,0.7327714748736935,0.4626990280258815,0.4626990280258815,2,34.74535105012632,7.23861480210965,1,1,1,1.0,1,1.0,0,415,cvc-clinicdb,unetpp,polypseg/runs_repeat/unetpp_seed42_fold0rep2/best.pth,False
0.9074276248883506,0.8305423471791706,0.9867365318406194,0.8399191581236328,0.3816754751918354,0.3816754751918354,2,18.879812809634675,3.933294335340557,1,1,1,1.0,1,1.0,0,416,cvc-clinicdb,unetpp,polypseg/runs_repeat/unetpp_seed42_fold0rep2/best.pth,False
0.8070993799373849,0.6765855984675575,0.9752543304787565,0.6884036875236448,0.4424924380524918,0.4424924380524918,2,36.033231082882445,7.506923142267175,1,1,1,1.0,1,1.0,0,417,cvc-clinicdb,unetpp,polypseg/runs_repeat/unetpp_seed42_fold0rep2/best.pth,False
0.8143594247358177,0.6868518518391324,0.9752826715494273,0.6990199773709194,0.3358547161166508,0.3358547161166508,2,18.027756377319946,3.7557825786083225,1,1,1,1.0,1,1.0,0,418,cvc-clinicdb,unetpp,polypseg/runs_repeat/unetpp_seed42_fold0rep2/best.pth,False
0.8696103126356882,0.769301350106375,0.9882135039485753,0.7764254530971264,0.5077142444275845,0.5077142444275845,2,30.083217912982647,6.267337065204718,1,1,1,1.0,1,1.0,0,419,cvc-clinicdb,unetpp,polypseg/runs_repeat/unetpp_seed42_fold0rep2/best.pth,False
0.9570127761632172,0.9175690308484358,0.9293940224714917,0.9863232940348272,0.8245184742652487,0.8245184742652487,2,8.54400374531753,1.7800007802744855,1,1,1,1.0,1,1.0,0,42,cvc-clinicdb,unetpp,polypseg/runs_repeat/unetpp_seed42_fold0rep2/best.pth,False
0.7370266479637552,0.5835646862821567,0.9942294957809645,0.5855479413862301,0.30377183095974747,0.30377183095974747,2,53.30757697371224,11.105745202856717,1,1,1,1.0,1,1.0,0,420,cvc-clinicdb,unetpp,polypseg/runs_repeat/unetpp_seed42_fold0rep2/best.pth,False
0.7827219962854554,0.643010055136925,0.9919935948659727,0.646364525590829,0.35211235747565284,0.35211235747565284,2,33.734255586866,7.027969913930416,1,1,1,1.0,1,1.0,0,421,cvc-clinicdb,unetpp,polypseg/runs_repeat/unetpp_seed42_fold0rep2/best.pth,False
0.8952311929252135,0.8103335170148512,0.8924112819301456,0.898068981559652,0.3214697992875791,0.3214697992875791,2,41.126021820500796,8.56792121260433,1,1,1,1.0,1,1.0,0,422,cvc-clinicdb,unetpp,polypseg/runs_repeat/unetpp_seed42_fold0rep2/best.pth,False
0.8624264880821891,0.7581281376956841,0.9828000309833206,0.7683222289474965,0.23715199502828857,0.23715199502828857,2,26.176319898615226,5.4533999788781715,1,1,1,1.0,1,1.0,0,423,cvc-clinicdb,unetpp,polypseg/runs_repeat/unetpp_seed42_fold0rep2/best.pth,False
0.0,0.0,0.0,0.0,0.0,0.0,2,,,1,0,0,0.0,0,0.0,0,424,cvc-clinicdb,unetpp,polypseg/runs_repeat/unetpp_seed42_fold0rep2/best.pth,False
0.8466694595549504,0.7341082455236431,0.9868164062018157,0.741379310317631,0.4162955764329851,0.4162955764329851,2,13.926591062797403,2.9013731380827923,1,1,1,1.0,1,1.0,0,425,cvc-clinicdb,unetpp,polypseg/runs_repeat/unetpp_seed42_fold0rep2/best.pth,False
0.8354369515516562,0.7173823286466,0.9917237442780862,0.7217030114151433,0.3292641460899394,0.3292641460899394,2,24.230690317985417,5.048060482913629,1,1,1,1.0,1,1.0,0,426,cvc-clinicdb,unetpp,polypseg/runs_repeat/unetpp_seed42_fold0rep2/best.pth,False
0.9286643993746959,0.8668286565224421,0.9688129653879209,0.8917110143453336,0.6040210977993303,0.6040210977993303,2,21.825346145876374,4.5469471137242445,1,1,1,1.0,1,1.0,0,427,cvc-clinicdb,unetpp,polypseg/runs_repeat/unetpp_seed42_fold0rep2/best.pth,False
0.8961026338764889,0.8117626342594492,0.9811642013304122,0.8246131830710615,0.48002082149903125,0.48002082149903125,2,17.88854381999832,3.7267799624996494,1,1,1,1.0,1,1.0,0,428,cvc-clinicdb,unetpp,polypseg/runs_repeat/unetpp_seed42_fold0rep2/best.pth,False
0.9195001802179532,0.8509952184938174,0.8528920093519125,0.9973934575655233,0.29137824704587406,0.29137824704587406,2,8.35379280658678,1.740373501372246,1,1,1,1.0,1,1.0,0,429,cvc-clinicdb,unetpp,polypseg/runs_repeat/unetpp_seed42_fold0rep2/best.pth,False
0.9634682703441031,0.9295116037248093,0.956855054359835,0.9701735357742196,0.830711538212756,0.830711538212756,2,3.605551275463989,0.7511565157216644,1,1,1,1.0,1,1.0,0,43,cvc-clinicdb,unetpp,polypseg/runs_repeat/unetpp_seed42_fold0rep2/best.pth,False
0.9178369447739859,0.8481503229495225,0.8496470588135335,0.9979273179356374,0.40203442219919616,0.40203442219919616,2,8.258164757385472,1.7204509911219736,1,1,1,1.0,1,1.0,0,430,cvc-clinicdb,unetpp,polypseg/runs_repeat/unetpp_seed42_fold0rep2/best.pth,False
0.9141366567573789,0.8418523955579628,0.8425270468700077,0.999049730741225,0.3466047937142082,0.3466047937142082,2,8.48528137423857,1.7677669529663687,1,1,1,1.0,1,1.0,0,431,cvc-clinicdb,unetpp,polypseg/runs_repeat/unetpp_seed42_fold0rep2/best.pth,False
0.9437793928979062,0.8935438170320426,0.90120432740456,0.9905766210344337,0.5546701853455277,0.5546701853455277,2,8.06225774829855,1.679637030895531,1,1,1,1.0,1,1.0,0,432,cvc-clinicdb,unetpp,polypseg/runs_repeat/unetpp_seed42_fold0rep2/best.pth,False
0.944413365198879,0.8946810560715486,0.894767273769926,0.9998923109950474,0.5511243260679275,0.5511243260679275,2,8.570248430093823,1.785468422936213,1,1,1,1.0,1,1.0,0,433,cvc-clinicdb,unetpp,polypseg/runs_repeat/unetpp_seed42_fold0rep2/best.pth,False
0.9452172256052533,0.8961250112826652,0.8997823326600781,0.9954846477925398,0.5148223236635917,0.5148223236635917,2,7.060407640085652,1.4709182583511773,1,1,1,1.0,1,1.0,0,434,cvc-clinicdb,unetpp,polypseg/runs_repeat/unetpp_seed42_fold0rep2/best.pth,False
0.9472977099178791,0.8998723749750566,0.901755609802328,0.9976845896450002,0.6284039423145792,0.6284039423145792,2,7.0,1.4583333333333333,1,1,1,1.0,1,1.0,0,435,cvc-clinicdb,unetpp,polypseg/runs_repeat/unetpp_seed42_fold0rep2/best.pth,False
0.929715470127946,0.8686619718207903,0.8686619718207903,0.9999999999864884,0.3705670904335773,0.3705670904335773,2,6.94164078649986,1.4461751638541378,1,1,1,1.0,1,1.0,0,436,cvc-clinicdb,unetpp,polypseg/runs_repeat/unetpp_seed42_fold0rep2/best.pth,False
0.947251163089265,0.8997883729503325,0.904404404393088,0.9943596092860867,0.5667150854926217,0.5667150854926217,2,5.830951894845301,1.2147816447594377,1,1,1,1.0,1,1.0,0,437,cvc-clinicdb,unetpp,polypseg/runs_repeat/unetpp_seed42_fold0rep2/best.pth,False
0.8243835616410123,0.7012351433191492,0.9910251132071549,0.7057167985886501,0.6186824061539479,0.6186824061539479,2,52.89126616531466,11.019013784440554,1,1,1,1.0,1,1.0,0,438,cvc-clinicdb,unetpp,polypseg/runs_repeat/unetpp_seed42_fold0rep2/best.pth,False
0.9676753338862657,0.9373749999882828,0.9498416719322376,0.9861914781564152,0.768514082326259,0.768514082326259,2,4.709674775249763,0.9811822448437006,1,1,1,1.0,1,1.0,0,439,cvc-clinicdb,unetpp,polypseg/runs_repeat/unetpp_seed42_fold0rep2/best.pth,False
0.9742343767602314,0.9497631375900654,0.966154880634695,0.9824501424389463,0.8046449577004288,0.8046449577004288,2,3.1622776601683795,0.6588078458684125,1,1,1,1.0,1,1.0,0,44,cvc-clinicdb,unetpp,polypseg/runs_repeat/unetpp_seed42_fold0rep2/best.pth,False
0.954010695179317,0.9120654396584542,0.9279769526099876,0.9815473167262309,0.6629615680264825,0.6629615680264825,2,4.012310562561762,0.8358980338670338,1,1,1,1.0,1,1.0,0,440,cvc-clinicdb,unetpp,polypseg/runs_repeat/unetpp_seed42_fold0rep2/best.pth,False
0.9228644702915197,0.8567765567451731,0.8941131498129162,0.9535262942945975,0.7056153487265443,0.7056153487265443,2,6.0,1.25,1,1,1,1.0,1,1.0,0,441,cvc-clinicdb,unetpp,polypseg/runs_repeat/unetpp_seed42_fold0rep2/best.pth,False
0.7967828418123756,0.6622103386661718,0.8754050073379852,0.7311193111751263,0.49551987209056786,0.49551987209056786,2,23.431621349267463,4.881587781097388,1,1,1,1.0,1,1.0,0,442,cvc-clinicdb,unetpp,polypseg/runs_repeat/unetpp_seed42_fold0rep2/best.pth,False
0.9522946859831499,0.9089337175661537,0.9109025270626585,0.9976277083505041,0.7526108287370744,0.7526108287370744,2,6.6929499477460395,1.3943645724470917,1,1,1,1.0,1,1.0,0,443,cvc-clinicdb,unetpp,polypseg/runs_repeat/unetpp_seed42_fold0rep2/best.pth,False
0.9597757350481793,0.9226623213722404,0.9241682360210399,0.998237049077865,0.6810102399910429,0.6810102399910429,2,3.1622776601683795,0.6588078458684125,1,1,1,1.0,1,1.0,0,444,cvc-clinicdb,unetpp,polypseg/runs_repeat/unetpp_seed42_fold0rep2/best.pth,False
0.9607800960745652,0.9245204912313748,0.9721416134578341,0.9496810772434465,0.7408627367942276,0.7408627367942276,2,10.44030650891055,2.1750638560230313,1,1,1,1.0,1,1.0,0,445,cvc-clinicdb,unetpp,polypseg/runs_repeat/unetpp_seed42_fold0rep2/best.pth,False
0.9427687548300744,0.8917337234755542,0.9629512599655348,0.9234148928041556,0.6446035094170829,0.6446035094170829,2,13.490585662489144,2.810538679685238,1,1,1,1.0,1,1.0,0,446,cvc-clinicdb,unetpp,polypseg/runs_repeat/unetpp_seed42_fold0rep2/best.pth,False
0.9108943626895207,0.8363691560158966,0.9171105192770603,0.9047619047321918,0.6532476432184178,0.6532476432184178,2,10.894344521148046,2.2696551085725094,1,1,1,1.0,1,1.0,0,447,cvc-clinicdb,unetpp,polypseg/runs_repeat/unetpp_seed42_fold0rep2/best.pth,False
0.9403383793340728,0.8873949579707648,0.8882658068009496,0.9988964212360256,0.6062175665816573,0.6062175665816573,2,9.899494936611665,2.0623947784607637,1,1,1,1.0,1,1.0,0,448,cvc-clinicdb,unetpp,polypseg/runs_repeat/unetpp_seed42_fold0rep2/best.pth,False
0.9368702446952819,0.8812379110080999,0.9405450041094024,0.9332240884692089,0.7353622240641255,0.7353622240641255,2,10.148529270389176,2.1142769313310783,1,1,1,1.0,1,1.0,0,449,cvc-clinicdb,unetpp,polypseg/runs_repeat/unetpp_seed42_fold0rep2/best.pth,False
0.9569876014009108,0.9175227472715363,0.9219879073746942,0.9947494033254615,0.7914633646368263,0.7914633646368263,2,5.904992408669008,1.2302067518060433,1,1,1,1.0,1,1.0,0,45,cvc-clinicdb,unetpp,polypseg/runs_repeat/unetpp_seed42_fold0rep2/best.pth,False
0.9468965517078122,0.8991486574689211,0.9029924366687606,0.9952881478435923,0.727272677286391,0.727272677286391,2,3.605551275463989,0.7511565157216644,1,1,1,1.0,1,1.0,0,450,cvc-clinicdb,unetpp,polypseg/runs_repeat/unetpp_seed42_fold0rep2/best.pth,False
0.944407530433125,0.8946705832608196,0.9045396690324761,0.9879518071831348,0.8199051632802529,0.8199051632802529,2,3.605551275463989,0.7511565157216644,1,1,1,1.0,1,1.0,0,451,cvc-clinicdb,unetpp,polypseg/runs_repeat/unetpp_seed42_fold0rep2/best.pth,False
0.9588516746280403,0.9209558823287565,0.9653179190485738,0.9524714828638655,0.835862480693786,0.835862480693786,2,5.0,1.0416666666666667,1,1,1,1.0,1,1.0,0,452,cvc-clinicdb,unetpp,polypseg/runs_repeat/unetpp_seed42_fold0rep2/best.pth,False
0.9531874852863657,0.9105617977323469,0.9109712230011023,0.9995066600641463,0.7441170062882828,0.7441170062882828,2,5.0990195135927845,1.0622957319984967,1,1,1,1.0,1,1.0,0,453,cvc-clinicdb,unetpp,polypseg/runs_repeat/unetpp_seed42_fold0rep2/best.pth,False
0.9739211424947692,0.9491679273683938,0.9823078127292578,0.9656764660463957,0.9175655273595029,0.9175655273595029,2,4.762461179749817,0.9921794124478786,1,1,1,1.0,1,1.0,0,454,cvc-clinicdb,unetpp,polypseg/runs_repeat/unetpp_seed42_fold0rep2/best.pth,False
0.9344900455959598,0.8770354905962731,0.8770354905962731,0.999999999988098,0.4372598303583156,0.4372598303583156,2,7.24215585318662,1.5087824694138794,1,1,1,1.0,1,1.0,0,455,cvc-clinicdb,unetpp,polypseg/runs_repeat/unetpp_seed42_fold0rep2/best.pth,False
0.9675799291468203,0.9371959694150694,0.9463204981936117,0.9898165137523869,0.7147325295772302,0.7147325295772302,2,3.605551275463989,0.7511565157216644,1,1,1,1.0,1,1.0,0,456,cvc-clinicdb,unetpp,polypseg/runs_repeat/unetpp_seed42_fold0rep2/best.pth,False
0.9545844910282668,0.9131149125262094,0.941880171459058,0.9676362146562101,0.6680728306908739,0.6680728306908739,2,8.54400374531753,1.7800007802744855,1,1,1,1.0,1,1.0,0,457,cvc-clinicdb,unetpp,polypseg/runs_repeat/unetpp_seed42_fold0rep2/best.pth,False
0.9357142857038424,0.8791946308540438,0.9641214351204205,0.9089332176732668,0.7325002664872062,0.7325002664872062,2,7.548640462547234,1.5726334296973405,1,1,1,1.0,1,1.0,0,458,cvc-clinicdb,unetpp,polypseg/runs_repeat/unetpp_seed42_fold0rep2/best.pth,False
0.9308077994325258,0.8705710712615554,0.8729362591249126,0.9968973746778784,0.525201135967309,0.525201135967309,2,5.0643626838353075,1.0550755591323557,1,1,1,1.0,1,1.0,0,459,cvc-clinicdb,unetpp,polypseg/runs_repeat/unetpp_seed42_fold0rep2/best.pth,False
0.9724421919466864,0.9463625153984839,0.9763078390685911,0.9686070357947846,0.9519995914539079,0.9519995914539079,2,2.0,0.4166666666666667,1,1,1,1.0,1,1.0,0,46,cvc-clinicdb,unetpp,polypseg/runs_repeat/unetpp_seed42_fold0rep2/best.pth,False
0.9407598813193534,0.8881460064891915,0.966568338230746,0.9162938105720303,0.7378254785184054,0.7378254785184054,2,10.621819216857705,2.212879003512022,1,1,1,1.0,1,1.0,0,460,cvc-clinicdb,unetpp,polypseg/runs_repeat/unetpp_seed42_fold0rep2/best.pth,False
0.9531971977869041,0.910579524406798,0.9358993121478721,0.971146545163688,0.646575292469135,0.646575292469135,2,5.385164807134504,1.1219093348196882,1,1,1,1.0,1,1.0,0,461,cvc-clinicdb,unetpp,polypseg/runs_repeat/unetpp_seed42_fold0rep2/best.pth,False
0.971180787184982,0.9439761379724553,0.9837815920937454,0.9588986958113701,0.8761091152075176,0.8761091152075176,2,5.0,1.0416666666666667,1,1,1,1.0,1,1.0,0,462,cvc-clinicdb,unetpp,polypseg/runs_repeat/unetpp_seed42_fold0rep2/best.pth,False
0.951895724532111,0.9082070809292051,0.9441590162474172,0.9597602739643856,0.614327722336648,0.614327722336648,2,9.433981132056603,1.9654127358451257,1,1,1,1.0,1,1.0,0,463,cvc-clinicdb,unetpp,polypseg/runs_repeat/unetpp_seed42_fold0rep2/best.pth,False
0.971690544407039,0.9449398127402481,0.9485343477181859,0.9960056390860431,0.7897195761750512,0.7897195761750512,2,5.0,1.0416666666666667,1,1,1,1.0,1,1.0,0,464,cvc-clinicdb,unetpp,polypseg/runs_repeat/unetpp_seed42_fold0rep2/best.pth,False
0.9247437092228769,0.8600216684661609,0.8691875319302927,0.9878868331453755,0.6276086582308468,0.6276086582308468,2,26.22496488791925,5.463534351649844,1,1,1,1.0,1,1.0,0,465,cvc-clinicdb,unetpp,polypseg/runs_repeat/unetpp_seed42_fold0rep2/best.pth,False
0.9540152231637435,0.9120737168367888,0.9755895357316176,0.9333744602015213,0.679480469498995,0.679480469498995,2,10.44030650891055,2.1750638560230313,1,1,1,1.0,1,1.0,0,466,cvc-clinicdb,unetpp,polypseg/runs_repeat/unetpp_seed42_fold0rep2/best.pth,False
0.8772969118486244,0.781414891530375,0.95145746578285,0.8138611846039704,0.6165907108614993,0.6165907108614993,2,74.81678624093162,15.586830466860755,1,1,1,1.0,1,1.0,0,467,cvc-clinicdb,unetpp,polypseg/runs_repeat/unetpp_seed42_fold0rep2/best.pth,False
0.778245133518643,0.6369895916682387,0.9227557411166463,0.6728687415369344,0.43549979619940504,0.43549979619940504,2,94.90694388867355,19.772279976806992,1,2,1,1.0,1,1.0,1,468,cvc-clinicdb,unetpp,polypseg/runs_repeat/unetpp_seed42_fold0rep2/best.pth,False
0.846096283358917,0.7332468655373018,0.9512058328570647,0.7619047618990573,0.43568742418293016,0.43568742418293016,2,60.880620254914106,12.683462553107104,1,1,1,1.0,1,1.0,0,469,cvc-clinicdb,unetpp,polypseg/runs_repeat/unetpp_seed42_fold0rep2/best.pth,False
0.9693707426238776,0.9405620262438475,0.9602680256610016,0.9786476868233274,0.759452377280278,0.759452377280278,2,4.0,0.8333333333333334,1,1,1,1.0,1,1.0,0,47,cvc-clinicdb,unetpp,polypseg/runs_repeat/unetpp_seed42_fold0rep2/best.pth,False
0.5422177009116246,0.37194696440662,0.9797794117389764,0.3748241912761219,0.24982534895983535,0.24982534895983535,2,107.05042113010153,22.302171068771152,1,1,1,1.0,0,0.0,0,470,cvc-clinicdb,unetpp,polypseg/runs_repeat/unetpp_seed42_fold0rep2/best.pth,False
0.5926420978913097,0.42110261860421916,0.9398405167968119,0.43276783639120253,0.2998201311975124,0.2998201311975124,2,143.251833960323,29.844132075067296,1,1,1,1.0,0,0.0,0,471,cvc-clinicdb,unetpp,polypseg/runs_repeat/unetpp_seed42_fold0rep2/best.pth,False
0.36479682291906673,0.22308960013781295,0.9854406130079417,0.22382734313713415,0.3313664832953018,0.3313664832953018,2,81.04903094685777,16.88521478059537,1,6,0,0.0,0,0.0,6,472,cvc-clinicdb,unetpp,polypseg/runs_repeat/unetpp_seed42_fold0rep2/best.pth,False
0.9187017194090497,0.8496283919983313,0.9644235170952559,0.8771188960870926,0.4809553981794901,0.4809553981794901,2,34.28143982734095,7.1419666306960305,1,1,1,1.0,1,1.0,0,473,cvc-clinicdb,unetpp,polypseg/runs_repeat/unetpp_seed42_fold0rep2/best.pth,False
0.9340441156446432,0.8762502551496415,0.9582565991352293,0.9110250424399882,0.6760008303517127,0.6760008303517127,2,37.465311999554594,7.80527333324054,1,1,1,1.0,1,1.0,0,474,cvc-clinicdb,unetpp,polypseg/runs_repeat/unetpp_seed42_fold0rep2/best.pth,False
0.8221838269271599,0.6980578512367849,0.9752338067141483,0.7106558411479926,0.34496716124043625,0.34496716124043625,2,75.51867900220753,15.733058125459904,1,2,1,1.0,1,1.0,1,475,cvc-clinicdb,unetpp,polypseg/runs_repeat/unetpp_seed42_fold0rep2/best.pth,False
0.7474510288551336,0.5967439565831438,0.9597714829726273,0.6120528259848603,0.36624685145932095,0.36624685145932095,2,138.5314959284806,28.860728318433463,1,2,1,1.0,1,1.0,1,476,cvc-clinicdb,unetpp,polypseg/runs_repeat/unetpp_seed42_fold0rep2/best.pth,False
0.8628228395899404,0.7587409153370716,0.9587366592147013,0.784354535759255,0.5270921081982014,0.5270921081982014,2,96.22161775594898,20.046170365822707,1,1,1,1.0,1,1.0,0,477,cvc-clinicdb,unetpp,polypseg/runs_repeat/unetpp_seed42_fold0rep2/best.pth,False
0.9121048026652034,0.8384123809901386,0.9842306710845408,0.8498281484055265,0.5959528686226602,0.5959528686226602,2,84.36189226652866,17.57539422219347,1,1,1,1.0,1,1.0,0,478,cvc-clinicdb,unetpp,polypseg/runs_repeat/unetpp_seed42_fold0rep2/best.pth,False
0.9691176470560828,0.9400855920062543,0.9495677233376769,0.9894894894837751,0.8186292678081212,0.8186292678081212,2,12.0,2.5,1,1,1,1.0,1,1.0,0,479,cvc-clinicdb,unetpp,polypseg/runs_repeat/unetpp_seed42_fold0rep2/best.pth,False
0.936988847574935,0.881447805545,0.8822191109401082,0.9990091161117913,0.6522771473766056,0.6522771473766056,2,7.615773105863909,1.5866193970549811,1,1,1,1.0,1,1.0,0,48,cvc-clinicdb,unetpp,polypseg/runs_repeat/unetpp_seed42_fold0rep2/best.pth,False
0.9173725708564135,0.84735759150505,0.8502580820383033,0.9959903258592414,0.6516328043654905,0.6516328043654905,2,30.61003822555329,6.377091296990269,1,1,1,1.0,1,1.0,0,480,cvc-clinicdb,unetpp,polypseg/runs_repeat/unetpp_seed42_fold0rep2/best.pth,False
0.9050454971404666,0.8265599116464574,0.8286647475596287,0.9969363969297573,0.4380495104483696,0.4380495104483696,2,35.66016525616085,7.429201095033511,1,1,1,1.0,1,1.0,0,481,cvc-clinicdb,unetpp,polypseg/runs_repeat/unetpp_seed42_fold0rep2/best.pth,False
0.960563882938614,0.9241201716698535,0.9281434544552432,0.9953312069477404,0.7658458748722359,0.7658458748722359,2,18.098318191431602,3.7704829565482503,1,1,1,1.0,1,1.0,0,482,cvc-clinicdb,unetpp,polypseg/runs_repeat/unetpp_seed42_fold0rep2/best.pth,False
0.9615029257755258,0.92586002372087,0.9324970131381954,0.9923712650940315,0.7977465564287555,0.7977465564287555,2,18.52600758187224,3.8595849128900497,1,1,1,1.0,1,1.0,0,483,cvc-clinicdb,unetpp,polypseg/runs_repeat/unetpp_seed42_fold0rep2/best.pth,False
0.956453634082716,0.9165415791007878,0.9240314769929174,0.9912337662284024,0.6153670222698637,0.6153670222698637,2,12.789466384404102,2.6644721634175212,1,1,1,1.0,1,1.0,0,484,cvc-clinicdb,unetpp,polypseg/runs_repeat/unetpp_seed42_fold0rep2/best.pth,False
0.9596285130091151,0.9223902471459436,0.9678456591572218,0.9515497216620744,0.6623704872259539,0.6623704872259539,2,10.63014581273465,2.2146137109863853,1,1,1,1.0,1,1.0,0,485,cvc-clinicdb,unetpp,polypseg/runs_repeat/unetpp_seed42_fold0rep2/best.pth,False
0.949048606718829,0.9030375836467645,0.9780669144799616,0.9217025748656209,0.6436677215210475,0.6436677215210475,2,6.0,1.25,1,1,1,1.0,1,1.0,0,486,cvc-clinicdb,unetpp,polypseg/runs_repeat/unetpp_seed42_fold0rep2/best.pth,False
0.970759195984511,0.9431798585881774,0.9926497277586873,0.9498133194325795,0.7674678977808412,0.7674678977808412,2,5.385164807134504,1.1219093348196882,1,1,1,1.0,1,1.0,0,487,cvc-clinicdb,unetpp,polypseg/runs_repeat/unetpp_seed42_fold0rep2/best.pth,False
0.9772495755476347,0.9555112881726799,0.9936129811756118,0.9614164021967477,0.864659859454181,0.864659859454181,2,3.1622776601683795,0.6588078458684125,1,1,1,1.0,1,1.0,0,488,cvc-clinicdb,unetpp,polypseg/runs_repeat/unetpp_seed42_fold0rep2/best.pth,False
0.9284209294145376,0.8664045005165044,0.8745003996778453,0.9894277249306427,0.7143000159302119,0.7143000159302119,2,36.477240536682054,7.599425111808761,1,1,1,1.0,1,1.0,0,489,cvc-clinicdb,unetpp,polypseg/runs_repeat/unetpp_seed42_fold0rep2/best.pth,False
0.9764954884650969,0.9540705267636691,0.96626984125919,0.9869398783946527,0.898879324748964,0.898879324748964,2,3.0,0.625,1,1,1,1.0,1,1.0,0,49,cvc-clinicdb,unetpp,polypseg/runs_repeat/unetpp_seed42_fold0rep2/best.pth,False
0.5915829995310414,0.4200339809403486,0.9999999999956032,0.4200339809403486,0.09094804138945835,0.09094804138945835,2,130.09025928095696,27.102137350199367,1,1,1,1.0,0,0.0,0,490,cvc-clinicdb,unetpp,polypseg/runs_repeat/unetpp_seed42_fold0rep2/best.pth,False
0.9136372867564134,0.841005748465481,0.9644139557266498,0.8679399990311679,0.45869220698272334,0.45869220698272334,2,23.336664067666984,4.861805014097288,1,2,1,1.0,1,1.0,1,491,cvc-clinicdb,unetpp,polypseg/runs_repeat/unetpp_seed42_fold0rep2/best.pth,False
0.9759081208312779,0.9529497701157867,0.9733169489995026,0.9785131259608272,0.7799462889326558,0.7799462889326558,2,6.0,1.25,1,1,1,1.0,1,1.0,0,492,cvc-clinicdb,unetpp,polypseg/runs_repeat/unetpp_seed42_fold0rep2/best.pth,False
0.9802540138965247,0.9612727358135015,0.9818068356327678,0.9787060962724724,0.769216887095307,0.769216887095307,2,4.0,0.8333333333333334,1,1,1,1.0,1,1.0,0,493,cvc-clinicdb,unetpp,polypseg/runs_repeat/unetpp_seed42_fold0rep2/best.pth,False
0.9748593082747239,0.9509517241326844,0.9916575570968779,0.9586206896498408,0.7479351752173218,0.7479351752173218,2,5.0,1.0416666666666667,1,1,1,1.0,1,1.0,0,494,cvc-clinicdb,unetpp,polypseg/runs_repeat/unetpp_seed42_fold0rep2/best.pth,False
0.9575975207807624,0.9186447076545767,0.9708742706051026,0.9446789925707542,0.6511292359014312,0.6511292359014312,2,14.511740035504088,3.023279174063352,1,1,1,1.0,1,1.0,0,495,cvc-clinicdb,unetpp,polypseg/runs_repeat/unetpp_seed42_fold0rep2/best.pth,False
0.9612345744233776,0.9253625031751443,0.9591815209315516,0.963296435565048,0.5919862392456576,0.5919862392456576,2,12.041594578792296,2.5086655372483952,1,1,1,1.0,1,1.0,0,496,cvc-clinicdb,unetpp,polypseg/runs_repeat/unetpp_seed42_fold0rep2/best.pth,False
0.9456206206194374,0.8968504497640879,0.9359009287902517,0.9555443165989239,0.44626366576787263,0.44626366576787263,2,27.02261816862822,5.629712118464212,1,1,1,1.0,1,1.0,0,497,cvc-clinicdb,unetpp,polypseg/runs_repeat/unetpp_seed42_fold0rep2/best.pth,False
0.9816475349761319,0.9639565559976566,0.9826417993818711,0.9806552805821518,0.760647678615985,0.760647678615985,2,6.324555320336759,1.317615691736825,1,1,1,1.0,1,1.0,0,498,cvc-clinicdb,unetpp,polypseg/runs_repeat/unetpp_seed42_fold0rep2/best.pth,False
0.9766308190358787,0.9543289334898574,0.9701685642430498,0.983179740762032,0.7616122802936854,0.7616122802936854,2,10.198039027185569,2.1245914639969934,1,1,1,1.0,1,1.0,0,499,cvc-clinicdb,unetpp,polypseg/runs_repeat/unetpp_seed42_fold0rep2/best.pth,False
0.5829667230660539,0.41139945868273947,0.9845059689994348,0.4140804444184922,0.5209518775921432,0.5209518775921432,2,70.23247002498547,14.63176458853864,1,1,1,1.0,0,0.0,0,5,cvc-clinicdb,unetpp,polypseg/runs_repeat/unetpp_seed42_fold0rep2/best.pth,False
0.9400225116427074,0.8868325242449384,0.8925190839422132,0.9928668477923619,0.6877267376222568,0.6877267376222568,2,4.47213595499958,0.9316949906249123,1,1,1,1.0,1,1.0,0,50,cvc-clinicdb,unetpp,polypseg/runs_repeat/unetpp_seed42_fold0rep2/best.pth,False
0.9478378646197753,0.9008477236992097,0.9232848500391087,0.973732437378852,0.5248885848259829,0.5248885848259829,2,9.899494936611665,2.0623947784607637,1,1,1,1.0,1,1.0,0,500,cvc-clinicdb,unetpp,polypseg/runs_repeat/unetpp_seed42_fold0rep2/best.pth,False
0.9698961635758998,0.941551840970513,0.9550896488459925,0.9851689907764998,0.6742501964444723,0.6742501964444723,2,5.7640838316886915,1.2008507982684773,1,1,1,1.0,1,1.0,0,501,cvc-clinicdb,unetpp,polypseg/runs_repeat/unetpp_seed42_fold0rep2/best.pth,False
0.9643630930121669,0.931178762078915,0.9420980926384678,0.9877059633679145,0.7642190570219083,0.7642190570219083,2,17.7688545097156,3.701844689524083,1,1,1,1.0,1,1.0,0,502,cvc-clinicdb,unetpp,polypseg/runs_repeat/unetpp_seed42_fold0rep2/best.pth,False
0.9790981478254737,0.9590521809123859,0.972658097240133,0.9856240470442795,0.8189177481859731,0.8189177481859731,2,6.708203932499369,1.3975424859373686,1,1,1,1.0,1,1.0,0,503,cvc-clinicdb,unetpp,polypseg/runs_repeat/unetpp_seed42_fold0rep2/best.pth,False
0.9630799001835154,0.9287889205291348,0.9904682098984972,0.9371655103970548,0.6786858503243864,0.6786858503243864,2,4.123105625617661,0.858980338670346,1,1,1,1.0,1,1.0,0,504,cvc-clinicdb,unetpp,polypseg/runs_repeat/unetpp_seed42_fold0rep2/best.pth,False
0.966846823091989,0.9358213716048751,0.9696589106228869,0.9640509989421394,0.6380463879950194,0.6380463879950194,2,6.0,1.25,1,1,1,1.0,1,1.0,0,505,cvc-clinicdb,unetpp,polypseg/runs_repeat/unetpp_seed42_fold0rep2/best.pth,False
0.8830379746824538,0.7905711695358765,0.9854465270094116,0.7999105045289184,0.18739994628778825,0.18739994628778825,2,41.158672951390784,8.574723531539746,1,1,1,1.0,1,1.0,0,506,cvc-clinicdb,unetpp,polypseg/runs_repeat/unetpp_seed42_fold0rep2/best.pth,False
0.9609940626788573,0.9249168153519677,0.9901398998477359,0.9335150394214603,0.47671679203475215,0.47671679203475215,2,17.295510065955934,3.6032312637408195,1,1,1,1.0,1,1.0,0,507,cvc-clinicdb,unetpp,polypseg/runs_repeat/unetpp_seed42_fold0rep2/best.pth,False
0.9636059083265917,0.929767851889922,0.9646341463355814,0.9625798600489043,0.6082473726810069,0.6082473726810069,2,7.231336078674756,1.5065283497239075,1,1,1,1.0,1,1.0,0,508,cvc-clinicdb,unetpp,polypseg/runs_repeat/unetpp_seed42_fold0rep2/best.pth,False
0.9689677523862867,0.9398035363383905,0.9813720662975433,0.956873099688295,0.6793532531757559,0.6793532531757559,2,4.0,0.8333333333333334,1,1,1,1.0,1,1.0,0,509,cvc-clinicdb,unetpp,polypseg/runs_repeat/unetpp_seed42_fold0rep2/best.pth,False
0.8378522062287159,0.7209515095406265,0.984999999876875,0.7289546715329366,0.5767176435877651,0.5767176435877651,2,9.098795005781797,1.8955822928712078,1,1,1,1.0,1,1.0,0,51,cvc-clinicdb,unetpp,polypseg/runs_repeat/unetpp_seed42_fold0rep2/best.pth,False
0.9473967683979021,0.9000511683361755,0.9829561329888892,0.9143203673142656,0.5137474270275434,0.5137474270275434,2,7.211102550927978,1.5023130314433288,1,1,1,1.0,1,1.0,0,510,cvc-clinicdb,unetpp,polypseg/runs_repeat/unetpp_seed42_fold0rep2/best.pth,False
0.9459959996966738,0.8975260050478279,0.9798956414828132,0.914363454089727,0.7189237734493056,0.7189237734493056,2,9.848857801796104,2.0518453753741883,1,1,1,1.0,1,1.0,0,511,cvc-clinicdb,unetpp,polypseg/runs_repeat/unetpp_seed42_fold0rep2/best.pth,False
0.9472618212904318,0.899807606912834,0.9765499517992845,0.9196793223276406,0.7748053975003912,0.7748053975003912,2,11.362133662588397,2.367111179705916,1,1,1,1.0,1,1.0,0,512,cvc-clinicdb,unetpp,polypseg/runs_repeat/unetpp_seed42_fold0rep2/best.pth,False
0.9301990570918661,0.8695066715525829,0.9487110992260089,0.9123956326151266,0.5274462507231152,0.5274462507231152,2,9.7544608001206,2.0321793333584584,1,1,1,1.0,1,1.0,0,513,cvc-clinicdb,unetpp,polypseg/runs_repeat/unetpp_seed42_fold0rep2/best.pth,False
0.9324999999953375,0.8735362997576249,0.971455359923206,0.8965484087982256,0.5586759882184654,0.5586759882184654,2,12.529964086141668,2.6104091846128474,1,1,1,1.0,1,1.0,0,514,cvc-clinicdb,unetpp,polypseg/runs_repeat/unetpp_seed42_fold0rep2/best.pth,False
0.9603141548107317,0.9236580061700393,0.9754623473833498,0.9456292477039414,0.6871873036917238,0.6871873036917238,2,5.0,1.0416666666666667,1,1,1,1.0,1,1.0,0,515,cvc-clinicdb,unetpp,polypseg/runs_repeat/unetpp_seed42_fold0rep2/best.pth,False
0.9688308678654017,0.939546033403704,0.99437088717201,0.9445699653491145,0.74759147215967,0.74759147215967,2,6.0,1.25,1,1,1,1.0,1,1.0,0,516,cvc-clinicdb,unetpp,polypseg/runs_repeat/unetpp_seed42_fold0rep2/best.pth,False
0.948791816091782,0.9025727069250271,0.9353193462277115,0.9626580768198203,0.6280420858717584,0.6280420858717584,2,8.602325267042627,1.7921510973005472,1,1,1,1.0,1,1.0,0,517,cvc-clinicdb,unetpp,polypseg/runs_repeat/unetpp_seed42_fold0rep2/best.pth,False
0.9746322745613967,0.9505197505065763,0.961986253317969,0.9876152073590494,0.9303879210418965,0.9303879210418965,2,2.23606797749979,0.4658474953124562,1,1,1,1.0,1,1.0,0,518,cvc-clinicdb,unetpp,polypseg/runs_repeat/unetpp_seed42_fold0rep2/best.pth,False
0.9794526387558489,0.9597326649904776,0.9716380039415188,0.9873939949519401,0.7697261979872503,0.7697261979872503,2,3.605551275463989,0.7511565157216644,1,1,1,1.0,1,1.0,0,519,cvc-clinicdb,unetpp,polypseg/runs_repeat/unetpp_seed42_fold0rep2/best.pth,False
0.0,0.0,0.0,0.0,0.0,0.0,2,,,1,0,0,0.0,0,0.0,0,52,cvc-clinicdb,unetpp,polypseg/runs_repeat/unetpp_seed42_fold0rep2/best.pth,False
0.9864340200041418,0.973231185214181,0.9834691925817046,0.9894167773812735,0.8867287605838319,0.8867287605838319,2,2.8284271247461903,0.5892556509887896,1,1,1,1.0,1,1.0,0,520,cvc-clinicdb,unetpp,polypseg/runs_repeat/unetpp_seed42_fold0rep2/best.pth,False
0.9719405336173479,0.9454127561679235,0.9712711530797788,0.9726108374288412,0.7626522680369617,0.7626522680369617,2,3.605551275463989,0.7511565157216644,1,1,1,1.0,1,1.0,0,521,cvc-clinicdb,unetpp,polypseg/runs_repeat/unetpp_seed42_fold0rep2/best.pth,False
0.9534962892288861,0.9111255692789704,0.9711511789046997,0.9364718469849342,0.7426375940560168,0.7426375940560168,2,8.015564437074637,1.6699092577238828,1,1,1,1.0,1,1.0,0,522,cvc-clinicdb,unetpp,polypseg/runs_repeat/unetpp_seed42_fold0rep2/best.pth,False
0.9604334934980018,0.9238788355443769,0.9546747967285636,0.9662620859706591,0.8452186036034721,0.8452186036034721,2,3.0,0.625,1,1,1,1.0,1,1.0,0,523,cvc-clinicdb,unetpp,polypseg/runs_repeat/unetpp_seed42_fold0rep2/best.pth,False
0.9816659521322935,0.9639920752800198,0.9785811252401901,0.9847702894101155,0.8470785138772751,0.8470785138772751,2,2.8284271247461903,0.5892556509887896,1,1,1,1.0,1,1.0,0,524,cvc-clinicdb,unetpp,polypseg/runs_repeat/unetpp_seed42_fold0rep2/best.pth,False
0.9787099112113665,0.9583074602948788,0.9694005742913728,0.9881997804519923,0.9040721718615581,0.9040721718615581,2,2.8284271247461903,0.5892556509887896,1,1,1,1.0,1,1.0,0,525,cvc-clinicdb,unetpp,polypseg/runs_repeat/unetpp_seed42_fold0rep2/best.pth,False
0.9627976190421085,0.9282639885119934,0.9445255474346487,0.9817905917943061,0.6904136174122057,0.6904136174122057,2,4.0,0.8333333333333334,1,1,1,1.0,1,1.0,0,526,cvc-clinicdb,unetpp,polypseg/runs_repeat/unetpp_seed42_fold0rep2/best.pth,False
0.9774748073445318,0.9559420289744238,0.9830690354002256,0.9719438877640935,0.8919505718513867,0.8919505718513867,2,2.9227922061357776,0.6089150429449537,1,1,1,1.0,1,1.0,0,527,cvc-clinicdb,unetpp,polypseg/runs_repeat/unetpp_seed42_fold0rep2/best.pth,False
0.9738244587984067,0.9489842816348103,0.9758034026372797,0.9718535253603326,0.8078564352272768,0.8078564352272768,2,3.1622776601683795,0.6588078458684125,1,1,1,1.0,1,1.0,0,528,cvc-clinicdb,unetpp,polypseg/runs_repeat/unetpp_seed42_fold0rep2/best.pth,False
0.6267236119508636,0.45637106805657773,0.45980304385926946,0.9839080459393139,0.3333875648005568,0.3333875648005568,2,46.867364651055304,9.76403430230319,1,1,1,1.0,0,0.0,0,529,cvc-clinicdb,unetpp,polypseg/runs_repeat/unetpp_seed42_fold0rep2/best.pth,False
0.9204678362034814,0.852654387773277,0.8832772165114168,0.9609279608106316,0.8508638262428888,0.8508638262428888,2,3.0,0.625,1,1,1,1.0,1,1.0,0,53,cvc-clinicdb,unetpp,polypseg/runs_repeat/unetpp_seed42_fold0rep2/best.pth,False
0.5434456125236704,0.37310354985457206,0.37310354985457206,0.9999999999605211,0.28842404189638515,0.28842404189638515,2,57.25249253566185,11.92760261159622,1,1,1,1.0,0,0.0,0,530,cvc-clinicdb,unetpp,polypseg/runs_repeat/unetpp_seed42_fold0rep2/best.pth,False
0.5133633236260619,0.34531861872142733,0.34556465977502,0.9979423867970528,0.20285709693878592,0.20285709693878592,2,73.97972695272672,15.412443115151401,1,1,1,1.0,0,0.0,0,531,cvc-clinicdb,unetpp,polypseg/runs_repeat/unetpp_seed42_fold0rep2/best.pth,False
0.7554889150609886,0.6070567986126152,0.6070567986126152,0.9999999999716473,0.12241324212003844,0.12241324212003844,2,37.546601382021784,7.822208621254538,1,1,1,1.0,1,1.0,0,532,cvc-clinicdb,unetpp,polypseg/runs_repeat/unetpp_seed42_fold0rep2/best.pth,False
0.519641098585624,0.3510237268064822,0.3510237268064822,0.999999999978943,0.10028023876409684,0.10028023876409684,2,86.03050161979512,17.92302117079065,1,1,1,1.0,0,0.0,0,533,cvc-clinicdb,unetpp,polypseg/runs_repeat/unetpp_seed42_fold0rep2/best.pth,False
0.8798677970909623,0.7855035278924246,0.7857051199693865,0.999673469371434,0.22998499840191966,0.22998499840191966,2,8.94427190999916,1.8633899812498247,1,1,1,1.0,1,1.0,0,534,cvc-clinicdb,unetpp,polypseg/runs_repeat/unetpp_seed42_fold0rep2/best.pth,False
0.8580487482603999,0.7513882461736303,0.7513882461736303,0.9999999999846035,0.19161064664694122,0.19161064664694122,2,24.07648072001075,5.015933483335573,1,1,1,1.0,1,1.0,0,535,cvc-clinicdb,unetpp,polypseg/runs_repeat/unetpp_seed42_fold0rep2/best.pth,False
0.45057957134688226,0.29080523466349456,0.2909788867549969,0.9979520187098018,0.20271070489657045,0.20271070489657045,2,129.86030005546323,27.054229178221508,1,1,1,1.0,0,0.0,0,536,cvc-clinicdb,unetpp,polypseg/runs_repeat/unetpp_seed42_fold0rep2/best.pth,False
0.9232069293237223,0.8573670786569086,0.8582089552070266,0.9988571428343118,0.5386624237868172,0.5386624237868172,2,7.615773105863909,1.5866193970549811,1,1,1,1.0,1,1.0,0,537,cvc-clinicdb,unetpp,polypseg/runs_repeat/unetpp_seed42_fold0rep2/best.pth,False
0.621003307603218,0.45032980211422813,0.4520012037270338,0.991855602003261,0.2175118436716859,0.2175118436716859,2,58.0,12.083333333333334,1,1,1,1.0,0,0.0,0,538,cvc-clinicdb,unetpp,polypseg/runs_repeat/unetpp_seed42_fold0rep2/best.pth,False
0.9316060201884065,0.8719686162521163,0.8788641265171475,0.9910822861641524,0.5045168685789522,0.5045168685789522,2,7.693563733881002,1.6028257778918755,1,1,1,1.0,1,1.0,0,539,cvc-clinicdb,unetpp,polypseg/runs_repeat/unetpp_seed42_fold0rep2/best.pth,False
0.6500732063945773,0.48156182207358333,0.48156182207358333,0.9999999997747747,0.530257337166436,0.530257337166436,2,107.90574245951174,22.480363012398282,1,2,1,1.0,1,1.0,1,54,cvc-clinicdb,unetpp,polypseg/runs_repeat/unetpp_seed42_fold0rep2/best.pth,False
0.9144024357308574,0.8423033229136445,0.9657277759608781,0.8682573373280519,0.5956317664527242,0.5956317664527242,2,29.756194775307133,6.1992072448556526,1,1,1,1.0,1,1.0,0,540,cvc-clinicdb,unetpp,polypseg/runs_repeat/unetpp_seed42_fold0rep2/best.pth,False
0.6436767869911326,0.47457477747003984,0.4779020234249387,0.9855417276539982,0.1729274164464472,0.1729274164464472,2,69.48952430988716,14.47698423122649,1,1,1,1.0,0,0.0,0,541,cvc-clinicdb,unetpp,polypseg/runs_repeat/unetpp_seed42_fold0rep2/best.pth,False
0.5122973953692754,0.3443547075703596,0.34442938465522127,0.9993707723611865,0.23381637918272044,0.23381637918272044,2,101.0,21.041666666666668,1,1,1,1.0,0,0.0,0,542,cvc-clinicdb,unetpp,polypseg/runs_repeat/unetpp_seed42_fold0rep2/best.pth,False
0.6471601899045291,0.47837163356307383,0.47844625864240836,0.9996740547479391,0.20348299425128516,0.20348299425128516,2,78.05767098754612,16.262014789072108,1,1,1,1.0,0,0.0,0,543,cvc-clinicdb,unetpp,polypseg/runs_repeat/unetpp_seed42_fold0rep2/best.pth,False
0.6885874373324276,0.5250730829753202,0.5261774205643875,0.9960187686549408,0.22714684072059374,0.22714684072059374,2,155.26718797989295,32.34733082914436,1,3,1,1.0,1,1.0,2,544,cvc-clinicdb,unetpp,polypseg/runs_repeat/unetpp_seed42_fold0rep2/best.pth,False
0.9406557130997024,0.8879603399307655,0.8890937455553951,0.9985664224116189,0.652723849650394,0.652723849650394,2,141.03119640661475,29.381499251378077,1,2,1,1.0,1,1.0,1,545,cvc-clinicdb,unetpp,polypseg/runs_repeat/unetpp_seed42_fold0rep2/best.pth,False
0.898810859315692,0.8162184188968186,0.816884176171603,0.9990024937489775,0.48074549140366596,0.48074549140366596,2,19.385420569950234,4.038629285406299,1,1,1,1.0,1,1.0,0,546,cvc-clinicdb,unetpp,polypseg/runs_repeat/unetpp_seed42_fold0rep2/best.pth,False
0.6306544277842524,0.4605516975264221,0.46233539891109277,0.99169262718605,0.38269957615051015,0.38269957615051015,2,52.3954567008912,10.915720146019,2,2,2,1.0,1,0.5,0,547,cvc-clinicdb,unetpp,polypseg/runs_repeat/unetpp_seed42_fold0rep2/best.pth,False
0.9337444536291363,0.8757229510385707,0.9093305990785217,0.9595054095678592,0.6484623550567908,0.6484623550567908,2,5.370857542457398,1.1189286546786248,2,2,2,1.0,2,1.0,0,548,cvc-clinicdb,unetpp,polypseg/runs_repeat/unetpp_seed42_fold0rep2/best.pth,False
0.5950564540556895,0.4235447436827305,0.7617187499404907,0.48823234849833586,0.2038438695677194,0.2038438695677194,2,94.47110971915606,19.681481191490846,2,1,1,0.5,1,0.5,0,549,cvc-clinicdb,unetpp,polypseg/runs_repeat/unetpp_seed42_fold0rep2/best.pth,False
0.4327323162124573,0.2761061946780484,0.2812077512266243,0.9383458645205496,0.4767523033742734,0.4767523033742734,2,159.01493630627093,33.12811173047311,1,2,1,1.0,1,1.0,1,55,cvc-clinicdb,unetpp,polypseg/runs_repeat/unetpp_seed42_fold0rep2/best.pth,False
0.8246504586265504,0.7016214577860036,0.9076651636755996,0.7555483028597333,0.5107626963457504,0.5107626963457504,2,98.21913996608033,20.462320826266737,2,1,1,0.5,1,0.5,0,550,cvc-clinicdb,unetpp,polypseg/runs_repeat/unetpp_seed42_fold0rep2/best.pth,False
0.838051291145283,0.7212463723732817,0.9284309870049463,0.7637069383670757,0.6271743760677064,0.6271743760677064,2,99.42577211688754,20.71370252435157,2,1,1,0.5,1,0.5,0,551,cvc-clinicdb,unetpp,polypseg/runs_repeat/unetpp_seed42_fold0rep2/best.pth,False
0.799005240245146,0.6652862002563927,0.8938791732731741,0.7223382045813018,0.590154690918962,0.590154690918962,2,26.427234023588916,5.5056737549143575,2,2,2,1.0,2,1.0,0,552,cvc-clinicdb,unetpp,polypseg/runs_repeat/unetpp_seed42_fold0rep2/best.pth,False
0.9221254878359524,0.8555035650528575,0.8762980714267226,0.9730106436774834,0.5818556338339934,0.5818556338339934,2,9.219544457292887,1.920738428602685,2,2,2,1.0,2,1.0,0,553,cvc-clinicdb,unetpp,polypseg/runs_repeat/unetpp_seed42_fold0rep2/best.pth,False
0.9362673186583196,0.8801716211984862,0.9009724981606088,0.9744401718957878,0.6882651050981151,0.6882651050981151,2,9.899494936611665,2.0623947784607637,2,2,2,1.0,2,1.0,0,554,cvc-clinicdb,unetpp,polypseg/runs_repeat/unetpp_seed42_fold0rep2/best.pth,False
0.9314027386429181,0.8716125076533218,0.8994052891193293,0.9657608695520956,0.6019367373645482,0.6019367373645482,2,6.708203932499369,1.3975424859373686,2,2,2,1.0,2,1.0,0,555,cvc-clinicdb,unetpp,polypseg/runs_repeat/unetpp_seed42_fold0rep2/best.pth,False
0.7433646704371092,0.5915516243647884,0.5922860453518267,0.9979082415144623,0.5466419096855606,0.5466419096855606,2,52.73558260619258,10.986579709623454,2,2,2,1.0,2,1.0,0,556,cvc-clinicdb,unetpp,polypseg/runs_repeat/unetpp_seed42_fold0rep2/best.pth,False
0.915193189252495,0.8436462420639353,0.8724832214628925,0.9622998794807661,0.5649174292060134,0.5649174292060134,2,7.615773105863909,1.5866193970549811,2,2,2,1.0,2,1.0,0,557,cvc-clinicdb,unetpp,polypseg/runs_repeat/unetpp_seed42_fold0rep2/best.pth,False
0.9410649663885828,0.8886899918488416,0.9257501271244999,0.9568950411607343,0.7075882440073625,0.7075882440073625,2,5.0,1.0416666666666667,2,2,2,1.0,2,1.0,0,558,cvc-clinicdb,unetpp,polypseg/runs_repeat/unetpp_seed42_fold0rep2/best.pth,False
0.0,0.0,0.0,0.0,0.0,0.0,2,,,1,0,0,0.0,0,0.0,0,559,cvc-clinicdb,unetpp,polypseg/runs_repeat/unetpp_seed42_fold0rep2/best.pth,False
0.9332223147221779,0.8748048704066561,0.8814092481635292,0.9915074309627917,0.7568568572776173,0.7568568572776173,2,5.84785670536077,1.2183034802834938,1,1,1,1.0,1,1.0,0,56,cvc-clinicdb,unetpp,polypseg/runs_repeat/unetpp_seed42_fold0rep2/best.pth,False
0.6957620305421411,0.5334624867817284,0.6367458482102849,0.7668354430185611,0.28976029943825854,0.28976029943825854,2,46.0,9.583333333333334,2,2,1,0.5,1,0.5,1,560,cvc-clinicdb,unetpp,polypseg/runs_repeat/unetpp_seed42_fold0rep2/best.pth,False
0.6617275027065309,0.4944639481456975,0.5051498988366272,0.958973463670409,0.413572499912961,0.413572499912961,2,49.811129404369645,10.377318625910343,2,1,1,0.5,0,0.0,0,561,cvc-clinicdb,unetpp,polypseg/runs_repeat/unetpp_seed42_fold0rep2/best.pth,False
0.3744132736559937,0.2303250067119215,0.8329286060790224,0.24148127287747845,0.31601582757321345,0.31601582757321345,2,152.2005256232711,31.70844283818148,2,1,1,0.5,1,0.5,0,562,cvc-clinicdb,unetpp,polypseg/runs_repeat/unetpp_seed42_fold0rep2/best.pth,False
0.8302278409319768,0.7097346560149227,0.994462651135784,0.7125506072816797,0.3315148065624549,0.3315148065624549,2,19.069569161696737,3.9728269086868204,1,1,1,1.0,1,1.0,0,563,cvc-clinicdb,unetpp,polypseg/runs_repeat/unetpp_seed42_fold0rep2/best.pth,False
0.8258221680841055,0.7033195020694775,0.9881324172289387,0.7093110147906941,0.4883676116774531,0.4883676116774531,2,33.71493199442908,7.023944165506058,1,2,1,1.0,1,1.0,1,564,cvc-clinicdb,unetpp,polypseg/runs_repeat/unetpp_seed42_fold0rep2/best.pth,False
0.7376226432122909,0.5843123209127198,0.6404176807675244,0.8696162046815605,0.26545613670353546,0.26545613670353546,2,48.145501630439284,10.03031283967485,2,2,2,1.0,1,0.5,0,565,cvc-clinicdb,unetpp,polypseg/runs_repeat/unetpp_seed42_fold0rep2/best.pth,False
0.023341873042318762,0.01180875576002855,0.9999999975609756,0.01180875576002855,0.0,0.0,2,134.50908013678705,28.0227250284973,2,1,0,0.0,0,0.0,1,566,cvc-clinicdb,unetpp,polypseg/runs_repeat/unetpp_seed42_fold0rep2/best.pth,False
0.9163851351222356,0.8456742010692213,0.9358826911749315,0.8976833976586409,0.6953719309518418,0.6953719309518418,2,6.0,1.25,2,2,2,1.0,2,1.0,0,567,cvc-clinicdb,unetpp,polypseg/runs_repeat/unetpp_seed42_fold0rep2/best.pth,False
0.0,0.0,0.0,0.0,0.0,0.0,2,,,2,0,0,0.0,0,0.0,0,568,cvc-clinicdb,unetpp,polypseg/runs_repeat/unetpp_seed42_fold0rep2/best.pth,False
0.0,0.0,0.0,0.0,0.0,0.0,2,211.95565503381775,44.15742813204536,2,2,0,0.0,0,0.0,2,569,cvc-clinicdb,unetpp,polypseg/runs_repeat/unetpp_seed42_fold0rep2/best.pth,False
0.8500643500369992,0.7392277559743017,0.7531356898088292,0.9756277694995843,0.42921681782552473,0.42921681782552473,2,7.0,1.4583333333333333,1,1,1,1.0,1,1.0,0,57,cvc-clinicdb,unetpp,polypseg/runs_repeat/unetpp_seed42_fold0rep2/best.pth,False
0.7248280174882793,0.5684158901143493,0.9698744769062866,0.5786320518932285,0.3652845589383625,0.3652845589383625,2,73.59891279708063,15.33310683272513,2,1,1,0.5,1,0.5,0,570,cvc-clinicdb,unetpp,polypseg/runs_repeat/unetpp_seed42_fold0rep2/best.pth,False
0.7140142947551432,0.5552272407407454,0.5706435285528468,0.9536007732973997,0.4188656059689647,0.4188656059689647,2,34.23854008815273,7.133029185031819,2,3,2,1.0,2,1.0,1,571,cvc-clinicdb,unetpp,polypseg/runs_repeat/unetpp_seed42_fold0rep2/best.pth,False
0.9384265772001035,0.8839959225100104,0.9023933402517712,0.9774571685983441,0.633096876739705,0.633096876739705,2,5.0,1.0416666666666667,1,1,1,1.0,1,1.0,0,572,cvc-clinicdb,unetpp,polypseg/runs_repeat/unetpp_seed42_fold0rep2/best.pth,False
0.8208072960509912,0.6960756230107111,0.7029216083105895,0.9862012986612744,0.5986644710777975,0.5986644710777975,2,51.02741774884052,10.630712031008441,1,2,1,1.0,1,1.0,1,573,cvc-clinicdb,unetpp,polypseg/runs_repeat/unetpp_seed42_fold0rep2/best.pth,False
0.787863070518987,0.6499786050213959,0.9523510971189748,0.6718266253572832,0.42884775740698705,0.42884775740698705,2,18.681541692269406,3.8919878525561264,1,1,1,1.0,1,1.0,0,574,cvc-clinicdb,unetpp,polypseg/runs_repeat/unetpp_seed42_fold0rep2/best.pth,False
0.8200173417463147,0.6949401637477443,0.9432886862085128,0.7252410166361691,0.5924081647166054,0.5924081647166054,2,37.10089282155667,7.72935267115764,1,1,1,1.0,1,1.0,0,575,cvc-clinicdb,unetpp,polypseg/runs_repeat/unetpp_seed42_fold0rep2/best.pth,False
0.01014884979685134,0.005100306018274391,0.11406844102126674,0.005310674455561858,0.007832864669954937,0.007832864669954937,2,117.88590731123092,24.55956402317311,1,5,0,0.0,0,0.0,5,576,cvc-clinicdb,unetpp,polypseg/runs_repeat/unetpp_seed42_fold0rep2/best.pth,False
0.0,0.0,0.0,0.0,0.0,0.0,2,,,1,0,0,0.0,0,0.0,0,577,cvc-clinicdb,unetpp,polypseg/runs_repeat/unetpp_seed42_fold0rep2/best.pth,False
0.8785897071284372,0.783468559824485,0.9216544044358391,0.83936979353786,0.5169416095592476,0.5169416095592476,2,58.00016206018419,12.083367095871704,1,1,1,1.0,1,1.0,0,578,cvc-clinicdb,unetpp,polypseg/runs_repeat/unetpp_seed42_fold0rep2/best.pth,False
0.6856252826172656,0.5216360856229233,0.980316091939938,0.5271575368884558,0.46216789264990693,0.46216789264990693,2,140.0181303154531,29.1704438157194,1,1,1,1.0,1,1.0,0,579,cvc-clinicdb,unetpp,polypseg/runs_repeat/unetpp_seed42_fold0rep2/best.pth,False
0.8839815424889921,0.7920850560666223,0.7920850560666223,0.9999999999254288,0.5289664164754336,0.5289664164754336,2,5.0,1.0416666666666667,1,1,1,1.0,1,1.0,0,58,cvc-clinicdb,unetpp,polypseg/runs_repeat/unetpp_seed42_fold0rep2/best.pth,False
0.6047703180185301,0.4334557426843519,0.9785591766583969,0.437611863970611,0.49372581442325764,0.49372581442325764,2,152.29476729526553,31.728076519846987,1,1,1,1.0,0,0.0,0,580,cvc-clinicdb,unetpp,polypseg/runs_repeat/unetpp_seed42_fold0rep2/best.pth,False
0.5926473304984569,0.42110790233436013,0.937353903682359,0.43330271759450373,0.325064475841194,0.325064475841194,2,143.6262424459533,29.922133842906938,1,1,1,1.0,0,0.0,0,581,cvc-clinicdb,unetpp,polypseg/runs_repeat/unetpp_seed42_fold0rep2/best.pth,False
0.533312741311094,0.3636172184299401,0.36484658946680393,0.9908183174453021,0.3956190090260042,0.3956190090260042,2,141.6536267766419,29.511172245133725,1,1,1,1.0,0,0.0,0,582,cvc-clinicdb,unetpp,polypseg/runs_repeat/unetpp_seed42_fold0rep2/best.pth,False
0.39640554795703686,0.24719812883614073,0.24788663571830985,0.9888888888696123,0.25297125912605245,0.25297125912605245,2,165.43457718797492,34.46553691416145,1,1,0,0.0,0,0.0,1,583,cvc-clinicdb,unetpp,polypseg/runs_repeat/unetpp_seed42_fold0rep2/best.pth,False
0.2723704166282792,0.15765556416133408,0.15785935884096247,0.991877842722811,0.26642980500932734,0.26642980500932734,2,181.2444955682623,37.75926991005464,1,1,0,0.0,0,0.0,1,584,cvc-clinicdb,unetpp,polypseg/runs_repeat/unetpp_seed42_fold0rep2/best.pth,False
0.0,0.0,0.0,0.0,0.0,0.0,2,121.22396268608016,25.2549922262667,1,1,0,0.0,0,0.0,1,585,cvc-clinicdb,unetpp,polypseg/runs_repeat/unetpp_seed42_fold0rep2/best.pth,False
0.7310228233243362,0.5760724753453761,0.5851150202897819,0.9738738738519398,0.33675479749480364,0.33675479749480364,2,90.7376676150654,18.903680753138627,1,2,1,1.0,1,1.0,1,586,cvc-clinicdb,unetpp,polypseg/runs_repeat/unetpp_seed42_fold0rep2/best.pth,False
0.8670167711186343,0.7652511961493645,0.7652511961493645,0.9999999999609223,0.478267099800973,0.478267099800973,2,154.9714209210611,32.28571269188773,1,2,1,1.0,1,1.0,1,587,cvc-clinicdb,unetpp,polypseg/runs_repeat/unetpp_seed42_fold0rep2/best.pth,False
0.870734644703518,0.7710629221197631,0.775196568950136,0.9931318680863951,0.46419804472569104,0.46419804472569104,2,14.964723459035008,3.117650720632293,1,1,1,1.0,1,1.0,0,588,cvc-clinicdb,unetpp,polypseg/runs_repeat/unetpp_seed42_fold0rep2/best.pth,False
0.702584954970918,0.5415267517228224,0.5453110910607459,0.9873469387352104,0.43073208849961137,0.43073208849961137,2,94.97232283142867,19.78590058988097,1,2,1,1.0,1,1.0,1,589,cvc-clinicdb,unetpp,polypseg/runs_repeat/unetpp_seed42_fold0rep2/best.pth,False
0.9187161316832549,0.8496530454240823,0.8858520899609443,0.9541125540299469,0.858844300924616,0.858844300924616,2,3.0243416490252577,0.630071176880262,1,1,1,1.0,1,1.0,0,59,cvc-clinicdb,unetpp,polypseg/runs_repeat/unetpp_seed42_fold0rep2/best.pth,False
0.96687174630935,0.9358680714184211,0.9826839826367156,0.9515603166766856,0.9809861814101042,0.9809861814101042,2,2.0,0.4166666666666667,1,1,1,1.0,1,1.0,0,590,cvc-clinicdb,unetpp,polypseg/runs_repeat/unetpp_seed42_fold0rep2/best.pth,False
0.9181327703279819,0.8486556807958086,0.850869565180397,0.9969434538463096,0.6362239542896555,0.6362239542896555,2,80.43598361743885,16.75749658696643,1,1,1,1.0,1,1.0,0,591,cvc-clinicdb,unetpp,polypseg/runs_repeat/unetpp_seed42_fold0rep2/best.pth,False
0.8760177646106956,0.7793875534939185,0.7876871880068604,0.9866611087747674,0.561160056885713,0.561160056885713,2,16.1245154965971,3.359274061791062,1,1,1,1.0,1,1.0,0,592,cvc-clinicdb,unetpp,polypseg/runs_repeat/unetpp_seed42_fold0rep2/best.pth,False
0.926078876719739,0.8623341664898609,0.8686809994021174,0.9915984965511475,0.5522821601458575,0.5522821601458575,2,5.764083831688666,1.200850798268472,1,1,1,1.0,1,1.0,0,593,cvc-clinicdb,unetpp,polypseg/runs_repeat/unetpp_seed42_fold0rep2/best.pth,False
0.9424913194342177,0.8912374307225275,0.9015985052750343,0.9872698340307509,0.6727413642256018,0.6727413642256018,2,4.47213595499958,0.9316949906249123,1,1,1,1.0,1,1.0,0,594,cvc-clinicdb,unetpp,polypseg/runs_repeat/unetpp_seed42_fold0rep2/best.pth,False
0.8208842613426757,0.696186332206394,0.7137234321513062,0.9659090908747903,0.6230636334659553,0.6230636334659553,2,16.465061591786466,3.4302211649555137,1,1,1,1.0,1,1.0,0,595,cvc-clinicdb,unetpp,polypseg/runs_repeat/unetpp_seed42_fold0rep2/best.pth,False
0.4723045361240904,0.3091614443403587,0.31050502022612764,0.9861970489773348,0.40146048898212455,0.40146048898212455,2,76.19999556409367,15.874999075852848,1,1,1,1.0,0,0.0,0,596,cvc-clinicdb,unetpp,polypseg/runs_repeat/unetpp_seed42_fold0rep2/best.pth,False
0.7613126079184348,0.6146123814492687,0.6187535092297163,0.9892280070925288,0.5942453993032296,0.5942453993032296,2,12.080973403854458,2.516869459136345,1,1,1,1.0,1,1.0,0,597,cvc-clinicdb,unetpp,polypseg/runs_repeat/unetpp_seed42_fold0rep2/best.pth,False
0.8457516339731087,0.7327293318025841,0.7331444758999109,0.9992277991892191,0.4342922400124005,0.4342922400124005,2,11.180339887498949,2.329237476562281,1,1,1,1.0,1,1.0,0,598,cvc-clinicdb,unetpp,polypseg/runs_repeat/unetpp_seed42_fold0rep2/best.pth,False
0.8938859851599138,0.808131868114107,0.8104474322060735,0.9964769647426429,0.42038211562335787,0.42038211562335787,2,10.0,2.0833333333333335,1,1,1,1.0,1,1.0,0,599,cvc-clinicdb,unetpp,polypseg/runs_repeat/unetpp_seed42_fold0rep2/best.pth,False
0.7321239982582713,0.5774413249028495,0.9954388039446284,0.5789732252489365,0.5276594120452192,0.5276594120452192,2,36.359317925395686,7.574857901124101,1,2,1,1.0,1,1.0,1,6,cvc-clinicdb,unetpp,polypseg/runs_repeat/unetpp_seed42_fold0rep2/best.pth,False
0.8681046000979556,0.7669477234142682,0.9077844311014857,0.831748354029563,0.5197787376972265,0.5197787376972265,2,15.652475842498529,3.2609324671871938,1,1,1,1.0,1,1.0,0,60,cvc-clinicdb,unetpp,polypseg/runs_repeat/unetpp_seed42_fold0rep2/best.pth,False
0.9468404058985999,0.8990474104795899,0.8995398772907587,0.9993914313412926,0.5238356525119701,0.5238356525119701,2,7.0,1.4583333333333333,1,1,1,1.0,1,1.0,0,600,cvc-clinicdb,unetpp,polypseg/runs_repeat/unetpp_seed42_fold0rep2/best.pth,False
0.923304293707815,0.8575350382768743,0.8625199825481396,0.9933054393139196,0.5678232938729656,0.5678232938729656,2,9.316040960936556,1.9408418668617824,1,1,1,1.0,1,1.0,0,601,cvc-clinicdb,unetpp,polypseg/runs_repeat/unetpp_seed42_fold0rep2/best.pth,False
0.9396352809755144,0.8861434788588215,0.8888888888763711,0.9965266813862247,0.6151850150886834,0.6151850150886834,2,6.0,1.25,1,1,1,1.0,1,1.0,0,602,cvc-clinicdb,unetpp,polypseg/runs_repeat/unetpp_seed42_fold0rep2/best.pth,False
0.9361357116069843,0.8799390315291366,0.8819036427628447,0.9974747474614902,0.5855338191450281,0.5855338191450281,2,6.324555320336759,1.317615691736825,1,1,1,1.0,1,1.0,0,603,cvc-clinicdb,unetpp,polypseg/runs_repeat/unetpp_seed42_fold0rep2/best.pth,False
0.5606623138285296,0.38952798861249094,0.38971286188662957,0.9987836399422414,0.3599274748541895,0.3599274748541895,2,59.95664349656519,12.490967395117748,1,1,1,1.0,0,0.0,0,604,cvc-clinicdb,unetpp,polypseg/runs_repeat/unetpp_seed42_fold0rep2/best.pth,False
0.9151771205571144,0.8436189334678365,0.8453917742165898,0.9975203683670734,0.5323098564645456,0.5323098564645456,2,4.0,0.8333333333333334,1,1,1,1.0,1,1.0,0,605,cvc-clinicdb,unetpp,polypseg/runs_repeat/unetpp_seed42_fold0rep2/best.pth,False
0.9006885593101074,0.8193206456078217,0.8385108481055594,0.972826086928695,0.5610496943055745,0.5610496943055745,2,13.421990292309983,2.79624797756458,1,1,1,1.0,1,1.0,0,606,cvc-clinicdb,unetpp,polypseg/runs_repeat/unetpp_seed42_fold0rep2/best.pth,False
0.7902240325704639,0.65319865317666,0.6565143823804902,0.9923273656781418,0.5556158861173124,0.5556158861173124,2,19.0,3.9583333333333335,1,1,1,1.0,1,1.0,0,607,cvc-clinicdb,unetpp,polypseg/runs_repeat/unetpp_seed42_fold0rep2/best.pth,False
0.7242787511431396,0.5677406030448628,0.5728276724198202,0.9845988538329299,0.5175866630316935,0.5175866630316935,2,24.029116205154605,5.006065876073876,1,1,1,1.0,1,1.0,0,608,cvc-clinicdb,unetpp,polypseg/runs_repeat/unetpp_seed42_fold0rep2/best.pth,False
0.9071269487649539,0.8300387201787235,0.8337768679460844,0.9946275946033059,0.6627161346497306,0.6627161346497306,2,10.004987562112087,2.0843724087733513,1,1,1,1.0,1,1.0,0,609,cvc-clinicdb,unetpp,polypseg/runs_repeat/unetpp_seed42_fold0rep2/best.pth,False
0.9564637938481461,0.9165602383602998,0.9308257673613998,0.9835541342629716,0.9478561278578702,0.9478561278578702,2,2.153444185374858,0.4486342052864288,1,1,1,1.0,1,1.0,0,61,cvc-clinicdb,unetpp,polypseg/runs_repeat/unetpp_seed42_fold0rep2/best.pth,False
0.93759681344393,0.8825244740495205,0.8875157100777646,0.9936679174251016,0.6702659442728967,0.6702659442728967,2,4.123105625617661,0.858980338670346,1,1,1,1.0,1,1.0,0,610,cvc-clinicdb,unetpp,polypseg/runs_repeat/unetpp_seed42_fold0rep2/best.pth,False
0.8699195946594347,0.7697855750337274,0.7741619290183462,0.9927099044496553,0.5404272647213367,0.5404272647213367,2,15.0,3.125,1,1,1,1.0,1,1.0,0,611,cvc-clinicdb,unetpp,polypseg/runs_repeat/unetpp_seed42_fold0rep2/best.pth,False
0.822587104508959,0.6986394557585497,0.7186843946564492,0.9616104868463666,0.5082644131514289,0.5082644131514289,2,13.0,2.7083333333333335,1,1,1,1.0,1,1.0,0,612,cvc-clinicdb,unetpp,polypseg/runs_repeat/unetpp_seed42_fold0rep2/best.pth,False
0.8880131362598354,0.7985823980626945,0.8174123336869762,0.9719626167525548,0.5111110611111159,0.5111110611111159,2,5.0990195135927845,1.0622957319984967,1,1,1,1.0,1,1.0,0,62,cvc-clinicdb,unetpp,polypseg/runs_repeat/unetpp_seed42_fold0rep2/best.pth,False
0.9430379746537014,0.8922155688088493,0.8959711364464238,0.9953239812294372,0.8425141408926302,0.8425141408926302,2,3.1622776601683795,0.6588078458684125,1,1,1,1.0,1,1.0,0,63,cvc-clinicdb,unetpp,polypseg/runs_repeat/unetpp_seed42_fold0rep2/best.pth,False
0.941751221309968,0.8899147726640685,0.8949999999360714,0.993655828628576,0.9449006756210757,0.9449006756210757,2,2.23606797749979,0.4658474953124562,1,1,1,1.0,1,1.0,0,64,cvc-clinicdb,unetpp,polypseg/runs_repeat/unetpp_seed42_fold0rep2/best.pth,False
0.9157435380692936,0.8445820432913571,0.8466790812633966,0.9970760233189271,0.672782824621949,0.672782824621949,2,3.1622776601683795,0.6588078458684125,1,1,1,1.0,1,1.0,0,65,cvc-clinicdb,unetpp,polypseg/runs_repeat/unetpp_seed42_fold0rep2/best.pth,False
0.9184499710549899,0.8491978609171552,0.8551427032388184,0.9918800748912004,0.7447399261867719,0.7447399261867719,2,5.385164807134504,1.1219093348196882,1,1,1,1.0,1,1.0,0,66,cvc-clinicdb,unetpp,polypseg/runs_repeat/unetpp_seed42_fold0rep2/best.pth,False
0.9097185342296942,0.8343886994235564,0.8352023402810725,0.9988338191837414,0.6260966459129839,0.6260966459129839,2,5.0,1.0416666666666667,1,1,1,1.0,1,1.0,0,67,cvc-clinicdb,unetpp,polypseg/runs_repeat/unetpp_seed42_fold0rep2/best.pth,False
0.8271052178334156,0.7051827925311235,0.9558208955033668,0.7289421763434673,0.3206821408601514,0.3206821408601514,2,46.905321944370826,9.771942071743922,1,1,1,1.0,1,1.0,0,68,cvc-clinicdb,unetpp,polypseg/runs_repeat/unetpp_seed42_fold0rep2/best.pth,False
0.48369274638239723,0.318993888097814,0.318993888097814,0.999999999926308,0.2753441400124158,0.2753441400124158,2,70.0,14.583333333333334,1,2,1,1.0,0,0.0,1,69,cvc-clinicdb,unetpp,polypseg/runs_repeat/unetpp_seed42_fold0rep2/best.pth,False
0.5696707580770272,0.398279459987231,0.9900486978510474,0.39988027536494686,0.3413231875293401,0.3413231875293401,2,91.72512691982979,19.109401441631203,1,1,1,1.0,0,0.0,0,7,cvc-clinicdb,unetpp,polypseg/runs_repeat/unetpp_seed42_fold0rep2/best.pth,False
0.8991892305201287,0.8168426903608438,0.8426032109850171,0.9639225975413604,0.6723331244277218,0.6723331244277218,2,6.4031242374328485,1.3339842161318434,2,2,2,1.0,2,1.0,0,70,cvc-clinicdb,unetpp,polypseg/runs_repeat/unetpp_seed42_fold0rep2/best.pth,False
0.0,0.0,0.0,0.0,0.0,0.0,2,156.20626751767549,32.542972399515726,2,2,0,0.0,0,0.0,2,71,cvc-clinicdb,unetpp,polypseg/runs_repeat/unetpp_seed42_fold0rep2/best.pth,False
0.841404559812924,0.7262280953540297,0.8038155802606101,0.8826815642149902,0.6401590807834157,0.6401590807834157,2,36.90335127010181,7.6881981812712095,3,2,2,0.6666666666666666,2,0.6666666666666666,0,72,cvc-clinicdb,unetpp,polypseg/runs_repeat/unetpp_seed42_fold0rep2/best.pth,False
0.7136180499482092,0.5547481833987785,0.7169689118938806,0.7102983637885693,0.35345268422890397,0.35345268422890397,2,39.91478501348441,8.315580211142585,3,2,2,0.6666666666666666,2,0.6666666666666666,0,73,cvc-clinicdb,unetpp,polypseg/runs_repeat/unetpp_seed42_fold0rep2/best.pth,False
0.7201600355474514,0.5626953803208512,0.9230769230243261,0.5903790087248404,0.46127188325837193,0.46127188325837193,2,168.82793571146968,35.172486606556184,3,1,1,0.3333333333333333,1,0.3333333333333333,0,74,cvc-clinicdb,unetpp,polypseg/runs_repeat/unetpp_seed42_fold0rep2/best.pth,False
0.7262711864252909,0.570192947419488,0.8557164253192353,0.6308428413459388,0.4834951420465804,0.4834951420465804,2,166.2385248663473,34.63302601382235,3,1,1,0.3333333333333333,1,0.3333333333333333,0,75,cvc-clinicdb,unetpp,polypseg/runs_repeat/unetpp_seed42_fold0rep2/best.pth,False
0.6681452730615984,0.5016652789133362,0.7100766057330538,0.63089005232299,0.4471442398303675,0.4471442398303675,2,60.22620388130731,12.54712580860569,2,1,1,0.5,1,0.5,0,76,cvc-clinicdb,unetpp,polypseg/runs_repeat/unetpp_seed42_fold0rep2/best.pth,False
0.7487852283588731,0.598446601918507,0.7822335024983638,0.7180801490811706,0.6078761487167466,0.6078761487167466,2,60.2452591808438,12.551095662675793,2,1,1,0.5,1,0.5,0,77,cvc-clinicdb,unetpp,polypseg/runs_repeat/unetpp_seed42_fold0rep2/best.pth,False
0.0,0.0,0.0,0.0,0.0,0.0,2,172.64748379362513,35.96822579033857,1,1,0,0.0,0,0.0,1,78,cvc-clinicdb,unetpp,polypseg/runs_repeat/unetpp_seed42_fold0rep2/best.pth,False
0.8844832143567412,0.7928909952230858,0.9549086757445828,0.8237321516088758,0.7224739090716694,0.7224739090716694,2,10.0,2.0833333333333335,1,1,1,1.0,1,1.0,0,79,cvc-clinicdb,unetpp,polypseg/runs_repeat/unetpp_seed42_fold0rep2/best.pth,False
0.467036843879906,0.3046627976773878,0.9768993839710357,0.3068736141894502,0.3880426676321147,0.3880426676321147,2,95.42536350467836,19.880284063474658,1,3,1,1.0,0,0.0,2,8,cvc-clinicdb,unetpp,polypseg/runs_repeat/unetpp_seed42_fold0rep2/best.pth,False
0.8929588929225496,0.8066176469995133,0.9400171378800327,0.8503875968333032,0.5949366588928098,0.5949366588928098,2,3.980277563773195,0.8292244924527489,1,1,1,1.0,1,1.0,0,80,cvc-clinicdb,unetpp,polypseg/runs_repeat/unetpp_seed42_fold0rep2/best.pth,False
0.9318849490952251,0.8724574644892867,0.9422492401085625,0.9217461819040175,0.5003422512498685,0.5003422512498685,2,7.035533905932738,1.4657362304026538,1,1,1,1.0,1,1.0,0,81,cvc-clinicdb,unetpp,polypseg/runs_repeat/unetpp_seed42_fold0rep2/best.pth,False
0.9184805804393444,0.8492501972941529,0.9482961221813074,0.8904827585961247,0.5954197973748657,0.5954197973748657,2,8.54400374531753,1.7800007802744855,1,1,1,1.0,1,1.0,0,82,cvc-clinicdb,unetpp,polypseg/runs_repeat/unetpp_seed42_fold0rep2/best.pth,False
0.8165118889640958,0.6899198068406491,0.6936280884205147,0.9923105543719173,0.4346722846520393,0.4346722846520393,2,43.710786520605,9.106413858459375,1,1,1,1.0,1,1.0,0,83,cvc-clinicdb,unetpp,polypseg/runs_repeat/unetpp_seed42_fold0rep2/best.pth,False
0.9526784024138493,0.909633110411899,0.9467644845570586,0.9586666666484064,0.717312298669182,0.717312298669182,2,4.242640687119285,0.8838834764831843,1,1,1,1.0,1,1.0,0,84,cvc-clinicdb,unetpp,polypseg/runs_repeat/unetpp_seed42_fold0rep2/best.pth,False
0.9101920471678205,0.8351857268084939,0.8502307577661125,0.9792524005319059,0.4744130132285984,0.4744130132285984,2,9.848857801796104,2.0518453753741883,1,1,1,1.0,1,1.0,0,85,cvc-clinicdb,unetpp,polypseg/runs_repeat/unetpp_seed42_fold0rep2/best.pth,False
0.9288800265791883,0.8672044678736084,0.942823410339976,0.9153430489452212,0.4532669224933777,0.4532669224933777,2,6.062071897723665,1.2629316453590969,1,1,1,1.0,1,1.0,0,86,cvc-clinicdb,unetpp,polypseg/runs_repeat/unetpp_seed42_fold0rep2/best.pth,False
0.9653080273727029,0.9329424146604579,0.9602290312448123,0.9704410384583916,0.8090185176677556,0.8090185176677556,2,4.123105625617661,0.858980338670346,1,1,1,1.0,1,1.0,0,87,cvc-clinicdb,unetpp,polypseg/runs_repeat/unetpp_seed42_fold0rep2/best.pth,False
0.8367404088412513,0.719306692333184,0.7231364956320888,0.9926910298783458,0.4416939688989018,0.4416939688989018,2,190.72410644632274,39.734188842983905,1,2,1,1.0,1,1.0,1,88,cvc-clinicdb,unetpp,polypseg/runs_repeat/unetpp_seed42_fold0rep2/best.pth,False
0.9701432317836378,0.9420176297562778,0.9507710557344649,0.9903212520389143,0.82760376413954,0.82760376413954,2,3.1622776601683795,0.6588078458684125,1,1,1,1.0,1,1.0,0,89,cvc-clinicdb,unetpp,polypseg/runs_repeat/unetpp_seed42_fold0rep2/best.pth,False
0.54866990631457,0.3780462547436793,0.9573426573259206,0.38452355873615246,0.3948258243470543,0.3948258243470543,2,100.24617632223278,20.88462006713183,1,1,1,1.0,0,0.0,0,9,cvc-clinicdb,unetpp,polypseg/runs_repeat/unetpp_seed42_fold0rep2/best.pth,False
0.9574387947179148,0.9183526011394807,0.9206809126961123,0.9972538250098617,0.641723544335734,0.641723544335734,2,3.605551275463989,0.7511565157216644,1,1,1,1.0,1,1.0,0,90,cvc-clinicdb,unetpp,polypseg/runs_repeat/unetpp_seed42_fold0rep2/best.pth,False
0.9324297780305202,0.8734130634613908,0.8735737946103501,0.9997893849831553,0.44166113713188787,0.44166113713188787,2,5.0,1.0416666666666667,1,1,1,1.0,1,1.0,0,91,cvc-clinicdb,unetpp,polypseg/runs_repeat/unetpp_seed42_fold0rep2/best.pth,False
0.9347644603347075,0.8775190326717976,0.8850496838101841,0.9903967652011525,0.6993239496347078,0.6993239496347078,2,6.83951216287465,1.424898367265552,1,1,1,1.0,1,1.0,0,92,cvc-clinicdb,unetpp,polypseg/runs_repeat/unetpp_seed42_fold0rep2/best.pth,False
0.883673469377736,0.7915904935853831,0.7940097799349224,0.9961656441463148,0.5584057415577296,0.5584057415577296,2,14.924598418187541,3.1092913371224045,1,1,1,1.0,1,1.0,0,93,cvc-clinicdb,unetpp,polypseg/runs_repeat/unetpp_seed42_fold0rep2/best.pth,False
0.9261960952485926,0.862537462520229,0.8837256908723905,0.9729546990990996,0.4610860115731828,0.4610860115731828,2,6.0,1.25,1,1,1,1.0,1,1.0,0,94,cvc-clinicdb,unetpp,polypseg/runs_repeat/unetpp_seed42_fold0rep2/best.pth,False
0.9384951607769955,0.8841176470414879,0.891635356913355,0.99055360279019,0.602402855849777,0.602402855849777,2,5.0,1.0416666666666667,1,1,1,1.0,1,1.0,0,95,cvc-clinicdb,unetpp,polypseg/runs_repeat/unetpp_seed42_fold0rep2/best.pth,False
0.9211855104179891,0.8538868538694773,0.8608945424525873,0.9905571293439435,0.5896196564870645,0.5896196564870645,2,7.615773105863909,1.5866193970549811,1,1,1,1.0,1,1.0,0,96,cvc-clinicdb,unetpp,polypseg/runs_repeat/unetpp_seed42_fold0rep2/best.pth,False
0.8661993294595215,0.7639784946031188,0.893148962888336,0.8408284023419874,0.6084647811436117,0.6084647811436117,2,16.414899922198813,3.4197708171247525,1,1,1,1.0,1,1.0,0,97,cvc-clinicdb,unetpp,polypseg/runs_repeat/unetpp_seed42_fold0rep2/best.pth,False
0.9754946268907527,0.9521615527796082,0.971883129868202,0.9791330645062587,0.8630085310041095,0.8630085310041095,2,3.0,0.625,1,1,1,1.0,1,1.0,0,98,cvc-clinicdb,unetpp,polypseg/runs_repeat/unetpp_seed42_fold0rep2/best.pth,False
0.9652442297305069,0.9328232395158498,0.9464473684085994,0.984802847741172,0.6813792603456873,0.6813792603456873,2,3.605551275463989,0.7511565157216644,1,1,1,1.0,1,1.0,0,99,cvc-clinicdb,unetpp,polypseg/runs_repeat/unetpp_seed42_fold0rep2/best.pth,False
0.8351079136450329,0.7168972331661612,0.7208147043854538,0.9924760601236335,0.6089715037201464,0.5081726240937158,4,8.0,1.050926298925878,1,1,1,1.0,1,1.0,0,1,cvc-colondb,unetpp,polypseg/runs_repeat/unetpp_seed42_fold0rep2/best.pth,False
0.8499378440698815,0.7390364422368895,0.9137075219375008,0.7944887118062004,0.4766731100127774,0.22046607850785185,4,22.925101052697556,3.011573950226649,1,1,1,1.0,1,1.0,0,10,cvc-colondb,unetpp,polypseg/runs_repeat/unetpp_seed42_fold0rep2/best.pth,False
0.9440010135533257,0.8939412117522858,0.965217954524482,0.9236967705887082,0.7804893161433493,0.5193490351686044,4,7.810249675906654,1.0259995981984522,1,1,1,1.0,1,1.0,0,100,cvc-colondb,unetpp,polypseg/runs_repeat/unetpp_seed42_fold0rep2/best.pth,False
0.9408572112660992,0.8883195177024241,0.8914095583719644,0.9961128950397489,0.6560558240939279,0.5263874666098883,4,7.810249675906654,1.0259995981984522,1,1,1,1.0,1,1.0,0,101,cvc-colondb,unetpp,polypseg/runs_repeat/unetpp_seed42_fold0rep2/best.pth,False
0.7063463454958412,0.5460088510062415,0.9805722359532522,0.5519801159882287,0.35763481951089354,0.13859015616450504,4,133.7230337015729,17.56663161114181,1,1,1,1.0,1,1.0,0,102,cvc-colondb,unetpp,polypseg/runs_repeat/unetpp_seed42_fold0rep2/best.pth,False
0.8683010896140922,0.7672545070472878,0.9222911130766983,0.8202825481833405,0.3832397037960954,0.1907433423706609,4,56.68065198869365,7.44589847689794,1,1,1,1.0,1,1.0,0,103,cvc-colondb,unetpp,polypseg/runs_repeat/unetpp_seed42_fold0rep2/best.pth,False
0.942628300206535,0.8914824374348749,0.9577546296273202,0.9279723383853282,0.7510112146556314,0.5536864198242809,4,32.290802539656916,4.241906700293498,1,2,1,1.0,1,1.0,1,104,cvc-colondb,unetpp,polypseg/runs_repeat/unetpp_seed42_fold0rep2/best.pth,False
0.534363716981199,0.36459503846381247,0.9446808510567772,0.3725490196067463,0.2859505432441155,0.15924714951399419,4,171.86855397260211,22.57764791602116,1,1,1,1.0,0,0.0,0,105,cvc-colondb,unetpp,polypseg/runs_repeat/unetpp_seed42_fold0rep2/best.pth,False
0.6501306847865914,0.4816249080258621,0.9728566958622273,0.488184958390296,0.4041133777217752,0.3160631178740519,4,134.2512224093394,17.636017536615242,1,1,1,1.0,0,0.0,0,106,cvc-colondb,unetpp,polypseg/runs_repeat/unetpp_seed42_fold0rep2/best.pth,False
0.7624783024522211,0.6161332798957111,0.941969365418451,0.6404427517219683,0.5582858637772258,0.3707771983299429,4,142.57581726666612,18.729584494548718,1,1,1,1.0,1,1.0,0,107,cvc-colondb,unetpp,polypseg/runs_repeat/unetpp_seed42_fold0rep2/best.pth,False
0.876353622104004,0.7799194117859015,0.9475145092054125,0.8151348065783218,0.40112857456959033,0.18737126156972425,4,52.20153254455275,6.857495424413199,1,3,1,1.0,1,1.0,2,108,cvc-colondb,unetpp,polypseg/runs_repeat/unetpp_seed42_fold0rep2/best.pth,False
0.9406717168299904,0.8879888621637262,0.9430741313196916,0.9382815111939934,0.810064933327609,0.4826899997958189,4,12.579453579945714,1.6525098241602796,1,1,1,1.0,1,1.0,0,109,cvc-colondb,unetpp,polypseg/runs_repeat/unetpp_seed42_fold0rep2/best.pth,False
0.18752449745173994,0.10346319008896332,0.9999999999701403,0.10346319008896332,0.0,0.0,4,91.48003469796602,12.017346786343042,1,3,0,0.0,0,0.0,3,11,cvc-colondb,unetpp,polypseg/runs_repeat/unetpp_seed42_fold0rep2/best.pth,False
0.9554075575480059,0.9146223146180891,0.9407879104645688,0.9704887494437449,0.8592102810137405,0.617362612987367,4,10.8348381294473,1.4233270418551294,1,1,1,1.0,1,1.0,0,110,cvc-colondb,unetpp,polypseg/runs_repeat/unetpp_seed42_fold0rep2/best.pth,False
0.9649505526451335,0.9322748348990717,0.9751258404637722,0.9549854269333418,0.8739444195703578,0.538157894209313,4,7.0,0.9195605115601433,1,1,1,1.0,1,1.0,0,111,cvc-colondb,unetpp,polypseg/runs_repeat/unetpp_seed42_fold0rep2/best.pth,False
0.9058742020069632,0.8279433714739339,0.9239349888909553,0.8885059702898335,0.6138830802922897,0.349038339365497,4,38.3275357934736,5.034926917298041,1,1,1,1.0,1,1.0,0,112,cvc-colondb,unetpp,polypseg/runs_repeat/unetpp_seed42_fold0rep2/best.pth,False
0.7105816038926196,0.5510869133229301,0.9976976760846269,0.5517886275892253,0.4307236957642098,0.25859721641614214,4,129.98999229583518,17.076237687608185,1,1,1,1.0,1,1.0,0,113,cvc-colondb,unetpp,polypseg/runs_repeat/unetpp_seed42_fold0rep2/best.pth,False
0.7349957734542054,0.5810223855624388,0.9734661889725317,0.5903720803870832,0.5578394042261579,0.3400570787020863,4,107.05138759114234,14.06288981950486,1,1,1,1.0,1,1.0,0,114,cvc-colondb,unetpp,polypseg/runs_repeat/unetpp_seed42_fold0rep2/best.pth,False
0.7325822442475657,0.5780116626286729,0.9888077858640193,0.5818181818098523,0.22522213688610707,0.15195908007114622,4,48.696748344394265,6.397086688412393,1,1,1,1.0,1,1.0,0,115,cvc-colondb,unetpp,polypseg/runs_repeat/unetpp_seed42_fold0rep2/best.pth,False
0.3173294869087713,0.18858682340953745,0.9288299154488746,0.1913518886632368,0.2729653472575846,0.09862317677823487,4,59.61532071164327,7.831413544345813,1,1,0,0.0,0,0.0,1,116,cvc-colondb,unetpp,polypseg/runs_repeat/unetpp_seed42_fold0rep2/best.pth,False
0.9193338978215109,0.8507104053400468,0.878804230510697,0.9637826961656553,0.7551598527919534,0.32786880247246125,4,8.0,1.050926298925878,1,1,1,1.0,1,1.0,0,117,cvc-colondb,unetpp,polypseg/runs_repeat/unetpp_seed42_fold0rep2/best.pth,False
0.9273086283651223,0.8644691780747904,0.8648394004208578,0.9995050484953523,0.6882537517969876,0.42977589811147215,4,9.486832980505138,1.2462452840912777,1,1,1,1.0,1,1.0,0,118,cvc-colondb,unetpp,polypseg/runs_repeat/unetpp_seed42_fold0rep2/best.pth,False
0.6683707789542017,0.5019195797080024,0.9017970593410456,0.5309394036493433,0.36604015693065356,0.23710650924293356,4,95.00026315060545,12.47978436873128,1,1,1,1.0,1,1.0,0,119,cvc-colondb,unetpp,polypseg/runs_repeat/unetpp_seed42_fold0rep2/best.pth,False
0.5022561070444822,0.33534178266844644,0.8201219511986758,0.36196456604213983,0.20146244911819455,0.13678251348608586,4,62.487787295894705,8.208757378867766,1,1,1,1.0,0,0.0,0,12,cvc-colondb,unetpp,polypseg/runs_repeat/unetpp_seed42_fold0rep2/best.pth,False
0.7270971772549151,0.57121185078912,0.8983859648996718,0.6106659034477135,0.39342921275521775,0.18350030128279088,4,80.91133989259966,10.628981871807937,1,1,1,1.0,1,1.0,0,120,cvc-colondb,unetpp,polypseg/runs_repeat/unetpp_seed42_fold0rep2/best.pth,False
0.6268910376075051,0.4565486460121961,0.9463924739506049,0.46866878429017483,0.25651986163320284,0.15374045512737516,4,220.95961104267266,29.026533280647193,1,1,1,1.0,0,0.0,0,121,cvc-colondb,unetpp,polypseg/runs_repeat/unetpp_seed42_fold0rep2/best.pth,False
0.7936349813862612,0.6578730062135297,0.9634344270089952,0.6747197396851395,0.5132639122913897,0.378327003136257,4,141.19963587721415,18.548801342765287,1,1,1,1.0,1,1.0,0,122,cvc-colondb,unetpp,polypseg/runs_repeat/unetpp_seed42_fold0rep2/best.pth,False
0.8159129723434378,0.6890650376925579,0.9801055063235523,0.69883961057946,0.4598175530607506,0.36077207494982905,4,115.31109510903627,15.147932801003675,1,1,1,1.0,1,1.0,0,123,cvc-colondb,unetpp,polypseg/runs_repeat/unetpp_seed42_fold0rep2/best.pth,False
0.0006048509042502726,0.00030251694094777793,0.9999999900000002,0.00030251694094777793,0.0,0.0,4,310.0249036499987,40.72666557096814,1,0,0,0.0,0,0.0,0,124,cvc-colondb,unetpp,polypseg/runs_repeat/unetpp_seed42_fold0rep2/best.pth,False
0.8196154494844273,0.6943630778007326,0.9994858083059115,0.6946112064020045,0.35601969428436614,0.2173054168296772,4,70.01026603827728,9.196953721802855,1,3,1,1.0,1,1.0,2,125,cvc-colondb,unetpp,polypseg/runs_repeat/unetpp_seed42_fold0rep2/best.pth,False
0.6409602254764901,0.4716272750009953,0.9999999999924184,0.4716272750009953,0.4236719836696518,0.3519258205706625,4,147.52423124904067,19.379636793554962,1,1,1,1.0,0,0.0,0,126,cvc-colondb,unetpp,polypseg/runs_repeat/unetpp_seed42_fold0rep2/best.pth,False
0.8553310222358074,0.7472300192029924,0.9996047430790529,0.7474508644872249,0.48152353862917185,0.2938914519891719,4,79.90619500389191,10.4969402220862,1,1,1,1.0,1,1.0,0,127,cvc-colondb,unetpp,polypseg/runs_repeat/unetpp_seed42_fold0rep2/best.pth,False
0.9079693231051795,0.831450381675158,0.9584653291038456,0.8625277161816992,0.6436420227341211,0.4306731561055416,4,57.855385518599924,7.600218271999007,1,1,1,1.0,1,1.0,0,128,cvc-colondb,unetpp,polypseg/runs_repeat/unetpp_seed42_fold0rep2/best.pth,False
0.969499197346023,0.9408039225676981,0.9738045518200052,0.9652317446983907,0.7762196968909533,0.5135623370169009,4,6.708203932499369,0.8812284914026979,1,1,1,1.0,1,1.0,0,129,cvc-colondb,unetpp,polypseg/runs_repeat/unetpp_seed42_fold0rep2/best.pth,False
0.8936116221474744,0.8076834862292697,0.8364608075910158,0.9591447637074881,0.37354401460388476,0.14431838451233198,4,10.027431591616487,1.3172614462887426,1,1,1,1.0,1,1.0,0,13,cvc-colondb,unetpp,polypseg/runs_repeat/unetpp_seed42_fold0rep2/best.pth,False
0.9708113271140426,0.9432782857897003,0.9785360328444611,0.9632076260530055,0.8168088573516711,0.4827419875856152,4,5.656854249492381,0.7431171124977691,1,1,1,1.0,1,1.0,0,130,cvc-colondb,unetpp,polypseg/runs_repeat/unetpp_seed42_fold0rep2/best.pth,False
0.6635630846128558,0.4965165785027963,0.9674459527279105,0.5049530932198061,0.3852804845232892,0.1870727451449637,4,122.02560637917983,16.029989860782184,1,1,1,1.0,0,0.0,0,131,cvc-colondb,unetpp,polypseg/runs_repeat/unetpp_seed42_fold0rep2/best.pth,False
0.9490501549918565,0.903040387226569,0.920444033295402,0.9794913863742453,0.8224306298088538,0.5319987561738655,4,6.612291779458717,0.8686289159005697,1,1,1,1.0,1,1.0,0,132,cvc-colondb,unetpp,polypseg/runs_repeat/unetpp_seed42_fold0rep2/best.pth,False
0.9210635646000517,0.853677319979119,0.862422199164533,0.9882615155944408,0.5583894862578078,0.33550864404827463,4,11.0,1.4450236610230822,1,1,1,1.0,1,1.0,0,133,cvc-colondb,unetpp,polypseg/runs_repeat/unetpp_seed42_fold0rep2/best.pth,False
0.9710673019995295,0.9437617289125022,0.9626427909789278,0.9796405680471305,0.9506373697031906,0.6815561356799812,4,4.123105625617661,0.5416350169013544,1,1,1,1.0,1,1.0,0,134,cvc-colondb,unetpp,polypseg/runs_repeat/unetpp_seed42_fold0rep2/best.pth,False
0.9455228174274126,0.8966745161053548,0.9143191800824929,0.9789315274581205,0.7488678864141075,0.5197363308505752,4,11.628963495787564,1.5276479458715206,1,1,1,1.0,1,1.0,0,135,cvc-colondb,unetpp,polypseg/runs_repeat/unetpp_seed42_fold0rep2/best.pth,False
0.9609740703703756,0.9248797772668951,0.9497348996727843,0.9724824355920135,0.8250736172966374,0.5217753156515093,4,5.0,0.6568289368286738,1,1,1,1.0,1,1.0,0,136,cvc-colondb,unetpp,polypseg/runs_repeat/unetpp_seed42_fold0rep2/best.pth,False
0.9291687161818926,0.8677078548442205,0.9442077452194697,0.9146012496232343,0.6362764152363132,0.4764276523305255,4,34.14084230644493,4.484938630915526,1,2,1,1.0,1,1.0,1,137,cvc-colondb,unetpp,polypseg/runs_repeat/unetpp_seed42_fold0rep2/best.pth,False
0.8293834387674608,0.7085013711869965,0.9823671947773257,0.7176275155885797,0.5561566600773945,0.3535131356087463,4,59.033888572581766,7.7550332535982545,1,2,1,1.0,1,1.0,1,138,cvc-colondb,unetpp,polypseg/runs_repeat/unetpp_seed42_fold0rep2/best.pth,False
0.8699171947983765,0.7697818166901232,0.9490285137474185,0.8029804859267988,0.34773736683188755,0.21574236047058123,4,50.93132631298737,6.690633782686751,1,3,1,1.0,1,1.0,2,139,cvc-colondb,unetpp,polypseg/runs_repeat/unetpp_seed42_fold0rep2/best.pth,False
0.9666052183743384,0.9353687821548173,0.9441135734006639,0.9901946542635808,0.8547121990980537,0.668905813256106,4,5.991547594742263,0.7870843673225917,1,1,1,1.0,1,1.0,0,14,cvc-colondb,unetpp,polypseg/runs_repeat/unetpp_seed42_fold0rep2/best.pth,False
0.903792164255387,0.8244715416045851,0.8717565273588563,0.9382721419830421,0.30366652376357567,0.20020278264393004,4,64.47013401619742,8.469169916612213,1,2,1,1.0,1,1.0,1,140,cvc-colondb,unetpp,polypseg/runs_repeat/unetpp_seed42_fold0rep2/best.pth,False
0.9621267861964874,0.9270176485917427,0.9851308485290042,0.9401725573263446,0.7213208707606117,0.5207974105283272,4,7.615773105863909,1.0004520304505997,1,1,1,1.0,1,1.0,0,141,cvc-colondb,unetpp,polypseg/runs_repeat/unetpp_seed42_fold0rep2/best.pth,False
0.9679974108535268,0.9379796339989006,0.9653326245406845,0.9706769500936555,0.8052142997666949,0.6024823148136743,4,6.4031242374328485,0.841151457050986,1,1,1,1.0,1,1.0,0,142,cvc-colondb,unetpp,polypseg/runs_repeat/unetpp_seed42_fold0rep2/best.pth,False
0.9333801333768572,0.8750822693110761,0.9101238962221224,0.9578560622364537,0.7377340723641349,0.4418154734746763,4,15.898659247097385,2.088539890054468,1,1,1,1.0,1,1.0,0,143,cvc-colondb,unetpp,polypseg/runs_repeat/unetpp_seed42_fold0rep2/best.pth,False
0.9529325166993695,0.9100965619670254,0.9287976825380274,0.9783551018052291,0.594425656275656,0.32555790309626387,4,10.339033051364058,1.3581952173927947,1,1,1,1.0,1,1.0,0,144,cvc-colondb,unetpp,polypseg/runs_repeat/unetpp_seed42_fold0rep2/best.pth,False
0.961962289861028,0.9267122768904428,0.9479147837289918,0.9764324094244389,0.6438827092207646,0.4430613264777391,4,8.48528137423857,1.1146756687466535,1,1,1,1.0,1,1.0,0,145,cvc-colondb,unetpp,polypseg/runs_repeat/unetpp_seed42_fold0rep2/best.pth,False
0.936236102936,0.8801164483209308,0.9475333792957592,0.9252050434513085,0.7237063266961242,0.5144119648892278,4,15.967951898719498,2.097642573793466,1,1,1,1.0,1,1.0,0,146,cvc-colondb,unetpp,polypseg/runs_repeat/unetpp_seed42_fold0rep2/best.pth,False
0.9596843241597748,0.9224933800835718,0.9508704632564852,0.9686631096342626,0.8603027017108659,0.6777405834766949,4,6.60142603922608,0.8672015293795978,1,1,1,1.0,1,1.0,0,147,cvc-colondb,unetpp,polypseg/runs_repeat/unetpp_seed42_fold0rep2/best.pth,False
0.9415818084349294,0.8896122685142283,0.896486368270902,0.9914543695528784,0.6474348272605978,0.41553917001759244,4,10.63014581273465,1.3964374745024557,1,1,1,1.0,1,1.0,0,148,cvc-colondb,unetpp,polypseg/runs_repeat/unetpp_seed42_fold0rep2/best.pth,False
0.9258081106289152,0.861864737380353,0.9773970398931089,0.8793920752636896,0.5887690608149504,0.37811128318643833,4,25.308065095677872,3.3246138979969926,1,1,1,1.0,1,1.0,0,149,cvc-colondb,unetpp,polypseg/runs_repeat/unetpp_seed42_fold0rep2/best.pth,False
0.9182267831511199,0.848816340476465,0.8548067819876511,0.991811463940565,0.4952949032839901,0.3205291431555854,4,10.63014581273465,1.3964374745024557,1,1,1,1.0,1,1.0,0,15,cvc-colondb,unetpp,polypseg/runs_repeat/unetpp_seed42_fold0rep2/best.pth,False
0.9443066946382216,0.8944896115587421,0.9278920489109876,0.9613125576381665,0.6816551707652281,0.4354624605722716,4,12.236852196286232,1.6075037236432614,1,1,1,1.0,1,1.0,0,150,cvc-colondb,unetpp,polypseg/runs_repeat/unetpp_seed42_fold0rep2/best.pth,False
0.8892508143288794,0.8005865102584697,0.9948305084661454,0.8039309683549929,0.588626200370061,0.37141967816711685,4,21.795379101946033,2.863167136661821,1,1,1,1.0,1,1.0,0,151,cvc-colondb,unetpp,polypseg/runs_repeat/unetpp_seed42_fold0rep2/best.pth,False
0.6793513513476791,0.5144073346388801,0.9902300661678186,0.517031429977645,0.5077200068791727,0.4079083787864116,4,46.84225300572714,6.1534694480823005,1,1,1,1.0,1,1.0,0,152,cvc-colondb,unetpp,polypseg/runs_repeat/unetpp_seed42_fold0rep2/best.pth,False
0.7868624664431174,0.6486176914632757,0.6766974470359767,0.9398717465036599,0.5399463043313032,0.42261424691410737,4,75.04924219451475,9.858902792084153,1,1,1,1.0,1,1.0,0,153,cvc-colondb,unetpp,polypseg/runs_repeat/unetpp_seed42_fold0rep2/best.pth,False
0.6015764582206958,0.4301818728360876,0.8003355704586083,0.4818993096440318,0.22789687712839582,0.11975572840936641,4,151.1139295322009,19.85120033492773,1,3,1,1.0,0,0.0,2,154,cvc-colondb,unetpp,polypseg/runs_repeat/unetpp_seed42_fold0rep2/best.pth,False
0.9069674982561029,0.8297717559258909,0.9005230435122814,0.9135048553317298,0.5452199108778644,0.29675925528365876,4,16.1245154965971,2.1182096741014695,1,1,1,1.0,1,1.0,0,155,cvc-colondb,unetpp,polypseg/runs_repeat/unetpp_seed42_fold0rep2/best.pth,False
0.7963085036203276,0.6615553121504758,0.9452269170431107,0.6879271070536682,0.23407800469343554,0.13917520795649566,4,25.96589889011721,3.4110307523593053,1,1,1,1.0,1,1.0,0,156,cvc-colondb,unetpp,polypseg/runs_repeat/unetpp_seed42_fold0rep2/best.pth,False
0.9396243291522091,0.8861239983004904,0.9337777777639441,0.945544554441261,0.8399555548845229,0.5227151456343802,4,7.0,0.9195605115601433,1,1,1,1.0,1,1.0,0,157,cvc-colondb,unetpp,polypseg/runs_repeat/unetpp_seed42_fold0rep2/best.pth,False
0.9328293108393949,0.8741144414049848,0.8837465564616565,0.987684729048835,0.6900490487738541,0.39215756066650215,4,5.385164807134504,0.7074264149834693,1,1,1,1.0,1,1.0,0,158,cvc-colondb,unetpp,polypseg/runs_repeat/unetpp_seed42_fold0rep2/best.pth,False
0.9225442421074471,0.8562247083925705,0.8565305393397246,0.9995831596359652,0.6562914664234827,0.34291223006575344,4,7.810249675906654,1.0259995981984522,1,1,1,1.0,1,1.0,0,159,cvc-colondb,unetpp,polypseg/runs_repeat/unetpp_seed42_fold0rep2/best.pth,False
0.9679621065176638,0.9379133388712445,0.958311793807849,0.9778087559303074,0.7476413108645303,0.4952802259077385,4,6.708203932499369,0.8812284914026979,1,1,1,1.0,1,1.0,0,16,cvc-colondb,unetpp,polypseg/runs_repeat/unetpp_seed42_fold0rep2/best.pth,False
0.8586056950423719,0.7522428413327732,0.7522428413327732,0.9999999999836628,0.200278114151757,0.0882932098144438,4,10.44030650891055,1.37149908488264,1,1,1,1.0,1,1.0,0,160,cvc-colondb,unetpp,polypseg/runs_repeat/unetpp_seed42_fold0rep2/best.pth,False
0.8953885567826971,0.8105914186211752,0.8702448471314118,0.9220284332269966,0.44959496558024337,0.1904691366451956,4,8.523450915439893,1.1196898405799542,1,1,1,1.0,1,1.0,0,161,cvc-colondb,unetpp,polypseg/runs_repeat/unetpp_seed42_fold0rep2/best.pth,False
0.916477736456729,0.8458319383855737,0.8894560816601047,0.9451926673972093,0.7735061704343864,0.4279167486485281,4,9.03600033978932,1.1870212992734708,1,1,1,1.0,1,1.0,0,162,cvc-colondb,unetpp,polypseg/runs_repeat/unetpp_seed42_fold0rep2/best.pth,False
0.9643664812605319,0.931185080253409,0.955547480608581,0.9733497840718895,0.866141023640201,0.7150384583120657,4,5.385164807134504,0.7074264149834693,1,1,1,1.0,1,1.0,0,163,cvc-colondb,unetpp,polypseg/runs_repeat/unetpp_seed42_fold0rep2/best.pth,False
0.9140837671287354,0.8417626880038546,0.8476527900722085,0.9918126230594692,0.5197464775603273,0.20268205912516846,4,10.0,1.3136578736573477,1,1,1,1.0,1,1.0,0,164,cvc-colondb,unetpp,polypseg/runs_repeat/unetpp_seed42_fold0rep2/best.pth,False
0.9492293023957205,0.9033648393126399,0.9033648393126399,0.9999999999916296,0.8177862854157218,0.42779511645845436,4,7.0,0.9195605115601433,1,1,1,1.0,1,1.0,0,165,cvc-colondb,unetpp,polypseg/runs_repeat/unetpp_seed42_fold0rep2/best.pth,False
0.83840304182268,0.7217675941044399,0.7422727736369362,0.9631369953609322,0.6264867655797638,0.38738031435104736,4,301.2482363961969,39.573711766725395,1,2,1,1.0,1,1.0,1,166,cvc-colondb,unetpp,polypseg/runs_repeat/unetpp_seed42_fold0rep2/best.pth,False
0.912932465205458,0.8398120962907831,0.9725282197610156,0.8602189341890987,0.7251293447077201,0.6275870537793489,4,16.0,2.101852597851756,1,1,1,1.0,1,1.0,0,167,cvc-colondb,unetpp,polypseg/runs_repeat/unetpp_seed42_fold0rep2/best.pth,False
0.8634753109622052,0.759750596965246,0.9564128256353305,0.7870001374084513,0.6252890249118591,0.4305613687318008,4,21.0,2.75868153468043,1,1,1,1.0,1,1.0,0,168,cvc-colondb,unetpp,polypseg/runs_repeat/unetpp_seed42_fold0rep2/best.pth,False
0.9527803258596392,0.9098189705438406,0.9454703077507978,0.9602042613051575,0.8336123157754917,0.4311055847752741,4,6.0,0.7881947241944085,1,1,1,1.0,1,1.0,0,169,cvc-colondb,unetpp,polypseg/runs_repeat/unetpp_seed42_fold0rep2/best.pth,False
0.9419260877458995,0.8902271163072513,0.893764035235387,0.9955743698239582,0.5490453310901132,0.3374051052537124,4,12.041594578792296,1.5818535529820132,1,1,1,1.0,1,1.0,0,17,cvc-colondb,unetpp,polypseg/runs_repeat/unetpp_seed42_fold0rep2/best.pth,False
0.9537294095850598,0.911551388639167,0.9513084414042031,0.9561627313589267,0.5776275173003942,0.3499274480655592,4,7.615773105863909,1.0004520304505997,1,1,1,1.0,1,1.0,0,170,cvc-colondb,unetpp,polypseg/runs_repeat/unetpp_seed42_fold0rep2/best.pth,False
0.9695068390001935,0.9408183146597084,0.9898880391055155,0.9499479807037738,0.6953895587482547,0.38757754250559373,4,11.388547388190378,1.4960654946016112,1,1,1,1.0,1,1.0,0,171,cvc-colondb,unetpp,polypseg/runs_repeat/unetpp_seed42_fold0rep2/best.pth,False
0.9323805586669085,0.8733266954212486,0.876332149190982,0.9960883280631408,0.6819838973238178,0.4475692247836141,4,9.0,1.1822920862916129,1,1,1,1.0,1,1.0,0,172,cvc-colondb,unetpp,polypseg/runs_repeat/unetpp_seed42_fold0rep2/best.pth,False
0.9112876052904391,0.8370324520219556,0.8636861313789809,0.9644421803263938,0.5260840901448165,0.2959986872811246,4,13.33222818281831,1.7513986525755665,1,1,1,1.0,1,1.0,0,173,cvc-colondb,unetpp,polypseg/runs_repeat/unetpp_seed42_fold0rep2/best.pth,False
0.9380436712175984,0.883316616506371,0.903556771535527,0.9752676264184168,0.7161325770261004,0.41586466602603944,4,6.0,0.7881947241944085,1,1,1,1.0,1,1.0,0,174,cvc-colondb,unetpp,polypseg/runs_repeat/unetpp_seed42_fold0rep2/best.pth,False
0.9309834749125946,0.8708784691952962,0.9544194107369633,0.9086709017332837,0.691332939361819,0.4611773093144948,4,14.0,1.8391210231202866,1,1,1,1.0,1,1.0,0,175,cvc-colondb,unetpp,polypseg/runs_repeat/unetpp_seed42_fold0rep2/best.pth,False
0.9193454545421115,0.8507301971811647,0.8559723726919286,0.9928526547204456,0.5080734260669059,0.3044053126274099,4,11.171322893123989,1.4675296277720906,1,1,1,1.0,1,1.0,0,176,cvc-colondb,unetpp,polypseg/runs_repeat/unetpp_seed42_fold0rep2/best.pth,False
0.8867599816378685,0.7965577656312834,0.7968041237031257,0.9996120020563941,0.34848171075379575,0.16522263368892992,4,14.0,1.8391210231202866,1,1,1,1.0,1,1.0,0,177,cvc-colondb,unetpp,polypseg/runs_repeat/unetpp_seed42_fold0rep2/best.pth,False
0.9457635915340225,0.897107692296651,0.914784136534704,0.9789148535995311,0.8401777169219375,0.5164307666334321,4,5.0,0.6568289368286738,1,1,1,1.0,1,1.0,0,178,cvc-colondb,unetpp,polypseg/runs_repeat/unetpp_seed42_fold0rep2/best.pth,False
0.9084184571979076,0.8322039367448402,0.8558628318489395,0.9678508881540174,0.41993534455776704,0.20702366496654137,4,8.0,1.050926298925878,1,1,1,1.0,1,1.0,0,179,cvc-colondb,unetpp,polypseg/runs_repeat/unetpp_seed42_fold0rep2/best.pth,False
0.9268835504322612,0.863730633153204,0.8788480635496595,0.9804736186055915,0.5026970954683447,0.23914372168509307,4,10.0,1.3136578736573477,1,1,1,1.0,1,1.0,0,18,cvc-colondb,unetpp,polypseg/runs_repeat/unetpp_seed42_fold0rep2/best.pth,False
0.8944318962948232,0.8090246935464616,0.810464495457018,0.9978089395194434,0.273042917930422,0.157961464078339,4,14.866068747318506,1.9528928260246379,1,1,1,1.0,1,1.0,0,180,cvc-colondb,unetpp,polypseg/runs_repeat/unetpp_seed42_fold0rep2/best.pth,False
0.9380896226369001,0.883398112151736,0.9230322954851765,0.9536463536368266,0.7048280896294211,0.34627117286936926,4,7.106076496631101,0.9334953340610866,1,1,1,1.0,1,1.0,0,181,cvc-colondb,unetpp,polypseg/runs_repeat/unetpp_seed42_fold0rep2/best.pth,False
0.9068744053228658,0.8296159286168031,0.8360745613943412,0.9907744282615544,0.4774073409470984,0.2915964313803612,4,12.206555615733702,1.6035237894844891,1,1,1,1.0,1,1.0,0,182,cvc-colondb,unetpp,polypseg/runs_repeat/unetpp_seed42_fold0rep2/best.pth,False
0.9401960784236911,0.8871415356014933,0.8969602494014504,0.9878111587813252,0.8252651986306329,0.5274390227322223,4,6.708203932499369,0.8812284914026979,1,1,1,1.0,1,1.0,0,183,cvc-colondb,unetpp,polypseg/runs_repeat/unetpp_seed42_fold0rep2/best.pth,False
0.9184689812114508,0.8492303644145609,0.8506852925560004,0.9979901051175326,0.6538658090737614,0.29171020439255946,4,7.0710678118654755,0.9288963906222114,1,1,1,1.0,1,1.0,0,184,cvc-colondb,unetpp,polypseg/runs_repeat/unetpp_seed42_fold0rep2/best.pth,False
0.8650256964989853,0.7621544327749725,0.7621544327749725,0.9999999999687305,0.5441145004599832,0.3268792211079824,4,8.602325267042627,1.1300512318812093,1,1,1,1.0,1,1.0,0,185,cvc-colondb,unetpp,polypseg/runs_repeat/unetpp_seed42_fold0rep2/best.pth,False
0.9548570689308646,0.9136138613635244,0.9632045928767431,0.9466529879213478,0.9999999500000026,0.7854357834932482,4,3.0,0.39409736209720425,1,1,1,1.0,1,1.0,0,186,cvc-colondb,unetpp,polypseg/runs_repeat/unetpp_seed42_fold0rep2/best.pth,False
0.9420401007895032,0.8904308201969671,0.9006913890446115,0.987367937506032,0.9122806517550042,0.612796070133839,4,4.242640687119285,0.5573378343733267,1,1,1,1.0,1,1.0,0,187,cvc-colondb,unetpp,polypseg/runs_repeat/unetpp_seed42_fold0rep2/best.pth,False
0.9194143288150283,0.8508481588570367,0.8515527950134254,0.9990284187272522,0.6941485182772555,0.4951309999001602,4,6.708203932499369,0.8812284914026979,1,1,1,1.0,1,1.0,0,188,cvc-colondb,unetpp,polypseg/runs_repeat/unetpp_seed42_fold0rep2/best.pth,False
0.9321311075854019,0.872889091728972,0.9606932060660468,0.905218317348181,0.7174694088617017,0.42533378761758067,4,9.0,1.1822920862916129,1,1,1,1.0,1,1.0,0,189,cvc-colondb,unetpp,polypseg/runs_repeat/unetpp_seed42_fold0rep2/best.pth,False
0.952393862167347,0.9091144350659431,0.9305467259963416,0.9752915047141849,0.6343260297744929,0.3574984843555919,4,7.176093866162352,0.9426932209388371,1,1,1,1.0,1,1.0,0,19,cvc-colondb,unetpp,polypseg/runs_repeat/unetpp_seed42_fold0rep2/best.pth,False
0.9084078956293394,0.8321862094752573,0.8323945424855127,0.99969933852977,0.5256764464109549,0.38462809493040134,4,8.0,1.050926298925878,1,1,1,1.0,1,1.0,0,190,cvc-colondb,unetpp,polypseg/runs_repeat/unetpp_seed42_fold0rep2/best.pth,False
0.9563070226795165,0.9162723554341464,0.9226358717522196,0.9925288854053294,0.8709166969748252,0.5281451529587636,4,6.0,0.7881947241944085,1,1,1,1.0,1,1.0,0,191,cvc-colondb,unetpp,polypseg/runs_repeat/unetpp_seed42_fold0rep2/best.pth,False
0.937932427650432,0.8831193532964039,0.9381693271273168,0.937695647774031,0.6735715515090718,0.447562424432298,4,7.211102550927978,0.9472921643777122,1,1,1,1.0,1,1.0,0,192,cvc-colondb,unetpp,polypseg/runs_repeat/unetpp_seed42_fold0rep2/best.pth,False
0.9070728145173917,0.8299480757419826,0.8393698355020514,0.9866557734115227,0.6414876399957649,0.40787733968224504,4,19.0,2.4959499599489603,1,1,1,1.0,1,1.0,0,193,cvc-colondb,unetpp,polypseg/runs_repeat/unetpp_seed42_fold0rep2/best.pth,False
0.9012416427854776,0.8202364394936006,0.8296405711413826,0.986368958011487,0.5573381110185148,0.4237221078245874,4,19.0,2.4959499599489603,1,1,1,1.0,1,1.0,0,194,cvc-colondb,unetpp,polypseg/runs_repeat/unetpp_seed42_fold0rep2/best.pth,False
0.8952494061704557,0.8103633627089833,0.8139509772074942,0.9945903153319093,0.5441882776759018,0.392000192119984,4,15.0,1.9704868104860214,1,1,1,1.0,1,1.0,0,195,cvc-colondb,unetpp,polypseg/runs_repeat/unetpp_seed42_fold0rep2/best.pth,False
0.9325321275527574,0.8735926875390302,0.8806607483888003,0.99089644707307,0.732315338513924,0.36189352725368024,4,6.324555320336759,0.8308301893941852,1,1,1,1.0,1,1.0,0,196,cvc-colondb,unetpp,polypseg/runs_repeat/unetpp_seed42_fold0rep2/best.pth,False
0.932030932028014,0.8727134146290295,0.8883385056046291,0.9802436615016118,0.6708387320199991,0.4611171014214613,4,14.0,1.8391210231202866,1,1,1,1.0,1,1.0,0,197,cvc-colondb,unetpp,polypseg/runs_repeat/unetpp_seed42_fold0rep2/best.pth,False
0.8992035625511757,0.8168663450938717,0.8183943881400094,0.9977194982706629,0.5492820021622609,0.27514787916915584,4,9.563808033429355,1.2563571725261866,1,1,1,1.0,1,1.0,0,198,cvc-colondb,unetpp,polypseg/runs_repeat/unetpp_seed42_fold0rep2/best.pth,False
0.9139650128311304,0.8415612974069097,0.8570148919397937,0.9790227679588255,0.6542073471716189,0.39299481839183803,4,15.0,1.9704868104860214,1,1,1,1.0,1,1.0,0,199,cvc-colondb,unetpp,polypseg/runs_repeat/unetpp_seed42_fold0rep2/best.pth,False
0.0,0.0,0.0,0.0,0.0,0.0,4,,,1,0,0,0.0,0,0.0,0,2,cvc-colondb,unetpp,polypseg/runs_repeat/unetpp_seed42_fold0rep2/best.pth,False
0.9549111740458373,0.9137129307396492,0.9161391916481423,0.9971099237120774,0.5069858457765001,0.22500367842622346,4,7.615773105863909,1.0004520304505997,1,1,1,1.0,1,1.0,0,20,cvc-colondb,unetpp,polypseg/runs_repeat/unetpp_seed42_fold0rep2/best.pth,False
0.9313973063875063,0.8716029932872863,0.9157872956566152,0.9475487047538526,0.9041478667192734,0.49641366703613227,4,4.815247584249841,0.6325587902659325,1,1,1,1.0,1,1.0,0,200,cvc-colondb,unetpp,polypseg/runs_repeat/unetpp_seed42_fold0rep2/best.pth,False
0.9132340052471112,0.840322580625799,0.840322580625799,0.9999999999725803,0.6977840141276479,0.5202437352652567,4,7.0,0.9195605115601433,1,1,1,1.0,1,1.0,0,201,cvc-colondb,unetpp,polypseg/runs_repeat/unetpp_seed42_fold0rep2/best.pth,False
0.8831456689383671,0.7907438278892533,0.7923162583455908,0.9974964950831413,0.32656574223028073,0.26539273150590775,4,18.33122332082068,2.4080955849167274,1,1,1,1.0,1,1.0,0,202,cvc-colondb,unetpp,polypseg/runs_repeat/unetpp_seed42_fold0rep2/best.pth,False
0.9341038926469104,0.8763554779898248,0.8800851170249082,0.9951875442180441,0.7293734151998125,0.5120025234339131,4,8.009338662244781,1.0521530796446064,1,1,1,1.0,1,1.0,0,203,cvc-colondb,unetpp,polypseg/runs_repeat/unetpp_seed42_fold0rep2/best.pth,False
0.474353003789007,0.31091923948795636,0.32826887660839527,0.8547111004350345,0.19355292954273212,0.11201862186321317,4,66.12864174012552,8.68704108961818,1,1,1,1.0,0,0.0,0,204,cvc-colondb,unetpp,polypseg/runs_repeat/unetpp_seed42_fold0rep2/best.pth,False
0.365123927164794,0.22333431458911454,0.22536884839860016,0.9611486486080597,0.264779722710762,0.1972220597430894,4,206.3225629929989,27.103725938891706,1,3,0,0.0,0,0.0,3,205,cvc-colondb,unetpp,polypseg/runs_repeat/unetpp_seed42_fold0rep2/best.pth,False
0.2431830829146178,0.13842255305582246,0.1385015212972965,0.9958979033274432,0.2087974129777305,0.1557807086369135,4,197.26910500946573,25.914411302502277,1,1,0,0.0,0,0.0,1,206,cvc-colondb,unetpp,polypseg/runs_repeat/unetpp_seed42_fold0rep2/best.pth,False
0.3053396331844468,0.18017747931298608,0.18027476153230382,0.9970139349370599,0.2540983244154849,0.23000888938375524,4,178.28698430354592,23.4208100700977,1,1,0,0.0,0,0.0,1,207,cvc-colondb,unetpp,polypseg/runs_repeat/unetpp_seed42_fold0rep2/best.pth,False
0.22413543625941154,0.1262120101024508,0.12641802007568417,0.9872530273430686,0.17011034272387235,0.14739895659585747,4,171.3849448992607,22.51411822932445,1,3,0,0.0,0,0.0,3,208,cvc-colondb,unetpp,polypseg/runs_repeat/unetpp_seed42_fold0rep2/best.pth,False
0.8172142526481997,0.6909233176658601,0.6909233176658601,0.99999999996225,0.3262866710019336,0.023529362325363394,4,9.848857801796104,1.2938029597861047,1,1,1,1.0,1,1.0,0,209,cvc-colondb,unetpp,polypseg/runs_repeat/unetpp_seed42_fold0rep2/best.pth,False
0.935361216727921,0.8785714285676931,0.8905744946735742,0.9848910919356327,0.5585508792007906,0.3653974756546354,4,13.200125844506012,1.7340449248903167,1,1,1,1.0,1,1.0,0,21,cvc-colondb,unetpp,polypseg/runs_repeat/unetpp_seed42_fold0rep2/best.pth,False
0.8722454059530548,0.7734354712961122,0.7734354712961122,0.9999999999832131,0.4572001690840334,0.21869028985709452,4,11.66587635601552,1.5324970328192873,1,1,1,1.0,1,1.0,0,210,cvc-colondb,unetpp,polypseg/runs_repeat/unetpp_seed42_fold0rep2/best.pth,False
0.9178332318858959,0.8481439819903241,0.9404427814009909,0.896285289734082,0.6441779434721331,0.4278724639543111,4,8.0,1.050926298925878,1,1,1,1.0,1,1.0,0,211,cvc-colondb,unetpp,polypseg/runs_repeat/unetpp_seed42_fold0rep2/best.pth,False
0.9240826028787547,0.8588787627667849,0.8741479867832608,0.98006775387237,0.5259305895170028,0.2978080187197097,4,11.0,1.4450236610230822,1,1,1,1.0,1,1.0,0,212,cvc-colondb,unetpp,polypseg/runs_repeat/unetpp_seed42_fold0rep2/best.pth,False
0.9062624017743223,0.8285921625484136,0.8440272028323179,0.9784061696574258,0.4086686806736443,0.2311696291711616,4,12.0,1.576389448388817,1,1,1,1.0,1,1.0,0,213,cvc-colondb,unetpp,polypseg/runs_repeat/unetpp_seed42_fold0rep2/best.pth,False
0.9212639482692603,0.8540216550574823,0.8648913256230184,0.9854975457275156,0.5368654991936961,0.3203660828176379,4,9.0,1.1822920862916129,1,1,1,1.0,1,1.0,0,214,cvc-colondb,unetpp,polypseg/runs_repeat/unetpp_seed42_fold0rep2/best.pth,False
0.9099521437595959,0.8347818295776831,0.8441605508666833,0.9868657981041534,0.5968299330994006,0.2795048079705001,4,13.11285686831969,1.722580767120999,1,1,1,1.0,1,1.0,0,215,cvc-colondb,unetpp,polypseg/runs_repeat/unetpp_seed42_fold0rep2/best.pth,False
0.9552868762323354,0.9144011446770944,0.9506475323683002,0.9599717239466291,0.8378043247434976,0.49147676151967007,4,5.0,0.6568289368286738,1,1,1,1.0,1,1.0,0,216,cvc-colondb,unetpp,polypseg/runs_repeat/unetpp_seed42_fold0rep2/best.pth,False
0.9160416162538347,0.8450892857048539,0.8511690647386334,0.9916186484940857,0.5313918816536912,0.3378735046003575,4,7.211102550927978,0.9472921643777122,1,1,1,1.0,1,1.0,0,217,cvc-colondb,unetpp,polypseg/runs_repeat/unetpp_seed42_fold0rep2/best.pth,False
0.958403147080065,0.9201286893228884,0.9316840564613017,0.9866999999950664,0.6938279666436705,0.45118714440361596,4,7.615773105863909,1.0004520304505997,1,1,1,1.0,1,1.0,0,218,cvc-colondb,unetpp,polypseg/runs_repeat/unetpp_seed42_fold0rep2/best.pth,False
0.949432057212314,0.9037321800368213,0.9336937334458644,0.9657100473499988,0.6115300469823419,0.3809380610472717,4,7.810249675906654,1.0259995981984522,1,1,1,1.0,1,1.0,0,219,cvc-colondb,unetpp,polypseg/runs_repeat/unetpp_seed42_fold0rep2/best.pth,False
0.9252538892144899,0.8609046173130515,0.8666209949364111,0.9923963550721597,0.44148179861236797,0.22569144839560154,4,12.0,1.576389448388817,1,1,1,1.0,1,1.0,0,22,cvc-colondb,unetpp,polypseg/runs_repeat/unetpp_seed42_fold0rep2/best.pth,False
0.9352967792318897,0.8784577345010164,0.892736552800214,0.9821181755271067,0.522583220828114,0.3460333026252644,4,7.162090392256099,0.9408536435632865,1,1,1,1.0,1,1.0,0,220,cvc-colondb,unetpp,polypseg/runs_repeat/unetpp_seed42_fold0rep2/best.pth,False
0.9076367624838552,0.8308928123100083,0.9894380231069206,0.8383284086041508,0.658698884079934,0.4976512537308783,4,21.075179177241353,2.768557506492248,1,1,1,1.0,1,1.0,0,221,cvc-colondb,unetpp,polypseg/runs_repeat/unetpp_seed42_fold0rep2/best.pth,False
0.9123232323191366,0.838781575030223,0.9961764705784688,0.8414906832228447,0.7158400924580742,0.5642471929789684,4,19.235384061671343,2.526871372543761,1,1,1,1.0,1,1.0,0,222,cvc-colondb,unetpp,polypseg/runs_repeat/unetpp_seed42_fold0rep2/best.pth,False
0.8733115022468618,0.7751135331446402,0.9987126974722209,0.7758887171490508,0.47273021555986744,0.2691876348402141,4,21.213203435596427,2.786689171866634,1,1,1,1.0,1,1.0,0,223,cvc-colondb,unetpp,polypseg/runs_repeat/unetpp_seed42_fold0rep2/best.pth,False
0.8927384429359175,0.8062579588719982,0.9411764705682486,0.8490421455776046,0.5046089249897039,0.2781631895621521,4,7.810249675906654,1.0259995981984522,1,1,1,1.0,1,1.0,0,224,cvc-colondb,unetpp,polypseg/runs_repeat/unetpp_seed42_fold0rep2/best.pth,False
0.9069049553061429,0.8296670629955509,0.9094167480967933,0.9044069993226052,0.769936670585172,0.5000426741134826,4,6.708203932499369,0.8812284914026979,1,1,1,1.0,1,1.0,0,225,cvc-colondb,unetpp,polypseg/runs_repeat/unetpp_seed42_fold0rep2/best.pth,False
0.8800890868557679,0.7858563360052035,0.9549540840893672,0.8161090458420809,0.526918086391122,0.2449554357026929,4,21.095023109728988,2.7711643203079186,1,1,1,1.0,1,1.0,0,226,cvc-colondb,unetpp,polypseg/runs_repeat/unetpp_seed42_fold0rep2/best.pth,False
0.8310176523894077,0.7108898214656648,0.7442400774432285,0.9407025337883725,0.35873679219931104,0.23269972348819487,4,93.08105620895968,12.2276662377242,1,1,1,1.0,1,1.0,0,227,cvc-colondb,unetpp,polypseg/runs_repeat/unetpp_seed42_fold0rep2/best.pth,False
0.9655050645841785,0.9333105765240773,0.978323917135634,0.95301779489827,0.6793375525747595,0.44751646858169325,4,18.788294228055936,2.4681390645276577,1,1,1,1.0,1,1.0,0,228,cvc-colondb,unetpp,polypseg/runs_repeat/unetpp_seed42_fold0rep2/best.pth,False
0.9415810292374295,0.8896108774005047,0.89162023791262,0.9974731522383766,0.5420308847730816,0.3981259880313252,4,13.508939186867092,1.7746124327586241,1,1,1,1.0,1,1.0,0,229,cvc-colondb,unetpp,polypseg/runs_repeat/unetpp_seed42_fold0rep2/best.pth,False
0.8952261755739459,0.8103252953508641,0.810893975378909,0.9991352933284612,0.3172425119519483,0.1343011471103849,4,20.0,2.6273157473146953,1,1,1,1.0,1,1.0,0,23,cvc-colondb,unetpp,polypseg/runs_repeat/unetpp_seed42_fold0rep2/best.pth,False
0.9561500712333191,0.9159842280805824,0.9258123850341765,0.9885433715156232,0.7500182334075064,0.46933010444543516,4,6.0,0.7881947241944085,1,1,1,1.0,1,1.0,0,230,cvc-colondb,unetpp,polypseg/runs_repeat/unetpp_seed42_fold0rep2/best.pth,False
0.9225356970344034,0.8562099871849397,0.8732044920230713,0.9777745284255334,0.6650749841123715,0.3446123358722854,4,6.324555320336759,0.8308301893941852,1,1,1,1.0,1,1.0,0,231,cvc-colondb,unetpp,polypseg/runs_repeat/unetpp_seed42_fold0rep2/best.pth,False
0.9531637602245431,0.9105184975531546,0.934378629493798,0.9727197158545098,0.7369227120864161,0.4475791415490225,4,5.830951894845301,0.765987586758076,1,1,1,1.0,1,1.0,0,232,cvc-colondb,unetpp,polypseg/runs_repeat/unetpp_seed42_fold0rep2/best.pth,False
0.9608123942163754,0.9245803056820059,0.9383940492025024,0.9843281093632255,0.8219810297735957,0.5570838564653072,4,6.560960958218908,0.8618858021522724,1,1,1,1.0,1,1.0,0,233,cvc-colondb,unetpp,polypseg/runs_repeat/unetpp_seed42_fold0rep2/best.pth,False
0.95523331620785,0.9143030027916624,0.9267095982756308,0.9855686913902522,0.8229468020831887,0.42228525873869327,4,4.47213595499958,0.5874856609351319,1,1,1,1.0,1,1.0,0,234,cvc-colondb,unetpp,polypseg/runs_repeat/unetpp_seed42_fold0rep2/best.pth,False
0.9311483739778255,0.8711671024379466,0.8983944110687782,0.9663810151487623,0.554400046840984,0.3876709026134216,4,6.352054441320388,0.8344426330740652,1,1,1,1.0,1,1.0,0,235,cvc-colondb,unetpp,polypseg/runs_repeat/unetpp_seed42_fold0rep2/best.pth,False
0.9697771246608626,0.9413275009464562,0.9482709071704748,0.9922814755363257,0.8754775700890606,0.5614687102519595,4,6.0,0.7881947241944085,1,1,1,1.0,1,1.0,0,236,cvc-colondb,unetpp,polypseg/runs_repeat/unetpp_seed42_fold0rep2/best.pth,False
0.9424308271752246,0.8911292531891646,0.9196234203134782,0.9663982887163421,0.47438683223629646,0.2754865181914352,4,13.038404810405298,1.7128003139120755,1,1,1,1.0,1,1.0,0,237,cvc-colondb,unetpp,polypseg/runs_repeat/unetpp_seed42_fold0rep2/best.pth,False
0.9693147964234206,0.9404566913930679,0.9577119309230844,0.9812022517055984,0.738612036233466,0.48563331487564293,4,6.4031242374328485,0.841151457050986,1,1,1,1.0,1,1.0,0,238,cvc-colondb,unetpp,polypseg/runs_repeat/unetpp_seed42_fold0rep2/best.pth,False
0.9530998811748256,0.910401922816084,0.9189917778635082,0.9898373983691936,0.64532175609507,0.5135645554288032,4,10.63014581273465,1.3964374745024557,1,1,1,1.0,1,1.0,0,239,cvc-colondb,unetpp,polypseg/runs_repeat/unetpp_seed42_fold0rep2/best.pth,False
0.9352480522322993,0.8783717693056003,0.8977582958399748,0.9760053507191037,0.37188808615084523,0.1542500360943578,4,10.198039027185569,1.339673426392724,1,1,1,1.0,1,1.0,0,24,cvc-colondb,unetpp,polypseg/runs_repeat/unetpp_seed42_fold0rep2/best.pth,False
0.9497259497229581,0.9042648911228824,0.9292935519607366,0.9710770419932293,0.6754485831570793,0.48561365292694925,4,8.602325267042627,1.1300512318812093,1,1,1,1.0,1,1.0,0,240,cvc-colondb,unetpp,polypseg/runs_repeat/unetpp_seed42_fold0rep2/best.pth,False
0.9453409682412316,0.8963474827165363,0.9766304879145729,0.9159941305858768,0.8222695129156358,0.5411663166342972,4,9.537700299491478,1.252927509501102,1,1,1,1.0,1,1.0,0,241,cvc-colondb,unetpp,polypseg/runs_repeat/unetpp_seed42_fold0rep2/best.pth,False
0.92742435072229,0.8646703394271843,0.8720315440373507,0.9903317728374685,0.6698369647159744,0.2654204485789851,4,10.0,1.3136578736573477,1,1,1,1.0,1,1.0,0,242,cvc-colondb,unetpp,polypseg/runs_repeat/unetpp_seed42_fold0rep2/best.pth,False
0.9308355634794478,0.8706196462246009,0.8756853530169443,0.9933993399213836,0.6933514391512824,0.408741828346392,4,7.615773105863909,1.0004520304505997,1,1,1,1.0,1,1.0,0,243,cvc-colondb,unetpp,polypseg/runs_repeat/unetpp_seed42_fold0rep2/best.pth,False
0.0,0.0,0.0,0.0,0.0,0.0,4,,,1,0,0,0.0,0,0.0,0,244,cvc-colondb,unetpp,polypseg/runs_repeat/unetpp_seed42_fold0rep2/best.pth,False
0.92742435072229,0.8646703394271843,0.8720315440373507,0.9903317728374685,0.6698369647159744,0.2654204485789851,4,10.0,1.3136578736573477,1,1,1,1.0,1,1.0,0,245,cvc-colondb,unetpp,polypseg/runs_repeat/unetpp_seed42_fold0rep2/best.pth,False
0.9308355634794478,0.8706196462246009,0.8756853530169443,0.9933993399213836,0.6933514391512824,0.408741828346392,4,7.615773105863909,1.0004520304505997,1,1,1,1.0,1,1.0,0,246,cvc-colondb,unetpp,polypseg/runs_repeat/unetpp_seed42_fold0rep2/best.pth,False
0.0,0.0,0.0,0.0,0.0,0.0,4,,,1,0,0,0.0,0,0.0,0,247,cvc-colondb,unetpp,polypseg/runs_repeat/unetpp_seed42_fold0rep2/best.pth,False
0.92742435072229,0.8646703394271843,0.8720315440373507,0.9903317728374685,0.6698369647159744,0.2654204485789851,4,10.0,1.3136578736573477,1,1,1,1.0,1,1.0,0,248,cvc-colondb,unetpp,polypseg/runs_repeat/unetpp_seed42_fold0rep2/best.pth,False
0.9308355634794478,0.8706196462246009,0.8756853530169443,0.9933993399213836,0.6933514391512824,0.408741828346392,4,7.615773105863909,1.0004520304505997,1,1,1,1.0,1,1.0,0,249,cvc-colondb,unetpp,polypseg/runs_repeat/unetpp_seed42_fold0rep2/best.pth,False
0.9246316264837993,0.8598278034349031,0.9656839622527631,0.8869273258866356,0.74024723682135,0.46001729618293186,4,11.704699910719626,1.537597119651329,1,1,1,1.0,1,1.0,0,25,cvc-colondb,unetpp,polypseg/runs_repeat/unetpp_seed42_fold0rep2/best.pth,False
0.0,0.0,0.0,0.0,0.0,0.0,4,,,1,0,0,0.0,0,0.0,0,250,cvc-colondb,unetpp,polypseg/runs_repeat/unetpp_seed42_fold0rep2/best.pth,False
0.92742435072229,0.8646703394271843,0.8720315440373507,0.9903317728374685,0.6698369647159744,0.2654204485789851,4,10.0,1.3136578736573477,1,1,1,1.0,1,1.0,0,251,cvc-colondb,unetpp,polypseg/runs_repeat/unetpp_seed42_fold0rep2/best.pth,False
0.9308355634794478,0.8706196462246009,0.8756853530169443,0.9933993399213836,0.6933514391512824,0.408741828346392,4,7.615773105863909,1.0004520304505997,1,1,1,1.0,1,1.0,0,252,cvc-colondb,unetpp,polypseg/runs_repeat/unetpp_seed42_fold0rep2/best.pth,False
0.0,0.0,0.0,0.0,0.0,0.0,4,,,1,0,0,0.0,0,0.0,0,253,cvc-colondb,unetpp,polypseg/runs_repeat/unetpp_seed42_fold0rep2/best.pth,False
0.92742435072229,0.8646703394271843,0.8720315440373507,0.9903317728374685,0.6698369647159744,0.2654204485789851,4,10.0,1.3136578736573477,1,1,1,1.0,1,1.0,0,254,cvc-colondb,unetpp,polypseg/runs_repeat/unetpp_seed42_fold0rep2/best.pth,False
0.9308355634794478,0.8706196462246009,0.8756853530169443,0.9933993399213836,0.6933514391512824,0.408741828346392,4,7.615773105863909,1.0004520304505997,1,1,1,1.0,1,1.0,0,255,cvc-colondb,unetpp,polypseg/runs_repeat/unetpp_seed42_fold0rep2/best.pth,False
0.0,0.0,0.0,0.0,0.0,0.0,4,,,1,0,0,0.0,0,0.0,0,256,cvc-colondb,unetpp,polypseg/runs_repeat/unetpp_seed42_fold0rep2/best.pth,False
0.92742435072229,0.8646703394271843,0.8720315440373507,0.9903317728374685,0.6698369647159744,0.2654204485789851,4,10.0,1.3136578736573477,1,1,1,1.0,1,1.0,0,257,cvc-colondb,unetpp,polypseg/runs_repeat/unetpp_seed42_fold0rep2/best.pth,False
0.9308355634794478,0.8706196462246009,0.8756853530169443,0.9933993399213836,0.6933514391512824,0.408741828346392,4,7.615773105863909,1.0004520304505997,1,1,1,1.0,1,1.0,0,258,cvc-colondb,unetpp,polypseg/runs_repeat/unetpp_seed42_fold0rep2/best.pth,False
0.0,0.0,0.0,0.0,0.0,0.0,4,,,1,0,0,0.0,0,0.0,0,259,cvc-colondb,unetpp,polypseg/runs_repeat/unetpp_seed42_fold0rep2/best.pth,False
0.9015263035492249,0.8207081393592791,0.847610722598374,0.9627668376474803,0.6555521799229682,0.362651596448987,4,12.912811813689565,1.6963016910108912,1,1,1,1.0,1,1.0,0,26,cvc-colondb,unetpp,polypseg/runs_repeat/unetpp_seed42_fold0rep2/best.pth,False
0.92742435072229,0.8646703394271843,0.8720315440373507,0.9903317728374685,0.6698369647159744,0.2654204485789851,4,10.0,1.3136578736573477,1,1,1,1.0,1,1.0,0,260,cvc-colondb,unetpp,polypseg/runs_repeat/unetpp_seed42_fold0rep2/best.pth,False
0.9308355634794478,0.8706196462246009,0.8756853530169443,0.9933993399213836,0.6933514391512824,0.408741828346392,4,7.615773105863909,1.0004520304505997,1,1,1,1.0,1,1.0,0,261,cvc-colondb,unetpp,polypseg/runs_repeat/unetpp_seed42_fold0rep2/best.pth,False
0.0,0.0,0.0,0.0,0.0,0.0,4,,,1,0,0,0.0,0,0.0,0,262,cvc-colondb,unetpp,polypseg/runs_repeat/unetpp_seed42_fold0rep2/best.pth,False
0.92742435072229,0.8646703394271843,0.8720315440373507,0.9903317728374685,0.6698369647159744,0.2654204485789851,4,10.0,1.3136578736573477,1,1,1,1.0,1,1.0,0,263,cvc-colondb,unetpp,polypseg/runs_repeat/unetpp_seed42_fold0rep2/best.pth,False
0.2207487221985889,0.12406832298098115,0.12425741034454836,0.9878832838529208,0.27697045448827573,0.1934256032160588,4,134.53363886935583,17.673117397250344,1,1,0,0.0,0,0.0,1,264,cvc-colondb,unetpp,polypseg/runs_repeat/unetpp_seed42_fold0rep2/best.pth,False
0.13076843662870236,0.0699583931660408,0.07017284680146592,0.9581442258961638,0.2207533073687772,0.1326285467546003,4,244.5356799691387,32.12362213816124,1,1,0,0.0,0,0.0,1,265,cvc-colondb,unetpp,polypseg/runs_repeat/unetpp_seed42_fold0rep2/best.pth,False
0.5173806006880419,0.34896386822413333,0.34896386822413333,0.9999999999904834,0.10313925548603085,0.03201402410785234,4,235.93494553535405,30.993779887343532,1,3,1,1.0,0,0.0,2,266,cvc-colondb,unetpp,polypseg/runs_repeat/unetpp_seed42_fold0rep2/best.pth,False
0.0,0.0,0.0,0.0,0.0,0.0,4,,,1,0,0,0.0,0,0.0,0,267,cvc-colondb,unetpp,polypseg/runs_repeat/unetpp_seed42_fold0rep2/best.pth,False
0.7397422603949083,0.5869769628446879,0.6410783055034384,0.8742997198573424,0.5246481069015555,0.41478860264246215,4,35.0,4.5978025578007164,1,2,1,1.0,1,1.0,1,268,cvc-colondb,unetpp,polypseg/runs_repeat/unetpp_seed42_fold0rep2/best.pth,False
0.2415213477043102,0.13734676129790066,0.13757832916475798,0.9878934624498004,0.3038516008029136,0.2557375872367326,4,138.58066227951096,18.204757814012936,1,1,0,0.0,0,0.0,1,269,cvc-colondb,unetpp,polypseg/runs_repeat/unetpp_seed42_fold0rep2/best.pth,False
0.0,0.0,0.0,0.0,0.0,0.0,4,,,1,0,0,0.0,0,0.0,0,27,cvc-colondb,unetpp,polypseg/runs_repeat/unetpp_seed42_fold0rep2/best.pth,False
0.0,0.0,0.0,0.0,0.0,0.0,4,,,1,0,0,0.0,0,0.0,0,270,cvc-colondb,unetpp,polypseg/runs_repeat/unetpp_seed42_fold0rep2/best.pth,False
0.2207487221985889,0.12406832298098115,0.12425741034454836,0.9878832838529208,0.27697045448827573,0.1934256032160588,4,134.53363886935583,17.673117397250344,1,1,0,0.0,0,0.0,1,271,cvc-colondb,unetpp,polypseg/runs_repeat/unetpp_seed42_fold0rep2/best.pth,False
0.13076843662870236,0.0699583931660408,0.07017284680146592,0.9581442258961638,0.2207533073687772,0.1326285467546003,4,244.5356799691387,32.12362213816124,1,1,0,0.0,0,0.0,1,272,cvc-colondb,unetpp,polypseg/runs_repeat/unetpp_seed42_fold0rep2/best.pth,False
0.32591214594237305,0.19468043158692805,0.1958811224114698,0.9694751874157538,0.3234647296758688,0.26634664984573014,4,122.16831640461606,16.0487370756386,1,1,0,0.0,0,0.0,1,273,cvc-colondb,unetpp,polypseg/runs_repeat/unetpp_seed42_fold0rep2/best.pth,False
0.38008960337205133,0.23463618985547388,0.8938642702061689,0.24136055560103187,0.307112501619312,0.18573301383109983,4,240.0164544068173,31.529950513883534,1,1,0,0.0,0,0.0,1,274,cvc-colondb,unetpp,polypseg/runs_repeat/unetpp_seed42_fold0rep2/best.pth,False
0.5515900495377628,0.38082453752940004,0.9696600805228048,0.38541705437754337,0.49339072867165373,0.3832048156259162,4,202.9826212264273,26.66497185897033,1,1,1,1.0,0,0.0,0,275,cvc-colondb,unetpp,polypseg/runs_repeat/unetpp_seed42_fold0rep2/best.pth,False
0.7245633712533166,0.5680904522597205,0.9782232477599354,0.5753668674171534,0.3160280072834961,0.18971621323475607,4,140.4683179269259,18.452731184410972,1,1,1,1.0,1,1.0,0,276,cvc-colondb,unetpp,polypseg/runs_repeat/unetpp_seed42_fold0rep2/best.pth,False
0.744436809554563,0.5929106676745267,0.9452348993225151,0.6140029645103583,0.5411690217670052,0.28946876617554335,4,124.70362937884505,16.381790460716754,1,1,1,1.0,1,1.0,0,277,cvc-colondb,unetpp,polypseg/runs_repeat/unetpp_seed42_fold0rep2/best.pth,False
0.0,0.0,0.0,0.0,0.0,0.0,4,,,1,0,0,0.0,0,0.0,0,278,cvc-colondb,unetpp,polypseg/runs_repeat/unetpp_seed42_fold0rep2/best.pth,False
0.7427846495377647,0.5908173562028718,0.9549828739116376,0.6077434087574852,0.4336653617379087,0.2934399479297492,4,102.96358433657122,13.525892326371913,1,1,1,1.0,1,1.0,0,279,cvc-colondb,unetpp,polypseg/runs_repeat/unetpp_seed42_fold0rep2/best.pth,False
0.8378727921999076,0.7209819945494619,0.9336229888973,0.7599355719711477,0.4132903058407857,0.22203661337228722,4,58.25501013621183,7.652715274542326,1,1,1,1.0,1,1.0,0,28,cvc-colondb,unetpp,polypseg/runs_repeat/unetpp_seed42_fold0rep2/best.pth,False
0.8198647448568213,0.6947210002275137,0.9281571417452001,0.734201994245218,0.41712648906237876,0.24478448197622107,4,76.63815371661472,10.067631405239304,1,1,1,1.0,1,1.0,0,280,cvc-colondb,unetpp,polypseg/runs_repeat/unetpp_seed42_fold0rep2/best.pth,False
0.8401437409667686,0.7243516034194176,0.9562320796006389,0.7491906177684229,0.6043343167538116,0.3526471857965626,4,71.26757533886256,9.3621211480365,1,1,1,1.0,1,1.0,0,281,cvc-colondb,unetpp,polypseg/runs_repeat/unetpp_seed42_fold0rep2/best.pth,False
0.8859857482137443,0.7953091684357888,0.8925386121286432,0.8795284029916448,0.4490080148155506,0.17378043781651126,4,16.97056274847714,2.229351337493307,1,1,1,1.0,1,1.0,0,282,cvc-colondb,unetpp,polypseg/runs_repeat/unetpp_seed42_fold0rep2/best.pth,False
0.9176482797938994,0.8478281714368795,0.863560894610181,0.9789636846658661,0.4901359757265934,0.21606145609186805,4,8.94427190999916,1.1749713218702638,1,1,1,1.0,1,1.0,0,283,cvc-colondb,unetpp,polypseg/runs_repeat/unetpp_seed42_fold0rep2/best.pth,False
0.9145618873360605,0.8425739585387272,0.890608381190754,0.939839497160672,0.45966614578318854,0.2813845653847426,4,17.0,2.2332183852174907,1,1,1,1.0,1,1.0,0,284,cvc-colondb,unetpp,polypseg/runs_repeat/unetpp_seed42_fold0rep2/best.pth,False
0.8909131194739138,0.8032852386201852,0.9980693915770419,0.8045353490404422,0.3591634404531106,0.2296941483505911,4,35.00499898000812,4.598459252745508,1,1,1,1.0,1,1.0,0,285,cvc-colondb,unetpp,polypseg/runs_repeat/unetpp_seed42_fold0rep2/best.pth,False
0.36976831091094503,0.22681948424003776,0.9442920195521377,0.22989573955150613,0.22089871520266965,0.10629976697546477,4,243.2627141543265,31.95639798160877,1,1,0,0.0,0,0.0,1,286,cvc-colondb,unetpp,polypseg/runs_repeat/unetpp_seed42_fold0rep2/best.pth,False
0.4891328331848821,0.323743108546045,0.9234534471888829,0.3326705184950376,0.36273548431023916,0.22470043895534503,4,211.53250341259616,27.78813386424067,1,1,1,1.0,0,0.0,0,287,cvc-colondb,unetpp,polypseg/runs_repeat/unetpp_seed42_fold0rep2/best.pth,False
0.6059052457397732,0.4346227140502336,0.9460049483266918,0.4456786314222439,0.4453683161947845,0.25202884615047616,4,182.43080841051628,23.96516678661498,1,1,1,1.0,0,0.0,0,288,cvc-colondb,unetpp,polypseg/runs_repeat/unetpp_seed42_fold0rep2/best.pth,False
0.7731798145600145,0.6302307573156877,0.9781271031584553,0.6392397109624905,0.4198017437979782,0.2704223316049604,4,135.0,17.73438129437419,1,1,1,1.0,1,1.0,0,289,cvc-colondb,unetpp,polypseg/runs_repeat/unetpp_seed42_fold0rep2/best.pth,False
0.0,0.0,0.0,0.0,0.0,0.0,4,,,1,0,0,0.0,0,0.0,0,29,cvc-colondb,unetpp,polypseg/runs_repeat/unetpp_seed42_fold0rep2/best.pth,False
0.6196007031622941,0.4488561422638429,0.9047488082058603,0.4711189612351006,0.31503851809583644,0.12702386577137836,4,173.79138398597513,22.83024199469837,1,1,1,1.0,0,0.0,0,290,cvc-colondb,unetpp,polypseg/runs_repeat/unetpp_seed42_fold0rep2/best.pth,False
0.735048120987812,0.5810878130493135,0.907169117640645,0.6178255007674411,0.4514752300948172,0.2781879733844127,4,133.7908464003144,17.575539879705378,1,1,1,1.0,1,1.0,0,291,cvc-colondb,unetpp,polypseg/runs_repeat/unetpp_seed42_fold0rep2/best.pth,False
0.0,0.0,0.0,0.0,0.0,0.0,4,,,1,0,0,0.0,0,0.0,0,292,cvc-colondb,unetpp,polypseg/runs_repeat/unetpp_seed42_fold0rep2/best.pth,False
0.4028000918047479,0.2521914068101155,0.9380010689303759,0.25646646207678664,0.2851082298808211,0.12529169670750517,4,222.1043576383748,29.176913818525854,1,1,1,1.0,0,0.0,0,293,cvc-colondb,unetpp,polypseg/runs_repeat/unetpp_seed42_fold0rep2/best.pth,False
0.38008960337205133,0.23463618985547388,0.8938642702061689,0.24136055560103187,0.307112501619312,0.18573301383109983,4,240.0164544068173,31.529950513883534,1,1,0,0.0,0,0.0,1,294,cvc-colondb,unetpp,polypseg/runs_repeat/unetpp_seed42_fold0rep2/best.pth,False
0.5515900495377628,0.38082453752940004,0.9696600805228048,0.38541705437754337,0.49339072867165373,0.3832048156259162,4,202.9826212264273,26.66497185897033,1,1,1,1.0,0,0.0,0,295,cvc-colondb,unetpp,polypseg/runs_repeat/unetpp_seed42_fold0rep2/best.pth,False
0.7245633712533166,0.5680904522597205,0.9782232477599354,0.5753668674171534,0.3160280072834961,0.18971621323475607,4,140.4683179269259,18.452731184410972,1,1,1,1.0,1,1.0,0,296,cvc-colondb,unetpp,polypseg/runs_repeat/unetpp_seed42_fold0rep2/best.pth,False
0.744436809554563,0.5929106676745267,0.9452348993225151,0.6140029645103583,0.5411690217670052,0.28946876617554335,4,124.70362937884505,16.381790460716754,1,1,1,1.0,1,1.0,0,297,cvc-colondb,unetpp,polypseg/runs_repeat/unetpp_seed42_fold0rep2/best.pth,False
0.0,0.0,0.0,0.0,0.0,0.0,4,,,1,0,0,0.0,0,0.0,0,298,cvc-colondb,unetpp,polypseg/runs_repeat/unetpp_seed42_fold0rep2/best.pth,False
0.7427846495377647,0.5908173562028718,0.9549828739116376,0.6077434087574852,0.4336653617379087,0.2934399479297492,4,102.96358433657122,13.525892326371913,1,1,1,1.0,1,1.0,0,299,cvc-colondb,unetpp,polypseg/runs_repeat/unetpp_seed42_fold0rep2/best.pth,False
0.8742011112153573,0.7765162320946167,0.8228536880240456,0.9323833664387724,0.43189110659708424,0.21186270876762553,4,24.9607950630559,3.2789944967330835,1,1,1,1.0,1,1.0,0,3,cvc-colondb,unetpp,polypseg/runs_repeat/unetpp_seed42_fold0rep2/best.pth,False
0.0,0.0,0.0,0.0,0.0,0.0,4,,,1,0,0,0.0,0,0.0,0,30,cvc-colondb,unetpp,polypseg/runs_repeat/unetpp_seed42_fold0rep2/best.pth,False
0.8198647448568213,0.6947210002275137,0.9281571417452001,0.734201994245218,0.41712648906237876,0.24478448197622107,4,76.63815371661472,10.067631405239304,1,1,1,1.0,1,1.0,0,300,cvc-colondb,unetpp,polypseg/runs_repeat/unetpp_seed42_fold0rep2/best.pth,False
0.0,0.0,0.0,0.0,0.0,0.0,4,,,1,0,0,0.0,0,0.0,0,301,cvc-colondb,unetpp,polypseg/runs_repeat/unetpp_seed42_fold0rep2/best.pth,False
0.0922306899066298,0.0483447812157728,0.9999999999863649,0.0483447812157728,0.0,0.0,4,240.57805265414956,31.60372530982755,1,1,0,0.0,0,0.0,1,302,cvc-colondb,unetpp,polypseg/runs_repeat/unetpp_seed42_fold0rep2/best.pth,False
0.0,0.0,0.0,0.0,0.0,0.0,4,,,1,0,0,0.0,0,0.0,0,303,cvc-colondb,unetpp,polypseg/runs_repeat/unetpp_seed42_fold0rep2/best.pth,False
0.0,0.0,0.0,0.0,0.0,0.0,4,,,1,0,0,0.0,0,0.0,0,304,cvc-colondb,unetpp,polypseg/runs_repeat/unetpp_seed42_fold0rep2/best.pth,False
0.0,0.0,0.0,0.0,0.0,0.0,4,,,1,0,0,0.0,0,0.0,0,305,cvc-colondb,unetpp,polypseg/runs_repeat/unetpp_seed42_fold0rep2/best.pth,False
0.0008172207539289042,0.0004087774076550886,0.9999999978723404,0.0004087774076550886,0.0,0.0,4,331.44403685178685,43.54040686871259,1,0,0,0.0,0,0.0,0,306,cvc-colondb,unetpp,polypseg/runs_repeat/unetpp_seed42_fold0rep2/best.pth,False
0.0,0.0,0.0,0.0,0.0,0.0,4,,,1,0,0,0.0,0,0.0,0,307,cvc-colondb,unetpp,polypseg/runs_repeat/unetpp_seed42_fold0rep2/best.pth,False
0.0,0.0,0.0,0.0,0.0,0.0,4,,,1,0,0,0.0,0,0.0,0,308,cvc-colondb,unetpp,polypseg/runs_repeat/unetpp_seed42_fold0rep2/best.pth,False
0.0,0.0,0.0,0.0,0.0,0.0,4,,,1,0,0,0.0,0,0.0,0,309,cvc-colondb,unetpp,polypseg/runs_repeat/unetpp_seed42_fold0rep2/best.pth,False
0.939571005913685,0.8860291553261768,0.8860291553261768,0.9999999999921277,0.6211672190072459,0.25584945029500583,4,7.280109889280518,0.9563573677144073,1,1,1,1.0,1,1.0,0,31,cvc-colondb,unetpp,polypseg/runs_repeat/unetpp_seed42_fold0rep2/best.pth,False
0.0013122563641669587,0.0006565589689261915,0.9999999991596639,0.0006565589689261915,0.0,0.0,4,333.4480436465735,43.803664799196014,1,1,0,0.0,0,0.0,1,310,cvc-colondb,unetpp,polypseg/runs_repeat/unetpp_seed42_fold0rep2/best.pth,False
0.0,0.0,0.0,0.0,0.0,0.0,4,,,1,0,0,0.0,0,0.0,0,311,cvc-colondb,unetpp,polypseg/runs_repeat/unetpp_seed42_fold0rep2/best.pth,False
0.00958051901883258,0.00481331654476669,0.9182282792302848,0.004815380629479407,0.043460570020026984,0.03775067609724998,4,304.00940860919474,39.936435328538245,1,2,0,0.0,0,0.0,2,312,cvc-colondb,unetpp,polypseg/runs_repeat/unetpp_seed42_fold0rep2/best.pth,False
0.0,0.0,0.0,0.0,0.0,0.0,4,,,1,0,0,0.0,0,0.0,0,313,cvc-colondb,unetpp,polypseg/runs_repeat/unetpp_seed42_fold0rep2/best.pth,False
0.0,0.0,0.0,0.0,0.0,0.0,4,,,1,0,0,0.0,0,0.0,0,314,cvc-colondb,unetpp,polypseg/runs_repeat/unetpp_seed42_fold0rep2/best.pth,False
0.0,0.0,0.0,0.0,0.0,0.0,4,,,1,0,0,0.0,0,0.0,0,315,cvc-colondb,unetpp,polypseg/runs_repeat/unetpp_seed42_fold0rep2/best.pth,False
0.0,0.0,0.0,0.0,0.0,0.0,4,,,1,0,0,0.0,0,0.0,0,316,cvc-colondb,unetpp,polypseg/runs_repeat/unetpp_seed42_fold0rep2/best.pth,False
0.0,0.0,0.0,0.0,0.0,0.0,4,,,1,0,0,0.0,0,0.0,0,317,cvc-colondb,unetpp,polypseg/runs_repeat/unetpp_seed42_fold0rep2/best.pth,False
0.01383370656648321,0.006965029369503933,0.9999999998694518,0.006965029369503933,0.0,0.0,4,221.95528815159417,29.157331188022706,1,2,0,0.0,0,0.0,2,318,cvc-colondb,unetpp,polypseg/runs_repeat/unetpp_seed42_fold0rep2/best.pth,False
0.0,0.0,0.0,0.0,0.0,0.0,4,,,1,0,0,0.0,0,0.0,0,319,cvc-colondb,unetpp,polypseg/runs_repeat/unetpp_seed42_fold0rep2/best.pth,False
0.9536142036995771,0.9113409290064458,0.9205056478137441,0.989193302888169,0.5726367955540325,0.16459287651895158,4,7.615773105863909,1.0004520304505997,1,1,1,1.0,1,1.0,0,32,cvc-colondb,unetpp,polypseg/runs_repeat/unetpp_seed42_fold0rep2/best.pth,False
0.0,0.0,0.0,0.0,0.0,0.0,4,,,1,0,0,0.0,0,0.0,0,320,cvc-colondb,unetpp,polypseg/runs_repeat/unetpp_seed42_fold0rep2/best.pth,False
0.0,0.0,0.0,0.0,0.0,0.0,4,,,1,0,0,0.0,0,0.0,0,321,cvc-colondb,unetpp,polypseg/runs_repeat/unetpp_seed42_fold0rep2/best.pth,False
0.11596742675532098,0.06155277164640631,0.9461023487921694,0.06176936867522427,0.18966227971791366,0.1206357176161658,4,315.0863369371545,41.391564739934495,1,1,0,0.0,0,0.0,1,322,cvc-colondb,unetpp,polypseg/runs_repeat/unetpp_seed42_fold0rep2/best.pth,False
0.0029591352258516246,0.0014817599769979082,0.011514995273597017,0.0016977068288335263,0.06190455010696339,0.03883630319029969,4,294.716812916724,38.7157061787254,1,2,0,0.0,0,0.0,2,323,cvc-colondb,unetpp,polypseg/runs_repeat/unetpp_seed42_fold0rep2/best.pth,False
0.0,0.0,0.0,0.0,0.0,0.0,4,,,1,0,0,0.0,0,0.0,0,324,cvc-colondb,unetpp,polypseg/runs_repeat/unetpp_seed42_fold0rep2/best.pth,False
0.8178210391048342,0.6917912314101464,0.9901698928849019,0.696575236322841,0.35690709324372666,0.21122735253581432,4,66.68243768319459,8.759790929719399,1,1,1,1.0,1,1.0,0,325,cvc-colondb,unetpp,polypseg/runs_repeat/unetpp_seed42_fold0rep2/best.pth,False
0.9633435956488922,0.929279548754531,0.9491947099625743,0.9779206763176141,0.7133708206920608,0.5225491061728236,4,15.511182837570693,2.037638746431346,1,1,1,1.0,1,1.0,0,326,cvc-colondb,unetpp,polypseg/runs_repeat/unetpp_seed42_fold0rep2/best.pth,False
0.8953142081641405,0.8104695604677167,0.9624996622782198,0.8368962600995187,0.4885783739673422,0.35631187602303593,4,60.19601562554723,7.907696988930085,1,1,1,1.0,1,1.0,0,327,cvc-colondb,unetpp,polypseg/runs_repeat/unetpp_seed42_fold0rep2/best.pth,False
0.9442590195937726,0.8944040603884118,0.9082332386970834,0.9832608284455847,0.36512022499218333,0.23068622991387214,4,21.052262710350938,2.765547066775548,1,1,1,1.0,1,1.0,0,328,cvc-colondb,unetpp,polypseg/runs_repeat/unetpp_seed42_fold0rep2/best.pth,False
0.9387675143184213,0.8846011849283862,0.9602114423095297,0.9182604569659861,0.5241600510960722,0.2837822782599412,4,29.623716896373463,3.89154289479172,1,1,1,1.0,1,1.0,0,329,cvc-colondb,unetpp,polypseg/runs_repeat/unetpp_seed42_fold0rep2/best.pth,False
0.9482179326670129,0.9015346069470621,0.9041965070932014,0.9967451523476679,0.7139638322917355,0.38037409968854,4,9.433981132056603,1.2393023594061015,1,1,1,1.0,1,1.0,0,33,cvc-colondb,unetpp,polypseg/runs_repeat/unetpp_seed42_fold0rep2/best.pth,False
0.9453207511944621,0.8963111318109955,0.9478210331366999,0.9428336256641717,0.37129357290016574,0.23729964314826682,4,30.4138126514911,3.995334445757073,1,1,1,1.0,1,1.0,0,330,cvc-colondb,unetpp,polypseg/runs_repeat/unetpp_seed42_fold0rep2/best.pth,False
0.06036613162496657,0.03112243635730051,0.9999999999602545,0.03112243635730051,0.005015644309174072,0.0,4,260.3170567789337,34.196755128495305,1,1,0,0.0,0,0.0,1,331,cvc-colondb,unetpp,polypseg/runs_repeat/unetpp_seed42_fold0rep2/best.pth,False
0.49639240663766304,0.330134277606061,0.9993488441959494,0.33020530771304074,0.08111595429927283,0.0505287796097076,4,189.42293429922796,24.883692909345925,1,1,1,1.0,0,0.0,0,332,cvc-colondb,unetpp,polypseg/runs_repeat/unetpp_seed42_fold0rep2/best.pth,False
0.0,0.0,0.0,0.0,0.0,0.0,4,,,1,0,0,0.0,0,0.0,0,333,cvc-colondb,unetpp,polypseg/runs_repeat/unetpp_seed42_fold0rep2/best.pth,False
0.35407219299793935,0.21512012342926293,0.9469598965009899,0.21774373466168254,0.15068401429384248,0.09553021260069253,4,209.33943580654073,27.500039811424912,1,2,0,0.0,0,0.0,2,334,cvc-colondb,unetpp,polypseg/runs_repeat/unetpp_seed42_fold0rep2/best.pth,False
0.7943985292223129,0.6589229927779343,0.994793707662494,0.6612031515979747,0.3288128876794385,0.19625976046959992,4,138.1012166055101,18.14177505554872,1,1,1,1.0,1,1.0,0,335,cvc-colondb,unetpp,polypseg/runs_repeat/unetpp_seed42_fold0rep2/best.pth,False
0.5589576722780984,0.3878842845384959,0.9731866378883054,0.3920743982077214,0.21352167204007264,0.10605019795499837,4,152.1931320640646,19.992970625253097,1,4,1,1.0,0,0.0,3,336,cvc-colondb,unetpp,polypseg/runs_repeat/unetpp_seed42_fold0rep2/best.pth,False
0.708559935732164,0.5486587843578109,0.9754001845766231,0.5563572666788681,0.18013619866155062,0.1323319623617546,4,155.58438202558443,20.43846484660217,1,2,1,1.0,1,1.0,1,337,cvc-colondb,unetpp,polypseg/runs_repeat/unetpp_seed42_fold0rep2/best.pth,False
0.9556516368123934,0.915069789447949,0.9652643803920208,0.9462284655109978,0.3955711946396237,0.20605332265802948,4,37.68282442279597,4.9502339004653315,1,1,1,1.0,1,1.0,0,338,cvc-colondb,unetpp,polypseg/runs_repeat/unetpp_seed42_fold0rep2/best.pth,False
0.7819146614450176,0.641921084423038,0.9788918205789466,0.6509312514268278,0.28347837660233016,0.1833945111269818,4,129.5505472993203,17.018509649637075,1,1,1,1.0,1,1.0,0,339,cvc-colondb,unetpp,polypseg/runs_repeat/unetpp_seed42_fold0rep2/best.pth,False
0.9600441907542414,0.9231586402219589,0.9388311554638397,0.9822380106519067,0.8089887140512594,0.5119317100049607,4,10.0,1.3136578736573477,1,1,1,1.0,1,1.0,0,34,cvc-colondb,unetpp,polypseg/runs_repeat/unetpp_seed42_fold0rep2/best.pth,False
0.18538511577989183,0.10216223695286579,0.956316966902669,0.10264122330329503,0.16193235277705004,0.08245788131687513,4,264.7946229201166,34.78495413011395,1,2,0,0.0,0,0.0,2,340,cvc-colondb,unetpp,polypseg/runs_repeat/unetpp_seed42_fold0rep2/best.pth,False
0.0,0.0,0.0,0.0,0.0,0.0,4,,,1,0,0,0.0,0,0.0,0,341,cvc-colondb,unetpp,polypseg/runs_repeat/unetpp_seed42_fold0rep2/best.pth,False
0.0,0.0,0.0,0.0,0.0,0.0,4,336.9565470023209,44.2645621049991,1,1,0,0.0,0,0.0,1,342,cvc-colondb,unetpp,polypseg/runs_repeat/unetpp_seed42_fold0rep2/best.pth,False
0.441668812770785,0.2834242273980877,0.2875586854435986,0.9517203107394084,0.26304030390638533,0.15268757947858472,4,65.5133574166368,8.606213780009291,1,1,1,1.0,0,0.0,0,343,cvc-colondb,unetpp,polypseg/runs_repeat/unetpp_seed42_fold0rep2/best.pth,False
0.7768445535498534,0.6351151489407328,0.6402555910406762,0.9875164257231434,0.5579968842802985,0.4306234135749468,4,16.17234082545687,2.1244922860831585,1,1,1,1.0,1,1.0,0,344,cvc-colondb,unetpp,polypseg/runs_repeat/unetpp_seed42_fold0rep2/best.pth,False
0.0,0.0,0.0,0.0,0.0,0.0,4,,,1,0,0,0.0,0,0.0,0,345,cvc-colondb,unetpp,polypseg/runs_repeat/unetpp_seed42_fold0rep2/best.pth,False
0.12532637075513503,0.06685236768685843,0.9999999997395833,0.06685236768685843,0.0,0.0,4,30.01666203960727,3.9431624429241703,1,1,0,0.0,0,0.0,1,346,cvc-colondb,unetpp,polypseg/runs_repeat/unetpp_seed42_fold0rep2/best.pth,False
0.27158919424372124,0.15713231677285505,0.15892639486540402,0.9329731308274974,0.15881586043794088,0.09138619384957553,4,129.520051089121,17.014503490972572,1,1,0,0.0,0,0.0,1,347,cvc-colondb,unetpp,polypseg/runs_repeat/unetpp_seed42_fold0rep2/best.pth,False
0.8622664538460025,0.7578808384096736,0.855121042814616,0.8695322855355135,0.49915382776722605,0.3561352079984294,4,13.0,1.7077552357545518,1,1,1,1.0,1,1.0,0,348,cvc-colondb,unetpp,polypseg/runs_repeat/unetpp_seed42_fold0rep2/best.pth,False
0.1757082579840912,0.09631587642332205,0.2356507679775404,0.14007688610908034,0.07970107285726254,0.04942441698434053,4,131.67723859725405,17.297884126474,1,3,0,0.0,0,0.0,3,349,cvc-colondb,unetpp,polypseg/runs_repeat/unetpp_seed42_fold0rep2/best.pth,False
0.9140987485425918,0.8417880975049646,0.856336369615709,0.9802172534055652,0.3614857354742686,0.2358641861351732,4,16.0,2.101852597851756,1,1,1,1.0,1,1.0,0,35,cvc-colondb,unetpp,polypseg/runs_repeat/unetpp_seed42_fold0rep2/best.pth,False
0.5933997509247603,0.4218680832133274,0.9361493123312303,0.43436645395546114,0.38270630884260765,0.2004956478242495,4,34.01249729788142,4.468078487811118,1,1,1,1.0,0,0.0,0,350,cvc-colondb,unetpp,polypseg/runs_repeat/unetpp_seed42_fold0rep2/best.pth,False
0.0,0.0,0.0,0.0,0.0,0.0,4,,,1,0,0,0.0,0,0.0,0,351,cvc-colondb,unetpp,polypseg/runs_repeat/unetpp_seed42_fold0rep2/best.pth,False
0.0,0.0,0.0,0.0,0.0,0.0,4,,,1,0,0,0.0,0,0.0,0,352,cvc-colondb,unetpp,polypseg/runs_repeat/unetpp_seed42_fold0rep2/best.pth,False
0.0,0.0,0.0,0.0,0.0,0.0,4,,,1,0,0,0.0,0,0.0,0,353,cvc-colondb,unetpp,polypseg/runs_repeat/unetpp_seed42_fold0rep2/best.pth,False
0.0,0.0,0.0,0.0,0.0,0.0,4,,,1,0,0,0.0,0,0.0,0,354,cvc-colondb,unetpp,polypseg/runs_repeat/unetpp_seed42_fold0rep2/best.pth,False
0.0,0.0,0.0,0.0,0.0,0.0,4,222.0568106207641,29.17066776712053,1,1,0,0.0,0,0.0,1,355,cvc-colondb,unetpp,polypseg/runs_repeat/unetpp_seed42_fold0rep2/best.pth,False
0.0,0.0,0.0,0.0,0.0,0.0,4,,,1,0,0,0.0,0,0.0,0,356,cvc-colondb,unetpp,polypseg/runs_repeat/unetpp_seed42_fold0rep2/best.pth,False
0.0,0.0,0.0,0.0,0.0,0.0,4,,,1,0,0,0.0,0,0.0,0,357,cvc-colondb,unetpp,polypseg/runs_repeat/unetpp_seed42_fold0rep2/best.pth,False
0.0,0.0,0.0,0.0,0.0,0.0,4,225.36137518013098,29.604774492362658,1,2,0,0.0,0,0.0,2,358,cvc-colondb,unetpp,polypseg/runs_repeat/unetpp_seed42_fold0rep2/best.pth,False
0.0,0.0,0.0,0.0,0.0,0.0,4,,,1,0,0,0.0,0,0.0,0,359,cvc-colondb,unetpp,polypseg/runs_repeat/unetpp_seed42_fold0rep2/best.pth,False
0.9650098015495447,0.9323854496345162,0.9967824253800245,0.9352001249105543,0.7422806664718853,0.555474606972861,4,5.830951894845301,0.765987586758076,1,1,1,1.0,1,1.0,0,36,cvc-colondb,unetpp,polypseg/runs_repeat/unetpp_seed42_fold0rep2/best.pth,False
0.0,0.0,0.0,0.0,0.0,0.0,4,,,1,0,0,0.0,0,0.0,0,360,cvc-colondb,unetpp,polypseg/runs_repeat/unetpp_seed42_fold0rep2/best.pth,False
0.009160305343418215,0.004601226993817983,0.74999999875,0.004608294930828384,0.09041767975418027,0.06574016792223782,4,124.66735628995089,16.377025417833984,1,1,0,0.0,0,0.0,1,361,cvc-colondb,unetpp,polypseg/runs_repeat/unetpp_seed42_fold0rep2/best.pth,False
0.6002812939465515,0.4288585208945759,0.9794981639847156,0.4327430039146581,0.41436512399674974,0.31357509351341245,4,57.29179548897323,7.526181824005619,1,1,1,1.0,0,0.0,0,362,cvc-colondb,unetpp,polypseg/runs_repeat/unetpp_seed42_fold0rep2/best.pth,False
0.8536742586930202,0.7447047797423673,0.9659615851941172,0.7647738209669919,0.7227304217684909,0.41353088413047373,4,26.849574609788576,3.5271155090499167,1,1,1,1.0,1,1.0,0,363,cvc-colondb,unetpp,polypseg/runs_repeat/unetpp_seed42_fold0rep2/best.pth,False
0.604142424940608,0.4328109369717771,0.5194077630948498,0.7219132369098468,0.4540540061636282,0.312314216948494,4,250.02699200854883,32.84499266788929,1,2,1,1.0,1,1.0,1,364,cvc-colondb,unetpp,polypseg/runs_repeat/unetpp_seed42_fold0rep2/best.pth,False
0.8326152864076494,0.7132312739006771,0.9196334155474222,0.7606413993947335,0.6416572385524077,0.46512155293153606,4,22.162819644417528,2.911436252833682,1,1,1,1.0,1,1.0,0,365,cvc-colondb,unetpp,polypseg/runs_repeat/unetpp_seed42_fold0rep2/best.pth,False
0.7912710311379099,0.6546306504780973,0.871879588807934,0.7243061908897742,0.6595575800724915,0.31268000202692664,4,29.655299925057395,3.89569182422218,1,1,1,1.0,1,1.0,0,366,cvc-colondb,unetpp,polypseg/runs_repeat/unetpp_seed42_fold0rep2/best.pth,False
0.7640067911585059,0.6181318681148865,0.9124087590870881,0.6571261682051073,0.3047012919809561,0.10598721430824902,4,18.26934341759516,2.3999666827073916,1,1,1,1.0,1,1.0,0,367,cvc-colondb,unetpp,polypseg/runs_repeat/unetpp_seed42_fold0rep2/best.pth,False
0.8363156903214105,0.7186791841787414,0.9304274936743325,0.7594936708600927,0.6394931823523575,0.3894973930968201,4,15.581617417176396,2.0468914404390235,1,1,1,1.0,1,1.0,0,368,cvc-colondb,unetpp,polypseg/runs_repeat/unetpp_seed42_fold0rep2/best.pth,False
0.82791543530739,0.706361520531173,0.9286078530888012,0.7469237079267054,0.6046930911853774,0.428284362610513,4,14.912944685757028,1.9590507205861216,1,1,1,1.0,1,1.0,0,369,cvc-colondb,unetpp,polypseg/runs_repeat/unetpp_seed42_fold0rep2/best.pth,False
0.9445086362665703,0.8948520743227145,0.9169351127420793,0.9737919237523747,0.615292510428245,0.2254064389765924,4,8.0,1.050926298925878,1,1,1,1.0,1,1.0,0,37,cvc-colondb,unetpp,polypseg/runs_repeat/unetpp_seed42_fold0rep2/best.pth,False
0.8069120961480863,0.6763224181076272,0.9317524580143578,0.7115724381311144,0.6187271324867825,0.3814840168478633,4,13.0,1.7077552357545518,1,1,1,1.0,1,1.0,0,370,cvc-colondb,unetpp,polypseg/runs_repeat/unetpp_seed42_fold0rep2/best.pth,False
0.8404620667861236,0.7248249864983939,0.9156462584411125,0.7766878245368327,0.7167735526629461,0.4468084612041703,4,8.040467536394056,1.0562423487070347,1,1,1,1.0,1,1.0,0,371,cvc-colondb,unetpp,polypseg/runs_repeat/unetpp_seed42_fold0rep2/best.pth,False
0.7669126691031085,0.6219451371260875,0.858224363327032,0.693162868221614,0.472860402692955,0.2751322256375891,4,11.0,1.4450236610230822,1,1,1,1.0,1,1.0,0,372,cvc-colondb,unetpp,polypseg/runs_repeat/unetpp_seed42_fold0rep2/best.pth,False
0.7134652201431568,0.554563492035984,0.959656652278141,0.5678009141407923,0.49949809162933456,0.430517662294625,4,14.866068747318506,1.9528928260246379,1,1,1,1.0,1,1.0,0,373,cvc-colondb,unetpp,polypseg/runs_repeat/unetpp_seed42_fold0rep2/best.pth,False
0.4890350877014242,0.32365747458521255,0.9955357141375691,0.3241279069610403,0.38257510171823467,0.1732750629353736,4,28.730915949445155,3.7742593954376096,1,1,1,1.0,0,0.0,0,374,cvc-colondb,unetpp,polypseg/runs_repeat/unetpp_seed42_fold0rep2/best.pth,False
0.6032608695447262,0.4319066147649851,0.9999999998873874,0.4319066147649851,0.012903184066732317,0.0,4,17.139057828574945,2.251485826357608,1,1,1,1.0,0,0.0,0,375,cvc-colondb,unetpp,polypseg/runs_repeat/unetpp_seed42_fold0rep2/best.pth,False
0.7486353002144883,0.5982550892979537,0.9102402022180631,0.6357615893759047,0.42394010025560125,0.2149086607129644,4,16.997056274847715,2.2328316804450723,1,1,1,1.0,1,1.0,0,376,cvc-colondb,unetpp,polypseg/runs_repeat/unetpp_seed42_fold0rep2/best.pth,False
0.6420702023919531,0.47283018866140264,0.9132653060558844,0.4950612405967973,0.38247436531745305,0.19450312473931625,4,23.618588011525063,3.102674410600893,1,1,1,1.0,0,0.0,0,377,cvc-colondb,unetpp,polypseg/runs_repeat/unetpp_seed42_fold0rep2/best.pth,False
0.6471962616633412,0.47841105351993046,0.9999999999097472,0.47841105351993046,0.3405842648048447,0.1289255728674442,4,22.040824915468534,2.895410319210828,1,1,1,1.0,0,0.0,0,378,cvc-colondb,unetpp,polypseg/runs_repeat/unetpp_seed42_fold0rep2/best.pth,False
0.03749383324926029,0.0191050779276468,0.999999997368421,0.0191050779276468,0.0,0.0,4,42.51763333242411,5.585362379641502,1,0,0,0.0,0,0.0,0,379,cvc-colondb,unetpp,polypseg/runs_repeat/unetpp_seed42_fold0rep2/best.pth,False
0.9289513441898033,0.8673287988836477,0.8725215768568831,0.9931849360490632,0.5290890103867958,0.28284015177592575,4,17.69180601295413,2.32409802681356,1,1,1,1.0,1,1.0,0,38,cvc-colondb,unetpp,polypseg/runs_repeat/unetpp_seed42_fold0rep2/best.pth,False
0.0,0.0,0.0,0.0,0.0,0.0,4,151.698706586317,19.928020033075107,1,1,0,0.0,0,0.0,1,380,cvc-colondb,unetpp,polypseg/runs_repeat/unetpp_seed42_fold0rep2/best.pth,False
0.8122041030950846,0.6837909654440427,0.6837909654440427,0.9999999999740933,0.22616971468055203,0.09795224056223165,4,11.180339887498949,1.4687141523378298,1,1,1,1.0,1,1.0,0,39,cvc-colondb,unetpp,polypseg/runs_repeat/unetpp_seed42_fold0rep2/best.pth,False
0.8053335811150095,0.67410749007798,0.7399470673547345,0.8833961879432942,0.24883931933386558,0.06986277079521845,4,335.6109608194426,44.08779811661684,1,3,1,1.0,1,1.0,2,4,cvc-colondb,unetpp,polypseg/runs_repeat/unetpp_seed42_fold0rep2/best.pth,False
0.8934126735520753,0.8073584905584211,0.8177735308091947,0.9844702634190213,0.3629657671605019,0.14066491163862704,4,9.0,1.1822920862916129,1,1,1,1.0,1,1.0,0,40,cvc-colondb,unetpp,polypseg/runs_repeat/unetpp_seed42_fold0rep2/best.pth,False
0.8648462201732403,0.761875822943767,0.761875822943767,0.9999999999867056,0.43602336631594646,0.15010689901485272,4,17.26267650163207,2.2677250906768642,1,1,1,1.0,1,1.0,0,41,cvc-colondb,unetpp,polypseg/runs_repeat/unetpp_seed42_fold0rep2/best.pth,False
0.8792183266205827,0.7844688644573704,0.7892099056487439,0.9924003706952289,0.6209180329676621,0.3156981286674082,4,12.0,1.576389448388817,1,1,1,1.0,1,1.0,0,42,cvc-colondb,unetpp,polypseg/runs_repeat/unetpp_seed42_fold0rep2/best.pth,False
0.9107477218767273,0.8361219344391917,0.8400690846189974,0.9944118849530542,0.6305422698657058,0.3721108899105246,4,10.198039027185569,1.339673426392724,1,1,1,1.0,1,1.0,0,43,cvc-colondb,unetpp,polypseg/runs_repeat/unetpp_seed42_fold0rep2/best.pth,False
0.8395923495624795,0.7235322425234954,0.7273826801952737,0.9927368768242741,0.4479951359993258,0.250127219871173,4,10.037406715840667,1.318571836336523,1,1,1,1.0,1,1.0,0,44,cvc-colondb,unetpp,polypseg/runs_repeat/unetpp_seed42_fold0rep2/best.pth,False
0.887690769160017,0.7980611367305288,0.8028313016059548,0.9926098794146965,0.3941246478254752,0.2519999500648099,4,12.529964086141668,1.6460085978403793,1,1,1,1.0,1,1.0,0,45,cvc-colondb,unetpp,polypseg/runs_repeat/unetpp_seed42_fold0rep2/best.pth,False
0.7957029542140047,0.660719842333153,0.6620933374840235,0.9968701095305654,0.2635807480574424,0.12011405862486994,4,30.081955555333504,3.951739777027424,1,1,1,1.0,1,1.0,0,46,cvc-colondb,unetpp,polypseg/runs_repeat/unetpp_seed42_fold0rep2/best.pth,False
0.8521532722884693,0.7423929098856368,0.743931320296863,0.9972222222024361,0.40398503761548005,0.2800850823189128,4,14.734132567982538,1.9355609259441415,1,1,1,1.0,1,1.0,0,47,cvc-colondb,unetpp,polypseg/runs_repeat/unetpp_seed42_fold0rep2/best.pth,False
0.8182612240096764,0.6924214053346562,0.6936518906042684,0.9974446337166746,0.17374253940566586,0.09163943292291218,4,26.528135474373755,3.484889403935988,1,1,1,1.0,1,1.0,0,48,cvc-colondb,unetpp,polypseg/runs_repeat/unetpp_seed42_fold0rep2/best.pth,False
0.9143886331762482,0.8422798997135947,0.8430258302520809,0.9989505902842243,0.4617233227838059,0.3396846655674494,4,11.704699910719626,1.537597119651329,1,1,1,1.0,1,1.0,0,49,cvc-colondb,unetpp,polypseg/runs_repeat/unetpp_seed42_fold0rep2/best.pth,False
0.9258732212100526,0.8619775984480069,0.9286363046460537,0.9231265316532552,0.6561194328188392,0.45125410833024004,4,7.27665952236289,0.9559041075475725,1,1,1,1.0,1,1.0,0,5,cvc-colondb,unetpp,polypseg/runs_repeat/unetpp_seed42_fold0rep2/best.pth,False
0.7861557478246886,0.6476578411240413,0.6476578411240413,0.9999999999606919,0.31146555319446256,0.10607163986090998,4,14.270503266400345,1.8746558976959709,1,1,1,1.0,1,1.0,0,50,cvc-colondb,unetpp,polypseg/runs_repeat/unetpp_seed42_fold0rep2/best.pth,False
0.8990002040216487,0.8165307634982754,0.8642604942775889,0.9366496598241221,0.7619702789835775,0.5238459377217951,4,5.0,0.6568289368286738,1,1,1,1.0,1,1.0,0,51,cvc-colondb,unetpp,polypseg/runs_repeat/unetpp_seed42_fold0rep2/best.pth,False
0.8652046783562485,0.762432362783272,0.7626288659695538,0.999662162145276,0.4548579470780753,0.22755376170903716,4,15.277329381163064,2.006918403002159,1,1,1,1.0,1,1.0,0,52,cvc-colondb,unetpp,polypseg/runs_repeat/unetpp_seed42_fold0rep2/best.pth,False
0.8089955022407896,0.6792547834729901,0.6792547834729901,0.9999999999752903,0.22561656619051007,0.0,4,14.106601717798213,1.8531248417133885,1,1,1,1.0,1,1.0,0,53,cvc-colondb,unetpp,polypseg/runs_repeat/unetpp_seed42_fold0rep2/best.pth,False
0.8513539102362113,0.7411803494767363,0.7411803494767363,0.999999999977758,0.2910351413705876,0.11142756399279168,4,10.042394277952754,1.3192270313604129,1,1,1,1.0,1,1.0,0,54,cvc-colondb,unetpp,polypseg/runs_repeat/unetpp_seed42_fold0rep2/best.pth,False
0.8427554719908318,0.7282432118652067,0.746965008313569,0.966728280931401,0.36652297116495886,0.23815616003843917,4,9.486832980505138,1.2462452840912777,1,1,1,1.0,1,1.0,0,55,cvc-colondb,unetpp,polypseg/runs_repeat/unetpp_seed42_fold0rep2/best.pth,False
0.047555257868467676,0.02435677529933596,0.887499998890625,0.024432209221457942,0.21556883852415193,0.15856911705014612,4,50.32891812864648,6.611497957235246,1,1,0,0.0,0,0.0,1,56,cvc-colondb,unetpp,polypseg/runs_repeat/unetpp_seed42_fold0rep2/best.pth,False
0.9194611358745907,0.8509283343721327,0.8519216953946487,0.9986315789368564,0.5560055444976703,0.3411767305880112,4,12.056102566973092,1.583759406272476,1,1,1,1.0,1,1.0,0,57,cvc-colondb,unetpp,polypseg/runs_repeat/unetpp_seed42_fold0rep2/best.pth,False
0.9044132518874463,0.825505833696459,0.8397055509589145,0.9799263674528407,0.2547831796866846,0.15256211003095657,4,9.613541667956964,1.2628904705844657,1,1,1,1.0,1,1.0,0,58,cvc-colondb,unetpp,polypseg/runs_repeat/unetpp_seed42_fold0rep2/best.pth,False
0.9094116426226553,0.8338725023707528,0.8472544470142376,0.9814109742331308,0.5433055459185071,0.23565828495337846,4,11.0,1.4450236610230822,1,1,1,1.0,1,1.0,0,59,cvc-colondb,unetpp,polypseg/runs_repeat/unetpp_seed42_fold0rep2/best.pth,False
0.9292860776587307,0.8679125752159026,0.874003189778724,0.9920347574041992,0.8343777038442031,0.4400296566472057,4,6.4183782221861785,0.8431553087685721,1,1,1,1.0,1,1.0,0,6,cvc-colondb,unetpp,polypseg/runs_repeat/unetpp_seed42_fold0rep2/best.pth,False
0.8197879858591407,0.6946107784336607,0.6946107784336607,0.9999999999804076,0.08801757134216329,0.0,4,13.953452380169676,1.8330062583912752,1,1,1,1.0,1,1.0,0,60,cvc-colondb,unetpp,polypseg/runs_repeat/unetpp_seed42_fold0rep2/best.pth,False
0.9477079212137794,0.9006129954973386,0.9301874050233818,0.9659011220111684,0.7653357481998078,0.5119601808788827,4,8.773298588520893,1.1525112768757364,1,1,1,1.0,1,1.0,0,61,cvc-colondb,unetpp,polypseg/runs_repeat/unetpp_seed42_fold0rep2/best.pth,False
0.9752605657989059,0.9517156588779441,0.9603455665058527,0.9906461595714204,0.8263013065526696,0.5174274136915223,4,7.0710678118654755,0.9288963906222114,1,1,1,1.0,1,1.0,0,62,cvc-colondb,unetpp,polypseg/runs_repeat/unetpp_seed42_fold0rep2/best.pth,False
0.9356698119251099,0.8791161073966199,0.8868177061765098,0.99021792293628,0.5340513072033791,0.3336731554619857,4,233.54689024779296,30.68007112422016,1,2,1,1.0,1,1.0,1,63,cvc-colondb,unetpp,polypseg/runs_repeat/unetpp_seed42_fold0rep2/best.pth,False
0.9493800744482964,0.9036379868293057,0.9123172689606165,0.9895817420763509,0.46268450015475154,0.24473779361396658,4,11.180339887498949,1.4687141523378298,1,1,1,1.0,1,1.0,0,64,cvc-colondb,unetpp,polypseg/runs_repeat/unetpp_seed42_fold0rep2/best.pth,False
0.9228296331647603,0.8567165061141282,0.8760273144764442,0.9749150946535696,0.36825255695843856,0.2275330730285367,4,17.204650534085253,2.2601024637624185,1,1,1,1.0,1,1.0,0,65,cvc-colondb,unetpp,polypseg/runs_repeat/unetpp_seed42_fold0rep2/best.pth,False
0.9313512535049974,0.8715223374936628,0.8743362079915274,0.9963208597521599,0.4944494100186501,0.36720705183646285,4,12.163327240985003,1.5978450599990852,1,1,1,1.0,1,1.0,0,66,cvc-colondb,unetpp,polypseg/runs_repeat/unetpp_seed42_fold0rep2/best.pth,False
0.9473627030231209,0.899989679012798,0.9007799183879924,0.9990261786045768,0.5874819511685498,0.3404801143354533,4,7.280109889280518,0.9563573677144073,1,1,1,1.0,1,1.0,0,67,cvc-colondb,unetpp,polypseg/runs_repeat/unetpp_seed42_fold0rep2/best.pth,False
0.9104389475726316,0.8356015897817921,0.8425526747170893,0.9902233640120586,0.46743257361129464,0.3673956410593763,4,14.142135623730951,1.8577927812444228,1,1,1,1.0,1,1.0,0,68,cvc-colondb,unetpp,polypseg/runs_repeat/unetpp_seed42_fold0rep2/best.pth,False
0.9078889378530857,0.8313155770699019,0.8761297182256658,0.9420372699103459,0.4888502430905139,0.32815959524486876,4,10.31733159617553,1.3553443886449714,1,1,1,1.0,1,1.0,0,69,cvc-colondb,unetpp,polypseg/runs_repeat/unetpp_seed42_fold0rep2/best.pth,False
0.9607445008378955,0.9244545750419334,0.9348040829612314,0.9881656804561754,0.9927883913104628,0.7540264016388486,4,3.1622776601683795,0.4154150946970926,1,1,1,1.0,1,1.0,0,7,cvc-colondb,unetpp,polypseg/runs_repeat/unetpp_seed42_fold0rep2/best.pth,False
0.5024630541796916,0.3355263157827846,0.8661863097855796,0.3538687973012223,0.3172319350431783,0.13358152098527007,4,48.32431883583395,6.348162192782133,1,1,1,1.0,0,0.0,0,70,cvc-colondb,unetpp,polypseg/runs_repeat/unetpp_seed42_fold0rep2/best.pth,False
0.7012554622965855,0.5399487288983128,0.5543370983599699,0.9541336353160791,0.5250394909955524,0.3094668492007218,4,291.10994486619654,38.24188711734354,1,2,1,1.0,1,1.0,1,71,cvc-colondb,unetpp,polypseg/runs_repeat/unetpp_seed42_fold0rep2/best.pth,False
0.9592312277578815,0.9216564268078667,0.9550392058090963,0.963460212631215,0.6713820729527078,0.33488823874717744,4,7.683839905378874,1.0093936791623486,1,1,1,1.0,1,1.0,0,72,cvc-colondb,unetpp,polypseg/runs_repeat/unetpp_seed42_fold0rep2/best.pth,False
0.926275510201128,0.8626752197620415,0.8979844194330531,0.9564072171674146,0.5371621121901297,0.3226661921227858,4,12.0,1.576389448388817,1,1,1,1.0,1,1.0,0,73,cvc-colondb,unetpp,polypseg/runs_repeat/unetpp_seed42_fold0rep2/best.pth,False
0.9243249249813943,0.8592975206434029,0.9254561637533276,0.9231964483701843,0.8465240644500978,0.6767828614131439,4,19.82099463490857,2.6038005665867683,1,1,1,1.0,1,1.0,0,74,cvc-colondb,unetpp,polypseg/runs_repeat/unetpp_seed42_fold0rep2/best.pth,False
0.6799646062427507,0.5151108897976975,0.9434544689143857,0.5315204932590352,0.25442966832612807,0.10405693361620233,4,86.30469178304479,11.337483789436737,1,2,1,1.0,1,1.0,1,75,cvc-colondb,unetpp,polypseg/runs_repeat/unetpp_seed42_fold0rep2/best.pth,False
0.9589610389586668,0.9211576846263608,0.960124826624925,0.9578000691754815,0.748092414883492,0.5643410739432917,4,10.63014581273465,1.3964374745024557,1,1,1,1.0,1,1.0,0,76,cvc-colondb,unetpp,polypseg/runs_repeat/unetpp_seed42_fold0rep2/best.pth,False
0.8815634218224073,0.7882104707795304,0.8813034502966485,0.8818235467559483,0.6014671190679813,0.19979040504809895,4,14.7648230602334,1.939592606623318,1,1,1,1.0,1,1.0,0,77,cvc-colondb,unetpp,polypseg/runs_repeat/unetpp_seed42_fold0rep2/best.pth,False
0.781744623459566,0.6416919132994442,0.8985152553287892,0.69183417084558,0.49642548979460216,0.2559180569217306,4,46.8481460287954,6.154243589697628,1,1,1,1.0,1,1.0,0,78,cvc-colondb,unetpp,polypseg/runs_repeat/unetpp_seed42_fold0rep2/best.pth,False
0.858071748869304,0.7514235224670838,0.9142379359552261,0.808407266565095,0.684673317289971,0.44732162959732824,4,25.72935892994277,3.3799574942475306,1,1,1,1.0,1,1.0,0,79,cvc-colondb,unetpp,polypseg/runs_repeat/unetpp_seed42_fold0rep2/best.pth,False
0.887982729664284,0.7985332182801477,0.8283114558349,0.9569188350688107,0.571054286503571,0.2649790066439172,4,11.40175425099138,1.497800424532096,1,1,1,1.0,1,1.0,0,8,cvc-colondb,unetpp,polypseg/runs_repeat/unetpp_seed42_fold0rep2/best.pth,False
0.8359543121861289,0.7181456200023281,0.804909148842687,0.8694903580967807,0.476526798834773,0.24710419711096554,4,13.601470508735444,1.7867678827118525,1,1,1,1.0,1,1.0,0,80,cvc-colondb,unetpp,polypseg/runs_repeat/unetpp_seed42_fold0rep2/best.pth,False
0.801344537801658,0.6685361749672312,0.7899271040162383,0.8130968621823638,0.4622292160597288,0.1546391256352631,4,16.101191507918173,2.115145699964153,1,1,1,1.0,1,1.0,0,81,cvc-colondb,unetpp,polypseg/runs_repeat/unetpp_seed42_fold0rep2/best.pth,False
0.8444732157170339,0.7308123249095011,0.847353036672707,0.8416129031986577,0.6183588714143484,0.33792601654599963,4,14.005350327142729,1.8398238730580554,1,1,1,1.0,1,1.0,0,82,cvc-colondb,unetpp,polypseg/runs_repeat/unetpp_seed42_fold0rep2/best.pth,False
0.7478711588162186,0.5972797161266328,0.5972797161266328,0.999999999950495,0.09259601386882312,0.012448083318321222,4,9.899494936611665,1.300454946871096,1,1,1,1.0,1,1.0,0,83,cvc-colondb,unetpp,polypseg/runs_repeat/unetpp_seed42_fold0rep2/best.pth,False
0.8374524714696221,0.7203597710351497,0.7944093777939764,0.8854271356487294,0.5515756166979277,0.1484972985875271,4,13.0,1.7077552357545518,1,1,1,1.0,1,1.0,0,84,cvc-colondb,unetpp,polypseg/runs_repeat/unetpp_seed42_fold0rep2/best.pth,False
0.8760330578358355,0.7794117646814953,0.811136437616049,0.9522171253458633,0.6981900924307307,0.230452029578333,4,6.324555320336759,0.8308301893941852,1,1,1,1.0,1,1.0,0,85,cvc-colondb,unetpp,polypseg/runs_repeat/unetpp_seed42_fold0rep2/best.pth,False
0.8693181818027466,0.7688442210813805,0.832087015607339,0.9100371746873592,0.6668067168540599,0.4224212514859905,4,10.00598935322136,1.314444669759083,1,1,1,1.0,1,1.0,0,86,cvc-colondb,unetpp,polypseg/runs_repeat/unetpp_seed42_fold0rep2/best.pth,False
0.8664313579627265,0.7643395607746857,0.7902405963812186,0.9588815789079408,0.5989371741893915,0.2967292050364722,4,7.2628580546923835,0.9540910668802336,1,1,1,1.0,1,1.0,0,87,cvc-colondb,unetpp,polypseg/runs_repeat/unetpp_seed42_fold0rep2/best.pth,False
0.8505143357222474,0.7399086062170637,0.7607674236193905,0.9642679900265871,0.683958731425186,0.2989864364870655,4,9.0,1.1822920862916129,1,1,1,1.0,1,1.0,0,88,cvc-colondb,unetpp,polypseg/runs_repeat/unetpp_seed42_fold0rep2/best.pth,False
0.8430186694493027,0.7286363636032438,0.752935650504794,0.957586618819738,0.7146305632303386,0.23085315313322785,4,7.595539578117108,0.9977940371469547,1,1,1,1.0,1,1.0,0,89,cvc-colondb,unetpp,polypseg/runs_repeat/unetpp_seed42_fold0rep2/best.pth,False
0.9373542670531839,0.8820947922632812,0.9039124568894632,0.973365617417702,0.7492466338609619,0.5678649436883481,4,7.0710678118654755,0.9288963906222114,1,1,1,1.0,1,1.0,0,9,cvc-colondb,unetpp,polypseg/runs_repeat/unetpp_seed42_fold0rep2/best.pth,False
0.8031746031604379,0.6710875331367201,0.7160377358265397,0.914457831288576,0.5314082738016778,0.29416049309803494,4,15.407247968056195,2.023985260462819,1,1,1,1.0,1,1.0,0,90,cvc-colondb,unetpp,polypseg/runs_repeat/unetpp_seed42_fold0rep2/best.pth,False
0.7421415793319156,0.5900040633648922,0.5900040633648922,0.9999999999311294,0.4329171722049269,0.08356891011146564,4,13.848797967342648,1.819258249048954,1,1,1,1.0,1,1.0,0,91,cvc-colondb,unetpp,polypseg/runs_repeat/unetpp_seed42_fold0rep2/best.pth,False
0.8666869116044128,0.7647374061755231,0.9260220635349758,0.8144977168484875,0.7480344257120997,0.41964681546694843,4,6.324555320336759,0.8308301893941852,1,1,1,1.0,1,1.0,0,92,cvc-colondb,unetpp,polypseg/runs_repeat/unetpp_seed42_fold0rep2/best.pth,False
0.8826207442509637,0.7899025686308255,0.9229973090266406,0.8456286743628745,0.6141934176590915,0.3977028193203317,4,16.587143741589983,2.1789831977625878,1,1,1,1.0,1,1.0,0,93,cvc-colondb,unetpp,polypseg/runs_repeat/unetpp_seed42_fold0rep2/best.pth,False
0.8325823223425896,0.7131828978410576,0.7844546048078233,0.8870014770721196,0.5157871736498472,0.21620041620726974,4,10.156982819455624,1.3342800453380288,1,1,1,1.0,1,1.0,0,94,cvc-colondb,unetpp,polypseg/runs_repeat/unetpp_seed42_fold0rep2/best.pth,False
0.9155466763447553,0.8442471947606055,0.9069809283751893,0.9242757608924775,0.7596584244939025,0.41296982587176145,4,9.0,1.1822920862916129,1,1,1,1.0,1,1.0,0,95,cvc-colondb,unetpp,polypseg/runs_repeat/unetpp_seed42_fold0rep2/best.pth,False
0.8719842829008095,0.7730249407722861,0.9618585298030191,0.7974701739140798,0.5141162985852133,0.34129672311734904,4,15.915124735378855,2.0907028918869246,1,1,1,1.0,1,1.0,0,96,cvc-colondb,unetpp,polypseg/runs_repeat/unetpp_seed42_fold0rep2/best.pth,False
0.9119179554965517,0.838096685910032,0.854331318753226,0.9778290173647068,0.6472011033881105,0.35815075750226705,4,8.54400374531753,1.1223897792594242,1,1,1,1.0,1,1.0,0,97,cvc-colondb,unetpp,polypseg/runs_repeat/unetpp_seed42_fold0rep2/best.pth,False
0.9596843241597748,0.9224933800835718,0.9508704632564852,0.9686631096342626,0.8603027017108659,0.6777405834766949,4,6.60142603922608,0.8672015293795978,1,1,1,1.0,1,1.0,0,98,cvc-colondb,unetpp,polypseg/runs_repeat/unetpp_seed42_fold0rep2/best.pth,False
0.9415818084349294,0.8896122685142283,0.896486368270902,0.9914543695528784,0.6474348272605978,0.41553917001759244,4,10.63014581273465,1.3964374745024557,1,1,1,1.0,1,1.0,0,99,cvc-colondb,unetpp,polypseg/runs_repeat/unetpp_seed42_fold0rep2/best.pth,False
0.91818873667752,0.848751319021731,0.9180140764607378,0.9183634633594827,0.8793382498520302,0.4318020297538903,8,13.56289923765896,0.869384287992945,1,1,1,1.0,1,1.0,0,1,etis-larib,unetpp,polypseg/runs_repeat/unetpp_seed42_fold0rep2/best.pth,False
0.0,0.0,0.0,0.0,0.0,0.0,8,222.92823957498072,14.28974037485131,1,1,0,0.0,0,0.0,1,10,etis-larib,unetpp,polypseg/runs_repeat/unetpp_seed42_fold0rep2/best.pth,False
0.0,0.0,0.0,0.0,0.0,0.0,8,,,1,0,0,0.0,0,0.0,0,100,etis-larib,unetpp,polypseg/runs_repeat/unetpp_seed42_fold0rep2/best.pth,False
0.023870232734639667,0.012079284027825841,0.9999999995454546,0.012079284027825841,0.012195087009320819,0.0,8,189.6277930097412,12.155175742343946,1,0,0,0.0,0,0.0,0,101,etis-larib,unetpp,polypseg/runs_repeat/unetpp_seed42_fold0rep2/best.pth,False
0.0,0.0,0.0,0.0,0.0,0.0,8,559.4852068332812,35.86310269376407,1,1,0,0.0,0,0.0,1,102,etis-larib,unetpp,polypseg/runs_repeat/unetpp_seed42_fold0rep2/best.pth,False
0.0244600332286115,0.01238144185388786,0.9999999996226414,0.01238144185388786,0.09133240715183705,0.0,8,130.00961490105607,8.333639769965657,1,1,0,0.0,0,0.0,1,103,etis-larib,unetpp,polypseg/runs_repeat/unetpp_seed42_fold0rep2/best.pth,False
0.0,0.0,0.0,0.0,0.0,0.0,8,,,1,0,0,0.0,0,0.0,0,104,etis-larib,unetpp,polypseg/runs_repeat/unetpp_seed42_fold0rep2/best.pth,False
0.9368411102427665,0.8811863581902505,0.8812770856530217,0.9998831825315408,0.47517410732189713,0.10220062144890119,8,54.29312087826146,3.4801988432238415,1,1,1,1.0,1,1.0,0,105,etis-larib,unetpp,polypseg/runs_repeat/unetpp_seed42_fold0rep2/best.pth,False
0.9432748392856892,0.89263970836851,0.89263970836851,0.9999999999989475,0.47925328845909854,0.038886721021719174,8,77.42487474139035,4.96294843900979,1,1,1,1.0,1,1.0,0,106,etis-larib,unetpp,polypseg/runs_repeat/unetpp_seed42_fold0rep2/best.pth,False
0.9227395125065956,0.8565611783029823,0.8565611783029823,0.9999999999989172,0.46140713409698825,0.10189656586979047,8,55.20635723507944,3.538737458451253,1,1,1,1.0,1,1.0,0,107,etis-larib,unetpp,polypseg/runs_repeat/unetpp_seed42_fold0rep2/best.pth,False
0.6898706715814055,0.5265668484913022,0.5265668484913022,0.999999999998943,0.15697226862860195,0.0,8,225.54156887877636,14.457255254690791,1,1,1,1.0,1,1.0,0,108,etis-larib,unetpp,polypseg/runs_repeat/unetpp_seed42_fold0rep2/best.pth,False
0.8914514529926694,0.8041609502797664,0.8060085986311761,0.9971575003219377,0.3351780188883353,0.06087206201241227,8,222.8520802438584,14.284858547986596,1,3,1,1.0,1,1.0,2,109,etis-larib,unetpp,polypseg/runs_repeat/unetpp_seed42_fold0rep2/best.pth,False
0.0,0.0,0.0,0.0,0.0,0.0,8,549.8972580165209,35.248513444864614,1,1,0,0.0,0,0.0,1,11,etis-larib,unetpp,polypseg/runs_repeat/unetpp_seed42_fold0rep2/best.pth,False
0.932558918146451,0.8736397108935671,0.8737111996048396,0.9999063524239116,0.7188839314125585,0.09929901554095658,8,14.886158435220727,0.9542054412835391,1,1,1,1.0,1,1.0,0,110,etis-larib,unetpp,polypseg/runs_repeat/unetpp_seed42_fold0rep2/best.pth,False
0.9230412610095369,0.8570813603080022,0.8632422071086139,0.9917418204671986,0.6188138248549951,0.2212229377546384,8,39.883563029597816,2.5565435855212923,1,1,1,1.0,1,1.0,0,111,etis-larib,unetpp,polypseg/runs_repeat/unetpp_seed42_fold0rep2/best.pth,False
0.9309170457629679,0.8707622192211749,0.875035050000584,0.9944234956662891,0.6524202094380787,0.45103908125535747,8,16.41332434236854,1.0520970514450527,1,1,1,1.0,1,1.0,0,112,etis-larib,unetpp,polypseg/runs_repeat/unetpp_seed42_fold0rep2/best.pth,False
0.9760064224576323,0.953137249942615,0.9690075951184679,0.9831070858413677,0.7989966658261181,0.2820320272792732,8,16.0,1.0256028865321054,1,1,1,1.0,1,1.0,0,113,etis-larib,unetpp,polypseg/runs_repeat/unetpp_seed42_fold0rep2/best.pth,False
0.9752869689193443,0.9517659474778154,0.9648017731036207,0.9860025690551435,0.7294173919567459,0.37336031906488476,8,18.36708554674336,1.1773334971201315,1,1,1,1.0,1,1.0,0,114,etis-larib,unetpp,polypseg/runs_repeat/unetpp_seed42_fold0rep2/best.pth,False
0.9743728481331626,0.9500263778699869,0.9720680348317094,0.9766886170245871,0.8176539937883077,0.332762319334627,8,25.0,1.6025045102064146,1,1,1,1.0,1,1.0,0,115,etis-larib,unetpp,polypseg/runs_repeat/unetpp_seed42_fold0rep2/best.pth,False
0.9735023662449875,0.9483727329052245,0.9610050087259102,0.9863290494043812,0.6761069309836057,0.30795084720921095,8,24.03538597629122,1.5406725772623473,1,1,1,1.0,1,1.0,0,116,etis-larib,unetpp,polypseg/runs_repeat/unetpp_seed42_fold0rep2/best.pth,False
0.9788009274591742,0.9584819980533653,0.97065913351915,0.9870804618961055,0.7898389860318326,0.37309155305385155,8,16.0,1.0256028865321054,1,1,1,1.0,1,1.0,0,117,etis-larib,unetpp,polypseg/runs_repeat/unetpp_seed42_fold0rep2/best.pth,False
0.9723834194132613,0.9462511969766576,0.95609947438563,0.9892316600013045,0.7191274532063373,0.3829180790006912,8,20.591260281974,1.3199034989079017,1,1,1,1.0,1,1.0,0,118,etis-larib,unetpp,polypseg/runs_repeat/unetpp_seed42_fold0rep2/best.pth,False
0.9726945274631512,0.9468405975305083,0.9660315093769188,0.979450097702605,0.6714919160518825,0.1573639151386863,8,17.175489773222704,1.1009519930637413,1,1,1,1.0,1,1.0,0,119,etis-larib,unetpp,polypseg/runs_repeat/unetpp_seed42_fold0rep2/best.pth,False
0.0,0.0,0.0,0.0,0.035387405380370114,0.0,8,322.0721952842211,20.644885822201818,1,3,0,0.0,0,0.0,3,12,etis-larib,unetpp,polypseg/runs_repeat/unetpp_seed42_fold0rep2/best.pth,False
0.9704505189910028,0.9425972591816808,0.9801297630503468,0.9609605796655744,0.6821681977137082,0.23790800821519792,8,38.91015291668744,2.4941478216725157,1,2,1,1.0,1,1.0,1,120,etis-larib,unetpp,polypseg/runs_repeat/unetpp_seed42_fold0rep2/best.pth,False
0.773655084820304,0.6308625536290828,0.6326096632182749,0.995641344948664,0.5740090884293989,0.2941236842433876,8,39.21543037209068,2.513716161638437,1,1,1,1.0,1,1.0,0,121,etis-larib,unetpp,polypseg/runs_repeat/unetpp_seed42_fold0rep2/best.pth,False
0.9134179912933424,0.8406341941742347,0.8859603789760038,0.9426319648007456,0.8055049821490027,0.3309468833531427,8,11.180339887498949,0.7166618038143098,1,1,1,1.0,1,1.0,0,122,etis-larib,unetpp,polypseg/runs_repeat/unetpp_seed42_fold0rep2/best.pth,False
0.8154024319582199,0.6883370808418384,0.6926709296537857,0.9909922589586068,0.660347032698498,0.16338743747955056,8,21.953359090068208,1.4072142782406116,1,1,1,1.0,1,1.0,0,123,etis-larib,unetpp,polypseg/runs_repeat/unetpp_seed42_fold0rep2/best.pth,False
0.9830574571345684,0.9666794491305423,0.9709288208246009,0.9954929432359848,0.9121636502327276,0.48657284580047183,8,8.94427190999916,0.5733294430514477,1,1,1,1.0,1,1.0,0,124,etis-larib,unetpp,polypseg/runs_repeat/unetpp_seed42_fold0rep2/best.pth,False
0.9803718654848532,0.9614994254263486,0.9719511264480426,0.9889397900104486,0.8865279339688767,0.4526558391507323,8,9.219544457292887,0.5909744629944161,1,1,1,1.0,1,1.0,0,125,etis-larib,unetpp,polypseg/runs_repeat/unetpp_seed42_fold0rep2/best.pth,False
0.6811709050724464,0.5164967225035816,0.5197141810167837,0.988155786239893,0.3719387959782234,0.13370547426515236,8,998.5530529021569,64.00743083824364,1,2,1,1.0,1,1.0,1,126,etis-larib,unetpp,polypseg/runs_repeat/unetpp_seed42_fold0rep2/best.pth,False
0.9361870475098462,0.8800297508301969,0.8858939802269699,0.992534183365552,0.8516793721569024,0.4111075561270993,8,9.219544457292887,0.5909744629944161,1,1,1,1.0,1,1.0,0,127,etis-larib,unetpp,polypseg/runs_repeat/unetpp_seed42_fold0rep2/best.pth,False
0.8875463698946076,0.7978277438948377,0.7986647591721634,0.998688133559944,0.8205707531151747,0.26758325880608524,8,17.72004514666935,1.1358580907439568,1,1,1,1.0,1,1.0,0,128,etis-larib,unetpp,polypseg/runs_repeat/unetpp_seed42_fold0rep2/best.pth,False
0.8789529968891432,0.7840465158464245,0.7879119875761169,0.9937816674229182,0.6687864067990255,0.3740588764308333,8,19.262622410626157,1.234737571657263,1,1,1,1.0,1,1.0,0,129,etis-larib,unetpp,polypseg/runs_repeat/unetpp_seed42_fold0rep2/best.pth,False
0.4848133417177913,0.3199693840146612,0.9992256935059277,0.32004873893365243,0.19211855797388883,0.014672069437091444,8,223.52392597003887,14.32792398024128,1,1,1,1.0,0,0.0,0,13,etis-larib,unetpp,polypseg/runs_repeat/unetpp_seed42_fold0rep2/best.pth,False
0.8620609444023336,0.7575633687601692,0.7584936553366183,0.9983836206806898,0.5765818544339907,0.3787175812320773,8,26.34852080438572,1.6889449370518266,1,1,1,1.0,1,1.0,0,130,etis-larib,unetpp,polypseg/runs_repeat/unetpp_seed42_fold0rep2/best.pth,False
0.9206233850092029,0.8529213735254513,0.8536238394665047,0.9990361023396509,0.8799290395042749,0.24857601522389425,8,9.219544457292887,0.5909744629944161,1,1,1,1.0,1,1.0,0,131,etis-larib,unetpp,polypseg/runs_repeat/unetpp_seed42_fold0rep2/best.pth,False
0.9251516464421298,0.8607276025308804,0.8654372276738733,0.9937172774753493,0.893511512443616,0.38282030817389673,8,11.0,0.7051019844908224,1,1,1,1.0,1,1.0,0,132,etis-larib,unetpp,polypseg/runs_repeat/unetpp_seed42_fold0rep2/best.pth,False
0.9370560862095892,0.8815668202737893,0.9023868675087192,0.974495687016999,0.7318585747995334,0.24432086985395354,8,13.432596319739499,0.8610318474465852,1,1,1,1.0,1,1.0,0,133,etis-larib,unetpp,polypseg/runs_repeat/unetpp_seed42_fold0rep2/best.pth,False
0.8922117888406608,0.8053992449575988,0.8243356541361705,0.9722687991703329,0.7371677913908357,0.2628903697446381,8,38.01315561749642,2.4366501329686527,1,1,1,1.0,1,1.0,0,134,etis-larib,unetpp,polypseg/runs_repeat/unetpp_seed42_fold0rep2/best.pth,False
0.7548599670479619,0.6062450383659285,0.6083781451197744,0.9942497558750759,0.5730639588646642,0.25190221192114615,8,42.678975687508114,2.7357300412088668,1,1,1,1.0,1,1.0,0,135,etis-larib,unetpp,polypseg/runs_repeat/unetpp_seed42_fold0rep2/best.pth,False
0.9631085789611038,0.9288422677816478,0.9355974842745898,0.9922866082882764,0.777374658585618,0.5352332890452765,8,12.529964086141668,0.8031729584306567,1,1,1,1.0,1,1.0,0,136,etis-larib,unetpp,polypseg/runs_repeat/unetpp_seed42_fold0rep2/best.pth,False
0.881825962908451,0.7886303327182804,0.8047840577669602,0.9751798409786075,0.7184832034470249,0.33396017222268437,8,42.44113539927998,2.720484435825092,1,1,1,1.0,1,1.0,0,137,etis-larib,unetpp,polypseg/runs_repeat/unetpp_seed42_fold0rep2/best.pth,False
0.8401475319750445,0.7243572395079543,0.7294903243340863,0.9903792784367217,0.6170356741858531,0.5162239359561992,8,35.4682957019364,2.273524153267515,1,1,1,1.0,1,1.0,0,138,etis-larib,unetpp,polypseg/runs_repeat/unetpp_seed42_fold0rep2/best.pth,False
0.9336115000973576,0.8754890925611004,0.8770874724755566,0.9979227761424858,0.8284580200639854,0.30980048084536976,8,9.219544457292887,0.5909744629944161,1,1,1,1.0,1,1.0,0,139,etis-larib,unetpp,polypseg/runs_repeat/unetpp_seed42_fold0rep2/best.pth,False
0.6974116520538033,0.5354044914906684,0.9546802549424824,0.5493673511714381,0.44938325310892213,0.19397049770541705,8,259.6197218750901,16.641671009734672,1,1,1,1.0,1,1.0,0,14,etis-larib,unetpp,polypseg/runs_repeat/unetpp_seed42_fold0rep2/best.pth,False
0.9304799999962781,0.8699977559961851,0.8766865154075775,0.9913065712009604,0.7929333415996294,0.5993657005319012,8,14.142135623730951,0.9065134448391862,1,1,1,1.0,1,1.0,0,140,etis-larib,unetpp,polypseg/runs_repeat/unetpp_seed42_fold0rep2/best.pth,False
0.4212021663817703,0.26678663817043313,0.9999999999578415,0.26678663817043313,0.3389862302265998,0.025220634983680823,8,54.01280113510155,3.462230297115295,1,1,1,1.0,0,0.0,0,141,etis-larib,unetpp,polypseg/runs_repeat/unetpp_seed42_fold0rep2/best.pth,False
0.8907050427855535,0.802946986275143,0.8153087222810467,0.9814669798944043,0.6599776066893565,0.3501146379800529,8,21.213203435596427,1.3597701672587792,1,1,1,1.0,1,1.0,0,142,etis-larib,unetpp,polypseg/runs_repeat/unetpp_seed42_fold0rep2/best.pth,False
0.9556747000717812,0.9151120825450357,0.9424667574026674,0.9692581027190198,0.9166432986576656,0.4637578469918624,8,18.056811241954158,1.157444858207097,1,1,1,1.0,1,1.0,0,143,etis-larib,unetpp,polypseg/runs_repeat/unetpp_seed42_fold0rep2/best.pth,False
0.9332412384728273,0.8748381284788309,0.8808390022625803,0.9922728143496247,0.8397275050479883,0.3655938783526403,8,13.416407864998739,0.8599941645771717,1,1,1,1.0,1,1.0,0,144,etis-larib,unetpp,polypseg/runs_repeat/unetpp_seed42_fold0rep2/best.pth,False
0.963574082112791,0.9297085932365249,0.9741488635207581,0.9532264222940376,0.9466705126736453,0.6360730014817344,8,8.602325267042627,0.5514106015479364,1,1,1,1.0,1,1.0,0,145,etis-larib,unetpp,polypseg/runs_repeat/unetpp_seed42_fold0rep2/best.pth,False
0.9201651385935329,0.8521350546092141,0.9222914875223313,0.9180485717244243,0.933479282072667,0.4229446582932494,8,12.727922061357855,0.8158621003552676,1,1,1,1.0,1,1.0,0,146,etis-larib,unetpp,polypseg/runs_repeat/unetpp_seed42_fold0rep2/best.pth,False
0.8411630157454888,0.7258682861995601,0.7258682861995601,0.9999999999947706,0.4838036482469289,0.13461313434794495,8,36.6742416417845,2.3508255055743823,1,1,1,1.0,1,1.0,0,147,etis-larib,unetpp,polypseg/runs_repeat/unetpp_seed42_fold0rep2/best.pth,False
0.2119701810427605,0.11854957830981774,0.9975942261027428,0.11858348029112728,0.1840151585903796,0.1227922150028371,8,93.29192685139049,5.980029341808007,1,2,0,0.0,0,0.0,2,148,etis-larib,unetpp,polypseg/runs_repeat/unetpp_seed42_fold0rep2/best.pth,False
0.9315361003572282,0.871846115407995,0.8720094946538072,0.9997851464513372,0.9772619573845766,0.25631745297183633,8,7.0,0.4487012628577961,1,1,1,1.0,1,1.0,0,149,etis-larib,unetpp,polypseg/runs_repeat/unetpp_seed42_fold0rep2/best.pth,False
0.8762230941750485,0.7797126721800921,0.9125249253401431,0.8426990576633158,0.5437882006716008,0.28985387480587554,8,107.48953437428223,6.890098545390988,1,1,1,1.0,1,1.0,0,15,etis-larib,unetpp,polypseg/runs_repeat/unetpp_seed42_fold0rep2/best.pth,False
0.8421747743774513,0.7273764258544496,0.7274508943578204,0.9998592823379236,0.3791223593617567,0.09276432979335547,8,147.445719889129,9.451297245318436,1,1,1,1.0,1,1.0,0,150,etis-larib,unetpp,polypseg/runs_repeat/unetpp_seed42_fold0rep2/best.pth,False
0.9220270543067958,0.8553341324478922,0.8903532714583923,0.956037514646156,0.9355747460604509,0.25157708630961934,8,10.63014581273465,0.6813942643623643,1,1,1,1.0,1,1.0,0,151,etis-larib,unetpp,polypseg/runs_repeat/unetpp_seed42_fold0rep2/best.pth,False
0.0,0.0,0.0,0.0,0.0,0.0,8,,,1,0,0,0.0,0,0.0,0,152,etis-larib,unetpp,polypseg/runs_repeat/unetpp_seed42_fold0rep2/best.pth,False
0.49175604953573576,0.32604543143326686,0.3291118170086015,0.9722176692305678,0.22308314548815306,0.06347786798749386,8,552.3160326135642,35.40355733290199,1,2,1,1.0,1,1.0,1,153,etis-larib,unetpp,polypseg/runs_repeat/unetpp_seed42_fold0rep2/best.pth,False
0.0,0.0,0.0,0.0,0.007330113926333051,0.0,8,570.0690103346054,36.54152640760449,1,2,0,0.0,0,0.0,2,154,etis-larib,unetpp,polypseg/runs_repeat/unetpp_seed42_fold0rep2/best.pth,False
0.8806049534008265,0.7866793372689886,0.7948899928994494,0.9870399170503523,0.509700272037452,0.11989664972877512,8,19.79898987322333,1.2691188227748607,1,1,1,1.0,1,1.0,0,155,etis-larib,unetpp,polypseg/runs_repeat/unetpp_seed42_fold0rep2/best.pth,False
0.0,0.0,0.0,0.0,0.0,0.0,8,535.4454218161085,34.3221481371876,1,1,0,0.0,0,0.0,1,156,etis-larib,unetpp,polypseg/runs_repeat/unetpp_seed42_fold0rep2/best.pth,False
0.0,0.0,0.0,0.0,0.0033673531620564833,0.0,8,557.3824499202246,35.728315596282435,1,1,0,0.0,0,0.0,1,157,etis-larib,unetpp,polypseg/runs_repeat/unetpp_seed42_fold0rep2/best.pth,False
0.7940072744044974,0.6583847958224023,0.6583847958224023,0.9999999999927288,0.3206416922169944,0.058812642408700176,8,367.6208467796095,23.56456260040902,1,2,1,1.0,1,1.0,1,158,etis-larib,unetpp,polypseg/runs_repeat/unetpp_seed42_fold0rep2/best.pth,False
0.9559035419660877,0.9155318310016143,0.9203609976204031,0.9943015250815338,0.8418434858988554,0.32877549398200245,8,24.041630560342615,1.5410728562266163,1,1,1,1.0,1,1.0,0,159,etis-larib,unetpp,polypseg/runs_repeat/unetpp_seed42_fold0rep2/best.pth,False
0.8358519463272319,0.7179945400331208,0.9940323001740653,0.7211028536376483,0.5314643499616593,0.2712583909559903,8,85.9579337712086,5.509919062255443,1,1,1,1.0,1,1.0,0,16,etis-larib,unetpp,polypseg/runs_repeat/unetpp_seed42_fold0rep2/best.pth,False
0.6793154805701507,0.5143662022050632,0.5155888371589663,0.9954109447225943,0.5019659134848674,0.21466140575610812,8,721.5907754259828,46.25409888573925,1,2,1,1.0,1,1.0,1,160,etis-larib,unetpp,polypseg/runs_repeat/unetpp_seed42_fold0rep2/best.pth,False
0.37956650045769486,0.2342376287363253,0.25171288614348414,0.7713736557812968,0.31787406224667747,0.10729098068583846,8,800.4468751876994,51.30878910675678,1,2,1,1.0,1,1.0,1,161,etis-larib,unetpp,polypseg/runs_repeat/unetpp_seed42_fold0rep2/best.pth,False
0.9607678938213298,0.9244978942713203,0.933797106789315,0.9893430086866856,0.7757770886657906,0.27036907408920335,8,13.601470508735444,0.8718567134275235,1,1,1,1.0,1,1.0,0,162,etis-larib,unetpp,polypseg/runs_repeat/unetpp_seed42_fold0rep2/best.pth,False
0.961982840193575,0.9267504213253765,0.9382212433289828,0.9869792941390719,0.7971823169115504,0.27988299900531205,8,12.727922061357855,0.8158621003552676,1,1,1,1.0,1,1.0,0,163,etis-larib,unetpp,polypseg/runs_repeat/unetpp_seed42_fold0rep2/best.pth,False
0.47419732224070477,0.3107854830462634,0.3407616963353343,0.7793920156253217,0.3116498581830465,0.14059076734178838,8,769.2153469112968,49.3068425098138,1,3,1,1.0,1,1.0,2,164,etis-larib,unetpp,polypseg/runs_repeat/unetpp_seed42_fold0rep2/best.pth,False
0.8603933776684296,0.7549915565672246,0.7559677740165308,0.9982925067249078,0.5088844154227625,0.3147146332712557,8,19.235384061671343,1.2329915885752363,1,1,1,1.0,1,1.0,0,165,etis-larib,unetpp,polypseg/runs_repeat/unetpp_seed42_fold0rep2/best.pth,False
0.9206206055732241,0.8529166021944827,0.8537620419389346,0.9988403276038311,0.6143590279195448,0.28432813616972336,8,16.439022025877907,1.0537442775940775,1,1,1,1.0,1,1.0,0,166,etis-larib,unetpp,polypseg/runs_repeat/unetpp_seed42_fold0rep2/best.pth,False
0.9048742379202462,0.8262742684473052,0.8332439980792923,0.989978213504307,0.5918877366208779,0.34750100486320573,8,31.76476034853718,2.0361268689662686,1,1,1,1.0,1,1.0,0,167,etis-larib,unetpp,polypseg/runs_repeat/unetpp_seed42_fold0rep2/best.pth,False
0.8770408583242953,0.7810086990480842,0.7894970852643538,0.9864205913154347,0.5893994725189371,0.25298273338849503,8,772.9747731976769,49.5478224130023,1,1,1,1.0,1,1.0,0,168,etis-larib,unetpp,polypseg/runs_repeat/unetpp_seed42_fold0rep2/best.pth,False
0.898435064524606,0.8155988227211274,0.8276852383592453,0.9824106899238831,0.7274593440096517,0.3782634594467423,8,10.295630140987,0.6599517494539509,1,1,1,1.0,1,1.0,0,169,etis-larib,unetpp,polypseg/runs_repeat/unetpp_seed42_fold0rep2/best.pth,False
0.7798936395446802,0.639201355571689,0.9960235406378304,0.640836710466412,0.42344481560700736,0.1900744488378834,8,86.97700845625813,5.575241933416605,1,1,1,1.0,1,1.0,0,17,etis-larib,unetpp,polypseg/runs_repeat/unetpp_seed42_fold0rep2/best.pth,False
0.8353545734783463,0.7172608542097039,0.7525925925833014,0.9385681293158035,0.6238511121542284,0.3379256269741064,8,16.76305461424021,1.0745148249662555,1,1,1,1.0,1,1.0,0,170,etis-larib,unetpp,polypseg/runs_repeat/unetpp_seed42_fold0rep2/best.pth,False
0.9548908906085594,0.9136757894729148,0.9665576866533931,0.9435023826907514,0.6663497039706795,0.24612311886215332,8,27.586228448267445,1.7682822203173232,1,1,1,1.0,1,1.0,0,171,etis-larib,unetpp,polypseg/runs_repeat/unetpp_seed42_fold0rep2/best.pth,False
0.9676036589433906,0.9372404961771693,0.965991201172533,0.9692215088276022,0.7085823832256095,0.21560768786259857,8,16.0,1.0256028865321054,1,1,1,1.0,1,1.0,0,172,etis-larib,unetpp,polypseg/runs_repeat/unetpp_seed42_fold0rep2/best.pth,False
0.9128761699982899,0.8397168241605502,0.9447463074915996,0.8830860828027628,0.414214535473514,0.22269188569096315,8,66.86101917594293,4.285803391457844,1,1,1,1.0,1,1.0,0,173,etis-larib,unetpp,polypseg/runs_repeat/unetpp_seed42_fold0rep2/best.pth,False
0.9376932223538553,0.8826953212438241,0.9012213179094484,0.9772416245504065,0.5341351263759121,0.1445831702151098,8,35.608987629529715,2.2825425312082315,1,1,1,1.0,1,1.0,0,174,etis-larib,unetpp,polypseg/runs_repeat/unetpp_seed42_fold0rep2/best.pth,False
0.9540325103202724,0.912105318505066,0.9250433275557092,0.984897411693871,0.6034679138437371,0.24092880234312816,8,26.627053911388696,1.7067989594603896,1,1,1,1.0,1,1.0,0,175,etis-larib,unetpp,polypseg/runs_repeat/unetpp_seed42_fold0rep2/best.pth,False
0.95498851557405,0.9138545650516445,0.9303463183425568,0.9809716316993232,0.5809104931840208,0.2045580378434068,8,24.0,1.538404329798158,1,1,1,1.0,1,1.0,0,176,etis-larib,unetpp,polypseg/runs_repeat/unetpp_seed42_fold0rep2/best.pth,False
0.9700103087926555,0.9417670070616126,0.9857727828688473,0.954743984177235,0.7373637671747243,0.28861330682173303,8,30.083217912982647,1.9283396954830836,1,1,1,1.0,1,1.0,0,177,etis-larib,unetpp,polypseg/runs_repeat/unetpp_seed42_fold0rep2/best.pth,False
0.7435821006741938,0.5918270513920567,0.9951063496352948,0.5935545547244249,0.4120930292764074,0.2430929422157535,8,227.705950734714,14.595992522128755,1,1,1,1.0,1,1.0,0,178,etis-larib,unetpp,polypseg/runs_repeat/unetpp_seed42_fold0rep2/best.pth,False
0.968478155445174,0.9388828366142262,0.9891106086169007,0.9486888833555188,0.6816188760045422,0.420944773609462,8,44.6525473406673,2.8622363402249915,1,1,1,1.0,1,1.0,0,179,etis-larib,unetpp,polypseg/runs_repeat/unetpp_seed42_fold0rep2/best.pth,False
0.3719649561948561,0.22847478474755473,0.9878129847053633,0.22912062496758348,0.27426659943037135,0.11290463850385052,8,212.30964556388537,13.609086583058064,1,3,0,0.0,0,0.0,3,18,etis-larib,unetpp,polypseg/runs_repeat/unetpp_seed42_fold0rep2/best.pth,False
0.9058135152669551,0.8278419884595374,0.9786259670150741,0.8430856353488216,0.475227112946296,0.13590358610999057,8,108.2266141020775,6.937345488917934,1,2,1,1.0,1,1.0,1,180,etis-larib,unetpp,polypseg/runs_repeat/unetpp_seed42_fold0rep2/best.pth,False
0.9685405012711996,0.9390000309899285,0.9458832811149294,0.9923097992744498,0.45149927221282204,0.10614135240049706,8,29.153043478371274,1.8687153464133466,1,1,1,1.0,1,1.0,0,181,etis-larib,unetpp,polypseg/runs_repeat/unetpp_seed42_fold0rep2/best.pth,False
0.9761280914839158,0.9533693456817617,0.9653717825820791,0.9871267978415755,0.7822906859737384,0.24114329608964938,8,40.311288741492746,2.5839608808190073,1,1,1,1.0,1,1.0,0,182,etis-larib,unetpp,polypseg/runs_repeat/unetpp_seed42_fold0rep2/best.pth,False
0.9049780900854586,0.8264474727780429,0.846622594819047,0.9719737121010303,0.5442471672566158,0.19337050663163088,8,668.7801580160472,42.86892878229097,1,1,1,1.0,1,1.0,0,183,etis-larib,unetpp,polypseg/runs_repeat/unetpp_seed42_fold0rep2/best.pth,False
0.9313601679071319,0.8715379493978976,0.8939461194356064,0.9720427712149252,0.7587340142553854,0.334978022327094,8,322.0192540750968,20.64149228114592,1,2,1,1.0,1,1.0,1,184,etis-larib,unetpp,polypseg/runs_repeat/unetpp_seed42_fold0rep2/best.pth,False
0.9124824946299832,0.8390508567671472,0.8422322567273026,0.9955182529294511,0.4852905534175094,0.13835089841096718,8,14.866068747318506,0.9529176886646612,1,1,1,1.0,1,1.0,0,185,etis-larib,unetpp,polypseg/runs_repeat/unetpp_seed42_fold0rep2/best.pth,False
0.9445019798945182,0.8948401246646857,0.9031105588097429,0.9898697539755262,0.789764818607733,0.3796767500492702,8,13.416407864998739,0.8599941645771717,1,1,1,1.0,1,1.0,0,186,etis-larib,unetpp,polypseg/runs_repeat/unetpp_seed42_fold0rep2/best.pth,False
0.9217818167046903,0.8549121420745196,0.8554271299994148,0.9992963011786986,0.6901150658635898,0.2764061915978474,8,20.591260281974,1.3199034989079017,1,1,1,1.0,1,1.0,0,187,etis-larib,unetpp,polypseg/runs_repeat/unetpp_seed42_fold0rep2/best.pth,False
0.846175147108262,0.733365332691146,0.7631981517880703,0.9493960930484702,0.5948862386895962,0.278592329496228,8,319.88685489394555,20.504805108931706,1,2,1,1.0,1,1.0,1,188,etis-larib,unetpp,polypseg/runs_repeat/unetpp_seed42_fold0rep2/best.pth,False
0.9563272780292075,0.9163095459880867,0.9297936032742089,0.9844198305164995,0.865094730237005,0.3821798672987784,8,12.041594578792296,0.7718683849036706,1,1,1,1.0,1,1.0,0,189,etis-larib,unetpp,polypseg/runs_repeat/unetpp_seed42_fold0rep2/best.pth,False
0.38727794186859527,0.2401392973550064,0.24947882772057503,0.8651315789440593,0.3097822838460108,0.10904800541654751,8,787.7226653096911,50.49316495802392,1,2,1,1.0,1,1.0,1,19,etis-larib,unetpp,polypseg/runs_repeat/unetpp_seed42_fold0rep2/best.pth,False
0.9485797180990878,0.9021889100180814,0.9068215892036978,0.9943693230837319,0.7358267801756087,0.2163427269022557,8,17.08800749063506,1.0953443629673474,1,1,1,1.0,1,1.0,0,190,etis-larib,unetpp,polypseg/runs_repeat/unetpp_seed42_fold0rep2/best.pth,False
0.0,0.0,0.0,0.0,0.0,0.0,8,,,1,0,0,0.0,0,0.0,0,191,etis-larib,unetpp,polypseg/runs_repeat/unetpp_seed42_fold0rep2/best.pth,False
0.0,0.0,0.0,0.0,0.0,0.0,8,,,1,0,0,0.0,0,0.0,0,192,etis-larib,unetpp,polypseg/runs_repeat/unetpp_seed42_fold0rep2/best.pth,False
0.0,0.0,0.0,0.0,0.0,0.0,8,304.32843753961777,19.507507749652344,1,1,0,0.0,0,0.0,1,193,etis-larib,unetpp,polypseg/runs_repeat/unetpp_seed42_fold0rep2/best.pth,False
0.0,0.0,0.0,0.0,0.0,0.0,8,,,1,0,0,0.0,0,0.0,0,194,etis-larib,unetpp,polypseg/runs_repeat/unetpp_seed42_fold0rep2/best.pth,False
0.0,0.0,0.0,0.0,0.0,0.0,8,,,1,0,0,0.0,0,0.0,0,195,etis-larib,unetpp,polypseg/runs_repeat/unetpp_seed42_fold0rep2/best.pth,False
0.0,0.0,0.0,0.0,0.0,0.0,8,,,1,0,0,0.0,0,0.0,0,196,etis-larib,unetpp,polypseg/runs_repeat/unetpp_seed42_fold0rep2/best.pth,False
0.925296386226133,0.8609782030758375,0.932175748264273,0.9185178183106293,0.8764269272481523,0.5513872266224793,8,14.790134482004676,0.9480502885588762,1,1,1,1.0,1,1.0,0,2,etis-larib,unetpp,polypseg/runs_repeat/unetpp_seed42_fold0rep2/best.pth,False
0.11489488976235195,0.0609487975701618,0.06598611077023386,0.44394914974165456,0.11767949557768936,0.051219049872074505,8,911.7043010258477,58.4404101747403,1,5,1,1.0,0,0.0,4,20,etis-larib,unetpp,polypseg/runs_repeat/unetpp_seed42_fold0rep2/best.pth,False
0.928276549524701,0.866153063192766,0.867523245388945,0.9981798325425754,0.6203185872587876,0.32169493552564304,8,30.149999999999864,1.9326204393089272,1,1,1,1.0,1,1.0,0,21,etis-larib,unetpp,polypseg/runs_repeat/unetpp_seed42_fold0rep2/best.pth,False
0.11636774466874991,0.06177837756780494,0.06740120896823194,0.4254659988618502,0.10259056632180347,0.0452220915146052,8,909.4734601685728,58.29741287332687,1,5,1,1.0,0,0.0,4,22,etis-larib,unetpp,polypseg/runs_repeat/unetpp_seed42_fold0rep2/best.pth,False
0.0,0.0,0.0,0.0,0.0,0.0,8,311.04999999999995,19.938361115988208,1,1,0,0.0,0,0.0,1,23,etis-larib,unetpp,polypseg/runs_repeat/unetpp_seed42_fold0rep2/best.pth,False
0.0,0.0,0.0,0.0,0.0,0.0,8,,,1,0,0,0.0,0,0.0,0,24,etis-larib,unetpp,polypseg/runs_repeat/unetpp_seed42_fold0rep2/best.pth,False
0.0,0.0,0.0,0.0,0.0,0.0,8,,,1,0,0,0.0,0,0.0,0,25,etis-larib,unetpp,polypseg/runs_repeat/unetpp_seed42_fold0rep2/best.pth,False
0.0324946138793262,0.016515641638672085,0.554655870407918,0.01673759442891259,0.1713351476251987,0.024464795222753872,8,299.34762400927787,19.18823670377767,1,2,0,0.0,0,0.0,2,26,etis-larib,unetpp,polypseg/runs_repeat/unetpp_seed42_fold0rep2/best.pth,False
0.013424109546862404,0.0067574108854207265,0.8638613859247868,0.006764614668927809,0.13632794750790198,0.04590104941310993,8,333.76905947905703,21.39465692730168,1,0,0,0.0,0,0.0,0,27,etis-larib,unetpp,polypseg/runs_repeat/unetpp_seed42_fold0rep2/best.pth,False
0.80294908273403,0.6707727057825934,0.7042327312826359,0.9338525669136064,0.2942416547970809,0.11389335369806716,8,131.0557129081776,8.400694840946866,1,1,1,1.0,1,1.0,0,28,etis-larib,unetpp,polypseg/runs_repeat/unetpp_seed42_fold0rep2/best.pth,False
0.0,0.0,0.0,0.0,0.0,0.0,8,,,1,0,0,0.0,0,0.0,0,29,etis-larib,unetpp,polypseg/runs_repeat/unetpp_seed42_fold0rep2/best.pth,False
0.8973858335996453,0.8138711264061596,0.9515757993909411,0.8490353037679697,0.9065713694839235,0.2940471160271898,8,15.739584899696428,1.008910231621612,1,1,1,1.0,1,1.0,0,3,etis-larib,unetpp,polypseg/runs_repeat/unetpp_seed42_fold0rep2/best.pth,False
0.013338013337987328,0.006713780918714735,0.13174114021064173,0.0070246066630920085,0.08712004551532765,0.024258292511417177,8,353.82974301483506,22.68055036105799,1,1,0,0.0,0,0.0,1,30,etis-larib,unetpp,polypseg/runs_repeat/unetpp_seed42_fold0rep2/best.pth,False
0.0,0.0,0.0,0.0,0.0,0.0,8,,,1,0,0,0.0,0,0.0,0,31,etis-larib,unetpp,polypseg/runs_repeat/unetpp_seed42_fold0rep2/best.pth,False
0.0017374281169683869,0.0008694693787569411,0.9999999985915494,0.0008694693787569411,0.03637587545560533,0.0,8,326.91711483139716,20.95544603923929,1,0,0,0.0,0,0.0,0,32,etis-larib,unetpp,polypseg/runs_repeat/unetpp_seed42_fold0rep2/best.pth,False
0.9280240228267183,0.8657134512228961,0.9918774622378171,0.8718946383194653,0.6233229564536019,0.18528575857322596,8,84.57715817530529,5.421411097454722,1,1,1,1.0,1,1.0,0,33,etis-larib,unetpp,polypseg/runs_repeat/unetpp_seed42_fold0rep2/best.pth,False
0.9122623147172844,0.8386785960074342,0.9977775698299282,0.8402482269495269,0.5642487104405208,0.15202094687723644,8,86.35102337024799,5.535116176470476,1,1,1,1.0,1,1.0,0,34,etis-larib,unetpp,polypseg/runs_repeat/unetpp_seed42_fold0rep2/best.pth,False
0.0,0.0,0.0,0.0,0.0,0.0,8,,,1,0,0,0.0,0,0.0,0,35,etis-larib,unetpp,polypseg/runs_repeat/unetpp_seed42_fold0rep2/best.pth,False
0.0,0.0,0.0,0.0,0.0,0.0,8,,,1,0,0,0.0,0,0.0,0,36,etis-larib,unetpp,polypseg/runs_repeat/unetpp_seed42_fold0rep2/best.pth,False
0.9045410508504843,0.8257188017430915,0.8275250810861148,0.9973635165189446,0.5949847877684087,0.12784875493180947,8,17.033779186061263,1.0918683188609328,1,1,1,1.0,1,1.0,0,37,etis-larib,unetpp,polypseg/runs_repeat/unetpp_seed42_fold0rep2/best.pth,False
0.8562503803150925,0.7486344612302311,0.7486344612302311,0.9999999999952622,0.1679652485501198,0.0,8,21.492769476601964,1.3776904009232565,1,1,1,1.0,1,1.0,0,38,etis-larib,unetpp,polypseg/runs_repeat/unetpp_seed42_fold0rep2/best.pth,False
0.8279746715795709,0.7064477631174194,0.7064477631174194,0.9999999999954342,0.2280762889623151,0.0,8,35.399728367858565,2.2691289747830123,1,1,1,1.0,1,1.0,0,39,etis-larib,unetpp,polypseg/runs_repeat/unetpp_seed42_fold0rep2/best.pth,False
0.9134360063683994,0.8406647116249829,0.8903529411680907,0.9377478191818224,0.8820888090756436,0.4965919655900286,8,19.3386091728464,1.23960833682422,1,1,1,1.0,1,1.0,0,4,etis-larib,unetpp,polypseg/runs_repeat/unetpp_seed42_fold0rep2/best.pth,False
0.892029560351455,0.8051023099807719,0.8076588666676603,0.9960837335050676,0.5145675103915126,0.18856658678952934,8,37.12142238654117,2.3794898719883837,1,1,1,1.0,1,1.0,0,40,etis-larib,unetpp,polypseg/runs_repeat/unetpp_seed42_fold0rep2/best.pth,False
0.9490663120763243,0.9030696446237153,0.9032684054126714,0.9997563946386525,0.674019460484217,0.22286258212888493,8,13.92838827718412,0.8928122013637482,1,1,1,1.0,1,1.0,0,41,etis-larib,unetpp,polypseg/runs_repeat/unetpp_seed42_fold0rep2/best.pth,False
0.9242208285800926,0.8591176080870064,0.8609426864312416,0.9975385877596147,0.7822484022025342,0.1714006570718167,8,10.0,0.6410018040825658,1,1,1,1.0,1,1.0,0,42,etis-larib,unetpp,polypseg/runs_repeat/unetpp_seed42_fold0rep2/best.pth,False
0.831136019698341,0.7110630780870179,0.8063580938150973,0.8574849824011518,0.44091401130558744,0.11895977077481966,8,582.112304161795,37.313503714636994,3,1,2,0.6666666666666666,0,0.0,0,43,etis-larib,unetpp,polypseg/runs_repeat/unetpp_seed42_fold0rep2/best.pth,False
0.8788101940104481,0.783819286721768,0.7998747181147584,0.9750309249996564,0.4606490953531569,0.15324918683469962,8,600.0822726315637,38.46538193547985,3,1,2,0.6666666666666666,0,0.0,0,44,etis-larib,unetpp,polypseg/runs_repeat/unetpp_seed42_fold0rep2/best.pth,False
0.8017439262984689,0.6690923116473784,0.743223558309184,0.8702675585269728,0.33547508153775424,0.10224140777050827,8,616.0261652769431,39.487388330458536,3,1,2,0.6666666666666666,0,0.0,0,45,etis-larib,unetpp,polypseg/runs_repeat/unetpp_seed42_fold0rep2/best.pth,False
0.3434375664747614,0.20731942215055005,0.8215762356031958,0.21709387343437753,0.32685763640441584,0.09561669529759892,8,670.4075252671441,42.97324331667677,3,1,1,0.3333333333333333,0,0.0,0,46,etis-larib,unetpp,polypseg/runs_repeat/unetpp_seed42_fold0rep2/best.pth,False
0.37228303417594655,0.22871484538927397,0.6708562047880221,0.2576241134746698,0.16313443668926508,0.06022485750624465,8,752.2400870334044,48.21872528916386,3,1,1,0.3333333333333333,0,0.0,0,47,etis-larib,unetpp,polypseg/runs_repeat/unetpp_seed42_fold0rep2/best.pth,False
0.8426122699135665,0.7280293785822669,0.7685698313149961,0.9324417970291311,0.2558823034008574,0.07541888764223732,8,611.5580907173912,39.20098394511373,3,1,2,0.6666666666666666,0,0.0,0,48,etis-larib,unetpp,polypseg/runs_repeat/unetpp_seed42_fold0rep2/best.pth,False
0.9337424751760344,0.8757194706130597,0.8763298848012461,0.99920522044257,0.8599703761112414,0.11747263096861182,8,16.97056274847714,1.0878161338070234,1,1,1,1.0,1,1.0,0,49,etis-larib,unetpp,polypseg/runs_repeat/unetpp_seed42_fold0rep2/best.pth,False
0.7831024930693691,0.6435237878369733,0.9966508020272052,0.6449184441582648,0.6057896596254776,0.25059585446328353,8,45.419680695616385,2.911409726674419,1,1,1,1.0,1,1.0,0,5,etis-larib,unetpp,polypseg/runs_repeat/unetpp_seed42_fold0rep2/best.pth,False
0.9588086447899805,0.9208764940202355,0.9247079532688242,0.9955207166810426,0.9999999500000026,0.3169341809909591,8,5.830951894845301,0.37376506841144935,1,1,1,1.0,1,1.0,0,50,etis-larib,unetpp,polypseg/runs_repeat/unetpp_seed42_fold0rep2/best.pth,False
0.9511824965200641,0.9069094416941721,0.9282893112773459,0.9752334024854113,0.8112094994275634,0.5542871078829876,8,13.0,0.8333023453073356,1,1,1,1.0,1,1.0,0,51,etis-larib,unetpp,polypseg/runs_repeat/unetpp_seed42_fold0rep2/best.pth,False
0.9656429992325857,0.9335683893628136,0.9366117255375761,0.9965315514759379,0.7073803500981017,0.21051750342265926,8,20.8806130178211,1.3384510614773235,1,1,1,1.0,1,1.0,0,52,etis-larib,unetpp,polypseg/runs_repeat/unetpp_seed42_fold0rep2/best.pth,False
0.7054074510104053,0.5448876185491432,0.5646203554081541,0.9397266412621584,0.6346720955386916,0.15915387609472223,8,194.91526187093126,12.494103450249268,1,2,1,1.0,1,1.0,1,53,etis-larib,unetpp,polypseg/runs_repeat/unetpp_seed42_fold0rep2/best.pth,False
0.9392374784838854,0.8854361456336737,0.9325725540118601,0.9459983546777176,0.9009189231673366,0.3891497679140761,8,13.46101637015679,0.8628535778055454,1,1,1,1.0,1,1.0,0,54,etis-larib,unetpp,polypseg/runs_repeat/unetpp_seed42_fold0rep2/best.pth,False
0.9631146763744987,0.9288536103558093,0.9338064943149568,0.9943221865416465,0.9588943950371557,0.4610248552939164,8,8.0,0.5128014432660527,1,1,1,1.0,1,1.0,0,55,etis-larib,unetpp,polypseg/runs_repeat/unetpp_seed42_fold0rep2/best.pth,False
0.958571074173161,0.9204383039506097,0.9625108979907729,0.9546633724481999,0.8626554268625375,0.5144989540637511,8,10.0,0.6410018040825658,1,1,1,1.0,1,1.0,0,56,etis-larib,unetpp,polypseg/runs_repeat/unetpp_seed42_fold0rep2/best.pth,False
0.0,0.0,0.0,0.0,0.0,0.0,8,,,1,0,0,0.0,0,0.0,0,57,etis-larib,unetpp,polypseg/runs_repeat/unetpp_seed42_fold0rep2/best.pth,False
0.08656975482657224,0.045243224854912764,0.9999999997493734,0.045243224854912764,0.0,0.0,8,73.00684899377592,4.679752191539382,1,1,0,0.0,0,0.0,1,58,etis-larib,unetpp,polypseg/runs_repeat/unetpp_seed42_fold0rep2/best.pth,False
0.8468714553567827,0.7344120126857221,0.9741964689878992,0.7489814720017423,0.7121534310316325,0.26565504880962626,8,68.58163527299341,4.396095193692131,1,1,1,1.0,1,1.0,0,59,etis-larib,unetpp,polypseg/runs_repeat/unetpp_seed42_fold0rep2/best.pth,False
0.9331949424375675,0.8747567663110316,0.8998271312810496,0.9691327780404788,0.8848878992603213,0.7127552421847348,8,19.799930062302785,1.2691790890644716,1,1,1,1.0,1,1.0,0,6,etis-larib,unetpp,polypseg/runs_repeat/unetpp_seed42_fold0rep2/best.pth,False
0.0,0.0,0.0,0.0,0.0,0.0,8,,,1,0,0,0.0,0,0.0,0,60,etis-larib,unetpp,polypseg/runs_repeat/unetpp_seed42_fold0rep2/best.pth,False
0.947626883994682,0.9004666401891375,0.9248300475851039,0.971575996713079,0.654710951882365,0.4057824553684198,8,18.35755975068582,1.1767228918743107,1,1,1,1.0,1,1.0,0,61,etis-larib,unetpp,polypseg/runs_repeat/unetpp_seed42_fold0rep2/best.pth,False
0.9490302584240025,0.9030043595744915,0.9717451758741339,0.9273530245919385,0.7821680087485072,0.42084653053891635,8,19.1049731745428,1.2246322271830958,1,1,1,1.0,1,1.0,0,62,etis-larib,unetpp,polypseg/runs_repeat/unetpp_seed42_fold0rep2/best.pth,False
0.9740579068132901,0.949427763303618,0.9580779398800754,0.9905799815745298,0.7636278540774196,0.2796576162879484,8,26.69907054790175,1.7114152388532722,1,1,1,1.0,1,1.0,0,63,etis-larib,unetpp,polypseg/runs_repeat/unetpp_seed42_fold0rep2/best.pth,False
0.9857823946868567,0.971963402649171,0.9895349583747141,0.9820581847911485,0.9063365334277488,0.4903568589718782,8,12.041594578792296,0.7718683849036706,1,1,1,1.0,1,1.0,0,64,etis-larib,unetpp,polypseg/runs_repeat/unetpp_seed42_fold0rep2/best.pth,False
0.9697908255246288,0.9413533188718591,0.9910472056407328,0.9494271295814485,0.8880551892781718,0.4593915182230448,8,9.486832980505138,0.6081077055533779,1,1,1,1.0,1,1.0,0,65,etis-larib,unetpp,polypseg/runs_repeat/unetpp_seed42_fold0rep2/best.pth,False
0.9883272047740097,0.9769237736132208,0.9895130218135957,0.9871442264615136,0.9682579446819821,0.5262301984660558,8,7.810249675906654,0.500638413259144,1,1,1,1.0,1,1.0,0,66,etis-larib,unetpp,polypseg/runs_repeat/unetpp_seed42_fold0rep2/best.pth,False
0.9778254818228187,0.9566130483927059,0.9890951608261213,0.9668097215072846,0.9415612457326319,0.6529934016019258,8,8.54400374531753,0.5476721814836737,1,1,1,1.0,1,1.0,0,67,etis-larib,unetpp,polypseg/runs_repeat/unetpp_seed42_fold0rep2/best.pth,False
0.6990686443589185,0.5373601315147231,0.5400090596590903,0.9909539875752239,0.6811465281489572,0.39227963116493947,8,638.2833047637066,40.914074986931816,1,2,1,1.0,1,1.0,1,68,etis-larib,unetpp,polypseg/runs_repeat/unetpp_seed42_fold0rep2/best.pth,False
0.0,0.0,0.0,0.0,0.0,0.0,8,,,1,0,0,0.0,0,0.0,0,69,etis-larib,unetpp,polypseg/runs_repeat/unetpp_seed42_fold0rep2/best.pth,False
0.0,0.0,0.0,0.0,0.0,0.0,8,483.65369341045846,31.002289002730002,1,1,0,0.0,0,0.0,1,7,etis-larib,unetpp,polypseg/runs_repeat/unetpp_seed42_fold0rep2/best.pth,False
0.0,0.0,0.0,0.0,0.0,0.0,8,383.7950551350495,24.601332273953453,1,1,0,0.0,0,0.0,1,70,etis-larib,unetpp,polypseg/runs_repeat/unetpp_seed42_fold0rep2/best.pth,False
0.0,0.0,0.0,0.0,0.0,0.0,8,585.4955166352685,37.5303682445461,1,2,0,0.0,0,0.0,2,71,etis-larib,unetpp,polypseg/runs_repeat/unetpp_seed42_fold0rep2/best.pth,False
0.0,0.0,0.0,0.0,0.0,0.0,8,538.1893718191587,34.498035827414355,1,1,0,0.0,0,0.0,1,72,etis-larib,unetpp,polypseg/runs_repeat/unetpp_seed42_fold0rep2/best.pth,False
0.0,0.0,0.0,0.0,0.0,0.0,8,488.2220137093601,31.2951191580523,1,1,0,0.0,0,0.0,1,73,etis-larib,unetpp,polypseg/runs_repeat/unetpp_seed42_fold0rep2/best.pth,False
0.0,0.0,0.0,0.0,0.0,0.0,8,509.2655492419324,32.64401358211774,1,3,0,0.0,0,0.0,3,74,etis-larib,unetpp,polypseg/runs_repeat/unetpp_seed42_fold0rep2/best.pth,False
0.8705707195986572,0.7708058704563598,0.7710769230701443,0.9995441595327687,0.7065425503676129,0.08596353985122439,8,14.317821063276353,0.9177749132091504,1,1,1,1.0,1,1.0,0,75,etis-larib,unetpp,polypseg/runs_repeat/unetpp_seed42_fold0rep2/best.pth,False
0.821593669193594,0.6972074467992393,0.7018741633105505,0.9905535612886728,0.6281564808194723,0.2526315291149683,8,17.0,1.089703066940362,1,1,1,1.0,1,1.0,0,76,etis-larib,unetpp,polypseg/runs_repeat/unetpp_seed42_fold0rep2/best.pth,False
0.0,0.0,0.0,0.0,0.0,0.0,8,,,1,0,0,0.0,0,0.0,0,77,etis-larib,unetpp,polypseg/runs_repeat/unetpp_seed42_fold0rep2/best.pth,False
0.0,0.0,0.0,0.0,0.0,0.0,8,,,1,0,0,0.0,0,0.0,0,78,etis-larib,unetpp,polypseg/runs_repeat/unetpp_seed42_fold0rep2/best.pth,False
0.0,0.0,0.0,0.0,0.0,0.0,8,,,1,0,0,0.0,0,0.0,0,79,etis-larib,unetpp,polypseg/runs_repeat/unetpp_seed42_fold0rep2/best.pth,False
0.0,0.0,0.0,0.0,0.018237038282733695,0.0,8,246.07315985291854,15.773333940201839,1,3,0,0.0,0,0.0,3,8,etis-larib,unetpp,polypseg/runs_repeat/unetpp_seed42_fold0rep2/best.pth,False
0.9020917290312719,0.8216458085658838,0.8226235475232911,0.9985555272240755,0.6929160985441106,0.21364026859882107,8,13.45362404707371,0.862379728562284,1,1,1,1.0,1,1.0,0,80,etis-larib,unetpp,polypseg/runs_repeat/unetpp_seed42_fold0rep2/best.pth,False
0.9780604649382667,0.9570629488164231,0.9732401454784836,0.9829287707746474,0.8893401787417151,0.3740430454991122,8,9.848857801796104,0.6313135619103956,1,1,1,1.0,1,1.0,0,81,etis-larib,unetpp,polypseg/runs_repeat/unetpp_seed42_fold0rep2/best.pth,False
0.9257951500983365,0.8618422735506054,0.8769847467310193,0.9803590653796364,0.7932710728024917,0.28005333696207224,8,37.61179709889521,2.4109229795179243,1,1,1,1.0,1,1.0,0,82,etis-larib,unetpp,polypseg/runs_repeat/unetpp_seed42_fold0rep2/best.pth,False
0.9749714404397408,0.951165146908694,0.9747153955135405,0.9752276199193703,0.8776977210318568,0.4764722951648203,8,9.848857801796104,0.6313135619103956,1,1,1,1.0,1,1.0,0,83,etis-larib,unetpp,polypseg/runs_repeat/unetpp_seed42_fold0rep2/best.pth,False
0.9793752513456594,0.9595840710671897,0.980076516211632,0.9786749892999398,0.9521452677944803,0.42603226692263124,8,8.0,0.5128014432660527,1,1,1,1.0,1,1.0,0,84,etis-larib,unetpp,polypseg/runs_repeat/unetpp_seed42_fold0rep2/best.pth,False
0.9787333352774449,0.9583523765982656,0.9675140224633866,0.9902158995307317,0.8837362318715672,0.610912489208271,8,10.770329614269007,0.690380071331032,1,1,1,1.0,1,1.0,0,85,etis-larib,unetpp,polypseg/runs_repeat/unetpp_seed42_fold0rep2/best.pth,False
0.9527157623449498,0.9097012330464875,0.9300246103337981,0.9765418628661521,0.8574348440165191,0.35536499007825717,8,15.171921064833391,0.9725228773956487,1,1,1,1.0,1,1.0,0,86,etis-larib,unetpp,polypseg/runs_repeat/unetpp_seed42_fold0rep2/best.pth,False
0.5977059728631176,0.4262344139648635,0.4293041726372966,0.9835007086688107,0.27840602014340704,0.05761634005333132,8,221.92560060433402,14.225471035948507,1,1,1,1.0,0,0.0,0,87,etis-larib,unetpp,polypseg/runs_repeat/unetpp_seed42_fold0rep2/best.pth,False
0.6956736130174346,0.5333585366058637,0.5342996333334472,0.9967084664648983,0.3367296780693353,0.06298374286286139,8,138.19189556555045,8.858125436710738,1,1,1,1.0,1,1.0,0,88,etis-larib,unetpp,polypseg/runs_repeat/unetpp_seed42_fold0rep2/best.pth,False
0.8140380911532844,0.6863948033077157,0.7008106116304199,0.9709035221804262,0.534136659837908,0.2677263337938737,8,14.734132567982538,0.9444605557668495,1,1,1,1.0,1,1.0,0,89,etis-larib,unetpp,polypseg/runs_repeat/unetpp_seed42_fold0rep2/best.pth,False
0.0,0.0,0.0,0.0,0.0,0.0,8,317.9909579076454,20.383277770074393,1,1,0,0.0,0,0.0,1,9,etis-larib,unetpp,polypseg/runs_repeat/unetpp_seed42_fold0rep2/best.pth,False
0.1338704958248364,0.07173698048571805,0.07173698048571805,0.9999999999831877,0.13293949850395437,0.014555057619476189,8,460.24297824461206,29.501657937112945,1,4,1,1.0,1,1.0,3,90,etis-larib,unetpp,polypseg/runs_repeat/unetpp_seed42_fold0rep2/best.pth,False
0.7044237961048467,0.5437146761317434,0.5499263984293834,0.9796480289021595,0.35598608052250114,0.12219142259736865,8,148.10012325458638,9.493244619104022,1,1,1,1.0,1,1.0,0,91,etis-larib,unetpp,polypseg/runs_repeat/unetpp_seed42_fold0rep2/best.pth,False
0.8578168103724059,0.7510325998162298,0.9448929861103758,0.7854353768040183,0.6587259989025882,0.1797660621892935,8,64.10381781062051,4.109066286518786,1,1,1,1.0,1,1.0,0,92,etis-larib,unetpp,polypseg/runs_repeat/unetpp_seed42_fold0rep2/best.pth,False
0.8564522829379642,0.7489431968246437,0.7589184124171144,0.9827526434305534,0.6421555682637475,0.23734721800760689,8,28.92297593003678,1.8539679750590206,1,1,1,1.0,1,1.0,0,93,etis-larib,unetpp,polypseg/runs_repeat/unetpp_seed42_fold0rep2/best.pth,False
0.7669574505929901,0.6220040427330205,0.6245741210538269,0.9934278796149725,0.4243654324380486,0.30862939182891375,8,38.58756276314948,2.4734697346328054,1,1,1,1.0,1,1.0,0,94,etis-larib,unetpp,polypseg/runs_repeat/unetpp_seed42_fold0rep2/best.pth,False
0.8147364490583437,0.6873884280091631,0.6908707123937639,0.9927206551259824,0.5153390870355214,0.2558188095682624,8,18.788294228055936,1.2043330495817914,1,1,1,1.0,1,1.0,0,95,etis-larib,unetpp,polypseg/runs_repeat/unetpp_seed42_fold0rep2/best.pth,False
0.5128062360777987,0.3448146761491026,0.3574385510972999,0.9070912672208291,0.44426937455551996,0.06368951157311005,8,817.1556794221194,52.379826472589336,1,2,1,1.0,1,1.0,1,96,etis-larib,unetpp,polypseg/runs_repeat/unetpp_seed42_fold0rep2/best.pth,False
0.7050686966175962,0.5444834755140548,0.5486923854894618,0.986107504531471,0.33500821055998264,0.19681737143721637,8,38.94289876278061,2.4962468363147092,1,1,1,1.0,1,1.0,0,97,etis-larib,unetpp,polypseg/runs_repeat/unetpp_seed42_fold0rep2/best.pth,False
0.7504034427082518,0.6005165733927771,0.6022573084951137,0.9952099469935262,0.40582519313489157,0.23212335940753467,8,43.266615305567875,2.773397846741536,1,1,1,1.0,1,1.0,0,98,etis-larib,unetpp,polypseg/runs_repeat/unetpp_seed42_fold0rep2/best.pth,False
0.0,0.0,0.0,0.0,0.0,0.0,8,,,1,0,0,0.0,0,0.0,0,99,etis-larib,unetpp,polypseg/runs_repeat/unetpp_seed42_fold0rep2/best.pth,False
