dice,iou,precision,recall,boundary_f1,hd95,name,dataset,model,checkpoint,tta
0.9380249819995451,0.8832834728689855,0.8964417553113815,0.9836537078735831,0.2954705573578802,100.41414230677765,cju14hjh2ob2o0835ouz3r5aa,kvasir-seg,unetpp,polypseg/runs/unetpp_seed1337/best.pth,False
0.9637643973073273,0.9300630038216907,0.9480872784357525,0.9799686920194226,0.6269505307125046,12.676694637913029,cju16jgnyzp970878melv7r25,kvasir-seg,unetpp,polypseg/runs/unetpp_seed1337/best.pth,False
0.9286371402164721,0.8667811579767718,0.9740832643789886,0.8872425916401999,0.5016137140607676,6.324555320336759,cju17r8il13910799dr2wme2e,kvasir-seg,unetpp,polypseg/runs/unetpp_seed1337/best.pth,False
0.9791880541284191,0.9592247211530986,0.9785748547647536,0.9798020224633,0.6279020692854618,5.830951894845301,cju18849rrsgr0988p90hkygb,kvasir-seg,unetpp,polypseg/runs/unetpp_seed1337/best.pth,False
0.9392059852758797,0.8853801701738846,0.8894679100343322,0.9948361368117243,0.36539792491608053,12.806248474865697,cju1b75x63ddl0799sdp0i2j3,kvasir-seg,unetpp,polypseg/runs/unetpp_seed1337/best.pth,False
0.9709177540266339,0.9434792581697716,0.9767028714647757,0.9652007648175168,0.3908906966245343,18.35755975068582,cju1c0qb4tzi308355wtsnp0y,kvasir-seg,unetpp,polypseg/runs/unetpp_seed1337/best.pth,False
0.9662322274872843,0.934670487104394,0.942906695629195,0.9907410816165543,0.4056306790840129,100.0,cju1c3218411b08014g9f6gig,kvasir-seg,unetpp,polypseg/runs/unetpp_seed1337/best.pth,False
0.908462150289074,0.8322772779062712,0.8634062972401011,0.9584792761167653,0.5466644163877385,306.4000652741445,cju1cbokpuiw70988j4lq1fpi,kvasir-seg,unetpp,polypseg/runs/unetpp_seed1337/best.pth,False
0.9523517225480131,0.909037644641819,0.9141257917174148,0.9939141575859817,0.47898851112301316,10.295630140987,cju1cdxvz48hw0801i0fjwcnk,kvasir-seg,unetpp,polypseg/runs/unetpp_seed1337/best.pth,False
0.12315378952799415,0.06561741118736752,0.9731435643443918,0.06573645225469783,0.15607794552242912,306.91366864315444,cju1drnhbrb9409935wi7vkhg,kvasir-seg,unetpp,polypseg/runs/unetpp_seed1337/best.pth,False
0.9784372983785894,0.9577848690301894,0.9609471402335803,0.9965759346972068,0.7838440137526203,7.218003284763226,cju1haab178i70799tk9z8y8x,kvasir-seg,unetpp,polypseg/runs/unetpp_seed1337/best.pth,False
0.9578386209539701,0.9190885789979601,0.9602187627627644,0.955470249517996,0.5405655507000036,43.54362355217405,cju2hos57llxm08359g92p6jj,kvasir-seg,unetpp,polypseg/runs/unetpp_seed1337/best.pth,False
0.9686669644269221,0.9392377932397615,0.9441722499321977,0.994466464597817,0.2933332833446726,10.770329614269007,cju2hw5gjlr5h0988so2qqres,kvasir-seg,unetpp,polypseg/runs/unetpp_seed1337/best.pth,False
0.9790347042547811,0.9589304438993375,0.9778715062212584,0.9802006728779287,0.6293300080621975,8.602325267042627,cju2lberzkdzm09938cl40pog,kvasir-seg,unetpp,polypseg/runs/unetpp_seed1337/best.pth,False
0.971287982547123,0.9441787070321802,0.9495635786503195,0.9940296957689023,0.6727933129276632,7.0,cju2lcyfgkf5809932fn9gucn,kvasir-seg,unetpp,polypseg/runs/unetpp_seed1337/best.pth,False
0.9597390574192524,0.9225945319433686,0.9376340919588203,0.9829114482250333,0.4085550030924683,8.0,cju2nqapmzvk20801f9us40dx,kvasir-seg,unetpp,polypseg/runs/unetpp_seed1337/best.pth,False
0.9580666841969607,0.9195086380922172,0.9202312787643413,0.9991467056683174,0.34917299370023785,5.385164807134504,cju2nsmwjlzyl0993jl80chvz,kvasir-seg,unetpp,polypseg/runs/unetpp_seed1337/best.pth,False
0.9571478595794513,0.917817418674007,0.9290873555365011,0.9869561292607557,0.5508608192556266,11.823228754849985,cju2otvvv0l7z0855x7we8cb0,kvasir-seg,unetpp,polypseg/runs/unetpp_seed1337/best.pth,False
0.9609046743681707,0.9247512241322864,0.9308974114325164,0.9929109286988911,0.6849218211001623,28.115783452970717,cju2pjb9v0ywn0878j5g5n69j,kvasir-seg,unetpp,polypseg/runs/unetpp_seed1337/best.pth,False
0.9832895998285099,0.9671284956489645,0.9750552980024733,0.9916641628331124,0.5342151407717809,11.045361017187261,cju2qdj95ru8g09886gfi9rsz,kvasir-seg,unetpp,polypseg/runs/unetpp_seed1337/best.pth,False
0.9800797403244601,0.9609376135309303,0.9820301477671611,0.9781370649217074,0.5580024368638359,8.602325267042627,cju2qn2fzs1vy0988l243cvzy,kvasir-seg,unetpp,polypseg/runs/unetpp_seed1337/best.pth,False
0.9611907805778265,0.9252813342496887,0.9567349472372007,0.9656883127233673,0.27898544607111103,53.38534925695313,cju2qqn5ys4uo0988ewrt2ip2,kvasir-seg,unetpp,polypseg/runs/unetpp_seed1337/best.pth,False
0.7775444264927756,0.6360512752721156,0.9908899068351902,0.6397926290231637,0.44139430490189063,85.07055894961546,cju2qtee81yd708787bsjr75d,kvasir-seg,unetpp,polypseg/runs/unetpp_seed1337/best.pth,False
0.5569863892576288,0.38598831300772146,0.9492840406119518,0.3941156124341799,0.1965486820995223,139.0649707849191,cju2qxxko229x08786gvxxhur,kvasir-seg,unetpp,polypseg/runs/unetpp_seed1337/best.pth,False
0.9762405406306138,0.9535839026405255,0.9659331123006476,0.9867703218744618,0.5538346852845641,8.06225774829855,cju2r2obh2bjm08553kng0rh7,kvasir-seg,unetpp,polypseg/runs/unetpp_seed1337/best.pth,False
0.832583368929336,0.7131844337062041,0.9744548542612118,0.7267721603032754,0.34491802044817305,104.39587974357315,cju2r6mt2om21099352pny5gw,kvasir-seg,unetpp,polypseg/runs/unetpp_seed1337/best.pth,False
0.9627280356897718,0.9281346347097822,0.934982926367289,0.9921701445773842,0.5155230036840209,21.93171219946131,cju2rlqdnoz9k0993cpjae3x0,kvasir-seg,unetpp,polypseg/runs/unetpp_seed1337/best.pth,False
0.9078404401442495,0.8312342568920557,0.8722466959968174,0.9464627150599206,0.6220851438482846,7.211102550927978,cju2rmd2rsw9g09888hh1efu0,kvasir-seg,unetpp,polypseg/runs/unetpp_seed1337/best.pth,False
0.9553518876569801,0.9145202833078796,0.9815134761406097,0.9305487305334882,0.7128376152022035,5.039607805437112,cju2syxa93yw40799x2iuwabz,kvasir-seg,unetpp,polypseg/runs/unetpp_seed1337/best.pth,False
0.9740804400115181,0.9494705803469174,0.9790390196665636,0.9691718350922602,0.67656453293646,5.0,cju2t16vuucaq0835xcpsivn2,kvasir-seg,unetpp,polypseg/runs/unetpp_seed1337/best.pth,False
0.9539265691482783,0.9119116698830438,0.9214919781666138,0.9887277175726256,0.5240107407195005,6.0,cju2t2ivz43i10878zeg8r1br,kvasir-seg,unetpp,polypseg/runs/unetpp_seed1337/best.pth,False
0.9800450112498723,0.9608708443603361,0.9676463616913508,0.9927655176546126,0.7920293198587878,4.0,cju2upu4evw7g08358guwozxv,kvasir-seg,unetpp,polypseg/runs/unetpp_seed1337/best.pth,False
0.5265992671393611,0.3574039671589938,0.9464413234868964,0.36478179760737395,0.40761153355547375,156.57266357897905,cju2uzabhs6er0993x3aaf87p,kvasir-seg,unetpp,polypseg/runs/unetpp_seed1337/best.pth,False
0.9791599119756492,0.9591707099499139,0.9886741986250384,0.969826997183621,0.5697019564577863,8.06225774829855,cju2xyd9vyi7m098831qcucse,kvasir-seg,unetpp,polypseg/runs/unetpp_seed1337/best.pth,False
0.9278710302042578,0.8654472142293032,0.8909114493245299,0.9680298794942942,0.27866780506775535,42.787843378504945,cju2yi9tz8vky0801yqip0xyl,kvasir-seg,unetpp,polypseg/runs/unetpp_seed1337/best.pth,False
0.9681933842229854,0.9383477188638449,0.960766685156071,0.975735794072898,0.5777645420148191,17.689905027767093,cju2yyhsp933j0855hp32e012,kvasir-seg,unetpp,polypseg/runs/unetpp_seed1337/best.pth,False
0.8867865421938262,0.7966006303422073,0.7998869737168698,0.9948689112181425,0.3820955633874197,25.0,cju2zrojo9kcd0878ld2epejq,kvasir-seg,unetpp,polypseg/runs/unetpp_seed1337/best.pth,False
0.9749415302367481,0.9511082138191796,0.9564122782840836,0.9942029271751425,0.3784280125029547,17.149141644483997,cju30qbm1ad3x0855znuhpz9u,kvasir-seg,unetpp,polypseg/runs/unetpp_seed1337/best.pth,False
0.7826556913594773,0.6429205655329454,0.649575598645195,0.9843145456395257,0.4018936944602148,122.60829770053779,cju30u1hbakn808019g15nb8b,kvasir-seg,unetpp,polypseg/runs/unetpp_seed1337/best.pth,False
0.9747966883985097,0.9508325591299162,0.9569188722600912,0.9933552336793089,0.7684448154569156,4.123105625617661,cju3128yi0rpu0988o4oo5n8n,kvasir-seg,unetpp,polypseg/runs/unetpp_seed1337/best.pth,False
0.9853263838090436,0.9710771701228608,0.9747234229596038,0.9961625577937587,0.6400696815589938,4.242640687119285,cju31y80qbawn0801twwm2l5s,kvasir-seg,unetpp,polypseg/runs/unetpp_seed1337/best.pth,False
0.888159786548586,0.798819628759,0.9816086444570834,0.810956922970274,0.45702146499303353,64.0952160924734,cju32a52lb9rc0799xi40qs00,kvasir-seg,unetpp,polypseg/runs/unetpp_seed1337/best.pth,False
0.9211400432035015,0.8538087241078806,0.9641858542610708,0.8817735085476135,0.465078798884849,119.0,cju32gzs6xo8x0993r8tedbpb,kvasir-seg,unetpp,polypseg/runs/unetpp_seed1337/best.pth,False
0.9684519100996499,0.9388335062432277,0.9757618377825796,0.9612506927722092,0.687463167192412,8.0,cju32srle1xfq083575i3fl75,kvasir-seg,unetpp,polypseg/runs/unetpp_seed1337/best.pth,False
0.9201435324326097,0.8520979964174605,0.9472478940024883,0.8945471396918424,0.1930642610035802,23.0,cju35c4wzdhow0799h6eq4sgs,kvasir-seg,unetpp,polypseg/runs/unetpp_seed1337/best.pth,False
0.8599450764998706,0.7543014452845114,0.7577076959273392,0.9940755321388022,0.6143970936940607,81.83520025025906,cju35fxqyzt5p0993vusm54qz,kvasir-seg,unetpp,polypseg/runs/unetpp_seed1337/best.pth,False
0.9550274326961438,0.913925841288082,0.9425413124570251,0.9678488087321948,0.34013920749077464,11.313708498984761,cju3ttznuftyf09875t11850w,kvasir-seg,unetpp,polypseg/runs/unetpp_seed1337/best.pth,False
0.9707712043252499,0.9432025302875673,0.9437506146121959,0.9993846561638524,0.27313646443378203,263.75061642741673,cju3u39fog1bo0871lxjrabks,kvasir-seg,unetpp,polypseg/runs/unetpp_seed1337/best.pth,False
0.930682820677609,0.870352444227416,0.96330476283003,0.9001979657294008,0.5203476254378043,43.0697015498389,cju3u4lxmg59o0755rz42b9en,kvasir-seg,unetpp,polypseg/runs/unetpp_seed1337/best.pth,False
0.13328016747179744,0.07139805617819396,0.27532948928592815,0.08792003682456816,0.05323826610386692,226.88740153759483,cju3uhb79gcgr0871orbrbi3x,kvasir-seg,unetpp,polypseg/runs/unetpp_seed1337/best.pth,False
0.7842039231730082,0.6450127107003331,0.977082438813631,0.6549209004481964,0.38337281159753006,137.23337786413333,cju3xeexgii1j0817zs68tb4g,kvasir-seg,unetpp,polypseg/runs/unetpp_seed1337/best.pth,False
0.9529904848156264,0.9102023152557589,0.9196545692947129,0.9888340385403286,0.6968256718929324,6.4031242374328485,cju3xiic0ilzp0850lusrb42j,kvasir-seg,unetpp,polypseg/runs/unetpp_seed1337/best.pth,False
0.9653212052241468,0.9329670329556414,0.9784863618775965,0.9525056095617987,0.7815897130607095,4.3150723067777,cju41p90plcsx08018cnzpndc,kvasir-seg,unetpp,polypseg/runs/unetpp_seed1337/best.pth,False
0.9806520893873828,0.9620386515512858,0.9834014110620742,0.9779180975555632,0.7267227030973984,5.0,cju41s6nbleqy0755e2mslg0b,kvasir-seg,unetpp,polypseg/runs/unetpp_seed1337/best.pth,False
0.9773865633143753,0.9557732455405307,0.9626993626833079,0.9925288506404091,0.6459714868245406,9.391093797103851,cju422cm8lfxn0818ojicxejb,kvasir-seg,unetpp,polypseg/runs/unetpp_seed1337/best.pth,False
0.9524074407337377,0.9091391804088486,0.9145379709042485,0.9935486073172748,0.3372251320598341,34.93207347348866,cju43gfosm63n08714rpih8pe,kvasir-seg,unetpp,polypseg/runs/unetpp_seed1337/best.pth,False
0.9648789694484954,0.9321412095495878,0.9835427193894962,0.9469103568299148,0.5928304789939307,24.683924728507442,cju5bmhdcafs909878qfzrqzi,kvasir-seg,unetpp,polypseg/runs/unetpp_seed1337/best.pth,False
0.9847960115690246,0.9700474217906224,0.9758824860452407,0.9938738669524947,0.5129812202762829,10.770329614269007,cju5boicjagt20871b1fotkh4,kvasir-seg,unetpp,polypseg/runs/unetpp_seed1337/best.pth,False
0.9826292933270997,0.9658517656170628,0.9916729750169495,0.9737490708482185,0.7280857331840652,8.0,cju5ekty5ckzf07550c9u3ckk,kvasir-seg,unetpp,polypseg/runs/unetpp_seed1337/best.pth,False
0.9757751088498644,0.9526961483567683,0.9884846511323274,0.9633882461528421,0.6556141172960447,6.250514806512996,cju5f0dezct4q08183ydw11dx,kvasir-seg,unetpp,polypseg/runs/unetpp_seed1337/best.pth,False
0.9165876880498093,0.8460192651862247,0.85332954706628,0.9899755271061041,0.5661297698495257,67.02681202353683,cju5hi52odyf90817prvcwg45,kvasir-seg,unetpp,polypseg/runs/unetpp_seed1337/best.pth,False
0.9550742077809562,0.9140115163132537,0.9459837623061911,0.9643410579682955,0.48216488137732205,28.160255680657446,cju5jx7jzf7c90871c2i9aiov,kvasir-seg,unetpp,polypseg/runs/unetpp_seed1337/best.pth,False
0.9745588501315847,0.9503800878837759,0.9592411538072465,0.9903736880790989,0.5337009869588034,13.266177013662146,cju5tenjojp1j0755ms4949h2,kvasir-seg,unetpp,polypseg/runs/unetpp_seed1337/best.pth,False
0.9534648062945145,0.9110680768589969,0.9217784476192782,0.987407168219346,0.6056474670608321,11.0,cju5u4pywk81x0817vn9pe14z,kvasir-seg,unetpp,polypseg/runs/unetpp_seed1337/best.pth,False
0.5001941844871648,0.33350596411451516,0.33520838230793026,0.9850002467016085,0.4884609639484889,194.25228404643752,cju5uxjnol2r509871qv2yeia,kvasir-seg,unetpp,polypseg/runs/unetpp_seed1337/best.pth,False
0.9714218968970121,0.9444318267776179,0.9945786494379767,0.9493189254931182,0.7699949644157786,5.0,cju5v8pgplg6k0755rvi2t63h,kvasir-seg,unetpp,polypseg/runs/unetpp_seed1337/best.pth,False
0.9713249743959543,0.9442486210118546,0.9680827586180191,0.9745889802239097,0.5914704430945933,8.48528137423857,cju5wcc90lu020850mjrxppv6,kvasir-seg,unetpp,polypseg/runs/unetpp_seed1337/best.pth,False
0.9109031733102101,0.8363840119512761,0.842874931222764,0.9908765957413076,0.47143325646732914,52.02773666869416,cju5wi6bqlxy90755bu227nvb,kvasir-seg,unetpp,polypseg/runs/unetpp_seed1337/best.pth,False
0.9798199530528191,0.9604382637994767,0.9750496269406272,0.9846371852679685,0.6567976485178607,10.522812285250165,cju5wkonqlrl409877y8zvnub,kvasir-seg,unetpp,polypseg/runs/unetpp_seed1337/best.pth,False
0.9732128111674136,0.9478232897256105,0.9678104539361732,0.978675819306956,0.5102659445018921,6.8978713763747725,cju5x28nzm7t907558ocq4bt7,kvasir-seg,unetpp,polypseg/runs/unetpp_seed1337/best.pth,False
0.9549742894170652,0.9138285113429053,0.9960068045465198,0.9171888397847814,0.4260010369526684,28.146015257816064,cju6wt9jvvn500871hjn3t3g0,kvasir-seg,unetpp,polypseg/runs/unetpp_seed1337/best.pth,False
0.980753423048345,0.9622337177541134,0.9866624137593485,0.9749147873173473,0.5033979360119645,7.810249675906654,cju6wuojavt740818b5qcv3iw,kvasir-seg,unetpp,polypseg/runs/unetpp_seed1337/best.pth,False
0.9646999570407775,0.9318071254815684,0.9466936081741119,0.9834045573275396,0.5362511859111843,14.142135623730951,cju6x35ervu2808015c7eoqe4,kvasir-seg,unetpp,polypseg/runs/unetpp_seed1337/best.pth,False
0.8807616126759436,0.7869294179426085,0.7918931029323254,0.9920976494451196,0.5908994164662359,173.0566402482991,cju6x4t13vyw60755gtcf9ndu,kvasir-seg,unetpp,polypseg/runs/unetpp_seed1337/best.pth,False
0.9530952012758283,0.9103933828914854,0.9820489670137444,0.9257998297655544,0.48581581082197517,13.45362404707371,cju772304yw5t0818vbw8kkjf,kvasir-seg,unetpp,polypseg/runs/unetpp_seed1337/best.pth,False
0.888524760713461,0.7994103056077155,0.8620237194001411,0.9167069178290307,0.49889627257028796,38.40236072647599,cju7787c5yy3l080159mwqsnj,kvasir-seg,unetpp,polypseg/runs/unetpp_seed1337/best.pth,False
0.9895682130478045,0.9793518234740789,0.9893703479134285,0.9897661573392141,0.6410585073873774,34.0,cju7ajnbo1gvm098749rdouk0,kvasir-seg,unetpp,polypseg/runs/unetpp_seed1337/best.pth,False
0.9566478096456302,0.9168982616701166,0.9796227293841429,0.934725848558776,0.6140740753034688,11.889991978159578,cju7b5afm1nfw0801xqm8bf8q,kvasir-seg,unetpp,polypseg/runs/unetpp_seed1337/best.pth,False
0.938107329458301,0.8834295173915724,0.9888562898883342,0.8923130515538962,0.534595334630866,21.0,cju7cq6su27qv075574dir0r3,kvasir-seg,unetpp,polypseg/runs/unetpp_seed1337/best.pth,False
0.9618910883243136,0.9265801280634957,0.9938095683026682,0.9319590790577407,0.5525058444694021,11.0,cju7ctvqn25dy08186g442m1r,kvasir-seg,unetpp,polypseg/runs/unetpp_seed1337/best.pth,False
0.9302092236780812,0.8695244381114061,0.9706829022337973,0.8929756341161822,0.23146150351526124,21.213203435596427,cju7cue9b232j0801qdzk1ykj,kvasir-seg,unetpp,polypseg/runs/unetpp_seed1337/best.pth,False
0.9719395339241843,0.9454108644349983,0.9909531803721742,0.9536417897008767,0.6637090573604402,5.656854249492381,cju7dp3dw2k4n0755zhe003ad,kvasir-seg,unetpp,polypseg/runs/unetpp_seed1337/best.pth,False
0.9419482178075527,0.890266652030669,0.9807192505229331,0.9061260959350749,0.4950083116477697,14.422205101855956,cju7dqcwi2dz00850gcmr2ert,kvasir-seg,unetpp,polypseg/runs/unetpp_seed1337/best.pth,False
0.9621181912414025,0.927001690483606,0.9669765950586446,0.9573083637479871,0.49020444852770506,11.856302511352304,cju7eueum2oqn0850rodmx8zo,kvasir-seg,unetpp,polypseg/runs/unetpp_seed1337/best.pth,False
0.7233149216298976,0.5665570420493421,0.5706200154342339,0.9875883564257383,0.5184983025675713,106.8290189231431,cju7f0ec32txj08184asb8w5f,kvasir-seg,unetpp,polypseg/runs/unetpp_seed1337/best.pth,False
0.9898895497021666,0.9799814954991262,0.9978398644909904,0.9820649221711446,0.7212215355165191,6.4031242374328485,cju7fazv92ywx0755xov2erga,kvasir-seg,unetpp,polypseg/runs/unetpp_seed1337/best.pth,False
0.9550876807159854,0.9140361952765779,0.9890697939088116,0.9233630952282805,0.6752113384125293,8.955417527999327,cju7ff97z2ow40817u2r83my5,kvasir-seg,unetpp,polypseg/runs/unetpp_seed1337/best.pth,False
0.9582465205353925,0.9198399999852825,0.9998260869391334,0.9199871979369502,0.6768527917778935,4.242640687119285,cju7fnfv02tt90801djnix9m8,kvasir-seg,unetpp,polypseg/runs/unetpp_seed1337/best.pth,False
0.960256028576361,0.9235504652761377,0.9840591869347566,0.9375772109516926,0.5582707810370101,5.726493307633545,cju83kxitjv340987z09m0ezy,kvasir-seg,unetpp,polypseg/runs/unetpp_seed1337/best.pth,False
0.28442617396594566,0.1657906932652747,0.1657906932652747,0.9999999999968234,0.012465465310106706,313.12457551818113,cju83syhdk6gs0801rf1rekdl,kvasir-seg,unetpp,polypseg/runs/unetpp_seed1337/best.pth,False
0.985520256443438,0.9714538537639028,0.9846398305077793,0.9864022582714975,0.4971791255373158,41.29846164847501,cju8418jhkf7d0818ga2v0xq0,kvasir-seg,unetpp,polypseg/runs/unetpp_seed1337/best.pth,False
0.9882615336124569,0.9767954530196804,0.9850757810073992,0.9914679586327414,0.6522374932418298,5.0,cju8432cmkgq90871cxe4iptl,kvasir-seg,unetpp,polypseg/runs/unetpp_seed1337/best.pth,False
0.9392233428351746,0.8854110207755413,0.9086259907592221,0.9719531947228838,0.3588784421745307,232.43278598338918,cju85mpuglq8k0818d2it6hzb,kvasir-seg,unetpp,polypseg/runs/unetpp_seed1337/best.pth,False
0.987060497254946,0.9744515783815557,0.986325480636376,0.9877966101668127,0.7529044486307301,5.0990195135927845,cju8abobpqbir08189u01huru,kvasir-seg,unetpp,polypseg/runs/unetpp_seed1337/best.pth,False
0.9501150086222322,0.9049705600376217,0.9998487140620284,0.9050944946527999,0.580786507914294,10.651173382964801,cju8b5p40r2c60987ofa0mu03,kvasir-seg,unetpp,polypseg/runs/unetpp_seed1337/best.pth,False
0.9723908000053986,0.9462651755263647,0.9947973153502856,0.9509714062462233,0.562740849366419,19.15195296653289,cju8bh8surexp0987o5pzklk1,kvasir-seg,unetpp,polypseg/runs/unetpp_seed1337/best.pth,False
0.9862217587751321,0.9728180371908146,0.9811336413151647,0.9913629248630608,0.8465957893807567,5.0,cju8c9akjsdjj0850s67uzlxq,kvasir-seg,unetpp,polypseg/runs/unetpp_seed1337/best.pth,False
0.9328809147488478,0.8742050701204442,0.8864840989320981,0.9844025897490248,0.5249855095187508,11.718857408055847,cjyzkpsbjdsjq07211dfi4sru,kvasir-seg,unetpp,polypseg/runs/unetpp_seed1337/best.pth,False
0.9686251737660625,0.9391592165410851,0.9570887088344454,0.980443146193751,0.42491193253194715,12.0,cjyzl833ndne80838pzuq6ila,kvasir-seg,unetpp,polypseg/runs/unetpp_seed1337/best.pth,False
0.9203577715389405,0.8524655179992675,0.8585757716954961,0.9917207084792461,0.035524678852396546,28.284271247461902,cjyzlw7f9faqr070129au64sq,kvasir-seg,unetpp,polypseg/runs/unetpp_seed1337/best.pth,False
0.5635111730639821,0.39228371463628603,0.9962658700373971,0.3928613499800161,0.3876810657908877,62.177166226839255,1,cvc-clinicdb,unetpp,polypseg/runs/unetpp_seed1337/best.pth,False
0.8150500696736072,0.6878350289865013,0.9984120682731368,0.6885883254808423,0.4303120366221228,60.87800761124014,10,cvc-clinicdb,unetpp,polypseg/runs/unetpp_seed1337/best.pth,False
0.9822142561630897,0.9650501219051063,0.9770950486767646,0.9873873873737022,0.9192684010284311,2.8284271247461903,100,cvc-clinicdb,unetpp,polypseg/runs/unetpp_seed1337/best.pth,False
0.960131420983382,0.923319965962774,0.9497499999881281,0.9707423022745529,0.6678081691811496,3.7041634565979917,101,cvc-clinicdb,unetpp,polypseg/runs/unetpp_seed1337/best.pth,False
0.9672432363874596,0.9365644171664226,0.961335012582351,0.9732245314168912,0.7506092107636432,4.123105625617661,102,cvc-clinicdb,unetpp,polypseg/runs/unetpp_seed1337/best.pth,False
0.9727221162224889,0.9468928822312328,0.9501359927374822,0.9964081977498794,0.7959272828689657,3.664718584144382,103,cvc-clinicdb,unetpp,polypseg/runs/unetpp_seed1337/best.pth,False
0.9204815802720767,0.8526779751512442,0.8818288555778587,0.9626781271133026,0.32419195114124066,10.0,104,cvc-clinicdb,unetpp,polypseg/runs/unetpp_seed1337/best.pth,False
0.9623558912542052,0.9274431215317255,0.9570003649132891,0.9677716956702885,0.5145432807378415,5.0,105,cvc-clinicdb,unetpp,polypseg/runs/unetpp_seed1337/best.pth,False
0.7807954258774876,0.6404137930990316,0.9932613113595757,0.643208422798066,0.331248747020921,75.99663728123072,106,cvc-clinicdb,unetpp,polypseg/runs/unetpp_seed1337/best.pth,False
0.8956721195752888,0.8110563315949463,0.941298013240046,0.8542648331529269,0.4101455626880037,39.21734310225516,107,cvc-clinicdb,unetpp,polypseg/runs/unetpp_seed1337/best.pth,False
0.874465886556052,0.7769341471848695,0.9774004245163104,0.7911465965900695,0.5853787718441132,57.06662675680867,108,cvc-clinicdb,unetpp,polypseg/runs/unetpp_seed1337/best.pth,False
0.8607579424623609,0.7555531651656239,0.9719108897123847,0.772419860335556,0.5686141727523092,64.0,109,cvc-clinicdb,unetpp,polypseg/runs/unetpp_seed1337/best.pth,False
0.7106282271919441,0.5511430001637958,0.9656953513208683,0.562148975999534,0.26787904275291363,49.62054821952024,11,cvc-clinicdb,unetpp,polypseg/runs/unetpp_seed1337/best.pth,False
0.8877728414120409,0.7981938172945923,0.9745547073745426,0.8151826888935588,0.4806873099782862,52.65897315404966,110,cvc-clinicdb,unetpp,polypseg/runs/unetpp_seed1337/best.pth,False
0.885015631020331,0.7937471193701269,0.9806396507498308,0.8063836428874419,0.48913608721943747,55.6363033846619,111,cvc-clinicdb,unetpp,polypseg/runs/unetpp_seed1337/best.pth,False
0.8729887912211455,0.7746052429833872,0.9830731066638305,0.785076134241823,0.5513124589399251,63.04078226512441,112,cvc-clinicdb,unetpp,polypseg/runs/unetpp_seed1337/best.pth,False
0.8743867802718083,0.7768092671148189,0.9889034895557068,0.7836399398326829,0.568103988684304,62.385163904682095,113,cvc-clinicdb,unetpp,polypseg/runs/unetpp_seed1337/best.pth,False
0.9565059078395752,0.9166375881048341,0.9408667621742806,0.9726737512460745,0.3537883459052687,7.615773105863909,114,cvc-clinicdb,unetpp,polypseg/runs/unetpp_seed1337/best.pth,False
0.2448281959082641,0.13948959032814312,0.9862298195163235,0.13976179261059307,0.09962402615627396,188.52904140499848,115,cvc-clinicdb,unetpp,polypseg/runs/unetpp_seed1337/best.pth,False
0.4636305825932415,0.3017702496160101,0.9993673555251082,0.3018279090484566,0.15814696917835946,180.39842208100646,116,cvc-clinicdb,unetpp,polypseg/runs/unetpp_seed1337/best.pth,False
0.5409646166778592,0.3707686755657108,0.9583955223701792,0.3768339201850291,0.3442340377768809,171.80992319016744,117,cvc-clinicdb,unetpp,polypseg/runs/unetpp_seed1337/best.pth,False
0.0,0.0,0.0,0.0,0.0,,118,cvc-clinicdb,unetpp,polypseg/runs/unetpp_seed1337/best.pth,False
0.4242941642757223,0.26927244581834925,0.9813822284631486,0.2706550490098751,0.19925455998832803,193.3811996552466,119,cvc-clinicdb,unetpp,polypseg/runs/unetpp_seed1337/best.pth,False
0.8916695382475627,0.8045159535159748,0.9913797231885858,0.8101835544565371,0.4159194499626928,37.2842806451898,12,cvc-clinicdb,unetpp,polypseg/runs/unetpp_seed1337/best.pth,False
0.45844309201354144,0.2973896647204208,0.9892199137399212,0.29835658547943744,0.14786539464204213,182.33211456021672,120,cvc-clinicdb,unetpp,polypseg/runs/unetpp_seed1337/best.pth,False
0.4526481857090257,0.29253087858137655,0.9860565592893548,0.29374597788396567,0.07153961713297065,191.26434549304463,121,cvc-clinicdb,unetpp,polypseg/runs/unetpp_seed1337/best.pth,False
0.00023723385326945474,0.00011863099827914685,0.9999999500000026,0.00011863099827914685,0.0,161.08957053396668,122,cvc-clinicdb,unetpp,polypseg/runs/unetpp_seed1337/best.pth,False
0.6970954356816957,0.5350318471302805,0.9976972488062331,0.535693368903913,0.19624930817399916,129.14952417569808,123,cvc-clinicdb,unetpp,polypseg/runs/unetpp_seed1337/best.pth,False
0.7211156884208734,0.563863112473764,0.9973863042237596,0.564697525745444,0.18601204222711407,115.90187580664906,124,cvc-clinicdb,unetpp,polypseg/runs/unetpp_seed1337/best.pth,False
0.8793130530348221,0.7846196972455184,0.9636217580793708,0.8085700529532155,0.5718231550303757,46.05702387128012,125,cvc-clinicdb,unetpp,polypseg/runs/unetpp_seed1337/best.pth,False
0.867169250367025,0.7654887993179726,0.9844503375001874,0.774857685002136,0.5667350638270643,52.773099207835045,126,cvc-clinicdb,unetpp,polypseg/runs/unetpp_seed1337/best.pth,False
0.9447580271958474,0.8952998947580622,0.8979771327898333,0.9966809839711699,0.5965673966658575,5.0,127,cvc-clinicdb,unetpp,polypseg/runs/unetpp_seed1337/best.pth,False
0.965641669273881,0.9335659032165393,0.936264070566835,0.9969225785390845,0.7902273508667655,2.9914213562373075,128,cvc-clinicdb,unetpp,polypseg/runs/unetpp_seed1337/best.pth,False
0.9695850264686025,0.9409655831627513,0.9450312049814565,0.9954487989760373,0.8490437174839326,5.656854249492381,129,cvc-clinicdb,unetpp,polypseg/runs/unetpp_seed1337/best.pth,False
0.7449428711121462,0.5935529578420576,0.9858790303484833,0.5986423722715352,0.530385729957694,39.6123160926424,13,cvc-clinicdb,unetpp,polypseg/runs/unetpp_seed1337/best.pth,False
0.9590133183222705,0.9212541670337755,0.9244191302691942,0.9962973789243271,0.6252968073911455,7.0710678118654755,130,cvc-clinicdb,unetpp,polypseg/runs/unetpp_seed1337/best.pth,False
0.9641530460579302,0.9307871615480474,0.9472627737139848,0.9816565809286908,0.6505058952832511,5.830951894845301,131,cvc-clinicdb,unetpp,polypseg/runs/unetpp_seed1337/best.pth,False
0.9717094889066717,0.9449756449405561,0.9664206641888115,0.9770565192878744,0.9104937771604965,3.0,132,cvc-clinicdb,unetpp,polypseg/runs/unetpp_seed1337/best.pth,False
0.9723522996922679,0.9461922596635931,0.959731543612008,0.9853094123636855,0.8492669516958228,3.0,133,cvc-clinicdb,unetpp,polypseg/runs/unetpp_seed1337/best.pth,False
0.9722030147906776,0.9459095801810292,0.9577656675618833,0.9870822802444948,0.8615604848321156,3.0567971810589274,134,cvc-clinicdb,unetpp,polypseg/runs/unetpp_seed1337/best.pth,False
0.5528410900297855,0.3820182332575792,0.9881281509027788,0.38377968670803575,0.4256861018893389,57.24797371985602,135,cvc-clinicdb,unetpp,polypseg/runs/unetpp_seed1337/best.pth,False
0.9753095464833492,0.9518089518021463,0.958525345615218,0.9926920208725377,0.7983071927707334,5.0,136,cvc-clinicdb,unetpp,polypseg/runs/unetpp_seed1337/best.pth,False
0.9799352206243219,0.96065979380651,0.9624060150296422,0.9981148243273511,0.8641168251965151,3.0486832980505065,137,cvc-clinicdb,unetpp,polypseg/runs/unetpp_seed1337/best.pth,False
0.977533316911645,0.9560539556741459,0.9613024757752352,0.9943216611869157,0.7377173500189316,4.242640687119285,138,cvc-clinicdb,unetpp,polypseg/runs/unetpp_seed1337/best.pth,False
0.9796282886773361,0.9600700193927233,0.9639464183879729,0.99582883501327,0.7601974886945686,4.0,139,cvc-clinicdb,unetpp,polypseg/runs/unetpp_seed1337/best.pth,False
0.28240655665301034,0.1644199084171506,0.9581047381307206,0.16561058666250436,0.33928313740069055,139.88205991421555,14,cvc-clinicdb,unetpp,polypseg/runs/unetpp_seed1337/best.pth,False
0.9865783510524085,0.9735122118981187,0.980213880586309,0.9930260099083599,0.9251459378185556,2.8284271247461903,140,cvc-clinicdb,unetpp,polypseg/runs/unetpp_seed1337/best.pth,False
0.9609512369196899,0.9248374773777734,0.976679170496933,0.945721824346552,0.46757783467550074,11.180339887498949,141,cvc-clinicdb,unetpp,polypseg/runs/unetpp_seed1337/best.pth,False
0.9743343150788918,0.9499531176709253,0.9592472778879625,0.9899035134104551,0.6615008326331464,6.167390006811714,142,cvc-clinicdb,unetpp,polypseg/runs/unetpp_seed1337/best.pth,False
0.9488879383987501,0.9027466937761395,0.9251459549431787,0.9738805969935497,0.6753283337963722,4.242640687119285,143,cvc-clinicdb,unetpp,polypseg/runs/unetpp_seed1337/best.pth,False
0.9747599369712675,0.9507626283074246,0.9566435198637063,0.9935757575697358,0.7344989794641047,4.47213595499958,144,cvc-clinicdb,unetpp,polypseg/runs/unetpp_seed1337/best.pth,False
0.9832379849943609,0.9670286364788202,0.9867304083594552,0.9797701965264195,0.7897761423013928,3.1622776601683795,145,cvc-clinicdb,unetpp,polypseg/runs/unetpp_seed1337/best.pth,False
0.9791905178777938,0.9592294497912687,0.986654603026525,0.9718385170618846,0.7436825843947389,4.0,146,cvc-clinicdb,unetpp,polypseg/runs/unetpp_seed1337/best.pth,False
0.9779341690456054,0.9568211160453534,0.9685616786395951,0.9874898215931046,0.8056431651476651,3.0,147,cvc-clinicdb,unetpp,polypseg/runs/unetpp_seed1337/best.pth,False
0.9704924504047642,0.9426763803590616,0.9498696030044443,0.9920306667911627,0.7516767850470573,3.605551275463989,148,cvc-clinicdb,unetpp,polypseg/runs/unetpp_seed1337/best.pth,False
0.9692086023748908,0.9402567819326956,0.9511888551277763,0.9879242819735865,0.7397563879053402,4.0,149,cvc-clinicdb,unetpp,polypseg/runs/unetpp_seed1337/best.pth,False
0.0855479758735598,0.04468535894107618,0.9311926604970646,0.04483339314787612,0.1387115277680834,176.90731612083349,15,cvc-clinicdb,unetpp,polypseg/runs/unetpp_seed1337/best.pth,False
0.9609719754658663,0.9248758962942649,0.9363412999672063,0.986933490276787,0.6650738424501632,4.0,150,cvc-clinicdb,unetpp,polypseg/runs/unetpp_seed1337/best.pth,False
0.9589407704700406,0.92112028141089,0.9273940879862772,0.9927092446632735,0.689114922546728,4.0,151,cvc-clinicdb,unetpp,polypseg/runs/unetpp_seed1337/best.pth,False
0.9661613158913839,0.9345377869318323,0.9913074420445744,0.9422593737874843,0.5899095049825472,7.447941497572213,152,cvc-clinicdb,unetpp,polypseg/runs/unetpp_seed1337/best.pth,False
0.9382202066691084,0.8836297437209967,0.8846207766594053,0.9987337764957466,0.5610389110959735,6.4031242374328485,153,cvc-clinicdb,unetpp,polypseg/runs/unetpp_seed1337/best.pth,False
0.0,0.0,0.0,0.0,0.0,157.00646677427747,154,cvc-clinicdb,unetpp,polypseg/runs/unetpp_seed1337/best.pth,False
0.911239193057313,0.8369507675575992,0.883240223414344,0.9410714285154124,0.7464036551806403,3.8224980739587884,155,cvc-clinicdb,unetpp,polypseg/runs/unetpp_seed1337/best.pth,False
0.9489762755828298,0.9029066171737187,0.9651828999346589,0.9333049222047026,0.8068075016762036,5.652637059760966,156,cvc-clinicdb,unetpp,polypseg/runs/unetpp_seed1337/best.pth,False
0.9629434607979797,0.9285351611966421,0.9511116889747613,0.9750733137699937,0.7745251028668902,3.605551275463989,157,cvc-clinicdb,unetpp,polypseg/runs/unetpp_seed1337/best.pth,False
0.9623749456180689,0.9274785160149345,0.9408887943665557,0.9848653460720039,0.9067386157731357,2.8284271247461903,158,cvc-clinicdb,unetpp,polypseg/runs/unetpp_seed1337/best.pth,False
0.9588894820886575,0.9210256409784089,0.9267285861234917,0.9933628318034644,0.9528067872887304,2.1062305898749027,159,cvc-clinicdb,unetpp,polypseg/runs/unetpp_seed1337/best.pth,False
0.8837926923284677,0.7917818547274217,0.989789506739086,0.7983022931610503,0.6051847189059966,19.1049731745428,16,cvc-clinicdb,unetpp,polypseg/runs/unetpp_seed1337/best.pth,False
0.9714456391817715,0.9444767104083577,0.9538948850193113,0.9896543329967178,0.8788818328607267,2.8284271247461903,160,cvc-clinicdb,unetpp,polypseg/runs/unetpp_seed1337/best.pth,False
0.9341674113652939,0.8764673001431955,0.8831315122252005,0.9914638001583477,0.6365416399933972,4.123105625617661,161,cvc-clinicdb,unetpp,polypseg/runs/unetpp_seed1337/best.pth,False
0.9570944674354808,0.9177192349166777,0.920876335308331,0.9962781586484569,0.7313488731294973,3.605551275463989,162,cvc-clinicdb,unetpp,polypseg/runs/unetpp_seed1337/best.pth,False
0.9577333952535277,0.918894830643157,0.9200428341795459,0.9986439364393909,0.8114706962796779,3.5390602331696326,163,cvc-clinicdb,unetpp,polypseg/runs/unetpp_seed1337/best.pth,False
0.9370223173198254,0.8815070462789328,0.9070730985230224,0.9690167562134361,0.7211895410842893,4.123105625617661,164,cvc-clinicdb,unetpp,polypseg/runs/unetpp_seed1337/best.pth,False
0.951293961506627,0.9071121235015551,0.928136734417608,0.9756363141285472,0.6473782303724585,5.0,165,cvc-clinicdb,unetpp,polypseg/runs/unetpp_seed1337/best.pth,False
0.9737605396224367,0.9488628894314597,0.9632990791276752,0.9844517184808449,0.9091017069381024,2.23606797749979,166,cvc-clinicdb,unetpp,polypseg/runs/unetpp_seed1337/best.pth,False
0.9651907546509999,0.932723358424846,0.942103832537589,0.9894376248647035,0.865008338649799,3.0,167,cvc-clinicdb,unetpp,polypseg/runs/unetpp_seed1337/best.pth,False
0.9620080085851938,0.9267971396137223,0.9320590461594993,0.9939455095662171,0.8503130401505621,2.8284271247461903,168,cvc-clinicdb,unetpp,polypseg/runs/unetpp_seed1337/best.pth,False
0.9745882703556554,0.9504360464978134,0.960911094769127,0.9886604172816955,0.9005051392875161,2.23606797749979,169,cvc-clinicdb,unetpp,polypseg/runs/unetpp_seed1337/best.pth,False
0.8261943018347525,0.7038595085423086,0.9967848699669334,0.7054611163117022,0.6323023561569695,39.610602629382285,17,cvc-clinicdb,unetpp,polypseg/runs/unetpp_seed1337/best.pth,False
0.9604297964566543,0.923871993621072,0.9273743016574746,0.9959288622027871,0.7922904541346243,2.8284271247461903,170,cvc-clinicdb,unetpp,polypseg/runs/unetpp_seed1337/best.pth,False
0.9614849187845801,0.9258266309039174,0.9296482411893459,0.9955794733616072,0.829101789796711,2.871320343559643,171,cvc-clinicdb,unetpp,polypseg/runs/unetpp_seed1337/best.pth,False
0.42612907821323454,0.2707522404248144,0.27377574370458785,0.9608095084818243,0.33243802683032003,185.62596801094398,172,cvc-clinicdb,unetpp,polypseg/runs/unetpp_seed1337/best.pth,False
0.9432744713279124,0.8926390493407109,0.898123546986897,0.9932053989441446,0.6495697868828062,15.6412840707587,173,cvc-clinicdb,unetpp,polypseg/runs/unetpp_seed1337/best.pth,False
0.8586903373797018,0.752372791980277,0.7600878945215069,0.9866885642580456,0.4743705631257757,38.46351794576427,174,cvc-clinicdb,unetpp,polypseg/runs/unetpp_seed1337/best.pth,False
0.9760344256836277,0.9531906639881477,0.9812965921127442,0.9708283945675568,0.8113707872319672,7.120079970537355,175,cvc-clinicdb,unetpp,polypseg/runs/unetpp_seed1337/best.pth,False
0.8010670014096938,0.6681499319408012,0.6687100492472561,0.9987479458408424,0.44226641910293824,52.48242089781522,176,cvc-clinicdb,unetpp,polypseg/runs/unetpp_seed1337/best.pth,False
0.9025262687184075,0.8223670808634919,0.8334881800264943,0.9840341255212183,0.5652747764435433,26.0,177,cvc-clinicdb,unetpp,polypseg/runs/unetpp_seed1337/best.pth,False
0.8099808060643012,0.6806451611805412,0.6828478963296363,0.9952830186331879,0.5356987070225437,5.600357124637424,178,cvc-clinicdb,unetpp,polypseg/runs/unetpp_seed1337/best.pth,False
0.9072476925267476,0.830240930467177,0.830240930467177,0.9999999999666445,0.3602709593518117,5.0,179,cvc-clinicdb,unetpp,polypseg/runs/unetpp_seed1337/best.pth,False
0.9408440597347587,0.8882960704531817,0.9858082706674265,0.8998026936527425,0.5743989103691469,9.0,18,cvc-clinicdb,unetpp,polypseg/runs/unetpp_seed1337/best.pth,False
0.9139770425264825,0.841581696074569,0.8432594069064725,0.9976415094045507,0.6195651674858264,9.142703897240372,180,cvc-clinicdb,unetpp,polypseg/runs/unetpp_seed1337/best.pth,False
0.9081126999729844,0.8316908713477259,0.8332034294405507,0.9978220285937206,0.4982931812882894,7.810249675906654,181,cvc-clinicdb,unetpp,polypseg/runs/unetpp_seed1337/best.pth,False
0.9154082587075316,0.8440118284661406,0.8618520382269288,0.9760615559710442,0.6126061823142831,9.486832980505138,182,cvc-clinicdb,unetpp,polypseg/runs/unetpp_seed1337/best.pth,False
0.9183328639690463,0.8489976568380891,0.8503259452190267,0.9981634526783544,0.5706034730065137,7.211102550927978,183,cvc-clinicdb,unetpp,polypseg/runs/unetpp_seed1337/best.pth,False
0.9321832242574036,0.8729805013684407,0.8795958461723381,0.9914583992093813,0.7105016639442644,6.0,184,cvc-clinicdb,unetpp,polypseg/runs/unetpp_seed1337/best.pth,False
0.945760417664645,0.8971019809079769,0.8974311926440839,0.999591252789708,0.660609596973348,5.385164807134504,185,cvc-clinicdb,unetpp,polypseg/runs/unetpp_seed1337/best.pth,False
0.958056872032239,0.9194905617361895,0.9257012020500778,0.9927562921916175,0.6319173520394049,5.227784895686555,186,cvc-clinicdb,unetpp,polypseg/runs/unetpp_seed1337/best.pth,False
0.9435982506373715,0.8932191291870576,0.9338109096266412,0.9535929284389728,0.479483677488842,10.131365494456457,187,cvc-clinicdb,unetpp,polypseg/runs/unetpp_seed1337/best.pth,False
0.9686934218430571,0.9392875429673082,0.9667971690937599,0.9705971277326485,0.6744744926780109,5.0,188,cvc-clinicdb,unetpp,polypseg/runs/unetpp_seed1337/best.pth,False
0.9503214494355121,0.9053452115644888,0.9540387248004295,0.946633029284948,0.6727969807363018,4.0,189,cvc-clinicdb,unetpp,polypseg/runs/unetpp_seed1337/best.pth,False
0.48343508343311586,0.3187697922799701,0.9167953071794258,0.32826663718589283,0.31082667584318485,73.68174807915459,19,cvc-clinicdb,unetpp,polypseg/runs/unetpp_seed1337/best.pth,False
0.934582051985818,0.8771975859124326,0.8862672322140438,0.9884683618867988,0.626446089363158,5.0,190,cvc-clinicdb,unetpp,polypseg/runs/unetpp_seed1337/best.pth,False
0.8922610014836017,0.8054794519996247,0.8590211832827596,0.9281767955068526,0.5777647588738404,4.123105625617661,191,cvc-clinicdb,unetpp,polypseg/runs/unetpp_seed1337/best.pth,False
0.9330059627873376,0.8744247205210766,0.9432624112806196,0.9229701595473303,0.7898788463551626,3.605551275463989,192,cvc-clinicdb,unetpp,polypseg/runs/unetpp_seed1337/best.pth,False
0.9193611219143093,0.8507570295295329,0.8532176427746487,0.9966216215795346,0.6540459356124155,5.991547594742263,193,cvc-clinicdb,unetpp,polypseg/runs/unetpp_seed1337/best.pth,False
0.9605582524174701,0.9241097489604182,0.9317245438310433,0.9912335629098052,0.8281249500175811,6.324555320336759,194,cvc-clinicdb,unetpp,polypseg/runs/unetpp_seed1337/best.pth,False
0.9513026272292919,0.9071278825805634,0.9113310867541843,0.9949413658083481,0.6872278837073879,4.123105625617661,195,cvc-clinicdb,unetpp,polypseg/runs/unetpp_seed1337/best.pth,False
0.9402502156930516,0.8872379401407036,0.8912287875507825,0.9949783154303817,0.6477836422750506,5.0,196,cvc-clinicdb,unetpp,polypseg/runs/unetpp_seed1337/best.pth,False
0.9423270820634974,0.8909437559410688,0.8977905859577754,0.9915128368132503,0.6202372144889055,5.830951894845301,197,cvc-clinicdb,unetpp,polypseg/runs/unetpp_seed1337/best.pth,False
0.9567128103608359,0.9170176916403324,0.9385643457439413,0.9755769661443967,0.7840594611651778,6.094852169800149,198,cvc-clinicdb,unetpp,polypseg/runs/unetpp_seed1337/best.pth,False
0.9477275228243894,0.9006483998974975,0.9128683485072532,0.9853546910529667,0.6182808516703319,3.605551275463989,199,cvc-clinicdb,unetpp,polypseg/runs/unetpp_seed1337/best.pth,False
0.6620613964277025,0.4948369040701851,0.9816215181297825,0.49946425092295216,0.49761743623841975,65.0672723405681,2,cvc-clinicdb,unetpp,polypseg/runs/unetpp_seed1337/best.pth,False
0.3665261678944216,0.224384474786451,0.8899786780194034,0.23078624350198612,0.2601032119292548,93.89298880267617,20,cvc-clinicdb,unetpp,polypseg/runs/unetpp_seed1337/best.pth,False
0.691134108602463,0.5280404303793929,0.911367473243912,0.556624849620955,0.318884128901197,32.136423446165715,200,cvc-clinicdb,unetpp,polypseg/runs/unetpp_seed1337/best.pth,False
0.9058586566169904,0.827917400338916,0.9356005788542764,0.8779494143459863,0.44347760069997955,8.54400374531753,201,cvc-clinicdb,unetpp,polypseg/runs/unetpp_seed1337/best.pth,False
0.8191393319228172,0.6936799184417217,0.6948308870364412,0.9976177386659774,0.27409983543486066,40.58777203431449,202,cvc-clinicdb,unetpp,polypseg/runs/unetpp_seed1337/best.pth,False
0.6275016139363783,0.4571966133498176,0.8833151580922096,0.4865839006710736,0.2381148746982316,35.94279442602328,203,cvc-clinicdb,unetpp,polypseg/runs/unetpp_seed1337/best.pth,False
0.0,0.0,0.0,0.0,0.0,,204,cvc-clinicdb,unetpp,polypseg/runs/unetpp_seed1337/best.pth,False
0.0,0.0,0.0,0.0,0.0,,205,cvc-clinicdb,unetpp,polypseg/runs/unetpp_seed1337/best.pth,False
0.7742189551012456,0.6316127650392844,0.8947208737728349,0.6823229986038601,0.31832078632318445,134.3266910432115,206,cvc-clinicdb,unetpp,polypseg/runs/unetpp_seed1337/best.pth,False
0.7170852884300505,0.558950086052507,0.900519930660303,0.5957349231759259,0.2891775370095976,162.33425769382075,207,cvc-clinicdb,unetpp,polypseg/runs/unetpp_seed1337/best.pth,False
0.2523988318679099,0.14442587729423667,0.9453124998522949,0.14564275396856902,0.23175502670941525,108.50175778212956,208,cvc-clinicdb,unetpp,polypseg/runs/unetpp_seed1337/best.pth,False
0.7378521845500643,0.5846004529089421,0.8737911024722539,0.6385159010375083,0.4617138446429288,58.323512633038696,209,cvc-clinicdb,unetpp,polypseg/runs/unetpp_seed1337/best.pth,False
0.6297434496559682,0.4595806891036994,0.9840637450129193,0.4630268135089779,0.4214065735844583,98.77498954013102,21,cvc-clinicdb,unetpp,polypseg/runs/unetpp_seed1337/best.pth,False
0.7018481712455124,0.5406518372499625,0.9778470940163101,0.5473560433275821,0.2904180910158751,169.9221394026167,210,cvc-clinicdb,unetpp,polypseg/runs/unetpp_seed1337/best.pth,False
0.5845829876823924,0.41301113565478104,0.9524849240907414,0.4216995028520452,0.13336999186839324,176.3589981649054,211,cvc-clinicdb,unetpp,polypseg/runs/unetpp_seed1337/best.pth,False
0.7780660542711658,0.6367496843760085,0.9672245467140235,0.650791788852488,0.4874251993949529,177.42771779476038,212,cvc-clinicdb,unetpp,polypseg/runs/unetpp_seed1337/best.pth,False
0.8556956791370143,0.7477868111969419,0.9679607109372624,0.7667654686873733,0.5365147412166082,131.4640550668715,213,cvc-clinicdb,unetpp,polypseg/runs/unetpp_seed1337/best.pth,False
0.8823409669166292,0.7894545123323061,0.9593846834776517,0.816751460327711,0.5338346911673614,107.8911306818055,214,cvc-clinicdb,unetpp,polypseg/runs/unetpp_seed1337/best.pth,False
0.9794953442322598,0.9598146747261741,0.96796033183019,0.9913085937403192,0.9524446231861289,2.011803398874979,215,cvc-clinicdb,unetpp,polypseg/runs/unetpp_seed1337/best.pth,False
0.915722644089316,0.8445464982713773,0.9339766378793467,0.898168498161187,0.5190010131716591,59.59435039974218,216,cvc-clinicdb,unetpp,polypseg/runs/unetpp_seed1337/best.pth,False
0.9638787452111228,0.9302760084846685,0.9396122834024737,0.9894318489658618,0.6359894208892762,4.0,217,cvc-clinicdb,unetpp,polypseg/runs/unetpp_seed1337/best.pth,False
0.9643277146163166,0.9311127933283105,0.9320199177210216,0.9989557953242956,0.7179398005536297,4.0,218,cvc-clinicdb,unetpp,polypseg/runs/unetpp_seed1337/best.pth,False
0.9089741760528679,0.8331371779673972,0.9155051012945035,0.9025357699262992,0.5705800525867453,47.394651650117694,219,cvc-clinicdb,unetpp,polypseg/runs/unetpp_seed1337/best.pth,False
0.35288367546378163,0.21424332344173916,0.9724724303310676,0.215550538316169,0.1447947266131804,207.6193562479565,22,cvc-clinicdb,unetpp,polypseg/runs/unetpp_seed1337/best.pth,False
0.9582199766716069,0.9197910837358741,0.9211657014585996,0.9983802388945459,0.773617421291906,3.0,220,cvc-clinicdb,unetpp,polypseg/runs/unetpp_seed1337/best.pth,False
0.9107333887922175,0.8360977738796138,0.879072969231779,0.9447595560802773,0.5627681148737815,26.51968962728744,221,cvc-clinicdb,unetpp,polypseg/runs/unetpp_seed1337/best.pth,False
0.9167553191367452,0.8463049349166142,0.8469287469079378,0.9991304347536485,0.4518862454449329,5.0,222,cvc-clinicdb,unetpp,polypseg/runs/unetpp_seed1337/best.pth,False
0.9323624142146427,0.8732948583191685,0.8776693909602513,0.9943249701017227,0.6295903575506498,5.1733241632105225,223,cvc-clinicdb,unetpp,polypseg/runs/unetpp_seed1337/best.pth,False
0.9424194400256661,0.8911088910792172,0.8922974324477394,0.9985074626493095,0.7732290290674424,3.0,224,cvc-clinicdb,unetpp,polypseg/runs/unetpp_seed1337/best.pth,False
0.9287503478857675,0.8669784359348668,0.8683320322438633,0.9982052048759137,0.7277722758154471,6.0,225,cvc-clinicdb,unetpp,polypseg/runs/unetpp_seed1337/best.pth,False
0.9560580989064528,0.9158154279514651,0.9201911166002444,0.994834513085999,0.7517862124644609,3.605551275463989,226,cvc-clinicdb,unetpp,polypseg/runs/unetpp_seed1337/best.pth,False
0.9257090012187776,0.8616929698461494,0.8621877691397593,0.9993344425624182,0.6302867659107209,6.631934008732739,227,cvc-clinicdb,unetpp,polypseg/runs/unetpp_seed1337/best.pth,False
0.8979770229714162,0.8148441926253275,0.9498084797127221,0.8515097690840555,0.37477413335638093,25.156294513651243,228,cvc-clinicdb,unetpp,polypseg/runs/unetpp_seed1337/best.pth,False
0.8664087685308419,0.7643044022208587,0.9510261854076288,0.7956187092860199,0.2550257977910947,35.41808577867176,229,cvc-clinicdb,unetpp,polypseg/runs/unetpp_seed1337/best.pth,False
0.8239965095968063,0.7006752244538819,0.9979392338124283,0.7016905071495385,0.4751704345295326,46.39024371510635,23,cvc-clinicdb,unetpp,polypseg/runs/unetpp_seed1337/best.pth,False
0.8323728388854112,0.7128755364776271,0.9395327789980229,0.7471548738214783,0.2656775760979825,57.92570223523883,230,cvc-clinicdb,unetpp,polypseg/runs/unetpp_seed1337/best.pth,False
0.8646994412756136,0.7616480363994379,0.9386772325453295,0.8015302935623488,0.40248635298874236,56.22489432660797,231,cvc-clinicdb,unetpp,polypseg/runs/unetpp_seed1337/best.pth,False
0.8710408625838661,0.7715433036641439,0.962301184426651,0.7955906216731263,0.3719972811267878,33.04690797505773,232,cvc-clinicdb,unetpp,polypseg/runs/unetpp_seed1337/best.pth,False
0.9087580635761354,0.832774138569352,0.9718458669920954,0.8533617114120642,0.3542235063000535,24.637319879681385,233,cvc-clinicdb,unetpp,polypseg/runs/unetpp_seed1337/best.pth,False
0.9217889833515039,0.8549244712939279,0.9740465372368576,0.8748531503068394,0.4923851253247601,21.41023160593513,234,cvc-clinicdb,unetpp,polypseg/runs/unetpp_seed1337/best.pth,False
0.9204491423103747,0.852622306539825,0.9631812614745623,0.8813476220432769,0.3650535598133356,15.634888772621656,235,cvc-clinicdb,unetpp,polypseg/runs/unetpp_seed1337/best.pth,False
0.9457757565115192,0.8971295835332908,0.9580933817581456,0.9337708315263468,0.5530829648610844,8.06225774829855,236,cvc-clinicdb,unetpp,polypseg/runs/unetpp_seed1337/best.pth,False
0.9043422868637706,0.8253875968938928,0.8831213712960801,0.9266081659226441,0.30316819488618213,27.4015301278391,237,cvc-clinicdb,unetpp,polypseg/runs/unetpp_seed1337/best.pth,False
0.944303016273454,0.8944830105890063,0.9606058227971387,0.9285443373971892,0.6335481651996693,25.724008426964446,238,cvc-clinicdb,unetpp,polypseg/runs/unetpp_seed1337/best.pth,False
0.9452867501611335,0.8962499999934099,0.9754321382764449,0.9169487700224407,0.6161717672767478,14.0,239,cvc-clinicdb,unetpp,polypseg/runs/unetpp_seed1337/best.pth,False
0.815599522249531,0.6886180287588187,0.9926684363481691,0.6921381984809971,0.5360197701423994,37.0,24,cvc-clinicdb,unetpp,polypseg/runs/unetpp_seed1337/best.pth,False
0.94606909120642,0.8976576009990751,0.9931298373685266,0.9032666297484515,0.714889026740857,24.186773244895647,240,cvc-clinicdb,unetpp,polypseg/runs/unetpp_seed1337/best.pth,False
0.8985405720922415,0.8157727369032876,0.9803821655967695,0.8293103448216285,0.48736413218324115,39.84720747165627,241,cvc-clinicdb,unetpp,polypseg/runs/unetpp_seed1337/best.pth,False
0.8140127958444185,0.6863588350634799,0.9892344497500083,0.6915241353045114,0.24370215815589077,41.09496226627532,242,cvc-clinicdb,unetpp,polypseg/runs/unetpp_seed1337/best.pth,False
0.8937296416892624,0.8078763341846901,0.9228505360424337,0.8663903690461181,0.5003869083147031,38.0,243,cvc-clinicdb,unetpp,polypseg/runs/unetpp_seed1337/best.pth,False
0.90528501939714,0.8269595606507542,0.9323426770130322,0.879753558520504,0.5573111682026254,38.94989270336855,244,cvc-clinicdb,unetpp,polypseg/runs/unetpp_seed1337/best.pth,False
0.9235014760561961,0.8578752831661156,0.9321155589981589,0.9150451481506416,0.582661359070764,20.22361105818492,245,cvc-clinicdb,unetpp,polypseg/runs/unetpp_seed1337/best.pth,False
0.706581915108127,0.5462904248529938,0.9561598224062686,0.560325203247477,0.29777510040141647,72.26438517424602,246,cvc-clinicdb,unetpp,polypseg/runs/unetpp_seed1337/best.pth,False
0.9208021753877607,0.8532283464513182,0.939450686635182,0.9028796160451747,0.470899105591325,19.25094883250266,247,cvc-clinicdb,unetpp,polypseg/runs/unetpp_seed1337/best.pth,False
0.8841883458915464,0.7924171992969754,0.9646330680728149,0.8161280670196279,0.5114134795900949,45.826216989354805,248,cvc-clinicdb,unetpp,polypseg/runs/unetpp_seed1337/best.pth,False
0.9144697492481506,0.8424175637802626,0.8984721092044257,0.9310474049004024,0.547295100943925,15.033296378372908,249,cvc-clinicdb,unetpp,polypseg/runs/unetpp_seed1337/best.pth,False
0.12236895646039588,0.06517199259217232,0.9945880937764706,0.0651951123372779,0.2107774824088559,236.78604229367858,25,cvc-clinicdb,unetpp,polypseg/runs/unetpp_seed1337/best.pth,False
0.8952805936804807,0.810414471366259,0.883919164822489,0.9069378930728484,0.4786210466521952,21.0,250,cvc-clinicdb,unetpp,polypseg/runs/unetpp_seed1337/best.pth,False
0.8479721002270216,0.7360690660305407,0.8752166377699612,0.8223725416407068,0.44034620542268316,33.49154997261779,251,cvc-clinicdb,unetpp,polypseg/runs/unetpp_seed1337/best.pth,False
0.8848847139159484,0.7935365293246015,0.8581366459556261,0.9133539003885998,0.4676174471396688,27.050144128048498,252,cvc-clinicdb,unetpp,polypseg/runs/unetpp_seed1337/best.pth,False
0.9331911423354177,0.8747500882007341,0.9641792334573557,0.9041329011308584,0.6137035846943919,23.334521319619355,253,cvc-clinicdb,unetpp,polypseg/runs/unetpp_seed1337/best.pth,False
0.8817271589468466,0.7884722999410988,0.8630757922212386,0.901202456076662,0.3842106007966728,45.197339694039364,254,cvc-clinicdb,unetpp,polypseg/runs/unetpp_seed1337/best.pth,False
0.9119859694445194,0.8382115890352159,0.890651762368653,0.9343673160538378,0.6725261222415515,59.13242877559684,255,cvc-clinicdb,unetpp,polypseg/runs/unetpp_seed1337/best.pth,False
0.8271003832983862,0.7051757639961792,0.9900793650732261,0.7101939156702091,0.45527841242858347,41.59687347685349,256,cvc-clinicdb,unetpp,polypseg/runs/unetpp_seed1337/best.pth,False
0.9248029814804053,0.8601242056583618,0.965195899676005,0.8876551030260921,0.4902263897231334,30.585374120678804,257,cvc-clinicdb,unetpp,polypseg/runs/unetpp_seed1337/best.pth,False
0.9517735639763842,0.9079846980265831,0.9637580993478887,0.9400834281340745,0.5494809760531472,14.142135623730951,258,cvc-clinicdb,unetpp,polypseg/runs/unetpp_seed1337/best.pth,False
0.9367242163617253,0.8809795452657445,0.9880723882598114,0.8904493225118798,0.6818544842280009,24.03743512091306,259,cvc-clinicdb,unetpp,polypseg/runs/unetpp_seed1337/best.pth,False
0.8493150684683966,0.7380952380578473,0.7384693359990638,0.9993141288752184,0.6046037486538731,11.704699910719626,26,cvc-clinicdb,unetpp,polypseg/runs/unetpp_seed1337/best.pth,False
0.8029009817928785,0.6707055720381194,0.9822549492939264,0.678931998328415,0.4917711267237062,66.87886111726516,260,cvc-clinicdb,unetpp,polypseg/runs/unetpp_seed1337/best.pth,False
0.8693888166427324,0.7689547294775075,0.9830608163687621,0.779280119354815,0.5368111623509922,39.06404158986979,261,cvc-clinicdb,unetpp,polypseg/runs/unetpp_seed1337/best.pth,False
0.9014104675273809,0.8205161626640999,0.985750078288555,0.8303653871466141,0.5776030653030072,29.949025010662286,262,cvc-clinicdb,unetpp,polypseg/runs/unetpp_seed1337/best.pth,False
0.3331096947314485,0.19983900180988903,0.4530798479018543,0.26337193881828863,0.3356696478518879,81.54747324873803,263,cvc-clinicdb,unetpp,polypseg/runs/unetpp_seed1337/best.pth,False
0.9521467363439857,0.9086641893177834,0.9909141321460951,0.9162985168786829,0.5369328293433562,28.88245381214097,264,cvc-clinicdb,unetpp,polypseg/runs/unetpp_seed1337/best.pth,False
0.9079517295547516,0.8314208759147275,0.9364973817598848,0.8810948191558902,0.5761147630783033,25.45584412271571,265,cvc-clinicdb,unetpp,polypseg/runs/unetpp_seed1337/best.pth,False
0.9318212606178626,0.8723458221578653,0.9639253683497601,0.9017867176053422,0.6165384468099574,25.550926322841406,266,cvc-clinicdb,unetpp,polypseg/runs/unetpp_seed1337/best.pth,False
0.905206564796533,0.8268286378866537,0.9861282367386798,0.8365585774014824,0.5078433122394943,29.0,267,cvc-clinicdb,unetpp,polypseg/runs/unetpp_seed1337/best.pth,False
0.6817516305053061,0.5171647819042118,0.9999999999921905,0.5171647819042118,0.08985439593117892,51.51671217655752,268,cvc-clinicdb,unetpp,polypseg/runs/unetpp_seed1337/best.pth,False
0.6301498714471996,0.4600137331176012,0.7277665121615892,0.5556231339126638,0.29770412924035866,77.00220300607747,269,cvc-clinicdb,unetpp,polypseg/runs/unetpp_seed1337/best.pth,False
0.9003959792598113,0.818836565051588,0.8243167874609973,0.9919463086582586,0.6465142141406354,5.830951894845301,27,cvc-clinicdb,unetpp,polypseg/runs/unetpp_seed1337/best.pth,False
0.7617363708471909,0.6151649397700173,0.7335516262792685,0.7921735030608572,0.46953980761315217,43.558424012927674,270,cvc-clinicdb,unetpp,polypseg/runs/unetpp_seed1337/best.pth,False
0.9239860908402717,0.8587120324139891,0.9843378118964132,0.8706074084104485,0.6302350305601264,46.56377205149819,271,cvc-clinicdb,unetpp,polypseg/runs/unetpp_seed1337/best.pth,False
0.8716089215136508,0.772435140734051,0.9100630485816847,0.836272755670568,0.34519242424201596,58.683810838598944,272,cvc-clinicdb,unetpp,polypseg/runs/unetpp_seed1337/best.pth,False
0.8875207868929563,0.7977864003536741,0.9785822962549113,0.8119638753089309,0.48812659981308065,54.713795607774884,273,cvc-clinicdb,unetpp,polypseg/runs/unetpp_seed1337/best.pth,False
0.9200144059180172,0.8518765536868614,0.9833082548868555,0.86437601894594,0.5331966804983337,29.852675622050338,274,cvc-clinicdb,unetpp,polypseg/runs/unetpp_seed1337/best.pth,False
0.8699447939383106,0.7698250397607747,0.9788135593173207,0.7828699067981866,0.506056985174098,29.41428145958925,275,cvc-clinicdb,unetpp,polypseg/runs/unetpp_seed1337/best.pth,False
0.9299427416616226,0.8690588605563692,0.9904678931943296,0.8763886999461461,0.6771888255241234,52.79327526942837,276,cvc-clinicdb,unetpp,polypseg/runs/unetpp_seed1337/best.pth,False
0.9466355762793249,0.8986781354696181,0.9588366286459353,0.9347411354454658,0.5993623304463943,7.266308421610007,277,cvc-clinicdb,unetpp,polypseg/runs/unetpp_seed1337/best.pth,False
0.8673655423685651,0.7657947685808534,0.9453551912098681,0.8012631578609994,0.5513355235127909,10.101732813243526,278,cvc-clinicdb,unetpp,polypseg/runs/unetpp_seed1337/best.pth,False
0.9476733659071579,0.9005505849655695,0.9403521379468074,0.9551094890162369,0.810173902389895,6.151794121414738,279,cvc-clinicdb,unetpp,polypseg/runs/unetpp_seed1337/best.pth,False
0.9314336598278663,0.8716666666459127,0.8762565820757239,0.9940266087158831,0.6739926239987155,7.0,28,cvc-clinicdb,unetpp,polypseg/runs/unetpp_seed1337/best.pth,False
0.94684684683263,0.8990590247818917,0.9070771000889795,0.9902638190643762,0.7071705193627457,4.0,280,cvc-clinicdb,unetpp,polypseg/runs/unetpp_seed1337/best.pth,False
0.9509803921442637,0.9065420560518681,0.9212012320092094,0.9827491785054012,0.8036848292904585,4.123105625617661,281,cvc-clinicdb,unetpp,polypseg/runs/unetpp_seed1337/best.pth,False
0.957883497437918,0.9191712203798004,0.9321172939059774,0.9851146900686892,0.7747871872497701,3.605551275463989,282,cvc-clinicdb,unetpp,polypseg/runs/unetpp_seed1337/best.pth,False
0.9579349904283229,0.9192660550247875,0.9320930232341375,0.9852507374389073,0.7737363694628553,3.605551275463989,283,cvc-clinicdb,unetpp,polypseg/runs/unetpp_seed1337/best.pth,False
0.8363136175950988,0.7186761229144522,0.7270987801787349,0.9841372612177359,0.43986729174274175,17.25540481498165,284,cvc-clinicdb,unetpp,polypseg/runs/unetpp_seed1337/best.pth,False
0.9192902117784876,0.8506355931978116,0.8934631432296672,0.9466548776614603,0.5718001581360944,5.656854249492381,285,cvc-clinicdb,unetpp,polypseg/runs/unetpp_seed1337/best.pth,False
0.8670438472316472,0.7652933832549876,0.7730138713582805,0.987117552308451,0.41624360497823265,12.649110640673518,286,cvc-clinicdb,unetpp,polypseg/runs/unetpp_seed1337/best.pth,False
0.9311875693544508,0.8712357216803938,0.9067819507996007,0.9569432563171674,0.5716147088956799,5.0,287,cvc-clinicdb,unetpp,polypseg/runs/unetpp_seed1337/best.pth,False
0.9417632784990326,0.8899363057098105,0.9415094339368866,0.9420172599530201,0.6618046202850363,4.242640687119285,288,cvc-clinicdb,unetpp,polypseg/runs/unetpp_seed1337/best.pth,False
0.9536979490218506,0.9114939114668401,0.9611650485135871,0.9463459759190149,0.7812499500030551,3.605551275463989,289,cvc-clinicdb,unetpp,polypseg/runs/unetpp_seed1337/best.pth,False
0.9612249394033793,0.9253446447311698,0.9390873869793568,0.9844314079200264,0.8413230564243436,2.8284271247461903,29,cvc-clinicdb,unetpp,polypseg/runs/unetpp_seed1337/best.pth,False
0.9509572514830591,0.906499999954675,0.9418181817692561,0.9602754236779515,0.8865507777921641,5.0,290,cvc-clinicdb,unetpp,polypseg/runs/unetpp_seed1337/best.pth,False
0.9165605095249504,0.8459729570343343,0.9664204163219328,0.8715929739023868,0.7960327227674151,6.708203932499369,291,cvc-clinicdb,unetpp,polypseg/runs/unetpp_seed1337/best.pth,False
0.8353843409874196,0.7173047472980918,0.7323327079195644,0.9721876296815198,0.46787664292349673,17.0,292,cvc-clinicdb,unetpp,polypseg/runs/unetpp_seed1337/best.pth,False
0.9592031654938027,0.9216046145537073,0.9520585048496193,0.9664558701961382,0.8210891754510691,3.0,293,cvc-clinicdb,unetpp,polypseg/runs/unetpp_seed1337/best.pth,False
0.9745982374160886,0.9504550050315861,0.9584501656650918,0.9912997626946666,0.9717755428287147,2.0,294,cvc-clinicdb,unetpp,polypseg/runs/unetpp_seed1337/best.pth,False
0.9471974004745844,0.8996913580015512,0.9166666666426451,0.979831932745663,0.7984129574978859,4.815247584249841,295,cvc-clinicdb,unetpp,polypseg/runs/unetpp_seed1337/best.pth,False
0.9397289586137709,0.8863101244236021,0.9184384802747146,0.962029937898429,0.8249270479588443,3.1622776601683795,296,cvc-clinicdb,unetpp,polypseg/runs/unetpp_seed1337/best.pth,False
0.9425896484553509,0.8914132976648376,0.9427561837122701,0.9424231719907304,0.8320128607992271,3.040569415042095,297,cvc-clinicdb,unetpp,polypseg/runs/unetpp_seed1337/best.pth,False
0.966596130585198,0.9353517624552384,0.9907048799226846,0.9436328758898682,0.8745263271911512,3.6252737116907716,298,cvc-clinicdb,unetpp,polypseg/runs/unetpp_seed1337/best.pth,False
0.9711107677897248,0.9438438438155002,0.9883647798431332,0.9544488308243411,0.9852908391328259,2.0,299,cvc-clinicdb,unetpp,polypseg/runs/unetpp_seed1337/best.pth,False
0.6822757829129946,0.5177682659739311,0.9908562720164695,0.5202540508075603,0.5117809233782284,62.23664471819207,3,cvc-clinicdb,unetpp,polypseg/runs/unetpp_seed1337/best.pth,False
0.9562968152128237,0.916253614199543,0.9313529967363141,0.9826135105096055,0.7516414849602654,8.581912734438841,30,cvc-clinicdb,unetpp,polypseg/runs/unetpp_seed1337/best.pth,False
0.9443212613886158,0.8945157526149997,0.9727191980589682,0.9175344105216332,0.7784174530288017,22.003407331831784,300,cvc-clinicdb,unetpp,polypseg/runs/unetpp_seed1337/best.pth,False
0.930955727328435,0.8708299095994934,0.9820237212568195,0.8849365397313805,0.735452112808302,22.12914644011972,301,cvc-clinicdb,unetpp,polypseg/runs/unetpp_seed1337/best.pth,False
0.9604870204401533,0.9239779005422765,0.980304806553572,0.9414546273255859,0.8556350177431276,17.39602483066811,302,cvc-clinicdb,unetpp,polypseg/runs/unetpp_seed1337/best.pth,False
0.8996532520705072,0.8176088617187012,0.9945405970380469,0.8212949640208987,0.3477639847521483,32.178750918836286,303,cvc-clinicdb,unetpp,polypseg/runs/unetpp_seed1337/best.pth,False
0.9096545615538659,0.8342810722904723,0.985841132697554,0.8443987666922466,0.5944269964103819,20.35475616918438,304,cvc-clinicdb,unetpp,polypseg/runs/unetpp_seed1337/best.pth,False
0.910807340831845,0.8362224379362347,0.9909613804355714,0.8426495248683437,0.60218608878438,30.238150802664048,305,cvc-clinicdb,unetpp,polypseg/runs/unetpp_seed1337/best.pth,False
0.9041993912672579,0.8251495610254637,0.9993883504234525,0.8255664813990999,0.45130345301371877,38.15754102038506,306,cvc-clinicdb,unetpp,polypseg/runs/unetpp_seed1337/best.pth,False
0.8974270674428226,0.8139389612634843,0.9806472422214745,0.8272265554069723,0.49525907003759545,27.464817150113806,307,cvc-clinicdb,unetpp,polypseg/runs/unetpp_seed1337/best.pth,False
0.9581372099764313,0.9196385734773737,0.921480650581512,0.9978309907947437,0.4762257126353149,4.47213595499958,308,cvc-clinicdb,unetpp,polypseg/runs/unetpp_seed1337/best.pth,False
0.9218666189797794,0.8550580431035646,0.8567630441864945,0.9976780185565465,0.593899506088596,12.105391879221932,309,cvc-clinicdb,unetpp,polypseg/runs/unetpp_seed1337/best.pth,False
0.968225633696488,0.9384083044874462,0.9620432777466944,0.9744879626185832,0.8126349392009982,5.0,31,cvc-clinicdb,unetpp,polypseg/runs/unetpp_seed1337/best.pth,False
0.9674578866583565,0.9369670003360413,0.9415052160603017,0.994881889724611,0.9917349179730036,2.0,310,cvc-clinicdb,unetpp,polypseg/runs/unetpp_seed1337/best.pth,False
0.9470073743620818,0.8993485341726597,0.9321404456133646,0.9623562216464847,0.7991131833024019,3.0,311,cvc-clinicdb,unetpp,polypseg/runs/unetpp_seed1337/best.pth,False
0.9139221556544191,0.8414886284740531,0.8752688171415577,0.9561472199721106,0.7558965115381875,3.0,312,cvc-clinicdb,unetpp,polypseg/runs/unetpp_seed1337/best.pth,False
0.9118221420992051,0.8379348426168148,0.911548280508912,0.91209616828081,0.6505628881367378,19.697715603592208,313,cvc-clinicdb,unetpp,polypseg/runs/unetpp_seed1337/best.pth,False
0.9478667305791714,0.900899874690729,0.9845636748290233,0.9138070479386041,0.7165218109235102,13.45362404707371,314,cvc-clinicdb,unetpp,polypseg/runs/unetpp_seed1337/best.pth,False
0.9899045429531963,0.9800108851566968,0.9949766413774301,0.9848838943812596,0.9702439141007408,2.0,315,cvc-clinicdb,unetpp,polypseg/runs/unetpp_seed1337/best.pth,False
0.9783951102226821,0.9577040204221671,0.978687287812842,0.9781031070309506,0.7201931949046533,7.0710678118654755,316,cvc-clinicdb,unetpp,polypseg/runs/unetpp_seed1337/best.pth,False
0.9376634554873451,0.882642567772623,0.9959912792672059,0.8857893420009645,0.5926255196326933,18.0,317,cvc-clinicdb,unetpp,polypseg/runs/unetpp_seed1337/best.pth,False
0.9589552238607182,0.9211469533683335,0.9581607290406727,0.9597510373045747,0.8823712304528741,3.605551275463989,318,cvc-clinicdb,unetpp,polypseg/runs/unetpp_seed1337/best.pth,False
0.9571453559391788,0.9178128144609926,0.921212121181104,0.9959956315618494,0.8960775104009899,3.0,319,cvc-clinicdb,unetpp,polypseg/runs/unetpp_seed1337/best.pth,False
0.9620843261112499,0.9269388162398747,0.9518294557655853,0.9725625719868827,0.6976074051157,5.9070235421649135,32,cvc-clinicdb,unetpp,polypseg/runs/unetpp_seed1337/best.pth,False
0.9542233719384295,0.9124542912258022,0.9284307288043679,0.9814900508796509,0.8454678005336187,3.0162277660168324,320,cvc-clinicdb,unetpp,polypseg/runs/unetpp_seed1337/best.pth,False
0.9397893412911508,0.8864175563332382,0.8872068863032472,0.9989973261865142,0.4023257070281819,5.0,321,cvc-clinicdb,unetpp,polypseg/runs/unetpp_seed1337/best.pth,False
0.9645825804061885,0.9315881326244142,0.938686987093333,0.9919474727330037,0.718478799214493,4.0,322,cvc-clinicdb,unetpp,polypseg/runs/unetpp_seed1337/best.pth,False
0.9527023722134864,0.9096768167297806,0.9212941065091165,0.9863277293803288,0.49408215150871565,5.0,323,cvc-clinicdb,unetpp,polypseg/runs/unetpp_seed1337/best.pth,False
0.9566911434065885,0.9169778799063921,0.9190901237990341,0.9974999999844141,0.7352110791353379,5.385164807134504,324,cvc-clinicdb,unetpp,polypseg/runs/unetpp_seed1337/best.pth,False
0.9143144148577165,0.8421539600140239,0.8421539600140239,0.9999999999780268,0.20189269459146014,5.0,325,cvc-clinicdb,unetpp,polypseg/runs/unetpp_seed1337/best.pth,False
0.920591268466591,0.8528662420201091,0.8550446998540859,0.9970215934227595,0.5015915409503449,7.0710678118654755,326,cvc-clinicdb,unetpp,polypseg/runs/unetpp_seed1337/best.pth,False
0.945216680281477,0.8961240309845964,0.9014816740082797,0.9934116298770149,0.6263119064893509,3.605551275463989,327,cvc-clinicdb,unetpp,polypseg/runs/unetpp_seed1337/best.pth,False
0.9007665651485796,0.8194497516083407,0.8320077594406983,0.9819139193914397,0.15774373589767202,7.210407640085633,328,cvc-clinicdb,unetpp,polypseg/runs/unetpp_seed1337/best.pth,False
0.8304148328417416,0.7100080063937549,0.7307185233894081,0.9616135328353587,0.46521691696418416,211.20765584859225,329,cvc-clinicdb,unetpp,polypseg/runs/unetpp_seed1337/best.pth,False
0.9626050237213765,0.9279060008314904,0.9406159605160743,0.9856467861194111,0.7179340607742404,8.209420550647959,33,cvc-clinicdb,unetpp,polypseg/runs/unetpp_seed1337/best.pth,False
0.9567911572520784,0.9171616631735887,0.9377872619675347,0.9765811965645029,0.8012393695961892,7.615773105863909,330,cvc-clinicdb,unetpp,polypseg/runs/unetpp_seed1337/best.pth,False
0.95411913814351,0.9122636936389691,0.9358528095358547,0.9731127197392307,0.5585367256032618,4.47213595499958,331,cvc-clinicdb,unetpp,polypseg/runs/unetpp_seed1337/best.pth,False
0.9800226816629152,0.9608279165076834,0.9729776545821414,0.9871704744993468,0.9430314585215914,2.23606797749979,332,cvc-clinicdb,unetpp,polypseg/runs/unetpp_seed1337/best.pth,False
0.9547233091023408,0.9133689839409382,0.9136947218096703,0.9996098322083572,0.6814770548757507,3.0,333,cvc-clinicdb,unetpp,polypseg/runs/unetpp_seed1337/best.pth,False
0.9447494244648065,0.8952844436835831,0.9223720608415911,0.9682395644107398,0.576512051786018,4.194826662518631,334,cvc-clinicdb,unetpp,polypseg/runs/unetpp_seed1337/best.pth,False
0.95657938348561,0.9167725539879801,0.9324717285794432,0.9819666553082347,0.7419929445259175,5.0,335,cvc-clinicdb,unetpp,polypseg/runs/unetpp_seed1337/best.pth,False
0.9694760819957222,0.9407603890196152,0.9434296860978288,0.9970014992316905,0.8857930740215552,3.0,336,cvc-clinicdb,unetpp,polypseg/runs/unetpp_seed1337/best.pth,False
0.9538231133958414,0.9117226021805038,0.9209511567975426,0.989128559085606,0.6660932476665666,5.0,337,cvc-clinicdb,unetpp,polypseg/runs/unetpp_seed1337/best.pth,False
0.9736328498680737,0.9486204325059759,0.9662008202873598,0.9811801002623896,0.7165776532181475,3.605551275463989,338,cvc-clinicdb,unetpp,polypseg/runs/unetpp_seed1337/best.pth,False
0.9276426495192345,0.8650499286486434,0.8707639287515576,0.9924713583963185,0.5398801895229519,4.0,339,cvc-clinicdb,unetpp,polypseg/runs/unetpp_seed1337/best.pth,False
0.9713291474319439,0.9442565082961575,0.9665763324154385,0.9761289341496712,0.8959685442926205,3.1122000798550395,34,cvc-clinicdb,unetpp,polypseg/runs/unetpp_seed1337/best.pth,False
0.9369226708646893,0.8813306851598147,0.9249609170961458,0.9491978609118076,0.7600520083650972,3.1622776601683795,340,cvc-clinicdb,unetpp,polypseg/runs/unetpp_seed1337/best.pth,False
0.9451892744293141,0.8960747663216421,0.9035054654766866,0.990905332741178,0.7901014540397382,3.0,341,cvc-clinicdb,unetpp,polypseg/runs/unetpp_seed1337/best.pth,False
0.9713724044663264,0.9443382704139471,0.9527597011213212,0.9907268170301914,0.8090751779368586,4.097227908109971,342,cvc-clinicdb,unetpp,polypseg/runs/unetpp_seed1337/best.pth,False
0.9317503482063292,0.8722215323373622,0.910198263562133,0.9543478260739898,0.6881242563588896,12.513793662621266,343,cvc-clinicdb,unetpp,polypseg/runs/unetpp_seed1337/best.pth,False
0.9356118613360169,0.8790137989609639,0.8901324503252309,0.9859888497580253,0.7331189213972439,32.1518389620749,344,cvc-clinicdb,unetpp,polypseg/runs/unetpp_seed1337/best.pth,False
0.9567915421705477,0.9171623705594686,0.9325716845808499,0.9823029730927929,0.7208315733752825,35.937524110010585,345,cvc-clinicdb,unetpp,polypseg/runs/unetpp_seed1337/best.pth,False
0.9713912475379309,0.9443738887237904,0.9804852320416539,0.9624644058772337,0.9576946476000545,2.0,346,cvc-clinicdb,unetpp,polypseg/runs/unetpp_seed1337/best.pth,False
0.8343149807867322,0.7157293497258974,0.7298387096665198,0.9736999402077366,0.5109025112361854,37.60106388970262,347,cvc-clinicdb,unetpp,polypseg/runs/unetpp_seed1337/best.pth,False
0.9567461730131792,0.9170789967543206,0.9807051954523527,0.9339298900962862,0.5951245629868804,20.880244812445856,348,cvc-clinicdb,unetpp,polypseg/runs/unetpp_seed1337/best.pth,False
0.9527965426069887,0.9098485455528894,0.948221145811975,0.9574163082850264,0.5972561048865969,19.19612634657216,349,cvc-clinicdb,unetpp,polypseg/runs/unetpp_seed1337/best.pth,False
0.9376386170845554,0.882598550891777,0.8850985221565875,0.9968099861165491,0.653301051194647,14.32791448761912,35,cvc-clinicdb,unetpp,polypseg/runs/unetpp_seed1337/best.pth,False
0.791057208540329,0.654338000216876,0.7377874456138112,0.8526179702589052,0.24781880171878937,41.138777161737856,350,cvc-clinicdb,unetpp,polypseg/runs/unetpp_seed1337/best.pth,False
0.8419452887446597,0.7270341207212779,0.7711274607124453,0.9270858235494361,0.5342990558402663,32.685265659751984,351,cvc-clinicdb,unetpp,polypseg/runs/unetpp_seed1337/best.pth,False
0.9295995812492855,0.8684596576804778,0.993844431981146,0.8731563421614269,0.8344014618450306,29.368511473952996,352,cvc-clinicdb,unetpp,polypseg/runs/unetpp_seed1337/best.pth,False
0.9448527141299027,0.8954699754079892,0.9260380099149492,0.9644478063418501,0.5973588638356179,20.597327243502576,353,cvc-clinicdb,unetpp,polypseg/runs/unetpp_seed1337/best.pth,False
0.9483679525160015,0.9018058690631828,0.9623929336059637,0.934745872859291,0.7102592510757322,13.038404810405298,354,cvc-clinicdb,unetpp,polypseg/runs/unetpp_seed1337/best.pth,False
0.7223195174111544,0.5653365823884116,0.9971346704692491,0.5662564832648606,0.29400744100773746,35.51548310014942,355,cvc-clinicdb,unetpp,polypseg/runs/unetpp_seed1337/best.pth,False
0.745916283813515,0.594789864652541,0.9874978881400998,0.5993027786260708,0.39208298349500176,34.49545211012526,356,cvc-clinicdb,unetpp,polypseg/runs/unetpp_seed1337/best.pth,False
0.9620902382945153,0.9269497925461426,0.995245007252639,0.931073234683784,0.8447978714845076,22.72409221284927,357,cvc-clinicdb,unetpp,polypseg/runs/unetpp_seed1337/best.pth,False
0.8819457436801874,0.7888219544758052,0.9780082987416596,0.8030664395138777,0.746417189047133,65.4949890407854,358,cvc-clinicdb,unetpp,polypseg/runs/unetpp_seed1337/best.pth,False
0.9288375558824103,0.8671304347750683,0.9811097992819646,0.8818535549975074,0.7610152399035767,33.420432783445676,359,cvc-clinicdb,unetpp,polypseg/runs/unetpp_seed1337/best.pth,False
0.9333175691542525,0.8749722899384843,0.8822083146874786,0.9907128513807553,0.6943914036506456,7.0710678118654755,36,cvc-clinicdb,unetpp,polypseg/runs/unetpp_seed1337/best.pth,False
0.7466537459852624,0.5957282304020696,0.6285626880098477,0.9193825042813082,0.3666908494438095,72.0936882938896,360,cvc-clinicdb,unetpp,polypseg/runs/unetpp_seed1337/best.pth,False
0.677477702237019,0.512261837386756,0.5157644824287001,0.9869162275032989,0.4940203323329747,90.97252332435328,361,cvc-clinicdb,unetpp,polypseg/runs/unetpp_seed1337/best.pth,False
0.634134634612079,0.4642731638721783,0.49674144629341555,0.8765896273263674,0.2592348701830828,84.19441254369015,362,cvc-clinicdb,unetpp,polypseg/runs/unetpp_seed1337/best.pth,False
0.8311156601558815,0.711033274914709,0.8252032519766122,0.837113402004322,0.4714828397570577,9.0,363,cvc-clinicdb,unetpp,polypseg/runs/unetpp_seed1337/best.pth,False
0.9259842519502759,0.8621700879449352,0.8643880925812427,0.9970326409072899,0.6268129151191323,6.0,364,cvc-clinicdb,unetpp,polypseg/runs/unetpp_seed1337/best.pth,False
0.853889127613797,0.7450318709881878,0.7450318709881878,0.9999999999496728,0.2648356538052458,7.0,365,cvc-clinicdb,unetpp,polypseg/runs/unetpp_seed1337/best.pth,False
0.8822605965265248,0.7893258426649549,0.7899598393257045,0.9989842559167605,0.59391812179589,8.237013576088481,366,cvc-clinicdb,unetpp,polypseg/runs/unetpp_seed1337/best.pth,False
0.9065190651720682,0.8290213722973746,0.8394077448428471,0.985294117603151,0.603715120280559,5.54119028783328,367,cvc-clinicdb,unetpp,polypseg/runs/unetpp_seed1337/best.pth,False
0.8673986486303337,0.7658463832674928,0.7687125748215302,0.9951550387114751,0.5047078206958346,10.63014581273465,368,cvc-clinicdb,unetpp,polypseg/runs/unetpp_seed1337/best.pth,False
0.8642801957026969,0.7609977323917916,0.7609977323917916,0.9999999999404052,0.38578675224819625,7.0710678118654755,369,cvc-clinicdb,unetpp,polypseg/runs/unetpp_seed1337/best.pth,False
0.9496188882633102,0.9040707964495094,0.930984204119915,0.9690147970030477,0.623439337838279,8.94427190999916,37,cvc-clinicdb,unetpp,polypseg/runs/unetpp_seed1337/best.pth,False
0.8938924851985958,0.80814249359755,0.8185567009887341,0.984500929883168,0.5427758611454624,5.0,370,cvc-clinicdb,unetpp,polypseg/runs/unetpp_seed1337/best.pth,False
0.872064777292629,0.7731514715884313,0.7815674890579414,0.986263736173419,0.5403726209019759,6.151794121414752,371,cvc-clinicdb,unetpp,polypseg/runs/unetpp_seed1337/best.pth,False
0.9054863992205862,0.8272957033843895,0.8458225666799463,0.9742063491097018,0.7067815302866257,3.31742342552184,372,cvc-clinicdb,unetpp,polypseg/runs/unetpp_seed1337/best.pth,False
0.8646101113596997,0.7615094339047916,0.7919937205029832,0.9518867923630294,0.5947711918834678,5.0,373,cvc-clinicdb,unetpp,polypseg/runs/unetpp_seed1337/best.pth,False
0.7891156462341028,0.6516853932251437,0.6590909090568651,0.9830508473818912,0.40391204530023467,9.219544457292887,374,cvc-clinicdb,unetpp,polypseg/runs/unetpp_seed1337/best.pth,False
0.8627272726880579,0.7585931254389613,0.7610264634514012,0.9958027281221613,0.4799999502222274,5.0,375,cvc-clinicdb,unetpp,polypseg/runs/unetpp_seed1337/best.pth,False
0.9311918233084288,0.8712431693691516,0.8820885200248241,0.9860842674531858,0.679130824179201,4.123105625617661,376,cvc-clinicdb,unetpp,polypseg/runs/unetpp_seed1337/best.pth,False
0.9360414865830587,0.8797725426125195,0.8833605219868125,0.9954044117189612,0.7181817682190117,4.212756921743878,377,cvc-clinicdb,unetpp,polypseg/runs/unetpp_seed1337/best.pth,False
0.8579854809242744,0.7512912196761505,0.7533864541532516,0.9963119072183186,0.3199017707495513,8.034241761564202,378,cvc-clinicdb,unetpp,polypseg/runs/unetpp_seed1337/best.pth,False
0.5518230233397824,0.3810466760854018,0.3839794754736608,0.9803493449068159,0.2595796880153955,198.78428256688605,379,cvc-clinicdb,unetpp,polypseg/runs/unetpp_seed1337/best.pth,False
0.9783101327184816,0.9575411913612687,0.9727467810950055,0.9839374864123305,0.9485317661031585,2.23606797749979,38,cvc-clinicdb,unetpp,polypseg/runs/unetpp_seed1337/best.pth,False
0.8845780795129831,0.7930434782263894,0.7930434782263894,0.9999999999451754,0.5417997371549549,6.708203932499369,380,cvc-clinicdb,unetpp,polypseg/runs/unetpp_seed1337/best.pth,False
0.9002180110531576,0.8185422384623806,0.8185422384623806,0.9999999999627422,0.5083863553124404,6.0,381,cvc-clinicdb,unetpp,polypseg/runs/unetpp_seed1337/best.pth,False
0.9429017160539329,0.8919716646726101,0.9335804757203096,0.9524109675085909,0.7824758438794257,3.1622776601683795,382,cvc-clinicdb,unetpp,polypseg/runs/unetpp_seed1337/best.pth,False
0.9091469998317269,0.833427601786385,0.833427601786385,0.9999999999660673,0.5336180028159389,7.0,383,cvc-clinicdb,unetpp,polypseg/runs/unetpp_seed1337/best.pth,False
0.8604558781786429,0.7550878124871183,0.9929276172138612,0.7591708668488295,0.5078430471600149,80.06776233082837,384,cvc-clinicdb,unetpp,polypseg/runs/unetpp_seed1337/best.pth,False
0.8596874330959973,0.7539050765967487,0.9784123580674509,0.7666577570706531,0.5672100016527262,86.43144381230046,385,cvc-clinicdb,unetpp,polypseg/runs/unetpp_seed1337/best.pth,False
0.8405061415031578,0.7248905506000547,0.8812400450608708,0.803371582374262,0.34122243025337706,76.90482167343042,386,cvc-clinicdb,unetpp,polypseg/runs/unetpp_seed1337/best.pth,False
0.8324080499636972,0.7129271916766949,0.8937042096076256,0.7789804091323773,0.3595742774867844,81.65167448712415,387,cvc-clinicdb,unetpp,polypseg/runs/unetpp_seed1337/best.pth,False
0.7865812390001656,0.648235600339686,0.9332940735535451,0.6797286232281369,0.4356502228469064,99.91355122790861,388,cvc-clinicdb,unetpp,polypseg/runs/unetpp_seed1337/best.pth,False
0.9060999646209478,0.8283206283168014,0.9867363786406893,0.8376471687495904,0.6371552480341123,51.16702797345068,389,cvc-clinicdb,unetpp,polypseg/runs/unetpp_seed1337/best.pth,False
0.9574152300381616,0.9183092422050305,0.9286821705220669,0.987983034849482,0.8487642012849511,6.102433778865608,39,cvc-clinicdb,unetpp,polypseg/runs/unetpp_seed1337/best.pth,False
0.9862385321073665,0.972850678727728,0.989081033139402,0.9834123222694621,0.9482754668683238,2.23606797749979,390,cvc-clinicdb,unetpp,polypseg/runs/unetpp_seed1337/best.pth,False
0.8859761843494733,0.7952937557552247,0.8240637450067878,0.957947387903706,0.7668024236121371,27.17535181517691,391,cvc-clinicdb,unetpp,polypseg/runs/unetpp_seed1337/best.pth,False
0.9527085124619045,0.9096880131256193,0.9661185849406313,0.9396656166593207,0.640324123214499,10.753828459001081,392,cvc-clinicdb,unetpp,polypseg/runs/unetpp_seed1337/best.pth,False
0.9477554179505433,0.9006987863074575,0.9139196417351173,0.9841929001877536,0.6846179056516172,8.0,393,cvc-clinicdb,unetpp,polypseg/runs/unetpp_seed1337/best.pth,False
0.9720108182843448,0.945545766018777,0.9595181919662298,0.9848330359293291,0.8665227412024683,4.0,394,cvc-clinicdb,unetpp,polypseg/runs/unetpp_seed1337/best.pth,False
0.9640463132194479,0.9305882352862975,0.9415065464976916,0.9876917588210159,0.6757584118216169,5.0,395,cvc-clinicdb,unetpp,polypseg/runs/unetpp_seed1337/best.pth,False
0.9694956206542283,0.9407971863930598,0.9523607696791356,0.9872583479702349,0.7363936620527002,4.0,396,cvc-clinicdb,unetpp,polypseg/runs/unetpp_seed1337/best.pth,False
0.9662676822601435,0.9347368420992999,0.9495172056188872,0.9836197636883484,0.6763193963002047,6.387410454013627,397,cvc-clinicdb,unetpp,polypseg/runs/unetpp_seed1337/best.pth,False
0.9725048711816072,0.9464812473612174,0.9584466847977893,0.9869815984565394,0.6427873563228766,4.123105625617661,398,cvc-clinicdb,unetpp,polypseg/runs/unetpp_seed1337/best.pth,False
0.9537071573585573,0.9115107343665411,0.9448961156200633,0.9626840696037258,0.6415628359904766,8.0,399,cvc-clinicdb,unetpp,polypseg/runs/unetpp_seed1337/best.pth,False
0.8083228599335056,0.6783069279053233,0.9894700854633198,0.6832389046237807,0.5852045002867226,46.24590924477708,4,cvc-clinicdb,unetpp,polypseg/runs/unetpp_seed1337/best.pth,False
0.9522875015273379,0.9089206274770671,0.9262705798028361,0.9798081776756713,0.7956396394767363,10.816653826391969,40,cvc-clinicdb,unetpp,polypseg/runs/unetpp_seed1337/best.pth,False
0.9605263157825294,0.9240506328985387,0.9441444002139832,0.9774867569014496,0.751295618315475,5.0,400,cvc-clinicdb,unetpp,polypseg/runs/unetpp_seed1337/best.pth,False
0.9709193245728011,0.9434822242383927,0.9483811850850297,0.9945547725710595,0.8031497381503614,5.0,401,cvc-clinicdb,unetpp,polypseg/runs/unetpp_seed1337/best.pth,False
0.9737426426497947,0.9488289030774858,0.9605729782284919,0.9872784448185585,0.7218293271801854,5.0,402,cvc-clinicdb,unetpp,polypseg/runs/unetpp_seed1337/best.pth,False
0.9463128038849964,0.8980965198913853,0.9062863795022672,0.9900381517487278,0.674866337216703,13.312305898749054,403,cvc-clinicdb,unetpp,polypseg/runs/unetpp_seed1337/best.pth,False
0.89220396122675,0.8053864881253394,0.8237491245753346,0.9730673775073713,0.6509729642690686,35.64749289864447,404,cvc-clinicdb,unetpp,polypseg/runs/unetpp_seed1337/best.pth,False
0.9641368721157921,0.9307570142834223,0.9571039738600206,0.9712738923768502,0.6863675458200087,5.830951894845301,405,cvc-clinicdb,unetpp,polypseg/runs/unetpp_seed1337/best.pth,False
0.9465702170070014,0.8985603333879658,0.9132653061136574,0.982396189282568,0.6987617363708062,11.0,406,cvc-clinicdb,unetpp,polypseg/runs/unetpp_seed1337/best.pth,False
0.9647228221698851,0.9318497913688121,0.9395267309295395,0.9913075642593738,0.7914100604275738,7.148086918349845,407,cvc-clinicdb,unetpp,polypseg/runs/unetpp_seed1337/best.pth,False
0.9598406476838666,0.9227823078709813,0.9827631578818058,0.9379630792297129,0.789412901061317,7.127081707490474,408,cvc-clinicdb,unetpp,polypseg/runs/unetpp_seed1337/best.pth,False
0.9170862705590516,0.8468691878461039,0.8843427313602293,0.952347753334429,0.5305241713276871,155.6335294523507,409,cvc-clinicdb,unetpp,polypseg/runs/unetpp_seed1337/best.pth,False
0.9407377544755015,0.8881065651591227,0.8966378482056362,0.9894000423788553,0.7461650621624395,10.63014581273465,41,cvc-clinicdb,unetpp,polypseg/runs/unetpp_seed1337/best.pth,False
0.885540316127157,0.7945916114702583,0.9760032537828633,0.8104244061599636,0.4932606329176658,22.872280526288787,410,cvc-clinicdb,unetpp,polypseg/runs/unetpp_seed1337/best.pth,False
0.9068407222098258,0.8295595533370106,0.9966461710267068,0.8318818040306084,0.47819079038742024,10.198039027185569,411,cvc-clinicdb,unetpp,polypseg/runs/unetpp_seed1337/best.pth,False
0.8316464237446723,0.7118105688606439,0.9842283888803308,0.7200233678878337,0.2397626192808186,18.0,412,cvc-clinicdb,unetpp,polypseg/runs/unetpp_seed1337/best.pth,False
0.7238970588168759,0.5672716796230586,0.962130466626872,0.5802269043674639,0.1127872496809843,30.116413220715927,413,cvc-clinicdb,unetpp,polypseg/runs/unetpp_seed1337/best.pth,False
0.9223592135940711,0.8559059987607356,0.8859404096808486,0.9619005496905229,0.5456745472103494,92.30926280715278,414,cvc-clinicdb,unetpp,polypseg/runs/unetpp_seed1337/best.pth,False
0.8404564779561405,0.724816673094527,0.9893757133989869,0.7305024311135786,0.4385159795051478,34.764432749257345,415,cvc-clinicdb,unetpp,polypseg/runs/unetpp_seed1337/best.pth,False
0.8772610822107085,0.7813580417592216,0.9900990098923148,0.7875113248255103,0.38320834600991005,24.76286920080332,416,cvc-clinicdb,unetpp,polypseg/runs/unetpp_seed1337/best.pth,False
0.7996093301114581,0.6661242461887037,0.9800028164909168,0.6753032508425492,0.40178566490852813,37.0,417,cvc-clinicdb,unetpp,polypseg/runs/unetpp_seed1337/best.pth,False
0.8523748395287507,0.7427293064738492,0.9856506679617603,0.7508480964803835,0.40370038896183197,14.959820624195551,418,cvc-clinicdb,unetpp,polypseg/runs/unetpp_seed1337/best.pth,False
0.8672461184129439,0.7656086044021143,0.9889867841325907,0.7721920888955405,0.49820637792201117,28.160255680657446,419,cvc-clinicdb,unetpp,polypseg/runs/unetpp_seed1337/best.pth,False
0.9608922772768538,0.924728260857001,0.933223639093196,0.990251709573836,0.818568140409829,7.615773105863909,42,cvc-clinicdb,unetpp,polypseg/runs/unetpp_seed1337/best.pth,False
0.7422334172937929,0.5901201602103353,0.9974612129666435,0.591007855587548,0.3145163161343011,49.94590244849737,420,cvc-clinicdb,unetpp,polypseg/runs/unetpp_seed1337/best.pth,False
0.8163422328198187,0.6896775870990011,0.9954029458580035,0.6918813172436133,0.336347147409011,27.09701840962439,421,cvc-clinicdb,unetpp,polypseg/runs/unetpp_seed1337/best.pth,False
0.9005579074253546,0.819104447162334,0.8692898895841381,0.9341592508551906,0.3458522138907104,41.012193308819754,422,cvc-clinicdb,unetpp,polypseg/runs/unetpp_seed1337/best.pth,False
0.867287189030742,0.7656726229560409,0.9828922132644197,0.7760145366397576,0.27173331425948916,26.8559093498932,423,cvc-clinicdb,unetpp,polypseg/runs/unetpp_seed1337/best.pth,False
0.0,0.0,0.0,0.0,0.0,,424,cvc-clinicdb,unetpp,polypseg/runs/unetpp_seed1337/best.pth,False
0.8868229587532979,0.7966594044736145,0.9873987398295501,0.8048422596916787,0.4244731220260669,9.219544457292887,425,cvc-clinicdb,unetpp,polypseg/runs/unetpp_seed1337/best.pth,False
0.8257359635761715,0.7031944587955836,0.9937180423521736,0.7063343717475977,0.26070435301126815,22.883240334137522,426,cvc-clinicdb,unetpp,polypseg/runs/unetpp_seed1337/best.pth,False
0.8603474646030811,0.754920853401549,0.8375200427514887,0.8844541202960453,0.5340564668979854,125.76951983815499,427,cvc-clinicdb,unetpp,polypseg/runs/unetpp_seed1337/best.pth,False
0.8858514599211941,0.7950927798716463,0.9794171812265255,0.8086038815775994,0.46304382365280367,20.12461179749811,428,cvc-clinicdb,unetpp,polypseg/runs/unetpp_seed1337/best.pth,False
0.9268381460754256,0.8636517806572792,0.8669844512442743,0.9955688778705126,0.38144567643981986,8.246211251235321,429,cvc-clinicdb,unetpp,polypseg/runs/unetpp_seed1337/best.pth,False
0.9498290677173626,0.9044518739942908,0.9714609714426109,0.9291395516824089,0.8215523639804823,8.06225774829855,43,cvc-clinicdb,unetpp,polypseg/runs/unetpp_seed1337/best.pth,False
0.9257194129274773,0.8617110129953262,0.8632560363272381,0.9979273179356374,0.4952380452426355,8.54400374531753,430,cvc-clinicdb,unetpp,polypseg/runs/unetpp_seed1337/best.pth,False
0.9176008152502722,0.8477471418850336,0.8490032327471848,0.9982578397054441,0.4003219787944539,8.48528137423857,431,cvc-clinicdb,unetpp,polypseg/runs/unetpp_seed1337/best.pth,False
0.9475379906516268,0.9003061224397927,0.9087444638901149,0.9897913394549046,0.6323375463444468,8.54400374531753,432,cvc-clinicdb,unetpp,polypseg/runs/unetpp_seed1337/best.pth,False
0.9489529465928577,0.9028643803497381,0.9045387994055193,0.9979539090997419,0.6150254721185223,9.457764463858444,433,cvc-clinicdb,unetpp,polypseg/runs/unetpp_seed1337/best.pth,False
0.9478277548626267,0.9008294594758833,0.9076965466485332,0.9916716837147133,0.6042881486526387,8.06225774829855,434,cvc-clinicdb,unetpp,polypseg/runs/unetpp_seed1337/best.pth,False
0.9519260591715655,0.9082623105953093,0.919252426010312,0.9870079752895934,0.6907272681720004,7.053300858899107,435,cvc-clinicdb,unetpp,polypseg/runs/unetpp_seed1337/best.pth,False
0.9336110059262046,0.8754882234480353,0.875902901114554,0.9994595324821043,0.45305342916003394,6.980351842023949,436,cvc-clinicdb,unetpp,polypseg/runs/unetpp_seed1337/best.pth,False
0.9453397355722861,0.8963452662979127,0.9057222082063812,0.9885816480810485,0.5943445789140945,6.708203932499369,437,cvc-clinicdb,unetpp,polypseg/runs/unetpp_seed1337/best.pth,False
0.8315171266563753,0.7116211504897639,0.9875020157959401,0.7180885370816881,0.5642059395327376,51.25886129013718,438,cvc-clinicdb,unetpp,polypseg/runs/unetpp_seed1337/best.pth,False
0.9713402460168008,0.9442774855879755,0.9517859396573043,0.9917148868885888,0.841570541239828,3.1622776601683795,439,cvc-clinicdb,unetpp,polypseg/runs/unetpp_seed1337/best.pth,False
0.9719091673620862,0.9453534031310498,0.9566225165457326,0.9876923076810519,0.8206316811346016,3.605551275463989,44,cvc-clinicdb,unetpp,polypseg/runs/unetpp_seed1337/best.pth,False
0.951016711937507,0.9066080677930214,0.9256410256261917,0.9778229219404465,0.692793382788936,5.0,440,cvc-clinicdb,unetpp,polypseg/runs/unetpp_seed1337/best.pth,False
0.8777339548067814,0.7821086261730956,0.7833599999749326,0.9979616795353461,0.5980714064573732,15.104195795277516,441,cvc-clinicdb,unetpp,polypseg/runs/unetpp_seed1337/best.pth,False
0.9360692681658632,0.8798216276280977,0.9038021071712368,0.9707257072331925,0.6169913490161263,5.0,442,cvc-clinicdb,unetpp,polypseg/runs/unetpp_seed1337/best.pth,False
0.9540464834510254,0.9121308627546015,0.9150450188655962,0.9965206389214532,0.7658725842946541,7.0710678118654755,443,cvc-clinicdb,unetpp,polypseg/runs/unetpp_seed1337/best.pth,False
0.9599062744014585,0.9229036295253704,0.9229036295253704,0.9999999999864388,0.7169352243489739,3.605551275463989,444,cvc-clinicdb,unetpp,polypseg/runs/unetpp_seed1337/best.pth,False
0.9583663473278169,0.9200608533232828,0.9742970122951501,0.9429482636361236,0.7707281311990699,10.770329614269007,445,cvc-clinicdb,unetpp,polypseg/runs/unetpp_seed1337/best.pth,False
0.9517130374762331,0.9078745338823727,0.9630807414801591,0.9406105597989499,0.644953881863228,10.63014581273465,446,cvc-clinicdb,unetpp,polypseg/runs/unetpp_seed1337/best.pth,False
0.8745868846603829,0.7771251931753593,0.9297337277762673,0.8256157635196842,0.6731807729854755,14.713430366476782,447,cvc-clinicdb,unetpp,polypseg/runs/unetpp_seed1337/best.pth,False
0.001260040951311072,0.0006304176516843117,0.6666666555555557,0.000630616427547996,0.04580152224229401,107.9170892322546,448,cvc-clinicdb,unetpp,polypseg/runs/unetpp_seed1337/best.pth,False
0.9562819203170961,0.916226267353372,0.9537489812356612,0.9588283490176398,0.8576972897340515,6.612291779458717,449,cvc-clinicdb,unetpp,polypseg/runs/unetpp_seed1337/best.pth,False
0.955550455198871,0.9148842660282027,0.9202770409531348,0.9936356403978738,0.8138634876004062,7.211102550927978,45,cvc-clinicdb,unetpp,polypseg/runs/unetpp_seed1337/best.pth,False
0.9468432822820085,0.8990525971610894,0.9011132940110965,0.997462848822129,0.7757953772513851,3.1622776601683795,450,cvc-clinicdb,unetpp,polypseg/runs/unetpp_seed1337/best.pth,False
0.948154657272668,0.9014202171720377,0.9014202171720377,0.9999999999536608,0.8467085582609402,3.980277563773195,451,cvc-clinicdb,unetpp,polypseg/runs/unetpp_seed1337/best.pth,False
0.9624300559424137,0.9275808936587678,0.9445606694313661,0.9809885931292508,0.8249381070847653,3.0,452,cvc-clinicdb,unetpp,polypseg/runs/unetpp_seed1337/best.pth,False
0.9500998003880462,0.9049429657592274,0.906565090725822,0.9980266403305864,0.7270829209516562,5.0,453,cvc-clinicdb,unetpp,polypseg/runs/unetpp_seed1337/best.pth,False
0.9366618193493563,0.8808691688059433,0.9857167148276532,0.8922579652009811,0.7697023133094043,12.09108288987472,454,cvc-clinicdb,unetpp,polypseg/runs/unetpp_seed1337/best.pth,False
0.9384130621544634,0.8839719373892717,0.9046724842493684,0.9747679123902074,0.4219352858869281,7.742182876391689,455,cvc-clinicdb,unetpp,polypseg/runs/unetpp_seed1337/best.pth,False
0.9659664250941842,0.9341731724544519,0.9658778205745195,0.9660550458626966,0.7644563307667968,8.305769750051759,456,cvc-clinicdb,unetpp,polypseg/runs/unetpp_seed1337/best.pth,False
0.9037910513505412,0.8244696893452853,0.9781727099119969,0.8399221630393289,0.6869205034181239,22.82213703317007,457,cvc-clinicdb,unetpp,polypseg/runs/unetpp_seed1337/best.pth,False
0.9734569875176051,0.9482866043416763,0.9574334241778689,0.9900260190591929,0.9261890156163953,2.23606797749979,458,cvc-clinicdb,unetpp,polypseg/runs/unetpp_seed1337/best.pth,False
0.9363128491515494,0.8802521008218435,0.8802521008218435,0.9999999999761336,0.5914520785553552,4.242640687119285,459,cvc-clinicdb,unetpp,polypseg/runs/unetpp_seed1337/best.pth,False
0.978682938418427,0.9582557417604244,0.9832802547614128,0.9741284114059926,0.9627648131968777,2.0,46,cvc-clinicdb,unetpp,polypseg/runs/unetpp_seed1337/best.pth,False
0.9498596819368581,0.9045073935345714,0.953248216279511,0.9464951528533465,0.7466777322270117,7.0710678118654755,460,cvc-clinicdb,unetpp,polypseg/runs/unetpp_seed1337/best.pth,False
0.9421193232343268,0.8905723905598966,0.9212015672482775,0.9640091116026727,0.5994549908812195,7.1340834444436005,461,cvc-clinicdb,unetpp,polypseg/runs/unetpp_seed1337/best.pth,False
0.9650134048192693,0.9323921771670458,0.9822622458591587,0.9483598998689453,0.8267513601408805,6.45883233459366,462,cvc-clinicdb,unetpp,polypseg/runs/unetpp_seed1337/best.pth,False
0.9191971178553419,0.8504761904699598,0.8549230429276461,0.9939212328682027,0.46075450787578054,63.11630879008856,463,cvc-clinicdb,unetpp,polypseg/runs/unetpp_seed1337/best.pth,False
0.9663280447382357,0.9348498233112317,0.9396226414990052,0.9945958646499694,0.7254517113419051,4.47213595499958,464,cvc-clinicdb,unetpp,polypseg/runs/unetpp_seed1337/best.pth,False
0.8456637168111658,0.7325973627676626,0.7374822497947923,0.991039575201269,0.41144531646252863,41.62202013582815,465,cvc-clinicdb,unetpp,polypseg/runs/unetpp_seed1337/best.pth,False
0.9507322364809675,0.9060911518832937,0.9758745476387132,0.926852912655972,0.671199100748973,10.44030650891055,466,cvc-clinicdb,unetpp,polypseg/runs/unetpp_seed1337/best.pth,False
0.8571903574349836,0.750072737845504,0.940990388113627,0.7870954610137686,0.5301658089539816,82.22088081562521,467,cvc-clinicdb,unetpp,polypseg/runs/unetpp_seed1337/best.pth,False
0.8800852726910637,0.7858502538008736,0.926674148887704,0.837956698233779,0.5098492245091959,56.22489432660797,468,cvc-clinicdb,unetpp,polypseg/runs/unetpp_seed1337/best.pth,False
0.852916873240568,0.7435528021845299,0.9515117994012581,0.7728361784907694,0.35346669104583184,63.35176246214217,469,cvc-clinicdb,unetpp,polypseg/runs/unetpp_seed1337/best.pth,False
0.9601251718697068,0.9233084077975259,0.946792593969078,0.973838607281198,0.6573849866657464,5.113326778269857,47,cvc-clinicdb,unetpp,polypseg/runs/unetpp_seed1337/best.pth,False
0.8621573878804367,0.7577123397360004,0.9960500329032779,0.7599959815073337,0.622441656840422,87.19124439768117,470,cvc-clinicdb,unetpp,polypseg/runs/unetpp_seed1337/best.pth,False
0.7825776115687778,0.6428151962748212,0.9581201184961075,0.6613990239337141,0.34097882592711815,112.05569072484039,471,cvc-clinicdb,unetpp,polypseg/runs/unetpp_seed1337/best.pth,False
0.8438083385168791,0.7298170075318414,0.9858663409469791,0.737533722040129,0.45710991035689946,62.863466179497934,472,cvc-clinicdb,unetpp,polypseg/runs/unetpp_seed1337/best.pth,False
0.9168226631694845,0.84641972463364,0.96417087734783,0.8739070956945583,0.4477969430286197,34.215365341396364,473,cvc-clinicdb,unetpp,polypseg/runs/unetpp_seed1337/best.pth,False
0.9200089250825012,0.851867155617727,0.9698341761674124,0.8750530560225219,0.521696649297975,42.10032530624392,474,cvc-clinicdb,unetpp,polypseg/runs/unetpp_seed1337/best.pth,False
0.8177590679895791,0.6917025505105511,0.9777023468076449,0.7027891127815288,0.3362695094817201,74.53034465874539,475,cvc-clinicdb,unetpp,polypseg/runs/unetpp_seed1337/best.pth,False
0.8587715470192593,0.7524974905561278,0.9314833441753062,0.7965895865971938,0.2931043038703346,106.48450414129975,476,cvc-clinicdb,unetpp,polypseg/runs/unetpp_seed1337/best.pth,False
0.8689103705099847,0.7682064691033885,0.9433345225297697,0.8053708310025617,0.42920024491891096,109.53159063162556,477,cvc-clinicdb,unetpp,polypseg/runs/unetpp_seed1337/best.pth,False
0.7750733920449023,0.6327508823886324,0.9827422847794887,0.6398607561441797,0.37473766654703566,107.9235834553831,478,cvc-clinicdb,unetpp,polypseg/runs/unetpp_seed1337/best.pth,False
0.8755461304558738,0.7786412179014831,0.7851349493617508,0.9894894894837751,0.605899663445581,47.43512166909391,479,cvc-clinicdb,unetpp,polypseg/runs/unetpp_seed1337/best.pth,False
0.9561586638740163,0.9159999999833455,0.9173343044261228,0.9984145857907568,0.7361571668378182,5.385164807134504,48,cvc-clinicdb,unetpp,polypseg/runs/unetpp_seed1337/best.pth,False
0.8506541191806494,0.7401202139204879,0.7427214438340407,0.9952902240262519,0.5332437393369193,50.052467795958606,480,cvc-clinicdb,unetpp,polypseg/runs/unetpp_seed1337/best.pth,False
0.8183481228646597,0.692545866256793,0.6934752429398728,0.9980685980619509,0.35888491715115056,54.12855062090161,481,cvc-clinicdb,unetpp,polypseg/runs/unetpp_seed1337/best.pth,False
0.922700754973999,0.856494385598246,0.8607098555445531,0.9943142421254827,0.6434295019234307,27.730849247724095,482,cvc-clinicdb,unetpp,polypseg/runs/unetpp_seed1337/best.pth,False
0.9677476441158966,0.937510714893976,0.9434955141436184,0.9932794478203919,0.7796841480915429,14.142135623730951,483,cvc-clinicdb,unetpp,polypseg/runs/unetpp_seed1337/best.pth,False
0.9455859576640537,0.8967880924358754,0.9040473840034351,0.9911255411201778,0.5405190277293446,14.0,484,cvc-clinicdb,unetpp,polypseg/runs/unetpp_seed1337/best.pth,False
0.9454808673018607,0.8965990639569634,0.9069561923942244,0.9874235447667691,0.6376208933944277,16.42834193055935,485,cvc-clinicdb,unetpp,polypseg/runs/unetpp_seed1337/best.pth,False
0.9480437336139148,0.9012197216818206,0.9790966778466015,0.9188999824677019,0.6799030977926388,6.43363220693949,486,cvc-clinicdb,unetpp,polypseg/runs/unetpp_seed1337/best.pth,False
0.9694342460257025,0.9406816035630468,0.9880973850226501,0.9514630546066556,0.7542372381355965,5.385164807134504,487,cvc-clinicdb,unetpp,polypseg/runs/unetpp_seed1337/best.pth,False
0.9796832101331375,0.9601755257413463,0.9911118707718048,0.968515116076762,0.8724423928316952,2.8284271247461903,488,cvc-clinicdb,unetpp,polypseg/runs/unetpp_seed1337/best.pth,False
0.9422662965203273,0.8908350877167976,0.8991387125994471,0.9897395914517706,0.7588017520716835,33.32691096257664,489,cvc-clinicdb,unetpp,polypseg/runs/unetpp_seed1337/best.pth,False
0.9775713638367831,0.9561267449484142,0.9835878732506999,0.9716280116981352,0.9463523778584061,2.23606797749979,49,cvc-clinicdb,unetpp,polypseg/runs/unetpp_seed1337/best.pth,False
0.802988274557889,0.6708274091979415,0.9997523322023177,0.6709389081763483,0.20547317484805747,80.95245513255922,490,cvc-clinicdb,unetpp,polypseg/runs/unetpp_seed1337/best.pth,False
0.9377130155570814,0.8827304008142717,0.9608746267097187,0.9156417305700302,0.5162050262018214,23.157015022596795,491,cvc-clinicdb,unetpp,polypseg/runs/unetpp_seed1337/best.pth,False
0.9797832980950938,0.960367827997408,0.9781031526140873,0.9814692256740284,0.829122319861325,5.453087167723973,492,cvc-clinicdb,unetpp,polypseg/runs/unetpp_seed1337/best.pth,False
0.9818995903568117,0.964442780944304,0.9774300616359534,0.9864101827878916,0.8037306003693695,4.123105625617661,493,cvc-clinicdb,unetpp,polypseg/runs/unetpp_seed1337/best.pth,False
0.9820174206210115,0.9646701628431428,0.9923339011868691,0.9719132369245166,0.7851151808116961,3.0,494,cvc-clinicdb,unetpp,polypseg/runs/unetpp_seed1337/best.pth,False
0.967410692761492,0.9368784723799576,0.961109248522625,0.9737953122678031,0.7528510350017569,14.866068747318506,495,cvc-clinicdb,unetpp,polypseg/runs/unetpp_seed1337/best.pth,False
0.945825794776568,0.8972196341838021,0.9236710586050599,0.9690694348764944,0.5888239063235412,24.0,496,cvc-clinicdb,unetpp,polypseg/runs/unetpp_seed1337/best.pth,False
0.946835319158189,0.8990382381617362,0.9170398805693774,0.9786319382956666,0.5664864364879518,30.0,497,cvc-clinicdb,unetpp,polypseg/runs/unetpp_seed1337/best.pth,False
0.9647547118443138,0.9319093000297998,0.9421888497543286,0.9884280236981929,0.772105095226674,26.398705145883493,498,cvc-clinicdb,unetpp,polypseg/runs/unetpp_seed1337/best.pth,False
0.9695782691445132,0.9409528546525706,0.9479919822430095,0.9921705252079412,0.8071055849175056,20.615528128088304,499,cvc-clinicdb,unetpp,polypseg/runs/unetpp_seed1337/best.pth,False
0.7428628601896249,0.5909163262026268,0.9888129272752479,0.594893435176567,0.4911752220219134,44.638544083538996,5,cvc-clinicdb,unetpp,polypseg/runs/unetpp_seed1337/best.pth,False
0.9477950713205611,0.9007704159968947,0.9066377170934666,0.9928668477923619,0.823076873076926,5.019258240356718,50,cvc-clinicdb,unetpp,polypseg/runs/unetpp_seed1337/best.pth,False
0.9460238438328769,0.897576134239294,0.9141084878731938,0.9802484219033445,0.5997229548776497,14.302048464317688,500,cvc-clinicdb,unetpp,polypseg/runs/unetpp_seed1337/best.pth,False
0.9747465971590653,0.9507372464778784,0.9558673179543572,0.9943866698121343,0.7329657935905254,4.45468443853046,501,cvc-clinicdb,unetpp,polypseg/runs/unetpp_seed1337/best.pth,False
0.9567811444467424,0.9171432622729255,0.925851703402396,0.9898484925726172,0.7081168043504742,21.35400177817363,502,cvc-clinicdb,unetpp,polypseg/runs/unetpp_seed1337/best.pth,False
0.9746802849519898,0.9506110832037895,0.9603788743669484,0.9894140710041847,0.7872499539916751,9.463049648703295,503,cvc-clinicdb,unetpp,polypseg/runs/unetpp_seed1337/best.pth,False
0.9685063291090202,0.9389357942181529,0.990062111790993,0.9478691773939755,0.7201236522344014,4.123105625617661,504,cvc-clinicdb,unetpp,polypseg/runs/unetpp_seed1337/best.pth,False
0.9669869909100902,0.9360840399890135,0.9618936142478742,0.9721345951565974,0.6724314884997781,7.144232538960745,505,cvc-clinicdb,unetpp,polypseg/runs/unetpp_seed1337/best.pth,False
0.9420403943075019,0.8904313446739585,0.9919091448906574,0.8969459671084082,0.37859014670935653,24.0,506,cvc-clinicdb,unetpp,polypseg/runs/unetpp_seed1337/best.pth,False
0.969337044030204,0.9404985775569206,0.9902020509671281,0.9493332035409585,0.4820285073609505,9.368883962248074,507,cvc-clinicdb,unetpp,polypseg/runs/unetpp_seed1337/best.pth,False
0.967040949120889,0.936185174327945,0.9620619053296274,0.9720717979861754,0.6119755976082011,5.923928352680377,508,cvc-clinicdb,unetpp,polypseg/runs/unetpp_seed1337/best.pth,False
0.9661713820436956,0.9345566230828906,0.983425872205325,0.9495119218999079,0.6736367733125649,4.47213595499958,509,cvc-clinicdb,unetpp,polypseg/runs/unetpp_seed1337/best.pth,False
0.0,0.0,0.0,0.0,0.0,,51,cvc-clinicdb,unetpp,polypseg/runs/unetpp_seed1337/best.pth,False
0.9452436612077627,0.896172534303161,0.9824315484442347,0.9107684310758835,0.40722031516191626,6.0,510,cvc-clinicdb,unetpp,polypseg/runs/unetpp_seed1337/best.pth,False
0.9575468286616218,0.9185514083402448,0.967270601973009,0.9480166117578689,0.7324262216270432,5.0,511,cvc-clinicdb,unetpp,polypseg/runs/unetpp_seed1337/best.pth,False
0.9616532720936727,0.9261388765896191,0.9733498605365146,0.950234457707605,0.8172987208363796,7.370655723564589,512,cvc-clinicdb,unetpp,polypseg/runs/unetpp_seed1337/best.pth,False
0.9412523376478928,0.8890242416751245,0.9450919450797062,0.9374438021716449,0.5768321013005201,8.218618225794799,513,cvc-clinicdb,unetpp,polypseg/runs/unetpp_seed1337/best.pth,False
0.9506949661863697,0.9060234493788057,0.9291418081603566,0.9732718007790282,0.6922874009448737,8.54400374531753,514,cvc-clinicdb,unetpp,polypseg/runs/unetpp_seed1337/best.pth,False
0.9641847313798056,0.930846223829267,0.969438521665844,0.9589875790841458,0.787468559949684,4.815247584249841,515,cvc-clinicdb,unetpp,polypseg/runs/unetpp_seed1337/best.pth,False
0.9726909160122922,0.9468337535151502,0.9839716421285044,0.9616659135339534,0.7758572888206098,4.0,516,cvc-clinicdb,unetpp,polypseg/runs/unetpp_seed1337/best.pth,False
0.968962459349873,0.9397935779708738,0.9603890776870925,0.9776902887022465,0.8177569593468892,4.242640687119285,517,cvc-clinicdb,unetpp,polypseg/runs/unetpp_seed1337/best.pth,False
0.9704412394618703,0.9425797503336675,0.9623336165255971,0.9786866359306065,0.8470317887896915,3.0,518,cvc-clinicdb,unetpp,polypseg/runs/unetpp_seed1337/best.pth,False
0.9819871173659522,0.9646116803798386,0.9769195871556259,0.9871074948373417,0.7927345018988707,3.605551275463989,519,cvc-clinicdb,unetpp,polypseg/runs/unetpp_seed1337/best.pth,False
0.0,0.0,0.0,0.0,0.0,,52,cvc-clinicdb,unetpp,polypseg/runs/unetpp_seed1337/best.pth,False
0.9881955385049473,0.9766665162207128,0.9849795175194129,0.9914326293077773,0.9228960598741385,2.23606797749979,520,cvc-clinicdb,unetpp,polypseg/runs/unetpp_seed1337/best.pth,False
0.9761679685507927,0.9534454271459476,0.9860287465977884,0.9665024630446649,0.843651339934472,3.605551275463989,521,cvc-clinicdb,unetpp,polypseg/runs/unetpp_seed1337/best.pth,False
0.9583641622320686,0.920056825507942,0.964005412706847,0.9527885515453687,0.6857385139472897,5.0,522,cvc-clinicdb,unetpp,polypseg/runs/unetpp_seed1337/best.pth,False
0.970058668814788,0.9418581810854084,0.9542288557024035,0.9864225467807772,0.8940797971658476,3.0,523,cvc-clinicdb,unetpp,polypseg/runs/unetpp_seed1337/best.pth,False
0.9864677569715332,0.9732968672253938,0.9826296500779024,0.9903359643746694,0.9321921834475686,2.23606797749979,524,cvc-clinicdb,unetpp,polypseg/runs/unetpp_seed1337/best.pth,False
0.9795214094311423,0.959864732571328,0.97250022539922,0.9866447127608247,0.8983919127445139,2.354539806949063,525,cvc-clinicdb,unetpp,polypseg/runs/unetpp_seed1337/best.pth,False
0.9701596113753749,0.9420485175096355,0.9613753581551704,0.979105871355444,0.8062600903464329,3.0,526,cvc-clinicdb,unetpp,polypseg/runs/unetpp_seed1337/best.pth,False
0.9757370825118601,0.9526236534118773,0.9820874134107703,0.9694683484502007,0.9040012565492298,2.8284271247461903,527,cvc-clinicdb,unetpp,polypseg/runs/unetpp_seed1337/best.pth,False
0.9737241510103694,0.9487937886962862,0.9812637415067271,0.966299538727607,0.7918260733703096,4.123105625617661,528,cvc-clinicdb,unetpp,polypseg/runs/unetpp_seed1337/best.pth,False
0.6322674418528068,0.4622741763998889,0.4622741763998889,0.9999999999616859,0.23508632360263562,93.12047818881949,529,cvc-clinicdb,unetpp,polypseg/runs/unetpp_seed1337/best.pth,False
0.9330985914945364,0.8745874586496604,0.8983050846442594,0.9706959705774486,0.8988612127208454,3.089252713092608,53,cvc-clinicdb,unetpp,polypseg/runs/unetpp_seed1337/best.pth,False
0.5562753925490691,0.38530574991808175,0.38530574991808175,0.9999999999605211,0.31532144134922563,64.18502732755252,530,cvc-clinicdb,unetpp,polypseg/runs/unetpp_seed1337/best.pth,False
0.7060249727154075,0.5456248828827877,0.546034127122707,0.9986282578532707,0.2346515565627954,57.03682969475301,531,cvc-clinicdb,unetpp,polypseg/runs/unetpp_seed1337/best.pth,False
0.5827344072649092,0.4111681044484592,0.4111681044484592,0.9999999999716473,0.0843381352418999,123.85709637957744,532,cvc-clinicdb,unetpp,polypseg/runs/unetpp_seed1337/best.pth,False
0.5532385834077747,0.3823979386393236,0.3823979386393236,0.999999999978943,0.08057958401009621,69.31664943603575,533,cvc-clinicdb,unetpp,polypseg/runs/unetpp_seed1337/best.pth,False
0.8565235631320338,0.7490522196312944,0.7490522196312944,0.9999999999836735,0.1736972208067429,13.462673525932916,534,cvc-clinicdb,unetpp,polypseg/runs/unetpp_seed1337/best.pth,False
0.5813120916469108,0.40975332786316476,0.40975332786316476,0.9999999999846035,0.08448626384972485,81.30343868250779,535,cvc-clinicdb,unetpp,polypseg/runs/unetpp_seed1337/best.pth,False
0.49321807067496215,0.3273320850721238,0.32761520349657575,0.9973668812024962,0.1999850751975527,164.769527535704,536,cvc-clinicdb,unetpp,polypseg/runs/unetpp_seed1337/best.pth,False
0.8653408528656837,0.7626438786054649,0.7629099790515892,0.9995428571200105,0.36520550588554035,144.29830113978957,537,cvc-clinicdb,unetpp,polypseg/runs/unetpp_seed1337/best.pth,False
0.6244387649331737,0.45395199356780197,0.4550030199269679,0.9949372661018064,0.14486084058134527,64.29073868908546,538,cvc-clinicdb,unetpp,polypseg/runs/unetpp_seed1337/best.pth,False
0.935196461759277,0.8782807608851639,0.8896341463306141,0.9856776111203125,0.47632979073381343,6.4031242374328485,539,cvc-clinicdb,unetpp,polypseg/runs/unetpp_seed1337/best.pth,False
0.903688524497573,0.8242990652664862,0.8289473682652355,0.9932432430195398,0.8877550520616437,2.23606797749979,54,cvc-clinicdb,unetpp,polypseg/runs/unetpp_seed1337/best.pth,False
0.9789683257883114,0.9588030915340083,0.9684858902666631,0.9896801580839516,0.8564818839916516,3.0,540,cvc-clinicdb,unetpp,polypseg/runs/unetpp_seed1337/best.pth,False
0.7540249194963319,0.605168539319043,0.6105191566468995,0.9857247437594121,0.20847522021925724,49.534481144789254,541,cvc-clinicdb,unetpp,polypseg/runs/unetpp_seed1337/best.pth,False
0.5114331723006786,0.34357421029671364,0.34366715359874656,0.9992134654554159,0.24925811382997592,103.0,542,cvc-clinicdb,unetpp,polypseg/runs/unetpp_seed1337/best.pth,False
0.6522525077069001,0.48395750052343806,0.48403387868649567,0.9996740547479391,0.18608847891835206,78.02179144862482,543,cvc-clinicdb,unetpp,polypseg/runs/unetpp_seed1337/best.pth,False
0.7014450649886012,0.5401735776256888,0.5414685071316495,0.9955922081544462,0.30205609205044726,156.02243408683051,544,cvc-clinicdb,unetpp,polypseg/runs/unetpp_seed1337/best.pth,False
0.8352980352924722,0.7171774931299498,0.7177520888094568,0.9988849952054972,0.3775810739412351,142.08800090085018,545,cvc-clinicdb,unetpp,polypseg/runs/unetpp_seed1337/best.pth,False
0.8163543441170946,0.6896948762154324,0.6916859122321976,0.9958437240067192,0.3865686988777556,47.98799078725191,546,cvc-clinicdb,unetpp,polypseg/runs/unetpp_seed1337/best.pth,False
0.7777687362618783,0.6363515312831378,0.6394166443585843,0.9925233644653682,0.5083334828432818,45.17628991066542,547,cvc-clinicdb,unetpp,polypseg/runs/unetpp_seed1337/best.pth,False
0.9336845367141796,0.8756175530241846,0.9360049704731904,0.9313755795837501,0.6453417068533347,5.0,548,cvc-clinicdb,unetpp,polypseg/runs/unetpp_seed1337/best.pth,False
0.617290903953329,0.44643584519566454,0.7052767052313207,0.548823234824796,0.2713266559145716,91.39364956085473,549,cvc-clinicdb,unetpp,polypseg/runs/unetpp_seed1337/best.pth,False
0.9138972808977418,0.8414464532904804,0.9180576629866377,0.9097744359534174,0.8804695337876423,3.0,55,cvc-clinicdb,unetpp,polypseg/runs/unetpp_seed1337/best.pth,False
0.9219135556720376,0.8551388068391149,0.8999222999083152,0.9450065273997225,0.5544250454810444,6.4031242374328485,550,cvc-clinicdb,unetpp,polypseg/runs/unetpp_seed1337/best.pth,False
0.9265723270367408,0.8631902738997629,0.9014838610845727,0.9530972019900842,0.6462326538334252,5.385164807134504,551,cvc-clinicdb,unetpp,polypseg/runs/unetpp_seed1337/best.pth,False
0.9050589050519361,0.826582278469387,0.8693786982119914,0.9437931588093176,0.57582321151691,8.54400374531753,552,cvc-clinicdb,unetpp,polypseg/runs/unetpp_seed1337/best.pth,False
0.9168364289939075,0.8464431906090668,0.8696294612313067,0.9694627470733722,0.592781062282457,10.63014581273465,553,cvc-clinicdb,unetpp,polypseg/runs/unetpp_seed1337/best.pth,False
0.9478241806371378,0.9008230023866983,0.919502339420252,0.9779461660147257,0.7559695883437096,7.127081707490474,554,cvc-clinicdb,unetpp,polypseg/runs/unetpp_seed1337/best.pth,False
0.9390916250922874,0.8851769363909283,0.9083291010549984,0.9720108695520108,0.6092453527433989,6.215748564819405,555,cvc-clinicdb,unetpp,polypseg/runs/unetpp_seed1337/best.pth,False
0.936147895627795,0.8799605619807744,0.8833353952631037,0.9956770324780968,0.673154512097546,7.162090392256099,556,cvc-clinicdb,unetpp,polypseg/runs/unetpp_seed1337/best.pth,False
0.9215879265016274,0.8545786431266417,0.8801503994848794,0.9671199862116179,0.6434595901432067,8.48528137423857,557,cvc-clinicdb,unetpp,polypseg/runs/unetpp_seed1337/best.pth,False
0.9496427649053142,0.9041140796442532,0.9333333333175409,0.966532328702181,0.7534854286968139,4.762461179749787,558,cvc-clinicdb,unetpp,polypseg/runs/unetpp_seed1337/best.pth,False
0.0,0.0,0.0,0.0,0.0,134.46728225326038,559,cvc-clinicdb,unetpp,polypseg/runs/unetpp_seed1337/best.pth,False
0.9128522560528938,0.8396763559832282,0.8457591306717248,0.9915074309627917,0.5869210455830826,8.145036824620094,56,cvc-clinicdb,unetpp,polypseg/runs/unetpp_seed1337/best.pth,False
0.6916909620928234,0.5286908077920796,0.5402789638408728,0.9610126582035187,0.455826496441995,37.3259215155994,560,cvc-clinicdb,unetpp,polypseg/runs/unetpp_seed1337/best.pth,False
0.7594285714231469,0.612160294787976,0.6426499032804321,0.9280726256821217,0.44560174403337466,44.247005815743485,561,cvc-clinicdb,unetpp,polypseg/runs/unetpp_seed1337/best.pth,False
0.39215265865788856,0.24389918655495535,0.8216531895408062,0.2575330892670018,0.3273170930839448,63.071388124885914,562,cvc-clinicdb,unetpp,polypseg/runs/unetpp_seed1337/best.pth,False
0.797980288387639,0.663866225053204,0.9964835697708683,0.6654251012091869,0.3181877118934563,21.509272324808656,563,cvc-clinicdb,unetpp,polypseg/runs/unetpp_seed1337/best.pth,False
0.8051407046274976,0.6738372524243466,0.9892192093979176,0.6788222986050005,0.4412835663699793,34.352561053115984,564,cvc-clinicdb,unetpp,polypseg/runs/unetpp_seed1337/best.pth,False
0.9166132820792408,0.8460628757184777,0.9179854576463004,0.9152452025488779,0.5298155217745014,11.313708498984761,565,cvc-clinicdb,unetpp,polypseg/runs/unetpp_seed1337/best.pth,False
0.364716234043891,0.22302932471823975,0.7718808192949831,0.23876728109911385,0.32790727769334393,115.93186916189283,566,cvc-clinicdb,unetpp,polypseg/runs/unetpp_seed1337/best.pth,False
0.9307324840640827,0.8704393149448886,0.8969309462686207,0.9671814671547937,0.7813920275712297,5.904992408669008,567,cvc-clinicdb,unetpp,polypseg/runs/unetpp_seed1337/best.pth,False
0.47640449435525817,0.31268436575865155,0.9976470585887889,0.31291512912819813,0.45427088344952926,82.64743890481387,568,cvc-clinicdb,unetpp,polypseg/runs/unetpp_seed1337/best.pth,False
0.35381750464451217,0.21493212668872805,0.8370044051634355,0.22432113340321444,0.4415873006105176,90.46656713412615,569,cvc-clinicdb,unetpp,polypseg/runs/unetpp_seed1337/best.pth,False
0.8483306835978274,0.7366096079107338,0.7448352875072677,0.9852289511827748,0.35795449586777545,6.0,57,cvc-clinicdb,unetpp,polypseg/runs/unetpp_seed1337/best.pth,False
0.7525773195648097,0.6033057850946376,0.9583011582271581,0.6195706440030169,0.4661016495690938,71.98465503666279,570,cvc-clinicdb,unetpp,polypseg/runs/unetpp_seed1337/best.pth,False
0.9078209091846121,0.8312015097330425,0.8626768226145228,0.9579507007985029,0.614656904348008,6.324555320336759,571,cvc-clinicdb,unetpp,polypseg/runs/unetpp_seed1337/best.pth,False
0.9648060972767898,0.9320051970348202,0.959429335689714,0.9702434625570279,0.8706609322724762,2.8284271247461903,572,cvc-clinicdb,unetpp,polypseg/runs/unetpp_seed1337/best.pth,False
0.5822476561477871,0.41068361387133834,0.4158984171087859,0.9703733765839947,0.4488635564755261,106.53495026537782,573,cvc-clinicdb,unetpp,polypseg/runs/unetpp_seed1337/best.pth,False
0.4396514783539544,0.28176492126909986,0.3246835442969476,0.6806722688774581,0.23398030256172653,137.11928989785525,574,cvc-clinicdb,unetpp,polypseg/runs/unetpp_seed1337/best.pth,False
0.774765380594698,0.6323404255184608,0.9562419562111891,0.6511831726412975,0.46077159576758736,39.002309972357736,575,cvc-clinicdb,unetpp,polypseg/runs/unetpp_seed1337/best.pth,False
0.6890699253146744,0.5256343863192537,0.9548447788976218,0.5390334572395286,0.5924901386204268,110.38251632162542,576,cvc-clinicdb,unetpp,polypseg/runs/unetpp_seed1337/best.pth,False
0.5548553054591016,0.3839444642153089,0.9800090867342114,0.38697524218896706,0.32452330637662985,119.62482960041463,577,cvc-clinicdb,unetpp,polypseg/runs/unetpp_seed1337/best.pth,False
0.8526651480560121,0.7431702668242826,0.8580597835896193,0.8473379210277556,0.5135426982241831,29.410882339705484,578,cvc-clinicdb,unetpp,polypseg/runs/unetpp_seed1337/best.pth,False
0.6634571062706097,0.49639791538552724,0.9840474019905189,0.5004249401182073,0.45878590126916907,139.07579408907057,579,cvc-clinicdb,unetpp,polypseg/runs/unetpp_seed1337/best.pth,False
0.8848968728913874,0.7935560858715062,0.7987987987508228,0.991797166219851,0.5577310524202843,4.973606797749973,58,cvc-clinicdb,unetpp,polypseg/runs/unetpp_seed1337/best.pth,False
0.5596606458649896,0.38856165684724453,0.9769108280099218,0.3921631296318578,0.39918497613110193,154.3719500791498,580,cvc-clinicdb,unetpp,polypseg/runs/unetpp_seed1337/best.pth,False
0.5047482244014654,0.3375673800483665,0.9652067755079322,0.34172564698070274,0.31951777581794105,143.86521332250095,581,cvc-clinicdb,unetpp,polypseg/runs/unetpp_seed1337/best.pth,False
0.9310683854002016,0.871027082259877,0.8882751432945463,0.9781935039483737,0.5873340969713351,13.44416726155924,582,cvc-clinicdb,unetpp,polypseg/runs/unetpp_seed1337/best.pth,False
0.31534725969199356,0.18718828643245394,0.19653151421888676,0.797465886924026,0.2341584943434611,158.03151943667837,583,cvc-clinicdb,unetpp,polypseg/runs/unetpp_seed1337/best.pth,False
0.25670855978151874,0.14725510253715596,0.1476506789091157,0.9821312540291706,0.3234482679165815,168.1332795563557,584,cvc-clinicdb,unetpp,polypseg/runs/unetpp_seed1337/best.pth,False
0.0,0.0,0.0,0.0,0.0,206.92401403038733,585,cvc-clinicdb,unetpp,polypseg/runs/unetpp_seed1337/best.pth,False
0.9582504970073088,0.91984732822477,0.9401820545960082,0.977027027005022,0.8486738969784469,5.0,586,cvc-clinicdb,unetpp,polypseg/runs/unetpp_seed1337/best.pth,False
0.9218270445762443,0.8549899530859012,0.8567114093672245,0.9976553340759026,0.5979121170499663,4.123105625617661,587,cvc-clinicdb,unetpp,polypseg/runs/unetpp_seed1337/best.pth,False
0.8830052047774835,0.7905186385417132,0.8729306487305177,0.8933150182741156,0.5171562273800353,8.0,588,cvc-clinicdb,unetpp,polypseg/runs/unetpp_seed1337/best.pth,False
0.8014547859017779,0.6686896551539672,0.6735204223208247,0.9893877550616577,0.6438848439728829,47.67852889809645,589,cvc-clinicdb,unetpp,polypseg/runs/unetpp_seed1337/best.pth,False
0.9052715021440638,0.8269370021124592,0.8347953215764038,0.9887445886589831,0.6793704793360515,4.0,59,cvc-clinicdb,unetpp,polypseg/runs/unetpp_seed1337/best.pth,False
0.8571428571253644,0.7499999999732143,0.7628042135574717,0.9781089892418208,0.7016806229609525,25.990377492873584,590,cvc-clinicdb,unetpp,polypseg/runs/unetpp_seed1337/best.pth,False
0.7623585467388851,0.6159769008464557,0.6245933636751921,0.9780947528793634,0.6078430895809341,42.00822799550153,591,cvc-clinicdb,unetpp,polypseg/runs/unetpp_seed1337/best.pth,False
0.9106611649466397,0.8359760394496834,0.8438555930847617,0.9889537307005221,0.5583470996097866,8.94427190999916,592,cvc-clinicdb,unetpp,polypseg/runs/unetpp_seed1337/best.pth,False
0.9227922278099846,0.8566520328143414,0.8624135280387699,0.9922617731374693,0.48692469592394727,6.4031242374328485,593,cvc-clinicdb,unetpp,polypseg/runs/unetpp_seed1337/best.pth,False
0.9426336375386501,0.8914919851851317,0.9028095733422933,0.9861332120712405,0.6425160971521453,3.605551275463989,594,cvc-clinicdb,unetpp,polypseg/runs/unetpp_seed1337/best.pth,False
0.7982430453763069,0.6642300194769925,0.6791230692406796,0.9680397726928963,0.5496195577679414,17.0,595,cvc-clinicdb,unetpp,polypseg/runs/unetpp_seed1337/best.pth,False
0.8189792663313601,0.6934503713472839,0.7046312178145925,0.9776297000962576,0.6035165705503494,14.866068747318506,596,cvc-clinicdb,unetpp,polypseg/runs/unetpp_seed1337/best.pth,False
0.7608089260543651,0.6139561057617356,0.6220068414696689,0.9793536803429664,0.5358373951430915,11.180339887498949,597,cvc-clinicdb,unetpp,polypseg/runs/unetpp_seed1337/best.pth,False
0.8539325842555531,0.7450980391942014,0.7463893702846219,0.9976833976448771,0.4302189037268698,10.804780172128652,598,cvc-clinicdb,unetpp,polypseg/runs/unetpp_seed1337/best.pth,False
0.9278846153728759,0.8654708519975107,0.8701945894430424,0.9937669376424454,0.5075048298556356,4.123105625617661,599,cvc-clinicdb,unetpp,polypseg/runs/unetpp_seed1337/best.pth,False
0.9315096827547857,0.8717998354504582,0.983189608116018,0.884991402599435,0.5742112233886518,34.12843015175706,6,cvc-clinicdb,unetpp,polypseg/runs/unetpp_seed1337/best.pth,False
0.8627069133230242,0.7585616438096383,0.9225322781789866,0.810168251616307,0.5720150700535221,18.027756377319946,60,cvc-clinicdb,unetpp,polypseg/runs/unetpp_seed1337/best.pth,False
0.9461831620224842,0.8978630136887905,0.90013183914634,0.9972005842137633,0.4707206707460893,5.0,600,cvc-clinicdb,unetpp,polypseg/runs/unetpp_seed1337/best.pth,False
0.9519307803160396,0.9082709065753207,0.9130167511769938,0.9943096234143212,0.6737413122917046,4.0,601,cvc-clinicdb,unetpp,polypseg/runs/unetpp_seed1337/best.pth,False
0.9564294915438627,0.9164972407650814,0.9195687017205367,0.9963688032681344,0.7230067002669563,3.605551275463989,602,cvc-clinicdb,unetpp,polypseg/runs/unetpp_seed1337/best.pth,False
0.9485057180707114,0.9020550414505221,0.9040105985679391,0.9976076554891333,0.654832839715311,6.0,603,cvc-clinicdb,unetpp,polypseg/runs/unetpp_seed1337/best.pth,False
0.634662799126736,0.46483960059156687,0.4652679330843119,0.9980234149156451,0.3583032646473486,57.0,604,cvc-clinicdb,unetpp,polypseg/runs/unetpp_seed1337/best.pth,False
0.8793372928902886,0.7846582984439426,0.786853146831137,0.9964576691110005,0.5872778534006021,18.47760310447142,605,cvc-clinicdb,unetpp,polypseg/runs/unetpp_seed1337/best.pth,False
0.8539186507830615,0.7450768231823182,0.7537215411393668,0.984839816905468,0.59032809030635,22.627416997969522,606,cvc-clinicdb,unetpp,polypseg/runs/unetpp_seed1337/best.pth,False
0.7584446189953173,0.6108826320591306,0.6155562639268233,0.9877237851157175,0.5379602422256409,20.0,607,cvc-clinicdb,unetpp,polypseg/runs/unetpp_seed1337/best.pth,False
0.7267876200543385,0.5708298407256741,0.5790816326407509,0.9756446991054569,0.4827950803580783,23.0,608,cvc-clinicdb,unetpp,polypseg/runs/unetpp_seed1337/best.pth,False
0.8555216980050906,0.7475211164019919,0.7508299520333672,0.9941391941149172,0.5619626717635727,21.458025197684513,609,cvc-clinicdb,unetpp,polypseg/runs/unetpp_seed1337/best.pth,False
0.9451769604222722,0.8960526315396469,0.9573570758689149,0.9333028779838601,0.8426079904800039,5.561762944667118,61,cvc-clinicdb,unetpp,polypseg/runs/unetpp_seed1337/best.pth,False
0.9427616926398356,0.8917210869835324,0.8975826971819851,0.9927298311211836,0.7705452368847974,5.0,610,cvc-clinicdb,unetpp,polypseg/runs/unetpp_seed1337/best.pth,False
0.9251142622650285,0.8606628870287688,0.866520307335532,0.9922071392410204,0.5877231874258325,6.0,611,cvc-clinicdb,unetpp,polypseg/runs/unetpp_seed1337/best.pth,False
0.7504961212204493,0.6006352873057859,0.6105077780859846,0.9737827714899915,0.47156295588329744,21.071147890120585,612,cvc-clinicdb,unetpp,polypseg/runs/unetpp_seed1337/best.pth,False
0.8905355338197867,0.802671523934264,0.8377693282105342,0.9503953989252052,0.5309175631622557,6.343737750944883,62,cvc-clinicdb,unetpp,polypseg/runs/unetpp_seed1337/best.pth,False
0.954104718779764,0.9122373299807022,0.9242329366985451,0.9859719438219123,0.9488100852518841,2.23606797749979,63,cvc-clinicdb,unetpp,polypseg/runs/unetpp_seed1337/best.pth,False
0.9231900036411912,0.857337883900523,0.8602739725438168,0.9960348928631216,0.8599566599600955,3.0,64,cvc-clinicdb,unetpp,polypseg/runs/unetpp_seed1337/best.pth,False
0.9381868131545953,0.8835705044706617,0.8847150258494355,0.9985380116229138,0.8816977104519569,2.871320343559643,65,cvc-clinicdb,unetpp,polypseg/runs/unetpp_seed1337/best.pth,False
0.8950810349475382,0.8100874935249569,0.8215031314811324,0.9831355402259128,0.6414076161506477,7.615773105863909,66,cvc-clinicdb,unetpp,polypseg/runs/unetpp_seed1337/best.pth,False
0.9146211312456078,0.8426745328985902,0.8430890309472164,0.9994169095627161,0.709424611568729,6.0,67,cvc-clinicdb,unetpp,polypseg/runs/unetpp_seed1337/best.pth,False
0.8178294573571367,0.6918032786782146,0.9745958429356583,0.704507512510176,0.3511249866549093,50.09777083595907,68,cvc-clinicdb,unetpp,polypseg/runs/unetpp_seed1337/best.pth,False
0.5451925056507063,0.3747523351153481,0.37828571427490615,0.9756816506281737,0.32962154273914523,46.56978790232428,69,cvc-clinicdb,unetpp,polypseg/runs/unetpp_seed1337/best.pth,False
0.7200698461183017,0.5625852660276152,0.994798341492689,0.5642450934255602,0.2574688547414161,51.91336531321854,7,cvc-clinicdb,unetpp,polypseg/runs/unetpp_seed1337/best.pth,False
0.8996023856709807,0.817524841890469,0.9089387344858072,0.8904558871469185,0.7709163409909318,12.16227766016838,70,cvc-clinicdb,unetpp,polypseg/runs/unetpp_seed1337/best.pth,False
0.08255159473897264,0.043052837569172914,0.22797927449327499,0.050400916374524526,0.14426225194518894,153.61394869276117,71,cvc-clinicdb,unetpp,polypseg/runs/unetpp_seed1337/best.pth,False
0.8571918395189921,0.7500750074782456,0.8420343549733232,0.8729050279024824,0.6302544924534622,38.01315561749642,72,cvc-clinicdb,unetpp,polypseg/runs/unetpp_seed1337/best.pth,False
0.7388833166041645,0.5858960763365352,0.7713787085245593,0.7090150785784725,0.4315944823450878,40.755944149515074,73,cvc-clinicdb,unetpp,polypseg/runs/unetpp_seed1337/best.pth,False
0.6919908466660872,0.529041287595205,0.9298892988358001,0.5510204081431844,0.4110881317373796,169.06115875079456,74,cvc-clinicdb,unetpp,polypseg/runs/unetpp_seed1337/best.pth,False
0.6700437485454744,0.5038088642484831,0.8948339482844505,0.535517114444773,0.36201848532675696,166.40612936929148,75,cvc-clinicdb,unetpp,polypseg/runs/unetpp_seed1337/best.pth,False
0.483173076913398,0.31854199682201423,0.3913043478133905,0.6314136125323867,0.2939393454839382,80.1411175887712,76,cvc-clinicdb,unetpp,polypseg/runs/unetpp_seed1337/best.pth,False
0.8145665772829632,0.6871466264347099,0.7824034334428154,0.8494874184133511,0.6407343459590935,17.34330557960843,77,cvc-clinicdb,unetpp,polypseg/runs/unetpp_seed1337/best.pth,False
0.23981900451403534,0.13624678662538575,0.9999999996226414,0.13624678662538575,0.23825276431517314,29.193177904048344,78,cvc-clinicdb,unetpp,polypseg/runs/unetpp_seed1337/best.pth,False
0.4546846721362288,0.29423423422893275,0.31696428570813345,0.8040374199505643,0.29838365809388406,130.7691562349568,79,cvc-clinicdb,unetpp,polypseg/runs/unetpp_seed1337/best.pth,False
0.6507769220358038,0.48233456176701517,0.9869672131066641,0.48542632533567653,0.45900202406598584,84.16976811273467,8,cvc-clinicdb,unetpp,polypseg/runs/unetpp_seed1337/best.pth,False
0.15706072079542097,0.08522294932213344,0.08633980881832917,0.8682170541962622,0.2408623694968356,184.68553950714727,80,cvc-clinicdb,unetpp,polypseg/runs/unetpp_seed1337/best.pth,False
0.9130869130803975,0.8400735294007343,0.967195767181146,0.8647114474812176,0.5862578429419829,14.123104670230237,81,cvc-clinicdb,unetpp,polypseg/runs/unetpp_seed1337/best.pth,False
0.9407645987825127,0.88815441562961,0.9553469851832951,0.9266206896296105,0.700847824177665,5.385164807134504,82,cvc-clinicdb,unetpp,polypseg/runs/unetpp_seed1337/best.pth,False
0.9184829243125766,0.8492542050052971,0.8524102781816477,0.9956591839142297,0.37997488036469385,41.048751503547585,83,cvc-clinicdb,unetpp,polypseg/runs/unetpp_seed1337/best.pth,False
0.9472650495831555,0.8998134328190334,0.9777011960069389,0.9186666666491683,0.7130908741347654,5.0,84,cvc-clinicdb,unetpp,polypseg/runs/unetpp_seed1337/best.pth,False
0.9234627831640496,0.8578085074273589,0.874234068614059,0.9785665294756761,0.5480154262506816,9.041538853603063,85,cvc-clinicdb,unetpp,polypseg/runs/unetpp_seed1337/best.pth,False
0.9172984148783829,0.8472310630037042,0.9678240319765893,0.871786474523141,0.4426091325699882,7.0710678118654755,86,cvc-clinicdb,unetpp,polypseg/runs/unetpp_seed1337/best.pth,False
0.9647299637776355,0.9318631178565496,0.9713062777271512,0.9582421019556109,0.805973223855202,4.3848783726541,87,cvc-clinicdb,unetpp,polypseg/runs/unetpp_seed1337/best.pth,False
0.84636118597568,0.7336448598008404,0.7485101310957175,0.9736434108311486,0.6577309535468893,190.52727687707042,88,cvc-clinicdb,unetpp,polypseg/runs/unetpp_seed1337/best.pth,False
0.9783861671369042,0.957686882914413,0.9779835390745271,0.9787891268332211,0.9904760435703481,2.0,89,cvc-clinicdb,unetpp,polypseg/runs/unetpp_seed1337/best.pth,False
0.5282441189951103,0.35892101795743064,0.9663928304524572,0.3634576223554283,0.42140283688313046,98.08208845184059,9,cvc-clinicdb,unetpp,polypseg/runs/unetpp_seed1337/best.pth,False
0.9719518072195473,0.9454340896128739,0.9554671214524263,0.9890153000982932,0.863438235072882,2.8284271247461903,90,cvc-clinicdb,unetpp,polypseg/runs/unetpp_seed1337/best.pth,False
0.9417022544349816,0.8898273273106264,0.8909979327026687,0.9985256950084557,0.5358821185991947,4.0,91,cvc-clinicdb,unetpp,polypseg/runs/unetpp_seed1337/best.pth,False
0.9226584673495427,0.8564215148000786,0.8670815736637679,0.9858478645189324,0.7068115688748746,11.180339887498949,92,cvc-clinicdb,unetpp,polypseg/runs/unetpp_seed1337/best.pth,False
0.8913963328527104,0.8040712468022886,0.8250652741334843,0.9693251533494549,0.611438959432543,14.830632756838718,93,cvc-clinicdb,unetpp,polypseg/runs/unetpp_seed1337/best.pth,False
0.8774114524764988,0.781596653922866,0.8018656716268309,0.9686725264600254,0.38643819143575786,16.1245154965971,94,cvc-clinicdb,unetpp,polypseg/runs/unetpp_seed1337/best.pth,False
0.9335572583086642,0.8753937007701694,0.8938693467157012,0.9769332161472555,0.5664099088780202,7.211102550927978,95,cvc-clinicdb,unetpp,polypseg/runs/unetpp_seed1337/best.pth,False
0.9307607497141039,0.8704887605512376,0.8731899048226481,0.9964589234892244,0.6581191208118065,8.0,96,cvc-clinicdb,unetpp,polypseg/runs/unetpp_seed1337/best.pth,False
0.8781142771762179,0.78271276593663,0.8856455010266132,0.870710059145837,0.5899440842955005,17.0,97,cvc-clinicdb,unetpp,polypseg/runs/unetpp_seed1337/best.pth,False
0.975223880592163,0.9516457908442407,0.9627701375151004,0.9880040322481047,0.81855846331657,3.0,98,cvc-clinicdb,unetpp,polypseg/runs/unetpp_seed1337/best.pth,False
0.9656925031701619,0.9336609336488599,0.9439142371428434,0.9884994523413404,0.6693010317089019,3.605551275463989,99,cvc-clinicdb,unetpp,polypseg/runs/unetpp_seed1337/best.pth,False
