dice,iou,precision,recall,boundary_f1,hd95,name,dataset,model,checkpoint,tta
0.9071316139958534,0.830046532238523,0.8387648339999618,0.9876324241383739,0.3280893036349454,47.0,cju14hjh2ob2o0835ouz3r5aa,kvasir-seg,segformer,polypseg/runs/segformer_seed2024/best.pth,True
0.9586607830763344,0.9206037451546475,0.9275664832309697,0.991912105748516,0.5701978329629286,12.727922061357855,cju16jgnyzp970878melv7r25,kvasir-seg,segformer,polypseg/runs/segformer_seed2024/best.pth,True
0.8666154352742713,0.7646261138945248,0.7698459137747251,0.9912104469866597,0.37250063637289743,46.16270980588466,cju17r8il13910799dr2wme2e,kvasir-seg,segformer,polypseg/runs/segformer_seed2024/best.pth,True
0.9738158750368624,0.9489679788915499,0.9687632023633059,0.9789215293871797,0.58089594037095,7.078069548818594,cju18849rrsgr0988p90hkygb,kvasir-seg,segformer,polypseg/runs/segformer_seed2024/best.pth,True
0.9516710513471898,0.9077981224978725,0.9088540454989584,0.9987218160386587,0.3561452014157712,9.848857801796104,cju1b75x63ddl0799sdp0i2j3,kvasir-seg,segformer,polypseg/runs/segformer_seed2024/best.pth,True
0.9550690345558668,0.9140020404600874,0.9524521582787764,0.9577003302616394,0.18472124061801834,18.0,cju1c0qb4tzi308355wtsnp0y,kvasir-seg,segformer,polypseg/runs/segformer_seed2024/best.pth,True
0.975329975365845,0.9518478650862005,0.9740407563778704,0.9766226116390372,0.4429140285087457,104.01922899156675,cju1c3218411b08014g9f6gig,kvasir-seg,segformer,polypseg/runs/segformer_seed2024/best.pth,True
0.9163777355220655,0.8456615977372486,0.9368092080117629,0.8968184471621656,0.4340940190486869,24.151525401514284,cju1cbokpuiw70988j4lq1fpi,kvasir-seg,segformer,polypseg/runs/segformer_seed2024/best.pth,True
0.9564118422088348,0.9164648286476863,0.9635368694751935,0.9493914157540604,0.4315563153471371,7.625496934366037,cju1cdxvz48hw0801i0fjwcnk,kvasir-seg,segformer,polypseg/runs/segformer_seed2024/best.pth,True
0.12182629978017952,0.06486423474352826,0.9416173093080911,0.06512615580110595,0.1249965229691873,303.9319819394749,cju1drnhbrb9409935wi7vkhg,kvasir-seg,segformer,polypseg/runs/segformer_seed2024/best.pth,True
0.9717994100278604,0.9451457424802612,0.947849533075931,0.996990972915308,0.609992179148025,7.905988123446415,cju1haab178i70799tk9z8y8x,kvasir-seg,segformer,polypseg/runs/segformer_seed2024/best.pth,True
0.9760981617468228,0.9533122466232608,0.9859700048356579,0.9664220390629639,0.7655802758363599,11.213682040370403,cju2hos57llxm08359g92p6jj,kvasir-seg,segformer,polypseg/runs/segformer_seed2024/best.pth,True
0.9652150384070433,0.9327687144981147,0.9344791954695253,0.9980415015139534,0.21377413098537615,10.295630140987,cju2hw5gjlr5h0988so2qqres,kvasir-seg,segformer,polypseg/runs/segformer_seed2024/best.pth,True
0.9734804809743988,0.9483311938368708,0.9792432367280544,0.9677851549692325,0.4941172557141339,8.54400374531753,cju2lberzkdzm09938cl40pog,kvasir-seg,segformer,polypseg/runs/segformer_seed2024/best.pth,True
0.9536228993144327,0.9113568126535225,0.9174342736474888,0.9927837192348001,0.45632598959767373,10.479613760448192,cju2lcyfgkf5809932fn9gucn,kvasir-seg,segformer,polypseg/runs/segformer_seed2024/best.pth,True
0.8780733889845919,0.7826477956431436,0.9643563833971865,0.8059622508361132,0.3809098489168827,239.00209204105306,cju2nqapmzvk20801f9us40dx,kvasir-seg,segformer,polypseg/runs/segformer_seed2024/best.pth,True
0.9757890961233388,0.9527228156134201,0.9574168572880672,0.9948802340403798,0.6574854979609885,3.605551275463989,cju2nsmwjlzyl0993jl80chvz,kvasir-seg,segformer,polypseg/runs/segformer_seed2024/best.pth,True
0.9630437251539737,0.9287216332212007,0.9693630252825032,0.9568062827181946,0.45179804773122534,5.932380757938124,cju2otvvv0l7z0855x7we8cb0,kvasir-seg,segformer,polypseg/runs/segformer_seed2024/best.pth,True
0.8381090660619235,0.7213319611861184,0.7220927665610584,0.9985414829353553,0.42302301490335287,91.0,cju2pjb9v0ywn0878j5g5n69j,kvasir-seg,segformer,polypseg/runs/segformer_seed2024/best.pth,True
0.9792984934981844,0.9594367082443829,0.9709080445837087,0.9878352246893415,0.5169320195103178,12.806248474865697,cju2qdj95ru8g09886gfi9rsz,kvasir-seg,segformer,polypseg/runs/segformer_seed2024/best.pth,True
0.9775502515339719,0.9560863533885959,0.9763745831228398,0.9787287546396185,0.48074916956561337,7.615773105863909,cju2qn2fzs1vy0988l243cvzy,kvasir-seg,segformer,polypseg/runs/segformer_seed2024/best.pth,True
0.9418998512583459,0.8901802465281765,0.9406077818796134,0.9431954752311407,0.17871839784688043,61.874815772642016,cju2qqn5ys4uo0988ewrt2ip2,kvasir-seg,segformer,polypseg/runs/segformer_seed2024/best.pth,True
0.8040838636614139,0.672358068621095,0.9744499645092289,0.6844239141248731,0.2981392875290907,45.8906307906092,cju2qtee81yd708787bsjr75d,kvasir-seg,segformer,polypseg/runs/segformer_seed2024/best.pth,True
0.8450886533477965,0.7317346528783314,0.9710669585213966,0.7480435816499329,0.2629729511239555,87.13839429244484,cju2qxxko229x08786gvxxhur,kvasir-seg,segformer,polypseg/runs/segformer_seed2024/best.pth,True
0.9593594032787152,0.9218931168948626,0.9270133338966633,0.9940443717016866,0.4380951050546193,20.184093768693245,cju2r2obh2bjm08553kng0rh7,kvasir-seg,segformer,polypseg/runs/segformer_seed2024/best.pth,True
0.9772411101209117,0.9554951023074875,0.9578007749267176,0.9974869495030111,0.3496544516004191,66.60207227253686,cju2r6mt2om21099352pny5gw,kvasir-seg,segformer,polypseg/runs/segformer_seed2024/best.pth,True
0.9789904104465298,0.9588454608684752,0.9792490298584794,0.9787319275993687,0.6248337865230447,6.722793735874387,cju2rlqdnoz9k0993cpjae3x0,kvasir-seg,segformer,polypseg/runs/segformer_seed2024/best.pth,True
0.8008405323184488,0.6678348909397261,0.7827476037981402,0.819789674913012,0.2286995017957437,10.04987562112089,cju2rmd2rsw9g09888hh1efu0,kvasir-seg,segformer,polypseg/runs/segformer_seed2024/best.pth,True
0.9512051734194069,0.9069506726312148,0.9760427438645977,0.9276003275851336,0.6486375939056231,5.0,cju2syxa93yw40799x2iuwabz,kvasir-seg,segformer,polypseg/runs/segformer_seed2024/best.pth,True
0.9777808414306248,0.9565276029448097,0.9853656277451703,0.9703119299481471,0.767199710754177,5.0,cju2t16vuucaq0835xcpsivn2,kvasir-seg,segformer,polypseg/runs/segformer_seed2024/best.pth,True
0.9477390345255462,0.9006691929299309,0.9209398186238998,0.9761447046401944,0.4724814171201223,7.38080885425552,cju2t2ivz43i10878zeg8r1br,kvasir-seg,segformer,polypseg/runs/segformer_seed2024/best.pth,True
0.9726360776370492,0.9467298359085583,0.9501884604178011,0.996169979931934,0.6342707628955205,4.47213595499958,cju2upu4evw7g08358guwozxv,kvasir-seg,segformer,polypseg/runs/segformer_seed2024/best.pth,True
0.5117876869178863,0.3438942699365019,0.9626657656815384,0.34854276889094915,0.3005910590667573,161.21724446668713,cju2uzabhs6er0993x3aaf87p,kvasir-seg,segformer,polypseg/runs/segformer_seed2024/best.pth,True
0.9660182203771139,0.9342700610541127,0.9971200418888494,0.9367979447362093,0.3396641491651424,12.194246449192525,cju2xyd9vyi7m098831qcucse,kvasir-seg,segformer,polypseg/runs/segformer_seed2024/best.pth,True
0.9466162869383338,0.8986433672749579,0.9104884028717151,0.9857297221101387,0.24399255629402317,34.50735135169495,cju2yi9tz8vky0801yqip0xyl,kvasir-seg,segformer,polypseg/runs/segformer_seed2024/best.pth,True
0.952089857300013,0.9085605897915171,0.9201022053876735,0.9863817387061945,0.4351076171834032,33.19161388367463,cju2yyhsp933j0855hp32e012,kvasir-seg,segformer,polypseg/runs/segformer_seed2024/best.pth,True
0.9370133527685066,0.8814911788486909,0.8862981070522358,0.9938848667955725,0.44499995000889453,12.529964086141668,cju2zrojo9kcd0878ld2epejq,kvasir-seg,segformer,polypseg/runs/segformer_seed2024/best.pth,True
0.9783989834811011,0.9577114427851603,0.9612525729959582,0.9961682039927747,0.39547196810177915,13.0784943800515,cju30qbm1ad3x0855znuhpz9u,kvasir-seg,segformer,polypseg/runs/segformer_seed2024/best.pth,True
0.9374643415252215,0.8822897698049106,0.8918676546897065,0.987974484989083,0.5274877720696095,58.53351704618756,cju30u1hbakn808019g15nb8b,kvasir-seg,segformer,polypseg/runs/segformer_seed2024/best.pth,True
0.9692773060207395,0.9403861113008953,0.9468138127380077,0.9928326116097295,0.6487603544099135,3.605551275463989,cju3128yi0rpu0988o4oo5n8n,kvasir-seg,segformer,polypseg/runs/segformer_seed2024/best.pth,True
0.9815919299011656,0.9638493239806163,0.9655422166676344,0.998184234662402,0.7178103193582774,8.48528137423857,cju31y80qbawn0801twwm2l5s,kvasir-seg,segformer,polypseg/runs/segformer_seed2024/best.pth,True
0.8939980638911619,0.8083150984675911,0.9730901722381224,0.8267965979125832,0.4839402791216855,108.58398208936323,cju32a52lb9rc0799xi40qs00,kvasir-seg,segformer,polypseg/runs/segformer_seed2024/best.pth,True
0.9064808851930138,0.8289575124189889,0.9573852394119574,0.8607164298560008,0.2767868177470673,126.47642592573102,cju32gzs6xo8x0993r8tedbpb,kvasir-seg,segformer,polypseg/runs/segformer_seed2024/best.pth,True
0.9591337273712617,0.9214764207403332,0.958956602026967,0.9593109181555546,0.5690167468361962,9.486832980505138,cju32srle1xfq083575i3fl75,kvasir-seg,segformer,polypseg/runs/segformer_seed2024/best.pth,True
0.9234738193073059,0.8578275529844465,0.9300691996319883,0.9169713197031126,0.3449572050223026,25.411666997243533,cju35c4wzdhow0799h6eq4sgs,kvasir-seg,segformer,polypseg/runs/segformer_seed2024/best.pth,True
0.9725756075255461,0.9466152591366749,0.9599789461793711,0.9855072463749097,0.6040452315782171,11.852349955359813,cju35fxqyzt5p0993vusm54qz,kvasir-seg,segformer,polypseg/runs/segformer_seed2024/best.pth,True
0.9441424037519744,0.8941948299723093,0.9060356471280859,0.9855953444124755,0.2334374869516797,11.0,cju3ttznuftyf09875t11850w,kvasir-seg,segformer,polypseg/runs/segformer_seed2024/best.pth,True
0.9876853174691488,0.975670248108891,0.9775156926548381,0.998068767039346,0.4678917047431394,30.0,cju3u39fog1bo0871lxjrabks,kvasir-seg,segformer,polypseg/runs/segformer_seed2024/best.pth,True
0.9513780019528874,0.9072649665224205,0.9499534925906895,0.9528067899948738,0.40575392568229557,22.009086218218094,cju3u4lxmg59o0755rz42b9en,kvasir-seg,segformer,polypseg/runs/segformer_seed2024/best.pth,True
0.1743412153012589,0.09549496146949914,0.4920586438456916,0.10593805484246768,0.10034862098046082,227.47676252383982,cju3uhb79gcgr0871orbrbi3x,kvasir-seg,segformer,polypseg/runs/segformer_seed2024/best.pth,True
0.8773712802264904,0.7815329011033141,0.9424711581155509,0.8206837007250531,0.21540948593169676,115.34383100331983,cju3xeexgii1j0817zs68tb4g,kvasir-seg,segformer,polypseg/runs/segformer_seed2024/best.pth,True
0.93460566937449,0.8772391991477635,0.8944880197604546,0.978490832146468,0.4819335797423517,7.296893050109673,cju3xiic0ilzp0850lusrb42j,kvasir-seg,segformer,polypseg/runs/segformer_seed2024/best.pth,True
0.9182020044354665,0.84877399311163,0.8853141997351542,0.953627524296265,0.36977897853161457,8.06225774829855,cju41p90plcsx08018cnzpndc,kvasir-seg,segformer,polypseg/runs/segformer_seed2024/best.pth,True
0.9793103448257852,0.959459459456002,0.9754891184840057,0.9831616262287834,0.6953670828686288,4.242640687119285,cju41s6nbleqy0755e2mslg0b,kvasir-seg,segformer,polypseg/runs/segformer_seed2024/best.pth,True
0.9711476386734682,0.9439135051615538,0.9640145913406157,0.9783870322160684,0.5792523680570972,15.112856036011822,cju422cm8lfxn0818ojicxejb,kvasir-seg,segformer,polypseg/runs/segformer_seed2024/best.pth,True
0.9679900413456587,0.9379657950276375,0.94607630138074,0.9909430183859105,0.3251832491395544,14.507859591450318,cju43gfosm63n08714rpih8pe,kvasir-seg,segformer,polypseg/runs/segformer_seed2024/best.pth,True
0.7247725043125023,0.5683476138677237,0.5835251181341038,0.956238423599214,0.33047248372354304,189.0773238065167,cju5bmhdcafs909878qfzrqzi,kvasir-seg,segformer,polypseg/runs/segformer_seed2024/best.pth,True
0.9837050843745768,0.9679327026537462,0.9743328906336486,0.9932593332299573,0.6086030051621655,17.0,cju5boicjagt20871b1fotkh4,kvasir-seg,segformer,polypseg/runs/segformer_seed2024/best.pth,True
0.9785416193914911,0.9579848165801418,0.9871608575333177,0.9700715934412385,0.6300890503376853,7.280109889280518,cju5ekty5ckzf07550c9u3ckk,kvasir-seg,segformer,polypseg/runs/segformer_seed2024/best.pth,True
0.972449217836545,0.9463758236737492,0.9838485841645737,0.9613109835233798,0.5476552555896417,6.94164078649986,cju5f0dezct4q08183ydw11dx,kvasir-seg,segformer,polypseg/runs/segformer_seed2024/best.pth,True
0.9769942048238978,0.9550231381198736,0.96831156823999,0.9858339608410537,0.6994007341168302,11.0,cju5hi52odyf90817prvcwg45,kvasir-seg,segformer,polypseg/runs/segformer_seed2024/best.pth,True
0.9583304201907307,0.9199946305105712,0.9512804497172752,0.9654856659840715,0.3604224688820614,15.556349186104045,cju5jx7jzf7c90871c2i9aiov,kvasir-seg,segformer,polypseg/runs/segformer_seed2024/best.pth,True
0.9711788232375614,0.9439724270584419,0.9585863354426108,0.9841065579233503,0.473711789359525,14.560219778561036,cju5tenjojp1j0755ms4949h2,kvasir-seg,segformer,polypseg/runs/segformer_seed2024/best.pth,True
0.9689345522167747,0.9397410749239722,0.9710556186073369,0.9668227316680107,0.7075059825261646,5.830951894845301,cju5u4pywk81x0817vn9pe14z,kvasir-seg,segformer,polypseg/runs/segformer_seed2024/best.pth,True
0.9543337334911061,0.9126561351905186,0.9294299209609062,0.9806088715597739,0.6390682704160509,12.007376761019566,cju5uxjnol2r509871qv2yeia,kvasir-seg,segformer,polypseg/runs/segformer_seed2024/best.pth,True
0.7733056665931057,0.6303980099471124,0.6454915944949287,0.964234076546958,0.3908552172941347,78.44508526182788,cju5v8pgplg6k0755rvi2t63h,kvasir-seg,segformer,polypseg/runs/segformer_seed2024/best.pth,True
0.8919034126515234,0.8048968139011475,0.812954244181531,0.9878360364336041,0.41873846683733656,83.43096100284721,cju5wcc90lu020850mjrxppv6,kvasir-seg,segformer,polypseg/runs/segformer_seed2024/best.pth,True
0.9757383069504127,0.9526259876470599,0.974628082328053,0.9768510638264618,0.6347902954823172,6.854101966249685,cju5wi6bqlxy90755bu227nvb,kvasir-seg,segformer,polypseg/runs/segformer_seed2024/best.pth,True
0.9826277384890524,0.9658487612289581,0.984374458046921,0.980887206869233,0.6563297195252059,6.0,cju5wkonqlrl409877y8zvnub,kvasir-seg,segformer,polypseg/runs/segformer_seed2024/best.pth,True
0.9733351021480351,0.9480553043008397,0.9718738961476248,0.9748007085895155,0.45916833635987037,7.0710678118654755,cju5x28nzm7t907558ocq4bt7,kvasir-seg,segformer,polypseg/runs/segformer_seed2024/best.pth,True
0.9457950094227349,0.89716423074874,0.9991742058594697,0.8978299584445323,0.25538925392940703,32.35100465197934,cju6wt9jvvn500871hjn3t3g0,kvasir-seg,segformer,polypseg/runs/segformer_seed2024/best.pth,True
0.9801052178876418,0.9609865988898325,0.9893904252144046,0.9709926693736622,0.5208549796731089,8.06225774829855,cju6wuojavt740818b5qcv3iw,kvasir-seg,segformer,polypseg/runs/segformer_seed2024/best.pth,True
0.968711572618475,0.9393216746144095,0.9739159633068668,0.9635625084925727,0.527468356166372,12.649110640673518,cju6x35ervu2808015c7eoqe4,kvasir-seg,segformer,polypseg/runs/segformer_seed2024/best.pth,True
0.9350124229938157,0.8779561782516325,0.8869588800484465,0.9885710995624364,0.3676899956699097,125.34153108634698,cju6x4t13vyw60755gtcf9ndu,kvasir-seg,segformer,polypseg/runs/segformer_seed2024/best.pth,True
0.9534475991078021,0.9110366554937689,0.9986843547801848,0.9121313773548684,0.47160428810189065,10.459290439292966,cju772304yw5t0818vbw8kkjf,kvasir-seg,segformer,polypseg/runs/segformer_seed2024/best.pth,True
0.9210993612654816,0.8537388228316117,0.9098858519169029,0.9325927118503053,0.4334452030247507,21.183658354129566,cju7787c5yy3l080159mwqsnj,kvasir-seg,segformer,polypseg/runs/segformer_seed2024/best.pth,True
0.9811820072084703,0.9630591667507382,0.9912549882113668,0.9713116869696323,0.5346337091466999,42.0,cju7ajnbo1gvm098749rdouk0,kvasir-seg,segformer,polypseg/runs/segformer_seed2024/best.pth,True
0.9335285000834236,0.8753431293348655,0.9656789976784889,0.9034498083389619,0.5026098297579759,17.064483522743025,cju7b5afm1nfw0801xqm8bf8q,kvasir-seg,segformer,polypseg/runs/segformer_seed2024/best.pth,True
0.9421688209224562,0.8906608536005263,0.9867802211745601,0.9014166279588912,0.412727444819771,17.18268794847745,cju7cq6su27qv075574dir0r3,kvasir-seg,segformer,polypseg/runs/segformer_seed2024/best.pth,True
0.944105493296844,0.8941286154093618,0.9886603375503724,0.9033932835310666,0.23255874627630224,15.524174696260024,cju7ctvqn25dy08186g442m1r,kvasir-seg,segformer,polypseg/runs/segformer_seed2024/best.pth,True
0.9259097387155802,0.8620409029762153,0.9906074652313954,0.869144875313513,0.3901381432218549,26.63838955569827,cju7cue9b232j0801qdzk1ykj,kvasir-seg,segformer,polypseg/runs/segformer_seed2024/best.pth,True
0.9652986702777362,0.9329249345188755,0.9885230479727727,0.9431405106989941,0.5459860173520845,7.0,cju7dp3dw2k4n0755zhe003ad,kvasir-seg,segformer,polypseg/runs/segformer_seed2024/best.pth,True
0.917060049049508,0.8468244691172471,0.8688287027739914,0.9709610766685041,0.36512761242966174,27.299266237808105,cju7dqcwi2dz00850gcmr2ert,kvasir-seg,segformer,polypseg/runs/segformer_seed2024/best.pth,True
0.9579144121968364,0.9192281549697182,0.9501190429688532,0.965838755749223,0.4811776576761555,17.52819818409707,cju7eueum2oqn0850rodmx8zo,kvasir-seg,segformer,polypseg/runs/segformer_seed2024/best.pth,True
0.9809481856698944,0.9626087426327194,0.9705802233670903,0.9915400456337088,0.8255033057059679,3.2066050216979507,cju7f0ec32txj08184asb8w5f,kvasir-seg,segformer,polypseg/runs/segformer_seed2024/best.pth,True
0.9922797922625466,0.9846778745168028,0.9878861577296637,0.9967126828619357,0.7512648192771697,3.605551275463989,cju7fazv92ywx0755xov2erga,kvasir-seg,segformer,polypseg/runs/segformer_seed2024/best.pth,True
0.9255462942051951,0.8614110493672144,0.9843076185794883,0.8734056122356142,0.3908119725628911,12.425275629617085,cju7ff97z2ow40817u2r83my5,kvasir-seg,segformer,polypseg/runs/segformer_seed2024/best.pth,True
0.9323549257681144,0.8732817190571452,0.9857321205460009,0.8844615138280612,0.5472495974345606,8.48528137423857,cju7fnfv02tt90801djnix9m8,kvasir-seg,segformer,polypseg/runs/segformer_seed2024/best.pth,True
0.9619369614972119,0.9266652658056548,0.9624618070641462,0.9614126880244065,0.5882352441195398,5.385164807134504,cju83kxitjv340987z09m0ezy,kvasir-seg,segformer,polypseg/runs/segformer_seed2024/best.pth,True
0.9754173460657265,0.9520143077966837,0.9541836300633342,0.9976176106191111,0.5101841547204151,4.242640687119285,cju83syhdk6gs0801rf1rekdl,kvasir-seg,segformer,polypseg/runs/segformer_seed2024/best.pth,True
0.9761617686629216,0.9534335979895047,0.9645555632288386,0.9880506837775205,0.5277897345038156,55.00909015790027,cju8418jhkf7d0818ga2v0xq0,kvasir-seg,segformer,polypseg/runs/segformer_seed2024/best.pth,True
0.9796934544786411,0.9601952068023191,0.9930935913315145,0.9666501279310368,0.5668531887503896,12.083045973594572,cju8432cmkgq90871cxe4iptl,kvasir-seg,segformer,polypseg/runs/segformer_seed2024/best.pth,True
0.9050494853158362,0.8265665645875291,0.9954001110298291,0.8297358939595582,0.12260632257660492,27.85857029474796,cju85mpuglq8k0818d2it6hzb,kvasir-seg,segformer,polypseg/runs/segformer_seed2024/best.pth,True
0.9785941923910512,0.9580855964407358,0.9872226515040644,0.9701152542346573,0.5365578573797388,9.889367509648551,cju8abobpqbir08189u01huru,kvasir-seg,segformer,polypseg/runs/segformer_seed2024/best.pth,True
0.9490083973523351,0.9029647762756496,0.9923772513190914,0.9092714324780247,0.4743769468151782,8.06225774829855,cju8b5p40r2c60987ofa0mu03,kvasir-seg,segformer,polypseg/runs/segformer_seed2024/best.pth,True
0.9711329057832031,0.9438856692393853,0.970724676844014,0.9715414782189059,0.5198743440447584,15.293538688836751,cju8bh8surexp0987o5pzklk1,kvasir-seg,segformer,polypseg/runs/segformer_seed2024/best.pth,True
0.9802195383628433,0.961206431420737,0.9650073127106739,0.9959190518755704,0.7022365550252012,6.0,cju8c9akjsdjj0850s67uzlxq,kvasir-seg,segformer,polypseg/runs/segformer_seed2024/best.pth,True
0.8743587514091193,0.7767650239396202,0.7851342910619523,0.9864626250638957,0.5051834843305135,36.110071017095414,cjyzkpsbjdsjq07211dfi4sru,kvasir-seg,segformer,polypseg/runs/segformer_seed2024/best.pth,True
0.9588954413216747,0.9210366368378844,0.9464598622444066,0.9716621544582295,0.23880295678179406,11.661903789690601,cjyzl833ndne80838pzuq6ila,kvasir-seg,segformer,polypseg/runs/segformer_seed2024/best.pth,True
0.917083035925628,0.8468636713152875,0.8556618642731909,0.9880039986645784,0.04654777123562784,23.430749027719962,cjyzlw7f9faqr070129au64sq,kvasir-seg,segformer,polypseg/runs/segformer_seed2024/best.pth,True
0.6408957822242585,0.4715574963582442,0.9762536161888108,0.4770290964749851,0.48491398680413444,54.529761457662204,1,cvc-clinicdb,segformer,polypseg/runs/segformer_seed2024/best.pth,True
0.9415915104243603,0.8896295898022168,0.9799253863860962,0.9061439053723243,0.6024956722326356,20.01374141697543,10,cvc-clinicdb,segformer,polypseg/runs/segformer_seed2024/best.pth,True
0.9707554277037822,0.9431727441982543,0.9595180070273556,0.9822591822455682,0.8020832833346927,3.605551275463989,100,cvc-clinicdb,segformer,polypseg/runs/segformer_seed2024/best.pth,True
0.9626684887200281,0.9280239520846942,0.9367746614973793,0.9900344959628206,0.6972700877772658,4.47213595499958,101,cvc-clinicdb,segformer,polypseg/runs/segformer_seed2024/best.pth,True
0.9616196745686149,0.9260765550128459,0.9374016224611041,0.9871222746272201,0.6477057242617252,4.0,102,cvc-clinicdb,segformer,polypseg/runs/segformer_seed2024/best.pth,True
0.9705365450172101,0.9427595902697051,0.95020242914018,0.991759983086924,0.7956574149340037,4.1754601750249405,103,cvc-clinicdb,segformer,polypseg/runs/segformer_seed2024/best.pth,True
0.9249441073106748,0.8603683897744743,0.873692678996556,0.9825831259821866,0.320092078319063,8.619422599190438,104,cvc-clinicdb,segformer,polypseg/runs/segformer_seed2024/best.pth,True
0.9622607110271582,0.9272663387155817,0.9509338778394635,0.9738606310291293,0.5478114619109691,6.0,105,cvc-clinicdb,segformer,polypseg/runs/segformer_seed2024/best.pth,True
0.7897556619823453,0.6525588570618246,0.9537300264586439,0.67389346816739,0.16423012190622324,89.64140983052613,106,cvc-clinicdb,segformer,polypseg/runs/segformer_seed2024/best.pth,True
0.8933936921677111,0.8073274893198142,0.9254354323357444,0.863496490042968,0.3397294975190548,38.0,107,cvc-clinicdb,segformer,polypseg/runs/segformer_seed2024/best.pth,True
0.8726572958476332,0.7740834199160156,0.9737349847452932,0.7905907322209783,0.6254680541681259,58.137767414994535,108,cvc-clinicdb,segformer,polypseg/runs/segformer_seed2024/best.pth,True
0.8523786169664898,0.7427350427310752,0.9630809724945412,0.7645021168924808,0.5173027250515628,64.0488065692351,109,cvc-clinicdb,segformer,polypseg/runs/segformer_seed2024/best.pth,True
0.6729054928771114,0.5070516751184176,0.9668367346836008,0.5160265501757756,0.3618766534756699,45.77097419427689,11,cvc-clinicdb,segformer,polypseg/runs/segformer_seed2024/best.pth,True
0.8743816714378322,0.7768012027262757,0.9724916751075117,0.7942532813022969,0.46673816119396655,58.22799871277784,110,cvc-clinicdb,segformer,polypseg/runs/segformer_seed2024/best.pth,True
0.8616505913654657,0.7569298010169193,0.9774730171255694,0.7703683471173312,0.4328549310993915,64.0,111,cvc-clinicdb,segformer,polypseg/runs/segformer_seed2024/best.pth,True
0.863055174364802,0.7591003141974132,0.9824448301463801,0.7695385332474769,0.5006345906849025,67.02872500805198,112,cvc-clinicdb,segformer,polypseg/runs/segformer_seed2024/best.pth,True
0.8663259118061458,0.7641754546814757,0.9879958504125476,0.7713371128822116,0.4926699173379859,66.04732882876826,113,cvc-clinicdb,segformer,polypseg/runs/segformer_seed2024/best.pth,True
0.9441953991164532,0.8942899077407943,0.9408455882318351,0.9475691487357071,0.24420273459972316,8.546919821403783,114,cvc-clinicdb,segformer,polypseg/runs/segformer_seed2024/best.pth,True
0.4805844675716544,0.31629561322410554,0.9373414015042487,0.3231276495503457,0.22318764115715856,182.67730804988875,115,cvc-clinicdb,segformer,polypseg/runs/segformer_seed2024/best.pth,True
0.5133837917642912,0.3453371414358293,0.9321266968169578,0.3542449525485367,0.26827473183333345,175.80496652883477,116,cvc-clinicdb,segformer,polypseg/runs/segformer_seed2024/best.pth,True
0.5156359330399072,0.3473783450551354,0.9682635940778601,0.351379107978643,0.25850621173504074,174.04410237889172,117,cvc-clinicdb,segformer,polypseg/runs/segformer_seed2024/best.pth,True
0.33839247541503636,0.20365367296922904,0.9981084488966548,0.20373230373099271,0.181479921274689,197.00145407726072,118,cvc-clinicdb,segformer,polypseg/runs/segformer_seed2024/best.pth,True
0.4426666666640434,0.2842465753403025,0.9288734145503886,0.29057102847136634,0.1651649319890816,187.28320640503577,119,cvc-clinicdb,segformer,polypseg/runs/segformer_seed2024/best.pth,True
0.754034488562125,0.6051808670786968,0.9780384327365982,0.6135180619129837,0.4514568277081097,55.54997563166841,12,cvc-clinicdb,segformer,polypseg/runs/segformer_seed2024/best.pth,True
0.5315273236782662,0.3619592875297134,0.9433308213874404,0.37000472924822647,0.17342275440804208,166.3640586184408,120,cvc-clinicdb,segformer,polypseg/runs/segformer_seed2024/best.pth,True
0.49059410271900167,0.32502463625108674,0.972593235022158,0.3280290177246356,0.15389237687974228,183.22117781522965,121,cvc-clinicdb,segformer,polypseg/runs/segformer_seed2024/best.pth,True
0.4781213795540588,0.31416525150603636,0.9609528926928005,0.31822765288381144,0.047027962739761835,162.00308639035245,122,cvc-clinicdb,segformer,polypseg/runs/segformer_seed2024/best.pth,True
0.6782777379467875,0.5131772063013644,0.9635753654329788,0.5233292119442745,0.17063468325123526,133.31841278618876,123,cvc-clinicdb,segformer,polypseg/runs/segformer_seed2024/best.pth,True
0.7293202139970469,0.5739606642293371,0.9910523639960238,0.5769503965870904,0.2735487341349235,120.75204437392861,124,cvc-clinicdb,segformer,polypseg/runs/segformer_seed2024/best.pth,True
0.8321550143973179,0.7125560538052685,0.9121699196221335,0.765045739039335,0.3105589568132309,57.159853382404926,125,cvc-clinicdb,segformer,polypseg/runs/segformer_seed2024/best.pth,True
0.8475789473639601,0.7354767994087004,0.9517730496341397,0.7639468690629606,0.5093544016519627,60.0,126,cvc-clinicdb,segformer,polypseg/runs/segformer_seed2024/best.pth,True
0.937816674334981,0.8829141370185097,0.8878423163982585,0.9937524404335465,0.5819098079960187,6.4031242374328485,127,cvc-clinicdb,segformer,polypseg/runs/segformer_seed2024/best.pth,True
0.9644845158685653,0.9314052089501604,0.9346603859453783,0.9962747003401964,0.7862692564082717,3.605551275463989,128,cvc-clinicdb,segformer,polypseg/runs/segformer_seed2024/best.pth,True
0.9682160573154007,0.9383903133791738,0.9389476184708522,0.9993678887357855,0.7759035644650925,3.0,129,cvc-clinicdb,segformer,polypseg/runs/segformer_seed2024/best.pth,True
0.8259371497329655,0.703486316380005,0.9855359619478349,0.7108252947430451,0.30018055023828355,31.887979601691416,13,cvc-clinicdb,segformer,polypseg/runs/segformer_seed2024/best.pth,True
0.9543317350172044,0.9126524797354406,0.9137101087456434,0.9987333138361225,0.4621301729245118,5.0,130,cvc-clinicdb,segformer,polypseg/runs/segformer_seed2024/best.pth,True
0.9646450659975785,0.9317047075523207,0.9422903516596727,0.9880862329709901,0.6805398314428748,4.4606611916055625,131,cvc-clinicdb,segformer,polypseg/runs/segformer_seed2024/best.pth,True
0.9706206389921903,0.9429183018026593,0.9557042126025004,0.9860100727292295,0.8685145200073375,3.0,132,cvc-clinicdb,segformer,polypseg/runs/segformer_seed2024/best.pth,True
0.9696469392877213,0.9410822137194492,0.9477408142881363,0.9925897035752393,0.8020286971120824,3.5390602331696326,133,cvc-clinicdb,segformer,polypseg/runs/segformer_seed2024/best.pth,True
0.9739106300237724,0.9491479577907879,0.9626886145272608,0.9853973602782169,0.8582429840557666,2.8284271247461903,134,cvc-clinicdb,segformer,polypseg/runs/segformer_seed2024/best.pth,True
0.9618296125193679,0.9264660446089942,0.9771246089613065,0.9470060636625378,0.759346587399756,14.296552209584997,135,cvc-clinicdb,segformer,polypseg/runs/segformer_seed2024/best.pth,True
0.9625420723066029,0.9277890183427908,0.9350959848046192,0.9916480238553941,0.6389285415279495,6.744490320435967,136,cvc-clinicdb,segformer,polypseg/runs/segformer_seed2024/best.pth,True
0.9584967995004811,0.9203013481291015,0.9250697488965717,0.9944301628021042,0.6631318532059075,6.155300367309771,137,cvc-clinicdb,segformer,polypseg/runs/segformer_seed2024/best.pth,True
0.9671887256864746,0.936462207317917,0.9406503209463293,0.9952680509881686,0.5970880644076771,5.656854249492381,138,cvc-clinicdb,segformer,polypseg/runs/segformer_seed2024/best.pth,True
0.9729084046037247,0.9472459992512688,0.9479515828633708,0.9992148395279261,0.5992121317959895,5.0,139,cvc-clinicdb,segformer,polypseg/runs/segformer_seed2024/best.pth,True
0.2998227399330759,0.17634792969838567,0.9324932493039493,0.17862838915393495,0.3188243088138922,145.64675831989763,14,cvc-clinicdb,segformer,polypseg/runs/segformer_seed2024/best.pth,True
0.9803913127682895,0.9615368376569071,0.9625528317795327,0.9989034606737185,0.816058344161546,3.605551275463989,140,cvc-clinicdb,segformer,polypseg/runs/segformer_seed2024/best.pth,True
0.9599645190437883,0.92301131703814,0.9557744565184926,0.9641914813385731,0.38393658257152474,8.06225774829855,141,cvc-clinicdb,segformer,polypseg/runs/segformer_seed2024/best.pth,True
0.9641106408092054,0.9307081226921179,0.9334400731894882,0.996865203757697,0.5933711838083814,10.913833209899497,142,cvc-clinicdb,segformer,polypseg/runs/segformer_seed2024/best.pth,True
0.9164010282682118,0.8457012715724862,0.8620622944309912,0.9780509218398146,0.5023111980835803,6.883281572999738,143,cvc-clinicdb,segformer,polypseg/runs/segformer_seed2024/best.pth,True
0.9711994811750989,0.9440114613126417,0.9454743729498624,0.9983636363575856,0.6525487925853102,5.0,144,cvc-clinicdb,segformer,polypseg/runs/segformer_seed2024/best.pth,True
0.984913936330642,0.9702762864956995,0.9836283185797184,0.9862029191207745,0.8233429983884362,3.0,145,cvc-clinicdb,segformer,polypseg/runs/segformer_seed2024/best.pth,True
0.9703793292996803,0.942462944765527,0.9579299266228545,0.9831565814054756,0.6731314000891399,7.211102550927978,146,cvc-clinicdb,segformer,polypseg/runs/segformer_seed2024/best.pth,True
0.9794473040522051,0.9597224209403368,0.9662201094715771,0.9930416759124062,0.8150078586666293,4.0,147,cvc-clinicdb,segformer,polypseg/runs/segformer_seed2024/best.pth,True
0.9671665196463434,0.936420573154902,0.9404364814548705,0.9954605063956878,0.7189814742804156,4.0,148,cvc-clinicdb,segformer,polypseg/runs/segformer_seed2024/best.pth,True
0.9666032551206584,0.9353651053289489,0.9397862720824107,0.9949956483790796,0.724418029826742,4.47213595499958,149,cvc-clinicdb,segformer,polypseg/runs/segformer_seed2024/best.pth,True
0.38748288503072414,0.24029691308926485,0.9684291864337295,0.2421941860137421,0.20525637195218938,161.27616066858735,15,cvc-clinicdb,segformer,polypseg/runs/segformer_seed2024/best.pth,True
0.9571509971455433,0.9178231887125141,0.9275538376485084,0.9886992348323872,0.6046834989428161,4.123105625617661,150,cvc-clinicdb,segformer,polypseg/runs/segformer_seed2024/best.pth,True
0.9585357268499927,0.920373124227114,0.9266367224591447,0.9927092446632735,0.6597123473254721,4.0,151,cvc-clinicdb,segformer,polypseg/runs/segformer_seed2024/best.pth,True
0.9546654710283599,0.9132631177576453,0.9852442159332377,0.9259277154961059,0.5993883292217307,13.038404810405298,152,cvc-clinicdb,segformer,polypseg/runs/segformer_seed2024/best.pth,True
0.9222205946907702,0.8556673008853538,0.8582333696720524,0.9965178853910016,0.46899153224965645,7.296893050109673,153,cvc-clinicdb,segformer,polypseg/runs/segformer_seed2024/best.pth,True
0.011929959591995831,0.0060007742934185,0.006203722233298621,0.15499999997416666,0.05095631831868122,164.75709392669896,154,cvc-clinicdb,segformer,polypseg/runs/segformer_seed2024/best.pth,True
0.8089108910690864,0.6791354945686146,0.6923728813265944,0.9726190475611536,0.3929132962777152,11.461578825892238,155,cvc-clinicdb,segformer,polypseg/runs/segformer_seed2024/best.pth,True
0.9201659415064234,0.8521364317681384,0.8761078997904411,0.9688898359052016,0.568462737119161,42.04079374156435,156,cvc-clinicdb,segformer,polypseg/runs/segformer_seed2024/best.pth,True
0.9096745766922032,0.8343147442462265,0.8617769826969376,0.9632098107043028,0.4007060508864829,11.180339887498949,157,cvc-clinicdb,segformer,polypseg/runs/segformer_seed2024/best.pth,True
0.9142205165344442,0.8419946503469241,0.856060606043977,0.9808591141557789,0.4491370211234924,6.012414379544731,158,cvc-clinicdb,segformer,polypseg/runs/segformer_seed2024/best.pth,True
0.9303680169200327,0.8698019801549602,0.8923311325092772,0.9717920353444804,0.8014170048690543,3.0,159,cvc-clinicdb,segformer,polypseg/runs/segformer_seed2024/best.pth,True
0.9374918778366634,0.882338551848308,0.962251567280749,0.9139744076914484,0.7004333401034053,9.899494936611665,16,cvc-clinicdb,segformer,polypseg/runs/segformer_seed2024/best.pth,True
0.9399907855278737,0.8867760512779878,0.8921075644852196,0.9933057448759334,0.5032581816139119,10.0,160,cvc-clinicdb,segformer,polypseg/runs/segformer_seed2024/best.pth,True
0.9276785714147667,0.8651124063040491,0.8763002529975739,0.98545684473647,0.6553936507904131,6.0,161,cvc-clinicdb,segformer,polypseg/runs/segformer_seed2024/best.pth,True
0.9473195205709624,0.8999117387308048,0.9010250971915691,0.998628795279165,0.6449244838874171,5.0,162,cvc-clinicdb,segformer,polypseg/runs/segformer_seed2024/best.pth,True
0.9251639565095214,0.8607489133924984,0.8626235550198924,0.9974815962611879,0.50893840508691,7.0710678118654755,163,cvc-clinicdb,segformer,polypseg/runs/segformer_seed2024/best.pth,True
0.9193893129630628,0.8508053122110538,0.8889873043729263,0.9519443565933625,0.5464845225856749,5.385164807134504,164,cvc-clinicdb,segformer,polypseg/runs/segformer_seed2024/best.pth,True
0.9234496758501509,0.8577858880674234,0.8898283694991188,0.9597114468359914,0.2549793381977995,6.324555320336759,165,cvc-clinicdb,segformer,polypseg/runs/segformer_seed2024/best.pth,True
0.8239198919845638,0.7005644312570499,0.7011681348075338,0.998772504078031,0.4852026854736692,34.42670885843455,166,cvc-clinicdb,segformer,polypseg/runs/segformer_seed2024/best.pth,True
0.959954878723069,0.9229934923827822,0.948453608220996,0.971738509820961,0.8678679061426171,4.0,167,cvc-clinicdb,segformer,polypseg/runs/segformer_seed2024/best.pth,True
0.9524750518629337,0.9092624033029757,0.9330236159323844,0.9727547931186125,0.7140774854377596,3.184441340933165,168,cvc-clinicdb,segformer,polypseg/runs/segformer_seed2024/best.pth,True
0.958532110084708,0.9203664552372042,0.9313935244482757,0.9872996673573133,0.7612697280885641,5.0,169,cvc-clinicdb,segformer,polypseg/runs/segformer_seed2024/best.pth,True
0.9177841746790781,0.848060205002932,0.9651506201937008,0.874849417742773,0.6546255290328621,24.0,17,cvc-clinicdb,segformer,polypseg/runs/segformer_seed2024/best.pth,True
0.9559398805748821,0.9155985012637429,0.9199524469799891,0.9948575101565276,0.7576938817950322,4.236663934044202,170,cvc-clinicdb,segformer,polypseg/runs/segformer_seed2024/best.pth,True
0.9597471413873779,0.9226094727270311,0.9294202376498124,0.9921199307900803,0.7787084644780008,3.8224980739587995,171,cvc-clinicdb,segformer,polypseg/runs/segformer_seed2024/best.pth,True
0.9091208429221416,0.8333836401800971,0.9324552515726966,0.8869257950245125,0.5592856643494941,6.535562057026188,172,cvc-clinicdb,segformer,polypseg/runs/segformer_seed2024/best.pth,True
0.9513304839333088,0.9071785432473732,0.9523371365389001,0.9503259572036513,0.6321850838876049,12.25,173,cvc-clinicdb,segformer,polypseg/runs/segformer_seed2024/best.pth,True
0.9007501192347016,0.819422530760339,0.9036888811475231,0.8978304088434796,0.4834368714470693,15.288842911260504,174,cvc-clinicdb,segformer,polypseg/runs/segformer_seed2024/best.pth,True
0.9596337070297288,0.922399844664278,0.981745539705299,0.9384959831361879,0.7063418658702689,10.0,175,cvc-clinicdb,segformer,polypseg/runs/segformer_seed2024/best.pth,True
0.8688484848454758,0.7681097299567197,0.7793240556611623,0.9816104546444823,0.535635364645362,37.00472886632522,176,cvc-clinicdb,segformer,polypseg/runs/segformer_seed2024/best.pth,True
0.9014723790495878,0.8206187644782765,0.825778318620568,0.9924436319196532,0.5951865060510497,27.417967358597064,177,cvc-clinicdb,segformer,polypseg/runs/segformer_seed2024/best.pth,True
0.7093023255126645,0.5495495494670346,0.6019736841115175,0.8632075469662246,0.31238269151943426,153.5670840744678,178,cvc-clinicdb,segformer,polypseg/runs/segformer_seed2024/best.pth,True
0.9150567310500605,0.8434143583707345,0.8467650397035538,0.9953302201135648,0.3872016854878523,4.47213595499958,179,cvc-clinicdb,segformer,polypseg/runs/segformer_seed2024/best.pth,True
0.9477207663468499,0.9006361962087674,0.97384141925259,0.9229647422070604,0.7492879603320145,13.0,18,cvc-clinicdb,segformer,polypseg/runs/segformer_seed2024/best.pth,True
0.9110722453799129,0.8366691376121407,0.8379114080465748,0.9982311320460427,0.5111071164474497,6.83951216287465,180,cvc-clinicdb,segformer,polypseg/runs/segformer_seed2024/best.pth,True
0.9153272100901934,0.843874040729191,0.8494938731792889,0.9922215307718663,0.5095139219544021,5.656854249492381,181,cvc-clinicdb,segformer,polypseg/runs/segformer_seed2024/best.pth,True
0.934110629054581,0.8763673365332901,0.8908714765738074,0.9817611854949627,0.69181851721667,6.324555320336759,182,cvc-clinicdb,segformer,polypseg/runs/segformer_seed2024/best.pth,True
0.9089128305455588,0.8330341112892272,0.8371134020402806,0.9941842668811086,0.40909085911674176,6.324555320336759,183,cvc-clinicdb,segformer,polypseg/runs/segformer_seed2024/best.pth,True
0.944998488955198,0.8957318819565817,0.9045415099535857,0.989243910123719,0.7573968577179808,5.0,184,cvc-clinicdb,segformer,polypseg/runs/segformer_seed2024/best.pth,True
0.9331550802049927,0.8746867167763214,0.8757841906994841,0.9985693848150712,0.5017698615420598,6.324555320336759,185,cvc-clinicdb,segformer,polypseg/runs/segformer_seed2024/best.pth,True
0.9533745947482855,0.9109033566015892,0.9168934240258855,0.992879066900026,0.5298112870890402,4.123105625617661,186,cvc-clinicdb,segformer,polypseg/runs/segformer_seed2024/best.pth,True
0.9504928725825406,0.9056564245746811,0.915501905965583,0.9882648784501389,0.5062226400886327,7.211102550927978,187,cvc-clinicdb,segformer,polypseg/runs/segformer_seed2024/best.pth,True
0.9703621581634502,0.9424305505639047,0.9493130874840975,0.9923658352154772,0.6947690343669949,3.605551275463989,188,cvc-clinicdb,segformer,polypseg/runs/segformer_seed2024/best.pth,True
0.9646902065197992,0.9317889317718002,0.9465819947525853,0.9835047544928488,0.8085463333880101,3.605551275463989,189,cvc-clinicdb,segformer,polypseg/runs/segformer_seed2024/best.pth,True
0.5882750084370868,0.41670652000416225,0.9151592951229413,0.4334512491685084,0.29720543166135055,71.69379331573968,19,cvc-clinicdb,segformer,polypseg/runs/segformer_seed2024/best.pth,True
0.9520991828550001,0.9085775745924018,0.9093110871660574,0.9991129508870753,0.7684252632483534,3.2287687024627107,190,cvc-clinicdb,segformer,polypseg/runs/segformer_seed2024/best.pth,True
0.8687285223069166,0.7679222356763109,0.769324406526517,0.9976322019733518,0.452254338350517,5.385164807134504,191,cvc-clinicdb,segformer,polypseg/runs/segformer_seed2024/best.pth,True
0.92945205476269,0.8682021752483555,0.9175118322570985,0.941707147748667,0.8082328817398137,2.8284271247461903,192,cvc-clinicdb,segformer,polypseg/runs/segformer_seed2024/best.pth,True
0.9112608277014195,0.8369872701259906,0.8372833391992471,0.9995777026604908,0.6236688027132438,6.078624403783308,193,cvc-clinicdb,segformer,polypseg/runs/segformer_seed2024/best.pth,True
0.9531361187256975,0.9104680520312591,0.9290527150033878,0.9785013566900751,0.7695256816000322,5.656854249492381,194,cvc-clinicdb,segformer,polypseg/runs/segformer_seed2024/best.pth,True
0.9540979979985167,0.9122250422818904,0.9192242114041086,0.9917222349737476,0.7227007682628708,3.605551275463989,195,cvc-clinicdb,segformer,polypseg/runs/segformer_seed2024/best.pth,True
0.9334335408961408,0.8751761626560263,0.8812081897246866,0.992239214768495,0.5861614682532476,6.264107122827124,196,cvc-clinicdb,segformer,polypseg/runs/segformer_seed2024/best.pth,True
0.9321628092484819,0.8729446935561856,0.8796836753741352,0.991300657734112,0.5384614885088804,6.324555320336759,197,cvc-clinicdb,segformer,polypseg/runs/segformer_seed2024/best.pth,True
0.9509922157553886,0.9065635451315518,0.9310863031144035,0.9717678691245403,0.6941406097400289,5.084166586553863,198,cvc-clinicdb,segformer,polypseg/runs/segformer_seed2024/best.pth,True
0.9393082444970707,0.8855619359949639,0.8951077943429704,0.9881006864762448,0.5724952829542853,5.0,199,cvc-clinicdb,segformer,polypseg/runs/segformer_seed2024/best.pth,True
0.6367774237576019,0.46711185308625275,0.9576569528558805,0.47696278978922185,0.45655780618391273,68.14799527361619,2,cvc-clinicdb,segformer,polypseg/runs/segformer_seed2024/best.pth,True
0.45260115606749546,0.29249159506754635,0.8935441799658699,0.3030520844835616,0.1916227332298032,94.91838566659274,20,cvc-clinicdb,segformer,polypseg/runs/segformer_seed2024/best.pth,True
0.6710488381440867,0.5049461992319946,0.5049461992319946,0.999999999982815,0.027181098328392637,41.88078318274385,200,cvc-clinicdb,segformer,polypseg/runs/segformer_seed2024/best.pth,True
0.49822154471333746,0.33175435628302175,0.33190409026611056,0.9986419962485378,0.08464932738813766,59.71979922116707,201,cvc-clinicdb,segformer,polypseg/runs/segformer_seed2024/best.pth,True
0.5898821748968226,0.4183211958572762,0.4183211958572762,0.999999999981675,0.08595784394411585,58.74127994702348,202,cvc-clinicdb,segformer,polypseg/runs/segformer_seed2024/best.pth,True
0.5231236578823489,0.3542095184030484,0.3542095184030484,0.999999999979976,0.0,47.415714474768464,203,cvc-clinicdb,segformer,polypseg/runs/segformer_seed2024/best.pth,True
0.16103420661214726,0.087567809684747,0.087567809684747,0.9999999999715828,0.0,128.85301513957697,204,cvc-clinicdb,segformer,polypseg/runs/segformer_seed2024/best.pth,True
0.13045445730141905,0.06977869986152656,0.06977869986152656,0.9999999999669641,0.0046701448635720335,181.57092278225608,205,cvc-clinicdb,segformer,polypseg/runs/segformer_seed2024/best.pth,True
0.75545795116422,0.6070168154389971,0.855220824790067,0.6765386395109145,0.33022490727844994,135.14806694880988,206,cvc-clinicdb,segformer,polypseg/runs/segformer_seed2024/best.pth,True
0.6967269714079772,0.5345978594835795,0.8758680555403495,0.5784223801813985,0.29373098050220325,162.37849258868295,207,cvc-clinicdb,segformer,polypseg/runs/segformer_seed2024/best.pth,True
0.6460402342673028,0.47714876809333934,0.6856756756571439,0.6107366393690242,0.24542189029987624,86.57591830643484,208,cvc-clinicdb,segformer,polypseg/runs/segformer_seed2024/best.pth,True
0.6543344214607484,0.48625336925913065,0.6721311475159415,0.6374558303661677,0.34550818914458387,57.77113282979017,209,cvc-clinicdb,segformer,polypseg/runs/segformer_seed2024/best.pth,True
0.5483493662412614,0.37774196730891657,0.9555740432532813,0.38449435945373917,0.29899095894275834,110.0976613964139,21,cvc-clinicdb,segformer,polypseg/runs/segformer_seed2024/best.pth,True
0.734831847735575,0.5808175351397814,0.928353824388378,0.6080744013661342,0.2844479155666707,171.14671751594634,210,cvc-clinicdb,segformer,polypseg/runs/segformer_seed2024/best.pth,True
0.7495410581671109,0.5994127700574109,0.9258782914714284,0.6296262198461166,0.26631385582644773,177.63936082966597,211,cvc-clinicdb,segformer,polypseg/runs/segformer_seed2024/best.pth,True
0.7872865665473933,0.6491942323966684,0.9475899636765632,0.6733724340136459,0.3494015756821539,178.81986775397348,212,cvc-clinicdb,segformer,polypseg/runs/segformer_seed2024/best.pth,True
0.8591324433545326,0.7530518668447981,0.9547753869312587,0.7809065085786038,0.491928368414909,122.07292417137215,213,cvc-clinicdb,segformer,polypseg/runs/segformer_seed2024/best.pth,True
0.8834946536214285,0.791303558453238,0.9559162188731668,0.821273789327103,0.48056787140839624,105.93062470961878,214,cvc-clinicdb,segformer,polypseg/runs/segformer_seed2024/best.pth,True
0.9627170827874983,0.928114275105017,0.9487057931075309,0.9771484374904574,0.6888068038791474,4.0,215,cvc-clinicdb,segformer,polypseg/runs/segformer_seed2024/best.pth,True
0.9156334794367955,0.8443948259867231,0.9397600685437895,0.892714692707426,0.5297189060975961,60.40420153255574,216,cvc-clinicdb,segformer,polypseg/runs/segformer_seed2024/best.pth,True
0.9635400709022474,0.9296452702624185,0.9346976902094539,0.9942191310541575,0.6165481721471868,4.0,217,cvc-clinicdb,segformer,polypseg/runs/segformer_seed2024/best.pth,True
0.96463202734732,0.9316803811072792,0.9330947733579148,0.9983756816220166,0.7242750750258924,4.104639781775007,218,cvc-clinicdb,segformer,polypseg/runs/segformer_seed2024/best.pth,True
0.9117520447631529,0.8378164556851554,0.923680767539996,0.9001274967998282,0.5602903035243724,48.21662179013504,219,cvc-clinicdb,segformer,polypseg/runs/segformer_seed2024/best.pth,True
0.40677866799407264,0.2553183665209419,0.945912806533066,0.2591010019960459,0.14509661898914664,197.80292906653227,22,cvc-clinicdb,segformer,polypseg/runs/segformer_seed2024/best.pth,True
0.9475199078869085,0.9002734730920643,0.9004376367450686,0.9997975298441021,0.6759622527200212,4.242640687119285,220,cvc-clinicdb,segformer,polypseg/runs/segformer_seed2024/best.pth,True
0.8855917468310467,0.7946744331018375,0.835520559911734,0.9420468557104305,0.3873345372116985,27.693643758306358,221,cvc-clinicdb,segformer,polypseg/runs/segformer_seed2024/best.pth,True
0.8891752577205003,0.8004640371043976,0.8004640371043976,0.9999999999710145,0.3074736829191,6.0,222,cvc-clinicdb,segformer,polypseg/runs/segformer_seed2024/best.pth,True
0.8691003911229583,0.7685035738812889,0.7711707542625829,0.995519713231914,0.4970582929392951,16.34613997501607,223,cvc-clinicdb,segformer,polypseg/runs/segformer_seed2024/best.pth,True
0.90734714846879,0.8304075234849403,0.838556505196627,0.9884328357840138,0.5411473390247025,5.656854249492381,224,cvc-clinicdb,segformer,polypseg/runs/segformer_seed2024/best.pth,True
0.937174982418311,0.8817773075672632,0.8838812300932163,0.9973078073288272,0.7254180778677315,3.1622776601683795,225,cvc-clinicdb,segformer,polypseg/runs/segformer_seed2024/best.pth,True
0.9464334767791737,0.8983139231549051,0.9076220582910499,0.9887124545439313,0.6551140152456091,4.123105625617661,226,cvc-clinicdb,segformer,polypseg/runs/segformer_seed2024/best.pth,True
0.895997574273863,0.8115902224440651,0.8228905597097497,0.9833610648591228,0.5403508271985273,8.824590584964366,227,cvc-clinicdb,segformer,polypseg/runs/segformer_seed2024/best.pth,True
0.8928900632895416,0.8065053285878495,0.9280786918634635,0.8602723504930695,0.30030359425970965,25.179356624028344,228,cvc-clinicdb,segformer,polypseg/runs/segformer_seed2024/best.pth,True
0.8753236664883782,0.7782893979420019,0.9654433813941818,0.8005920663019467,0.3243256166505628,37.0,229,cvc-clinicdb,segformer,polypseg/runs/segformer_seed2024/best.pth,True
0.9102881964398709,0.8353476519809415,0.9763849885074615,0.8525729147283947,0.4685613481275186,30.199999999999932,23,cvc-clinicdb,segformer,polypseg/runs/segformer_seed2024/best.pth,True
0.8380109059962029,0.7211865501325131,0.9438778385025983,0.7534973685360375,0.20570871758354392,53.57769187373295,230,cvc-clinicdb,segformer,polypseg/runs/segformer_seed2024/best.pth,True
0.8580863627435197,0.751445936669192,0.9279704618308336,0.7979908390547679,0.29090474693688223,57.229157006100486,231,cvc-clinicdb,segformer,polypseg/runs/segformer_seed2024/best.pth,True
0.8831326766360114,0.7907229965113746,0.9669129884763537,0.8127133344479172,0.41682698733244367,31.67247091308248,232,cvc-clinicdb,segformer,polypseg/runs/segformer_seed2024/best.pth,True
0.9125400058163732,0.8391481164338658,0.9773152187400141,0.8558175070898504,0.4237837201783606,25.2575027747145,233,cvc-clinicdb,segformer,polypseg/runs/segformer_seed2024/best.pth,True
0.9152698350065231,0.8437765119328337,0.976917140244321,0.8609410746252337,0.45174608884833317,22.39971362273412,234,cvc-clinicdb,segformer,polypseg/runs/segformer_seed2024/best.pth,True
0.9226875779685522,0.8564716781309126,0.9393961387651372,0.9065630034257437,0.4272910571547343,13.45362404707371,235,cvc-clinicdb,segformer,polypseg/runs/segformer_seed2024/best.pth,True
0.9359381286560152,0.8795899504169431,0.9703374119301971,0.9038943096373033,0.45867264398410373,9.866580798981548,236,cvc-clinicdb,segformer,polypseg/runs/segformer_seed2024/best.pth,True
0.93063744190563,0.870273075171108,0.8917912927823742,0.9730219740302195,0.32559545423635994,11.54003543794355,237,cvc-clinicdb,segformer,polypseg/runs/segformer_seed2024/best.pth,True
0.9294298435677945,0.868163415525446,0.9670383732291977,0.8946370325351237,0.4851304260070697,29.415131239560193,238,cvc-clinicdb,segformer,polypseg/runs/segformer_seed2024/best.pth,True
0.9395825991583868,0.8860497747515984,0.9797484892946288,0.9025803054171174,0.6246344441959073,16.0,239,cvc-clinicdb,segformer,polypseg/runs/segformer_seed2024/best.pth,True
0.9059637315364882,0.8280929596683694,0.9643781094479383,0.8542217521555868,0.536330974835606,23.0,24,cvc-clinicdb,segformer,polypseg/runs/segformer_seed2024/best.pth,True
0.9427037822954158,0.8916174734286374,0.994556628612866,0.8959898758135253,0.6022724355962035,19.62434929292798,240,cvc-clinicdb,segformer,polypseg/runs/segformer_seed2024/best.pth,True
0.8782773009964637,0.7829718537180952,0.9715206409948483,0.8013649425229786,0.3536692697035079,43.64858809745592,241,cvc-clinicdb,segformer,polypseg/runs/segformer_seed2024/best.pth,True
0.8796215610569749,0.7851111111052954,0.968475877184133,0.805701254269816,0.39244047790154,34.81951440292553,242,cvc-clinicdb,segformer,polypseg/runs/segformer_seed2024/best.pth,True
0.8851115495478064,0.7939014429549514,0.9081283089285982,0.8632326820518725,0.4218739178432618,40.0,243,cvc-clinicdb,segformer,polypseg/runs/segformer_seed2024/best.pth,True
0.9033586132128745,0.8237502469786232,0.9217333628021033,0.8857021457309783,0.4563723044629307,33.0,244,cvc-clinicdb,segformer,polypseg/runs/segformer_seed2024/best.pth,True
0.9003617231114741,0.818779904296426,0.932307273209857,0.8705328754817432,0.5731707871469532,31.978049716414137,245,cvc-clinicdb,segformer,polypseg/runs/segformer_seed2024/best.pth,True
0.7835023542159385,0.6440640119043984,0.8840416836852876,0.70349593495363,0.32116218857905426,56.7593492022561,246,cvc-clinicdb,segformer,polypseg/runs/segformer_seed2024/best.pth,True
0.9081921880369574,0.8318242259176102,0.9432079264722629,0.8756832422285316,0.44283397404155894,30.87363948215793,247,cvc-clinicdb,segformer,polypseg/runs/segformer_seed2024/best.pth,True
0.9007586552127671,0.8194366591870835,0.928248273665146,0.8748503889820851,0.3685021075796386,33.482567944916305,248,cvc-clinicdb,segformer,polypseg/runs/segformer_seed2024/best.pth,True
0.9227701232735552,0.8566139346949123,0.893766461800757,0.9537193179599613,0.46801899368706257,11.704699910719626,249,cvc-clinicdb,segformer,polypseg/runs/segformer_seed2024/best.pth,True
0.12040578746027975,0.06405945850279388,0.9647616227135102,0.06420969649179305,0.14306519310297175,242.40213980561782,25,cvc-clinicdb,segformer,polypseg/runs/segformer_seed2024/best.pth,True
0.8821267185805108,0.7891115506941677,0.8634481460487159,0.9016312892993157,0.3724147996219157,23.23034583884319,250,cvc-clinicdb,segformer,polypseg/runs/segformer_seed2024/best.pth,True
0.8454504763677636,0.7322773593184284,0.863505747115158,0.8281347864107712,0.35608773477183947,34.303350965244945,251,cvc-clinicdb,segformer,polypseg/runs/segformer_seed2024/best.pth,True
0.8802286963430436,0.7860789908335629,0.8414242083198727,0.9227853679953919,0.43723191530933286,25.860874088642564,252,cvc-clinicdb,segformer,polypseg/runs/segformer_seed2024/best.pth,True
0.9629478578254798,0.9285433380488888,0.9692926638984798,0.9566855753607914,0.6543569055364397,12.041594578792296,253,cvc-clinicdb,segformer,polypseg/runs/segformer_seed2024/best.pth,True
0.9193069199555021,0.8506642051577209,0.9353514849259285,0.9038035135557573,0.23442521682911838,30.940158036278135,254,cvc-clinicdb,segformer,polypseg/runs/segformer_seed2024/best.pth,True
0.9379839487845372,0.8832107082666287,0.9337425612626693,0.9422640438767624,0.4886045630228647,13.003840481040527,255,cvc-clinicdb,segformer,polypseg/runs/segformer_seed2024/best.pth,True
0.8537715568698854,0.744852879883534,0.922092663291084,0.7948763565166568,0.4442814937142362,37.0,256,cvc-clinicdb,segformer,polypseg/runs/segformer_seed2024/best.pth,True
0.937791369856156,0.8828692812721363,0.9386315278624113,0.9369527145324106,0.38356142279339417,22.656115212670358,257,cvc-clinicdb,segformer,polypseg/runs/segformer_seed2024/best.pth,True
0.9437231307633699,0.8934429582325297,0.9683454513168631,0.9203219146297547,0.4392955692058223,15.811388300841896,258,cvc-clinicdb,segformer,polypseg/runs/segformer_seed2024/best.pth,True
0.8420043939586733,0.7271222702106037,0.9734125911863095,0.7418557719997452,0.40605576643324426,50.413721786833904,259,cvc-clinicdb,segformer,polypseg/runs/segformer_seed2024/best.pth,True
0.879488740082791,0.7848995110926181,0.7904814003943937,0.9910836762008859,0.5779848189814826,7.211102550927978,26,cvc-clinicdb,segformer,polypseg/runs/segformer_seed2024/best.pth,True
0.8073606368061141,0.676952867498859,0.9819518317039266,0.6854818523125344,0.4854586116172197,67.06042010726826,260,cvc-clinicdb,segformer,polypseg/runs/segformer_seed2024/best.pth,True
0.8623248145072591,0.7579710144893208,0.9636112390547926,0.7803058560202335,0.3751584963790743,28.178005607210743,261,cvc-clinicdb,segformer,polypseg/runs/segformer_seed2024/best.pth,True
0.8298136645931495,0.70912951167272,0.9665877400599264,0.726948951320888,0.5052097949942952,44.58189029197558,262,cvc-clinicdb,segformer,polypseg/runs/segformer_seed2024/best.pth,True
0.7455359610771987,0.5943063634708768,0.9948362348628675,0.5961453452338772,0.34879916935193916,155.19277520281534,263,cvc-clinicdb,segformer,polypseg/runs/segformer_seed2024/best.pth,True
0.8022010504995516,0.6697292987559522,0.9470124013477907,0.6958030924554441,0.31478415124042447,62.65521600877216,264,cvc-clinicdb,segformer,polypseg/runs/segformer_seed2024/best.pth,True
0.8799948743120262,0.7857061134175443,0.9695971385496536,0.8055522971620506,0.4917866470850095,44.806073130842094,265,cvc-clinicdb,segformer,polypseg/runs/segformer_seed2024/best.pth,True
0.9291323464452333,0.867644422129065,0.9531237690027845,0.906319062063504,0.5292375435688331,27.554436445073573,266,cvc-clinicdb,segformer,polypseg/runs/segformer_seed2024/best.pth,True
0.9599127635243537,0.922915626555552,0.9530831099146572,0.9668410041790437,0.5599210506874819,5.439502695606061,267,cvc-clinicdb,segformer,polypseg/runs/segformer_seed2024/best.pth,True
0.8927686365544578,0.8063072145791575,0.9981528630572705,0.8075121163133784,0.3552334424253205,22.848613393409238,268,cvc-clinicdb,segformer,polypseg/runs/segformer_seed2024/best.pth,True
0.8816432228801081,0.7883380696727273,0.9423754403564268,0.8282649563152258,0.3631524270416787,22.225838082706346,269,cvc-clinicdb,segformer,polypseg/runs/segformer_seed2024/best.pth,True
0.9390360676368007,0.8850782189599832,0.8953134509497679,0.9872483220813927,0.7694831329425232,4.0,27,cvc-clinicdb,segformer,polypseg/runs/segformer_seed2024/best.pth,True
0.7207617470486424,0.5634304207099481,0.7036238717468066,0.7387553040983557,0.36172268285285675,59.61210133083388,270,cvc-clinicdb,segformer,polypseg/runs/segformer_seed2024/best.pth,True
0.9095381155661386,0.8340851968781527,0.942437923247133,0.8788578413035043,0.3648498078533026,45.305086126746346,271,cvc-clinicdb,segformer,polypseg/runs/segformer_seed2024/best.pth,True
0.9029457638078588,0.8230639233862951,0.9368568898630977,0.8714038226665775,0.4019703936375125,43.88163561130119,272,cvc-clinicdb,segformer,polypseg/runs/segformer_seed2024/best.pth,True
0.905150156269695,0.8267345165668775,0.9522856428001276,0.8624607516237903,0.4136983516648654,46.06722551616366,273,cvc-clinicdb,segformer,polypseg/runs/segformer_seed2024/best.pth,True
0.9427490931528243,0.8916985429354638,0.9461519395186945,0.9393706358210361,0.45795315479926546,19.08530427851721,274,cvc-clinicdb,segformer,polypseg/runs/segformer_seed2024/best.pth,True
0.8085700139514593,0.6786550812214633,0.9727095516516531,0.6918277747797433,0.3773339472421098,61.65179536156743,275,cvc-clinicdb,segformer,polypseg/runs/segformer_seed2024/best.pth,True
0.9064744733141145,0.828946788340039,0.9675809190502362,0.8526277603915448,0.5402437101022453,54.12207494241805,276,cvc-clinicdb,segformer,polypseg/runs/segformer_seed2024/best.pth,True
0.8942738935406798,0.8087661929266208,0.9483114584799563,0.8460627590234454,0.3962282921372406,43.72786867181374,277,cvc-clinicdb,segformer,polypseg/runs/segformer_seed2024/best.pth,True
0.42095588234907205,0.2665890570399698,0.2692533803613256,0.9642105262751912,0.44459634536718556,101.43518257829955,278,cvc-clinicdb,segformer,polypseg/runs/segformer_seed2024/best.pth,True
0.7420584497989262,0.5898989898857486,0.6051116739441604,0.9591240875562363,0.449443609490265,81.99082336070343,279,cvc-clinicdb,segformer,polypseg/runs/segformer_seed2024/best.pth,True
0.9157841653944052,0.8446511627710547,0.8547893621827539,0.9861525929680655,0.7002187683924784,10.0,28,cvc-clinicdb,segformer,polypseg/runs/segformer_seed2024/best.pth,True
0.9657513113087666,0.9337708830270355,0.9490600363569115,0.9830402009741508,0.9694505721081287,2.0,280,cvc-clinicdb,segformer,polypseg/runs/segformer_seed2024/best.pth,True
0.960386732899686,0.9237923017069545,0.9422924900937473,0.9791894851867692,0.8057420534028774,3.0,281,cvc-clinicdb,segformer,polypseg/runs/segformer_seed2024/best.pth,True
0.9713592232891824,0.9443133553340182,0.9661999034049686,0.9765739384827581,0.935975286753319,2.23606797749979,282,cvc-clinicdb,segformer,polypseg/runs/segformer_seed2024/best.pth,True
0.9667860229538612,0.9357074569566036,0.97122302155864,0.9623893805073159,0.9274254263475561,2.8284271247461903,283,cvc-clinicdb,segformer,polypseg/runs/segformer_seed2024/best.pth,True
0.8582308142815139,0.751667521786771,0.7836319871413846,0.9485270313710416,0.4634785442693583,13.038404810405298,284,cvc-clinicdb,segformer,polypseg/runs/segformer_seed2024/best.pth,True
0.8861669551206741,0.7956012431079226,0.8081593006117495,0.9808429118484868,0.4806351173943954,42.74792629109652,285,cvc-clinicdb,segformer,polypseg/runs/segformer_seed2024/best.pth,True
0.8277019467349775,0.7060507730348149,0.7097083652972044,0.9927536231617619,0.49955582155012435,17.0,286,cvc-clinicdb,segformer,polypseg/runs/segformer_seed2024/best.pth,True
0.9265964912150654,0.8632322175506477,0.912382531760299,0.9412603364430778,0.630387656667338,6.0,287,cvc-clinicdb,segformer,polypseg/runs/segformer_seed2024/best.pth,True
0.9234608984896914,0.857805255001087,0.9503424657263031,0.898058252402965,0.5561924706762311,5.0,288,cvc-clinicdb,segformer,polypseg/runs/segformer_seed2024/best.pth,True
0.9375845991737467,0.8825028312320923,0.9151497357335541,0.9611470860018149,0.6914792623032092,3.1622776601683795,289,cvc-clinicdb,segformer,polypseg/runs/segformer_seed2024/best.pth,True
0.9554211469427035,0.9146472227983135,0.9486209964201819,0.9623194945631246,0.7748925335983783,3.0,29,cvc-clinicdb,segformer,polypseg/runs/segformer_seed2024/best.pth,True
0.9572025051942276,0.9179179178719761,0.9434156378115527,0.9713983050332945,0.8944693325696823,2.8284271247461903,290,cvc-clinicdb,segformer,polypseg/runs/segformer_seed2024/best.pth,True
0.8536651338692545,0.7446908918950123,0.7712609970297526,0.9557843730493165,0.48329514485874137,26.13667162991034,291,cvc-clinicdb,segformer,polypseg/runs/segformer_seed2024/best.pth,True
0.8794701986588558,0.7848699763328312,0.8080667593599421,0.9647156496071102,0.554081117637402,28.618170709351446,292,cvc-clinicdb,segformer,polypseg/runs/segformer_seed2024/best.pth,True
0.9513255715955768,0.9071696093925317,0.9710767468221342,0.9323618366529458,0.7948283935638277,3.605551275463989,293,cvc-clinicdb,segformer,polypseg/runs/segformer_seed2024/best.pth,True
0.9699536730513574,0.9416602415589397,0.9739500265557164,0.9659899815194836,0.9357107303042843,2.23606797749979,294,cvc-clinicdb,segformer,polypseg/runs/segformer_seed2024/best.pth,True
0.9456860354741204,0.8969681397508488,0.9155520587223827,0.9778711484319924,0.7172054498150344,5.385164807134504,295,cvc-clinicdb,segformer,polypseg/runs/segformer_seed2024/best.pth,True
0.9357557594879986,0.8792678633974211,0.9607692307322782,0.9120116830627233,0.7062699278708537,5.0,296,cvc-clinicdb,segformer,polypseg/runs/segformer_seed2024/best.pth,True
0.9362433407641134,0.8801292406823868,0.9116465863148713,0.9622041681044788,0.7315119028097918,3.0,297,cvc-clinicdb,segformer,polypseg/runs/segformer_seed2024/best.pth,True
0.9411037254526116,0.8887591240746167,0.988151274127769,0.8983325955304954,0.636363586547295,10.31936511465108,298,cvc-clinicdb,segformer,polypseg/runs/segformer_seed2024/best.pth,True
0.9236560758782766,0.8581421376368735,0.9160692950741915,0.9313695717907268,0.5741324421260082,6.0,299,cvc-clinicdb,segformer,polypseg/runs/segformer_seed2024/best.pth,True
0.6408961712066849,0.47155791752548193,0.9671006155922182,0.47924584916743723,0.49077821777423547,67.9933812792288,3,cvc-clinicdb,segformer,polypseg/runs/segformer_seed2024/best.pth,True
0.9568441984148071,0.9172591447612852,0.929518638394805,0.9858250276745755,0.6908468844334527,7.249056587021872,30,cvc-clinicdb,segformer,polypseg/runs/segformer_seed2024/best.pth,True
0.9335781675366708,0.8754304714300506,0.9911266469347791,0.8823459006477277,0.6728971465073404,26.44314314939284,300,cvc-clinicdb,segformer,polypseg/runs/segformer_seed2024/best.pth,True
0.8702617118294657,0.7703215168875462,0.9837860602024893,0.7802271208954538,0.45828940231476006,26.47262223850449,301,cvc-clinicdb,segformer,polypseg/runs/segformer_seed2024/best.pth,True
0.9456081471997129,0.8968280100878407,0.9727380952265149,0.9199504615973885,0.7640184824973931,25.848294603286075,302,cvc-clinicdb,segformer,polypseg/runs/segformer_seed2024/best.pth,True
0.8926753246706873,0.8061550009306985,0.9735977337000158,0.8241726618625979,0.5103378804010836,45.12205669071391,303,cvc-clinicdb,segformer,polypseg/runs/segformer_seed2024/best.pth,True
0.9128612638060585,0.8396915990703945,0.97026495428705,0.8618705035882643,0.5479564775688109,31.058009237418897,304,cvc-clinicdb,segformer,polypseg/runs/segformer_seed2024/best.pth,True
0.9014489463893562,0.820579929741576,0.9829222011304106,0.8324482951311315,0.5099786963058331,31.967074574621215,305,cvc-clinicdb,segformer,polypseg/runs/segformer_seed2024/best.pth,True
0.9180873810272321,0.8485781244504929,0.8945427728580585,0.942904893307385,0.4684841157722077,65.49627256664697,306,cvc-clinicdb,segformer,polypseg/runs/segformer_seed2024/best.pth,True
0.8780464493889035,0.7826049919006507,0.9279797979704244,0.8332124070303535,0.1511252570280768,16.01404879384663,307,cvc-clinicdb,segformer,polypseg/runs/segformer_seed2024/best.pth,True
0.9214885954344878,0.8544078361468209,0.8551693404571066,0.9989588755769654,0.29298138582244593,19.63019896496045,308,cvc-clinicdb,segformer,polypseg/runs/segformer_seed2024/best.pth,True
0.9031406703536277,0.8233878729415562,0.8280367801124692,0.9932275541603478,0.3042890415790361,8.488217492792518,309,cvc-clinicdb,segformer,polypseg/runs/segformer_seed2024/best.pth,True
0.9682852535330091,0.9385203195445349,0.9656897784016476,0.9708947179186621,0.7618299485426774,4.0,31,cvc-clinicdb,segformer,polypseg/runs/segformer_seed2024/best.pth,True
0.9626425481525238,0.9279757391611837,0.9615082481947562,0.9637795275211111,0.9683730008974811,2.0,310,cvc-clinicdb,segformer,polypseg/runs/segformer_seed2024/best.pth,True
0.9308472121482468,0.8706400270616106,0.9683615818844309,0.8961310560858791,0.7169569648072565,6.0,311,cvc-clinicdb,segformer,polypseg/runs/segformer_seed2024/best.pth,True
0.46790641868818794,0.3054032889345808,0.9999999997435897,0.3054032889345808,0.20175207874934512,24.397945109073586,312,cvc-clinicdb,segformer,polypseg/runs/segformer_seed2024/best.pth,True
0.8876035418388488,0.7979201437822837,0.8456932915927923,0.9338842975066284,0.554492365491784,17.724267580074127,313,cvc-clinicdb,segformer,polypseg/runs/segformer_seed2024/best.pth,True
0.910421311376491,0.8355718782703507,0.9009957003745078,0.9200462160494506,0.6146468705227158,16.04987873282454,314,cvc-clinicdb,segformer,polypseg/runs/segformer_seed2024/best.pth,True
0.9848151897459697,0.970084638578801,0.9780774889603822,0.9916463626821558,0.943799047820577,2.23606797749979,315,cvc-clinicdb,segformer,polypseg/runs/segformer_seed2024/best.pth,True
0.9658322674935047,0.9339222614813488,0.9370955828011904,0.9963871697370601,0.622180165456458,15.811388300841896,316,cvc-clinicdb,segformer,polypseg/runs/segformer_seed2024/best.pth,True
0.9468595899268529,0.8990820035678696,0.9836209220747936,0.9127470602895125,0.7079934248775214,17.640528834922637,317,cvc-clinicdb,segformer,polypseg/runs/segformer_seed2024/best.pth,True
0.9104039719948002,0.8355426677367216,0.99802078174181,0.8369294605461856,0.5483192777948724,5.0,318,cvc-clinicdb,segformer,polypseg/runs/segformer_seed2024/best.pth,True
0.9633303808509597,0.9292549555389865,0.9382332642878457,0.9898070622136947,0.9304488206763679,2.23606797749979,319,cvc-clinicdb,segformer,polypseg/runs/segformer_seed2024/best.pth,True
0.9702753441751654,0.9422667882007265,0.9663446556459296,0.9742381401091816,0.7995631064275436,3.1622776601683795,32,cvc-clinicdb,segformer,polypseg/runs/segformer_seed2024/best.pth,True
0.9495203289064695,0.9038921504478389,0.9375281912282921,0.9618232299638635,0.7130447698735497,4.2655902139073065,320,cvc-clinicdb,segformer,polypseg/runs/segformer_seed2024/best.pth,True
0.9573382983813054,0.9181677018490968,0.9284032030000251,0.988135026721455,0.6853311088437489,3.1622776601683795,321,cvc-clinicdb,segformer,polypseg/runs/segformer_seed2024/best.pth,True
0.9668970534681284,0.9359154929467615,0.9468059843155211,0.9878592665883565,0.7408472491444145,4.0,322,cvc-clinicdb,segformer,polypseg/runs/segformer_seed2024/best.pth,True
0.9646682013764154,0.9317478731541787,0.953502176484433,0.9760988454428184,0.657494693178793,3.1622776601683795,323,cvc-clinicdb,segformer,polypseg/runs/segformer_seed2024/best.pth,True
0.9575539027799748,0.9185644277757485,0.9221530892646195,0.995781249984441,0.6937377087217318,4.0,324,cvc-clinicdb,segformer,polypseg/runs/segformer_seed2024/best.pth,True
0.9265065146485494,0.8630760477742637,0.8630760477742637,0.9999999999780268,0.4160480749865884,5.0,325,cvc-clinicdb,segformer,polypseg/runs/segformer_seed2024/best.pth,True
0.9253800092016883,0.8611230175554839,0.8631578947182995,0.9972697939687946,0.560901562644513,7.211102550927978,326,cvc-clinicdb,segformer,polypseg/runs/segformer_seed2024/best.pth,True
0.9169939065549493,0.8467116778983068,0.8695428864697088,0.9699226582363242,0.32496082951892546,4.47213595499958,327,cvc-clinicdb,segformer,polypseg/runs/segformer_seed2024/best.pth,True
0.8869475847801958,0.7968605724691254,0.8047370384034924,0.9878663003436844,0.22562993837183248,11.672602819947858,328,cvc-clinicdb,segformer,polypseg/runs/segformer_seed2024/best.pth,True
0.9123338017413,0.8387994434339336,0.9094827586010887,0.9152027759506571,0.509522222435521,7.0710678118654755,329,cvc-clinicdb,segformer,polypseg/runs/segformer_seed2024/best.pth,True
0.9606115573941408,0.9242084268185472,0.9316411158504512,0.9914415619061118,0.6354697955422592,5.385164807134504,33,cvc-clinicdb,segformer,polypseg/runs/segformer_seed2024/best.pth,True
0.9449594921828701,0.8956618112587768,0.9238935162351153,0.967008546992017,0.5930658708297983,5.0,330,cvc-clinicdb,segformer,polypseg/runs/segformer_seed2024/best.pth,True
0.9643108861346554,0.9310814154796946,0.956041163753576,0.9727249224279637,0.8030562468614347,3.1622776601683795,331,cvc-clinicdb,segformer,polypseg/runs/segformer_seed2024/best.pth,True
0.9740305316636775,0.9493757482307273,0.9724947442016031,0.9755711774872483,0.9530753181778924,2.0,332,cvc-clinicdb,segformer,polypseg/runs/segformer_seed2024/best.pth,True
0.9607052424180745,0.9243818805102981,0.925049665867346,0.9992196644362228,0.7797985195519058,3.0,333,cvc-clinicdb,segformer,polypseg/runs/segformer_seed2024/best.pth,True
0.9466798100103353,0.898757869646099,0.935032749142591,0.9586206896377746,0.5391702470744505,4.123105625617661,334,cvc-clinicdb,segformer,polypseg/runs/segformer_seed2024/best.pth,True
0.9424317617788053,0.8911309244346766,0.9170959433207164,0.9692072133213814,0.6139866323844319,5.385164807134504,335,cvc-clinicdb,segformer,polypseg/runs/segformer_seed2024/best.pth,True
0.9480007172229872,0.9011419805539264,0.9087315228444701,0.9908170914357044,0.5672776020991778,4.0,336,cvc-clinicdb,segformer,polypseg/runs/segformer_seed2024/best.pth,True
0.9515069877003577,0.9074995985079894,0.9289824099797964,0.9751509922178576,0.6136363136508951,4.0,337,cvc-clinicdb,segformer,polypseg/runs/segformer_seed2024/best.pth,True
0.9601504913968053,0.9233552388619704,0.9558205304520689,0.9645198611572346,0.4970759733935278,5.0,338,cvc-clinicdb,segformer,polypseg/runs/segformer_seed2024/best.pth,True
0.9342311305835542,0.8765794886606941,0.8955268687812812,0.9764320785277764,0.6100699104968267,3.605551275463989,339,cvc-clinicdb,segformer,polypseg/runs/segformer_seed2024/best.pth,True
0.9642318140585252,0.9309339938666628,0.9571535580380951,0.971415538984774,0.7437513993224207,3.605551275463989,34,cvc-clinicdb,segformer,polypseg/runs/segformer_seed2024/best.pth,True
0.9246753246513072,0.8599033816009709,0.8989898989444954,0.9518716577031084,0.620695273436742,4.0,340,cvc-clinicdb,segformer,polypseg/runs/segformer_seed2024/best.pth,True
0.946500402233578,0.8984345169569136,0.9216607911899076,0.9727159983062127,0.8224370132736912,3.0,341,cvc-clinicdb,segformer,polypseg/runs/segformer_seed2024/best.pth,True
0.9767907413138768,0.9546343849235188,0.9752654590758868,0.9783208019927528,0.8450362696152319,3.605551275463989,342,cvc-clinicdb,segformer,polypseg/runs/segformer_seed2024/best.pth,True
0.9081196581139509,0.8317025440217369,0.8448316183250136,0.9816576086823144,0.6112648708657176,21.91239953559307,343,cvc-clinicdb,segformer,polypseg/runs/segformer_seed2024/best.pth,True
0.9467330297541504,0.8988538105710915,0.9124311083832589,0.9837147887251781,0.506017992597915,14.866068747318506,344,cvc-clinicdb,segformer,polypseg/runs/segformer_seed2024/best.pth,True
0.9775241644308158,0.956036446461989,0.9650494366447072,0.9903256252871612,0.8572137063911408,3.1622776601683795,345,cvc-clinicdb,segformer,polypseg/runs/segformer_seed2024/best.pth,True
0.8159475696251671,0.6891143911311972,0.7057823129118334,0.9668651307023851,0.6238540880669302,29.202680619179457,346,cvc-clinicdb,segformer,polypseg/runs/segformer_seed2024/best.pth,True
0.8255454317409885,0.7029181494561862,0.7111175115104966,0.9838613269379586,0.36671372995118645,30.324820201102305,347,cvc-clinicdb,segformer,polypseg/runs/segformer_seed2024/best.pth,True
0.9678227984852127,0.9376517879535313,0.9629741119765933,0.9727205594849366,0.6327227512295076,9.273153625983817,348,cvc-clinicdb,segformer,polypseg/runs/segformer_seed2024/best.pth,True
0.9783212189260668,0.9575624325854245,0.9834689616932236,0.9732270849103076,0.7009218833545935,5.0,349,cvc-clinicdb,segformer,polypseg/runs/segformer_seed2024/best.pth,True
0.9672418441563275,0.9365618065404443,0.9408602150414259,0.9951456310541589,0.797739881878221,4.0,35,cvc-clinicdb,segformer,polypseg/runs/segformer_seed2024/best.pth,True
0.9176551618546045,0.847839920802886,0.9819834575302433,0.8612368024070872,0.4478280327884452,36.78041508903288,350,cvc-clinicdb,segformer,polypseg/runs/segformer_seed2024/best.pth,True
0.9098067286935121,0.8345370978149588,0.9080733507761831,0.9115467367699845,0.44876087429086087,8.083408929595555,351,cvc-clinicdb,segformer,polypseg/runs/segformer_seed2024/best.pth,True
0.8908626353462603,0.8032031592627643,0.8819561551220921,0.8999508357694211,0.7103040382347117,31.058009237418897,352,cvc-clinicdb,segformer,polypseg/runs/segformer_seed2024/best.pth,True
0.9281390470426841,0.865913665836883,0.8846109905074304,0.9761724659483589,0.5220873412421078,17.54259326664046,353,cvc-clinicdb,segformer,polypseg/runs/segformer_seed2024/best.pth,True
0.9397912423565441,0.8864209388775792,0.9206883651213282,0.9597036266611244,0.6289540516944484,11.058858904218425,354,cvc-clinicdb,segformer,polypseg/runs/segformer_seed2024/best.pth,True
0.8585610771902861,0.7521743476881717,0.9779048609178853,0.7651784806186801,0.47378313531774296,35.51548310014942,355,cvc-clinicdb,segformer,polypseg/runs/segformer_seed2024/best.pth,True
0.856640181606943,0.7492306164921152,0.9593237574557096,0.7738131856785213,0.43137177503016616,35.46475532386545,356,cvc-clinicdb,segformer,polypseg/runs/segformer_seed2024/best.pth,True
0.9344142919536521,0.8769020501099002,0.9700635016582498,0.901292376845377,0.6833141259875714,36.11286864349078,357,cvc-clinicdb,segformer,polypseg/runs/segformer_seed2024/best.pth,True
0.8694056357987839,0.7689810451275633,0.9080004946097687,0.83395797841188,0.6421172157118137,63.324560795950255,358,cvc-clinicdb,segformer,polypseg/runs/segformer_seed2024/best.pth,True
0.9383571005470027,0.8838726289513014,0.9677661873793085,0.9106827025034427,0.7085173048282623,26.173994004033855,359,cvc-clinicdb,segformer,polypseg/runs/segformer_seed2024/best.pth,True
0.9288103201035736,0.8670829616220543,0.8860528714474464,0.9759036144333358,0.6430497516772741,7.0710678118654755,36,cvc-clinicdb,segformer,polypseg/runs/segformer_seed2024/best.pth,True
0.848443191969041,0.7367792765862673,0.786793294660037,0.9205757327099666,0.5153394055889874,43.840620433565945,360,cvc-clinicdb,segformer,polypseg/runs/segformer_seed2024/best.pth,True
0.8905686016353537,0.8027252545295664,0.8360041457319939,0.9527530437856373,0.370019996320647,26.016254885411385,361,cvc-clinicdb,segformer,polypseg/runs/segformer_seed2024/best.pth,True
0.9258892705307917,0.8620054200448563,0.9776247848416816,0.879354196606443,0.4984714479623779,13.892443989449804,362,cvc-clinicdb,segformer,polypseg/runs/segformer_seed2024/best.pth,True
0.7537459283142103,0.6048092001774799,0.7164086686862905,0.7951890033817739,0.40898761474939954,15.93663917914397,363,cvc-clinicdb,segformer,polypseg/runs/segformer_seed2024/best.pth,True
0.9355753646487931,0.8789493718736602,0.8960031043501746,0.9788045781696141,0.6892814576770712,4.3499753397159004,364,cvc-clinicdb,segformer,polypseg/runs/segformer_seed2024/best.pth,True
0.8829596412358081,0.7904456041432981,0.7961989486131744,0.990941117212333,0.4377941667431854,6.737383539249431,365,cvc-clinicdb,segformer,polypseg/runs/segformer_seed2024/best.pth,True
0.9241706160918444,0.8590308369665626,0.8662816525603607,0.9903504316409166,0.7185080198151322,4.123105625617661,366,cvc-clinicdb,segformer,polypseg/runs/segformer_seed2024/best.pth,True
0.9252239116657942,0.8608527131449283,0.8685960109163632,0.9897504455886921,0.6273637241519747,5.313628483749074,367,cvc-clinicdb,segformer,polypseg/runs/segformer_seed2024/best.pth,True
0.8903315557410079,0.8023401587629612,0.8537127611892525,0.9302325580944656,0.5609899323384339,6.0,368,cvc-clinicdb,segformer,polypseg/runs/segformer_seed2024/best.pth,True
0.8674075988403358,0.765860337710367,0.765860337710367,0.9999999999404052,0.48798832767335554,8.021790211904491,369,cvc-clinicdb,segformer,polypseg/runs/segformer_seed2024/best.pth,True
0.95652173912439,0.9166666666555635,0.9559176455607438,0.9571265966743755,0.6236985317079103,4.123105625617661,37,cvc-clinicdb,segformer,polypseg/runs/segformer_seed2024/best.pth,True
0.8611188421691868,0.756109481878978,0.781313131273671,0.9590824549932373,0.591302248307338,9.219544457292887,370,cvc-clinicdb,segformer,polypseg/runs/segformer_seed2024/best.pth,True
0.8114540721156024,0.6827284104704174,0.6831559173022445,0.9990842489927578,0.5066656813049898,9.899494936611665,371,cvc-clinicdb,segformer,polypseg/runs/segformer_seed2024/best.pth,True
0.7975460122373192,0.6632653060773288,0.6784968684287754,0.9672619046659463,0.5038703515040215,10.162596577542846,372,cvc-clinicdb,segformer,polypseg/runs/segformer_seed2024/best.pth,True
0.8392715755803931,0.7230559344663672,0.7230559344663672,0.9999999999056604,0.4685890334234564,7.162090392256103,373,cvc-clinicdb,segformer,polypseg/runs/segformer_seed2024/best.pth,True
0.7991085641261029,0.6654294803464778,0.6809549646944679,0.9668721108654181,0.3874643377602518,9.0,374,cvc-clinicdb,segformer,polypseg/runs/segformer_seed2024/best.pth,True
0.7498001598421343,0.5997442454859498,0.6055519689731729,0.9842602307466674,0.42869241060459795,12.083045973594572,375,cvc-clinicdb,segformer,polypseg/runs/segformer_seed2024/best.pth,True
0.8063402385309739,0.6755193268294631,0.6787318361775765,0.9930421337072656,0.4410929240820688,15.811388300841896,376,cvc-clinicdb,segformer,polypseg/runs/segformer_seed2024/best.pth,True
0.8569163693845241,0.7496532593360037,0.753310104503369,0.9935661764249281,0.5036954699684146,11.40175425099138,377,cvc-clinicdb,segformer,polypseg/runs/segformer_seed2024/best.pth,True
0.8062379833196702,0.6753758052728928,0.6780452748588558,0.9942044256588933,0.35518269443685757,10.816653826391969,378,cvc-clinicdb,segformer,polypseg/runs/segformer_seed2024/best.pth,True
0.841733547324503,0.726718403507388,0.7530155082852948,0.9541484715462774,0.4575616234899058,7.0,379,cvc-clinicdb,segformer,polypseg/runs/segformer_seed2024/best.pth,True
0.9655018421238639,0.9333045542643362,0.994022988482896,0.9385717386381903,0.8541220393748586,2.8284271247461903,38,cvc-clinicdb,segformer,polypseg/runs/segformer_seed2024/best.pth,True
0.8647721704834695,0.7617608976796824,0.7816651903993949,0.9676535087188786,0.5068225622926761,9.433981132056603,380,cvc-clinicdb,segformer,polypseg/runs/segformer_seed2024/best.pth,True
0.8895250926087989,0.8010312404973906,0.8116164720094771,0.983979135581819,0.5182831370811389,7.0,381,cvc-clinicdb,segformer,polypseg/runs/segformer_seed2024/best.pth,True
0.9139013452778192,0.8414533443203563,0.8692067102397155,0.9634415379463145,0.659092139962854,10.0,382,cvc-clinicdb,segformer,polypseg/runs/segformer_seed2024/best.pth,True
0.9093191088655582,0.8337169159714121,0.8456375838679417,0.9833729215818333,0.7049807929588562,10.343399516220556,383,cvc-clinicdb,segformer,polypseg/runs/segformer_seed2024/best.pth,True
0.817169444336949,0.6908592616453624,0.9530311791088687,0.7152107880746513,0.4602628699968152,101.31263366194676,384,cvc-clinicdb,segformer,polypseg/runs/segformer_seed2024/best.pth,True
0.841560541740769,0.7264605290684496,0.8941196683952831,0.7948375272030439,0.45257279627284897,91.92388155425118,385,cvc-clinicdb,segformer,polypseg/runs/segformer_seed2024/best.pth,True
0.8938823782372972,0.8081259720036025,0.9046789989085793,0.8833404164864593,0.3622597078755232,47.61256441884549,386,cvc-clinicdb,segformer,polypseg/runs/segformer_seed2024/best.pth,True
0.9064561403492869,0.8289161265455017,0.8822183519418016,0.9320633546165455,0.3720809766399212,30.157335870720484,387,cvc-clinicdb,segformer,polypseg/runs/segformer_seed2024/best.pth,True
0.8882009345777099,0.7988862036328014,0.8870610197142027,0.889343782895117,0.25612119595207494,53.15993389022044,388,cvc-clinicdb,segformer,polypseg/runs/segformer_seed2024/best.pth,True
0.9152178793222538,0.8436882041809901,0.981752020115686,0.857129508499079,0.6496210842762924,52.5175945647472,389,cvc-clinicdb,segformer,polypseg/runs/segformer_seed2024/best.pth,True
0.9670226499123691,0.9361508747799102,0.9632920270992917,0.9707822808442323,0.9244935491913877,2.23606797749979,39,cvc-clinicdb,segformer,polypseg/runs/segformer_seed2024/best.pth,True
0.9716029359183781,0.9447741245605732,0.9693379408646298,0.9738785407198618,0.7422505503057756,7.7943669628377545,390,cvc-clinicdb,segformer,polypseg/runs/segformer_seed2024/best.pth,True
0.9319628888399857,0.872594106610925,0.915475339511875,0.9490552056141339,0.6207595490175117,6.082762530298219,391,cvc-clinicdb,segformer,polypseg/runs/segformer_seed2024/best.pth,True
0.9467739997540143,0.8989276750981184,0.9389895138114991,0.9546886358013728,0.5902429477283178,10.4281931348243,392,cvc-clinicdb,segformer,polypseg/runs/segformer_seed2024/best.pth,True
0.9346943951246849,0.8773955481385859,0.8873239436512901,0.9874079035366724,0.4831939745426971,7.175588850572996,393,cvc-clinicdb,segformer,polypseg/runs/segformer_seed2024/best.pth,True
0.9404898008247157,0.8876646978545244,0.8908013222285329,0.9960489421234253,0.5725599547497207,7.615773105863909,394,cvc-clinicdb,segformer,polypseg/runs/segformer_seed2024/best.pth,True
0.9500704736644169,0.9048897567252063,0.9115646258428689,0.9919728861845167,0.6083649690179167,8.06225774829855,395,cvc-clinicdb,segformer,polypseg/runs/segformer_seed2024/best.pth,True
0.9493378179484997,0.9035614245625965,0.9101168883441344,0.9920913883919851,0.6157464760967917,8.0,396,cvc-clinicdb,segformer,polypseg/runs/segformer_seed2024/best.pth,True
0.9487756282506948,0.9025434091409724,0.909998767100789,0.9910042964487714,0.5278024474882136,9.230266291031063,397,cvc-clinicdb,segformer,polypseg/runs/segformer_seed2024/best.pth,True
0.9503408494993436,0.9053804266328351,0.9091045899126706,0.9954957429222988,0.5589924288089853,12.0,398,cvc-clinicdb,segformer,polypseg/runs/segformer_seed2024/best.pth,True
0.9513181303535851,0.9071560764889948,0.9205007824654108,0.9842704149850713,0.6026754806106629,10.0,399,cvc-clinicdb,segformer,polypseg/runs/segformer_seed2024/best.pth,True
0.6210391276439351,0.45036747604218824,0.9681999999903179,0.4571293673255093,0.5004363547138021,75.16348519471907,4,cvc-clinicdb,segformer,polypseg/runs/segformer_seed2024/best.pth,True
0.9695308516001432,0.9408635407529276,0.9795208655206141,0.9597425542534106,0.844759313209792,3.0,40,cvc-clinicdb,segformer,polypseg/runs/segformer_seed2024/best.pth,True
0.9473160326985615,0.8999054437268688,0.9164947035229537,0.980282519114475,0.5801355318820317,6.0,400,cvc-clinicdb,segformer,polypseg/runs/segformer_seed2024/best.pth,True
0.9677820366675242,0.9375752709661022,0.9398390341957762,0.9974375400277873,0.7204039997059619,3.605551275463989,401,cvc-clinicdb,segformer,polypseg/runs/segformer_seed2024/best.pth,True
0.9629706247380948,0.9285856772330036,0.9302557953575122,0.9980703258933814,0.6047698360597717,6.708203932499369,402,cvc-clinicdb,segformer,polypseg/runs/segformer_seed2024/best.pth,True
0.9604813624957397,0.9239674286184246,0.9256019655928687,0.998092412028422,0.6454351941649688,4.22781472443222,403,cvc-clinicdb,segformer,polypseg/runs/segformer_seed2024/best.pth,True
0.9745918180105733,0.9504427945169474,0.9725400457576884,0.9766522658242792,0.8231288560523303,4.920820393249919,404,cvc-clinicdb,segformer,polypseg/runs/segformer_seed2024/best.pth,True
0.9404253073666802,0.8875498007879725,0.9001010100919181,0.9845320958901277,0.64175819177008,9.486832980505138,405,cvc-clinicdb,segformer,polypseg/runs/segformer_seed2024/best.pth,True
0.9598113491497676,0.9227281497113377,0.9309908506820032,0.9904732318422856,0.6263295717428558,6.0,406,cvc-clinicdb,segformer,polypseg/runs/segformer_seed2024/best.pth,True
0.9283456725941536,0.8662734324429033,0.8728323699350905,0.9914000369799204,0.5024606706346699,14.926337811025176,407,cvc-clinicdb,segformer,polypseg/runs/segformer_seed2024/best.pth,True
0.9471880545808262,0.8996744942931914,0.9237288135482963,0.971869898267338,0.5992805935541174,6.0,408,cvc-clinicdb,segformer,polypseg/runs/segformer_seed2024/best.pth,True
0.9725472777884542,0.9465615855249183,0.9536013400303062,0.9922613030257877,0.7478847264715172,11.0,409,cvc-clinicdb,segformer,polypseg/runs/segformer_seed2024/best.pth,True
0.9620227249364108,0.9268244575754079,0.9301266824835683,0.99618401524282,0.8167969080349413,3.0,41,cvc-clinicdb,segformer,polypseg/runs/segformer_seed2024/best.pth,True
0.9379153649478107,0.8830891004291037,0.9465718871709863,0.9294157379159133,0.45773997327819177,7.0,410,cvc-clinicdb,segformer,polypseg/runs/segformer_seed2024/best.pth,True
0.8843642611607871,0.7926998305745773,0.9879078694628041,0.8004665629735542,0.38483141094085993,13.416407864998739,411,cvc-clinicdb,segformer,polypseg/runs/segformer_seed2024/best.pth,True
0.8268438314622248,0.7048028673734078,0.9746233148101779,0.7179786767822699,0.2936667515413868,18.788294228055936,412,cvc-clinicdb,segformer,polypseg/runs/segformer_seed2024/best.pth,True
0.7680780623735138,0.6234794907974048,0.9396717117684998,0.6494769412015695,0.1688125400521224,28.445487548194585,413,cvc-clinicdb,segformer,polypseg/runs/segformer_seed2024/best.pth,True
0.9176119202615651,0.847766099274958,0.9785627370947728,0.8638086813645548,0.4117116240246565,21.93171219946131,414,cvc-clinicdb,segformer,polypseg/runs/segformer_seed2024/best.pth,True
0.8550698217054178,0.7468314120072171,0.9770038326864106,0.7601944894602256,0.29173688095616085,28.635642126552707,415,cvc-clinicdb,segformer,polypseg/runs/segformer_seed2024/best.pth,True
0.8879274355729329,0.7984437922271623,0.9748333333252096,0.8152484493636124,0.27793953112291636,22.20360331117452,416,cvc-clinicdb,segformer,polypseg/runs/segformer_seed2024/best.pth,True
0.8369370833965375,0.719597428005595,0.9477172312107546,0.7493449781586672,0.2890412905500157,25.967283475770188,417,cvc-clinicdb,segformer,polypseg/runs/segformer_seed2024/best.pth,True
0.8688626475982093,0.7681318681177998,0.9645814167211458,0.7904259328912472,0.31666457903815387,14.212670403551895,418,cvc-clinicdb,segformer,polypseg/runs/segformer_seed2024/best.pth,True
0.8632330743995021,0.7593756072235288,0.9733499377254183,0.7754994046780295,0.4490511360387922,28.61991785107157,419,cvc-clinicdb,segformer,polypseg/runs/segformer_seed2024/best.pth,True
0.9671224905370445,0.9363380281558262,0.966981818167753,0.967263203827044,0.788017368127304,3.605551275463989,42,cvc-clinicdb,segformer,polypseg/runs/segformer_seed2024/best.pth,True
0.7890887129217921,0.651648656133823,0.991902150982776,0.6551339907479239,0.345627925997525,43.801806438312994,420,cvc-clinicdb,segformer,polypseg/runs/segformer_seed2024/best.pth,True
0.7956025106202659,0.6605813426512553,0.9891430787030908,0.6654059341332546,0.2937558690210163,32.0624390837628,421,cvc-clinicdb,segformer,polypseg/runs/segformer_seed2024/best.pth,True
0.8952963061375295,0.8104402213114976,0.8242403483857116,0.9797592043244931,0.22546921678496942,43.83947979037158,422,cvc-clinicdb,segformer,polypseg/runs/segformer_seed2024/best.pth,True
0.8942857142828108,0.8087855297110125,0.9637508747308344,0.8341611144710226,0.19194510856612965,17.0,423,cvc-clinicdb,segformer,polypseg/runs/segformer_seed2024/best.pth,True
0.6212040489978369,0.45054095825152474,0.9831365935090104,0.45404984421907907,0.2864449637770638,26.845757307718788,424,cvc-clinicdb,segformer,polypseg/runs/segformer_seed2024/best.pth,True
0.7362076958568334,0.5825385179536854,0.9999999999370277,0.5825385179536854,0.10895579035442807,13.0,425,cvc-clinicdb,segformer,polypseg/runs/segformer_seed2024/best.pth,True
0.8476346989033475,0.7355607619360744,0.9747570194252868,0.749844236752338,0.3894830634993411,22.83298222668534,426,cvc-clinicdb,segformer,polypseg/runs/segformer_seed2024/best.pth,True
0.9402744148468916,0.8872810357891295,0.9411859751095396,0.9393646186023272,0.5414141327396906,12.041594578792296,427,cvc-clinicdb,segformer,polypseg/runs/segformer_seed2024/best.pth,True
0.9352990109948456,0.8784616720125143,0.9676771540502277,0.9050174402924155,0.6131045996132372,11.045361017187261,428,cvc-clinicdb,segformer,polypseg/runs/segformer_seed2024/best.pth,True
0.9161035699281462,0.8451947478666534,0.8464088397696529,0.9983057474130288,0.2969614828021768,9.068144556281334,429,cvc-clinicdb,segformer,polypseg/runs/segformer_seed2024/best.pth,True
0.9607701997394208,0.9245021644861559,0.9564672160344596,0.9651120751813971,0.7991262501219952,3.08113883008419,43,cvc-clinicdb,segformer,polypseg/runs/segformer_seed2024/best.pth,True
0.9144915629089648,0.8424545877871162,0.8426508269177422,0.9997236423794428,0.31969163656133703,8.94427190999916,430,cvc-clinicdb,segformer,polypseg/runs/segformer_seed2024/best.pth,True
0.8961399018916887,0.8118238021533768,0.8129756223292536,0.9982578397054441,0.22370400417939548,9.899494936611665,431,cvc-clinicdb,segformer,polypseg/runs/segformer_seed2024/best.pth,True
0.9352502774938672,0.8783756949873076,0.8842578710556296,0.9924837334418612,0.4366033537245017,9.465692241125723,432,cvc-clinicdb,segformer,polypseg/runs/segformer_seed2024/best.pth,True
0.9467509945886629,0.8988861985385095,0.8993217054176421,0.9994615550183128,0.5534015060327905,8.252618379971553,433,cvc-clinicdb,segformer,polypseg/runs/segformer_seed2024/best.pth,True
0.9487718627499342,0.9025365942276339,0.9057481751742176,0.9960866947521966,0.4292142290221436,5.385164807134504,434,cvc-clinicdb,segformer,polypseg/runs/segformer_seed2024/best.pth,True
0.9323947080899843,0.8733515234098072,0.8825827205780953,0.9881656804606617,0.3867244005451392,7.514605467129926,435,cvc-clinicdb,segformer,polypseg/runs/segformer_seed2024/best.pth,True
0.9175040317521553,0.8475819390230622,0.8480678821138852,0.9993244156060084,0.20578245224078845,7.999255730200575,436,cvc-clinicdb,segformer,polypseg/runs/segformer_seed2024/best.pth,True
0.9417040358683193,0.8898305084636474,0.8924611973282526,0.9966983078690783,0.47017308530858143,6.324555320336759,437,cvc-clinicdb,segformer,polypseg/runs/segformer_seed2024/best.pth,True
0.8649691602060257,0.7620666592310663,0.9390796703232206,0.8017003811152055,0.33519960977928626,37.75566361451043,438,cvc-clinicdb,segformer,polypseg/runs/segformer_seed2024/best.pth,True
0.9415621986438987,0.8895772594644122,0.9210162243627089,0.9630457653739737,0.5161182062220545,6.0,439,cvc-clinicdb,segformer,polypseg/runs/segformer_seed2024/best.pth,True
0.9671671895956568,0.9364218292184395,0.9512840295277054,0.9835897435785345,0.7295589859416344,3.605551275463989,44,cvc-clinicdb,segformer,polypseg/runs/segformer_seed2024/best.pth,True
0.8959734474548346,0.8115506328985514,0.9254781667101141,0.8682918571039734,0.5082148903230224,22.10201016205452,440,cvc-clinicdb,segformer,polypseg/runs/segformer_seed2024/best.pth,True
0.8859934853259864,0.7953216374010618,0.7966156849724499,0.9979616795353461,0.48989309640334117,7.0710678118654755,441,cvc-clinicdb,segformer,polypseg/runs/segformer_seed2024/best.pth,True
0.8903911153924384,0.8024369016361524,0.8741407916360716,0.907257072548407,0.36686944843773595,12.072577199243332,442,cvc-clinicdb,segformer,polypseg/runs/segformer_seed2024/best.pth,True
0.9430496019523649,0.8922363846915957,0.9138110072553952,0.974221097564855,0.534889985366501,5.0,443,cvc-clinicdb,segformer,polypseg/runs/segformer_seed2024/best.pth,True
0.9454120093517974,0.8964752279899375,0.9076615922023002,0.9864388391512553,0.5405502432008973,5.830951894845301,444,cvc-clinicdb,segformer,polypseg/runs/segformer_seed2024/best.pth,True
0.9504816750170613,0.905636092664235,0.9534983239358569,0.9474840538557938,0.6067501173250548,10.379259058923914,445,cvc-clinicdb,segformer,polypseg/runs/segformer_seed2024/best.pth,True
0.9283920083435931,0.866354129095807,0.9476175449593908,0.9099310658214534,0.5195045689974465,16.575538262208447,446,cvc-clinicdb,segformer,polypseg/runs/segformer_seed2024/best.pth,True
0.9288882091920954,0.8672187321282919,0.8692043502899484,0.997372742167574,0.6045483321036109,3.605551275463989,447,cvc-clinicdb,segformer,polypseg/runs/segformer_seed2024/best.pth,True
0.9414519906247156,0.8893805309598813,0.9650662251495851,0.9189657890443171,0.6383678670030593,7.0,448,cvc-clinicdb,segformer,polypseg/runs/segformer_seed2024/best.pth,True
0.9226672347579604,0.8564366224865249,0.9611628938978881,0.8871364194820333,0.7615816532008166,14.499620099739865,449,cvc-clinicdb,segformer,polypseg/runs/segformer_seed2024/best.pth,True
0.9717247879282773,0.9450045829369844,0.9595160539637115,0.9842482100082061,0.8546099709983487,3.0,45,cvc-clinicdb,segformer,polypseg/runs/segformer_seed2024/best.pth,True
0.9710042432643033,0.9436426116514213,0.9478771142234078,0.9952881478435923,0.9394571525071831,2.23606797749979,450,cvc-clinicdb,segformer,polypseg/runs/segformer_seed2024/best.pth,True
0.9621318372846627,0.9270270269852691,0.9707547169353419,0.9536607969900992,0.936248281108236,3.0,451,cvc-clinicdb,segformer,polypseg/runs/segformer_seed2024/best.pth,True
0.964597093778539,0.9316152079374429,0.9390432098523909,0.9915806626563938,0.8971123694011945,2.8284271247461903,452,cvc-clinicdb,segformer,polypseg/runs/segformer_seed2024/best.pth,True
0.9552746718406018,0.9143787808070177,0.9415428845006818,0.969412925481761,0.7372437595616449,3.2287687024627107,453,cvc-clinicdb,segformer,polypseg/runs/segformer_seed2024/best.pth,True
0.9576686147452402,0.9187755720424492,0.9834549878185976,0.9331999384187595,0.8279073393383024,8.94427190999916,454,cvc-clinicdb,segformer,polypseg/runs/segformer_seed2024/best.pth,True
0.9520320549458956,0.90845532006873,0.9170710189576855,0.9897643418115952,0.5710294503089594,4.630495168499682,455,cvc-clinicdb,segformer,polypseg/runs/segformer_seed2024/best.pth,True
0.9655638691022916,0.9334204792946978,0.9490519227277241,0.9826605504497002,0.6395929479263271,3.605551275463989,456,cvc-clinicdb,segformer,polypseg/runs/segformer_seed2024/best.pth,True
0.908851595914726,0.8329312424524232,0.9782762691738102,0.8486276116258845,0.5707996398082174,18.681541692269406,457,cvc-clinicdb,segformer,polypseg/runs/segformer_seed2024/best.pth,True
0.947063688989381,0.8994501178142292,0.9051383399030606,0.9930615784693613,0.7220844583262895,5.0,458,cvc-clinicdb,segformer,polypseg/runs/segformer_seed2024/best.pth,True
0.9507892293297261,0.9061946902454382,0.9254405783794524,0.977565632434903,0.7495301759880522,4.4491864282115445,459,cvc-clinicdb,segformer,polypseg/runs/segformer_seed2024/best.pth,True
0.9741392987389009,0.9495824311637863,0.9797351204566821,0.9686070357947846,0.869230845085026,2.8284271247461903,46,cvc-clinicdb,segformer,polypseg/runs/segformer_seed2024/best.pth,True
0.9474275023297715,0.9001066476910753,0.950807360102313,0.9440715883492903,0.6595044911249555,7.0,460,cvc-clinicdb,segformer,polypseg/runs/segformer_seed2024/best.pth,True
0.9409861325043066,0.8885493961750539,0.9549648162477723,0.9274107820664023,0.5830599436817291,9.0,461,cvc-clinicdb,segformer,polypseg/runs/segformer_seed2024/best.pth,True
0.9631150254886225,0.9288542597914312,0.968308921425189,0.9579765511664079,0.7571115839592074,6.324555320336759,462,cvc-clinicdb,segformer,polypseg/runs/segformer_seed2024/best.pth,True
0.9714505184954062,0.9444859347693595,0.9684335914152264,0.9744863013615197,0.7578587927522139,4.47213595499958,463,cvc-clinicdb,segformer,polypseg/runs/segformer_seed2024/best.pth,True
0.9576433885231722,0.9187291354792364,0.9785434036172322,0.9376174811919922,0.758158498244116,9.848857801796104,464,cvc-clinicdb,segformer,polypseg/runs/segformer_seed2024/best.pth,True
0.9681728232150059,0.9383090938074291,0.9622224043189197,0.9741972952711009,0.6989790928337404,5.0,465,cvc-clinicdb,segformer,polypseg/runs/segformer_seed2024/best.pth,True
0.9430255402707405,0.8921933085424726,0.979127134715568,0.9094914955414691,0.5857590054733354,10.012468905280222,466,cvc-clinicdb,segformer,polypseg/runs/segformer_seed2024/best.pth,True
0.8726655348002641,0.7740963855351031,0.8824263864230316,0.8631182576749122,0.47405107920086775,78.73196419523128,467,cvc-clinicdb,segformer,polypseg/runs/segformer_seed2024/best.pth,True
0.7859579306386869,0.6473893701658675,0.893472641093349,0.7015392422132819,0.33784020332508585,91.47193936066107,468,cvc-clinicdb,segformer,polypseg/runs/segformer_seed2024/best.pth,True
0.8911836553375854,0.8037252152960562,0.8812033377186268,0.901392632517959,0.33368046003616814,55.093783022487045,469,cvc-clinicdb,segformer,polypseg/runs/segformer_seed2024/best.pth,True
0.9694003611091447,0.9406177962107826,0.9579303220869759,0.9811484081852346,0.7785310234508659,4.123105625617661,47,cvc-clinicdb,segformer,polypseg/runs/segformer_seed2024/best.pth,True
0.6528181879649988,0.4845806127525406,0.9997927460932686,0.4846292947510083,0.3280510326341844,112.66585846536184,470,cvc-clinicdb,segformer,polypseg/runs/segformer_seed2024/best.pth,True
0.7566183710767854,0.6085166078350597,0.9584461867358628,0.6250058098971647,0.3119809209237275,117.79477861701984,471,cvc-clinicdb,segformer,polypseg/runs/segformer_seed2024/best.pth,True
0.8780071174356393,0.7825425018997608,0.9653589315475513,0.8051518579723037,0.5339162868376138,59.88887263592748,472,cvc-clinicdb,segformer,polypseg/runs/segformer_seed2024/best.pth,True
0.9305318370305851,0.8700883946343307,0.9548156955945002,0.9074525664610275,0.5782290436913972,34.02131320765933,473,cvc-clinicdb,segformer,polypseg/runs/segformer_seed2024/best.pth,True
0.9289125392251906,0.867261146492396,0.9563409563355827,0.9030135823381631,0.620187514168856,40.6771459698328,474,cvc-clinicdb,segformer,polypseg/runs/segformer_seed2024/best.pth,True
0.902238403449968,0.8218892027972735,0.9685404101280166,0.8444322914440098,0.3444443949081004,43.117212305724365,475,cvc-clinicdb,segformer,polypseg/runs/segformer_seed2024/best.pth,True
0.8888715791637096,0.7999719586820583,0.9128579809028166,0.8661134443107518,0.31633543741794967,97.52126501263164,476,cvc-clinicdb,segformer,polypseg/runs/segformer_seed2024/best.pth,True
0.8854659304053331,0.7944718376598024,0.9232506887001474,0.8506523173721983,0.4624653107148919,101.65507442257547,477,cvc-clinicdb,segformer,polypseg/runs/segformer_seed2024/best.pth,True
0.8987353247792513,0.816093846467108,0.9252846742536621,0.8736670485552407,0.37031365194601673,92.96755650444297,478,cvc-clinicdb,segformer,polypseg/runs/segformer_seed2024/best.pth,True
0.96171190095801,0.926247639595758,0.9337031598361141,0.9914529914472657,0.6639783214455647,10.389669780137305,479,cvc-clinicdb,segformer,polypseg/runs/segformer_seed2024/best.pth,True
0.950205485989198,0.9051347414256167,0.9176666051150514,0.9851367419543176,0.7075106359357434,5.656854249492381,48,cvc-clinicdb,segformer,polypseg/runs/segformer_seed2024/best.pth,True
0.9047205831282404,0.8260180636939417,0.829215270409177,0.9953538696474328,0.4883720431463305,31.854659711493955,480,cvc-clinicdb,segformer,polypseg/runs/segformer_seed2024/best.pth,True
0.8317813989556818,0.7120083503311097,0.7122787033047971,0.999467199460543,0.253721407220589,54.09066260775572,481,cvc-clinicdb,segformer,polypseg/runs/segformer_seed2024/best.pth,True
0.9589928057532396,0.9212163096021025,0.9335142469429968,0.9859011695049882,0.5670472537290229,13.0,482,cvc-clinicdb,segformer,polypseg/runs/segformer_seed2024/best.pth,True
0.96384435153911,0.9302119357944035,0.9752696169534433,0.9526836799520811,0.6927421397770556,13.43259631973953,483,cvc-clinicdb,segformer,polypseg/runs/segformer_seed2024/best.pth,True
0.9565054468537874,0.9166367413896442,0.9463481807057552,0.9668831168778848,0.4357366271400693,8.0,484,cvc-clinicdb,segformer,polypseg/runs/segformer_seed2024/best.pth,True
0.923396956312093,0.8576949152484223,0.9845136186693811,0.8694247817959629,0.5013969528485267,17.693217969639893,485,cvc-clinicdb,segformer,polypseg/runs/segformer_seed2024/best.pth,True
0.9400518180922,0.88688469317453,0.9593362508942499,0.921527412840751,0.6079532248827185,7.615773105863909,486,cvc-clinicdb,segformer,polypseg/runs/segformer_seed2024/best.pth,True
0.9709845924192485,0.943605494403689,0.9818892045367374,0.9603195276464329,0.7579617334397192,5.0,487,cvc-clinicdb,segformer,polypseg/runs/segformer_seed2024/best.pth,True
0.9730203808846767,0.9474583163810698,0.9731829573853534,0.9728578586857118,0.7643726287268866,3.605551275463989,488,cvc-clinicdb,segformer,polypseg/runs/segformer_seed2024/best.pth,True
0.9502566244913012,0.90522755052473,0.9109242255187193,0.9931389365320656,0.7228105460499459,30.7211529935219,489,cvc-clinicdb,segformer,polypseg/runs/segformer_seed2024/best.pth,True
0.9726738934001091,0.9468014948236226,0.975537938833799,0.9698266156161919,0.8690479955746024,2.8284271247461903,49,cvc-clinicdb,segformer,polypseg/runs/segformer_seed2024/best.pth,True
0.9795592726063261,0.9599374528182898,0.9728592506221009,0.9863522198400931,0.5623378801301989,8.06225774829855,490,cvc-clinicdb,segformer,polypseg/runs/segformer_seed2024/best.pth,True
0.912689173455199,0.8394004282616171,0.9601192694693567,0.8697245936387897,0.4543518714115996,37.60051414953595,491,cvc-clinicdb,segformer,polypseg/runs/segformer_seed2024/best.pth,True
0.9604985168250272,0.9239991788095915,0.9301479705673714,0.9928965365056567,0.5167711761018788,12.159328536506223,492,cvc-clinicdb,segformer,polypseg/runs/segformer_seed2024/best.pth,True
0.9702644981084506,0.9422463305636692,0.9520980148268062,0.9891377165231642,0.6946030201343166,7.615773105863909,493,cvc-clinicdb,segformer,polypseg/runs/segformer_seed2024/best.pth,True
0.9727813927703924,0.9470052293873146,0.9686242073285435,0.9769744160123638,0.6476499153885051,4.123105625617661,494,cvc-clinicdb,segformer,polypseg/runs/segformer_seed2024/best.pth,True
0.9564001706057618,0.9164433949370308,0.9345218800605023,0.9793274130102425,0.7303292653080755,21.6155768383639,495,cvc-clinicdb,segformer,polypseg/runs/segformer_seed2024/best.pth,True
0.9451970443325503,0.8960887332122198,0.9166459318192752,0.9755839203380351,0.6182725543827063,23.53720459187964,496,cvc-clinicdb,segformer,polypseg/runs/segformer_seed2024/best.pth,True
0.9429681579220934,0.8920905883671513,0.8992749632872171,0.9911240359059523,0.5415784179593927,32.66206394693735,497,cvc-clinicdb,segformer,polypseg/runs/segformer_seed2024/best.pth,True
0.9637493792685426,0.930035032054564,0.9472213807231908,0.9808644126839287,0.712830916540722,20.174149546590712,498,cvc-clinicdb,segformer,polypseg/runs/segformer_seed2024/best.pth,True
0.9667025488497022,0.9355510823853672,0.9422728081061985,0.9924327564209469,0.7299733369558081,20.205111004480116,499,cvc-clinicdb,segformer,polypseg/runs/segformer_seed2024/best.pth,True
0.6433141509073763,0.4741806302008948,0.9722342264372057,0.4806901340714668,0.514687592167199,67.58323363118546,5,cvc-clinicdb,segformer,polypseg/runs/segformer_seed2024/best.pth,True
0.9327717479194432,0.8740133575933815,0.8916073087367109,0.9779211956189565,0.6441790544816256,5.0,50,cvc-clinicdb,segformer,polypseg/runs/segformer_seed2024/best.pth,True
0.9263868113652449,0.862868322755304,0.872123681682214,0.9878504038485858,0.4918576335583847,17.253972606500046,500,cvc-clinicdb,segformer,polypseg/runs/segformer_seed2024/best.pth,True
0.9639752973439959,0.9304559002046006,0.9338577442890879,0.9961002127097843,0.54273997157498,6.367768224739605,501,cvc-clinicdb,segformer,polypseg/runs/segformer_seed2024/best.pth,True
0.9524252134115587,0.9091715699966882,0.914896616537054,0.993164311579895,0.6536940819570437,22.78694332959581,502,cvc-clinicdb,segformer,polypseg/runs/segformer_seed2024/best.pth,True
0.9708086869226957,0.9432733006849395,0.9521236491540918,0.9902417773862329,0.7467304827073784,12.0,503,cvc-clinicdb,segformer,polypseg/runs/segformer_seed2024/best.pth,True
0.964543299536165,0.9315148562987674,0.982027318465831,0.947670961338477,0.6242678096161475,4.036931687685293,504,cvc-clinicdb,segformer,polypseg/runs/segformer_seed2024/best.pth,True
0.9610716891008652,0.9250606408724303,0.9698835497191146,0.9524185068286513,0.4951846445380954,5.656854249492381,505,cvc-clinicdb,segformer,polypseg/runs/segformer_seed2024/best.pth,True
0.9719362853836055,0.9454047172030267,0.9637899553402912,0.9802215012843042,0.5218931647758963,9.080009036010734,506,cvc-clinicdb,segformer,polypseg/runs/segformer_seed2024/best.pth,True
0.9659934196294748,0.9342236673999902,0.9534679751553751,0.9788523313516527,0.5253342171108282,22.683527463821083,507,cvc-clinicdb,segformer,polypseg/runs/segformer_seed2024/best.pth,True
0.9591971636291112,0.9215935334819769,0.9474683919929514,0.9712199574020612,0.47579432697616036,6.0,508,cvc-clinicdb,segformer,polypseg/runs/segformer_seed2024/best.pth,True
0.9547160574373583,0.9133557099296435,0.9739470617531717,0.9362297967599917,0.5738937893980777,7.761630533395968,509,cvc-clinicdb,segformer,polypseg/runs/segformer_seed2024/best.pth,True
0.7733918128372299,0.6305125148611136,0.6392749244326722,0.9787234041647803,0.32993049132764835,11.0,51,cvc-clinicdb,segformer,polypseg/runs/segformer_seed2024/best.pth,True
0.9445183018658844,0.8948694264766573,0.9667966978048915,0.9232435242058109,0.4530034771577999,7.211102550927978,510,cvc-clinicdb,segformer,polypseg/runs/segformer_seed2024/best.pth,True
0.9329177797496815,0.8742698191811645,0.968119513307129,0.9001861663912332,0.5306734664515872,9.0,511,cvc-clinicdb,segformer,polypseg/runs/segformer_seed2024/best.pth,True
0.9390300951119676,0.8850676072768214,0.9689460981340475,0.9109060656343835,0.671525197278447,9.337484628412922,512,cvc-clinicdb,segformer,polypseg/runs/segformer_seed2024/best.pth,True
0.9106339205290559,0.8359301227474512,0.9115716308287866,0.9096981374321169,0.3927977183432225,9.486832980505138,513,cvc-clinicdb,segformer,polypseg/runs/segformer_seed2024/best.pth,True
0.9533756763069706,0.9109053312873243,0.9334807444174177,0.9741371021923455,0.5855181812189822,5.0990195135927845,514,cvc-clinicdb,segformer,polypseg/runs/segformer_seed2024/best.pth,True
0.9573914551601006,0.9182654984926442,0.9448818897529968,0.9702367002464232,0.7772040628918594,6.082762530298219,515,cvc-clinicdb,segformer,polypseg/runs/segformer_seed2024/best.pth,True
0.9733671041485403,0.9481160287010457,0.9923317683803417,0.955113721938883,0.7278795969902268,3.1622776601683795,516,cvc-clinicdb,segformer,polypseg/runs/segformer_seed2024/best.pth,True
0.9710641881671715,0.9437558465745585,0.9793714354935156,0.9628966833576366,0.7329324353084207,3.1622776601683795,517,cvc-clinicdb,segformer,polypseg/runs/segformer_seed2024/best.pth,True
0.9604845687845364,0.923973362917259,0.9618717504193838,0.9591013824746674,0.7059561224582219,3.9013878188659974,518,cvc-clinicdb,segformer,polypseg/runs/segformer_seed2024/best.pth,True
0.9674463881782934,0.9369454303408554,0.9668097281775861,0.9680838872280078,0.5854984460891226,6.066210024238572,519,cvc-clinicdb,segformer,polypseg/runs/segformer_seed2024/best.pth,True
0.7465879748894656,0.5956444967277431,0.609271523142127,0.9638095237177323,0.3214285226261412,17.0,52,cvc-clinicdb,segformer,polypseg/runs/segformer_seed2024/best.pth,True
0.9776281297998336,0.9562353565228936,0.9645930880670475,0.9910202959591743,0.697278913255418,3.1622776601683795,520,cvc-clinicdb,segformer,polypseg/runs/segformer_seed2024/best.pth,True
0.9663700799227548,0.9349285088908187,0.9865544493381242,0.9469950738822955,0.7767651919335332,5.0,521,cvc-clinicdb,segformer,polypseg/runs/segformer_seed2024/best.pth,True
0.9356622605817665,0.8791027753025079,0.9436811318059627,0.9277785207847027,0.5114570964745956,8.246211251235321,522,cvc-clinicdb,segformer,polypseg/runs/segformer_seed2024/best.pth,True
0.9622294814111654,0.9272083415123509,0.9550151975490372,0.9695535897763927,0.8492895776349157,4.0,523,cvc-clinicdb,segformer,polypseg/runs/segformer_seed2024/best.pth,True
0.9805604645266838,0.9618623080685396,0.9785347173184594,0.9825946164694263,0.8265892070786733,4.0,524,cvc-clinicdb,segformer,polypseg/runs/segformer_seed2024/best.pth,True
0.9778141480224686,0.9565913538431187,0.9719812002804412,0.9837175265186268,0.8139247232975968,3.0,525,cvc-clinicdb,segformer,polypseg/runs/segformer_seed2024/best.pth,True
0.9531314807077493,0.9104595879453196,0.9678700360894359,0.9388350647725127,0.5655795231157892,5.0,526,cvc-clinicdb,segformer,polypseg/runs/segformer_seed2024/best.pth,True
0.9724142004786318,0.9463094964250826,0.9745441629058187,0.9702935282214983,0.8557064110855082,4.0,527,cvc-clinicdb,segformer,polypseg/runs/segformer_seed2024/best.pth,True
0.9657180426365843,0.9337086814299518,0.9635460594043337,0.9678998399607652,0.6501103025093415,3.605551275463989,528,cvc-clinicdb,segformer,polypseg/runs/segformer_seed2024/best.pth,True
0.708661417313214,0.5487804877933393,0.5487804877933393,0.9999999999616859,0.12027486518111127,85.85486898905417,529,cvc-clinicdb,segformer,polypseg/runs/segformer_seed2024/best.pth,True
0.8926430517224717,0.8061023621253837,0.8061023621253837,0.9999999998778999,0.751464631888009,5.094068537913144,53,cvc-clinicdb,segformer,polypseg/runs/segformer_seed2024/best.pth,True
0.49046374285516053,0.32491021036012174,0.32491021036012174,0.9999999999605211,0.16208004649533736,89.02387299231171,530,cvc-clinicdb,segformer,polypseg/runs/segformer_seed2024/best.pth,True
0.8145251396534284,0.6870876531412091,0.6870876531412091,0.9999999999657065,0.2105790426838878,11.0,531,cvc-clinicdb,segformer,polypseg/runs/segformer_seed2024/best.pth,True
0.7081618311343423,0.5481815355836466,0.5481815355836466,0.9999999999716473,0.058583133342426416,136.10635558110036,532,cvc-clinicdb,segformer,polypseg/runs/segformer_seed2024/best.pth,True
0.5411349133970993,0.3709286885857148,0.3709286885857148,0.999999999978943,0.029511871421081106,73.44719365817829,533,cvc-clinicdb,segformer,polypseg/runs/segformer_seed2024/best.pth,True
0.7834985609159993,0.644058885377034,0.644058885377034,0.9999999999836735,0.09580833388076694,24.0,534,cvc-clinicdb,segformer,polypseg/runs/segformer_seed2024/best.pth,True
0.8165702790997198,0.6900031870743651,0.6900031870743651,0.9999999999846035,0.05294820550021229,18.110770276274835,535,cvc-clinicdb,segformer,polypseg/runs/segformer_seed2024/best.pth,True
0.016691672918073032,0.008416075650038619,0.023249738766372787,0.013019309537550917,0.0,169.69634086299723,536,cvc-clinicdb,segformer,polypseg/runs/segformer_seed2024/best.pth,True
0.895598771741089,0.810936051884876,0.810936051884876,0.9999999999771428,0.2870990802240835,7.120079970537347,537,cvc-clinicdb,segformer,polypseg/runs/segformer_seed2024/best.pth,True
0.765072414948088,0.6195281603624775,0.6195281603624775,0.9999999999779882,0.08862270678879544,147.6324634692134,538,cvc-clinicdb,segformer,polypseg/runs/segformer_seed2024/best.pth,True
0.9225232051466659,0.8561884669379255,0.8659317211846143,0.9870287798812725,0.3774815812046749,7.810249675906654,539,cvc-clinicdb,segformer,polypseg/runs/segformer_seed2024/best.pth,True
0.20279880706118839,0.11284146029837015,0.11289910599967053,0.9954954952712848,0.21797320138486645,101.08311945654839,54,cvc-clinicdb,segformer,polypseg/runs/segformer_seed2024/best.pth,True
0.9665481459946065,0.9352619014117731,0.9583423267792046,0.9748957037182544,0.6728805536439393,4.0,540,cvc-clinicdb,segformer,polypseg/runs/segformer_seed2024/best.pth,True
0.8144260328348621,0.6869466228094239,0.6898259875436323,0.9939604685030388,0.22435218187710554,95.89415678165321,541,cvc-clinicdb,segformer,polypseg/runs/segformer_seed2024/best.pth,True
0.8132913426260473,0.6853336221762854,0.6875679200099155,0.9952807928111487,0.2627352218255682,149.2084032311788,542,cvc-clinicdb,segformer,polypseg/runs/segformer_seed2024/best.pth,True
0.774747474744214,0.6323165704820533,0.6323165704820533,0.999999999989135,0.16728619635094927,41.58163817897378,543,cvc-clinicdb,segformer,polypseg/runs/segformer_seed2024/best.pth,True
0.9523130706277286,0.9089672152331931,0.9111515230180479,0.9973695435731738,0.4818048063115015,7.0710678118654755,544,cvc-clinicdb,segformer,polypseg/runs/segformer_seed2024/best.pth,True
0.9247992929150416,0.8601178243477172,0.8601178243477172,0.9999999999840714,0.3806111271555602,6.0,545,cvc-clinicdb,segformer,polypseg/runs/segformer_seed2024/best.pth,True
0.9115883736744965,0.8375400920256932,0.8385925718955796,0.9985037406317788,0.4840389859346772,9.848857801796104,546,cvc-clinicdb,segformer,polypseg/runs/segformer_seed2024/best.pth,True
0.7465185416934241,0.5955561103408369,0.5988452365934624,0.9908618899067319,0.3626514143847848,45.140408882089915,547,cvc-clinicdb,segformer,polypseg/runs/segformer_seed2024/best.pth,True
0.8965018791493459,0.8124181294103692,0.8419766494591098,0.9585780525354162,0.4298983813419444,26.215378930012236,548,cvc-clinicdb,segformer,polypseg/runs/segformer_seed2024/best.pth,True
0.54144954996349,0.3712244235020713,0.5137078651454514,0.5723585377780491,0.18367189109741333,89.79976413429229,549,cvc-clinicdb,segformer,polypseg/runs/segformer_seed2024/best.pth,True
0.843062926395522,0.7287024900748752,0.850152905068784,0.836090225438182,0.63842821258704,6.0,55,cvc-clinicdb,segformer,polypseg/runs/segformer_seed2024/best.pth,True
0.8748907776560895,0.7776051962612595,0.8523448382471391,0.8986618798808965,0.4038146667030987,11.466791635666185,550,cvc-clinicdb,segformer,polypseg/runs/segformer_seed2024/best.pth,True
0.922286346739487,0.8557805164193695,0.9021033096055969,0.943393174818965,0.6060490891703414,6.082762530298219,551,cvc-clinicdb,segformer,polypseg/runs/segformer_seed2024/best.pth,True
0.6819383259874342,0.517379679140062,0.5188971758944196,0.9943793158664785,0.38398158636750984,42.01130792144001,552,cvc-clinicdb,segformer,polypseg/runs/segformer_seed2024/best.pth,True
0.8919124977954846,0.8049116121434856,0.8302216399079569,0.9635073492021857,0.5117432174172826,20.0,553,cvc-clinicdb,segformer,polypseg/runs/segformer_seed2024/best.pth,True
0.9162805391695646,0.8454960645141822,0.857241379301899,0.9840533815767466,0.6477423400066835,19.0,554,cvc-clinicdb,segformer,polypseg/runs/segformer_seed2024/best.pth,True
0.838329519446005,0.7216586230599659,0.7240118577003556,0.9955163043343,0.42504710149687763,31.53945316962711,555,cvc-clinicdb,segformer,polypseg/runs/segformer_seed2024/best.pth,True
0.7520981955478803,0.6026902059638277,0.6027915580542942,0.9997210988565093,0.3206354265813428,49.268342432577775,556,cvc-clinicdb,segformer,polypseg/runs/segformer_seed2024/best.pth,True
0.7572509043028132,0.6093353090536692,0.6127075351148072,0.9910483731969177,0.3538584178029127,36.647591672785225,557,cvc-clinicdb,segformer,polypseg/runs/segformer_seed2024/best.pth,True
0.6821564712247706,0.5176308539897371,0.5209796672779946,0.9877343612933637,0.30808076051268185,43.78326504397837,558,cvc-clinicdb,segformer,polypseg/runs/segformer_seed2024/best.pth,True
0.0,0.0,0.0,0.0,0.0,,559,cvc-clinicdb,segformer,polypseg/runs/segformer_seed2024/best.pth,True
0.9137123745666603,0.8411330049002115,0.8662016486725999,0.966737438040809,0.5457128822703795,6.0,56,cvc-clinicdb,segformer,polypseg/runs/segformer_seed2024/best.pth,True
0.5412878503227794,0.3710724219597087,0.384870178433755,0.9118987341541291,0.24575908754246223,41.400483088968905,560,cvc-clinicdb,segformer,polypseg/runs/segformer_seed2024/best.pth,True
0.5966248743554111,0.4251357056662761,0.4280075901295787,0.9844622904856065,0.36173707523156473,47.27788005635305,561,cvc-clinicdb,segformer,polypseg/runs/segformer_seed2024/best.pth,True
0.6408844890565717,0.4715452688871916,0.47723045125403213,0.9753590537739318,0.2740664272898537,44.301783696676054,562,cvc-clinicdb,segformer,polypseg/runs/segformer_seed2024/best.pth,True
0.9340376191663058,0.8762388203941968,0.9944220921635476,0.880566801612303,0.527054883015507,9.874176369203884,563,cvc-clinicdb,segformer,polypseg/runs/segformer_seed2024/best.pth,True
0.9402319357681377,0.8872053871991638,0.9353645910299114,0.9451502017565001,0.5682809141651363,9.021699056602811,564,cvc-clinicdb,segformer,polypseg/runs/segformer_seed2024/best.pth,True
0.6967819009904548,0.5346625415346931,0.5361369642621157,0.9948827292004809,0.26475014518142576,48.031235321783534,565,cvc-clinicdb,segformer,polypseg/runs/segformer_seed2024/best.pth,True
0.5394184034884305,0.3693175408869789,0.3777547017378821,0.9429723502032554,0.39704531331347087,43.4539504745346,566,cvc-clinicdb,segformer,polypseg/runs/segformer_seed2024/best.pth,True
0.5830012200033916,0.4114338193041966,0.41342715422293885,0.9884169883897294,0.31546386969412993,38.781335716335384,567,cvc-clinicdb,segformer,polypseg/runs/segformer_seed2024/best.pth,True
0.37016185783356226,0.2271157167432161,0.3537323469836091,0.38819188189017034,0.20712701131005418,78.56588025362151,568,cvc-clinicdb,segformer,polypseg/runs/segformer_seed2024/best.pth,True
0.6117980422383849,0.4407125626193967,0.4547195098515275,0.9346713891800602,0.3242277352103684,27.825294727707202,569,cvc-clinicdb,segformer,polypseg/runs/segformer_seed2024/best.pth,True
0.8261706221672172,0.7038251365735614,0.7301587301173379,0.951255539073024,0.3755588174688733,9.0,57,cvc-clinicdb,segformer,polypseg/runs/segformer_seed2024/best.pth,True
0.5537274019794084,0.3828651685285712,0.4667808219018226,0.6804792810444094,0.3680781260151369,71.57370672800202,570,cvc-clinicdb,segformer,polypseg/runs/segformer_seed2024/best.pth,True
0.5120635117502198,0.34414339307758113,0.34443053816984204,0.997583373586332,0.17106814323884867,39.21160491176173,571,cvc-clinicdb,segformer,polypseg/runs/segformer_seed2024/best.pth,True
0.9595638346097277,0.9222707423379417,0.9670329670108281,0.9522091974537374,0.8717795068693633,3.0,572,cvc-clinicdb,segformer,polypseg/runs/segformer_seed2024/best.pth,True
0.3371526586597794,0.2027562303993831,0.20287342085539695,0.9971590908686219,0.22653907535717469,101.40241600723017,573,cvc-clinicdb,segformer,polypseg/runs/segformer_seed2024/best.pth,True
0.7800045034726413,0.6393503137453175,0.7944954128075921,0.7660327288471459,0.4196077932879721,20.605820989642584,574,cvc-clinicdb,segformer,polypseg/runs/segformer_seed2024/best.pth,True
0.7898089171875883,0.6526315789338982,0.9183851292210751,0.6928133216324975,0.44522726507371513,38.19643630752647,575,cvc-clinicdb,segformer,polypseg/runs/segformer_seed2024/best.pth,True
0.0,0.0,0.0,0.0,0.0,181.56123917498059,576,cvc-clinicdb,segformer,polypseg/runs/segformer_seed2024/best.pth,True
0.2580150329765606,0.14811553363599655,0.8899470898529157,0.15087908144688053,0.14624202090453076,141.81630117655303,577,cvc-clinicdb,segformer,polypseg/runs/segformer_seed2024/best.pth,True
0.8620790629491256,0.7575913535639459,0.9349989413310397,0.7997102498949709,0.5473492176697377,65.83536854222547,578,cvc-clinicdb,segformer,polypseg/runs/segformer_seed2024/best.pth,True
0.6759810350011299,0.510552380948491,0.9735580415375046,0.5177315923625301,0.38846270778523456,147.32441247148978,579,cvc-clinicdb,segformer,polypseg/runs/segformer_seed2024/best.pth,True
0.8747946105529151,0.7774532709826254,0.7820211515404217,0.9925428783749035,0.5374778773161899,6.324555320336759,58,cvc-clinicdb,segformer,polypseg/runs/segformer_seed2024/best.pth,True
0.5892484574040517,0.4176840780338723,0.9642597704349228,0.4242521094322152,0.3411326912263919,159.10782493782148,580,cvc-clinicdb,segformer,polypseg/runs/segformer_seed2024/best.pth,True
0.5642563333696065,0.3930063189440237,0.978011727065858,0.39650980603816244,0.468077613628049,146.26595914242964,581,cvc-clinicdb,segformer,polypseg/runs/segformer_seed2024/best.pth,True
0.9565217391249264,0.9166666666565488,0.9598936661932512,0.9531734190180973,0.6585156251162532,7.615773105863909,582,cvc-clinicdb,segformer,polypseg/runs/segformer_seed2024/best.pth,True
0.8232824735543449,0.6996432491671289,0.7026319415639709,0.9939571149903712,0.438396285672292,27.290988657490434,583,cvc-clinicdb,segformer,polypseg/runs/segformer_seed2024/best.pth,True
0.5631121281412987,0.391897056944937,0.39199694150131265,0.9993502273879354,0.42756238887508463,65.60487786742691,584,cvc-clinicdb,segformer,polypseg/runs/segformer_seed2024/best.pth,True
0.04495634404523581,0.02299505891252385,0.04079568442209051,0.05006206040339007,0.04469269164980814,135.51365139601862,585,cvc-clinicdb,segformer,polypseg/runs/segformer_seed2024/best.pth,True
0.8700369913579526,0.7699694456401142,0.9613079018811633,0.7945945945766983,0.45860230482300596,14.173876274650375,586,cvc-clinicdb,segformer,polypseg/runs/segformer_seed2024/best.pth,True
0.9183270507822954,0.8489877198523403,0.8492695882852168,0.999609222313419,0.5176013095649913,4.0,587,cvc-clinicdb,segformer,polypseg/runs/segformer_seed2024/best.pth,True
0.8985823336772393,0.8158415841261053,0.8579758433628498,0.9432234431802554,0.5135854789036425,6.0,588,cvc-clinicdb,segformer,polypseg/runs/segformer_seed2024/best.pth,True
0.9082071415048008,0.8318493150400053,0.8378751293260478,0.991428571388105,0.6659812393508439,10.002493781056044,589,cvc-clinicdb,segformer,polypseg/runs/segformer_seed2024/best.pth,True
0.8810165575324984,0.7873365450249596,0.7933425796953298,0.9904761903904349,0.5734778158934456,5.034656829757474,59,cvc-clinicdb,segformer,polypseg/runs/segformer_seed2024/best.pth,True
0.9431407942025465,0.8923996583735099,0.9146608314698179,0.9734513273882883,0.8396859924626396,5.0,590,cvc-clinicdb,segformer,polypseg/runs/segformer_seed2024/best.pth,True
0.9257898603740928,0.8618331052958581,0.8915094339202119,0.9628120223656234,0.7694089883118153,6.288286401830977,591,cvc-clinicdb,segformer,polypseg/runs/segformer_seed2024/best.pth,True
0.8588877579267244,0.752675964956979,0.7723414877554944,0.9672780324933873,0.5671835036805398,18.27560563084245,592,cvc-clinicdb,segformer,polypseg/runs/segformer_seed2024/best.pth,True
0.828790141889201,0.70763589987713,0.717240264974677,0.9814282555608793,0.4620467528242983,25.553864678361276,593,cvc-clinicdb,segformer,polypseg/runs/segformer_seed2024/best.pth,True
0.9340878828125377,0.8763272954221044,0.9124214177127158,0.9568083655158717,0.6054133234939059,5.0,594,cvc-clinicdb,segformer,polypseg/runs/segformer_seed2024/best.pth,True
0.8460436236133412,0.7331677703991952,0.7668109667888366,0.9435369317846756,0.5289868959473001,14.317821063276353,595,cvc-clinicdb,segformer,polypseg/runs/segformer_seed2024/best.pth,True
0.7715244129561774,0.6280339805634698,0.6339969371934457,0.9852451213238818,0.5432441325326115,15.811388300841896,596,cvc-clinicdb,segformer,polypseg/runs/segformer_seed2024/best.pth,True
0.6817447495740955,0.5171568627197471,0.532559313451158,0.9470377018898529,0.4234905688428524,26.76600044964766,597,cvc-clinicdb,segformer,polypseg/runs/segformer_seed2024/best.pth,True
0.8542730677416706,0.7456166418797737,0.764007308137515,0.9687258686884662,0.41848874052774176,10.0,598,cvc-clinicdb,segformer,polypseg/runs/segformer_seed2024/best.pth,True
0.9175325529275611,0.8476306196634841,0.8913876820625763,0.945257452548909,0.584264252469733,7.0,599,cvc-clinicdb,segformer,polypseg/runs/segformer_seed2024/best.pth,True
0.7335005729482688,0.5791558663834344,0.9922909334590891,0.581773520016793,0.4716661887026465,68.88105681066295,6,cvc-clinicdb,segformer,polypseg/runs/segformer_seed2024/best.pth,True
0.8525300255788043,0.7429649965427947,0.9232409381269407,0.7918800292321917,0.4944227680570392,17.804493814764857,60,cvc-clinicdb,segformer,polypseg/runs/segformer_seed2024/best.pth,True
0.9327860441198746,0.8740384615291235,0.8773190348431386,0.995740019462077,0.46260986363142337,9.433981132056603,600,cvc-clinicdb,segformer,polypseg/runs/segformer_seed2024/best.pth,True
0.9317498020512133,0.8722205751427183,0.8841472576876913,0.984769874460506,0.6476600638797769,8.489603370785765,601,cvc-clinicdb,segformer,polypseg/runs/segformer_seed2024/best.pth,True
0.9554099913112192,0.9146267754470441,0.9551838409191229,0.9556362488008268,0.7714137252578979,3.605551275463989,602,cvc-clinicdb,segformer,polypseg/runs/segformer_seed2024/best.pth,True
0.8927319189344938,0.8062473164361716,0.8073739653788307,0.9982721956273489,0.6111341765847568,17.0,603,cvc-clinicdb,segformer,polypseg/runs/segformer_seed2024/best.pth,True
0.607053826975316,0.4358056604995307,0.43586344050092235,0.999695909974157,0.42284967784682853,58.0,604,cvc-clinicdb,segformer,polypseg/runs/segformer_seed2024/best.pth,True
0.7536582091454738,0.6046962516026563,0.6067877215605969,0.9943322705988548,0.34132865498821124,31.000806241927084,605,cvc-clinicdb,segformer,polypseg/runs/segformer_seed2024/best.pth,True
0.790901743438507,0.6541252864657349,0.6631171345466967,0.979691075486851,0.43914479674963375,27.216703084037107,606,cvc-clinicdb,segformer,polypseg/runs/segformer_seed2024/best.pth,True
0.7150621117873629,0.556495468261133,0.5761651548146336,0.9421994884428542,0.4247707976174666,22.0,607,cvc-clinicdb,segformer,polypseg/runs/segformer_seed2024/best.pth,True
0.6893464637333502,0.5259562841427409,0.5361050328120927,0.9652578796215883,0.3835615942953714,31.0,608,cvc-clinicdb,segformer,polypseg/runs/segformer_seed2024/best.pth,True
0.745722171106295,0.594543054120661,0.5982287822789929,0.9897435897194202,0.5310332872670392,31.74971861067427,609,cvc-clinicdb,segformer,polypseg/runs/segformer_seed2024/best.pth,True
0.8828049951757252,0.7901977643684353,0.9306329113452844,0.8396528094636979,0.6096456500412212,10.513065327622964,61,cvc-clinicdb,segformer,polypseg/runs/segformer_seed2024/best.pth,True
0.783219402558449,0.6436816992358984,0.6519095868955276,0.9807692307462297,0.5241275850061367,26.771087184414842,610,cvc-clinicdb,segformer,polypseg/runs/segformer_seed2024/best.pth,True
0.8140821101806628,0.6864573990908259,0.7055678465946614,0.9620412267229251,0.5355105233514973,22.0,611,cvc-clinicdb,segformer,polypseg/runs/segformer_seed2024/best.pth,True
0.780608365004171,0.6401621452871793,0.657170294473202,0.961142322052381,0.4595073830877733,16.0,612,cvc-clinicdb,segformer,polypseg/runs/segformer_seed2024/best.pth,True
0.8868376068072876,0.7966830466341104,0.8455019556163297,0.9324227174024139,0.5501048669388081,5.407454161520036,62,cvc-clinicdb,segformer,polypseg/runs/segformer_seed2024/best.pth,True
0.9446589446285503,0.8951219511649315,0.9112352575474093,0.9806279224461838,0.9260720362983473,2.23606797749979,63,cvc-clinicdb,segformer,polypseg/runs/segformer_seed2024/best.pth,True
0.9313835770179459,0.8715789473072576,0.8833570411889504,0.9849325931019085,0.8365515224672878,3.1622776601683795,64,cvc-clinicdb,segformer,polypseg/runs/segformer_seed2024/best.pth,True
0.9070422534891887,0.8298969071630221,0.874999999940557,0.9415204677674327,0.6985146027798866,6.0,65,cvc-clinicdb,segformer,polypseg/runs/segformer_seed2024/best.pth,True
0.8979097242987607,0.8147333699387173,0.8717647058310726,0.9256714552825939,0.6171578287909184,5.0,66,cvc-clinicdb,segformer,polypseg/runs/segformer_seed2024/best.pth,True
0.8922139096455469,0.805402701310385,0.8500527982655727,0.9387755101493425,0.5763591289781694,6.0,67,cvc-clinicdb,segformer,polypseg/runs/segformer_seed2024/best.pth,True
0.6527486102492109,0.48450394277934616,0.5503593375632708,0.8019426316466544,0.28725875729726086,126.49110640673517,68,cvc-clinicdb,segformer,polypseg/runs/segformer_seed2024/best.pth,True
0.7743453956818375,0.6317810849432655,0.6444662095668724,0.9697862932225655,0.5438691337018655,22.72565943194327,69,cvc-clinicdb,segformer,polypseg/runs/segformer_seed2024/best.pth,True
0.5798411061902485,0.4082931203808844,0.9968720675529468,0.4088168640680343,0.2009771627888865,76.3162799587273,7,cvc-clinicdb,segformer,polypseg/runs/segformer_seed2024/best.pth,True
0.8517247606853581,0.741742686356032,0.9477491961033864,0.7733683174557767,0.5877719111132739,11.011340254296815,70,cvc-clinicdb,segformer,polypseg/runs/segformer_seed2024/best.pth,True
0.4967067028091164,0.330412371116989,0.37529274002486573,0.7342497135470505,0.38377439449556533,35.34968107325426,71,cvc-clinicdb,segformer,polypseg/runs/segformer_seed2024/best.pth,True
0.8397250361642598,0.7237293420416674,0.8712462462135419,0.8104050279046646,0.5135927088529502,38.39901763852541,72,cvc-clinicdb,segformer,polypseg/runs/segformer_seed2024/best.pth,True
0.6984015457456807,0.5365721997156121,0.7717391304048238,0.637792749418101,0.31442842153069694,42.00831748546267,73,cvc-clinicdb,segformer,polypseg/runs/segformer_seed2024/best.pth,True
0.6419644814592861,0.4727155311439227,0.8057237203739283,0.5335276967735595,0.32467528128690076,171.0932176712562,74,cvc-clinicdb,segformer,polypseg/runs/segformer_seed2024/best.pth,True
0.6203301476841805,0.4496221662326945,0.756756756716653,0.5255796834550762,0.2862804788094459,166.2385248663473,75,cvc-clinicdb,segformer,polypseg/runs/segformer_seed2024/best.pth,True
0.8394160583737369,0.7232704402212465,0.7840909090552687,0.9031413612092596,0.5905081075293176,15.580380850202665,76,cvc-clinicdb,segformer,polypseg/runs/segformer_seed2024/best.pth,True
0.7540080160131761,0.6051467631441437,0.8152762729785874,0.7013047529962114,0.5966563747276991,62.09452076619567,77,cvc-clinicdb,segformer,polypseg/runs/segformer_seed2024/best.pth,True
0.5118921775830881,0.3439886343394781,0.34447803662912185,0.9958868894089518,0.2357917402438985,163.49429592603107,78,cvc-clinicdb,segformer,polypseg/runs/segformer_seed2024/best.pth,True
0.8946360153042473,0.8093587521313104,0.8708624708218713,0.919743968443144,0.5665859064191073,6.60142603922608,79,cvc-clinicdb,segformer,polypseg/runs/segformer_seed2024/best.pth,True
0.7932439754050712,0.6573358319643268,0.9541539158962136,0.6787744406342319,0.46544638298376484,83.15887347682242,8,cvc-clinicdb,segformer,polypseg/runs/segformer_seed2024/best.pth,True
0.8164556961766944,0.6898395721556235,0.6898395721556235,0.9999999999224806,0.1964759336497325,6.0,80,cvc-clinicdb,segformer,polypseg/runs/segformer_seed2024/best.pth,True
0.6683571816669609,0.5019042437397857,0.5025536261457095,0.9974320854034676,0.17256364456726356,63.60974604916161,81,cvc-clinicdb,segformer,polypseg/runs/segformer_seed2024/best.pth,True
0.9392691029775513,0.8854923577828742,0.9061538461306115,0.9748965516972443,0.6691175970615305,5.0,82,cvc-clinicdb,segformer,polypseg/runs/segformer_seed2024/best.pth,True
0.8381794538317909,0.7214362464118782,0.721824045863449,0.999255860089306,0.19758669458722183,33.73049287885406,83,cvc-clinicdb,segformer,polypseg/runs/segformer_seed2024/best.pth,True
0.9435430306391162,0.8931201724287207,0.940064284346,0.9470476190295801,0.6273009086390068,7.0710678118654755,84,cvc-clinicdb,segformer,polypseg/runs/segformer_seed2024/best.pth,True
0.9166004765614248,0.8460410557060698,0.8538029002537171,0.9893689986112935,0.4288348717272932,8.126641474326414,85,cvc-clinicdb,segformer,polypseg/runs/segformer_seed2024/best.pth,True
0.9387583892538695,0.8845849802231687,0.9624978496307846,0.91616178154714,0.5273445743378732,5.0,86,cvc-clinicdb,segformer,polypseg/runs/segformer_seed2024/best.pth,True
0.9511204692363429,0.906796673345185,0.91599072999832,0.9890522364562238,0.6103318575627898,4.123105625617661,87,cvc-clinicdb,segformer,polypseg/runs/segformer_seed2024/best.pth,True
0.9462614365238587,0.8980039919980438,0.9008810572506832,0.9964562568993033,0.6438559738657601,4.123105625617661,88,cvc-clinicdb,segformer,polypseg/runs/segformer_seed2024/best.pth,True
0.9621385272685864,0.9270394484694171,0.92971000574362,0.9969110378707391,0.8622618137189508,2.9227922061357874,89,cvc-clinicdb,segformer,polypseg/runs/segformer_seed2024/best.pth,True
0.610111396740883,0.438964241673935,0.947228381360721,0.449968401092269,0.436878781679112,99.9494602430107,9,cvc-clinicdb,segformer,polypseg/runs/segformer_seed2024/best.pth,True
0.9540251454217111,0.9120918550248998,0.9143884891921873,0.9972538250098617,0.6586911382895093,3.605551275463989,90,cvc-clinicdb,segformer,polypseg/runs/segformer_seed2024/best.pth,True
0.9151888974468466,0.84363894810157,0.84363894810157,0.9999999999789385,0.30144021773817986,6.008276253029819,91,cvc-clinicdb,segformer,polypseg/runs/segformer_seed2024/best.pth,True
0.8827663134313132,0.7901357827318264,0.7901357827318264,0.9999999999747283,0.5315170548065817,13.0,92,cvc-clinicdb,segformer,polypseg/runs/segformer_seed2024/best.pth,True
0.9446891825630851,0.8951762522983494,0.9061032863637065,0.9867075664369451,0.7624168083399411,5.932380757938114,93,cvc-clinicdb,segformer,polypseg/runs/segformer_seed2024/best.pth,True
0.9128119452760487,0.8396081444325854,0.8503891050418213,0.9851250844943628,0.46811351325251593,9.055385138137417,94,cvc-clinicdb,segformer,polypseg/runs/segformer_seed2024/best.pth,True
0.8942735634369076,0.8087656529372313,0.8132757690085758,0.9931898066565644,0.38802167533797327,10.0,95,cvc-clinicdb,segformer,polypseg/runs/segformer_seed2024/best.pth,True
0.8822243048955303,0.7892677473301795,0.7892677473301795,0.9999999999763929,0.38324775072777617,14.0,96,cvc-clinicdb,segformer,polypseg/runs/segformer_seed2024/best.pth,True
0.8616012833475047,0.7568537022609056,0.8495829738035783,0.8739644970155632,0.4795620790727757,13.380635030817695,97,cvc-clinicdb,segformer,polypseg/runs/segformer_seed2024/best.pth,True
0.9732129495636593,0.9478235522644012,0.9632665152467338,0.9833669354739579,0.8136485611053222,3.0,98,cvc-clinicdb,segformer,polypseg/runs/segformer_seed2024/best.pth,True
0.9566784593754978,0.9169545745244152,0.9334375406938461,0.9811062431410035,0.6675956023511037,5.0,99,cvc-clinicdb,segformer,polypseg/runs/segformer_seed2024/best.pth,True
