dice,iou,precision,recall,boundary_f1,hd95,name,dataset,model,checkpoint,tta
0.9603321248965497,0.9236912555377299,0.9376769891273005,0.9841091031087098,0.44249814631146767,10.0,cju14hjh2ob2o0835ouz3r5aa,kvasir-seg,unetpp,polypseg/runs/unetpp_seed42/best.pth,True
0.959962236620521,0.9230070968781344,0.9475333916896407,0.972721474950798,0.5772520324326545,13.412670674955114,cju16jgnyzp970878melv7r25,kvasir-seg,unetpp,polypseg/runs/unetpp_seed42/best.pth,True
0.951784115603635,0.908003904321425,0.9697680479288567,0.9344550476912493,0.6584070296536964,4.236663934044202,cju17r8il13910799dr2wme2e,kvasir-seg,unetpp,polypseg/runs/unetpp_seed42/best.pth,True
0.9769215543960191,0.9548843088168936,0.9663760246411361,0.9876997785400152,0.6417894058869817,7.827097897638741,cju18849rrsgr0988p90hkygb,kvasir-seg,unetpp,polypseg/runs/unetpp_seed42/best.pth,True
0.9463391020187671,0.8981438941427081,0.8985567199811613,0.9994887264123958,0.42538349256024355,13.499686054680243,cju1b75x63ddl0799sdp0i2j3,kvasir-seg,unetpp,polypseg/runs/unetpp_seed42/best.pth,True
0.9592987183346513,0.9217810482558112,0.9787130145400974,0.9406396662602636,0.27017691761449153,19.313207915827967,cju1c0qb4tzi308355wtsnp0y,kvasir-seg,unetpp,polypseg/runs/unetpp_seed42/best.pth,True
0.9792993776095311,0.9594384054709632,0.9725000453776977,0.9861944556915911,0.600608938643157,97.0,cju1c3218411b08014g9f6gig,kvasir-seg,unetpp,polypseg/runs/unetpp_seed42/best.pth,True
0.9404908419570677,0.8876665527783555,0.9331274242139553,0.9479713952061589,0.523503868588497,294.6082144136514,cju1cbokpuiw70988j4lq1fpi,kvasir-seg,unetpp,polypseg/runs/unetpp_seed42/best.pth,True
0.9559829279555818,0.9156774860812901,0.922081142739202,0.9924727738576101,0.47341881298820093,8.94427190999916,cju1cdxvz48hw0801i0fjwcnk,kvasir-seg,unetpp,polypseg/runs/unetpp_seed42/best.pth,True
0.12740226867900425,0.06803504380469917,0.9718712753161873,0.06816927784367367,0.16902946860791226,304.8622639816217,cju1drnhbrb9409935wi7vkhg,kvasir-seg,unetpp,polypseg/runs/unetpp_seed42/best.pth,True
0.9777664802559265,0.9565001160407264,0.9585340731602534,0.9977864628333352,0.7648404147582247,8.06225774829855,cju1haab178i70799tk9z8y8x,kvasir-seg,unetpp,polypseg/runs/unetpp_seed42/best.pth,True
0.9708070978809722,0.9432703003316056,0.98455822593525,0.9574347973332789,0.6837592901446532,21.606601717798213,cju2hos57llxm08359g92p6jj,kvasir-seg,unetpp,polypseg/runs/unetpp_seed42/best.pth,True
0.96464395819162,0.9317026406749387,0.9342946617130081,0.9970311649941758,0.28843210673566205,14.926337811025185,cju2hw5gjlr5h0988so2qqres,kvasir-seg,unetpp,polypseg/runs/unetpp_seed42/best.pth,True
0.9834644737613267,0.9674668994602539,0.9771344599544789,0.989877035756409,0.7269743555789634,7.810249675906654,cju2lberzkdzm09938cl40pog,kvasir-seg,unetpp,polypseg/runs/unetpp_seed42/best.pth,True
0.969356796114054,0.940535766848491,0.9448003942782415,0.9952237566140836,0.6953419138112525,7.464724658401368,cju2lcyfgkf5809932fn9gucn,kvasir-seg,unetpp,polypseg/runs/unetpp_seed42/best.pth,True
0.9578713968947611,0.9191489361683233,0.9314029788544289,0.9858881636951272,0.39138797003262915,8.0,cju2nqapmzvk20801f9us40dx,kvasir-seg,unetpp,polypseg/runs/unetpp_seed42/best.pth,True
0.9522039607382768,0.9087684292156702,0.9093228328938532,0.9993295544523719,0.31959693810103257,7.211102550927978,cju2nsmwjlzyl0993jl80chvz,kvasir-seg,unetpp,polypseg/runs/unetpp_seed42/best.pth,True
0.9684549545553506,0.9388392284293279,0.9471435968202142,0.990747427328982,0.6810182975978166,8.48528137423857,cju2otvvv0l7z0855x7we8cb0,kvasir-seg,unetpp,polypseg/runs/unetpp_seed42/best.pth,True
0.9788627167856239,0.9586005063925599,0.9691167181909872,0.9888067295265287,0.7447937433874677,7.615773105863909,cju2pjb9v0ywn0878j5g5n69j,kvasir-seg,unetpp,polypseg/runs/unetpp_seed42/best.pth,True
0.9834904582764802,0.9675171928135029,0.9722588173290381,0.9949846303179521,0.5741684727358085,10.473308819446366,cju2qdj95ru8g09886gfi9rsz,kvasir-seg,unetpp,polypseg/runs/unetpp_seed42/best.pth,True
0.9810421997234999,0.9627898225591762,0.9780780427544651,0.9840243776149223,0.5806945125480231,6.798919902340896,cju2qn2fzs1vy0988l243cvzy,kvasir-seg,unetpp,polypseg/runs/unetpp_seed42/best.pth,True
0.9804496859315307,0.961649143159096,0.9884004283269248,0.9726258351506988,0.392429368531428,13.038404810405298,cju2qqn5ys4uo0988ewrt2ip2,kvasir-seg,unetpp,polypseg/runs/unetpp_seed42/best.pth,True
0.803966798760269,0.6721943821684288,0.9883179835143562,0.6775780133572245,0.3424701262361184,69.46041994142853,cju2qtee81yd708787bsjr75d,kvasir-seg,unetpp,polypseg/runs/unetpp_seed42/best.pth,True
0.890386836357306,0.8024299508436789,0.9451025609892644,0.8416598210030247,0.30103532903941055,56.356011214421486,cju2qxxko229x08786gvxxhur,kvasir-seg,unetpp,polypseg/runs/unetpp_seed42/best.pth,True
0.9791317832930887,0.9591167275748335,0.968218690963511,0.9902936897595238,0.5956557086795577,6.708203932499369,cju2r2obh2bjm08553kng0rh7,kvasir-seg,unetpp,polypseg/runs/unetpp_seed42/best.pth,True
0.9417490186895966,0.889910839036931,0.9823134535356646,0.9044019246279925,0.539883734873261,82.99397502890899,cju2r6mt2om21099352pny5gw,kvasir-seg,unetpp,polypseg/runs/unetpp_seed42/best.pth,True
0.979469293829121,0.9597646478508971,0.9671933250471024,0.9920608907808149,0.6050658608081237,7.0710678118654755,cju2rlqdnoz9k0993cpjae3x0,kvasir-seg,unetpp,polypseg/runs/unetpp_seed42/best.pth,True
0.8983547441762824,0.8154664484118058,0.8498933901556549,0.9526768641992029,0.5888113463500084,8.06225774829855,cju2rmd2rsw9g09888hh1efu0,kvasir-seg,unetpp,polypseg/runs/unetpp_seed42/best.pth,True
0.9652496904583966,0.9328334396787997,0.9728785357575228,0.95773955772387,0.838770555205483,6.909363379870801,cju2syxa93yw40799x2iuwabz,kvasir-seg,unetpp,polypseg/runs/unetpp_seed42/best.pth,True
0.9775747698924012,0.9561332614899598,0.9841027773881228,0.9711327982443856,0.7852533678679837,4.218733674818955,cju2t16vuucaq0835xcpsivn2,kvasir-seg,unetpp,polypseg/runs/unetpp_seed42/best.pth,True
0.9378456458896498,0.8829654957966819,0.8886281870726682,0.9928346731825163,0.39708880885710857,8.927174577851329,cju2t2ivz43i10878zeg8r1br,kvasir-seg,unetpp,polypseg/runs/unetpp_seed42/best.pth,True
0.9761471176494129,0.9534056449676148,0.9589981229413479,0.9939206030701324,0.7638738118922436,5.385164807134504,cju2upu4evw7g08358guwozxv,kvasir-seg,unetpp,polypseg/runs/unetpp_seed42/best.pth,True
0.5259715870163585,0.3568259487968199,0.9475402005974563,0.3640172482327777,0.3952661186634931,157.93509859125243,cju2uzabhs6er0993x3aaf87p,kvasir-seg,unetpp,polypseg/runs/unetpp_seed42/best.pth,True
0.9802787345802205,0.9613202821426677,0.9904451046840044,0.9703189483164745,0.5794264227992711,8.841687917112216,cju2xyd9vyi7m098831qcucse,kvasir-seg,unetpp,polypseg/runs/unetpp_seed42/best.pth,True
0.95796041739033,0.9193128873197185,0.9611487485061763,0.9547931690576275,0.35810829161031726,21.00594901040716,cju2yi9tz8vky0801yqip0xyl,kvasir-seg,unetpp,polypseg/runs/unetpp_seed42/best.pth,True
0.9752515378370367,0.9516984644002761,0.9578493817891385,0.9932977173365841,0.6980696459462256,15.0,cju2yyhsp933j0855hp32e012,kvasir-seg,unetpp,polypseg/runs/unetpp_seed42/best.pth,True
0.904569078210297,0.8257655140247656,0.8277894491081478,0.9970478667252615,0.4320785097864898,21.890590060232416,cju2zrojo9kcd0878ld2epejq,kvasir-seg,unetpp,polypseg/runs/unetpp_seed42/best.pth,True
0.9746112590187065,0.9504797742230005,0.952468937950421,0.9978075806346187,0.3667768497860743,17.09823983793108,cju30qbm1ad3x0855znuhpz9u,kvasir-seg,unetpp,polypseg/runs/unetpp_seed42/best.pth,True
0.9627852392724924,0.9282409735445628,0.9604557989439593,0.965126006478275,0.6002897624766593,8.97213595499958,cju30u1hbakn808019g15nb8b,kvasir-seg,unetpp,polypseg/runs/unetpp_seed42/best.pth,True
0.9799801638284539,0.9607461826493752,0.9645672138190428,0.9958936837315522,0.8869534411176779,3.0,cju3128yi0rpu0988o4oo5n8n,kvasir-seg,unetpp,polypseg/runs/unetpp_seed42/best.pth,True
0.9829905318561221,0.966550029912855,0.968463886061313,0.9979596038992194,0.5918822738125618,5.0,cju31y80qbawn0801twwm2l5s,kvasir-seg,unetpp,polypseg/runs/unetpp_seed42/best.pth,True
0.914845951207919,0.8430562943816712,0.977798670073765,0.8595089700760481,0.4644659669287946,60.14897579075416,cju32a52lb9rc0799xi40qs00,kvasir-seg,unetpp,polypseg/runs/unetpp_seed42/best.pth,True
0.9272436120576861,0.8643561786066452,0.9696396068414764,0.8883997064885856,0.4562546925985654,67.72559294173585,cju32gzs6xo8x0993r8tedbpb,kvasir-seg,unetpp,polypseg/runs/unetpp_seed42/best.pth,True
0.9727924291954334,0.9470261482141217,0.977121289776911,0.9685017550297039,0.7015394316778402,7.0,cju32srle1xfq083575i3fl75,kvasir-seg,unetpp,polypseg/runs/unetpp_seed42/best.pth,True
0.851624705370907,0.7415909322970661,0.7819963389667665,0.9348643221231273,0.1812798643814302,121.53464003749559,cju35c4wzdhow0799h6eq4sgs,kvasir-seg,unetpp,polypseg/runs/unetpp_seed42/best.pth,True
0.9022073106119528,0.8218376013369871,0.8315619862944426,0.9859703969567418,0.664060259268206,63.65094341490196,cju35fxqyzt5p0993vusm54qz,kvasir-seg,unetpp,polypseg/runs/unetpp_seed42/best.pth,True
0.9630302944212202,0.9286966526025072,0.9497170709817084,0.9767220765723352,0.27531839406840397,7.742182876391689,cju3ttznuftyf09875t11850w,kvasir-seg,unetpp,polypseg/runs/unetpp_seed42/best.pth,True
0.9845232431217595,0.9695182449555639,0.9703918936306063,0.999072250832135,0.4012641135593716,9.904520189781078,cju3u39fog1bo0871lxjrabks,kvasir-seg,unetpp,polypseg/runs/unetpp_seed42/best.pth,True
0.9304374311743745,0.8699233296804602,0.9588796329809033,0.9036339226775352,0.4462385327383162,43.0,cju3u4lxmg59o0755rz42b9en,kvasir-seg,unetpp,polypseg/runs/unetpp_seed42/best.pth,True
0.16149486021634404,0.08784030934792371,0.2995900908875496,0.11054119813171209,0.0324905440696401,225.33019865860786,cju3uhb79gcgr0871orbrbi3x,kvasir-seg,unetpp,polypseg/runs/unetpp_seed42/best.pth,True
0.7856886570660859,0.6470240615292063,0.9710499841139322,0.6597505148884694,0.314006276521117,166.93890813849467,cju3xeexgii1j0817zs68tb4g,kvasir-seg,unetpp,polypseg/runs/unetpp_seed42/best.pth,True
0.9503369386661173,0.9053733275689968,0.916948967315955,0.9862482369418635,0.5958296255073764,6.324555320336759,cju3xiic0ilzp0850lusrb42j,kvasir-seg,unetpp,polypseg/runs/unetpp_seed42/best.pth,True
0.951665825334732,0.9077886120030361,0.9635829286868952,0.9400398902899522,0.6381845697233262,6.708203932499369,cju41p90plcsx08018cnzpndc,kvasir-seg,unetpp,polypseg/runs/unetpp_seed42/best.pth,True
0.9822266563186228,0.9650740633133711,0.9828803845406437,0.9815737971235124,0.7453038937420211,4.141035884842902,cju41s6nbleqy0755e2mslg0b,kvasir-seg,unetpp,polypseg/runs/unetpp_seed42/best.pth,True
0.9805804418469525,0.9619007542130518,0.9702550037516888,0.9911280101361112,0.7028611453927114,5.0,cju422cm8lfxn0818ojicxejb,kvasir-seg,unetpp,polypseg/runs/unetpp_seed42/best.pth,True
0.9565074532047377,0.9166404265582251,0.9220211575403597,0.9936737666109211,0.3391973025422059,23.332360805762775,cju43gfosm63n08714rpih8pe,kvasir-seg,unetpp,polypseg/runs/unetpp_seed42/best.pth,True
0.9559851351801212,0.9156815361484865,0.974016951505317,0.9386088237242226,0.5312065894424127,32.859204205267616,cju5bmhdcafs909878qfzrqzi,kvasir-seg,unetpp,polypseg/runs/unetpp_seed42/best.pth,True
0.985576078231616,0.9715623390599077,0.9750866937937814,0.9962935934849859,0.5465328622819989,8.54400374531753,cju5boicjagt20871b1fotkh4,kvasir-seg,unetpp,polypseg/runs/unetpp_seed42/best.pth,True
0.9845521095708196,0.9695742330556198,0.9905167293585616,0.9786588944075375,0.7212229862430048,6.082762530298219,cju5ekty5ckzf07550c9u3ckk,kvasir-seg,unetpp,polypseg/runs/unetpp_seed42/best.pth,True
0.983219301402977,0.9669924918516305,0.981762743064717,0.9846801881048305,0.7480089519760803,4.123105625617661,cju5f0dezct4q08183ydw11dx,kvasir-seg,unetpp,polypseg/runs/unetpp_seed42/best.pth,True
0.959117279034286,0.9214460570009585,0.9283040472080674,0.9920463102386294,0.6201872549427719,26.870057685088806,cju5hi52odyf90817prvcwg45,kvasir-seg,unetpp,polypseg/runs/unetpp_seed42/best.pth,True
0.9674343476440119,0.9369228440212327,0.9543725584247921,0.9808586321036471,0.5168708161688866,13.0,cju5jx7jzf7c90871c2i9aiov,kvasir-seg,unetpp,polypseg/runs/unetpp_seed42/best.pth,True
0.9706286876899527,0.9429334935629125,0.9459699551056553,0.9966073935406835,0.5526938997883017,16.101191507918173,cju5tenjojp1j0755ms4949h2,kvasir-seg,unetpp,polypseg/runs/unetpp_seed42/best.pth,True
0.9673279798418858,0.9367233361215466,0.9439920098267978,0.991846948651987,0.7040558854380697,6.4031242374328485,cju5u4pywk81x0817vn9pe14z,kvasir-seg,unetpp,polypseg/runs/unetpp_seed42/best.pth,True
0.9178639072367583,0.848196371394458,0.8628566465416126,0.9803621650911315,0.5481738330078676,46.54817012168799,cju5uxjnol2r509871qv2yeia,kvasir-seg,unetpp,polypseg/runs/unetpp_seed42/best.pth,True
0.9682912733540039,0.9385316304358912,0.9806461682458197,0.9562438170538297,0.665254420946568,4.0,cju5v8pgplg6k0755rvi2t63h,kvasir-seg,unetpp,polypseg/runs/unetpp_seed42/best.pth,True
0.9606391270446489,0.9242594675640787,0.9628906249973134,0.9583981337453943,0.5535308401106458,15.575495154755423,cju5wcc90lu020850mjrxppv6,kvasir-seg,unetpp,polypseg/runs/unetpp_seed42/best.pth,True
0.9784008202629244,0.9577149626478076,0.9663324257886767,0.9907744680817335,0.6597368150558729,4.242640687119285,cju5wi6bqlxy90755bu227nvb,kvasir-seg,unetpp,polypseg/runs/unetpp_seed42/best.pth,True
0.9844140618256716,0.9693065104813355,0.9821450073088808,0.986693625035017,0.7380297235432189,5.585768996604383,cju5wkonqlrl409877y8zvnub,kvasir-seg,unetpp,polypseg/runs/unetpp_seed42/best.pth,True
0.9644058358381062,0.9312584690148382,0.9701321980708713,0.9587466784744049,0.4483647397825543,14.7648230602334,cju5x28nzm7t907558ocq4bt7,kvasir-seg,unetpp,polypseg/runs/unetpp_seed42/best.pth,True
0.9668925787860327,0.9359071079461149,0.9942504704143246,0.9409999340397385,0.5914596085904112,24.297945109073545,cju6wt9jvvn500871hjn3t3g0,kvasir-seg,unetpp,polypseg/runs/unetpp_seed42/best.pth,True
0.9827353513394079,0.9660567214572452,0.9837526757191005,0.9817201288684436,0.6102183428375539,8.246211251235321,cju6wuojavt740818b5qcv3iw,kvasir-seg,unetpp,polypseg/runs/unetpp_seed42/best.pth,True
0.9697420819524584,0.9412614695456379,0.9562255952541672,0.9836461652281177,0.5470380802257722,13.601470508735444,cju6x35ervu2808015c7eoqe4,kvasir-seg,unetpp,polypseg/runs/unetpp_seed42/best.pth,True
0.8992574662255738,0.8169553175546294,0.8242546352920004,0.989276409538973,0.6341415565443732,149.99333259242795,cju6x4t13vyw60755gtcf9ndu,kvasir-seg,unetpp,polypseg/runs/unetpp_seed42/best.pth,True
0.9565484101805629,0.9167156574519071,0.9770769150384988,0.936864767431348,0.482769644124716,12.041594578792296,cju772304yw5t0818vbw8kkjf,kvasir-seg,unetpp,polypseg/runs/unetpp_seed42/best.pth,True
0.935013334782194,0.8779577860638935,0.9484348258104762,0.9219664036874257,0.577335325296961,15.556349186104045,cju7787c5yy3l080159mwqsnj,kvasir-seg,unetpp,polypseg/runs/unetpp_seed42/best.pth,True
0.9913392193001576,0.982827168725975,0.993723822242834,0.9889660334490644,0.7622365247892098,34.0,cju7ajnbo1gvm098749rdouk0,kvasir-seg,unetpp,polypseg/runs/unetpp_seed42/best.pth,True
0.9562079058769609,0.916090389322537,0.9788224342507631,0.9346147436201621,0.6444130048232277,12.128409471445595,cju7b5afm1nfw0801xqm8bf8q,kvasir-seg,unetpp,polypseg/runs/unetpp_seed42/best.pth,True
0.9441163657474416,0.8941481192818801,0.9856731352309842,0.905921969342996,0.5314233032022758,18.110770276274835,cju7cq6su27qv075574dir0r3,kvasir-seg,unetpp,polypseg/runs/unetpp_seed42/best.pth,True
0.951971342519677,0.9083447630224275,0.9932392220320584,0.9139959254290039,0.553293363248629,15.652475842498529,cju7ctvqn25dy08186g442m1r,kvasir-seg,unetpp,polypseg/runs/unetpp_seed42/best.pth,True
0.9244376009296495,0.8594923007058225,0.975895016449368,0.8781349220474541,0.21863149299413925,23.766733870662392,cju7cue9b232j0801qdzk1ykj,kvasir-seg,unetpp,polypseg/runs/unetpp_seed42/best.pth,True
0.9722298597723118,0.9459604066303462,0.9932119282758616,0.9521159628373553,0.7085106730632889,6.324555320336759,cju7dp3dw2k4n0755zhe003ad,kvasir-seg,unetpp,polypseg/runs/unetpp_seed42/best.pth,True
0.9515328702063902,0.9075466871276154,0.91546242774094,0.9905623499134943,0.4771773441450933,10.63014581273465,cju7dqcwi2dz00850gcmr2ert,kvasir-seg,unetpp,polypseg/runs/unetpp_seed42/best.pth,True
0.967683624895122,0.9373905599403191,0.9798657718080949,0.9558006665570711,0.47910592452975226,7.615773105863909,cju7eueum2oqn0850rodmx8zo,kvasir-seg,unetpp,polypseg/runs/unetpp_seed42/best.pth,True
0.9743533175197883,0.9499892449938159,0.9656190215853204,0.9832470640564187,0.7233903178504291,4.47213595499958,cju7f0ec32txj08184asb8w5f,kvasir-seg,unetpp,polypseg/runs/unetpp_seed42/best.pth,True
0.989297466232496,0.9788215950590148,0.997439192725977,0.9812875793723366,0.671601320368156,10.720826148465209,cju7fazv92ywx0755xov2erga,kvasir-seg,unetpp,polypseg/runs/unetpp_seed42/best.pth,True
0.9605277505127001,0.9240532885668303,0.986008506816812,0.9363307823029726,0.6963292047413984,6.766563145999492,cju7ff97z2ow40817u2r83my5,kvasir-seg,unetpp,polypseg/runs/unetpp_seed42/best.pth,True
0.9600929229157877,0.923248763348919,0.9968986905410596,0.9259081452884317,0.7087288363949821,4.218733674818961,cju7fnfv02tt90801djnix9m8,kvasir-seg,unetpp,polypseg/runs/unetpp_seed42/best.pth,True
0.9556723155444546,0.9151077097440823,0.9735393893631847,0.9384492406006943,0.4808951789223617,6.028393265041873,cju83kxitjv340987z09m0ezy,kvasir-seg,unetpp,polypseg/runs/unetpp_seed42/best.pth,True
0.9634696907075533,0.929514247745668,0.929596597953666,0.999904704421715,0.36341246158774243,113.1834777437087,cju83syhdk6gs0801rf1rekdl,kvasir-seg,unetpp,polypseg/runs/unetpp_seed42/best.pth,True
0.9741973853068824,0.9496928272095762,0.9580864949166394,0.9908593744465812,0.5086276313667564,46.389654018972806,cju8418jhkf7d0818ga2v0xq0,kvasir-seg,unetpp,polypseg/runs/unetpp_seed42/best.pth,True
0.9889879137994654,0.978215717990239,0.983733264030316,0.9942990008648841,0.6826765108084882,5.0,cju8432cmkgq90871cxe4iptl,kvasir-seg,unetpp,polypseg/runs/unetpp_seed42/best.pth,True
0.9571033407831213,0.9177355515759534,0.9931926843556277,0.9235447724177378,0.4225848640269171,18.25511202689243,cju85mpuglq8k0818d2it6hzb,kvasir-seg,unetpp,polypseg/runs/unetpp_seed42/best.pth,True
0.9862579281170566,0.9728884254405687,0.9857502776772796,0.9867661016922392,0.7752867318708231,9.449999999999932,cju8abobpqbir08189u01huru,kvasir-seg,unetpp,polypseg/runs/unetpp_seed42/best.pth,True
0.9563451053028889,0.9163422795812582,0.9971018800550114,0.9187893727682909,0.679315081901389,10.366835061979291,cju8b5p40r2c60987ofa0mu03,kvasir-seg,unetpp,polypseg/runs/unetpp_seed42/best.pth,True
0.9761649359040084,0.9534396409502988,0.9886580780358308,0.9639835920229531,0.6518076221985507,19.15195296653289,cju8bh8surexp0987o5pzklk1,kvasir-seg,unetpp,polypseg/runs/unetpp_seed42/best.pth,True
0.9846034880335484,0.96967389234648,0.972955271126892,0.9965339892637619,0.7667746964955523,3.8422205101855598,cju8c9akjsdjj0850s67uzlxq,kvasir-seg,unetpp,polypseg/runs/unetpp_seed42/best.pth,True
0.9100134710331835,0.8348850621995971,0.8391023517651615,0.994016087885089,0.47222538466336805,19.266482074239722,cjyzkpsbjdsjq07211dfi4sru,kvasir-seg,unetpp,polypseg/runs/unetpp_seed42/best.pth,True
0.96931030881091,0.9404482426642226,0.9478280111647241,0.9917889712151043,0.3756973713938464,10.0,cjyzl833ndne80838pzuq6ila,kvasir-seg,unetpp,polypseg/runs/unetpp_seed42/best.pth,True
0.8983794265652865,0.8155071248935132,0.8171681750397556,0.9975136492938315,0.06827815187642008,48.08326112068523,cjyzlw7f9faqr070129au64sq,kvasir-seg,unetpp,polypseg/runs/unetpp_seed42/best.pth,True
0.5898857804974761,0.4183248224428108,0.9917895908573366,0.41977853692767236,0.5029825055488623,61.08190563083751,1,cvc-clinicdb,unetpp,polypseg/runs/unetpp_seed42/best.pth,True
0.8501996290331346,0.7394323836564803,0.9981545729608167,0.7404446391373319,0.5079027350263714,57.43804980708878,10,cvc-clinicdb,unetpp,polypseg/runs/unetpp_seed42/best.pth,True
0.9780197064633224,0.9569848975059738,0.9724582077148197,0.9836451836315503,0.9324630847409126,2.23606797749979,100,cvc-clinicdb,unetpp,polypseg/runs/unetpp_seed42/best.pth,True
0.9563796354433917,0.9164056853659791,0.9412346900786684,0.9720199309956302,0.665048429651817,5.656854249492381,101,cvc-clinicdb,unetpp,polypseg/runs/unetpp_seed42/best.pth,True
0.9640423921210948,0.9305809280120498,0.9540516918347602,0.9742445492671906,0.7219511695121985,4.188849909443548,102,cvc-clinicdb,unetpp,polypseg/runs/unetpp_seed42/best.pth,True
0.9748863166547391,0.9510031253054642,0.9541776249144832,0.9965138389922193,0.800462466863385,4.0,103,cvc-clinicdb,unetpp,polypseg/runs/unetpp_seed42/best.pth,True
0.9121192198081959,0.8384367445552079,0.8845908607801304,0.9414159692306309,0.31388917500089303,10.44030650891055,104,cvc-clinicdb,unetpp,polypseg/runs/unetpp_seed42/best.pth,True
0.7863939625914674,0.6479812545022351,0.9655326768042476,0.6633249277282531,0.300152610614204,45.896616841218304,105,cvc-clinicdb,unetpp,polypseg/runs/unetpp_seed42/best.pth,True
0.8322410485900246,0.7126822257154699,0.9835647492114521,0.7212717323493713,0.41265964093997154,73.09975023957573,106,cvc-clinicdb,unetpp,polypseg/runs/unetpp_seed42/best.pth,True
0.9035159647138687,0.8240119651884336,0.9348999845686486,0.8741705933220782,0.42342638249783643,36.124783736376884,107,cvc-clinicdb,unetpp,polypseg/runs/unetpp_seed42/best.pth,True
0.8723563905153201,0.7736100157690575,0.9691861183094406,0.7931173884441198,0.5532402979438028,56.214761607781426,108,cvc-clinicdb,unetpp,polypseg/runs/unetpp_seed42/best.pth,True
0.8604225180093404,0.7550364337722083,0.9672592490838955,0.7748391708320512,0.5428549309889991,63.00357120364205,109,cvc-clinicdb,unetpp,polypseg/runs/unetpp_seed42/best.pth,True
0.565461719339343,0.3941768072434618,0.9504287245317466,0.4024507857241592,0.29183362484606845,64.95996918334072,11,cvc-clinicdb,unetpp,polypseg/runs/unetpp_seed42/best.pth,True
0.8951153093334714,0.810143643852543,0.9724494984469447,0.829175042367943,0.5426767531469914,50.48251848178833,110,cvc-clinicdb,unetpp,polypseg/runs/unetpp_seed42/best.pth,True
0.890083632017217,0.8019375672735586,0.981924308035295,0.813953488368917,0.5612021415525404,54.72918514019107,111,cvc-clinicdb,unetpp,polypseg/runs/unetpp_seed42/best.pth,True
0.8786503382699352,0.7835649915962136,0.9788208357137053,0.7970789310099554,0.5675029941495034,59.16459742899904,112,cvc-clinicdb,unetpp,polypseg/runs/unetpp_seed42/best.pth,True
0.8847259180396281,0.7932811605237897,0.9873610187162056,0.8014192602846179,0.6429035961087584,57.84913045223806,113,cvc-clinicdb,unetpp,polypseg/runs/unetpp_seed42/best.pth,True
0.9574448746596909,0.9183637885307631,0.9404013712293229,0.9751175621099155,0.36756818668056246,8.06225774829855,114,cvc-clinicdb,unetpp,polypseg/runs/unetpp_seed42/best.pth,True
0.4937611408175195,0.3278106508854187,0.9345829428128476,0.3355090505326996,0.25514417789607535,183.16495238885025,115,cvc-clinicdb,unetpp,polypseg/runs/unetpp_seed42/best.pth,True
0.5149689324020196,0.34677317103875505,0.986830236316312,0.34838545315363106,0.3819118195659351,176.17828501893968,116,cvc-clinicdb,unetpp,polypseg/runs/unetpp_seed42/best.pth,True
0.5438357599217354,0.3734714429551613,0.9505675576537794,0.380868544598145,0.30128711196083763,169.99249668825368,117,cvc-clinicdb,unetpp,polypseg/runs/unetpp_seed42/best.pth,True
0.24871809319744903,0.14202059201967812,0.9999999999546897,0.14202059201967812,0.1271010489153819,200.13478101187874,118,cvc-clinicdb,unetpp,polypseg/runs/unetpp_seed42/best.pth,True
0.45621326366765885,0.2955157295569916,0.9631486587875872,0.29889528551191147,0.27489809129053716,190.07445863181886,119,cvc-clinicdb,unetpp,polypseg/runs/unetpp_seed42/best.pth,True
0.7966480189681685,0.6620241056029768,0.9673487643913264,0.677155492933047,0.3743864359284185,74.94798191332035,12,cvc-clinicdb,unetpp,polypseg/runs/unetpp_seed42/best.pth,True
0.4928407282990417,0.32699976542149306,0.9761904761733861,0.32962875384056733,0.25517808420338056,179.13514444339538,120,cvc-clinicdb,unetpp,polypseg/runs/unetpp_seed42/best.pth,True
0.49334617404791914,0.32744494159842263,0.9798295948360315,0.32966711519142533,0.2856472373206198,187.95012634099635,121,cvc-clinicdb,unetpp,polypseg/runs/unetpp_seed42/best.pth,True
0.13103486502892836,0.07011091998297579,0.9999999999153976,0.07011091998297579,0.0,170.15063606675955,122,cvc-clinicdb,unetpp,polypseg/runs/unetpp_seed42/best.pth,True
0.7190706838489489,0.5613664038930887,0.9737632017679403,0.5699876358393311,0.302491722601343,129.10538218712722,123,cvc-clinicdb,unetpp,polypseg/runs/unetpp_seed42/best.pth,True
0.740980271043342,0.5885374581519766,0.9593564775523628,0.6035870723298,0.2714093853412763,180.232381596421,124,cvc-clinicdb,unetpp,polypseg/runs/unetpp_seed42/best.pth,True
0.8826965827385478,0.7900240606997035,0.9530029024229403,0.8220510351389306,0.5968532749245581,47.0,125,cvc-clinicdb,unetpp,polypseg/runs/unetpp_seed42/best.pth,True
0.8803383105310622,0.786253846863879,0.9787555142677181,0.7999051233320692,0.6635441450758,49.50503926636669,126,cvc-clinicdb,unetpp,polypseg/runs/unetpp_seed42/best.pth,True
0.9415339287271748,0.8895267919121516,0.8909217633578861,0.9982428738579023,0.5742433783254252,5.0,127,cvc-clinicdb,unetpp,polypseg/runs/unetpp_seed42/best.pth,True
0.9631311154523433,0.9288841914399988,0.9319800030157253,0.9964366698899184,0.741896577248888,2.8284271247461903,128,cvc-clinicdb,unetpp,polypseg/runs/unetpp_seed42/best.pth,True
0.9711402375178687,0.9438995215198097,0.9460496343250683,0.9975979772313831,0.8091786939660233,3.605551275463989,129,cvc-clinicdb,unetpp,polypseg/runs/unetpp_seed42/best.pth,True
0.9123535062404905,0.8388327563001566,0.986866167905346,0.8483029653387044,0.5935477459172148,21.04264068711927,13,cvc-clinicdb,unetpp,polypseg/runs/unetpp_seed42/best.pth,True
0.9619383674384289,0.9266678752635363,0.9300400291036204,0.9961025041313835,0.6118386089854253,4.47213595499958,130,cvc-clinicdb,unetpp,polypseg/runs/unetpp_seed42/best.pth,True
0.9663171569037472,0.934829443438646,0.9486245217621732,0.9846822995368316,0.6335653073096877,4.47213595499958,131,cvc-clinicdb,unetpp,polypseg/runs/unetpp_seed42/best.pth,True
0.9755555555465225,0.9522776572495973,0.9685603971140181,0.9826524901887213,0.944444394444447,2.23606797749979,132,cvc-clinicdb,unetpp,polypseg/runs/unetpp_seed42/best.pth,True
0.9784089448594113,0.9577305321303594,0.9673443456039728,0.9897295891707003,0.9246462601556537,2.8284271247461903,133,cvc-clinicdb,unetpp,polypseg/runs/unetpp_seed42/best.pth,True
0.9789927657138355,0.958849979548183,0.970085470072097,0.9880651502248236,0.9691639969975033,2.0,134,cvc-clinicdb,unetpp,polypseg/runs/unetpp_seed42/best.pth,True
0.9696461404439546,0.9410807087787797,0.9908365745863877,0.9493431025710627,0.7038440713963513,8.0,135,cvc-clinicdb,unetpp,polypseg/runs/unetpp_seed42/best.pth,True
0.9777012925159178,0.9563753581593383,0.9604345011081186,0.9956002982774377,0.786299238472665,6.324555320336759,136,cvc-clinicdb,unetpp,polypseg/runs/unetpp_seed42/best.pth,True
0.9781021897769188,0.9571428571349988,0.9580867850019881,0.9989717223564784,0.8080153966919206,5.0,137,cvc-clinicdb,unetpp,polypseg/runs/unetpp_seed42/best.pth,True
0.975283718897383,0.9517597571963593,0.9562403038519433,0.9951010410232416,0.680050059121742,4.123105625617661,138,cvc-clinicdb,unetpp,polypseg/runs/unetpp_seed42/best.pth,True
0.9794117647035212,0.9596541786698178,0.9626101791253786,0.9968102855972283,0.7163816705651233,3.605551275463989,139,cvc-clinicdb,unetpp,polypseg/runs/unetpp_seed42/best.pth,True
0.2781145523337444,0.16151745327233286,0.9415422885337925,0.16315358420551251,0.31102924351805794,138.5748759247733,14,cvc-clinicdb,unetpp,polypseg/runs/unetpp_seed42/best.pth,True
0.986212736389721,0.9728004797354031,0.9764812107619895,0.9961401815825425,0.9150928779023173,3.0,140,cvc-clinicdb,unetpp,polypseg/runs/unetpp_seed42/best.pth,True
0.9632104707311798,0.9290318271351267,0.9734061165897774,0.9532261933284678,0.4650235851171156,9.219544457292887,141,cvc-clinicdb,unetpp,polypseg/runs/unetpp_seed42/best.pth,True
0.970693779902371,0.9430563625762423,0.9510880181234086,0.9911248625941818,0.6459500938203678,8.0,142,cvc-clinicdb,unetpp,polypseg/runs/unetpp_seed42/best.pth,True
0.9435082140864492,0.8930577848937991,0.9122771059456389,0.9769534679329027,0.647895711577674,5.094068537913144,143,cvc-clinicdb,unetpp,polypseg/runs/unetpp_seed42/best.pth,True
0.9752748885557941,0.9517429383391233,0.9567930029098729,0.9944848484788212,0.7280771664401074,4.0,144,cvc-clinicdb,unetpp,polypseg/runs/unetpp_seed42/best.pth,True
0.9826025208570419,0.9658000348937105,0.9829951604982329,0.9822101947518646,0.8053770458943291,3.605551275463989,145,cvc-clinicdb,unetpp,polypseg/runs/unetpp_seed42/best.pth,True
0.9755825372712803,0.9523290775155678,0.9773276093328981,0.9738436859416547,0.666183874692282,4.123105625617661,146,cvc-clinicdb,unetpp,polypseg/runs/unetpp_seed42/best.pth,True
0.9787047200842345,0.9582975064419726,0.967657911866235,0.9900066622178546,0.8219416738432501,3.1622776601683795,147,cvc-clinicdb,unetpp,polypseg/runs/unetpp_seed42/best.pth,True
0.9697804902009559,0.9413338429109369,0.9468524747626443,0.9938464642288525,0.7668958783862082,4.0,148,cvc-clinicdb,unetpp,polypseg/runs/unetpp_seed42/best.pth,True
0.9739399764980564,0.9492037056214301,0.9564715754042744,0.9920583115644901,0.8512817173445741,3.1622776601683795,149,cvc-clinicdb,unetpp,polypseg/runs/unetpp_seed42/best.pth,True
0.07860446676337093,0.04091009133916334,0.9224565756251577,0.041051265770253566,0.1714035486377645,242.45205453803214,15,cvc-clinicdb,unetpp,polypseg/runs/unetpp_seed42/best.pth,True
0.9604067874023858,0.9238294130476606,0.9330595026539402,0.9894055326546273,0.679284189504856,4.123105625617661,150,cvc-clinicdb,unetpp,polypseg/runs/unetpp_seed42/best.pth,True
0.9596209603213377,0.9223762914502124,0.9316215844990853,0.9893554972150868,0.7223029450618849,4.0,151,cvc-clinicdb,unetpp,polypseg/runs/unetpp_seed42/best.pth,True
0.9636137999479681,0.929782546216449,0.9907114422731922,0.9379590258941923,0.5334726440381637,6.383482008158826,152,cvc-clinicdb,unetpp,polypseg/runs/unetpp_seed42/best.pth,True
0.9439364413060715,0.8938254080781572,0.8964977220829087,0.9966761633270549,0.6370756680569134,6.708203932499369,153,cvc-clinicdb,unetpp,polypseg/runs/unetpp_seed42/best.pth,True
0.0,0.0,0.0,0.0,0.0,74.98630833845388,154,cvc-clinicdb,unetpp,polypseg/runs/unetpp_seed42/best.pth,True
0.8995294768641149,0.8174044265182392,0.8406621830915332,0.9672619047043296,0.6373763978270226,6.0,155,cvc-clinicdb,unetpp,polypseg/runs/unetpp_seed42/best.pth,True
0.9516887558684085,0.9078303425589758,0.9547501608201855,0.9486469209258759,0.8378495413740994,6.227838204321335,156,cvc-clinicdb,unetpp,polypseg/runs/unetpp_seed42/best.pth,True
0.9544317134139705,0.912835369682418,0.9431285788529005,0.9660090642366568,0.6900897844477302,5.385164807134504,157,cvc-clinicdb,unetpp,polypseg/runs/unetpp_seed42/best.pth,True
0.9669591593438742,0.9360318791749994,0.9419586323144373,0.9933229467840347,0.9535493436614038,2.129837387624887,158,cvc-clinicdb,unetpp,polypseg/runs/unetpp_seed42/best.pth,True
0.9470899470648918,0.899497487391985,0.9077079107044772,0.9900442477328515,0.9107980720668325,2.23606797749979,159,cvc-clinicdb,unetpp,polypseg/runs/unetpp_seed42/best.pth,True
0.9373586913091012,0.8821026282743166,0.9864240727643607,0.892943114140467,0.7340940295988836,15.556349186104045,16,cvc-clinicdb,unetpp,polypseg/runs/unetpp_seed42/best.pth,True
0.9713362455809267,0.9442699243636501,0.9553855208833973,0.98782862705711,0.817774909231751,3.0,160,cvc-clinicdb,unetpp,polypseg/runs/unetpp_seed42/best.pth,True
0.9325007433700193,0.8735376044324921,0.8801571708986765,0.9914638001583477,0.6560908652637172,4.762461179749817,161,cvc-clinicdb,unetpp,polypseg/runs/unetpp_seed42/best.pth,True
0.9540854572624242,0.912202114300086,0.914496137939384,0.9972575905779186,0.6980998796276457,3.1622776601683795,162,cvc-clinicdb,unetpp,polypseg/runs/unetpp_seed42/best.pth,True
0.9495581737762374,0.9039607430616201,0.9045948789739636,0.9992251065284924,0.6954575281165278,4.242640687119285,163,cvc-clinicdb,unetpp,polypseg/runs/unetpp_seed42/best.pth,True
0.9433614735081602,0.8927948866678445,0.9167661097578531,0.9715460006015951,0.7499999500027879,4.368863084453443,164,cvc-clinicdb,unetpp,polypseg/runs/unetpp_seed42/best.pth,True
0.9559597574724767,0.9156349712710193,0.9363090576750678,0.976452973989704,0.6063287022258794,3.605551275463989,165,cvc-clinicdb,unetpp,polypseg/runs/unetpp_seed42/best.pth,True
0.9676648296861585,0.9373552868415571,0.9428127830127725,0.99386252044471,0.8326036196348813,3.0,166,cvc-clinicdb,unetpp,polypseg/runs/unetpp_seed42/best.pth,True
0.9572649572517609,0.9180327868609722,0.9256198346860672,0.9911504424495818,0.8327501249475432,4.0,167,cvc-clinicdb,unetpp,polypseg/runs/unetpp_seed42/best.pth,True
0.9570516540824429,0.9176405119473634,0.9190042726933122,0.9983854692028581,0.7587435454586009,3.0,168,cvc-clinicdb,unetpp,polypseg/runs/unetpp_seed42/best.pth,True
0.9702940958517645,0.942302158259823,0.9511982570667945,0.9901723616421202,0.8253605949543674,3.040569415042095,169,cvc-clinicdb,unetpp,polypseg/runs/unetpp_seed42/best.pth,True
0.8515932073999176,0.7415431647455204,0.9906774393945602,0.7467541159098731,0.5978903986390465,38.081399844127276,17,cvc-clinicdb,unetpp,polypseg/runs/unetpp_seed42/best.pth,True
0.9592152813530281,0.9216269841086979,0.9256675966336056,0.9952860509750314,0.7538619479415969,3.0,170,cvc-clinicdb,unetpp,polypseg/runs/unetpp_seed42/best.pth,True
0.9615277648932833,0.9259060881820049,0.9287249283501303,0.9967326542187828,0.8062189857278216,3.0,171,cvc-clinicdb,unetpp,polypseg/runs/unetpp_seed42/best.pth,True
0.9530754597185626,0.910357359148687,0.9408450703930878,0.9656280115333882,0.8725075908092179,3.0,172,cvc-clinicdb,unetpp,polypseg/runs/unetpp_seed42/best.pth,True
0.9607617360453464,0.9244864910856175,0.9279664641891695,0.9959599669360393,0.6388559657794778,5.656854249492381,173,cvc-clinicdb,unetpp,polypseg/runs/unetpp_seed42/best.pth,True
0.8242533285324783,0.7010467037968963,0.7060600456155227,0.9899732042441872,0.47329581537412535,51.0,174,cvc-clinicdb,unetpp,polypseg/runs/unetpp_seed42/best.pth,True
0.9808694504882219,0.9624571169592694,0.9826196140564193,0.979125510332022,0.8442028485513839,3.786695298017786,175,cvc-clinicdb,unetpp,polypseg/runs/unetpp_seed42/best.pth,True
0.7990370787194427,0.6653303483070477,0.6653303483070477,0.9999999999921746,0.3958934012094175,51.39597614554345,176,cvc-clinicdb,unetpp,polypseg/runs/unetpp_seed42/best.pth,True
0.9059400423442219,0.82805337678692,0.8345139102675853,0.9907373552591012,0.4976581614058127,25.0,177,cvc-clinicdb,unetpp,polypseg/runs/unetpp_seed42/best.pth,True
0.7688123299393642,0.6244477171392566,0.6244477171392566,0.9999999997641509,0.4296175256871395,8.0,178,cvc-clinicdb,unetpp,polypseg/runs/unetpp_seed42/best.pth,True
0.8915985129978945,0.8044003219531957,0.8044003219531957,0.9999999999666445,0.23036871358596236,5.0,179,cvc-clinicdb,unetpp,polypseg/runs/unetpp_seed42/best.pth,True
0.958095995050302,0.9195626377274151,0.9871701546770958,0.9306854250584997,0.7246709861749493,7.0,18,cvc-clinicdb,unetpp,polypseg/runs/unetpp_seed42/best.pth,True
0.904533333321273,0.8257059396098904,0.8257059396098904,0.9999999999705189,0.5487546988976306,9.0,180,cvc-clinicdb,unetpp,polypseg/runs/unetpp_seed42/best.pth,True
0.9066478076250828,0.8292367399526718,0.8311721991485692,0.997199751057959,0.48355762600588736,6.4031242374328485,181,cvc-clinicdb,unetpp,polypseg/runs/unetpp_seed42/best.pth,True
0.9209302325459012,0.8534482758410481,0.8627988047593925,0.9874608150188812,0.6273972671112275,8.031128874149275,182,cvc-clinicdb,unetpp,polypseg/runs/unetpp_seed42/best.pth,True
0.9107889601211209,0.8361914512199593,0.8361914512199593,0.9999999999693909,0.49279502205153575,6.927050983124842,183,cvc-clinicdb,unetpp,polypseg/runs/unetpp_seed42/best.pth,True
0.9159639429933707,0.8449570815223992,0.8474576270958446,0.996520088548038,0.5145788443139835,7.0,184,cvc-clinicdb,unetpp,polypseg/runs/unetpp_seed42/best.pth,True
0.9286392104675588,0.8667847652636531,0.8667847652636531,0.9999999999795627,0.44532453306179104,6.078624403783308,185,cvc-clinicdb,unetpp,polypseg/runs/unetpp_seed42/best.pth,True
0.9646500593062595,0.9317140238206723,0.9331038439365105,0.9984039287784112,0.6754877559095203,4.0,186,cvc-clinicdb,unetpp,polypseg/runs/unetpp_seed42/best.pth,True
0.9515581154890284,0.9075926186722947,0.9229997851090681,0.9819401051513987,0.43148732569985954,8.06225774829855,187,cvc-clinicdb,unetpp,polypseg/runs/unetpp_seed42/best.pth,True
0.9738704819240441,0.9490716958908851,0.9702175543813186,0.9775510204007744,0.7705125835752952,4.080018656651476,188,cvc-clinicdb,unetpp,polypseg/runs/unetpp_seed42/best.pth,True
0.9586541203216552,0.9205914567192298,0.9394560357500101,0.9786532117023355,0.7508861233047417,4.242640687119285,189,cvc-clinicdb,unetpp,polypseg/runs/unetpp_seed42/best.pth,True
0.4829183084840439,0.31832056980496803,0.9109578543921693,0.3285430024301982,0.2544974625187737,71.8679344353238,19,cvc-clinicdb,unetpp,polypseg/runs/unetpp_seed42/best.pth,True
0.9376920927502418,0.8826933192824121,0.8887711864171406,0.9923122412480098,0.6546442287946863,5.0,190,cvc-clinicdb,unetpp,polypseg/runs/unetpp_seed42/best.pth,True
0.8746418337795616,0.7772119668505911,0.8006557376524159,0.9636937647226761,0.43866254470624855,4.947213595499961,191,cvc-clinicdb,unetpp,polypseg/runs/unetpp_seed42/best.pth,True
0.9273403176435505,0.8645242595548503,0.9038208168047548,0.9521165856382986,0.7545376938553989,3.0,192,cvc-clinicdb,unetpp,polypseg/runs/unetpp_seed42/best.pth,True
0.9121048573455647,0.8384124733933943,0.8390070921688296,0.9991554053632115,0.6249445471412125,6.0,193,cvc-clinicdb,unetpp,polypseg/runs/unetpp_seed42/best.pth,True
0.9592495460867535,0.9216902500305933,0.9281670895778222,0.9924859110625656,0.8034606985127399,6.324555320336759,194,cvc-clinicdb,unetpp,polypseg/runs/unetpp_seed42/best.pth,True
0.9540597113478675,0.9121550452725479,0.9158206429586333,0.9956311795586197,0.697068353922061,3.605551275463989,195,cvc-clinicdb,unetpp,polypseg/runs/unetpp_seed42/best.pth,True
0.9372250241341643,0.8818659127447119,0.8843661401197982,0.9968043825383063,0.6359771470882039,5.453087167723973,196,cvc-clinicdb,unetpp,polypseg/runs/unetpp_seed42/best.pth,True
0.9343936381616859,0.8768656716254316,0.87899756871369,0.9972416719499843,0.5655262260467457,6.324555320336759,197,cvc-clinicdb,unetpp,polypseg/runs/unetpp_seed42/best.pth,True
0.9487645737410549,0.9025234025050362,0.9076954563874807,0.9937261931213596,0.6999795066893522,6.770690632574555,198,cvc-clinicdb,unetpp,polypseg/runs/unetpp_seed42/best.pth,True
0.9426999028710186,0.8916105327435883,0.8919746783563003,0.999542334073237,0.5941392550135656,4.242640687119285,199,cvc-clinicdb,unetpp,polypseg/runs/unetpp_seed42/best.pth,True
0.6891208096119888,0.5256936067525901,0.9825937950849333,0.5306351061731412,0.5636517507612671,64.31131433824751,2,cvc-clinicdb,unetpp,polypseg/runs/unetpp_seed42/best.pth,True
0.3804428204777048,0.23490545766955895,0.8919029165634937,0.2417892292367478,0.2558019123313887,92.56616374980128,20,cvc-clinicdb,unetpp,polypseg/runs/unetpp_seed42/best.pth,True
0.554427120580964,0.3835345339377034,0.3836610795804166,0.999140745815447,0.07376779021630163,81.98918499453988,200,cvc-clinicdb,unetpp,polypseg/runs/unetpp_seed42/best.pth,True
0.5610311576267818,0.3898841594801328,0.3925810389231481,0.982685452368313,0.1424075779318457,62.6278614717104,201,cvc-clinicdb,unetpp,polypseg/runs/unetpp_seed42/best.pth,True
0.5417183699779534,0.3714771953684719,0.3714771953684719,0.999999999981675,0.0936190952076129,86.40138884671947,202,cvc-clinicdb,unetpp,polypseg/runs/unetpp_seed42/best.pth,True
0.7855289028644472,0.6468074083584147,0.6468074083584147,0.999999999979976,0.05514547303407957,19.1049731745428,203,cvc-clinicdb,unetpp,polypseg/runs/unetpp_seed42/best.pth,True
0.0,0.0,0.0,0.0,0.0,,204,cvc-clinicdb,unetpp,polypseg/runs/unetpp_seed42/best.pth,True
0.20675355449624547,0.11529567227897934,0.999999999713467,0.11529567227897934,0.12110570080880337,39.78373353041813,205,cvc-clinicdb,unetpp,polypseg/runs/unetpp_seed42/best.pth,True
0.7750357189195023,0.6327006680030463,0.8834764583819444,0.6903054141521251,0.3173056604111021,134.03566350843707,206,cvc-clinicdb,unetpp,polypseg/runs/unetpp_seed42/best.pth,True
0.72660047928294,0.5705989891324809,0.9019207886979106,0.60834670946333,0.32034791696921905,162.02832299562562,207,cvc-clinicdb,unetpp,polypseg/runs/unetpp_seed42/best.pth,True
0.7121705655802166,0.5530006898010347,0.9249999999644232,0.5789600385031546,0.41784032880050775,85.285262288678,208,cvc-clinicdb,unetpp,polypseg/runs/unetpp_seed42/best.pth,True
0.7506356346420764,0.6008140262805005,0.8405606657538082,0.6780918727675587,0.4331833162243079,52.843968305241084,209,cvc-clinicdb,unetpp,polypseg/runs/unetpp_seed42/best.pth,True
0.6014174509106508,0.43001927294334413,0.9832092387100501,0.43320054898927723,0.4760032624782767,102.06125467578423,21,cvc-clinicdb,unetpp,polypseg/runs/unetpp_seed42/best.pth,True
0.7205132134943609,0.5631267326035692,0.9344085410816377,0.5863027365999632,0.29864582659518774,169.28225099390855,210,cvc-clinicdb,unetpp,polypseg/runs/unetpp_seed42/best.pth,True
0.718712753275672,0.5609302325556548,0.9370282669754548,0.582903700973196,0.24149723701763648,176.1944934180799,211,cvc-clinicdb,unetpp,polypseg/runs/unetpp_seed42/best.pth,True
0.8019386327151031,0.669363569023592,0.9590987019270217,0.6890322580604749,0.49813162278395057,173.58453260490663,212,cvc-clinicdb,unetpp,polypseg/runs/unetpp_seed42/best.pth,True
0.8605883551842496,0.755291872871294,0.9564331017747173,0.7822032851625157,0.50048400818307,130.98774077481661,213,cvc-clinicdb,unetpp,polypseg/runs/unetpp_seed42/best.pth,True
0.8907078975246793,0.8029516261200423,0.9604445897247417,0.8304126625133746,0.5536816629842487,105.35131278401403,214,cvc-clinicdb,unetpp,polypseg/runs/unetpp_seed42/best.pth,True
0.9751286449353196,0.9514644351375967,0.9520841086625224,0.999316406240241,0.8217223855460474,3.0,215,cvc-clinicdb,unetpp,polypseg/runs/unetpp_seed42/best.pth,True
0.9036891935973568,0.8243001786716475,0.9061297978483825,0.9012617012543649,0.3100059806525462,59.081254396674495,216,cvc-clinicdb,unetpp,polypseg/runs/unetpp_seed42/best.pth,True
0.9589315235318936,0.9211032177106468,0.9249685270589595,0.9954836961340846,0.5104711541898572,4.0,217,cvc-clinicdb,unetpp,polypseg/runs/unetpp_seed42/best.pth,True
0.9496910856081768,0.904201680662771,0.9052476601019533,0.998723749843384,0.5068633155593575,4.47213595499958,218,cvc-clinicdb,unetpp,polypseg/runs/unetpp_seed42/best.pth,True
0.8967360720252058,0.8128028564038153,0.8905966186825403,0.9029607593015588,0.44279656087331776,47.13959466715379,219,cvc-clinicdb,unetpp,polypseg/runs/unetpp_seed42/best.pth,True
0.3738959026131575,0.2299335591208522,0.9657960198929897,0.23182131994806818,0.15678881430302316,207.56348263370734,22,cvc-clinicdb,unetpp,polypseg/runs/unetpp_seed42/best.pth,True
0.947711791221839,0.9006199853956853,0.9006199853956853,0.999999999979753,0.6897875107888858,4.242640687119285,220,cvc-clinicdb,unetpp,polypseg/runs/unetpp_seed42/best.pth,True
0.9034912424955508,0.8239708404626078,0.8632075471504221,0.9477188655746556,0.5440260677102088,26.156839710413067,221,cvc-clinicdb,unetpp,polypseg/runs/unetpp_seed42/best.pth,True
0.9139072847561072,0.8414634146136228,0.8414634146136228,0.9999999999710145,0.39560434561043983,4.0,222,cvc-clinicdb,unetpp,polypseg/runs/unetpp_seed42/best.pth,True
0.9301224944191242,0.8693728857437062,0.8709593326154599,0.9979091994922966,0.6066369534286952,5.0,223,cvc-clinicdb,unetpp,polypseg/runs/unetpp_seed42/best.pth,True
0.9376095338076129,0.8825470141576197,0.8840052874790482,0.9981343283209652,0.7015532632056828,3.1622776601683795,224,cvc-clinicdb,unetpp,polypseg/runs/unetpp_seed42/best.pth,True
0.9289191820708177,0.8672727272502008,0.8681747269665061,0.9988034699073047,0.7048457649867099,6.008276253029819,225,cvc-clinicdb,unetpp,polypseg/runs/unetpp_seed42/best.pth,True
0.9431807883919965,0.8924712742086697,0.8960055096264462,0.9955997704037575,0.676100099085379,6.324555320336759,226,cvc-clinicdb,unetpp,polypseg/runs/unetpp_seed42/best.pth,True
0.9209230769089088,0.853435985148177,0.8563662374576148,0.9960066555408983,0.5648268747569759,5.830951894845301,227,cvc-clinicdb,unetpp,polypseg/runs/unetpp_seed42/best.pth,True
0.9019921298518077,0.821480568923491,0.9380995012029915,0.8685612788529476,0.35608994277436845,24.85806728269798,228,cvc-clinicdb,unetpp,polypseg/runs/unetpp_seed42/best.pth,True
0.884974093258517,0.7936802973885492,0.9766976411583032,0.8089994079241088,0.3338051998442072,34.194999615325436,229,cvc-clinicdb,unetpp,polypseg/runs/unetpp_seed42/best.pth,True
0.7923221308527164,0.656070754539999,0.993945170146359,0.658703325280852,0.4766808927694409,43.9089968002003,23,cvc-clinicdb,unetpp,polypseg/runs/unetpp_seed42/best.pth,True
0.8501801956388972,0.7394029850714737,0.9343140424564376,0.7799469209627099,0.21122944729051155,57.155647157287795,230,cvc-clinicdb,unetpp,polypseg/runs/unetpp_seed42/best.pth,True
0.8490428747317557,0.7376841900465025,0.9182203389774926,0.789558609198472,0.3145969600667722,61.537710688160594,231,cvc-clinicdb,unetpp,polypseg/runs/unetpp_seed42/best.pth,True
0.8864936873629644,0.7961281200674526,0.965826626197613,0.819204297460583,0.3697248572193383,30.059672803384895,232,cvc-clinicdb,unetpp,polypseg/runs/unetpp_seed42/best.pth,True
0.9120464441192684,0.8383137673381093,0.9742031501861949,0.8573455577338062,0.43399623204877147,23.422022872666354,233,cvc-clinicdb,unetpp,polypseg/runs/unetpp_seed42/best.pth,True
0.92523998836121,0.8608805485332558,0.9693214140527608,0.8849935076925431,0.505642501035069,21.226583715078213,234,cvc-clinicdb,unetpp,polypseg/runs/unetpp_seed42/best.pth,True
0.9163080894975749,0.8455429819280951,0.938726030409678,0.8949359108993841,0.3242348297730703,14.576383183125783,235,cvc-clinicdb,unetpp,polypseg/runs/unetpp_seed42/best.pth,True
0.9387791185919693,0.8846217927283853,0.9616917225053279,0.9169329073403252,0.4903225306638969,9.848857801796104,236,cvc-clinicdb,unetpp,polypseg/runs/unetpp_seed42/best.pth,True
0.9204398005841684,0.8526062752982502,0.8697167193594262,0.9774457901154728,0.3071019173733126,13.87050299233097,237,cvc-clinicdb,unetpp,polypseg/runs/unetpp_seed42/best.pth,True
0.943487435254389,0.8930205534106106,0.954510169220971,0.9327163771453181,0.5936454351517363,26.10073337975915,238,cvc-clinicdb,unetpp,polypseg/runs/unetpp_seed42/best.pth,True
0.9482911076046738,0.9016669103604206,0.9697279446377596,0.9277815391489672,0.6296937551878642,14.0,239,cvc-clinicdb,unetpp,polypseg/runs/unetpp_seed42/best.pth,True
0.8915161625664478,0.8042662711533577,0.987572981943395,0.8124889828978825,0.6052204266819208,23.0,24,cvc-clinicdb,unetpp,polypseg/runs/unetpp_seed42/best.pth,True
0.9595512012644435,0.9222474017275748,0.9871194379308538,0.9334809776086886,0.7242054635461431,15.177206068009367,240,cvc-clinicdb,unetpp,polypseg/runs/unetpp_seed42/best.pth,True
0.9026343274886749,0.8225465312970773,0.9778727684102098,0.8381465517181167,0.5675519027688478,39.845951768787174,241,cvc-clinicdb,unetpp,polypseg/runs/unetpp_seed42/best.pth,True
0.8453474267854559,0.7321227583047037,0.9826770067380131,0.7416951729324082,0.28436468441881985,36.60871097716117,242,cvc-clinicdb,unetpp,polypseg/runs/unetpp_seed42/best.pth,True
0.8920183019781799,0.8050839680572167,0.9199874160977349,0.8656996250161269,0.47975937335831015,39.05124837953327,243,cvc-clinicdb,unetpp,polypseg/runs/unetpp_seed42/best.pth,True
0.9161242129926574,0.8452298907074408,0.9203473413280407,0.9119396643200346,0.510936218149714,30.0,244,cvc-clinicdb,unetpp,polypseg/runs/unetpp_seed42/best.pth,True
0.8983572223254247,0.815470532309702,0.9254314994481468,0.8728220780761436,0.44272830882190445,29.23328004088036,245,cvc-clinicdb,unetpp,polypseg/runs/unetpp_seed42/best.pth,True
0.7796497870289651,0.6388738074874826,0.9328425820958908,0.669674796742523,0.36445514457920286,61.920508949526,246,cvc-clinicdb,unetpp,polypseg/runs/unetpp_seed42/best.pth,True
0.915993815492472,0.8450079239249128,0.9451889668797759,0.8885481935682672,0.43276813784952944,26.576339905290773,247,cvc-clinicdb,unetpp,polypseg/runs/unetpp_seed42/best.pth,True
0.9186227886592405,0.8494933858651175,0.9346597507088746,0.9031268701308862,0.4555062947398784,26.458012656147023,248,cvc-clinicdb,unetpp,polypseg/runs/unetpp_seed42/best.pth,True
0.9191717373493816,0.8504327367376654,0.8918752202952778,0.9481918680818044,0.5265150475992368,13.0,249,cvc-clinicdb,unetpp,polypseg/runs/unetpp_seed42/best.pth,True
0.11170024743704916,0.05915387495308449,0.997010959780903,0.05916436736291059,0.17466299338616778,241.28769090069332,25,cvc-clinicdb,unetpp,polypseg/runs/unetpp_seed42/best.pth,True
0.8927009754413882,0.8061968408192484,0.8734367653890602,0.9128341194878848,0.3986124049160857,21.72435145881645,250,cvc-clinicdb,unetpp,polypseg/runs/unetpp_seed42/best.pth,True
0.8628930817555792,0.7588495575137295,0.8664898319961287,0.8593260678835108,0.47437280424868034,27.73995092808697,251,cvc-clinicdb,unetpp,polypseg/runs/unetpp_seed42/best.pth,True
0.8637461480766896,0.7601700505698147,0.8186123608744288,0.9141472014022551,0.41868874335962764,27.51305527429215,252,cvc-clinicdb,unetpp,polypseg/runs/unetpp_seed42/best.pth,True
0.9525466558939651,0.9093929207003781,0.9743633204755525,0.9316855753608927,0.6768253824567049,19.137575896324936,253,cvc-clinicdb,unetpp,polypseg/runs/unetpp_seed42/best.pth,True
0.7353166732758553,0.581423553025337,0.9679732646315674,0.5928279038009857,0.2923200936931515,79.67289010881196,254,cvc-clinicdb,unetpp,polypseg/runs/unetpp_seed42/best.pth,True
0.9038656142458412,0.824593796155721,0.9719260065235477,0.8447134480762024,0.5711258232433878,55.40710750141778,255,cvc-clinicdb,unetpp,polypseg/runs/unetpp_seed42/best.pth,True
0.6314226854076848,0.46137158542320195,0.9902128468168926,0.4634851449899329,0.12405672606441318,58.00080685771307,256,cvc-clinicdb,unetpp,polypseg/runs/unetpp_seed42/best.pth,True
0.9525303299426423,0.9093631607399987,0.9663356466356108,0.9391139098970112,0.5592213969204528,18.65146503141868,257,cvc-clinicdb,unetpp,polypseg/runs/unetpp_seed42/best.pth,True
0.9501996761987044,0.9051241980551689,0.974194405094838,0.9273585303125296,0.6322717907425596,18.73873683156639,258,cvc-clinicdb,unetpp,polypseg/runs/unetpp_seed42/best.pth,True
0.8668461379147584,0.7649853801138524,0.9821167883160473,0.775791771340654,0.5242389578923468,31.577498040440943,259,cvc-clinicdb,unetpp,polypseg/runs/unetpp_seed42/best.pth,True
0.9160641307476874,0.8451276101597953,0.8456181079021695,0.9993141288752184,0.6613063010887296,4.47213595499958,26,cvc-clinicdb,unetpp,polypseg/runs/unetpp_seed42/best.pth,True
0.8332695435823527,0.7141919875314134,0.9766176965292328,0.7266166040854125,0.48351581713907965,37.31226749326601,260,cvc-clinicdb,unetpp,polypseg/runs/unetpp_seed42/best.pth,True
0.8583025636974407,0.7517776044738209,0.9790310054305571,0.7640805669490671,0.5355178299412511,39.0,261,cvc-clinicdb,unetpp,polypseg/runs/unetpp_seed42/best.pth,True
0.9086453079459095,0.8325847816127541,0.9845289408791215,0.8436222134227435,0.5904121842417016,23.526534741254704,262,cvc-clinicdb,unetpp,polypseg/runs/unetpp_seed42/best.pth,True
0.29397626558289036,0.17231663291210428,0.9770344482787301,0.17301741667250448,0.24361499666978917,84.38124559587385,263,cvc-clinicdb,unetpp,polypseg/runs/unetpp_seed42/best.pth,True
0.8588022427215163,0.7525446288727194,0.9901107391141379,0.758243925525567,0.5084533539835184,31.827660925679098,264,cvc-clinicdb,unetpp,polypseg/runs/unetpp_seed42/best.pth,True
0.9038009528832106,0.8244861690587835,0.9857274826744308,0.8344477028315368,0.590702103840052,26.836539925506607,265,cvc-clinicdb,unetpp,polypseg/runs/unetpp_seed42/best.pth,True
0.9323448718678957,0.8732640787283642,0.9701166180718734,0.8974042027160452,0.6276151985579591,29.167610538924993,266,cvc-clinicdb,unetpp,polypseg/runs/unetpp_seed42/best.pth,True
0.9509659045085818,0.9065157258431179,0.9777888281066479,0.9255753138026904,0.565652613105518,10.34580749174914,267,cvc-clinicdb,unetpp,polypseg/runs/unetpp_seed42/best.pth,True
0.8224103490896452,0.6983844911118805,0.999999999994217,0.6983844911118805,0.13871863369147358,31.061226677317222,268,cvc-clinicdb,unetpp,polypseg/runs/unetpp_seed42/best.pth,True
0.58723500736656,0.4156636173946629,0.9275396920027749,0.42961406612612174,0.32730493263201105,64.88099375048367,269,cvc-clinicdb,unetpp,polypseg/runs/unetpp_seed42/best.pth,True
0.9307056579488016,0.8703923899601431,0.8840579709611076,0.9825503355045268,0.8276579655067896,3.0243416490252577,27,cvc-clinicdb,unetpp,polypseg/runs/unetpp_seed42/best.pth,True
0.8299319727869102,0.7093023255781735,0.9509194982282857,0.736256482787665,0.5285559838343059,58.490147927330966,270,cvc-clinicdb,unetpp,polypseg/runs/unetpp_seed42/best.pth,True
0.9219329503292089,0.855172181183665,0.9923290673516013,0.8608630699729709,0.582783746646415,45.286636242104734,271,cvc-clinicdb,unetpp,polypseg/runs/unetpp_seed42/best.pth,True
0.89469782920975,0.809459940325707,0.9572085194505172,0.8398511828666045,0.4760215119807023,57.60400768156334,272,cvc-clinicdb,unetpp,polypseg/runs/unetpp_seed42/best.pth,True
0.8920774211795547,0.8051802880751008,0.983690350770675,0.8160748389576407,0.5907725414205848,55.08311869158853,273,cvc-clinicdb,unetpp,polypseg/runs/unetpp_seed42/best.pth,True
0.9260572543901658,0.8622966710057787,0.9826032929447288,0.8756652004033477,0.6046050475135128,29.0,274,cvc-clinicdb,unetpp,polypseg/runs/unetpp_seed42/best.pth,True
0.8245911893467416,0.7015356545510812,0.981806575162348,0.7107756296668305,0.45100217721341224,50.86384925310758,275,cvc-clinicdb,unetpp,polypseg/runs/unetpp_seed42/best.pth,True
0.9190404065057921,0.8502079189981459,0.996239605947798,0.8529451775229994,0.6455556277290939,54.830210679866106,276,cvc-clinicdb,unetpp,polypseg/runs/unetpp_seed42/best.pth,True
0.909974841908921,0.8348200361746939,0.9416027580317905,0.8804026050859785,0.571419243359683,42.578395596310095,277,cvc-clinicdb,unetpp,polypseg/runs/unetpp_seed42/best.pth,True
0.9370362518351275,0.8815317111734531,0.9436379162705535,0.9305263157502937,0.7727888978351427,5.0,278,cvc-clinicdb,unetpp,polypseg/runs/unetpp_seed42/best.pth,True
0.9552845528278773,0.914396887127188,0.9674401197242725,0.9434306568998748,0.8520608289610079,4.0,279,cvc-clinicdb,unetpp,polypseg/runs/unetpp_seed42/best.pth,True
0.9235863474156446,0.858021769974964,0.8697529383336591,0.9845234862616203,0.6691693903618118,7.0,28,cvc-clinicdb,unetpp,polypseg/runs/unetpp_seed42/best.pth,True
0.9384433264140509,0.8840256481493163,0.8872411863210061,0.9959170853958569,0.7287440442698334,4.0,280,cvc-clinicdb,unetpp,polypseg/runs/unetpp_seed42/best.pth,True
0.9479330193491898,0.9010196468316086,0.9075651302377865,0.9920591456464387,0.7598835627418147,3.0,281,cvc-clinicdb,unetpp,polypseg/runs/unetpp_seed42/best.pth,True
0.9621863588059584,0.9271282633160698,0.9300842632445894,0.9965836993412254,0.8157040938713356,3.0,282,cvc-clinicdb,unetpp,polypseg/runs/unetpp_seed42/best.pth,True
0.9488415853116683,0.9026627880755725,0.9095828635646092,0.9916420845380619,0.7149343596922794,5.0,283,cvc-clinicdb,unetpp,polypseg/runs/unetpp_seed42/best.pth,True
0.8082228834080576,0.6781661370704003,0.6940766550361422,0.9673033343811168,0.34346203080158033,19.370011873543767,284,cvc-clinicdb,unetpp,polypseg/runs/unetpp_seed42/best.pth,True
0.9109532914379821,0.8364685226777911,0.848816492724642,0.9829059828770144,0.5654811215775678,7.810249675906654,285,cvc-clinicdb,unetpp,polypseg/runs/unetpp_seed42/best.pth,True
0.8889161654487675,0.8000441891117975,0.819045464808436,0.9718196457066072,0.48756567409223256,11.0,286,cvc-clinicdb,unetpp,polypseg/runs/unetpp_seed42/best.pth,True
0.9162494926137702,0.8454431959838841,0.8717816683606647,0.9654975762484889,0.5653709747505943,7.474138411636324,287,cvc-clinicdb,unetpp,polypseg/runs/unetpp_seed42/best.pth,True
0.9400235201758784,0.8868343195047625,0.9117870722202336,0.9700647248929325,0.6679267965598957,5.0,288,cvc-clinicdb,unetpp,polypseg/runs/unetpp_seed42/best.pth,True
0.9619874288991023,0.9267589388429424,0.9345740040437751,0.9910576626274729,0.9084492988186802,2.8284271247461903,289,cvc-clinicdb,unetpp,polypseg/runs/unetpp_seed42/best.pth,True
0.9540543490019201,0.9121452420510822,0.9239061508999385,0.9862364620716102,0.7045441279729076,3.1622776601683795,29,cvc-clinicdb,unetpp,polypseg/runs/unetpp_seed42/best.pth,True
0.9670442842181503,0.9361914256761619,0.9408817634799157,0.9947033897778229,0.9825176994468051,2.0,290,cvc-clinicdb,unetpp,polypseg/runs/unetpp_seed42/best.pth,True
0.9205175600455787,0.8527397259787248,0.9366771159287349,0.904906117449733,0.7499093812341537,6.070171998525571,291,cvc-clinicdb,unetpp,polypseg/runs/unetpp_seed42/best.pth,True
0.8622458673596382,0.7578490313708134,0.7950245269518211,0.9418845993797474,0.42020197081931,46.57275781328097,292,cvc-clinicdb,unetpp,polypseg/runs/unetpp_seed42/best.pth,True
0.9572440087015626,0.9179942543505356,0.9482060965484703,0.9664558701961382,0.7956599861665318,4.0,293,cvc-clinicdb,unetpp,polypseg/runs/unetpp_seed42/best.pth,True
0.9714211819349358,0.9444304752088402,0.9532994923615914,0.9902451884790339,0.9929426012065219,2.0,294,cvc-clinicdb,unetpp,polypseg/runs/unetpp_seed42/best.pth,True
0.9445628997741929,0.8949494949268952,0.9008642602719659,0.9927170868069267,0.7713052358703197,4.123105625617661,295,cvc-clinicdb,unetpp,polypseg/runs/unetpp_seed42/best.pth,True
0.9419422941424711,0.8902560691423261,0.908998302176265,0.9773640014247038,0.8312433988924832,3.1622776601683795,296,cvc-clinicdb,unetpp,polypseg/runs/unetpp_seed42/best.pth,True
0.9324229691713511,0.8734011150910659,0.9243318291938796,0.9406570116234314,0.7304687000000034,5.0,297,cvc-clinicdb,unetpp,polypseg/runs/unetpp_seed42/best.pth,True
0.9706390328079099,0.9429530201204706,0.9882262996790792,0.953666814210511,0.8846505159283086,3.6252737116907716,298,cvc-clinicdb,unetpp,polypseg/runs/unetpp_seed42/best.pth,True
0.973949706354857,0.9492221895817663,0.965949820759679,0.9820832067724846,0.9673776843545008,2.0,299,cvc-clinicdb,unetpp,polypseg/runs/unetpp_seed42/best.pth,True
0.699034786549527,0.5373201214931169,0.9920022062788012,0.5396579315836184,0.6146116620808874,62.48758574466212,3,cvc-clinicdb,unetpp,polypseg/runs/unetpp_seed42/best.pth,True
0.9656219498917382,0.933529041718038,0.9460263493312151,0.9860465116169872,0.7975147763207342,7.0710678118654755,30,cvc-clinicdb,unetpp,polypseg/runs/unetpp_seed42/best.pth,True
0.9436619718251564,0.8933333333228849,0.9751053236183441,0.9141831238669755,0.7663360020918795,22.390732060551752,300,cvc-clinicdb,unetpp,polypseg/runs/unetpp_seed42/best.pth,True
0.9318181818100365,0.8723404255176377,0.977622890664387,0.8901135604393768,0.695977499370738,20.994030650891055,301,cvc-clinicdb,unetpp,polypseg/runs/unetpp_seed42/best.pth,True
0.9622824536321696,0.9273067194443273,0.9755871803658962,0.9493357351840875,0.8597875955845115,16.909537077667604,302,cvc-clinicdb,unetpp,polypseg/runs/unetpp_seed42/best.pth,True
0.9005731110946917,0.8191296030529016,0.9965091924482602,0.8214868105436787,0.4462474150381254,36.39230158305808,303,cvc-clinicdb,unetpp,polypseg/runs/unetpp_seed42/best.pth,True
0.8964862298145551,0.812392426842033,0.9820095459431892,0.8246659814920383,0.5603890168094484,30.0,304,cvc-clinicdb,unetpp,polypseg/runs/unetpp_seed42/best.pth,True
0.9100676183286623,0.8349762183715793,0.9841566460758517,0.8463527110058248,0.5775531241719475,28.82782479140799,305,cvc-clinicdb,unetpp,polypseg/runs/unetpp_seed42/best.pth,True
0.9034278531692123,0.8238654025457575,0.9996699669919864,0.8240895487550076,0.47118375688521014,30.773313526213027,306,cvc-clinicdb,unetpp,polypseg/runs/unetpp_seed42/best.pth,True
0.8982802423251012,0.8153436807023029,0.973628468534488,0.8337565753597518,0.4331047412248251,26.154209565011847,307,cvc-clinicdb,unetpp,polypseg/runs/unetpp_seed42/best.pth,True
0.9533407988015704,0.9108416547716687,0.9132300357495968,0.9971369078518381,0.353168171311034,5.0,308,cvc-clinicdb,unetpp,polypseg/runs/unetpp_seed42/best.pth,True
0.9290613718327702,0.8675206472127504,0.8706021650732307,0.9959365324884687,0.5780174097626884,9.441908909323882,309,cvc-clinicdb,unetpp,polypseg/runs/unetpp_seed42/best.pth,True
0.9619455345405996,0.9266811776729672,0.9551304758418333,0.9688585459220401,0.7154640572033183,4.47213595499958,31,cvc-clinicdb,unetpp,polypseg/runs/unetpp_seed42/best.pth,True
0.9653323117991701,0.9329877822683086,0.9399477806437916,0.9921259842129084,0.9403648569738106,2.23606797749979,310,cvc-clinicdb,unetpp,polypseg/runs/unetpp_seed42/best.pth,True
0.9460566746168307,0.8976352445449423,0.9270659082995295,0.9658417566759903,0.8286020675595723,3.9013878188659974,311,cvc-clinicdb,unetpp,polypseg/runs/unetpp_seed42/best.pth,True
0.908175125884999,0.8317955996570762,0.8987730060660449,0.9177760375162274,0.8023182521824465,5.189117562233501,312,cvc-clinicdb,unetpp,polypseg/runs/unetpp_seed42/best.pth,True
0.9155786229753013,0.8443015255632023,0.9945384073115832,0.8482344102051355,0.6524409151913637,17.950828569657297,313,cvc-clinicdb,unetpp,polypseg/runs/unetpp_seed42/best.pth,True
0.960483051348356,0.9239705543947092,0.9951684836348468,0.9281340265635107,0.7800308608655384,8.624057378253852,314,cvc-clinicdb,unetpp,polypseg/runs/unetpp_seed42/best.pth,True
0.9895864474315157,0.9793875437596559,0.9916121623596205,0.9875689920889683,0.9686261507614533,2.0,315,cvc-clinicdb,unetpp,polypseg/runs/unetpp_seed42/best.pth,True
0.9704675204428784,0.9426293387658334,0.9535765183875994,0.987967704435965,0.6621569958154981,17.43937087038717,316,cvc-clinicdb,unetpp,polypseg/runs/unetpp_seed42/best.pth,True
0.9001195151070509,0.8183793852789917,0.9912010227796405,0.8243682762019992,0.5541988316570733,34.0,317,cvc-clinicdb,unetpp,polypseg/runs/unetpp_seed42/best.pth,True
0.9548936170009598,0.9136807817217557,0.9799126637126676,0.9311203319115718,0.8924484625923607,4.47213595499958,318,cvc-clinicdb,unetpp,polypseg/runs/unetpp_seed42/best.pth,True
0.9541188738103212,0.9122632103385755,0.9128699700394789,0.9992719329814609,0.883591978595232,3.0,319,cvc-clinicdb,unetpp,polypseg/runs/unetpp_seed42/best.pth,True
0.9638955363595677,0.9303072906112642,0.9577173575833999,0.970153942811078,0.7073774650654753,5.0,32,cvc-clinicdb,unetpp,polypseg/runs/unetpp_seed42/best.pth,True
0.959225050676287,0.9216450216250727,0.9345917471261065,0.9851920406990933,0.8621734053981602,3.605551275463989,320,cvc-clinicdb,unetpp,polypseg/runs/unetpp_seed42/best.pth,True
0.9475100942051499,0.9002557544621596,0.9002557544621596,0.9999999999832888,0.5655193690099706,4.0,321,cvc-clinicdb,unetpp,polypseg/runs/unetpp_seed42/best.pth,True
0.9649154480293379,0.9322093023147416,0.9382094792166388,0.9931863230798664,0.6990660637549713,4.0,322,cvc-clinicdb,unetpp,polypseg/runs/unetpp_seed42/best.pth,True
0.9553659015060066,0.9145459667488538,0.9262887578378705,0.9863277293803288,0.48637170829749554,4.0,323,cvc-clinicdb,unetpp,polypseg/runs/unetpp_seed42/best.pth,True
0.9572124391086009,0.9179361885467385,0.9196544276325463,0.9979687499844068,0.7311524501485461,4.123105625617661,324,cvc-clinicdb,unetpp,polypseg/runs/unetpp_seed42/best.pth,True
0.9079301745545343,0.8313847277889773,0.8313847277889773,0.9999999999780268,0.20189269459146014,5.0,325,cvc-clinicdb,unetpp,polypseg/runs/unetpp_seed42/best.pth,True
0.9117280453154477,0.8377759266797631,0.8388240199991905,0.9985107966989697,0.36350314471746126,7.498290980059714,326,cvc-clinicdb,unetpp,polypseg/runs/unetpp_seed42/best.pth,True
0.9397394136680275,0.886328725015711,0.8929584730231376,0.9916929246350131,0.5860173938717395,4.242640687119285,327,cvc-clinicdb,unetpp,polypseg/runs/unetpp_seed42/best.pth,True
0.887606881622668,0.7979255417522148,0.8068926765160724,0.986263736241157,0.21098233678569278,11.0,328,cvc-clinicdb,unetpp,polypseg/runs/unetpp_seed42/best.pth,True
0.9544235924830624,0.9128205128017883,0.943996605834875,0.9650834959669251,0.724259794786366,4.0,329,cvc-clinicdb,unetpp,polypseg/runs/unetpp_seed42/best.pth,True
0.9677248677206008,0.9374679651380704,0.9573410101984006,0.9783364535884965,0.7448391215692045,5.656854249492381,33,cvc-clinicdb,unetpp,polypseg/runs/unetpp_seed42/best.pth,True
0.9603021401514031,0.9236357765430475,0.9432811211715865,0.9779487179320009,0.807971663944628,6.835206290277494,330,cvc-clinicdb,unetpp,polypseg/runs/unetpp_seed42/best.pth,True
0.9643357534010677,0.9311277825491191,0.9504142605956514,0.9786711478673905,0.6909788367564258,4.0,331,cvc-clinicdb,unetpp,polypseg/runs/unetpp_seed42/best.pth,True
0.9805393140677149,0.9618216058729357,0.973825619674574,0.9873462214237725,0.9852935511800268,2.0,332,cvc-clinicdb,unetpp,polypseg/runs/unetpp_seed42/best.pth,True
0.9532223565427952,0.9106254441913535,0.9107872756191436,0.9998049160944245,0.7434813525559257,3.0,333,cvc-clinicdb,unetpp,polypseg/runs/unetpp_seed42/best.pth,True
0.9507042253437438,0.9060402684411738,0.923076923061144,0.9800362976228669,0.6376633486930229,4.0,334,cvc-clinicdb,unetpp,polypseg/runs/unetpp_seed42/best.pth,True
0.9556998438320399,0.9151581929652896,0.9244712990789558,0.9891119428208726,0.6981538353763233,4.0,335,cvc-clinicdb,unetpp,polypseg/runs/unetpp_seed42/best.pth,True
0.9581311769904929,0.9196274577281885,0.9202623403362054,0.9992503747938671,0.7614087402336576,3.0,336,cvc-clinicdb,unetpp,polypseg/runs/unetpp_seed42/best.pth,True
0.9547263681512874,0.9133745835171605,0.9189146049334571,0.9934426229336766,0.6202324871275858,4.0061552812808845,337,cvc-clinicdb,unetpp,polypseg/runs/unetpp_seed42/best.pth,True
0.9709202873722929,0.9434840425462212,0.9572028181610163,0.9850366370922866,0.6593070940417401,4.0,338,cvc-clinicdb,unetpp,polypseg/runs/unetpp_seed42/best.pth,True
0.9339261076048763,0.8760425654047731,0.8783160322699448,0.9970540097873305,0.5840946032933853,3.1622776601683795,339,cvc-clinicdb,unetpp,polypseg/runs/unetpp_seed42/best.pth,True
0.9636624612754878,0.9298731593391184,0.9576576576432785,0.9697430439262621,0.833112921940683,4.47213595499958,34,cvc-clinicdb,unetpp,polypseg/runs/unetpp_seed42/best.pth,True
0.9415807559888559,0.8896103895659535,0.9309984317338735,0.9524064170613686,0.8597037927763346,2.8284271247461903,340,cvc-clinicdb,unetpp,polypseg/runs/unetpp_seed42/best.pth,True
0.9515905947253194,0.9076517150053656,0.9114307342577052,0.9954526663499194,0.8652616123257033,2.8284271247461903,341,cvc-clinicdb,unetpp,polypseg/runs/unetpp_seed42/best.pth,True
0.9728041161278157,0.947048300525378,0.9514737598735744,0.9951127819424171,0.8472626047174431,3.605551275463989,342,cvc-clinicdb,unetpp,polypseg/runs/unetpp_seed42/best.pth,True
0.947916666660337,0.9009900989984643,0.9319852941054099,0.9644021738999402,0.7948465681186276,9.0,343,cvc-clinicdb,unetpp,polypseg/runs/unetpp_seed42/best.pth,True
0.9790060926338582,0.9588755481993034,0.9796532980683145,0.9783597417768606,0.924085941381413,2.23606797749979,344,cvc-clinicdb,unetpp,polypseg/runs/unetpp_seed42/best.pth,True
0.9728676126579882,0.947168665546173,0.9644458185116366,0.9814377851110473,0.8240567124441749,3.0,345,cvc-clinicdb,unetpp,polypseg/runs/unetpp_seed42/best.pth,True
0.9675732217446709,0.9371833839681565,0.9775429326029712,0.9578048148858969,0.9485656215666669,2.23606797749979,346,cvc-clinicdb,unetpp,polypseg/runs/unetpp_seed42/best.pth,True
0.8376846444448841,0.7207034136142944,0.7361509433851147,0.9717075114371049,0.5316268273697434,36.65625466063585,347,cvc-clinicdb,unetpp,polypseg/runs/unetpp_seed42/best.pth,True
0.953685148071802,0.9114705256398745,0.9783452875829031,0.9302376091354405,0.557565747699636,10.082157655642412,348,cvc-clinicdb,unetpp,polypseg/runs/unetpp_seed42/best.pth,True
0.9606185566990503,0.9242213846422368,0.9399967718467436,0.9821654439624666,0.5785924443710945,19.763438107687058,349,cvc-clinicdb,unetpp,polypseg/runs/unetpp_seed42/best.pth,True
0.9431833092708096,0.8924757884170291,0.8949203187139577,0.9969486823717483,0.6614367791086562,13.444320001554967,35,cvc-clinicdb,unetpp,polypseg/runs/unetpp_seed42/best.pth,True
0.9417046853467242,0.8898316682572203,0.9495436290547677,0.9339941104579904,0.5767816411495997,31.281907338533575,350,cvc-clinicdb,unetpp,polypseg/runs/unetpp_seed42/best.pth,True
0.9303090844878327,0.8696989672408328,0.9149329634555032,0.9462108534318382,0.660822824886895,5.385164807134504,351,cvc-clinicdb,unetpp,polypseg/runs/unetpp_seed42/best.pth,True
0.9120418848048162,0.838306063502447,0.9753639417420111,0.8564405112867148,0.8457299783511323,30.159295140505858,352,cvc-clinicdb,unetpp,polypseg/runs/unetpp_seed42/best.pth,True
0.9492458852184164,0.9033948778927529,0.9424630296887976,0.9561270801694891,0.6810913050437593,20.86243804542077,353,cvc-clinicdb,unetpp,polypseg/runs/unetpp_seed42/best.pth,True
0.9588099173490326,0.9208788417459883,0.9756458557457529,0.9425451709223639,0.8102497874761204,13.038404810405298,354,cvc-clinicdb,unetpp,polypseg/runs/unetpp_seed42/best.pth,True
0.6034225662103002,0.4320724018666659,0.9997647058588292,0.4321163429224843,0.2306898650970686,52.3450093132096,355,cvc-clinicdb,unetpp,polypseg/runs/unetpp_seed42/best.pth,True
0.6807911498445807,0.5160601748270374,0.9835335141227521,0.52055777708889,0.37205441379977067,49.64876634922564,356,cvc-clinicdb,unetpp,polypseg/runs/unetpp_seed42/best.pth,True
0.8992776269253053,0.8169885966915662,0.9927044451928927,0.8219235811911316,0.6451986994654709,49.47639535946874,357,cvc-clinicdb,unetpp,polypseg/runs/unetpp_seed42/best.pth,True
0.8780487804823416,0.7826086956434937,0.9709646346364255,0.8013628620011202,0.7144005713256134,65.72059360208083,358,cvc-clinicdb,unetpp,polypseg/runs/unetpp_seed42/best.pth,True
0.9217968494324227,0.8549380039811415,0.9776896380666564,0.8719490626028302,0.6736523081523457,34.144563789739976,359,cvc-clinicdb,unetpp,polypseg/runs/unetpp_seed42/best.pth,True
0.9373205741514674,0.882035119295767,0.8953382083890462,0.9834337349150745,0.6633609792181434,5.656854249492381,36,cvc-clinicdb,unetpp,polypseg/runs/unetpp_seed42/best.pth,True
0.8841984349167772,0.7924334062489227,0.8523773271447687,0.9184875829598144,0.5206163635922882,55.84305722608611,360,cvc-clinicdb,unetpp,polypseg/runs/unetpp_seed42/best.pth,True
0.7884150084836646,0.650730253349325,0.654240335626885,0.9918226421861546,0.445967492497848,81.25018462650358,361,cvc-clinicdb,unetpp,polypseg/runs/unetpp_seed42/best.pth,True
0.8438975389209247,0.7299504735361025,0.7730744455620403,0.9290058608766005,0.29519645782743315,50.61370560080396,362,cvc-clinicdb,unetpp,polypseg/runs/unetpp_seed42/best.pth,True
0.86082115515446,0.755650580283711,0.8717406623769034,0.8501718212474109,0.5856647247630233,8.080262355239405,363,cvc-clinicdb,unetpp,polypseg/runs/unetpp_seed42/best.pth,True
0.9040675364369903,0.8249299719599115,0.8257974062101018,0.9987282746503295,0.5058780983907424,6.082762530298219,364,cvc-clinicdb,unetpp,polypseg/runs/unetpp_seed42/best.pth,True
0.8308592933131747,0.7106580829502627,0.7106580829502627,0.9999999999496728,0.23668316488801777,8.0,365,cvc-clinicdb,unetpp,polypseg/runs/unetpp_seed42/best.pth,True
0.8821684587616002,0.7891783566817965,0.7891783566817965,0.9999999999492127,0.5236322069916817,7.0,366,cvc-clinicdb,unetpp,polypseg/runs/unetpp_seed42/best.pth,True
0.901785714267415,0.8211382113517688,0.8278688524281719,0.9901960783872462,0.5876203359252589,6.509902130706129,367,cvc-clinicdb,unetpp,polypseg/runs/unetpp_seed42/best.pth,True
0.8123646386924126,0.6840185676165776,0.6842454394466254,0.999515503827543,0.4155221180744955,14.7648230602334,368,cvc-clinicdb,unetpp,polypseg/runs/unetpp_seed42/best.pth,True
0.7806466619962632,0.6402136588843872,0.6402136588843872,0.9999999999404052,0.29681363772895486,13.892443989449804,369,cvc-clinicdb,unetpp,polypseg/runs/unetpp_seed42/best.pth,True
0.9534175010824465,0.910981697160554,0.9379588839826486,0.9693942076518351,0.6625642376484502,7.703287562383142,37,cvc-clinicdb,unetpp,polypseg/runs/unetpp_seed42/best.pth,True
0.8239835306015445,0.7006564551115687,0.704355477311731,0.9925604463116825,0.4854175137469761,9.848857801796104,370,cvc-clinicdb,unetpp,polypseg/runs/unetpp_seed42/best.pth,True
0.8017653548804059,0.6691221607937924,0.6699446834253261,0.9981684980770907,0.45547751153152216,8.48528137423857,371,cvc-clinicdb,unetpp,polypseg/runs/unetpp_seed42/best.pth,True
0.803514376964716,0.6715620827322054,0.6724598930031778,0.9980158729168636,0.4790975486743325,8.06225774829855,372,cvc-clinicdb,unetpp,polypseg/runs/unetpp_seed42/best.pth,True
0.7488519957347634,0.5985319028459327,0.5985319028459327,0.9999999999056604,0.262785586835241,10.295630140987,373,cvc-clinicdb,unetpp,polypseg/runs/unetpp_seed42/best.pth,True
0.7406555491448921,0.5881278538544235,0.5908256880462924,0.9922958396770187,0.37398369058100983,12.150976276771091,374,cvc-clinicdb,unetpp,polypseg/runs/unetpp_seed42/best.pth,True
0.7795501022176053,0.638739946337886,0.638739946337886,0.9999999998950683,0.3984087632331831,8.06225774829855,375,cvc-clinicdb,unetpp,polypseg/runs/unetpp_seed42/best.pth,True
0.8488925348507155,0.7374572405719083,0.7374572405719083,0.9999999999613453,0.3716747347484781,9.848857801796104,376,cvc-clinicdb,unetpp,polypseg/runs/unetpp_seed42/best.pth,True
0.8743434343257709,0.7767408470647258,0.7801009372465717,0.9944852940719446,0.5491546372322567,9.219544457292887,377,cvc-clinicdb,unetpp,polypseg/runs/unetpp_seed42/best.pth,True
0.8185945945768953,0.6928989750844474,0.6941694169162388,0.9973656479980313,0.2852370914846033,11.079105734765182,378,cvc-clinicdb,unetpp,polypseg/runs/unetpp_seed42/best.pth,True
0.757894736821111,0.6101694914982083,0.6118067978259478,0.9956331877004633,0.4028364238641025,14.41478054939022,379,cvc-clinicdb,unetpp,polypseg/runs/unetpp_seed42/best.pth,True
0.9737552651369072,0.9488528730593802,0.9690455717762458,0.9785109615589644,0.9156357795302956,2.8284271247461903,38,cvc-clinicdb,unetpp,polypseg/runs/unetpp_seed42/best.pth,True
0.8817984046197294,0.7885862515871774,0.7885862515871774,0.9999999999451754,0.5322410855001101,7.0710678118654755,380,cvc-clinicdb,unetpp,polypseg/runs/unetpp_seed42/best.pth,True
0.8539611835689793,0.7451415879859761,0.7451415879859761,0.9999999999627422,0.39581450527483086,9.0,381,cvc-clinicdb,unetpp,polypseg/runs/unetpp_seed42/best.pth,True
0.9448017950494421,0.8953785086221895,0.8992027334595899,0.9952726126380311,0.75009864719832,4.0,382,cvc-clinicdb,unetpp,polypseg/runs/unetpp_seed42/best.pth,True
0.9080264982143271,0.8315462753715704,0.8315462753715704,0.9999999999660673,0.5062088616528457,6.0,383,cvc-clinicdb,unetpp,polypseg/runs/unetpp_seed42/best.pth,True
0.8221818962305173,0.698055067755548,0.9895725692767047,0.7032277445819178,0.5348300640719785,97.03141627986724,384,cvc-clinicdb,unetpp,polypseg/runs/unetpp_seed42/best.pth,True
0.8415448851756961,0.7264371958885333,0.9283312606470069,0.7695979227890732,0.48719930557036906,93.84877732698213,385,cvc-clinicdb,unetpp,polypseg/runs/unetpp_seed42/best.pth,True
0.8262452716781097,0.7039334979799291,0.8247582751047189,0.8277376398894045,0.3295949048735838,73.37039738678313,386,cvc-clinicdb,unetpp,polypseg/runs/unetpp_seed42/best.pth,True
0.7543830293551335,0.6056300188047237,0.7782125047917982,0.7319695493713895,0.3299512877009622,97.0734245620767,387,cvc-clinicdb,unetpp,polypseg/runs/unetpp_seed42/best.pth,True
0.8103831021807802,0.6812135097159071,0.928715365234616,0.7187975201749959,0.41419436775917473,99.95841016212145,388,cvc-clinicdb,unetpp,polypseg/runs/unetpp_seed42/best.pth,True
0.8962564664486219,0.8120151459142407,0.9858720636823127,0.8215754064622427,0.6335431130599355,55.5299926784975,389,cvc-clinicdb,unetpp,polypseg/runs/unetpp_seed42/best.pth,True
0.9560164083756151,0.9157389216128413,0.9256398940660715,0.9884542883838725,0.8515267701028969,7.0710678118654755,39,cvc-clinicdb,unetpp,polypseg/runs/unetpp_seed42/best.pth,True
0.9850277111396447,0.9704971475089894,0.9857071905469581,0.9843491678552609,0.9154269898020805,2.8284271247461903,390,cvc-clinicdb,unetpp,polypseg/runs/unetpp_seed42/best.pth,True
0.95130466739295,0.9071315927649005,0.9436748085865171,0.9590589106899026,0.8253470167382002,7.0,391,cvc-clinicdb,unetpp,polypseg/runs/unetpp_seed42/best.pth,True
0.9493795306490392,0.9036370015097224,0.9629860418623756,0.9361521686341633,0.6664552047266273,13.324580860920014,392,cvc-clinicdb,unetpp,polypseg/runs/unetpp_seed42/best.pth,True
0.9538779998644551,0.911822903773042,0.9223167375416272,0.9876758204824156,0.658475424206913,5.830951894845301,393,cvc-clinicdb,unetpp,polypseg/runs/unetpp_seed42/best.pth,True
0.9641972249692504,0.9308695132049889,0.9379368522422519,0.9919704307801177,0.7784464710507458,5.0,394,cvc-clinicdb,unetpp,polypseg/runs/unetpp_seed42/best.pth,True
0.9498743665050471,0.9045340254610711,0.9089575352440381,0.9946485907867049,0.6412500152806175,10.131365494456457,395,cvc-clinicdb,unetpp,polypseg/runs/unetpp_seed42/best.pth,True
0.9658891504345564,0.9340286400055124,0.9415102211018647,0.9915641476187033,0.7264918939241399,5.0990195135927845,396,cvc-clinicdb,unetpp,polypseg/runs/unetpp_seed42/best.pth,True
0.9763470865690773,0.9537872395602401,0.9663948441341155,0.9865064446765137,0.8376786716304024,3.92111025509278,397,cvc-clinicdb,unetpp,polypseg/runs/unetpp_seed42/best.pth,True
0.9674189489439471,0.9368939590306616,0.9435972425269291,0.9924745948860616,0.6781267492655274,6.4031242374328485,398,cvc-clinicdb,unetpp,polypseg/runs/unetpp_seed42/best.pth,True
0.9548392408671736,0.9135812194665701,0.9398654672101477,0.9702978580909446,0.6526930824233629,8.246211251235321,399,cvc-clinicdb,unetpp,polypseg/runs/unetpp_seed42/best.pth,True
0.7048508934238241,0.544223742150547,0.9859119069762716,0.5484891406961827,0.5909889223742681,66.32530634206817,4,cvc-clinicdb,unetpp,polypseg/runs/unetpp_seed42/best.pth,True
0.9689752428645003,0.9398176291679049,0.962520234080905,0.9755174154344332,0.887845467029715,3.317423425521828,40,cvc-clinicdb,unetpp,polypseg/runs/unetpp_seed42/best.pth,True
0.9612212414921051,0.9253377907657705,0.9454881867215273,0.9774867569014496,0.7333982398799997,4.0,400,cvc-clinicdb,unetpp,polypseg/runs/unetpp_seed42/best.pth,True
0.9703350274817428,0.942379369387102,0.9434247680421195,0.9988255391736192,0.7852161031761861,3.0,401,cvc-clinicdb,unetpp,polypseg/runs/unetpp_seed42/best.pth,True
0.9706209969334078,0.9429189774046873,0.9461183496135578,0.9964265294382759,0.6953089688835016,5.830951894845301,402,cvc-clinicdb,unetpp,polypseg/runs/unetpp_seed42/best.pth,True
0.9680807248714576,0.9381361005693659,0.9413295955051929,0.9963967782853285,0.7228841966400202,5.0,403,cvc-clinicdb,unetpp,polypseg/runs/unetpp_seed42/best.pth,True
0.9747592313616561,0.95076128571854,0.9680870353493373,0.9815240371267439,0.8463921805525264,5.656854249492381,404,cvc-clinicdb,unetpp,polypseg/runs/unetpp_seed42/best.pth,True
0.9581154654683945,0.9195985099242591,0.9354736842006791,0.9818804551874722,0.7262911589767878,8.94427190999916,405,cvc-clinicdb,unetpp,polypseg/runs/unetpp_seed42/best.pth,True
0.9623355014321467,0.9274052478043984,0.9377948113115389,0.9881950916331345,0.6892432719495222,5.719505122917601,406,cvc-clinicdb,unetpp,polypseg/runs/unetpp_seed42/best.pth,True
0.9725699308555625,0.9466045038621868,0.9510384445342374,0.9950989458017837,0.7952136972995152,3.0,407,cvc-clinicdb,unetpp,polypseg/runs/unetpp_seed42/best.pth,True
0.9526677104603597,0.9096136154449216,0.9151914844276848,0.9933442169911674,0.7379077115632796,7.364025693426366,408,cvc-clinicdb,unetpp,polypseg/runs/unetpp_seed42/best.pth,True
0.9414095289243168,0.8893047449857608,0.9079957252472295,0.9773765120055169,0.6545313978234253,151.83655377798007,409,cvc-clinicdb,unetpp,polypseg/runs/unetpp_seed42/best.pth,True
0.9474641341589466,0.9001727778671497,0.9050376375042456,0.994064023722831,0.7888198257841166,8.48528137423857,41,cvc-clinicdb,unetpp,polypseg/runs/unetpp_seed42/best.pth,True
0.9109265786432228,0.8364234777746963,0.9704684317595409,0.858268602939792,0.4825515335831506,18.488644194346936,410,cvc-clinicdb,unetpp,polypseg/runs/unetpp_seed42/best.pth,True
0.9261132763833972,0.8623938223805035,0.9920056848287084,0.868429237933617,0.5684923806721567,9.896963079870886,411,cvc-clinicdb,unetpp,polypseg/runs/unetpp_seed42/best.pth,True
0.8611679908193859,0.7561852704148996,0.9804177545509061,0.7677815101392175,0.31720361215814985,16.893374576408085,412,cvc-clinicdb,unetpp,polypseg/runs/unetpp_seed42/best.pth,True
0.7666931286868951,0.6216564153823251,0.9551648351438425,0.6403418299596236,0.18424428699498138,28.0,413,cvc-clinicdb,unetpp,polypseg/runs/unetpp_seed42/best.pth,True
0.8605338078276503,0.7552078453394696,0.9851299600709479,0.7639160927504772,0.4992184069084514,46.51881339845203,414,cvc-clinicdb,unetpp,polypseg/runs/unetpp_seed42/best.pth,True
0.8142895268564784,0.6867524115711463,0.9884302110238019,0.6923176661219298,0.46574939371467783,42.09136203218116,415,cvc-clinicdb,unetpp,polypseg/runs/unetpp_seed42/best.pth,True
0.8602952724954441,0.7548404878332885,0.985250472155902,0.763467837474643,0.3812949143419143,32.202484376209235,416,cvc-clinicdb,unetpp,polypseg/runs/unetpp_seed42/best.pth,True
0.8096481271236683,0.6801754553191554,0.9751196172115499,0.6921882581204057,0.41412509426711996,36.020793299877795,417,cvc-clinicdb,unetpp,polypseg/runs/unetpp_seed42/best.pth,True
0.8431645434017432,0.728854340167891,0.9759603469398771,0.7421786656475278,0.39308207160882364,15.254500129249967,418,cvc-clinicdb,unetpp,polypseg/runs/unetpp_seed42/best.pth,True
0.8668624753657773,0.7650108274770981,0.9897274811020482,0.771133747845144,0.5520002647854766,30.213352633976907,419,cvc-clinicdb,unetpp,polypseg/runs/unetpp_seed42/best.pth,True
0.9641845979546703,0.9308459751136963,0.9388008270029111,0.9909791939329117,0.8498974792793647,6.382102612161142,42,cvc-clinicdb,unetpp,polypseg/runs/unetpp_seed42/best.pth,True
0.737776218867984,0.5845050853077057,0.9958337278572499,0.5859379352577528,0.32250843630728676,54.20607486109455,420,cvc-clinicdb,unetpp,polypseg/runs/unetpp_seed42/best.pth,True
0.7923772102129966,0.6561462874949167,0.996836381601613,0.6575154874427289,0.3651375651167478,34.132096331752024,421,cvc-clinicdb,unetpp,polypseg/runs/unetpp_seed42/best.pth,True
0.923144581600614,0.8572595409073165,0.9645392318387485,0.8851567498374769,0.38594860715493406,22.0,422,cvc-clinicdb,unetpp,polypseg/runs/unetpp_seed42/best.pth,True
0.8160151282944279,0.6892107727009461,0.8836946543260807,0.7579648697713024,0.216186382618054,108.15264131402094,423,cvc-clinicdb,unetpp,polypseg/runs/unetpp_seed42/best.pth,True
0.0,0.0,0.0,0.0,0.0,,424,cvc-clinicdb,unetpp,polypseg/runs/unetpp_seed42/best.pth,True
0.8415046491791737,0.7263772345594172,0.9925224326524166,0.7303741745880274,0.3798905688726043,13.0,425,cvc-clinicdb,unetpp,polypseg/runs/unetpp_seed42/best.pth,True
0.853685756235808,0.7447222791479327,0.9826910074241691,0.754620976108467,0.2911211801152019,22.0,426,cvc-clinicdb,unetpp,polypseg/runs/unetpp_seed42/best.pth,True
0.8807208916256394,0.7868644067741041,0.8637209302258626,0.8984034833018996,0.4733563962474686,119.00504083002535,427,cvc-clinicdb,unetpp,polypseg/runs/unetpp_seed42/best.pth,True
0.9072857211333527,0.8303046264521964,0.9782788580784207,0.8458992934366701,0.5428735796356102,17.01322386466688,428,cvc-clinicdb,unetpp,polypseg/runs/unetpp_seed42/best.pth,True
0.919000120172341,0.8501389660828221,0.8526034117420827,0.9966114948390902,0.27215810498374365,8.570248430093823,429,cvc-clinicdb,unetpp,polypseg/runs/unetpp_seed42/best.pth,True
0.9672426205816482,0.9365632624444656,0.9630824372587261,0.9714389009224252,0.8534590694970362,3.0,43,cvc-clinicdb,unetpp,polypseg/runs/unetpp_seed42/best.pth,True
0.9113142136721631,0.8370773506155965,0.8378535002220925,0.998894569559225,0.2887243696618822,8.54400374531753,430,cvc-clinicdb,unetpp,polypseg/runs/unetpp_seed42/best.pth,True
0.913846822687386,0.8413609072602888,0.842259917178546,0.9987329743269127,0.3592456400658426,8.48528137423857,431,cvc-clinicdb,unetpp,polypseg/runs/unetpp_seed42/best.pth,True
0.9392335380005333,0.8854291417077301,0.8891561435068234,0.9952883105116076,0.5204481397878071,8.94427190999916,432,cvc-clinicdb,unetpp,polypseg/runs/unetpp_seed42/best.pth,True
0.9389695100321638,0.8849599694921372,0.8850443236975974,0.9998923109950474,0.5314868098263361,9.433981132056603,433,cvc-clinicdb,unetpp,polypseg/runs/unetpp_seed42/best.pth,True
0.9425646858073047,0.8913686474778939,0.8930495689574977,0.9978928356311669,0.5253322705555437,8.024456537439756,434,cvc-clinicdb,unetpp,polypseg/runs/unetpp_seed42/best.pth,True
0.9489526383626208,0.9028638223155714,0.9081716637165411,0.9935683045923133,0.6711099839313599,8.52932315254779,435,cvc-clinicdb,unetpp,polypseg/runs/unetpp_seed42/best.pth,True
0.9261089907969335,0.8623863901088046,0.8623863901088046,0.9999999999864884,0.3349397090596678,7.211102550927978,436,cvc-clinicdb,unetpp,polypseg/runs/unetpp_seed42/best.pth,True
0.9456869009523003,0.8969696969586027,0.8988596926016502,0.9976613014032514,0.5494607574593718,6.324555320336759,437,cvc-clinicdb,unetpp,polypseg/runs/unetpp_seed42/best.pth,True
0.8601966652387273,0.754688672163687,0.9794787297709745,0.7668132512414728,0.6194573361298722,46.35729665328734,438,cvc-clinicdb,unetpp,polypseg/runs/unetpp_seed42/best.pth,True
0.9285861006441041,0.8666922290277774,0.9685759177122043,0.8917674907825912,0.7155899980177347,16.289500691418244,439,cvc-clinicdb,unetpp,polypseg/runs/unetpp_seed42/best.pth,True
0.9627051218246162,0.9280920421761149,0.9343629343529133,0.9928205128091986,0.7076009302268128,5.0,44,cvc-clinicdb,unetpp,polypseg/runs/unetpp_seed42/best.pth,True
0.9335362759941355,0.875356803030838,0.9325899645052781,0.9344845098876844,0.7316995354327465,16.0,440,cvc-clinicdb,unetpp,polypseg/runs/unetpp_seed42/best.pth,True
0.880935251782717,0.7872066859277658,0.7882201480274149,0.9983693436201236,0.5447151522810856,11.200345179221818,441,cvc-clinicdb,unetpp,polypseg/runs/unetpp_seed42/best.pth,True
0.8327860238955368,0.7134818815954652,0.8934611048226195,0.7798277982587989,0.5306498194201152,20.518284528683193,442,cvc-clinicdb,unetpp,polypseg/runs/unetpp_seed42/best.pth,True
0.9409398972150075,0.8884669479481229,0.8892173423298252,0.9990510833307125,0.6336730255187488,7.810249675906654,443,cvc-clinicdb,unetpp,polypseg/runs/unetpp_seed42/best.pth,True
0.9555193747902603,0.9148272851862473,0.9191830597554294,0.994846758869069,0.6073101655587403,4.0,444,cvc-clinicdb,unetpp,polypseg/runs/unetpp_seed42/best.pth,True
0.9672125349238948,0.936506849308654,0.9654028101322784,0.9690290573992273,0.783736716244653,6.143210727807855,445,cvc-clinicdb,unetpp,polypseg/runs/unetpp_seed42/best.pth,True
0.9428450952545603,0.8918703314171305,0.9543690827180321,0.9315960911981547,0.5945471681031832,12.806248474865697,446,cvc-clinicdb,unetpp,polypseg/runs/unetpp_seed42/best.pth,True
0.9468186134702942,0.8990081153922751,0.9138405132626386,0.9822660098199585,0.7537321205712844,3.0,447,cvc-clinicdb,unetpp,polypseg/runs/unetpp_seed42/best.pth,True
0.06574341804800268,0.033988985050606,0.9473684206371191,0.03405328708759178,0.2512589332170386,64.17630416317853,448,cvc-clinicdb,unetpp,polypseg/runs/unetpp_seed42/best.pth,True
0.9279269936645449,0.865544592747813,0.9397185465041017,0.9164276935494382,0.7526727026951117,12.297749151038378,449,cvc-clinicdb,unetpp,polypseg/runs/unetpp_seed42/best.pth,True
0.9656293543817492,0.9335428827880027,0.9402985074485105,0.9923627684806307,0.8605598484494696,5.385164807134504,45,cvc-clinicdb,unetpp,polypseg/runs/unetpp_seed42/best.pth,True
0.9548924357918999,0.9136786188275672,0.9158069883222694,0.997462848822129,0.8161556473953324,2.8284271247461903,450,cvc-clinicdb,unetpp,polypseg/runs/unetpp_seed42/best.pth,True
0.9510797708031935,0.9067226890375327,0.9067226890375327,0.9999999999536608,0.8797813707665231,2.8284271247461903,451,cvc-clinicdb,unetpp,polypseg/runs/unetpp_seed42/best.pth,True
0.9578947368295014,0.9191919191687073,0.9290454313188095,0.9885931558666868,0.8433815852590959,3.0,452,cvc-clinicdb,unetpp,polypseg/runs/unetpp_seed42/best.pth,True
0.9576593720152513,0.9187585577152269,0.924666972877247,0.99309324121872,0.8123323127715483,3.605551275463989,453,cvc-clinicdb,unetpp,polypseg/runs/unetpp_seed42/best.pth,True
0.9621901474665657,0.9271352985498543,0.9811230203010539,0.9439741418971221,0.8356163883655501,8.0,454,cvc-clinicdb,unetpp,polypseg/runs/unetpp_seed42/best.pth,True
0.9488564532757794,0.9026897004056124,0.9173333333231407,0.9826231849442677,0.522955511408034,5.0990195135927845,455,cvc-clinicdb,unetpp,polypseg/runs/unetpp_seed42/best.pth,True
0.9684019918471326,0.9387396875466145,0.9558534405633972,0.9812844036607221,0.7271965458992877,5.014852927038915,456,cvc-clinicdb,unetpp,polypseg/runs/unetpp_seed42/best.pth,True
0.9617414247972308,0.9263024142222039,0.953037007230963,0.9706063088798585,0.6751500277270629,5.873213921133976,457,cvc-clinicdb,unetpp,polypseg/runs/unetpp_seed42/best.pth,True
0.9664044226986348,0.9349927998161902,0.9480600750740914,0.9854726799439404,0.9053890370286292,2.23606797749979,458,cvc-clinicdb,unetpp,polypseg/runs/unetpp_seed42/best.pth,True
0.9481953774228828,0.9014938298137802,0.9065969954080864,0.9937947493796231,0.6910033873457094,4.0,459,cvc-clinicdb,unetpp,polypseg/runs/unetpp_seed42/best.pth,True
0.9794981397848531,0.9598200434229007,0.9829996822214332,0.9760214544726925,0.9734034322544582,2.0,46,cvc-clinicdb,unetpp,polypseg/runs/unetpp_seed42/best.pth,True
0.9530287710179884,0.9102721685529365,0.9399818676166821,0.966442953002117,0.7008164732048517,5.0544607324760324,460,cvc-clinicdb,unetpp,polypseg/runs/unetpp_seed42/best.pth,True
0.9382940108821968,0.8837606837480946,0.934478084034727,0.9421412300540297,0.6093525223421591,8.246211251235321,461,cvc-clinicdb,unetpp,polypseg/runs/unetpp_seed42/best.pth,True
0.9684449792688297,0.9388204795730548,0.9831681824218383,0.954156237637279,0.8444834225625544,5.156248572301125,462,cvc-clinicdb,unetpp,polypseg/runs/unetpp_seed42/best.pth,True
0.9644913224315481,0.9314179043833177,0.9470991169353215,0.9825342465669303,0.6487436923384654,6.708203932499369,463,cvc-clinicdb,unetpp,polypseg/runs/unetpp_seed42/best.pth,True
0.9664067538197432,0.9349971639145207,0.9645406670454705,0.9682800751765943,0.7768363210757343,6.324555320336759,464,cvc-clinicdb,unetpp,polypseg/runs/unetpp_seed42/best.pth,True
0.943836491373456,0.8936461860918106,0.9694716584939689,0.9195221106702105,0.5903781777954664,12.441608121032887,465,cvc-clinicdb,unetpp,polypseg/runs/unetpp_seed42/best.pth,True
0.9509240983269741,0.906439750270192,0.9683873914941216,0.9340794923686077,0.6212891018194964,10.44030650891055,466,cvc-clinicdb,unetpp,polypseg/runs/unetpp_seed42/best.pth,True
0.8915227212283203,0.8042769466742973,0.9330292579715982,0.853551801334688,0.5928264497540482,79.1283927247654,467,cvc-clinicdb,unetpp,polypseg/runs/unetpp_seed42/best.pth,True
0.851435256002648,0.7413036665563983,0.9096327629214609,0.8002368064884959,0.44585982306787847,64.3325150181299,468,cvc-clinicdb,unetpp,polypseg/runs/unetpp_seed42/best.pth,True
0.8949395770358952,0.8098557856550485,0.9028497409257631,0.8871668164054569,0.408451133513599,57.9314605428262,469,cvc-clinicdb,unetpp,polypseg/runs/unetpp_seed42/best.pth,True
0.9673876712936667,0.9368352908449381,0.9605537644513507,0.9743195152354109,0.742970619424125,4.0,47,cvc-clinicdb,unetpp,polypseg/runs/unetpp_seed42/best.pth,True
0.6221883867352607,0.45157725537018706,0.9999999999777531,0.45157725537018706,0.2571007608620805,99.26342679435767,470,cvc-clinicdb,unetpp,polypseg/runs/unetpp_seed42/best.pth,True
0.838159082117215,0.721406062754776,0.9411696583616608,0.7554729258621637,0.3176021483821796,95.96341900935278,471,cvc-clinicdb,unetpp,polypseg/runs/unetpp_seed42/best.pth,True
0.8809483894123316,0.7872276676762948,0.9797048953231784,0.8002784788060209,0.6346462944797558,59.54694718098065,472,cvc-clinicdb,unetpp,polypseg/runs/unetpp_seed42/best.pth,True
0.9166511627878553,0.8461274257207274,0.9575046965021863,0.8791411407786882,0.5534858061550078,35.84789518211469,473,cvc-clinicdb,unetpp,polypseg/runs/unetpp_seed42/best.pth,True
0.928832660577767,0.8671219018671364,0.9489620813675673,0.9095394736793848,0.6516997014460991,38.1686771892884,474,cvc-clinicdb,unetpp,polypseg/runs/unetpp_seed42/best.pth,True
0.898675437013654,0.8159950910173205,0.9673148731828363,0.8391317151115261,0.41936155343228193,41.30190428083451,475,cvc-clinicdb,unetpp,polypseg/runs/unetpp_seed42/best.pth,True
0.8805510534822243,0.7865933111298364,0.9444862954108797,0.824722967156683,0.3561371546909799,104.09958617229759,476,cvc-clinicdb,unetpp,polypseg/runs/unetpp_seed42/best.pth,True
0.9053920389207758,0.8271381819917591,0.9562909419417421,0.8596375450486845,0.5377844803709111,92.27879339441394,477,cvc-clinicdb,unetpp,polypseg/runs/unetpp_seed42/best.pth,True
0.7209166178787295,0.5636197201492367,0.9812552174168532,0.5697541200292159,0.45466092002117814,91.46004307640702,478,cvc-clinicdb,unetpp,polypseg/runs/unetpp_seed42/best.pth,True
0.974749476303644,0.9507427246068212,0.9559689061579346,0.9942827442770023,0.8161854027952987,7.046194077712557,479,cvc-clinicdb,unetpp,polypseg/runs/unetpp_seed42/best.pth,True
0.9485412142295482,0.9021192528573614,0.905861136142365,0.9954419341855838,0.723414924195942,5.656854249492381,48,cvc-clinicdb,unetpp,polypseg/runs/unetpp_seed42/best.pth,True
0.9297335743682252,0.8686935814317511,0.869946203755366,0.9983452138429331,0.6561457548579188,27.71633104269347,480,cvc-clinicdb,unetpp,polypseg/runs/unetpp_seed42/best.pth,True
0.9133613598948597,0.8405382674469272,0.8416708775428573,0.998401598394949,0.3885498746096871,26.84676697584873,481,cvc-clinicdb,unetpp,polypseg/runs/unetpp_seed42/best.pth,True
0.9560264196086794,0.915757292680074,0.9183308494744802,0.9969491055286046,0.6941752241997526,18.0,482,cvc-clinicdb,unetpp,polypseg/runs/unetpp_seed42/best.pth,True
0.9647457031057085,0.9318924886377143,0.9348696541108584,0.9965943147716074,0.784696233621676,17.33322694486139,483,cvc-clinicdb,unetpp,polypseg/runs/unetpp_seed42/best.pth,True
0.9709293089728066,0.9435010805755711,0.9505443234787426,0.9922077922024231,0.6803426615809496,6.049657518178933,484,cvc-clinicdb,unetpp,polypseg/runs/unetpp_seed42/best.pth,True
0.9541744691341759,0.9123648648587002,0.9818935427502771,0.9279774585875336,0.6732131809542464,14.0,485,cvc-clinicdb,unetpp,polypseg/runs/unetpp_seed42/best.pth,True
0.9527305281920078,0.9097281586440464,0.9743636696397296,0.9320371343329473,0.6869090660850844,5.0,486,cvc-clinicdb,unetpp,polypseg/runs/unetpp_seed42/best.pth,True
0.9707654145952748,0.9431915992344362,0.9908671670043324,0.9514630546066556,0.7755258786947616,4.47213595499958,487,cvc-clinicdb,unetpp,polypseg/runs/unetpp_seed42/best.pth,True
0.979873150101565,0.9605404957227841,0.9923775265416891,0.9676799732673486,0.9163144914142386,2.23606797749979,488,cvc-clinicdb,unetpp,polypseg/runs/unetpp_seed42/best.pth,True
0.9302339189827958,0.8695675956544332,0.8760608398520995,0.991548417274313,0.7180275207260045,36.0,489,cvc-clinicdb,unetpp,polypseg/runs/unetpp_seed42/best.pth,True
0.9761422462245322,0.9533963508358606,0.9757030371093846,0.976581850923479,0.9410401344748377,2.23606797749979,49,cvc-clinicdb,unetpp,polypseg/runs/unetpp_seed42/best.pth,True
0.23417958877491207,0.13261800989855096,0.9999999999860744,0.13261800989855096,0.0,167.8980235986108,490,cvc-clinicdb,unetpp,polypseg/runs/unetpp_seed42/best.pth,True
0.9050559926174178,0.8265774199549402,0.9655002733681493,0.8517339507024949,0.49452276490324376,34.99002669387741,491,cvc-clinicdb,unetpp,polypseg/runs/unetpp_seed42/best.pth,True
0.9742317402259636,0.9497581261098627,0.9613022376800184,0.9875137877741561,0.7368410217228483,7.0,492,cvc-clinicdb,unetpp,polypseg/runs/unetpp_seed42/best.pth,True
0.9779956891423813,0.9569389079403127,0.9682941700625285,0.9878935783281275,0.7406296351584362,6.0,493,cvc-clinicdb,unetpp,polypseg/runs/unetpp_seed42/best.pth,True
0.9828990455904646,0.9663731425373342,0.9892951715533872,0.9765850945440679,0.8780017513048822,2.3249218495867363,494,cvc-clinicdb,unetpp,polypseg/runs/unetpp_seed42/best.pth,True
0.9626452617683895,0.9279807825521874,0.9507762211238604,0.9748143834571998,0.7857950290235811,18.008326913195983,495,cvc-clinicdb,unetpp,polypseg/runs/unetpp_seed42/best.pth,True
0.9484002793343806,0.9018643317383941,0.9268021433579678,0.9710290768446002,0.6522788035190695,21.19391043557503,496,cvc-clinicdb,unetpp,polypseg/runs/unetpp_seed42/best.pth,True
0.9459974121713997,0.8975285479329731,0.9143875215307492,0.9798710329979015,0.6098444409251231,30.549999999999955,497,cvc-clinicdb,unetpp,polypseg/runs/unetpp_seed42/best.pth,True
0.9690855618614166,0.9400252106384263,0.9511311002183287,0.98773091669227,0.8256537704009739,22.573092817665668,498,cvc-clinicdb,unetpp,polypseg/runs/unetpp_seed42/best.pth,True
0.9727274399084673,0.9469029717116115,0.955351659860003,0.9907469843373389,0.7896730466089461,15.570768184563216,499,cvc-clinicdb,unetpp,polypseg/runs/unetpp_seed42/best.pth,True
0.7265915074572112,0.570587923444995,0.9869784502431271,0.5749158698756748,0.6159356426622561,58.66130752439589,5,cvc-clinicdb,unetpp,polypseg/runs/unetpp_seed42/best.pth,True
0.9429817476830402,0.8921149143981628,0.8989836772128431,0.9915081521402341,0.746585566172637,5.0,50,cvc-clinicdb,unetpp,polypseg/runs/unetpp_seed42/best.pth,True
0.944113530576623,0.8941430332867192,0.9070043777304126,0.9843887870699491,0.5287524603120985,12.794499512839522,500,cvc-clinicdb,unetpp,polypseg/runs/unetpp_seed42/best.pth,True
0.9718011882307729,0.9451491064831999,0.9536431374725348,0.990664145586205,0.6877962018021098,4.4985291572495765,501,cvc-clinicdb,unetpp,polypseg/runs/unetpp_seed42/best.pth,True
0.9680194033931737,0.9380209342850454,0.9493379107359031,0.9874509003673547,0.7958961926300128,15.98102496759064,502,cvc-clinicdb,unetpp,polypseg/runs/unetpp_seed42/best.pth,True
0.9831142018885513,0.9667891947300102,0.980875975711271,0.9853626660815274,0.8212208802342512,4.47213595499958,503,cvc-clinicdb,unetpp,polypseg/runs/unetpp_seed42/best.pth,True
0.9638199624450001,0.9301665034189014,0.987522096277555,0.9412289395347747,0.6985195942164003,4.0,504,cvc-clinicdb,unetpp,polypseg/runs/unetpp_seed42/best.pth,True
0.9708459558911663,0.9433436728433034,0.9624749725443229,0.9793638275435109,0.6652237900069862,4.0,505,cvc-clinicdb,unetpp,polypseg/runs/unetpp_seed42/best.pth,True
0.8759176766283305,0.7792291173132475,0.9867118948137514,0.7874930081646996,0.22967851376192105,40.0,506,cvc-clinicdb,unetpp,polypseg/runs/unetpp_seed42/best.pth,True
0.9757771845424535,0.9527001056957992,0.9866650080831281,0.9651270320233497,0.6092687186967329,7.615773105863909,507,cvc-clinicdb,unetpp,polypseg/runs/unetpp_seed42/best.pth,True
0.9670664150454524,0.9362329089996686,0.9675376088618823,0.966595679945442,0.6552312028064702,7.0,508,cvc-clinicdb,unetpp,polypseg/runs/unetpp_seed42/best.pth,True
0.9722907649327605,0.9460757301350383,0.9832283400066822,0.9615938550091087,0.8199041662792838,6.0,509,cvc-clinicdb,unetpp,polypseg/runs/unetpp_seed42/best.pth,True
0.8338485316524789,0.7150430748366439,0.7159920371124092,0.9981498611472571,0.5681062623745036,8.210316017377554,51,cvc-clinicdb,unetpp,polypseg/runs/unetpp_seed42/best.pth,True
0.9584701393160064,0.9202521939088331,0.9823556161802423,0.9357186173357384,0.5630634338284536,5.0,510,cvc-clinicdb,unetpp,polypseg/runs/unetpp_seed42/best.pth,True
0.9641857460635599,0.9308481152864351,0.9664748201299788,0.9619074896038678,0.8067919150416543,4.123105625617661,511,cvc-clinicdb,unetpp,polypseg/runs/unetpp_seed42/best.pth,True
0.950380798515652,0.9054529463367714,0.9669693174551195,0.9343518378318809,0.7855762539504612,10.162596577542837,512,cvc-clinicdb,unetpp,polypseg/runs/unetpp_seed42/best.pth,True
0.9303382457902334,0.8697499392950988,0.9405355736290295,0.9203596660125837,0.4619047119093025,8.892979913555667,513,cvc-clinicdb,unetpp,polypseg/runs/unetpp_seed42/best.pth,True
0.9473388305802691,0.899946590698772,0.9238782783430148,0.972021920959792,0.6396668690282962,9.0,514,cvc-clinicdb,unetpp,polypseg/runs/unetpp_seed42/best.pth,True
0.9484792054570934,0.9020070838155843,0.9147708718742269,0.9847668150810315,0.706444725240331,8.0,515,cvc-clinicdb,unetpp,polypseg/runs/unetpp_seed42/best.pth,True
0.9753829738549828,0.9519488247474565,0.9871953100818636,0.9638499773989768,0.8482552921701525,3.1622776601683795,516,cvc-clinicdb,unetpp,polypseg/runs/unetpp_seed42/best.pth,True
0.9697643136968842,0.9413033605706027,0.9511299758982318,0.9891434025174284,0.7607934155793016,4.242640687119285,517,cvc-clinicdb,unetpp,polypseg/runs/unetpp_seed42/best.pth,True
0.9777588289563152,0.9564854719733563,0.9650722401323457,0.9907834101239806,0.8888888388892254,2.8284271247461903,518,cvc-clinicdb,unetpp,polypseg/runs/unetpp_seed42/best.pth,True
0.9817202777356335,0.9640968549904586,0.9712331071554352,0.9924363969688721,0.808673256315841,3.605551275463989,519,cvc-clinicdb,unetpp,polypseg/runs/unetpp_seed42/best.pth,True
0.0,0.0,0.0,0.0,0.0,,52,cvc-clinicdb,unetpp,polypseg/runs/unetpp_seed42/best.pth,True
0.9889529189326721,0.9781472469992873,0.9833756115193723,0.9945938516470674,0.9265844025485123,2.23606797749979,520,cvc-clinicdb,unetpp,polypseg/runs/unetpp_seed42/best.pth,True
0.9759347653093877,0.953000582628151,0.9851435454629075,0.9668965517146118,0.8577667030343918,3.0,521,cvc-clinicdb,unetpp,polypseg/runs/unetpp_seed42/best.pth,True
0.956729810561936,0.9170489296519234,0.9509778012559332,0.9625518255856286,0.6721207807144894,4.0,522,cvc-clinicdb,unetpp,polypseg/runs/unetpp_seed42/best.pth,True
0.9722896440031119,0.9460736075389476,0.9562363238321815,0.9888911746350774,0.9068409021179805,3.0,523,cvc-clinicdb,unetpp,polypseg/runs/unetpp_seed42/best.pth,True
0.9845551118787901,0.9695800563833923,0.9774121166742586,0.9918032786835064,0.8606844805113568,3.0,524,cvc-clinicdb,unetpp,polypseg/runs/unetpp_seed42/best.pth,True
0.9786829599412596,0.9582557830279335,0.9685568395505817,0.9890230515826104,0.8800853491223009,3.0,525,cvc-clinicdb,unetpp,polypseg/runs/unetpp_seed42/best.pth,True
0.9694550503241383,0.9407207813973197,0.9610047023631034,0.9780553285750196,0.7720299303907487,3.0,526,cvc-clinicdb,unetpp,polypseg/runs/unetpp_seed42/best.pth,True
0.9776857058243403,0.9563455303270455,0.9818116975632214,0.9735942473066886,0.9222345525281513,2.23606797749979,527,cvc-clinicdb,unetpp,polypseg/runs/unetpp_seed42/best.pth,True
0.9750684672727591,0.95134985717358,0.9782093794317555,0.971947660726989,0.8083500648708108,3.1622776601683795,528,cvc-clinicdb,unetpp,polypseg/runs/unetpp_seed42/best.pth,True
0.6385321100839323,0.46900269540936207,0.46900269540936207,0.9999999999616859,0.14070535138951648,90.69837198700576,529,cvc-clinicdb,unetpp,polypseg/runs/unetpp_seed42/best.pth,True
0.9396602225577234,0.8861878452059462,0.9031531530514467,0.9792429791234136,0.9299901811978577,2.8284271247461903,53,cvc-clinicdb,unetpp,polypseg/runs/unetpp_seed42/best.pth,True
0.5496365411679545,0.37896469179564685,0.37896469179564685,0.9999999999605211,0.20824987261798342,52.47617585250382,530,cvc-clinicdb,unetpp,polypseg/runs/unetpp_seed42/best.pth,True
0.7455893633246536,0.5943742356177257,0.5943742356177257,0.9999999999657065,0.2616081048392464,23.87335075640518,531,cvc-clinicdb,unetpp,polypseg/runs/unetpp_seed42/best.pth,True
0.6189891189836874,0.44821451263885864,0.44821451263885864,0.9999999999716473,0.07131489024012902,56.95434024532462,532,cvc-clinicdb,unetpp,polypseg/runs/unetpp_seed42/best.pth,True
0.5767549186265681,0.40523935489030427,0.40523935489030427,0.999999999978943,0.06110719485781903,60.0,533,cvc-clinicdb,unetpp,polypseg/runs/unetpp_seed42/best.pth,True
0.7920305323708388,0.6556709863911784,0.6558817227270636,0.9995102040653141,0.1607564519669964,29.974986095657545,534,cvc-clinicdb,unetpp,polypseg/runs/unetpp_seed42/best.pth,True
0.7869865503405611,0.6487863350249846,0.6487863350249846,0.9999999999846035,0.11499431407899446,32.35038383701042,535,cvc-clinicdb,unetpp,polypseg/runs/unetpp_seed42/best.pth,True
0.642995237418574,0.4738341788833565,0.4744276668257294,0.9973668812024962,0.23650463402273336,169.1892431568863,536,cvc-clinicdb,unetpp,polypseg/runs/unetpp_seed42/best.pth,True
0.7152783454531572,0.5567574446353174,0.5567574446353174,0.9999999999771428,0.31659384140558605,148.4880454303519,537,cvc-clinicdb,unetpp,polypseg/runs/unetpp_seed42/best.pth,True
0.6679442765484783,0.5014386896801523,0.5021054964483366,0.9973585736078063,0.1987552476214224,51.815042650028445,538,cvc-clinicdb,unetpp,polypseg/runs/unetpp_seed42/best.pth,True
0.9330431442777298,0.8744900407862432,0.8865101569044336,0.9847317929876405,0.4382355476442378,6.324555320336759,539,cvc-clinicdb,unetpp,polypseg/runs/unetpp_seed42/best.pth,True
0.9242590558809815,0.8591836732940441,0.9014989291431479,0.94819819798464,0.9484535582527394,2.23606797749979,54,cvc-clinicdb,unetpp,polypseg/runs/unetpp_seed42/best.pth,True
0.9735518651146078,0.9484666901589816,0.9626502575775425,0.9847032130499546,0.792189976116437,3.605551275463989,540,cvc-clinicdb,unetpp,polypseg/runs/unetpp_seed42/best.pth,True
0.6420927467262658,0.47285464097659496,0.4755195491328327,0.9882869692352071,0.23515434584408668,59.35835467142575,541,cvc-clinicdb,unetpp,polypseg/runs/unetpp_seed42/best.pth,True
0.5999810282650352,0.42855206992053285,0.4294832620328004,0.9949661789996073,0.21999995734723052,152.36058655048012,542,cvc-clinicdb,unetpp,polypseg/runs/unetpp_seed42/best.pth,True
0.7295497780567155,0.5742450711219476,0.5742450711219476,0.999999999989135,0.21670797593812538,59.17002667766489,543,cvc-clinicdb,unetpp,polypseg/runs/unetpp_seed42/best.pth,True
0.6566179052061869,0.48877970590114717,0.48944485152835254,0.9972273567396756,0.29331538429202453,151.63918848715423,544,cvc-clinicdb,unetpp,polypseg/runs/unetpp_seed42/best.pth,True
0.924322732619815,0.8592937311680907,0.8592937311680907,0.9999999999840714,0.43633452703662556,141.17122174426544,545,cvc-clinicdb,unetpp,polypseg/runs/unetpp_seed42/best.pth,True
0.8035833667548897,0.6716584711592348,0.6720339930596887,0.9991687447880437,0.4084210905456884,47.79423955885665,546,cvc-clinicdb,unetpp,polypseg/runs/unetpp_seed42/best.pth,True
0.659076880867848,0.491509819962239,0.4920131066916648,0.9979231567809362,0.3444159040945085,51.502800461725485,547,cvc-clinicdb,unetpp,polypseg/runs/unetpp_seed42/best.pth,True
0.9325588412723856,0.8736395759593832,0.9108458591082987,0.9553323029218651,0.6115124512166288,5.0,548,cvc-clinicdb,unetpp,polypseg/runs/unetpp_seed42/best.pth,True
0.608089260791964,0.43687374747748003,0.6863979848434257,0.5458187280648062,0.21708365935967,91.81609646076058,549,cvc-clinicdb,unetpp,polypseg/runs/unetpp_seed42/best.pth,True
0.9322533136279636,0.8731034481554341,0.9134199132881068,0.9518796991049805,0.9824560903508797,2.0,55,cvc-clinicdb,unetpp,polypseg/runs/unetpp_seed42/best.pth,True
0.8865078710880531,0.7961509992480215,0.8955870108093991,0.8776109660431199,0.5330292815134097,15.458908293791174,550,cvc-clinicdb,unetpp,polypseg/runs/unetpp_seed42/best.pth,True
0.9187666301383725,0.8497394325296795,0.8900682334967389,0.9493773249078218,0.5401966708179052,6.324555320336759,551,cvc-clinicdb,unetpp,polypseg/runs/unetpp_seed42/best.pth,True
0.7762648344736023,0.6343405471556314,0.6351834815431341,0.9979123173117407,0.36806230724253614,46.00266304661847,552,cvc-clinicdb,unetpp,polypseg/runs/unetpp_seed42/best.pth,True
0.9190124045746719,0.8501599911635201,0.8680712032349248,0.9763051190955866,0.5879492401087681,10.0,553,cvc-clinicdb,unetpp,polypseg/runs/unetpp_seed42/best.pth,True
0.944420226673145,0.8946933718676987,0.9112513143963065,0.9800950011198812,0.6892118435645087,5.830951894845301,554,cvc-clinicdb,unetpp,polypseg/runs/unetpp_seed42/best.pth,True
0.9231955781160537,0.8573474990944568,0.8759604829750461,0.975815217378046,0.5713395959233661,8.246211251235321,555,cvc-clinicdb,unetpp,polypseg/runs/unetpp_seed42/best.pth,True
0.9078922345425807,0.831321105167967,0.8322873082190575,0.9986054943383266,0.5594102057340944,47.68011408100819,556,cvc-clinicdb,unetpp,polypseg/runs/unetpp_seed42/best.pth,True
0.9174549276342674,0.8474981329223675,0.8649390243770588,0.9767601996733214,0.5741312435343128,7.810249675906654,557,cvc-clinicdb,unetpp,polypseg/runs/unetpp_seed42/best.pth,True
0.9202514890724665,0.8522831749792785,0.8716502115519252,0.9745926055550274,0.6292697928133516,7.067514421272201,558,cvc-clinicdb,unetpp,polypseg/runs/unetpp_seed42/best.pth,True
0.0,0.0,0.0,0.0,0.0,,559,cvc-clinicdb,unetpp,polypseg/runs/unetpp_seed42/best.pth,True
0.9304635761435354,0.8699690402207441,0.8742999377450436,0.9943382872967326,0.6694560169464857,5.0,56,cvc-clinicdb,unetpp,polypseg/runs/unetpp_seed42/best.pth,True
0.5408607771341621,0.37067112490601056,0.4123273113654048,0.7858227847902324,0.2560854678212313,41.557738912775676,560,cvc-clinicdb,unetpp,polypseg/runs/unetpp_seed42/best.pth,True
0.6868939630861001,0.5231062410621905,0.5352442234519328,0.9584497206536584,0.409284146671697,48.32128717564907,561,cvc-clinicdb,unetpp,polypseg/runs/unetpp_seed42/best.pth,True
0.9049816750311864,0.8264534523264354,0.8735587001981976,0.9387496479732645,0.4922375906648016,8.54400374531753,562,cvc-clinicdb,unetpp,polypseg/runs/unetpp_seed42/best.pth,True
0.8464113053140274,0.7337201805227779,0.9936695044641598,0.737165991896865,0.3126252006939811,18.0,563,cvc-clinicdb,unetpp,polypseg/runs/unetpp_seed42/best.pth,True
0.8469869945182662,0.7345858116876933,0.9616370714940495,0.7567628157169574,0.5239528143725176,29.381838061447137,564,cvc-clinicdb,unetpp,polypseg/runs/unetpp_seed42/best.pth,True
0.8975150713086433,0.8140837556609399,0.8306268710801902,0.9761194029746681,0.4918737800841982,39.73604853382297,565,cvc-clinicdb,unetpp,polypseg/runs/unetpp_seed42/best.pth,True
0.8874021352186847,0.7975946775640329,0.8772867998627277,0.8977534561953412,0.4415026388521796,5.385164807134504,566,cvc-clinicdb,unetpp,polypseg/runs/unetpp_seed42/best.pth,True
0.8770079705594481,0.7809565407123618,0.7895782733320915,0.9862107004692166,0.5671275205154195,24.647462911477312,567,cvc-clinicdb,unetpp,polypseg/runs/unetpp_seed42/best.pth,True
0.5207349081091478,0.3520227111176705,0.9018181816542149,0.36605166048959026,0.47895698642717194,80.96048342535939,568,cvc-clinicdb,unetpp,polypseg/runs/unetpp_seed42/best.pth,True
0.7953877458558584,0.6602852852604998,0.9346439956995407,0.6922471467653583,0.540699518586647,111.09148735969308,569,cvc-clinicdb,unetpp,polypseg/runs/unetpp_seed42/best.pth,True
0.8524173027718697,0.7427937915331045,0.7486033519134858,0.9896602658057857,0.40514464503055786,7.03908729652601,57,cvc-clinicdb,unetpp,polypseg/runs/unetpp_seed42/best.pth,True
0.7714116951928113,0.6278846153544286,0.9443239334096656,0.6520219670168735,0.5668721065762627,71.86689070289482,570,cvc-clinicdb,unetpp,polypseg/runs/unetpp_seed42/best.pth,True
0.706724890823522,0.5464613722238457,0.5533369802987782,0.9777670371924174,0.4526591225734511,35.22782990761707,571,cvc-clinicdb,unetpp,polypseg/runs/unetpp_seed42/best.pth,True
0.9677347574436166,0.9374865272485992,0.9554042179051977,0.9803877366776288,0.9515686559331548,2.0,572,cvc-clinicdb,unetpp,polypseg/runs/unetpp_seed42/best.pth,True
0.9542197452039367,0.9124476588917988,0.9363281249634248,0.9728084415189607,0.8674286312114897,3.0,573,cvc-clinicdb,unetpp,polypseg/runs/unetpp_seed42/best.pth,True
0.9043977055233174,0.8254799301559564,0.9838793551230431,0.836797877008545,0.7118000565798764,7.280109889280518,574,cvc-clinicdb,unetpp,polypseg/runs/unetpp_seed42/best.pth,True
0.8267290179568456,0.70463603942302,0.9430095451728521,0.7359772129549523,0.5863981653265707,36.51125039899194,575,cvc-clinicdb,unetpp,polypseg/runs/unetpp_seed42/best.pth,True
0.6436208125369016,0.47451392537266573,0.9783315275919707,0.47955390333723574,0.5324574744982858,115.49326080912886,576,cvc-clinicdb,unetpp,polypseg/runs/unetpp_seed42/best.pth,True
0.1052987980344456,0.055575411006869635,0.9339339336534732,0.055794761391176985,0.15930767586536176,129.94400002159315,577,cvc-clinicdb,unetpp,polypseg/runs/unetpp_seed42/best.pth,True
0.8820629503139735,0.7890094979513398,0.9255869478526545,0.8424483882498651,0.530267728789765,57.04665351223758,578,cvc-clinicdb,unetpp,polypseg/runs/unetpp_seed42/best.pth,True
0.6755931167871113,0.5101099407971853,0.9904463352591365,0.5126323108976849,0.48402080728075986,141.6364195836736,579,cvc-clinicdb,unetpp,polypseg/runs/unetpp_seed42/best.pth,True
0.8729535035732497,0.7745496803733556,0.7781669585068204,0.9940343026850086,0.5346388729191868,5.830951894845301,58,cvc-clinicdb,unetpp,polypseg/runs/unetpp_seed42/best.pth,True
0.5731861769469279,0.40172457519400373,0.9801980197868163,0.40501150600610447,0.4139737546628068,154.63990056493517,580,cvc-clinicdb,unetpp,polypseg/runs/unetpp_seed42/best.pth,True
0.5408023750906644,0.37061626599362524,0.9763046544291072,0.3739802258340592,0.38340473268733444,144.3491657657085,581,cvc-clinicdb,unetpp,polypseg/runs/unetpp_seed42/best.pth,True
0.9409473623865,0.8884802595901732,0.939172192991777,0.9427292551251838,0.6600389725914925,10.0,582,cvc-clinicdb,unetpp,polypseg/runs/unetpp_seed42/best.pth,True
0.7739340305623039,0.6312335957886908,0.9428731447509697,0.6563352826382781,0.4876972626889392,30.850317797995725,583,cvc-clinicdb,unetpp,polypseg/runs/unetpp_seed42/best.pth,True
0.32154518788908326,0.19157214455162508,0.1937829364272311,0.9437946718341848,0.2608395692918546,172.07334226021806,584,cvc-clinicdb,unetpp,polypseg/runs/unetpp_seed42/best.pth,True
0.16145101545432716,0.08781436709679162,0.09546106789445312,0.52296234999905,0.1496319823392706,200.04920747111768,585,cvc-clinicdb,unetpp,polypseg/runs/unetpp_seed42/best.pth,True
0.9502920753780415,0.9052918941431061,0.9304985970012843,0.9709459459240778,0.7614003695116476,5.0,586,cvc-clinicdb,unetpp,polypseg/runs/unetpp_seed42/best.pth,True
0.9110003559823603,0.8365478914404528,0.8365478914404528,0.9999999999609223,0.5104192966074255,4.498529157249592,587,cvc-clinicdb,unetpp,polypseg/runs/unetpp_seed42/best.pth,True
0.9145639663365523,0.8425774877307269,0.8851756640580474,0.9459706959273824,0.553405047919455,5.0,588,cvc-clinicdb,unetpp,polypseg/runs/unetpp_seed42/best.pth,True
0.8962701799796573,0.8120376596902475,0.8217080639393771,0.9857142856740525,0.7511840361704534,16.481742407152094,589,cvc-clinicdb,unetpp,polypseg/runs/unetpp_seed42/best.pth,True
0.8971518986986886,0.8134863700994629,0.8259286233921391,0.9818181817331758,0.6861863050662804,5.06436268383531,59,cvc-clinicdb,unetpp,polypseg/runs/unetpp_seed42/best.pth,True
0.9560103504832743,0.9157278052764432,0.9657794676347063,0.9464368886378,0.9243430051737719,3.0,590,cvc-clinicdb,unetpp,polypseg/runs/unetpp_seed42/best.pth,True
0.9346879535332684,0.8773841961454413,0.8899124826858631,0.9842078450848595,0.7862945455552744,4.123105625617661,591,cvc-clinicdb,unetpp,polypseg/runs/unetpp_seed42/best.pth,True
0.8912451909459392,0.8038253215842277,0.8105478750501699,0.9897874114007965,0.5512248943237554,12.649110640673518,592,cvc-clinicdb,unetpp,polypseg/runs/unetpp_seed42/best.pth,True
0.8499195151893767,0.7390087271408035,0.743292480941648,0.9922617731374693,0.4380410208894674,30.78789539783186,593,cvc-clinicdb,unetpp,polypseg/runs/unetpp_seed42/best.pth,True
0.9439636520884469,0.893874206086993,0.9005159958534465,0.9918163218687925,0.6902707729566472,3.9013878188659974,594,cvc-clinicdb,unetpp,polypseg/runs/unetpp_seed42/best.pth,True
0.8044982698845949,0.6729377713296446,0.677184466002981,0.990767045419362,0.5990251706466332,17.0,595,cvc-clinicdb,unetpp,polypseg/runs/unetpp_seed42/best.pth,True
0.7887914601450859,0.6512433112794699,0.6578696343193047,0.9847691574971553,0.5880100457627427,16.278820596099706,596,cvc-clinicdb,unetpp,polypseg/runs/unetpp_seed42/best.pth,True
0.7289595758539112,0.5735140771338105,0.5777310924066318,0.9874326749562448,0.5356749226682755,12.425275629617085,597,cvc-clinicdb,unetpp,polypseg/runs/unetpp_seed42/best.pth,True
0.8409939905661687,0.7256165919079144,0.7258200168005097,0.9996138995753046,0.4002853585087851,11.002268050859364,598,cvc-clinicdb,unetpp,polypseg/runs/unetpp_seed42/best.pth,True
0.9146766169040463,0.8427687370881786,0.8452873563024073,0.9964769647426429,0.5311437657207851,6.0,599,cvc-clinicdb,unetpp,polypseg/runs/unetpp_seed42/best.pth,True
0.9398432481024288,0.8865134768233153,0.9852909482705533,0.8984033406981163,0.6525355330905738,33.5372399473094,6,cvc-clinicdb,unetpp,polypseg/runs/unetpp_seed42/best.pth,True
0.8751693438963583,0.7780454232354423,0.9293053842610233,0.826993416209693,0.6228538142379016,16.492422502470642,60,cvc-clinicdb,unetpp,polypseg/runs/unetpp_seed42/best.pth,True
0.9339247128344482,0.876040110935822,0.876414087503987,0.9995131450705999,0.43918913921455816,9.666441437328322,600,cvc-clinicdb,unetpp,polypseg/runs/unetpp_seed42/best.pth,True
0.9187978057566344,0.8497927683171389,0.8533295063023345,0.9951464434979892,0.5025713364559103,20.946262110597416,601,cvc-clinicdb,unetpp,polypseg/runs/unetpp_seed42/best.pth,True
0.95271084336632,0.9096922634324175,0.9107399942281783,0.9987369750394894,0.7104324466695361,4.0,602,cvc-clinicdb,unetpp,polypseg/runs/unetpp_seed42/best.pth,True
0.9437044483479284,0.8934094694159718,0.8948999046604516,0.9981392875997057,0.5902012413160361,5.602516361020792,603,cvc-clinicdb,unetpp,polypseg/runs/unetpp_seed42/best.pth,True
0.9135991109812918,0.8409410561201772,0.8409410561201772,0.9999999999847955,0.47305312891526435,11.146595169921028,604,cvc-clinicdb,unetpp,polypseg/runs/unetpp_seed42/best.pth,True
0.8759509392815409,0.7792817679342741,0.7797125483477139,0.9992915337938615,0.3955410894568034,9.433981132056603,605,cvc-clinicdb,unetpp,polypseg/runs/unetpp_seed42/best.pth,True
0.8368777186945761,0.7195096613189381,0.7244769874325423,0.9905606407039313,0.5696202032627027,25.199964288326882,606,cvc-clinicdb,unetpp,polypseg/runs/unetpp_seed42/best.pth,True
0.7494172494026919,0.5992544268220176,0.6041340432006223,0.9867007672129564,0.5207992553645248,21.01784703122148,607,cvc-clinicdb,unetpp,polypseg/runs/unetpp_seed42/best.pth,True
0.6957182670294436,0.5334110334006719,0.5382203057518969,0.9835243552656331,0.48568480286834986,27.0,608,cvc-clinicdb,unetpp,polypseg/runs/unetpp_seed42/best.pth,True
0.8921461386907443,0.805292259067826,0.8080047552841687,0.9958485958242772,0.6192490834922436,11.664043595742053,609,cvc-clinicdb,unetpp,polypseg/runs/unetpp_seed42/best.pth,True
0.9330863625623272,0.8745659721842637,0.946009389626948,0.9205116491128136,0.7940675756177803,6.708203932499369,61,cvc-clinicdb,unetpp,polypseg/runs/unetpp_seed42/best.pth,True
0.8776458440797351,0.7819687212367623,0.7839881940456744,0.996716697912835,0.4140167592479794,34.487319140845955,610,cvc-clinicdb,unetpp,polypseg/runs/unetpp_seed42/best.pth,True
0.8503071451573412,0.739595050604807,0.7441992076826222,0.9917043740323855,0.5274858031773008,20.607034381948296,611,cvc-clinicdb,unetpp,polypseg/runs/unetpp_seed42/best.pth,True
0.7111785533516914,0.5518053375051857,0.555731225281799,0.9873595505155731,0.4548424550866595,21.11981338709003,612,cvc-clinicdb,unetpp,polypseg/runs/unetpp_seed42/best.pth,True
0.8939342595427335,0.8082107842642028,0.845512820458621,0.9482386771424702,0.5786516353995751,6.343737750944883,62,cvc-clinicdb,unetpp,polypseg/runs/unetpp_seed42/best.pth,True
0.9678055190220827,0.9376193506723348,0.952165481515697,0.9839679358060142,0.982705229707872,1.4142135623730951,63,cvc-clinicdb,unetpp,polypseg/runs/unetpp_seed42/best.pth,True
0.940779610159641,0.8881811747425208,0.8919687277262281,0.9952418714516065,0.9507137773995008,2.1770509831248424,64,cvc-clinicdb,unetpp,polypseg/runs/unetpp_seed42/best.pth,True
0.8541862652601384,0.7454844006160106,0.7479406918864393,0.9956140350149404,0.6511652400294905,155.17793607338348,65,cvc-clinicdb,unetpp,polypseg/runs/unetpp_seed42/best.pth,True
0.9132314787860124,0.8403183023426887,0.8479657387126356,0.989381636415404,0.6541574845540855,5.830951894845301,66,cvc-clinicdb,unetpp,polypseg/runs/unetpp_seed42/best.pth,True
0.9119914916003193,0.8382209188251114,0.8382209188251114,0.9999999999416909,0.709424611568729,5.830951894845301,67,cvc-clinicdb,unetpp,polypseg/runs/unetpp_seed42/best.pth,True
0.856073833866666,0.7483645878652658,0.9466715704128968,0.7813021702719487,0.405473201934026,45.57406802317539,68,cvc-clinicdb,unetpp,polypseg/runs/unetpp_seed42/best.pth,True
0.6055169320339646,0.4342232228872878,0.43520309476353314,0.9948415621964007,0.468698574741121,47.03933453448663,69,cvc-clinicdb,unetpp,polypseg/runs/unetpp_seed42/best.pth,True
0.7740267878103078,0.6313570150752561,0.9938983505364496,0.6338136571572506,0.3444330870092737,45.7186695386127,7,cvc-clinicdb,unetpp,polypseg/runs/unetpp_seed42/best.pth,True
0.9286783042239621,0.8668528863790549,0.9416722858751966,0.9160380452306974,0.89163800297895,10.110076627227638,70,cvc-clinicdb,unetpp,polypseg/runs/unetpp_seed42/best.pth,True
0.06507592190418829,0.03363228699300207,0.08823529410034602,0.05154639174667281,0.1985318157974302,41.47522228676051,71,cvc-clinicdb,unetpp,polypseg/runs/unetpp_seed42/best.pth,True
0.812433392525534,0.6841160633956292,0.8268257411125516,0.7985335195251909,0.5531477428256099,38.80030671835125,72,cvc-clinicdb,unetpp,polypseg/runs/unetpp_seed42/best.pth,True
0.7439106901092032,0.5922434688771279,0.7867620751060193,0.7054860442507063,0.39541865177491653,40.39481986600594,73,cvc-clinicdb,unetpp,polypseg/runs/unetpp_seed42/best.pth,True
0.721054984337929,0.5637888849855369,0.9323699421426376,0.5878279883167702,0.5074840471482724,169.19538135606788,74,cvc-clinicdb,unetpp,polypseg/runs/unetpp_seed42/best.pth,True
0.6956146035710604,0.5332891685812094,0.8420502091609806,0.5925653293856251,0.40234654525752145,166.2385248663473,75,cvc-clinicdb,unetpp,polypseg/runs/unetpp_seed42/best.pth,True
0.6310735548179168,0.4609988776526095,0.4983318167880397,0.8602094240387325,0.5069251607952714,82.11508232739315,76,cvc-clinicdb,unetpp,polypseg/runs/unetpp_seed42/best.pth,True
0.7526251526067735,0.6033672670084821,0.7906618778455279,0.7180801490811706,0.6088709189158468,60.40695324215582,77,cvc-clinicdb,unetpp,polypseg/runs/unetpp_seed42/best.pth,True
0.0,0.0,0.0,0.0,0.0,161.28081063001432,78,cvc-clinicdb,unetpp,polypseg/runs/unetpp_seed42/best.pth,True
0.9014084506807145,0.8205128204738599,0.9584026621764613,0.850812407639054,0.6826306415805443,7.0710678118654755,79,cvc-clinicdb,unetpp,polypseg/runs/unetpp_seed42/best.pth,True
0.5944322837722557,0.4229125903429185,0.9780219780129464,0.42697036887552114,0.5082470787724934,91.38708269530433,8,cvc-clinicdb,unetpp,polypseg/runs/unetpp_seed42/best.pth,True
0.8930462407026811,0.8067602040301811,0.819831497030471,0.9806201549627426,0.5767843768560613,4.551315561749646,80,cvc-clinicdb,unetpp,polypseg/runs/unetpp_seed42/best.pth,True
0.9541866270767546,0.9123870967624208,0.9527081649022809,0.9556696850796639,0.7028491744196049,6.516379626418065,81,cvc-clinicdb,unetpp,polypseg/runs/unetpp_seed42/best.pth,True
0.9367799943672832,0.8810782240781957,0.9544803893228033,0.9197241379056629,0.6807257855940267,6.0,82,cvc-clinicdb,unetpp,polypseg/runs/unetpp_seed42/best.pth,True
0.8438008290002423,0.7298057723658575,0.7312659148714872,0.9972714870271949,0.42308948837556093,40.1864284478505,83,cvc-clinicdb,unetpp,polypseg/runs/unetpp_seed42/best.pth,True
0.9600539031575699,0.9231766012417035,0.9704222611214162,0.9499047618866685,0.7661341273163029,3.980277563773195,84,cvc-clinicdb,unetpp,polypseg/runs/unetpp_seed42/best.pth,True
0.9264871836133605,0.8630424988607442,0.8742013994390904,0.9854252400379728,0.5799818107968507,9.03046182597558,85,cvc-clinicdb,unetpp,polypseg/runs/unetpp_seed42/best.pth,True
0.9401067734322647,0.8869825279255945,0.9581703791709204,0.9227116423624904,0.5565306676115972,6.0,86,cvc-clinicdb,unetpp,polypseg/runs/unetpp_seed42/best.pth,True
0.9627676078113343,0.9282081962170474,0.9550630963226368,0.9705974350802221,0.7939701516179832,4.123105625617661,87,cvc-clinicdb,unetpp,polypseg/runs/unetpp_seed42/best.pth,True
0.8732939695975869,0.7750859106396033,0.7756189821049584,0.9991140642082146,0.6581367226835205,189.29236324968056,88,cvc-clinicdb,unetpp,polypseg/runs/unetpp_seed42/best.pth,True
0.9798300399203457,0.9604576475118335,0.9743433109147965,0.9853789126650457,0.9715189373417747,2.0,89,cvc-clinicdb,unetpp,polypseg/runs/unetpp_seed42/best.pth,True
0.5725524905316784,0.4011023079545222,0.9550524934226534,0.4088196053619211,0.4406537039574357,98.08208845184059,9,cvc-clinicdb,unetpp,polypseg/runs/unetpp_seed42/best.pth,True
0.9666090961335001,0.9353760445508751,0.9460931630175414,0.9880345233231065,0.8623513735212468,2.8284271247461903,90,cvc-clinicdb,unetpp,polypseg/runs/unetpp_seed42/best.pth,True
0.9364013430679794,0.8804085422306331,0.8815544812033924,0.9985256950084557,0.5373875628227504,5.0,91,cvc-clinicdb,unetpp,polypseg/runs/unetpp_seed42/best.pth,True
0.9138888888783114,0.8414322250460053,0.8430493273362578,0.9977255496336183,0.6629114350743516,11.910263137648686,92,cvc-clinicdb,unetpp,polypseg/runs/unetpp_seed42/best.pth,True
0.90007103953469,0.8182992464839979,0.8383325981288414,0.9716257668463286,0.603709899441777,13.92838827718412,93,cvc-clinicdb,unetpp,polypseg/runs/unetpp_seed42/best.pth,True
0.8989583333239691,0.8164616839959042,0.8357544063367083,0.9725039440844602,0.323436166507548,10.44030650891055,94,cvc-clinicdb,unetpp,polypseg/runs/unetpp_seed42/best.pth,True
0.9181400102103409,0.8486680521283079,0.8583986240997822,0.9868189806461596,0.5486980662622862,8.350438624164084,95,cvc-clinicdb,unetpp,polypseg/runs/unetpp_seed42/best.pth,True
0.911853448266036,0.8379877203240644,0.8388183980801186,0.9988196411473367,0.5732319480072854,10.0,96,cvc-clinicdb,unetpp,polypseg/runs/unetpp_seed42/best.pth,True
0.9018947368294471,0.8213190183839132,0.8579439252107358,0.9505917159482073,0.49291430623178034,7.221453651680858,97,cvc-clinicdb,unetpp,polypseg/runs/unetpp_seed42/best.pth,True
0.9762142714322596,0.953533775859493,0.9678953626539051,0.9846774193449125,0.8536379785464197,3.0,98,cvc-clinicdb,unetpp,polypseg/runs/unetpp_seed42/best.pth,True
0.9637194302542077,0.9299792530999743,0.9461741424677286,0.9819277108299298,0.6839790651447015,4.0,99,cvc-clinicdb,unetpp,polypseg/runs/unetpp_seed42/best.pth,True
