dice,iou,precision,recall,boundary_f1,hd95,name,dataset,model,checkpoint,tta
0.9170300585302835,0.8467733252926363,0.8928571428551156,0.9425482958608347,0.33441167451180226,33.98675610780978,cju14hjh2ob2o0835ouz3r5aa,kvasir-seg,segformer,polypseg/runs/segformer_seed1337/best.pth,False
0.9542783591681764,0.9125548538988747,0.9222282314739799,0.9886363636334977,0.5349334795180776,13.0,cju16jgnyzp970878melv7r25,kvasir-seg,segformer,polypseg/runs/segformer_seed1337/best.pth,False
0.8904216553762309,0.8024865118272934,0.9240950837135578,0.8591160220778725,0.3416632179571989,7.0710678118654755,cju17r8il13910799dr2wme2e,kvasir-seg,segformer,polypseg/runs/segformer_seed1337/best.pth,False
0.9759578056799336,0.9530445240373525,0.9793138650807852,0.9726246698125013,0.5957686098633467,5.830951894845301,cju18849rrsgr0988p90hkygb,kvasir-seg,segformer,polypseg/runs/segformer_seed1337/best.pth,False
0.9521413040799547,0.9086542945028973,0.9117151679568086,0.9963188302009492,0.40674887024765555,10.63014581273465,cju1b75x63ddl0799sdp0i2j3,kvasir-seg,segformer,polypseg/runs/segformer_seed1337/best.pth,False
0.8849524412526514,0.7936454676846362,0.9874543722358541,0.8017295324171722,0.19006014443252942,84.38838706970823,cju1c0qb4tzi308355wtsnp0y,kvasir-seg,segformer,polypseg/runs/segformer_seed1337/best.pth,False
0.963033802262157,0.9287031769820746,0.9359798471144267,0.9916982660218097,0.365454315669132,112.01785571952357,cju1c3218411b08014g9f6gig,kvasir-seg,segformer,polypseg/runs/segformer_seed1337/best.pth,False
0.8509029511053776,0.7404970293187216,0.8560561299789065,0.8458114419085974,0.2805070817483468,315.11322312703174,cju1cbokpuiw70988j4lq1fpi,kvasir-seg,segformer,polypseg/runs/segformer_seed1337/best.pth,False
0.9619111890917481,0.9266174329055199,0.9729154152734509,0.9511531069776257,0.5207857504902781,7.211102550927978,cju1cdxvz48hw0801i0fjwcnk,kvasir-seg,segformer,polypseg/runs/segformer_seed1337/best.pth,False
0.12251227707408342,0.06525330396470326,0.9699863574231677,0.06538532278824771,0.17153820828286917,305.57175864151816,cju1drnhbrb9409935wi7vkhg,kvasir-seg,segformer,polypseg/runs/segformer_seed1337/best.pth,False
0.969607116380872,0.9410071942415271,0.9452419275336029,0.9952616470065532,0.49690753246711067,7.615773105863909,cju1haab178i70799tk9z8y8x,kvasir-seg,segformer,polypseg/runs/segformer_seed1337/best.pth,False
0.9634756206454685,0.9295252864630621,0.9526921124065593,0.9745060404178062,0.4468600088103865,25.75343222471011,cju2hos57llxm08359g92p6jj,kvasir-seg,segformer,polypseg/runs/segformer_seed1337/best.pth,False
0.9651731544628517,0.9326904869402172,0.9368251645926309,0.995290277452405,0.3240462423444686,12.529964086141668,cju2hw5gjlr5h0988so2qqres,kvasir-seg,segformer,polypseg/runs/segformer_seed1337/best.pth,False
0.9724729002920093,0.946420683764324,0.9885578948972078,0.9569029684089724,0.4776815320753098,10.563242678385105,cju2lberzkdzm09938cl40pog,kvasir-seg,segformer,polypseg/runs/segformer_seed1337/best.pth,False
0.9662415224188525,0.9346878824923638,0.9425792436015474,0.9911224171893307,0.5579144756349353,7.0,cju2lcyfgkf5809932fn9gucn,kvasir-seg,segformer,polypseg/runs/segformer_seed1337/best.pth,False
0.8729608777237946,0.7745612911473153,0.9605527904242281,0.8000088198959252,0.2814041056879239,239.8553718374914,cju2nqapmzvk20801f9us40dx,kvasir-seg,segformer,polypseg/runs/segformer_seed1337/best.pth,False
0.9748155229558904,0.9508683995748288,0.9559943747746631,0.9943926372829012,0.6718465068530339,3.605551275463989,cju2nsmwjlzyl0993jl80chvz,kvasir-seg,segformer,polypseg/runs/segformer_seed1337/best.pth,False
0.9388722909827408,0.8847872720732713,0.9890098910930711,0.8935728470802781,0.3768531690337685,13.914010562090393,cju2otvvv0l7z0855x7we8cb0,kvasir-seg,segformer,polypseg/runs/segformer_seed1337/best.pth,False
0.9771957014135988,0.9554082855969248,0.9813237557688341,0.9731022318669931,0.7538045343924696,9.208567234428228,cju2pjb9v0ywn0878j5g5n69j,kvasir-seg,segformer,polypseg/runs/segformer_seed1337/best.pth,False
0.9759371017026091,0.9530050383870013,0.9726437256559975,0.9792528562946516,0.408402896632598,15.524174696260024,cju2qdj95ru8g09886gfi9rsz,kvasir-seg,segformer,polypseg/runs/segformer_seed1337/best.pth,False
0.9714116514908792,0.9444124589772808,0.9722465067331897,0.9705782287753937,0.37106676812191924,9.219544457292887,cju2qn2fzs1vy0988l243cvzy,kvasir-seg,segformer,polypseg/runs/segformer_seed1337/best.pth,False
0.9177869398144928,0.848064926935155,0.9415909267918796,0.8951568347121639,0.09845272066902325,60.36554226756765,cju2qqn5ys4uo0988ewrt2ip2,kvasir-seg,segformer,polypseg/runs/segformer_seed1337/best.pth,False
0.771314999592822,0.6277565033651533,0.9895405110007309,0.6319497524155663,0.432741244067855,85.7927639412288,cju2qtee81yd708787bsjr75d,kvasir-seg,segformer,polypseg/runs/segformer_seed1337/best.pth,False
0.8347871082194739,0.7164245384754209,0.9704669149227005,0.7323922348558818,0.2995267114422953,78.0038455218787,cju2qxxko229x08786gvxxhur,kvasir-seg,segformer,polypseg/runs/segformer_seed1337/best.pth,False
0.9713880987970956,0.944367936693238,0.9609626976867652,0.9820421894867657,0.5048082684746615,12.007376761019566,cju2r2obh2bjm08553kng0rh7,kvasir-seg,segformer,polypseg/runs/segformer_seed1337/best.pth,False
0.981620520474094,0.9639044582193224,0.9692024295519573,0.9943609598616858,0.4693875303837309,60.98892772703668,cju2r6mt2om21099352pny5gw,kvasir-seg,segformer,polypseg/runs/segformer_seed1337/best.pth,False
0.947927170334518,0.9010090780843774,0.9924308819994574,0.9072435267109012,0.47396412778215796,21.587033144922902,cju2rlqdnoz9k0993cpjae3x0,kvasir-seg,segformer,polypseg/runs/segformer_seed1337/best.pth,False
0.8643054277630104,0.7610368569963128,0.832890070885067,0.8981835563624195,0.4313927206033392,8.48528137423857,cju2rmd2rsw9g09888hh1efu0,kvasir-seg,segformer,polypseg/runs/segformer_seed1337/best.pth,False
0.9527230203729308,0.9097144680027164,0.9720470427650921,0.9341523341370327,0.6577043705953468,4.26271775737042,cju2syxa93yw40799x2iuwabz,kvasir-seg,segformer,polypseg/runs/segformer_seed1337/best.pth,False
0.9760812126246324,0.9532799130745924,0.992412102926796,0.9602790952163431,0.7390938535985175,4.47213595499958,cju2t16vuucaq0835xcpsivn2,kvasir-seg,segformer,polypseg/runs/segformer_seed1337/best.pth,False
0.9094348736076742,0.8339115671304796,0.8430597014862458,0.9871548409560716,0.22605786584598825,12.45767284196175,cju2t2ivz43i10878zeg8r1br,kvasir-seg,segformer,polypseg/runs/segformer_seed1337/best.pth,False
0.9711478338515076,0.9439138739309838,0.9516806722633538,0.9914280503313792,0.6441991289797077,5.385164807134504,cju2upu4evw7g08358guwozxv,kvasir-seg,segformer,polypseg/runs/segformer_seed1337/best.pth,False
0.4994470150084653,0.33284197226216766,0.9533000172242521,0.33835897122132674,0.21828040067347493,163.97255388816913,cju2uzabhs6er0993x3aaf87p,kvasir-seg,segformer,polypseg/runs/segformer_seed1337/best.pth,False
0.9615264885662204,0.9259037211634589,0.9968752750623524,0.9285987591886515,0.3302939675966843,12.140781334495882,cju2xyd9vyi7m098831qcucse,kvasir-seg,segformer,polypseg/runs/segformer_seed1337/best.pth,False
0.886034853186448,0.7953883079025512,0.8079390110573339,0.9808437668824073,0.13178441822592163,67.96749305425872,cju2yi9tz8vky0801yqip0xyl,kvasir-seg,segformer,polypseg/runs/segformer_seed1337/best.pth,False
0.9490070683262752,0.9029623698943102,0.9147455885782254,0.9859349198620962,0.3692238309431606,24.013535794303607,cju2yyhsp933j0855hp32e012,kvasir-seg,segformer,polypseg/runs/segformer_seed1337/best.pth,False
0.9325570438145906,0.8736364209541986,0.8946212952741356,0.973852533907543,0.4371858796517542,13.892443989449804,cju2zrojo9kcd0878ld2epejq,kvasir-seg,segformer,polypseg/runs/segformer_seed1337/best.pth,False
0.9757181508282905,0.9525875632935503,0.9651317823456436,0.9865393351626671,0.3410644540413716,13.0,cju30qbm1ad3x0855znuhpz9u,kvasir-seg,segformer,polypseg/runs/segformer_seed1337/best.pth,False
0.9363321629362921,0.8802862419165268,0.8826906161710907,0.9969151939715731,0.4728298725112846,16.97056274847714,cju30u1hbakn808019g15nb8b,kvasir-seg,segformer,polypseg/runs/segformer_seed1337/best.pth,False
0.9651225960632895,0.9325960663475005,0.937187873665772,0.9947737792967389,0.6036507024222515,5.0,cju3128yi0rpu0988o4oo5n8n,kvasir-seg,segformer,polypseg/runs/segformer_seed1337/best.pth,False
0.9828999501200082,0.9663748912764099,0.9883412824570589,0.9775182044496031,0.7306209511877052,7.615773105863909,cju31y80qbawn0801twwm2l5s,kvasir-seg,segformer,polypseg/runs/segformer_seed1337/best.pth,False
0.8879539331381209,0.7984866451116261,0.9888125924350425,0.8057659860190715,0.3729157891797869,110.64350205129362,cju32a52lb9rc0799xi40qs00,kvasir-seg,segformer,polypseg/runs/segformer_seed1337/best.pth,False
0.8810805567669612,0.7874387759507879,0.9688291603312567,0.807906966400267,0.18422815316793612,425.19407114059777,cju32gzs6xo8x0993r8tedbpb,kvasir-seg,segformer,polypseg/runs/segformer_seed1337/best.pth,False
0.9600411272585876,0.9231529750093332,0.971620471095584,0.9487345279837949,0.5240048355643505,8.015564437074637,cju32srle1xfq083575i3fl75,kvasir-seg,segformer,polypseg/runs/segformer_seed1337/best.pth,False
0.875961216983066,0.7792980368808762,0.9544047113078914,0.8094330878924633,0.23242001208352936,38.79826073804203,cju35c4wzdhow0799h6eq4sgs,kvasir-seg,segformer,polypseg/runs/segformer_seed1337/best.pth,False
0.9641442135726708,0.9307706982050157,0.9878320375749355,0.9415658349235965,0.6491869014309204,31.787933609512354,cju35fxqyzt5p0993vusm54qz,kvasir-seg,segformer,polypseg/runs/segformer_seed1337/best.pth,False
0.9233392175486604,0.8575952914774171,0.9693043588413288,0.8815361124690111,0.20113676581418924,20.61067455886544,cju3ttznuftyf09875t11850w,kvasir-seg,segformer,polypseg/runs/segformer_seed1337/best.pth,False
0.9864415066659522,0.9732457605096912,0.9797900556604844,0.9931838836706744,0.39866833235219373,31.049999999999955,cju3u39fog1bo0871lxjrabks,kvasir-seg,segformer,polypseg/runs/segformer_seed1337/best.pth,False
0.9462287408675814,0.8979451020960866,0.9448654535532403,0.9475959678682331,0.30238351704218996,21.02379604162864,cju3u4lxmg59o0755rz42b9en,kvasir-seg,segformer,polypseg/runs/segformer_seed1337/best.pth,False
0.16745805634606173,0.09138020383433304,0.4235388310535485,0.10435983428615532,0.13692409995844393,226.21690995783771,cju3uhb79gcgr0871orbrbi3x,kvasir-seg,segformer,polypseg/runs/segformer_seed1337/best.pth,False
0.856579278417523,0.7491374454295617,0.9722758478873074,0.7654893919355642,0.3883931513092085,143.00414967805443,cju3xeexgii1j0817zs68tb4g,kvasir-seg,segformer,polypseg/runs/segformer_seed1337/best.pth,False
0.9345533671766191,0.8771470464926985,0.8895379713129098,0.9843676539611615,0.5288290531547375,8.0,cju3xiic0ilzp0850lusrb42j,kvasir-seg,segformer,polypseg/runs/segformer_seed1337/best.pth,False
0.9212084592089352,0.853926291017655,0.89387898685631,0.9502617800928663,0.4231662996089703,8.48528137423857,cju41p90plcsx08018cnzpndc,kvasir-seg,segformer,polypseg/runs/segformer_seed1337/best.pth,False
0.9799190878981612,0.9606287856902198,0.97600644711903,0.9838632251357635,0.6848436915188122,4.123105625617661,cju41s6nbleqy0755e2mslg0b,kvasir-seg,segformer,polypseg/runs/segformer_seed1337/best.pth,False
0.9664153756922104,0.9350133051170689,0.9601949099497573,0.9727169635081958,0.5652482980658737,15.93049516849969,cju422cm8lfxn0818ojicxejb,kvasir-seg,segformer,polypseg/runs/segformer_seed1337/best.pth,False
0.9675781315243414,0.937192596426636,0.9474011317905342,0.9886332605122558,0.3166527855562254,14.0,cju43gfosm63n08714rpih8pe,kvasir-seg,segformer,polypseg/runs/segformer_seed1337/best.pth,False
0.7238065865428609,0.5671605721440827,0.6370237166209123,0.83796389279231,0.2724277363235128,136.6548818738997,cju5bmhdcafs909878qfzrqzi,kvasir-seg,segformer,polypseg/runs/segformer_seed1337/best.pth,False
0.9815459393899982,0.9637606420873834,0.9761812051845044,0.9869699646633633,0.5295569935369647,20.450827579341542,cju5boicjagt20871b1fotkh4,kvasir-seg,segformer,polypseg/runs/segformer_seed1337/best.pth,False
0.9806535458644068,0.962041454979114,0.9872143041191999,0.9741794139490353,0.5987896968287699,5.385164807134504,cju5ekty5ckzf07550c9u3ckk,kvasir-seg,segformer,polypseg/runs/segformer_seed1337/best.pth,False
0.9723825824592086,0.9462496118314477,0.9777719436393986,0.9670523066242548,0.5085021181556596,6.0,cju5f0dezct4q08183ydw11dx,kvasir-seg,segformer,polypseg/runs/segformer_seed1337/best.pth,False
0.9628039569764298,0.9282757714440588,0.9305174419860585,0.9974115210819903,0.49824609924443103,16.51508812318077,cju5hi52odyf90817prvcwg45,kvasir-seg,segformer,polypseg/runs/segformer_seed1337/best.pth,False
0.9437088906632359,0.8934174322983581,0.9119502020153862,0.9777593857840076,0.32671392218415285,27.0,cju5jx7jzf7c90871c2i9aiov,kvasir-seg,segformer,polypseg/runs/segformer_seed1337/best.pth,False
0.9715987097833334,0.9447661326627023,0.9617513180715824,0.9816498429022968,0.4369031472355331,11.40175425099138,cju5tenjojp1j0755ms4949h2,kvasir-seg,segformer,polypseg/runs/segformer_seed1337/best.pth,False
0.9569528216105223,0.9174588086112369,0.980030461998815,0.9349370358335894,0.5986123089651558,6.082762530298219,cju5u4pywk81x0817vn9pe14z,kvasir-seg,segformer,polypseg/runs/segformer_seed1337/best.pth,False
0.9561965811942594,0.9160696008145711,0.9413395802412328,0.971530073513734,0.6026056257536188,14.866068747318506,cju5uxjnol2r509871qv2yeia,kvasir-seg,segformer,polypseg/runs/segformer_seed1337/best.pth,False
0.8162641791503356,0.6895661724289425,0.7124134800821944,0.9555589376687044,0.3765770993858393,75.62736725398241,cju5v8pgplg6k0755rvi2t63h,kvasir-seg,segformer,polypseg/runs/segformer_seed1337/best.pth,False
0.9350707825130308,0.8780590927156833,0.8936843437516929,0.9804765607615517,0.4141936842719368,36.0,cju5wcc90lu020850mjrxppv6,kvasir-seg,segformer,polypseg/runs/segformer_seed1337/best.pth,False
0.9700493245402816,0.941840563488441,0.9660049962832826,0.9741276595711519,0.5640373703237402,7.280109889280518,cju5wi6bqlxy90755bu227nvb,kvasir-seg,segformer,polypseg/runs/segformer_seed1337/best.pth,False
0.980472145481242,0.9616923570411411,0.9766142029266938,0.984360689164836,0.6143691934067537,7.280109889280518,cju5wkonqlrl409877y8zvnub,kvasir-seg,segformer,polypseg/runs/segformer_seed1337/best.pth,False
0.9483922594013678,0.9018498274475343,0.9657309431428243,0.9316651904319494,0.3631541418437114,25.238858928247925,cju5x28nzm7t907558ocq4bt7,kvasir-seg,segformer,polypseg/runs/segformer_seed1337/best.pth,False
0.9334387768543267,0.875185368263511,0.9991347040104605,0.875849218387844,0.23085635681269645,35.0,cju6wt9jvvn500871hjn3t3g0,kvasir-seg,segformer,polypseg/runs/segformer_seed1337/best.pth,False
0.9732290815725445,0.9478541552998865,0.9729792794463168,0.9734790119986769,0.4831707763151582,51.116827696935324,cju6wuojavt740818b5qcv3iw,kvasir-seg,segformer,polypseg/runs/segformer_seed1337/best.pth,False
0.9673278969487843,0.9367231806598045,0.9850050087637976,0.9502740739607836,0.4631454039441916,14.487500163975643,cju6x35ervu2808015c7eoqe4,kvasir-seg,segformer,polypseg/runs/segformer_seed1337/best.pth,False
0.9038057777653654,0.8244941995068376,0.8393286851350166,0.9790134296763073,0.3504005082531747,130.01613959689632,cju6x4t13vyw60755gtcf9ndu,kvasir-seg,segformer,polypseg/runs/segformer_seed1337/best.pth,False
0.9549334509484084,0.9137537239279356,0.9910070005331664,0.9213938817357362,0.42926661110177394,9.9095454429505,cju772304yw5t0818vbw8kkjf,kvasir-seg,segformer,polypseg/runs/segformer_seed1337/best.pth,False
0.9286438217302746,0.8667928001592002,0.9483607474490972,0.9097300488332005,0.46464988065344726,15.261058391399153,cju7787c5yy3l080159mwqsnj,kvasir-seg,segformer,polypseg/runs/segformer_seed1337/best.pth,False
0.9787802228004747,0.958442290928372,0.9930406141246407,0.9649236010724693,0.437932531648405,41.0,cju7ajnbo1gvm098749rdouk0,kvasir-seg,segformer,polypseg/runs/segformer_seed1337/best.pth,False
0.9286210489726507,0.8667531204362309,0.969420438744368,0.8911171601528186,0.49419075354060366,16.52571007259755,cju7b5afm1nfw0801xqm8bf8q,kvasir-seg,segformer,polypseg/runs/segformer_seed1337/best.pth,False
0.9202128319286093,0.8522168619323404,0.9874890196156534,0.8615188109594484,0.3546466435138913,21.599697971068824,cju7cq6su27qv075574dir0r3,kvasir-seg,segformer,polypseg/runs/segformer_seed1337/best.pth,False
0.929750864003945,0.8687237697591303,0.9916104050809382,0.8751560822780889,0.23058703648427295,19.697715603592208,cju7ctvqn25dy08186g442m1r,kvasir-seg,segformer,polypseg/runs/segformer_seed1337/best.pth,False
0.9106880847559773,0.8360214113254871,0.9774214659645883,0.8524847490248207,0.3812998123991158,29.485512425831036,cju7cue9b232j0801qdzk1ykj,kvasir-seg,segformer,polypseg/runs/segformer_seed1337/best.pth,False
0.9630642954834403,0.9287598944550186,0.9788200398527189,0.947807745810942,0.5823082012326944,8.94427190999916,cju7dp3dw2k4n0755zhe003ad,kvasir-seg,segformer,polypseg/runs/segformer_seed1337/best.pth,False
0.8953297880361536,0.810495094680308,0.8158934313237671,0.9919026079131518,0.2480628620286014,24.041630560342615,cju7dqcwi2dz00850gcmr2ert,kvasir-seg,segformer,polypseg/runs/segformer_seed1337/best.pth,False
0.9478818392775284,0.9009271721216504,0.9397862881173863,0.9561180764920008,0.43348361660745305,23.14621159777119,cju7eueum2oqn0850rodmx8zo,kvasir-seg,segformer,polypseg/runs/segformer_seed1337/best.pth,False
0.9621169603744468,0.9269994051753258,0.9702303469298192,0.9541381421441858,0.46413025803356156,7.615773105863909,cju7f0ec32txj08184asb8w5f,kvasir-seg,segformer,polypseg/runs/segformer_seed1337/best.pth,False
0.9858083991489853,0.9720139649369874,0.9993744827443853,0.9726056905229994,0.5301846576098154,8.48528137423857,cju7fazv92ywx0755xov2erga,kvasir-seg,segformer,polypseg/runs/segformer_seed1337/best.pth,False
0.9316542771500518,0.8720531726983897,0.9743559990604043,0.8925382652966354,0.503423666809122,12.041594578792296,cju7ff97z2ow40817u2r83my5,kvasir-seg,segformer,polypseg/runs/segformer_seed1337/best.pth,False
0.927932489443646,0.8655541561576582,0.9816104266919905,0.8798207713093323,0.537858325540443,9.391093797103862,cju7fnfv02tt90801djnix9m8,kvasir-seg,segformer,polypseg/runs/segformer_seed1337/best.pth,False
0.9577035989962027,0.9188399749570982,0.955314533615652,0.960104643550904,0.5579053381709129,6.52515611545945,cju83kxitjv340987z09m0ezy,kvasir-seg,segformer,polypseg/runs/segformer_seed1337/best.pth,False
0.9684424525235743,0.9388157305355823,0.9399665151849439,0.9986976271370074,0.4705842620459308,23.345235059857504,cju83syhdk6gs0801rf1rekdl,kvasir-seg,segformer,polypseg/runs/segformer_seed1337/best.pth,False
0.9804202687662342,0.961592545175309,0.9885360854392545,0.9724366275895686,0.3054834725905503,55.00908790581701,cju8418jhkf7d0818ga2v0xq0,kvasir-seg,segformer,polypseg/runs/segformer_seed1337/best.pth,False
0.986000323181983,0.9723872164102683,0.9926057379463742,0.9794822403165908,0.6402705976046397,6.0,cju8432cmkgq90871cxe4iptl,kvasir-seg,segformer,polypseg/runs/segformer_seed1337/best.pth,False
0.9035868598574386,0.824129907582054,0.9897278469783936,0.8312398770356142,0.12993894852760735,26.459390100996963,cju85mpuglq8k0818d2it6hzb,kvasir-seg,segformer,polypseg/runs/segformer_seed1337/best.pth,False
0.9714828374012889,0.9445470359937252,0.986306346586406,0.9570983050821502,0.3882487436089913,11.974215645177747,cju8abobpqbir08189u01huru,kvasir-seg,segformer,polypseg/runs/segformer_seed1337/best.pth,False
0.9452644960768936,0.8962099906194173,0.9759369986803562,0.9164612434886574,0.3630758414855838,8.48528137423857,cju8b5p40r2c60987ofa0mu03,kvasir-seg,segformer,polypseg/runs/segformer_seed1337/best.pth,False
0.9725000950888346,0.9464721995988058,0.9848694955456151,0.960437546014514,0.5357457616803832,17.011754546370558,cju8bh8surexp0987o5pzklk1,kvasir-seg,segformer,polypseg/runs/segformer_seed1337/best.pth,False
0.9782569681226745,0.9574393341594405,0.9664493603530552,0.9903566636823838,0.6144430528153492,5.059411708155662,cju8c9akjsdjj0850s67uzlxq,kvasir-seg,segformer,polypseg/runs/segformer_seed1337/best.pth,False
0.7987376158485189,0.6649151978672104,0.6737430920563839,0.980674906798306,0.39329801033815154,52.165597567354084,cjyzkpsbjdsjq07211dfi4sru,kvasir-seg,segformer,polypseg/runs/segformer_seed1337/best.pth,False
0.9395640322339828,0.8860167523488749,0.8978366359918564,0.9853590766582621,0.14586197370179327,22.0,cjyzl833ndne80838pzuq6ila,kvasir-seg,segformer,polypseg/runs/segformer_seed1337/best.pth,False
0.9209552640419478,0.8534912718185484,0.8666320001789093,0.9825442801092391,0.0651567681613268,21.184792326501242,cjyzlw7f9faqr070129au64sq,kvasir-seg,segformer,polypseg/runs/segformer_seed1337/best.pth,False
0.6158798283237328,0.44496124030752243,0.94661617394397,0.45641418305774284,0.35858735537289105,60.32198550086206,1,cvc-clinicdb,segformer,polypseg/runs/segformer_seed1337/best.pth,False
0.8006826610627172,0.6676153467206632,0.9992627181043723,0.6679443653451541,0.29535414984980046,58.0,10,cvc-clinicdb,segformer,polypseg/runs/segformer_seed1337/best.pth,False
0.9725802028998315,0.9466239658267064,0.9621592296085425,0.9832293832157557,0.8020612652546046,3.1622776601683795,100,cvc-clinicdb,segformer,polypseg/runs/segformer_seed1337/best.pth,False
0.9586993085344876,0.9206748025733348,0.9354485776691532,0.983135300869003,0.6423415698877666,4.47213595499958,101,cvc-clinicdb,segformer,polypseg/runs/segformer_seed1337/best.pth,False
0.9559190809131124,0.9155603396613375,0.9366205799469397,0.9760295805052145,0.557161020975542,4.123105625617661,102,cvc-clinicdb,segformer,polypseg/runs/segformer_seed1337/best.pth,False
0.9708534283866069,0.9433577832014735,0.9635796045685371,0.9782379040674176,0.780815192062969,4.0,103,cvc-clinicdb,segformer,polypseg/runs/segformer_seed1337/best.pth,False
0.943314487110128,0.8927107219728113,0.9192844364871607,0.9686345472293701,0.5012334006068417,8.54400374531753,104,cvc-clinicdb,segformer,polypseg/runs/segformer_seed1337/best.pth,False
0.9078531965242441,0.8312556458847862,0.9755459749736691,0.8489451995765487,0.33126386008327363,29.79761218035214,105,cvc-clinicdb,segformer,polypseg/runs/segformer_seed1337/best.pth,False
0.6685915944788093,0.5021686746953379,0.9880791113385522,0.5052296183382612,0.08810280330886973,96.38093855176149,106,cvc-clinicdb,segformer,polypseg/runs/segformer_seed1337/best.pth,False
0.8796785899406955,0.7852019804692739,0.9542796085875925,0.8158957592036932,0.43879326205873437,45.02596636782463,107,cvc-clinicdb,segformer,polypseg/runs/segformer_seed1337/best.pth,False
0.8578604863544416,0.7510995601721756,0.9856365186529439,0.7594117944274121,0.4905540065547187,60.20049415591449,108,cvc-clinicdb,segformer,polypseg/runs/segformer_seed1337/best.pth,False
0.8362349699372613,0.7185599741660735,0.9711979052951399,0.7342057513568251,0.4965758488490753,69.06518659932803,109,cvc-clinicdb,segformer,polypseg/runs/segformer_seed1337/best.pth,False
0.6759722325868628,0.510542338479476,0.9878913493946995,0.5137573041327863,0.4015295900181114,72.00416646574726,11,cvc-clinicdb,segformer,polypseg/runs/segformer_seed1337/best.pth,False
0.876748309145103,0.7805448380654719,0.985823981093789,0.7894052264365243,0.5311950285782363,57.89123508490428,110,cvc-clinicdb,segformer,polypseg/runs/segformer_seed1337/best.pth,False
0.8557933252004528,0.7479359665074308,0.9912159038321713,0.7529264866522829,0.41595681750608393,64.0,111,cvc-clinicdb,segformer,polypseg/runs/segformer_seed1337/best.pth,False
0.8506893647186002,0.7401735776249173,0.990655653066646,0.7453775637012687,0.44249521575052636,68.42617711319984,112,cvc-clinicdb,segformer,polypseg/runs/segformer_seed1337/best.pth,False
0.8550772408621639,0.7468427315621402,0.9937685156757903,0.7503567434118155,0.4556158096994306,65.63673814526756,113,cvc-clinicdb,segformer,polypseg/runs/segformer_seed1337/best.pth,False
0.9081907306609006,0.8318217807499034,0.9673949439102318,0.8558151590296744,0.22555982190024063,28.861739379323623,114,cvc-clinicdb,segformer,polypseg/runs/segformer_seed1337/best.pth,False
0.36923581860746546,0.22641889171993546,0.9868421052343029,0.22710450171437246,0.15141415411244552,176.37970326056433,115,cvc-clinicdb,segformer,polypseg/runs/segformer_seed1337/best.pth,False
0.5062228926998575,0.33888783689743807,0.9742333514611825,0.3419527418613976,0.29118491344925723,176.47035695714982,116,cvc-clinicdb,segformer,polypseg/runs/segformer_seed1337/best.pth,False
0.43853934510292847,0.28085199824124685,0.9922420480736426,0.2814700704204704,0.10747410972102915,176.45495058079644,117,cvc-clinicdb,segformer,polypseg/runs/segformer_seed1337/best.pth,False
0.25612834464432527,0.14687339166143287,0.9982509837779515,0.14691119691025153,0.0776150663111759,198.369666144508,118,cvc-clinicdb,segformer,polypseg/runs/segformer_seed1337/best.pth,False
0.4037593520039339,0.25294391075106176,0.9837300391387849,0.2540065349287847,0.13270105741837845,186.34349787501728,119,cvc-clinicdb,segformer,polypseg/runs/segformer_seed1337/best.pth,False
0.7644493434276707,0.618711454169277,0.9857857981522415,0.6242808500621334,0.4958935844590197,46.66904755831214,12,cvc-clinicdb,segformer,polypseg/runs/segformer_seed1337/best.pth,False
0.47152640115123656,0.30849495961617346,0.9910984848297141,0.30935209269147934,0.16672362571577803,167.75547451967978,120,cvc-clinicdb,segformer,polypseg/runs/segformer_seed1337/best.pth,False
0.44908119851340145,0.28955816260847744,0.9920015996602279,0.2902357690265592,0.11977684606556097,182.4646540635321,121,cvc-clinicdb,segformer,polypseg/runs/segformer_seed1337/best.pth,False
0.44461850349961013,0.28585816695132493,0.9958720330031812,0.2861972833484418,0.06168675512416312,160.86979340569582,122,cvc-clinicdb,segformer,polypseg/runs/segformer_seed1337/best.pth,False
0.5159109565864314,0.3476280340967812,0.9999999999812804,0.3476280340967812,0.07113442858895552,138.37701788616315,123,cvc-clinicdb,segformer,polypseg/runs/segformer_seed1337/best.pth,False
0.5291019111030033,0.35971350775210303,0.9999999999835445,0.35971350775210303,0.03682003804504878,126.00694389775832,124,cvc-clinicdb,segformer,polypseg/runs/segformer_seed1337/best.pth,False
0.8343291689253974,0.7157502329849417,0.9570093457824672,0.7395281656163742,0.3725953655204305,59.35157832591756,125,cvc-clinicdb,segformer,polypseg/runs/segformer_seed1337/best.pth,False
0.8226021314341552,0.6986611351998995,0.9911717495854578,0.7030360531242595,0.37000247229612165,62.03426410379682,126,cvc-clinicdb,segformer,polypseg/runs/segformer_seed1337/best.pth,False
0.9286825963478103,0.866860365734629,0.8743320117070448,0.9902381881883984,0.5423624658822424,6.4031242374328485,127,cvc-clinicdb,segformer,polypseg/runs/segformer_seed1337/best.pth,False
0.9590752889647057,0.9213685474051415,0.9260935143148402,0.9944930352932541,0.7178081691814635,4.47213595499958,128,cvc-clinicdb,segformer,polypseg/runs/segformer_seed1337/best.pth,False
0.9548434085885236,0.9135888501636051,0.918281578322224,0.9944374209735217,0.5802155492704347,4.242640687119285,129,cvc-clinicdb,segformer,polypseg/runs/segformer_seed1337/best.pth,False
0.7498160730482113,0.5997646081376367,0.9507243195681438,0.6190067881341978,0.22171597132413032,34.984178794849825,13,cvc-clinicdb,segformer,polypseg/runs/segformer_seed1337/best.pth,False
0.9560078791813338,0.915723270432024,0.9216023148483442,0.9930819448407572,0.48730588608749126,4.47213595499958,130,cvc-clinicdb,segformer,polypseg/runs/segformer_seed1337/best.pth,False
0.9642607520573866,0.9309879431264082,0.950574184649053,0.9783472012010367,0.6680560724153431,4.123105625617661,131,cvc-clinicdb,segformer,polypseg/runs/segformer_seed1337/best.pth,False
0.9681551976485344,0.9382759843749863,0.9502425004320058,0.9867562021826757,0.8338721044692678,3.0,132,cvc-clinicdb,segformer,polypseg/runs/segformer_seed1337/best.pth,False
0.9643328929926128,0.9311224489682808,0.9341864716522341,0.9964898595814289,0.7225288009850869,5.0,133,cvc-clinicdb,segformer,polypseg/runs/segformer_seed1337/best.pth,False
0.9592433829968071,0.9216788702808358,0.930561056093326,0.9897500701911015,0.7335406173348071,4.123105625617661,134,cvc-clinicdb,segformer,polypseg/runs/segformer_seed1337/best.pth,False
0.8721219390864161,0.7732413363728302,0.8123058477256945,0.9414477008530732,0.5459664069623354,75.02066326044655,135,cvc-clinicdb,segformer,polypseg/runs/segformer_seed1337/best.pth,False
0.9520120507820385,0.9084188911642134,0.9170812603585055,0.9897091722521274,0.6051416894598253,10.767694331425725,136,cvc-clinicdb,segformer,polypseg/runs/segformer_seed1337/best.pth,False
0.9590153744106791,0.9212579617761045,0.9285771607340616,0.9915167095030718,0.6778988598258918,6.708203932499369,137,cvc-clinicdb,segformer,polypseg/runs/segformer_seed1337/best.pth,False
0.9672086720840997,0.9364996063976043,0.9423351111530742,0.9934309413739718,0.599440689765751,6.028966885604379,138,cvc-clinicdb,segformer,polypseg/runs/segformer_seed1337/best.pth,False
0.9730531757024529,0.9475205070798494,0.9496449925217225,0.9976445185935928,0.6016691323904007,5.0,139,cvc-clinicdb,segformer,polypseg/runs/segformer_seed1337/best.pth,False
0.28882215059958677,0.16878558280823258,0.9605359317671003,0.1699642225950689,0.29667959198496846,148.30531840176963,14,cvc-clinicdb,segformer,polypseg/runs/segformer_seed1337/best.pth,False
0.983401772204488,0.9673455504019416,0.9693238464446793,0.9978946444975749,0.8229414698092208,4.0,140,cvc-clinicdb,segformer,polypseg/runs/segformer_seed1337/best.pth,False
0.9534069013821099,0.910962343093185,0.9752033539937105,0.9325634787344256,0.4624327296042143,13.444320001554967,141,cvc-clinicdb,segformer,polypseg/runs/segformer_seed1337/best.pth,False
0.9549345319504496,0.9137557034897383,0.9182545946520906,0.9946667752269891,0.5791231784579327,18.35755975068582,142,cvc-clinicdb,segformer,polypseg/runs/segformer_seed1337/best.pth,False
0.9118471602023481,0.8379770992206493,0.8652216748597986,0.9637840210499609,0.43364965559817664,6.324555320336759,143,cvc-clinicdb,segformer,polypseg/runs/segformer_seed1337/best.pth,False
0.9720044792804502,0.9455337690577598,0.9459676494152462,0.9995151515090938,0.632152090451569,5.0,144,cvc-clinicdb,segformer,polypseg/runs/segformer_seed1337/best.pth,False
0.9818675933329282,0.9643810440600167,0.9860408930205089,0.9777294707378655,0.8051098428733273,5.0,145,cvc-clinicdb,segformer,polypseg/runs/segformer_seed1337/best.pth,False
0.9705022588338859,0.9426948889995581,0.9646913797615361,0.9763835665226968,0.6788402730259014,9.486832980505138,146,cvc-clinicdb,segformer,polypseg/runs/segformer_seed1337/best.pth,False
0.9780518241173821,0.9570464013722378,0.9699352114656042,0.9863054260049869,0.7946791945964754,3.0,147,cvc-clinicdb,segformer,polypseg/runs/segformer_seed1337/best.pth,False
0.9614823460706085,0.9258218600643829,0.9282561742799487,0.9971754261979503,0.5813847547163931,4.123105625617661,148,cvc-clinicdb,segformer,polypseg/runs/segformer_seed1337/best.pth,False
0.9636727387545347,0.9298922983039026,0.9336870026429943,0.9956483898934329,0.6803362471052719,4.123105625617661,149,cvc-clinicdb,segformer,polypseg/runs/segformer_seed1337/best.pth,False
0.4332097274913047,0.2764950326106269,0.9887806318178448,0.2773652099487139,0.15688407038587485,58.868835853273524,15,cvc-clinicdb,segformer,polypseg/runs/segformer_seed1337/best.pth,False
0.9534778168560452,0.911091835618442,0.9202716022240688,0.989170100047214,0.5481666638303576,4.47213595499958,150,cvc-clinicdb,segformer,polypseg/runs/segformer_seed1337/best.pth,False
0.9622280490329371,0.9272056814951215,0.936026471791865,0.9899387576408583,0.7560357271319861,4.242640687119285,151,cvc-clinicdb,segformer,polypseg/runs/segformer_seed1337/best.pth,False
0.925304644876038,0.8609925040285559,0.9793847814302246,0.8768844221063158,0.32875384547512104,17.99295323798954,152,cvc-clinicdb,segformer,polypseg/runs/segformer_seed1337/best.pth,False
0.9144900043709726,0.8424519424540603,0.8482674607356758,0.9919278252454586,0.4520207930152213,9.0,153,cvc-clinicdb,segformer,polypseg/runs/segformer_seed1337/best.pth,False
0.05095541400462494,0.026143790845401343,0.5714285693877551,0.026666666662222224,0.21897808268954297,19.407432650083784,154,cvc-clinicdb,segformer,polypseg/runs/segformer_seed1337/best.pth,False
0.8742051423590211,0.7765225932820962,0.8162106349604434,0.9410714285154124,0.4205606977028621,6.0,155,cvc-clinicdb,segformer,polypseg/runs/segformer_seed1337/best.pth,False
0.8762960681564901,0.7798282477474908,0.8454833597296854,0.9094395908606555,0.5037782882624136,49.28232940531804,156,cvc-clinicdb,segformer,polypseg/runs/segformer_seed1337/best.pth,False
0.902071316197548,0.8216119402886971,0.887412948144346,0.9172220741013434,0.4213596454353548,71.55923337599705,157,cvc-clinicdb,segformer,polypseg/runs/segformer_seed1337/best.pth,False
0.9176617173614612,0.8478511128003099,0.8600622810264682,0.9835299354332622,0.4892480402101223,6.4031242374328485,158,cvc-clinicdb,segformer,polypseg/runs/segformer_seed1337/best.pth,False
0.909513960679692,0.8340445708471292,0.8538834951041805,0.9728982300346848,0.640368221958787,5.0,159,cvc-clinicdb,segformer,polypseg/runs/segformer_seed1337/best.pth,False
0.8747424804225055,0.7773709263910975,0.9550157444751085,0.8069175218445849,0.5294873250151332,17.69180601295413,16,cvc-clinicdb,segformer,polypseg/runs/segformer_seed1337/best.pth,False
0.922495720436087,0.8561411197451939,0.8955873925398786,0.9510710808063403,0.2799999500088978,8.015564437074637,160,cvc-clinicdb,segformer,polypseg/runs/segformer_seed1337/best.pth,False
0.9282826770335637,0.8661637328620798,0.8816837314880067,0.980082200411632,0.6606558185085738,5.6740115370177655,161,cvc-clinicdb,segformer,polypseg/runs/segformer_seed1337/best.pth,False
0.9572343632163033,0.9179765130818794,0.9219742333347491,0.9952987267189951,0.7879436822239219,4.47213595499958,162,cvc-clinicdb,segformer,polypseg/runs/segformer_seed1337/best.pth,False
0.9481358434759307,0.9013862080908689,0.9053577722787213,0.995156915904782,0.6855669603106105,5.0,163,cvc-clinicdb,segformer,polypseg/runs/segformer_seed1337/best.pth,False
0.9111111110972434,0.836734693854159,0.8784854710631499,0.9462535567200047,0.4750736857037046,5.385164807134504,164,cvc-clinicdb,segformer,polypseg/runs/segformer_seed1337/best.pth,False
0.9128528363872783,0.839677338028237,0.9190233135478132,0.9067646658376649,0.39919537912941483,9.010977222864634,165,cvc-clinicdb,segformer,polypseg/runs/segformer_seed1337/best.pth,False
0.8320793433605103,0.7124450951614207,0.7147473560447047,0.995499181655817,0.5628543095421575,34.697976521374514,166,cvc-clinicdb,segformer,polypseg/runs/segformer_seed1337/best.pth,False
0.9549215406425832,0.9137319137069688,0.9543769603377709,0.9554667427646171,0.8642964168383203,4.0,167,cvc-clinicdb,segformer,polypseg/runs/segformer_seed1337/best.pth,False
0.9587670136012932,0.9207996924082892,0.9509628747081406,0.9667003027050112,0.8259394154523457,3.1622776601683795,168,cvc-clinicdb,segformer,polypseg/runs/segformer_seed1337/best.pth,False
0.9695928277850608,0.9409802784086285,0.9583517944032144,0.9811006954795721,0.8177072219593249,3.605551275463989,169,cvc-clinicdb,segformer,polypseg/runs/segformer_seed1337/best.pth,False
0.8850783062612925,0.7938479547324325,0.9655908875101598,0.8169589077712691,0.5522751203248547,29.049999999999955,17,cvc-clinicdb,segformer,polypseg/runs/segformer_seed1337/best.pth,False
0.9667401112058887,0.9356214459598777,0.9471628289278955,0.9871437754234595,0.8438782231780008,3.1622776601683795,170,cvc-clinicdb,segformer,polypseg/runs/segformer_seed1337/best.pth,False
0.9562627954498765,0.9161911554758169,0.9269348727958338,0.987507207361378,0.7342007980206962,4.0,171,cvc-clinicdb,segformer,polypseg/runs/segformer_seed1337/best.pth,False
0.8978224455461001,0.8145896656287359,0.938046902312284,0.8609058785460679,0.5915596737126797,7.0710678118654755,172,cvc-clinicdb,segformer,polypseg/runs/segformer_seed1337/best.pth,False
0.9378945413992856,0.8830521807457122,0.9483713507843013,0.9276466807370521,0.545557401008645,18.006939094329987,173,cvc-clinicdb,segformer,polypseg/runs/segformer_seed1337/best.pth,False
0.9056476158230231,0.8275648949256214,0.8862414163904505,0.9259227245144271,0.4805265401568786,14.861006462964244,174,cvc-clinicdb,segformer,polypseg/runs/segformer_seed1337/best.pth,False
0.94469671297545,0.8951897758596417,0.9731220329448957,0.9178848939752542,0.514664389088466,12.0,175,cvc-clinicdb,segformer,polypseg/runs/segformer_seed1337/best.pth,False
0.9046571323765872,0.8259122865696289,0.8512179973718086,0.9652554972927048,0.4906063480598841,19.6646742191098,176,cvc-clinicdb,segformer,polypseg/runs/segformer_seed1337/best.pth,False
0.9143350604437862,0.8421889914005494,0.8664484451623955,0.967824497245974,0.5632521441038639,19.371211894628537,177,cvc-clinicdb,segformer,polypseg/runs/segformer_seed1337/best.pth,False
0.24852071004691711,0.14189189188390247,0.15710723191040477,0.594339622501335,0.3441429125723999,158.12147156428594,178,cvc-clinicdb,segformer,polypseg/runs/segformer_seed1337/best.pth,False
0.9239638516527896,0.8586736171196446,0.8669590643021358,0.988992661741528,0.5444014944619237,5.0,179,cvc-clinicdb,segformer,polypseg/runs/segformer_seed1337/best.pth,False
0.92961850131599,0.8684926845792064,0.990396740702392,0.8758685768132807,0.6200037895178361,14.0,18,cvc-clinicdb,segformer,polypseg/runs/segformer_seed1337/best.pth,False
0.8908492429112462,0.803181386495651,0.8049012609848941,0.9973466980838047,0.4011064507612994,8.246211251235321,180,cvc-clinicdb,segformer,polypseg/runs/segformer_seed1337/best.pth,False
0.9099188842904523,0.8347258485421742,0.8384474167102427,0.9947106409149126,0.47262584201922164,5.830951894845301,181,cvc-clinicdb,segformer,polypseg/runs/segformer_seed1337/best.pth,False
0.9344574381162026,0.87697805000314,0.8936280884032867,0.9791963522091993,0.6402109335624301,5.656854249492381,182,cvc-clinicdb,segformer,polypseg/runs/segformer_seed1337/best.pth,False
0.9071847917122283,0.8301355845272413,0.8348340622373338,0.9932659932355903,0.43613471491028966,7.0710678118654755,183,cvc-clinicdb,segformer,polypseg/runs/segformer_seed1337/best.pth,False
0.9334126040289327,0.8751393533758323,0.8802915615116262,0.9933565327113776,0.6540198235500657,5.954950975679629,184,cvc-clinicdb,segformer,polypseg/runs/segformer_seed1337/best.pth,False
0.9163309285026109,0.8455818779034138,0.8460207612310378,0.9993868791947806,0.38357700290953634,8.350438624164084,185,cvc-clinicdb,segformer,polypseg/runs/segformer_seed1337/best.pth,False
0.942926603374954,0.8920162085106558,0.8920162085106558,0.9999999999877226,0.43675412663405316,6.0,186,cvc-clinicdb,segformer,polypseg/runs/segformer_seed1337/best.pth,False
0.9556114522417858,0.9149961039816179,0.9285457551511138,0.9843023698774342,0.5486565603099857,6.3520544413203925,187,cvc-clinicdb,segformer,polypseg/runs/segformer_seed1337/best.pth,False
0.9657451261116652,0.9337593184172257,0.9389590918759265,0.9941043083825086,0.6494922718935797,5.0,188,cvc-clinicdb,segformer,polypseg/runs/segformer_seed1337/best.pth,False
0.9601510859210561,0.9233563385230048,0.9350744895910416,0.9866097418787773,0.7921918187263081,3.1622776601683795,189,cvc-clinicdb,segformer,polypseg/runs/segformer_seed1337/best.pth,False
0.5555249162869588,0.3845860150519004,0.9668174962160042,0.3897302675194023,0.3172657603208573,76.60939890117922,19,cvc-clinicdb,segformer,polypseg/runs/segformer_seed1337/best.pth,False
0.9250992742581803,0.8606369426532322,0.8615149196413794,0.9988172678592899,0.49293533661058603,4.815247584249841,190,cvc-clinicdb,segformer,polypseg/runs/segformer_seed1337/best.pth,False
0.9027673896446236,0.8227675527728174,0.8578535891359024,0.9526440409666421,0.60210288304991,4.0,191,cvc-clinicdb,segformer,polypseg/runs/segformer_seed1337/best.pth,False
0.9012620638121284,0.8202702702148466,0.9688747006409517,0.8424705065341797,0.6464130778712498,5.0,192,cvc-clinicdb,segformer,polypseg/runs/segformer_seed1337/best.pth,False
0.9174418604473364,0.8474758324078957,0.8477793695971426,0.9995777026604908,0.6222382041289349,5.656854249492381,193,cvc-clinicdb,segformer,polypseg/runs/segformer_seed1337/best.pth,False
0.9493338716093123,0.9035542747184716,0.9190932186648604,0.981632227071976,0.6899598117750841,5.0990195135927845,194,cvc-clinicdb,segformer,polypseg/runs/segformer_seed1337/best.pth,False
0.9518575510996717,0.908137583873571,0.9117708991174611,0.9956311795586197,0.66945575665128,3.605551275463989,195,cvc-clinicdb,segformer,polypseg/runs/segformer_seed1337/best.pth,False
0.944916176780482,0.8955839867747507,0.9032258064328154,0.9906414060490609,0.708511020502564,5.385164807134504,196,cvc-clinicdb,segformer,polypseg/runs/segformer_seed1337/best.pth,False
0.9308288610521682,0.870607919671489,0.875490745917452,0.9936346276046333,0.5223544222848899,5.385164807134504,197,cvc-clinicdb,segformer,polypseg/runs/segformer_seed1337/best.pth,False
0.9543013698525555,0.9125969398257683,0.9339339339139011,0.9755769661443967,0.7283502676568485,4.0,198,cvc-clinicdb,segformer,polypseg/runs/segformer_seed1337/best.pth,False
0.9374863387875684,0.8823287389244533,0.8972803347092619,0.9814645308699894,0.5278340593022219,4.242640687119285,199,cvc-clinicdb,segformer,polypseg/runs/segformer_seed1337/best.pth,False
0.6276986530881365,0.4574058420190786,0.9274423919165163,0.4743814533388156,0.44800583821558604,73.0037657890545,2,cvc-clinicdb,segformer,polypseg/runs/segformer_seed1337/best.pth,False
0.400298075656861,0.2502329149983546,0.9659403426916451,0.25246046665789856,0.3538398631873093,99.11558398707332,20,cvc-clinicdb,segformer,polypseg/runs/segformer_seed1337/best.pth,False
0.7724101269135994,0.6292086175096978,0.6296858071437736,0.9987970441484998,0.08970971438797914,26.00865064813192,200,cvc-clinicdb,segformer,polypseg/runs/segformer_seed1337/best.pth,False
0.7496181262681414,0.5995113509050237,0.5996334385439401,0.9996604990494031,0.18192414917363986,30.747227240057487,201,cvc-clinicdb,segformer,polypseg/runs/segformer_seed1337/best.pth,False
0.7438151707166645,0.5921223958269084,0.5921223958269084,0.999999999981675,0.17335077185176645,25.19911229817817,202,cvc-clinicdb,segformer,polypseg/runs/segformer_seed1337/best.pth,False
0.4706214955450661,0.3077207468093677,0.3077207468093677,0.999999999979976,0.0,79.12897554590812,203,cvc-clinicdb,segformer,polypseg/runs/segformer_seed1337/best.pth,False
0.021703387043378767,0.010970744680668705,0.02575107296036867,0.018755328217710848,0.08602145548492764,75.58197653418375,204,cvc-clinicdb,segformer,polypseg/runs/segformer_seed1337/best.pth,False
0.4986820428295001,0.3321628442847343,0.3321628442847343,0.9999999999669641,0.15795864601221485,74.027670929594,205,cvc-clinicdb,segformer,polypseg/runs/segformer_seed1337/best.pth,False
0.7611294178409179,0.6143736309521813,0.8619932679516759,0.6813975011489889,0.35507044151208444,132.42657294455339,206,cvc-clinicdb,segformer,polypseg/runs/segformer_seed1337/best.pth,False
0.6985626283319742,0.5367623856049567,0.8666779891157154,0.5850722311329388,0.2955752695438848,160.23195292104316,207,cvc-clinicdb,segformer,polypseg/runs/segformer_seed1337/best.pth,False
0.6580213903655345,0.4903367204524739,0.7399278412285049,0.592441020688675,0.3134996973828699,87.56248457813969,208,cvc-clinicdb,segformer,polypseg/runs/segformer_seed1337/best.pth,False
0.5230665995550567,0.35415720126410366,0.4979239859310788,0.5508833922066826,0.27618783118409085,67.31544044743183,209,cvc-clinicdb,segformer,polypseg/runs/segformer_seed1337/best.pth,False
0.5266154563513225,0.35741888200294014,0.9866654404912022,0.35915375087751766,0.3582969414221044,110.60062069065711,21,cvc-clinicdb,segformer,polypseg/runs/segformer_seed1337/best.pth,False
0.751955961074203,0.6025075539172629,0.9596725120265549,0.6181584948666684,0.3566685106584277,166.94302609194693,210,cvc-clinicdb,segformer,polypseg/runs/segformer_seed1337/best.pth,False
0.7732083054232466,0.6302686175993436,0.9249407089229861,0.6642423126465464,0.2783299733240793,162.0747581781578,211,cvc-clinicdb,segformer,polypseg/runs/segformer_seed1337/best.pth,False
0.7972132540329746,0.662805153703307,0.9477979797903208,0.6879178885590151,0.4250799797338792,169.57770488681217,212,cvc-clinicdb,segformer,polypseg/runs/segformer_seed1337/best.pth,False
0.8630784400365065,0.759136311975841,0.9602784292883386,0.7837470668100299,0.5612284697191222,120.80811175448619,213,cvc-clinicdb,segformer,polypseg/runs/segformer_seed1337/best.pth,False
0.8899395048503383,0.8017036087122027,0.9664348018000835,0.8246655360766472,0.5358358176142192,103.07131549387074,214,cvc-clinicdb,segformer,polypseg/runs/segformer_seed1337/best.pth,False
0.9607134249170368,0.9243970315313135,0.94859590670206,0.9731445312404966,0.6891456309844423,5.0,215,cvc-clinicdb,segformer,polypseg/runs/segformer_seed1337/best.pth,False
0.9141951361910724,0.8419515943077837,0.9375427789105275,0.8919820919748311,0.5044235311505123,60.87709101037757,216,cvc-clinicdb,segformer,polypseg/runs/segformer_seed1337/best.pth,False
0.9658394675322174,0.933935725846612,0.9431818181736984,0.9896125011201371,0.6902705009576113,4.0,217,cvc-clinicdb,segformer,polypseg/runs/segformer_seed1337/best.pth,False
0.9630457874380105,0.9287254690432528,0.9293267155704646,0.9993038635456629,0.7189932853579178,4.41978140559228,218,cvc-clinicdb,segformer,polypseg/runs/segformer_seed1337/best.pth,False
0.9146762589862253,0.842768129380316,0.929250109619511,0.9005524861750878,0.59198426247936,48.37924571715828,219,cvc-clinicdb,segformer,polypseg/runs/segformer_seed1337/best.pth,False
0.3651231081991339,0.22333370177918402,0.946222291594238,0.22620491482054333,0.07524216041080586,207.451197064071,22,cvc-clinicdb,segformer,polypseg/runs/segformer_seed1337/best.pth,False
0.9412774070453643,0.8890689717109839,0.8893892992093427,0.9995950597084512,0.6561427091064922,4.47213595499958,220,cvc-clinicdb,segformer,polypseg/runs/segformer_seed1337/best.pth,False
0.8854961831958651,0.7945205479287148,0.8338052711645871,0.9440197287066826,0.5080155147607625,27.09190343122886,221,cvc-clinicdb,segformer,polypseg/runs/segformer_seed1337/best.pth,False
0.8920491273317124,0.8051341890127157,0.8051341890127157,0.9999999999710145,0.3839478892909472,6.0,222,cvc-clinicdb,segformer,polypseg/runs/segformer_seed1337/best.pth,False
0.89409862569531,0.8084795321440429,0.8144329896707306,0.9910394264936966,0.5439456601585394,10.658122014783244,223,cvc-clinicdb,segformer,polypseg/runs/segformer_seed1337/best.pth,False
0.9179986101299862,0.8484264611159786,0.8589076722737676,0.9858208954856037,0.5971029543197098,5.0,224,cvc-clinicdb,segformer,polypseg/runs/segformer_seed1337/best.pth,False
0.916129032245489,0.845238095216686,0.846524606777105,0.9982052048759137,0.5275451535309482,5.764083831688666,225,cvc-clinicdb,segformer,polypseg/runs/segformer_seed1337/best.pth,False
0.9428962996716044,0.8919619705982375,0.9024134312538927,0.9871819399084144,0.5899179497812183,4.0,226,cvc-clinicdb,segformer,polypseg/runs/segformer_seed1337/best.pth,False
0.8833776202999206,0.7911158117189023,0.7938445210720657,0.9956738768387463,0.44397946882585343,10.295630140987,227,cvc-clinicdb,segformer,polypseg/runs/segformer_seed1337/best.pth,False
0.8779280137061009,0.7824168363794702,0.9462233169000244,0.8188277086936787,0.2383398804328438,29.0,228,cvc-clinicdb,segformer,polypseg/runs/segformer_seed1337/best.pth,False
0.8525388055718722,0.7429783331337501,0.9588696552602624,0.7674363528624341,0.19835513375741393,37.61090742696554,229,cvc-clinicdb,segformer,polypseg/runs/segformer_seed1337/best.pth,False
0.8168539079762239,0.6904083219165201,0.9947727757574419,0.6929221623604201,0.4274418737081638,53.157313527107604,23,cvc-clinicdb,segformer,polypseg/runs/segformer_seed1337/best.pth,False
0.8366873455368016,0.7192282679353166,0.9521322389889678,0.7462102469490971,0.21231622732675298,52.99048096571884,230,cvc-clinicdb,segformer,polypseg/runs/segformer_seed1337/best.pth,False
0.8655643825593983,0.762991190731649,0.9394308695329996,0.8024672079908262,0.38501887922742617,55.78753931682054,231,cvc-clinicdb,segformer,polypseg/runs/segformer_seed1337/best.pth,False
0.867840593139117,0.7665356908930008,0.9687564659564882,0.7859660903095184,0.392374896513096,32.05666974888957,232,cvc-clinicdb,segformer,polypseg/runs/segformer_seed1337/best.pth,False
0.8885252729572233,0.7994111348993608,0.9767152854929902,0.8149421523640311,0.3707484659636374,27.682576842192685,233,cvc-clinicdb,segformer,polypseg/runs/segformer_seed1337/best.pth,False
0.9124691154639681,0.83902823215292,0.9765195317939886,0.8563037160646985,0.4221049209413872,24.18056267151009,234,cvc-clinicdb,segformer,polypseg/runs/segformer_seed1337/best.pth,False
0.9209889911535066,0.8535492071930585,0.9501042597486586,0.8936050991041983,0.39129591081696646,14.7648230602334,235,cvc-clinicdb,segformer,polypseg/runs/segformer_seed1337/best.pth,False
0.9333994232113672,0.8751161808122085,0.9760625765622838,0.8943096451006449,0.3927562675721796,10.63014581273465,236,cvc-clinicdb,segformer,polypseg/runs/segformer_seed1337/best.pth,False
0.9257950530003263,0.861842105257599,0.8862505803483036,0.9690332873959747,0.3222314847740095,12.31235043546123,237,cvc-clinicdb,segformer,polypseg/runs/segformer_seed1337/best.pth,False
0.9234020900977595,0.8577037737158605,0.9539058709287246,0.8947887430714193,0.3953096672438257,30.17859312273278,238,cvc-clinicdb,segformer,polypseg/runs/segformer_seed1337/best.pth,False
0.9372716673107763,0.8819485078929056,0.96952641311434,0.9070939592198367,0.5493158198447626,15.811388300841896,239,cvc-clinicdb,segformer,polypseg/runs/segformer_seed1337/best.pth,False
0.8617654989805561,0.7571071674674487,0.971051323125954,0.7745901639310127,0.4862227177223207,31.0,24,cvc-clinicdb,segformer,polypseg/runs/segformer_seed1337/best.pth,False
0.9403433653055278,0.8874038386752086,0.9805941954234879,0.9032666297484515,0.53463582935114,19.73514362029528,240,cvc-clinicdb,segformer,polypseg/runs/segformer_seed1337/best.pth,False
0.8616481774926242,0.7569260754506687,0.960600706705295,0.7811781609139282,0.32314131394086926,49.15586987526811,241,cvc-clinicdb,segformer,polypseg/runs/segformer_seed1337/best.pth,False
0.8569249025222202,0.7496663206232413,0.9682980557325132,0.7685290763909651,0.21011716370903524,32.79479975875922,242,cvc-clinicdb,segformer,polypseg/runs/segformer_seed1337/best.pth,False
0.8890832390117858,0.80031490228026,0.9287403267312043,0.852674166164864,0.44949115977684834,38.01315561749642,243,cvc-clinicdb,segformer,polypseg/runs/segformer_seed1337/best.pth,False
0.8772247019556063,0.7813003220533282,0.9369945684859746,0.824622902052001,0.6125771163692018,47.428591805298076,244,cvc-clinicdb,segformer,polypseg/runs/segformer_seed1337/best.pth,False
0.8869633714002431,0.7968860580231553,0.9165649165524818,0.8592140404316518,0.4638120005005566,33.937663853655714,245,cvc-clinicdb,segformer,polypseg/runs/segformer_seed1337/best.pth,False
0.800360565514753,0.667167602620682,0.9609250398614613,0.6857723577180018,0.44700817954488153,58.342085813769415,246,cvc-clinicdb,segformer,polypseg/runs/segformer_seed1337/best.pth,False
0.8790011671882043,0.7841231778836112,0.9363273302619521,0.8282895613862932,0.28008143346381825,36.0,247,cvc-clinicdb,segformer,polypseg/runs/segformer_seed1337/best.pth,False
0.8883843212201705,0.7991829713982714,0.9501533742250328,0.8341561938896307,0.37868070721638153,36.0,248,cvc-clinicdb,segformer,polypseg/runs/segformer_seed1337/best.pth,False
0.8987831858365654,0.8161727774919121,0.8845944474606732,0.9134345137632243,0.269237106785803,13.0,249,cvc-clinicdb,segformer,polypseg/runs/segformer_seed1337/best.pth,False
0.09164805046069638,0.04802471078923423,0.9652036377633372,0.04810800157657054,0.11108728980371016,257.6442239857753,25,cvc-clinicdb,segformer,polypseg/runs/segformer_seed1337/best.pth,False
0.8898906579661908,0.8016243303887884,0.869052079422358,0.9117531446451281,0.37117646099585605,19.834059680336402,250,cvc-clinicdb,segformer,polypseg/runs/segformer_seed1337/best.pth,False
0.8417970049860779,0.7268130099904975,0.8980403294391076,0.7921833896931958,0.34085773805523306,37.74955546484151,251,cvc-clinicdb,segformer,polypseg/runs/segformer_seed1337/best.pth,False
0.8783812749137121,0.7831371349886627,0.8550325488160988,0.9030409872110794,0.48102683141529495,30.600000000000023,252,cvc-clinicdb,segformer,polypseg/runs/segformer_seed1337/best.pth,False
0.921246627433194,0.8539918862465871,0.9683354919344007,0.8785251215523561,0.4380619743431687,22.616298221433112,253,cvc-clinicdb,segformer,polypseg/runs/segformer_seed1337/best.pth,False
0.9079225312945369,0.8313719102462378,0.948654802281731,0.8705440900525732,0.27079017950912954,27.175229319291045,254,cvc-clinicdb,segformer,polypseg/runs/segformer_seed1337/best.pth,False
0.9096911341730406,0.8343426002347264,0.9654934437491878,0.8599867599732363,0.4821781939097016,22.684762137956607,255,cvc-clinicdb,segformer,polypseg/runs/segformer_seed1337/best.pth,False
0.8509407372590033,0.7405542645634712,0.9580248288094526,0.7653887208647687,0.3496720786955176,28.0,256,cvc-clinicdb,segformer,polypseg/runs/segformer_seed1337/best.pth,False
0.9149508939329132,0.8432345493092764,0.9117516465591957,0.9181726720538131,0.3152867994165997,24.637319879681385,257,cvc-clinicdb,segformer,polypseg/runs/segformer_seed1337/best.pth,False
0.9165816213317731,0.8460089282022935,0.9679490183170051,0.8703914380783281,0.36799793032670197,21.243764773895265,258,cvc-clinicdb,segformer,polypseg/runs/segformer_seed1337/best.pth,False
0.8966027249890269,0.812583776754488,0.9833849481345751,0.8238952267170878,0.42274929656634513,24.403883245313065,259,cvc-clinicdb,segformer,polypseg/runs/segformer_seed1337/best.pth,False
0.9121471614046259,0.838483964965686,0.8483775810708921,0.9862825788075251,0.7023217105636778,4.47213595499958,26,cvc-clinicdb,segformer,polypseg/runs/segformer_seed1337/best.pth,False
0.6778422050601065,0.5126787495821721,0.9930751268138088,0.5145181476824592,0.3169894953382539,76.08448906462053,260,cvc-clinicdb,segformer,polypseg/runs/segformer_seed1337/best.pth,False
0.8382531551966038,0.7215454545421748,0.9663947400403847,0.7401156284933788,0.42559329767715937,39.20418772291367,261,cvc-clinicdb,segformer,polypseg/runs/segformer_seed1337/best.pth,False
0.855446826878488,0.7474068020321405,0.9410321354999126,0.784131381079118,0.42793795303975163,31.28130730264239,262,cvc-clinicdb,segformer,polypseg/runs/segformer_seed1337/best.pth,False
0.7207818930004075,0.5634550426205287,0.861852626388709,0.6193970471167942,0.2826704054180136,62.98809098690906,263,cvc-clinicdb,segformer,polypseg/runs/segformer_seed1337/best.pth,False
0.7780186633971674,0.6366862079580504,0.9662842425604876,0.6511517828942444,0.3499615378513628,63.953622723099414,264,cvc-clinicdb,segformer,polypseg/runs/segformer_seed1337/best.pth,False
0.8703534231035204,0.7704652418765123,0.9829223879079535,0.7809188660771029,0.49776216330776224,45.91703744258825,265,cvc-clinicdb,segformer,polypseg/runs/segformer_seed1337/best.pth,False
0.8878130416574267,0.7982588134107256,0.9482890704760457,0.834588155969455,0.3793165231936145,30.43023481568241,266,cvc-clinicdb,segformer,polypseg/runs/segformer_seed1337/best.pth,False
0.8422131147515604,0.7274336283147973,0.9936006825867918,0.7308577405819515,0.2939862042976727,25.55645124650884,267,cvc-clinicdb,segformer,polypseg/runs/segformer_seed1337/best.pth,False
0.7605126151362622,0.6135702746340325,0.9999999999934175,0.6135702746340325,0.16739125460516605,43.30992236004367,268,cvc-clinicdb,segformer,polypseg/runs/segformer_seed1337/best.pth,False
0.8870010862577306,0.7969469469429582,0.8936970309205046,0.8804047329377396,0.3810271411755643,42.78966885604377,269,cvc-clinicdb,segformer,polypseg/runs/segformer_seed1337/best.pth,False
0.9587939698171258,0.9208494207901641,0.9571906353874788,0.9604026844993018,0.9738142569266336,2.0,27,cvc-clinicdb,segformer,polypseg/runs/segformer_seed1337/best.pth,False
0.7105459288226417,0.5510439997090129,0.7021080732730272,0.7191890617599284,0.31348899669729846,59.99066584089357,270,cvc-clinicdb,segformer,polypseg/runs/segformer_seed1337/best.pth,False
0.9005000362328782,0.8190087002345801,0.9653886493378184,0.8437850134083327,0.36975156001948223,44.83713936825935,271,cvc-clinicdb,segformer,polypseg/runs/segformer_seed1337/best.pth,False
0.8918608757049025,0.8048275312652889,0.9252678816713213,0.8607821419418341,0.31777889135018367,46.20280247640784,272,cvc-clinicdb,segformer,polypseg/runs/segformer_seed1337/best.pth,False
0.8749734362809468,0.7777358015338819,0.9659433040040432,0.7996633541553113,0.3567299259840193,55.07313316023866,273,cvc-clinicdb,segformer,polypseg/runs/segformer_seed1337/best.pth,False
0.8916838803444394,0.8045393047441683,0.8871095414939807,0.8963056384358291,0.2163518033183693,29.832867780352597,274,cvc-clinicdb,segformer,polypseg/runs/segformer_seed1337/best.pth,False
0.7035155959648601,0.5426332887424321,0.9861776758978524,0.5467919587131372,0.16007999030532316,71.95997149050288,275,cvc-clinicdb,segformer,polypseg/runs/segformer_seed1337/best.pth,False
0.887771860844852,0.7981922319634948,0.9837313185849902,0.8088695415553037,0.5240222672983582,54.848817631663934,276,cvc-clinicdb,segformer,polypseg/runs/segformer_seed1337/best.pth,False
0.7861878453007648,0.6477014110108088,0.9824440280009621,0.6552858364538169,0.3682712293056236,49.17289293273504,277,cvc-clinicdb,segformer,polypseg/runs/segformer_seed1337/best.pth,False
0.5234914785752707,0.3545468725572524,0.3602789665500035,0.9570526315386505,0.38672323459828734,100.43903623591775,278,cvc-clinicdb,segformer,polypseg/runs/segformer_seed1337/best.pth,False
0.9380721593800382,0.8833671399295684,0.9229954079504418,0.9536496350016916,0.7355845279306086,41.414226288897346,279,cvc-clinicdb,segformer,polypseg/runs/segformer_seed1337/best.pth,False
0.9234461849302243,0.857779863861587,0.863453815240646,0.9923975020094381,0.6141140021299624,7.0710678118654755,28,cvc-clinicdb,segformer,polypseg/runs/segformer_seed1337/best.pth,False
0.9510405749221285,0.9066514415955852,0.9087267524775758,0.9974874371546015,0.8390046822142454,3.605551275463989,280,cvc-clinicdb,segformer,polypseg/runs/segformer_seed1337/best.pth,False
0.9555555555427636,0.9148936169978238,0.9347826086711687,0.9772727272459674,0.7671441235840867,3.605551275463989,281,cvc-clinicdb,segformer,polypseg/runs/segformer_seed1337/best.pth,False
0.9615430693547197,0.9259344715983864,0.9444575193941055,0.9792581746954794,0.8471652505498103,2.8284271247461903,282,cvc-clinicdb,segformer,polypseg/runs/segformer_seed1337/best.pth,False
0.9675994108865047,0.9372325249420534,0.9661764705645546,0.9690265486487457,0.9089491236861161,2.8284271247461903,283,cvc-clinicdb,segformer,polypseg/runs/segformer_seed1337/best.pth,False
0.8091723774273962,0.6795042053855799,0.6823738608428013,0.9938491420850163,0.41593715825167815,17.029386365926403,284,cvc-clinicdb,segformer,polypseg/runs/segformer_seed1337/best.pth,False
0.7369112814815234,0.583420048550409,0.5863691824893434,0.991452991423771,0.2732190700043416,48.68515301954875,285,cvc-clinicdb,segformer,polypseg/runs/segformer_seed1337/best.pth,False
0.9182295573778666,0.8488210818111692,0.8595505617776322,0.9855072463503621,0.5268148178620504,6.324555320336759,286,cvc-clinicdb,segformer,polypseg/runs/segformer_seed1337/best.pth,False
0.9254718280627432,0.8612820512599672,0.895255863515585,0.9577986883102995,0.6325216290941658,5.830951894845301,287,cvc-clinicdb,segformer,polypseg/runs/segformer_seed1337/best.pth,False
0.9348785871835695,0.8777202072311472,0.9570621468656197,0.9137001078502238,0.6348623353253133,5.0,288,cvc-clinicdb,segformer,polypseg/runs/segformer_seed1337/best.pth,False
0.9489115948326831,0.9027895181486958,0.9128205127945066,0.9879740980268895,0.7898111816480015,3.1622776601683795,289,cvc-clinicdb,segformer,polypseg/runs/segformer_seed1337/best.pth,False
0.9408303367010914,0.8882716049199945,0.9097997892326702,0.9740523465484194,0.5990797046044115,4.080018656651476,29,cvc-clinicdb,segformer,polypseg/runs/segformer_seed1337/best.pth,False
0.9574353448017933,0.9183462531825144,0.974232456086939,0.9412076270687919,0.9081632153113313,2.8284271247461903,290,cvc-clinicdb,segformer,polypseg/runs/segformer_seed1337/best.pth,False
0.8498871331588632,0.7389597644387164,0.7955625990071018,0.912174439678245,0.49417244532034105,31.651662259063347,291,cvc-clinicdb,segformer,polypseg/runs/segformer_seed1337/best.pth,False
0.7980126777317456,0.6639110604143698,0.6794049007969836,0.9667911996277796,0.47262111465162115,32.224842929130226,292,cvc-clinicdb,segformer,polypseg/runs/segformer_seed1337/best.pth,False
0.955643510291311,0.9150548875871654,0.9487804877791659,0.9626065438283584,0.7843378266030111,4.123105625617661,293,cvc-clinicdb,segformer,polypseg/runs/segformer_seed1337/best.pth,False
0.9685485949862265,0.9390152461649834,0.9475409835826598,0.990508832032942,0.8972076093139824,2.8284271247461903,294,cvc-clinicdb,segformer,polypseg/runs/segformer_seed1337/best.pth,False
0.9201890259789947,0.8521760272100127,0.8658596837730766,0.9817927170593336,0.5989801151293362,6.708203932499369,295,cvc-clinicdb,segformer,polypseg/runs/segformer_seed1337/best.pth,False
0.9347947241141595,0.8775723752745876,0.9515885022332985,0.9185834245739839,0.7169532201391171,5.656854249492381,296,cvc-clinicdb,segformer,polypseg/runs/segformer_seed1337/best.pth,False
0.9193187682621827,0.8506844953565526,0.8960429241818899,0.9438361002845695,0.6652270907481999,37.57658845611187,297,cvc-clinicdb,segformer,polypseg/runs/segformer_seed1337/best.pth,False
0.9185091598158677,0.8492990654081586,0.9879395277562776,0.8581968422479239,0.4162578339855751,11.704699910719626,298,cvc-clinicdb,segformer,polypseg/runs/segformer_seed1337/best.pth,False
0.8409358693681042,0.7255300609722471,0.9433534742846166,0.7585788034995877,0.5783725414422504,23.037994840139604,299,cvc-clinicdb,segformer,polypseg/runs/segformer_seed1337/best.pth,False
0.6234658484504286,0.452924359158536,0.9358229875757326,0.46744348869540187,0.45503933135384356,71.0,3,cvc-clinicdb,segformer,polypseg/runs/segformer_seed1337/best.pth,False
0.9496798772371571,0.9041813601924011,0.9093119870208803,0.9937984496013975,0.6040701574264319,7.211102550927978,30,cvc-clinicdb,segformer,polypseg/runs/segformer_seed1337/best.pth,False
0.926475268948205,0.8630218216216434,0.9895295077374282,0.8709754637837106,0.5979579422078114,22.485528547911137,300,cvc-clinicdb,segformer,polypseg/runs/segformer_seed1337/best.pth,False
0.8437978560409284,0.7298013244912285,0.9883408071527278,0.7361389445434847,0.3932928339086602,27.271594508016612,301,cvc-clinicdb,segformer,polypseg/runs/segformer_seed1337/best.pth,False
0.9415025356708249,0.8894707520792259,0.9884843982046994,0.8987840576345554,0.6871831785365025,27.07823837566161,302,cvc-clinicdb,segformer,polypseg/runs/segformer_seed1337/best.pth,False
0.8616922993268752,0.7569941754916738,0.9939819458250504,0.7604796162996597,0.3444740512941767,47.452152830740374,303,cvc-clinicdb,segformer,polypseg/runs/segformer_seed1337/best.pth,False
0.9188290799864957,0.8498462759015188,0.9604348800609679,0.8806783144822129,0.5634495527478054,28.517043627594145,304,cvc-clinicdb,segformer,polypseg/runs/segformer_seed1337/best.pth,False
0.9146732245289713,0.8427629771982782,0.9798818457529946,0.8576020122913806,0.4461866536513084,32.97118351521965,305,cvc-clinicdb,segformer,polypseg/runs/segformer_seed1337/best.pth,False
0.6995401512547038,0.5379175311945471,0.6843514146533652,0.715418399468633,0.15262631613242414,84.10944501443234,306,cvc-clinicdb,segformer,polypseg/runs/segformer_seed1337/best.pth,False
0.8682673588535502,0.7672018348556174,0.965582324847723,0.7887719934628262,0.3851911149971844,20.058629475984233,307,cvc-clinicdb,segformer,polypseg/runs/segformer_seed1337/best.pth,False
0.9315594008858852,0.8718869365861582,0.8794790783626456,0.9901960784227815,0.4553207950525235,19.496729049536246,308,cvc-clinicdb,segformer,polypseg/runs/segformer_seed1337/best.pth,False
0.9230769230685694,0.8571428571284514,0.8670520231066465,0.9868421052440627,0.47134326732641213,92.56853170143475,309,cvc-clinicdb,segformer,polypseg/runs/segformer_seed1337/best.pth,False
0.9637160385570335,0.9299729363900544,0.940793976717536,0.9877829680082909,0.7597551145073146,5.0,31,cvc-clinicdb,segformer,polypseg/runs/segformer_seed1337/best.pth,False
0.6918856482718468,0.5289183222841298,0.546283629718507,0.9433070865770352,0.6095561639538412,142.0,310,cvc-clinicdb,segformer,polypseg/runs/segformer_seed1337/best.pth,False
0.9104089219161634,0.8355510064539219,0.9753086419364673,0.8536075287259113,0.6699806926488915,6.980351842023949,311,cvc-clinicdb,segformer,polypseg/runs/segformer_seed1337/best.pth,False
0.39750623440405225,0.24805477745882185,0.29162092937096157,0.6241190289252843,0.14492749240772695,72.44169683158927,312,cvc-clinicdb,segformer,polypseg/runs/segformer_seed1337/best.pth,False
0.8769098957526994,0.780801017154726,0.8353965446764332,0.9227648384534521,0.5434779611031196,17.46424919657298,313,cvc-clinicdb,segformer,polypseg/runs/segformer_seed1337/best.pth,False
0.9277733683318409,0.8652773032585664,0.9836872086874199,0.8778740612261365,0.5683390252726008,14.006274834402562,314,cvc-clinicdb,segformer,polypseg/runs/segformer_seed1337/best.pth,False
0.9817609434314867,0.9641752956717663,0.986641892226251,0.9769280493213817,0.8290790374630699,3.0,315,cvc-clinicdb,segformer,polypseg/runs/segformer_seed1337/best.pth,False
0.9687021365456802,0.9393039303902211,0.9543071389350902,0.9835380603782993,0.6642938714196188,13.601470508735444,316,cvc-clinicdb,segformer,polypseg/runs/segformer_seed1337/best.pth,False
0.9623781364840582,0.9274844433434324,0.9841145322547943,0.9415811858835277,0.7546171479592151,12.727922061357855,317,cvc-clinicdb,segformer,polypseg/runs/segformer_seed1337/best.pth,False
0.8984250170988719,0.8155822627096734,0.9984779299341208,0.8165975103395603,0.5060794767968296,5.0990195135927845,318,cvc-clinicdb,segformer,polypseg/runs/segformer_seed1337/best.pth,False
0.9625360230374184,0.9277777777455634,0.9525846701977688,0.9726974881335021,0.948932222284893,2.0944271909999106,319,cvc-clinicdb,segformer,polypseg/runs/segformer_seed1337/best.pth,False
0.9638258736921937,0.930177514783726,0.9410356180690308,0.9877474080952168,0.6588643956126308,4.0,32,cvc-clinicdb,segformer,polypseg/runs/segformer_seed1337/best.pth,False
0.9378273741637687,0.882933104612287,0.9233183856295221,0.9527996297789727,0.6782140709837109,6.4031242374328485,320,cvc-clinicdb,segformer,polypseg/runs/segformer_seed1337/best.pth,False
0.9630836932526845,0.928795976093543,0.9398759344530002,0.9874665775236052,0.7334522721852115,3.1622776601683795,321,cvc-clinicdb,segformer,polypseg/runs/segformer_seed1337/best.pth,False
0.9683346603725832,0.9386131560088029,0.9576014536528454,0.9793111991950036,0.7919980362398703,4.0,322,cvc-clinicdb,segformer,polypseg/runs/segformer_seed1337/best.pth,False
0.9688897823743836,0.9396568531785956,0.9616881173205458,0.9762001215214077,0.766830271571216,3.605551275463989,323,cvc-clinicdb,segformer,polypseg/runs/segformer_seed1337/best.pth,False
0.9657164576133355,0.9337057180518344,0.9403404885130964,0.9924999999844922,0.8005463980874348,3.0,324,cvc-clinicdb,segformer,polypseg/runs/segformer_seed1337/best.pth,False
0.9430169912873703,0.8921780042953896,0.8921780042953896,0.9999999999780268,0.5963069739084209,3.980277563773195,325,cvc-clinicdb,segformer,polypseg/runs/segformer_seed1337/best.pth,False
0.9404620147542216,0.8876151944057628,0.9038681620301243,0.9801439562923767,0.6585788061598757,7.24215585318662,326,cvc-clinicdb,segformer,polypseg/runs/segformer_seed1337/best.pth,False
0.9257127192855577,0.861699413093603,0.8875164257322598,0.9673446003733216,0.4379561543902236,4.242640687119285,327,cvc-clinicdb,segformer,polypseg/runs/segformer_seed1337/best.pth,False
0.8748997594138441,0.7776193870139412,0.7781740370759955,0.9990842490613763,0.25111891362944166,13.0,328,cvc-clinicdb,segformer,polypseg/runs/segformer_seed1337/best.pth,False
0.9112594375652558,0.8369849246062918,0.9196113074001853,0.9030579049901745,0.5587861074170738,7.810249675906654,329,cvc-clinicdb,segformer,polypseg/runs/segformer_seed1337/best.pth,False
0.9556126820867369,0.9149983590341729,0.9199043141060801,0.9942052242043843,0.5326701824016552,5.0,33,cvc-clinicdb,segformer,polypseg/runs/segformer_seed1337/best.pth,False
0.9575263336649886,0.9185136896851611,0.9517055048809236,0.9634188034023348,0.7807572690650203,5.0,330,cvc-clinicdb,segformer,polypseg/runs/segformer_seed1337/best.pth,False
0.965345887269744,0.9330131445787031,0.9767134162347617,0.9542399172575718,0.7006440272965281,4.0,331,cvc-clinicdb,segformer,polypseg/runs/segformer_seed1337/best.pth,False
0.9705673758779204,0.9428177746995726,0.9792486583009079,0.9620386643064668,0.8594037528736811,3.0,332,cvc-clinicdb,segformer,polypseg/runs/segformer_seed1337/best.pth,False
0.9656802495890546,0.9336380255770816,0.9368923133198149,0.9962934061452148,0.7829402126753898,2.8284271247461903,333,cvc-clinicdb,segformer,polypseg/runs/segformer_seed1337/best.pth,False
0.9442121185074809,0.8943199055976012,0.9261651247874644,0.9629764065160985,0.5668778011995902,4.123105625617661,334,cvc-clinicdb,segformer,polypseg/runs/segformer_seed1337/best.pth,False
0.9336181119100074,0.8755007210242669,0.9377037926731131,0.9295678802155569,0.5499758321707616,8.960990336999412,335,cvc-clinicdb,segformer,polypseg/runs/segformer_seed1337/best.pth,False
0.9549778059520339,0.9138349514404676,0.9242503945129888,0.9878185906861353,0.661652483913026,3.605551275463989,336,cvc-clinicdb,segformer,polypseg/runs/segformer_seed1337/best.pth,False
0.9444397175108955,0.8947283572320696,0.9315206444959463,0.9577221742716527,0.5810595193868605,5.0,337,cvc-clinicdb,segformer,polypseg/runs/segformer_seed1337/best.pth,False
0.9627215950930497,0.9281226626706947,0.9683939441160574,0.9571153104438325,0.5729894943438779,6.324555320336759,338,cvc-clinicdb,segformer,polypseg/runs/segformer_seed1337/best.pth,False
0.9225069465742126,0.8561604584281903,0.8729184925248928,0.9780687397388521,0.4905659877536541,4.123105625617661,339,cvc-clinicdb,segformer,polypseg/runs/segformer_seed1337/best.pth,False
0.9630748319794376,0.928779493141148,0.9566456645521055,0.9695909989209428,0.7588198572736826,3.0,34,cvc-clinicdb,segformer,polypseg/runs/segformer_seed1337/best.pth,False
0.9088988645125721,0.8330106485560015,0.8977569117945875,0.9203208555657582,0.5953752953273614,4.265590213907313,340,cvc-clinicdb,segformer,polypseg/runs/segformer_seed1337/best.pth,False
0.9507306889154337,0.9060883405926746,0.9603542808536334,0.9412980570094545,0.8417254364060643,3.1622776601683795,341,cvc-clinicdb,segformer,polypseg/runs/segformer_seed1337/best.pth,False
0.9709243270634146,0.9434916717958853,0.9839166237650037,0.958270676679721,0.8160091639370141,4.030776406404415,342,cvc-clinicdb,segformer,polypseg/runs/segformer_seed1337/best.pth,False
0.9242210539753544,0.85911799760597,0.8749696528177352,0.9793478260736502,0.7010022416568527,33.235684379580775,343,cvc-clinicdb,segformer,polypseg/runs/segformer_seed1337/best.pth,False
0.9166509877670116,0.8461271274689397,0.9410492157850494,0.8934859154864033,0.44959771855808905,27.230421771162305,344,cvc-clinicdb,segformer,polypseg/runs/segformer_seed1337/best.pth,False
0.9564662224134852,0.9165646986776035,0.9706811371104666,0.9426616328382675,0.6233363484551618,7.0,345,cvc-clinicdb,segformer,polypseg/runs/segformer_seed1337/best.pth,False
0.7314330036772209,0.5765820849804864,0.5847155479679939,0.9764431788512441,0.5170799234858507,54.589376255824725,346,cvc-clinicdb,segformer,polypseg/runs/segformer_seed1337/best.pth,False
0.8268063523669509,0.7047484053762616,0.709474885834625,0.9906355847581065,0.3956214836566348,28.514108723412832,347,cvc-clinicdb,segformer,polypseg/runs/segformer_seed1337/best.pth,False
0.9606835382626142,0.9243416934402022,0.9592066516500987,0.9621649797968717,0.5468041681085855,18.60555997957503,348,cvc-clinicdb,segformer,polypseg/runs/segformer_seed1337/best.pth,False
0.9721902324568731,0.9458853799188867,0.9836440531633711,0.9610000843200902,0.6538515065081235,7.0,349,cvc-clinicdb,segformer,polypseg/runs/segformer_seed1337/best.pth,False
0.9605605605541504,0.9241140215597828,0.9256591639752327,0.998196948668541,0.6471424943481776,4.242640687119285,35,cvc-clinicdb,segformer,polypseg/runs/segformer_seed1337/best.pth,False
0.7596562721440483,0.6124562531204024,0.99098578526533,0.6158873805888394,0.06285326091918848,51.62363799656123,350,cvc-clinicdb,segformer,polypseg/runs/segformer_seed1337/best.pth,False
0.863653627030464,0.7600267379509799,0.9179224972842325,0.8154434616109146,0.40136736546417257,19.11538491160706,351,cvc-clinicdb,segformer,polypseg/runs/segformer_seed1337/best.pth,False
0.8680563923259662,0.7668724717741777,0.851335381686331,0.8854473942751857,0.618274136489006,38.05259518088089,352,cvc-clinicdb,segformer,polypseg/runs/segformer_seed1337/best.pth,False
0.9298073383180157,0.8688223827443088,0.9056896963793247,0.9552445789087841,0.529814989152489,23.41949048010075,353,cvc-clinicdb,segformer,polypseg/runs/segformer_seed1337/best.pth,False
0.9392293767717919,0.8854217454792123,0.9342765273191733,0.9442350188360297,0.646843168184821,16.1245154965971,354,cvc-clinicdb,segformer,polypseg/runs/segformer_seed1337/best.pth,False
0.8380363805921289,0.7212242849902536,0.9819647492692722,0.730906132403835,0.3556615164442415,36.24154066705731,355,cvc-clinicdb,segformer,polypseg/runs/segformer_seed1337/best.pth,False
0.8670088140083286,0.7652387986138331,0.9508136547051167,0.7967804777935323,0.3091830968139411,32.32678926180581,356,cvc-clinicdb,segformer,polypseg/runs/segformer_seed1337/best.pth,False
0.9273992322434563,0.8646266720312055,0.9509446959213198,0.904991571451091,0.6319178791480643,49.072845653428224,357,cvc-clinicdb,segformer,polypseg/runs/segformer_seed1337/best.pth,False
0.8328491890532991,0.7135746137020266,0.8914367145887883,0.7814877910189495,0.5142229722780911,78.05108377636311,358,cvc-clinicdb,segformer,polypseg/runs/segformer_seed1337/best.pth,False
0.8859795728835377,0.7952992165294607,0.9325645035092595,0.8438273788393719,0.580493015208455,37.5113072764214,359,cvc-clinicdb,segformer,polypseg/runs/segformer_seed1337/best.pth,False
0.9294496836465387,0.8681980374471856,0.8861825631485049,0.9771586345136256,0.5437714500521296,5.385164807134504,36,cvc-clinicdb,segformer,polypseg/runs/segformer_seed1337/best.pth,False
0.8894934256589196,0.8009798827050628,0.9942867674069822,0.8046834215765181,0.4681379735931546,44.39143855968056,360,cvc-clinicdb,segformer,polypseg/runs/segformer_seed1337/best.pth,False
0.8832458233848055,0.7909044281006077,0.9304102976575782,0.8406323823292692,0.24584873300348756,25.317977802344327,361,cvc-clinicdb,segformer,polypseg/runs/segformer_seed1337/best.pth,False
0.8236046288547816,0.700108695644564,0.9762049105641679,0.7122636293186745,0.18903337723486255,23.853720883753127,362,cvc-clinicdb,segformer,polypseg/runs/segformer_seed1337/best.pth,False
0.6048387096530308,0.4335260115356343,0.7317073170017846,0.5154639174903461,0.19238915119191466,26.51218493574698,363,cvc-clinicdb,segformer,polypseg/runs/segformer_seed1337/best.pth,False
0.9547594677388995,0.9134351742689607,0.9231987331384324,0.9885544721920919,0.8258367960401077,4.0,364,cvc-clinicdb,segformer,polypseg/runs/segformer_seed1337/best.pth,False
0.8904324445240773,0.802504038739802,0.802504038739802,0.9999999999496728,0.46550114984662766,5.830951894845301,365,cvc-clinicdb,segformer,polypseg/runs/segformer_seed1337/best.pth,False
0.9017527675068784,0.8210835782939486,0.8259400084146202,0.9928897917220472,0.6707087803056776,8.003112887414927,366,cvc-clinicdb,segformer,polypseg/runs/segformer_seed1337/best.pth,False
0.9226611226419406,0.8564260902795667,0.8647700701143893,0.9888591799915839,0.732969046816339,5.974642784226794,367,cvc-clinicdb,segformer,polypseg/runs/segformer_seed1337/best.pth,False
0.8826530612040201,0.7899543378667516,0.8465302490726633,0.9219961239863375,0.5394975838324649,6.708203932499369,368,cvc-clinicdb,segformer,polypseg/runs/segformer_seed1337/best.pth,False
0.8692048691823568,0.7686669720215911,0.7686669720215911,0.9999999999404052,0.5382588976285511,8.126641474326417,369,cvc-clinicdb,segformer,polypseg/runs/segformer_seed1337/best.pth,False
0.9661410892583319,0.9344999392279195,0.9598102845611607,0.972555963058397,0.7925925425929005,3.0,37,cvc-clinicdb,segformer,polypseg/runs/segformer_seed1337/best.pth,False
0.9112667833943005,0.8369973189899733,0.8610038609563704,0.9677619342239453,0.7420420997253817,6.708203932499369,370,cvc-clinicdb,segformer,polypseg/runs/segformer_seed1337/best.pth,False
0.8082901554105001,0.6782608695230894,0.6782608695230894,0.9999999999084248,0.5604443945773476,11.313708498984761,371,cvc-clinicdb,segformer,polypseg/runs/segformer_seed1337/best.pth,False
0.8375634517412198,0.720524017414809,0.7300884955213799,0.9821428570454224,0.5406731080855051,7.810249675906654,372,cvc-clinicdb,segformer,polypseg/runs/segformer_seed1337/best.pth,False
0.7956341738503714,0.6606249999587109,0.6618659987062074,0.997169811226682,0.3010536381650964,8.94427190999916,373,cvc-clinicdb,segformer,polypseg/runs/segformer_seed1337/best.pth,False
0.8003920287226269,0.6672113289396944,0.6948383436928622,0.9437596301275993,0.3735631686286234,10.0,374,cvc-clinicdb,segformer,polypseg/runs/segformer_seed1337/best.pth,False
0.8050588748013494,0.6737226276880494,0.6888059700978503,0.9685204615982665,0.452702653150115,9.423259298318415,375,cvc-clinicdb,segformer,polypseg/runs/segformer_seed1337/best.pth,False
0.8411462646870773,0.725843339030136,0.7359420289641756,0.981445689950466,0.5306611766896223,13.92838827718412,376,cvc-clinicdb,segformer,polypseg/runs/segformer_seed1337/best.pth,False
0.8535233570694077,0.74447513809584,0.7496522948278981,0.9908088234838783,0.5849249927078757,11.704699910719626,377,cvc-clinicdb,segformer,polypseg/runs/segformer_seed1337/best.pth,False
0.8019759449999576,0.6694155611090207,0.6769398114330334,0.9836670178617667,0.3958572576422839,12.529964086141668,378,cvc-clinicdb,segformer,polypseg/runs/segformer_seed1337/best.pth,False
0.8258024306380243,0.703290870450993,0.7220708446472985,0.9643377000753757,0.401129893964065,7.615773105863909,379,cvc-clinicdb,segformer,polypseg/runs/segformer_seed1337/best.pth,False
0.9665894806377043,0.9353393085587849,0.9822949349847088,0.9513783372921342,0.8485151109946457,3.605551275463989,38,cvc-clinicdb,segformer,polypseg/runs/segformer_seed1337/best.pth,False
0.8779411764490701,0.7824377457063155,0.7938829786882144,0.9819078946830094,0.5234444311579249,8.773298588520893,380,cvc-clinicdb,segformer,polypseg/runs/segformer_seed1337/best.pth,False
0.8270700636810976,0.7051316861062956,0.7221913236729091,0.9675856929594789,0.36644912761860354,12.723981490323638,381,cvc-clinicdb,segformer,polypseg/runs/segformer_seed1337/best.pth,False
0.8854594364875342,0.7944613820936367,0.8038560411104407,0.9855026788217617,0.5824396283942463,11.180339887498949,382,cvc-clinicdb,segformer,polypseg/runs/segformer_seed1337/best.pth,False
0.9135220125642528,0.8408104196572849,0.8511573395590051,0.9857482184938667,0.5436085860846871,6.0,383,cvc-clinicdb,segformer,polypseg/runs/segformer_seed1337/best.pth,False
0.8241992063932674,0.7009684045756269,0.9680295389005402,0.7175806936122114,0.48233489084382825,101.82705575351582,384,cvc-clinicdb,segformer,polypseg/runs/segformer_seed1337/best.pth,False
0.799973570608757,0.6666299599872751,0.9451470205519378,0.6934590858731015,0.4587070747943023,110.25942254948858,385,cvc-clinicdb,segformer,polypseg/runs/segformer_seed1337/best.pth,False
0.7088388609394076,0.548993335917108,0.9920356801465942,0.5514237144051869,0.2032085079516972,90.27719899595174,386,cvc-clinicdb,segformer,polypseg/runs/segformer_seed1337/best.pth,False
0.88669440662521,0.7964519462597435,0.9462634034503304,0.8341811884372977,0.3886182849241391,67.53500024693227,387,cvc-clinicdb,segformer,polypseg/runs/segformer_seed1337/best.pth,False
0.8871874626133764,0.7972479036737717,0.9078222548622523,0.8674698795146899,0.3628152397232235,60.44989010516823,388,cvc-clinicdb,segformer,polypseg/runs/segformer_seed1337/best.pth,False
0.8920089695217307,0.8050687640825855,0.9811098654653525,0.8177443468472353,0.5857987673037576,55.305572010729186,389,cvc-clinicdb,segformer,polypseg/runs/segformer_seed1337/best.pth,False
0.9664397467936648,0.9350589322640385,0.979898280431584,0.9533459000717873,0.8894901348559682,2.854163056034258,39,cvc-clinicdb,segformer,polypseg/runs/segformer_seed1337/best.pth,False
0.9698133155246645,0.9413957005458496,0.9793223576952333,0.960487159699325,0.7929655775051933,11.268905632895915,390,cvc-clinicdb,segformer,polypseg/runs/segformer_seed1337/best.pth,False
0.943942814137096,0.8938368364643065,0.9587313717814534,0.9296035568556946,0.7112636959893605,6.7626335144042775,391,cvc-clinicdb,segformer,polypseg/runs/segformer_seed1337/best.pth,False
0.9440601144981866,0.8940472156230198,0.9296452900994873,0.9589290041075971,0.5386003110420405,9.80641491170629,392,cvc-clinicdb,segformer,polypseg/runs/segformer_seed1337/best.pth,False
0.9372632119634157,0.8819335347325445,0.9000986679711385,0.9776289350170445,0.4842576206313282,7.6760494501762,393,cvc-clinicdb,segformer,polypseg/runs/segformer_seed1337/best.pth,False
0.9481737413564402,0.9014547160851542,0.9189189189079296,0.9793525363117594,0.5399220966150649,5.0,394,cvc-clinicdb,segformer,polypseg/runs/segformer_seed1337/best.pth,False
0.9506881228657376,0.9060110188232381,0.9206985877753764,0.9826971102302648,0.5983982880742877,7.0,395,cvc-clinicdb,segformer,polypseg/runs/segformer_seed1337/best.pth,False
0.9481399881325814,0.9013937001458036,0.9154802814521724,0.9832161687084076,0.4849249790050404,6.324555320336759,396,cvc-clinicdb,segformer,polypseg/runs/segformer_seed1337/best.pth,False
0.9572594013034834,0.9180225671658997,0.9278558376855405,0.988587540272633,0.5372489595592621,8.0,397,cvc-clinicdb,segformer,polypseg/runs/segformer_seed1337/best.pth,False
0.9479087552027134,0.9009758040381312,0.9058464310696474,0.994067563850623,0.44759952173925155,10.8621977685614,398,cvc-clinicdb,segformer,polypseg/runs/segformer_seed1337/best.pth,False
0.9448641697438319,0.8954905545330935,0.9090627899713186,0.9836010709422389,0.45047412698603395,10.0,399,cvc-clinicdb,segformer,polypseg/runs/segformer_seed1337/best.pth,False
0.5825484039750701,0.4109829257018413,0.9478501489894864,0.42049102927091364,0.44838188579310817,80.49844718999243,4,cvc-clinicdb,segformer,polypseg/runs/segformer_seed1337/best.pth,False
0.9655259822499016,0.9333496691872906,0.9697046843053755,0.961383139816237,0.7973220119532283,4.47213595499958,40,cvc-clinicdb,segformer,polypseg/runs/segformer_seed1337/best.pth,False
0.9392520097802219,0.8854619744182752,0.8946597416314468,0.9885226603739181,0.5688438000044737,7.0,400,cvc-clinicdb,segformer,polypseg/runs/segformer_seed1337/best.pth,False
0.957467549120325,0.9184055118019842,0.9215802469044782,0.9962630792120833,0.6379355984888924,5.034656829757472,401,cvc-clinicdb,segformer,polypseg/runs/segformer_seed1337/best.pth,False
0.9675662465490082,0.9371702962198216,0.9458057470415274,0.9903516294954948,0.7169447343191276,6.324555320336759,402,cvc-clinicdb,segformer,polypseg/runs/segformer_seed1337/best.pth,False
0.9406771197396351,0.8879984915538041,0.8894239848830082,0.9981983891373654,0.5759400432428734,10.770329614269007,403,cvc-clinicdb,segformer,polypseg/runs/segformer_seed1337/best.pth,False
0.957371464427104,0.9182287188227151,0.9342957130276964,0.981615957339998,0.7284632331630699,9.953612169412928,404,cvc-clinicdb,segformer,polypseg/runs/segformer_seed1337/best.pth,False
0.946828955792511,0.8990267639811533,0.9160210721938227,0.9797812396312033,0.6294250728768784,9.055385138137417,405,cvc-clinicdb,segformer,polypseg/runs/segformer_seed1337/best.pth,False
0.9509823377607115,0.9065455921215801,0.9128488427382336,0.9924407165683706,0.6082943774544181,8.0,406,cvc-clinicdb,segformer,polypseg/runs/segformer_seed1337/best.pth,False
0.9065069792902353,0.8290011569546548,0.8332428870390476,0.9938968004346782,0.4355259068222171,16.0,407,cvc-clinicdb,segformer,polypseg/runs/segformer_seed1337/best.pth,False
0.9379443306365951,0.8831404583516774,0.9014475969785587,0.977521034773609,0.6031909837026398,8.037354648979127,408,cvc-clinicdb,segformer,polypseg/runs/segformer_seed1337/best.pth,False
0.9685759400305937,0.9390666532050097,0.9642758430038547,0.972914560598972,0.6436798487119584,9.0,409,cvc-clinicdb,segformer,polypseg/runs/segformer_seed1337/best.pth,False
0.9484034465185158,0.9018700597474095,0.9087024086847572,0.9917320330508431,0.7123771550042334,4.47213595499958,41,cvc-clinicdb,segformer,polypseg/runs/segformer_seed1337/best.pth,False
0.8974899175290586,0.8140423673202222,0.9644243208154667,0.8392434988085191,0.3492158129472695,14.249473134455451,410,cvc-clinicdb,segformer,polypseg/runs/segformer_seed1337/best.pth,False
0.8249886826543685,0.7021112652072413,0.9872156012787169,0.7085536547323709,0.27980009316605065,19.843115725381047,411,cvc-clinicdb,segformer,polypseg/runs/segformer_seed1337/best.pth,False
0.7777292957432783,0.636298729107007,0.9661751951221558,0.6507959690280298,0.11751922141529828,22.80350850198276,412,cvc-clinicdb,segformer,polypseg/runs/segformer_seed1337/best.pth,False
0.7032946635665587,0.5423704551883428,0.9501003008788842,0.5582731692860133,0.14404892738051558,31.83012272307754,413,cvc-clinicdb,segformer,polypseg/runs/segformer_seed1337/best.pth,False
0.9132375150584358,0.8403285241370297,0.986508780287471,0.8500979339077207,0.39548795863060743,21.4274734410541,414,cvc-clinicdb,segformer,polypseg/runs/segformer_seed1337/best.pth,False
0.8266153381611314,0.7044708909571922,0.9891608707344488,0.7099513776291089,0.31729543457545967,31.304951684997057,415,cvc-clinicdb,segformer,polypseg/runs/segformer_seed1337/best.pth,False
0.8641878361896258,0.7608545353929698,0.9896582733723951,0.7669524008588267,0.2894612139955847,24.524445180572236,416,cvc-clinicdb,segformer,polypseg/runs/segformer_seed1337/best.pth,False
0.814211029283185,0.6866407509179231,0.9676643506017149,0.702765647736994,0.2913946758513914,33.54101966249684,417,cvc-clinicdb,segformer,polypseg/runs/segformer_seed1337/best.pth,False
0.7621895124107383,0.6157562244404357,0.9775811209151156,0.6245759517409617,0.2325580904868801,17.69180601295413,418,cvc-clinicdb,segformer,polypseg/runs/segformer_seed1337/best.pth,False
0.834256042148699,0.7156426044758571,0.9866341551432616,0.7226484984738546,0.36767174946971404,32.55764119219941,419,cvc-clinicdb,segformer,polypseg/runs/segformer_seed1337/best.pth,False
0.9547841306814849,0.9134803237382992,0.9571574791496249,0.9524225229018999,0.6945278080078637,5.0643626838353075,42,cvc-clinicdb,segformer,polypseg/runs/segformer_seed1337/best.pth,False
0.7511606957218794,0.6014870713538926,0.9933107303125326,0.6039333667580147,0.24826383964859797,48.03227867948944,420,cvc-clinicdb,segformer,polypseg/runs/segformer_seed1337/best.pth,False
0.7559494900406509,0.6076517665390874,0.9963725594687253,0.6089990218414802,0.2575549512310875,37.0,421,cvc-clinicdb,segformer,polypseg/runs/segformer_seed1337/best.pth,False
0.9146019093000854,0.8426418999044932,0.8644142394799627,0.970976560225176,0.3498518082789645,40.71597279323573,422,cvc-clinicdb,segformer,polypseg/runs/segformer_seed1337/best.pth,False
0.862476579796074,0.7582055582129958,0.9855196574465899,0.7667474257978998,0.23570481269891425,21.099752959263387,423,cvc-clinicdb,segformer,polypseg/runs/segformer_seed1337/best.pth,False
0.847374301657042,0.7351686699986364,0.9942317776091121,0.7383177569805951,0.42982688701744287,10.266067126888293,424,cvc-clinicdb,segformer,polypseg/runs/segformer_seed1337/best.pth,False
0.5274631331368356,0.3582002902653643,0.6318484382676984,0.45267791634436255,0.0,87.78722123547497,425,cvc-clinicdb,segformer,polypseg/runs/segformer_seed1337/best.pth,False
0.7948942560330691,0.6596053997854662,0.9999999999842569,0.6596053997854662,0.2710849164876747,26.948046341525902,426,cvc-clinicdb,segformer,polypseg/runs/segformer_seed1337/best.pth,False
0.9042543897925035,0.8252411703673344,0.9865611894682942,0.8346234478242652,0.5369834440039166,27.161546280759723,427,cvc-clinicdb,segformer,polypseg/runs/segformer_seed1337/best.pth,False
0.8716660806626567,0.7725249287680508,0.994156736927198,0.7760486539596095,0.3449182379224389,16.76305461424021,428,cvc-clinicdb,segformer,polypseg/runs/segformer_seed1337/best.pth,False
0.9104104699529422,0.8355536143171483,0.8374740067764312,0.9972631304444511,0.32932295512887677,9.848857801796104,429,cvc-clinicdb,segformer,polypseg/runs/segformer_seed1337/best.pth,False
0.9547539803818048,0.9134251290720581,0.9502238137699155,0.9593275487896,0.7103981167158929,4.123105625617661,43,cvc-clinicdb,segformer,polypseg/runs/segformer_seed1337/best.pth,False
0.9149003882571771,0.8431487564424782,0.8481236723997152,0.9930910598176995,0.35685958521396244,8.94427190999916,430,cvc-clinicdb,segformer,polypseg/runs/segformer_seed1337/best.pth,False
0.892503031593605,0.8058740177662518,0.8119402984969248,0.9908140639691034,0.24165002742418254,10.522812285250165,431,cvc-clinicdb,segformer,polypseg/runs/segformer_seed1337/best.pth,False
0.9298041291639502,0.8688167787804826,0.880312750592619,0.9851918330605205,0.42746987907548706,10.770329614269007,432,cvc-clinicdb,segformer,polypseg/runs/segformer_seed1337/best.pth,False
0.9418491856795739,0.8900897423440114,0.8954470439676201,0.9933232823498457,0.5240174172574942,8.94427190999916,433,cvc-clinicdb,segformer,polypseg/runs/segformer_seed1337/best.pth,False
0.9410704118383892,0.8886997042666125,0.8926192619181582,0.9950832831527685,0.359243647510776,5.830951894845301,434,cvc-clinicdb,segformer,polypseg/runs/segformer_seed1337/best.pth,False
0.9251899118752647,0.8607938482318127,0.8768575048856484,0.9791613069079089,0.3278186845056201,8.587744886611352,435,cvc-clinicdb,segformer,polypseg/runs/segformer_seed1337/best.pth,False
0.9143993042557187,0.842298008688003,0.846268828321878,0.9944602080665523,0.2000803267201197,8.844204868828752,436,cvc-clinicdb,segformer,polypseg/runs/segformer_seed1337/best.pth,False
0.9344325647241115,0.8769342359661878,0.8785273101504356,0.997936442413015,0.3973298738820362,6.708203932499369,437,cvc-clinicdb,segformer,polypseg/runs/segformer_seed1337/best.pth,False
0.8422592917736732,0.7275025278017778,0.9454664914517048,0.7593667546129618,0.37614717084625265,46.08144675579426,438,cvc-clinicdb,segformer,polypseg/runs/segformer_seed1337/best.pth,False
0.9297037832316699,0.8686415673212717,0.8943978612116369,0.967911625447555,0.4024234580449507,6.868691769624703,439,cvc-clinicdb,segformer,polypseg/runs/segformer_seed1337/best.pth,False
0.9666154808566989,0.9353880021911349,0.9648047229681561,0.968433048422012,0.7241890072461703,3.605551275463989,44,cvc-clinicdb,segformer,polypseg/runs/segformer_seed1337/best.pth,False
0.9241788095750046,0.8590449953954845,0.8995192307548154,0.9502285423912269,0.5259162886005779,11.262305898749027,440,cvc-clinicdb,segformer,polypseg/runs/segformer_seed1337/best.pth,False
0.8775659823886077,0.7818419333513442,0.7972027971762503,0.9759478189573605,0.48663123978020806,9.909314681077658,441,cvc-clinicdb,segformer,polypseg/runs/segformer_seed1337/best.pth,False
0.884430364884613,0.792806058039697,0.8454463884960645,0.9271832718099094,0.3797716719529268,9.685946632215174,442,cvc-clinicdb,segformer,polypseg/runs/segformer_seed1337/best.pth,False
0.9361954987674649,0.88004468648401,0.8826330532089267,0.9966787916970319,0.47656597073653795,6.6929499477460395,443,cvc-clinicdb,segformer,polypseg/runs/segformer_seed1337/best.pth,False
0.9480586936699905,0.9012467596481762,0.9094419531525979,0.9901003525767549,0.5570562768202338,5.830951894845301,444,cvc-clinicdb,segformer,polypseg/runs/segformer_seed1337/best.pth,False
0.9495906016342129,0.904019521447136,0.954005722453834,0.9452161587459588,0.5549593893228254,11.235693478372056,445,cvc-clinicdb,segformer,polypseg/runs/segformer_seed1337/best.pth,False
0.9299544858407391,0.869079374227748,0.9473477406605316,0.9131883948116567,0.4633557694800865,14.317821063276353,446,cvc-clinicdb,segformer,polypseg/runs/segformer_seed1337/best.pth,False
0.9216072782271174,0.8546119234855284,0.8560563380040548,0.9980295566174704,0.5920366824705872,5.01925824035673,447,cvc-clinicdb,segformer,polypseg/runs/segformer_seed1337/best.pth,False
0.9433201644687307,0.8927208911812495,0.9653465346375356,0.9222765252889441,0.6565901111714694,6.708203932499369,448,cvc-clinicdb,segformer,polypseg/runs/segformer_seed1337/best.pth,False
0.9048888888788345,0.826298701281934,0.9888295288735107,0.8340843916256845,0.6146544430550966,15.771660186256055,449,cvc-clinicdb,segformer,polypseg/runs/segformer_seed1337/best.pth,False
0.9747035573045477,0.9506553585050015,0.9685781618072494,0.980906921225443,0.9359733588547673,2.23606797749979,45,cvc-clinicdb,segformer,polypseg/runs/segformer_seed1337/best.pth,False
0.912923561841747,0.8397970278782242,0.9999999999568409,0.8397970278782242,0.5747954441754612,4.47213595499958,450,cvc-clinicdb,segformer,polypseg/runs/segformer_seed1337/best.pth,False
0.9300492610608363,0.8692449355032577,0.9926393269719958,0.8748841519520444,0.8035122941261378,6.0,451,cvc-clinicdb,segformer,polypseg/runs/segformer_seed1337/best.pth,False
0.9636010002644679,0.9297587131118028,0.9863481228388411,0.9418794133367225,0.9233965903050279,2.8284271247461903,452,cvc-clinicdb,segformer,polypseg/runs/segformer_seed1337/best.pth,False
0.9500247402158581,0.9048067860295758,0.9528535979912444,0.9472126294783618,0.7569284668206272,5.0,453,cvc-clinicdb,segformer,polypseg/runs/segformer_seed1337/best.pth,False
0.94899585590573,0.9029420685334707,0.9839695917867465,0.9164229644310232,0.7744321690692376,9.433981132056603,454,cvc-clinicdb,segformer,polypseg/runs/segformer_seed1337/best.pth,False
0.9522670175801395,0.9088833066806475,0.9571909571794469,0.9473934777321186,0.5372597657579207,5.0,455,cvc-clinicdb,segformer,polypseg/runs/segformer_seed1337/best.pth,False
0.9226728917375612,0.8564463705231451,0.9817843096565743,0.8702752293498139,0.49793801511104224,12.529964086141668,456,cvc-clinicdb,segformer,polypseg/runs/segformer_seed1337/best.pth,False
0.7367268041189644,0.5831888197431073,0.9932244614142942,0.5855182302275141,0.4994110226140134,48.82621923998019,457,cvc-clinicdb,segformer,polypseg/runs/segformer_seed1337/best.pth,False
0.9203255760527304,0.852410278172597,0.9764047676726733,0.8703382480296978,0.5447452653713472,7.810249675906654,458,cvc-clinicdb,segformer,polypseg/runs/segformer_seed1337/best.pth,False
0.9526501766672243,0.9095816464032933,0.9404651162571985,0.9651551312418818,0.7577341279969756,3.664718584144382,459,cvc-clinicdb,segformer,polypseg/runs/segformer_seed1337/best.pth,False
0.9665663127795391,0.9352959214821329,0.9708737863923146,0.9622968922391182,0.8161304485463318,3.0,46,cvc-clinicdb,segformer,polypseg/runs/segformer_seed1337/best.pth,False
0.9431137724462657,0.892351274771736,0.9466566491182071,0.9395973154187249,0.6139392247866281,6.045519391664022,460,cvc-clinicdb,segformer,polypseg/runs/segformer_seed1337/best.pth,False
0.9415695415622255,0.8895903685084483,0.9640413683219723,0.9201214882168547,0.5333985988696783,8.0,461,cvc-clinicdb,segformer,polypseg/runs/segformer_seed1337/best.pth,False
0.9431786988680814,0.892467532455942,0.9843861910760008,0.9052825714542843,0.6833670526253969,9.858985228759215,462,cvc-clinicdb,segformer,polypseg/runs/segformer_seed1337/best.pth,False
0.9516645896343614,0.9077863632426951,0.9910085279848811,0.9153253424579166,0.5744004123058641,10.63014581273465,463,cvc-clinicdb,segformer,polypseg/runs/segformer_seed1337/best.pth,False
0.9604288381559932,0.9238702201515194,0.9854158941912567,0.936677631567943,0.758158498244116,7.9615773105863825,464,cvc-clinicdb,segformer,polypseg/runs/segformer_seed1337/best.pth,False
0.9254496442576983,0.8612436255892314,0.9900718608075825,0.8687463701910831,0.6556528608983028,19.151952966532885,465,cvc-clinicdb,segformer,polypseg/runs/segformer_seed1337/best.pth,False
0.8485764676198106,0.7369803063392824,0.9908213697223955,0.7420463558584467,0.4386851784848564,26.220079544281464,466,cvc-clinicdb,segformer,polypseg/runs/segformer_seed1337/best.pth,False
0.7973325601577423,0.6629701060688238,0.9266747539974839,0.6996743333940598,0.4477545706499554,92.44880075917027,467,cvc-clinicdb,segformer,polypseg/runs/segformer_seed1337/best.pth,False
0.7545193614947655,0.605805773424389,0.9324206596025835,0.6336265223221107,0.33723628389784077,110.15127780187707,468,cvc-clinicdb,segformer,polypseg/runs/segformer_seed1337/best.pth,False
0.7573751808146347,0.6094962607548363,0.9135032251145869,0.6468253968205538,0.3121240481078693,106.12415631746141,469,cvc-clinicdb,segformer,polypseg/runs/segformer_seed1337/best.pth,False
0.9709594761271189,0.9435580558798896,0.958227966648326,0.9840338559105123,0.7990469192135345,4.0,47,cvc-clinicdb,segformer,polypseg/runs/segformer_seed1337/best.pth,False
0.6598696521864885,0.4923921417518067,0.9224246797596531,0.5136628491007267,0.33043758869408674,116.22040984666177,470,cvc-clinicdb,segformer,polypseg/runs/segformer_seed1337/best.pth,False
0.606300947343322,0.4350300347751455,0.9389744589497078,0.4476876597701711,0.1946483069597057,154.09246703669862,471,cvc-clinicdb,segformer,polypseg/runs/segformer_seed1337/best.pth,False
0.7050193686620374,0.5444246435822113,0.9563240664756926,0.55830650073728,0.30382462714157005,67.98829780224989,472,cvc-clinicdb,segformer,polypseg/runs/segformer_seed1337/best.pth,False
0.7712409018257722,0.6276583448877273,0.9567477096462583,0.6459882233947184,0.385245853206671,91.29174313882643,473,cvc-clinicdb,segformer,polypseg/runs/segformer_seed1337/best.pth,False
0.711155913976105,0.551778079046033,0.9697580645072419,0.5614388794537275,0.3732282994358049,116.69337504177756,474,cvc-clinicdb,segformer,polypseg/runs/segformer_seed1337/best.pth,False
0.7135163674743571,0.5546252975434842,0.9578283365159981,0.5685078456919418,0.20174912685364568,118.14291694437152,475,cvc-clinicdb,segformer,polypseg/runs/segformer_seed1337/best.pth,False
0.8640357884623101,0.76061884669123,0.9119217581872187,0.8209279967574714,0.31643293357811164,110.22701013507611,476,cvc-clinicdb,segformer,polypseg/runs/segformer_seed1337/best.pth,False
0.8669277515169023,0.7651125095310587,0.9262957405002522,0.8147114066662535,0.4694959890257802,110.4481171874543,477,cvc-clinicdb,segformer,polypseg/runs/segformer_seed1337/best.pth,False
0.8977612283342579,0.8144888851782354,0.9383528733377938,0.8605358244431984,0.3903433948155685,97.03340328900984,478,cvc-clinicdb,segformer,polypseg/runs/segformer_seed1337/best.pth,False
0.9610548911350086,0.9250295159336426,0.9289679331666453,0.9954377454319967,0.6279265834243224,12.877188724235724,479,cvc-clinicdb,segformer,polypseg/runs/segformer_seed1337/best.pth,False
0.9528455284461707,0.9099378881821348,0.9208726196908694,0.9871185096910995,0.7452407984493004,4.47213595499958,48,cvc-clinicdb,segformer,polypseg/runs/segformer_seed1337/best.pth,False
0.842348391253042,0.7276354862623996,0.728649753736973,0.9980906313582096,0.415962792166677,52.94378273907206,480,cvc-clinicdb,segformer,polypseg/runs/segformer_seed1337/best.pth,False
0.8113074968898673,0.6825209166938772,0.6826761267990964,0.9996669996603418,0.26871944819234783,61.38077407950575,481,cvc-clinicdb,segformer,polypseg/runs/segformer_seed1337/best.pth,False
0.9614014519525603,0.9256718621068655,0.9383829937021329,0.9855775897888153,0.5753710295728088,11.985234995535961,482,cvc-clinicdb,segformer,polypseg/runs/segformer_seed1337/best.pth,False
0.9750102045422128,0.9512389380488883,0.973817720597147,0.9762056125648161,0.7020420550181928,6.0,483,cvc-clinicdb,segformer,polypseg/runs/segformer_seed1337/best.pth,False
0.9092121182170583,0.8335370546388087,0.8361109849650964,0.9963203463149549,0.3859648635272453,42.7551166528639,484,cvc-clinicdb,segformer,polypseg/runs/segformer_seed1337/best.pth,False
0.8929836460890309,0.8066580434283704,0.9884875281472554,0.8143082949569492,0.44397842511825325,27.78121263885086,485,cvc-clinicdb,segformer,polypseg/runs/segformer_seed1337/best.pth,False
0.9396939693884815,0.8862478777438668,0.9664876874473897,0.9143457698210835,0.5944924926115158,7.0710678118654755,486,cvc-clinicdb,segformer,polypseg/runs/segformer_seed1337/best.pth,False
0.9650516282721514,0.9324635456559012,0.9811574697085584,0.9494660067643529,0.6755256626791187,6.0,487,cvc-clinicdb,segformer,polypseg/runs/segformer_seed1337/best.pth,False
0.970439189185091,0.9425758818626532,0.9815479241330809,0.9595790880160382,0.7211089148397721,3.605551275463989,488,cvc-clinicdb,segformer,polypseg/runs/segformer_seed1337/best.pth,False
0.9564760144815185,0.9165826830576274,0.922773654913837,0.9927335100545993,0.7548571140891285,30.423644805417933,489,cvc-clinicdb,segformer,polypseg/runs/segformer_seed1337/best.pth,False
0.9706077348012673,0.9428939458894063,0.9529182035045246,0.9889664489868388,0.856457953527688,4.849999999999966,49,cvc-clinicdb,segformer,polypseg/runs/segformer_seed1337/best.pth,False
0.9322542672150949,0.8731051209950331,0.9942458988931322,0.8775393366313113,0.38638832357618963,42.87121492674249,490,cvc-clinicdb,segformer,polypseg/runs/segformer_seed1337/best.pth,False
0.9111301975422849,0.8367668893799333,0.9565586378774913,0.8698210582121747,0.41654676296247345,41.0231607672381,491,cvc-clinicdb,segformer,polypseg/runs/segformer_seed1337/best.pth,False
0.9632569842075237,0.9291183731498007,0.9473527027563149,0.979704390024356,0.5068665462432352,8.0,492,cvc-clinicdb,segformer,polypseg/runs/segformer_seed1337/best.pth,False
0.9657023139733865,0.9336792753382781,0.9503776120050484,0.9815293329458248,0.6300450236391997,8.06225774829855,493,cvc-clinicdb,segformer,polypseg/runs/segformer_seed1337/best.pth,False
0.9726506732330077,0.9467574931828514,0.9791467057375914,0.9662402669579185,0.6185150259387074,4.242640687119285,494,cvc-clinicdb,segformer,polypseg/runs/segformer_seed1337/best.pth,False
0.9573843989198069,0.9182525160067784,0.9412454281115012,0.9740864754647737,0.7123181795596124,21.013087822895752,495,cvc-clinicdb,segformer,polypseg/runs/segformer_seed1337/best.pth,False
0.9434059426310741,0.8928745491719813,0.9179736433285666,0.9702875906945061,0.612295326877094,23.408909098080283,496,cvc-clinicdb,segformer,polypseg/runs/segformer_seed1337/best.pth,False
0.9523341160837597,0.9090055624641279,0.9267323889717488,0.9793905677051982,0.5909151676847287,27.81096239973357,497,cvc-clinicdb,segformer,polypseg/runs/segformer_seed1337/best.pth,False
0.9676242276098252,0.937279093027885,0.9557958448061621,0.9797490414744519,0.7331717204241724,20.497357864361092,498,cvc-clinicdb,segformer,polypseg/runs/segformer_seed1337/best.pth,False
0.9759777571807674,0.9530825761106575,0.9659157616636119,0.9862515921143843,0.7620358138128336,8.94427190999916,499,cvc-clinicdb,segformer,polypseg/runs/segformer_seed1337/best.pth,False
0.6739986980481927,0.5082941450027993,0.9398050831173341,0.5253992842234635,0.41820172257684984,66.02914928819142,5,cvc-clinicdb,segformer,polypseg/runs/segformer_seed1337/best.pth,False
0.9341631182290507,0.8764597418292422,0.9019607842852005,0.9687499999670941,0.624994032840714,4.0,50,cvc-clinicdb,segformer,polypseg/runs/segformer_seed1337/best.pth,False
0.9374235498585675,0.8822175098401561,0.8915079899535204,0.9883255277201634,0.4574591218297771,13.009601202601324,500,cvc-clinicdb,segformer,polypseg/runs/segformer_seed1337/best.pth,False
0.9665090961152657,0.9351887786165372,0.9381013291755848,0.9966910895710429,0.5985633977257496,6.708203932499369,501,cvc-clinicdb,segformer,polypseg/runs/segformer_seed1337/best.pth,False
0.9571692762890959,0.9178568050651761,0.9263554791861094,0.990103555573177,0.6900762858873061,21.598451688721255,502,cvc-clinicdb,segformer,polypseg/runs/segformer_seed1337/best.pth,False
0.9703454338808878,0.9423990004125681,0.9554513976819717,0.9857111740318636,0.7848744062643964,12.320158532143886,503,cvc-clinicdb,segformer,polypseg/runs/segformer_seed1337/best.pth,False
0.9620976381117069,0.9269635309060555,0.9912750972249419,0.9345887016755738,0.6272709089929125,5.0,504,cvc-clinicdb,segformer,polypseg/runs/segformer_seed1337/best.pth,False
0.9386494647236527,0.8843915685963766,0.9820505456563609,0.8989221871654908,0.4433656800930161,10.0,505,cvc-clinicdb,segformer,polypseg/runs/segformer_seed1337/best.pth,False
0.9764286198087914,0.9539428697453315,0.9854170938979985,0.9676026401141792,0.6767172307299789,11.40175425099138,506,cvc-clinicdb,segformer,polypseg/runs/segformer_seed1337/best.pth,False
0.9542037415876437,0.9124183930780541,0.9666167290862256,0.9421055193202031,0.3175395457658185,19.235384061671343,507,cvc-clinicdb,segformer,polypseg/runs/segformer_seed1337/best.pth,False
0.9587902156857488,0.9208424950762594,0.9494660223080397,0.9682993611136702,0.59846892236154,7.848050886765432,508,cvc-clinicdb,segformer,polypseg/runs/segformer_seed1337/best.pth,False
0.9379727685285847,0.8831908831838936,0.9877854487432485,0.8929428708521927,0.47703296544823715,10.44030650891055,509,cvc-clinicdb,segformer,polypseg/runs/segformer_seed1337/best.pth,False
0.6170914542543601,0.4462272332850726,0.45652173911018096,0.9518963921413601,0.28905415257606454,145.9335422629957,51,cvc-clinicdb,segformer,polypseg/runs/segformer_seed1337/best.pth,False
0.9370373673373003,0.8815336857044925,0.9654507029223058,0.9102486355288031,0.441895097429326,9.0,510,cvc-clinicdb,segformer,polypseg/runs/segformer_seed1337/best.pth,False
0.8847489737852482,0.7933182332843528,0.9857519788744811,0.8025204066904981,0.41884849516612155,16.0,511,cvc-clinicdb,segformer,polypseg/runs/segformer_seed1337/best.pth,False
0.9202247190937382,0.8522372528489336,0.9801675499917907,0.8671910452145335,0.5523441352500367,11.0,512,cvc-clinicdb,segformer,polypseg/runs/segformer_seed1337/best.pth,False
0.8943618970018701,0.8089101619930178,0.9477998274238165,0.8466281310103195,0.47802469108196227,13.45362404707371,513,cvc-clinicdb,segformer,polypseg/runs/segformer_seed1337/best.pth,False
0.9444840873367372,0.8948080043185973,0.9347457627030626,0.9544274588890065,0.574489611860344,7.810249675906654,514,cvc-clinicdb,segformer,polypseg/runs/segformer_seed1337/best.pth,False
0.945210449921715,0.8961128310870758,0.9766308422772229,0.9157487696166422,0.6694125248875393,7.0,515,cvc-clinicdb,segformer,polypseg/runs/segformer_seed1337/best.pth,False
0.9600216726616354,0.9231169991000066,0.9874213836399377,0.9341015213064158,0.5428135048135165,5.0,516,cvc-clinicdb,segformer,polypseg/runs/segformer_seed1337/best.pth,False
0.9427047379922013,0.8916191832752656,0.9944392956309488,0.8960868527690755,0.44128493976685257,5.0,517,cvc-clinicdb,segformer,polypseg/runs/segformer_seed1337/best.pth,False
0.9453832226844796,0.8964234620758738,0.9927122940273652,0.9023617511390789,0.5119592514543848,5.385164807134504,518,cvc-clinicdb,segformer,polypseg/runs/segformer_seed1337/best.pth,False
0.9691854078713962,0.9402131239431283,0.9779488974391672,0.9605775842255295,0.6308507761695895,6.708203932499369,519,cvc-clinicdb,segformer,polypseg/runs/segformer_seed1337/best.pth,False
0.7881286067276122,0.6503401360101809,0.6947674418099733,0.9104761903894784,0.4242062271873895,12.0,52,cvc-clinicdb,segformer,polypseg/runs/segformer_seed1337/best.pth,False
0.9771995891795567,0.9554157182980523,0.9736219756186392,0.980803591877121,0.7070339476573415,4.0,520,cvc-clinicdb,segformer,polypseg/runs/segformer_seed1337/best.pth,False
0.9325948374912081,0.8737027609078353,0.9928793947375069,0.8792118226514363,0.588364384731081,15.0,521,cvc-clinicdb,segformer,polypseg/runs/segformer_seed1337/best.pth,False
0.9218616566971116,0.8550495049392073,0.9850950570192382,0.8662565199830646,0.6805837353150568,15.811388300841896,522,cvc-clinicdb,segformer,polypseg/runs/segformer_seed1337/best.pth,False
0.9159162417173058,0.8448759007036655,0.9690082644405645,0.8683398477500857,0.541564511753066,9.904520189781083,523,cvc-clinicdb,segformer,polypseg/runs/segformer_seed1337/best.pth,False
0.9813854134854506,0.9634511683594794,0.986503067479619,0.97632058287302,0.8446016642407864,4.0,524,cvc-clinicdb,segformer,polypseg/runs/segformer_seed1337/best.pth,False
0.9743732590484012,0.9500271591440337,0.9892533936558328,0.9599341383007689,0.8309754716793337,3.0,525,cvc-clinicdb,segformer,polypseg/runs/segformer_seed1337/best.pth,False
0.9309686556996676,0.870852534552179,0.9852711157327259,0.8823392085808061,0.5819887802973102,10.588816906321853,526,cvc-clinicdb,segformer,polypseg/runs/segformer_seed1337/best.pth,False
0.9675601127243055,0.937158787304714,0.9846228947890575,0.9510786278327115,0.8028710597370069,4.47213595499958,527,cvc-clinicdb,segformer,polypseg/runs/segformer_seed1337/best.pth,False
0.9542760780488833,0.9125506818935445,0.9773983418774437,0.9322225359980022,0.5069542349407248,5.0,528,cvc-clinicdb,segformer,polypseg/runs/segformer_seed1337/best.pth,False
0.7375320604055638,0.5841986455850068,0.5871143375547389,0.9915708811880625,0.2083332854372234,95.80551117757027,529,cvc-clinicdb,segformer,polypseg/runs/segformer_seed1337/best.pth,False
0.9421487602749616,0.8906249999006,0.9119999998957715,0.9743589742400051,0.9004893464126339,3.0,53,cvc-clinicdb,segformer,polypseg/runs/segformer_seed1337/best.pth,False
0.6233382570085754,0.45278969956271836,0.45287068502141176,0.9996052111725383,0.2109480399744819,100.4405296051473,530,cvc-clinicdb,segformer,polypseg/runs/segformer_seed1337/best.pth,False
0.8605137395331465,0.7551769331387896,0.762169312149149,0.9879972564818932,0.291785535940234,7.280109889280518,531,cvc-clinicdb,segformer,polypseg/runs/segformer_seed1337/best.pth,False
0.6204527437627019,0.4497509896507502,0.45003833375351343,0.9985823645875084,0.12808984426690018,149.38205735214723,532,cvc-clinicdb,segformer,polypseg/runs/segformer_seed1337/best.pth,False
0.5622447167432532,0.3910573122497442,0.3910573122497442,0.999999999978943,0.06188690306385908,172.038506289781,533,cvc-clinicdb,segformer,polypseg/runs/segformer_seed1337/best.pth,False
0.8084741288225417,0.6785199955613324,0.6785199955613324,0.9999999999836735,0.12171832777213337,28.0,534,cvc-clinicdb,segformer,polypseg/runs/segformer_seed1337/best.pth,False
0.8351549440604658,0.7169665525917102,0.7169665525917102,0.9999999999846035,0.058465236530757754,19.235384061671343,535,cvc-clinicdb,segformer,polypseg/runs/segformer_seed1337/best.pth,False
0.6238429520990008,0.4533224990930541,0.5421660727724633,0.7344938560454287,0.3431143727902278,169.0,536,cvc-clinicdb,segformer,polypseg/runs/segformer_seed1337/best.pth,False
0.7750907963435637,0.6327740815644667,0.6327740815644667,0.9999999999771428,0.27376219348113295,129.2775004622495,537,cvc-clinicdb,segformer,polypseg/runs/segformer_seed1337/best.pth,False
0.6345145732813692,0.4646805896758325,0.46487095452207217,0.9991195245212608,0.1371204265173899,153.53627315163249,538,cvc-clinicdb,segformer,polypseg/runs/segformer_seed1337/best.pth,False
0.9132223558395264,0.8403028538050051,0.8590140509542865,0.9747331441565366,0.33263649224618536,8.94427190999916,539,cvc-clinicdb,segformer,polypseg/runs/segformer_seed1337/best.pth,False
0.8020304567713675,0.6694915253102557,0.7301293898835252,0.8896396394392703,0.6343811459737521,88.23008991025458,54,cvc-clinicdb,segformer,polypseg/runs/segformer_seed1337/best.pth,False
0.9487680011750993,0.9025296054873342,0.9549228944175939,0.9426919417335673,0.5964761992096542,10.0,540,cvc-clinicdb,segformer,polypseg/runs/segformer_seed1337/best.pth,False
0.8227731864032539,0.6989079563091666,0.7069963177182141,0.9838945827052729,0.506869026802768,123.98223826802273,541,cvc-clinicdb,segformer,polypseg/runs/segformer_seed1337/best.pth,False
0.8226821514252729,0.6987765898743659,0.7000883392148841,0.9973257825861677,0.28504314788380813,144.2388552833975,542,cvc-clinicdb,segformer,polypseg/runs/segformer_seed1337/best.pth,False
0.6728316093399874,0.5069677774689784,0.5069677774689784,0.999999999989135,0.12518624397157818,148.49242404917499,543,cvc-clinicdb,segformer,polypseg/runs/segformer_seed1337/best.pth,False
0.9544410278126941,0.9128524102433043,0.9490405566813169,0.9599033129463962,0.5273298707414439,7.211102550927978,544,cvc-clinicdb,segformer,polypseg/runs/segformer_seed1337/best.pth,False
0.9216765763714183,0.8547311095867294,0.8547311095867294,0.9999999999840714,0.33560212810538453,5.830951894845301,545,cvc-clinicdb,segformer,polypseg/runs/segformer_seed1337/best.pth,False
0.9152309803253907,0.8437104708244032,0.8451358580762335,0.9980049875145801,0.5272616070823511,10.0,546,cvc-clinicdb,segformer,polypseg/runs/segformer_seed1337/best.pth,False
0.7889617255150246,0.6514754670743588,0.803575274589628,0.7748701972840111,0.3195853227363047,19.623843217844403,547,cvc-clinicdb,segformer,polypseg/runs/segformer_seed1337/best.pth,False
0.9329098233581273,0.8742558443317228,0.9352283317655292,0.9306027820567141,0.6627906476761124,5.830951894845301,548,cvc-clinicdb,segformer,polypseg/runs/segformer_seed1337/best.pth,False
0.5413076533060996,0.3710910354283846,0.5479733196229875,0.5348022032781772,0.15022726984267554,92.9878711332162,549,cvc-clinicdb,segformer,polypseg/runs/segformer_seed1337/best.pth,False
0.763611302497339,0.6176142697193295,0.7048346055082908,0.8330827066416417,0.3097344632782601,6.324555320336759,55,cvc-clinicdb,segformer,polypseg/runs/segformer_seed1337/best.pth,False
0.8620266858935303,0.7575104575895867,0.7723924001451158,0.9751958224383943,0.5408270766571812,18.242128570007758,550,cvc-clinicdb,segformer,polypseg/runs/segformer_seed1337/best.pth,False
0.9213831601727291,0.854226566980244,0.8848845867329131,0.9610221575131648,0.5782395755410803,7.615773105863909,551,cvc-clinicdb,segformer,polypseg/runs/segformer_seed1337/best.pth,False
0.8322707953792329,0.7127258546638149,0.7890343934265501,0.8805203147441703,0.5013711390635754,27.013884129159443,552,cvc-clinicdb,segformer,polypseg/runs/segformer_seed1337/best.pth,False
0.8756927949277474,0.778873239428784,0.7908069458550478,0.9809934110367335,0.5798976298882011,26.02786155625966,553,cvc-clinicdb,segformer,polypseg/runs/segformer_seed1337/best.pth,False
0.9179966400623792,0.8484230955764345,0.8566529492371482,0.9888034381249852,0.6782239064616971,19.0,554,cvc-clinicdb,segformer,polypseg/runs/segformer_seed1337/best.pth,False
0.2508025266619985,0.14338148235681528,0.5272094035469217,0.1645380434760253,0.2763555574815141,180.94087353476934,555,cvc-clinicdb,segformer,polypseg/runs/segformer_seed1337/best.pth,False
0.887164403273752,0.7972106624586973,0.8047229791007637,0.988425603109909,0.4567555123367171,15.0,556,cvc-clinicdb,segformer,polypseg/runs/segformer_seed1337/best.pth,False
0.8282321705079413,0.7068227593063089,0.7245161290229095,0.9666035462047409,0.4752838262218843,30.77932099499121,557,cvc-clinicdb,segformer,polypseg/runs/segformer_seed1337/best.pth,False
0.6273387179160889,0.45702368537975535,0.7530682375858354,0.5375854214028809,0.25523207095003675,28.844410203711913,558,cvc-clinicdb,segformer,polypseg/runs/segformer_seed1337/best.pth,False
0.0,0.0,0.0,0.0,0.0,140.105312311023,559,cvc-clinicdb,segformer,polypseg/runs/segformer_seed1337/best.pth,False
0.8999999999851974,0.818181818157351,0.8408113091321202,0.9681528662077795,0.40225824216956846,6.362920181553018,56,cvc-clinicdb,segformer,polypseg/runs/segformer_seed1337/best.pth,False
0.5682874508351065,0.39692845548262046,0.4392097264377009,0.8048101265619035,0.17942021311426667,42.638011210655684,560,cvc-clinicdb,segformer,polypseg/runs/segformer_seed1337/best.pth,False
0.7453122892166105,0.5940221481497255,0.6072763244602409,0.9645600558490824,0.5049199656754617,43.705425808791,561,cvc-clinicdb,segformer,polypseg/runs/segformer_seed1337/best.pth,False
0.8583077212515944,0.7517855180666763,0.7738943558333458,0.9633905941852522,0.5188649481289216,21.587033144922902,562,cvc-clinicdb,segformer,polypseg/runs/segformer_seed1337/best.pth,False
0.9038061057162311,0.8244947453449919,0.9980428613269591,0.8258299595074831,0.45025319987455265,13.45362404707371,563,cvc-clinicdb,segformer,polypseg/runs/segformer_seed1337/best.pth,False
0.9068006407422935,0.8294924736856967,0.8841402811239234,0.930653116119185,0.5031635575428374,25.553864678361276,564,cvc-clinicdb,segformer,polypseg/runs/segformer_seed1337/best.pth,False
0.8263315488575159,0.7040587553095936,0.7192386668715902,0.9708955223777089,0.4768628329343647,39.12415214487683,565,cvc-clinicdb,segformer,polypseg/runs/segformer_seed1337/best.pth,False
0.31133182843962676,0.18436530852118097,0.22675259765583647,0.49654377878754197,0.0847857384441198,114.0570032922135,566,cvc-clinicdb,segformer,polypseg/runs/segformer_seed1337/best.pth,False
0.7520052026799044,0.6025707833836621,0.6194642857032239,0.956701599532358,0.5201698027866851,34.9857113690718,567,cvc-clinicdb,segformer,polypseg/runs/segformer_seed1337/best.pth,False
0.4043441938009881,0.25340314134798936,0.46583253123524226,0.35719557192935825,0.23492150245044674,82.1011308277174,568,cvc-clinicdb,segformer,polypseg/runs/segformer_seed1337/best.pth,False
0.6796742971166128,0.5147777519079643,0.557459677405306,0.8705234159437024,0.3208555665779049,25.079872407968907,569,cvc-clinicdb,segformer,polypseg/runs/segformer_seed1337/best.pth,False
0.8804902961906541,0.7864963503171231,0.8168035375352619,0.9549483012588664,0.6772402355405693,9.055385138137417,57,cvc-clinicdb,segformer,polypseg/runs/segformer_seed1337/best.pth,False
0.759639048379556,0.6124338624068593,0.8397823457775222,0.6934598102499521,0.5091615970917257,70.21819156408223,570,cvc-clinicdb,segformer,polypseg/runs/segformer_seed1337/best.pth,False
0.6106893181943118,0.43956281787209645,0.4432078559689775,0.9816336394156203,0.388501776022455,34.9828149534536,571,cvc-clinicdb,segformer,polypseg/runs/segformer_seed1337/best.pth,False
0.9310661764598912,0.8710232158024286,0.9493908153479524,0.9134355274816629,0.5635411294625584,5.0,572,cvc-clinicdb,segformer,polypseg/runs/segformer_seed1337/best.pth,False
0.4247648902784329,0.2696517412905511,0.27039911307904213,0.9898538960637235,0.2764223135095902,91.67878707749138,573,cvc-clinicdb,segformer,polypseg/runs/segformer_seed1337/best.pth,False
0.19527559055012067,0.10820244328032615,0.11130370186881698,0.795223352463723,0.20810565457083727,214.10604848693822,574,cvc-clinicdb,segformer,polypseg/runs/segformer_seed1337/best.pth,False
0.7971721111555683,0.6627482772463975,0.8983516483269683,0.716476774743285,0.4721402038989877,37.34382982713096,575,cvc-clinicdb,segformer,polypseg/runs/segformer_seed1337/best.pth,False
0.0,0.0,0.0,0.0,0.0,165.58048985204078,576,cvc-clinicdb,segformer,polypseg/runs/segformer_seed1337/best.pth,False
0.0,0.0,0.0,0.0,0.026289133910919475,139.0218254720551,577,cvc-clinicdb,segformer,polypseg/runs/segformer_seed1337/best.pth,False
0.8496361402433641,0.7385803483283178,0.8885155168830102,0.8140166606154652,0.4552257575372906,64.14080365034634,578,cvc-clinicdb,segformer,polypseg/runs/segformer_seed1337/best.pth,False
0.6773056786111694,0.5120651594693456,0.9719693685743105,0.5197404002123175,0.36495065036157676,150.7464066975922,579,cvc-clinicdb,segformer,polypseg/runs/segformer_seed1337/best.pth,False
0.9068408387450382,0.8295597483754994,0.8411989795381888,0.9835943325142733,0.6852511339273937,4.140557142086751,58,cvc-clinicdb,segformer,polypseg/runs/segformer_seed1337/best.pth,False
0.5869817209068793,0.4154098567526004,0.9700854700711747,0.4208003068242086,0.35448656733513,163.22714141664622,580,cvc-clinicdb,segformer,polypseg/runs/segformer_seed1337/best.pth,False
0.5692495424017341,0.39786780383583226,0.9674659753601106,0.40326327732236605,0.40644434349101244,149.54709399952267,581,cvc-clinicdb,segformer,polypseg/runs/segformer_seed1337/best.pth,False
0.9369793761076751,0.8814310419273516,0.9380032206011271,0.9359577642495586,0.5906674379356252,15.21178615946656,582,cvc-clinicdb,segformer,polypseg/runs/segformer_seed1337/best.pth,False
0.6109520400822539,0.4398350940441481,0.4401753481138028,0.9982456140156287,0.32120395640840327,110.70666016511781,583,cvc-clinicdb,segformer,polypseg/runs/segformer_seed1337/best.pth,False
0.5083623397528791,0.34080819578439603,0.34409837949265487,0.9727095516253181,0.44330236414100677,89.02583858444089,584,cvc-clinicdb,segformer,polypseg/runs/segformer_seed1337/best.pth,False
0.07209762532957752,0.03739692749841791,0.0391714152598675,0.4522134877760772,0.13846570232120417,217.0,585,cvc-clinicdb,segformer,polypseg/runs/segformer_seed1337/best.pth,False
0.9075089392025326,0.8306785947887698,0.9637974683300304,0.857432432413121,0.4320627955060298,9.112840899841826,586,cvc-clinicdb,segformer,polypseg/runs/segformer_seed1337/best.pth,False
0.8917881811033809,0.8047091412463744,0.8759894458772715,0.9081672527976489,0.3446463721951475,6.113594362117864,587,cvc-clinicdb,segformer,polypseg/runs/segformer_seed1337/best.pth,False
0.9135472370562936,0.8408531582920077,0.8897569444058265,0.9386446886017105,0.6146653744490316,6.708203932499369,588,cvc-clinicdb,segformer,polypseg/runs/segformer_seed1337/best.pth,False
0.9406645569434204,0.8879761015351765,0.912509593211339,0.9706122448583424,0.7609581052737188,3.0,589,cvc-clinicdb,segformer,polypseg/runs/segformer_seed1337/best.pth,False
0.9260832624925199,0.8623417720836755,0.9090909090150883,0.943722943641236,0.7618426978679452,3.1622776601683795,59,cvc-clinicdb,segformer,polypseg/runs/segformer_seed1337/best.pth,False
0.9449806949578914,0.8956999084677174,0.9804707060099914,0.9119701909216595,0.8447370858441969,3.0,590,cvc-clinicdb,segformer,polypseg/runs/segformer_seed1337/best.pth,False
0.9595079446191823,0.922167487639302,0.965446106190539,0.9536423840573793,0.9291865159172582,2.591483465847627,591,cvc-clinicdb,segformer,polypseg/runs/segformer_seed1337/best.pth,False
0.8409526416567118,0.7255550306924019,0.7479305307458541,0.9604001667161234,0.53511878254313,21.18962010041709,592,cvc-clinicdb,segformer,polypseg/runs/segformer_seed1337/best.pth,False
0.8098507735895829,0.6804615384510698,0.6910937499892017,0.9778907804338296,0.44413834028677895,25.495097567963924,593,cvc-clinicdb,segformer,polypseg/runs/segformer_seed1337/best.pth,False
0.8963119072613666,0.8121061676377295,0.8353957964872246,0.9668106387595633,0.6003139120804794,12.893436661176132,594,cvc-clinicdb,segformer,polypseg/runs/segformer_seed1337/best.pth,False
0.8353815809310365,0.7173006774174753,0.7292715231594895,0.977627840874374,0.6012366135005964,14.866068747318506,595,cvc-clinicdb,segformer,polypseg/runs/segformer_seed1337/best.pth,False
0.8273190621645806,0.705493741282841,0.7236091297887444,0.9657306044280948,0.5713209889227681,12.153153197546159,596,cvc-clinicdb,segformer,polypseg/runs/segformer_seed1337/best.pth,False
0.7022508038359405,0.5411298314895376,0.547094188349344,0.9802513464111084,0.5148595948503955,16.492422502470642,597,cvc-clinicdb,segformer,polypseg/runs/segformer_seed1337/best.pth,False
0.8545018829021824,0.7459653317170961,0.7675276752531511,0.963706563669355,0.41770809997509106,10.0,598,cvc-clinicdb,segformer,polypseg/runs/segformer_seed1337/best.pth,False
0.9125214408112875,0.8391167192225403,0.8891745949887073,0.9371273712483164,0.5332397324966438,7.0,599,cvc-clinicdb,segformer,polypseg/runs/segformer_seed1337/best.pth,False
0.7550824010563122,0.6065320320774639,0.9734046677446428,0.6167526406258081,0.4628895424950314,55.51395098217102,6,cvc-clinicdb,segformer,polypseg/runs/segformer_seed1337/best.pth,False
0.8522167487509807,0.7424892703597107,0.9710009354082788,0.7593269933884665,0.5889330120569027,19.1049731745428,60,cvc-clinicdb,segformer,polypseg/runs/segformer_seed1337/best.pth,False
0.9082243404959641,0.831878172580387,0.8337403337318504,0.9973222979430705,0.3549056998264938,13.564457979988095,600,cvc-clinicdb,segformer,polypseg/runs/segformer_seed1337/best.pth,False
0.9004963726544444,0.8190026392440756,0.828089887628819,0.9867782426613092,0.5143602633571754,13.601470508735444,601,cvc-clinicdb,segformer,polypseg/runs/segformer_seed1337/best.pth,False
0.8959121067211535,0.8114499870662775,0.8172588832380937,0.9913167034892435,0.5706034730065137,14.032101962856379,602,cvc-clinicdb,segformer,polypseg/runs/segformer_seed1337/best.pth,False
0.7059209908946893,0.5455006888510949,0.5455402465515189,0.9998670919590661,0.36763231877014746,48.05465110480399,603,cvc-clinicdb,segformer,polypseg/runs/segformer_seed1337/best.pth,False
0.6112403461402659,0.44013400334713476,0.4403700475937496,0.9987836399422414,0.41042232782404287,61.0,604,cvc-clinicdb,segformer,polypseg/runs/segformer_seed1337/best.pth,False
0.8931361143278522,0.8069069068826755,0.8412648716079755,0.9518243003559397,0.5079728326993747,7.211102550927978,605,cvc-clinicdb,segformer,polypseg/runs/segformer_seed1337/best.pth,False
0.7738081821168284,0.6310661764589878,0.6384601078549663,0.9819794050062364,0.479475446504619,26.361457351839178,606,cvc-clinicdb,segformer,polypseg/runs/segformer_seed1337/best.pth,False
0.7355516637317087,0.5817174515034031,0.6429391503772316,0.8593350383192155,0.4413173715625292,19.0,607,cvc-clinicdb,segformer,polypseg/runs/segformer_seed1337/best.pth,False
0.6634312060099073,0.4963689179285336,0.5016513761375844,0.9792263609964461,0.4208847655374151,30.0,608,cvc-clinicdb,segformer,polypseg/runs/segformer_seed1337/best.pth,False
0.7000605588658183,0.5385332090970514,0.5420685959198543,0.9880341880100603,0.4632749647975806,36.6742416417845,609,cvc-clinicdb,segformer,polypseg/runs/segformer_seed1337/best.pth,False
0.8631679846426272,0.759274873492442,0.9077620967284393,0.822750114169815,0.5158389415192584,12.068537985413775,61,cvc-clinicdb,segformer,polypseg/runs/segformer_seed1337/best.pth,False
0.7755403657789068,0.6333735666772273,0.6397439804840027,0.9845215759619015,0.4760275199550741,28.0,610,cvc-clinicdb,segformer,polypseg/runs/segformer_seed1337/best.pth,False
0.8356361224623009,0.717676096435966,0.7457092128477864,0.9502262443200044,0.4624999501250054,18.0,611,cvc-clinicdb,segformer,polypseg/runs/segformer_seed1337/best.pth,False
0.7749063670266871,0.6325282787944809,0.6457553058475108,0.9686329587561502,0.47597624777608355,15.0,612,cvc-clinicdb,segformer,polypseg/runs/segformer_seed1337/best.pth,False
0.8757396449399325,0.7789473683728205,0.8488529014272028,0.9043853342268594,0.5078812954893899,8.06225774829855,62,cvc-clinicdb,segformer,polypseg/runs/segformer_seed1337/best.pth,False
0.9503592422942404,0.9054138145049524,0.9297124600044911,0.9719438877106249,0.9313251237210785,2.23606797749979,63,cvc-clinicdb,segformer,polypseg/runs/segformer_seed1337/best.pth,False
0.901005413731593,0.8198451793933957,0.8792452829525097,0.9238699444152363,0.6333393760705236,4.0,64,cvc-clinicdb,segformer,polypseg/runs/segformer_seed1337/best.pth,False
0.8832011535370151,0.7908327953007854,0.8712660027829825,0.8954678361918517,0.6408533012578073,6.0,65,cvc-clinicdb,segformer,polypseg/runs/segformer_seed1337/best.pth,False
0.8977645305246569,0.8144943212106818,0.858608893907719,0.9406620861373727,0.5911601710082153,6.0,66,cvc-clinicdb,segformer,polypseg/runs/segformer_seed1337/best.pth,False
0.8763784097250036,0.7799586776456633,0.8723281339761797,0.8804664722518678,0.45692594621185945,6.0,67,cvc-clinicdb,segformer,polypseg/runs/segformer_seed1337/best.pth,False
0.8571189419866315,0.7499633806833168,0.9555804404450247,0.7770526635183328,0.42832475440008566,47.4088282659562,68,cvc-clinicdb,segformer,polypseg/runs/segformer_seed1337/best.pth,False
0.6125311015468778,0.44147375283855644,0.4419060052075096,0.9977892408992048,0.36653381810448044,35.54424805332168,69,cvc-clinicdb,segformer,polypseg/runs/segformer_seed1337/best.pth,False
0.42904578232289436,0.2731115760695456,0.9950217796982729,0.2734852695930496,0.18126217342971607,102.05390591255782,7,cvc-clinicdb,segformer,polypseg/runs/segformer_seed1337/best.pth,False
0.843036346078433,0.7286627745140767,0.8270747869729544,0.859626106892108,0.4547971532539093,7.810249675906654,70,cvc-clinicdb,segformer,polypseg/runs/segformer_seed1337/best.pth,False
0.3456865127477009,0.20896070509699008,0.23522116576125585,0.651775486752374,0.2310761885498994,35.22782990761707,71,cvc-clinicdb,segformer,polypseg/runs/segformer_seed1337/best.pth,False
0.800224257133242,0.6669781931256393,0.8608765580675161,0.7475558658956859,0.4836300118541405,37.41639425395117,72,cvc-clinicdb,segformer,polypseg/runs/segformer_seed1337/best.pth,False
0.7159167226206192,0.5575313807385583,0.7509686509069754,0.6839910169815852,0.32005157207660945,40.77922877288651,73,cvc-clinicdb,segformer,polypseg/runs/segformer_seed1337/best.pth,False
0.5978602894777038,0.4263913823929865,0.7043994067867326,0.5193148687857393,0.2607103153456991,116.30388114065688,74,cvc-clinicdb,segformer,polypseg/runs/segformer_seed1337/best.pth,False
0.6097348978572418,0.4385745545345866,0.7442970821886314,0.5163783584646162,0.2851371517254677,165.6268339965625,75,cvc-clinicdb,segformer,polypseg/runs/segformer_seed1337/best.pth,False
0.6940020331855642,0.5313959522298186,0.9836695484165543,0.5361256544221924,0.5272790810029327,20.011242977525352,76,cvc-clinicdb,segformer,polypseg/runs/segformer_seed1337/best.pth,False
0.752015173049976,0.6025835866032453,0.7654440154070732,0.7390493941873696,0.4780114227142329,15.255980393189155,77,cvc-clinicdb,segformer,polypseg/runs/segformer_seed1337/best.pth,False
0.7513682564356652,0.601753287395061,0.6061179438471739,0.9881748071471375,0.45654168468179984,145.31826839812243,78,cvc-clinicdb,segformer,polypseg/runs/segformer_seed1337/best.pth,False
0.8525189245405242,0.7429481346340788,0.9072222221718209,0.8040374199505643,0.4714389291730086,10.70432499319731,79,cvc-clinicdb,segformer,polypseg/runs/segformer_seed1337/best.pth,False
0.5400576201130866,0.369917078614376,0.9708097928335341,0.37407780689226333,0.4842536301084046,91.78643671453943,8,cvc-clinicdb,segformer,polypseg/runs/segformer_seed1337/best.pth,False
0.9156626505679344,0.8444444443858025,0.8901903366844662,0.9426356588416561,0.7650601909928906,3.0,80,cvc-clinicdb,segformer,polypseg/runs/segformer_seed1337/best.pth,False
0.786697370530784,0.6483933615761971,0.6514990242979288,0.992701716434752,0.4197307154950968,51.478150704935004,81,cvc-clinicdb,segformer,polypseg/runs/segformer_seed1337/best.pth,False
0.9405763132367218,0.8878188443287919,0.9401874310655958,0.9409655172154217,0.6119402485102513,4.123105625617661,82,cvc-clinicdb,segformer,polypseg/runs/segformer_seed1337/best.pth,False
0.8727909394272977,0.7742937578800669,0.7808889759077648,0.9892099714623688,0.3680920357848248,29.076891872075414,83,cvc-clinicdb,segformer,polypseg/runs/segformer_seed1337/best.pth,False
0.9329711902130858,0.8743636363477388,0.9505831191747266,0.9159999999825524,0.6052639413850628,9.219544457292887,84,cvc-clinicdb,segformer,polypseg/runs/segformer_seed1337/best.pth,False
0.9259673808688361,0.8621408366702078,0.8674355901607634,0.9929698216564992,0.44692732437814614,6.708203932499369,85,cvc-clinicdb,segformer,polypseg/runs/segformer_seed1337/best.pth,False
0.9444767200519173,0.894794779039239,0.9575900370084552,0.9317177009835973,0.548740087439819,5.0,86,cvc-clinicdb,segformer,polypseg/runs/segformer_seed1337/best.pth,False
0.9613793103374606,0.9256308100793031,0.9424579326781481,0.9810760087428672,0.7919019063610697,4.092329219213245,87,cvc-clinicdb,segformer,polypseg/runs/segformer_seed1337/best.pth,False
0.9502329521288624,0.9051845874338272,0.9103266382448707,0.9937984495903921,0.6283354650704847,4.123105625617661,88,cvc-clinicdb,segformer,polypseg/runs/segformer_seed1337/best.pth,False
0.9626382385078943,0.9279677295250103,0.9324454738287503,0.9948517297982938,0.7811233567817695,4.0,89,cvc-clinicdb,segformer,polypseg/runs/segformer_seed1337/best.pth,False
0.5989866944429235,0.42753819115568786,0.9195987205449317,0.44414015869360196,0.3899311422545367,99.69503360851544,9,cvc-clinicdb,segformer,polypseg/runs/segformer_seed1337/best.pth,False
0.9614944719694862,0.9258443465321982,0.9351130885996457,0.9894076108083679,0.7935660070137985,3.1135943621178637,90,cvc-clinicdb,segformer,polypseg/runs/segformer_seed1337/best.pth,False
0.9285714285623426,0.8666666666508371,0.8671418128496502,0.9993681549915887,0.43937645381846296,5.385164807134504,91,cvc-clinicdb,segformer,polypseg/runs/segformer_seed1337/best.pth,False
0.913194444433875,0.8402555910364163,0.8424087123458807,0.996967399519915,0.6391023170999043,10.0,92,cvc-clinicdb,segformer,polypseg/runs/segformer_seed1337/best.pth,False
0.8887339654086903,0.7997490589510728,0.9776073619332023,0.8146728016151669,0.45829894703358126,9.219544457292887,93,cvc-clinicdb,segformer,polypseg/runs/segformer_seed1337/best.pth,False
0.907456372280196,0.8305905130526507,0.854922279775709,0.966869506401468,0.4227612038282107,8.790395920668724,94,cvc-clinicdb,segformer,polypseg/runs/segformer_seed1337/best.pth,False
0.9158663882994168,0.8447910648787832,0.8725139220192419,0.9637521968153834,0.44681881610128227,7.582206784205562,95,cvc-clinicdb,segformer,polypseg/runs/segformer_seed1337/best.pth,False
0.9190959711658576,0.8503030302858525,0.8549664838339435,0.9936260622994895,0.5164473184751607,8.0,96,cvc-clinicdb,segformer,polypseg/runs/segformer_seed1337/best.pth,False
0.8628169874600853,0.7587318645685457,0.8919772583420096,0.8355029585551627,0.552653265588317,16.004682931282208,97,cvc-clinicdb,segformer,polypseg/runs/segformer_seed1337/best.pth,False
0.9713540360157961,0.9443035505175155,0.9668431039551898,0.9759072580546783,0.8030522529409839,3.0,98,cvc-clinicdb,segformer,polypseg/runs/segformer_seed1337/best.pth,False
0.9559285761990508,0.9155777606851707,0.9343705059362745,0.9785049287927368,0.6537993514168775,5.0,99,cvc-clinicdb,segformer,polypseg/runs/segformer_seed1337/best.pth,False
