dice,iou,precision,recall,boundary_f1,hd95,name,dataset,model,checkpoint,tta
0.9361711757573393,0.8800017017999107,0.8866788125583824,0.9915152677220854,0.4297591631948653,107.13068325249628,cju14hjh2ob2o0835ouz3r5aa,kvasir-seg,unetpp,polypseg/runs/unetpp_seed42/best.pth,False
0.9519566283113419,0.90831797044573,0.9470135980235612,0.9569515306094708,0.5491483571399158,24.773633552842703,cju16jgnyzp970878melv7r25,kvasir-seg,unetpp,polypseg/runs/unetpp_seed42/best.pth,False
0.9315174097272065,0.8718133717924047,0.9536963956602553,0.9103465594949687,0.5490182303324099,7.0710678118654755,cju17r8il13910799dr2wme2e,kvasir-seg,unetpp,polypseg/runs/unetpp_seed42/best.pth,False
0.9720028525382689,0.9455306903703771,0.9622937531026271,0.9819098695243151,0.5571029608547491,7.8576872569299905,cju18849rrsgr0988p90hkygb,kvasir-seg,unetpp,polypseg/runs/unetpp_seed42/best.pth,False
0.9419765591063957,0.89031728664802,0.891495868896282,0.9985173066056622,0.39801682401163113,14.422205101855956,cju1b75x63ddl0799sdp0i2j3,kvasir-seg,unetpp,polypseg/runs/unetpp_seed42/best.pth,False
0.9009370627389647,0.8197320027770035,0.9837138242152864,0.8310099078734303,0.3233590261273938,65.4358382215187,cju1c0qb4tzi308355wtsnp0y,kvasir-seg,unetpp,polypseg/runs/unetpp_seed42/best.pth,False
0.9793467382394875,0.9595293278642191,0.9682642487029213,0.990685859439328,0.6299305968690737,9.899494936611665,cju1c3218411b08014g9f6gig,kvasir-seg,unetpp,polypseg/runs/unetpp_seed42/best.pth,False
0.9392991913712873,0.8855458426449444,0.9254302103184942,0.9535901926375249,0.4984364081320183,12.041594578792296,cju1cbokpuiw70988j4lq1fpi,kvasir-seg,unetpp,polypseg/runs/unetpp_seed42/best.pth,False
0.9567481183602516,0.9170825715228685,0.9249900318933164,0.9907644672165772,0.49526808880574497,9.433981132056603,cju1cdxvz48hw0801i0fjwcnk,kvasir-seg,unetpp,polypseg/runs/unetpp_seed42/best.pth,False
0.12524235411835852,0.06680455705487247,0.965292841636957,0.06696540538727326,0.14565418590238846,304.1742921418574,cju1drnhbrb9409935wi7vkhg,kvasir-seg,unetpp,polypseg/runs/unetpp_seed42/best.pth,False
0.9793740867834799,0.9595818351279811,0.9624979128369928,0.9968526268426077,0.7828109579707783,8.182694247553295,cju1haab178i70799tk9z8y8x,kvasir-seg,unetpp,polypseg/runs/unetpp_seed42/best.pth,False
0.9666613422164541,0.9354738980634761,0.976960863446468,0.9565767189771783,0.545805837521636,21.547511554864492,cju2hos57llxm08359g92p6jj,kvasir-seg,unetpp,polypseg/runs/unetpp_seed42/best.pth,False
0.9661411450989656,0.9345000437138482,0.9372862529582046,0.9968290976902202,0.34419563162986494,12.649110640673518,cju2hw5gjlr5h0988so2qqres,kvasir-seg,unetpp,polypseg/runs/unetpp_seed42/best.pth,False
0.97975534942091,0.9603141255039188,0.9729452004507083,0.9866615059383294,0.6821428775948906,9.848857801796104,cju2lberzkdzm09938cl40pog,kvasir-seg,unetpp,polypseg/runs/unetpp_seed42/best.pth,False
0.9674946412786093,0.9370359515389945,0.9406659147700649,0.9958986605700555,0.6270773995962458,6.570918069719421,cju2lcyfgkf5809932fn9gucn,kvasir-seg,unetpp,polypseg/runs/unetpp_seed42/best.pth,False
0.9546832340854369,0.9132956298181731,0.931357745059076,0.9792070911955829,0.36284691629555216,10.63014581273465,cju2nqapmzvk20801f9us40dx,kvasir-seg,unetpp,polypseg/runs/unetpp_seed42/best.pth,False
0.9546143090160958,0.913169481129615,0.9142904971769751,0.9986591089108389,0.30526428504464254,5.830951894845301,cju2nsmwjlzyl0993jl80chvz,kvasir-seg,unetpp,polypseg/runs/unetpp_seed42/best.pth,False
0.9647177640657678,0.9318403528823351,0.9392501389383128,0.9916049828444141,0.5575937582552267,7.810249675906654,cju2otvvv0l7z0855x7we8cb0,kvasir-seg,unetpp,polypseg/runs/unetpp_seed42/best.pth,False
0.9764879889818662,0.9540562088866054,0.9788677187328169,0.9741198019097276,0.7273968736458204,7.0710678118654755,cju2pjb9v0ywn0878j5g5n69j,kvasir-seg,unetpp,polypseg/runs/unetpp_seed42/best.pth,False
0.9791921478652849,0.9592325782149859,0.9657513205702126,0.9930123804893699,0.517483220278877,17.888018058667715,cju2qdj95ru8g09886gfi9rsz,kvasir-seg,unetpp,polypseg/runs/unetpp_seed42/best.pth,False
0.9793488949840076,0.9595334685584475,0.9790520962672534,0.9796458737023805,0.5352905592818812,8.06225774829855,cju2qn2fzs1vy0988l243cvzy,kvasir-seg,unetpp,polypseg/runs/unetpp_seed42/best.pth,False
0.9675673962583178,0.9371724534383321,0.9789764578299116,0.9564211953265953,0.4073179558538002,44.37619987950404,cju2qqn5ys4uo0988ewrt2ip2,kvasir-seg,unetpp,polypseg/runs/unetpp_seed42/best.pth,False
0.855379984949482,0.747304759398017,0.9855650439941672,0.7555747565692215,0.4060945621923733,54.44583842367675,cju2qtee81yd708787bsjr75d,kvasir-seg,unetpp,polypseg/runs/unetpp_seed42/best.pth,False
0.9236206362545222,0.8580809585949315,0.9457142209929034,0.9025357775942512,0.2515582610092426,41.007315985291854,cju2qxxko229x08786gvxxhur,kvasir-seg,unetpp,polypseg/runs/unetpp_seed42/best.pth,False
0.977425644376723,0.9558479918860913,0.9692871672195961,0.9857019458060882,0.5990583819765902,7.810249675906654,cju2r2obh2bjm08553kng0rh7,kvasir-seg,unetpp,polypseg/runs/unetpp_seed42/best.pth,False
0.5352066897138734,0.36538034817303233,0.9664647973722315,0.37007222466225004,0.17990818368887515,165.68688163579785,cju2r6mt2om21099352pny5gw,kvasir-seg,unetpp,polypseg/runs/unetpp_seed42/best.pth,False
0.9771623196190937,0.9553444680051256,0.9622078655635067,0.9925889507975661,0.5671518974211486,7.810249675906654,cju2rlqdnoz9k0993cpjae3x0,kvasir-seg,unetpp,polypseg/runs/unetpp_seed42/best.pth,False
0.9060465116068361,0.828231292481793,0.8822463767716374,0.931166347947841,0.5710913954277504,5.385164807134504,cju2rmd2rsw9g09888hh1efu0,kvasir-seg,unetpp,polypseg/runs/unetpp_seed42/best.pth,False
0.9697517672121506,0.9412797191488547,0.9732717373210151,0.966257166241339,0.8571858645813818,5.385164807134504,cju2syxa93yw40799x2iuwabz,kvasir-seg,unetpp,polypseg/runs/unetpp_seed42/best.pth,False
0.9794049290080323,0.959641053386726,0.9884806539969878,0.9704943451250889,0.7246815082853142,4.0,cju2t16vuucaq0835xcpsivn2,kvasir-seg,unetpp,polypseg/runs/unetpp_seed42/best.pth,False
0.9514587525111021,0.9074118493571006,0.914357073792182,0.9916987067372273,0.4758512434171569,7.923653308483004,cju2t2ivz43i10878zeg8r1br,kvasir-seg,unetpp,polypseg/runs/unetpp_seed42/best.pth,False
0.9750298685753434,0.9512763725320476,0.9583700311140956,0.9922791659007095,0.6927818966005699,5.0,cju2upu4evw7g08358guwozxv,kvasir-seg,unetpp,polypseg/runs/unetpp_seed42/best.pth,False
0.5262370135575668,0.35707031483255547,0.9388203879608983,0.3655769289569541,0.3765704749128161,157.80684383081805,cju2uzabhs6er0993x3aaf87p,kvasir-seg,unetpp,polypseg/runs/unetpp_seed42/best.pth,False
0.9777609160509224,0.9564894665088243,0.9871991308210006,0.9685014621867658,0.6052615314373974,13.0,cju2xyd9vyi7m098831qcucse,kvasir-seg,unetpp,polypseg/runs/unetpp_seed42/best.pth,False
0.952015467885359,0.9084251138367148,0.9527153392839636,0.9513166239917417,0.3641660097233468,25.45584412271571,cju2yi9tz8vky0801yqip0xyl,kvasir-seg,unetpp,polypseg/runs/unetpp_seed42/best.pth,False
0.9722360414823655,0.9459721110328114,0.9578125883598978,0.9871005342380047,0.626300011775204,14.651974469188263,cju2yyhsp933j0855hp32e012,kvasir-seg,unetpp,polypseg/runs/unetpp_seed42/best.pth,False
0.9049215930474755,0.8263532431123054,0.8292554436851484,0.9957826667533859,0.39647239441502186,23.140567782834346,cju2zrojo9kcd0878ld2epejq,kvasir-seg,unetpp,polypseg/runs/unetpp_seed42/best.pth,False
0.9776823659115854,0.9563391389441993,0.9619145011602822,0.993975784628381,0.38943768926364697,13.341664064126334,cju30qbm1ad3x0855znuhpz9u,kvasir-seg,unetpp,polypseg/runs/unetpp_seed42/best.pth,False
0.9345855739833507,0.8772037914650369,0.9036273983259111,0.9677402488708159,0.5277709684141249,144.52465148928675,cju30u1hbakn808019g15nb8b,kvasir-seg,unetpp,polypseg/runs/unetpp_seed42/best.pth,False
0.9746701268285585,0.9505917581566334,0.9547440028574669,0.9954457219576269,0.8146093949075282,3.1622776601683795,cju3128yi0rpu0988o4oo5n8n,kvasir-seg,unetpp,polypseg/runs/unetpp_seed42/best.pth,False
0.9822330588388626,0.9650864251085465,0.9658548060202558,0.9991763538664585,0.5969504133490744,5.0,cju31y80qbawn0801twwm2l5s,kvasir-seg,unetpp,polypseg/runs/unetpp_seed42/best.pth,False
0.8926127439977878,0.8060529314922915,0.9765679335587115,0.8219500017209962,0.4168355541781344,59.25430182303626,cju32a52lb9rc0799xi40qs00,kvasir-seg,unetpp,polypseg/runs/unetpp_seed42/best.pth,False
0.9272598788233138,0.8643844492421935,0.9679065492866211,0.8898894892471263,0.45828797234097723,72.82277430858991,cju32gzs6xo8x0993r8tedbpb,kvasir-seg,unetpp,polypseg/runs/unetpp_seed42/best.pth,False
0.9746374289338099,0.9505295555311373,0.9793872126056083,0.9699334934372347,0.7226553966337268,5.830951894845301,cju32srle1xfq083575i3fl75,kvasir-seg,unetpp,polypseg/runs/unetpp_seed42/best.pth,False
0.80243554580274,0.6700562487391303,0.6991473579553813,0.9415323618738954,0.13116902697139865,125.29525061442504,cju35c4wzdhow0799h6eq4sgs,kvasir-seg,unetpp,polypseg/runs/unetpp_seed42/best.pth,False
0.9591289749345071,0.9214676476119195,0.9761980894500656,0.9426465196145378,0.6547452821070727,32.101378221869595,cju35fxqyzt5p0993vusm54qz,kvasir-seg,unetpp,polypseg/runs/unetpp_seed42/best.pth,False
0.9666983824914703,0.935543278082104,0.9674794401934281,0.9659185848838526,0.47955542570090526,8.48528137423857,cju3ttznuftyf09875t11850w,kvasir-seg,unetpp,polypseg/runs/unetpp_seed42/best.pth,False
0.9836963865522057,0.9679158605124221,0.9685730802042809,0.9992994547097477,0.36945026713569334,10.449798474101748,cju3u39fog1bo0871lxjrabks,kvasir-seg,unetpp,polypseg/runs/unetpp_seed42/best.pth,False
0.9353645772753397,0.8785773583237677,0.956544490162556,0.9151022822924998,0.3993870797845209,40.0,cju3u4lxmg59o0755rz42b9en,kvasir-seg,unetpp,polypseg/runs/unetpp_seed42/best.pth,False
0.15817223198518893,0.0858778625949769,0.2848101265774066,0.10948905109417051,0.04155123772744399,224.1644812144606,cju3uhb79gcgr0871orbrbi3x,kvasir-seg,unetpp,polypseg/runs/unetpp_seed42/best.pth,False
0.7872442814210161,0.6491367299784411,0.9707647066567711,0.6620798820021206,0.31695105138883617,166.4746175922295,cju3xeexgii1j0817zs68tb4g,kvasir-seg,unetpp,polypseg/runs/unetpp_seed42/best.pth,False
0.9471949070599261,0.8996868588608175,0.9171161254714681,0.9793135872005252,0.5650189967737868,6.0,cju3xiic0ilzp0850lusrb42j,kvasir-seg,unetpp,polypseg/runs/unetpp_seed42/best.pth,False
0.9546676441779407,0.9132670952552511,0.9361370716398737,0.9739466467093749,0.6854632694169092,6.324555320336759,cju41p90plcsx08018cnzpndc,kvasir-seg,unetpp,polypseg/runs/unetpp_seed42/best.pth,False
0.980634390649266,0.9620045856499545,0.9852398523948517,0.9760717846424575,0.7274574049149164,4.47213595499958,cju41s6nbleqy0755e2mslg0b,kvasir-seg,unetpp,polypseg/runs/unetpp_seed42/best.pth,False
0.971753443007022,0.9450587861425324,0.9523519805278672,0.9919618437696218,0.5560097619742659,9.486832980505138,cju422cm8lfxn0818ojicxejb,kvasir-seg,unetpp,polypseg/runs/unetpp_seed42/best.pth,False
0.9458539252245328,0.897270262497538,0.9020784074825745,0.9940947569622769,0.32046030728742037,37.94733192202055,cju43gfosm63n08714rpih8pe,kvasir-seg,unetpp,polypseg/runs/unetpp_seed42/best.pth,False
0.9290733932134209,0.8675416105322074,0.9705617813623488,0.8909865881125372,0.3616548752433108,42.98824975707071,cju5bmhdcafs909878qfzrqzi,kvasir-seg,unetpp,polypseg/runs/unetpp_seed42/best.pth,False
0.9884504331082875,0.9771646051370433,0.9810184046749569,0.9959959287131318,0.6693792326230467,6.708203932499369,cju5boicjagt20871b1fotkh4,kvasir-seg,unetpp,polypseg/runs/unetpp_seed42/best.pth,False
0.9830167465520809,0.9666007215156395,0.9913271801380662,0.9748444896502976,0.6899518130891156,7.0,cju5ekty5ckzf07550c9u3ckk,kvasir-seg,unetpp,polypseg/runs/unetpp_seed42/best.pth,False
0.9797068123009777,0.9602208699544731,0.976087516821856,0.983353048091563,0.6891508745846557,5.385164807134504,cju5f0dezct4q08183ydw11dx,kvasir-seg,unetpp,polypseg/runs/unetpp_seed42/best.pth,False
0.9662146685590657,0.9346376265682879,0.9411646586324383,0.9926346009012786,0.6397679158714321,21.253224472964078,cju5hi52odyf90817prvcwg45,kvasir-seg,unetpp,polypseg/runs/unetpp_seed42/best.pth,False
0.9579674046997234,0.9193257571982874,0.938134062556442,0.9786574628425395,0.4820842845739442,25.00599281722833,cju5jx7jzf7c90871c2i9aiov,kvasir-seg,unetpp,polypseg/runs/unetpp_seed42/best.pth,False
0.9696471717599355,0.9410826516739711,0.9446778156440601,0.9959723243515677,0.47288609752381605,13.908618918930248,cju5tenjojp1j0755ms4949h2,kvasir-seg,unetpp,polypseg/runs/unetpp_seed42/best.pth,False
0.9474248927002321,0.9001019367926306,0.9018091625262488,0.9979011946964973,0.5646926059400199,9.219544457292887,cju5u4pywk81x0817vn9pe14z,kvasir-seg,unetpp,polypseg/runs/unetpp_seed42/best.pth,False
0.9466790946656469,0.8987565801375079,0.9180031519378974,0.977204322292509,0.6827484487763833,34.655446902326915,cju5uxjnol2r509871qv2yeia,kvasir-seg,unetpp,polypseg/runs/unetpp_seed42/best.pth,False
0.966433135726513,0.935046554927858,0.9778764508765453,0.9552545468308709,0.6555023646828576,4.437711664817541,cju5v8pgplg6k0755rvi2t63h,kvasir-seg,unetpp,polypseg/runs/unetpp_seed42/best.pth,False
0.9555741593400927,0.9149277259707833,0.9602097470670176,0.9509831148607226,0.5688608456448834,19.508645785123953,cju5wcc90lu020850mjrxppv6,kvasir-seg,unetpp,polypseg/runs/unetpp_seed42/best.pth,False
0.896813049705185,0.8129293493414886,0.8189669723715215,0.9910127659540732,0.36585040589381473,63.52807342462479,cju5wi6bqlxy90755bu227nvb,kvasir-seg,unetpp,polypseg/runs/unetpp_seed42/best.pth,False
0.9825815250220254,0.9657594678957415,0.9815648334954704,0.9836003248812214,0.6920433844441685,8.003112887414925,cju5wkonqlrl409877y8zvnub,kvasir-seg,unetpp,polypseg/runs/unetpp_seed42/best.pth,False
0.9720377528871136,0.9455967430877531,0.9669157117482813,0.9772143489792355,0.4380402958291289,12.206555615733702,cju5x28nzm7t907558ocq4bt7,kvasir-seg,unetpp,polypseg/runs/unetpp_seed42/best.pth,False
0.9635246950431088,0.9296166444440116,0.9980737284823135,0.9312875140146901,0.5626986409015694,28.414658344055912,cju6wt9jvvn500871hjn3t3g0,kvasir-seg,unetpp,polypseg/runs/unetpp_seed42/best.pth,False
0.9800612773974899,0.9609021166455299,0.9894827011838034,0.9708175748226049,0.5062487141801305,7.615773105863909,cju6wuojavt740818b5qcv3iw,kvasir-seg,unetpp,polypseg/runs/unetpp_seed42/best.pth,False
0.9651969033988068,0.9327348425695597,0.9562633388650755,0.9742989595745069,0.5178382679275534,15.231546211727817,cju6x35ervu2808015c7eoqe4,kvasir-seg,unetpp,polypseg/runs/unetpp_seed42/best.pth,False
0.8887233243058886,0.7997318253357433,0.8080606967391901,0.9872756322585936,0.5853717589089308,165.87434451032536,cju6x4t13vyw60755gtcf9ndu,kvasir-seg,unetpp,polypseg/runs/unetpp_seed42/best.pth,False
0.9585633251063044,0.920424014454983,0.9742502585265034,0.9433735542935794,0.5011482401424417,10.329081708161773,cju772304yw5t0818vbw8kkjf,kvasir-seg,unetpp,polypseg/runs/unetpp_seed42/best.pth,False
0.8896903959538498,0.8012993787603675,0.8731848483237394,0.9068319647887788,0.5258557402416539,37.062462832639135,cju7787c5yy3l080159mwqsnj,kvasir-seg,unetpp,polypseg/runs/unetpp_seed42/best.pth,False
0.9905248851200631,0.9812276405029284,0.9935213315663142,0.9875464588052504,0.6935117494322344,56.450000000000045,cju7ajnbo1gvm098749rdouk0,kvasir-seg,unetpp,polypseg/runs/unetpp_seed42/best.pth,False
0.9527479796354642,0.9097599824193455,0.9877161598032932,0.9201711016003545,0.655528784843978,13.0,cju7b5afm1nfw0801xqm8bf8q,kvasir-seg,unetpp,polypseg/runs/unetpp_seed42/best.pth,False
0.9386648511289087,0.8844188870286045,0.9849718061873677,0.8965164886184475,0.46358760435221225,22.0,cju7cq6su27qv075574dir0r3,kvasir-seg,unetpp,polypseg/runs/unetpp_seed42/best.pth,False
0.9500893307057697,0.9049239697168119,0.995488036093322,0.908650791910209,0.47372606471386913,15.0,cju7ctvqn25dy08186g442m1r,kvasir-seg,unetpp,polypseg/runs/unetpp_seed42/best.pth,False
0.9327186875927423,0.8739201902533,0.978003913890497,0.8914416182052319,0.2237260387933226,20.39686201986821,cju7cue9b232j0801qdzk1ykj,kvasir-seg,unetpp,polypseg/runs/unetpp_seed42/best.pth,False
0.96903234705619,0.9399250735842479,0.9934477231969763,0.9457882690798106,0.7020318423228715,8.48528137423857,cju7dp3dw2k4n0755zhe003ad,kvasir-seg,unetpp,polypseg/runs/unetpp_seed42/best.pth,False
0.7526435125325748,0.6033908670813964,0.606440376995607,0.9917350756631946,0.21222292001890042,65.76929311458244,cju7dqcwi2dz00850gcmr2ert,kvasir-seg,unetpp,polypseg/runs/unetpp_seed42/best.pth,False
0.9660006445355986,0.9342371824803871,0.9810178366839264,0.9514362799517876,0.45834423387090983,7.031980515339459,cju7eueum2oqn0850rodmx8zo,kvasir-seg,unetpp,polypseg/runs/unetpp_seed42/best.pth,False
0.9722712238120941,0.9460387276675103,0.9630863321085399,0.9816329938165435,0.6278336354924239,4.0,cju7f0ec32txj08184asb8w5f,kvasir-seg,unetpp,polypseg/runs/unetpp_seed42/best.pth,False
0.9894938996832215,0.9792062604798032,0.9946439048384705,0.9843969505675685,0.6550447162640233,6.4031242374328485,cju7fazv92ywx0755xov2erga,kvasir-seg,unetpp,polypseg/runs/unetpp_seed42/best.pth,False
0.9600299641448978,0.923132331746006,0.9665984268832388,0.9535501700578916,0.688298463831634,7.0,cju7ff97z2ow40817u2r83my5,kvasir-seg,unetpp,polypseg/runs/unetpp_seed42/best.pth,False
0.9599933598857902,0.9230646448376207,0.9972409035868729,0.9254280684761493,0.6762211140201597,4.0,cju7fnfv02tt90801djnix9m8,kvasir-seg,unetpp,polypseg/runs/unetpp_seed42/best.pth,False
0.9520776349771364,0.9085383295129538,0.9827506188042794,0.9232613908805809,0.4182552010215521,6.1298221281346965,cju83kxitjv340987z09m0ezy,kvasir-seg,unetpp,polypseg/runs/unetpp_seed42/best.pth,False
0.9176957732501528,0.8479092574608041,0.8481377674746722,0.9996823480797952,0.34205851292934714,172.6371905622655,cju83syhdk6gs0801rf1rekdl,kvasir-seg,unetpp,polypseg/runs/unetpp_seed42/best.pth,False
0.9844647588296863,0.9694048211415869,0.9766811959496883,0.9923733789885938,0.6010900428237886,41.10960958218893,cju8418jhkf7d0818ga2v0xq0,kvasir-seg,unetpp,polypseg/runs/unetpp_seed42/best.pth,False
0.9898564370366285,0.9799165913929815,0.9876323206095826,0.9920905933504635,0.7127721546641582,3.605551275463989,cju8432cmkgq90871cxe4iptl,kvasir-seg,unetpp,polypseg/runs/unetpp_seed42/best.pth,False
0.9651334812714636,0.9326163942932963,0.9820054052188053,0.9488315208393402,0.44502612802726643,11.704699910719626,cju85mpuglq8k0818d2it6hzb,kvasir-seg,unetpp,polypseg/runs/unetpp_seed42/best.pth,False
0.9869912329271928,0.9743165755408072,0.9833118001696185,0.9906983050820591,0.7474930695406693,4.762461179749787,cju8abobpqbir08189u01huru,kvasir-seg,unetpp,polypseg/runs/unetpp_seed42/best.pth,False
0.9580118747077256,0.9194076702544055,0.9963025955705368,0.922555464250051,0.6973454930713665,10.366835061979291,cju8b5p40r2c60987ofa0mu03,kvasir-seg,unetpp,polypseg/runs/unetpp_seed42/best.pth,False
0.9730882686627539,0.9475870602779041,0.9797279802595614,0.9665379471985237,0.534057965726506,17.88013881947496,cju8bh8surexp0987o5pzklk1,kvasir-seg,unetpp,polypseg/runs/unetpp_seed42/best.pth,False
0.9853994414166615,0.9712191000491368,0.9749658002709303,0.9960588103728867,0.8190043582423037,3.1622776601683795,cju8c9akjsdjj0850s67uzlxq,kvasir-seg,unetpp,polypseg/runs/unetpp_seed42/best.pth,False
0.8918538088908329,0.8048160216100706,0.8091243208628225,0.9934275063665545,0.3994728477172687,124.72499465956989,cjyzkpsbjdsjq07211dfi4sru,kvasir-seg,unetpp,polypseg/runs/unetpp_seed42/best.pth,False
0.9692602596488897,0.9403540211991067,0.9487428785846744,0.9906846679948157,0.40120675780360676,10.770329614269007,cjyzl833ndne80838pzuq6ila,kvasir-seg,unetpp,polypseg/runs/unetpp_seed42/best.pth,False
0.8946944412465246,0.8094543940008133,0.811872088892763,0.99633455514573,0.050009567314935464,49.49747468305833,cjyzlw7f9faqr070129au64sq,kvasir-seg,unetpp,polypseg/runs/unetpp_seed42/best.pth,False
0.654673136857795,0.48662756597955054,0.9913968215916907,0.4886912474938821,0.5697741781758738,54.67171096547354,1,cvc-clinicdb,unetpp,polypseg/runs/unetpp_seed42/best.pth,False
0.8659430373848349,0.7635798429277728,0.9947424511474618,0.766673967797795,0.5430311067181248,54.706808731420686,10,cvc-clinicdb,unetpp,polypseg/runs/unetpp_seed42/best.pth,False
0.976744186039811,0.9545454545326556,0.9669926650235399,0.9866943866807111,0.9040119498958318,3.1622776601683795,100,cvc-clinicdb,unetpp,polypseg/runs/unetpp_seed42/best.pth,False
0.9510366122569094,0.9066442388452883,0.9383238000380711,0.9640986329249508,0.5507785805077359,4.242640687119285,101,cvc-clinicdb,unetpp,polypseg/runs/unetpp_seed42/best.pth,False
0.9613224809075568,0.9255254525461605,0.9515363477273103,0.9713119979475798,0.6437995450953714,4.2067801686687964,102,cvc-clinicdb,unetpp,polypseg/runs/unetpp_seed42/best.pth,False
0.9703634861577325,0.942433055852548,0.949000201969814,0.9927107542679832,0.7755189495962972,4.0,103,cvc-clinicdb,unetpp,polypseg/runs/unetpp_seed42/best.pth,False
0.8800030036762033,0.7857190747516881,0.876449031479497,0.8835859156986836,0.26275126337293364,23.869339436924914,104,cvc-clinicdb,unetpp,polypseg/runs/unetpp_seed42/best.pth,False
0.9162667012552981,0.84547249984532,0.9691294504975706,0.8688726243873001,0.4357136227396936,23.3779733068646,105,cvc-clinicdb,unetpp,polypseg/runs/unetpp_seed42/best.pth,False
0.7224779295226648,0.5655306833585403,0.7933548761223518,0.663226432079634,0.16290605649035125,163.7450366029727,106,cvc-clinicdb,unetpp,polypseg/runs/unetpp_seed42/best.pth,False
0.9148437499977665,0.8430525557917429,0.9292728895896772,0.9008558515198535,0.41837171242252924,29.879690901869377,107,cvc-clinicdb,unetpp,polypseg/runs/unetpp_seed42/best.pth,False
0.8709668454523776,0.7714271648659901,0.9676423366619263,0.7918540603325491,0.5096586275535289,55.43192906971402,108,cvc-clinicdb,unetpp,polypseg/runs/unetpp_seed42/best.pth,False
0.8669397663454197,0.7651312265625863,0.9672941495059094,0.7854511464189505,0.5475409340585908,58.467062470871916,109,cvc-clinicdb,unetpp,polypseg/runs/unetpp_seed42/best.pth,False
0.7883994272940152,0.6507090249497047,0.9542963082302571,0.6716400975737695,0.23876059376725747,42.10094784600919,11,cvc-clinicdb,unetpp,polypseg/runs/unetpp_seed42/best.pth,False
0.896771047552533,0.8128603274624765,0.9703156542440341,0.8335895313514107,0.5197224049448559,47.11131835994074,110,cvc-clinicdb,unetpp,polypseg/runs/unetpp_seed42/best.pth,False
0.8882683945756495,0.7989953602484796,0.978814355500851,0.8130560324613194,0.4871981394541592,51.31079795820774,111,cvc-clinicdb,unetpp,polypseg/runs/unetpp_seed42/best.pth,False
0.8925121282411042,0.8058888507949343,0.9765069694407066,0.8218225605934516,0.5152043836615863,47.15235035941277,112,cvc-clinicdb,unetpp,polypseg/runs/unetpp_seed42/best.pth,False
0.8984383188326204,0.8156041864859539,0.9841109478279568,0.8264877164532898,0.6192148463692168,45.87602627825987,113,cvc-clinicdb,unetpp,polypseg/runs/unetpp_seed42/best.pth,False
0.9534993465933035,0.9111311526556206,0.935134750254779,0.9725996963714125,0.30102372515101894,8.117443799179572,114,cvc-clinicdb,unetpp,polypseg/runs/unetpp_seed42/best.pth,False
0.49094427628397286,0.3253321057455916,0.9348072562181632,0.3328847318462224,0.24452025730929958,183.16495238885025,115,cvc-clinicdb,unetpp,polypseg/runs/unetpp_seed42/best.pth,False
0.4572456370596604,0.29638265691771876,0.9657084188713407,0.29953506145914566,0.32414046654483514,110.54470536441491,116,cvc-clinicdb,unetpp,polypseg/runs/unetpp_seed42/best.pth,False
0.5174527045003067,0.3490294751951903,0.945840638984106,0.356147300466871,0.2573823103418781,176.75900487192243,117,cvc-clinicdb,unetpp,polypseg/runs/unetpp_seed42/best.pth,False
0.09885001223330774,0.05199485199451741,0.9999999998762377,0.05199485199451741,0.03049324175852415,212.5316432689977,118,cvc-clinicdb,unetpp,polypseg/runs/unetpp_seed42/best.pth,False
0.44632230421062646,0.287268270259788,0.9493670885835603,0.2917379803929381,0.2288767258157667,192.717917898801,119,cvc-clinicdb,unetpp,polypseg/runs/unetpp_seed42/best.pth,False
0.82542979625928,0.7027504985487348,0.9479267116634628,0.7309694336787954,0.3661267807490377,37.36308338453881,12,cvc-clinicdb,unetpp,polypseg/runs/unetpp_seed42/best.pth,False
0.42838673930913107,0.2725777072667455,0.9782792070649878,0.27423740836915206,0.1354659022497653,181.6642384247678,120,cvc-clinicdb,unetpp,polypseg/runs/unetpp_seed42/best.pth,False
0.4885830740216129,0.32326161340646486,0.9737945492492349,0.3260984028530621,0.2497749348662718,189.26528996030314,121,cvc-clinicdb,unetpp,polypseg/runs/unetpp_seed42/best.pth,False
0.33696670776652543,0.20262174506078282,0.9999999999707261,0.20262174506078282,0.0,165.1382657911835,122,cvc-clinicdb,unetpp,polypseg/runs/unetpp_seed42/best.pth,False
0.7168637721458573,0.5586809541997788,0.96571113560126,0.5699876358393311,0.2396361222040455,129.10538218712722,123,cvc-clinicdb,unetpp,polypseg/runs/unetpp_seed42/best.pth,False
0.646077865433115,0.47718982424332185,0.7049972004429941,0.5962471883473645,0.19003391284768856,213.2059965351572,124,cvc-clinicdb,unetpp,polypseg/runs/unetpp_seed42/best.pth,False
0.8708953275861607,0.7713149620790519,0.9510832383015839,0.8031776600789294,0.5160997126361475,49.0,125,cvc-clinicdb,unetpp,polypseg/runs/unetpp_seed42/best.pth,False
0.87280029593155,0.7743084856936304,0.9850888703210653,0.7834914610931357,0.6824910380149721,53.46727099422138,126,cvc-clinicdb,unetpp,polypseg/runs/unetpp_seed42/best.pth,False
0.9469190794269958,0.8991892844395631,0.9023700035213589,0.9960952752636452,0.6170109024479588,5.0,127,cvc-clinicdb,unetpp,polypseg/runs/unetpp_seed42/best.pth,False
0.9625567914698216,0.9278163696628237,0.9320388349373174,0.9951409134921422,0.7609193117311102,3.0,128,cvc-clinicdb,unetpp,polypseg/runs/unetpp_seed42/best.pth,False
0.9720236627990385,0.9455700755191754,0.9481846597625848,0.9970922882301253,0.8156753370851422,4.242640687119285,129,cvc-clinicdb,unetpp,polypseg/runs/unetpp_seed42/best.pth,False
0.9541264346840804,0.9122770345532868,0.9734572490633944,0.935548410139796,0.6239549541417669,11.0,13,cvc-clinicdb,unetpp,polypseg/runs/unetpp_seed42/best.pth,False
0.958037686194455,0.919455217814382,0.9252132873395786,0.9932768196337008,0.5873935381188927,6.324555320336759,130,cvc-clinicdb,unetpp,polypseg/runs/unetpp_seed42/best.pth,False
0.9630041209382645,0.928647972844002,0.9435622901647439,0.9832639939392656,0.6207288388906982,5.370857542457414,131,cvc-clinicdb,unetpp,polypseg/runs/unetpp_seed42/best.pth,False
0.9746812049438672,0.9506128334363625,0.9657571873106435,0.9837716843688907,0.923076084114202,2.8284271247461903,132,cvc-clinicdb,unetpp,polypseg/runs/unetpp_seed42/best.pth,False
0.9775750176638336,0.9561337355334825,0.9664591538436481,0.9889495579694625,0.922124643606653,2.7988091673838635,133,cvc-clinicdb,unetpp,polypseg/runs/unetpp_seed42/best.pth,False
0.9784062412860238,0.9577253511392646,0.9708321813523524,0.986099410264166,0.97430552910832,2.0,134,cvc-clinicdb,unetpp,polypseg/runs/unetpp_seed42/best.pth,False
0.9760774756253974,0.9532727842095002,0.9913366336569089,0.9612809499686629,0.7826457575000522,3.605551275463989,135,cvc-clinicdb,unetpp,polypseg/runs/unetpp_seed42/best.pth,False
0.9772227918522879,0.9554600787615076,0.9600661965681387,0.9950037285533556,0.7910745524041437,7.211102550927978,136,cvc-clinicdb,unetpp,polypseg/runs/unetpp_seed42/best.pth,False
0.9768436949367528,0.9547355473476445,0.9568540433846412,0.9976863753127876,0.811960724846846,5.0990195135927845,137,cvc-clinicdb,unetpp,polypseg/runs/unetpp_seed42/best.pth,False
0.9778507871294241,0.956661488182586,0.9620730524676108,0.9941546512219888,0.6967380825281868,4.123105625617661,138,cvc-clinicdb,unetpp,polypseg/runs/unetpp_seed42/best.pth,False
0.979972975579143,0.9607323650425286,0.96397037880488,0.9965158504220408,0.7544339571747922,4.0,139,cvc-clinicdb,unetpp,polypseg/runs/unetpp_seed42/best.pth,False
0.27703621989234406,0.16079050708485235,0.9426926926691018,0.16237768869277822,0.3177813653969753,138.5748759247733,14,cvc-clinicdb,unetpp,polypseg/runs/unetpp_seed42/best.pth,False
0.9871270766265392,0.9745813653886879,0.9788261675752347,0.9955699811351569,0.913527602695317,2.8284271247461903,140,cvc-clinicdb,unetpp,polypseg/runs/unetpp_seed42/best.pth,False
0.9594521598198967,0.9220644383383948,0.976068921502602,0.9433917006444046,0.4752528788378735,11.313708498984761,141,cvc-clinicdb,unetpp,polypseg/runs/unetpp_seed42/best.pth,False
0.9713966346614276,0.9443840720292463,0.9528900375902534,0.9906363229206911,0.6654256394046693,8.163432174913765,142,cvc-clinicdb,unetpp,polypseg/runs/unetpp_seed42/best.pth,False
0.9501267962706029,0.9049919484519929,0.9160554197042369,0.9868305530951091,0.6915131965273351,5.385164807134504,143,cvc-clinicdb,unetpp,polypseg/runs/unetpp_seed42/best.pth,False
0.9757259865942643,0.9526025007214155,0.9592972181495795,0.9927272727212562,0.7442739390862682,4.0,144,cvc-clinicdb,unetpp,polypseg/runs/unetpp_seed42/best.pth,False
0.9830229401664708,0.9666126985473827,0.986072672078448,0.9799920145469145,0.7831892943645374,3.605551275463989,145,cvc-clinicdb,unetpp,polypseg/runs/unetpp_seed42/best.pth,False
0.9791142651792599,0.9590831096794443,0.987005342746595,0.971348364669052,0.7476440439521602,4.0,146,cvc-clinicdb,unetpp,polypseg/runs/unetpp_seed42/best.pth,False
0.980327266037947,0.9614136314391531,0.9739880169445126,0.9867495743505311,0.8465674557210389,3.0,147,cvc-clinicdb,unetpp,polypseg/runs/unetpp_seed42/best.pth,False
0.9671430676245413,0.9363766048413088,0.9423813169894488,0.9932411984162892,0.7571200543417552,4.47213595499958,148,cvc-clinicdb,unetpp,polypseg/runs/unetpp_seed42/best.pth,False
0.9703223061324842,0.9423553718910913,0.9492195629453775,0.9923846823216668,0.8068647040992035,4.0,149,cvc-clinicdb,unetpp,polypseg/runs/unetpp_seed42/best.pth,False
0.22655868865199882,0.1277508802813387,0.9729729729525881,0.12820583607065067,0.1455560164773957,149.98132064924692,15,cvc-clinicdb,unetpp,polypseg/runs/unetpp_seed42/best.pth,False
0.9594340160839879,0.9220309244333585,0.9309123117700296,0.9897586815657473,0.6957522898128196,5.0,150,cvc-clinicdb,unetpp,polypseg/runs/unetpp_seed42/best.pth,False
0.9616147308713766,0.9260673850644378,0.934866427968399,0.9899387576408583,0.7236224162605807,4.0,151,cvc-clinicdb,unetpp,polypseg/runs/unetpp_seed42/best.pth,False
0.9659705918671296,0.9341809664885321,0.9886185441803398,0.9443370699606477,0.6038567205874794,8.54400374531753,152,cvc-clinicdb,unetpp,polypseg/runs/unetpp_seed42/best.pth,False
0.9443570733097854,0.8945800226887829,0.8962331201009776,0.9979423868154805,0.614534767274392,6.324555320336759,153,cvc-clinicdb,unetpp,polypseg/runs/unetpp_seed42/best.pth,False
0.0,0.0,0.0,0.0,0.0,75.05722417977496,154,cvc-clinicdb,unetpp,polypseg/runs/unetpp_seed42/best.pth,False
0.8822429906306477,0.789297658825165,0.7999999999612591,0.9833333332748015,0.5685599678955182,8.649999999999977,155,cvc-clinicdb,unetpp,polypseg/runs/unetpp_seed42/best.pth,False
0.9562565720193873,0.9161797299835548,0.9439485156540597,0.9688898359052016,0.7770073872943044,3.605551275463989,156,cvc-clinicdb,unetpp,polypseg/runs/unetpp_seed42/best.pth,False
0.9476513675092557,0.9005108556717687,0.955549532444023,0.9398826979346857,0.7724064029011888,11.0,157,cvc-clinicdb,unetpp,polypseg/runs/unetpp_seed42/best.pth,False
0.9686147186042356,0.9391395592667547,0.9427006530241689,0.9959937680615181,0.9651052297533771,2.0,158,cvc-clinicdb,unetpp,polypseg/runs/unetpp_seed42/best.pth,False
0.934166016108921,0.8764648437072039,0.8820638820205373,0.9928097344583623,0.8512022274678942,3.0,159,cvc-clinicdb,unetpp,polypseg/runs/unetpp_seed42/best.pth,False
0.8902167870977611,0.8021537690858733,0.9856901061550133,0.8116052198047434,0.6567503186110473,17.69180601295413,16,cvc-clinicdb,unetpp,polypseg/runs/unetpp_seed42/best.pth,False
0.9692694009268846,0.9403712296874666,0.9525264394717681,0.9866114897640382,0.8148625966470516,3.1622776601683795,160,cvc-clinicdb,unetpp,polypseg/runs/unetpp_seed42/best.pth,False
0.9298531810628822,0.8689024390003076,0.8756983239978856,0.9911476446098278,0.6786755214437135,5.0,161,cvc-clinicdb,unetpp,polypseg/runs/unetpp_seed42/best.pth,False
0.9565707839729594,0.9167567567402386,0.919573468264602,0.9966699314202415,0.7307261836372722,3.1622776601683795,162,cvc-clinicdb,unetpp,polypseg/runs/unetpp_seed42/best.pth,False
0.9647058823438616,0.9318181818012397,0.9381292330049766,0.992832235548376,0.8648029727762155,3.0,163,cvc-clinicdb,unetpp,polypseg/runs/unetpp_seed42/best.pth,False
0.9328232593583348,0.8741038141418381,0.9039145907205245,0.9636421118885982,0.6809510652962467,5.0,164,cvc-clinicdb,unetpp,polypseg/runs/unetpp_seed42/best.pth,False
0.9578722836891223,0.9191505692603409,0.9386022207584768,0.9779501837351579,0.621381075457244,3.18444134093314,165,cvc-clinicdb,unetpp,polypseg/runs/unetpp_seed42/best.pth,False
0.9659954660557007,0.9342274954741524,0.9449517349211459,0.9879978177715767,0.8077273610144223,3.4504055101105156,166,cvc-clinicdb,unetpp,polypseg/runs/unetpp_seed42/best.pth,False
0.9586044579681766,0.920499867032159,0.9306451612653053,0.9882957464747847,0.8427461868156211,4.0,167,cvc-clinicdb,unetpp,polypseg/runs/unetpp_seed42/best.pth,False
0.9544577383157616,0.9128829826335755,0.9144019227044851,0.998183652855738,0.7478568119796862,2.9227922061357874,168,cvc-clinicdb,unetpp,polypseg/runs/unetpp_seed42/best.pth,False
0.9696429896758728,0.9410747730738932,0.9523254118537349,0.9876020562293982,0.8286973797730142,3.1622776601683795,169,cvc-clinicdb,unetpp,polypseg/runs/unetpp_seed42/best.pth,False
0.6935483870937509,0.5308641975273215,0.9946236559015426,0.5323919154026744,0.47876506073532643,44.622858522984664,17,cvc-clinicdb,unetpp,polypseg/runs/unetpp_seed42/best.pth,False
0.9604636721076333,0.9239346873571499,0.9289289289103317,0.9942146989287719,0.7561727895080813,3.0,170,cvc-clinicdb,unetpp,polypseg/runs/unetpp_seed42/best.pth,False
0.959132610499869,0.9214743589579509,0.9260916248939497,0.9946184893139608,0.7818939259532475,3.1622776601683795,171,cvc-clinicdb,unetpp,polypseg/runs/unetpp_seed42/best.pth,False
0.9513911096745861,0.9072888075356118,0.9471505889542455,0.9556697718934896,0.7879796454327636,3.0,172,cvc-clinicdb,unetpp,polypseg/runs/unetpp_seed42/best.pth,False
0.9495853626389821,0.9040100250551043,0.9093277310847955,0.9935726746763972,0.6506661082120379,10.0,173,cvc-clinicdb,unetpp,polypseg/runs/unetpp_seed42/best.pth,False
0.7473164306857184,0.5965723898612313,0.6035849156927632,0.9808972253351119,0.4018601926456016,53.41974339920963,174,cvc-clinicdb,unetpp,polypseg/runs/unetpp_seed42/best.pth,False
0.97841393672613,0.9577400983629449,0.9823431795487398,0.9745160015739858,0.8296995758194706,5.0,175,cvc-clinicdb,unetpp,polypseg/runs/unetpp_seed42/best.pth,False
0.7989371678624603,0.6651918171846067,0.6651918171846067,0.9999999999921746,0.4076296562485532,52.12075325962337,176,cvc-clinicdb,unetpp,polypseg/runs/unetpp_seed42/best.pth,False
0.9060095885778459,0.8281695882508339,0.8348916058683356,0.9903717245461258,0.5003679085943941,25.0,177,cvc-clinicdb,unetpp,polypseg/runs/unetpp_seed42/best.pth,False
0.7335907335199237,0.5792682925946238,0.6209150325782818,0.8962264148829654,0.3887236327637618,8.015564437074637,178,cvc-clinicdb,unetpp,polypseg/runs/unetpp_seed42/best.pth,False
0.9088979839183129,0.8330091691905249,0.8330091691905249,0.9999999999666445,0.3321908279394681,4.242640687119285,179,cvc-clinicdb,unetpp,polypseg/runs/unetpp_seed42/best.pth,False
0.9521579714584434,0.9086846542925068,0.9815118396996219,0.9245088787773482,0.6792771559727769,8.0,18,cvc-clinicdb,unetpp,polypseg/runs/unetpp_seed42/best.pth,False
0.910361510537423,0.8354711395945863,0.8365028401867992,0.9985259433667888,0.5633231751568065,9.12074945151109,180,cvc-clinicdb,unetpp,polypseg/runs/unetpp_seed42/best.pth,False
0.90736004545457,0.830429128717024,0.8349895397271185,0.9934660858433894,0.4953444566260641,7.0710678118654755,181,cvc-clinicdb,unetpp,polypseg/runs/unetpp_seed42/best.pth,False
0.9092590146491975,0.8336158876039328,0.8473658296197104,0.9809062410663749,0.607966407060203,10.0,182,cvc-clinicdb,unetpp,polypseg/runs/unetpp_seed42/best.pth,False
0.909850912624915,0.8346114519214056,0.835038363149999,0.9993878175390454,0.5057470764433925,7.211102550927978,183,cvc-clinicdb,unetpp,polypseg/runs/unetpp_seed42/best.pth,False
0.9229411764570156,0.8569087929858845,0.8623248144857839,0.9927238215440455,0.6408960524336792,7.0,184,cvc-clinicdb,unetpp,polypseg/runs/unetpp_seed42/best.pth,False
0.9341992168758074,0.8765232974753312,0.8768375761764641,0.999591252789708,0.5185766496986896,6.324555320336759,185,cvc-clinicdb,unetpp,polypseg/runs/unetpp_seed42/best.pth,False
0.973881717196194,0.9490930368525559,0.9529964747244065,0.995702885193423,0.7850241045940426,3.1622776601683795,186,cvc-clinicdb,unetpp,polypseg/runs/unetpp_seed42/best.pth,False
0.9292587967349987,0.8678649835286233,0.8969722753960364,0.9639564123983543,0.4141624017078187,15.299953705407711,187,cvc-clinicdb,unetpp,polypseg/runs/unetpp_seed42/best.pth,False
0.9707090687729355,0.9430852243259435,0.9771021595881674,0.964399092963232,0.7086070633546657,5.0,188,cvc-clinicdb,unetpp,polypseg/runs/unetpp_seed42/best.pth,False
0.9545897485777178,0.9131245339128798,0.9587003327273693,0.9505142635173586,0.6788719780161131,4.0,189,cvc-clinicdb,unetpp,polypseg/runs/unetpp_seed42/best.pth,False
0.45777557428335075,0.2968281183010243,0.906413612550615,0.30621269069032603,0.2608407379320151,73.24616030891995,19,cvc-clinicdb,unetpp,polypseg/runs/unetpp_seed42/best.pth,False
0.9443561208130603,0.8945783132285166,0.9236641221112902,0.9659964517751036,0.6974654867759537,3.1622776601683795,190,cvc-clinicdb,unetpp,polypseg/runs/unetpp_seed42/best.pth,False
0.8759548926563858,0.7792880258395283,0.8124156544660988,0.9502762430189206,0.4987762419912156,5.407454161520036,191,cvc-clinicdb,unetpp,polypseg/runs/unetpp_seed42/best.pth,False
0.9191748393331358,0.8504380475062304,0.8964379946638233,0.9430950728006179,0.6503013517118925,3.605551275463989,192,cvc-clinicdb,unetpp,polypseg/runs/unetpp_seed42/best.pth,False
0.9132455460706188,0.8403421239900092,0.843347639454816,0.9957770269849757,0.6073343682032135,6.8978713763747725,193,cvc-clinicdb,unetpp,polypseg/runs/unetpp_seed42/best.pth,False
0.946957566043365,0.8992586960482939,0.9096327629127162,0.9874765184515242,0.7623456290599789,8.505834204116203,194,cvc-clinicdb,unetpp,polypseg/runs/unetpp_seed42/best.pth,False
0.9378787878686377,0.883024251051905,0.8859129012290756,0.9963209933088912,0.6074188847343138,6.4031242374328485,195,cvc-clinicdb,unetpp,polypseg/runs/unetpp_seed42/best.pth,False
0.9220999153162351,0.8554595443665464,0.8596802841748633,0.99429354026491,0.5544787443765096,8.449420855788075,196,cvc-clinicdb,unetpp,polypseg/runs/unetpp_seed42/best.pth,False
0.9395181445472406,0.8859351432713813,0.8882797731401082,0.997029492870846,0.6167793628078931,6.324555320336759,197,cvc-clinicdb,unetpp,polypseg/runs/unetpp_seed42/best.pth,False
0.9530623306129749,0.9103334023418859,0.923141537149871,0.9849876764287477,0.7098312045900251,7.0,198,cvc-clinicdb,unetpp,polypseg/runs/unetpp_seed42/best.pth,False
0.9425734024077873,0.8913842384464805,0.892112791154636,0.9990846681693574,0.6140776991399819,5.0990195135927845,199,cvc-clinicdb,unetpp,polypseg/runs/unetpp_seed42/best.pth,False
0.7466312163854413,0.5956995468103572,0.9832882380949921,0.6017923241739636,0.5768141050520141,41.64068805162581,2,cvc-clinicdb,unetpp,polypseg/runs/unetpp_seed42/best.pth,False
0.37650352097110396,0.23190904682239394,0.9009838810780619,0.2379741236302224,0.27577968678073006,92.77607089282388,20,cvc-clinicdb,unetpp,polypseg/runs/unetpp_seed42/best.pth,False
0.5041805657821592,0.3370597775698734,0.3370597775698734,0.999999999982815,0.03389826268319007,106.93826427162232,200,cvc-clinicdb,unetpp,polypseg/runs/unetpp_seed42/best.pth,False
0.47701661937382644,0.31321196635625886,0.3133287182474395,0.9988117467153487,0.05284711248019017,105.97640365119375,201,cvc-clinicdb,unetpp,polypseg/runs/unetpp_seed42/best.pth,False
0.540832507430422,0.3706445697183275,0.3706445697183275,0.999999999981675,0.06834166324085728,83.68928926270743,202,cvc-clinicdb,unetpp,polypseg/runs/unetpp_seed42/best.pth,False
0.7100305679909715,0.5504243359357387,0.5504243359357387,0.999999999979976,0.0,214.34178000647907,203,cvc-clinicdb,unetpp,polypseg/runs/unetpp_seed42/best.pth,False
0.8058268498459555,0.674799001921963,0.9651070578522956,0.6916737709380031,0.21265657418815226,15.644481719827223,204,cvc-clinicdb,unetpp,polypseg/runs/unetpp_seed42/best.pth,False
0.7551630081730724,0.6066360600875076,0.6222174657401066,0.9603567888681745,0.3084807779439875,40.19016967737427,205,cvc-clinicdb,unetpp,polypseg/runs/unetpp_seed42/best.pth,False
0.7761855132831149,0.6342346178344237,0.8881932021334498,0.6892642295153949,0.3228579464533587,133.72197006603918,206,cvc-clinicdb,unetpp,polypseg/runs/unetpp_seed42/best.pth,False
0.7230557467259252,0.56623908590529,0.9044421487447583,0.6022701215248535,0.31764951495332144,161.82287923481542,207,cvc-clinicdb,unetpp,polypseg/runs/unetpp_seed42/best.pth,False
0.7016460905246672,0.5404120443617747,0.9007547169471414,0.5746268656578087,0.3231273023703258,88.18702100676857,208,cvc-clinicdb,unetpp,polypseg/runs/unetpp_seed42/best.pth,False
0.748594688878686,0.5982032217906381,0.8291112064908068,0.6823321554529211,0.43327137658556,53.828330454316145,209,cvc-clinicdb,unetpp,polypseg/runs/unetpp_seed42/best.pth,False
0.6001257246615909,0.42869973056438576,0.9854717846690206,0.43142637163849823,0.46201353892355873,101.06927106009081,21,cvc-clinicdb,unetpp,polypseg/runs/unetpp_seed42/best.pth,False
0.7021793948110991,0.5410450350407985,0.9536448140841876,0.5556584948668911,0.29775351372762593,169.0,210,cvc-clinicdb,unetpp,polypseg/runs/unetpp_seed42/best.pth,False
0.7136998480004769,0.5548470525258412,0.9465956637432742,0.5727766525475383,0.2901030126051318,175.69360930967855,211,cvc-clinicdb,unetpp,polypseg/runs/unetpp_seed42/best.pth,False
0.8019727378560108,0.669411092048774,0.9637800460901894,0.6866862170047702,0.5334299006577781,173.58453260490663,212,cvc-clinicdb,unetpp,polypseg/runs/unetpp_seed42/best.pth,False
0.8576879833707277,0.7508351228778881,0.9566770540324034,0.7772631838904701,0.5151093291735344,131.58114163944057,213,cvc-clinicdb,unetpp,polypseg/runs/unetpp_seed42/best.pth,False
0.8849467815464523,0.7936363636291487,0.9576568670364451,0.8224985867644384,0.5457556608560414,108.73582180973918,214,cvc-clinicdb,unetpp,polypseg/runs/unetpp_seed42/best.pth,False
0.9770350919027116,0.9551012788112097,0.9558150396921455,0.999218749990242,0.8695978455285718,3.0,215,cvc-clinicdb,unetpp,polypseg/runs/unetpp_seed42/best.pth,False
0.9067834772959971,0.8294637507427391,0.9121232086895723,0.9015059014985631,0.3746711764821052,58.74731898113717,216,cvc-clinicdb,unetpp,polypseg/runs/unetpp_seed42/best.pth,False
0.9575457350151759,0.9185493955738344,0.9226260257835988,0.9952127179026716,0.5008867997062585,4.0,217,cvc-clinicdb,unetpp,polypseg/runs/unetpp_seed42/best.pth,False
0.9531683497894065,0.9105268737314689,0.9134318834317405,0.9965193177747241,0.5559461058816267,4.123105625617661,218,cvc-clinicdb,unetpp,polypseg/runs/unetpp_seed42/best.pth,False
0.8998446108143816,0.8179250128297647,0.8973094801958401,0.9023941068012128,0.5009313829849823,47.13959466715379,219,cvc-clinicdb,unetpp,polypseg/runs/unetpp_seed42/best.pth,False
0.3564290168991095,0.2168625636275486,0.9644385907065818,0.21861063944877387,0.14730797490536593,206.32304420593613,22,cvc-clinicdb,unetpp,polypseg/runs/unetpp_seed42/best.pth,False
0.9499422410382177,0.9046571323633177,0.9054872453495048,0.9989876493014985,0.7119537176963445,4.0,220,cvc-clinicdb,unetpp,polypseg/runs/unetpp_seed42/best.pth,False
0.9056158565254174,0.827511858541882,0.8681293824730123,0.9464858199519979,0.5473639191490739,26.76830409443721,221,cvc-clinicdb,unetpp,polypseg/runs/unetpp_seed42/best.pth,False
0.9124570219397983,0.8390077820807634,0.8390077820807634,0.9999999999710145,0.36299478650674194,4.0,222,cvc-clinicdb,unetpp,polypseg/runs/unetpp_seed42/best.pth,False
0.9198731209361485,0.8516343207136968,0.8544709197833854,0.9961170847970097,0.5896540052498844,6.420467473377411,223,cvc-clinicdb,unetpp,polypseg/runs/unetpp_seed42/best.pth,False
0.9289313640151359,0.867293964929679,0.869268292654658,0.9973880596642766,0.7242555919535302,6.4031242374328485,224,cvc-clinicdb,unetpp,polypseg/runs/unetpp_seed42/best.pth,False
0.9229494614619863,0.8569230769011046,0.8571428571208736,0.9997008674543912,0.6864053601022626,6.0,225,cvc-clinicdb,unetpp,polypseg/runs/unetpp_seed42/best.pth,False
0.9425162689719584,0.8912820512668157,0.893267089242877,0.9975129136981536,0.6676492463224006,5.643269777374484,226,cvc-clinicdb,unetpp,polypseg/runs/unetpp_seed42/best.pth,False
0.9115232593354892,0.8374301675743735,0.839070808820625,0.9976705490516583,0.48423014620799804,5.385164807134504,227,cvc-clinicdb,unetpp,polypseg/runs/unetpp_seed42/best.pth,False
0.8994369437494736,0.8172516228318049,0.9202180376496505,0.8795737122453573,0.38672322334435916,25.671813419176534,228,cvc-clinicdb,unetpp,polypseg/runs/unetpp_seed42/best.pth,False
0.8838755032857168,0.7919147961430151,0.9601499583315725,0.8188277086936787,0.40857504765053454,37.0,229,cvc-clinicdb,unetpp,polypseg/runs/unetpp_seed42/best.pth,False
0.8551570415382874,0.7469644943157387,0.9405393358549563,0.7839866245558834,0.5264410735039878,43.0,23,cvc-clinicdb,unetpp,polypseg/runs/unetpp_seed42/best.pth,False
0.8534087584100911,0.7443007825759429,0.9317927692831489,0.7871890603176321,0.24056869342989368,56.2579911503079,230,cvc-clinicdb,unetpp,polypseg/runs/unetpp_seed42/best.pth,False
0.8480809784877039,0.7362331575828147,0.9222161071306658,0.7849781386592495,0.3134341487566589,61.7696249659486,231,cvc-clinicdb,unetpp,polypseg/runs/unetpp_seed42/best.pth,False
0.8738136653517843,0.7759050509387821,0.9610014767018324,0.8011303228649704,0.3216813965760419,31.81423352002984,232,cvc-clinicdb,unetpp,polypseg/runs/unetpp_seed42/best.pth,False
0.9037705633981546,0.824435590965076,0.9687285437802339,0.84697664264982,0.36535555335654557,25.763810730169283,233,cvc-clinicdb,unetpp,polypseg/runs/unetpp_seed42/best.pth,False
0.9219983043079567,0.8552846512138951,0.9754364175741707,0.8741111729371538,0.45648862925110967,21.470910553583888,234,cvc-clinicdb,unetpp,polypseg/runs/unetpp_seed42/best.pth,False
0.9173252498974511,0.8472768482044711,0.9461068929511232,0.8902430482532027,0.2792808018451199,14.81038361942169,235,cvc-clinicdb,unetpp,polypseg/runs/unetpp_seed42/best.pth,False
0.9272837580129689,0.8644259513544119,0.9307525010793323,0.923840773673052,0.4712863547370096,12.183240789735006,236,cvc-clinicdb,unetpp,polypseg/runs/unetpp_seed42/best.pth,False
0.9179776052726593,0.8483905783705898,0.8719738988523851,0.9691058089711428,0.2991640203696656,14.0,237,cvc-clinicdb,unetpp,polypseg/runs/unetpp_seed42/best.pth,False
0.9400380952345141,0.8868602645134641,0.9442106068650477,0.9359022984075255,0.5574042762927057,25.104743461983766,238,cvc-clinicdb,unetpp,polypseg/runs/unetpp_seed42/best.pth,False
0.95572717540543,0.9152083180719396,0.9717017802925312,0.9402693146698241,0.6418857921150398,14.317821063276353,239,cvc-clinicdb,unetpp,polypseg/runs/unetpp_seed42/best.pth,False
0.9012774728545376,0.8202957986090471,0.9879670012033631,0.8285739467617285,0.6026799719919823,28.0,24,cvc-clinicdb,unetpp,polypseg/runs/unetpp_seed42/best.pth,False
0.9609969250648932,0.9249221183728588,0.9836825975235344,0.9393340188172163,0.7452571311109335,15.808861713374167,240,cvc-clinicdb,unetpp,polypseg/runs/unetpp_seed42/best.pth,False
0.9130944723963789,0.8400863269225836,0.9645112301097872,0.8668821839018184,0.4938014236346307,35.806216021416716,241,cvc-clinicdb,unetpp,polypseg/runs/unetpp_seed42/best.pth,False
0.8703774466060783,0.7705028940782492,0.9857664935469728,0.7791714177059735,0.37149670267866813,32.523064411810914,242,cvc-clinicdb,unetpp,polypseg/runs/unetpp_seed42/best.pth,False
0.8913162206400311,0.8039408866923068,0.8969721195073751,0.885731201885872,0.3908251286096105,35.05709628591621,243,cvc-clinicdb,unetpp,polypseg/runs/unetpp_seed42/best.pth,False
0.9134303360153175,0.8406551059649262,0.9003301692024315,0.926917357117836,0.4211740137694256,26.033729338932794,244,cvc-clinicdb,unetpp,polypseg/runs/unetpp_seed42/best.pth,False
0.9053300479775299,0.8270347115172724,0.92353485909613,0.887829072861658,0.4518488219398707,25.98829332270032,245,cvc-clinicdb,unetpp,polypseg/runs/unetpp_seed42/best.pth,False
0.8165104863863609,0.6899178040819702,0.9049455984084575,0.7438211382053347,0.49220320804016776,49.905320705668494,246,cvc-clinicdb,unetpp,polypseg/runs/unetpp_seed42/best.pth,False
0.9068986363911234,0.8296564861990434,0.9139588410444492,0.8999466737708308,0.3820401372158622,25.9882957650375,247,cvc-clinicdb,unetpp,polypseg/runs/unetpp_seed42/best.pth,False
0.916340361442333,0.8455979431530428,0.9224530018122918,0.9103081986766134,0.41717966498487996,25.565825620308626,248,cvc-clinicdb,unetpp,polypseg/runs/unetpp_seed42/best.pth,False
0.8972602739684503,0.8136645962664624,0.8865922809503695,0.9081881206585329,0.49378847543138643,22.0,249,cvc-clinicdb,unetpp,polypseg/runs/unetpp_seed42/best.pth,False
0.13899175068718791,0.07468626253457576,0.9950131233334643,0.07471422940466158,0.20880499021906596,196.87432204125207,25,cvc-clinicdb,unetpp,polypseg/runs/unetpp_seed42/best.pth,False
0.885393258422733,0.7943548387028624,0.8621845609380557,0.9098860062803666,0.3842084545334656,22.115593907116793,250,cvc-clinicdb,unetpp,polypseg/runs/unetpp_seed42/best.pth,False
0.8561403508719228,0.7484662576606558,0.8416848220667914,0.8711010898049467,0.41020989543927516,27.211141864137282,251,cvc-clinicdb,unetpp,polypseg/runs/unetpp_seed42/best.pth,False
0.8558785823545102,0.7480662184576876,0.806170146456792,0.9121198765895802,0.42917133027166077,28.58114589985717,252,cvc-clinicdb,unetpp,polypseg/runs/unetpp_seed42/best.pth,False
0.9399615352434568,0.8867239883218162,0.9708930730654219,0.9109400324112198,0.6587469415602959,22.476646218799864,253,cvc-clinicdb,unetpp,polypseg/runs/unetpp_seed42/best.pth,False
0.7499934683193991,0.5999916394925173,0.9682925183770607,0.6120160327451304,0.27399231308885186,44.01136216933077,254,cvc-clinicdb,unetpp,polypseg/runs/unetpp_seed42/best.pth,False
0.8150643659249108,0.6878553927202262,0.9685587814023658,0.7035653489658428,0.48844128237802253,57.293893978382485,255,cvc-clinicdb,unetpp,polypseg/runs/unetpp_seed42/best.pth,False
0.5844431938955029,0.4128715932664302,0.9836876446960251,0.4157178437981866,0.11334132584726175,57.70699288517354,256,cvc-clinicdb,unetpp,polypseg/runs/unetpp_seed42/best.pth,False
0.9293542798167584,0.8680315647810174,0.9730148377589556,0.8894436785002443,0.49378129590244146,27.213946972473323,257,cvc-clinicdb,unetpp,polypseg/runs/unetpp_seed42/best.pth,False
0.9467877155619938,0.8989524045166256,0.977004796266184,0.9183836851602478,0.5866917001692602,26.492245291445766,258,cvc-clinicdb,unetpp,polypseg/runs/unetpp_seed42/best.pth,False
0.8533574224611369,0.7442226890726236,0.975068812190477,0.7586590338093214,0.4920890584487543,37.508313545676224,259,cvc-clinicdb,unetpp,polypseg/runs/unetpp_seed42/best.pth,False
0.9093749999715821,0.8338108882043661,0.8352468426615817,0.9979423867628296,0.6759002270179056,5.0990195135927845,26,cvc-clinicdb,unetpp,polypseg/runs/unetpp_seed42/best.pth,False
0.8205374972912914,0.6956876504398201,0.9692491331724592,0.7113892365427142,0.4309865726225541,64.93491762529126,260,cvc-clinicdb,unetpp,polypseg/runs/unetpp_seed42/best.pth,False
0.8591122715382269,0.7530208714722033,0.976263944926559,0.7670645281575574,0.503083587867213,39.491716553581746,261,cvc-clinicdb,unetpp,polypseg/runs/unetpp_seed42/best.pth,False
0.9061027875149431,0.8283253464523486,0.9785785326219985,0.8436222134227435,0.6172314949556611,29.268572193489767,262,cvc-clinicdb,unetpp,polypseg/runs/unetpp_seed42/best.pth,False
0.1837489184285082,0.10116933737461091,0.8330955776866551,0.10326231102375331,0.20190205335949515,166.82265877643232,263,cvc-clinicdb,unetpp,polypseg/runs/unetpp_seed42/best.pth,False
0.8605828186643317,0.7552833437666121,0.9897430637417829,0.761241716626849,0.5623818027835493,34.19428778979082,264,cvc-clinicdb,unetpp,polypseg/runs/unetpp_seed42/best.pth,False
0.8996422598994525,0.8175907044714802,0.9807994092080642,0.8308895405637111,0.594485464704203,43.45313136303996,265,cvc-clinicdb,unetpp,polypseg/runs/unetpp_seed42/best.pth,False
0.8699227100787906,0.7697904540134975,0.9639651952031162,0.7925984192950796,0.47764481884485266,32.41809825758016,266,cvc-clinicdb,unetpp,polypseg/runs/unetpp_seed42/best.pth,False
0.9014975981890322,0.82066056178197,0.980454824824951,0.8343096234265988,0.5695273807519692,23.0,267,cvc-clinicdb,unetpp,polypseg/runs/unetpp_seed42/best.pth,False
0.6989990279255471,0.5372778675261014,0.9999999999924828,0.5372778675261014,0.06560263063339249,80.4114419718985,268,cvc-clinicdb,unetpp,polypseg/runs/unetpp_seed42/best.pth,False
0.5283720930213653,0.3590391908958522,0.7485806974782179,0.40827159128382023,0.28958727304561294,78.82405674388247,269,cvc-clinicdb,unetpp,polypseg/runs/unetpp_seed42/best.pth,False
0.9324840764034241,0.8735083531698383,0.8872727272189531,0.9825503355045268,0.7807952943428813,3.0081138830084164,27,cvc-clinicdb,unetpp,polypseg/runs/unetpp_seed42/best.pth,False
0.8377039470119064,0.7207319898043978,0.9764624654721538,0.7334747760455753,0.5601311092082507,58.7936915076189,270,cvc-clinicdb,unetpp,polypseg/runs/unetpp_seed42/best.pth,False
0.6903152903625056,0.5270850955827201,0.9934948979528475,0.5289104675227349,0.38154648757921766,75.45718695745369,271,cvc-clinicdb,unetpp,polypseg/runs/unetpp_seed42/best.pth,False
0.8977533518527332,0.8144759191254877,0.9583830308469798,0.844338416969571,0.49363077413390977,56.827480138359384,272,cvc-clinicdb,unetpp,polypseg/runs/unetpp_seed42/best.pth,False
0.8949927763471317,0.8099429190956027,0.9819833752136787,0.8221603599494314,0.6057060465498552,53.31322396682026,273,cvc-clinicdb,unetpp,polypseg/runs/unetpp_seed42/best.pth,False
0.9018907001588357,0.8213123231806609,0.9866973650513953,0.8305084745737165,0.5850000178625285,33.74756081437323,274,cvc-clinicdb,unetpp,polypseg/runs/unetpp_seed42/best.pth,False
0.811256344605823,0.6824485169065465,0.9731142241326879,0.695563429096913,0.4485318060487907,61.342885363038256,275,cvc-clinicdb,unetpp,polypseg/runs/unetpp_seed42/best.pth,False
0.9273189019206015,0.8644870349453687,0.9936761351804184,0.8692694871406644,0.6716806184053261,53.41157593604811,276,cvc-clinicdb,unetpp,polypseg/runs/unetpp_seed42/best.pth,False
0.9114164546194693,0.8372498909129387,0.9410116295296271,0.8836260772259481,0.5525563684699009,42.30339216066733,277,cvc-clinicdb,unetpp,polypseg/runs/unetpp_seed42/best.pth,False
0.7538495871289032,0.6049426933880752,0.8019943019562207,0.7111578947068986,0.45892805697622524,16.72114644123877,278,cvc-clinicdb,unetpp,polypseg/runs/unetpp_seed42/best.pth,False
0.9535849737953118,0.9112875388018196,0.9438684304274627,0.9635036495998722,0.8427376617410681,3.605551275463989,279,cvc-clinicdb,unetpp,polypseg/runs/unetpp_seed42/best.pth,False
0.9232939969096551,0.8575172742230757,0.8750303914204953,0.9771925060826177,0.6569998904516251,7.0,28,cvc-clinicdb,unetpp,polypseg/runs/unetpp_seed42/best.pth,False
0.9257309941385127,0.8617310832645148,0.8659737417706244,0.9943467336371122,0.5778637418202845,5.0,280,cvc-clinicdb,unetpp,polypseg/runs/unetpp_seed42/best.pth,False
0.9185560481200943,0.8493792457050977,0.8545840207199015,0.9928806133353538,0.5562598549581746,7.634984450570718,281,cvc-clinicdb,unetpp,polypseg/runs/unetpp_seed42/best.pth,False
0.9474050046229447,0.9000660356394439,0.9018526687052966,0.9978038067106442,0.6802907766332602,4.123105625617661,282,cvc-clinicdb,unetpp,polypseg/runs/unetpp_seed42/best.pth,False
0.930731932568336,0.8704383502295306,0.8774488463021888,0.9909046214112364,0.5868971292688159,6.0,283,cvc-clinicdb,unetpp,polypseg/runs/unetpp_seed42/best.pth,False
0.8236567871048361,0.7001840772963602,0.7076744185881937,0.985108449304464,0.34827103318424407,17.073314567275048,284,cvc-clinicdb,unetpp,polypseg/runs/unetpp_seed42/best.pth,False
0.8706608382505701,0.7709471766673281,0.7721778791157998,0.9979369289420001,0.41172288413853175,12.064392845933549,285,cvc-clinicdb,unetpp,polypseg/runs/unetpp_seed42/best.pth,False
0.5330090837527143,0.36333495855325854,0.36333495855325854,0.9999999999731616,0.253618906700721,63.819259028643714,286,cvc-clinicdb,unetpp,polypseg/runs/unetpp_seed42/best.pth,False
0.9115259740136428,0.8374347501656119,0.8671814671591459,0.9606501282874067,0.5907472809665573,8.584768683122014,287,cvc-clinicdb,unetpp,polypseg/runs/unetpp_seed42/best.pth,False
0.919188050543608,0.8504606661740973,0.8727272727061157,0.9708737863815838,0.5450952571738494,6.0,288,cvc-clinicdb,unetpp,polypseg/runs/unetpp_seed42/best.pth,False
0.9589368373755572,0.9211130234962389,0.9296467863077694,0.9901325932472979,0.8702785463053542,3.0,289,cvc-clinicdb,unetpp,polypseg/runs/unetpp_seed42/best.pth,False
0.9537108301159569,0.911517444285172,0.9300879262078042,0.978564981927379,0.7292993130755844,3.605551275463989,29,cvc-clinicdb,unetpp,polypseg/runs/unetpp_seed42/best.pth,False
0.9083473658670111,0.8320846187381189,0.8320846187381189,0.9999999999470338,0.6169802091718822,5.735198189901193,290,cvc-clinicdb,unetpp,polypseg/runs/unetpp_seed42/best.pth,False
0.8911825419967213,0.8037234042125678,0.8683908045477936,0.9152029072734583,0.5592036728612643,5.830951894845301,291,cvc-clinicdb,unetpp,polypseg/runs/unetpp_seed42/best.pth,False
0.2648853702772836,0.15266159695720746,0.15266159695720746,0.9999999999584891,0.13029669288821988,89.74481386314247,292,cvc-clinicdb,unetpp,polypseg/runs/unetpp_seed42/best.pth,False
0.9543943624391119,0.9127670396512522,0.9240473738176095,0.9868023095686884,0.7896794877412272,3.0,293,cvc-clinicdb,unetpp,polypseg/runs/unetpp_seed42/best.pth,False
0.9605279857728072,0.9240537240311587,0.9260890846567281,0.9976272079884623,0.884704693466544,3.0,294,cvc-clinicdb,unetpp,polypseg/runs/unetpp_seed42/best.pth,False
0.928234677829646,0.8660801563815719,0.871618298060216,0.9927170868069267,0.6549568697824213,5.385164807134504,295,cvc-clinicdb,unetpp,polypseg/runs/unetpp_seed42/best.pth,False
0.9204352260979185,0.852598425169997,0.8612790327438347,0.9883169039434715,0.6518260535355136,5.0841665865538666,296,cvc-clinicdb,unetpp,polypseg/runs/unetpp_seed42/best.pth,False
0.9248437763735038,0.8601947847671947,0.8860841423661462,0.967149417132916,0.6377691383334171,5.0,297,cvc-clinicdb,unetpp,polypseg/runs/unetpp_seed42/best.pth,False
0.9655484357258534,0.933391633859009,0.9870530209465621,0.9449608971381885,0.8358463227517132,5.0,298,cvc-clinicdb,unetpp,polypseg/runs/unetpp_seed42/best.pth,False
0.9683639650351256,0.9386682242716511,0.9608370702253861,0.9760097175531124,0.9290349628114574,2.23606797749979,299,cvc-clinicdb,unetpp,polypseg/runs/unetpp_seed42/best.pth,False
0.8046728694129048,0.6731821346828152,0.9919384389813709,0.67688537707203,0.6213026502133058,43.08358553214758,3,cvc-clinicdb,unetpp,polypseg/runs/unetpp_seed42/best.pth,False
0.9663879324426605,0.9349619289241226,0.9540304305497568,0.9790697674310179,0.8269398223549989,6.708203932499369,30,cvc-clinicdb,unetpp,polypseg/runs/unetpp_seed42/best.pth,False
0.932857321803001,0.8741636342191083,0.978452240165833,0.8913225613298464,0.6667979242745635,22.169654044251537,300,cvc-clinicdb,unetpp,polypseg/runs/unetpp_seed42/best.pth,False
0.9275998244762825,0.8649754500676764,0.9774366561683477,0.8825985303793822,0.6828913501633355,21.992016483392074,301,cvc-clinicdb,unetpp,polypseg/runs/unetpp_seed42/best.pth,False
0.9575805629441152,0.9186134955892794,0.9634188034078242,0.9518126547967595,0.7793831055649472,17.589603370785735,302,cvc-clinicdb,unetpp,polypseg/runs/unetpp_seed42/best.pth,False
0.8983292046545178,0.8154243612973359,0.9969583528194085,0.8174580335653001,0.44237015684101394,37.608336063174995,303,cvc-clinicdb,unetpp,polypseg/runs/unetpp_seed42/best.pth,False
0.8923351556348748,0.8056003223125946,0.975841874073013,0.8219938334961767,0.5471624648182808,30.311142619266427,304,cvc-clinicdb,unetpp,polypseg/runs/unetpp_seed42/best.pth,False
0.9073079090704215,0.8303417921681429,0.9813866536537317,0.8436277249801312,0.5514822989699507,28.99391172542829,305,cvc-clinicdb,unetpp,polypseg/runs/unetpp_seed42/best.pth,False
0.9489933434047678,0.90293751942453,0.9996988599655853,0.9031831785110063,0.6046831456302357,24.274101132914534,306,cvc-clinicdb,unetpp,polypseg/runs/unetpp_seed42/best.pth,False
0.9060135790450726,0.8281762567530084,0.9736293516679838,0.8471793941515764,0.46739925896363216,24.367977620816415,307,cvc-clinicdb,unetpp,polypseg/runs/unetpp_seed42/best.pth,False
0.9543489106895295,0.9126838966130203,0.9162541912748183,0.9957487419660268,0.4710639556290615,5.830951894845301,308,cvc-clinicdb,unetpp,polypseg/runs/unetpp_seed42/best.pth,False
0.8998685939474387,0.8179646440385736,0.822154634211267,0.9938080495163737,0.5264043031338791,17.208912138457837,309,cvc-clinicdb,unetpp,polypseg/runs/unetpp_seed42/best.pth,False
0.9581889857785318,0.9197339754509833,0.9556773501613763,0.9607138579355525,0.6917880082692035,5.0,31,cvc-clinicdb,unetpp,polypseg/runs/unetpp_seed42/best.pth,False
0.9657692307506583,0.9338043882136927,0.943984962370527,0.9885826771264338,0.9406343263443392,2.23606797749979,310,cvc-clinicdb,unetpp,polypseg/runs/unetpp_seed42/best.pth,False
0.9220183486087481,0.8553191489101727,0.8698608964182424,0.9808295573028641,0.6191198286234068,4.47213595499958,311,cvc-clinicdb,unetpp,polypseg/runs/unetpp_seed42/best.pth,False
0.9212538225947533,0.8540042522428062,0.8999253173338367,0.9436178542722303,0.8069163765632168,4.012310562561765,312,cvc-clinicdb,unetpp,polypseg/runs/unetpp_seed42/best.pth,False
0.8922720502987566,0.8054974604002765,0.9928190020071291,0.8102178812800869,0.5466806722841686,17.09527866794937,313,cvc-clinicdb,unetpp,polypseg/runs/unetpp_seed42/best.pth,False
0.9552399784231814,0.9143152099000422,0.9921583270974339,0.9209705372510575,0.7447744205096031,8.96649455562681,314,cvc-clinicdb,unetpp,polypseg/runs/unetpp_seed42/best.pth,False
0.8019206259794246,0.6693384790427522,0.9926621661212748,0.6726666998126762,0.6219558897285216,56.15869454987471,315,cvc-clinicdb,unetpp,polypseg/runs/unetpp_seed42/best.pth,False
0.9659271969589319,0.9340997985038103,0.9426751592328498,0.9903553139989622,0.7298288008632215,21.633307652783937,316,cvc-clinicdb,unetpp,polypseg/runs/unetpp_seed42/best.pth,False
0.961895019496957,0.9265874237794753,0.9837191055251489,0.9410182636918875,0.7437355225982429,9.964823227814081,317,cvc-clinicdb,unetpp,polypseg/runs/unetpp_seed42/best.pth,False
0.9498299319525971,0.904453441258929,0.9738448125120382,0.9269709543183831,0.8931859536985484,4.123105625617661,318,cvc-clinicdb,unetpp,polypseg/runs/unetpp_seed42/best.pth,False
0.951473136898588,0.9074380164989277,0.9080383724476335,0.9992719329814609,0.8667943917836137,3.0,319,cvc-clinicdb,unetpp,polypseg/runs/unetpp_seed42/best.pth,False
0.9633802816851154,0.9293478260776031,0.959775491103214,0.9670122525817675,0.7360697128345627,5.0,32,cvc-clinicdb,unetpp,polypseg/runs/unetpp_seed42/best.pth,False
0.9560612888580885,0.9158212820868591,0.9317083882096683,0.981721425243366,0.8041584945146948,4.012310562561762,320,cvc-clinicdb,unetpp,polypseg/runs/unetpp_seed42/best.pth,False
0.9450410612685957,0.8958083832201227,0.8958083832201227,0.9999999999832888,0.504271371837448,4.0,321,cvc-clinicdb,unetpp,polypseg/runs/unetpp_seed42/best.pth,False
0.9661853188870867,0.9345827028176628,0.9392840430400177,0.9946729434961017,0.7091345653872191,4.0,322,cvc-clinicdb,unetpp,polypseg/runs/unetpp_seed42/best.pth,False
0.9561373348349322,0.9159608507348393,0.9282784930765066,0.9857200729087935,0.5159695015459762,4.218733674818955,323,cvc-clinicdb,unetpp,polypseg/runs/unetpp_seed42/best.pth,False
0.9563524743508546,0.9163558106037826,0.9180681328026726,0.9979687499844068,0.6747648234931745,4.123105625617661,324,cvc-clinicdb,unetpp,polypseg/runs/unetpp_seed42/best.pth,False
0.9087460063807034,0.8327538883653659,0.8327538883653659,0.9999999999780268,0.18238988723350916,5.0,325,cvc-clinicdb,unetpp,polypseg/runs/unetpp_seed42/best.pth,False
0.9099536775402783,0.8347844112596438,0.8351306511647629,0.9995035988831099,0.32871221134030265,7.162090392256099,326,cvc-clinicdb,unetpp,polypseg/runs/unetpp_seed42/best.pth,False
0.9409374153218513,0.8884625223615129,0.8925726034209054,0.9948438842453496,0.5839415558500761,4.141035884842902,327,cvc-clinicdb,unetpp,polypseg/runs/unetpp_seed42/best.pth,False
0.8913066003430596,0.8039252336298331,0.8141207647016067,0.9846611721386296,0.2009241917293421,10.720826148465228,328,cvc-clinicdb,unetpp,polypseg/runs/unetpp_seed42/best.pth,False
0.9557242251638653,0.9152029073104139,0.9298461538270801,0.9830839297119263,0.7517225793451462,4.0,329,cvc-clinicdb,unetpp,polypseg/runs/unetpp_seed42/best.pth,False
0.9645559537989975,0.9315384615304996,0.9575645756373434,0.9716501738346113,0.7179280804170168,5.0,33,cvc-clinicdb,unetpp,polypseg/runs/unetpp_seed42/best.pth,False
0.9615900704380946,0.9260216443074459,0.9438590714365516,0.9799999999832479,0.8376576787114092,6.191569285815559,330,cvc-clinicdb,unetpp,polypseg/runs/unetpp_seed42/best.pth,False
0.9606099110485349,0.9242053789618068,0.9445277361201333,0.977249224392745,0.658643001929237,3.605551275463989,331,cvc-clinicdb,unetpp,polypseg/runs/unetpp_seed42/best.pth,False
0.9791775117041542,0.9592044874900696,0.9669294036845969,0.9917398945344158,0.9707560630293934,2.0,332,cvc-clinicdb,unetpp,polypseg/runs/unetpp_seed42/best.pth,False
0.9523366225940016,0.9090101297154966,0.9107905982743806,0.9978540772337524,0.6685601863830848,3.1622776601683795,333,cvc-clinicdb,unetpp,polypseg/runs/unetpp_seed42/best.pth,False
0.946007738296289,0.8975471383130729,0.917604912983323,0.9762250453543335,0.5807815138359618,4.073863375370592,334,cvc-clinicdb,unetpp,polypseg/runs/unetpp_seed42/best.pth,False
0.9544400264997146,0.9128505783407883,0.9300936389904731,0.9800952704834962,0.6474728360188343,3.605551275463989,335,cvc-clinicdb,unetpp,polypseg/runs/unetpp_seed42/best.pth,False
0.9596897826588539,0.9225034673903866,0.9249087432483069,0.9971889055285384,0.7510713305464853,3.1622776601683795,336,cvc-clinicdb,unetpp,polypseg/runs/unetpp_seed42/best.pth,False
0.9582116940448894,0.9197758206417971,0.9273490474503173,0.9911993097326799,0.6915673675370264,5.0,337,cvc-clinicdb,unetpp,polypseg/runs/unetpp_seed42/best.pth,False
0.9709860219079297,0.9436081944273176,0.9515734912924726,0.9912070960201218,0.6635188095967124,4.123105625617661,338,cvc-clinicdb,unetpp,polypseg/runs/unetpp_seed42/best.pth,False
0.9362812835722972,0.8801963048244748,0.8817235395927784,0.998036006513976,0.6372808725292612,3.0,339,cvc-clinicdb,unetpp,polypseg/runs/unetpp_seed42/best.pth,False
0.9670547059197515,0.93621096050477,0.9678647578286953,0.9662460088039191,0.840913635062394,3.1622776601683795,34,cvc-clinicdb,unetpp,polypseg/runs/unetpp_seed42/best.pth,False
0.9367557554660821,0.8810353409218001,0.9271870088566166,0.9465240641205067,0.8538515531665206,2.8284271247461903,340,cvc-clinicdb,unetpp,polypseg/runs/unetpp_seed42/best.pth,False
0.9535113748574974,0.9111531190581795,0.9142640363841327,0.9962794542787814,0.8962047968222275,2.8284271247461903,341,cvc-clinicdb,unetpp,polypseg/runs/unetpp_seed42/best.pth,False
0.9699780327009399,0.941706161126283,0.9452901997984622,0.9959899749248623,0.7904928067336467,3.605551275463989,342,cvc-clinicdb,unetpp,polypseg/runs/unetpp_seed42/best.pth,False
0.9354540654637311,0.8787352758725513,0.9095225872573214,0.9629076086825692,0.766334390791373,12.153153197546155,343,cvc-clinicdb,unetpp,polypseg/runs/unetpp_seed42/best.pth,False
0.9534050179177636,0.9109589041034113,0.9234206365510179,0.9854019952979357,0.645503046121586,14.401328294140031,344,cvc-clinicdb,unetpp,polypseg/runs/unetpp_seed42/best.pth,False
0.9724756335244737,0.9464258612767762,0.9641311069807967,0.9809658643937316,0.8177743643973976,3.1622776601683795,345,cvc-clinicdb,unetpp,polypseg/runs/unetpp_seed42/best.pth,False
0.9652117263717888,0.9327625283069061,0.9716684155044158,0.9588402795506384,0.893105695937961,3.0,346,cvc-clinicdb,unetpp,polypseg/runs/unetpp_seed42/best.pth,False
0.8240951657738623,0.700817907867688,0.7146619841862063,0.9731022115765471,0.4573176837138504,171.59749351089246,347,cvc-clinicdb,unetpp,polypseg/runs/unetpp_seed42/best.pth,False
0.9690156893659194,0.9398937300703937,0.9777139066947702,0.9604708744148366,0.6363662562185001,5.0,348,cvc-clinicdb,unetpp,polypseg/runs/unetpp_seed42/best.pth,False
0.9661989928067349,0.9346082912319196,0.9501120847729769,0.9828400370984786,0.6194505632929197,16.679010911442848,349,cvc-clinicdb,unetpp,polypseg/runs/unetpp_seed42/best.pth,False
0.9445140858946723,0.8948618577210293,0.9007172517817954,0.9927877947157727,0.691515679306322,13.45362404707371,35,cvc-clinicdb,unetpp,polypseg/runs/unetpp_seed42/best.pth,False
0.8781741978625782,0.7828079869346803,0.8615756738019241,0.8954248365948759,0.30762041891248704,38.11815610705748,350,cvc-clinicdb,unetpp,polypseg/runs/unetpp_seed42/best.pth,False
0.8931845796874717,0.8069860279280043,0.8301848049110845,0.9665311976818903,0.5163776578488172,9.433981132056603,351,cvc-clinicdb,unetpp,polypseg/runs/unetpp_seed42/best.pth,False
0.8757841907041934,0.7790178571254683,0.8944131214532441,0.8579154375403659,0.735748339994198,157.25897852019898,352,cvc-clinicdb,unetpp,polypseg/runs/unetpp_seed42/best.pth,False
0.9371246476226429,0.8816881918717516,0.9117576913795401,0.9639435199071617,0.5724005747642591,19.215875549641744,353,cvc-clinicdb,unetpp,polypseg/runs/unetpp_seed42/best.pth,False
0.9609899055619603,0.9249091136902983,0.9629339597890507,0.9590536851558683,0.8144903780264338,11.69571341072153,354,cvc-clinicdb,unetpp,polypseg/runs/unetpp_seed42/best.pth,False
0.7282804846563014,0.5726738293069868,0.9941932077952808,0.5745957490025974,0.31468063745543545,35.795164357956054,355,cvc-clinicdb,unetpp,polypseg/runs/unetpp_seed42/best.pth,False
0.8132790028714448,0.6853160977511077,0.9785147800868275,0.6957859120199344,0.39864537981922704,28.172778073488875,356,cvc-clinicdb,unetpp,polypseg/runs/unetpp_seed42/best.pth,False
0.942639706423312,0.8915028416990054,0.9942848236037082,0.8960947742981078,0.7441186529422915,30.961563307459404,357,cvc-clinicdb,unetpp,polypseg/runs/unetpp_seed42/best.pth,False
0.8775814879268625,0.7818665484284874,0.970155411896986,0.8011357183327525,0.6552670812160332,64.02498931734614,358,cvc-clinicdb,unetpp,polypseg/runs/unetpp_seed42/best.pth,False
0.9077150239899053,0.8310239945857466,0.9490544191340307,0.8698266713753994,0.5410411746874817,149.79869787459847,359,cvc-clinicdb,unetpp,polypseg/runs/unetpp_seed42/best.pth,False
0.9394012554208183,0.8857272934011899,0.9048837209091888,0.9766566264815096,0.6500273023009634,5.0,36,cvc-clinicdb,unetpp,polypseg/runs/unetpp_seed42/best.pth,False
0.7846023741636088,0.6455520049446163,0.6763689383266207,0.9340741293091649,0.4796379802106472,76.5676122590651,360,cvc-clinicdb,unetpp,polypseg/runs/unetpp_seed42/best.pth,False
0.7492706366886931,0.5990669593820029,0.6020740250394281,0.9917317826549905,0.38941923757957003,88.20430828479978,361,cvc-clinicdb,unetpp,polypseg/runs/unetpp_seed42/best.pth,False
0.6822993648356876,0.5177954283604087,0.5340838023731451,0.9443768660738208,0.28742493932348345,90.95190510776236,362,cvc-clinicdb,unetpp,polypseg/runs/unetpp_seed42/best.pth,False
0.8763089004948852,0.7798485730471841,0.8363522797728699,0.9202749140260978,0.6706270631982835,6.0,363,cvc-clinicdb,unetpp,polypseg/runs/unetpp_seed42/best.pth,False
0.9101796407009817,0.83516483513523,0.8360539389341358,0.9987282746503295,0.49155105136472715,6.0,364,cvc-clinicdb,unetpp,polypseg/runs/unetpp_seed42/best.pth,False
0.8200577795951288,0.694998251112452,0.694998251112452,0.9999999999496728,0.23083083440991184,10.0,365,cvc-clinicdb,unetpp,polypseg/runs/unetpp_seed42/best.pth,False
0.8708536045804766,0.7712495103497357,0.7712495103497357,0.9999999999492127,0.4375742663671215,8.54400374531753,366,cvc-clinicdb,unetpp,polypseg/runs/unetpp_seed42/best.pth,False
0.890399999982192,0.8024513337850595,0.807692307663001,0.9919786095814627,0.4981462915418663,7.280109889280518,367,cvc-clinicdb,unetpp,polypseg/runs/unetpp_seed42/best.pth,False
0.831111111094321,0.7110266159450043,0.712751212726516,0.9966085270834977,0.45864082569619946,11.0,368,cvc-clinicdb,unetpp,polypseg/runs/unetpp_seed42/best.pth,False
0.8036398467240508,0.6717373898850386,0.6717373898850386,0.9999999999404052,0.3425873632165009,11.0,369,cvc-clinicdb,unetpp,polypseg/runs/unetpp_seed42/best.pth,False
0.9508585700846027,0.9063206760991985,0.9390725209553642,0.9629442266224492,0.6379309844827626,9.150726320469456,37,cvc-clinicdb,unetpp,polypseg/runs/unetpp_seed42/best.pth,False
0.8332899869744268,0.7142220240430575,0.7177419354517142,0.993180409113876,0.47246727960173895,8.54400374531753,370,cvc-clinicdb,unetpp,polypseg/runs/unetpp_seed42/best.pth,False
0.7992673992381221,0.6656497864145424,0.6660561660155032,0.9990842489927578,0.4272996536343603,7.810249675906654,371,cvc-clinicdb,unetpp,polypseg/runs/unetpp_seed42/best.pth,False
0.800317586312016,0.6671078755349366,0.6671078755349366,0.9999999999007937,0.4879672212565407,8.564416277921314,372,cvc-clinicdb,unetpp,polypseg/runs/unetpp_seed42/best.pth,False
0.7966929725367646,0.6620861960860658,0.6620861960860658,0.9999999999056604,0.350394076067479,7.211102550927978,373,cvc-clinicdb,unetpp,polypseg/runs/unetpp_seed42/best.pth,False
0.7701149425054412,0.6261682242682652,0.6339641433947228,0.9807395993081094,0.3802576700010332,10.198039027185569,374,cvc-clinicdb,unetpp,polypseg/runs/unetpp_seed42/best.pth,False
0.8235807859902367,0.7000742389977673,0.7053103963571196,0.989506820462801,0.4355589565006471,6.324555320336759,375,cvc-clinicdb,unetpp,polypseg/runs/unetpp_seed42/best.pth,False
0.8659414225796496,0.7635773317366122,0.7635773317366122,0.9999999999613453,0.44211093051062156,8.48528137423857,376,cvc-clinicdb,unetpp,polypseg/runs/unetpp_seed42/best.pth,False
0.8745680016085675,0.7770953756944692,0.7841779073720679,0.9885110293663368,0.48869491253595654,8.281114284173501,377,cvc-clinicdb,unetpp,polypseg/runs/unetpp_seed42/best.pth,False
0.8512173128753108,0.7409733123728033,0.7438928289699018,0.9947312960487497,0.33488367124284135,8.54400374531753,378,cvc-clinicdb,unetpp,polypseg/runs/unetpp_seed42/best.pth,False
0.7492363232227371,0.5990230905595461,0.6057476425412777,0.9818049489824013,0.41009458800687454,14.317821063276353,379,cvc-clinicdb,unetpp,polypseg/runs/unetpp_seed42/best.pth,False
0.9615013404722627,0.9258570838305276,0.9501907587759604,0.9730844367055984,0.8697326160920165,5.735198189901193,38,cvc-clinicdb,unetpp,polypseg/runs/unetpp_seed42/best.pth,False
0.8871595330523551,0.7972027971679545,0.7972027971679545,0.9999999999451754,0.5270935462059306,7.228354385516113,380,cvc-clinicdb,unetpp,polypseg/runs/unetpp_seed42/best.pth,False
0.8619139370446064,0.7573363430937546,0.7573363430937546,0.9999999999627422,0.42008065119217985,12.0,381,cvc-clinicdb,unetpp,polypseg/runs/unetpp_seed42/best.pth,False
0.9531838024845223,0.91055507618894,0.9123919308094411,0.9977938858809394,0.8077430208317453,3.605551275463989,382,cvc-clinicdb,unetpp,polypseg/runs/unetpp_seed42/best.pth,False
0.8785213891656205,0.7833599149180394,0.7833599149180394,0.9999999999660673,0.3747310901198141,9.0,383,cvc-clinicdb,unetpp,polypseg/runs/unetpp_seed42/best.pth,False
0.8462559745071575,0.7334867663957472,0.9799692510389634,0.7446510230623697,0.4394933826835847,91.67114535379777,384,cvc-clinicdb,unetpp,polypseg/runs/unetpp_seed42/best.pth,False
0.8348375068835328,0.7164987817712771,0.9376576405037945,0.7523387681822431,0.492250908516965,91.22280383064323,385,cvc-clinicdb,unetpp,polypseg/runs/unetpp_seed42/best.pth,False
0.8267638977676705,0.7046867175281919,0.8072756723895411,0.8472163195890097,0.3372839473529313,67.20750946666072,386,cvc-clinicdb,unetpp,polypseg/runs/unetpp_seed42/best.pth,False
0.810687102309741,0.6816432445020653,0.7803404539359802,0.8434895551436177,0.35147279441391027,69.10660136447312,387,cvc-clinicdb,unetpp,polypseg/runs/unetpp_seed42/best.pth,False
0.8751069111523977,0.7779467398532084,0.9410049349441857,0.8178344445712253,0.4676773077368099,74.76092009338304,388,cvc-clinicdb,unetpp,polypseg/runs/unetpp_seed42/best.pth,False
0.9061821852109356,0.8284580603449826,0.9851859980193943,0.8389086152081905,0.6440936250712136,51.7802154633077,389,cvc-clinicdb,unetpp,polypseg/runs/unetpp_seed42/best.pth,False
0.9424012673877741,0.8910763963002124,0.9065969954080864,0.9811498586008212,0.8327868352722416,9.620675633439374,39,cvc-clinicdb,unetpp,polypseg/runs/unetpp_seed42/best.pth,False
0.982964460815537,0.9664996186895821,0.9881927039766739,0.9777912487546688,0.8848252268687709,4.0,390,cvc-clinicdb,unetpp,polypseg/runs/unetpp_seed42/best.pth,False
0.9508136094586648,0.9062389848271724,0.949058693227223,0.9525750277704229,0.8034187534386927,7.211102550927978,391,cvc-clinicdb,unetpp,polypseg/runs/unetpp_seed42/best.pth,False
0.940292016148243,0.8873123827288072,0.965055477605343,0.9167676278057091,0.627921469692849,13.412670674955118,392,cvc-clinicdb,unetpp,polypseg/runs/unetpp_seed42/best.pth,False
0.9557913926625705,0.9153261004998713,0.929820116532432,0.9832551908776523,0.6923076423087827,5.5816663263917015,393,cvc-clinicdb,unetpp,polypseg/runs/unetpp_seed42/best.pth,False
0.966243148972557,0.934690926606402,0.9448233861029862,0.9886566403136802,0.7515173440013238,5.0,394,cvc-clinicdb,unetpp,polypseg/runs/unetpp_seed42/best.pth,False
0.9471485806796217,0.8996032709829195,0.907020408155861,0.9909917944970478,0.6366938566572546,11.180339887498949,395,cvc-clinicdb,unetpp,polypseg/runs/unetpp_seed42/best.pth,False
0.9707476555064495,0.9431580707101633,0.9508680262855985,0.9914762741564896,0.7745806632964971,5.0,396,cvc-clinicdb,unetpp,polypseg/runs/unetpp_seed42/best.pth,False
0.9739779428881685,0.9492758329483063,0.9668585036649675,0.9812030075122099,0.7569788383652817,4.0,397,cvc-clinicdb,unetpp,polypseg/runs/unetpp_seed42/best.pth,False
0.9707687338475162,0.9431978659922422,0.9517601731094539,0.9905520461357289,0.7153845653865123,6.0,398,cvc-clinicdb,unetpp,polypseg/runs/unetpp_seed42/best.pth,False
0.9588792748209358,0.9210068070213628,0.944633869126931,0.9735609102997526,0.6818505967756565,8.439776372388751,399,cvc-clinicdb,unetpp,polypseg/runs/unetpp_seed42/best.pth,False
0.7274780799502825,0.5716821600384375,0.9817890092179559,0.5778092540104919,0.5821444507246974,41.773197148410844,4,cvc-clinicdb,unetpp,polypseg/runs/unetpp_seed42/best.pth,False
0.9686262181642965,0.9391611801885007,0.9651672722595519,0.9721100454193323,0.8866653943578077,4.0,40,cvc-clinicdb,unetpp,polypseg/runs/unetpp_seed42/best.pth,False
0.9576092488841881,0.9186662946300409,0.9465286761399091,0.9689523248827405,0.6984540864458665,5.0,400,cvc-clinicdb,unetpp,polypseg/runs/unetpp_seed42/best.pth,False
0.9673486257441241,0.9367620572249673,0.9371371371277563,0.999572923329067,0.761210073199285,4.0,401,cvc-clinicdb,unetpp,polypseg/runs/unetpp_seed42/best.pth,False
0.9716494845326983,0.944862155382071,0.947622282602258,0.9969268153159168,0.7298568904185941,6.336340657901171,402,cvc-clinicdb,unetpp,polypseg/runs/unetpp_seed42/best.pth,False
0.9673682577392182,0.9367988781957451,0.9446520553384036,0.9912038999471046,0.7254983414759227,5.0,403,cvc-clinicdb,unetpp,polypseg/runs/unetpp_seed42/best.pth,False
0.977222630414322,0.9554597701063625,0.9764155272003632,0.97803106902309,0.8397374669273483,3.605551275463989,404,cvc-clinicdb,unetpp,polypseg/runs/unetpp_seed42/best.pth,False
0.9632706602483424,0.929143821162704,0.9531638723531296,0.9735940779916739,0.7460807817967773,6.708203932499369,405,cvc-clinicdb,unetpp,polypseg/runs/unetpp_seed42/best.pth,False
0.9741546633927155,0.949611631139717,0.961193428072158,0.9874702288393137,0.8304347326124794,3.0,406,cvc-clinicdb,unetpp,polypseg/runs/unetpp_seed42/best.pth,False
0.966319491406437,0.9348338131297668,0.9428948526093893,0.9909376733771875,0.6832833344446813,4.0,407,cvc-clinicdb,unetpp,polypseg/runs/unetpp_seed42/best.pth,False
0.9612850599174168,0.9254560831107229,0.9606220215580559,0.9619490141785515,0.7827560869900818,5.385164807134504,408,cvc-clinicdb,unetpp,polypseg/runs/unetpp_seed42/best.pth,False
0.9250120626242866,0.8604859928776954,0.8848357524799948,0.9690103531182451,0.563701913771577,156.40939506618258,409,cvc-clinicdb,unetpp,polypseg/runs/unetpp_seed42/best.pth,False
0.9427792915436191,0.891752577302563,0.8996533127715783,0.9902480389868509,0.7627906476841569,10.63014581273465,41,cvc-clinicdb,unetpp,polypseg/runs/unetpp_seed42/best.pth,False
0.9204471520617469,0.8526188910710867,0.9697158524305868,0.8759428121031639,0.43092634908937916,14.203625527571836,410,cvc-clinicdb,unetpp,polypseg/runs/unetpp_seed42/best.pth,False
0.9423656965766498,0.8910127948066747,0.9902347095941368,0.8989113530186794,0.6139374074063979,6.324555320336759,411,cvc-clinicdb,unetpp,polypseg/runs/unetpp_seed42/best.pth,False
0.8708868946489539,0.7713017327685622,0.9753712422858499,0.7866218781833413,0.33586425469831016,16.0,412,cvc-clinicdb,unetpp,polypseg/runs/unetpp_seed42/best.pth,False
0.7724174095370353,0.6292182827761752,0.9493018259731621,0.6510976867444954,0.15259682194416474,26.873331251301057,413,cvc-clinicdb,unetpp,polypseg/runs/unetpp_seed42/best.pth,False
0.8704226345853552,0.7705737218502433,0.9854221583154188,0.779459152079423,0.48309046579251536,44.0,414,cvc-clinicdb,unetpp,polypseg/runs/unetpp_seed42/best.pth,False
0.8164619726874038,0.6898485336726403,0.99166126191984,0.6938735818431515,0.4495922072857948,41.11811460877924,415,cvc-clinicdb,unetpp,polypseg/runs/unetpp_seed42/best.pth,False
0.8639127535174613,0.7604281767903285,0.9882426853258998,0.7673705484649287,0.414887909046103,30.4138126514911,416,cvc-clinicdb,unetpp,polypseg/runs/unetpp_seed42/best.pth,False
0.8181920649187433,0.6923223652771356,0.9758031993416346,0.7044153323560949,0.41044639071188266,35.06778226410387,417,cvc-clinicdb,unetpp,polypseg/runs/unetpp_seed42/best.pth,False
0.8448534132158693,0.7313819933173141,0.9772277227480884,0.7440633245242355,0.38612522814176414,15.0,418,cvc-clinicdb,unetpp,polypseg/runs/unetpp_seed42/best.pth,False
0.8759188473946048,0.7792309704369655,0.9856079404384978,0.7881994972827874,0.5777536739381206,29.120439557122072,419,cvc-clinicdb,unetpp,polypseg/runs/unetpp_seed42/best.pth,False
0.9541861929009289,0.9123863028235368,0.9187769396427967,0.9924341626510631,0.8061457776012959,9.886835652907775,42,cvc-clinicdb,unetpp,polypseg/runs/unetpp_seed42/best.pth,False
0.7383892240748618,0.5852749819241212,0.996779998096441,0.586383642539493,0.3299343976091568,54.230987451824994,420,cvc-clinicdb,unetpp,polypseg/runs/unetpp_seed42/best.pth,False
0.7921102066343452,0.6557801969890112,0.9905060193697708,0.6599282686621458,0.34969209615269337,33.1058907144937,421,cvc-clinicdb,unetpp,polypseg/runs/unetpp_seed42/best.pth,False
0.9215769651304192,0.8545597927086842,0.9644015002194253,0.8823939975545791,0.38056272721928414,20.396078054371138,422,cvc-clinicdb,unetpp,polypseg/runs/unetpp_seed42/best.pth,False
0.8447087699397567,0.7311652230716829,0.8790359551975961,0.8129618413033739,0.22514907564571598,106.57624263993252,423,cvc-clinicdb,unetpp,polypseg/runs/unetpp_seed42/best.pth,False
0.0,0.0,0.0,0.0,0.0,,424,cvc-clinicdb,unetpp,polypseg/runs/unetpp_seed42/best.pth,False
0.8684582743813203,0.7674999999725893,0.9667116508786905,0.7883345560972732,0.44541479732271105,11.180339887498949,425,cvc-clinicdb,unetpp,polypseg/runs/unetpp_seed42/best.pth,False
0.8408915304556261,0.7254640549612812,0.9831827657959252,0.7345794392447084,0.28322756551407485,23.728616437483453,426,cvc-clinicdb,unetpp,polypseg/runs/unetpp_seed42/best.pth,False
0.8636971747821527,0.7600941893430286,0.8434521979646215,0.8849379132326646,0.43907247196931765,128.04854049317703,427,cvc-clinicdb,unetpp,polypseg/runs/unetpp_seed42/best.pth,False
0.9008304364576051,0.8195554774591974,0.9788060014586212,0.8343618638687562,0.5603653924989512,19.1049731745428,428,cvc-clinicdb,unetpp,polypseg/runs/unetpp_seed42/best.pth,False
0.9249924448417951,0.8604520409213937,0.8624887285745887,0.9972631304444511,0.3004250536312295,8.724124419424259,429,cvc-clinicdb,unetpp,polypseg/runs/unetpp_seed42/best.pth,False
0.965751587221982,0.9337713989117453,0.9555830826233307,0.9761388286157604,0.8640430787292875,3.0,43,cvc-clinicdb,unetpp,polypseg/runs/unetpp_seed42/best.pth,False
0.9207118708877928,0.8530732860419258,0.8550947867197263,0.9972364239187891,0.41756080164743326,8.06225774829855,430,cvc-clinicdb,unetpp,polypseg/runs/unetpp_seed42/best.pth,False
0.9167212160817751,0.8462468107849302,0.8476126428937779,0.998099461498288,0.3782382920024765,8.06225774829855,431,cvc-clinicdb,unetpp,polypseg/runs/unetpp_seed42/best.pth,False
0.9400201880627954,0.886828388122626,0.8928247048047954,0.9924837334418612,0.5458563035941562,8.54400374531753,432,cvc-clinicdb,unetpp,polypseg/runs/unetpp_seed42/best.pth,False
0.9416062097258302,0.8896558335644745,0.8901678656988952,0.9993538660241292,0.5087241212587958,8.06225774829855,433,cvc-clinicdb,unetpp,polypseg/runs/unetpp_seed42/best.pth,False
0.950971499494195,0.9065258942303948,0.9070212184600034,0.999397953030309,0.5369065501785361,6.0,434,cvc-clinicdb,unetpp,polypseg/runs/unetpp_seed42/best.pth,False
0.9622416284415264,0.9272308996134249,0.9404396413982508,0.9850784666711464,0.6796142941770207,4.47213595499958,435,cvc-clinicdb,unetpp,polypseg/runs/unetpp_seed42/best.pth,False
0.932627465803664,0.873760037779006,0.8739664540411768,0.9997297662342963,0.34943318472823015,6.4031242374328485,436,cvc-clinicdb,unetpp,polypseg/runs/unetpp_seed42/best.pth,False
0.9479609870985929,0.9010701841600166,0.9042207792094877,0.9961480258495509,0.5799434920433741,5.830951894845301,437,cvc-clinicdb,unetpp,polypseg/runs/unetpp_seed42/best.pth,False
0.8855177733467715,0.7945553120267934,0.9798705455510358,0.8077396657824231,0.6528582764368892,39.05737224225638,438,cvc-clinicdb,unetpp,polypseg/runs/unetpp_seed42/best.pth,False
0.9065729349672648,0.8291114825661681,0.9738710164480612,0.8479747501203581,0.7262582321535672,24.0,439,cvc-clinicdb,unetpp,polypseg/runs/unetpp_seed42/best.pth,False
0.9653336291476768,0.9329902433694328,0.9403501188573551,0.9916809116696104,0.734831410674413,5.0,44,cvc-clinicdb,unetpp,polypseg/runs/unetpp_seed42/best.pth,False
0.9132220571448638,0.840302348008358,0.9438222543182113,0.8845437616237593,0.666083478927361,23.20986781452351,440,cvc-clinicdb,unetpp,polypseg/runs/unetpp_seed42/best.pth,False
0.8830419895317527,0.7905776056537407,0.7913436692250858,0.9987770077049011,0.5405274702057257,11.252574472827686,441,cvc-clinicdb,unetpp,polypseg/runs/unetpp_seed42/best.pth,False
0.8096443319460551,0.6801700984628432,0.8829169087483174,0.747601475996369,0.47748364435264545,22.627416997969522,442,cvc-clinicdb,unetpp,polypseg/runs/unetpp_seed42/best.pth,False
0.9488393058301492,0.9026586620797219,0.9036920434902163,0.9987347777795551,0.6692609609961218,6.4031242374328485,443,cvc-clinicdb,unetpp,polypseg/runs/unetpp_seed42/best.pth,False
0.9541105252818192,0.912247946217174,0.9173864062971914,0.9938974776106062,0.5552993889602781,3.605551275463989,444,cvc-clinicdb,unetpp,polypseg/runs/unetpp_seed42/best.pth,False
0.9560214319070948,0.915748139977158,0.9703628001973109,0.9420978029699355,0.7494153893934472,11.661903789690601,445,cvc-clinicdb,unetpp,polypseg/runs/unetpp_seed42/best.pth,False
0.9330746847684459,0.8745454545390942,0.9563384762131673,0.9109158397022126,0.5935952525180251,16.16309177147275,446,cvc-clinicdb,unetpp,polypseg/runs/unetpp_seed42/best.pth,False
0.905917553176431,0.8280158006433298,0.917199596064719,0.8949096879837468,0.6692842901910891,11.0,447,cvc-clinicdb,unetpp,polypseg/runs/unetpp_seed42/best.pth,False
0.5563774938292269,0.38540372670209,0.9623885226458943,0.3912974932935315,0.4899367869081851,38.897300677553446,448,cvc-clinicdb,unetpp,polypseg/runs/unetpp_seed42/best.pth,False
0.9302085484107969,0.869523258041507,0.9377601998139518,0.922777550165449,0.7435460238875216,12.0,449,cvc-clinicdb,unetpp,polypseg/runs/unetpp_seed42/best.pth,False
0.9678724231741122,0.9377449502421202,0.9468797564543854,0.9898170246461445,0.852087664544514,4.656888370749709,45,cvc-clinicdb,unetpp,polypseg/runs/unetpp_seed42/best.pth,False
0.9468798349501998,0.899118511234113,0.9005886199836303,0.9981877491483079,0.7449178635135386,3.605551275463989,450,cvc-clinicdb,unetpp,polypseg/runs/unetpp_seed42/best.pth,False
0.9405099149936694,0.8877005347228425,0.8877005347228425,0.9999999999536608,0.7982319942057576,3.605551275463989,451,cvc-clinicdb,unetpp,polypseg/runs/unetpp_seed42/best.pth,False
0.9649887699700754,0.9323461832797462,0.9395420632637114,0.9918522541827308,0.8825622275807072,2.8284271247461903,452,cvc-clinicdb,unetpp,polypseg/runs/unetpp_seed42/best.pth,False
0.9492914861113796,0.9034774854903371,0.9036789297457374,0.9997533300197398,0.7415245800807551,5.0,453,cvc-clinicdb,unetpp,polypseg/runs/unetpp_seed42/best.pth,False
0.9632525410401621,0.9291101055666801,0.9788654059911193,0.9481299060959192,0.8637601679869952,8.0,454,cvc-clinicdb,unetpp,polypseg/runs/unetpp_seed42/best.pth,False
0.8992810102054299,0.8169941815696893,0.9132408884413641,0.8857414901108576,0.40804437768222185,19.936130018395584,455,cvc-clinicdb,unetpp,polypseg/runs/unetpp_seed42/best.pth,False
0.94250089701766,0.8912545593274132,0.9219901719820814,0.9639449541195968,0.5198545331322193,13.019202405202648,456,cvc-clinicdb,unetpp,polypseg/runs/unetpp_seed42/best.pth,False
0.7895470805748527,0.652274093361528,0.9676029127512616,0.6668373617301634,0.5956738927895092,35.1105261768545,457,cvc-clinicdb,unetpp,polypseg/runs/unetpp_seed42/best.pth,False
0.9679737871158653,0.9379352724101202,0.9443184161488076,0.9928447527972063,0.8986972537216605,2.23606797749979,458,cvc-clinicdb,unetpp,polypseg/runs/unetpp_seed42/best.pth,False
0.9422102061401124,0.8907348242621782,0.8922551738661777,0.9980906921002842,0.6926931707937611,5.0,459,cvc-clinicdb,unetpp,polypseg/runs/unetpp_seed42/best.pth,False
0.9730374612186985,0.9474907063050265,0.9812319537859925,0.9649787032502765,0.9521343273683439,2.035410196624963,46,cvc-clinicdb,unetpp,polypseg/runs/unetpp_seed42/best.pth,False
0.9541183982399514,0.912262340817857,0.9340953741572764,0.9750186427857006,0.7567449718928398,5.0990195135927845,460,cvc-clinicdb,unetpp,polypseg/runs/unetpp_seed42/best.pth,False
0.9407919173839923,0.888203114028781,0.9208842350069679,0.9615793469861568,0.6253443026174633,7.0,461,cvc-clinicdb,unetpp,polypseg/runs/unetpp_seed42/best.pth,False
0.9650358947024392,0.9324341682603413,0.9739702133238431,0.9562639968257639,0.7926606484448774,5.830951894845301,462,cvc-clinicdb,unetpp,polypseg/runs/unetpp_seed42/best.pth,False
0.9610466343069801,0.9250142172319034,0.9476487723599862,0.9748287671149415,0.6039426936201536,6.0,463,cvc-clinicdb,unetpp,polypseg/runs/unetpp_seed42/best.pth,False
0.9702741702685698,0.9422645739804678,0.9537047543293576,0.987429511266595,0.8021252017252791,3.605551275463989,464,cvc-clinicdb,unetpp,polypseg/runs/unetpp_seed42/best.pth,False
0.8865185185152351,0.7961681745556402,0.8006957917923282,0.9929478138140466,0.4120270372290045,26.0,465,cvc-clinicdb,unetpp,polypseg/runs/unetpp_seed42/best.pth,False
0.9456164814855579,0.896843003405317,0.9657295112002413,0.9263241385306572,0.581480289955663,11.518821543406027,466,cvc-clinicdb,unetpp,polypseg/runs/unetpp_seed42/best.pth,False
0.635669484587976,0.4659204477267047,0.962825278790524,0.4744555261502701,0.3894685543738313,91.60450644856236,467,cvc-clinicdb,unetpp,polypseg/runs/unetpp_seed42/best.pth,False
0.7661538461501627,0.6209476309178542,0.8877005347494685,0.6738836265166281,0.3549864984374867,101.78442860010689,468,cvc-clinicdb,unetpp,polypseg/runs/unetpp_seed42/best.pth,False
0.843066417877474,0.7287077070844231,0.8973210512896364,0.7949985025397199,0.2921472484723155,76.06857576796921,469,cvc-clinicdb,unetpp,polypseg/runs/unetpp_seed42/best.pth,False
0.9695162996395349,0.9408361328766252,0.9693298721183604,0.9697027988749667,0.7626882739186839,4.47213595499958,47,cvc-clinicdb,unetpp,polypseg/runs/unetpp_seed42/best.pth,False
0.7945222007674075,0.659093183858882,0.9944125641649892,0.661543098245313,0.39633379762901627,96.11254871673052,470,cvc-clinicdb,unetpp,polypseg/runs/unetpp_seed42/best.pth,False
0.7874870871168186,0.6494669695882145,0.9154452518726724,0.6909133162877484,0.3489298130204412,121.04272767283771,471,cvc-clinicdb,unetpp,polypseg/runs/unetpp_seed42/best.pth,False
0.864076733983554,0.7606823100065316,0.9683988763992631,0.7800452528031501,0.5466629534189886,56.95081656616129,472,cvc-clinicdb,unetpp,polypseg/runs/unetpp_seed42/best.pth,False
0.8255774799622009,0.7029646195269054,0.9514163756231943,0.7291381668903281,0.49678358646933096,76.51649134165262,473,cvc-clinicdb,unetpp,polypseg/runs/unetpp_seed42/best.pth,False
0.8927007299245011,0.8061964403386938,0.94794896255099,0.8435377758868657,0.5033108126920408,55.061324809095524,474,cvc-clinicdb,unetpp,polypseg/runs/unetpp_seed42/best.pth,False
0.8401657785652098,0.7243843672122988,0.9612008236644565,0.7462033570285381,0.3014383496120428,69.02137272281858,475,cvc-clinicdb,unetpp,polypseg/runs/unetpp_seed42/best.pth,False
0.8644428672794005,0.7612499999963401,0.9385335783241151,0.8011941506815706,0.3828647566031202,104.09958617229759,476,cvc-clinicdb,unetpp,polypseg/runs/unetpp_seed42/best.pth,False
0.8451135351712903,0.7317719627934471,0.9352097062207599,0.7708513122454396,0.42861852349960683,92.8525138505801,477,cvc-clinicdb,unetpp,polypseg/runs/unetpp_seed42/best.pth,False
0.7719411149524792,0.6285864011501437,0.9859579423180631,0.6342645633179066,0.447548024435239,84.86980170355369,478,cvc-clinicdb,unetpp,polypseg/runs/unetpp_seed42/best.pth,False
0.9718655642380227,0.9452709008017496,0.9502786821866879,0.9944559944502515,0.7942403735743573,8.0,479,cvc-clinicdb,unetpp,polypseg/runs/unetpp_seed42/best.pth,False
0.9467544684765121,0.8988924615773689,0.9011461317890196,0.9972255251486876,0.6441379077207494,5.493840584077648,48,cvc-clinicdb,unetpp,polypseg/runs/unetpp_seed42/best.pth,False
0.9274668085959742,0.8647441552665155,0.8661291213295071,0.9981542769793905,0.6275429181957383,27.838787074134494,480,cvc-clinicdb,unetpp,polypseg/runs/unetpp_seed42/best.pth,False
0.9110577653501746,0.8366447148072517,0.8377668492185214,0.998401598394949,0.3748174090621478,28.225825145323757,481,cvc-clinicdb,unetpp,polypseg/runs/unetpp_seed42/best.pth,False
0.9639474624710419,0.9304040360444551,0.932656148688426,0.9974113622659945,0.7114067328862032,13.98925824157762,482,cvc-clinicdb,unetpp,polypseg/runs/unetpp_seed42/best.pth,False
0.9778312501370723,0.9566240899735968,0.9598880188926123,0.9964580873626534,0.8145341457030028,8.94427190999916,483,cvc-clinicdb,unetpp,polypseg/runs/unetpp_seed42/best.pth,False
0.9697149964821542,0.9412104351428208,0.9691384715113548,0.9702922077869572,0.7230974096766544,9.971071230682425,484,cvc-clinicdb,unetpp,polypseg/runs/unetpp_seed42/best.pth,False
0.9538266026512502,0.9117289782635192,0.9806198736954299,0.9284585251808916,0.6582069921121836,13.038404810405298,485,cvc-clinicdb,unetpp,polypseg/runs/unetpp_seed42/best.pth,False
0.954010695178663,0.9120654396572586,0.9711486118495528,0.9374671571039155,0.7079374000154056,4.242640687119285,486,cvc-clinicdb,unetpp,polypseg/runs/unetpp_seed42/best.pth,False
0.971771877894722,0.9450936586961239,0.9891187050270762,0.9550230094559778,0.7825237705909632,5.0,487,cvc-clinicdb,unetpp,polypseg/runs/unetpp_seed42/best.pth,False
0.9791587402199148,0.9591684611482593,0.9914390891105945,0.9671788875817005,0.904761403546222,2.7988091673838635,488,cvc-clinicdb,unetpp,polypseg/runs/unetpp_seed42/best.pth,False
0.9315723122915777,0.8719095573886017,0.8789035488040303,0.9909558708841698,0.6862247922856569,35.510561809129406,489,cvc-clinicdb,unetpp,polypseg/runs/unetpp_seed42/best.pth,False
0.9708387387840778,0.9433300449310168,0.9727591273768197,0.9689259175752203,0.8564988230278298,3.0,49,cvc-clinicdb,unetpp,polypseg/runs/unetpp_seed42/best.pth,False
0.2729838773976223,0.1580667799361785,0.9999999999883163,0.1580667799361785,0.010519352683900873,167.46044237169554,490,cvc-clinicdb,unetpp,polypseg/runs/unetpp_seed42/best.pth,False
0.8852922690108808,0.7941922751583771,0.9685404847804221,0.8152221096762879,0.4767614529975236,48.11935482257922,491,cvc-clinicdb,unetpp,polypseg/runs/unetpp_seed42/best.pth,False
0.98114195913877,0.9629820051372623,0.9708435920652635,0.9916611515508861,0.7917714474010983,4.47213595499958,492,cvc-clinicdb,unetpp,polypseg/runs/unetpp_seed42/best.pth,False
0.977645446379844,0.9562684911198397,0.9657329598460983,0.9898554885587623,0.7559634690291874,6.0,493,cvc-clinicdb,unetpp,polypseg/runs/unetpp_seed42/best.pth,False
0.9627320701037302,0.928142134115731,0.946861722148406,0.9791434927642984,0.6641812471569937,66.24760727541762,494,cvc-clinicdb,unetpp,polypseg/runs/unetpp_seed42/best.pth,False
0.9598355168763512,0.9227728233845601,0.9459497667360353,0.9741350026642688,0.7054047363992773,18.023592920721956,495,cvc-clinicdb,unetpp,polypseg/runs/unetpp_seed42/best.pth,False
0.9444544681265447,0.8947548349243272,0.9199136372719425,0.9703405539909414,0.5739835207879741,23.393269468428787,496,cvc-clinicdb,unetpp,polypseg/runs/unetpp_seed42/best.pth,False
0.9528617870148841,0.9099675431560517,0.9286417204691725,0.9783790618258228,0.6087425296112672,29.0,497,cvc-clinicdb,unetpp,polypseg/runs/unetpp_seed42/best.pth,False
0.9660817917238788,0.934388991305852,0.9439289633810771,0.9892994074555967,0.8079930789874298,24.61990677348695,498,cvc-clinicdb,unetpp,polypseg/runs/unetpp_seed42/best.pth,False
0.9653160217349915,0.9329573493093657,0.9404491188141684,0.9915336779763559,0.7551044715635462,21.461348253828326,499,cvc-clinicdb,unetpp,polypseg/runs/unetpp_seed42/best.pth,False
0.769630616286769,0.6255280946312551,0.982172470970297,0.6327119277782559,0.6112417701130293,39.61817635914365,5,cvc-clinicdb,unetpp,polypseg/runs/unetpp_seed42/best.pth,False
0.9415952111156513,0.8896361968544899,0.8989805375069824,0.9884510869229467,0.73163669891584,4.123105625617661,50,cvc-clinicdb,unetpp,polypseg/runs/unetpp_seed42/best.pth,False
0.9536520101716043,0.9114099892598888,0.9289483845995047,0.9797054231929702,0.5279579424941427,8.06225774829855,500,cvc-clinicdb,unetpp,polypseg/runs/unetpp_seed42/best.pth,False
0.9690316616565489,0.9399237838996866,0.9479990956310874,0.9910186717029601,0.6444782919485796,5.370857542457398,501,cvc-clinicdb,unetpp,polypseg/runs/unetpp_seed42/best.pth,False
0.9575167436894013,0.9184960409609857,0.928667305844062,0.9882160893690342,0.6986766985874443,20.99479323766352,502,cvc-clinicdb,unetpp,polypseg/runs/unetpp_seed42/best.pth,False
0.9796342387166331,0.9600814491114407,0.9734193548345229,0.9859289915008236,0.7634287642471123,4.7096747752497325,503,cvc-clinicdb,unetpp,polypseg/runs/unetpp_seed42/best.pth,False
0.9638835345390895,0.930284930961223,0.9872194513613131,0.9416253716457718,0.6625276956781039,4.123105625617661,504,cvc-clinicdb,unetpp,polypseg/runs/unetpp_seed42/best.pth,False
0.9669383762602969,0.9359929301796743,0.959492687971014,0.9745005257559509,0.6343992585700996,6.0,505,cvc-clinicdb,unetpp,polypseg/runs/unetpp_seed42/best.pth,False
0.9203723347187581,0.8524905060477512,0.9847735156065477,0.8638773912051373,0.3250455940280785,38.490230624526916,506,cvc-clinicdb,unetpp,polypseg/runs/unetpp_seed42/best.pth,False
0.9766961905568877,0.9544537815103135,0.9861576244673014,0.9674145819114002,0.6033478086620938,12.593151887909398,507,cvc-clinicdb,unetpp,polypseg/runs/unetpp_seed42/best.pth,False
0.9664499190983105,0.9350779773101661,0.9697953682087379,0.9631274718529775,0.6111222184464153,6.708203932499369,508,cvc-clinicdb,unetpp,polypseg/runs/unetpp_seed42/best.pth,False
0.9745633099856131,0.9503885705239784,0.980482669250239,0.9687149943913529,0.819039511287448,4.123105625617661,509,cvc-clinicdb,unetpp,polypseg/runs/unetpp_seed42/best.pth,False
0.8672638436128964,0.7656362328709103,0.7745454544891239,0.985198889825606,0.5909451446572173,6.4031242374328485,51,cvc-clinicdb,unetpp,polypseg/runs/unetpp_seed42/best.pth,False
0.9584217975895328,0.9201630711659574,0.9791233619432523,0.9385774928446801,0.558432508439955,4.762461179749787,510,cvc-clinicdb,unetpp,polypseg/runs/unetpp_seed42/best.pth,False
0.9713624529869007,0.9443194600542137,0.9811541270857392,0.9617642846776204,0.8959054581496461,2.854163056034258,511,cvc-clinicdb,unetpp,polypseg/runs/unetpp_seed42/best.pth,False
0.9468338847353478,0.8990356516525565,0.9635139367215234,0.9307215247174297,0.7577563335796105,10.63014581273465,512,cvc-clinicdb,unetpp,polypseg/runs/unetpp_seed42/best.pth,False
0.9260091124884424,0.862213193106331,0.9252372403061653,0.9267822735911782,0.48300112233466574,9.219544457292887,513,cvc-clinicdb,unetpp,polypseg/runs/unetpp_seed42/best.pth,False
0.9402731160010103,0.8872787226580416,0.9010398307992505,0.9830785501299578,0.542363266672505,9.40181563084205,514,cvc-clinicdb,unetpp,polypseg/runs/unetpp_seed42/best.pth,False
0.9551830311269518,0.9142108709788886,0.930253220780428,0.9814858214087006,0.7439986925937475,7.0,515,cvc-clinicdb,unetpp,polypseg/runs/unetpp_seed42/best.pth,False
0.9709901519162875,0.9436159952448726,0.9844427244505848,0.9579002861804646,0.7754233768484876,5.0,516,cvc-clinicdb,unetpp,polypseg/runs/unetpp_seed42/best.pth,False
0.9691270404484911,0.9401032702129649,0.9609429978775399,0.9774516821644302,0.7393695006416948,3.605551275463989,517,cvc-clinicdb,unetpp,polypseg/runs/unetpp_seed42/best.pth,False
0.9742268041167366,0.9497487437053358,0.9686788154759585,0.9798387096633088,0.9002422432129968,2.23606797749979,518,cvc-clinicdb,unetpp,polypseg/runs/unetpp_seed42/best.pth,False
0.975687434239555,0.9525290100441256,0.9684448207678891,0.9830391932100444,0.7117489472064091,3.605551275463989,519,cvc-clinicdb,unetpp,polypseg/runs/unetpp_seed42/best.pth,False
0.8168789808592007,0.6904441453101989,0.7017783857249125,0.9771428570497959,0.5649634538751176,11.661903789690601,52,cvc-clinicdb,unetpp,polypseg/runs/unetpp_seed42/best.pth,False
0.9858975235208669,0.9721872753371127,0.9805583250204815,0.991295184858243,0.9070388078993119,2.8284271247461903,520,cvc-clinicdb,unetpp,polypseg/runs/unetpp_seed42/best.pth,False
0.968111609362391,0.9381941091169657,0.9793346774094824,0.9571428571334271,0.7399022321219666,4.092329219213245,521,cvc-clinicdb,unetpp,polypseg/runs/unetpp_seed42/best.pth,False
0.9661453177524837,0.9345078513860015,0.953621677944846,0.9790022736260666,0.7537730450268637,3.0,522,cvc-clinicdb,unetpp,polypseg/runs/unetpp_seed42/best.pth,False
0.9709954522387974,0.943626006659917,0.9543106873072247,0.9882740176715024,0.8878491913974134,3.0,523,cvc-clinicdb,unetpp,polypseg/runs/unetpp_seed42/best.pth,False
0.9834076896060369,0.9673570019676165,0.974371709541202,0.9926128314056233,0.8447482559057925,3.0,524,cvc-clinicdb,unetpp,polypseg/runs/unetpp_seed42/best.pth,False
0.9753894784331659,0.9519612163864966,0.9631677517081675,0.9879253567417862,0.85328780063837,3.605551275463989,525,cvc-clinicdb,unetpp,polypseg/runs/unetpp_seed42/best.pth,False
0.9648049849932794,0.9320031211578196,0.9539075869828418,0.9759542430141711,0.7099356530246698,4.0,526,cvc-clinicdb,unetpp,polypseg/runs/unetpp_seed42/best.pth,False
0.9750902313414881,0.9513912942968318,0.978854834866015,0.971354473641738,0.8640739129640052,3.0,527,cvc-clinicdb,unetpp,polypseg/runs/unetpp_seed42/best.pth,False
0.973810645308649,0.9489580464431381,0.9745451117094885,0.9730772851268654,0.7931757368250342,3.1622776601683795,528,cvc-clinicdb,unetpp,polypseg/runs/unetpp_seed42/best.pth,False
0.4598308668035603,0.29855868222033216,0.29855868222033216,0.9999999999616859,0.1365544839325282,92.2122430677917,529,cvc-clinicdb,unetpp,polypseg/runs/unetpp_seed42/best.pth,False
0.942974720697062,0.8921023358295771,0.9092970520511001,0.9792429791234136,0.9768028050360931,2.0,53,cvc-clinicdb,unetpp,polypseg/runs/unetpp_seed42/best.pth,False
0.5134806405786186,0.3454247920312911,0.3454247920312911,0.9999999999605211,0.20777071498217778,63.324560795950255,530,cvc-clinicdb,unetpp,polypseg/runs/unetpp_seed42/best.pth,False
0.7607618053644566,0.6138947368291812,0.6138947368291812,0.9999999999657065,0.2542459626620086,36.01236565465276,531,cvc-clinicdb,unetpp,polypseg/runs/unetpp_seed42/best.pth,False
0.6554543765038519,0.48749136143071886,0.48749136143071886,0.9999999999716473,0.055264506002224156,153.35523221960025,532,cvc-clinicdb,unetpp,polypseg/runs/unetpp_seed42/best.pth,False
0.519641098585624,0.3510237268064822,0.3510237268064822,0.999999999978943,0.045360779849125094,167.76829187029466,533,cvc-clinicdb,unetpp,polypseg/runs/unetpp_seed42/best.pth,False
0.875840366178831,0.7791067565748937,0.7793050782642319,0.999673469371434,0.19227643885532048,9.316040960936556,534,cvc-clinicdb,unetpp,polypseg/runs/unetpp_seed42/best.pth,False
0.8182161753538787,0.6923568915820023,0.6923568915820023,0.9999999999846035,0.09886709967685071,121.31610241125888,535,cvc-clinicdb,unetpp,polypseg/runs/unetpp_seed42/best.pth,False
0.5939283069794244,0.4224025772850356,0.42287415493132247,0.9973668812024962,0.18020631039848392,170.00470578058813,536,cvc-clinicdb,unetpp,polypseg/runs/unetpp_seed42/best.pth,False
0.6942083101557622,0.5316378680879577,0.5320263029647829,0.9986285714057457,0.3329705752527114,149.9813275223096,537,cvc-clinicdb,unetpp,polypseg/runs/unetpp_seed42/best.pth,False
0.6950517836540464,0.5326278659549367,0.5334432406908449,0.9971384547436245,0.1882352504852081,154.21784674142512,538,cvc-clinicdb,unetpp,polypseg/runs/unetpp_seed42/best.pth,False
0.9348187988158866,0.8776148112421541,0.8884020932105585,0.9863531955007925,0.4936429949302972,6.4031242374328485,539,cvc-clinicdb,unetpp,polypseg/runs/unetpp_seed42/best.pth,False
0.7980173481043349,0.6639175256363057,0.887052341353429,0.7252252250618861,0.6868686369146041,6.102433778865602,54,cvc-clinicdb,unetpp,polypseg/runs/unetpp_seed42/best.pth,False
0.9021882951623336,0.821806044867904,0.8408803440371814,0.973139134882726,0.5245137165346575,170.59233993159705,540,cvc-clinicdb,unetpp,polypseg/runs/unetpp_seed42/best.pth,False
0.5631776480370977,0.39196052822237726,0.39373177842278617,0.988653001446035,0.2059939630059347,84.91024025835608,541,cvc-clinicdb,unetpp,polypseg/runs/unetpp_seed42/best.pth,False
0.6220565149106061,0.4514383366530088,0.45198545661615463,0.9973257825861677,0.21826996615538044,156.65406367625863,542,cvc-clinicdb,unetpp,polypseg/runs/unetpp_seed42/best.pth,False
0.6296993124187401,0.45953367616725976,0.45953367616725976,0.999999999989135,0.15648310322018888,78.0,543,cvc-clinicdb,unetpp,polypseg/runs/unetpp_seed42/best.pth,False
0.6083958541120421,0.43719031443660694,0.4376949956307323,0.9973695435731738,0.2751610855364577,157.96723372563318,544,cvc-clinicdb,unetpp,polypseg/runs/unetpp_seed42/best.pth,False
0.7862958787374026,0.6478480751300666,0.6479149463186631,0.9998407135871322,0.4158222994344657,143.32602345830705,545,cvc-clinicdb,unetpp,polypseg/runs/unetpp_seed42/best.pth,False
0.7656967840686211,0.620347394534529,0.6213109661321186,0.9975062343973815,0.36779869434997964,54.786986370680886,546,cvc-clinicdb,unetpp,polypseg/runs/unetpp_seed42/best.pth,False
0.6179175509639339,0.4470916705402783,0.4475498416205743,0.9977154724611067,0.24898691683578697,52.43701187724947,547,cvc-clinicdb,unetpp,polypseg/runs/unetpp_seed42/best.pth,False
0.9268691068310426,0.8637055486251044,0.8918416916574962,0.9647604327517039,0.5706094291474043,5.830951894845301,548,cvc-clinicdb,unetpp,polypseg/runs/unetpp_seed42/best.pth,False
0.6024705221616375,0.431096826017232,0.6856230031510784,0.5373059589115019,0.2260110561297002,91.99564216879683,549,cvc-clinicdb,unetpp,polypseg/runs/unetpp_seed42/best.pth,False
0.9167259785824394,0.8462549276154725,0.8702702701526662,0.9684210524859518,0.816870094329032,3.1622776601683795,55,cvc-clinicdb,unetpp,polypseg/runs/unetpp_seed42/best.pth,False
0.8954253812107705,0.8106517803136595,0.9148646347537057,0.8767950391501829,0.6107542683622579,14.265115431412731,550,cvc-clinicdb,unetpp,polypseg/runs/unetpp_seed42/best.pth,False
0.9436947417330255,0.8933920704714627,0.9065713008358431,0.9839883551514801,0.7103808746984089,3.1622776601683795,551,cvc-clinicdb,unetpp,polypseg/runs/unetpp_seed42/best.pth,False
0.8319034852491158,0.7121872848208378,0.7139077418530552,0.9966275895134635,0.4020978221372221,19.0,552,cvc-clinicdb,unetpp,polypseg/runs/unetpp_seed42/best.pth,False
0.9228836374458697,0.8568095978576226,0.8741924515371846,0.9773188038396183,0.6522528926857983,10.0,553,cvc-clinicdb,unetpp,polypseg/runs/unetpp_seed42/best.pth,False
0.9266396761083582,0.8633071816449073,0.8863988433245233,0.9707079846078861,0.5907353751727421,9.722149114344258,554,cvc-clinicdb,unetpp,polypseg/runs/unetpp_seed42/best.pth,False
0.9189328521657498,0.8500238435759414,0.8739887227154451,0.9687499999868376,0.5529178346733646,8.48528137423857,555,cvc-clinicdb,unetpp,polypseg/runs/unetpp_seed42/best.pth,False
0.8901741293476979,0.8020845007194656,0.8033449320821265,0.9980476920792352,0.5135499605257418,46.32493928760188,556,cvc-clinicdb,unetpp,polypseg/runs/unetpp_seed42/best.pth,False
0.9092820181039029,0.833654558920183,0.857295319395376,0.9679807195564128,0.5264745856630916,7.615773105863909,557,cvc-clinicdb,unetpp,polypseg/runs/unetpp_seed42/best.pth,False
0.9153132250504199,0.8438502673667861,0.868259707579496,0.9677588925710924,0.5997198983509885,7.211102550927978,558,cvc-clinicdb,unetpp,polypseg/runs/unetpp_seed42/best.pth,False
0.0,0.0,0.0,0.0,0.0,36.0,559,cvc-clinicdb,unetpp,polypseg/runs/unetpp_seed42/best.pth,False
0.9345357381273458,0.8771159874333193,0.8848829854242606,0.9900920027958213,0.6936801077627789,4.47213595499958,56,cvc-clinicdb,unetpp,polypseg/runs/unetpp_seed42/best.pth,False
0.464482109224373,0.30249215070346847,0.3306166219803687,0.7805063290941644,0.2459335343785572,46.16220603706133,560,cvc-clinicdb,unetpp,polypseg/runs/unetpp_seed42/best.pth,False
0.6940270236097106,0.5314252562315661,0.5436201780361659,0.9594972066871597,0.42469962763574226,48.071848679324994,561,cvc-clinicdb,unetpp,polypseg/runs/unetpp_seed42/best.pth,False
0.9034327441417905,0.8238735374555156,0.8765726393739032,0.9319909884408337,0.5107980720890525,9.433981132056603,562,cvc-clinicdb,unetpp,polypseg/runs/unetpp_seed42/best.pth,False
0.8320761832885533,0.7124404617686894,0.995824870221216,0.714574898779639,0.32603287879651166,20.0,563,cvc-clinicdb,unetpp,polypseg/runs/unetpp_seed42/best.pth,False
0.8389780653801202,0.722620340204686,0.958429339468525,0.7460020923573008,0.5033850556933056,31.54986807959766,564,cvc-clinicdb,unetpp,polypseg/runs/unetpp_seed42/best.pth,False
0.8307346663633757,0.7104757512819116,0.7179805825186952,0.9855010660875745,0.43526696150214605,43.0585360916615,565,cvc-clinicdb,unetpp,polypseg/runs/unetpp_seed42/best.pth,False
0.8805411629119093,0.7865775263361642,0.8800345224142683,0.8810483870713984,0.44069308500254634,6.375625116449215,566,cvc-clinicdb,unetpp,polypseg/runs/unetpp_seed42/best.pth,False
0.9180243082374189,0.84847036326844,0.8641674780704925,0.9790402647275499,0.7096634530556187,5.656854249492381,567,cvc-clinicdb,unetpp,polypseg/runs/unetpp_seed42/best.pth,False
0.0,0.0,0.0,0.0,0.0,,568,cvc-clinicdb,unetpp,polypseg/runs/unetpp_seed42/best.pth,False
0.43786051389043185,0.28029540113661805,0.3282877924055772,0.6572215662866108,0.3506902378469442,166.6632804026144,569,cvc-clinicdb,unetpp,polypseg/runs/unetpp_seed42/best.pth,False
0.8565903963629845,0.7491544531708481,0.7598627786872577,0.9815361889969323,0.362068915840937,6.0,57,cvc-clinicdb,unetpp,polypseg/runs/unetpp_seed42/best.pth,False
0.7775189283407828,0.6360171509939964,0.9329140460564,0.6665002495922865,0.556700985396964,71.397477902268,570,cvc-clinicdb,unetpp,polypseg/runs/unetpp_seed42/best.pth,False
0.7416210193970697,0.5893463184212875,0.602140811086957,0.9652005799670083,0.47113716906182124,34.492624762165576,571,cvc-clinicdb,unetpp,polypseg/runs/unetpp_seed42/best.pth,False
0.9642617824328314,0.9309898641162176,0.955511288159462,0.9731740306363126,0.9312470660703183,2.23606797749979,572,cvc-clinicdb,unetpp,polypseg/runs/unetpp_seed42/best.pth,False
0.9586404586208305,0.9205662602862539,0.9673553718608532,0.9500811687926104,0.8926351013512336,2.8970562748477104,573,cvc-clinicdb,unetpp,polypseg/runs/unetpp_seed42/best.pth,False
0.9329710144716266,0.8743633276369116,0.9559164732735074,0.9111012825780141,0.806955163283304,4.0,574,cvc-clinicdb,unetpp,polypseg/runs/unetpp_seed42/best.pth,False
0.8268542515015814,0.7048180096632691,0.946595083330133,0.7340052585290534,0.5999190991873348,36.6742416417845,575,cvc-clinicdb,unetpp,polypseg/runs/unetpp_seed42/best.pth,False
0.6724294813390306,0.5065113091071537,0.9405027043926025,0.523278456354695,0.5524659409941322,111.32789407055418,576,cvc-clinicdb,unetpp,polypseg/runs/unetpp_seed42/best.pth,False
0.5623188405726236,0.39112903225120743,0.9449385853051699,0.40025116612127287,0.4385162150063973,127.70960391925173,577,cvc-clinicdb,unetpp,polypseg/runs/unetpp_seed42/best.pth,False
0.8843294117563827,0.79264383329184,0.9206349206168796,0.8507787033529377,0.5329242948162874,56.09476409626718,578,cvc-clinicdb,unetpp,polypseg/runs/unetpp_seed42/best.pth,False
0.6838918045988903,0.5196319018365059,0.9858868034193818,0.5235262303907631,0.5157784687880108,140.35482152294657,579,cvc-clinicdb,unetpp,polypseg/runs/unetpp_seed42/best.pth,False
0.8782093482265237,0.7828638497193154,0.7860931054339367,0.9947800148400611,0.5517936055322149,5.0,58,cvc-clinicdb,unetpp,polypseg/runs/unetpp_seed42/best.pth,False
0.5815188051080551,0.4099587694233431,0.9816221142013727,0.4131296343619718,0.4358012255571977,151.32579761862888,580,cvc-clinicdb,unetpp,polypseg/runs/unetpp_seed42/best.pth,False
0.5473946569026116,0.3768364611239848,0.9803319849214628,0.3797071694830639,0.45601031688894994,144.59251588045146,581,cvc-clinicdb,unetpp,polypseg/runs/unetpp_seed42/best.pth,False
0.956115148436955,0.9159201295098119,0.938924540817228,0.9739469757721341,0.6656388237728299,7.0710678118654755,582,cvc-clinicdb,unetpp,polypseg/runs/unetpp_seed42/best.pth,False
0.7932241671282526,0.6573086280992456,0.9428187919209982,0.6846003898502028,0.4978647040779775,29.5296461204668,583,cvc-clinicdb,unetpp,polypseg/runs/unetpp_seed42/best.pth,False
0.7401324503213228,0.5874684608791533,0.6247763863903225,0.907732293667715,0.4664284316576336,82.02591027163972,584,cvc-clinicdb,unetpp,polypseg/runs/unetpp_seed42/best.pth,False
0.048499731409343105,0.02485253637416553,0.029771999245998,0.1307405874997625,0.08331852564881737,187.75196379291012,585,cvc-clinicdb,unetpp,polypseg/runs/unetpp_seed42/best.pth,False
0.9519134218347437,0.908239301662588,0.9431793057496534,0.960810810789171,0.7855218441739864,4.47213595499958,586,cvc-clinicdb,unetpp,polypseg/runs/unetpp_seed42/best.pth,False
0.912624821667036,0.8392915709793608,0.8392915709793608,0.9999999999609223,0.5386442037104675,5.0,587,cvc-clinicdb,unetpp,polypseg/runs/unetpp_seed42/best.pth,False
0.9196713829091814,0.851288550872358,0.9167424931339062,0.9226190475768032,0.6282161827445011,5.0,588,cvc-clinicdb,unetpp,polypseg/runs/unetpp_seed42/best.pth,False
0.8933556672083872,0.8072653884693151,0.8210742387676677,0.9795918366947106,0.7391140643959307,16.560080530413035,589,cvc-clinicdb,unetpp,polypseg/runs/unetpp_seed42/best.pth,False
0.8555347091611432,0.7475409835575383,0.7549668873672207,0.9870129869275313,0.6024095888155071,8.612403183519904,59,cvc-clinicdb,unetpp,polypseg/runs/unetpp_seed42/best.pth,False
0.9499770536725568,0.9047202796807378,0.9362279511109802,0.9641360036812233,0.8450703725451328,3.7041634565979917,590,cvc-clinicdb,unetpp,polypseg/runs/unetpp_seed42/best.pth,False
0.9323775388068727,0.8733213965589383,0.8780378037408625,0.9938869077435615,0.7730548546477743,5.0,591,cvc-clinicdb,unetpp,polypseg/runs/unetpp_seed42/best.pth,False
0.8607594936631033,0.7555555555435626,0.7601405301699116,0.9920800333265511,0.5146454468525407,17.981599692722344,592,cvc-clinicdb,unetpp,polypseg/runs/unetpp_seed42/best.pth,False
0.9071248105011912,0.8300351396184569,0.8354430379591318,0.9922617731374693,0.4878954504038821,28.193945453248414,593,cvc-clinicdb,unetpp,polypseg/runs/unetpp_seed42/best.pth,False
0.954216867459428,0.9124423962942514,0.9207355738549834,0.990225051125478,0.8313245935667374,3.1622776601683795,594,cvc-clinicdb,unetpp,polypseg/runs/unetpp_seed42/best.pth,False
0.8108187134384384,0.681829358232559,0.6891153081339684,0.9847301136013946,0.6077107011106048,17.0,595,cvc-clinicdb,unetpp,polypseg/runs/unetpp_seed42/best.pth,False
0.7669758812473659,0.6220282876731259,0.6284584980046075,0.9838172298437022,0.5411056881829959,16.492422502470642,596,cvc-clinicdb,unetpp,polypseg/runs/unetpp_seed42/best.pth,False
0.731900826422086,0.5771637121701165,0.5792778649618379,0.9937163374332391,0.5354330211172469,12.165525060596439,597,cvc-clinicdb,unetpp,polypseg/runs/unetpp_seed42/best.pth,False
0.8639171814849905,0.7604350381904634,0.7611062076857574,0.9988416988031336,0.4504471887872174,9.45247927901359,598,cvc-clinicdb,unetpp,polypseg/runs/unetpp_seed42/best.pth,False
0.943459264958321,0.8929700802507183,0.8971163245137558,0.9948509484825244,0.730229715868242,4.0,599,cvc-clinicdb,unetpp,polypseg/runs/unetpp_seed42/best.pth,False
0.9386130530159243,0.8843269230726715,0.9763787886778683,0.9036600343851453,0.656048677436126,33.52002484841414,6,cvc-clinicdb,unetpp,polypseg/runs/unetpp_seed42/best.pth,False
0.8614203454729095,0.7565745111005876,0.9063004846160623,0.8207754205990938,0.5197054503122164,17.204650534085253,60,cvc-clinicdb,unetpp,polypseg/runs/unetpp_seed42/best.pth,False
0.9286441252915942,0.8667933291021026,0.8671594508884143,0.9995131450705999,0.394990991818538,8.999326419457901,600,cvc-clinicdb,unetpp,polypseg/runs/unetpp_seed42/best.pth,False
0.9212977336159477,0.8540797236889613,0.8590244608357357,0.9933054393139196,0.6719909308582032,31.366280412229987,601,cvc-clinicdb,unetpp,polypseg/runs/unetpp_seed42/best.pth,False
0.9507925775602825,0.9062007732936245,0.9069800773841625,0.9990527312756702,0.6816984129110621,4.0,602,cvc-clinicdb,unetpp,polypseg/runs/unetpp_seed42/best.pth,False
0.9627632254689088,0.9282000495057168,0.9311972180708992,0.9965443912679885,0.7977212060005142,4.254115450513289,603,cvc-clinicdb,unetpp,polypseg/runs/unetpp_seed42/best.pth,False
0.9006713248328492,0.8192921236189021,0.8195985537860666,0.9995438649688377,0.5338116652278616,14.003566884761819,604,cvc-clinicdb,unetpp,polypseg/runs/unetpp_seed42/best.pth,False
0.8419325976611701,0.7270151944185678,0.7270151944185678,0.9999999999645768,0.3389824259426148,14.422205101855956,605,cvc-clinicdb,unetpp,polypseg/runs/unetpp_seed42/best.pth,False
0.7891140970076392,0.6516832800328817,0.6555051078196084,0.9911327230837778,0.538680580706732,32.859495982177386,606,cvc-clinicdb,unetpp,polypseg/runs/unetpp_seed42/best.pth,False
0.7423513565375727,0.5902692778277152,0.595003084497378,0.9867007672129564,0.5231923105389558,21.928148350528698,607,cvc-clinicdb,unetpp,polypseg/runs/unetpp_seed42/best.pth,False
0.7253269916669927,0.5690298507344729,0.5746284278715799,0.9831661890765342,0.4929317673456951,24.0,608,cvc-clinicdb,unetpp,polypseg/runs/unetpp_seed42/best.pth,False
0.8663408414697583,0.7641986878957039,0.7667857814412867,0.995604395580083,0.5557442664204427,11.763759928575697,609,cvc-clinicdb,unetpp,polypseg/runs/unetpp_seed42/best.pth,False
0.9484350371324379,0.9019271948221873,0.9351687388572306,0.9620831429437149,0.8533690957283733,3.605551275463989,61,cvc-clinicdb,unetpp,polypseg/runs/unetpp_seed42/best.pth,False
0.8446350219301492,0.7310547212026401,0.734732824414734,0.9931988742731427,0.43632664834481283,37.17570847275738,610,cvc-clinicdb,unetpp,polypseg/runs/unetpp_seed42/best.pth,False
0.9034474859591862,0.8238980572211427,0.8297917104811742,0.9914529914280681,0.5473180231488295,7.280109889280518,611,cvc-clinicdb,unetpp,polypseg/runs/unetpp_seed42/best.pth,False
0.7098723975703514,0.5502342529789112,0.5534031413467696,0.989700374485501,0.45905607337857884,22.01816537824104,612,cvc-clinicdb,unetpp,polypseg/runs/unetpp_seed42/best.pth,False
0.8868501528750646,0.7967032966546579,0.840850515409739,0.938173975489707,0.5639621202661735,7.211102550927978,62,cvc-clinicdb,unetpp,polypseg/runs/unetpp_seed42/best.pth,False
0.9585253455905687,0.9203539822427083,0.9448410122683425,0.972611890382591,0.9539366630506646,2.0590169943749475,63,cvc-clinicdb,unetpp,polypseg/runs/unetpp_seed42/best.pth,False
0.9232472324382566,0.8574366003524717,0.8633540372074979,0.9920697858055455,0.776103082867962,3.0,64,cvc-clinicdb,unetpp,polypseg/runs/unetpp_seed42/best.pth,False
0.8702290076059088,0.7702702702268992,0.7702702702268992,0.9999999999269005,0.6381014672114664,152.9189004977539,65,cvc-clinicdb,unetpp,polypseg/runs/unetpp_seed42/best.pth,False
0.9041331802266322,0.8250392875419047,0.836431226721379,0.9837601498448619,0.7515474253807669,6.871492678214113,66,cvc-clinicdb,unetpp,polypseg/runs/unetpp_seed42/best.pth,False
0.8849831997703546,0.7936949466484148,0.7948003713651439,0.9982507288047667,0.6476189976598677,7.514605467129926,67,cvc-clinicdb,unetpp,polypseg/runs/unetpp_seed42/best.pth,False
0.8425453633176474,0.7279294899475809,0.9381750465374642,0.764607679454172,0.33429806915281135,45.74269874695162,68,cvc-clinicdb,unetpp,polypseg/runs/unetpp_seed42/best.pth,False
0.5294806716023139,0.36006372808390696,0.36015936254023484,0.999263080250607,0.3823733059860463,58.55637455772274,69,cvc-clinicdb,unetpp,polypseg/runs/unetpp_seed42/best.pth,False
0.8240564621062567,0.7007619290822765,0.9936025107067801,0.7039380852580325,0.470955020280474,41.035956135392844,7,cvc-clinicdb,unetpp,polypseg/runs/unetpp_seed42/best.pth,False
0.9050582415684529,0.8265811716459756,0.8812927283753483,0.9301410298153447,0.7237777013126246,9.575485849042453,70,cvc-clinicdb,unetpp,polypseg/runs/unetpp_seed42/best.pth,False
0.15461465270802535,0.08378448053406073,0.09756829780553683,0.3722794959481925,0.15044537382258788,124.03709042989917,71,cvc-clinicdb,unetpp,polypseg/runs/unetpp_seed42/best.pth,False
0.8409630383038155,0.7255705090484035,0.8174027685953394,0.8659217876792625,0.540682365029179,37.586566307846724,72,cvc-clinicdb,unetpp,polypseg/runs/unetpp_seed42/best.pth,False
0.7097494813992381,0.550086569365568,0.7060317460093324,0.7135065768138111,0.288977955411847,40.28398428678887,73,cvc-clinicdb,unetpp,polypseg/runs/unetpp_seed42/best.pth,False
0.6979564338491364,0.5360469127100363,0.9093036863130892,0.5663265305916062,0.42088964218721997,169.68467506596724,74,cvc-clinicdb,unetpp,polypseg/runs/unetpp_seed42/best.pth,False
0.6716549295626837,0.505632869433213,0.8352490420998768,0.5616488774176795,0.3792789283957031,166.74230807872044,75,cvc-clinicdb,unetpp,polypseg/runs/unetpp_seed42/best.pth,False
0.6140627739678404,0.443066801608222,0.46163986289318115,0.916753926653573,0.48285898102257174,89.56616164004387,76,cvc-clinicdb,unetpp,polypseg/runs/unetpp_seed42/best.pth,False
0.7645594823104889,0.6188557614577416,0.8205128204689897,0.7157502329582596,0.5866141240219521,14.369821427279941,77,cvc-clinicdb,unetpp,polypseg/runs/unetpp_seed42/best.pth,False
0.0,0.0,0.0,0.0,0.0,166.42413479425394,78,cvc-clinicdb,unetpp,polypseg/runs/unetpp_seed42/best.pth,False
0.9086320040154309,0.8325624421446549,0.9321595027999917,0.8862629246240146,0.6667403793925796,7.211102550927978,79,cvc-clinicdb,unetpp,polypseg/runs/unetpp_seed42/best.pth,False
0.7057608920072637,0.5453095086130133,0.9808451108330523,0.5511791977401685,0.5273947702531131,84.71363385866228,8,cvc-clinicdb,unetpp,polypseg/runs/unetpp_seed42/best.pth,False
0.8848056536789822,0.7934093789104303,0.8129870129342216,0.9705426355836788,0.6444121416377236,6.012414379544733,80,cvc-clinicdb,unetpp,polypseg/runs/unetpp_seed42/best.pth,False
0.9486440455852964,0.9023052959389121,0.9204271005348872,0.9786457629277112,0.5906583140277325,5.0,81,cvc-clinicdb,unetpp,polypseg/runs/unetpp_seed42/best.pth,False
0.9450302263328408,0.8957889125560824,0.9635894495136585,0.9271724137675263,0.750095625476788,5.385164807134504,82,cvc-clinicdb,unetpp,polypseg/runs/unetpp_seed42/best.pth,False
0.9540761836896043,0.9121851599624212,0.914571721067972,0.997147463710813,0.5909972071374857,5.0,83,cvc-clinicdb,unetpp,polypseg/runs/unetpp_seed42/best.pth,False
0.9570575774989691,0.9176514032326875,0.9676791277070156,0.946666666648635,0.7103945537173403,3.605551275463989,84,cvc-clinicdb,unetpp,polypseg/runs/unetpp_seed42/best.pth,False
0.9137344824787401,0.8411704760395812,0.8478356566273245,0.9907407407237527,0.4959598274893593,9.848857801796104,85,cvc-clinicdb,unetpp,polypseg/runs/unetpp_seed42/best.pth,False
0.9390345749044676,0.885075566736696,0.958241009017245,0.9205829375975015,0.598870006511543,6.0,86,cvc-clinicdb,unetpp,polypseg/runs/unetpp_seed42/best.pth,False
0.9591929611577731,0.9215857746549835,0.9312223858478466,0.9888958398343932,0.7504785199656111,4.212756921743878,87,cvc-clinicdb,unetpp,polypseg/runs/unetpp_seed42/best.pth,False
0.8935959615867207,0.8076578994308883,0.8078024337722297,0.9997785160354423,0.6283361436104177,180.2973923225578,88,cvc-clinicdb,unetpp,polypseg/runs/unetpp_seed42/best.pth,False
0.9786150712731301,0.958125623111503,0.9679693795131352,0.9894975288099362,0.9874208297372034,2.0,89,cvc-clinicdb,unetpp,polypseg/runs/unetpp_seed42/best.pth,False
0.6429571548555821,0.4737928188163861,0.9586638830764278,0.48367389930142773,0.5009883252803413,96.79718335785928,9,cvc-clinicdb,unetpp,polypseg/runs/unetpp_seed42/best.pth,False
0.9540024456687611,0.9120503596958265,0.916500994019221,0.9947038053943762,0.7192865592026434,6.0,90,cvc-clinicdb,unetpp,polypseg/runs/unetpp_seed42/best.pth,False
0.9278794402492623,0.8654618473737594,0.8665691829488837,0.9985256950084557,0.46622573662292305,6.0,91,cvc-clinicdb,unetpp,polypseg/runs/unetpp_seed42/best.pth,False
0.9169280817832354,0.8465994421616263,0.8486021505193849,0.9972201162244827,0.6596557817927936,11.0,92,cvc-clinicdb,unetpp,polypseg/runs/unetpp_seed42/best.pth,False
0.88609948859965,0.7954924874625315,0.8124467178002462,0.9744376277869521,0.597527038350229,15.187086094140001,93,cvc-clinicdb,unetpp,polypseg/runs/unetpp_seed42/best.pth,False
0.8782272819589527,0.7828923522873705,0.7998518792668052,0.9736308316210586,0.32532221681315826,15.297058540778355,94,cvc-clinicdb,unetpp,polypseg/runs/unetpp_seed42/best.pth,False
0.8856695379709703,0.7947997188897611,0.7987288135452202,0.993848857623158,0.5188155502200951,16.0,95,cvc-clinicdb,unetpp,polypseg/runs/unetpp_seed42/best.pth,False
0.9099709583638811,0.834813499095425,0.8358032009319146,0.9985835693815255,0.5567725772721956,10.965549442140343,96,cvc-clinicdb,unetpp,polypseg/runs/unetpp_seed42/best.pth,False
0.893725268500654,0.8078691875112962,0.8555194804963334,0.9355029585522041,0.5490330057431698,9.219544457292887,97,cvc-clinicdb,unetpp,polypseg/runs/unetpp_seed42/best.pth,False
0.978469857796022,0.9578472698661126,0.9720453640969752,0.9849798386997481,0.8899726512484458,3.0,98,cvc-clinicdb,unetpp,polypseg/runs/unetpp_seed42/best.pth,False
0.9615718772909071,0.9259879006187928,0.9392871131878928,0.9849397590226596,0.6598368408718044,4.242640687119285,99,cvc-clinicdb,unetpp,polypseg/runs/unetpp_seed42/best.pth,False
