### Condition C: fixed worker seeding, default kernels
== train unet_seed42_fold0fixC1 
Warning: You are sending unauthenticated requests to the HF Hub. Please set a HF_TOKEN to enable higher rate limits and faster downloads.
[unet_seed42_fold0fixC1] device=cuda params=24.44M train=700 val=100 amp=True
[unet_seed42_fold0fixC1] epoch   1/60 loss=1.1905 val_dice=0.6307 (4s)
[unet_seed42_fold0fixC1] epoch   2/60 loss=0.9716 val_dice=0.6687 (3s)
[unet_seed42_fold0fixC1] epoch   3/60 loss=0.8826 val_dice=0.7481 (3s)
[unet_seed42_fold0fixC1] epoch   4/60 loss=0.8065 val_dice=0.7953 (3s)
[unet_seed42_fold0fixC1] epoch   5/60 loss=0.7420 val_dice=0.7804 (3s)
[unet_seed42_fold0fixC1] epoch   6/60 loss=0.6887 val_dice=0.8203 (3s)
[unet_seed42_fold0fixC1] epoch   7/60 loss=0.6315 val_dice=0.8222 (3s)
[unet_seed42_fold0fixC1] epoch   8/60 loss=0.5865 val_dice=0.8234 (3s)
[unet_seed42_fold0fixC1] epoch   9/60 loss=0.5417 val_dice=0.8335 (3s)
[unet_seed42_fold0fixC1] epoch  10/60 loss=0.5183 val_dice=0.8447 (3s)
[unet_seed42_fold0fixC1] epoch  11/60 loss=0.4860 val_dice=0.8241 (3s)
[unet_seed42_fold0fixC1] epoch  12/60 loss=0.4566 val_dice=0.8246 (3s)
[unet_seed42_fold0fixC1] epoch  13/60 loss=0.4264 val_dice=0.8443 (3s)
[unet_seed42_fold0fixC1] epoch  14/60 loss=0.4087 val_dice=0.8432 (3s)
[unet_seed42_fold0fixC1] epoch  15/60 loss=0.3985 val_dice=0.8550 (3s)
[unet_seed42_fold0fixC1] epoch  16/60 loss=0.3691 val_dice=0.8533 (3s)
[unet_seed42_fold0fixC1] epoch  17/60 loss=0.3493 val_dice=0.8480 (3s)
[unet_seed42_fold0fixC1] epoch  18/60 loss=0.3319 val_dice=0.8439 (3s)
[unet_seed42_fold0fixC1] epoch  19/60 loss=0.3185 val_dice=0.8563 (3s)
[unet_seed42_fold0fixC1] epoch  20/60 loss=0.3101 val_dice=0.8456 (3s)
[unet_seed42_fold0fixC1] epoch  21/60 loss=0.2995 val_dice=0.8366 (3s)
[unet_seed42_fold0fixC1] epoch  22/60 loss=0.2862 val_dice=0.8271 (3s)
[unet_seed42_fold0fixC1] epoch  23/60 loss=0.2789 val_dice=0.8476 (3s)
[unet_seed42_fold0fixC1] epoch  24/60 loss=0.2881 val_dice=0.8602 (3s)
[unet_seed42_fold0fixC1] epoch  25/60 loss=0.2592 val_dice=0.8559 (3s)
[unet_seed42_fold0fixC1] epoch  26/60 loss=0.2626 val_dice=0.8557 (3s)
[unet_seed42_fold0fixC1] epoch  27/60 loss=0.2386 val_dice=0.8703 (3s)
[unet_seed42_fold0fixC1] epoch  28/60 loss=0.2354 val_dice=0.8690 (3s)
[unet_seed42_fold0fixC1] epoch  29/60 loss=0.2296 val_dice=0.8515 (3s)
[unet_seed42_fold0fixC1] epoch  30/60 loss=0.2217 val_dice=0.8660 (3s)
[unet_seed42_fold0fixC1] epoch  31/60 loss=0.1998 val_dice=0.8499 (3s)
[unet_seed42_fold0fixC1] epoch  32/60 loss=0.2066 val_dice=0.8587 (3s)
[unet_seed42_fold0fixC1] epoch  33/60 loss=0.2077 val_dice=0.8541 (3s)
[unet_seed42_fold0fixC1] epoch  34/60 loss=0.1988 val_dice=0.8624 (3s)
[unet_seed42_fold0fixC1] epoch  35/60 loss=0.2063 val_dice=0.8576 (3s)
[unet_seed42_fold0fixC1] epoch  36/60 loss=0.2018 val_dice=0.8637 (3s)
[unet_seed42_fold0fixC1] epoch  37/60 loss=0.2025 val_dice=0.8698 (3s)
[unet_seed42_fold0fixC1] epoch  38/60 loss=0.1833 val_dice=0.8777 (3s)
[unet_seed42_fold0fixC1] epoch  39/60 loss=0.1823 val_dice=0.8715 (3s)
[unet_seed42_fold0fixC1] epoch  40/60 loss=0.1745 val_dice=0.8731 (3s)
[unet_seed42_fold0fixC1] epoch  41/60 loss=0.1682 val_dice=0.8773 (3s)
[unet_seed42_fold0fixC1] epoch  42/60 loss=0.1758 val_dice=0.8766 (3s)
[unet_seed42_fold0fixC1] epoch  43/60 loss=0.1628 val_dice=0.8811 (3s)
[unet_seed42_fold0fixC1] epoch  44/60 loss=0.1635 val_dice=0.8736 (3s)
[unet_seed42_fold0fixC1] epoch  45/60 loss=0.1625 val_dice=0.8772 (3s)
[unet_seed42_fold0fixC1] epoch  46/60 loss=0.1568 val_dice=0.8748 (3s)
[unet_seed42_fold0fixC1] epoch  47/60 loss=0.1663 val_dice=0.8752 (3s)
[unet_seed42_fold0fixC1] epoch  48/60 loss=0.1702 val_dice=0.8774 (3s)
[unet_seed42_fold0fixC1] epoch  49/60 loss=0.1536 val_dice=0.8767 (3s)
[unet_seed42_fold0fixC1] epoch  50/60 loss=0.1585 val_dice=0.8734 (3s)
[unet_seed42_fold0fixC1] epoch  51/60 loss=0.1627 val_dice=0.8757 (3s)
[unet_seed42_fold0fixC1] epoch  52/60 loss=0.1556 val_dice=0.8765 (3s)
[unet_seed42_fold0fixC1] epoch  53/60 loss=0.1534 val_dice=0.8791 (3s)
[unet_seed42_fold0fixC1] epoch  54/60 loss=0.1536 val_dice=0.8779 (3s)
[unet_seed42_fold0fixC1] epoch  55/60 loss=0.1533 val_dice=0.8787 (3s)
[unet_seed42_fold0fixC1] epoch  56/60 loss=0.1525 val_dice=0.8771 (3s)
[unet_seed42_fold0fixC1] epoch  57/60 loss=0.1525 val_dice=0.8763 (3s)
[unet_seed42_fold0fixC1] epoch  58/60 loss=0.1513 val_dice=0.8772 (3s)
[unet_seed42_fold0fixC1] early stop at epoch 58 (best 0.8811 @ 43)
[unet_seed42_fold0fixC1] done. best val Dice 0.8811 @ epoch 43
              dice     iou  boundary_f1
dataset                                
kvasir-seg  0.9086  0.8513        0.668

Wrote polypseg/outputs/repeat2/perimage_unet_seed42_fold0fixC1.csv
== train unet_seed42_fold0fixC2 
[unet_seed42_fold0fixC2] device=cuda params=24.44M train=700 val=100 amp=True
[unet_seed42_fold0fixC2] epoch   1/60 loss=1.2050 val_dice=0.6106 (4s)
[unet_seed42_fold0fixC2] epoch   2/60 loss=0.9766 val_dice=0.6452 (3s)
[unet_seed42_fold0fixC2] epoch   3/60 loss=0.8891 val_dice=0.7381 (3s)
[unet_seed42_fold0fixC2] epoch   4/60 loss=0.7991 val_dice=0.7803 (3s)
[unet_seed42_fold0fixC2] epoch   5/60 loss=0.7385 val_dice=0.7815 (3s)
[unet_seed42_fold0fixC2] epoch   6/60 loss=0.6911 val_dice=0.8051 (3s)
[unet_seed42_fold0fixC2] epoch   7/60 loss=0.6420 val_dice=0.8044 (3s)
[unet_seed42_fold0fixC2] epoch   8/60 loss=0.5947 val_dice=0.8040 (3s)
[unet_seed42_fold0fixC2] epoch   9/60 loss=0.5641 val_dice=0.8170 (3s)
[unet_seed42_fold0fixC2] epoch  10/60 loss=0.5248 val_dice=0.8131 (3s)
[unet_seed42_fold0fixC2] epoch  11/60 loss=0.4885 val_dice=0.8364 (3s)
[unet_seed42_fold0fixC2] epoch  12/60 loss=0.4663 val_dice=0.8430 (3s)
[unet_seed42_fold0fixC2] epoch  13/60 loss=0.4363 val_dice=0.8367 (3s)
[unet_seed42_fold0fixC2] epoch  14/60 loss=0.4146 val_dice=0.8248 (3s)
[unet_seed42_fold0fixC2] epoch  15/60 loss=0.4007 val_dice=0.8232 (3s)
[unet_seed42_fold0fixC2] epoch  16/60 loss=0.3882 val_dice=0.8223 (3s)
[unet_seed42_fold0fixC2] epoch  17/60 loss=0.3590 val_dice=0.8486 (3s)
[unet_seed42_fold0fixC2] epoch  18/60 loss=0.3455 val_dice=0.8345 (3s)
[unet_seed42_fold0fixC2] epoch  19/60 loss=0.3539 val_dice=0.8259 (3s)
[unet_seed42_fold0fixC2] epoch  20/60 loss=0.3138 val_dice=0.8441 (3s)
[unet_seed42_fold0fixC2] epoch  21/60 loss=0.3076 val_dice=0.8358 (3s)
[unet_seed42_fold0fixC2] epoch  22/60 loss=0.2947 val_dice=0.8422 (3s)
[unet_seed42_fold0fixC2] epoch  23/60 loss=0.2873 val_dice=0.8497 (3s)
[unet_seed42_fold0fixC2] epoch  24/60 loss=0.2722 val_dice=0.8575 (3s)
[unet_seed42_fold0fixC2] epoch  25/60 loss=0.2744 val_dice=0.8446 (3s)
[unet_seed42_fold0fixC2] epoch  26/60 loss=0.2771 val_dice=0.8568 (3s)
[unet_seed42_fold0fixC2] epoch  27/60 loss=0.2557 val_dice=0.8370 (3s)
[unet_seed42_fold0fixC2] epoch  28/60 loss=0.2598 val_dice=0.8562 (3s)
[unet_seed42_fold0fixC2] epoch  29/60 loss=0.2400 val_dice=0.8465 (3s)
[unet_seed42_fold0fixC2] epoch  30/60 loss=0.2378 val_dice=0.8722 (3s)
[unet_seed42_fold0fixC2] epoch  31/60 loss=0.2291 val_dice=0.8482 (3s)
[unet_seed42_fold0fixC2] epoch  32/60 loss=0.2236 val_dice=0.8660 (3s)
[unet_seed42_fold0fixC2] epoch  33/60 loss=0.2206 val_dice=0.8678 (3s)
[unet_seed42_fold0fixC2] epoch  34/60 loss=0.2062 val_dice=0.8580 (3s)
[unet_seed42_fold0fixC2] epoch  35/60 loss=0.2107 val_dice=0.8603 (3s)
[unet_seed42_fold0fixC2] epoch  36/60 loss=0.2109 val_dice=0.8536 (3s)
[unet_seed42_fold0fixC2] epoch  37/60 loss=0.2065 val_dice=0.8618 (3s)
[unet_seed42_fold0fixC2] epoch  38/60 loss=0.2092 val_dice=0.8727 (3s)
[unet_seed42_fold0fixC2] epoch  39/60 loss=0.1875 val_dice=0.8743 (3s)
[unet_seed42_fold0fixC2] epoch  40/60 loss=0.1892 val_dice=0.8648 (3s)
[unet_seed42_fold0fixC2] epoch  41/60 loss=0.1842 val_dice=0.8580 (3s)
[unet_seed42_fold0fixC2] epoch  42/60 loss=0.1952 val_dice=0.8484 (3s)
[unet_seed42_fold0fixC2] epoch  43/60 loss=0.1880 val_dice=0.8560 (3s)
[unet_seed42_fold0fixC2] epoch  44/60 loss=0.1837 val_dice=0.8648 (3s)
[unet_seed42_fold0fixC2] epoch  45/60 loss=0.1855 val_dice=0.8709 (3s)
[unet_seed42_fold0fixC2] epoch  46/60 loss=0.1743 val_dice=0.8669 (3s)
[unet_seed42_fold0fixC2] epoch  47/60 loss=0.1797 val_dice=0.8684 (3s)
[unet_seed42_fold0fixC2] epoch  48/60 loss=0.1806 val_dice=0.8713 (3s)
[unet_seed42_fold0fixC2] epoch  49/60 loss=0.1719 val_dice=0.8670 (3s)
[unet_seed42_fold0fixC2] epoch  50/60 loss=0.1657 val_dice=0.8688 (3s)
[unet_seed42_fold0fixC2] epoch  51/60 loss=0.1706 val_dice=0.8705 (3s)
[unet_seed42_fold0fixC2] epoch  52/60 loss=0.1648 val_dice=0.8697 (3s)
[unet_seed42_fold0fixC2] epoch  53/60 loss=0.1725 val_dice=0.8694 (3s)
[unet_seed42_fold0fixC2] epoch  54/60 loss=0.1664 val_dice=0.8670 (3s)
[unet_seed42_fold0fixC2] early stop at epoch 54 (best 0.8743 @ 39)
[unet_seed42_fold0fixC2] done. best val Dice 0.8743 @ epoch 39
              dice     iou  boundary_f1
dataset                                
kvasir-seg  0.9041  0.8503       0.6707

Wrote polypseg/outputs/repeat2/perimage_unet_seed42_fold0fixC2.csv
== train unet_seed42_fold0fixC3 
[unet_seed42_fold0fixC3] device=cuda params=24.44M train=700 val=100 amp=True
[unet_seed42_fold0fixC3] epoch   1/60 loss=1.2096 val_dice=0.5985 (4s)
[unet_seed42_fold0fixC3] epoch   2/60 loss=0.9642 val_dice=0.7359 (3s)
[unet_seed42_fold0fixC3] epoch   3/60 loss=0.8756 val_dice=0.7615 (3s)
[unet_seed42_fold0fixC3] epoch   4/60 loss=0.7931 val_dice=0.7690 (3s)
[unet_seed42_fold0fixC3] epoch   5/60 loss=0.7258 val_dice=0.8039 (3s)
[unet_seed42_fold0fixC3] epoch   6/60 loss=0.6838 val_dice=0.8049 (3s)
[unet_seed42_fold0fixC3] epoch   7/60 loss=0.6383 val_dice=0.8208 (3s)
[unet_seed42_fold0fixC3] epoch   8/60 loss=0.5991 val_dice=0.8098 (3s)
[unet_seed42_fold0fixC3] epoch   9/60 loss=0.5617 val_dice=0.8069 (3s)
[unet_seed42_fold0fixC3] epoch  10/60 loss=0.5178 val_dice=0.8244 (3s)
[unet_seed42_fold0fixC3] epoch  11/60 loss=0.4893 val_dice=0.8543 (3s)
[unet_seed42_fold0fixC3] epoch  12/60 loss=0.4681 val_dice=0.8383 (3s)
[unet_seed42_fold0fixC3] epoch  13/60 loss=0.4483 val_dice=0.8241 (3s)
[unet_seed42_fold0fixC3] epoch  14/60 loss=0.4226 val_dice=0.8266 (3s)
[unet_seed42_fold0fixC3] epoch  15/60 loss=0.4028 val_dice=0.8256 (3s)
[unet_seed42_fold0fixC3] epoch  16/60 loss=0.3841 val_dice=0.8480 (3s)
[unet_seed42_fold0fixC3] epoch  17/60 loss=0.3745 val_dice=0.8398 (3s)
[unet_seed42_fold0fixC3] epoch  18/60 loss=0.3492 val_dice=0.8356 (3s)
[unet_seed42_fold0fixC3] epoch  19/60 loss=0.3286 val_dice=0.8345 (3s)
[unet_seed42_fold0fixC3] epoch  20/60 loss=0.3224 val_dice=0.8527 (3s)
[unet_seed42_fold0fixC3] epoch  21/60 loss=0.3108 val_dice=0.8594 (3s)
[unet_seed42_fold0fixC3] epoch  22/60 loss=0.2986 val_dice=0.8586 (3s)
[unet_seed42_fold0fixC3] epoch  23/60 loss=0.2983 val_dice=0.8584 (3s)
[unet_seed42_fold0fixC3] epoch  24/60 loss=0.2860 val_dice=0.8515 (3s)
[unet_seed42_fold0fixC3] epoch  25/60 loss=0.2684 val_dice=0.8598 (3s)
[unet_seed42_fold0fixC3] epoch  26/60 loss=0.2760 val_dice=0.8694 (3s)
[unet_seed42_fold0fixC3] epoch  27/60 loss=0.2701 val_dice=0.8775 (3s)
[unet_seed42_fold0fixC3] epoch  28/60 loss=0.2636 val_dice=0.8527 (3s)
[unet_seed42_fold0fixC3] epoch  29/60 loss=0.2548 val_dice=0.8658 (3s)
[unet_seed42_fold0fixC3] epoch  30/60 loss=0.2529 val_dice=0.8714 (3s)
[unet_seed42_fold0fixC3] epoch  31/60 loss=0.2395 val_dice=0.8531 (3s)
[unet_seed42_fold0fixC3] epoch  32/60 loss=0.2324 val_dice=0.8838 (3s)
[unet_seed42_fold0fixC3] epoch  33/60 loss=0.2306 val_dice=0.8714 (3s)
[unet_seed42_fold0fixC3] epoch  34/60 loss=0.2301 val_dice=0.8603 (3s)
[unet_seed42_fold0fixC3] epoch  35/60 loss=0.2268 val_dice=0.8560 (3s)
[unet_seed42_fold0fixC3] epoch  36/60 loss=0.2143 val_dice=0.8717 (3s)
[unet_seed42_fold0fixC3] epoch  37/60 loss=0.2118 val_dice=0.8599 (3s)
[unet_seed42_fold0fixC3] epoch  38/60 loss=0.2085 val_dice=0.8681 (3s)
[unet_seed42_fold0fixC3] epoch  39/60 loss=0.2053 val_dice=0.8715 (3s)
[unet_seed42_fold0fixC3] epoch  40/60 loss=0.1991 val_dice=0.8657 (3s)
[unet_seed42_fold0fixC3] epoch  41/60 loss=0.1951 val_dice=0.8601 (3s)
[unet_seed42_fold0fixC3] epoch  42/60 loss=0.1827 val_dice=0.8586 (3s)
[unet_seed42_fold0fixC3] epoch  43/60 loss=0.1985 val_dice=0.8662 (3s)
[unet_seed42_fold0fixC3] epoch  44/60 loss=0.2048 val_dice=0.8682 (3s)
[unet_seed42_fold0fixC3] epoch  45/60 loss=0.1871 val_dice=0.8758 (3s)
[unet_seed42_fold0fixC3] epoch  46/60 loss=0.1759 val_dice=0.8789 (3s)
[unet_seed42_fold0fixC3] epoch  47/60 loss=0.1907 val_dice=0.8696 (3s)
[unet_seed42_fold0fixC3] early stop at epoch 47 (best 0.8838 @ 32)
[unet_seed42_fold0fixC3] done. best val Dice 0.8838 @ epoch 32
              dice    iou  boundary_f1
dataset                               
kvasir-seg  0.8977  0.838       0.6382

Wrote polypseg/outputs/repeat2/perimage_unet_seed42_fold0fixC3.csv
== train unetpp_seed42_fold0fixC1 
[unetpp_seed42_fold0fixC1] device=cuda params=26.08M train=700 val=100 amp=True
[unetpp_seed42_fold0fixC1] epoch   1/60 loss=0.9826 val_dice=0.7276 (7s)
[unetpp_seed42_fold0fixC1] epoch   2/60 loss=0.7234 val_dice=0.7898 (6s)
[unetpp_seed42_fold0fixC1] epoch   3/60 loss=0.6268 val_dice=0.8007 (6s)
[unetpp_seed42_fold0fixC1] epoch   4/60 loss=0.5444 val_dice=0.8193 (6s)
[unetpp_seed42_fold0fixC1] epoch   5/60 loss=0.4913 val_dice=0.8241 (6s)
[unetpp_seed42_fold0fixC1] epoch   6/60 loss=0.4428 val_dice=0.8228 (6s)
[unetpp_seed42_fold0fixC1] epoch   7/60 loss=0.4018 val_dice=0.8414 (6s)
[unetpp_seed42_fold0fixC1] epoch   8/60 loss=0.3697 val_dice=0.8422 (6s)
[unetpp_seed42_fold0fixC1] epoch   9/60 loss=0.3652 val_dice=0.8311 (6s)
[unetpp_seed42_fold0fixC1] epoch  10/60 loss=0.3203 val_dice=0.8465 (6s)
[unetpp_seed42_fold0fixC1] epoch  11/60 loss=0.3454 val_dice=0.8295 (6s)
[unetpp_seed42_fold0fixC1] epoch  12/60 loss=0.3187 val_dice=0.8464 (6s)
[unetpp_seed42_fold0fixC1] epoch  13/60 loss=0.3104 val_dice=0.8493 (6s)
[unetpp_seed42_fold0fixC1] epoch  14/60 loss=0.2871 val_dice=0.8436 (6s)
[unetpp_seed42_fold0fixC1] epoch  15/60 loss=0.3026 val_dice=0.8403 (6s)
[unetpp_seed42_fold0fixC1] epoch  16/60 loss=0.2867 val_dice=0.8502 (6s)
[unetpp_seed42_fold0fixC1] epoch  17/60 loss=0.2554 val_dice=0.8620 (6s)
[unetpp_seed42_fold0fixC1] epoch  18/60 loss=0.2477 val_dice=0.8545 (6s)
[unetpp_seed42_fold0fixC1] epoch  19/60 loss=0.2554 val_dice=0.8618 (6s)
[unetpp_seed42_fold0fixC1] epoch  20/60 loss=0.2328 val_dice=0.8667 (6s)
[unetpp_seed42_fold0fixC1] epoch  21/60 loss=0.2323 val_dice=0.8526 (6s)
[unetpp_seed42_fold0fixC1] epoch  22/60 loss=0.2212 val_dice=0.8621 (6s)
[unetpp_seed42_fold0fixC1] epoch  23/60 loss=0.2525 val_dice=0.8628 (6s)
[unetpp_seed42_fold0fixC1] epoch  24/60 loss=0.2231 val_dice=0.8624 (6s)
[unetpp_seed42_fold0fixC1] epoch  25/60 loss=0.2135 val_dice=0.8791 (6s)
[unetpp_seed42_fold0fixC1] epoch  26/60 loss=0.2233 val_dice=0.8578 (6s)
[unetpp_seed42_fold0fixC1] epoch  27/60 loss=0.1996 val_dice=0.8636 (6s)
[unetpp_seed42_fold0fixC1] epoch  28/60 loss=0.2149 val_dice=0.8733 (6s)
[unetpp_seed42_fold0fixC1] epoch  29/60 loss=0.2048 val_dice=0.8610 (6s)
[unetpp_seed42_fold0fixC1] epoch  30/60 loss=0.1964 val_dice=0.8649 (6s)
[unetpp_seed42_fold0fixC1] epoch  31/60 loss=0.1867 val_dice=0.8596 (6s)
[unetpp_seed42_fold0fixC1] epoch  32/60 loss=0.1914 val_dice=0.8783 (6s)
[unetpp_seed42_fold0fixC1] epoch  33/60 loss=0.1872 val_dice=0.8688 (6s)
[unetpp_seed42_fold0fixC1] epoch  34/60 loss=0.1727 val_dice=0.8744 (6s)
[unetpp_seed42_fold0fixC1] epoch  35/60 loss=0.1731 val_dice=0.8756 (6s)
[unetpp_seed42_fold0fixC1] epoch  36/60 loss=0.1859 val_dice=0.8818 (6s)
[unetpp_seed42_fold0fixC1] epoch  37/60 loss=0.1751 val_dice=0.8819 (6s)
[unetpp_seed42_fold0fixC1] epoch  38/60 loss=0.1749 val_dice=0.8823 (6s)
[unetpp_seed42_fold0fixC1] epoch  39/60 loss=0.1788 val_dice=0.8864 (6s)
[unetpp_seed42_fold0fixC1] epoch  40/60 loss=0.1677 val_dice=0.8827 (6s)
[unetpp_seed42_fold0fixC1] epoch  41/60 loss=0.1633 val_dice=0.8863 (6s)
[unetpp_seed42_fold0fixC1] epoch  42/60 loss=0.1537 val_dice=0.8848 (6s)
[unetpp_seed42_fold0fixC1] epoch  43/60 loss=0.1602 val_dice=0.8866 (6s)
[unetpp_seed42_fold0fixC1] epoch  44/60 loss=0.1610 val_dice=0.8869 (6s)
[unetpp_seed42_fold0fixC1] epoch  45/60 loss=0.1619 val_dice=0.8872 (6s)
[unetpp_seed42_fold0fixC1] epoch  46/60 loss=0.1487 val_dice=0.8855 (6s)
[unetpp_seed42_fold0fixC1] epoch  47/60 loss=0.1598 val_dice=0.8810 (6s)
[unetpp_seed42_fold0fixC1] epoch  48/60 loss=0.1407 val_dice=0.8802 (6s)
[unetpp_seed42_fold0fixC1] epoch  49/60 loss=0.1436 val_dice=0.8828 (6s)
[unetpp_seed42_fold0fixC1] epoch  50/60 loss=0.1629 val_dice=0.8812 (6s)
[unetpp_seed42_fold0fixC1] epoch  51/60 loss=0.1577 val_dice=0.8855 (6s)
[unetpp_seed42_fold0fixC1] epoch  52/60 loss=0.1536 val_dice=0.8832 (6s)
[unetpp_seed42_fold0fixC1] epoch  53/60 loss=0.1563 val_dice=0.8819 (6s)
[unetpp_seed42_fold0fixC1] epoch  54/60 loss=0.1547 val_dice=0.8825 (6s)
[unetpp_seed42_fold0fixC1] epoch  55/60 loss=0.1445 val_dice=0.8817 (6s)
[unetpp_seed42_fold0fixC1] epoch  56/60 loss=0.1515 val_dice=0.8817 (6s)
[unetpp_seed42_fold0fixC1] epoch  57/60 loss=0.1525 val_dice=0.8828 (6s)
[unetpp_seed42_fold0fixC1] epoch  58/60 loss=0.1556 val_dice=0.8813 (6s)
[unetpp_seed42_fold0fixC1] epoch  59/60 loss=0.1460 val_dice=0.8825 (6s)
[unetpp_seed42_fold0fixC1] epoch  60/60 loss=0.1458 val_dice=0.8832 (6s)
[unetpp_seed42_fold0fixC1] early stop at epoch 60 (best 0.8872 @ 45)
[unetpp_seed42_fold0fixC1] done. best val Dice 0.8872 @ epoch 45
              dice     iou  boundary_f1
dataset                                
kvasir-seg  0.9184  0.8668       0.6904

Wrote polypseg/outputs/repeat2/perimage_unetpp_seed42_fold0fixC1.csv
== train unetpp_seed42_fold0fixC2 
[unetpp_seed42_fold0fixC2] device=cuda params=26.08M train=700 val=100 amp=True
[unetpp_seed42_fold0fixC2] epoch   1/60 loss=0.9865 val_dice=0.7444 (7s)
[unetpp_seed42_fold0fixC2] epoch   2/60 loss=0.7231 val_dice=0.7668 (6s)
[unetpp_seed42_fold0fixC2] epoch   3/60 loss=0.6140 val_dice=0.7701 (6s)
[unetpp_seed42_fold0fixC2] epoch   4/60 loss=0.5344 val_dice=0.8018 (6s)
[unetpp_seed42_fold0fixC2] epoch   5/60 loss=0.4851 val_dice=0.8358 (6s)
[unetpp_seed42_fold0fixC2] epoch   6/60 loss=0.4391 val_dice=0.8159 (6s)
[unetpp_seed42_fold0fixC2] epoch   7/60 loss=0.4134 val_dice=0.8296 (6s)
[unetpp_seed42_fold0fixC2] epoch   8/60 loss=0.3846 val_dice=0.8215 (6s)
[unetpp_seed42_fold0fixC2] epoch   9/60 loss=0.3664 val_dice=0.8199 (6s)
[unetpp_seed42_fold0fixC2] epoch  10/60 loss=0.3457 val_dice=0.8349 (6s)
[unetpp_seed42_fold0fixC2] epoch  11/60 loss=0.3400 val_dice=0.8047 (6s)
[unetpp_seed42_fold0fixC2] epoch  12/60 loss=0.3157 val_dice=0.8610 (6s)
[unetpp_seed42_fold0fixC2] epoch  13/60 loss=0.3081 val_dice=0.8262 (6s)
[unetpp_seed42_fold0fixC2] epoch  14/60 loss=0.2915 val_dice=0.8466 (6s)
[unetpp_seed42_fold0fixC2] epoch  15/60 loss=0.2950 val_dice=0.8485 (6s)
[unetpp_seed42_fold0fixC2] epoch  16/60 loss=0.2848 val_dice=0.8672 (6s)
[unetpp_seed42_fold0fixC2] epoch  17/60 loss=0.2547 val_dice=0.8528 (6s)
[unetpp_seed42_fold0fixC2] epoch  18/60 loss=0.2623 val_dice=0.8557 (6s)
[unetpp_seed42_fold0fixC2] epoch  19/60 loss=0.2535 val_dice=0.8619 (6s)
[unetpp_seed42_fold0fixC2] epoch  20/60 loss=0.2602 val_dice=0.8509 (6s)
[unetpp_seed42_fold0fixC2] epoch  21/60 loss=0.2410 val_dice=0.8531 (6s)
[unetpp_seed42_fold0fixC2] epoch  22/60 loss=0.2546 val_dice=0.8806 (6s)
[unetpp_seed42_fold0fixC2] epoch  23/60 loss=0.2386 val_dice=0.8747 (6s)
[unetpp_seed42_fold0fixC2] epoch  24/60 loss=0.2134 val_dice=0.8717 (6s)
[unetpp_seed42_fold0fixC2] epoch  25/60 loss=0.2120 val_dice=0.8731 (6s)
[unetpp_seed42_fold0fixC2] epoch  26/60 loss=0.2200 val_dice=0.8766 (6s)
[unetpp_seed42_fold0fixC2] epoch  27/60 loss=0.1938 val_dice=0.8686 (6s)
[unetpp_seed42_fold0fixC2] epoch  28/60 loss=0.2034 val_dice=0.8800 (6s)
[unetpp_seed42_fold0fixC2] epoch  29/60 loss=0.2085 val_dice=0.8773 (6s)
[unetpp_seed42_fold0fixC2] epoch  30/60 loss=0.2010 val_dice=0.8733 (6s)
[unetpp_seed42_fold0fixC2] epoch  31/60 loss=0.1902 val_dice=0.8750 (6s)
[unetpp_seed42_fold0fixC2] epoch  32/60 loss=0.1831 val_dice=0.8642 (6s)
[unetpp_seed42_fold0fixC2] epoch  33/60 loss=0.1867 val_dice=0.8756 (6s)
[unetpp_seed42_fold0fixC2] epoch  34/60 loss=0.1877 val_dice=0.8791 (6s)
[unetpp_seed42_fold0fixC2] epoch  35/60 loss=0.1723 val_dice=0.8744 (6s)
[unetpp_seed42_fold0fixC2] epoch  36/60 loss=0.1762 val_dice=0.8829 (6s)
[unetpp_seed42_fold0fixC2] epoch  37/60 loss=0.1778 val_dice=0.8749 (6s)
[unetpp_seed42_fold0fixC2] epoch  38/60 loss=0.1813 val_dice=0.8734 (6s)
[unetpp_seed42_fold0fixC2] epoch  39/60 loss=0.1750 val_dice=0.8734 (6s)
[unetpp_seed42_fold0fixC2] epoch  40/60 loss=0.1714 val_dice=0.8771 (6s)
[unetpp_seed42_fold0fixC2] epoch  41/60 loss=0.1646 val_dice=0.8758 (6s)
[unetpp_seed42_fold0fixC2] epoch  42/60 loss=0.1663 val_dice=0.8777 (6s)
[unetpp_seed42_fold0fixC2] epoch  43/60 loss=0.1635 val_dice=0.8872 (6s)
[unetpp_seed42_fold0fixC2] epoch  44/60 loss=0.1619 val_dice=0.8820 (6s)
[unetpp_seed42_fold0fixC2] epoch  45/60 loss=0.1543 val_dice=0.8796 (6s)
[unetpp_seed42_fold0fixC2] epoch  46/60 loss=0.1476 val_dice=0.8773 (6s)
[unetpp_seed42_fold0fixC2] epoch  47/60 loss=0.1445 val_dice=0.8773 (6s)
[unetpp_seed42_fold0fixC2] epoch  48/60 loss=0.1522 val_dice=0.8799 (6s)
[unetpp_seed42_fold0fixC2] epoch  49/60 loss=0.1461 val_dice=0.8788 (6s)
[unetpp_seed42_fold0fixC2] epoch  50/60 loss=0.1617 val_dice=0.8785 (6s)
[unetpp_seed42_fold0fixC2] epoch  51/60 loss=0.1501 val_dice=0.8755 (6s)
[unetpp_seed42_fold0fixC2] epoch  52/60 loss=0.1512 val_dice=0.8775 (6s)
[unetpp_seed42_fold0fixC2] epoch  53/60 loss=0.1525 val_dice=0.8773 (6s)
[unetpp_seed42_fold0fixC2] epoch  54/60 loss=0.1452 val_dice=0.8776 (6s)
[unetpp_seed42_fold0fixC2] epoch  55/60 loss=0.1438 val_dice=0.8770 (6s)
[unetpp_seed42_fold0fixC2] epoch  56/60 loss=0.1500 val_dice=0.8779 (6s)
[unetpp_seed42_fold0fixC2] epoch  57/60 loss=0.1439 val_dice=0.8773 (6s)
[unetpp_seed42_fold0fixC2] epoch  58/60 loss=0.1430 val_dice=0.8780 (6s)
[unetpp_seed42_fold0fixC2] early stop at epoch 58 (best 0.8872 @ 43)
[unetpp_seed42_fold0fixC2] done. best val Dice 0.8872 @ epoch 43
              dice    iou  boundary_f1
dataset                               
kvasir-seg  0.9067  0.853       0.6868

Wrote polypseg/outputs/repeat2/perimage_unetpp_seed42_fold0fixC2.csv
== train unetpp_seed42_fold0fixC3 
[unetpp_seed42_fold0fixC3] device=cuda params=26.08M train=700 val=100 amp=True
[unetpp_seed42_fold0fixC3] epoch   1/60 loss=0.9802 val_dice=0.7125 (7s)
[unetpp_seed42_fold0fixC3] epoch   2/60 loss=0.7296 val_dice=0.7646 (6s)
[unetpp_seed42_fold0fixC3] epoch   3/60 loss=0.6327 val_dice=0.8039 (6s)
[unetpp_seed42_fold0fixC3] epoch   4/60 loss=0.5569 val_dice=0.8176 (6s)
[unetpp_seed42_fold0fixC3] epoch   5/60 loss=0.4912 val_dice=0.8271 (6s)
[unetpp_seed42_fold0fixC3] epoch   6/60 loss=0.4507 val_dice=0.8353 (6s)
[unetpp_seed42_fold0fixC3] epoch   7/60 loss=0.4121 val_dice=0.8419 (6s)
[unetpp_seed42_fold0fixC3] epoch   8/60 loss=0.3909 val_dice=0.8405 (6s)
[unetpp_seed42_fold0fixC3] epoch   9/60 loss=0.3621 val_dice=0.8332 (6s)
[unetpp_seed42_fold0fixC3] epoch  10/60 loss=0.3408 val_dice=0.8515 (6s)
[unetpp_seed42_fold0fixC3] epoch  11/60 loss=0.3418 val_dice=0.8355 (6s)
[unetpp_seed42_fold0fixC3] epoch  12/60 loss=0.3176 val_dice=0.8637 (6s)
[unetpp_seed42_fold0fixC3] epoch  13/60 loss=0.3197 val_dice=0.8488 (6s)
[unetpp_seed42_fold0fixC3] epoch  14/60 loss=0.2880 val_dice=0.8547 (6s)
[unetpp_seed42_fold0fixC3] epoch  15/60 loss=0.2934 val_dice=0.8726 (6s)
[unetpp_seed42_fold0fixC3] epoch  16/60 loss=0.2786 val_dice=0.8555 (6s)
[unetpp_seed42_fold0fixC3] epoch  17/60 loss=0.2682 val_dice=0.8599 (6s)
[unetpp_seed42_fold0fixC3] epoch  18/60 loss=0.2776 val_dice=0.8545 (6s)
[unetpp_seed42_fold0fixC3] epoch  19/60 loss=0.2590 val_dice=0.8756 (6s)
[unetpp_seed42_fold0fixC3] epoch  20/60 loss=0.2500 val_dice=0.8676 (6s)
[unetpp_seed42_fold0fixC3] epoch  21/60 loss=0.2414 val_dice=0.8655 (6s)
[unetpp_seed42_fold0fixC3] epoch  22/60 loss=0.2393 val_dice=0.8596 (6s)
[unetpp_seed42_fold0fixC3] epoch  23/60 loss=0.2494 val_dice=0.8737 (6s)
[unetpp_seed42_fold0fixC3] epoch  24/60 loss=0.2261 val_dice=0.8716 (6s)
[unetpp_seed42_fold0fixC3] epoch  25/60 loss=0.2164 val_dice=0.8693 (6s)
[unetpp_seed42_fold0fixC3] epoch  26/60 loss=0.2257 val_dice=0.8775 (6s)
[unetpp_seed42_fold0fixC3] epoch  27/60 loss=0.2191 val_dice=0.8623 (6s)
[unetpp_seed42_fold0fixC3] epoch  28/60 loss=0.2027 val_dice=0.8718 (6s)
[unetpp_seed42_fold0fixC3] epoch  29/60 loss=0.1996 val_dice=0.8801 (6s)
[unetpp_seed42_fold0fixC3] epoch  30/60 loss=0.2013 val_dice=0.8640 (6s)
[unetpp_seed42_fold0fixC3] epoch  31/60 loss=0.2094 val_dice=0.8837 (6s)
[unetpp_seed42_fold0fixC3] epoch  32/60 loss=0.1888 val_dice=0.8894 (6s)
[unetpp_seed42_fold0fixC3] epoch  33/60 loss=0.1889 val_dice=0.8699 (6s)
[unetpp_seed42_fold0fixC3] epoch  34/60 loss=0.1810 val_dice=0.8731 (6s)
[unetpp_seed42_fold0fixC3] epoch  35/60 loss=0.1866 val_dice=0.8721 (6s)
[unetpp_seed42_fold0fixC3] epoch  36/60 loss=0.1840 val_dice=0.8708 (6s)
[unetpp_seed42_fold0fixC3] epoch  37/60 loss=0.1910 val_dice=0.8773 (6s)
[unetpp_seed42_fold0fixC3] epoch  38/60 loss=0.1750 val_dice=0.8749 (6s)
[unetpp_seed42_fold0fixC3] epoch  39/60 loss=0.1779 val_dice=0.8814 (6s)
[unetpp_seed42_fold0fixC3] epoch  40/60 loss=0.1588 val_dice=0.8796 (6s)
[unetpp_seed42_fold0fixC3] epoch  41/60 loss=0.1629 val_dice=0.8691 (6s)
[unetpp_seed42_fold0fixC3] epoch  42/60 loss=0.1637 val_dice=0.8754 (6s)
[unetpp_seed42_fold0fixC3] epoch  43/60 loss=0.1708 val_dice=0.8743 (6s)
[unetpp_seed42_fold0fixC3] epoch  44/60 loss=0.1705 val_dice=0.8750 (6s)
[unetpp_seed42_fold0fixC3] epoch  45/60 loss=0.1570 val_dice=0.8833 (6s)
[unetpp_seed42_fold0fixC3] epoch  46/60 loss=0.1638 val_dice=0.8838 (6s)
[unetpp_seed42_fold0fixC3] epoch  47/60 loss=0.1545 val_dice=0.8817 (6s)
[unetpp_seed42_fold0fixC3] early stop at epoch 47 (best 0.8894 @ 32)
[unetpp_seed42_fold0fixC3] done. best val Dice 0.8894 @ epoch 32
             dice     iou  boundary_f1
dataset                               
kvasir-seg  0.903  0.8483       0.6839

Wrote polypseg/outputs/repeat2/perimage_unetpp_seed42_fold0fixC3.csv
== train segformer_seed42_fold0fixC1 
Warning: You are sending unauthenticated requests to the HF Hub. Please set a HF_TOKEN to enable higher rate limits and faster downloads.
[segformer_seed42_fold0fixC1] device=cuda params=3.71M train=700 val=100 amp=True
[segformer_seed42_fold0fixC1] epoch   1/60 loss=1.0306 val_dice=0.6669 (12s)
[segformer_seed42_fold0fixC1] epoch   2/60 loss=0.6861 val_dice=0.7442 (3s)
[segformer_seed42_fold0fixC1] epoch   3/60 loss=0.6035 val_dice=0.7747 (3s)
[segformer_seed42_fold0fixC1] epoch   4/60 loss=0.5428 val_dice=0.7935 (3s)
[segformer_seed42_fold0fixC1] epoch   5/60 loss=0.4923 val_dice=0.8045 (3s)
[segformer_seed42_fold0fixC1] epoch   6/60 loss=0.4938 val_dice=0.8021 (3s)
[segformer_seed42_fold0fixC1] epoch   7/60 loss=0.4401 val_dice=0.8243 (3s)
[segformer_seed42_fold0fixC1] epoch   8/60 loss=0.4099 val_dice=0.8140 (3s)
[segformer_seed42_fold0fixC1] epoch   9/60 loss=0.4020 val_dice=0.8424 (3s)
[segformer_seed42_fold0fixC1] epoch  10/60 loss=0.3859 val_dice=0.8237 (3s)
[segformer_seed42_fold0fixC1] epoch  11/60 loss=0.3575 val_dice=0.8267 (3s)
[segformer_seed42_fold0fixC1] epoch  12/60 loss=0.3443 val_dice=0.8335 (3s)
[segformer_seed42_fold0fixC1] epoch  13/60 loss=0.3242 val_dice=0.8337 (3s)
[segformer_seed42_fold0fixC1] epoch  14/60 loss=0.3340 val_dice=0.8216 (3s)
[segformer_seed42_fold0fixC1] epoch  15/60 loss=0.3189 val_dice=0.8477 (3s)
[segformer_seed42_fold0fixC1] epoch  16/60 loss=0.3021 val_dice=0.8414 (3s)
[segformer_seed42_fold0fixC1] epoch  17/60 loss=0.3222 val_dice=0.8425 (3s)
[segformer_seed42_fold0fixC1] epoch  18/60 loss=0.2892 val_dice=0.8491 (3s)
[segformer_seed42_fold0fixC1] epoch  19/60 loss=0.2737 val_dice=0.8389 (3s)
[segformer_seed42_fold0fixC1] epoch  20/60 loss=0.2822 val_dice=0.8466 (3s)
[segformer_seed42_fold0fixC1] epoch  21/60 loss=0.2800 val_dice=0.8429 (3s)
[segformer_seed42_fold0fixC1] epoch  22/60 loss=0.2646 val_dice=0.8512 (3s)
[segformer_seed42_fold0fixC1] epoch  23/60 loss=0.2607 val_dice=0.8452 (3s)
[segformer_seed42_fold0fixC1] epoch  24/60 loss=0.2658 val_dice=0.8546 (3s)
[segformer_seed42_fold0fixC1] epoch  25/60 loss=0.2556 val_dice=0.8547 (3s)
[segformer_seed42_fold0fixC1] epoch  26/60 loss=0.2580 val_dice=0.8461 (3s)
[segformer_seed42_fold0fixC1] epoch  27/60 loss=0.2500 val_dice=0.8630 (3s)
[segformer_seed42_fold0fixC1] epoch  28/60 loss=0.2443 val_dice=0.8552 (3s)
[segformer_seed42_fold0fixC1] epoch  29/60 loss=0.2277 val_dice=0.8597 (3s)
[segformer_seed42_fold0fixC1] epoch  30/60 loss=0.2381 val_dice=0.8526 (3s)
[segformer_seed42_fold0fixC1] epoch  31/60 loss=0.2332 val_dice=0.8476 (3s)
[segformer_seed42_fold0fixC1] epoch  32/60 loss=0.2236 val_dice=0.8566 (3s)
[segformer_seed42_fold0fixC1] epoch  33/60 loss=0.2221 val_dice=0.8510 (3s)
[segformer_seed42_fold0fixC1] epoch  34/60 loss=0.2297 val_dice=0.8507 (3s)
[segformer_seed42_fold0fixC1] epoch  35/60 loss=0.2150 val_dice=0.8516 (3s)
[segformer_seed42_fold0fixC1] epoch  36/60 loss=0.2131 val_dice=0.8506 (3s)
[segformer_seed42_fold0fixC1] epoch  37/60 loss=0.2134 val_dice=0.8500 (3s)
[segformer_seed42_fold0fixC1] epoch  38/60 loss=0.2173 val_dice=0.8521 (3s)
[segformer_seed42_fold0fixC1] epoch  39/60 loss=0.2058 val_dice=0.8539 (3s)
[segformer_seed42_fold0fixC1] epoch  40/60 loss=0.1979 val_dice=0.8543 (3s)
[segformer_seed42_fold0fixC1] epoch  41/60 loss=0.2006 val_dice=0.8545 (3s)
[segformer_seed42_fold0fixC1] epoch  42/60 loss=0.2063 val_dice=0.8588 (3s)
[segformer_seed42_fold0fixC1] early stop at epoch 42 (best 0.8630 @ 27)
[segformer_seed42_fold0fixC1] done. best val Dice 0.8630 @ epoch 27
              dice     iou  boundary_f1
dataset                                
kvasir-seg  0.8914  0.8266       0.5766

Wrote polypseg/outputs/repeat2/perimage_segformer_seed42_fold0fixC1.csv
== train segformer_seed42_fold0fixC2 
[segformer_seed42_fold0fixC2] device=cuda params=3.71M train=700 val=100 amp=True
[segformer_seed42_fold0fixC2] epoch   1/60 loss=1.0691 val_dice=0.7034 (10s)
[segformer_seed42_fold0fixC2] epoch   2/60 loss=0.7278 val_dice=0.7664 (3s)
[segformer_seed42_fold0fixC2] epoch   3/60 loss=0.6202 val_dice=0.7737 (3s)
[segformer_seed42_fold0fixC2] epoch   4/60 loss=0.5863 val_dice=0.7958 (3s)
[segformer_seed42_fold0fixC2] epoch   5/60 loss=0.5349 val_dice=0.8112 (3s)
[segformer_seed42_fold0fixC2] epoch   6/60 loss=0.5221 val_dice=0.8011 (3s)
[segformer_seed42_fold0fixC2] epoch   7/60 loss=0.4689 val_dice=0.7773 (3s)
[segformer_seed42_fold0fixC2] epoch   8/60 loss=0.4787 val_dice=0.8221 (3s)
[segformer_seed42_fold0fixC2] epoch   9/60 loss=0.4271 val_dice=0.8252 (3s)
[segformer_seed42_fold0fixC2] epoch  10/60 loss=0.4142 val_dice=0.8264 (3s)
[segformer_seed42_fold0fixC2] epoch  11/60 loss=0.3959 val_dice=0.8395 (3s)
[segformer_seed42_fold0fixC2] epoch  12/60 loss=0.3738 val_dice=0.8397 (3s)
[segformer_seed42_fold0fixC2] epoch  13/60 loss=0.3687 val_dice=0.8473 (3s)
[segformer_seed42_fold0fixC2] epoch  14/60 loss=0.3666 val_dice=0.8348 (3s)
[segformer_seed42_fold0fixC2] epoch  15/60 loss=0.3339 val_dice=0.8438 (3s)
[segformer_seed42_fold0fixC2] epoch  16/60 loss=0.3344 val_dice=0.8446 (3s)
[segformer_seed42_fold0fixC2] epoch  17/60 loss=0.3276 val_dice=0.8447 (3s)
[segformer_seed42_fold0fixC2] epoch  18/60 loss=0.3279 val_dice=0.8461 (3s)
[segformer_seed42_fold0fixC2] epoch  19/60 loss=0.3079 val_dice=0.8392 (3s)
[segformer_seed42_fold0fixC2] epoch  20/60 loss=0.3126 val_dice=0.8488 (3s)
[segformer_seed42_fold0fixC2] epoch  21/60 loss=0.2994 val_dice=0.8569 (3s)
[segformer_seed42_fold0fixC2] epoch  22/60 loss=0.2846 val_dice=0.8532 (3s)
[segformer_seed42_fold0fixC2] epoch  23/60 loss=0.2860 val_dice=0.8579 (3s)
[segformer_seed42_fold0fixC2] epoch  24/60 loss=0.2814 val_dice=0.8504 (3s)
[segformer_seed42_fold0fixC2] epoch  25/60 loss=0.2846 val_dice=0.8500 (3s)
[segformer_seed42_fold0fixC2] epoch  26/60 loss=0.2771 val_dice=0.8449 (3s)
[segformer_seed42_fold0fixC2] epoch  27/60 loss=0.2631 val_dice=0.8518 (3s)
[segformer_seed42_fold0fixC2] epoch  28/60 loss=0.2613 val_dice=0.8627 (3s)
[segformer_seed42_fold0fixC2] epoch  29/60 loss=0.2659 val_dice=0.8546 (3s)
[segformer_seed42_fold0fixC2] epoch  30/60 loss=0.2498 val_dice=0.8542 (3s)
[segformer_seed42_fold0fixC2] epoch  31/60 loss=0.2566 val_dice=0.8561 (3s)
[segformer_seed42_fold0fixC2] epoch  32/60 loss=0.2449 val_dice=0.8535 (3s)
[segformer_seed42_fold0fixC2] epoch  33/60 loss=0.2550 val_dice=0.8519 (3s)
[segformer_seed42_fold0fixC2] epoch  34/60 loss=0.2473 val_dice=0.8549 (3s)
[segformer_seed42_fold0fixC2] epoch  35/60 loss=0.2381 val_dice=0.8553 (3s)
[segformer_seed42_fold0fixC2] epoch  36/60 loss=0.2284 val_dice=0.8541 (3s)
[segformer_seed42_fold0fixC2] epoch  37/60 loss=0.2341 val_dice=0.8532 (3s)
[segformer_seed42_fold0fixC2] epoch  38/60 loss=0.2305 val_dice=0.8562 (3s)
[segformer_seed42_fold0fixC2] epoch  39/60 loss=0.2481 val_dice=0.8564 (3s)
[segformer_seed42_fold0fixC2] epoch  40/60 loss=0.2327 val_dice=0.8549 (3s)
[segformer_seed42_fold0fixC2] epoch  41/60 loss=0.2188 val_dice=0.8542 (3s)
[segformer_seed42_fold0fixC2] epoch  42/60 loss=0.2225 val_dice=0.8562 (3s)
[segformer_seed42_fold0fixC2] epoch  43/60 loss=0.2237 val_dice=0.8554 (3s)
[segformer_seed42_fold0fixC2] early stop at epoch 43 (best 0.8627 @ 28)
[segformer_seed42_fold0fixC2] done. best val Dice 0.8627 @ epoch 28
             dice     iou  boundary_f1
dataset                               
kvasir-seg  0.898  0.8327       0.5601

Wrote polypseg/outputs/repeat2/perimage_segformer_seed42_fold0fixC2.csv
== train segformer_seed42_fold0fixC3 
[segformer_seed42_fold0fixC3] device=cuda params=3.71M train=700 val=100 amp=True
[segformer_seed42_fold0fixC3] epoch   1/60 loss=1.0510 val_dice=0.6356 (10s)
[segformer_seed42_fold0fixC3] epoch   2/60 loss=0.7183 val_dice=0.7530 (3s)
[segformer_seed42_fold0fixC3] epoch   3/60 loss=0.6006 val_dice=0.7663 (3s)
[segformer_seed42_fold0fixC3] epoch   4/60 loss=0.5567 val_dice=0.7637 (3s)
[segformer_seed42_fold0fixC3] epoch   5/60 loss=0.5146 val_dice=0.7992 (3s)
[segformer_seed42_fold0fixC3] epoch   6/60 loss=0.4793 val_dice=0.8125 (3s)
[segformer_seed42_fold0fixC3] epoch   7/60 loss=0.4379 val_dice=0.8188 (3s)
[segformer_seed42_fold0fixC3] epoch   8/60 loss=0.4444 val_dice=0.8158 (3s)
[segformer_seed42_fold0fixC3] epoch   9/60 loss=0.4313 val_dice=0.8114 (3s)
[segformer_seed42_fold0fixC3] epoch  10/60 loss=0.4045 val_dice=0.8241 (3s)
[segformer_seed42_fold0fixC3] epoch  11/60 loss=0.3831 val_dice=0.8414 (3s)
[segformer_seed42_fold0fixC3] epoch  12/60 loss=0.3565 val_dice=0.8224 (3s)
[segformer_seed42_fold0fixC3] epoch  13/60 loss=0.3622 val_dice=0.8522 (3s)
[segformer_seed42_fold0fixC3] epoch  14/60 loss=0.3417 val_dice=0.8475 (3s)
[segformer_seed42_fold0fixC3] epoch  15/60 loss=0.3158 val_dice=0.8347 (3s)
[segformer_seed42_fold0fixC3] epoch  16/60 loss=0.3069 val_dice=0.8339 (3s)
[segformer_seed42_fold0fixC3] epoch  17/60 loss=0.3135 val_dice=0.8442 (3s)
[segformer_seed42_fold0fixC3] epoch  18/60 loss=0.3061 val_dice=0.8292 (3s)
[segformer_seed42_fold0fixC3] epoch  19/60 loss=0.3159 val_dice=0.8501 (3s)
[segformer_seed42_fold0fixC3] epoch  20/60 loss=0.3027 val_dice=0.8429 (3s)
[segformer_seed42_fold0fixC3] epoch  21/60 loss=0.3023 val_dice=0.8543 (3s)
[segformer_seed42_fold0fixC3] epoch  22/60 loss=0.2829 val_dice=0.8506 (3s)
[segformer_seed42_fold0fixC3] epoch  23/60 loss=0.2788 val_dice=0.8417 (3s)
[segformer_seed42_fold0fixC3] epoch  24/60 loss=0.2783 val_dice=0.8514 (3s)
[segformer_seed42_fold0fixC3] epoch  25/60 loss=0.2690 val_dice=0.8543 (3s)
[segformer_seed42_fold0fixC3] epoch  26/60 loss=0.2619 val_dice=0.8548 (3s)
[segformer_seed42_fold0fixC3] epoch  27/60 loss=0.2584 val_dice=0.8497 (3s)
[segformer_seed42_fold0fixC3] epoch  28/60 loss=0.2520 val_dice=0.8520 (3s)
[segformer_seed42_fold0fixC3] epoch  29/60 loss=0.2487 val_dice=0.8518 (3s)
[segformer_seed42_fold0fixC3] epoch  30/60 loss=0.2435 val_dice=0.8515 (3s)
[segformer_seed42_fold0fixC3] epoch  31/60 loss=0.2494 val_dice=0.8541 (3s)
[segformer_seed42_fold0fixC3] epoch  32/60 loss=0.2354 val_dice=0.8572 (3s)
[segformer_seed42_fold0fixC3] epoch  33/60 loss=0.2268 val_dice=0.8549 (3s)
[segformer_seed42_fold0fixC3] epoch  34/60 loss=0.2432 val_dice=0.8571 (3s)
[segformer_seed42_fold0fixC3] epoch  35/60 loss=0.2260 val_dice=0.8539 (3s)
[segformer_seed42_fold0fixC3] epoch  36/60 loss=0.2228 val_dice=0.8604 (3s)
[segformer_seed42_fold0fixC3] epoch  37/60 loss=0.2204 val_dice=0.8555 (3s)
[segformer_seed42_fold0fixC3] epoch  38/60 loss=0.2282 val_dice=0.8616 (3s)
[segformer_seed42_fold0fixC3] epoch  39/60 loss=0.2293 val_dice=0.8551 (3s)
[segformer_seed42_fold0fixC3] epoch  40/60 loss=0.2278 val_dice=0.8588 (3s)
[segformer_seed42_fold0fixC3] epoch  41/60 loss=0.2091 val_dice=0.8527 (3s)
[segformer_seed42_fold0fixC3] epoch  42/60 loss=0.2071 val_dice=0.8524 (3s)
[segformer_seed42_fold0fixC3] epoch  43/60 loss=0.2221 val_dice=0.8543 (3s)
[segformer_seed42_fold0fixC3] epoch  44/60 loss=0.2191 val_dice=0.8525 (3s)
[segformer_seed42_fold0fixC3] epoch  45/60 loss=0.2032 val_dice=0.8533 (3s)
[segformer_seed42_fold0fixC3] epoch  46/60 loss=0.2102 val_dice=0.8563 (3s)
[segformer_seed42_fold0fixC3] epoch  47/60 loss=0.2260 val_dice=0.8542 (3s)
[segformer_seed42_fold0fixC3] epoch  48/60 loss=0.2162 val_dice=0.8530 (3s)
[segformer_seed42_fold0fixC3] epoch  49/60 loss=0.2026 val_dice=0.8517 (3s)
[segformer_seed42_fold0fixC3] epoch  50/60 loss=0.2070 val_dice=0.8515 (3s)
[segformer_seed42_fold0fixC3] epoch  51/60 loss=0.2102 val_dice=0.8530 (3s)
[segformer_seed42_fold0fixC3] epoch  52/60 loss=0.2066 val_dice=0.8541 (3s)
[segformer_seed42_fold0fixC3] epoch  53/60 loss=0.2155 val_dice=0.8540 (3s)
[segformer_seed42_fold0fixC3] early stop at epoch 53 (best 0.8616 @ 38)
[segformer_seed42_fold0fixC3] done. best val Dice 0.8616 @ epoch 38
              dice     iou  boundary_f1
dataset                                
kvasir-seg  0.8991  0.8364       0.5953

Wrote polypseg/outputs/repeat2/perimage_segformer_seed42_fold0fixC3.csv
== train segformer_b2_seed42_fold0fixC1 
Warning: You are sending unauthenticated requests to the HF Hub. Please set a HF_TOKEN to enable higher rate limits and faster downloads.
[segformer_b2_seed42_fold0fixC1] device=cuda params=24.72M train=700 val=100 amp=True
[segformer_b2_seed42_fold0fixC1] epoch   1/60 loss=0.9278 val_dice=0.7637 (11s)
[segformer_b2_seed42_fold0fixC1] epoch   2/60 loss=0.5338 val_dice=0.8021 (4s)
[segformer_b2_seed42_fold0fixC1] epoch   3/60 loss=0.4236 val_dice=0.8331 (4s)
[segformer_b2_seed42_fold0fixC1] epoch   4/60 loss=0.3807 val_dice=0.8502 (5s)
[segformer_b2_seed42_fold0fixC1] epoch   5/60 loss=0.3282 val_dice=0.8663 (4s)
[segformer_b2_seed42_fold0fixC1] epoch   6/60 loss=0.3036 val_dice=0.8351 (4s)
[segformer_b2_seed42_fold0fixC1] epoch   7/60 loss=0.2854 val_dice=0.8391 (4s)
[segformer_b2_seed42_fold0fixC1] epoch   8/60 loss=0.2865 val_dice=0.8736 (4s)
[segformer_b2_seed42_fold0fixC1] epoch   9/60 loss=0.2740 val_dice=0.8684 (4s)
[segformer_b2_seed42_fold0fixC1] epoch  10/60 loss=0.2468 val_dice=0.8726 (4s)
[segformer_b2_seed42_fold0fixC1] epoch  11/60 loss=0.2338 val_dice=0.8755 (4s)
[segformer_b2_seed42_fold0fixC1] epoch  12/60 loss=0.2174 val_dice=0.8736 (4s)
[segformer_b2_seed42_fold0fixC1] epoch  13/60 loss=0.2337 val_dice=0.8812 (4s)
[segformer_b2_seed42_fold0fixC1] epoch  14/60 loss=0.2048 val_dice=0.8770 (4s)
[segformer_b2_seed42_fold0fixC1] epoch  15/60 loss=0.2436 val_dice=0.8699 (4s)
[segformer_b2_seed42_fold0fixC1] epoch  16/60 loss=0.2092 val_dice=0.8804 (4s)
[segformer_b2_seed42_fold0fixC1] epoch  17/60 loss=0.2019 val_dice=0.8877 (4s)
[segformer_b2_seed42_fold0fixC1] epoch  18/60 loss=0.2053 val_dice=0.8886 (4s)
[segformer_b2_seed42_fold0fixC1] epoch  19/60 loss=0.1814 val_dice=0.8841 (4s)
[segformer_b2_seed42_fold0fixC1] epoch  20/60 loss=0.1826 val_dice=0.8777 (4s)
[segformer_b2_seed42_fold0fixC1] epoch  21/60 loss=0.1909 val_dice=0.8856 (4s)
[segformer_b2_seed42_fold0fixC1] epoch  22/60 loss=0.1807 val_dice=0.8909 (4s)
[segformer_b2_seed42_fold0fixC1] epoch  23/60 loss=0.1833 val_dice=0.8843 (4s)
[segformer_b2_seed42_fold0fixC1] epoch  24/60 loss=0.1863 val_dice=0.8841 (4s)
[segformer_b2_seed42_fold0fixC1] epoch  25/60 loss=0.1694 val_dice=0.8822 (4s)
[segformer_b2_seed42_fold0fixC1] epoch  26/60 loss=0.1640 val_dice=0.8841 (4s)
[segformer_b2_seed42_fold0fixC1] epoch  27/60 loss=0.1573 val_dice=0.8770 (5s)
[segformer_b2_seed42_fold0fixC1] epoch  28/60 loss=0.1684 val_dice=0.8821 (4s)
[segformer_b2_seed42_fold0fixC1] epoch  29/60 loss=0.1680 val_dice=0.8771 (4s)
[segformer_b2_seed42_fold0fixC1] epoch  30/60 loss=0.1560 val_dice=0.8917 (4s)
[segformer_b2_seed42_fold0fixC1] epoch  31/60 loss=0.1429 val_dice=0.8811 (4s)
[segformer_b2_seed42_fold0fixC1] epoch  32/60 loss=0.1500 val_dice=0.8807 (4s)
[segformer_b2_seed42_fold0fixC1] epoch  33/60 loss=0.1444 val_dice=0.8830 (4s)
[segformer_b2_seed42_fold0fixC1] epoch  34/60 loss=0.1430 val_dice=0.8868 (4s)
[segformer_b2_seed42_fold0fixC1] epoch  35/60 loss=0.1481 val_dice=0.8913 (5s)
[segformer_b2_seed42_fold0fixC1] epoch  36/60 loss=0.1398 val_dice=0.8906 (4s)
[segformer_b2_seed42_fold0fixC1] epoch  37/60 loss=0.1391 val_dice=0.8945 (4s)
[segformer_b2_seed42_fold0fixC1] epoch  38/60 loss=0.1344 val_dice=0.8930 (4s)
[segformer_b2_seed42_fold0fixC1] epoch  39/60 loss=0.1427 val_dice=0.8920 (4s)
[segformer_b2_seed42_fold0fixC1] epoch  40/60 loss=0.1383 val_dice=0.8929 (4s)
[segformer_b2_seed42_fold0fixC1] epoch  41/60 loss=0.1285 val_dice=0.8918 (4s)
[segformer_b2_seed42_fold0fixC1] epoch  42/60 loss=0.1350 val_dice=0.8939 (4s)
[segformer_b2_seed42_fold0fixC1] epoch  43/60 loss=0.1237 val_dice=0.8951 (5s)
[segformer_b2_seed42_fold0fixC1] epoch  44/60 loss=0.1326 val_dice=0.8919 (4s)
[segformer_b2_seed42_fold0fixC1] epoch  45/60 loss=0.1216 val_dice=0.8917 (4s)
[segformer_b2_seed42_fold0fixC1] epoch  46/60 loss=0.1246 val_dice=0.8928 (4s)
[segformer_b2_seed42_fold0fixC1] epoch  47/60 loss=0.1310 val_dice=0.8942 (4s)
[segformer_b2_seed42_fold0fixC1] epoch  48/60 loss=0.1256 val_dice=0.8929 (4s)
[segformer_b2_seed42_fold0fixC1] epoch  49/60 loss=0.1218 val_dice=0.8923 (4s)
[segformer_b2_seed42_fold0fixC1] epoch  50/60 loss=0.1214 val_dice=0.8937 (4s)
[segformer_b2_seed42_fold0fixC1] epoch  51/60 loss=0.1221 val_dice=0.8939 (4s)
[segformer_b2_seed42_fold0fixC1] epoch  52/60 loss=0.1257 val_dice=0.8940 (4s)
[segformer_b2_seed42_fold0fixC1] epoch  53/60 loss=0.1217 val_dice=0.8941 (4s)
[segformer_b2_seed42_fold0fixC1] epoch  54/60 loss=0.1180 val_dice=0.8947 (4s)
[segformer_b2_seed42_fold0fixC1] epoch  55/60 loss=0.1130 val_dice=0.8951 (4s)
[segformer_b2_seed42_fold0fixC1] epoch  56/60 loss=0.1231 val_dice=0.8955 (4s)
[segformer_b2_seed42_fold0fixC1] epoch  57/60 loss=0.1273 val_dice=0.8955 (4s)
[segformer_b2_seed42_fold0fixC1] epoch  58/60 loss=0.1188 val_dice=0.8947 (4s)
[segformer_b2_seed42_fold0fixC1] epoch  59/60 loss=0.1212 val_dice=0.8949 (4s)
[segformer_b2_seed42_fold0fixC1] epoch  60/60 loss=0.1196 val_dice=0.8948 (4s)
[segformer_b2_seed42_fold0fixC1] done. best val Dice 0.8955 @ epoch 57
              dice     iou  boundary_f1
dataset                                
kvasir-seg  0.9103  0.8577       0.6701

Wrote polypseg/outputs/repeat2/perimage_segformer_b2_seed42_fold0fixC1.csv
== train segformer_b2_seed42_fold0fixC2 
[segformer_b2_seed42_fold0fixC2] device=cuda params=24.72M train=700 val=100 amp=True
[segformer_b2_seed42_fold0fixC2] epoch   1/60 loss=0.8929 val_dice=0.7793 (11s)
[segformer_b2_seed42_fold0fixC2] epoch   2/60 loss=0.4990 val_dice=0.7973 (4s)
[segformer_b2_seed42_fold0fixC2] epoch   3/60 loss=0.4080 val_dice=0.8170 (4s)
[segformer_b2_seed42_fold0fixC2] epoch   4/60 loss=0.3848 val_dice=0.8410 (4s)
[segformer_b2_seed42_fold0fixC2] epoch   5/60 loss=0.3399 val_dice=0.8444 (4s)
[segformer_b2_seed42_fold0fixC2] epoch   6/60 loss=0.3100 val_dice=0.8416 (4s)
[segformer_b2_seed42_fold0fixC2] epoch   7/60 loss=0.2994 val_dice=0.8492 (4s)
[segformer_b2_seed42_fold0fixC2] epoch   8/60 loss=0.2704 val_dice=0.8570 (4s)
[segformer_b2_seed42_fold0fixC2] epoch   9/60 loss=0.2725 val_dice=0.8705 (4s)
[segformer_b2_seed42_fold0fixC2] epoch  10/60 loss=0.2445 val_dice=0.8752 (4s)
[segformer_b2_seed42_fold0fixC2] epoch  11/60 loss=0.2422 val_dice=0.8744 (4s)
[segformer_b2_seed42_fold0fixC2] epoch  12/60 loss=0.2223 val_dice=0.8799 (4s)
[segformer_b2_seed42_fold0fixC2] epoch  13/60 loss=0.2259 val_dice=0.8467 (4s)
[segformer_b2_seed42_fold0fixC2] epoch  14/60 loss=0.2236 val_dice=0.8780 (4s)
[segformer_b2_seed42_fold0fixC2] epoch  15/60 loss=0.2198 val_dice=0.8655 (4s)
[segformer_b2_seed42_fold0fixC2] epoch  16/60 loss=0.2140 val_dice=0.8841 (4s)
[segformer_b2_seed42_fold0fixC2] epoch  17/60 loss=0.1970 val_dice=0.8888 (4s)
[segformer_b2_seed42_fold0fixC2] epoch  18/60 loss=0.1933 val_dice=0.8877 (4s)
[segformer_b2_seed42_fold0fixC2] epoch  19/60 loss=0.1934 val_dice=0.8890 (4s)
[segformer_b2_seed42_fold0fixC2] epoch  20/60 loss=0.1990 val_dice=0.8813 (4s)
[segformer_b2_seed42_fold0fixC2] epoch  21/60 loss=0.1835 val_dice=0.8807 (4s)
[segformer_b2_seed42_fold0fixC2] epoch  22/60 loss=0.1811 val_dice=0.8711 (4s)
[segformer_b2_seed42_fold0fixC2] epoch  23/60 loss=0.1762 val_dice=0.8789 (4s)
[segformer_b2_seed42_fold0fixC2] epoch  24/60 loss=0.1832 val_dice=0.8777 (4s)
[segformer_b2_seed42_fold0fixC2] epoch  25/60 loss=0.1632 val_dice=0.8854 (4s)
[segformer_b2_seed42_fold0fixC2] epoch  26/60 loss=0.1660 val_dice=0.8853 (4s)
[segformer_b2_seed42_fold0fixC2] epoch  27/60 loss=0.1597 val_dice=0.8795 (4s)
[segformer_b2_seed42_fold0fixC2] epoch  28/60 loss=0.1715 val_dice=0.8872 (4s)
[segformer_b2_seed42_fold0fixC2] epoch  29/60 loss=0.1595 val_dice=0.8904 (4s)
[segformer_b2_seed42_fold0fixC2] epoch  30/60 loss=0.1517 val_dice=0.8894 (4s)
[segformer_b2_seed42_fold0fixC2] epoch  31/60 loss=0.1554 val_dice=0.8819 (4s)
[segformer_b2_seed42_fold0fixC2] epoch  32/60 loss=0.1573 val_dice=0.8872 (4s)
[segformer_b2_seed42_fold0fixC2] epoch  33/60 loss=0.1436 val_dice=0.8902 (4s)
[segformer_b2_seed42_fold0fixC2] epoch  34/60 loss=0.1447 val_dice=0.8936 (4s)
[segformer_b2_seed42_fold0fixC2] epoch  35/60 loss=0.1463 val_dice=0.8891 (4s)
[segformer_b2_seed42_fold0fixC2] epoch  36/60 loss=0.1477 val_dice=0.8927 (4s)
[segformer_b2_seed42_fold0fixC2] epoch  37/60 loss=0.1433 val_dice=0.8932 (4s)
[segformer_b2_seed42_fold0fixC2] epoch  38/60 loss=0.1347 val_dice=0.8963 (5s)
[segformer_b2_seed42_fold0fixC2] epoch  39/60 loss=0.1373 val_dice=0.8942 (4s)
[segformer_b2_seed42_fold0fixC2] epoch  40/60 loss=0.1283 val_dice=0.8957 (4s)
[segformer_b2_seed42_fold0fixC2] epoch  41/60 loss=0.1290 val_dice=0.8928 (4s)
[segformer_b2_seed42_fold0fixC2] epoch  42/60 loss=0.1229 val_dice=0.8956 (4s)
[segformer_b2_seed42_fold0fixC2] epoch  43/60 loss=0.1279 val_dice=0.8963 (4s)
[segformer_b2_seed42_fold0fixC2] epoch  44/60 loss=0.1239 val_dice=0.8962 (4s)
[segformer_b2_seed42_fold0fixC2] epoch  45/60 loss=0.1271 val_dice=0.8953 (4s)
[segformer_b2_seed42_fold0fixC2] epoch  46/60 loss=0.1257 val_dice=0.8955 (5s)
[segformer_b2_seed42_fold0fixC2] epoch  47/60 loss=0.1195 val_dice=0.8967 (4s)
[segformer_b2_seed42_fold0fixC2] epoch  48/60 loss=0.1260 val_dice=0.8965 (4s)
[segformer_b2_seed42_fold0fixC2] epoch  49/60 loss=0.1193 val_dice=0.8978 (4s)
[segformer_b2_seed42_fold0fixC2] epoch  50/60 loss=0.1179 val_dice=0.8972 (4s)
[segformer_b2_seed42_fold0fixC2] epoch  51/60 loss=0.1224 val_dice=0.8968 (4s)
[segformer_b2_seed42_fold0fixC2] epoch  52/60 loss=0.1195 val_dice=0.8962 (4s)
[segformer_b2_seed42_fold0fixC2] epoch  53/60 loss=0.1273 val_dice=0.8980 (4s)
[segformer_b2_seed42_fold0fixC2] epoch  54/60 loss=0.1256 val_dice=0.8978 (4s)
[segformer_b2_seed42_fold0fixC2] epoch  55/60 loss=0.1176 val_dice=0.8981 (4s)
[segformer_b2_seed42_fold0fixC2] epoch  56/60 loss=0.1243 val_dice=0.8981 (4s)
[segformer_b2_seed42_fold0fixC2] epoch  57/60 loss=0.1174 val_dice=0.8977 (4s)
[segformer_b2_seed42_fold0fixC2] epoch  58/60 loss=0.1141 val_dice=0.8980 (4s)
[segformer_b2_seed42_fold0fixC2] epoch  59/60 loss=0.1160 val_dice=0.8980 (4s)
[segformer_b2_seed42_fold0fixC2] epoch  60/60 loss=0.1140 val_dice=0.8980 (4s)
[segformer_b2_seed42_fold0fixC2] done. best val Dice 0.8981 @ epoch 55
              dice     iou  boundary_f1
dataset                                
kvasir-seg  0.9209  0.8699       0.6661

Wrote polypseg/outputs/repeat2/perimage_segformer_b2_seed42_fold0fixC2.csv
== train segformer_b2_seed42_fold0fixC3 
[segformer_b2_seed42_fold0fixC3] device=cuda params=24.72M train=700 val=100 amp=True
[segformer_b2_seed42_fold0fixC3] epoch   1/60 loss=1.0179 val_dice=0.7609 (11s)
[segformer_b2_seed42_fold0fixC3] epoch   2/60 loss=0.5864 val_dice=0.8142 (5s)
[segformer_b2_seed42_fold0fixC3] epoch   3/60 loss=0.4495 val_dice=0.8211 (4s)
[segformer_b2_seed42_fold0fixC3] epoch   4/60 loss=0.3900 val_dice=0.8425 (4s)
[segformer_b2_seed42_fold0fixC3] epoch   5/60 loss=0.3548 val_dice=0.8518 (4s)
[segformer_b2_seed42_fold0fixC3] epoch   6/60 loss=0.3448 val_dice=0.8385 (4s)
[segformer_b2_seed42_fold0fixC3] epoch   7/60 loss=0.3197 val_dice=0.8618 (4s)
[segformer_b2_seed42_fold0fixC3] epoch   8/60 loss=0.3105 val_dice=0.8693 (4s)
[segformer_b2_seed42_fold0fixC3] epoch   9/60 loss=0.2808 val_dice=0.8743 (4s)
[segformer_b2_seed42_fold0fixC3] epoch  10/60 loss=0.2600 val_dice=0.8760 (5s)
[segformer_b2_seed42_fold0fixC3] epoch  11/60 loss=0.2549 val_dice=0.8726 (4s)
[segformer_b2_seed42_fold0fixC3] epoch  12/60 loss=0.2391 val_dice=0.8747 (4s)
[segformer_b2_seed42_fold0fixC3] epoch  13/60 loss=0.2682 val_dice=0.8767 (4s)
[segformer_b2_seed42_fold0fixC3] epoch  14/60 loss=0.2451 val_dice=0.8669 (4s)
[segformer_b2_seed42_fold0fixC3] epoch  15/60 loss=0.2324 val_dice=0.8859 (4s)
[segformer_b2_seed42_fold0fixC3] epoch  16/60 loss=0.2314 val_dice=0.8785 (4s)
[segformer_b2_seed42_fold0fixC3] epoch  17/60 loss=0.2393 val_dice=0.8833 (4s)
[segformer_b2_seed42_fold0fixC3] epoch  18/60 loss=0.2212 val_dice=0.8853 (5s)
[segformer_b2_seed42_fold0fixC3] epoch  19/60 loss=0.1950 val_dice=0.8897 (4s)
[segformer_b2_seed42_fold0fixC3] epoch  20/60 loss=0.2187 val_dice=0.8904 (4s)
[segformer_b2_seed42_fold0fixC3] epoch  21/60 loss=0.2139 val_dice=0.8945 (4s)
[segformer_b2_seed42_fold0fixC3] epoch  22/60 loss=0.2027 val_dice=0.8928 (4s)
[segformer_b2_seed42_fold0fixC3] epoch  23/60 loss=0.1975 val_dice=0.8847 (4s)
[segformer_b2_seed42_fold0fixC3] epoch  24/60 loss=0.2075 val_dice=0.8859 (4s)
[segformer_b2_seed42_fold0fixC3] epoch  25/60 loss=0.2014 val_dice=0.8871 (4s)
[segformer_b2_seed42_fold0fixC3] epoch  26/60 loss=0.1942 val_dice=0.8868 (4s)
[segformer_b2_seed42_fold0fixC3] epoch  27/60 loss=0.1742 val_dice=0.8881 (4s)
[segformer_b2_seed42_fold0fixC3] epoch  28/60 loss=0.1744 val_dice=0.8863 (4s)
[segformer_b2_seed42_fold0fixC3] epoch  29/60 loss=0.1643 val_dice=0.8921 (4s)
[segformer_b2_seed42_fold0fixC3] epoch  30/60 loss=0.1753 val_dice=0.8962 (4s)
[segformer_b2_seed42_fold0fixC3] epoch  31/60 loss=0.1688 val_dice=0.8923 (4s)
[segformer_b2_seed42_fold0fixC3] epoch  32/60 loss=0.1794 val_dice=0.8904 (4s)
[segformer_b2_seed42_fold0fixC3] epoch  33/60 loss=0.1581 val_dice=0.8936 (4s)
[segformer_b2_seed42_fold0fixC3] epoch  34/60 loss=0.1608 val_dice=0.8956 (5s)
[segformer_b2_seed42_fold0fixC3] epoch  35/60 loss=0.1651 val_dice=0.8861 (4s)
[segformer_b2_seed42_fold0fixC3] epoch  36/60 loss=0.1536 val_dice=0.8965 (4s)
[segformer_b2_seed42_fold0fixC3] epoch  37/60 loss=0.1605 val_dice=0.8969 (4s)
[segformer_b2_seed42_fold0fixC3] epoch  38/60 loss=0.1539 val_dice=0.8939 (4s)
[segformer_b2_seed42_fold0fixC3] epoch  39/60 loss=0.1568 val_dice=0.8895 (4s)
[segformer_b2_seed42_fold0fixC3] epoch  40/60 loss=0.1480 val_dice=0.8927 (4s)
[segformer_b2_seed42_fold0fixC3] epoch  41/60 loss=0.1505 val_dice=0.8893 (4s)
[segformer_b2_seed42_fold0fixC3] epoch  42/60 loss=0.1481 val_dice=0.8967 (4s)
[segformer_b2_seed42_fold0fixC3] epoch  43/60 loss=0.1477 val_dice=0.8902 (4s)
[segformer_b2_seed42_fold0fixC3] epoch  44/60 loss=0.1421 val_dice=0.8918 (4s)
[segformer_b2_seed42_fold0fixC3] epoch  45/60 loss=0.1356 val_dice=0.8902 (4s)
[segformer_b2_seed42_fold0fixC3] epoch  46/60 loss=0.1413 val_dice=0.8923 (4s)
[segformer_b2_seed42_fold0fixC3] epoch  47/60 loss=0.1361 val_dice=0.8932 (4s)
[segformer_b2_seed42_fold0fixC3] epoch  48/60 loss=0.1469 val_dice=0.8926 (4s)
[segformer_b2_seed42_fold0fixC3] epoch  49/60 loss=0.1349 val_dice=0.8943 (4s)
[segformer_b2_seed42_fold0fixC3] epoch  50/60 loss=0.1350 val_dice=0.8970 (4s)
[segformer_b2_seed42_fold0fixC3] epoch  51/60 loss=0.1349 val_dice=0.8988 (4s)
[segformer_b2_seed42_fold0fixC3] epoch  52/60 loss=0.1489 val_dice=0.8977 (4s)
[segformer_b2_seed42_fold0fixC3] epoch  53/60 loss=0.1372 val_dice=0.8985 (4s)
[segformer_b2_seed42_fold0fixC3] epoch  54/60 loss=0.1404 val_dice=0.8997 (4s)
[segformer_b2_seed42_fold0fixC3] epoch  55/60 loss=0.1437 val_dice=0.8989 (4s)
[segformer_b2_seed42_fold0fixC3] epoch  56/60 loss=0.1423 val_dice=0.8991 (4s)
[segformer_b2_seed42_fold0fixC3] epoch  57/60 loss=0.1286 val_dice=0.8983 (4s)
[segformer_b2_seed42_fold0fixC3] epoch  58/60 loss=0.1345 val_dice=0.8981 (4s)
[segformer_b2_seed42_fold0fixC3] epoch  59/60 loss=0.1353 val_dice=0.8981 (4s)
[segformer_b2_seed42_fold0fixC3] epoch  60/60 loss=0.1372 val_dice=0.8982 (4s)
[segformer_b2_seed42_fold0fixC3] done. best val Dice 0.8997 @ epoch 54
              dice     iou  boundary_f1
dataset                                
kvasir-seg  0.9149  0.8625       0.6671

Wrote polypseg/outputs/repeat2/perimage_segformer_b2_seed42_fold0fixC3.csv
== train unet_pvt_seed42_fold0fixC1 
[unet_pvt_seed42_fold0fixC1] device=cuda params=28.13M train=700 val=100 amp=True
[unet_pvt_seed42_fold0fixC1] epoch   1/60 loss=1.1487 val_dice=0.7151 (12s)
[unet_pvt_seed42_fold0fixC1] epoch   2/60 loss=0.8662 val_dice=0.8180 (5s)
[unet_pvt_seed42_fold0fixC1] epoch   3/60 loss=0.7388 val_dice=0.7811 (5s)
[unet_pvt_seed42_fold0fixC1] epoch   4/60 loss=0.6589 val_dice=0.8388 (5s)
[unet_pvt_seed42_fold0fixC1] epoch   5/60 loss=0.6095 val_dice=0.8393 (5s)
[unet_pvt_seed42_fold0fixC1] epoch   6/60 loss=0.5617 val_dice=0.8182 (5s)
[unet_pvt_seed42_fold0fixC1] epoch   7/60 loss=0.5125 val_dice=0.8595 (5s)
[unet_pvt_seed42_fold0fixC1] epoch   8/60 loss=0.4705 val_dice=0.8562 (5s)
[unet_pvt_seed42_fold0fixC1] epoch   9/60 loss=0.4464 val_dice=0.8704 (5s)
[unet_pvt_seed42_fold0fixC1] epoch  10/60 loss=0.4156 val_dice=0.8694 (5s)
[unet_pvt_seed42_fold0fixC1] epoch  11/60 loss=0.3875 val_dice=0.8844 (5s)
[unet_pvt_seed42_fold0fixC1] epoch  12/60 loss=0.3507 val_dice=0.8755 (5s)
[unet_pvt_seed42_fold0fixC1] epoch  13/60 loss=0.3445 val_dice=0.8730 (5s)
[unet_pvt_seed42_fold0fixC1] epoch  14/60 loss=0.3334 val_dice=0.8612 (5s)
[unet_pvt_seed42_fold0fixC1] epoch  15/60 loss=0.3204 val_dice=0.8664 (5s)
[unet_pvt_seed42_fold0fixC1] epoch  16/60 loss=0.3051 val_dice=0.8761 (5s)
[unet_pvt_seed42_fold0fixC1] epoch  17/60 loss=0.2744 val_dice=0.8780 (5s)
[unet_pvt_seed42_fold0fixC1] epoch  18/60 loss=0.2681 val_dice=0.8708 (5s)
[unet_pvt_seed42_fold0fixC1] epoch  19/60 loss=0.2483 val_dice=0.8731 (5s)
[unet_pvt_seed42_fold0fixC1] epoch  20/60 loss=0.2433 val_dice=0.8728 (5s)
[unet_pvt_seed42_fold0fixC1] epoch  21/60 loss=0.2371 val_dice=0.8769 (5s)
[unet_pvt_seed42_fold0fixC1] epoch  22/60 loss=0.2230 val_dice=0.8657 (5s)
[unet_pvt_seed42_fold0fixC1] epoch  23/60 loss=0.2241 val_dice=0.8607 (5s)
[unet_pvt_seed42_fold0fixC1] epoch  24/60 loss=0.2204 val_dice=0.9008 (5s)
[unet_pvt_seed42_fold0fixC1] epoch  25/60 loss=0.2063 val_dice=0.8818 (5s)
[unet_pvt_seed42_fold0fixC1] epoch  26/60 loss=0.2018 val_dice=0.8785 (5s)
[unet_pvt_seed42_fold0fixC1] epoch  27/60 loss=0.1896 val_dice=0.8787 (5s)
[unet_pvt_seed42_fold0fixC1] epoch  28/60 loss=0.1922 val_dice=0.8790 (5s)
[unet_pvt_seed42_fold0fixC1] epoch  29/60 loss=0.1922 val_dice=0.8877 (5s)
[unet_pvt_seed42_fold0fixC1] epoch  30/60 loss=0.1889 val_dice=0.8866 (5s)
[unet_pvt_seed42_fold0fixC1] epoch  31/60 loss=0.1874 val_dice=0.8932 (5s)
[unet_pvt_seed42_fold0fixC1] epoch  32/60 loss=0.1656 val_dice=0.8935 (5s)
[unet_pvt_seed42_fold0fixC1] epoch  33/60 loss=0.1640 val_dice=0.8809 (5s)
[unet_pvt_seed42_fold0fixC1] epoch  34/60 loss=0.1693 val_dice=0.8981 (5s)
[unet_pvt_seed42_fold0fixC1] epoch  35/60 loss=0.1647 val_dice=0.8921 (5s)
[unet_pvt_seed42_fold0fixC1] epoch  36/60 loss=0.1593 val_dice=0.8899 (5s)
[unet_pvt_seed42_fold0fixC1] epoch  37/60 loss=0.1561 val_dice=0.8946 (5s)
[unet_pvt_seed42_fold0fixC1] epoch  38/60 loss=0.1407 val_dice=0.8978 (5s)
[unet_pvt_seed42_fold0fixC1] epoch  39/60 loss=0.1504 val_dice=0.9019 (5s)
[unet_pvt_seed42_fold0fixC1] epoch  40/60 loss=0.1500 val_dice=0.8999 (5s)
[unet_pvt_seed42_fold0fixC1] epoch  41/60 loss=0.1420 val_dice=0.9007 (5s)
[unet_pvt_seed42_fold0fixC1] epoch  42/60 loss=0.1436 val_dice=0.8935 (5s)
[unet_pvt_seed42_fold0fixC1] epoch  43/60 loss=0.1436 val_dice=0.8993 (5s)
[unet_pvt_seed42_fold0fixC1] epoch  44/60 loss=0.1413 val_dice=0.9024 (5s)
[unet_pvt_seed42_fold0fixC1] epoch  45/60 loss=0.1376 val_dice=0.9016 (5s)
[unet_pvt_seed42_fold0fixC1] epoch  46/60 loss=0.1311 val_dice=0.9037 (5s)
[unet_pvt_seed42_fold0fixC1] epoch  47/60 loss=0.1334 val_dice=0.9060 (5s)
[unet_pvt_seed42_fold0fixC1] epoch  48/60 loss=0.1334 val_dice=0.9021 (5s)
[unet_pvt_seed42_fold0fixC1] epoch  49/60 loss=0.1370 val_dice=0.9003 (5s)
[unet_pvt_seed42_fold0fixC1] epoch  50/60 loss=0.1306 val_dice=0.8989 (5s)
[unet_pvt_seed42_fold0fixC1] epoch  51/60 loss=0.1348 val_dice=0.9039 (5s)
[unet_pvt_seed42_fold0fixC1] epoch  52/60 loss=0.1281 val_dice=0.9018 (5s)
[unet_pvt_seed42_fold0fixC1] epoch  53/60 loss=0.1281 val_dice=0.9008 (5s)
[unet_pvt_seed42_fold0fixC1] epoch  54/60 loss=0.1295 val_dice=0.9018 (5s)
[unet_pvt_seed42_fold0fixC1] epoch  55/60 loss=0.1323 val_dice=0.9017 (5s)
[unet_pvt_seed42_fold0fixC1] epoch  56/60 loss=0.1257 val_dice=0.9016 (5s)
[unet_pvt_seed42_fold0fixC1] epoch  57/60 loss=0.1285 val_dice=0.9012 (5s)
[unet_pvt_seed42_fold0fixC1] epoch  58/60 loss=0.1237 val_dice=0.9017 (5s)
[unet_pvt_seed42_fold0fixC1] epoch  59/60 loss=0.1284 val_dice=0.9017 (5s)
[unet_pvt_seed42_fold0fixC1] epoch  60/60 loss=0.1230 val_dice=0.9018 (5s)
[unet_pvt_seed42_fold0fixC1] done. best val Dice 0.9060 @ epoch 47
              dice     iou  boundary_f1
dataset                                
kvasir-seg  0.9217  0.8736       0.7085

Wrote polypseg/outputs/repeat2/perimage_unet_pvt_seed42_fold0fixC1.csv
== train unet_pvt_seed42_fold0fixC2 
[unet_pvt_seed42_fold0fixC2] device=cuda params=28.13M train=700 val=100 amp=True
[unet_pvt_seed42_fold0fixC2] epoch   1/60 loss=1.1425 val_dice=0.7051 (12s)
[unet_pvt_seed42_fold0fixC2] epoch   2/60 loss=0.8251 val_dice=0.8016 (5s)
[unet_pvt_seed42_fold0fixC2] epoch   3/60 loss=0.7267 val_dice=0.8005 (5s)
[unet_pvt_seed42_fold0fixC2] epoch   4/60 loss=0.6683 val_dice=0.8407 (5s)
[unet_pvt_seed42_fold0fixC2] epoch   5/60 loss=0.6024 val_dice=0.8375 (5s)
[unet_pvt_seed42_fold0fixC2] epoch   6/60 loss=0.5692 val_dice=0.7575 (5s)
[unet_pvt_seed42_fold0fixC2] epoch   7/60 loss=0.5269 val_dice=0.8308 (5s)
[unet_pvt_seed42_fold0fixC2] epoch   8/60 loss=0.4927 val_dice=0.8588 (5s)
[unet_pvt_seed42_fold0fixC2] epoch   9/60 loss=0.4523 val_dice=0.8522 (5s)
[unet_pvt_seed42_fold0fixC2] epoch  10/60 loss=0.4117 val_dice=0.8650 (4s)
[unet_pvt_seed42_fold0fixC2] epoch  11/60 loss=0.3927 val_dice=0.8700 (5s)
[unet_pvt_seed42_fold0fixC2] epoch  12/60 loss=0.3777 val_dice=0.8671 (5s)
[unet_pvt_seed42_fold0fixC2] epoch  13/60 loss=0.3643 val_dice=0.8737 (5s)
[unet_pvt_seed42_fold0fixC2] epoch  14/60 loss=0.3314 val_dice=0.8674 (5s)
[unet_pvt_seed42_fold0fixC2] epoch  15/60 loss=0.3089 val_dice=0.8586 (5s)
[unet_pvt_seed42_fold0fixC2] epoch  16/60 loss=0.3012 val_dice=0.8760 (5s)
[unet_pvt_seed42_fold0fixC2] epoch  17/60 loss=0.2787 val_dice=0.8753 (5s)
[unet_pvt_seed42_fold0fixC2] epoch  18/60 loss=0.2629 val_dice=0.8744 (5s)
[unet_pvt_seed42_fold0fixC2] epoch  19/60 loss=0.2636 val_dice=0.8749 (5s)
[unet_pvt_seed42_fold0fixC2] epoch  20/60 loss=0.2627 val_dice=0.8894 (5s)
[unet_pvt_seed42_fold0fixC2] epoch  21/60 loss=0.2387 val_dice=0.8582 (5s)
[unet_pvt_seed42_fold0fixC2] epoch  22/60 loss=0.2377 val_dice=0.8882 (5s)
[unet_pvt_seed42_fold0fixC2] epoch  23/60 loss=0.2259 val_dice=0.8725 (5s)
[unet_pvt_seed42_fold0fixC2] epoch  24/60 loss=0.2138 val_dice=0.8672 (5s)
[unet_pvt_seed42_fold0fixC2] epoch  25/60 loss=0.2005 val_dice=0.8660 (5s)
[unet_pvt_seed42_fold0fixC2] epoch  26/60 loss=0.2053 val_dice=0.8791 (5s)
[unet_pvt_seed42_fold0fixC2] epoch  27/60 loss=0.1935 val_dice=0.8586 (5s)
[unet_pvt_seed42_fold0fixC2] epoch  28/60 loss=0.2159 val_dice=0.8747 (5s)
[unet_pvt_seed42_fold0fixC2] epoch  29/60 loss=0.1885 val_dice=0.8761 (5s)
[unet_pvt_seed42_fold0fixC2] epoch  30/60 loss=0.1934 val_dice=0.8685 (5s)
[unet_pvt_seed42_fold0fixC2] epoch  31/60 loss=0.1743 val_dice=0.8570 (5s)
[unet_pvt_seed42_fold0fixC2] epoch  32/60 loss=0.1667 val_dice=0.8726 (5s)
[unet_pvt_seed42_fold0fixC2] epoch  33/60 loss=0.1687 val_dice=0.8811 (5s)
[unet_pvt_seed42_fold0fixC2] epoch  34/60 loss=0.1624 val_dice=0.8790 (5s)
[unet_pvt_seed42_fold0fixC2] epoch  35/60 loss=0.1613 val_dice=0.8805 (5s)
[unet_pvt_seed42_fold0fixC2] early stop at epoch 35 (best 0.8894 @ 20)
[unet_pvt_seed42_fold0fixC2] done. best val Dice 0.8894 @ epoch 20
Warning: You are sending unauthenticated requests to the HF Hub. Please set a HF_TOKEN to enable higher rate limits and faster downloads.
              dice     iou  boundary_f1
dataset                                
kvasir-seg  0.9128  0.8601       0.6797

Wrote polypseg/outputs/repeat2/perimage_unet_pvt_seed42_fold0fixC2.csv
== train unet_pvt_seed42_fold0fixC3 
[unet_pvt_seed42_fold0fixC3] device=cuda params=28.13M train=700 val=100 amp=True
[unet_pvt_seed42_fold0fixC3] epoch   1/60 loss=1.1838 val_dice=0.6151 (12s)
[unet_pvt_seed42_fold0fixC3] epoch   2/60 loss=0.8516 val_dice=0.7787 (5s)
[unet_pvt_seed42_fold0fixC3] epoch   3/60 loss=0.7392 val_dice=0.7673 (5s)
[unet_pvt_seed42_fold0fixC3] epoch   4/60 loss=0.6796 val_dice=0.8180 (5s)
[unet_pvt_seed42_fold0fixC3] epoch   5/60 loss=0.6330 val_dice=0.8474 (5s)
[unet_pvt_seed42_fold0fixC3] epoch   6/60 loss=0.5866 val_dice=0.8106 (5s)
[unet_pvt_seed42_fold0fixC3] epoch   7/60 loss=0.5390 val_dice=0.8206 (5s)
[unet_pvt_seed42_fold0fixC3] epoch   8/60 loss=0.4981 val_dice=0.8195 (5s)
[unet_pvt_seed42_fold0fixC3] epoch   9/60 loss=0.4569 val_dice=0.8711 (5s)
[unet_pvt_seed42_fold0fixC3] epoch  10/60 loss=0.4411 val_dice=0.8769 (5s)
[unet_pvt_seed42_fold0fixC3] epoch  11/60 loss=0.4064 val_dice=0.8668 (5s)
[unet_pvt_seed42_fold0fixC3] epoch  12/60 loss=0.3766 val_dice=0.8675 (5s)
[unet_pvt_seed42_fold0fixC3] epoch  13/60 loss=0.3722 val_dice=0.8477 (5s)
[unet_pvt_seed42_fold0fixC3] epoch  14/60 loss=0.3481 val_dice=0.8554 (5s)
[unet_pvt_seed42_fold0fixC3] epoch  15/60 loss=0.3435 val_dice=0.8571 (5s)
[unet_pvt_seed42_fold0fixC3] epoch  16/60 loss=0.3067 val_dice=0.8693 (5s)
[unet_pvt_seed42_fold0fixC3] epoch  17/60 loss=0.2818 val_dice=0.8692 (5s)
[unet_pvt_seed42_fold0fixC3] epoch  18/60 loss=0.2911 val_dice=0.8904 (5s)
[unet_pvt_seed42_fold0fixC3] epoch  19/60 loss=0.2769 val_dice=0.8895 (5s)
[unet_pvt_seed42_fold0fixC3] epoch  20/60 loss=0.2458 val_dice=0.8877 (5s)
[unet_pvt_seed42_fold0fixC3] epoch  21/60 loss=0.2417 val_dice=0.8844 (5s)
[unet_pvt_seed42_fold0fixC3] epoch  22/60 loss=0.2307 val_dice=0.8798 (5s)
[unet_pvt_seed42_fold0fixC3] epoch  23/60 loss=0.2218 val_dice=0.8856 (5s)
[unet_pvt_seed42_fold0fixC3] epoch  24/60 loss=0.2334 val_dice=0.8960 (5s)
[unet_pvt_seed42_fold0fixC3] epoch  25/60 loss=0.2206 val_dice=0.8818 (5s)
[unet_pvt_seed42_fold0fixC3] epoch  26/60 loss=0.2205 val_dice=0.8924 (5s)
[unet_pvt_seed42_fold0fixC3] epoch  27/60 loss=0.2050 val_dice=0.8878 (5s)
[unet_pvt_seed42_fold0fixC3] epoch  28/60 loss=0.1924 val_dice=0.8966 (5s)
[unet_pvt_seed42_fold0fixC3] epoch  29/60 loss=0.2061 val_dice=0.8831 (5s)
[unet_pvt_seed42_fold0fixC3] epoch  30/60 loss=0.1882 val_dice=0.9022 (5s)
[unet_pvt_seed42_fold0fixC3] epoch  31/60 loss=0.1921 val_dice=0.8970 (5s)
[unet_pvt_seed42_fold0fixC3] epoch  32/60 loss=0.1827 val_dice=0.8912 (5s)
[unet_pvt_seed42_fold0fixC3] epoch  33/60 loss=0.1748 val_dice=0.8988 (5s)
[unet_pvt_seed42_fold0fixC3] epoch  34/60 loss=0.1664 val_dice=0.8908 (5s)
[unet_pvt_seed42_fold0fixC3] epoch  35/60 loss=0.1714 val_dice=0.9019 (5s)
[unet_pvt_seed42_fold0fixC3] epoch  36/60 loss=0.1674 val_dice=0.8894 (5s)
[unet_pvt_seed42_fold0fixC3] epoch  37/60 loss=0.1586 val_dice=0.8982 (5s)
[unet_pvt_seed42_fold0fixC3] epoch  38/60 loss=0.1599 val_dice=0.8978 (5s)
[unet_pvt_seed42_fold0fixC3] epoch  39/60 loss=0.1516 val_dice=0.8942 (5s)
[unet_pvt_seed42_fold0fixC3] epoch  40/60 loss=0.1580 val_dice=0.9033 (5s)
[unet_pvt_seed42_fold0fixC3] epoch  41/60 loss=0.1521 val_dice=0.8982 (5s)
[unet_pvt_seed42_fold0fixC3] epoch  42/60 loss=0.1450 val_dice=0.9054 (5s)
[unet_pvt_seed42_fold0fixC3] epoch  43/60 loss=0.1414 val_dice=0.9060 (5s)
[unet_pvt_seed42_fold0fixC3] epoch  44/60 loss=0.1522 val_dice=0.9017 (5s)
[unet_pvt_seed42_fold0fixC3] epoch  45/60 loss=0.1485 val_dice=0.8982 (5s)
[unet_pvt_seed42_fold0fixC3] epoch  46/60 loss=0.1408 val_dice=0.9012 (5s)
[unet_pvt_seed42_fold0fixC3] epoch  47/60 loss=0.1386 val_dice=0.9016 (5s)
[unet_pvt_seed42_fold0fixC3] epoch  48/60 loss=0.1377 val_dice=0.9001 (5s)
[unet_pvt_seed42_fold0fixC3] epoch  49/60 loss=0.1357 val_dice=0.9023 (5s)
[unet_pvt_seed42_fold0fixC3] epoch  50/60 loss=0.1414 val_dice=0.8951 (5s)
[unet_pvt_seed42_fold0fixC3] epoch  51/60 loss=0.1363 val_dice=0.9009 (5s)
[unet_pvt_seed42_fold0fixC3] epoch  52/60 loss=0.1346 val_dice=0.9002 (5s)
[unet_pvt_seed42_fold0fixC3] epoch  53/60 loss=0.1376 val_dice=0.9018 (5s)
[unet_pvt_seed42_fold0fixC3] epoch  54/60 loss=0.1399 val_dice=0.9022 (5s)
[unet_pvt_seed42_fold0fixC3] epoch  55/60 loss=0.1376 val_dice=0.9015 (5s)
[unet_pvt_seed42_fold0fixC3] epoch  56/60 loss=0.1337 val_dice=0.9024 (5s)
[unet_pvt_seed42_fold0fixC3] epoch  57/60 loss=0.1335 val_dice=0.9024 (5s)
[unet_pvt_seed42_fold0fixC3] epoch  58/60 loss=0.1337 val_dice=0.9027 (5s)
[unet_pvt_seed42_fold0fixC3] early stop at epoch 58 (best 0.9060 @ 43)
[unet_pvt_seed42_fold0fixC3] done. best val Dice 0.9060 @ epoch 43
              dice     iou  boundary_f1
dataset                                
kvasir-seg  0.9216  0.8726       0.7061

Wrote polypseg/outputs/repeat2/perimage_unet_pvt_seed42_fold0fixC3.csv
### Condition D: fixed worker seeding + deterministic kernels
== train unet_seed42_fold0fixD1 --deterministic
[unet_seed42_fold0fixD1] device=cuda params=24.44M train=700 val=100 amp=True
[unet_seed42_fold0fixD1] epoch   1/60 loss=1.1909 val_dice=0.6383 (4s)
[unet_seed42_fold0fixD1] epoch   2/60 loss=0.9629 val_dice=0.7096 (3s)
[unet_seed42_fold0fixD1] epoch   3/60 loss=0.8668 val_dice=0.7832 (3s)
[unet_seed42_fold0fixD1] epoch   4/60 loss=0.8099 val_dice=0.8036 (3s)
[unet_seed42_fold0fixD1] epoch   5/60 loss=0.7397 val_dice=0.8003 (3s)
[unet_seed42_fold0fixD1] epoch   6/60 loss=0.6829 val_dice=0.8140 (4s)
[unet_seed42_fold0fixD1] epoch   7/60 loss=0.6280 val_dice=0.8282 (4s)
[unet_seed42_fold0fixD1] epoch   8/60 loss=0.5760 val_dice=0.8192 (4s)
[unet_seed42_fold0fixD1] epoch   9/60 loss=0.5388 val_dice=0.8294 (3s)
[unet_seed42_fold0fixD1] epoch  10/60 loss=0.5201 val_dice=0.8435 (3s)
[unet_seed42_fold0fixD1] epoch  11/60 loss=0.4712 val_dice=0.8428 (3s)
[unet_seed42_fold0fixD1] epoch  12/60 loss=0.4396 val_dice=0.8501 (3s)
[unet_seed42_fold0fixD1] epoch  13/60 loss=0.4234 val_dice=0.8357 (4s)
[unet_seed42_fold0fixD1] epoch  14/60 loss=0.3807 val_dice=0.8226 (4s)
[unet_seed42_fold0fixD1] epoch  15/60 loss=0.3799 val_dice=0.8279 (4s)
[unet_seed42_fold0fixD1] epoch  16/60 loss=0.3527 val_dice=0.8343 (4s)
[unet_seed42_fold0fixD1] epoch  17/60 loss=0.3237 val_dice=0.8511 (4s)
[unet_seed42_fold0fixD1] epoch  18/60 loss=0.3182 val_dice=0.8324 (3s)
[unet_seed42_fold0fixD1] epoch  19/60 loss=0.2975 val_dice=0.8494 (3s)
[unet_seed42_fold0fixD1] epoch  20/60 loss=0.2794 val_dice=0.8367 (3s)
[unet_seed42_fold0fixD1] epoch  21/60 loss=0.2951 val_dice=0.8571 (4s)
[unet_seed42_fold0fixD1] epoch  22/60 loss=0.2689 val_dice=0.8627 (4s)
[unet_seed42_fold0fixD1] epoch  23/60 loss=0.2604 val_dice=0.8523 (3s)
[unet_seed42_fold0fixD1] epoch  24/60 loss=0.2467 val_dice=0.8476 (4s)
[unet_seed42_fold0fixD1] epoch  25/60 loss=0.2431 val_dice=0.8531 (3s)
[unet_seed42_fold0fixD1] epoch  26/60 loss=0.2325 val_dice=0.8564 (4s)
[unet_seed42_fold0fixD1] epoch  27/60 loss=0.2177 val_dice=0.8592 (3s)
[unet_seed42_fold0fixD1] epoch  28/60 loss=0.2147 val_dice=0.8358 (3s)
[unet_seed42_fold0fixD1] epoch  29/60 loss=0.2224 val_dice=0.8553 (3s)
[unet_seed42_fold0fixD1] epoch  30/60 loss=0.2034 val_dice=0.8586 (3s)
[unet_seed42_fold0fixD1] epoch  31/60 loss=0.2099 val_dice=0.8469 (3s)
[unet_seed42_fold0fixD1] epoch  32/60 loss=0.1949 val_dice=0.8468 (4s)
[unet_seed42_fold0fixD1] epoch  33/60 loss=0.1995 val_dice=0.8571 (3s)
[unet_seed42_fold0fixD1] epoch  34/60 loss=0.1845 val_dice=0.8567 (3s)
[unet_seed42_fold0fixD1] epoch  35/60 loss=0.1880 val_dice=0.8603 (3s)
[unet_seed42_fold0fixD1] epoch  36/60 loss=0.1810 val_dice=0.8588 (3s)
[unet_seed42_fold0fixD1] epoch  37/60 loss=0.1750 val_dice=0.8572 (4s)
[unet_seed42_fold0fixD1] early stop at epoch 37 (best 0.8627 @ 22)
[unet_seed42_fold0fixD1] done. best val Dice 0.8627 @ epoch 22
              dice     iou  boundary_f1
dataset                                
kvasir-seg  0.9052  0.8475       0.6425

Wrote polypseg/outputs/repeat2/perimage_unet_seed42_fold0fixD1.csv
== train unet_seed42_fold0fixD2 --deterministic
[unet_seed42_fold0fixD2] device=cuda params=24.44M train=700 val=100 amp=True
[unet_seed42_fold0fixD2] epoch   1/60 loss=1.2026 val_dice=0.5974 (4s)
[unet_seed42_fold0fixD2] epoch   2/60 loss=0.9626 val_dice=0.7236 (3s)
[unet_seed42_fold0fixD2] epoch   3/60 loss=0.8878 val_dice=0.7599 (3s)
[unet_seed42_fold0fixD2] epoch   4/60 loss=0.8035 val_dice=0.7937 (3s)
[unet_seed42_fold0fixD2] epoch   5/60 loss=0.7391 val_dice=0.8021 (3s)
[unet_seed42_fold0fixD2] epoch   6/60 loss=0.6862 val_dice=0.8069 (3s)
[unet_seed42_fold0fixD2] epoch   7/60 loss=0.6309 val_dice=0.8067 (3s)
[unet_seed42_fold0fixD2] epoch   8/60 loss=0.5867 val_dice=0.8047 (3s)
[unet_seed42_fold0fixD2] epoch   9/60 loss=0.5564 val_dice=0.8136 (3s)
[unet_seed42_fold0fixD2] epoch  10/60 loss=0.5239 val_dice=0.8315 (4s)
[unet_seed42_fold0fixD2] epoch  11/60 loss=0.4936 val_dice=0.8498 (4s)
[unet_seed42_fold0fixD2] epoch  12/60 loss=0.4577 val_dice=0.8501 (3s)
[unet_seed42_fold0fixD2] epoch  13/60 loss=0.4397 val_dice=0.8646 (3s)
[unet_seed42_fold0fixD2] epoch  14/60 loss=0.4076 val_dice=0.8432 (3s)
[unet_seed42_fold0fixD2] epoch  15/60 loss=0.4217 val_dice=0.8443 (3s)
[unet_seed42_fold0fixD2] epoch  16/60 loss=0.3901 val_dice=0.8619 (3s)
[unet_seed42_fold0fixD2] epoch  17/60 loss=0.3588 val_dice=0.8642 (3s)
[unet_seed42_fold0fixD2] epoch  18/60 loss=0.3506 val_dice=0.8629 (3s)
[unet_seed42_fold0fixD2] epoch  19/60 loss=0.3267 val_dice=0.8371 (3s)
[unet_seed42_fold0fixD2] epoch  20/60 loss=0.3082 val_dice=0.8543 (3s)
[unet_seed42_fold0fixD2] epoch  21/60 loss=0.3163 val_dice=0.8571 (3s)
[unet_seed42_fold0fixD2] epoch  22/60 loss=0.2926 val_dice=0.8454 (3s)
[unet_seed42_fold0fixD2] epoch  23/60 loss=0.2987 val_dice=0.8519 (4s)
[unet_seed42_fold0fixD2] epoch  24/60 loss=0.2857 val_dice=0.8602 (3s)
[unet_seed42_fold0fixD2] epoch  25/60 loss=0.2741 val_dice=0.8579 (4s)
[unet_seed42_fold0fixD2] epoch  26/60 loss=0.2660 val_dice=0.8643 (3s)
[unet_seed42_fold0fixD2] epoch  27/60 loss=0.2654 val_dice=0.8604 (3s)
[unet_seed42_fold0fixD2] epoch  28/60 loss=0.2599 val_dice=0.8561 (3s)
[unet_seed42_fold0fixD2] early stop at epoch 28 (best 0.8646 @ 13)
[unet_seed42_fold0fixD2] done. best val Dice 0.8646 @ epoch 13
              dice     iou  boundary_f1
dataset                                
kvasir-seg  0.8915  0.8278       0.6036

Wrote polypseg/outputs/repeat2/perimage_unet_seed42_fold0fixD2.csv
== train unet_seed42_fold0fixD3 --deterministic
[unet_seed42_fold0fixD3] device=cuda params=24.44M train=700 val=100 amp=True
[unet_seed42_fold0fixD3] epoch   1/60 loss=1.1967 val_dice=0.6221 (4s)
[unet_seed42_fold0fixD3] epoch   2/60 loss=0.9565 val_dice=0.7265 (3s)
[unet_seed42_fold0fixD3] epoch   3/60 loss=0.8805 val_dice=0.7193 (4s)
[unet_seed42_fold0fixD3] epoch   4/60 loss=0.8011 val_dice=0.7883 (4s)
[unet_seed42_fold0fixD3] epoch   5/60 loss=0.7484 val_dice=0.8047 (4s)
[unet_seed42_fold0fixD3] epoch   6/60 loss=0.6814 val_dice=0.8219 (4s)
[unet_seed42_fold0fixD3] epoch   7/60 loss=0.6286 val_dice=0.8117 (3s)
[unet_seed42_fold0fixD3] epoch   8/60 loss=0.5905 val_dice=0.8226 (4s)
[unet_seed42_fold0fixD3] epoch   9/60 loss=0.5527 val_dice=0.8166 (3s)
[unet_seed42_fold0fixD3] epoch  10/60 loss=0.5060 val_dice=0.8328 (4s)
[unet_seed42_fold0fixD3] epoch  11/60 loss=0.4790 val_dice=0.8346 (3s)
[unet_seed42_fold0fixD3] epoch  12/60 loss=0.4520 val_dice=0.8495 (4s)
[unet_seed42_fold0fixD3] epoch  13/60 loss=0.4284 val_dice=0.8368 (4s)
[unet_seed42_fold0fixD3] epoch  14/60 loss=0.4146 val_dice=0.8262 (3s)
[unet_seed42_fold0fixD3] epoch  15/60 loss=0.3843 val_dice=0.8559 (4s)
[unet_seed42_fold0fixD3] epoch  16/60 loss=0.3601 val_dice=0.8421 (3s)
[unet_seed42_fold0fixD3] epoch  17/60 loss=0.3541 val_dice=0.8498 (3s)
[unet_seed42_fold0fixD3] epoch  18/60 loss=0.3492 val_dice=0.8539 (4s)
[unet_seed42_fold0fixD3] epoch  19/60 loss=0.3205 val_dice=0.8507 (4s)
[unet_seed42_fold0fixD3] epoch  20/60 loss=0.3034 val_dice=0.8508 (3s)
[unet_seed42_fold0fixD3] epoch  21/60 loss=0.3090 val_dice=0.8347 (4s)
[unet_seed42_fold0fixD3] epoch  22/60 loss=0.2786 val_dice=0.8537 (4s)
[unet_seed42_fold0fixD3] epoch  23/60 loss=0.2725 val_dice=0.8475 (4s)
[unet_seed42_fold0fixD3] epoch  24/60 loss=0.2725 val_dice=0.8496 (4s)
[unet_seed42_fold0fixD3] epoch  25/60 loss=0.2526 val_dice=0.8412 (3s)
[unet_seed42_fold0fixD3] epoch  26/60 loss=0.2513 val_dice=0.8476 (4s)
[unet_seed42_fold0fixD3] epoch  27/60 loss=0.2485 val_dice=0.8354 (3s)
[unet_seed42_fold0fixD3] epoch  28/60 loss=0.2272 val_dice=0.8499 (4s)
[unet_seed42_fold0fixD3] epoch  29/60 loss=0.2302 val_dice=0.8501 (3s)
[unet_seed42_fold0fixD3] epoch  30/60 loss=0.2233 val_dice=0.8410 (3s)
[unet_seed42_fold0fixD3] early stop at epoch 30 (best 0.8559 @ 15)
[unet_seed42_fold0fixD3] done. best val Dice 0.8559 @ epoch 15
              dice     iou  boundary_f1
dataset                                
kvasir-seg  0.8897  0.8301       0.6072

Wrote polypseg/outputs/repeat2/perimage_unet_seed42_fold0fixD3.csv
== train unetpp_seed42_fold0fixD1 --deterministic
[unetpp_seed42_fold0fixD1] device=cuda params=26.08M train=700 val=100 amp=True
[unetpp_seed42_fold0fixD1] epoch   1/60 loss=0.9782 val_dice=0.7037 (7s)
[unetpp_seed42_fold0fixD1] epoch   2/60 loss=0.7287 val_dice=0.7343 (6s)
[unetpp_seed42_fold0fixD1] epoch   3/60 loss=0.6196 val_dice=0.7844 (6s)
[unetpp_seed42_fold0fixD1] epoch   4/60 loss=0.5391 val_dice=0.8215 (6s)
[unetpp_seed42_fold0fixD1] epoch   5/60 loss=0.4784 val_dice=0.8301 (6s)
[unetpp_seed42_fold0fixD1] epoch   6/60 loss=0.4384 val_dice=0.8424 (6s)
[unetpp_seed42_fold0fixD1] epoch   7/60 loss=0.4028 val_dice=0.8291 (6s)
[unetpp_seed42_fold0fixD1] epoch   8/60 loss=0.3949 val_dice=0.8389 (6s)
[unetpp_seed42_fold0fixD1] epoch   9/60 loss=0.3684 val_dice=0.8218 (6s)
[unetpp_seed42_fold0fixD1] epoch  10/60 loss=0.3401 val_dice=0.8346 (6s)
[unetpp_seed42_fold0fixD1] epoch  11/60 loss=0.3237 val_dice=0.8414 (6s)
[unetpp_seed42_fold0fixD1] epoch  12/60 loss=0.3230 val_dice=0.8448 (6s)
[unetpp_seed42_fold0fixD1] epoch  13/60 loss=0.3032 val_dice=0.8436 (6s)
[unetpp_seed42_fold0fixD1] epoch  14/60 loss=0.2820 val_dice=0.8457 (6s)
[unetpp_seed42_fold0fixD1] epoch  15/60 loss=0.2765 val_dice=0.8469 (6s)
[unetpp_seed42_fold0fixD1] epoch  16/60 loss=0.2900 val_dice=0.8497 (6s)
[unetpp_seed42_fold0fixD1] epoch  17/60 loss=0.2821 val_dice=0.8669 (6s)
[unetpp_seed42_fold0fixD1] epoch  18/60 loss=0.2550 val_dice=0.8201 (6s)
[unetpp_seed42_fold0fixD1] epoch  19/60 loss=0.2643 val_dice=0.8394 (6s)
[unetpp_seed42_fold0fixD1] epoch  20/60 loss=0.2462 val_dice=0.8315 (6s)
[unetpp_seed42_fold0fixD1] epoch  21/60 loss=0.2378 val_dice=0.8426 (6s)
[unetpp_seed42_fold0fixD1] epoch  22/60 loss=0.2448 val_dice=0.8562 (6s)
[unetpp_seed42_fold0fixD1] epoch  23/60 loss=0.2377 val_dice=0.8475 (6s)
[unetpp_seed42_fold0fixD1] epoch  24/60 loss=0.2252 val_dice=0.8433 (6s)
[unetpp_seed42_fold0fixD1] epoch  25/60 loss=0.2242 val_dice=0.8483 (6s)
[unetpp_seed42_fold0fixD1] epoch  26/60 loss=0.2269 val_dice=0.8509 (6s)
[unetpp_seed42_fold0fixD1] epoch  27/60 loss=0.1967 val_dice=0.8606 (6s)
[unetpp_seed42_fold0fixD1] epoch  28/60 loss=0.2055 val_dice=0.8693 (6s)
[unetpp_seed42_fold0fixD1] epoch  29/60 loss=0.1937 val_dice=0.8663 (6s)
[unetpp_seed42_fold0fixD1] epoch  30/60 loss=0.1967 val_dice=0.8734 (6s)
[unetpp_seed42_fold0fixD1] epoch  31/60 loss=0.1955 val_dice=0.8680 (6s)
[unetpp_seed42_fold0fixD1] epoch  32/60 loss=0.1897 val_dice=0.8759 (6s)
[unetpp_seed42_fold0fixD1] epoch  33/60 loss=0.1797 val_dice=0.8795 (6s)
[unetpp_seed42_fold0fixD1] epoch  34/60 loss=0.1837 val_dice=0.8878 (6s)
[unetpp_seed42_fold0fixD1] epoch  35/60 loss=0.1911 val_dice=0.8855 (6s)
[unetpp_seed42_fold0fixD1] epoch  36/60 loss=0.1759 val_dice=0.8803 (6s)
[unetpp_seed42_fold0fixD1] epoch  37/60 loss=0.1905 val_dice=0.8878 (6s)
[unetpp_seed42_fold0fixD1] epoch  38/60 loss=0.1698 val_dice=0.8835 (6s)
[unetpp_seed42_fold0fixD1] epoch  39/60 loss=0.1805 val_dice=0.8789 (6s)
[unetpp_seed42_fold0fixD1] epoch  40/60 loss=0.1655 val_dice=0.8795 (6s)
[unetpp_seed42_fold0fixD1] epoch  41/60 loss=0.1671 val_dice=0.8717 (6s)
[unetpp_seed42_fold0fixD1] epoch  42/60 loss=0.1635 val_dice=0.8677 (6s)
[unetpp_seed42_fold0fixD1] epoch  43/60 loss=0.1598 val_dice=0.8778 (6s)
[unetpp_seed42_fold0fixD1] epoch  44/60 loss=0.1533 val_dice=0.8766 (6s)
[unetpp_seed42_fold0fixD1] epoch  45/60 loss=0.1528 val_dice=0.8867 (6s)
[unetpp_seed42_fold0fixD1] epoch  46/60 loss=0.1480 val_dice=0.8812 (6s)
[unetpp_seed42_fold0fixD1] epoch  47/60 loss=0.1623 val_dice=0.8771 (6s)
[unetpp_seed42_fold0fixD1] epoch  48/60 loss=0.1542 val_dice=0.8798 (6s)
[unetpp_seed42_fold0fixD1] epoch  49/60 loss=0.1471 val_dice=0.8821 (6s)
[unetpp_seed42_fold0fixD1] early stop at epoch 49 (best 0.8878 @ 34)
[unetpp_seed42_fold0fixD1] done. best val Dice 0.8878 @ epoch 34
              dice     iou  boundary_f1
dataset                                
kvasir-seg  0.9055  0.8529       0.6805

Wrote polypseg/outputs/repeat2/perimage_unetpp_seed42_fold0fixD1.csv
== train unetpp_seed42_fold0fixD2 --deterministic
[unetpp_seed42_fold0fixD2] device=cuda params=26.08M train=700 val=100 amp=True
[unetpp_seed42_fold0fixD2] epoch   1/60 loss=0.9801 val_dice=0.7002 (7s)
[unetpp_seed42_fold0fixD2] epoch   2/60 loss=0.7284 val_dice=0.7482 (6s)
[unetpp_seed42_fold0fixD2] epoch   3/60 loss=0.6190 val_dice=0.7777 (6s)
[unetpp_seed42_fold0fixD2] epoch   4/60 loss=0.5421 val_dice=0.8221 (6s)
[unetpp_seed42_fold0fixD2] epoch   5/60 loss=0.4906 val_dice=0.8396 (6s)
[unetpp_seed42_fold0fixD2] epoch   6/60 loss=0.4553 val_dice=0.8108 (6s)
[unetpp_seed42_fold0fixD2] epoch   7/60 loss=0.4201 val_dice=0.8076 (6s)
[unetpp_seed42_fold0fixD2] epoch   8/60 loss=0.3810 val_dice=0.8335 (6s)
[unetpp_seed42_fold0fixD2] epoch   9/60 loss=0.3710 val_dice=0.8280 (6s)
[unetpp_seed42_fold0fixD2] epoch  10/60 loss=0.3484 val_dice=0.8523 (6s)
[unetpp_seed42_fold0fixD2] epoch  11/60 loss=0.3212 val_dice=0.8346 (6s)
[unetpp_seed42_fold0fixD2] epoch  12/60 loss=0.3129 val_dice=0.8663 (6s)
[unetpp_seed42_fold0fixD2] epoch  13/60 loss=0.3179 val_dice=0.8717 (6s)
[unetpp_seed42_fold0fixD2] epoch  14/60 loss=0.2957 val_dice=0.8524 (6s)
[unetpp_seed42_fold0fixD2] epoch  15/60 loss=0.2931 val_dice=0.8557 (6s)
[unetpp_seed42_fold0fixD2] epoch  16/60 loss=0.2785 val_dice=0.8649 (6s)
[unetpp_seed42_fold0fixD2] epoch  17/60 loss=0.2856 val_dice=0.8643 (6s)
[unetpp_seed42_fold0fixD2] epoch  18/60 loss=0.2589 val_dice=0.8560 (6s)
[unetpp_seed42_fold0fixD2] epoch  19/60 loss=0.2631 val_dice=0.8584 (6s)
[unetpp_seed42_fold0fixD2] epoch  20/60 loss=0.2470 val_dice=0.8689 (6s)
[unetpp_seed42_fold0fixD2] epoch  21/60 loss=0.2358 val_dice=0.8483 (6s)
[unetpp_seed42_fold0fixD2] epoch  22/60 loss=0.2302 val_dice=0.8640 (6s)
[unetpp_seed42_fold0fixD2] epoch  23/60 loss=0.2520 val_dice=0.8713 (6s)
[unetpp_seed42_fold0fixD2] epoch  24/60 loss=0.2257 val_dice=0.8844 (6s)
[unetpp_seed42_fold0fixD2] epoch  25/60 loss=0.2249 val_dice=0.8497 (6s)
[unetpp_seed42_fold0fixD2] epoch  26/60 loss=0.2197 val_dice=0.8642 (6s)
[unetpp_seed42_fold0fixD2] epoch  27/60 loss=0.2063 val_dice=0.8678 (6s)
[unetpp_seed42_fold0fixD2] epoch  28/60 loss=0.2078 val_dice=0.8682 (6s)
[unetpp_seed42_fold0fixD2] epoch  29/60 loss=0.1977 val_dice=0.8713 (6s)
[unetpp_seed42_fold0fixD2] epoch  30/60 loss=0.1993 val_dice=0.8899 (6s)
[unetpp_seed42_fold0fixD2] epoch  31/60 loss=0.1969 val_dice=0.8859 (6s)
[unetpp_seed42_fold0fixD2] epoch  32/60 loss=0.2029 val_dice=0.8793 (6s)
[unetpp_seed42_fold0fixD2] epoch  33/60 loss=0.1892 val_dice=0.8793 (6s)
[unetpp_seed42_fold0fixD2] epoch  34/60 loss=0.1844 val_dice=0.8862 (6s)
[unetpp_seed42_fold0fixD2] epoch  35/60 loss=0.1813 val_dice=0.8818 (6s)
[unetpp_seed42_fold0fixD2] epoch  36/60 loss=0.1705 val_dice=0.8862 (6s)
[unetpp_seed42_fold0fixD2] epoch  37/60 loss=0.1863 val_dice=0.8903 (6s)
[unetpp_seed42_fold0fixD2] epoch  38/60 loss=0.1733 val_dice=0.8915 (6s)
[unetpp_seed42_fold0fixD2] epoch  39/60 loss=0.1733 val_dice=0.8943 (6s)
[unetpp_seed42_fold0fixD2] epoch  40/60 loss=0.1793 val_dice=0.8891 (6s)
[unetpp_seed42_fold0fixD2] epoch  41/60 loss=0.1622 val_dice=0.8823 (6s)
[unetpp_seed42_fold0fixD2] epoch  42/60 loss=0.1597 val_dice=0.8879 (6s)
[unetpp_seed42_fold0fixD2] epoch  43/60 loss=0.1559 val_dice=0.8864 (6s)
[unetpp_seed42_fold0fixD2] epoch  44/60 loss=0.1610 val_dice=0.8845 (6s)
[unetpp_seed42_fold0fixD2] epoch  45/60 loss=0.1601 val_dice=0.8876 (6s)
[unetpp_seed42_fold0fixD2] epoch  46/60 loss=0.1430 val_dice=0.8815 (6s)
[unetpp_seed42_fold0fixD2] epoch  47/60 loss=0.1566 val_dice=0.8831 (6s)
[unetpp_seed42_fold0fixD2] epoch  48/60 loss=0.1536 val_dice=0.8900 (6s)
[unetpp_seed42_fold0fixD2] epoch  49/60 loss=0.1509 val_dice=0.8863 (6s)
[unetpp_seed42_fold0fixD2] epoch  50/60 loss=0.1663 val_dice=0.8897 (6s)
[unetpp_seed42_fold0fixD2] epoch  51/60 loss=0.1493 val_dice=0.8890 (6s)
[unetpp_seed42_fold0fixD2] epoch  52/60 loss=0.1614 val_dice=0.8891 (6s)
[unetpp_seed42_fold0fixD2] epoch  53/60 loss=0.1615 val_dice=0.8897 (6s)
[unetpp_seed42_fold0fixD2] epoch  54/60 loss=0.1481 val_dice=0.8915 (6s)
[unetpp_seed42_fold0fixD2] early stop at epoch 54 (best 0.8943 @ 39)
[unetpp_seed42_fold0fixD2] done. best val Dice 0.8943 @ epoch 39
              dice    iou  boundary_f1
dataset                               
kvasir-seg  0.9055  0.853       0.6863

Wrote polypseg/outputs/repeat2/perimage_unetpp_seed42_fold0fixD2.csv
== train unetpp_seed42_fold0fixD3 --deterministic
[unetpp_seed42_fold0fixD3] device=cuda params=26.08M train=700 val=100 amp=True
[unetpp_seed42_fold0fixD3] epoch   1/60 loss=0.9651 val_dice=0.7030 (7s)
[unetpp_seed42_fold0fixD3] epoch   2/60 loss=0.7176 val_dice=0.7707 (6s)
[unetpp_seed42_fold0fixD3] epoch   3/60 loss=0.6099 val_dice=0.8041 (6s)
[unetpp_seed42_fold0fixD3] epoch   4/60 loss=0.5338 val_dice=0.8165 (6s)
[unetpp_seed42_fold0fixD3] epoch   5/60 loss=0.4988 val_dice=0.8286 (6s)
[unetpp_seed42_fold0fixD3] epoch   6/60 loss=0.4451 val_dice=0.8321 (6s)
[unetpp_seed42_fold0fixD3] epoch   7/60 loss=0.4113 val_dice=0.8310 (6s)
[unetpp_seed42_fold0fixD3] epoch   8/60 loss=0.3711 val_dice=0.8513 (6s)
[unetpp_seed42_fold0fixD3] epoch   9/60 loss=0.3583 val_dice=0.8364 (6s)
[unetpp_seed42_fold0fixD3] epoch  10/60 loss=0.3347 val_dice=0.8221 (6s)
[unetpp_seed42_fold0fixD3] epoch  11/60 loss=0.3397 val_dice=0.8544 (6s)
[unetpp_seed42_fold0fixD3] epoch  12/60 loss=0.3059 val_dice=0.8581 (6s)
[unetpp_seed42_fold0fixD3] epoch  13/60 loss=0.3034 val_dice=0.8542 (6s)
[unetpp_seed42_fold0fixD3] epoch  14/60 loss=0.2909 val_dice=0.8504 (6s)
[unetpp_seed42_fold0fixD3] epoch  15/60 loss=0.2811 val_dice=0.8583 (6s)
[unetpp_seed42_fold0fixD3] epoch  16/60 loss=0.2680 val_dice=0.8410 (6s)
[unetpp_seed42_fold0fixD3] epoch  17/60 loss=0.2540 val_dice=0.8442 (6s)
[unetpp_seed42_fold0fixD3] epoch  18/60 loss=0.2633 val_dice=0.8345 (6s)
[unetpp_seed42_fold0fixD3] epoch  19/60 loss=0.2584 val_dice=0.8575 (6s)
[unetpp_seed42_fold0fixD3] epoch  20/60 loss=0.2406 val_dice=0.8542 (6s)
[unetpp_seed42_fold0fixD3] epoch  21/60 loss=0.2353 val_dice=0.8544 (6s)
[unetpp_seed42_fold0fixD3] epoch  22/60 loss=0.2281 val_dice=0.8602 (6s)
[unetpp_seed42_fold0fixD3] epoch  23/60 loss=0.2356 val_dice=0.8697 (6s)
[unetpp_seed42_fold0fixD3] epoch  24/60 loss=0.2326 val_dice=0.8685 (6s)
[unetpp_seed42_fold0fixD3] epoch  25/60 loss=0.2058 val_dice=0.8599 (6s)
[unetpp_seed42_fold0fixD3] epoch  26/60 loss=0.2004 val_dice=0.8721 (6s)
[unetpp_seed42_fold0fixD3] epoch  27/60 loss=0.1966 val_dice=0.8814 (6s)
[unetpp_seed42_fold0fixD3] epoch  28/60 loss=0.2002 val_dice=0.8701 (6s)
[unetpp_seed42_fold0fixD3] epoch  29/60 loss=0.2080 val_dice=0.8741 (6s)
[unetpp_seed42_fold0fixD3] epoch  30/60 loss=0.1979 val_dice=0.8796 (6s)
[unetpp_seed42_fold0fixD3] epoch  31/60 loss=0.1853 val_dice=0.8703 (6s)
[unetpp_seed42_fold0fixD3] epoch  32/60 loss=0.1924 val_dice=0.8702 (6s)
[unetpp_seed42_fold0fixD3] epoch  33/60 loss=0.1795 val_dice=0.8677 (6s)
[unetpp_seed42_fold0fixD3] epoch  34/60 loss=0.1684 val_dice=0.8731 (6s)
[unetpp_seed42_fold0fixD3] epoch  35/60 loss=0.1842 val_dice=0.8712 (6s)
[unetpp_seed42_fold0fixD3] epoch  36/60 loss=0.1620 val_dice=0.8787 (6s)
[unetpp_seed42_fold0fixD3] epoch  37/60 loss=0.1718 val_dice=0.8742 (6s)
[unetpp_seed42_fold0fixD3] epoch  38/60 loss=0.1688 val_dice=0.8708 (6s)
[unetpp_seed42_fold0fixD3] epoch  39/60 loss=0.1626 val_dice=0.8743 (6s)
[unetpp_seed42_fold0fixD3] epoch  40/60 loss=0.1628 val_dice=0.8770 (6s)
[unetpp_seed42_fold0fixD3] epoch  41/60 loss=0.1526 val_dice=0.8804 (6s)
[unetpp_seed42_fold0fixD3] epoch  42/60 loss=0.1516 val_dice=0.8813 (6s)
[unetpp_seed42_fold0fixD3] early stop at epoch 42 (best 0.8814 @ 27)
[unetpp_seed42_fold0fixD3] done. best val Dice 0.8814 @ epoch 27
              dice     iou  boundary_f1
dataset                                
kvasir-seg  0.9043  0.8472       0.6674

Wrote polypseg/outputs/repeat2/perimage_unetpp_seed42_fold0fixD3.csv
== train segformer_seed42_fold0fixD1 --deterministic
[segformer_seed42_fold0fixD1] device=cuda params=3.71M train=700 val=100 amp=True
/usr/local/lib/python3.12/dist-packages/segmentation_models_pytorch/encoders/mix_transformer.py:153: UserWarning: Deterministic behavior was enabled with either `torch.use_deterministic_algorithms(True)` or `at::Context::setDeterministicAlgorithms(true)`, but this operation is not deterministic because it uses CuBLAS and you have CUDA >= 10.2. To enable deterministic behavior in this case, you must set an environment variable before running your PyTorch application: CUBLAS_WORKSPACE_CONFIG=:4096:8 or CUBLAS_WORKSPACE_CONFIG=:16:8. For more information, go to https://docs.nvidia.com/cuda/cublas/index.html#results-reproducibility (Triggered internally at /pytorch/aten/src/ATen/Context.cpp:233.)
  attn = (q @ k.transpose(-2, -1)) * self.scale
/usr/local/lib/python3.12/dist-packages/segmentation_models_pytorch/encoders/mix_transformer.py:157: UserWarning: Deterministic behavior was enabled with either `torch.use_deterministic_algorithms(True)` or `at::Context::setDeterministicAlgorithms(true)`, but this operation is not deterministic because it uses CuBLAS and you have CUDA >= 10.2. To enable deterministic behavior in this case, you must set an environment variable before running your PyTorch application: CUBLAS_WORKSPACE_CONFIG=:4096:8 or CUBLAS_WORKSPACE_CONFIG=:16:8. For more information, go to https://docs.nvidia.com/cuda/cublas/index.html#results-reproducibility (Triggered internally at /pytorch/aten/src/ATen/Context.cpp:233.)
  x = (attn @ v).transpose(1, 2).reshape(batch_size, N, C)
/usr/local/lib/python3.12/dist-packages/torch/nn/modules/linear.py:125: UserWarning: Deterministic behavior was enabled with either `torch.use_deterministic_algorithms(True)` or `at::Context::setDeterministicAlgorithms(true)`, but this operation is not deterministic because it uses CuBLAS and you have CUDA >= 10.2. To enable deterministic behavior in this case, you must set an environment variable before running your PyTorch application: CUBLAS_WORKSPACE_CONFIG=:4096:8 or CUBLAS_WORKSPACE_CONFIG=:16:8. For more information, go to https://docs.nvidia.com/cuda/cublas/index.html#results-reproducibility (Triggered internally at /pytorch/aten/src/ATen/Context.cpp:233.)
  return F.linear(input, self.weight, self.bias)
/usr/local/lib/python3.12/dist-packages/torch/autograd/graph.py:829: UserWarning: Deterministic behavior was enabled with either `torch.use_deterministic_algorithms(True)` or `at::Context::setDeterministicAlgorithms(true)`, but this operation is not deterministic because it uses CuBLAS and you have CUDA >= 10.2. To enable deterministic behavior in this case, you must set an environment variable before running your PyTorch application: CUBLAS_WORKSPACE_CONFIG=:4096:8 or CUBLAS_WORKSPACE_CONFIG=:16:8. For more information, go to https://docs.nvidia.com/cuda/cublas/index.html#results-reproducibility (Triggered internally at /pytorch/aten/src/ATen/Context.cpp:233.)
  return Variable._execution_engine.run_backward(  # Calls into the C++ engine to run the backward pass
[segformer_seed42_fold0fixD1] epoch   1/60 loss=1.0625 val_dice=0.6811 (16s)
[segformer_seed42_fold0fixD1] epoch   2/60 loss=0.7247 val_dice=0.7547 (9s)
[segformer_seed42_fold0fixD1] epoch   3/60 loss=0.6276 val_dice=0.7676 (9s)
[segformer_seed42_fold0fixD1] epoch   4/60 loss=0.5652 val_dice=0.7998 (9s)
[segformer_seed42_fold0fixD1] epoch   5/60 loss=0.5059 val_dice=0.8022 (9s)
[segformer_seed42_fold0fixD1] epoch   6/60 loss=0.5068 val_dice=0.8171 (9s)
[segformer_seed42_fold0fixD1] epoch   7/60 loss=0.4655 val_dice=0.8171 (9s)
[segformer_seed42_fold0fixD1] epoch   8/60 loss=0.4338 val_dice=0.8068 (9s)
[segformer_seed42_fold0fixD1] epoch   9/60 loss=0.4252 val_dice=0.8327 (9s)
[segformer_seed42_fold0fixD1] epoch  10/60 loss=0.4102 val_dice=0.8355 (9s)
[segformer_seed42_fold0fixD1] epoch  11/60 loss=0.3688 val_dice=0.8172 (9s)
[segformer_seed42_fold0fixD1] epoch  12/60 loss=0.3511 val_dice=0.8368 (9s)
[segformer_seed42_fold0fixD1] epoch  13/60 loss=0.3453 val_dice=0.8353 (9s)
[segformer_seed42_fold0fixD1] epoch  14/60 loss=0.3389 val_dice=0.8319 (9s)
[segformer_seed42_fold0fixD1] epoch  15/60 loss=0.3275 val_dice=0.8488 (9s)
[segformer_seed42_fold0fixD1] epoch  16/60 loss=0.3128 val_dice=0.8481 (9s)
[segformer_seed42_fold0fixD1] epoch  17/60 loss=0.3079 val_dice=0.8470 (9s)
[segformer_seed42_fold0fixD1] epoch  18/60 loss=0.2929 val_dice=0.8360 (9s)
[segformer_seed42_fold0fixD1] epoch  19/60 loss=0.2952 val_dice=0.8443 (9s)
[segformer_seed42_fold0fixD1] epoch  20/60 loss=0.3015 val_dice=0.8537 (9s)
[segformer_seed42_fold0fixD1] epoch  21/60 loss=0.2812 val_dice=0.8508 (9s)
[segformer_seed42_fold0fixD1] epoch  22/60 loss=0.2682 val_dice=0.8472 (9s)
[segformer_seed42_fold0fixD1] epoch  23/60 loss=0.2735 val_dice=0.8599 (9s)
[segformer_seed42_fold0fixD1] epoch  24/60 loss=0.2729 val_dice=0.8564 (9s)
[segformer_seed42_fold0fixD1] epoch  25/60 loss=0.2703 val_dice=0.8530 (9s)
[segformer_seed42_fold0fixD1] epoch  26/60 loss=0.2524 val_dice=0.8552 (9s)
[segformer_seed42_fold0fixD1] epoch  27/60 loss=0.2522 val_dice=0.8586 (9s)
[segformer_seed42_fold0fixD1] epoch  28/60 loss=0.2563 val_dice=0.8526 (9s)
[segformer_seed42_fold0fixD1] epoch  29/60 loss=0.2492 val_dice=0.8548 (9s)
[segformer_seed42_fold0fixD1] epoch  30/60 loss=0.2473 val_dice=0.8518 (9s)
[segformer_seed42_fold0fixD1] epoch  31/60 loss=0.2407 val_dice=0.8519 (9s)
[segformer_seed42_fold0fixD1] epoch  32/60 loss=0.2328 val_dice=0.8515 (9s)
[segformer_seed42_fold0fixD1] epoch  33/60 loss=0.2398 val_dice=0.8487 (9s)
[segformer_seed42_fold0fixD1] epoch  34/60 loss=0.2291 val_dice=0.8525 (9s)
[segformer_seed42_fold0fixD1] epoch  35/60 loss=0.2321 val_dice=0.8482 (9s)
[segformer_seed42_fold0fixD1] epoch  36/60 loss=0.2162 val_dice=0.8511 (9s)
[segformer_seed42_fold0fixD1] epoch  37/60 loss=0.2295 val_dice=0.8479 (9s)
[segformer_seed42_fold0fixD1] epoch  38/60 loss=0.2231 val_dice=0.8570 (9s)
[segformer_seed42_fold0fixD1] early stop at epoch 38 (best 0.8599 @ 23)
[segformer_seed42_fold0fixD1] done. best val Dice 0.8599 @ epoch 23
              dice     iou  boundary_f1
dataset                                
kvasir-seg  0.8966  0.8305       0.5445

Wrote polypseg/outputs/repeat2/perimage_segformer_seed42_fold0fixD1.csv
== train segformer_seed42_fold0fixD2 --deterministic
[segformer_seed42_fold0fixD2] device=cuda params=3.71M train=700 val=100 amp=True
/usr/local/lib/python3.12/dist-packages/segmentation_models_pytorch/encoders/mix_transformer.py:153: UserWarning: Deterministic behavior was enabled with either `torch.use_deterministic_algorithms(True)` or `at::Context::setDeterministicAlgorithms(true)`, but this operation is not deterministic because it uses CuBLAS and you have CUDA >= 10.2. To enable deterministic behavior in this case, you must set an environment variable before running your PyTorch application: CUBLAS_WORKSPACE_CONFIG=:4096:8 or CUBLAS_WORKSPACE_CONFIG=:16:8. For more information, go to https://docs.nvidia.com/cuda/cublas/index.html#results-reproducibility (Triggered internally at /pytorch/aten/src/ATen/Context.cpp:233.)
  attn = (q @ k.transpose(-2, -1)) * self.scale
/usr/local/lib/python3.12/dist-packages/segmentation_models_pytorch/encoders/mix_transformer.py:157: UserWarning: Deterministic behavior was enabled with either `torch.use_deterministic_algorithms(True)` or `at::Context::setDeterministicAlgorithms(true)`, but this operation is not deterministic because it uses CuBLAS and you have CUDA >= 10.2. To enable deterministic behavior in this case, you must set an environment variable before running your PyTorch application: CUBLAS_WORKSPACE_CONFIG=:4096:8 or CUBLAS_WORKSPACE_CONFIG=:16:8. For more information, go to https://docs.nvidia.com/cuda/cublas/index.html#results-reproducibility (Triggered internally at /pytorch/aten/src/ATen/Context.cpp:233.)
  x = (attn @ v).transpose(1, 2).reshape(batch_size, N, C)
/usr/local/lib/python3.12/dist-packages/torch/nn/modules/linear.py:125: UserWarning: Deterministic behavior was enabled with either `torch.use_deterministic_algorithms(True)` or `at::Context::setDeterministicAlgorithms(true)`, but this operation is not deterministic because it uses CuBLAS and you have CUDA >= 10.2. To enable deterministic behavior in this case, you must set an environment variable before running your PyTorch application: CUBLAS_WORKSPACE_CONFIG=:4096:8 or CUBLAS_WORKSPACE_CONFIG=:16:8. For more information, go to https://docs.nvidia.com/cuda/cublas/index.html#results-reproducibility (Triggered internally at /pytorch/aten/src/ATen/Context.cpp:233.)
  return F.linear(input, self.weight, self.bias)
/usr/local/lib/python3.12/dist-packages/torch/autograd/graph.py:829: UserWarning: Deterministic behavior was enabled with either `torch.use_deterministic_algorithms(True)` or `at::Context::setDeterministicAlgorithms(true)`, but this operation is not deterministic because it uses CuBLAS and you have CUDA >= 10.2. To enable deterministic behavior in this case, you must set an environment variable before running your PyTorch application: CUBLAS_WORKSPACE_CONFIG=:4096:8 or CUBLAS_WORKSPACE_CONFIG=:16:8. For more information, go to https://docs.nvidia.com/cuda/cublas/index.html#results-reproducibility (Triggered internally at /pytorch/aten/src/ATen/Context.cpp:233.)
  return Variable._execution_engine.run_backward(  # Calls into the C++ engine to run the backward pass
[segformer_seed42_fold0fixD2] epoch   1/60 loss=1.0772 val_dice=0.6865 (16s)
[segformer_seed42_fold0fixD2] epoch   2/60 loss=0.7065 val_dice=0.7616 (9s)
[segformer_seed42_fold0fixD2] epoch   3/60 loss=0.6191 val_dice=0.7685 (9s)
[segformer_seed42_fold0fixD2] epoch   4/60 loss=0.5474 val_dice=0.7870 (9s)
[segformer_seed42_fold0fixD2] epoch   5/60 loss=0.5107 val_dice=0.7640 (9s)
[segformer_seed42_fold0fixD2] epoch   6/60 loss=0.5038 val_dice=0.8045 (9s)
[segformer_seed42_fold0fixD2] epoch   7/60 loss=0.4437 val_dice=0.8109 (9s)
[segformer_seed42_fold0fixD2] epoch   8/60 loss=0.4385 val_dice=0.8295 (9s)
[segformer_seed42_fold0fixD2] epoch   9/60 loss=0.4050 val_dice=0.8240 (9s)
[segformer_seed42_fold0fixD2] epoch  10/60 loss=0.3936 val_dice=0.8347 (9s)
[segformer_seed42_fold0fixD2] epoch  11/60 loss=0.3733 val_dice=0.8384 (9s)
[segformer_seed42_fold0fixD2] epoch  12/60 loss=0.3555 val_dice=0.8325 (9s)
[segformer_seed42_fold0fixD2] epoch  13/60 loss=0.3412 val_dice=0.8270 (9s)
[segformer_seed42_fold0fixD2] epoch  14/60 loss=0.3333 val_dice=0.8267 (8s)
[segformer_seed42_fold0fixD2] epoch  15/60 loss=0.3200 val_dice=0.8457 (9s)
[segformer_seed42_fold0fixD2] epoch  16/60 loss=0.3099 val_dice=0.8543 (9s)
[segformer_seed42_fold0fixD2] epoch  17/60 loss=0.3158 val_dice=0.8355 (9s)
[segformer_seed42_fold0fixD2] epoch  18/60 loss=0.3031 val_dice=0.8295 (9s)
[segformer_seed42_fold0fixD2] epoch  19/60 loss=0.2890 val_dice=0.8461 (9s)
[segformer_seed42_fold0fixD2] epoch  20/60 loss=0.2944 val_dice=0.8403 (9s)
[segformer_seed42_fold0fixD2] epoch  21/60 loss=0.2892 val_dice=0.8447 (9s)
[segformer_seed42_fold0fixD2] epoch  22/60 loss=0.2803 val_dice=0.8543 (9s)
[segformer_seed42_fold0fixD2] epoch  23/60 loss=0.2639 val_dice=0.8583 (9s)
[segformer_seed42_fold0fixD2] epoch  24/60 loss=0.2723 val_dice=0.8530 (9s)
[segformer_seed42_fold0fixD2] epoch  25/60 loss=0.2618 val_dice=0.8574 (9s)
[segformer_seed42_fold0fixD2] epoch  26/60 loss=0.2651 val_dice=0.8526 (9s)
[segformer_seed42_fold0fixD2] epoch  27/60 loss=0.2471 val_dice=0.8468 (9s)
[segformer_seed42_fold0fixD2] epoch  28/60 loss=0.2579 val_dice=0.8511 (9s)
[segformer_seed42_fold0fixD2] epoch  29/60 loss=0.2341 val_dice=0.8574 (9s)
[segformer_seed42_fold0fixD2] epoch  30/60 loss=0.2377 val_dice=0.8493 (9s)
[segformer_seed42_fold0fixD2] epoch  31/60 loss=0.2392 val_dice=0.8519 (9s)
[segformer_seed42_fold0fixD2] epoch  32/60 loss=0.2451 val_dice=0.8583 (9s)
[segformer_seed42_fold0fixD2] epoch  33/60 loss=0.2413 val_dice=0.8550 (9s)
[segformer_seed42_fold0fixD2] epoch  34/60 loss=0.2376 val_dice=0.8607 (9s)
[segformer_seed42_fold0fixD2] epoch  35/60 loss=0.2372 val_dice=0.8568 (9s)
[segformer_seed42_fold0fixD2] epoch  36/60 loss=0.2153 val_dice=0.8581 (9s)
[segformer_seed42_fold0fixD2] epoch  37/60 loss=0.2323 val_dice=0.8618 (9s)
[segformer_seed42_fold0fixD2] epoch  38/60 loss=0.2165 val_dice=0.8643 (9s)
[segformer_seed42_fold0fixD2] epoch  39/60 loss=0.2114 val_dice=0.8603 (9s)
[segformer_seed42_fold0fixD2] epoch  40/60 loss=0.2221 val_dice=0.8543 (9s)
[segformer_seed42_fold0fixD2] epoch  41/60 loss=0.2055 val_dice=0.8575 (9s)
[segformer_seed42_fold0fixD2] epoch  42/60 loss=0.2199 val_dice=0.8563 (9s)
[segformer_seed42_fold0fixD2] epoch  43/60 loss=0.2092 val_dice=0.8627 (9s)
[segformer_seed42_fold0fixD2] epoch  44/60 loss=0.2158 val_dice=0.8609 (9s)
[segformer_seed42_fold0fixD2] epoch  45/60 loss=0.2136 val_dice=0.8598 (9s)
[segformer_seed42_fold0fixD2] epoch  46/60 loss=0.2100 val_dice=0.8601 (9s)
[segformer_seed42_fold0fixD2] epoch  47/60 loss=0.2009 val_dice=0.8588 (9s)
[segformer_seed42_fold0fixD2] epoch  48/60 loss=0.2104 val_dice=0.8602 (9s)
[segformer_seed42_fold0fixD2] epoch  49/60 loss=0.2093 val_dice=0.8601 (9s)
[segformer_seed42_fold0fixD2] epoch  50/60 loss=0.2007 val_dice=0.8610 (9s)
[segformer_seed42_fold0fixD2] epoch  51/60 loss=0.2069 val_dice=0.8618 (9s)
[segformer_seed42_fold0fixD2] epoch  52/60 loss=0.2042 val_dice=0.8623 (9s)
[segformer_seed42_fold0fixD2] epoch  53/60 loss=0.2010 val_dice=0.8616 (9s)
[segformer_seed42_fold0fixD2] early stop at epoch 53 (best 0.8643 @ 38)
[segformer_seed42_fold0fixD2] done. best val Dice 0.8643 @ epoch 38
              dice     iou  boundary_f1
dataset                                
kvasir-seg  0.8991  0.8366       0.5965

Wrote polypseg/outputs/repeat2/perimage_segformer_seed42_fold0fixD2.csv
== train segformer_seed42_fold0fixD3 --deterministic
[segformer_seed42_fold0fixD3] device=cuda params=3.71M train=700 val=100 amp=True
/usr/local/lib/python3.12/dist-packages/segmentation_models_pytorch/encoders/mix_transformer.py:153: UserWarning: Deterministic behavior was enabled with either `torch.use_deterministic_algorithms(True)` or `at::Context::setDeterministicAlgorithms(true)`, but this operation is not deterministic because it uses CuBLAS and you have CUDA >= 10.2. To enable deterministic behavior in this case, you must set an environment variable before running your PyTorch application: CUBLAS_WORKSPACE_CONFIG=:4096:8 or CUBLAS_WORKSPACE_CONFIG=:16:8. For more information, go to https://docs.nvidia.com/cuda/cublas/index.html#results-reproducibility (Triggered internally at /pytorch/aten/src/ATen/Context.cpp:233.)
  attn = (q @ k.transpose(-2, -1)) * self.scale
/usr/local/lib/python3.12/dist-packages/segmentation_models_pytorch/encoders/mix_transformer.py:157: UserWarning: Deterministic behavior was enabled with either `torch.use_deterministic_algorithms(True)` or `at::Context::setDeterministicAlgorithms(true)`, but this operation is not deterministic because it uses CuBLAS and you have CUDA >= 10.2. To enable deterministic behavior in this case, you must set an environment variable before running your PyTorch application: CUBLAS_WORKSPACE_CONFIG=:4096:8 or CUBLAS_WORKSPACE_CONFIG=:16:8. For more information, go to https://docs.nvidia.com/cuda/cublas/index.html#results-reproducibility (Triggered internally at /pytorch/aten/src/ATen/Context.cpp:233.)
  x = (attn @ v).transpose(1, 2).reshape(batch_size, N, C)
/usr/local/lib/python3.12/dist-packages/torch/nn/modules/linear.py:125: UserWarning: Deterministic behavior was enabled with either `torch.use_deterministic_algorithms(True)` or `at::Context::setDeterministicAlgorithms(true)`, but this operation is not deterministic because it uses CuBLAS and you have CUDA >= 10.2. To enable deterministic behavior in this case, you must set an environment variable before running your PyTorch application: CUBLAS_WORKSPACE_CONFIG=:4096:8 or CUBLAS_WORKSPACE_CONFIG=:16:8. For more information, go to https://docs.nvidia.com/cuda/cublas/index.html#results-reproducibility (Triggered internally at /pytorch/aten/src/ATen/Context.cpp:233.)
  return F.linear(input, self.weight, self.bias)
/usr/local/lib/python3.12/dist-packages/torch/autograd/graph.py:829: UserWarning: Deterministic behavior was enabled with either `torch.use_deterministic_algorithms(True)` or `at::Context::setDeterministicAlgorithms(true)`, but this operation is not deterministic because it uses CuBLAS and you have CUDA >= 10.2. To enable deterministic behavior in this case, you must set an environment variable before running your PyTorch application: CUBLAS_WORKSPACE_CONFIG=:4096:8 or CUBLAS_WORKSPACE_CONFIG=:16:8. For more information, go to https://docs.nvidia.com/cuda/cublas/index.html#results-reproducibility (Triggered internally at /pytorch/aten/src/ATen/Context.cpp:233.)
  return Variable._execution_engine.run_backward(  # Calls into the C++ engine to run the backward pass
[segformer_seed42_fold0fixD3] epoch   1/60 loss=1.0303 val_dice=0.6721 (16s)
[segformer_seed42_fold0fixD3] epoch   2/60 loss=0.6981 val_dice=0.7531 (9s)
[segformer_seed42_fold0fixD3] epoch   3/60 loss=0.5852 val_dice=0.7853 (9s)
[segformer_seed42_fold0fixD3] epoch   4/60 loss=0.5432 val_dice=0.8097 (9s)
[segformer_seed42_fold0fixD3] epoch   5/60 loss=0.5000 val_dice=0.8126 (9s)
[segformer_seed42_fold0fixD3] epoch   6/60 loss=0.4757 val_dice=0.8187 (9s)
[segformer_seed42_fold0fixD3] epoch   7/60 loss=0.4380 val_dice=0.8125 (9s)
[segformer_seed42_fold0fixD3] epoch   8/60 loss=0.4305 val_dice=0.8347 (9s)
[segformer_seed42_fold0fixD3] epoch   9/60 loss=0.3845 val_dice=0.8260 (9s)
[segformer_seed42_fold0fixD3] epoch  10/60 loss=0.3751 val_dice=0.8336 (9s)
[segformer_seed42_fold0fixD3] epoch  11/60 loss=0.3764 val_dice=0.8435 (9s)
[segformer_seed42_fold0fixD3] epoch  12/60 loss=0.3398 val_dice=0.8360 (9s)
[segformer_seed42_fold0fixD3] epoch  13/60 loss=0.3323 val_dice=0.8322 (9s)
[segformer_seed42_fold0fixD3] epoch  14/60 loss=0.3308 val_dice=0.8371 (9s)
[segformer_seed42_fold0fixD3] epoch  15/60 loss=0.3101 val_dice=0.8416 (9s)
[segformer_seed42_fold0fixD3] epoch  16/60 loss=0.3081 val_dice=0.8445 (9s)
[segformer_seed42_fold0fixD3] epoch  17/60 loss=0.3072 val_dice=0.8486 (9s)
[segformer_seed42_fold0fixD3] epoch  18/60 loss=0.2944 val_dice=0.8318 (9s)
[segformer_seed42_fold0fixD3] epoch  19/60 loss=0.2837 val_dice=0.8418 (9s)
[segformer_seed42_fold0fixD3] epoch  20/60 loss=0.2784 val_dice=0.8540 (9s)
[segformer_seed42_fold0fixD3] epoch  21/60 loss=0.2612 val_dice=0.8509 (9s)
[segformer_seed42_fold0fixD3] epoch  22/60 loss=0.2610 val_dice=0.8519 (9s)
[segformer_seed42_fold0fixD3] epoch  23/60 loss=0.2636 val_dice=0.8592 (9s)
[segformer_seed42_fold0fixD3] epoch  24/60 loss=0.2738 val_dice=0.8607 (9s)
[segformer_seed42_fold0fixD3] epoch  25/60 loss=0.2526 val_dice=0.8545 (9s)
[segformer_seed42_fold0fixD3] epoch  26/60 loss=0.2493 val_dice=0.8555 (9s)
[segformer_seed42_fold0fixD3] epoch  27/60 loss=0.2368 val_dice=0.8544 (9s)
[segformer_seed42_fold0fixD3] epoch  28/60 loss=0.2299 val_dice=0.8567 (9s)
[segformer_seed42_fold0fixD3] epoch  29/60 loss=0.2327 val_dice=0.8571 (9s)
[segformer_seed42_fold0fixD3] epoch  30/60 loss=0.2314 val_dice=0.8624 (9s)
[segformer_seed42_fold0fixD3] epoch  31/60 loss=0.2285 val_dice=0.8527 (9s)
[segformer_seed42_fold0fixD3] epoch  32/60 loss=0.2169 val_dice=0.8580 (9s)
[segformer_seed42_fold0fixD3] epoch  33/60 loss=0.2169 val_dice=0.8593 (9s)
[segformer_seed42_fold0fixD3] epoch  34/60 loss=0.2160 val_dice=0.8539 (9s)
[segformer_seed42_fold0fixD3] epoch  35/60 loss=0.2214 val_dice=0.8528 (9s)
[segformer_seed42_fold0fixD3] epoch  36/60 loss=0.2154 val_dice=0.8519 (9s)
[segformer_seed42_fold0fixD3] epoch  37/60 loss=0.2128 val_dice=0.8511 (9s)
[segformer_seed42_fold0fixD3] epoch  38/60 loss=0.2098 val_dice=0.8607 (9s)
[segformer_seed42_fold0fixD3] epoch  39/60 loss=0.2146 val_dice=0.8580 (9s)
[segformer_seed42_fold0fixD3] epoch  40/60 loss=0.2131 val_dice=0.8583 (9s)
[segformer_seed42_fold0fixD3] epoch  41/60 loss=0.1950 val_dice=0.8573 (9s)
[segformer_seed42_fold0fixD3] epoch  42/60 loss=0.1985 val_dice=0.8590 (9s)
[segformer_seed42_fold0fixD3] epoch  43/60 loss=0.2049 val_dice=0.8607 (9s)
[segformer_seed42_fold0fixD3] epoch  44/60 loss=0.1992 val_dice=0.8614 (9s)
[segformer_seed42_fold0fixD3] epoch  45/60 loss=0.1965 val_dice=0.8586 (9s)
[segformer_seed42_fold0fixD3] early stop at epoch 45 (best 0.8624 @ 30)
[segformer_seed42_fold0fixD3] done. best val Dice 0.8624 @ epoch 30
              dice     iou  boundary_f1
dataset                                
kvasir-seg  0.8981  0.8341        0.582

Wrote polypseg/outputs/repeat2/perimage_segformer_seed42_fold0fixD3.csv
== train segformer_b2_seed42_fold0fixD1 --deterministic
[segformer_b2_seed42_fold0fixD1] device=cuda params=24.72M train=700 val=100 amp=True
/usr/local/lib/python3.12/dist-packages/segmentation_models_pytorch/encoders/mix_transformer.py:153: UserWarning: Deterministic behavior was enabled with either `torch.use_deterministic_algorithms(True)` or `at::Context::setDeterministicAlgorithms(true)`, but this operation is not deterministic because it uses CuBLAS and you have CUDA >= 10.2. To enable deterministic behavior in this case, you must set an environment variable before running your PyTorch application: CUBLAS_WORKSPACE_CONFIG=:4096:8 or CUBLAS_WORKSPACE_CONFIG=:16:8. For more information, go to https://docs.nvidia.com/cuda/cublas/index.html#results-reproducibility (Triggered internally at /pytorch/aten/src/ATen/Context.cpp:233.)
  attn = (q @ k.transpose(-2, -1)) * self.scale
/usr/local/lib/python3.12/dist-packages/segmentation_models_pytorch/encoders/mix_transformer.py:157: UserWarning: Deterministic behavior was enabled with either `torch.use_deterministic_algorithms(True)` or `at::Context::setDeterministicAlgorithms(true)`, but this operation is not deterministic because it uses CuBLAS and you have CUDA >= 10.2. To enable deterministic behavior in this case, you must set an environment variable before running your PyTorch application: CUBLAS_WORKSPACE_CONFIG=:4096:8 or CUBLAS_WORKSPACE_CONFIG=:16:8. For more information, go to https://docs.nvidia.com/cuda/cublas/index.html#results-reproducibility (Triggered internally at /pytorch/aten/src/ATen/Context.cpp:233.)
  x = (attn @ v).transpose(1, 2).reshape(batch_size, N, C)
/usr/local/lib/python3.12/dist-packages/torch/nn/modules/linear.py:125: UserWarning: Deterministic behavior was enabled with either `torch.use_deterministic_algorithms(True)` or `at::Context::setDeterministicAlgorithms(true)`, but this operation is not deterministic because it uses CuBLAS and you have CUDA >= 10.2. To enable deterministic behavior in this case, you must set an environment variable before running your PyTorch application: CUBLAS_WORKSPACE_CONFIG=:4096:8 or CUBLAS_WORKSPACE_CONFIG=:16:8. For more information, go to https://docs.nvidia.com/cuda/cublas/index.html#results-reproducibility (Triggered internally at /pytorch/aten/src/ATen/Context.cpp:233.)
  return F.linear(input, self.weight, self.bias)
/usr/local/lib/python3.12/dist-packages/torch/autograd/graph.py:829: UserWarning: Deterministic behavior was enabled with either `torch.use_deterministic_algorithms(True)` or `at::Context::setDeterministicAlgorithms(true)`, but this operation is not deterministic because it uses CuBLAS and you have CUDA >= 10.2. To enable deterministic behavior in this case, you must set an environment variable before running your PyTorch application: CUBLAS_WORKSPACE_CONFIG=:4096:8 or CUBLAS_WORKSPACE_CONFIG=:16:8. For more information, go to https://docs.nvidia.com/cuda/cublas/index.html#results-reproducibility (Triggered internally at /pytorch/aten/src/ATen/Context.cpp:233.)
  return Variable._execution_engine.run_backward(  # Calls into the C++ engine to run the backward pass
[segformer_b2_seed42_fold0fixD1] epoch   1/60 loss=0.9404 val_dice=0.7684 (17s)
[segformer_b2_seed42_fold0fixD1] epoch   2/60 loss=0.5340 val_dice=0.7821 (10s)
[segformer_b2_seed42_fold0fixD1] epoch   3/60 loss=0.4329 val_dice=0.8120 (10s)
[segformer_b2_seed42_fold0fixD1] epoch   4/60 loss=0.4103 val_dice=0.8402 (10s)
[segformer_b2_seed42_fold0fixD1] epoch   5/60 loss=0.3558 val_dice=0.8407 (10s)
[segformer_b2_seed42_fold0fixD1] epoch   6/60 loss=0.3468 val_dice=0.8478 (10s)
[segformer_b2_seed42_fold0fixD1] epoch   7/60 loss=0.3155 val_dice=0.8437 (10s)
[segformer_b2_seed42_fold0fixD1] epoch   8/60 loss=0.3035 val_dice=0.8609 (10s)
[segformer_b2_seed42_fold0fixD1] epoch   9/60 loss=0.2768 val_dice=0.8547 (10s)
[segformer_b2_seed42_fold0fixD1] epoch  10/60 loss=0.2677 val_dice=0.8576 (10s)
[segformer_b2_seed42_fold0fixD1] epoch  11/60 loss=0.2556 val_dice=0.8552 (10s)
[segformer_b2_seed42_fold0fixD1] epoch  12/60 loss=0.2438 val_dice=0.8618 (10s)
[segformer_b2_seed42_fold0fixD1] epoch  13/60 loss=0.2425 val_dice=0.8510 (10s)
[segformer_b2_seed42_fold0fixD1] epoch  14/60 loss=0.2368 val_dice=0.8762 (10s)
[segformer_b2_seed42_fold0fixD1] epoch  15/60 loss=0.2337 val_dice=0.8748 (10s)
[segformer_b2_seed42_fold0fixD1] epoch  16/60 loss=0.2405 val_dice=0.8722 (10s)
[segformer_b2_seed42_fold0fixD1] epoch  17/60 loss=0.2110 val_dice=0.8828 (10s)
[segformer_b2_seed42_fold0fixD1] epoch  18/60 loss=0.2112 val_dice=0.8757 (10s)
[segformer_b2_seed42_fold0fixD1] epoch  19/60 loss=0.2095 val_dice=0.8837 (10s)
[segformer_b2_seed42_fold0fixD1] epoch  20/60 loss=0.2098 val_dice=0.8805 (10s)
[segformer_b2_seed42_fold0fixD1] epoch  21/60 loss=0.2044 val_dice=0.8840 (10s)
[segformer_b2_seed42_fold0fixD1] epoch  22/60 loss=0.1971 val_dice=0.8892 (10s)
[segformer_b2_seed42_fold0fixD1] epoch  23/60 loss=0.1916 val_dice=0.8812 (10s)
[segformer_b2_seed42_fold0fixD1] epoch  24/60 loss=0.1908 val_dice=0.8749 (10s)
[segformer_b2_seed42_fold0fixD1] epoch  25/60 loss=0.1832 val_dice=0.8807 (10s)
[segformer_b2_seed42_fold0fixD1] epoch  26/60 loss=0.1847 val_dice=0.8884 (10s)
[segformer_b2_seed42_fold0fixD1] epoch  27/60 loss=0.1716 val_dice=0.8650 (10s)
[segformer_b2_seed42_fold0fixD1] epoch  28/60 loss=0.1640 val_dice=0.8897 (10s)
[segformer_b2_seed42_fold0fixD1] epoch  29/60 loss=0.1696 val_dice=0.8827 (10s)
[segformer_b2_seed42_fold0fixD1] epoch  30/60 loss=0.1750 val_dice=0.8642 (10s)
[segformer_b2_seed42_fold0fixD1] epoch  31/60 loss=0.1644 val_dice=0.8862 (10s)
[segformer_b2_seed42_fold0fixD1] epoch  32/60 loss=0.1635 val_dice=0.8934 (10s)
[segformer_b2_seed42_fold0fixD1] epoch  33/60 loss=0.1708 val_dice=0.8846 (10s)
[segformer_b2_seed42_fold0fixD1] epoch  34/60 loss=0.1599 val_dice=0.8819 (10s)
[segformer_b2_seed42_fold0fixD1] epoch  35/60 loss=0.1643 val_dice=0.8801 (10s)
[segformer_b2_seed42_fold0fixD1] epoch  36/60 loss=0.1634 val_dice=0.8892 (10s)
[segformer_b2_seed42_fold0fixD1] epoch  37/60 loss=0.1594 val_dice=0.8860 (10s)
[segformer_b2_seed42_fold0fixD1] epoch  38/60 loss=0.1468 val_dice=0.8917 (10s)
[segformer_b2_seed42_fold0fixD1] epoch  39/60 loss=0.1476 val_dice=0.8897 (10s)
[segformer_b2_seed42_fold0fixD1] epoch  40/60 loss=0.1444 val_dice=0.8893 (10s)
[segformer_b2_seed42_fold0fixD1] epoch  41/60 loss=0.1442 val_dice=0.8923 (10s)
[segformer_b2_seed42_fold0fixD1] epoch  42/60 loss=0.1404 val_dice=0.8970 (10s)
[segformer_b2_seed42_fold0fixD1] epoch  43/60 loss=0.1385 val_dice=0.8941 (10s)
[segformer_b2_seed42_fold0fixD1] epoch  44/60 loss=0.1433 val_dice=0.8931 (10s)
[segformer_b2_seed42_fold0fixD1] epoch  45/60 loss=0.1456 val_dice=0.8918 (10s)
[segformer_b2_seed42_fold0fixD1] epoch  46/60 loss=0.1419 val_dice=0.8910 (10s)
[segformer_b2_seed42_fold0fixD1] epoch  47/60 loss=0.1320 val_dice=0.8918 (10s)
[segformer_b2_seed42_fold0fixD1] epoch  48/60 loss=0.1308 val_dice=0.8876 (10s)
[segformer_b2_seed42_fold0fixD1] epoch  49/60 loss=0.1372 val_dice=0.8927 (10s)
[segformer_b2_seed42_fold0fixD1] epoch  50/60 loss=0.1307 val_dice=0.8850 (10s)
[segformer_b2_seed42_fold0fixD1] epoch  51/60 loss=0.1317 val_dice=0.8907 (10s)
[segformer_b2_seed42_fold0fixD1] epoch  52/60 loss=0.1262 val_dice=0.8926 (10s)
[segformer_b2_seed42_fold0fixD1] epoch  53/60 loss=0.1316 val_dice=0.8924 (10s)
[segformer_b2_seed42_fold0fixD1] epoch  54/60 loss=0.1367 val_dice=0.8934 (10s)
[segformer_b2_seed42_fold0fixD1] epoch  55/60 loss=0.1368 val_dice=0.8943 (10s)
[segformer_b2_seed42_fold0fixD1] epoch  56/60 loss=0.1276 val_dice=0.8947 (10s)
[segformer_b2_seed42_fold0fixD1] epoch  57/60 loss=0.1305 val_dice=0.8946 (10s)
[segformer_b2_seed42_fold0fixD1] early stop at epoch 57 (best 0.8970 @ 42)
[segformer_b2_seed42_fold0fixD1] done. best val Dice 0.8970 @ epoch 42
              dice     iou  boundary_f1
dataset                                
kvasir-seg  0.9166  0.8631       0.6553

Wrote polypseg/outputs/repeat2/perimage_segformer_b2_seed42_fold0fixD1.csv
== train segformer_b2_seed42_fold0fixD2 --deterministic
[segformer_b2_seed42_fold0fixD2] device=cuda params=24.72M train=700 val=100 amp=True
/usr/local/lib/python3.12/dist-packages/segmentation_models_pytorch/encoders/mix_transformer.py:153: UserWarning: Deterministic behavior was enabled with either `torch.use_deterministic_algorithms(True)` or `at::Context::setDeterministicAlgorithms(true)`, but this operation is not deterministic because it uses CuBLAS and you have CUDA >= 10.2. To enable deterministic behavior in this case, you must set an environment variable before running your PyTorch application: CUBLAS_WORKSPACE_CONFIG=:4096:8 or CUBLAS_WORKSPACE_CONFIG=:16:8. For more information, go to https://docs.nvidia.com/cuda/cublas/index.html#results-reproducibility (Triggered internally at /pytorch/aten/src/ATen/Context.cpp:233.)
  attn = (q @ k.transpose(-2, -1)) * self.scale
/usr/local/lib/python3.12/dist-packages/segmentation_models_pytorch/encoders/mix_transformer.py:157: UserWarning: Deterministic behavior was enabled with either `torch.use_deterministic_algorithms(True)` or `at::Context::setDeterministicAlgorithms(true)`, but this operation is not deterministic because it uses CuBLAS and you have CUDA >= 10.2. To enable deterministic behavior in this case, you must set an environment variable before running your PyTorch application: CUBLAS_WORKSPACE_CONFIG=:4096:8 or CUBLAS_WORKSPACE_CONFIG=:16:8. For more information, go to https://docs.nvidia.com/cuda/cublas/index.html#results-reproducibility (Triggered internally at /pytorch/aten/src/ATen/Context.cpp:233.)
  x = (attn @ v).transpose(1, 2).reshape(batch_size, N, C)
/usr/local/lib/python3.12/dist-packages/torch/nn/modules/linear.py:125: UserWarning: Deterministic behavior was enabled with either `torch.use_deterministic_algorithms(True)` or `at::Context::setDeterministicAlgorithms(true)`, but this operation is not deterministic because it uses CuBLAS and you have CUDA >= 10.2. To enable deterministic behavior in this case, you must set an environment variable before running your PyTorch application: CUBLAS_WORKSPACE_CONFIG=:4096:8 or CUBLAS_WORKSPACE_CONFIG=:16:8. For more information, go to https://docs.nvidia.com/cuda/cublas/index.html#results-reproducibility (Triggered internally at /pytorch/aten/src/ATen/Context.cpp:233.)
  return F.linear(input, self.weight, self.bias)
/usr/local/lib/python3.12/dist-packages/torch/autograd/graph.py:829: UserWarning: Deterministic behavior was enabled with either `torch.use_deterministic_algorithms(True)` or `at::Context::setDeterministicAlgorithms(true)`, but this operation is not deterministic because it uses CuBLAS and you have CUDA >= 10.2. To enable deterministic behavior in this case, you must set an environment variable before running your PyTorch application: CUBLAS_WORKSPACE_CONFIG=:4096:8 or CUBLAS_WORKSPACE_CONFIG=:16:8. For more information, go to https://docs.nvidia.com/cuda/cublas/index.html#results-reproducibility (Triggered internally at /pytorch/aten/src/ATen/Context.cpp:233.)
  return Variable._execution_engine.run_backward(  # Calls into the C++ engine to run the backward pass
[segformer_b2_seed42_fold0fixD2] epoch   1/60 loss=0.9056 val_dice=0.7863 (17s)
[segformer_b2_seed42_fold0fixD2] epoch   2/60 loss=0.5226 val_dice=0.8130 (10s)
[segformer_b2_seed42_fold0fixD2] epoch   3/60 loss=0.4342 val_dice=0.8243 (10s)
[segformer_b2_seed42_fold0fixD2] epoch   4/60 loss=0.3675 val_dice=0.8306 (10s)
[segformer_b2_seed42_fold0fixD2] epoch   5/60 loss=0.3455 val_dice=0.8493 (10s)
[segformer_b2_seed42_fold0fixD2] epoch   6/60 loss=0.3210 val_dice=0.8361 (10s)
[segformer_b2_seed42_fold0fixD2] epoch   7/60 loss=0.3042 val_dice=0.8356 (10s)
[segformer_b2_seed42_fold0fixD2] epoch   8/60 loss=0.2807 val_dice=0.8565 (10s)
[segformer_b2_seed42_fold0fixD2] epoch   9/60 loss=0.2540 val_dice=0.8515 (10s)
[segformer_b2_seed42_fold0fixD2] epoch  10/60 loss=0.2743 val_dice=0.8693 (10s)
[segformer_b2_seed42_fold0fixD2] epoch  11/60 loss=0.2588 val_dice=0.8839 (10s)
[segformer_b2_seed42_fold0fixD2] epoch  12/60 loss=0.2397 val_dice=0.8702 (10s)
[segformer_b2_seed42_fold0fixD2] epoch  13/60 loss=0.2541 val_dice=0.8851 (10s)
[segformer_b2_seed42_fold0fixD2] epoch  14/60 loss=0.2558 val_dice=0.8605 (10s)
[segformer_b2_seed42_fold0fixD2] epoch  15/60 loss=0.2129 val_dice=0.8812 (10s)
[segformer_b2_seed42_fold0fixD2] epoch  16/60 loss=0.2271 val_dice=0.8971 (10s)
[segformer_b2_seed42_fold0fixD2] epoch  17/60 loss=0.2139 val_dice=0.8794 (10s)
[segformer_b2_seed42_fold0fixD2] epoch  18/60 loss=0.1949 val_dice=0.8814 (10s)
[segformer_b2_seed42_fold0fixD2] epoch  19/60 loss=0.2087 val_dice=0.8866 (10s)
[segformer_b2_seed42_fold0fixD2] epoch  20/60 loss=0.1945 val_dice=0.8807 (10s)
[segformer_b2_seed42_fold0fixD2] epoch  21/60 loss=0.1954 val_dice=0.8814 (10s)
[segformer_b2_seed42_fold0fixD2] epoch  22/60 loss=0.1892 val_dice=0.8807 (10s)
[segformer_b2_seed42_fold0fixD2] epoch  23/60 loss=0.1965 val_dice=0.8892 (10s)
[segformer_b2_seed42_fold0fixD2] epoch  24/60 loss=0.1879 val_dice=0.8958 (10s)
[segformer_b2_seed42_fold0fixD2] epoch  25/60 loss=0.1910 val_dice=0.8895 (10s)
[segformer_b2_seed42_fold0fixD2] epoch  26/60 loss=0.1735 val_dice=0.8955 (10s)
[segformer_b2_seed42_fold0fixD2] epoch  27/60 loss=0.1655 val_dice=0.8907 (10s)
[segformer_b2_seed42_fold0fixD2] epoch  28/60 loss=0.1558 val_dice=0.8897 (10s)
[segformer_b2_seed42_fold0fixD2] epoch  29/60 loss=0.1749 val_dice=0.8871 (10s)
[segformer_b2_seed42_fold0fixD2] epoch  30/60 loss=0.1728 val_dice=0.8758 (10s)
[segformer_b2_seed42_fold0fixD2] epoch  31/60 loss=0.1603 val_dice=0.8906 (10s)
[segformer_b2_seed42_fold0fixD2] early stop at epoch 31 (best 0.8971 @ 16)
[segformer_b2_seed42_fold0fixD2] done. best val Dice 0.8971 @ epoch 16
              dice    iou  boundary_f1
dataset                               
kvasir-seg  0.8978  0.838       0.5957

Wrote polypseg/outputs/repeat2/perimage_segformer_b2_seed42_fold0fixD2.csv
== train segformer_b2_seed42_fold0fixD3 --deterministic
[segformer_b2_seed42_fold0fixD3] device=cuda params=24.72M train=700 val=100 amp=True
/usr/local/lib/python3.12/dist-packages/segmentation_models_pytorch/encoders/mix_transformer.py:153: UserWarning: Deterministic behavior was enabled with either `torch.use_deterministic_algorithms(True)` or `at::Context::setDeterministicAlgorithms(true)`, but this operation is not deterministic because it uses CuBLAS and you have CUDA >= 10.2. To enable deterministic behavior in this case, you must set an environment variable before running your PyTorch application: CUBLAS_WORKSPACE_CONFIG=:4096:8 or CUBLAS_WORKSPACE_CONFIG=:16:8. For more information, go to https://docs.nvidia.com/cuda/cublas/index.html#results-reproducibility (Triggered internally at /pytorch/aten/src/ATen/Context.cpp:233.)
  attn = (q @ k.transpose(-2, -1)) * self.scale
/usr/local/lib/python3.12/dist-packages/segmentation_models_pytorch/encoders/mix_transformer.py:157: UserWarning: Deterministic behavior was enabled with either `torch.use_deterministic_algorithms(True)` or `at::Context::setDeterministicAlgorithms(true)`, but this operation is not deterministic because it uses CuBLAS and you have CUDA >= 10.2. To enable deterministic behavior in this case, you must set an environment variable before running your PyTorch application: CUBLAS_WORKSPACE_CONFIG=:4096:8 or CUBLAS_WORKSPACE_CONFIG=:16:8. For more information, go to https://docs.nvidia.com/cuda/cublas/index.html#results-reproducibility (Triggered internally at /pytorch/aten/src/ATen/Context.cpp:233.)
  x = (attn @ v).transpose(1, 2).reshape(batch_size, N, C)
/usr/local/lib/python3.12/dist-packages/torch/nn/modules/linear.py:125: UserWarning: Deterministic behavior was enabled with either `torch.use_deterministic_algorithms(True)` or `at::Context::setDeterministicAlgorithms(true)`, but this operation is not deterministic because it uses CuBLAS and you have CUDA >= 10.2. To enable deterministic behavior in this case, you must set an environment variable before running your PyTorch application: CUBLAS_WORKSPACE_CONFIG=:4096:8 or CUBLAS_WORKSPACE_CONFIG=:16:8. For more information, go to https://docs.nvidia.com/cuda/cublas/index.html#results-reproducibility (Triggered internally at /pytorch/aten/src/ATen/Context.cpp:233.)
  return F.linear(input, self.weight, self.bias)
/usr/local/lib/python3.12/dist-packages/torch/autograd/graph.py:829: UserWarning: Deterministic behavior was enabled with either `torch.use_deterministic_algorithms(True)` or `at::Context::setDeterministicAlgorithms(true)`, but this operation is not deterministic because it uses CuBLAS and you have CUDA >= 10.2. To enable deterministic behavior in this case, you must set an environment variable before running your PyTorch application: CUBLAS_WORKSPACE_CONFIG=:4096:8 or CUBLAS_WORKSPACE_CONFIG=:16:8. For more information, go to https://docs.nvidia.com/cuda/cublas/index.html#results-reproducibility (Triggered internally at /pytorch/aten/src/ATen/Context.cpp:233.)
  return Variable._execution_engine.run_backward(  # Calls into the C++ engine to run the backward pass
[segformer_b2_seed42_fold0fixD3] epoch   1/60 loss=0.9768 val_dice=0.7546 (17s)
[segformer_b2_seed42_fold0fixD3] epoch   2/60 loss=0.5776 val_dice=0.7987 (10s)
[segformer_b2_seed42_fold0fixD3] epoch   3/60 loss=0.4790 val_dice=0.8147 (10s)
[segformer_b2_seed42_fold0fixD3] epoch   4/60 loss=0.4119 val_dice=0.8329 (10s)
[segformer_b2_seed42_fold0fixD3] epoch   5/60 loss=0.3840 val_dice=0.8482 (10s)
[segformer_b2_seed42_fold0fixD3] epoch   6/60 loss=0.3564 val_dice=0.8519 (10s)
[segformer_b2_seed42_fold0fixD3] epoch   7/60 loss=0.3244 val_dice=0.8379 (10s)
[segformer_b2_seed42_fold0fixD3] epoch   8/60 loss=0.3119 val_dice=0.8604 (10s)
[segformer_b2_seed42_fold0fixD3] epoch   9/60 loss=0.3021 val_dice=0.8587 (10s)
[segformer_b2_seed42_fold0fixD3] epoch  10/60 loss=0.2925 val_dice=0.8585 (10s)
[segformer_b2_seed42_fold0fixD3] epoch  11/60 loss=0.2773 val_dice=0.8692 (10s)
[segformer_b2_seed42_fold0fixD3] epoch  12/60 loss=0.2707 val_dice=0.8764 (10s)
[segformer_b2_seed42_fold0fixD3] epoch  13/60 loss=0.2660 val_dice=0.8532 (10s)
[segformer_b2_seed42_fold0fixD3] epoch  14/60 loss=0.2654 val_dice=0.8690 (10s)
[segformer_b2_seed42_fold0fixD3] epoch  15/60 loss=0.2514 val_dice=0.8749 (10s)
[segformer_b2_seed42_fold0fixD3] epoch  16/60 loss=0.2432 val_dice=0.8644 (10s)
[segformer_b2_seed42_fold0fixD3] epoch  17/60 loss=0.2666 val_dice=0.8786 (10s)
[segformer_b2_seed42_fold0fixD3] epoch  18/60 loss=0.2293 val_dice=0.8571 (10s)
[segformer_b2_seed42_fold0fixD3] epoch  19/60 loss=0.2222 val_dice=0.8687 (10s)
[segformer_b2_seed42_fold0fixD3] epoch  20/60 loss=0.2290 val_dice=0.8858 (10s)
[segformer_b2_seed42_fold0fixD3] epoch  21/60 loss=0.2365 val_dice=0.8776 (10s)
[segformer_b2_seed42_fold0fixD3] epoch  22/60 loss=0.2281 val_dice=0.8817 (10s)
[segformer_b2_seed42_fold0fixD3] epoch  23/60 loss=0.2081 val_dice=0.8797 (10s)
[segformer_b2_seed42_fold0fixD3] epoch  24/60 loss=0.2119 val_dice=0.8698 (10s)
[segformer_b2_seed42_fold0fixD3] epoch  25/60 loss=0.2119 val_dice=0.8774 (10s)
[segformer_b2_seed42_fold0fixD3] epoch  26/60 loss=0.2068 val_dice=0.8748 (10s)
[segformer_b2_seed42_fold0fixD3] epoch  27/60 loss=0.2048 val_dice=0.8840 (10s)
[segformer_b2_seed42_fold0fixD3] epoch  28/60 loss=0.2113 val_dice=0.8737 (10s)
[segformer_b2_seed42_fold0fixD3] epoch  29/60 loss=0.2026 val_dice=0.8817 (10s)
[segformer_b2_seed42_fold0fixD3] epoch  30/60 loss=0.1946 val_dice=0.8798 (10s)
[segformer_b2_seed42_fold0fixD3] epoch  31/60 loss=0.1758 val_dice=0.8700 (10s)
[segformer_b2_seed42_fold0fixD3] epoch  32/60 loss=0.1726 val_dice=0.8826 (10s)
[segformer_b2_seed42_fold0fixD3] epoch  33/60 loss=0.1892 val_dice=0.8858 (10s)
[segformer_b2_seed42_fold0fixD3] epoch  34/60 loss=0.1789 val_dice=0.8841 (10s)
[segformer_b2_seed42_fold0fixD3] epoch  35/60 loss=0.1769 val_dice=0.8834 (10s)
[segformer_b2_seed42_fold0fixD3] early stop at epoch 35 (best 0.8858 @ 20)
[segformer_b2_seed42_fold0fixD3] done. best val Dice 0.8858 @ epoch 20
              dice     iou  boundary_f1
dataset                                
kvasir-seg  0.9072  0.8476       0.6229

Wrote polypseg/outputs/repeat2/perimage_segformer_b2_seed42_fold0fixD3.csv
== train unet_pvt_seed42_fold0fixD1 --deterministic
[unet_pvt_seed42_fold0fixD1] device=cuda params=28.13M train=700 val=100 amp=True
/usr/local/lib/python3.12/dist-packages/torch/autograd/graph.py:829: UserWarning: Deterministic behavior was enabled with either `torch.use_deterministic_algorithms(True)` or `at::Context::setDeterministicAlgorithms(true)`, but this operation is not deterministic because it uses CuBLAS and you have CUDA >= 10.2. To enable deterministic behavior in this case, you must set an environment variable before running your PyTorch application: CUBLAS_WORKSPACE_CONFIG=:4096:8 or CUBLAS_WORKSPACE_CONFIG=:16:8. For more information, go to https://docs.nvidia.com/cuda/cublas/index.html#results-reproducibility (Triggered internally at /pytorch/aten/src/ATen/Context.cpp:233.)
  return Variable._execution_engine.run_backward(  # Calls into the C++ engine to run the backward pass
/usr/local/lib/python3.12/dist-packages/torch/autograd/graph.py:829: UserWarning: Flash Attention defaults to a non-deterministic algorithm. To explicitly enable determinism call torch.use_deterministic_algorithms(True, warn_only=False). (Triggered internally at /pytorch/aten/src/ATen/native/transformers/cuda/attention_backward.cu:110.)
  return Variable._execution_engine.run_backward(  # Calls into the C++ engine to run the backward pass
[unet_pvt_seed42_fold0fixD1] epoch   1/60 loss=1.1379 val_dice=0.6706 (12s)
[unet_pvt_seed42_fold0fixD1] epoch   2/60 loss=0.8367 val_dice=0.7761 (5s)
[unet_pvt_seed42_fold0fixD1] epoch   3/60 loss=0.7276 val_dice=0.8012 (5s)
[unet_pvt_seed42_fold0fixD1] epoch   4/60 loss=0.6683 val_dice=0.8328 (5s)
[unet_pvt_seed42_fold0fixD1] epoch   5/60 loss=0.6232 val_dice=0.8360 (5s)
[unet_pvt_seed42_fold0fixD1] epoch   6/60 loss=0.5745 val_dice=0.8211 (5s)
[unet_pvt_seed42_fold0fixD1] epoch   7/60 loss=0.5245 val_dice=0.8675 (5s)
[unet_pvt_seed42_fold0fixD1] epoch   8/60 loss=0.4933 val_dice=0.8539 (5s)
[unet_pvt_seed42_fold0fixD1] epoch   9/60 loss=0.4673 val_dice=0.8657 (5s)
[unet_pvt_seed42_fold0fixD1] epoch  10/60 loss=0.4323 val_dice=0.8535 (5s)
[unet_pvt_seed42_fold0fixD1] epoch  11/60 loss=0.4168 val_dice=0.8121 (5s)
[unet_pvt_seed42_fold0fixD1] epoch  12/60 loss=0.3883 val_dice=0.8639 (5s)
[unet_pvt_seed42_fold0fixD1] epoch  13/60 loss=0.3667 val_dice=0.8558 (5s)
[unet_pvt_seed42_fold0fixD1] epoch  14/60 loss=0.3438 val_dice=0.8792 (5s)
[unet_pvt_seed42_fold0fixD1] epoch  15/60 loss=0.3226 val_dice=0.8642 (5s)
[unet_pvt_seed42_fold0fixD1] epoch  16/60 loss=0.3165 val_dice=0.8849 (5s)
[unet_pvt_seed42_fold0fixD1] epoch  17/60 loss=0.2985 val_dice=0.8865 (5s)
[unet_pvt_seed42_fold0fixD1] epoch  18/60 loss=0.2816 val_dice=0.8910 (5s)
[unet_pvt_seed42_fold0fixD1] epoch  19/60 loss=0.2680 val_dice=0.8833 (5s)
[unet_pvt_seed42_fold0fixD1] epoch  20/60 loss=0.2614 val_dice=0.8877 (5s)
[unet_pvt_seed42_fold0fixD1] epoch  21/60 loss=0.2467 val_dice=0.8964 (5s)
[unet_pvt_seed42_fold0fixD1] epoch  22/60 loss=0.2286 val_dice=0.8718 (5s)
[unet_pvt_seed42_fold0fixD1] epoch  23/60 loss=0.2317 val_dice=0.8746 (5s)
[unet_pvt_seed42_fold0fixD1] epoch  24/60 loss=0.2362 val_dice=0.8830 (5s)
[unet_pvt_seed42_fold0fixD1] epoch  25/60 loss=0.2256 val_dice=0.8879 (5s)
[unet_pvt_seed42_fold0fixD1] epoch  26/60 loss=0.2084 val_dice=0.9001 (5s)
[unet_pvt_seed42_fold0fixD1] epoch  27/60 loss=0.1937 val_dice=0.8786 (5s)
[unet_pvt_seed42_fold0fixD1] epoch  28/60 loss=0.1918 val_dice=0.8948 (5s)
[unet_pvt_seed42_fold0fixD1] epoch  29/60 loss=0.1984 val_dice=0.8748 (5s)
[unet_pvt_seed42_fold0fixD1] epoch  30/60 loss=0.1866 val_dice=0.8782 (5s)
[unet_pvt_seed42_fold0fixD1] epoch  31/60 loss=0.1801 val_dice=0.8791 (5s)
[unet_pvt_seed42_fold0fixD1] epoch  32/60 loss=0.1703 val_dice=0.8817 (5s)
[unet_pvt_seed42_fold0fixD1] epoch  33/60 loss=0.1724 val_dice=0.8765 (5s)
[unet_pvt_seed42_fold0fixD1] epoch  34/60 loss=0.1665 val_dice=0.8808 (5s)
[unet_pvt_seed42_fold0fixD1] epoch  35/60 loss=0.1566 val_dice=0.8838 (5s)
[unet_pvt_seed42_fold0fixD1] epoch  36/60 loss=0.1636 val_dice=0.8850 (5s)
[unet_pvt_seed42_fold0fixD1] epoch  37/60 loss=0.1632 val_dice=0.8840 (5s)
[unet_pvt_seed42_fold0fixD1] epoch  38/60 loss=0.1530 val_dice=0.8953 (5s)
[unet_pvt_seed42_fold0fixD1] epoch  39/60 loss=0.1574 val_dice=0.8768 (5s)
[unet_pvt_seed42_fold0fixD1] epoch  40/60 loss=0.1488 val_dice=0.8834 (5s)
[unet_pvt_seed42_fold0fixD1] epoch  41/60 loss=0.1524 val_dice=0.8833 (5s)
[unet_pvt_seed42_fold0fixD1] early stop at epoch 41 (best 0.9001 @ 26)
[unet_pvt_seed42_fold0fixD1] done. best val Dice 0.9001 @ epoch 26
Warning: You are sending unauthenticated requests to the HF Hub. Please set a HF_TOKEN to enable higher rate limits and faster downloads.
              dice     iou  boundary_f1
dataset                                
kvasir-seg  0.9087  0.8534       0.6845

Wrote polypseg/outputs/repeat2/perimage_unet_pvt_seed42_fold0fixD1.csv
== train unet_pvt_seed42_fold0fixD2 --deterministic
[unet_pvt_seed42_fold0fixD2] device=cuda params=28.13M train=700 val=100 amp=True
/usr/local/lib/python3.12/dist-packages/torch/autograd/graph.py:829: UserWarning: Deterministic behavior was enabled with either `torch.use_deterministic_algorithms(True)` or `at::Context::setDeterministicAlgorithms(true)`, but this operation is not deterministic because it uses CuBLAS and you have CUDA >= 10.2. To enable deterministic behavior in this case, you must set an environment variable before running your PyTorch application: CUBLAS_WORKSPACE_CONFIG=:4096:8 or CUBLAS_WORKSPACE_CONFIG=:16:8. For more information, go to https://docs.nvidia.com/cuda/cublas/index.html#results-reproducibility (Triggered internally at /pytorch/aten/src/ATen/Context.cpp:233.)
  return Variable._execution_engine.run_backward(  # Calls into the C++ engine to run the backward pass
/usr/local/lib/python3.12/dist-packages/torch/autograd/graph.py:829: UserWarning: Flash Attention defaults to a non-deterministic algorithm. To explicitly enable determinism call torch.use_deterministic_algorithms(True, warn_only=False). (Triggered internally at /pytorch/aten/src/ATen/native/transformers/cuda/attention_backward.cu:110.)
  return Variable._execution_engine.run_backward(  # Calls into the C++ engine to run the backward pass
[unet_pvt_seed42_fold0fixD2] epoch   1/60 loss=1.1821 val_dice=0.7222 (12s)
[unet_pvt_seed42_fold0fixD2] epoch   2/60 loss=0.8470 val_dice=0.7707 (5s)
[unet_pvt_seed42_fold0fixD2] epoch   3/60 loss=0.7473 val_dice=0.8172 (5s)
[unet_pvt_seed42_fold0fixD2] epoch   4/60 loss=0.6818 val_dice=0.8374 (5s)
[unet_pvt_seed42_fold0fixD2] epoch   5/60 loss=0.6113 val_dice=0.8589 (5s)
[unet_pvt_seed42_fold0fixD2] epoch   6/60 loss=0.5769 val_dice=0.7925 (5s)
[unet_pvt_seed42_fold0fixD2] epoch   7/60 loss=0.5232 val_dice=0.8411 (5s)
[unet_pvt_seed42_fold0fixD2] epoch   8/60 loss=0.4913 val_dice=0.8448 (5s)
[unet_pvt_seed42_fold0fixD2] epoch   9/60 loss=0.4608 val_dice=0.8656 (5s)
[unet_pvt_seed42_fold0fixD2] epoch  10/60 loss=0.4381 val_dice=0.8623 (5s)
[unet_pvt_seed42_fold0fixD2] epoch  11/60 loss=0.4033 val_dice=0.8671 (5s)
[unet_pvt_seed42_fold0fixD2] epoch  12/60 loss=0.3940 val_dice=0.8251 (5s)
[unet_pvt_seed42_fold0fixD2] epoch  13/60 loss=0.3784 val_dice=0.8516 (5s)
[unet_pvt_seed42_fold0fixD2] epoch  14/60 loss=0.3495 val_dice=0.8745 (5s)
[unet_pvt_seed42_fold0fixD2] epoch  15/60 loss=0.3312 val_dice=0.8603 (5s)
[unet_pvt_seed42_fold0fixD2] epoch  16/60 loss=0.3084 val_dice=0.8820 (5s)
[unet_pvt_seed42_fold0fixD2] epoch  17/60 loss=0.2935 val_dice=0.8805 (5s)
[unet_pvt_seed42_fold0fixD2] epoch  18/60 loss=0.2877 val_dice=0.8781 (5s)
[unet_pvt_seed42_fold0fixD2] epoch  19/60 loss=0.2664 val_dice=0.8763 (5s)
[unet_pvt_seed42_fold0fixD2] epoch  20/60 loss=0.2615 val_dice=0.8753 (5s)
[unet_pvt_seed42_fold0fixD2] epoch  21/60 loss=0.2516 val_dice=0.8861 (5s)
[unet_pvt_seed42_fold0fixD2] epoch  22/60 loss=0.2451 val_dice=0.8848 (5s)
[unet_pvt_seed42_fold0fixD2] epoch  23/60 loss=0.2297 val_dice=0.8793 (5s)
[unet_pvt_seed42_fold0fixD2] epoch  24/60 loss=0.2302 val_dice=0.8869 (5s)
[unet_pvt_seed42_fold0fixD2] epoch  25/60 loss=0.2135 val_dice=0.8821 (5s)
[unet_pvt_seed42_fold0fixD2] epoch  26/60 loss=0.2430 val_dice=0.8875 (5s)
[unet_pvt_seed42_fold0fixD2] epoch  27/60 loss=0.2196 val_dice=0.8867 (5s)
[unet_pvt_seed42_fold0fixD2] epoch  28/60 loss=0.2095 val_dice=0.8844 (5s)
[unet_pvt_seed42_fold0fixD2] epoch  29/60 loss=0.2019 val_dice=0.8804 (5s)
[unet_pvt_seed42_fold0fixD2] epoch  30/60 loss=0.1948 val_dice=0.8883 (5s)
[unet_pvt_seed42_fold0fixD2] epoch  31/60 loss=0.2080 val_dice=0.8885 (5s)
[unet_pvt_seed42_fold0fixD2] epoch  32/60 loss=0.1915 val_dice=0.8958 (5s)
[unet_pvt_seed42_fold0fixD2] epoch  33/60 loss=0.1958 val_dice=0.8927 (5s)
[unet_pvt_seed42_fold0fixD2] epoch  34/60 loss=0.1736 val_dice=0.8856 (5s)
[unet_pvt_seed42_fold0fixD2] epoch  35/60 loss=0.1802 val_dice=0.8926 (5s)
[unet_pvt_seed42_fold0fixD2] epoch  36/60 loss=0.1837 val_dice=0.8882 (5s)
[unet_pvt_seed42_fold0fixD2] epoch  37/60 loss=0.1745 val_dice=0.8922 (5s)
[unet_pvt_seed42_fold0fixD2] epoch  38/60 loss=0.1629 val_dice=0.8943 (5s)
[unet_pvt_seed42_fold0fixD2] epoch  39/60 loss=0.1666 val_dice=0.8980 (5s)
[unet_pvt_seed42_fold0fixD2] epoch  40/60 loss=0.1681 val_dice=0.8869 (5s)
[unet_pvt_seed42_fold0fixD2] epoch  41/60 loss=0.1566 val_dice=0.8899 (5s)
[unet_pvt_seed42_fold0fixD2] epoch  42/60 loss=0.1423 val_dice=0.8903 (5s)
[unet_pvt_seed42_fold0fixD2] epoch  43/60 loss=0.1454 val_dice=0.8904 (5s)
[unet_pvt_seed42_fold0fixD2] epoch  44/60 loss=0.1554 val_dice=0.8971 (5s)
[unet_pvt_seed42_fold0fixD2] epoch  45/60 loss=0.1415 val_dice=0.8983 (5s)
[unet_pvt_seed42_fold0fixD2] epoch  46/60 loss=0.1430 val_dice=0.8978 (5s)
[unet_pvt_seed42_fold0fixD2] epoch  47/60 loss=0.1447 val_dice=0.8976 (5s)
[unet_pvt_seed42_fold0fixD2] epoch  48/60 loss=0.1517 val_dice=0.8953 (5s)
[unet_pvt_seed42_fold0fixD2] epoch  49/60 loss=0.1500 val_dice=0.8971 (5s)
[unet_pvt_seed42_fold0fixD2] epoch  50/60 loss=0.1381 val_dice=0.8968 (5s)
[unet_pvt_seed42_fold0fixD2] epoch  51/60 loss=0.1469 val_dice=0.8985 (5s)
[unet_pvt_seed42_fold0fixD2] epoch  52/60 loss=0.1508 val_dice=0.8980 (5s)
[unet_pvt_seed42_fold0fixD2] epoch  53/60 loss=0.1338 val_dice=0.8990 (5s)
[unet_pvt_seed42_fold0fixD2] epoch  54/60 loss=0.1405 val_dice=0.8987 (5s)
[unet_pvt_seed42_fold0fixD2] epoch  55/60 loss=0.1407 val_dice=0.8984 (5s)
[unet_pvt_seed42_fold0fixD2] epoch  56/60 loss=0.1422 val_dice=0.8984 (5s)
[unet_pvt_seed42_fold0fixD2] epoch  57/60 loss=0.1385 val_dice=0.8981 (5s)
[unet_pvt_seed42_fold0fixD2] epoch  58/60 loss=0.1414 val_dice=0.8984 (5s)
[unet_pvt_seed42_fold0fixD2] epoch  59/60 loss=0.1306 val_dice=0.8986 (5s)
[unet_pvt_seed42_fold0fixD2] epoch  60/60 loss=0.1328 val_dice=0.8984 (5s)
[unet_pvt_seed42_fold0fixD2] done. best val Dice 0.8990 @ epoch 53
Warning: You are sending unauthenticated requests to the HF Hub. Please set a HF_TOKEN to enable higher rate limits and faster downloads.
              dice     iou  boundary_f1
dataset                                
kvasir-seg  0.9148  0.8635       0.7032

Wrote polypseg/outputs/repeat2/perimage_unet_pvt_seed42_fold0fixD2.csv
== train unet_pvt_seed42_fold0fixD3 --deterministic
[unet_pvt_seed42_fold0fixD3] device=cuda params=28.13M train=700 val=100 amp=True
/usr/local/lib/python3.12/dist-packages/torch/autograd/graph.py:829: UserWarning: Deterministic behavior was enabled with either `torch.use_deterministic_algorithms(True)` or `at::Context::setDeterministicAlgorithms(true)`, but this operation is not deterministic because it uses CuBLAS and you have CUDA >= 10.2. To enable deterministic behavior in this case, you must set an environment variable before running your PyTorch application: CUBLAS_WORKSPACE_CONFIG=:4096:8 or CUBLAS_WORKSPACE_CONFIG=:16:8. For more information, go to https://docs.nvidia.com/cuda/cublas/index.html#results-reproducibility (Triggered internally at /pytorch/aten/src/ATen/Context.cpp:233.)
  return Variable._execution_engine.run_backward(  # Calls into the C++ engine to run the backward pass
/usr/local/lib/python3.12/dist-packages/torch/autograd/graph.py:829: UserWarning: Flash Attention defaults to a non-deterministic algorithm. To explicitly enable determinism call torch.use_deterministic_algorithms(True, warn_only=False). (Triggered internally at /pytorch/aten/src/ATen/native/transformers/cuda/attention_backward.cu:110.)
  return Variable._execution_engine.run_backward(  # Calls into the C++ engine to run the backward pass
[unet_pvt_seed42_fold0fixD3] epoch   1/60 loss=1.1597 val_dice=0.7445 (12s)
[unet_pvt_seed42_fold0fixD3] epoch   2/60 loss=0.8775 val_dice=0.7564 (5s)
[unet_pvt_seed42_fold0fixD3] epoch   3/60 loss=0.7897 val_dice=0.8095 (5s)
[unet_pvt_seed42_fold0fixD3] epoch   4/60 loss=0.7195 val_dice=0.8525 (5s)
[unet_pvt_seed42_fold0fixD3] epoch   5/60 loss=0.6424 val_dice=0.8357 (5s)
[unet_pvt_seed42_fold0fixD3] epoch   6/60 loss=0.5766 val_dice=0.8213 (5s)
[unet_pvt_seed42_fold0fixD3] epoch   7/60 loss=0.5377 val_dice=0.8604 (5s)
[unet_pvt_seed42_fold0fixD3] epoch   8/60 loss=0.4804 val_dice=0.8669 (5s)
[unet_pvt_seed42_fold0fixD3] epoch   9/60 loss=0.4549 val_dice=0.8683 (5s)
[unet_pvt_seed42_fold0fixD3] epoch  10/60 loss=0.4317 val_dice=0.8609 (5s)
[unet_pvt_seed42_fold0fixD3] epoch  11/60 loss=0.3994 val_dice=0.8418 (5s)
[unet_pvt_seed42_fold0fixD3] epoch  12/60 loss=0.3851 val_dice=0.8778 (5s)
[unet_pvt_seed42_fold0fixD3] epoch  13/60 loss=0.3543 val_dice=0.8792 (5s)
[unet_pvt_seed42_fold0fixD3] epoch  14/60 loss=0.3412 val_dice=0.8725 (5s)
[unet_pvt_seed42_fold0fixD3] epoch  15/60 loss=0.3166 val_dice=0.8874 (5s)
[unet_pvt_seed42_fold0fixD3] epoch  16/60 loss=0.3127 val_dice=0.8801 (5s)
[unet_pvt_seed42_fold0fixD3] epoch  17/60 loss=0.2796 val_dice=0.8831 (5s)
[unet_pvt_seed42_fold0fixD3] epoch  18/60 loss=0.2786 val_dice=0.8834 (5s)
[unet_pvt_seed42_fold0fixD3] epoch  19/60 loss=0.2644 val_dice=0.8758 (5s)
[unet_pvt_seed42_fold0fixD3] epoch  20/60 loss=0.2457 val_dice=0.8868 (5s)
[unet_pvt_seed42_fold0fixD3] epoch  21/60 loss=0.2430 val_dice=0.8909 (5s)
[unet_pvt_seed42_fold0fixD3] epoch  22/60 loss=0.2302 val_dice=0.8723 (5s)
[unet_pvt_seed42_fold0fixD3] epoch  23/60 loss=0.2347 val_dice=0.8857 (5s)
[unet_pvt_seed42_fold0fixD3] epoch  24/60 loss=0.2204 val_dice=0.8809 (5s)
[unet_pvt_seed42_fold0fixD3] epoch  25/60 loss=0.2135 val_dice=0.8810 (5s)
[unet_pvt_seed42_fold0fixD3] epoch  26/60 loss=0.2141 val_dice=0.8794 (5s)
[unet_pvt_seed42_fold0fixD3] epoch  27/60 loss=0.1960 val_dice=0.8853 (5s)
[unet_pvt_seed42_fold0fixD3] epoch  28/60 loss=0.1916 val_dice=0.8874 (5s)
[unet_pvt_seed42_fold0fixD3] epoch  29/60 loss=0.1881 val_dice=0.8854 (5s)
[unet_pvt_seed42_fold0fixD3] epoch  30/60 loss=0.1827 val_dice=0.9032 (5s)
[unet_pvt_seed42_fold0fixD3] epoch  31/60 loss=0.1694 val_dice=0.8902 (5s)
[unet_pvt_seed42_fold0fixD3] epoch  32/60 loss=0.1808 val_dice=0.8894 (5s)
[unet_pvt_seed42_fold0fixD3] epoch  33/60 loss=0.1761 val_dice=0.8900 (5s)
[unet_pvt_seed42_fold0fixD3] epoch  34/60 loss=0.1726 val_dice=0.8949 (5s)
[unet_pvt_seed42_fold0fixD3] epoch  35/60 loss=0.1746 val_dice=0.8940 (5s)
[unet_pvt_seed42_fold0fixD3] epoch  36/60 loss=0.1758 val_dice=0.8973 (5s)
[unet_pvt_seed42_fold0fixD3] epoch  37/60 loss=0.1605 val_dice=0.8973 (5s)
[unet_pvt_seed42_fold0fixD3] epoch  38/60 loss=0.1545 val_dice=0.8976 (5s)
[unet_pvt_seed42_fold0fixD3] epoch  39/60 loss=0.1589 val_dice=0.9031 (5s)
[unet_pvt_seed42_fold0fixD3] epoch  40/60 loss=0.1576 val_dice=0.8987 (5s)
[unet_pvt_seed42_fold0fixD3] epoch  41/60 loss=0.1426 val_dice=0.8896 (5s)
[unet_pvt_seed42_fold0fixD3] epoch  42/60 loss=0.1489 val_dice=0.8804 (5s)
[unet_pvt_seed42_fold0fixD3] epoch  43/60 loss=0.1535 val_dice=0.8896 (5s)
[unet_pvt_seed42_fold0fixD3] epoch  44/60 loss=0.1426 val_dice=0.8947 (5s)
[unet_pvt_seed42_fold0fixD3] epoch  45/60 loss=0.1389 val_dice=0.8905 (5s)
[unet_pvt_seed42_fold0fixD3] early stop at epoch 45 (best 0.9032 @ 30)
[unet_pvt_seed42_fold0fixD3] done. best val Dice 0.9032 @ epoch 30
Warning: You are sending unauthenticated requests to the HF Hub. Please set a HF_TOKEN to enable higher rate limits and faster downloads.
            dice     iou  boundary_f1
dataset                              
kvasir-seg  0.91  0.8583       0.6806

Wrote polypseg/outputs/repeat2/perimage_unet_pvt_seed42_fold0fixD3.csv
== variance decomposition complete
