dice,iou,precision,recall,boundary_f1,boundary_f1_2px,tolerance_px,hd95,hd95_pct_diag,n_lesions,n_pred_components,detected_iou025,det_rate_iou025,detected_iou05,det_rate_iou05,n_false_positives,name,dataset,model,checkpoint,tta
0.9533875110528103,0.9109269391690934,0.9473583541037128,0.9594939007773348,0.6933039573915866,0.2821317330710093,8,20.750714871105824,1.3092110860087842,2,2,2,1.0,2,1.0,0,cju0sr5ghl0nd08789uzf1raf,kvasir-seg,segformer,polypseg/runs_cv/segformer_seed42_fold4/best.pth,False
0.18262196726391966,0.10048650526989177,0.10048650526989177,0.9999999999423631,0.08865245087018866,0.0238126110092473,4,147.1438071734329,18.020573936405263,1,3,0,0.0,0,0.0,3,cju0tl3uz8blh0993wxvn7ly3,kvasir-seg,segformer,polypseg/runs_cv/segformer_seed42_fold4/best.pth,False
0.9633463198899845,0.9292846187434061,0.9604236869996952,0.9662867946040217,0.5984207628200452,0.4722506903065842,4,39.774268005689294,4.917450030888688,1,2,1,1.0,1,1.0,1,cju0u2g7pmnux0801vkk47ivj,kvasir-seg,segformer,polypseg/runs_cv/segformer_seed42_fold4/best.pth,False
0.7885263193685103,0.6508819233757394,0.6634791571194257,0.971656184478225,0.42578965206570996,0.3498930615793007,4,46.866829887216525,5.6376725206353715,1,1,1,1.0,1,1.0,0,cju15l5ubz9yh0855b3ivdpse,kvasir-seg,segformer,polypseg/runs_cv/segformer_seed42_fold4/best.pth,False
0.9614354144639058,0.9257348342641828,0.9307553249946493,0.994207035505044,0.8434837389406078,0.6271865856609039,4,5.385164807134504,0.7524079097642863,1,1,1,1.0,1,1.0,0,cju16d65tzw9d0799ouslsw25,kvasir-seg,segformer,polypseg/runs_cv/segformer_seed42_fold4/best.pth,False
0.9568536435309031,0.9172765044875558,0.9241384897890134,0.991970083485065,0.6834089911536823,0.5706585291369124,4,15.231546211727817,1.9772210186659698,1,1,1,1.0,1,1.0,0,cju16jgnyzp970878melv7r25,kvasir-seg,segformer,polypseg/runs_cv/segformer_seed42_fold4/best.pth,False
0.9356709114080739,0.8791180485783181,0.9690104055747639,0.9045492492997833,0.5353232796925055,0.32110597843944716,4,38.29609777587584,4.69820043517042,1,2,1,1.0,1,1.0,1,cju175facms5f0993a5tjikvt,kvasir-seg,segformer,polypseg/runs_cv/segformer_seed42_fold4/best.pth,False
0.9552429667509169,0.9143206854326819,0.9713085924989421,0.9397001505414619,0.6902212083263376,0.4753952566044846,4,12.433575760568434,1.544567407922557,2,2,2,1.0,2,1.0,0,cju183od81ff608017ekzif89,kvasir-seg,segformer,polypseg/runs_cv/segformer_seed42_fold4/best.pth,False
0.7891999626283996,0.6518004115209572,0.665476221736127,0.9694349871811735,0.4359967364617652,0.37407612967469844,4,65.18326780579727,7.847188792800441,1,1,1,1.0,1,1.0,0,cju18gzrq18zw0878wbf4ftw6,kvasir-seg,segformer,polypseg/runs_cv/segformer_seed42_fold4/best.pth,False
0.8841163310905457,0.7923015236476996,0.9451961186149351,0.830451488942958,0.6781416906750911,0.4523538413615157,4,22.566555332964565,2.724418227054661,1,1,1,1.0,1,1.0,0,cju1amqw6p8pw0993d9gc5crl,kvasir-seg,segformer,polypseg/runs_cv/segformer_seed42_fold4/best.pth,False
0.9465808542908262,0.898579504793011,0.915849166695387,0.9794465786529525,0.5145419618752071,0.35258574084148103,4,25.0,3.0612966561570474,1,1,1,1.0,1,1.0,0,cju1ats0y372e08011yazcsxm,kvasir-seg,segformer,polypseg/runs_cv/segformer_seed42_fold4/best.pth,False
0.8945656886801034,0.8092436425389995,0.885986258224406,0.903312901336082,0.5958319852296688,0.4213296283695627,4,310.48508988122444,38.27419127097351,1,2,1,1.0,1,1.0,1,cju1cbokpuiw70988j4lq1fpi,kvasir-seg,segformer,polypseg/runs_cv/segformer_seed42_fold4/best.pth,False
0.9688050200882931,0.9394974170367316,0.9560936490589291,0.9818589435614534,0.8214422971647423,0.6424535173267585,4,19.27040479604182,2.3495951448959995,1,1,1,1.0,1,1.0,0,cju1csmlc4ht10799b8ymmghg,kvasir-seg,segformer,polypseg/runs_cv/segformer_seed42_fold4/best.pth,False
0.9145975443347706,0.8426344896872611,0.9985530683377432,0.8436646052003188,0.44999750541938105,0.2921020401353027,4,12.529964086141668,1.532099898473281,1,1,1,1.0,1,1.0,0,cju1cvkfwqrec0993wbp1jlzm,kvasir-seg,segformer,polypseg/runs_cv/segformer_seed42_fold4/best.pth,False
0.964922607470856,0.932222667054036,0.9352094420043858,0.9965858023841054,0.80508470068701,0.28726235591987376,9,20.299877263915153,1.1795071877952066,1,1,1,1.0,1,1.0,0,cju1dfeupuzlw0835gnxip369,kvasir-seg,segformer,polypseg/runs_cv/segformer_seed42_fold4/best.pth,False
0.09052075647530092,0.04740599133626038,0.04796888504743802,0.801581843163632,0.2699079497992643,0.13907511363645708,4,379.971639728128,46.528236405369135,1,2,1,1.0,1,1.0,1,cju1dg44i4z3w0801nyz4p6zf,kvasir-seg,segformer,polypseg/runs_cv/segformer_seed42_fold4/best.pth,False
0.9449635973083071,0.8956691872407823,0.9835094646325426,0.9093251731308889,0.6611753637907131,0.3875965752518628,4,10.71407441888043,1.3520577394112643,1,1,1,1.0,1,1.0,0,cju1djtprvd7b0988thwwrg09,kvasir-seg,segformer,polypseg/runs_cv/segformer_seed42_fold4/best.pth,False
0.8196537678186873,0.6944180829924319,0.8312935708709976,0.8083354255545652,0.33130809835762304,0.27938791305214433,4,33.265584810590966,3.9979382152950786,1,1,1,1.0,1,1.0,0,cju1dnz61vfp40988e78bkjga,kvasir-seg,segformer,polypseg/runs_cv/segformer_seed42_fold4/best.pth,False
0.9656841559325703,0.9336453284279523,0.9534592626281478,0.9782266067334708,0.782967437618967,0.6818536039235927,4,13.487813283666387,1.6809178811907521,1,1,1,1.0,1,1.0,0,cju1dq3x1vgx109889c7wyirg,kvasir-seg,segformer,polypseg/runs_cv/segformer_seed42_fold4/best.pth,False
0.9302196752617667,0.8695427030679257,0.9007787499289677,0.9616501115721842,0.6372749439729383,0.507849755029926,4,38.05915255577261,4.607328213419247,1,1,1,1.0,1,1.0,0,cju1ejj7dvqfa0835ra184v5m,kvasir-seg,segformer,polypseg/runs_cv/segformer_seed42_fold4/best.pth,False
0.9275826817314741,0.8649456381673368,0.9861355892316641,0.8755933441089374,0.50649995767143,0.2945137048264647,4,13.0,1.5895734850654115,1,1,1,1.0,1,1.0,0,cju1euant5l960878iqj5vvto,kvasir-seg,segformer,polypseg/runs_cv/segformer_seed42_fold4/best.pth,False
0.9722380098763946,0.9459758380045433,0.966365374578773,0.9781824579838287,0.9624942320136294,0.7383516638792582,4,3.605551275463989,0.46324105461207943,1,1,1,1.0,1,1.0,0,cju1euuc65wm00799m4sjdnnn,kvasir-seg,segformer,polypseg/runs_cv/segformer_seed42_fold4/best.pth,False
0.8820578358450613,0.7890013134193,0.7979092362543404,0.9860477840568239,0.5073066754770258,0.45034306646072875,4,26.92582403567252,3.4561753255485703,1,1,1,1.0,1,1.0,0,cju1f320ewfyu0988ndz6blh5,kvasir-seg,segformer,polypseg/runs_cv/segformer_seed42_fold4/best.pth,False
0.9302325581265808,0.8695652173686653,0.9150684931256146,0.9459076748528489,0.9664578722849706,0.5576207678445616,4,4.0,0.48980746498512756,1,1,1,1.0,1,1.0,0,cju1f79yhsb5w0993txub59ol,kvasir-seg,segformer,polypseg/runs_cv/segformer_seed42_fold4/best.pth,False
0.9611067363109592,0.9251255830633969,0.9711022391282922,0.9513149034683276,0.5668760472764935,0.2817883361784243,4,31.841200961996336,3.8302198830059724,1,1,1,1.0,1,1.0,0,cju1fb9236a110801yvg0fwju,kvasir-seg,segformer,polypseg/runs_cv/segformer_seed42_fold4/best.pth,False
0.7960938881200557,0.6612591133680062,0.6630576006923663,0.9959148626131923,0.517946927160525,0.33723972348333664,4,216.49295278601014,27.254250689065902,1,1,1,1.0,1,1.0,0,cju1fj6axwfp30835ukhuzhw9,kvasir-seg,segformer,polypseg/runs_cv/segformer_seed42_fold4/best.pth,False
0.7539943142993654,0.6051291121319329,0.6113245305258254,0.9835283295455672,0.3537292699250765,0.24611261061174092,4,121.28994147637655,14.85217969068462,1,2,1,1.0,1,1.0,1,cju1gkndf6yi10801o1qnje19,kvasir-seg,segformer,polypseg/runs_cv/segformer_seed42_fold4/best.pth,False
0.9571669477198532,0.9178525226324719,0.9283273969547987,0.9878558168240419,0.8212748041105018,0.5102040316534825,4,6.324555320336759,0.8080059549611915,1,1,1,1.0,1,1.0,0,cju2hewssldzx0835ep795xu0,kvasir-seg,segformer,polypseg/runs_cv/segformer_seed42_fold4/best.pth,False
0.9741162549907568,0.9495386389828996,0.981677673819066,0.9666704301660457,0.896066520157222,0.7031729285158999,4,15.731932071670212,1.926676021953743,1,1,1,1.0,1,1.0,0,cju2hos57llxm08359g92p6jj,kvasir-seg,segformer,polypseg/runs_cv/segformer_seed42_fold4/best.pth,False
0.9615833582752458,0.9260091948046089,0.9271048264902574,0.9987254216196492,0.4303711948133928,0.18323898623209692,4,11.0,1.3473463519092603,1,1,1,1.0,1,1.0,0,cju2hw5gjlr5h0988so2qqres,kvasir-seg,segformer,polypseg/runs_cv/segformer_seed42_fold4/best.pth,False
0.9828997479481293,0.96637450041454,0.9767327920639756,0.989145073259628,0.7808385679505988,0.5663558799085329,4,8.596493114870109,1.0749270086791625,1,1,1,1.0,1,1.0,0,cju2i3hzclw3o0988rrgh911i,kvasir-seg,segformer,polypseg/runs_cv/segformer_seed42_fold4/best.pth,False
0.9796623743377314,0.9601354979944641,0.9722042122414988,0.9872358500563083,0.8973948749910571,0.5924909613462382,4,5.0,0.603573839099262,1,1,1,1.0,1,1.0,0,cju2i6acqvo6l0799u20fift8,kvasir-seg,segformer,polypseg/runs_cv/segformer_seed42_fold4/best.pth,False
0.9453059202354587,0.8962844661520208,0.9067623437679667,0.987271692445867,0.7056900262060628,0.4893479225047976,4,17.825506316073223,2.2556198991201324,1,1,1,1.0,1,1.0,0,cju2mh8t6p07008350e01tx2a,kvasir-seg,segformer,polypseg/runs_cv/segformer_seed42_fold4/best.pth,False
0.9652395482698964,0.9328144950418532,0.9776333397024863,0.9531560636153293,0.7810819504855789,0.5113670192795459,4,8.145036824620083,1.0137278594227794,1,1,1,1.0,1,1.0,0,cju2np2k9zi3v079992ypxqkn,kvasir-seg,segformer,polypseg/runs_cv/segformer_seed42_fold4/best.pth,False
0.9365254316929087,0.8806279525647064,0.8858089542574983,0.9934020917526266,0.5581559736947544,0.30872952509021184,4,49.78898236568823,6.264772624224206,1,1,1,1.0,1,1.0,0,cju2osuru0ki00855txo0n3uu,kvasir-seg,segformer,polypseg/runs_cv/segformer_seed42_fold4/best.pth,False
0.9526736324501976,0.9096244131415857,0.9610526799202633,0.944439429495647,0.7072589706109683,0.40501854281721494,4,8.520514796885948,1.0927311690245427,1,1,1,1.0,1,1.0,0,cju2otvvv0l7z0855x7we8cb0,kvasir-seg,segformer,polypseg/runs_cv/segformer_seed42_fold4/best.pth,False
0.8039830188250939,0.6722170600247682,0.6733808663911361,0.9974355439101132,0.6259806434445836,0.5165849451897917,4,105.46302276785467,12.92621498919339,1,1,1,1.0,1,1.0,0,cju2p0eveqtdc0835gpi3p93i,kvasir-seg,segformer,polypseg/runs_cv/segformer_seed42_fold4/best.pth,False
0.6616595591185334,0.49438807862874323,0.5052164333835367,0.9584485831891422,0.5036375792882261,0.3956748875677636,4,120.25234115755414,15.450015013370821,1,1,1,1.0,0,0.0,0,cju2pag1f0s4r0878h52uq83s,kvasir-seg,segformer,polypseg/runs_cv/segformer_seed42_fold4/best.pth,False
0.7813060110741,0.641101062427252,0.645008833920837,0.9906383556034508,0.5543404272620893,0.4911018399397506,4,108.34666466710053,13.269121676966607,1,1,1,1.0,1,1.0,0,cju2pjb9v0ywn0878j5g5n69j,kvasir-seg,segformer,polypseg/runs_cv/segformer_seed42_fold4/best.pth,False
0.9733267401597293,0.9480394378939595,0.9494651420113229,0.9984186185260379,0.75288724445125,0.5251103857982568,4,6.324555320336759,0.7739483720285354,1,1,1,1.0,1,1.0,0,cju2pmhtr17a00855cvpelzb0,kvasir-seg,segformer,polypseg/runs_cv/segformer_seed42_fold4/best.pth,False
0.7362573285405084,0.5826006711399621,0.5948775055669095,0.9657886685367958,0.43616968703590825,0.3573552998858488,4,146.73036472770693,17.664362533729523,1,1,1,1.0,1,1.0,0,cju2qozsk20cq0855ugrg3cri,kvasir-seg,segformer,polypseg/runs_cv/segformer_seed42_fold4/best.pth,False
0.9550179376234474,0.9139084506881354,0.9443332726770178,0.9659471529407155,0.8995798165461321,0.7288471140885786,4,5.0,0.6128316186065798,1,1,1,1.0,1,1.0,0,cju2qs32r1vys07999conmbvx,kvasir-seg,segformer,polypseg/runs_cv/segformer_seed42_fold4/best.pth,False
0.7778626000079478,0.6364772078925057,0.971385248238269,0.6486386237863415,0.3933013046238067,0.2749306849458115,4,140.6018896270306,17.466598848467594,1,1,1,1.0,1,1.0,0,cju2qvuj1s9ok0835tp2k4ozh,kvasir-seg,segformer,polypseg/runs_cv/segformer_seed42_fold4/best.pth,False
0.9714209282614344,0.9444299956633194,0.9876252209759584,0.9557397903211919,0.7370076351127343,0.47494413342129455,4,8.0,0.9805305897705276,1,1,1,1.0,1,1.0,0,cju2r11x7sdgx0988o8ule0wl,kvasir-seg,segformer,polypseg/runs_cv/segformer_seed42_fold4/best.pth,False
0.8636571497196504,0.7600321940746805,0.9852611832150406,0.7687727939933766,0.36830015479675604,0.28665105401336105,4,149.0,18.335687743155624,1,1,1,1.0,1,1.0,0,cju2ricdv2iys0878sv1adh0u,kvasir-seg,segformer,polypseg/runs_cv/segformer_seed42_fold4/best.pth,False
0.7221502590626804,0.5651292447991371,0.7309558148586475,0.7135543325135857,0.4232557643439755,0.21432010481366143,4,27.747797803998957,3.8572850712797857,2,2,1,0.5,1,0.5,1,cju2rnkt22xep0801as160g9t,kvasir-seg,segformer,polypseg/runs_cv/segformer_seed42_fold4/best.pth,False
0.8851500584585867,0.7939634075190075,0.985391958331134,0.8034198113112804,0.38510193823514854,0.23279093897285058,4,11.031752712031082,1.4773915058807319,1,1,1,1.0,1,1.0,0,cju2rzpsmtb0f0835jabkbao1,kvasir-seg,segformer,polypseg/runs_cv/segformer_seed42_fold4/best.pth,False
0.9750225221238142,0.9512623869005579,0.9917707303908152,0.9588305800181374,0.7625727615604536,0.5198911482000402,4,8.54400374531753,1.0564581627499197,1,1,1,1.0,1,1.0,0,cju2trbpkv0c00988hxla5dzz,kvasir-seg,segformer,polypseg/runs_cv/segformer_seed42_fold4/best.pth,False
0.9778560609688383,0.9566715837455322,0.9617660936960407,0.9944935455976323,0.8316237290566815,0.5352605770087492,4,10.679210143271662,1.3835019376383026,1,1,1,1.0,1,1.0,0,cju2u2b9o4zvp08788qb9nqxj,kvasir-seg,segformer,polypseg/runs_cv/segformer_seed42_fold4/best.pth,False
0.9665129542318448,0.9351960028811673,0.9608724523651201,0.9722200687366663,0.6672071780908997,0.4942166161751206,4,11.0,1.4773194507870244,1,1,1,1.0,1,1.0,0,cju2u73dj53oz0878486k8k4b,kvasir-seg,segformer,polypseg/runs_cv/segformer_seed42_fold4/best.pth,False
0.9348539102694436,0.8776767048977554,0.95342533015441,0.9169921586752225,0.3242789430607169,0.19280415877004767,4,38.897300677553446,4.8851154860763355,1,1,1,1.0,1,1.0,0,cju2ulk385h170799rlklxob0,kvasir-seg,segformer,polypseg/runs_cv/segformer_seed42_fold4/best.pth,False
0.7444288795496211,0.5929006070819718,0.996594589444422,0.5941042440069321,0.20784738808747918,0.13293370386252287,4,190.35873711322895,22.898502498860626,1,1,1,1.0,1,1.0,0,cju2wtwj87kys0855kx6mddzw,kvasir-seg,segformer,polypseg/runs_cv/segformer_seed42_fold4/best.pth,False
0.9743672222090943,0.9500156813511447,0.9572585423624046,0.9920985834725616,0.8629523116047993,0.5914725793776834,4,5.141941307624036,0.6303169101431216,1,1,1,1.0,1,1.0,0,cju2xbk0080y80801eghyddi2,kvasir-seg,segformer,polypseg/runs_cv/segformer_seed42_fold4/best.pth,False
0.9256441293437415,0.8615805568952885,0.8699664126532739,0.9889358732223726,0.737570029812532,0.5789615457202858,4,43.920235540995755,5.522269199383687,1,1,1,1.0,1,1.0,0,cju2xjz2ju8pe0993ysv9wg17,kvasir-seg,segformer,polypseg/runs_cv/segformer_seed42_fold4/best.pth,False
0.7869178399687317,0.6486929458664598,0.6536341875260677,0.9884805881761327,0.12119001657437918,0.06809714218056315,4,119.96040573850215,15.39902811118064,1,1,1,1.0,1,1.0,0,cju2xs6na81t20878pt6nkfip,kvasir-seg,segformer,polypseg/runs_cv/segformer_seed42_fold4/best.pth,False
0.833400300608038,0.7143841208277447,0.962779582923371,0.7346740656188298,0.4089985436898475,0.2682873579942144,4,354.6092878743667,46.852694860578225,2,1,1,0.5,1,0.5,0,cju2y5zas8m7f0801d34g5owq,kvasir-seg,segformer,polypseg/runs_cv/segformer_seed42_fold4/best.pth,False
0.9794345951121325,0.959698016826022,0.9815510204072206,0.9773272770729359,0.6821065645402524,0.5212550469227271,4,25.00699720223776,3.0105061435649505,1,1,1,1.0,1,1.0,0,cju2yo1j1v0qz09934o0e683p,kvasir-seg,segformer,polypseg/runs_cv/segformer_seed42_fold4/best.pth,False
0.9645525779499196,0.9315321641732457,0.9502695773461707,0.9792714910131534,0.673120571095152,0.5249540478172069,4,15.262834057858303,2.0753298363832493,1,1,1,1.0,1,1.0,0,cju2yyhsp933j0855hp32e012,kvasir-seg,segformer,polypseg/runs_cv/segformer_seed42_fold4/best.pth,False
0.7957404214665724,0.6607715111019848,0.7380839752319394,0.8631679767480818,0.2056951114122705,0.12722192097129406,4,68.9665528141332,8.452976838160282,2,1,1,0.5,1,0.5,0,cju2zjcvj9qma0801dk71hhi0,kvasir-seg,segformer,polypseg/runs_cv/segformer_seed42_fold4/best.pth,False
0.7776246554731946,0.6361586553222092,0.8877288329477129,0.6918189924182946,0.3526512921155839,0.18922378500619674,4,164.7938105633825,20.279247332180685,2,1,1,0.5,1,0.5,0,cju2zo0fwzv580988qlijd2xa,kvasir-seg,segformer,polypseg/runs_cv/segformer_seed42_fold4/best.pth,False
0.9543491385271241,0.912684313369047,0.9323956442746606,0.977361362113789,0.7859469679925641,0.5422763727689914,4,6.324555320336759,0.7760681312801192,1,1,1,1.0,1,1.0,0,cju2zpw4q9vzr0801p0lysjdl,kvasir-seg,segformer,polypseg/runs_cv/segformer_seed42_fold4/best.pth,False
0.9532546732061044,0.9106844318339148,0.9545116641280142,0.9520009885767083,0.6369437569553197,0.46635826772334554,4,95.85388869121671,11.739142281510208,1,1,1,1.0,1,1.0,0,cju300m3s04fg0988uzupuf7z,kvasir-seg,segformer,polypseg/runs_cv/segformer_seed42_fold4/best.pth,False
0.7901445337286528,0.6530900225328558,0.9904871817844764,0.6572123176656378,0.32733581260968675,0.2304409903106057,4,227.34279170819008,29.156049895410913,1,2,1,1.0,1,1.0,1,cju30ia8da2bq0799klnehml2,kvasir-seg,segformer,polypseg/runs_cv/segformer_seed42_fold4/best.pth,False
0.9220198785876724,0.8553217821676322,0.9091028676544448,0.9353092434573649,0.6661880976896752,0.4974649282649319,4,9.703650967387269,1.2467246099950517,1,1,1,1.0,1,1.0,0,cju30j1rgadut0801vuyrsnt8,kvasir-seg,segformer,polypseg/runs_cv/segformer_seed42_fold4/best.pth,False
0.9279449155108479,0.8655757795813499,0.977396786343309,0.883256137098464,0.597910384321521,0.4181039722855059,4,42.31632931672283,5.085678519395079,1,1,1,1.0,1,1.0,0,cju31w6goazci0799n014ly1q,kvasir-seg,segformer,polypseg/runs_cv/segformer_seed42_fold4/best.pth,False
0.9417828062549426,0.8899711815510664,0.9650021873572588,0.9196545562780246,0.694807490676218,0.5264174378269826,4,13.435015956036224,1.6456017942007373,1,1,1,1.0,1,1.0,0,cju32fhnhbds40799broyoptc,kvasir-seg,segformer,polypseg/runs_cv/segformer_seed42_fold4/best.pth,False
0.9814708079827287,0.9636157860520956,0.9755357521727657,0.9874785223346488,0.8924140678192962,0.666319474977228,4,5.830951894845301,0.7135451423566537,1,1,1,1.0,1,1.0,0,cju32jcdabepz0878d0cznmfe,kvasir-seg,segformer,polypseg/runs_cv/segformer_seed42_fold4/best.pth,False
0.9147131168102571,0.8428307123014736,0.8472393351136877,0.9938640268319456,0.5906895734839235,0.3726925180536878,4,35.44847270920858,4.76111890722459,1,1,1,1.0,1,1.0,0,cju32upim1z7u0988l883nqp6,kvasir-seg,segformer,polypseg/runs_cv/segformer_seed42_fold4/best.pth,False
0.9672253956317669,0.9365309638141578,0.9440636139206282,0.9915522703178309,0.954133506392048,0.6870539765077798,4,4.0,0.5521229133709388,1,1,1,1.0,1,1.0,0,cju330ofbc2l30801th5g3hw6,kvasir-seg,segformer,polypseg/runs_cv/segformer_seed42_fold4/best.pth,False
0.892636255772366,0.8060912779792728,0.9846290933337901,0.8163642240346476,0.5890483645693635,0.30709589743353893,4,24.0,2.9664622965284715,2,2,2,1.0,2,1.0,0,cju33belnbyhm0878yxl42233,kvasir-seg,segformer,polypseg/runs_cv/segformer_seed42_fold4/best.pth,False
0.9657468951083298,0.9337626259381488,0.9434125772810313,0.989164338602906,0.5875576818328299,0.4316015392169441,4,21.095023109728988,2.5834891113765117,1,1,1,1.0,1,1.0,0,cju34repocy5208780gswillm,kvasir-seg,segformer,polypseg/runs_cv/segformer_seed42_fold4/best.pth,False
0.4901234933500455,0.32461164286707744,0.3272820756196516,0.9754803724982261,0.1884110657502185,0.11352626431560915,4,175.4977743715913,21.12757176140975,1,3,1,1.0,0,0.0,2,cju34uhepd3dd0799hs8782ad,kvasir-seg,segformer,polypseg/runs_cv/segformer_seed42_fold4/best.pth,False
0.8967312217789132,0.8127948868677357,0.9711115913821571,0.8329342704860849,0.6078666053554165,0.3805007615621079,4,114.15010734195724,13.731266333523948,2,2,1,0.5,1,0.5,1,cju34xspwzenf0993cyzajv9n,kvasir-seg,segformer,polypseg/runs_cv/segformer_seed42_fold4/best.pth,False
0.9316804407690166,0.8720990201093717,0.9392072708864467,0.9242732919208732,0.5897420184722194,0.3647633179277225,4,25.747658720434295,3.1507920384773214,1,1,1,1.0,1,1.0,0,cju3521y5d5mq0878t3ezsu4p,kvasir-seg,segformer,polypseg/runs_cv/segformer_seed42_fold4/best.pth,False
0.7162235855462978,0.5579036797081829,0.590513123134994,0.9099333160049369,0.2988262094016862,0.21434824171244082,4,101.74906051602156,13.911820333117504,1,1,1,1.0,1,1.0,0,cju35740hzm0g0993zl5ic246,kvasir-seg,segformer,polypseg/runs_cv/segformer_seed42_fold4/best.pth,False
0.8809443412672618,0.7872212024421352,0.9712415461904472,0.8060089593717985,0.34876538220593994,0.21455664999519933,4,36.30835674930564,4.535845151613157,1,1,1,1.0,1,1.0,0,cju35c4wzdhow0799h6eq4sgs,kvasir-seg,segformer,polypseg/runs_cv/segformer_seed42_fold4/best.pth,False
0.9151578037173237,0.8435861057517916,0.8906223703239917,0.9410833688985967,0.3904834185120026,0.22656423203015588,4,39.45883931389772,4.860889721462685,1,1,1,1.0,1,1.0,0,cju35i2e63uxr0835h7zgkg9k,kvasir-seg,segformer,polypseg/runs_cv/segformer_seed42_fold4/best.pth,False
0.9691233635376375,0.9400963502901353,0.9464102075783071,0.9929535252341148,0.6791582314050727,0.4796399256878435,4,17.69180601295413,2.164981373147579,1,1,1,1.0,1,1.0,0,cju3tvffffx5f0818t5ov22al,kvasir-seg,segformer,polypseg/runs_cv/segformer_seed42_fold4/best.pth,False
0.9883793836590147,0.977025742351877,0.9843930472988475,0.9923981369272641,0.9396837890661844,0.5535277344413302,8,33.0,2.098837072086609,1,1,1,1.0,1,1.0,0,cju3u39fog1bo0871lxjrabks,kvasir-seg,segformer,polypseg/runs_cv/segformer_seed42_fold4/best.pth,False
0.7829063774128944,0.6432589596096276,0.7275651909693704,0.8473595470517946,0.2985842681889842,0.1897497015220051,4,140.0,17.971462519598244,2,2,2,1.0,2,1.0,0,cju3v56bwgy8v0871w14pz8fx,kvasir-seg,segformer,polypseg/runs_cv/segformer_seed42_fold4/best.pth,False
0.8863185609735579,0.7958456789477966,0.9880036911706808,0.8036110792573482,0.3718285900174568,0.16753631783335513,4,57.93608745517603,7.0897538714625075,1,1,1,1.0,1,1.0,0,cju3xga12iixg0817dijbvjxw,kvasir-seg,segformer,polypseg/runs_cv/segformer_seed42_fold4/best.pth,False
0.9191350571544084,0.8503699405169001,0.9710423431151977,0.8724956089402742,0.5369086834301201,0.35038422941661695,4,28.0,3.4236967370639633,1,2,1,1.0,1,1.0,1,cju3xl264ingx0850rcf0rshj,kvasir-seg,segformer,polypseg/runs_cv/segformer_seed42_fold4/best.pth,False
0.9086167882764556,0.8325368931060808,0.9910515131904509,0.8388426520685485,0.5452712397866887,0.3523708170141387,4,78.59261903633359,9.46149433833541,1,1,1,1.0,1,1.0,0,cju3y21quj0ir0818kgjagr15,kvasir-seg,segformer,polypseg/runs_cv/segformer_seed42_fold4/best.pth,False
0.9874317697628834,0.975175539066294,0.9773950108303416,0.9976768000973106,0.7876984942998662,0.5412602701450343,4,15.595978097405492,1.8878009407499334,1,1,1,1.0,1,1.0,0,cju3y54kwj3nr0801biidlb4e,kvasir-seg,segformer,polypseg/runs_cv/segformer_seed42_fold4/best.pth,False
0.9714772120655988,0.9445364006145475,0.9607350759018356,0.9824622836937685,0.8362588217077274,0.6026542466409678,4,7.615773105863909,0.9530862094489014,1,1,1,1.0,1,1.0,0,cju3y79ofj3va0871uqfb1mzo,kvasir-seg,segformer,polypseg/runs_cv/segformer_seed42_fold4/best.pth,False
0.9803980805048187,0.9615498576054339,0.9814566722484988,0.9793417698785947,0.7218513024033888,0.23013592575782993,9,15.620499351813308,0.9076158945633304,1,1,1,1.0,1,1.0,0,cju40poe4kt9s0755f9cnm3h5,kvasir-seg,segformer,polypseg/runs_cv/segformer_seed42_fold4/best.pth,False
0.9700332080554991,0.9418101783885172,0.9605403063798663,0.9797156169626458,0.7997365495592476,0.6088445975243796,4,8.181827525207447,1.1120340077315714,1,1,1,1.0,1,1.0,0,cju40taxlkrho0987smigg0x0,kvasir-seg,segformer,polypseg/runs_cv/segformer_seed42_fold4/best.pth,False
0.9549680317943033,0.9138170513902731,0.9869041382899497,0.92503403485856,0.6395550179972513,0.3302850459284473,4,14.866068747318506,1.8191903023529592,1,1,1,1.0,1,1.0,0,cju418rckl3ur08012psrx1r1,kvasir-seg,segformer,polypseg/runs_cv/segformer_seed42_fold4/best.pth,False
0.8885366010392499,0.7994294745738428,0.9969712994519639,0.8013756859077155,0.4143151599209802,0.3599535227242092,4,30.48929735507584,4.1971241073863474,1,1,1,1.0,1,1.0,0,cju41z76wlgbz0801qdetlvby,kvasir-seg,segformer,polypseg/runs_cv/segformer_seed42_fold4/best.pth,False
0.9738233738746467,0.9489822210739854,0.9650835243990662,0.9827229671103238,0.7816918899079144,0.5865754887429684,4,12.649110640673518,1.6222115431987287,1,1,1,1.0,1,1.0,0,cju422cm8lfxn0818ojicxejb,kvasir-seg,segformer,polypseg/runs_cv/segformer_seed42_fold4/best.pth,False
0.9809784206488784,0.9626669744065011,0.9756432748509484,0.9863722360145845,0.9262585547666957,0.7026296551102184,4,4.242640687119285,0.5420268724553572,1,1,1,1.0,1,1.0,0,cju424hy5lckr085073fva1ok,kvasir-seg,segformer,polypseg/runs_cv/segformer_seed42_fold4/best.pth,False
0.952373367311903,0.9090770868130906,0.9189978481354698,0.9882644628044723,0.6237941622269247,0.40915892416461164,4,7.280109889280518,0.9015278961403178,1,1,1,1.0,1,1.0,0,cju426tomlhll0818fc0i7nvh,kvasir-seg,segformer,polypseg/runs_cv/segformer_seed42_fold4/best.pth,False
0.9536301341055288,0.9113700281213034,0.9287839497722703,0.9798421931665615,0.5612073284450919,0.4036112267340685,4,12.058175136713205,1.5950957909822283,1,1,1,1.0,1,1.0,0,cju42u5bjlvi10801dc13sskp,kvasir-seg,segformer,polypseg/runs_cv/segformer_seed42_fold4/best.pth,False
0.9719251336875993,0.9453836150802861,0.9680426098490837,0.9758389261699799,0.8625137576985019,0.6108369395949756,4,5.385164807134504,0.7637763331965183,1,1,1,1.0,1,1.0,0,cju42xpi8lw4w0871ve317a1p,kvasir-seg,segformer,polypseg/runs_cv/segformer_seed42_fold4/best.pth,False
0.7624284422990267,0.6160681679816429,0.7768823393907676,0.7485025512035162,0.4649646866347173,0.29251057475538145,4,190.94501797716472,24.073591970167175,3,4,1,0.3333333333333333,1,0.3333333333333333,3,cju43c92lm5cj0755lorsorfg,kvasir-seg,segformer,polypseg/runs_cv/segformer_seed42_fold4/best.pth,False
0.9083577712606429,0.8321020819335895,0.9555949392007125,0.8655707002386658,0.3580480781335699,0.22067129183729722,4,54.433903288974996,6.690499218818772,1,3,1,1.0,1,1.0,2,cju43eigtm6ev0801mv0m96t1,kvasir-seg,segformer,polypseg/runs_cv/segformer_seed42_fold4/best.pth,False
0.960036899152769,0.9231451561797259,0.9277300222849116,0.9946750409600916,0.5142278925811553,0.37805016853966567,4,20.119639686446842,2.4620801925876927,1,1,1,1.0,1,1.0,0,cju43gfosm63n08714rpih8pe,kvasir-seg,segformer,polypseg/runs_cv/segformer_seed42_fold4/best.pth,False
0.9787144028128831,0.958316072907044,0.9711799834164512,0.9863666403724536,0.6979265485813754,0.46234571481634334,4,45.92125804520302,5.650992270400776,1,1,1,1.0,1,1.0,0,cju43in5fm22c08175rxziqrk,kvasir-seg,segformer,polypseg/runs_cv/segformer_seed42_fold4/best.pth,False
0.9540782015517625,0.9121888490776872,0.9445501236356805,0.9638004658291556,0.7725267150636277,0.5332641987049277,4,6.053795644693841,0.7282190289755809,1,1,1,1.0,1,1.0,0,cju43jcqim2cp08172dvjvyui,kvasir-seg,segformer,polypseg/runs_cv/segformer_seed42_fold4/best.pth,False
0.9163956238878016,0.8456920663016189,0.8862596511232037,0.9486531986459392,0.6699609877615335,0.5655664085574206,4,21.0,2.5959876787535525,1,1,1,1.0,1,1.0,0,cju5bj926aiec07559rshy4wa,kvasir-seg,segformer,polypseg/runs_cv/segformer_seed42_fold4/best.pth,False
0.9458766772188638,0.8973112128126709,0.9909846422993026,0.9046964083658968,0.5978717596504944,0.359530646146996,4,28.0,3.425938420245472,1,1,1,1.0,1,1.0,0,cju5cetivauok0987ok3e5bre,kvasir-seg,segformer,polypseg/runs_cv/segformer_seed42_fold4/best.pth,False
0.9670591130974207,0.9362192216025889,0.9578838300705839,0.9764118706878115,0.6879333366932625,0.382622225868611,4,12.529964086141668,1.5662638655299308,1,1,1,1.0,1,1.0,0,cju5chrxxawka0871qcj171yz,kvasir-seg,segformer,polypseg/runs_cv/segformer_seed42_fold4/best.pth,False
0.6382738151303801,0.4687240520321583,0.9473242588015353,0.4812674655402772,0.4033263594987967,0.19952784815860683,4,244.44486952477598,30.101103489516273,2,1,1,0.5,1,0.5,0,cju5cjh3xattc0817j2vbulzi,kvasir-seg,segformer,polypseg/runs_cv/segformer_seed42_fold4/best.pth,False
0.964830011721562,0.9320498301212767,0.95659438450853,0.9732086766898,0.6586807818459417,0.46040949778243,4,6.708203932499369,0.8399197343860532,1,1,1,1.0,1,1.0,0,cju5clr68b48r0755cmuvponm,kvasir-seg,segformer,polypseg/runs_cv/segformer_seed42_fold4/best.pth,False
0.8813110181280289,0.7878070066027439,0.815670582155572,0.958440770506913,0.6281718438148326,0.4516902013221342,4,66.23496834770533,8.105304377563508,1,1,1,1.0,1,1.0,0,cju5cu8qkb84x08186jwo8yin,kvasir-seg,segformer,polypseg/runs_cv/segformer_seed42_fold4/best.pth,False
0.9036888969611861,0.8242996850586416,0.9231483200211328,0.8850329239999551,0.6492247564186384,0.45155033781398907,4,22.320887409364705,2.741652098209952,1,1,1,1.0,1,1.0,0,cju5ddda9bkkt0850enzwatb1,kvasir-seg,segformer,polypseg/runs_cv/segformer_seed42_fold4/best.pth,False
0.9602974926658235,0.9236271778626856,0.9780016498738144,0.9432229133493822,0.585734028640247,0.3674712591565735,4,9.486832980505138,1.1779433720607482,1,1,1,1.0,1,1.0,0,cju5f8hxdcxxn08188obby0ea,kvasir-seg,segformer,polypseg/runs_cv/segformer_seed42_fold4/best.pth,False
0.7272675609884709,0.5714221926749231,0.5735763551701534,0.9934704228259238,0.44351177246989165,0.31382437530769663,4,189.03941182446675,22.757802788994415,1,1,1,1.0,1,1.0,0,cju5fydrud94708507vo6oy21,kvasir-seg,segformer,polypseg/runs_cv/segformer_seed42_fold4/best.pth,False
0.74961421349765,0.5995063456331453,0.6035646618611614,0.9889086484447321,0.48382770544149256,0.32243107901245366,4,114.68149739882058,13.843750331731632,1,1,1,1.0,1,1.0,0,cju5i39mreass0817au8p22zy,kvasir-seg,segformer,polypseg/runs_cv/segformer_seed42_fold4/best.pth,False
0.8428958662747638,0.7284529038549923,0.9561348181719167,0.7536392872118061,0.32160067155924527,0.19425499143337147,4,110.38566062028028,13.838810532130832,1,1,1,1.0,1,1.0,0,cju5knbbqfipk080128cggukq,kvasir-seg,segformer,polypseg/runs_cv/segformer_seed42_fold4/best.pth,False
0.8351514350141884,0.7169613803184459,0.9973681901903722,0.7183203598858695,0.2844181464940806,0.20512108910362106,4,65.19202405202648,8.36068692463073,1,1,1,1.0,1,1.0,0,cju5u8gz4kj5b07552e2wpkwp,kvasir-seg,segformer,polypseg/runs_cv/segformer_seed42_fold4/best.pth,False
0.7918742085259689,0.6554567530255316,0.9410097564622382,0.6835431507211216,0.3002108076784086,0.18441781913847102,4,75.6339812189255,9.708951847742266,1,1,1,1.0,1,1.0,0,cju5udcufki0s09874ll1dbr5,kvasir-seg,segformer,polypseg/runs_cv/segformer_seed42_fold4/best.pth,False
0.8978471319130287,0.8146303093793512,0.9986072423291342,0.8155569166084911,0.6714947357362688,0.4906781933894496,4,20.461913076486276,2.6289456087994196,1,1,1,1.0,1,1.0,0,cju5ufn3skquf0818dhapnhba,kvasir-seg,segformer,polypseg/runs_cv/segformer_seed42_fold4/best.pth,False
0.9582898852962237,0.919919919918149,0.9953759633388973,0.9238680740808802,0.7219056247803858,0.5314436770638179,4,25.893836690620322,3.219212417929356,1,1,1,1.0,1,1.0,0,cju5ukkg6kv7u08011x2b6zl5,kvasir-seg,segformer,polypseg/runs_cv/segformer_seed42_fold4/best.pth,False
0.9853328119504873,0.9710896573334408,0.9738631450680949,0.9970758665079447,0.901516532692517,0.6498163959159307,4,5.0,0.6135726840544955,1,1,1,1.0,1,1.0,0,cju5vi4nxlc530817uoqm2m7a,kvasir-seg,segformer,polypseg/runs_cv/segformer_seed42_fold4/best.pth,False
0.8900643568694641,0.8019062748170405,0.8216591611913533,0.9708937043148422,0.7416997297487334,0.5996988696612914,4,34.57250362631901,4.441873604577979,1,1,1,1.0,1,1.0,0,cju5vwbr4lhqn0987a1pji0ux,kvasir-seg,segformer,polypseg/runs_cv/segformer_seed42_fold4/best.pth,False
0.9292731570377285,0.8678900348354045,0.8759573875474308,0.9894997640357499,0.6558810369733336,0.5912142480630672,4,24.041630560342615,3.183319663813538,1,1,1,1.0,1,1.0,0,cju5waeduln160817w0agirve,kvasir-seg,segformer,polypseg/runs_cv/segformer_seed42_fold4/best.pth,False
0.9575307230619081,0.918521767734333,0.9653847631450867,0.9498034472295517,0.6776237123767022,0.4466043765431436,4,13.22208164168211,1.698772413955373,1,1,1,1.0,1,1.0,0,cju5wj0faly5008187n6530af,kvasir-seg,segformer,polypseg/runs_cv/segformer_seed42_fold4/best.pth,False
0.9596905604461201,0.9225049047499446,0.9799327731059497,0.9402676987552322,0.6265486225672284,0.4713557395412626,4,8.0,1.0069618763040764,1,1,1,1.0,1,1.0,0,cju5wtdu4m0im0871mix0yvc0,kvasir-seg,segformer,polypseg/runs_cv/segformer_seed42_fold4/best.pth,False
0.649644895156477,0.48109189414421244,0.912582216037009,0.5043339216744104,0.09570070632134817,0.02464076660113666,4,142.3990013504135,18.589932115699842,1,2,1,1.0,0,0.0,1,cju5x00l6m5j608503k78ptee,kvasir-seg,segformer,polypseg/runs_cv/segformer_seed42_fold4/best.pth,False
0.7239102338142123,0.5672878609300102,0.9938381133626033,0.5692901890477902,0.48894582425316435,0.38125239018886403,4,84.8528137423857,10.400097437813772,1,1,1,1.0,1,1.0,0,cju5xjn5mm78b09871spyqhhr,kvasir-seg,segformer,polypseg/runs_cv/segformer_seed42_fold4/best.pth,False
0.96748333737514,0.9370147450362764,0.9829824190761614,0.9524654294010361,0.7461521761072164,0.46468656299457173,4,11.704699910719626,1.4079737248656135,1,1,1,1.0,1,1.0,0,cju5y4hgqmk0i08180rjhbwvp,kvasir-seg,segformer,polypseg/runs_cv/segformer_seed42_fold4/best.pth,False
0.9504644881697965,0.9056048865963147,0.9434918390139444,0.9575409639937953,0.7282375355586437,0.5731864413880876,4,13.433155146932473,1.6466825152463878,1,1,1,1.0,1,1.0,0,cju6vrs1ov8cr098788h8gs6j,kvasir-seg,segformer,polypseg/runs_cv/segformer_seed42_fold4/best.pth,False
0.9661264540990385,0.9344725551103203,0.9788153979652572,0.9537622880253782,0.6736079224301268,0.4848380046757953,4,14.28627586535902,1.7482398980354612,1,1,1,1.0,1,1.0,0,cju6x35ervu2808015c7eoqe4,kvasir-seg,segformer,polypseg/runs_cv/segformer_seed42_fold4/best.pth,False
0.9662215758825812,0.934650553098442,0.9896411645159807,0.9438847991673519,0.8939170819446906,0.5524787604644704,4,5.385164807134504,0.6651677777346698,1,1,1,1.0,1,1.0,0,cju6z600qwh4z081700qimgl9,kvasir-seg,segformer,polypseg/runs_cv/segformer_seed42_fold4/best.pth,False
0.08513944775888681,0.04446247934829581,0.04515749190448879,0.7428571428211692,0.13637351379237866,0.104231280755129,4,407.1453055755391,50.89948626024718,1,3,1,1.0,1,1.0,2,cju76o55nymqd0871h31sph9w,kvasir-seg,segformer,polypseg/runs_cv/segformer_seed42_fold4/best.pth,False
0.9756425388680384,0.9524434349215449,0.9742725016907576,0.9770164346054484,0.6878220763420698,0.4898049347201584,4,11.180339887498949,1.3692464905393087,1,1,1,1.0,1,1.0,0,cju77196iyshb0850ycbto50a,kvasir-seg,segformer,polypseg/runs_cv/segformer_seed42_fold4/best.pth,False
0.8371590368701113,0.7199256505522682,0.7468569224778491,0.9523013375201386,0.43594544631519383,0.3180076129014993,4,28.30194339616981,3.492552963129154,1,1,1,1.0,1,1.0,0,cju77j66ez52p08019xygi0co,kvasir-seg,segformer,polypseg/runs_cv/segformer_seed42_fold4/best.pth,False
0.9454992408355302,0.8966321101415738,0.9220984346349332,0.970118694361442,0.376496122486943,0.22827936603951826,4,45.642631359497024,5.874431464786248,1,1,1,1.0,1,1.0,0,cju77t0razbvm080106o56289,kvasir-seg,segformer,polypseg/runs_cv/segformer_seed42_fold4/best.pth,False
0.9719519664948192,0.94543439101858,0.9664589235100101,0.9775078077964027,0.7102687749363481,0.5131859098772893,4,6.324555320336759,0.7993863068840463,1,1,1,1.0,1,1.0,0,cju783tmkzkqu081803g7q5vk,kvasir-seg,segformer,polypseg/runs_cv/segformer_seed42_fold4/best.pth,False
0.9896178698476624,0.9794491017952341,0.9970254059577254,0.9823195925807361,0.9571885960810983,0.7870438814976504,4,4.0,0.5091168620896401,1,1,1,1.0,1,1.0,0,cju7adqyj1jcx08712r1ro5gx,kvasir-seg,segformer,polypseg/runs_cv/segformer_seed42_fold4/best.pth,False
0.7463380798859752,0.5953264336353881,0.5957529963483862,0.9987987331986589,0.16902870442060744,0.1074073586756051,4,54.21022695954963,6.746088659859714,1,1,1,1.0,1,1.0,0,cju7aez2x1jtj0871ztezs3oi,kvasir-seg,segformer,polypseg/runs_cv/segformer_seed42_fold4/best.pth,False
0.9664564825004495,0.9350902658057355,0.9736686739851844,0.9593503501850772,0.6857250998861184,0.4771446341861884,4,16.31086088205534,2.0069377289613013,1,1,1,1.0,1,1.0,0,cju7ahtkb1jr90801jck4kbds,kvasir-seg,segformer,polypseg/runs_cv/segformer_seed42_fold4/best.pth,False
0.8537006137027243,0.7447448929204344,0.8155733275650299,0.8955675547327148,0.5175352649732367,0.35464035258983445,4,287.2819529704615,34.5848834771541,1,2,1,1.0,1,1.0,1,cju7ap09p1kz10850ldccjebj,kvasir-seg,segformer,polypseg/runs_cv/segformer_seed42_fold4/best.pth,False
0.9039930732379953,0.824805985404411,0.9126388317517861,0.8955095862719702,0.5332350816516359,0.14095589550978543,4,21.840329667841555,2.675135318405628,1,1,1,1.0,1,1.0,0,cju7aqkue1i2k09879uzcpt8r,kvasir-seg,segformer,polypseg/runs_cv/segformer_seed42_fold4/best.pth,False
0.7677753016852712,0.6230805978287329,0.878306878304766,0.6819539886452757,0.27216594595267507,0.18349858152196874,4,210.82278908015005,25.778331966872635,1,3,1,1.0,1,1.0,2,cju7atnm31if40817pqclnjer,kvasir-seg,segformer,polypseg/runs_cv/segformer_seed42_fold4/best.pth,False
0.9767192190680198,0.9544977656850417,0.9669343410448475,0.9867041574573742,0.8554611351315721,0.6887773731994608,4,5.385164807134504,0.6794420987617833,1,1,1,1.0,1,1.0,0,cju7awzmu1ncs0871hziy65zx,kvasir-seg,segformer,polypseg/runs_cv/segformer_seed42_fold4/best.pth,False
0.8717569162440522,0.7726676358980662,0.9935707446058237,0.7765502494640475,0.3069444862965577,0.18680226034867242,4,37.885453527690494,4.636118050392439,1,1,1,1.0,1,1.0,0,cju7b10ce1mnm08011c5bwyr4,kvasir-seg,segformer,polypseg/runs_cv/segformer_seed42_fold4/best.pth,False
0.9773565917467111,0.9557159258632202,0.9949628617753885,0.9603625875546757,0.8243880173031523,0.7136023454644596,4,22.02271554554524,2.692824976948966,1,1,1,1.0,1,1.0,0,cju7b3f5h1sm40755i572jden,kvasir-seg,segformer,polypseg/runs_cv/segformer_seed42_fold4/best.pth,False
0.9605591235324497,0.9241113614819793,0.9803362122071225,0.9415642127022547,0.8429338453447172,0.5379104533098387,4,5.184863101655287,0.6487244689677777,1,1,1,1.0,1,1.0,0,cju7b4mtw1n9n080186209f3d,kvasir-seg,segformer,polypseg/runs_cv/segformer_seed42_fold4/best.pth,False
0.9355850867467982,0.878966533724469,0.9881332391116057,0.8883436657957713,0.4392361551287848,0.22642949939649848,4,15.0,1.8341232519985518,1,1,1,1.0,1,1.0,0,cju7ctvqn25dy08186g442m1r,kvasir-seg,segformer,polypseg/runs_cv/segformer_seed42_fold4/best.pth,False
0.9601945983092154,0.9234368245711001,0.9786832673054175,0.9423915299954785,0.7468738939024878,0.5255846850888223,4,17.0,2.0942107447078633,1,1,1,1.0,1,1.0,0,cju7cufm7298k0755j09uf3of,kvasir-seg,segformer,polypseg/runs_cv/segformer_seed42_fold4/best.pth,False
0.9453643296876363,0.8963894890902342,0.9851203584883181,0.9086926569025301,0.6119558370697606,0.4306565037654886,4,34.19864931532399,4.1882788025567805,1,1,1,1.0,1,1.0,0,cju7d3oc82cho0755dajlwldz,kvasir-seg,segformer,polypseg/runs_cv/segformer_seed42_fold4/best.pth,False
0.9796777489194783,0.9601650340193986,0.9834262790670416,0.9759576868360152,0.7351109994684766,0.5414713054530002,4,10.770329614269007,1.322364193295579,1,1,1,1.0,1,1.0,0,cju7d6ux323ze0987xos3srkx,kvasir-seg,segformer,polypseg/runs_cv/segformer_seed42_fold4/best.pth,False
0.9589316747374103,0.921103496733068,0.9794469357066621,0.9392581974388235,0.976095616552764,0.7893458041155276,4,3.605551275463989,0.4416296688743806,1,1,1,1.0,1,1.0,0,cju7d7aut2a2p0818z4uxc6cd,kvasir-seg,segformer,polypseg/runs_cv/segformer_seed42_fold4/best.pth,False
0.6370429898538891,0.4673977132892821,0.4708134280177722,0.9847153022495176,0.4636633075983927,0.3097880708930085,4,166.81621617812917,20.446050354053604,1,1,1,1.0,0,0.0,0,cju7d9seq29zd0871nzl2uu5m,kvasir-seg,segformer,polypseg/runs_cv/segformer_seed42_fold4/best.pth,False
0.9384490883946377,0.8840358744315332,0.929467232428765,0.9476062295621264,0.6641427837679933,0.5087146684013832,4,10.44030650891055,1.3247029398091834,1,1,1,1.0,1,1.0,0,cju7da88w2eod0755wejzynvt,kvasir-seg,segformer,polypseg/runs_cv/segformer_seed42_fold4/best.pth,False
0.9579375319517209,0.9192707359913661,0.9797229332022231,0.9370999085496331,0.4512554181461322,0.2805071366976643,4,24.09135057095402,2.9481063268438272,1,1,1,1.0,1,1.0,0,cju7dwe282dc309876rco45ts,kvasir-seg,segformer,polypseg/runs_cv/segformer_seed42_fold4/best.pth,False
0.8885001914732669,0.799370530392581,0.8016098307989378,0.9965175399890923,0.5602213566847674,0.44407159243007643,4,90.59469364043767,10.906382704538245,1,1,1,1.0,1,1.0,0,cju7el6xv2k520817qxx9wdr5,kvasir-seg,segformer,polypseg/runs_cv/segformer_seed42_fold4/best.pth,False
0.9625421024632489,0.9277890743794273,0.9699010396181453,0.9552939934534022,0.6284329235902132,0.3599354744437396,4,15.132745950421556,1.8547650389518016,1,1,1,1.0,1,1.0,0,cju7er4kc2opa0801anuxc0eb,kvasir-seg,segformer,polypseg/runs_cv/segformer_seed42_fold4/best.pth,False
0.8989803094217669,0.8164979401500447,0.8418227914759414,0.9644648987100062,0.5084872892576154,0.2950620933696495,4,35.456233846698694,4.341682004592841,1,1,1,1.0,1,1.0,0,cju7etr3y2p4t0801cdzjj8ab,kvasir-seg,segformer,polypseg/runs_cv/segformer_seed42_fold4/best.pth,False
0.9841460209759457,0.9687868938815686,0.9834411631289023,0.9848518899270878,0.6427549059303188,0.40840474902877866,4,18.013878188659973,2.25387697473784,1,1,1,1.0,1,1.0,0,cju7flevb2wii08188otgs9p2,kvasir-seg,segformer,polypseg/runs_cv/segformer_seed42_fold4/best.pth,False
0.9323435127304509,0.8732616940443543,0.9859054415524371,0.884301488223967,0.7936922212363229,0.5488751460122622,4,7.810249675906654,0.957273590121478,1,1,1,1.0,1,1.0,0,cju7fnfv02tt90801djnix9m8,kvasir-seg,segformer,polypseg/runs_cv/segformer_seed42_fold4/best.pth,False
0.9537195195747822,0.9115333196192114,0.9258872378739563,0.9832769427006953,0.622254844857456,0.4321243023316657,4,12.806248474865697,1.6373746750436136,1,1,1,1.0,1,1.0,0,cju7fob3x301u0755x985pmmq,kvasir-seg,segformer,polypseg/runs_cv/segformer_seed42_fold4/best.pth,False
0.9025164938732787,0.8223508497712853,0.9834444227618817,0.833895028345278,0.4617678853000951,0.30672639491695997,4,91.1926306071379,11.519915698721478,1,1,1,1.0,1,1.0,0,cju7g7ba42z310987bqzbi2bq,kvasir-seg,segformer,polypseg/runs_cv/segformer_seed42_fold4/best.pth,False
0.9605821266602289,0.9241539435662832,0.9667329064475841,0.9545091199698095,0.8193964984601115,0.583237461187336,4,5.656854249492381,0.681009172497703,1,1,1,1.0,1,1.0,0,cju83kxitjv340987z09m0ezy,kvasir-seg,segformer,polypseg/runs_cv/segformer_seed42_fold4/best.pth,False
0.9748900169182744,0.9510101676968572,0.9571612102912455,0.9932879735151099,0.9209989899796056,0.6485905942286506,4,4.920820393249949,0.6322267676618709,1,1,1,1.0,1,1.0,0,cju83vvmik9wa08710yeh7cuk,kvasir-seg,segformer,polypseg/runs_cv/segformer_seed42_fold4/best.pth,False
0.3499981960091522,0.2121198868768592,0.9918882072188692,0.21248850012381534,0.24740860864237182,0.16041951317255324,4,152.83877684634714,18.969037770787526,1,3,0,0.0,0,0.0,3,cju847pxykriq0755268ktrk2,kvasir-seg,segformer,polypseg/runs_cv/segformer_seed42_fold4/best.pth,False
0.9686825053982269,0.9392670157042844,0.9762788491028486,0.9612034620113719,0.7758455140473919,0.584076839458749,4,10.0,1.2227488346657012,1,1,1,1.0,1,1.0,0,cju84ih17kp5l09876bkooocl,kvasir-seg,segformer,polypseg/runs_cv/segformer_seed42_fold4/best.pth,False
0.9018323079256655,0.8212154795978288,0.8253613374893956,0.9939205424545589,0.6119217219815323,0.1662872672386987,9,212.07848106072882,12.322640651255554,1,1,1,1.0,1,1.0,0,cju84jdl9kv0i0871eog9b3i9,kvasir-seg,segformer,polypseg/runs_cv/segformer_seed42_fold4/best.pth,False
0.9714273638878169,0.9444421616733215,0.9550564009253,0.9883693561161054,0.7126854872402345,0.31481874541537874,8,68.05438594950866,4.295109007598878,1,1,1,1.0,1,1.0,0,cju85je7vlht70817c9jcjwi4,kvasir-seg,segformer,polypseg/runs_cv/segformer_seed42_fold4/best.pth,False
0.9711896024080138,0.9439927946696121,0.9584406208616089,0.9842823250272235,0.6580381868268539,0.3793037271560981,4,52.0,6.358293940261646,1,1,1,1.0,1,1.0,0,cju85omszllp30850b6rm9mi3,kvasir-seg,segformer,polypseg/runs_cv/segformer_seed42_fold4/best.pth,False
0.6498363288236523,0.48130189153843395,0.49505952100763406,0.9454128852504923,0.2976350263944239,0.14502004946562982,4,219.36043384724596,26.40804605253093,1,5,1,1.0,1,1.0,4,cju87ox0kncom0801b98hqnd2,kvasir-seg,segformer,polypseg/runs_cv/segformer_seed42_fold4/best.pth,False
0.9584989407841834,0.9203052961903577,0.9643683605102316,0.9527005347580846,0.5488945235865306,0.3769210888261645,4,21.599697971068824,3.041315189730177,1,1,1,1.0,1,1.0,0,cju87r56lnkyp0755hz30leew,kvasir-seg,segformer,polypseg/runs_cv/segformer_seed42_fold4/best.pth,False
0.9686045664605727,0.9391204720934473,0.9825612900031485,0.9550387844336274,0.7431166453038176,0.5709773540548673,4,19.1049731745428,2.34162632679807,1,1,1,1.0,1,1.0,0,cju8828oxnool0801qno9luhr,kvasir-seg,segformer,polypseg/runs_cv/segformer_seed42_fold4/best.pth,False
0.9642911514438075,0.9310446201054059,0.9786773794774801,0.9503217417365708,0.7196314071746428,0.48620085909903404,4,9.219544457292887,1.1845266288411613,1,1,1,1.0,1,1.0,0,cju885ikhnmkn09878s2lqtuh,kvasir-seg,segformer,polypseg/runs_cv/segformer_seed42_fold4/best.pth,False
0.8094585332363985,0.6799078871539446,0.6880680493977153,0.9828561917279818,0.5144969950702025,0.3351084057190101,4,24.08318915758459,3.240754513133578,1,1,1,1.0,1,1.0,0,cju88fpm4o0tl0871w1i6a4ds,kvasir-seg,segformer,polypseg/runs_cv/segformer_seed42_fold4/best.pth,False
0.9671907622800988,0.9364660258222844,0.9836626798362642,0.9512614198267066,0.7929778105076134,0.5256228084461804,4,6.0,0.7217478802217573,1,1,1,1.0,1,1.0,0,cju88gx09o2vk0818610zody3,kvasir-seg,segformer,polypseg/runs_cv/segformer_seed42_fold4/best.pth,False
0.9484557995194277,0.9019647477357285,0.9925307733025226,0.9081288337311766,0.2999367652217175,0.1892056793048979,4,204.0,26.1852623517785,1,1,1,1.0,1,1.0,0,cju88l66no10s0850rsda7ej1,kvasir-seg,segformer,polypseg/runs_cv/segformer_seed42_fold4/best.pth,False
0.9723355638935354,0.9461605653859592,0.9744030094784559,0.9702768729562681,0.9669772666872982,0.7482875217983247,4,3.605551275463989,0.4483264815727966,1,1,1,1.0,1,1.0,0,cju88oh0po9gq0801nge4tgr1,kvasir-seg,segformer,polypseg/runs_cv/segformer_seed42_fold4/best.pth,False
0.8950209777577182,0.8099891126815187,0.96501070107995,0.8344970696255447,0.49940199603090407,0.23657786623299212,4,58.0,6.982419956888793,3,3,3,1.0,3,1.0,0,cju88q6h6obpd0871ckmiabbo,kvasir-seg,segformer,polypseg/runs_cv/segformer_seed42_fold4/best.pth,False
0.9361267245724569,0.8799231508059566,0.9133740495959943,0.9600419232155111,0.687819974911979,0.49878935400778257,4,7.683839905378863,0.9250309844975151,1,1,1,1.0,1,1.0,0,cju88v2f9oi8w0871hx9auh01,kvasir-seg,segformer,polypseg/runs_cv/segformer_seed42_fold4/best.pth,False
0.9550904740470461,0.9140413120226909,0.9918101054960283,0.9209927042417474,0.4580106707062491,0.3428091830226749,4,23.19998724103018,2.843934498327262,1,1,1,1.0,1,1.0,0,cju88y1mwoln50871emyfny1g,kvasir-seg,segformer,polypseg/runs_cv/segformer_seed42_fold4/best.pth,False
0.958319819167515,0.9199750910127228,0.9413950296544862,0.97586431169999,0.5822784310923512,0.35516416689600583,4,30.4138126514911,3.658517468445894,1,1,1,1.0,1,1.0,0,cju89y9h0puti0818i5yw29e6,kvasir-seg,segformer,polypseg/runs_cv/segformer_seed42_fold4/best.pth,False
0.9269383278455794,0.8638257724595972,0.9266256219876307,0.9272512448229617,0.5643469471401833,0.2783116925906638,4,8.06225774829855,1.0233425997425278,1,1,1,1.0,1,1.0,0,cju8a2itsq4dv0755ntlovpxe,kvasir-seg,segformer,polypseg/runs_cv/segformer_seed42_fold4/best.pth,False
0.7752594521473217,0.6329989265943502,0.9835145450431909,0.6397871896502404,0.5535585396044042,0.435042507903709,4,143.3352426318004,18.0052351116918,1,1,1,1.0,1,1.0,0,cju8arof2qpf20850ifr1bnqj,kvasir-seg,segformer,polypseg/runs_cv/segformer_seed42_fold4/best.pth,False
0.9240018148767921,0.8587391945935194,0.8763851532988016,0.9770900803529196,0.6917104880654136,0.5649233093094541,4,10.44030650891055,1.313802276763704,1,1,1,1.0,1,1.0,0,cju8at3s1qqqx0850hcq8nmnq,kvasir-seg,segformer,polypseg/runs_cv/segformer_seed42_fold4/best.pth,False
0.6355114131359626,0.46575062573190096,0.4711414250996169,0.9760222650291583,0.2791812896920215,0.18457581146034513,4,79.0,9.65971579385904,1,1,1,1.0,0,0.0,0,cju8auylgqx0z0871u4o4db7o,kvasir-seg,segformer,polypseg/runs_cv/segformer_seed42_fold4/best.pth,False
0.9511812663818177,0.9069072051187168,0.9412202551348496,0.9613553691931163,0.6623153055500555,0.47317800551155376,4,33.52088126376324,4.102016690348122,1,1,1,1.0,1,1.0,0,cju8aw9n1qyg10801jkjlmors,kvasir-seg,segformer,polypseg/runs_cv/segformer_seed42_fold4/best.pth,False
0.9759788470436832,0.9530846547711082,0.9703545277651973,0.981668745209109,0.7311468021782241,0.5058651994507809,4,12.16531535649835,1.585180159377202,1,1,1,1.0,1,1.0,0,cju8bh8surexp0987o5pzklk1,kvasir-seg,segformer,polypseg/runs_cv/segformer_seed42_fold4/best.pth,False
0.8213810901680977,0.6969013336849018,0.7028003613345953,0.988099157999021,0.4960868435395617,0.3675099374511814,4,72.09437168288781,8.815330896120699,1,1,1,1.0,1,1.0,0,cju8bi8q7rlmn0871abc5ch8k,kvasir-seg,segformer,polypseg/runs_cv/segformer_seed42_fold4/best.pth,False
0.9686988976298723,0.9392978397905484,0.9757383148555315,0.9617603239448304,0.7915553289404877,0.5862825726803462,4,7.0,0.8427058568658888,1,1,1,1.0,1,1.0,0,cju8bm24yrrdp081829mbo8ic,kvasir-seg,segformer,polypseg/runs_cv/segformer_seed42_fold4/best.pth,False
0.8991402214235169,0.816761806472929,0.8231240926514884,0.990625203727765,0.54851663518051,0.3469250837526033,4,92.10971165676433,11.079998189351157,1,1,1,1.0,1,1.0,0,cju8bn7m2rmm70817hgxpb1uq,kvasir-seg,segformer,polypseg/runs_cv/segformer_seed42_fold4/best.pth,False
0.9702382163253042,0.9421967601701217,0.9577877741145562,0.9830166123872253,0.8109030768601053,0.607088225494684,4,7.0710678118654755,0.8646139926800659,1,1,1,1.0,1,1.0,0,cju8bop5jrsid08716i24fqda,kvasir-seg,segformer,polypseg/runs_cv/segformer_seed42_fold4/best.pth,False
0.9106997341315587,0.836041046410198,0.9931599073607419,0.8408828357742432,0.696458258949399,0.47606197991636906,4,37.75125105023408,4.822985033863201,1,2,1,1.0,1,1.0,1,cju8buos5rz9b08715lfr0f4f,kvasir-seg,segformer,polypseg/runs_cv/segformer_seed42_fold4/best.pth,False
0.7775469258545733,0.6360546202545473,0.9740399008054176,0.6470230321733297,0.26180642589648717,0.15956018796281038,4,114.84377748327627,14.590799928093091,1,2,1,1.0,1,1.0,1,cju8bw697rwg308177tg8huas,kvasir-seg,segformer,polypseg/runs_cv/segformer_seed42_fold4/best.pth,False
0.9615639896205134,0.9259732713517118,0.9758248218067067,0.947713973069728,0.5780513220786523,0.4029535364978965,4,11.704699910719626,1.4486258819679012,1,1,1,1.0,1,1.0,0,cju8c5mxls96t0850wvkvsity,kvasir-seg,segformer,polypseg/runs_cv/segformer_seed42_fold4/best.pth,False
0.612671100718197,0.44161921591582687,0.9482819197459891,0.45251827509740283,0.41578711422807163,0.2833122917520966,4,76.01348506296314,9.352858650082657,1,3,1,1.0,0,0.0,2,cju8ca4geseia0850i2ru11hw,kvasir-seg,segformer,polypseg/runs_cv/segformer_seed42_fold4/best.pth,False
0.9598975355519832,0.9228874734581093,0.9826681938721284,0.9381582733785953,0.602021964024841,0.39590605568440296,4,10.198039027185569,1.2479542518340212,1,1,1,1.0,1,1.0,0,cju8chdlqsu620755azjty1tj,kvasir-seg,segformer,polypseg/runs_cv/segformer_seed42_fold4/best.pth,False
0.9703905460594596,0.9424841063235803,0.9972010292944011,0.9449839572152086,0.8738801096397555,0.544547348441106,4,5.830951894845301,0.7135451423566537,1,1,1,1.0,1,1.0,0,cju8cj10qsrau0871o2dr6ai1,kvasir-seg,segformer,polypseg/runs_cv/segformer_seed42_fold4/best.pth,False
0.9103861469320006,0.8355126399766747,0.98841821354649,0.8437732782536652,0.5650426468742846,0.36402641456735074,4,35.21246025063101,4.235753090547637,1,1,1,1.0,1,1.0,0,cju8cwy02t9eq08185qn12c02,kvasir-seg,segformer,polypseg/runs_cv/segformer_seed42_fold4/best.pth,False
0.9583810396125533,0.9200879362411646,0.9900644627063099,0.9286625617078346,0.7805897319777899,0.39138886345339674,4,5.385164807134504,0.6594234806774186,1,1,1,1.0,1,1.0,0,cju8dk7eztzup08182yxko5zh,kvasir-seg,segformer,polypseg/runs_cv/segformer_seed42_fold4/best.pth,False
0.9761478635783475,0.9534070681240842,0.9659398806780094,0.9865739053611647,0.75994490115101,0.36062090339070946,9,48.65171567437452,2.8268667633030726,1,1,1,1.0,1,1.0,0,cju8dn0c3u2v50801k8rvq02f,kvasir-seg,segformer,polypseg/runs_cv/segformer_seed42_fold4/best.pth,False
0.7003960414229002,0.538930369364021,0.5485412438640866,0.9685133418018589,0.5193786215673859,0.347948742650277,4,129.25768622730422,15.815316905648412,1,1,1,1.0,1,1.0,0,cju8dpa89u6l80818dj6lldh9,kvasir-seg,segformer,polypseg/runs_cv/segformer_seed42_fold4/best.pth,False
0.8987128894202195,0.8160568491054851,0.8255682339599695,0.9860786319753505,0.46981841030123744,0.11382902058364255,5,29.99666481275434,3.2532583249440448,1,1,1,1.0,1,1.0,0,cjyzu9th0qt4r0a46pyl4zik0,kvasir-seg,segformer,polypseg/runs_cv/segformer_seed42_fold4/best.pth,False
0.9446686384597001,0.895139358960125,0.97552042552853,0.9157084631685918,0.39591073212363675,0.23711729718940427,5,55.030898879777844,5.968321179282211,1,1,1,1.0,1,1.0,0,cjyzufihqquiw0a46jatrbwln,kvasir-seg,segformer,polypseg/runs_cv/segformer_seed42_fold4/best.pth,False
0.9418205652149888,0.8900386212914231,0.8906097329761989,0.9992800340331196,0.40620037196557,0.1909120619963965,5,20.787833306414587,2.254523700677796,1,1,1,1.0,1,1.0,0,cjyzurzvohqnr0794es1itzek,kvasir-seg,segformer,polypseg/runs_cv/segformer_seed42_fold4/best.pth,False
0.9312432460570895,0.8713332033893594,0.9249689633743923,0.9376032299479915,0.46591384129499475,0.21601087273364894,4,191.44188057592044,23.88562181959763,2,2,1,0.5,1,0.5,1,ck2bxknhjvs1x0794iogrq49k,kvasir-seg,segformer,polypseg/runs_cv/segformer_seed42_fold4/best.pth,False
0.23464666634141468,0.1329176782163625,0.98689061857872,0.13315277470668485,0.2077119578334955,0.11658110061141544,5,175.50242127974408,19.033939827650407,1,1,0,0.0,0,0.0,1,ck2bxqz3evvg20794iiyv5v2m,kvasir-seg,segformer,polypseg/runs_cv/segformer_seed42_fold4/best.pth,False
0.9171112496803226,0.8469117897933505,0.9318533815134376,0.9028283011963313,0.5653928616105912,0.2929836848041068,4,22.09162149002852,2.7985946897777096,2,2,2,1.0,2,1.0,0,ck2bxskgxxzfv08386xkqtqdy,kvasir-seg,segformer,polypseg/runs_cv/segformer_seed42_fold4/best.pth,False
0.940921878379606,0.8884348181416413,0.9378437646010072,0.9440202641543549,0.5532368122173935,0.2888975526499351,4,17.00146931829632,2.2334114033723775,1,1,1,1.0,1,1.0,0,149,cvc-300,segformer,polypseg/runs_cv/segformer_seed42_fold4/best.pth,False
0.879572136705245,0.7850323662236993,0.9508150487847548,0.818261249449938,0.5792309957565611,0.26886094458512383,4,34.147467859083356,4.485809001854606,1,1,1,1.0,1,1.0,0,150,cvc-300,segformer,polypseg/runs_cv/segformer_seed42_fold4/best.pth,False
0.8212564235317641,0.6967218654903905,0.9816207980098883,0.7059306944205866,0.6236072973110213,0.3815047278272392,4,35.504221893050456,4.664040063788331,1,1,1,1.0,1,1.0,0,151,cvc-300,segformer,polypseg/runs_cv/segformer_seed42_fold4/best.pth,False
0.861799816341314,0.7571601452137381,0.9749636401311556,0.7721737699459258,0.6139310687337262,0.49659870493234415,4,23.769728648009426,3.12252911931562,1,1,1,1.0,1,1.0,0,152,cvc-300,segformer,polypseg/runs_cv/segformer_seed42_fold4/best.pth,False
0.5479654538916148,0.3773776976313845,0.38047621840249696,0.978875895880959,0.38097916385343145,0.31298495236002954,4,108.6074067724504,14.267297504413579,1,1,1,1.0,0,0.0,0,153,cvc-300,segformer,polypseg/runs_cv/segformer_seed42_fold4/best.pth,False
0.572819168849188,0.401364113324934,0.4071025650107954,0.9660717292392147,0.29509656979142684,0.2285994857991807,4,146.14203539651584,19.19806354709438,1,1,1,1.0,0,0.0,0,154,cvc-300,segformer,polypseg/runs_cv/segformer_seed42_fold4/best.pth,False
0.8413167104065982,0.7260972156609146,0.9269791541037837,0.7701471618703558,0.42595940001487087,0.19160442828094945,4,26.314418461622584,3.4568143002824776,1,1,1,1.0,1,1.0,0,155,cvc-300,segformer,polypseg/runs_cv/segformer_seed42_fold4/best.pth,False
0.8867901972451476,0.7966065292010673,0.9330817609945524,0.8448747152523362,0.405096906152201,0.1470847912256006,4,11.40175425099138,1.497800424532096,1,1,1,1.0,1,1.0,0,156,cvc-300,segformer,polypseg/runs_cv/segformer_seed42_fold4/best.pth,False
0.9189523294373874,0.850057175516723,0.9474271148486948,0.8921392139080088,0.7609929595903848,0.5459610323953724,4,11.664043595742053,1.5322562708229108,1,1,1,1.0,1,1.0,0,157,cvc-300,segformer,polypseg/runs_cv/segformer_seed42_fold4/best.pth,False
0.9069578690997789,0.8297556365488085,0.8709083179698044,0.9461206896406078,0.5740815425624745,0.17804049054183857,4,8.0,1.050926298925878,1,1,1,1.0,1,1.0,0,158,cvc-300,segformer,polypseg/runs_cv/segformer_seed42_fold4/best.pth,False
0.9323483670235073,0.873270211205714,0.8735883424301931,0.9995831596359652,0.767473682301623,0.4214204929387599,4,7.235255119351365,0.9504649855455553,1,1,1,1.0,1,1.0,0,159,cvc-300,segformer,polypseg/runs_cv/segformer_seed42_fold4/best.pth,False
0.8821621621558042,0.7891682785198044,0.7892700541554131,0.999836627985626,0.3186476273827871,0.16864941385927631,4,9.848857801796104,1.2938029597861047,1,1,1,1.0,1,1.0,0,160,cvc-300,segformer,polypseg/runs_cv/segformer_seed42_fold4/best.pth,False
0.9014347202230887,0.8205563536525982,0.8828157931588757,0.9208559284637131,0.43928918988691756,0.23405420750613615,4,8.0,1.050926298925878,1,1,1,1.0,1,1.0,0,161,cvc-300,segformer,polypseg/runs_cv/segformer_seed42_fold4/best.pth,False
0.8947054309754053,0.8094723850538496,0.8220272598962552,0.9814814814631223,0.6031050181870785,0.31087579220335565,4,11.149999999999977,1.4647285291279395,1,1,1,1.0,1,1.0,0,162,cvc-300,segformer,polypseg/runs_cv/segformer_seed42_fold4/best.pth,False
0.8781148428988184,0.7827136648886266,0.7827136648886266,0.999999999987662,0.2670905701380891,0.0529588266987993,4,11.045361017187261,1.4509825467615973,1,1,1,1.0,1,1.0,0,163,cvc-300,segformer,polypseg/runs_cv/segformer_seed42_fold4/best.pth,False
0.9165154264929004,0.8458961473962276,0.8499424218190278,0.9944035651259777,0.6173623327821166,0.3046377190220998,4,12.0,1.576389448388817,1,1,1,1.0,1,1.0,0,164,cvc-300,segformer,polypseg/runs_cv/segformer_seed42_fold4/best.pth,False
0.9303970011887442,0.8698526483403436,0.9472634226650424,0.9141206997496097,0.6967512755470474,0.45724328058523306,4,14.317821063276353,1.8808718373389997,1,1,1,1.0,1,1.0,0,165,cvc-300,segformer,polypseg/runs_cv/segformer_seed42_fold4/best.pth,False
0.9507633464038417,0.906147667587852,0.9317070071727863,0.9706154864264023,0.7801609008108759,0.3645056987238915,4,7.810249675906654,1.0259995981984522,1,1,1,1.0,1,1.0,0,166,cvc-300,segformer,polypseg/runs_cv/segformer_seed42_fold4/best.pth,False
0.9269034298167909,0.8637651592330979,0.9372770876775639,0.9167568867927732,0.7340687165162333,0.4009671368687023,4,9.219544457292887,1.2111327167856758,1,1,1,1.0,1,1.0,0,167,cvc-300,segformer,polypseg/runs_cv/segformer_seed42_fold4/best.pth,False
0.9295410471814297,0.8683574879110526,0.973668371938404,0.8892400714457985,0.8123147061450066,0.6629460508016853,4,13.162382319273929,1.7290867169802457,1,1,1,1.0,1,1.0,0,168,cvc-300,segformer,polypseg/runs_cv/segformer_seed42_fold4/best.pth,False
0.9442217186641789,0.8943371305853199,0.9347713546079829,0.9538651170896824,0.6707404782719659,0.5061355530244241,4,8.94427190999916,1.1749713218702638,1,1,1,1.0,1,1.0,0,169,cvc-300,segformer,polypseg/runs_cv/segformer_seed42_fold4/best.pth,False
0.9444356066610358,0.8947209782944595,0.9257328699949847,0.9639096349168997,0.49619136827043697,0.30141360028507175,4,9.861517085499994,1.2954659565573525,1,1,1,1.0,1,1.0,0,170,cvc-300,segformer,polypseg/runs_cv/segformer_seed42_fold4/best.pth,False
0.882951448469887,0.7904324724833455,0.9465858673283268,0.8273337747075998,0.5008036929790975,0.29701888692482137,4,52.02403091040706,6.834177782484947,1,1,1,1.0,1,1.0,0,171,cvc-300,segformer,polypseg/runs_cv/segformer_seed42_fold4/best.pth,False
0.9338691566637085,0.875942350322883,0.8782792352058884,0.9969716088202275,0.7626602699818904,0.4269635892440074,4,8.0,1.050926298925878,1,1,1,1.0,1,1.0,0,172,cvc-300,segformer,polypseg/runs_cv/segformer_seed42_fold4/best.pth,False
0.8566799492014858,0.7492914592052907,0.7511902933439472,0.9966377992766516,0.263257855865362,0.19990000025975255,4,17.46424919657298,2.29420484645921,1,1,1,1.0,1,1.0,0,173,cvc-300,segformer,polypseg/runs_cv/segformer_seed42_fold4/best.pth,False
0.9046205544614695,0.8258513140318452,0.8301809210440976,0.9937246216193709,0.5663359873882108,0.29736657720450876,4,13.0,1.7077552357545518,1,1,1,1.0,1,1.0,0,174,cvc-300,segformer,polypseg/runs_cv/segformer_seed42_fold4/best.pth,False
0.9388493452320624,0.8847465164476375,0.8969792605883905,0.984819734337226,0.6580987489760535,0.25451121066820914,4,7.810249675906654,1.0259995981984522,1,1,1,1.0,1,1.0,0,175,cvc-300,segformer,polypseg/runs_cv/segformer_seed42_fold4/best.pth,False
0.9401397977359454,0.8870413246271869,0.8926150804794365,0.9930097392319116,0.6178826351679854,0.44276151291396887,4,9.486832980505138,1.2462452840912777,1,1,1,1.0,1,1.0,0,176,cvc-300,segformer,polypseg/runs_cv/segformer_seed42_fold4/best.pth,False
0.8790084148232942,0.7841347129155596,0.7842938311608736,0.9997413346999516,0.24861721931159714,0.12732374305050748,4,12.0,1.576389448388817,1,1,1,1.0,1,1.0,0,177,cvc-300,segformer,polypseg/runs_cv/segformer_seed42_fold4/best.pth,False
0.8872072930889161,0.797279931454302,0.7973653207583017,0.9998656996911112,0.40989817391144207,0.21356511037934509,4,14.0,1.8391210231202866,1,1,1,1.0,1,1.0,0,178,cvc-300,segformer,polypseg/runs_cv/segformer_seed42_fold4/best.pth,False
0.8983584438897101,0.8154725454091092,0.8158055952540758,0.9994996247060358,0.43243238246896126,0.2890827857512124,4,11.0,1.4450236610230822,1,1,1,1.0,1,1.0,0,179,cvc-300,segformer,polypseg/runs_cv/segformer_seed42_fold4/best.pth,False
0.8751957556940931,0.7780871739456834,0.7780871739456834,0.9999999999926964,0.19985895024987615,0.06775554588636357,4,16.278820596099706,2.1384800849921777,1,1,1,1.0,1,1.0,0,180,cvc-300,segformer,polypseg/runs_cv/segformer_seed42_fold4/best.pth,False
0.925873303606262,0.8619777412802228,0.9084703393817087,0.9439560439466137,0.6196272290154663,0.35307012548573347,4,10.0,1.3136578736573477,1,1,1,1.0,1,1.0,0,181,cvc-300,segformer,polypseg/runs_cv/segformer_seed42_fold4/best.pth,False
0.9302947432334834,0.8696739006832215,0.8738440461140101,0.9945426195296967,0.5961137950735849,0.35025612146739304,4,6.0,0.7881947241944085,1,1,1,1.0,1,1.0,0,182,cvc-300,segformer,polypseg/runs_cv/segformer_seed42_fold4/best.pth,False
0.9378129542809093,0.8829075425656492,0.8854659142765676,0.9967381974077814,0.7827524749917035,0.5640090746902904,4,6.0,0.7881947241944085,1,1,1,1.0,1,1.0,0,183,cvc-300,segformer,polypseg/runs_cv/segformer_seed42_fold4/best.pth,False
0.8950635530528003,0.8100588549918398,0.857304643249472,0.9363017934301747,0.4551253241604311,0.2276693293748314,4,8.54400374531753,1.1223897792594242,1,1,1,1.0,1,1.0,0,184,cvc-300,segformer,polypseg/runs_cv/segformer_seed42_fold4/best.pth,False
0.8255033556940437,0.7028571428416954,0.7028571428416954,0.9999999999687305,0.3203019635932919,0.19767436875189046,4,12.0,1.576389448388817,1,1,1,1.0,1,1.0,0,185,cvc-300,segformer,polypseg/runs_cv/segformer_seed42_fold4/best.pth,False
0.89385605616274,0.8080829453912806,0.8219974171153251,0.9794819184155045,0.5694660755834923,0.39556587780500024,4,8.449999999999989,1.1100409032404572,1,1,1,1.0,1,1.0,0,186,cvc-300,segformer,polypseg/runs_cv/segformer_seed42_fold4/best.pth,False
0.8614958448668233,0.7566909975537593,0.7566909975537593,0.9999999999770326,0.3704462607647144,0.17395454988576717,4,10.295630140987,1.352493559897148,1,1,1,1.0,1,1.0,0,187,cvc-300,segformer,polypseg/runs_cv/segformer_seed42_fold4/best.pth,False
0.8713481355479512,0.772025602395105,0.7743580060276746,0.9961136749818773,0.4206213588375422,0.22540795641068428,4,8.200222875501128,1.0772287346147151,1,1,1,1.0,1,1.0,0,188,cvc-300,segformer,polypseg/runs_cv/segformer_seed42_fold4/best.pth,False
0.9272602111006926,0.8643850267287231,0.8998997884322469,0.9563365282101959,0.648852842041762,0.3879347675933576,4,10.346266869760239,1.3591454936420697,1,1,1,1.0,1,1.0,0,189,cvc-300,segformer,polypseg/runs_cv/segformer_seed42_fold4/best.pth,False
0.8675578741384573,0.7660946677327409,0.7660946677327409,0.9999999999849669,0.41827333134690936,0.18456626269167992,4,13.0,1.7077552357545518,1,1,1,1.0,1,1.0,0,190,cvc-300,segformer,polypseg/runs_cv/segformer_seed42_fold4/best.pth,False
0.956066856628435,0.9158315000332776,0.9365105815619353,0.9764573017029236,0.8057092120456224,0.49966642212208956,4,5.656854249492381,0.7431171124977691,1,1,1,1.0,1,1.0,0,191,cvc-300,segformer,polypseg/runs_cv/segformer_seed42_fold4/best.pth,False
0.9338036335478652,0.8758270642538218,0.8953025108783905,0.9757649197114433,0.6577918552557511,0.4134187248121433,4,8.94427190999916,1.1749713218702638,1,1,1,1.0,1,1.0,0,192,cvc-300,segformer,polypseg/runs_cv/segformer_seed42_fold4/best.pth,False
0.9242850543781788,0.8592286071138411,0.8599671798010473,0.9990014524237563,0.4420287265907491,0.25136164033447067,4,8.35837428645656,1.0980044192378773,1,1,1,1.0,1,1.0,0,193,cvc-300,segformer,polypseg/runs_cv/segformer_seed42_fold4/best.pth,False
0.9286050156703425,0.866725184691195,0.87369119598235,0.9908847633300645,0.6253405494732349,0.3732246520257123,4,13.024963126763444,1.7110345365569422,1,1,1,1.0,1,1.0,0,194,cvc-300,segformer,polypseg/runs_cv/segformer_seed42_fold4/best.pth,False
0.9056040148111745,0.8274920842796429,0.8274920842796429,0.9999999999868057,0.5014749464390585,0.1852173413117715,4,8.401606831187427,1.1036836965162722,1,1,1,1.0,1,1.0,0,195,cvc-300,segformer,polypseg/runs_cv/segformer_seed42_fold4/best.pth,False
0.9337288638330837,0.8756955263646149,0.8796109993194766,0.9949424705905305,0.7552843191255814,0.4706208930971088,4,8.844204868828752,1.161825936217554,1,1,1,1.0,1,1.0,0,196,cvc-300,segformer,polypseg/runs_cv/segformer_seed42_fold4/best.pth,False
0.9374179431042906,0.882207578248516,0.8922344540262288,0.9874217978203002,0.5459049803533587,0.3134522791458872,4,8.94427190999916,1.1749713218702638,1,1,1,1.0,1,1.0,0,197,cvc-300,segformer,polypseg/runs_cv/segformer_seed42_fold4/best.pth,False
0.8904306624850628,0.8025011438035305,0.8025011438035305,0.9999999999809959,0.5748148524149767,0.2342701222770216,4,11.0,1.4450236610230822,1,1,1,1.0,1,1.0,0,198,cvc-300,segformer,polypseg/runs_cv/segformer_seed42_fold4/best.pth,False
0.9115122817347646,0.8374116367500009,0.8482978957711986,0.9849066257228843,0.6468166971072192,0.4413032880140444,4,15.949999999999989,2.095284308483468,1,1,1,1.0,1,1.0,0,199,cvc-300,segformer,polypseg/runs_cv/segformer_seed42_fold4/best.pth,False
0.8819852244659785,0.7888851236735194,0.7907608695517874,0.9970021413062741,0.4738329365618262,0.2849262706386727,4,8.54400374531753,1.1223897792594242,1,1,1,1.0,1,1.0,0,200,cvc-300,segformer,polypseg/runs_cv/segformer_seed42_fold4/best.pth,False
0.8978335795064275,0.8146079964079829,0.8146079964079829,0.9999999999725803,0.6344391968392437,0.4107992826716213,4,8.0,1.050926298925878,1,1,1,1.0,1,1.0,0,201,cvc-300,segformer,polypseg/runs_cv/segformer_seed42_fold4/best.pth,False
0.8761954900373949,0.7796689568958489,0.7796689568958489,0.9999999999899859,0.35720233329304385,0.16018200037932834,4,18.0,2.3645841725832257,1,1,1,1.0,1,1.0,0,202,cvc-300,segformer,polypseg/runs_cv/segformer_seed42_fold4/best.pth,False
0.8972567945078914,0.8136588736518062,0.8136588736518062,0.9999999999858458,0.5704465295054347,0.26919201459501985,4,13.0,1.7077552357545518,1,1,1,1.0,1,1.0,0,203,cvc-300,segformer,polypseg/runs_cv/segformer_seed42_fold4/best.pth,False
0.46581865178922643,0.30362685111019216,0.32516619182977047,0.8209062574725269,0.1625441215459055,0.10976007357908865,4,70.17155164443416,9.218141132446412,1,1,1,1.0,0,0.0,0,204,cvc-300,segformer,polypseg/runs_cv/segformer_seed42_fold4/best.pth,False
0.4291157008178352,0.27316824099727893,0.281356823556648,0.9037162161780525,0.38961034369202774,0.20532797470231887,4,51.15268540592017,6.719712794220432,1,1,1,1.0,0,0.0,0,205,cvc-300,segformer,polypseg/runs_cv/segformer_seed42_fold4/best.pth,False
0.42237261146076455,0.2677264698426984,0.2701807995891243,0.967183226938597,0.39093479766309575,0.26628890531182353,4,50.00999900019995,6.569602894820874,1,1,1,1.0,0,0.0,0,206,cvc-300,segformer,polypseg/runs_cv/segformer_seed42_fold4/best.pth,False
0.45451055661839146,0.2940884252330443,0.2956747577635034,0.982083609788252,0.4022748595295291,0.34884517851261093,4,58.045671091585646,7.625215286118617,1,1,1,1.0,0,0.0,0,207,cvc-300,segformer,polypseg/runs_cv/segformer_seed42_fold4/best.pth,False
0.222634773293662,0.1252611280722701,0.12536185268474298,0.9936265136396668,0.2669545082850151,0.22859501496167964,4,108.56932803980158,14.262295261717279,1,1,0,0.0,0,0.0,1,208,cvc-300,segformer,polypseg/runs_cv/segformer_seed42_fold4/best.pth,False
0.5405962711549935,0.37042270104574104,0.9987301587143059,0.3705972434893945,0.31552989072545584,0.31552989072545584,2,67.34784768766255,14.030801601596364,1,1,1,1.0,0,0.0,0,1,cvc-clinicdb,segformer,polypseg/runs_cv/segformer_seed42_fold4/best.pth,False
0.8418531358309428,0.7268967018573697,0.9916839916766284,0.7313547256558353,0.4800212490949619,0.4800212490949619,2,60.004583015090496,12.50095479481052,1,1,1,1.0,1,1.0,0,10,cvc-clinicdb,segformer,polypseg/runs_cv/segformer_seed42_fold4/best.pth,False
0.9700198046782078,0.9417849091507521,0.9561120086031757,0.9843381843245415,0.7922194659350035,0.7922194659350035,2,3.4504055101105156,0.7188344812730241,1,1,1,1.0,1,1.0,0,100,cvc-clinicdb,segformer,polypseg/runs_cv/segformer_seed42_fold4/best.pth,False
0.9608792846438097,0.924704195040938,0.9347589706302433,0.9885013414975278,0.6904761404807291,0.6904761404807291,2,4.104639781775007,0.8551332878697931,1,1,1,1.0,1,1.0,0,101,cvc-clinicdb,segformer,polypseg/runs_cv/segformer_seed42_fold4/best.pth,False
0.9608668730590658,0.9246812060430856,0.9340315396540985,0.9892898125591063,0.6135351575171875,0.6135351575171875,2,4.242640687119285,0.8838834764831843,1,1,1,1.0,1,1.0,0,102,cvc-clinicdb,segformer,polypseg/runs_cv/segformer_seed42_fold4/best.pth,False
0.9685723146853686,0.9390598376171287,0.9482793522171226,0.9897527994824661,0.764087909288687,0.764087909288687,2,4.1754601750249405,0.8698875364635293,1,1,1,1.0,1,1.0,0,103,cvc-clinicdb,segformer,polypseg/runs_cv/segformer_seed42_fold4/best.pth,False
0.9283524631035561,0.8662852581102561,0.8804002433852991,0.9818291487523046,0.3294188127409825,0.3294188127409825,2,8.06225774829855,1.679637030895531,1,1,1,1.0,1,1.0,0,104,cvc-clinicdb,segformer,polypseg/runs_cv/segformer_seed42_fold4/best.pth,False
0.9411130831613175,0.8887758156187442,0.9708363303408694,0.9131557906334143,0.430785552801475,0.430785552801475,2,11.287034776687593,2.351465578476582,1,1,1,1.0,1,1.0,0,105,cvc-clinicdb,segformer,polypseg/runs_cv/segformer_seed42_fold4/best.pth,False
0.786772618157492,0.648495599367889,0.9773778920207981,0.6583777793124722,0.13059377012929477,0.13059377012929477,2,88.25190971688806,18.38581452435168,1,1,1,1.0,1,1.0,0,106,cvc-clinicdb,segformer,polypseg/runs_cv/segformer_seed42_fold4/best.pth,False
0.8925385956467329,0.8059320100351086,0.9405186644606182,0.8492162707911856,0.39165961347406625,0.39165961347406625,2,40.35896157327997,8.408116994433326,1,1,1,1.0,1,1.0,0,107,cvc-clinicdb,segformer,polypseg/runs_cv/segformer_seed42_fold4/best.pth,False
0.8692738688490884,0.7687749003945777,0.9814979654057636,0.7800798423327097,0.6209711277076756,0.6209711277076756,2,59.682493245507096,12.433852759480645,1,1,1,1.0,1,1.0,0,108,cvc-clinicdb,segformer,polypseg/runs_cv/segformer_seed42_fold4/best.pth,False
0.852227095814999,0.7425049787354405,0.9723690702687504,0.7585088249807087,0.5676322809212546,0.5676322809212546,2,66.01779966215487,13.753708262948932,1,1,1,1.0,1,1.0,0,109,cvc-clinicdb,segformer,polypseg/runs_cv/segformer_seed42_fold4/best.pth,False
0.8149730511344322,0.6877253314066907,0.9685962034140411,0.7034095421756202,0.49796467209423345,0.49796467209423345,2,38.963939298878024,8.117487353932923,1,1,1,1.0,1,1.0,0,11,cvc-clinicdb,segformer,polypseg/runs_cv/segformer_seed42_fold4/best.pth,False
0.8949948840362913,0.8099463713846601,0.9745601411217002,0.8274407788387236,0.49952179637735444,0.49952179637735444,2,47.30203528140436,9.854590683625908,1,1,1,1.0,1,1.0,0,110,cvc-clinicdb,segformer,polypseg/runs_cv/segformer_seed42_fold4/best.pth,False
0.875493985319678,0.7785587394733198,0.9869773817635025,0.7866396129202956,0.4323377850349496,0.4323377850349496,2,55.74769910777844,11.614103980787174,1,1,1,1.0,1,1.0,0,111,cvc-clinicdb,segformer,polypseg/runs_cv/segformer_seed42_fold4/best.pth,False
0.8791858033057783,0.7844170834906332,0.9880773518102647,0.7919126786793353,0.47174077208662785,0.47174077208662785,2,54.6117767120798,11.377453481683292,1,1,1,1.0,1,1.0,0,112,cvc-clinicdb,segformer,polypseg/runs_cv/segformer_seed42_fold4/best.pth,False
0.8804494671136739,0.7864311982807752,0.9915475270431242,0.7917389795179461,0.48553597892142414,0.48553597892142414,2,54.12439356592042,11.27591532623342,1,1,1,1.0,1,1.0,0,113,cvc-clinicdb,segformer,polypseg/runs_cv/segformer_seed42_fold4/best.pth,False
0.9259689111266843,0.8621434898109401,0.9523324984308378,0.9010256600107341,0.2501650755532404,0.2501650755532404,2,20.12461179749811,4.192627457812105,1,1,1,1.0,1,1.0,0,114,cvc-clinicdb,segformer,polypseg/runs_cv/segformer_seed42_fold4/best.pth,False
0.48137737174740797,0.31698287829498917,0.9474412171320403,0.32265661799123435,0.2796762499769067,0.2796762499769067,2,178.33956163860304,37.15407534137564,1,1,1,1.0,0,0.0,0,115,cvc-clinicdb,segformer,polypseg/runs_cv/segformer_seed42_fold4/best.pth,False
0.5157727230154648,0.34750252270214743,0.9726390114567937,0.35093306158619875,0.3134762632685421,0.3134762632685421,2,174.84960996654576,36.4270020763637,1,1,1,1.0,0,0.0,0,116,cvc-clinicdb,segformer,polypseg/runs_cv/segformer_seed42_fold4/best.pth,False
0.495672181436969,0.32949745083518206,0.978797057529667,0.3318661971806641,0.19599863529831837,0.19599863529831837,2,176.78475612048726,36.83015752510151,1,1,1,1.0,0,0.0,0,117,cvc-clinicdb,segformer,polypseg/runs_cv/segformer_seed42_fold4/best.pth,False
0.34979292768211856,0.21196911196774793,0.9999999999696418,0.21196911196774793,0.16831543561862475,0.16831543561862475,2,200.11773900195809,41.69119562540793,1,1,0,0.0,0,0.0,1,118,cvc-clinicdb,segformer,polypseg/runs_cv/segformer_seed42_fold4/best.pth,False
0.42258299006286293,0.26789554531284254,0.9545703338545548,0.27135522016281816,0.16937392229810966,0.16937392229810966,2,192.17908220232334,40.0373087921507,1,1,1,1.0,0,0.0,0,119,cvc-clinicdb,segformer,polypseg/runs_cv/segformer_seed42_fold4/best.pth,False
0.6966563514209961,0.5345147092867943,0.9752747252678552,0.5418574615453725,0.48392512103895785,0.48392512103895785,2,73.07119564549244,15.22316575947759,1,1,1,1.0,1,1.0,0,12,cvc-clinicdb,segformer,polypseg/runs_cv/segformer_seed42_fold4/best.pth,False
0.5118123964758442,0.3439165836779104,0.9742781280953489,0.34706786474138646,0.18871546363585984,0.18871546363585984,2,168.75099774629342,35.156457863811134,1,1,1,1.0,0,0.0,0,120,cvc-clinicdb,segformer,polypseg/runs_cv/segformer_seed42_fold4/best.pth,False
0.458344567266746,0.29730675061036893,0.988180585138768,0.29836775287955086,0.10929990882846981,0.10929990882846981,2,190.21553533175714,39.6282365274494,1,1,1,1.0,0,0.0,0,121,cvc-clinicdb,segformer,polypseg/runs_cv/segformer_seed42_fold4/best.pth,False
0.44701030927630236,0.2878385554948496,0.9822795005843279,0.2893410048028392,0.047958640897209415,0.047958640897209415,2,165.03392942678786,34.382068630580804,1,1,1,1.0,0,0.0,0,122,cvc-clinicdb,segformer,polypseg/runs_cv/segformer_seed42_fold4/best.pth,False
0.6301955717885231,0.46006244308273664,0.9990112994209179,0.4602720114501186,0.22109700026763054,0.22109700026763054,2,139.3743128851066,29.03631518439721,1,1,1,1.0,0,0.0,0,123,cvc-clinicdb,segformer,polypseg/runs_cv/segformer_seed42_fold4/best.pth,False
0.6746600838498701,0.509046830649781,0.9979135272864504,0.5095892032644158,0.10871034909691633,0.10871034909691633,2,124.86768258863962,26.01410053929992,1,1,1,1.0,1,1.0,0,124,cvc-clinicdb,segformer,polypseg/runs_cv/segformer_seed42_fold4/best.pth,False
0.8258853058284177,0.7034110976791206,0.9529085872456194,0.7287433798678021,0.31895286436272885,0.31895286436272885,2,60.34988913511872,12.572893569816399,1,1,1,1.0,1,1.0,0,125,cvc-clinicdb,segformer,polypseg/runs_cv/segformer_seed42_fold4/best.pth,False
0.8407421513638351,0.7252417159417511,0.9855848960200844,0.7330170777919068,0.651105389424757,0.651105389424757,2,62.0,12.916666666666666,1,1,1,1.0,1,1.0,0,126,cvc-clinicdb,segformer,polypseg/runs_cv/segformer_seed42_fold4/best.pth,False
0.9301393569457133,0.8694023497212771,0.8717773604085406,0.9968762202070114,0.5066045606722716,0.5066045606722716,2,6.4031242374328485,1.3339842161318434,1,1,1,1.0,1,1.0,0,127,cvc-clinicdb,segformer,polypseg/runs_cv/segformer_seed42_fold4/best.pth,False
0.9562242438305246,0.9161203813927873,0.9195453865572074,0.9959507612407523,0.6365053553610631,0.6365053553610631,2,4.242640687119285,0.8838834764831843,1,1,1,1.0,1,1.0,0,128,cvc-clinicdb,segformer,polypseg/runs_cv/segformer_seed42_fold4/best.pth,False
0.9598249559292541,0.9227533013798906,0.9242654804995403,0.9982300884829554,0.6282479067486952,0.6282479067486952,2,4.104639781775007,0.8551332878697931,1,1,1,1.0,1,1.0,0,129,cvc-clinicdb,segformer,polypseg/runs_cv/segformer_seed42_fold4/best.pth,False
0.43107907334820295,0.27476150392624327,0.9375299185989103,0.27988567345280535,0.3336017567025594,0.3336017567025594,2,121.47669050296311,25.30764385478398,1,1,1,1.0,0,0.0,0,13,cvc-clinicdb,segformer,polypseg/runs_cv/segformer_seed42_fold4/best.pth,False
0.9567501641760167,0.9170863309270045,0.9224785165000228,0.9936665692195881,0.5052853622677485,0.5052853622677485,2,4.123105625617661,0.858980338670346,1,1,1,1.0,1,1.0,0,130,cvc-clinicdb,segformer,polypseg/runs_cv/segformer_seed42_fold4/best.pth,False
0.9618806176494036,0.9265606961999239,0.9383937404358449,0.9865733736669197,0.6167732162615747,0.6167732162615747,2,4.47213595499958,0.9316949906249123,1,1,1,1.0,1,1.0,0,131,cvc-clinicdb,segformer,polypseg/runs_cv/segformer_seed42_fold4/best.pth,False
0.9744869661584905,0.9502433747800569,0.9659153380801555,0.983212087278806,0.8935158032166384,0.8935158032166384,2,2.8284271247461903,0.5892556509887896,1,1,1,1.0,1,1.0,0,132,cvc-clinicdb,segformer,polypseg/runs_cv/segformer_seed42_fold4/best.pth,False
0.9665572942897113,0.9352790328375226,0.9390632662954995,0.995709828380191,0.7155661575228218,0.7155661575228218,2,4.0,0.8333333333333334,1,1,1,1.0,1,1.0,0,133,cvc-clinicdb,segformer,polypseg/runs_cv/segformer_seed42_fold4/best.pth,False
0.9677374974137185,0.9374916699861723,0.948617666878643,0.9876439202332541,0.8235559962960928,0.8235559962960928,2,3.4947328716400867,0.7280693482583515,1,1,1,1.0,1,1.0,0,134,cvc-clinicdb,segformer,polypseg/runs_cv/segformer_seed42_fold4/best.pth,False
0.9675948228764248,0.9372239158779492,0.9842535119177768,0.9514906518383559,0.7812677308264881,0.7812677308264881,2,6.0,1.25,1,1,1,1.0,1,1.0,0,135,cvc-clinicdb,segformer,polypseg/runs_cv/segformer_seed42_fold4/best.pth,False
0.9491934910788418,0.903299972944933,0.9064875135660526,0.9961222967860095,0.5540386764131188,0.5540386764131188,2,8.514542347439583,1.7738629890499131,1,1,1,1.0,1,1.0,0,136,cvc-clinicdb,segformer,polypseg/runs_cv/segformer_seed42_fold4/best.pth,False
0.9458645392341832,0.897289365967277,0.9008373391153601,0.9956298200428823,0.5600151721095886,0.5600151721095886,2,12.765898891593034,2.659562269081882,1,1,1,1.0,1,1.0,0,137,cvc-clinicdb,segformer,polypseg/runs_cv/segformer_seed42_fold4/best.pth,False
0.9566703152923174,0.916939611049555,0.9191033138354411,0.9974391805322192,0.5154381970187637,0.5154381970187637,2,8.0,1.6666666666666667,1,1,1,1.0,1,1.0,0,138,cvc-clinicdb,segformer,polypseg/runs_cv/segformer_seed42_fold4/best.pth,False
0.9658441773899219,0.9339445335735322,0.9341158131175364,0.999803709878301,0.5331525177597629,0.5331525177597629,2,7.0,1.4583333333333333,1,1,1,1.0,1,1.0,0,139,cvc-clinicdb,segformer,polypseg/runs_cv/segformer_seed42_fold4/best.pth,False
0.2931742972461065,0.17176580876013395,0.9374418604433153,0.17375748954621423,0.29658996404550997,0.29658996404550997,2,147.01862123798475,30.628879424580155,1,1,0,0.0,0,0.0,1,14,cvc-clinicdb,segformer,polypseg/runs_cv/segformer_seed42_fold4/best.pth,False
0.974808605275705,0.9508552357073389,0.9511329966992816,0.9996929689854831,0.6854144452551048,0.6854144452551048,2,4.47213595499958,0.9316949906249123,1,1,1,1.0,1,1.0,0,140,cvc-clinicdb,segformer,polypseg/runs_cv/segformer_seed42_fold4/best.pth,False
0.9608984455232471,0.9247396863024755,0.9601423244005606,0.9616557584862363,0.38987364633558913,0.38987364633558913,2,8.573164506180078,1.7860759387875162,1,1,1,1.0,1,1.0,0,141,cvc-clinicdb,segformer,polypseg/runs_cv/segformer_seed42_fold4/best.pth,False
0.9638416745338294,0.9302069489237509,0.9325440633410768,0.9973130317917301,0.5294518490329918,0.5294518490329918,2,11.011340254296815,2.2940292196451697,1,1,1,1.0,1,1.0,0,142,cvc-clinicdb,segformer,polypseg/runs_cv/segformer_seed42_fold4/best.pth,False
0.9164504410906439,0.845785440596824,0.8692656034481342,0.9690517998031376,0.48638630027213786,0.48638630027213786,2,8.359279563550006,1.7415165757395845,1,1,1,1.0,1,1.0,0,143,cvc-clinicdb,segformer,polypseg/runs_cv/segformer_seed42_fold4/best.pth,False
0.9656121045363761,0.9335106382925898,0.933669138033088,0.9998181818121222,0.5161642968406863,0.5161642968406863,2,5.385164807134504,1.1219093348196882,1,1,1,1.0,1,1.0,0,144,cvc-clinicdb,segformer,polypseg/runs_cv/segformer_seed42_fold4/best.pth,False
0.982199323350989,0.9650212913836577,0.9791464597435008,0.9852712834346955,0.8459203815579089,0.8459203815579089,2,4.123105625617661,0.858980338670346,1,1,1,1.0,1,1.0,0,145,cvc-clinicdb,segformer,polypseg/runs_cv/segformer_seed42_fold4/best.pth,False
0.977253133494756,0.9555180910346452,0.9696863347182729,0.984938953743049,0.7016916325000041,0.7016916325000041,2,4.47213595499958,0.9316949906249123,1,1,1,1.0,1,1.0,0,146,cvc-clinicdb,segformer,polypseg/runs_cv/segformer_seed42_fold4/best.pth,False
0.9777290982074562,0.9564285714217398,0.9646279086451651,0.9911910578059723,0.7836938241754787,0.7836938241754787,2,3.1622776601683795,0.6588078458684125,1,1,1,1.0,1,1.0,0,147,cvc-clinicdb,segformer,polypseg/runs_cv/segformer_seed42_fold4/best.pth,False
0.9649919437480348,0.9323521086807023,0.9350870552523174,0.9968727932916687,0.671428922018409,0.671428922018409,2,4.709674775249763,0.9811822448437006,1,1,1,1.0,1,1.0,0,148,cvc-clinicdb,segformer,polypseg/runs_cv/segformer_seed42_fold4/best.pth,False
0.9643815436367423,0.9312131680458117,0.9337748344275723,0.9970626631745314,0.7000471866569983,0.7000471866569983,2,4.200803415593714,0.8751673782486904,1,1,1,1.0,1,1.0,0,149,cvc-clinicdb,segformer,polypseg/runs_cv/segformer_seed42_fold4/best.pth,False
0.2505173990464203,0.14319513604186307,0.9763646595202333,0.14369323358047734,0.11010448500325958,0.11010448500325958,2,170.14992155127595,35.44790032318249,1,2,0,0.0,0,0.0,2,15,cvc-clinicdb,segformer,polypseg/runs_cv/segformer_seed42_fold4/best.pth,False
0.9545944107422788,0.9131330658180985,0.9206210365086308,0.9911712772102275,0.6019733042487954,0.6019733042487954,2,4.140557142086741,0.862616071268071,1,1,1,1.0,1,1.0,0,150,cvc-clinicdb,segformer,polypseg/runs_cv/segformer_seed42_fold4/best.pth,False
0.9581984517877677,0.9197514185231053,0.9260065288230956,0.9927092446632735,0.6601189534284075,0.6601189534284075,2,3.605551275463989,0.7511565157216644,1,1,1,1.0,1,1.0,0,151,cvc-clinicdb,segformer,polypseg/runs_cv/segformer_seed42_fold4/best.pth,False
0.97514787137995,0.9515010450268312,0.9825378917889707,0.967868187084616,0.6541689004002387,0.6541689004002387,2,4.47213595499958,0.9316949906249123,1,1,1,1.0,1,1.0,0,152,cvc-clinicdb,segformer,polypseg/runs_cv/segformer_seed42_fold4/best.pth,False
0.9184360814107597,0.8491741131756136,0.8544959127948979,0.9927192149257247,0.38071740727786474,0.38071740727786474,2,8.0,1.6666666666666667,1,1,1,1.0,1,1.0,0,153,cvc-clinicdb,segformer,polypseg/runs_cv/segformer_seed42_fold4/best.pth,False
0.0729597593070959,0.03786104605727477,0.03944692964566291,0.4849999999191667,0.06880731538276241,0.06880731538276241,2,151.42852509680014,31.5476093951667,1,3,0,0.0,0,0.0,3,154,cvc-clinicdb,segformer,polypseg/runs_cv/segformer_seed42_fold4/best.pth,False
0.7481981981813469,0.5976970132926341,0.6018115941810939,0.9886904761316255,0.3165689981317954,0.3165689981317954,2,24.097159032449678,5.020241465093682,1,1,1,1.0,1,1.0,0,155,cvc-clinicdb,segformer,polypseg/runs_cv/segformer_seed42_fold4/best.pth,False
0.8699460230077406,0.7698269646580781,0.8332032773930316,0.910078840807371,0.5294735635912927,0.5294735635912927,2,52.20530401147618,10.87610500239087,1,2,1,1.0,1,1.0,1,156,cvc-clinicdb,segformer,polypseg/runs_cv/segformer_seed42_fold4/best.pth,False
0.8802702364513932,0.7861452513878643,0.8293257897120541,0.9378832311258614,0.3785551985507577,0.3785551985507577,2,72.77036491368126,15.160492690350262,1,2,1,1.0,1,1.0,1,157,cvc-clinicdb,segformer,polypseg/runs_cv/segformer_seed42_fold4/best.pth,False
0.934791934781909,0.8775674587016197,0.9020906644400313,0.9699532606060549,0.6773139524930829,0.6773139524930829,2,6.324555320336759,1.317615691736825,1,1,1,1.0,1,1.0,0,158,cvc-clinicdb,segformer,polypseg/runs_cv/segformer_seed42_fold4/best.pth,False
0.9035087719065142,0.8239999999612236,0.846711798798515,0.9684734512738675,0.5400839905381584,0.5400839905381584,2,3.605551275463989,0.7511565157216644,1,1,1,1.0,1,1.0,0,159,cvc-clinicdb,segformer,polypseg/runs_cv/segformer_seed42_fold4/best.pth,False
0.8653396613950177,0.762642027709294,0.9813624678505566,0.7738502470445477,0.5277485319652024,0.5277485319652024,2,19.1049731745428,3.9802027446964163,1,1,1,1.0,1,1.0,0,16,cvc-clinicdb,segformer,polypseg/runs_cv/segformer_seed42_fold4/best.pth,False
0.9518209635750176,0.9080709788104399,0.938587149438663,0.9654333008645881,0.6058146784956094,0.6058146784956094,2,5.0,1.0416666666666667,1,1,1,1.0,1,1.0,0,160,cvc-clinicdb,segformer,polypseg/runs_cv/segformer_seed42_fold4/best.pth,False
0.9285714285574944,0.8666666666423903,0.883747500688839,0.9781852671205127,0.6492171415760217,0.6492171415760217,2,5.0,1.0416666666666667,1,1,1,1.0,1,1.0,0,161,cvc-clinicdb,segformer,polypseg/runs_cv/segformer_seed42_fold4/best.pth,False
0.9630681818090617,0.9287671232707074,0.9321723189563305,0.9960822722625645,0.8787763216812519,0.8787763216812519,2,4.123105625617661,0.858980338670346,1,1,1,1.0,1,1.0,0,162,cvc-clinicdb,segformer,polypseg/runs_cv/segformer_seed42_fold4/best.pth,False
0.9461244998516225,0.8977573724015936,0.9102954341824477,0.984889577663989,0.7154924828154898,0.7154924828154898,2,5.830951894845301,1.2147816447594377,1,1,1,1.0,1,1.0,0,163,cvc-clinicdb,segformer,polypseg/runs_cv/segformer_seed42_fold4/best.pth,False
0.9172266340727363,0.847108603643241,0.8871491875661108,0.9494151122052035,0.5111407214124447,0.5111407214124447,2,5.385164807134504,1.1219093348196882,1,1,1,1.0,1,1.0,0,164,cvc-clinicdb,segformer,polypseg/runs_cv/segformer_seed42_fold4/best.pth,False
0.9385353979245483,0.8841890686599033,0.932545014768442,0.9446032394045923,0.4711696369961703,0.4711696369961703,2,5.385164807134504,1.1219093348196882,1,1,1,1.0,1,1.0,0,165,cvc-clinicdb,segformer,polypseg/runs_cv/segformer_seed42_fold4/best.pth,False
0.8563529411714332,0.7487912766099291,0.7528961522470738,0.9927714129706388,0.5583709706412017,0.5583709706412017,2,30.92161681178906,6.442003502456055,1,1,1,1.0,1,1.0,0,166,cvc-clinicdb,segformer,polypseg/runs_cv/segformer_seed42_fold4/best.pth,False
0.9634402577256838,0.9294594594343389,0.9458195819321832,0.9817299457327511,0.8758721181462269,0.8758721181462269,2,4.0,0.8333333333333334,1,1,1,1.0,1,1.0,0,167,cvc-clinicdb,segformer,polypseg/runs_cv/segformer_seed42_fold4/best.pth,False
0.961772631989602,0.926360315306165,0.9514218009290794,0.9723511604243723,0.7736745138457581,0.7736745138457581,2,3.1622776601683795,0.6588078458684125,1,1,1,1.0,1,1.0,0,168,cvc-clinicdb,segformer,polypseg/runs_cv/segformer_seed42_fold4/best.pth,False
0.9689080630692583,0.9396912422314285,0.9535871156522169,0.9847293619445914,0.8091716778418697,0.8091716778418697,2,3.605551275463989,0.7511565157216644,1,1,1,1.0,1,1.0,0,169,cvc-clinicdb,segformer,polypseg/runs_cv/segformer_seed42_fold4/best.pth,False
0.8403652756874336,0.7246810207288364,0.9903732630915414,0.7298219783112714,0.4940535014204086,0.4940535014204086,2,36.21874543696247,7.545571966033848,1,1,1,1.0,1,1.0,0,17,cvc-clinicdb,segformer,polypseg/runs_cv/segformer_seed42_fold4/best.pth,False
0.9640407399608808,0.9305778490985037,0.9360242179427645,0.9937861581102682,0.7991096689041102,0.7991096689041102,2,4.116950344336776,0.8576979884034951,1,1,1,1.0,1,1.0,0,170,cvc-clinicdb,segformer,polypseg/runs_cv/segformer_seed42_fold4/best.pth,False
0.9649403139302101,0.9322557210146702,0.9442604856338437,0.9865462233137317,0.8458116405435385,0.8458116405435385,2,3.0,0.625,1,1,1,1.0,1,1.0,0,171,cvc-clinicdb,segformer,polypseg/runs_cv/segformer_seed42_fold4/best.pth,False
0.9280372278389889,0.8657364340816827,0.9614325068539452,0.8968840346644111,0.6864871981562558,0.6864871981562558,2,5.0990195135927845,1.0622957319984967,1,1,1,1.0,1,1.0,0,172,cvc-clinicdb,segformer,polypseg/runs_cv/segformer_seed42_fold4/best.pth,False
0.9439926062802958,0.8939261333721868,0.9502279281705253,0.9378385823070623,0.5827050756449501,0.5827050756449501,2,16.0,3.3333333333333335,1,1,1,1.0,1,1.0,0,173,cvc-clinicdb,segformer,polypseg/runs_cv/segformer_seed42_fold4/best.pth,False
0.8788888888854012,0.7839444994989102,0.8124128823944508,0.9572132422771439,0.4099279312091109,0.4099279312091109,2,26.857907496403783,5.595397395084121,1,1,1,1.0,1,1.0,0,174,cvc-clinicdb,segformer,polypseg/runs_cv/segformer_seed42_fold4/best.pth,False
0.9522411953009864,0.9088362617716523,0.9647249628262959,0.9400763861389432,0.5329064094625301,0.5329064094625301,2,9.0,1.875,1,1,1,1.0,1,1.0,0,175,cvc-clinicdb,segformer,polypseg/runs_cv/segformer_seed42_fold4/best.pth,False
0.8063415866573826,0.6755212191730579,0.6759862324560445,0.9989827059942171,0.3906203471539783,0.3906203471539783,2,53.03772242470448,11.049525505146766,1,1,1,1.0,1,1.0,0,176,cvc-clinicdb,segformer,polypseg/runs_cv/segformer_seed42_fold4/best.pth,False
0.8940010026129671,0.8083199032956454,0.8232457940005822,0.9780621572092861,0.5409530210696215,0.5409530210696215,2,28.0,5.833333333333333,1,1,1,1.0,1,1.0,0,177,cvc-clinicdb,segformer,polypseg/runs_cv/segformer_seed42_fold4/best.pth,False
0.6298533217748185,0.4596977329395847,0.4965986393882179,0.860849056400743,0.2838476664692767,0.2838476664692767,2,149.94075924600867,31.237658176251806,1,2,1,1.0,1,1.0,1,178,cvc-clinicdb,segformer,polypseg/runs_cv/segformer_seed42_fold4/best.pth,False
0.9113300492470546,0.8371040723745163,0.8461978273057119,0.987324883222571,0.40853675744703116,0.40853675744703116,2,6.0,1.25,1,1,1,1.0,1,1.0,0,179,cvc-clinicdb,segformer,polypseg/runs_cv/segformer_seed42_fold4/best.pth,False
0.8551804763950743,0.7470002552910645,0.9894048692404259,0.7530239341103798,0.3324060006953811,0.3324060006953811,2,20.0,4.166666666666667,1,1,1,1.0,1,1.0,0,18,cvc-clinicdb,segformer,polypseg/runs_cv/segformer_seed42_fold4/best.pth,False
0.9007328447581515,0.8193939393740753,0.8217845854407542,0.9964622641215666,0.5324553329397074,0.5324553329397074,2,10.012468905280222,2.0859310219333795,1,1,1,1.0,1,1.0,0,180,cvc-clinicdb,segformer,polypseg/runs_cv/segformer_seed42_fold4/best.pth,False
0.9080443229110945,0.831576172882668,0.8447121820389636,0.9816428126639191,0.5096018488373978,0.5096018488373978,2,7.565423623376389,1.5761299215367477,1,1,1,1.0,1,1.0,0,181,cvc-clinicdb,segformer,polypseg/runs_cv/segformer_seed42_fold4/best.pth,False
0.9366421738397804,0.8808344197945024,0.9119870410120954,0.9626674265898357,0.6613046863749987,0.6613046863749987,2,5.370857542457414,1.118928654678628,1,1,1,1.0,1,1.0,0,182,cvc-clinicdb,segformer,polypseg/runs_cv/segformer_seed42_fold4/best.pth,False
0.9084012362895701,0.832175032153612,0.8395222020036479,0.9895928986535173,0.504002959017019,0.504002959017019,2,7.176093866162352,1.4950195554504901,1,1,1,1.0,1,1.0,0,183,cvc-clinicdb,segformer,polypseg/runs_cv/segformer_seed42_fold4/best.pth,False
0.9481436023174572,0.9014002333459336,0.9204647005981393,0.9775387535280754,0.8033151956748912,0.8033151956748912,2,6.0,1.25,1,1,1,1.0,1,1.0,0,184,cvc-clinicdb,segformer,polypseg/runs_cv/segformer_seed42_fold4/best.pth,False
0.9277566539835764,0.8652482269350134,0.8672472009797895,0.997343143245507,0.48967546624551295,0.48967546624551295,2,8.469555621796978,1.764490754541037,1,1,1,1.0,1,1.0,0,185,cvc-clinicdb,segformer,polypseg/runs_cv/segformer_seed42_fold4/best.pth,False
0.950602832722986,0.9058561070729965,0.9082876635621486,0.9970534069859172,0.5576371664139619,0.5576371664139619,2,5.0990195135927845,1.0622957319984967,1,1,1,1.0,1,1.0,0,186,cvc-clinicdb,segformer,polypseg/runs_cv/segformer_seed42_fold4/best.pth,False
0.9438438656281511,0.893659407838884,0.9007131482316644,0.9913129619676041,0.4515026362343051,0.4515026362343051,2,8.54400374531753,1.7800007802744855,1,1,1,1.0,1,1.0,0,187,cvc-clinicdb,segformer,polypseg/runs_cv/segformer_seed42_fold4/best.pth,False
0.9658198443974565,0.9338990302272254,0.9428406882086038,0.9899470899396073,0.584620973139824,0.584620973139824,2,4.123105625617661,0.858980338670346,1,1,1,1.0,1,1.0,0,188,cvc-clinicdb,segformer,polypseg/runs_cv/segformer_seed42_fold4/best.pth,False
0.9531716417821532,0.9105328818230167,0.9177294772603246,0.9914612846692905,0.6827527334067814,0.6827527334067814,2,4.086173937932361,0.8512862370692419,1,1,1,1.0,1,1.0,0,189,cvc-clinicdb,segformer,polypseg/runs_cv/segformer_seed42_fold4/best.pth,False
0.5330483653901169,0.363371465571102,0.9386674100789146,0.37220871103044323,0.2683040502160448,0.2683040502160448,2,76.8505042273634,16.01052171403404,1,1,1,1.0,0,0.0,0,19,cvc-clinicdb,segformer,polypseg/runs_cv/segformer_seed42_fold4/best.pth,False
0.9397657557035727,0.8863755917704794,0.8891820580240322,0.9964518036370063,0.6394848394027005,0.6394848394027005,2,4.0,0.8333333333333334,1,1,1,1.0,1,1.0,0,190,cvc-clinicdb,segformer,polypseg/runs_cv/segformer_seed42_fold4/best.pth,False
0.8833570412203643,0.7910828024973833,0.8038834950935997,0.980268350356727,0.5376958207835357,0.5376958207835357,2,5.0,1.0416666666666667,1,1,1,1.0,1,1.0,0,191,cvc-clinicdb,segformer,polypseg/runs_cv/segformer_seed42_fold4/best.pth,False
0.926724137897747,0.8634538152032494,0.9605361131079273,0.8952116585083129,0.7804877549077962,0.7804877549077962,2,3.605551275463989,0.7511565157216644,1,1,1,1.0,1,1.0,0,192,cvc-clinicdb,segformer,polypseg/runs_cv/segformer_seed42_fold4/best.pth,False
0.930168150327791,0.8694526626897392,0.8749534796845942,0.9928209459040195,0.6929448848172808,0.6929448848172808,2,5.991547594742263,1.2482390822379716,1,1,1,1.0,1,1.0,0,193,cvc-clinicdb,segformer,polypseg/runs_cv/segformer_seed42_fold4/best.pth,False
0.9519650654925158,0.90833333331573,0.9270174050449562,0.9782926319979485,0.7601629105574568,0.7601629105574568,2,6.54041010021278,1.3625854375443291,1,1,1,1.0,1,1.0,0,194,cvc-clinicdb,segformer,polypseg/runs_cv/segformer_seed42_fold4/best.pth,False
0.9530438625460937,0.910299704497461,0.9172692471093733,0.9917222349737476,0.6764549703754102,0.6764549703754102,2,3.6449961479175768,0.7593741974828284,1,1,1,1.0,1,1.0,0,195,cvc-clinicdb,segformer,polypseg/runs_cv/segformer_seed42_fold4/best.pth,False
0.9431781001096828,0.8924664602498975,0.9030910609669363,0.9869892718332118,0.6673383471620075,0.6673383471620075,2,5.407454161520048,1.1265529503166767,1,1,1,1.0,1,1.0,0,196,cvc-clinicdb,segformer,polypseg/runs_cv/segformer_seed42_fold4/best.pth,False
0.9286210662073997,0.8667531504657755,0.8725746268493922,0.9923615531298036,0.5174944338058686,0.5174944338058686,2,8.94427190999916,1.8633899812498247,1,1,1,1.0,1,1.0,0,197,cvc-clinicdb,segformer,polypseg/runs_cv/segformer_seed42_fold4/best.pth,False
0.9480619303728114,0.901252609584525,0.9295865632874767,0.9672865785129445,0.729425645704578,0.729425645704578,2,7.060407640085652,1.4709182583511773,1,1,1,1.0,1,1.0,0,198,cvc-clinicdb,segformer,polypseg/runs_cv/segformer_seed42_fold4/best.pth,False
0.9384449243959131,0.8840284842139567,0.8885480572415431,0.9942791761786206,0.6105818915686297,0.6105818915686297,2,6.082762530298219,1.2672421938121292,1,1,1,1.0,1,1.0,0,199,cvc-clinicdb,segformer,polypseg/runs_cv/segformer_seed42_fold4/best.pth,False
0.6020277982924795,0.430643611909555,0.9688783228769301,0.4366842002706181,0.4981516740593756,0.4981516740593756,2,71.49506554909988,14.89480532272914,1,1,1,1.0,0,0.0,0,2,cvc-clinicdb,segformer,polypseg/runs_cv/segformer_seed42_fold4/best.pth,False
0.4137812082255453,0.2608601098229714,0.9398628795114621,0.26528806811752026,0.31598628766892156,0.31598628766892156,2,98.25425058158851,20.46963553783094,1,1,1,1.0,0,0.0,0,20,cvc-clinicdb,segformer,polypseg/runs_cv/segformer_seed42_fold4/best.pth,False
0.6989331565264364,0.5372000370560808,0.5382473078301313,0.9963911324798695,0.1622703325335275,0.1622703325335275,2,42.02974757922864,8.7561974123393,1,1,1,1.0,1,1.0,0,200,cvc-clinicdb,segformer,polypseg/runs_cv/segformer_seed42_fold4/best.pth,False
0.5721108402538574,0.40066894292801425,0.40464461646442895,0.9760651841626877,0.1489605094238219,0.1489605094238219,2,100.0,20.833333333333332,1,3,1,1.0,0,0.0,2,201,cvc-clinicdb,segformer,polypseg/runs_cv/segformer_seed42_fold4/best.pth,False
0.6178141331480469,0.4469833963468109,0.4476825553597787,0.9965182334433477,0.13488553954543195,0.13488553954543195,2,49.19400364977412,10.248750760369607,1,1,1,1.0,0,0.0,0,202,cvc-clinicdb,segformer,polypseg/runs_cv/segformer_seed42_fold4/best.pth,False
0.6582745666601313,0.49061793888898103,0.49061793888898103,0.999999999979976,0.06450274365257627,0.06450274365257627,2,27.78758641440202,5.789080503000421,1,1,1,1.0,0,0.0,0,203,cvc-clinicdb,segformer,polypseg/runs_cv/segformer_seed42_fold4/best.pth,False
0.2516447368412055,0.14393226716780264,0.14393226716780264,0.9999999999715828,0.0,0.0,2,122.90890845482721,25.606022594755668,1,2,0,0.0,0,0.0,2,204,cvc-clinicdb,segformer,polypseg/runs_cv/segformer_seed42_fold4/best.pth,False
0.2812020994924,0.16360393470887685,0.16360393470887685,0.9999999999669641,0.0176211116220251,0.0176211116220251,2,99.20181449953424,20.667044687402964,1,1,0,0.0,0,0.0,1,205,cvc-clinicdb,segformer,polypseg/runs_cv/segformer_seed42_fold4/best.pth,False
0.759508186272794,0.6122637633462175,0.8451722671083912,0.6896112910609716,0.30609428689608403,0.30609428689608403,2,130.574827215804,27.2030890032925,1,1,1,1.0,1,1.0,0,206,cvc-clinicdb,segformer,polypseg/runs_cv/segformer_seed42_fold4/best.pth,False
0.6710701988569245,0.5049703891655566,0.8667634779294471,0.5474661774759519,0.22783782226112123,0.22783782226112123,2,165.0750309035745,34.39063143824468,1,1,1,1.0,1,1.0,0,207,cvc-clinicdb,segformer,polypseg/runs_cv/segformer_seed42_fold4/best.pth,False
0.694670389696556,0.5321800595139103,0.7007102620450475,0.6887337505852495,0.3087202992972764,0.3087202992972764,2,78.4614980554399,16.346145428216648,1,1,1,1.0,1,1.0,0,208,cvc-clinicdb,segformer,polypseg/runs_cv/segformer_seed42_fold4/best.pth,False
0.5875548464182777,0.4159841852466539,0.6744505494196681,0.5204946996282511,0.33534357875025417,0.33534357875025417,2,121.83841748703955,25.38300364313324,1,2,1,1.0,0,0.0,1,209,cvc-clinicdb,segformer,polypseg/runs_cv/segformer_seed42_fold4/best.pth,False
0.5847547098970397,0.4131825867828879,0.9774117646982163,0.41716600274355714,0.40837404402505945,0.40837404402505945,2,105.64744325844543,22.009884012176133,1,1,1,1.0,0,0.0,0,21,cvc-clinicdb,segformer,polypseg/runs_cv/segformer_seed42_fold4/best.pth,False
0.7169030075004632,0.558728616535762,0.9552114848374252,0.5737599771929384,0.36649008955953194,0.36649008955953194,2,173.09877587346435,36.06224497363841,1,1,1,1.0,1,1.0,0,210,cvc-clinicdb,segformer,polypseg/runs_cv/segformer_seed42_fold4/best.pth,False
0.7328293389074773,0.5783193703961313,0.8773911927020324,0.6291658994631322,0.21023048123768454,0.21023048123768454,2,177.79201331893398,37.04000277477791,1,1,1,1.0,1,1.0,0,211,cvc-clinicdb,segformer,polypseg/runs_cv/segformer_seed42_fold4/best.pth,False
0.7731561187219436,0.6301992702743182,0.9362074716399582,0.6584750733099209,0.324425919463956,0.324425919463956,2,180.03103801730444,37.5064662536051,1,1,1,1.0,1,1.0,0,212,cvc-clinicdb,segformer,polypseg/runs_cv/segformer_seed42_fold4/best.pth,False
0.8515086718906713,0.7414149772401358,0.9453613685963873,0.7746078794567456,0.43476049773695236,0.43476049773695236,2,131.87720926129347,27.474418596102804,1,1,1,1.0,1,1.0,0,213,cvc-clinicdb,segformer,polypseg/runs_cv/segformer_seed42_fold4/best.pth,False
0.8815355393337921,0.7881658920201272,0.9388841567191345,0.830789523263324,0.4215316191597872,0.4215316191597872,2,104.02353819867939,21.67157045805821,1,1,1,1.0,1,1.0,0,214,cvc-clinicdb,segformer,polypseg/runs_cv/segformer_seed42_fold4/best.pth,False
0.9733796296249354,0.9481397970598633,0.9615091463323027,0.9855468749903754,0.8710126424117162,0.8710126424117162,2,3.1622776601683795,0.6588078458684125,1,1,1,1.0,1,1.0,0,215,cvc-clinicdb,segformer,polypseg/runs_cv/segformer_seed42_fold4/best.pth,False
0.9122048553337537,0.8385814735490783,0.9321213150885046,0.893121693114423,0.4755068220311755,0.4755068220311755,2,61.05024869703463,12.718801811882214,1,1,1,1.0,1,1.0,0,216,cvc-clinicdb,segformer,polypseg/runs_cv/segformer_seed42_fold4/best.pth,False
0.9572313869208465,0.9179710387468153,0.9260322553328882,0.9906060879686513,0.5343335388747589,0.5343335388747589,2,4.242640687119285,0.8838834764831843,1,1,1,1.0,1,1.0,0,217,cvc-clinicdb,segformer,polypseg/runs_cv/segformer_seed42_fold4/best.pth,False
0.9629588182578169,0.9285637207194499,0.9299686588033073,0.9983756816220166,0.7190085202022142,0.7190085202022142,2,4.47213595499958,0.9316949906249123,1,1,1,1.0,1,1.0,0,218,cvc-clinicdb,segformer,polypseg/runs_cv/segformer_seed42_fold4/best.pth,False
0.9114688128707138,0.8373382624658392,0.9248942686171082,0.8984275392987898,0.6313558829072146,0.6313558829072146,2,49.04052294067234,10.21677561264007,1,1,1,1.0,1,1.0,0,219,cvc-clinicdb,segformer,polypseg/runs_cv/segformer_seed42_fold4/best.pth,False
0.2983226774627592,0.1753109555564583,0.9194449797560277,0.17804564028851147,0.038377335496168084,0.038377335496168084,2,210.1113987635073,43.77320807573069,1,1,0,0.0,0,0.0,1,22,cvc-clinicdb,segformer,polypseg/runs_cv/segformer_seed42_fold4/best.pth,False
0.9408176879734983,0.8882490552296518,0.8887288440603398,0.9993925895728003,0.6708771429844543,0.6708771429844543,2,5.227784895686555,1.0891218532680322,1,1,1,1.0,1,1.0,0,220,cvc-clinicdb,segformer,polypseg/runs_cv/segformer_seed42_fold4/best.pth,False
0.8762992575570953,0.7798332994352545,0.8161702127485921,0.9459926017029349,0.3137157951588864,0.3137157951588864,2,26.897921543970007,5.603733654993751,1,1,1,1.0,1,1.0,0,221,cvc-clinicdb,segformer,polypseg/runs_cv/segformer_seed42_fold4/best.pth,False
0.8915880604614086,0.804383306113211,0.804383306113211,0.9999999999710145,0.2859696296341716,0.2859696296341716,2,5.0,1.0416666666666667,1,1,1,1.0,1,1.0,0,222,cvc-clinicdb,segformer,polypseg/runs_cv/segformer_seed42_fold4/best.pth,False
0.8911737214462389,0.8037090558573288,0.8058439990145897,0.9967144563621053,0.3893927590256085,0.3893927590256085,2,7.73245904788955,1.6109289683103227,1,1,1,1.0,1,1.0,0,223,cvc-clinicdb,segformer,polypseg/runs_cv/segformer_seed42_fold4/best.pth,False
0.922089189642164,0.8554410817496639,0.8618228997449945,0.991417910410768,0.6279842088792629,0.6279842088792629,2,6.082762530298219,1.2672421938121292,1,1,1,1.0,1,1.0,0,224,cvc-clinicdb,segformer,polypseg/runs_cv/segformer_seed42_fold4/best.pth,False
0.9324569990080764,0.8734608330921284,0.8755252100610419,0.9973078073288272,0.6130373979936212,0.6130373979936212,2,4.0,0.8333333333333334,1,1,1,1.0,1,1.0,0,225,cvc-clinicdb,segformer,polypseg/runs_cv/segformer_seed42_fold4/best.pth,False
0.9544492500142223,0.9128674528971508,0.9195035460829876,0.9921561124738444,0.7624815345972974,0.7624815345972974,2,4.47213595499958,0.9316949906249123,1,1,1,1.0,1,1.0,0,226,cvc-clinicdb,segformer,polypseg/runs_cv/segformer_seed42_fold4/best.pth,False
0.9046825276419961,0.8259546208957954,0.8305509181738856,0.9933444259236824,0.5511211278163207,0.5511211278163207,2,7.781078190400236,1.6210579563333825,1,1,1,1.0,1,1.0,0,227,cvc-clinicdb,segformer,polypseg/runs_cv/segformer_seed42_fold4/best.pth,False
0.8502154479333062,0.7394563150157796,0.930461711698614,0.7827116636970667,0.1797392207063106,0.1797392207063106,2,33.83241207764935,7.048419182843615,1,1,1,1.0,1,1.0,0,228,cvc-clinicdb,segformer,polypseg/runs_cv/segformer_seed42_fold4/best.pth,False
0.8423938482056677,0.727703327163497,0.9675883256379787,0.7458851391267508,0.17239723114144354,0.17239723114144354,2,41.72316473386008,8.692325986220851,1,1,1,1.0,1,1.0,0,229,cvc-clinicdb,segformer,polypseg/runs_cv/segformer_seed42_fold4/best.pth,False
0.9032974129214527,0.823648474585715,0.9886037369098079,0.8315437488358478,0.5387861399797177,0.5387861399797177,2,38.0,7.916666666666667,1,1,1,1.0,1,1.0,0,23,cvc-clinicdb,segformer,polypseg/runs_cv/segformer_seed42_fold4/best.pth,False
0.8365091272797286,0.7189649243435395,0.9418323103725331,0.7523728127355838,0.20232122481343648,0.20232122481343648,2,57.27302859827236,11.931880957973409,1,1,1,1.0,1,1.0,0,230,cvc-clinicdb,segformer,polypseg/runs_cv/segformer_seed42_fold4/best.pth,False
0.8390621443181224,0.7227450980356728,0.9254330906293909,0.7674370185260908,0.30896558493055304,0.30896558493055304,2,67.17886572427373,13.995597025890362,1,1,1,1.0,1,1.0,0,231,cvc-clinicdb,segformer,polypseg/runs_cv/segformer_seed42_fold4/best.pth,False
0.8667286245326309,0.7648023618131059,0.9708515511071493,0.7827765653808808,0.4047548645842578,0.4047548645842578,2,33.68621157306771,7.017960744389105,1,1,1,1.0,1,1.0,0,232,cvc-clinicdb,segformer,polypseg/runs_cv/segformer_seed42_fold4/best.pth,False
0.8946914498114655,0.8094494968476056,0.9830730017581656,0.8208906352280021,0.39649065974445763,0.39649065974445763,2,28.682757967261168,5.975574576512743,1,1,1,1.0,1,1.0,0,233,cvc-clinicdb,segformer,polypseg/runs_cv/segformer_seed42_fold4/best.pth,False
0.9087008185869134,0.8326779989060995,0.9746512780501688,0.851109874476899,0.43909166095136976,0.43909166095136976,2,24.63224836378343,5.1317184091215475,1,1,1,1.0,1,1.0,0,234,cvc-clinicdb,segformer,polypseg/runs_cv/segformer_seed42_fold4/best.pth,False
0.9124598774405002,0.8390126106732022,0.9519750361446687,0.8760944175885963,0.24182393996330412,0.24182393996330412,2,14.142135623730951,2.946278254943948,1,1,1,1.0,1,1.0,0,235,cvc-clinicdb,segformer,polypseg/runs_cv/segformer_seed42_fold4/best.pth,False
0.928886263457405,0.8672153402268181,0.9803376174853219,0.8825662723350093,0.3652798101000156,0.3652798101000156,2,11.492806589536098,2.3943347061533538,1,1,1,1.0,1,1.0,0,236,cvc-clinicdb,segformer,polypseg/runs_cv/segformer_seed42_fold4/best.pth,False
0.9150628335310206,0.8434247270827403,0.8710671211269594,0.9637392124087044,0.2861568049359678,0.2861568049359678,2,15.10362909918455,3.146589395663448,1,1,1,1.0,1,1.0,0,237,cvc-clinicdb,segformer,polypseg/runs_cv/segformer_seed42_fold4/best.pth,False
0.9323921568590886,0.8733470467170632,0.9651700901115111,0.9017674277410167,0.4813149328418311,0.4813149328418311,2,30.17859312273278,6.28720690056933,1,1,1,1.0,1,1.0,0,238,cvc-clinicdb,segformer,polypseg/runs_cv/segformer_seed42_fold4/best.pth,False
0.9415319416067276,0.8895232445993213,0.9840866212699196,0.9025050778537387,0.6152324174657522,0.6152324174657522,2,16.0,3.3333333333333335,1,1,1,1.0,1,1.0,0,239,cvc-clinicdb,segformer,polypseg/runs_cv/segformer_seed42_fold4/best.pth,False
0.8745960545968393,0.7771396734205754,0.9658570363216903,0.7990921910770356,0.520494693590874,0.520494693590874,2,28.14213562373095,5.862944921610615,1,1,1,1.0,1,1.0,0,24,cvc-clinicdb,segformer,polypseg/runs_cv/segformer_seed42_fold4/best.pth,False
0.9437736005604225,0.8935334328522547,0.992667597756698,0.8994700624780553,0.588867578563974,0.588867578563974,2,23.489051576178515,4.8935524117038565,1,1,1,1.0,1,1.0,0,240,cvc-clinicdb,segformer,polypseg/runs_cv/segformer_seed42_fold4/best.pth,False
0.8627687361829907,0.7586572438108928,0.9790241677977288,0.7711925287300919,0.34170521532965287,0.34170521532965287,2,49.35482631232084,10.282255481733507,1,1,1,1.0,1,1.0,0,241,cvc-clinicdb,segformer,polypseg/runs_cv/segformer_seed42_fold4/best.pth,False
0.8340239751338093,0.7153011359985066,0.8124414329934949,0.8567844925818564,0.32919494284793127,0.32919494284793127,2,45.27957534114855,9.433244862739281,1,1,1,1.0,1,1.0,0,242,cvc-clinicdb,segformer,polypseg/runs_cv/segformer_seed42_fold4/best.pth,False
0.8944023590376002,0.8089763634617034,0.9224960671114577,0.8679692125432408,0.44596346414367366,0.44596346414367366,2,38.01315561749642,7.919407420311755,1,1,1,1.0,1,1.0,0,243,cvc-clinicdb,segformer,polypseg/runs_cv/segformer_seed42_fold4/best.pth,False
0.8981743099277429,0.8151691488232057,0.9193548386994509,0.8779477374030386,0.4807554233441024,0.4807554233441024,2,34.11009925178225,7.106270677454636,1,1,1,1.0,1,1.0,0,244,cvc-clinicdb,segformer,polypseg/runs_cv/segformer_seed42_fold4/best.pth,False
0.9027924130604399,0.822809123639582,0.9362109001374647,0.8716774767789435,0.6097719995228719,0.6097719995228719,2,31.562111425369565,6.575439880285327,1,1,1,1.0,1,1.0,0,245,cvc-clinicdb,segformer,polypseg/runs_cv/segformer_seed42_fold4/best.pth,False
0.7728349801011631,0.6297726610271803,0.8585477301990806,0.7026829268235554,0.22178055448854997,0.22178055448854997,2,61.09950235416569,12.729062990451187,1,1,1,1.0,1,1.0,0,246,cvc-clinicdb,segformer,polypseg/runs_cv/segformer_seed42_fold4/best.pth,False
0.8769802605431887,0.7809125963960095,0.9560941065311503,0.809958672171644,0.292601778935601,0.292601778935601,2,42.322538946329125,8.817195613818567,1,1,1,1.0,1,1.0,0,247,cvc-clinicdb,segformer,polypseg/runs_cv/segformer_seed42_fold4/best.pth,False
0.8971190176287109,0.8134323031845447,0.9465946843775199,0.8525583482880568,0.4580241281137805,0.4580241281137805,2,36.46654669032133,7.597197227150277,1,1,1,1.0,1,1.0,0,248,cvc-clinicdb,segformer,polypseg/runs_cv/segformer_seed42_fold4/best.pth,False
0.916701087700598,0.846212506347685,0.8985155195600673,0.9356379988670073,0.48303897358371145,0.48303897358371145,2,12.165525060596439,2.5344843876242584,1,1,1,1.0,1,1.0,0,249,cvc-clinicdb,segformer,polypseg/runs_cv/segformer_seed42_fold4/best.pth,False
0.09944482868179627,0.05232409465536455,0.9648168298525638,0.052424122979794194,0.16334738581744462,0.16334738581744462,2,256.4604257818687,53.429255371222645,1,1,0,0.0,0,0.0,1,25,cvc-clinicdb,segformer,polypseg/runs_cv/segformer_seed42_fold4/best.pth,False
0.8897836421806065,0.8014506685239757,0.8786165932086738,0.9012382075383132,0.4519221828974741,0.4519221828974741,2,22.25954850577923,4.637405938704006,1,1,1,1.0,1,1.0,0,250,cvc-clinicdb,segformer,polypseg/runs_cv/segformer_seed42_fold4/best.pth,False
0.8517499016853339,0.7417808219093404,0.8931958762763822,0.8139797068669175,0.37727320851214496,0.37727320851214496,2,34.08443599181753,7.1009241649619845,1,1,1,1.0,1,1.0,0,251,cvc-clinicdb,segformer,polypseg/runs_cv/segformer_seed42_fold4/best.pth,False
0.8762764790240684,0.7797972211732647,0.8405245689238199,0.915204936087129,0.43904691674785506,0.43904691674785506,2,26.60055871285059,5.5417830651772055,1,1,1,1.0,1,1.0,0,252,cvc-clinicdb,segformer,polypseg/runs_cv/segformer_seed42_fold4/best.pth,False
0.9310430980617717,0.870982821078762,0.957558886505535,0.9059562398666695,0.5305760548408208,0.5305760548408208,2,21.972495866218285,4.5776033054621434,1,1,1,1.0,1,1.0,0,253,cvc-clinicdb,segformer,polypseg/runs_cv/segformer_seed42_fold4/best.pth,False
0.8622316584079683,0.757827078578653,0.9649910233342222,0.779251236564987,0.3187540199045411,0.3187540199045411,2,30.64382866882087,6.384130972671015,1,1,1,1.0,1,1.0,0,254,cvc-clinicdb,segformer,polypseg/runs_cv/segformer_seed42_fold4/best.pth,False
0.6511405632705137,0.482734186780279,0.9979492187402543,0.48321354264950245,0.22488351640069826,0.22488351640069826,2,75.17370050975109,15.661187606198144,1,2,1,1.0,0,0.0,1,255,cvc-clinicdb,segformer,polypseg/runs_cv/segformer_seed42_fold4/best.pth,False
0.7904956160080779,0.653569864210891,0.9773367393661011,0.6636274684190374,0.2381539183596079,0.2381539183596079,2,45.902058060101545,9.562928762521155,1,2,1,1.0,1,1.0,1,256,cvc-clinicdb,segformer,polypseg/runs_cv/segformer_seed42_fold4/best.pth,False
0.9094930514760041,0.8340094051734429,0.9579433472108277,0.8657077914786835,0.33096663494684375,0.33096663494684375,2,28.00851611751284,5.835107524481842,1,1,1,1.0,1,1.0,0,257,cvc-clinicdb,segformer,polypseg/runs_cv/segformer_seed42_fold4/best.pth,False
0.932200825604763,0.873011375133089,0.9569577564742768,0.9086925378127135,0.4562732507588536,0.4562732507588536,2,21.867744427327477,4.555780089026557,1,1,1,1.0,1,1.0,0,258,cvc-clinicdb,segformer,polypseg/runs_cv/segformer_seed42_fold4/best.pth,False
0.877961005828904,0.7824692460688463,0.9821637873873406,0.7937481981763777,0.42115070661683,0.42115070661683,2,29.0,6.041666666666667,1,1,1,1.0,1,1.0,0,259,cvc-clinicdb,segformer,polypseg/runs_cv/segformer_seed42_fold4/best.pth,False
0.9061712846062289,0.8284398387548394,0.8376018625822117,0.9869684498637196,0.6459503033248832,0.6459503033248832,2,5.0,1.0416666666666667,1,1,1,1.0,1,1.0,0,26,cvc-clinicdb,segformer,polypseg/runs_cv/segformer_seed42_fold4/best.pth,False
0.7391885867122835,0.5862800565746473,0.9951980792246649,0.5879432624088947,0.2849460260658212,0.2849460260658212,2,68.25207806817915,14.219182930870655,1,1,1,1.0,1,1.0,0,260,cvc-clinicdb,segformer,polypseg/runs_cv/segformer_seed42_fold4/best.pth,False
0.8987605902886121,0.8161355127348363,0.9752305090240863,0.8334110406525858,0.5290022702276763,0.5290022702276763,2,27.947962410240528,5.82249216880011,1,1,1,1.0,1,1.0,0,261,cvc-clinicdb,segformer,polypseg/runs_cv/segformer_seed42_fold4/best.pth,False
0.8666144423840385,0.764624568012789,0.9417272867904215,0.8025986017622833,0.4208584804744832,0.4208584804744832,2,28.01695887963161,5.836866433256586,1,1,1,1.0,1,1.0,0,262,cvc-clinicdb,segformer,polypseg/runs_cv/segformer_seed42_fold4/best.pth,False
0.7822394237446527,0.6423589652984695,0.9978058145776494,0.6432676155897509,0.30728579930944344,0.30728579930944344,2,131.88467706285266,27.475974388094304,1,1,1,1.0,1,1.0,0,263,cvc-clinicdb,segformer,polypseg/runs_cv/segformer_seed42_fold4/best.pth,False
0.8010393466945039,0.6681114551057735,0.9725101396970903,0.6809719154280491,0.4444111951604258,0.4444111951604258,2,62.658843861578156,13.053925804495448,1,2,1,1.0,1,1.0,1,264,cvc-clinicdb,segformer,polypseg/runs_cv/segformer_seed42_fold4/best.pth,False
0.8815431752451527,0.7881781001590085,0.9834865918781788,0.7987487781004936,0.5081041395168387,0.5081041395168387,2,42.552890970076405,8.865185618765917,1,1,1,1.0,1,1.0,0,265,cvc-clinicdb,segformer,polypseg/runs_cv/segformer_seed42_fold4/best.pth,False
0.9182490896971178,0.8488544645088535,0.9617797826493263,0.8784882196468573,0.4983641811891989,0.4983641811891989,2,29.068883707497267,6.056017439061931,1,1,1,1.0,1,1.0,0,266,cvc-clinicdb,segformer,polypseg/runs_cv/segformer_seed42_fold4/best.pth,False
0.8067357674205287,0.6760747078428836,0.9963096793957383,0.6777719665236518,0.31456144332321484,0.31456144332321484,2,47.43416490252569,9.882117688026186,1,1,1,1.0,1,1.0,0,267,cvc-clinicdb,segformer,polypseg/runs_cv/segformer_seed42_fold4/best.pth,False
0.8924089090014197,0.8057205554053735,0.9272434362305602,0.8600969305296442,0.3049609778964882,0.3049609778964882,2,23.4730412511347,4.890216927319729,1,1,1,1.0,1,1.0,0,268,cvc-clinicdb,segformer,polypseg/runs_cv/segformer_seed42_fold4/best.pth,False
0.6281604844790758,0.4578964794147561,0.995680345560407,0.4588079177238814,0.2264820761664709,0.2264820761664709,2,87.7518682374807,18.281639216141812,1,2,1,1.0,0,0.0,1,269,cvc-clinicdb,segformer,polypseg/runs_cv/segformer_seed42_fold4/best.pth,False
0.936240502116411,0.8801242235478183,0.921925829478079,0.95100671134557,0.9051302134567216,0.9051302134567216,2,3.0,0.625,1,1,1,1.0,1,1.0,0,27,cvc-clinicdb,segformer,polypseg/runs_cv/segformer_seed42_fold4/best.pth,False
0.7251975417015729,0.568870523413916,0.7110366074632519,0.7399339933958513,0.28590291817289315,0.28590291817289315,2,47.41096525244081,9.877284427591835,1,1,1,1.0,1,1.0,0,270,cvc-clinicdb,segformer,polypseg/runs_cv/segformer_seed42_fold4/best.pth,False
0.9143137468641406,0.8421528265861962,0.9834277897166955,0.854276304618021,0.46970765037458223,0.46970765037458223,2,43.286255693087895,9.017969936059979,1,1,1,1.0,1,1.0,0,271,cvc-clinicdb,segformer,polypseg/runs_cv/segformer_seed42_fold4/best.pth,False
0.8929137826247715,0.8065440329857645,0.9337838675648403,0.8554713015794625,0.43588842011855056,0.43588842011855056,2,45.91947432550999,9.566557151147915,1,1,1,1.0,1,1.0,0,272,cvc-clinicdb,segformer,polypseg/runs_cv/segformer_seed42_fold4/best.pth,False
0.9002312178608892,0.818564076814301,0.9639702893427294,0.8443984074034752,0.43674113982993207,0.43674113982993207,2,49.98099619847924,10.412707541349842,1,1,1,1.0,1,1.0,0,273,cvc-clinicdb,segformer,polypseg/runs_cv/segformer_seed42_fold4/best.pth,False
0.928164831083826,0.8659585522113203,0.9335075764618267,0.9228828939649855,0.4602821452085217,0.4602821452085217,2,22.80350850198276,4.750730937913075,1,1,1,1.0,1,1.0,0,274,cvc-clinicdb,segformer,polypseg/runs_cv/segformer_seed42_fold4/best.pth,False
0.7875938108014741,0.6496121661356096,0.9880855515460415,0.6547408149092862,0.28774381168246366,0.28774381168246366,2,63.34469139941284,13.196810708211009,1,1,1,1.0,1,1.0,0,275,cvc-clinicdb,segformer,polypseg/runs_cv/segformer_seed42_fold4/best.pth,False
0.8991987337993392,0.8168583752659199,0.9889571887015778,0.8243776356920856,0.5593912478579098,0.5593912478579098,2,54.82475658512595,11.421824288567905,1,1,1,1.0,1,1.0,0,276,cvc-clinicdb,segformer,polypseg/runs_cv/segformer_seed42_fold4/best.pth,False
0.8972225148323423,0.8136024963330981,0.9621931013634418,0.8404710216377839,0.358115418646952,0.358115418646952,2,39.42582453287357,8.213713444348661,1,1,1,1.0,1,1.0,0,277,cvc-clinicdb,segformer,polypseg/runs_cv/segformer_seed42_fold4/best.pth,False
0.35896640024552673,0.2187440892735129,0.22003424657324927,0.9738947368010993,0.385981119001985,0.385981119001985,2,105.22801655970945,21.92250344993947,1,1,0,0.0,0,0.0,1,278,cvc-clinicdb,segformer,polypseg/runs_cv/segformer_seed42_fold4/best.pth,False
0.5653351387884751,0.3940537989555757,0.4091800065271287,0.9142335766089696,0.3497049539992373,0.3497049539992373,2,93.81096030653303,19.54395006386105,1,2,1,1.0,0,0.0,1,279,cvc-clinicdb,segformer,polypseg/runs_cv/segformer_seed42_fold4/best.pth,False
0.9473823025062985,0.9000250563542965,0.921025641002025,0.9752918815917652,0.732281987345657,0.732281987345657,2,6.0,1.25,1,1,1,1.0,1,1.0,0,28,cvc-clinicdb,segformer,polypseg/runs_cv/segformer_seed42_fold4/best.pth,False
0.9575420719321053,0.918542654001228,0.9416945034636595,0.9739321607734318,0.8971383877503318,0.8971383877503318,2,3.0,0.625,1,1,1,1.0,1,1.0,0,280,cvc-clinicdb,segformer,polypseg/runs_cv/segformer_seed42_fold4/best.pth,False
0.9701023890652546,0.9419406150333526,0.967329158699501,0.9728915662384203,0.9383185439785484,0.9383185439785484,2,2.23606797749979,0.4658474953124562,1,1,1,1.0,1,1.0,0,281,cvc-clinicdb,segformer,polypseg/runs_cv/segformer_seed42_fold4/best.pth,False
0.9736554570720691,0.9486633546025867,0.9688330514382983,0.9785261102738281,0.9533732079897486,0.9533732079897486,2,2.0,0.4166666666666667,1,1,1,1.0,1,1.0,0,282,cvc-clinicdb,segformer,polypseg/runs_cv/segformer_seed42_fold4/best.pth,False
0.9683224454459717,0.9385902030839047,0.9710754017065247,0.9655850540568932,0.9536334765281779,0.9536334765281779,2,2.0826237921249184,0.43387995669269136,1,1,1,1.0,1,1.0,0,283,cvc-clinicdb,segformer,polypseg/runs_cv/segformer_seed42_fold4/best.pth,False
0.8595458368256301,0.7536873156156911,0.7579728059145124,0.9925542246360456,0.44235160062137713,0.44235160062137713,2,12.0,2.5,1,1,1,1.0,1,1.0,0,284,cvc-clinicdb,segformer,polypseg/runs_cv/segformer_seed42_fold4/best.pth,False
0.9280198565784884,0.8657062001320889,0.8719875615218454,0.9917477158564177,0.5799781872314772,0.5799781872314772,2,5.0,1.0416666666666667,1,1,1,1.0,1,1.0,0,285,cvc-clinicdb,segformer,polypseg/runs_cv/segformer_seed42_fold4/best.pth,False
0.8596147191041686,0.7537932429546067,0.7537932429546067,0.9999999999731616,0.44776114430831476,0.44776114430831476,2,14.899551560488879,3.1040732417685164,1,1,1,1.0,1,1.0,0,286,cvc-clinicdb,segformer,polypseg/runs_cv/segformer_seed42_fold4/best.pth,False
0.9190974133060114,0.8503054989600228,0.8880616856982702,0.9523809523537958,0.6167669106797462,0.6167669106797462,2,7.0710678118654755,1.473139127471974,1,1,1,1.0,1,1.0,0,287,cvc-clinicdb,segformer,polypseg/runs_cv/segformer_seed42_fold4/best.pth,False
0.9285615203089393,0.8666494044312105,0.9560125678104539,0.9026429341719892,0.5921174632182513,0.5921174632182513,2,5.0,1.0416666666666667,1,1,1,1.0,1,1.0,0,288,cvc-clinicdb,segformer,polypseg/runs_cv/segformer_seed42_fold4/best.pth,False
0.9599282296507188,0.9229442207900247,0.9317851959090919,0.9898242367872395,0.8228942899227364,0.8228942899227364,2,3.0,0.625,1,1,1,1.0,1,1.0,0,289,cvc-clinicdb,segformer,polypseg/runs_cv/segformer_seed42_fold4/best.pth,False
0.9396984924515794,0.886255924151524,0.9514338575173119,0.9282490974519799,0.657980406026593,0.657980406026593,2,5.0,1.0416666666666667,1,1,1,1.0,1,1.0,0,29,cvc-clinicdb,segformer,polypseg/runs_cv/segformer_seed42_fold4/best.pth,False
0.929219600701861,0.8677966101274676,0.9101066530771911,0.9491525423226084,0.747499699138713,0.747499699138713,2,5.385164807134504,1.1219093348196882,1,1,1,1.0,1,1.0,0,290,cvc-clinicdb,segformer,polypseg/runs_cv/segformer_seed42_fold4/best.pth,False
0.7657405046962595,0.620404791382883,0.6610915492666773,0.9097516656020743,0.35531563163675617,0.35531563163675617,2,31.98432524992417,6.663401093734202,1,1,1,1.0,1,1.0,0,291,cvc-clinicdb,segformer,polypseg/runs_cv/segformer_seed42_fold4/best.pth,False
0.9257812499819184,0.861818181786843,0.8742161563676055,0.9838107097972681,0.6651981879330123,0.6651981879330123,2,7.211102550927978,1.5023130314433288,1,1,1,1.0,1,1.0,0,292,cvc-clinicdb,segformer,polypseg/runs_cv/segformer_seed42_fold4/best.pth,False
0.9600773587379462,0.9232199787214873,0.9647418100787135,0.9554577948596246,0.8144143644145798,0.8144143644145798,2,3.0,0.625,1,1,1,1.0,1,1.0,0,293,cvc-clinicdb,segformer,polypseg/runs_cv/segformer_seed42_fold4/best.pth,False
0.9735186156138763,0.948403575965558,0.9681877444336848,0.9789085156609832,0.9323189284007309,0.9323189284007309,2,2.23606797749979,0.4658474953124562,1,1,1,1.0,1,1.0,0,294,cvc-clinicdb,segformer,polypseg/runs_cv/segformer_seed42_fold4/best.pth,False
0.9134204736519552,0.8406383992177076,0.8489295164578078,0.9885154061347755,0.5894171146992446,0.5894171146992446,2,9.916871790987855,2.066014956455803,1,1,1,1.0,1,1.0,0,295,cvc-clinicdb,segformer,polypseg/runs_cv/segformer_seed42_fold4/best.pth,False
0.9382440476015952,0.8836720392122049,0.956389836899644,0.9207740050777374,0.7946261688564128,0.7946261688564128,2,5.656854249492381,1.1785113019775793,1,1,1,1.0,1,1.0,0,296,cvc-clinicdb,segformer,polypseg/runs_cv/segformer_seed42_fold4/best.pth,False
0.9505398815578102,0.9057417855656906,0.93747852968267,0.9639703284717779,0.8273297890447454,0.8273297890447454,2,3.0,0.625,1,1,1,1.0,1,1.0,0,297,cvc-clinicdb,segformer,polypseg/runs_cv/segformer_seed42_fold4/best.pth,False
0.9433816125711146,0.8928309631887872,0.9928268666287443,0.8986277113634554,0.6860711042370032,0.6860711042370032,2,12.649110640673518,2.63523138347365,1,1,1,1.0,1,1.0,0,298,cvc-clinicdb,segformer,polypseg/runs_cv/segformer_seed42_fold4/best.pth,False
0.7013835511010496,0.5401006214696626,0.9549973835188384,0.5542058912677131,0.40815291365643924,0.40815291365643924,2,39.06723989245393,8.1390083109279,1,1,1,1.0,1,1.0,0,299,cvc-clinicdb,segformer,polypseg/runs_cv/segformer_seed42_fold4/best.pth,False
0.5951005637114792,0.42358943874561056,0.978151452745617,0.42763552710328245,0.4449079294141469,0.4449079294141469,2,70.12618643601347,14.609622174169472,1,1,1,1.0,0,0.0,0,3,cvc-clinicdb,segformer,polypseg/runs_cv/segformer_seed42_fold4/best.pth,False
0.9693944712540072,0.9406067056845065,0.9603347098352495,0.9786267995461946,0.7848817542549195,0.7848817542549195,2,4.018465843842646,0.8371803841338846,1,1,1,1.0,1,1.0,0,30,cvc-clinicdb,segformer,polypseg/runs_cv/segformer_seed42_fold4/best.pth,False
0.9174959871530176,0.8475682087681189,0.9896121883519444,0.8551765409831815,0.540536900200394,0.540536900200394,2,28.231563647541723,5.881575759904526,1,1,1,1.0,1,1.0,0,300,cvc-clinicdb,segformer,polypseg/runs_cv/segformer_seed42_fold4/best.pth,False
0.8621601208377817,0.7577165615539708,0.9917463075371037,0.7625250500874662,0.46464641517130184,0.46464641517130184,2,25.93062737825665,5.402214037136802,1,1,1,1.0,1,1.0,0,301,cvc-clinicdb,segformer,polypseg/runs_cv/segformer_seed42_fold4/best.pth,False
0.9460232245962186,0.8975750193677602,0.9819503331195402,0.9126322900144941,0.6960871963449359,0.6960871963449359,2,25.164021704740858,5.2425045218210125,1,1,1,1.0,1,1.0,0,302,cvc-clinicdb,segformer,polypseg/runs_cv/segformer_seed42_fold4/best.pth,False
0.89335151006243,0.8072585994427436,0.9851971782007031,0.8171702637811302,0.4831156033490347,0.4831156033490347,2,41.66895431372818,8.68103214869337,1,1,1,1.0,1,1.0,0,303,cvc-clinicdb,segformer,polypseg/runs_cv/segformer_seed42_fold4/best.pth,False
0.9409050390596145,0.8884047925449212,0.9604967348146826,0.9220966084180667,0.5457845088252897,0.5457845088252897,2,11.3131885055944,2.3569142719988334,1,1,1,1.0,1,1.0,0,304,cvc-clinicdb,segformer,polypseg/runs_cv/segformer_seed42_fold4/best.pth,False
0.923508414071088,0.8578872572182589,0.9646172576398978,0.8857602012235483,0.48012926626626506,0.48012926626626506,2,20.502571239677916,4.271369008266233,1,1,1,1.0,1,1.0,0,305,cvc-clinicdb,segformer,polypseg/runs_cv/segformer_seed42_fold4/best.pth,False
0.7435030806786495,0.5917269427769267,0.636645618697694,0.8934665163788197,0.24341711624433593,0.24341711624433593,2,87.71601303796685,18.274169382909758,1,1,1,1.0,1,1.0,0,306,cvc-clinicdb,segformer,polypseg/runs_cv/segformer_seed42_fold4/best.pth,False
0.8801231479657489,0.7859106529142104,0.9371030526435453,0.8296753128892647,0.2063122280941302,0.2063122280941302,2,17.01322386466688,3.5444216384722664,1,1,1,1.0,1,1.0,0,307,cvc-clinicdb,segformer,polypseg/runs_cv/segformer_seed42_fold4/best.pth,False
0.9417487634348127,0.8899103831822472,0.8903918991969514,0.9993926774162815,0.40380195375341116,0.40380195375341116,2,10.919615364994147,2.274919867707114,1,1,1,1.0,1,1.0,0,308,cvc-clinicdb,segformer,polypseg/runs_cv/segformer_seed42_fold4/best.pth,False
0.910602538879755,0.8358772361589385,0.8462944499693205,0.9854876160800022,0.30223141859781316,0.30223141859781316,2,8.6536172634861,1.8028369298929374,1,1,1,1.0,1,1.0,0,309,cvc-clinicdb,segformer,polypseg/runs_cv/segformer_seed42_fold4/best.pth,False
0.9683274235172286,0.9385995572534241,0.9717732207361667,0.9649059767521271,0.7858542867506693,0.7858542867506693,2,3.406078148580945,0.7095996142876968,1,1,1,1.0,1,1.0,0,31,cvc-clinicdb,segformer,polypseg/runs_cv/segformer_seed42_fold4/best.pth,False
0.9533320529872608,0.9108256880399698,0.9306336707562568,0.9771653542922376,0.8512396194249056,0.8512396194249056,2,3.605551275463989,0.7511565157216644,1,1,1,1.0,1,1.0,0,310,cvc-clinicdb,segformer,polypseg/runs_cv/segformer_seed42_fold4/best.pth,False
0.8947066691975023,0.8094744121435176,0.9902707275384827,0.8159637504072512,0.6198469749794526,0.6198469749794526,2,7.2628580546923835,1.5130954280609132,1,1,1,1.0,1,1.0,0,311,cvc-clinicdb,segformer,polypseg/runs_cv/segformer_seed42_fold4/best.pth,False
0.7135313531117646,0.5546434068468629,0.6166571591205557,0.8465152700981585,0.4207713647936063,0.4207713647936063,2,37.0296227319696,7.714504735827001,1,1,1,1.0,1,1.0,0,312,cvc-clinicdb,segformer,polypseg/runs_cv/segformer_seed42_fold4/best.pth,False
0.8860924278521292,0.7954811063394951,0.8541550473946716,0.9205108940507812,0.5815945605678221,0.5815945605678221,2,19.566244501484178,4.076300937809203,1,1,1,1.0,1,1.0,0,313,cvc-clinicdb,segformer,polypseg/runs_cv/segformer_seed42_fold4/best.pth,False
0.9205612895690563,0.8528147829732186,0.9239902223149342,0.9171577122944291,0.5279388813168091,0.5279388813168091,2,13.114005421323983,2.7320844627758296,1,1,1,1.0,1,1.0,0,314,cvc-clinicdb,segformer,polypseg/runs_cv/segformer_seed42_fold4/best.pth,False
0.984103328363179,0.9687041564744806,0.9831753436846336,0.9850330664761323,0.8832518988322299,0.8832518988322299,2,3.0,0.625,1,1,1,1.0,1,1.0,0,315,cvc-clinicdb,segformer,polypseg/runs_cv/segformer_seed42_fold4/best.pth,False
0.9562570959995013,0.9161806919446557,0.9599810036379295,0.952561967889942,0.5442416263193532,0.5442416263193532,2,16.699999999999932,3.4791666666666523,1,1,1,1.0,1,1.0,0,316,cvc-clinicdb,segformer,polypseg/runs_cv/segformer_seed42_fold4/best.pth,False
0.9555782486566391,0.9149352236561052,0.9755016940254397,0.9364523392485836,0.701097795804031,0.701097795804031,2,13.0,2.7083333333333335,1,1,1,1.0,1,1.0,0,317,cvc-clinicdb,segformer,polypseg/runs_cv/segformer_seed42_fold4/best.pth,False
0.9010487915891234,0.8199170124141114,0.9999999999493927,0.8199170124141114,0.49193876775597467,0.49193876775597467,2,5.0,1.0416666666666667,1,1,1,1.0,1,1.0,0,318,cvc-clinicdb,segformer,polypseg/runs_cv/segformer_seed42_fold4/best.pth,False
0.9613764044775039,0.925625422551534,0.9284503221116158,0.9967236985439853,0.9221715302240775,0.9221715302240775,2,2.23606797749979,0.4658474953124562,1,1,1,1.0,1,1.0,0,319,cvc-clinicdb,segformer,polypseg/runs_cv/segformer_seed42_fold4/best.pth,False
0.9617171231728243,0.9262573279756632,0.9810457516233001,0.9431354068390079,0.6971371661993645,0.6971371661993645,2,5.385164807134504,1.1219093348196882,1,1,1,1.0,1,1.0,0,32,cvc-clinicdb,segformer,polypseg/runs_cv/segformer_seed42_fold4/best.pth,False
0.9512652296046008,0.9070598748680282,0.963455149478798,0.9393799166834943,0.7411641357053098,0.7411641357053098,2,4.5249223594996035,0.942692158229084,1,1,1,1.0,1,1.0,0,320,cvc-clinicdb,segformer,polypseg/runs_cv/segformer_seed42_fold4/best.pth,False
0.9441998238656296,0.8942978465135836,0.9062548025064353,0.9854612299300558,0.555641973349336,0.555641973349336,2,4.47213595499958,0.9316949906249123,1,1,1,1.0,1,1.0,0,321,cvc-clinicdb,segformer,polypseg/runs_cv/segformer_seed42_fold4/best.pth,False
0.9593495934901575,0.9218749999893301,0.9334348997898343,0.9867443012761801,0.6208092311619844,0.6208092311619844,2,4.242640687119285,0.8838834764831843,1,1,1,1.0,1,1.0,0,322,cvc-clinicdb,segformer,polypseg/runs_cv/segformer_seed42_fold4/best.pth,False
0.9568549390348003,0.9172788855937669,0.9406124645246001,0.9736682195566774,0.4993151525093858,0.4993151525093858,2,4.123105625617661,0.858980338670346,1,1,1,1.0,1,1.0,0,323,cvc-clinicdb,segformer,polypseg/runs_cv/segformer_seed42_fold4/best.pth,False
0.9633666363838679,0.9293224298929713,0.9342337052123572,0.9943749999844629,0.7336848809555505,0.7336848809555505,2,3.605551275463989,0.7511565157216644,1,1,1,1.0,1,1.0,0,324,cvc-clinicdb,segformer,polypseg/runs_cv/segformer_seed42_fold4/best.pth,False
0.9274505807934842,0.8647159414618143,0.8647159414618143,0.9999999999780268,0.39823071533343907,0.39823071533343907,2,4.414762138029506,0.9197421120894803,1,1,1,1.0,1,1.0,0,325,cvc-clinicdb,segformer,polypseg/runs_cv/segformer_seed42_fold4/best.pth,False
0.9244845957734018,0.8595735515645149,0.8666666666478465,0.9905683792258484,0.5540699705752236,0.5540699705752236,2,8.541067626763581,1.7793890889090795,1,1,1,1.0,1,1.0,0,326,cvc-clinicdb,segformer,polypseg/runs_cv/segformer_seed42_fold4/best.pth,False
0.9089441829064029,0.8330867849893223,0.856744421884971,0.9679175021206555,0.34600576997062993,0.34600576997062993,2,5.656854249492381,1.1785113019775793,1,1,1,1.0,1,1.0,0,327,cvc-clinicdb,segformer,polypseg/runs_cv/segformer_seed42_fold4/best.pth,False
0.8907212190701312,0.8029732781181225,0.8185305965697577,0.976877289354925,0.13514119295546298,0.13514119295546298,2,9.45247927901359,1.9692665164611645,1,1,1,1.0,1,1.0,0,328,cvc-clinicdb,segformer,polypseg/runs_cv/segformer_seed42_fold4/best.pth,False
0.9050681198811436,0.8265976507898348,0.909728308481382,0.9004554326414996,0.44530646118531647,0.44530646118531647,2,7.615773105863909,1.5866193970549811,1,1,1,1.0,1,1.0,0,329,cvc-clinicdb,segformer,polypseg/runs_cv/segformer_seed42_fold4/best.pth,False
0.9664229742110649,0.9350275306994067,0.9494237054795336,0.9840420789784786,0.6813558822034164,0.6813558822034164,2,4.0,0.8333333333333334,1,1,1,1.0,1,1.0,0,33,cvc-clinicdb,segformer,polypseg/runs_cv/segformer_seed42_fold4/best.pth,False
0.9454514509322998,0.8965461587976671,0.9413658701755403,0.9495726495564176,0.6570597401655968,0.6570597401655968,2,5.9746427842267895,1.2447172467139145,1,1,1,1.0,1,1.0,0,330,cvc-clinicdb,segformer,polypseg/runs_cv/segformer_seed42_fold4/best.pth,False
0.9641756548474307,0.9308293045626524,0.9577806122326814,0.9706566701012066,0.7689716738583044,0.7689716738583044,2,3.0,0.625,1,1,1,1.0,1,1.0,0,331,cvc-clinicdb,segformer,polypseg/runs_cv/segformer_seed42_fold4/best.pth,False
0.9792311091384954,0.959307359290748,0.9848888888713798,0.9736379613185653,0.9408283523668666,0.9408283523668666,2,2.23606797749979,0.4658474953124562,1,1,1,1.0,1,1.0,0,332,cvc-clinicdb,segformer,polypseg/runs_cv/segformer_seed42_fold4/best.pth,False
0.9586606808739369,0.9206035566567163,0.9207689543492495,0.9998049160944245,0.7956173982930168,0.7956173982930168,2,3.0,0.625,1,1,1,1.0,1,1.0,0,333,cvc-clinicdb,segformer,polypseg/runs_cv/segformer_seed42_fold4/best.pth,False
0.9507872244628809,0.9061910478321696,0.9427297056031627,0.9589836660443016,0.5432608635418226,0.5432608635418226,2,3.605551275463989,0.7511565157216644,1,1,1,1.0,1,1.0,0,334,cvc-clinicdb,segformer,polypseg/runs_cv/segformer_seed42_fold4/best.pth,False
0.9474316096308426,0.9001140622307298,0.9552135569608298,0.9397754338050396,0.5720628231238203,0.5720628231238203,2,5.029705854077837,1.047855386266216,1,1,1,1.0,1,1.0,0,335,cvc-clinicdb,segformer,polypseg/runs_cv/segformer_seed42_fold4/best.pth,False
0.9631712626908275,0.9289588801237277,0.9333684950609464,0.9949400299663618,0.8047689514993113,0.8047689514993113,2,3.0,0.625,1,1,1,1.0,1,1.0,0,336,cvc-clinicdb,segformer,polypseg/runs_cv/segformer_seed42_fold4/best.pth,False
0.9464882943064674,0.898412698398438,0.9180859691659679,0.9767040552031631,0.5499799134988648,0.5499799134988648,2,4.47213595499958,0.9316949906249123,1,1,1,1.0,1,1.0,0,337,cvc-clinicdb,segformer,polypseg/runs_cv/segformer_seed42_fold4/best.pth,False
0.9682807232570936,0.938511807508254,0.9618692442274003,0.9747782491247606,0.6053837259198541,0.6053837259198541,2,4.47213595499958,0.9316949906249123,1,1,1,1.0,1,1.0,0,338,cvc-clinicdb,segformer,polypseg/runs_cv/segformer_seed42_fold4/best.pth,False
0.928427886830601,0.8664166185554987,0.8796133567404918,0.9829787233720793,0.585584644861369,0.585584644861369,2,4.123105625617661,0.858980338670346,1,1,1,1.0,1,1.0,0,339,cvc-clinicdb,segformer,polypseg/runs_cv/segformer_seed42_fold4/best.pth,False
0.9584935268657631,0.9202953141340923,0.990272373524801,0.928690892490061,0.721761898308877,0.721761898308877,2,4.0,0.8333333333333334,1,1,1,1.0,1,1.0,0,34,cvc-clinicdb,segformer,polypseg/runs_cv/segformer_seed42_fold4/best.pth,False
0.926216640478121,0.8625730993731691,0.9067622950355142,0.9465240641205067,0.6818725643267307,0.6818725643267307,2,4.0,0.8333333333333334,1,1,1,1.0,1,1.0,0,340,cvc-clinicdb,segformer,polypseg/runs_cv/segformer_seed42_fold4/best.pth,False
0.9448751076454592,0.8955102040450813,0.9860674156860195,0.906986357961679,0.8112521477170388,0.8112521477170388,2,2.8284271247461903,0.5892556509887896,1,1,1,1.0,1,1.0,0,341,cvc-clinicdb,segformer,polypseg/runs_cv/segformer_seed42_fold4/best.pth,False
0.9729391129981649,0.9473042205300402,0.97269539076938,0.9731829573812885,0.8164295933933035,0.8164295933933035,2,3.605551275463989,0.7511565157216644,1,1,1,1.0,1,1.0,0,342,cvc-clinicdb,segformer,polypseg/runs_cv/segformer_seed42_fold4/best.pth,False
0.9352138073097938,0.8783113584023429,0.8889569049842194,0.9865489130300741,0.7273929788668873,0.7273929788668873,2,15.395234746310457,3.207340572148012,1,1,1,1.0,1,1.0,0,343,cvc-clinicdb,segformer,polypseg/runs_cv/segformer_seed42_fold4/best.pth,False
0.9545470673776584,0.9130464295349372,0.9244038210368744,0.9867224178331373,0.5457809625660178,0.5457809625660178,2,10.367968324948777,2.159993401030995,1,1,1,1.0,1,1.0,0,344,cvc-clinicdb,segformer,polypseg/runs_cv/segformer_seed42_fold4/best.pth,False
0.9702410897373545,0.9422021796246358,0.9549782890153502,0.9859996853784332,0.767104911401503,0.767104911401503,2,4.0,0.8333333333333334,1,1,1,1.0,1,1.0,0,345,cvc-clinicdb,segformer,polypseg/runs_cv/segformer_seed42_fold4/best.pth,False
0.677317447416939,0.5120786133409024,0.5199556540947899,0.9712658555275365,0.48015690330329813,0.48015690330329813,2,59.082143532659956,12.308779902637491,1,1,1,1.0,1,1.0,0,346,cvc-clinicdb,segformer,polypseg/runs_cv/segformer_seed42_fold4/best.pth,False
0.8311578947298428,0.711095100854307,0.7198074679008196,0.983263598306769,0.4068349193718868,0.4068349193718868,2,27.608740137781986,5.751820862037914,1,1,1,1.0,1,1.0,0,347,cvc-clinicdb,segformer,polypseg/runs_cv/segformer_seed42_fold4/best.pth,False
0.9762379672166849,0.9535789919485236,0.9745054754751569,0.9779766300291995,0.7102733051680908,0.7102733051680908,2,5.385164807134504,1.1219093348196882,1,1,1,1.0,1,1.0,0,348,cvc-clinicdb,segformer,polypseg/runs_cv/segformer_seed42_fold4/best.pth,False
0.9698564999554855,0.9414770853901192,0.9766566908893687,0.9631503499411285,0.6034699410790415,0.6034699410790415,2,7.227849369926758,1.5058019520680745,1,1,1,1.0,1,1.0,0,349,cvc-clinicdb,segformer,polypseg/runs_cv/segformer_seed42_fold4/best.pth,False
0.9774727940599052,0.9559381778612265,0.9769987529308993,0.9779472954094598,0.9719028402665408,0.9719028402665408,2,2.0,0.4166666666666667,1,1,1,1.0,1,1.0,0,35,cvc-clinicdb,segformer,polypseg/runs_cv/segformer_seed42_fold4/best.pth,False
0.9015385819954526,0.8207284909771135,0.9908777968933659,0.8269769446180637,0.4138906075180064,0.4138906075180064,2,37.579243558389386,7.829009074664455,1,1,1,1.0,1,1.0,0,350,cvc-clinicdb,segformer,polypseg/runs_cv/segformer_seed42_fold4/best.pth,False
0.8930468372658975,0.8067611777359486,0.9019751279955627,0.8842935691875617,0.4170103752806885,0.4170103752806885,2,8.083408929595555,1.684043526999074,1,1,1,1.0,1,1.0,0,351,cvc-clinicdb,segformer,polypseg/runs_cv/segformer_seed42_fold4/best.pth,False
0.8734873487241965,0.775390624983173,0.8687089715324895,0.8783185840492056,0.6379644629140072,0.6379644629140072,2,38.05259518088089,7.927623996016853,1,1,1,1.0,1,1.0,0,352,cvc-clinicdb,segformer,polypseg/runs_cv/segformer_seed42_fold4/best.pth,False
0.9012439408929437,0.8202402466161343,0.8395169187157053,0.9727685325142112,0.44091740380562244,0.44091740380562244,2,20.1295711321708,4.193660652535583,1,1,1,1.0,1,1.0,0,353,cvc-clinicdb,segformer,polypseg/runs_cv/segformer_seed42_fold4/best.pth,False
0.9256136406162911,0.8615277293237817,0.8908391440142962,0.9632133107895072,0.5471884518693046,0.5471884518693046,2,15.798636345105,3.291382571896875,1,1,1,1.0,1,1.0,0,354,cvc-clinicdb,segformer,polypseg/runs_cv/segformer_seed42_fold4/best.pth,False
0.8732663260100327,0.7750423602035778,0.9749247743107456,0.7908064680078225,0.548707704650827,0.548707704650827,2,34.00073513516949,7.083486486493644,1,1,1,1.0,1,1.0,0,355,cvc-clinicdb,segformer,polypseg/runs_cv/segformer_seed42_fold4/best.pth,False
0.8720800889829139,0.7731755423986866,0.9529597666105145,0.8038552240253884,0.40794095127493635,0.40794095127493635,2,32.07086953167324,6.681431152431925,1,1,1,1.0,1,1.0,0,356,cvc-clinicdb,segformer,polypseg/runs_cv/segformer_seed42_fold4/best.pth,False
0.9446555187161032,0.8951157991245351,0.9775128962739644,0.9139351938522479,0.6515685782137257,0.6515685782137257,2,28.705132929220476,5.980236026920933,1,1,1,1.0,1,1.0,0,357,cvc-clinicdb,segformer,polypseg/runs_cv/segformer_seed42_fold4/best.pth,False
0.8485894536314212,0.7369998966118371,0.8914592972253162,0.8096536058965399,0.5711750160567395,0.5711750160567395,2,70.18535785915543,14.621949553990714,1,1,1,1.0,1,1.0,0,358,cvc-clinicdb,segformer,polypseg/runs_cv/segformer_seed42_fold4/best.pth,False
0.9033258173576506,0.8236957080371481,0.9634268536977612,0.8502829854894739,0.5895512191767215,0.5895512191767215,2,34.176036922746285,7.12000769223881,1,1,1,1.0,1,1.0,0,359,cvc-clinicdb,segformer,polypseg/runs_cv/segformer_seed42_fold4/best.pth,False
0.9391941391826717,0.8853591160017182,0.9144079885659913,0.9653614457589016,0.6252801263876743,0.6252801263876743,2,4.47213595499958,0.9316949906249123,1,1,1,1.0,1,1.0,0,36,cvc-clinicdb,segformer,polypseg/runs_cv/segformer_seed42_fold4/best.pth,False
0.9270094783158183,0.8639493635607988,0.9277018447910396,0.9263181445228852,0.55895393111935,0.55895393111935,2,26.279199110428323,5.4748331480059,1,1,1,1.0,1,1.0,0,360,cvc-clinicdb,segformer,polypseg/runs_cv/segformer_seed42_fold4/best.pth,False
0.91094587583905,0.8364560177767826,0.8688767936593362,0.957296020343837,0.28148526504780824,0.28148526504780824,2,12.206555615733702,2.5430324199445216,1,1,1,1.0,1,1.0,0,361,cvc-clinicdb,segformer,polypseg/runs_cv/segformer_seed42_fold4/best.pth,False
0.9010466222591517,0.8199134199045464,0.9746558600157641,0.8377750746341062,0.39887270101250316,0.39887270101250316,2,19.1049731745428,3.9802027446964163,1,1,1,1.0,1,1.0,0,362,cvc-clinicdb,segformer,polypseg/runs_cv/segformer_seed42_fold4/best.pth,False
0.728123874658692,0.5724801811680362,0.764750378156978,0.6948453607769866,0.3290157391462312,0.3290157391462312,2,20.320978329734174,4.233537152027953,1,1,1,1.0,1,1.0,0,363,cvc-clinicdb,segformer,polypseg/runs_cv/segformer_seed42_fold4/best.pth,False
0.9667927700511393,0.9357200976022897,0.9587328052955927,0.974989402247775,0.9400921158996821,0.9400921158996821,2,3.0,0.625,1,1,1,1.0,1,1.0,0,364,cvc-clinicdb,segformer,polypseg/runs_cv/segformer_seed42_fold4/best.pth,False
0.9006381038992562,0.8192371475613915,0.8229904206237822,0.9944640160546319,0.532751232347967,0.532751232347967,2,6.0,1.25,1,1,1,1.0,1,1.0,0,365,cvc-clinicdb,segformer,polypseg/runs_cv/segformer_seed42_fold4/best.pth,False
0.9299802761111938,0.8691244239230819,0.9036895064253144,0.9578466226024456,0.7251523486366295,0.7251523486366295,2,3.605551275463989,0.7511565157216644,1,1,1,1.0,1,1.0,0,366,cvc-clinicdb,segformer,polypseg/runs_cv/segformer_seed42_fold4/best.pth,False
0.9633347882810273,0.92926315785561,0.9439692044078714,0.9835115864089344,0.990654155607479,0.990654155607479,2,2.0,0.4166666666666667,1,1,1,1.0,1,1.0,0,367,cvc-clinicdb,segformer,polypseg/runs_cv/segformer_seed42_fold4/best.pth,False
0.899604352104362,0.8175280898508976,0.9186868686404703,0.8812984495697046,0.6504853869120596,0.6504853869120596,2,6.4031242374328485,1.3339842161318434,1,1,1,1.0,1,1.0,0,368,cvc-clinicdb,segformer,polypseg/runs_cv/segformer_seed42_fold4/best.pth,False
0.9389485584810925,0.8849227490205155,0.8930107526401607,0.9898688914785536,0.7633842003395428,0.7633842003395428,2,3.0,0.625,1,1,1,1.0,1,1.0,0,369,cvc-clinicdb,segformer,polypseg/runs_cv/segformer_seed42_fold4/best.pth,False
0.9578121962221644,0.9190399203964801,0.9821903242825334,0.9346148981796558,0.6508943086644896,0.6508943086644896,2,4.123105625617661,0.858980338670346,1,1,1,1.0,1,1.0,0,37,cvc-clinicdb,segformer,polypseg/runs_cv/segformer_seed42_fold4/best.pth,False
0.8869064747946215,0.7967942088522857,0.8276047260565196,0.9553626781800767,0.6731821236063933,0.6731821236063933,2,8.06225774829855,1.679637030895531,1,1,1,1.0,1,1.0,0,370,cvc-clinicdb,segformer,polypseg/runs_cv/segformer_seed42_fold4/best.pth,False
0.8020756115343931,0.6695544554041117,0.673723536695285,0.9908424907517542,0.4698794683335805,0.4698794683335805,2,11.313708498984761,2.3570226039551585,1,1,1,1.0,1,1.0,0,371,cvc-clinicdb,segformer,polypseg/runs_cv/segformer_seed42_fold4/best.pth,False
0.8094079480612568,0.67983651221527,0.6844993140819959,0.9900793649811429,0.5320512322567437,0.5320512322567437,2,9.899494936611665,2.0623947784607637,1,1,1,1.0,1,1.0,0,372,cvc-clinicdb,segformer,polypseg/runs_cv/segformer_seed42_fold4/best.pth,False
0.8119494446261223,0.6834300450881089,0.6834300450881089,0.9999999999056604,0.3428316511015202,0.3428316511015202,2,7.810249675906654,1.6271353491472196,1,1,1,1.0,1,1.0,0,373,cvc-clinicdb,segformer,polypseg/runs_cv/segformer_seed42_fold4/best.pth,False
0.8119461765404679,0.6834254143268825,0.7072612921265145,0.9530046224227269,0.3841876131543685,0.3841876131543685,2,8.991640786499874,1.8732584971874737,1,1,1,1.0,1,1.0,0,374,cvc-clinicdb,segformer,polypseg/runs_cv/segformer_seed42_fold4/best.pth,False
0.851665905940134,0.7416534180650514,0.7536348949310472,0.9790136410305338,0.54684889987004,0.54684889987004,2,7.280109889280518,1.5166895602667745,1,1,1,1.0,1,1.0,0,375,cvc-clinicdb,segformer,polypseg/runs_cv/segformer_seed42_fold4/best.pth,False
0.9248299944693102,0.8601709401415326,0.8815697266684804,0.9725550830702531,0.6845011845530353,0.6845011845530353,2,5.0,1.0416666666666667,1,1,1,1.0,1,1.0,0,376,cvc-clinicdb,segformer,polypseg/runs_cv/segformer_seed42_fold4/best.pth,False
0.86642306128976,0.7643266475370943,0.7759999999717818,0.9806985293666959,0.6008771431709797,0.6008771431709797,2,10.770329614269007,2.2438186696393765,1,1,1,1.0,1,1.0,0,377,cvc-clinicdb,segformer,polypseg/runs_cv/segformer_seed42_fold4/best.pth,False
0.8529680365102063,0.7436305732188045,0.7526188557311596,0.984193888251623,0.3423284006229976,0.3423284006229976,2,8.94427190999916,1.8633899812498247,1,1,1,1.0,1,1.0,0,378,cvc-clinicdb,segformer,polypseg/runs_cv/segformer_seed42_fold4/best.pth,False
0.8742837883089221,0.7766467065403205,0.8141870683732462,0.943959243017179,0.6414686326287888,0.6414686326287888,2,6.082762530298219,1.2672421938121292,1,1,1,1.0,1,1.0,0,379,cvc-clinicdb,segformer,polypseg/runs_cv/segformer_seed42_fold4/best.pth,False
0.943043031606631,0.8922246220109671,0.9944631680068738,0.8966789667702045,0.7194215391117847,0.7194215391117847,2,6.708203932499369,1.3975424859373686,1,1,1,1.0,1,1.0,0,38,cvc-clinicdb,segformer,polypseg/runs_cv/segformer_seed42_fold4/best.pth,False
0.9607629427531128,0.9244887256987683,0.9550379197749167,0.9665570174908685,0.9895832833333359,0.9895832833333359,2,2.0,0.4166666666666667,1,1,1,1.0,1,1.0,0,380,cvc-clinicdb,segformer,polypseg/runs_cv/segformer_seed42_fold4/best.pth,False
0.9425330109551324,0.891311994340791,0.9409580393263662,0.9441132637502194,0.7837998308844778,0.7837998308844778,2,3.605551275463989,0.7511565157216644,1,1,1,1.0,1,1.0,0,381,cvc-clinicdb,segformer,polypseg/runs_cv/segformer_seed42_fold4/best.pth,False
0.9255388634728031,0.861398176265611,0.9603524228749457,0.8931610463002471,0.6324001335937113,0.6324001335937113,2,7.0710678118654755,1.473139127471974,1,1,1,1.0,1,1.0,0,382,cvc-clinicdb,segformer,polypseg/runs_cv/segformer_seed42_fold4/best.pth,False
0.9395538906701932,0.8859987154500322,0.9429254955248488,0.9362063114714555,0.7285534091196553,0.7285534091196553,2,5.656854249492381,1.1785113019775793,1,1,1,1.0,1,1.0,0,383,cvc-clinicdb,segformer,polypseg/runs_cv/segformer_seed42_fold4/best.pth,False
0.8187795947303285,0.6931641132150962,0.9617636461855442,0.712807503585858,0.49793564491027587,0.49793564491027587,2,101.70471666587655,21.18848263872428,1,1,1,1.0,1,1.0,0,384,cvc-clinicdb,segformer,polypseg/runs_cv/segformer_seed42_fold4/best.pth,False
0.8083102135604269,0.6782891174853698,0.9253496159103538,0.7175531711759993,0.4545196128789044,0.4545196128789044,2,107.98373318919157,22.49661108108158,1,1,1,1.0,1,1.0,0,385,cvc-clinicdb,segformer,polypseg/runs_cv/segformer_seed42_fold4/best.pth,False
0.8521882741518757,0.7424460431628621,0.9879056735886625,0.7492562685906315,0.3654193173797757,0.3654193173797757,2,81.92584011261657,17.067883356795118,1,1,1,1.0,1,1.0,0,386,cvc-clinicdb,segformer,polypseg/runs_cv/segformer_seed42_fold4/best.pth,False
0.7608937058571472,0.6140665328340477,0.9896585591253703,0.6180322545707759,0.3117212111156031,0.3117212111156031,2,103.80630949627412,21.62631447839044,1,1,1,1.0,1,1.0,0,387,cvc-clinicdb,segformer,polypseg/runs_cv/segformer_seed42_fold4/best.pth,False
0.8917809058759643,0.8046972937069364,0.9366952789659369,0.8509767224203573,0.4053698816096323,0.4053698816096323,2,64.21206805011636,13.377514177107575,1,1,1,1.0,1,1.0,0,388,cvc-clinicdb,segformer,polypseg/runs_cv/segformer_seed42_fold4/best.pth,False
0.9039490704316738,0.8247327255018062,0.9887366143206529,0.8325546626759832,0.5686567225529617,0.5686567225529617,2,53.2634959423431,11.096561654654812,1,1,1,1.0,1,1.0,0,389,cvc-clinicdb,segformer,polypseg/runs_cv/segformer_seed42_fold4/best.pth,False
0.9562894608917399,0.9162401116585333,0.9864729458670723,0.9278982092147056,0.8435527620714472,0.8435527620714472,2,3.0,0.625,1,1,1,1.0,1,1.0,0,39,cvc-clinicdb,segformer,polypseg/runs_cv/segformer_seed42_fold4/best.pth,False
0.9639587309463559,0.9304250320326226,0.9676792358473499,0.9602667254438428,0.6669382258631136,0.6669382258631136,2,9.022154055254965,1.8796154281781177,1,1,1,1.0,1,1.0,0,390,cvc-clinicdb,segformer,polypseg/runs_cv/segformer_seed42_fold4/best.pth,False
0.9266444103498452,0.8633154001199846,0.9032541776446218,0.9512782511865269,0.6068375568574971,0.6068375568574971,2,8.246211251235321,1.717960677340692,1,1,1,1.0,1,1.0,0,391,cvc-clinicdb,segformer,polypseg/runs_cv/segformer_seed42_fold4/best.pth,False
0.942611621892058,0.8914526028541548,0.9351377131163092,0.9502059607347927,0.5067969335779525,0.5067969335779525,2,10.420784964521063,2.170996867608555,1,1,1,1.0,1,1.0,0,392,cvc-clinicdb,segformer,polypseg/runs_cv/segformer_seed42_fold4/best.pth,False
0.935889297950134,0.8795036983908433,0.8893714561359708,0.987541862009544,0.47526160026363734,0.47526160026363734,2,7.010660171779819,1.4605542024541291,1,1,1,1.0,1,1.0,0,393,cvc-clinicdb,segformer,polypseg/runs_cv/segformer_seed42_fold4/best.pth,False
0.9569866043937754,0.9175209143287671,0.9239439961921695,0.9924802446980311,0.6893323508871981,0.6893323508871981,2,5.656854249492381,1.1785113019775793,1,1,1,1.0,1,1.0,0,394,cvc-clinicdb,segformer,polypseg/runs_cv/segformer_seed42_fold4/best.pth,False
0.9554888507677723,0.914771327687702,0.9201354476303258,0.9936674990992359,0.6670833979543256,0.6670833979543256,2,8.0,1.6666666666666667,1,1,1,1.0,1,1.0,0,395,cvc-clinicdb,segformer,polypseg/runs_cv/segformer_seed42_fold4/best.pth,False
0.9521323622239206,0.9086380072245187,0.9139254828989418,0.9936731107118306,0.6688526160947411,0.6688526160947411,2,8.0,1.6666666666666667,1,1,1,1.0,1,1.0,0,396,cvc-clinicdb,segformer,polypseg/runs_cv/segformer_seed42_fold4/best.pth,False
0.9544289838118957,0.912830375971505,0.9233134609292544,0.987714822764583,0.5893635479937538,0.5893635479937538,2,8.552751973576294,1.7818233278283946,1,1,1,1.0,1,1.0,0,397,cvc-clinicdb,segformer,polypseg/runs_cv/segformer_seed42_fold4/best.pth,False
0.9427012986988501,0.8916130300157636,0.8941611234250103,0.9968140620653841,0.41954882219413786,0.41954882219413786,2,12.529964086141668,2.6104091846128474,1,1,1,1.0,1,1.0,0,398,cvc-clinicdb,segformer,polypseg/runs_cv/segformer_seed42_fold4/best.pth,False
0.9552117923343516,0.9142635658843855,0.9256003766996892,0.9867804551456929,0.6879139989083847,0.6879139989083847,2,11.0,2.2916666666666665,1,1,1,1.0,1,1.0,0,399,cvc-clinicdb,segformer,polypseg/runs_cv/segformer_seed42_fold4/best.pth,False
0.5766940179970331,0.4051792272983161,0.9636222910110169,0.4114730878167541,0.43770063426072375,0.43770063426072375,2,78.39005038906404,16.331260497721676,1,1,1,1.0,0,0.0,0,4,cvc-clinicdb,segformer,polypseg/runs_cv/segformer_seed42_fold4/best.pth,False
0.9528461638598876,0.9099390471338483,0.9845222072545825,0.9231448763134383,0.7045383558776876,0.7045383558776876,2,5.70037866083061,1.187578887673044,1,1,1,1.0,1,1.0,0,40,cvc-clinicdb,segformer,polypseg/runs_cv/segformer_seed42_fold4/best.pth,False
0.9484242725976494,0.9019077256000283,0.9180553642622497,0.9808711006330066,0.6417071332638404,0.6417071332638404,2,7.017766952966369,1.4620347818679937,1,1,1,1.0,1,1.0,0,400,cvc-clinicdb,segformer,polypseg/runs_cv/segformer_seed42_fold4/best.pth,False
0.9630125695396506,0.9286636860315085,0.9304200676793706,0.9979713858531072,0.6897739180046626,0.6897739180046626,2,4.47213595499958,0.9316949906249123,1,1,1,1.0,1,1.0,0,401,cvc-clinicdb,segformer,polypseg/runs_cv/segformer_seed42_fold4/best.pth,False
0.9625974742910682,0.9278919709909672,0.9305537024621043,0.9969268153159168,0.6541463944044551,0.6541463944044551,2,7.211102550927978,1.5023130314433288,1,1,1,1.0,1,1.0,0,402,cvc-clinicdb,segformer,polypseg/runs_cv/segformer_seed42_fold4/best.pth,False
0.9632782849473623,0.9291580092912916,0.9333134565599949,0.9952310300869517,0.6566387615281671,0.6566387615281671,2,5.0,1.0416666666666667,1,1,1,1.0,1,1.0,0,403,cvc-clinicdb,segformer,polypseg/runs_cv/segformer_seed42_fold4/best.pth,False
0.9629359471120905,0.9285211886677639,0.9552279305268159,0.9707693721760201,0.7202348672554548,0.7202348672554548,2,7.003553390593271,1.4590736230402648,1,1,1,1.0,1,1.0,0,404,cvc-clinicdb,segformer,polypseg/runs_cv/segformer_seed42_fold4/best.pth,False
0.9431648539083858,0.8924427403804616,0.9113858835557817,0.9772400839578251,0.6176083599938568,0.6176083599938568,2,10.04987562112089,2.0937240877335186,1,1,1,1.0,1,1.0,0,405,cvc-clinicdb,segformer,polypseg/runs_cv/segformer_seed42_fold4/best.pth,False
0.95302214242493,0.9102600742982732,0.9191919191830765,0.9894377135653987,0.6461435374843407,0.6461435374843407,2,8.488217492792515,1.7683786443317737,1,1,1,1.0,1,1.0,0,406,cvc-clinicdb,segformer,polypseg/runs_cv/segformer_seed42_fold4/best.pth,False
0.9021008403323441,0.8216609261322491,0.8266594794330304,0.9926946550675726,0.4478134321926292,0.4478134321926292,2,16.8696800378321,3.5145166745483545,1,1,1,1.0,1,1.0,0,407,cvc-clinicdb,segformer,polypseg/runs_cv/segformer_seed42_fold4/best.pth,False
0.9010419664906969,0.8199057097871146,0.8318452380863961,0.9827954288461285,0.4599319014621429,0.4599319014621429,2,18.193280665046725,3.7902668052180677,1,1,1,1.0,1,1.0,0,408,cvc-clinicdb,segformer,polypseg/runs_cv/segformer_seed42_fold4/best.pth,False
0.9741192644767587,0.9495443580777622,0.9606480696845723,0.987973646596061,0.7405297537656413,0.7405297537656413,2,7.046194077712557,1.4679570995234494,1,1,1,1.0,1,1.0,0,409,cvc-clinicdb,segformer,polypseg/runs_cv/segformer_seed42_fold4/best.pth,False
0.9796047764875874,0.960024854992543,0.9766118836709522,0.9826160695148906,0.9716084920187462,0.9716084920187462,2,2.0,0.4166666666666667,1,1,1,1.0,1,1.0,0,41,cvc-clinicdb,segformer,polypseg/runs_cv/segformer_seed42_fold4/best.pth,False
0.9000828696525388,0.8183188031340187,0.949070028698676,0.8559045367459652,0.33675284936012695,0.33675284936012695,2,12.755336306085598,2.6573617304345,1,1,1,1.0,1,1.0,0,410,cvc-clinicdb,segformer,polypseg/runs_cv/segformer_seed42_fold4/best.pth,False
0.8663988822837373,0.7642890155482316,0.9878534448230216,0.7715396578418112,0.3534642213675992,0.3534642213675992,2,13.0,2.7083333333333335,1,1,1,1.0,1,1.0,0,411,cvc-clinicdb,segformer,polypseg/runs_cv/segformer_seed42_fold4/best.pth,False
0.8077317824084183,0.6774748923862629,0.9746130030758594,0.6896451000337426,0.22709898625424457,0.22709898625424457,2,18.83211164788743,3.9233565933098813,1,1,1,1.0,1,1.0,0,412,cvc-clinicdb,segformer,polypseg/runs_cv/segformer_seed42_fold4/best.pth,False
0.7590297450357734,0.6116421743385413,0.950765136372793,0.6316487402293849,0.15540607690385075,0.15540607690385075,2,28.17056274847713,5.868867239266069,1,1,1,1.0,1,1.0,0,413,cvc-clinicdb,segformer,polypseg/runs_cv/segformer_seed42_fold4/best.pth,False
0.9505002118145297,0.9056697509752665,0.9814266487180975,0.9214633221680626,0.4458322598261077,0.4458322598261077,2,15.983608258507243,3.329918387189009,1,1,1,1.0,1,1.0,0,414,cvc-clinicdb,segformer,polypseg/runs_cv/segformer_seed42_fold4/best.pth,False
0.845903578819706,0.7329574577092968,0.9842553557516626,0.7416531604490005,0.34047539541365307,0.34047539541365307,2,29.300070714994693,6.104181398957228,1,1,1,1.0,1,1.0,0,415,cvc-clinicdb,segformer,polypseg/runs_cv/segformer_seed42_fold4/best.pth,False
0.8774502237965833,0.7816581878125831,0.9829687905162706,0.7923897135633675,0.28530794303491325,0.28530794303491325,2,24.340262682346353,5.070888058822157,1,1,1,1.0,1,1.0,0,416,cvc-clinicdb,segformer,polypseg/runs_cv/segformer_seed42_fold4/best.pth,False
0.816192803194046,0.68946430246093,0.9540438789957933,0.7131489568101587,0.2766980489325999,0.2766980489325999,2,32.55764119219941,6.782841915041544,1,1,1,1.0,1,1.0,0,417,cvc-clinicdb,segformer,polypseg/runs_cv/segformer_seed42_fold4/best.pth,False
0.8057664795773548,0.6747143383583724,0.9682623644282395,0.689973614762722,0.2596479517201892,0.2596479517201892,2,16.36449980562962,3.4092707928395045,1,1,1,1.0,1,1.0,0,418,cvc-clinicdb,segformer,polypseg/runs_cv/segformer_seed42_fold4/best.pth,False
0.8598221262945714,0.7541122715355475,0.9828158230456586,0.764188384701917,0.4113485067303168,0.4113485067303168,2,30.083217912982647,6.267337065204718,1,1,1,1.0,1,1.0,0,419,cvc-clinicdb,segformer,polypseg/runs_cv/segformer_seed42_fold4/best.pth,False
0.9490761604254988,0.903087478546268,0.9809035863843983,0.9192492361280482,0.6675700703305498,0.6675700703305498,2,7.211102550927978,1.5023130314433288,1,1,1,1.0,1,1.0,0,42,cvc-clinicdb,segformer,polypseg/runs_cv/segformer_seed42_fold4/best.pth,False
0.7607851225438769,0.6139251040187854,0.9931789624753797,0.6165245974671762,0.2460435029305577,0.2460435029305577,2,45.5872689468587,9.49734769726223,1,1,1,1.0,1,1.0,0,420,cvc-clinicdb,segformer,polypseg/runs_cv/segformer_seed42_fold4/best.pth,False
0.758712487896262,0.6112302593058345,0.9945014275034947,0.6133029018544942,0.26235214662889417,0.26235214662889417,2,35.07134714747688,7.306530655724349,1,1,1,1.0,1,1.0,0,421,cvc-clinicdb,segformer,polypseg/runs_cv/segformer_seed42_fold4/best.pth,False
0.9035572590936675,0.8240806613820767,0.8404513497939892,0.9769092072326618,0.26471028141517167,0.26471028141517167,2,39.45558567946871,8.219913683222648,1,1,1,1.0,1,1.0,0,422,cvc-clinicdb,segformer,polypseg/runs_cv/segformer_seed42_fold4/best.pth,False
0.8656978708994062,0.7631986652320152,0.9792048929588745,0.7757722592321273,0.24475519487506517,0.24475519487506517,2,22.02271554554524,4.588065738655258,1,1,1,1.0,1,1.0,0,423,cvc-clinicdb,segformer,polypseg/runs_cv/segformer_seed42_fold4/best.pth,False
0.9127516778332058,0.8395061728071178,0.9890909090459504,0.8473520248891219,0.5840054981403484,0.5840054981403484,2,5.385164807134504,1.1219093348196882,1,1,1,1.0,1,1.0,0,424,cvc-clinicdb,segformer,polypseg/runs_cv/segformer_seed42_fold4/best.pth,False
0.7769558394804539,0.6352639295954816,0.9988472621902681,0.6357300073134362,0.2953224590605745,0.2953224590605745,2,12.952079728939603,2.6983499435290836,1,1,1,1.0,1,1.0,0,425,cvc-clinicdb,segformer,polypseg/runs_cv/segformer_seed42_fold4/best.pth,False
0.8283342422539639,0.7069714522061753,0.9944711188564751,0.7097611630248207,0.3431692802423545,0.3431692802423545,2,25.0,5.208333333333333,1,1,1,1.0,1,1.0,0,426,cvc-clinicdb,segformer,polypseg/runs_cv/segformer_seed42_fold4/best.pth,False
0.9214928133104081,0.8544150884509826,0.9623419943735749,0.883970327359426,0.5896100466428486,0.5896100466428486,2,23.074819089048457,4.807253976885095,1,1,1,1.0,1,1.0,0,427,cvc-clinicdb,segformer,polypseg/runs_cv/segformer_seed42_fold4/best.pth,False
0.9188880426460448,0.8499471644870558,0.9821919202098077,0.8632501565077967,0.6124837057077364,0.6124837057077364,2,14.7648230602334,3.076004804215292,1,1,1,1.0,1,1.0,0,428,cvc-clinicdb,segformer,polypseg/runs_cv/segformer_seed42_fold4/best.pth,False
0.9104761904707709,0.8356643356552046,0.8379533252893836,0.9967418219601624,0.23486677827038796,0.23486677827038796,2,8.94427190999916,1.8633899812498247,1,1,1,1.0,1,1.0,0,429,cvc-clinicdb,segformer,polypseg/runs_cv/segformer_seed42_fold4/best.pth,False
0.9362494183253954,0.8801399824867867,0.9648954536549992,0.9092552422106064,0.6528400676806738,0.6528400676806738,2,7.413437828395944,1.544466214249155,1,1,1,1.0,1,1.0,0,43,cvc-clinicdb,segformer,polypseg/runs_cv/segformer_seed42_fold4/best.pth,False
0.905134137946938,0.8267077907147965,0.8267077907147965,0.9999999999861822,0.2086783203232908,0.2086783203232908,2,8.94427190999916,1.8633899812498247,1,1,1,1.0,1,1.0,0,430,cvc-clinicdb,segformer,polypseg/runs_cv/segformer_seed42_fold4/best.pth,False
0.8896425038795418,0.8012216848969048,0.8030612244795529,0.9971491922553508,0.2257085700950154,0.2257085700950154,2,10.63014581273465,2.2146137109863853,1,1,1,1.0,1,1.0,0,431,cvc-clinicdb,segformer,polypseg/runs_cv/segformer_seed42_fold4/best.pth,False
0.9321353065489845,0.8728964561386566,0.8812712372488379,0.9892304240409554,0.3936102683723097,0.3936102683723097,2,9.704047873279706,2.0216766402666053,1,1,1,1.0,1,1.0,0,432,cvc-clinicdb,segformer,polypseg/runs_cv/segformer_seed42_fold4/best.pth,False
0.9480731881787382,0.9012729569439192,0.9022373540768264,0.9988154210532111,0.5403764563012432,0.5403764563012432,2,7.703287562383142,1.604851575496488,1,1,1,1.0,1,1.0,0,433,cvc-clinicdb,segformer,polypseg/runs_cv/segformer_seed42_fold4/best.pth,False
0.9477819296687372,0.9007466763713281,0.9068573523935931,0.9925747541541985,0.42526310792155714,0.42526310792155714,2,5.313628483749074,1.1070059341143905,1,1,1,1.0,1,1.0,0,434,cvc-clinicdb,segformer,polypseg/runs_cv/segformer_seed42_fold4/best.pth,False
0.9267849573007522,0.8635594176632032,0.8756150589212082,0.9843066632237676,0.3019765032147186,0.3019765032147186,2,8.858785249260027,1.8455802602625055,1,1,1,1.0,1,1.0,0,435,cvc-clinicdb,segformer,polypseg/runs_cv/segformer_seed42_fold4/best.pth,False
0.9130864197474501,0.8400726942203535,0.8405500624975503,0.9993244156060084,0.182606746297996,0.182606746297996,2,8.200222875501128,1.7083797657294015,1,1,1,1.0,1,1.0,0,436,cvc-clinicdb,segformer,polypseg/runs_cv/segformer_seed42_fold4/best.pth,False
0.9329824110865773,0.8743833473604333,0.8745938139261692,0.9997248589764792,0.43707937812441255,0.43707937812441255,2,6.708203932499369,1.3975424859373686,1,1,1,1.0,1,1.0,0,437,cvc-clinicdb,segformer,polypseg/runs_cv/segformer_seed42_fold4/best.pth,False
0.8525950281140258,0.7430637386141239,0.8957257231347124,0.8134271474593173,0.4097354174837482,0.4097354174837482,2,135.3569980061276,28.19937458460992,1,3,1,1.0,1,1.0,2,438,cvc-clinicdb,segformer,polypseg/runs_cv/segformer_seed42_fold4/best.pth,False
0.9548681211269627,0.9136340976954931,0.9458134434144522,0.964097843227721,0.668286099726436,0.668286099726436,2,5.0,1.0416666666666667,1,1,1,1.0,1,1.0,0,439,cvc-clinicdb,segformer,polypseg/runs_cv/segformer_seed42_fold4/best.pth,False
0.9685899624390087,0.9390930155474004,0.9672690078308072,0.9699145299034767,0.7539493476914921,0.7539493476914921,2,3.1622776601683795,0.6588078458684125,1,1,1,1.0,1,1.0,0,44,cvc-clinicdb,segformer,polypseg/runs_cv/segformer_seed42_fold4/best.pth,False
0.9370186547925977,0.8815005635021494,0.9473957431917738,0.9268664296440348,0.7553261404123537,0.7553261404123537,2,15.129966740535584,3.152076404278247,1,1,1,1.0,1,1.0,0,440,cvc-clinicdb,segformer,polypseg/runs_cv/segformer_seed42_fold4/best.pth,False
0.9022837888262396,0.8219645293034801,0.8341986846370995,0.9824704443138007,0.6184816381086388,0.6184816381086388,2,8.380217873572311,1.7458787236608981,1,1,1,1.0,1,1.0,0,441,cvc-clinicdb,segformer,polypseg/runs_cv/segformer_seed42_fold4/best.pth,False
0.883841223424223,0.7918597622246251,0.8140016569839685,0.9667896678728958,0.3394212027106336,0.3394212027106336,2,8.0,1.6666666666666667,1,1,1,1.0,1,1.0,0,442,cvc-clinicdb,segformer,polypseg/runs_cv/segformer_seed42_fold4/best.pth,False
0.9463627473034953,0.8981864914908155,0.9024390243772964,0.9947809583900873,0.6192623075917792,0.6192623075917792,2,5.789404300103026,1.2061258958547971,1,1,1,1.0,1,1.0,0,443,cvc-clinicdb,segformer,polypseg/runs_cv/segformer_seed42_fold4/best.pth,False
0.9527677694008989,0.9097960715512349,0.921556203257869,0.9861676159345516,0.6057187890697543,0.6057187890697543,2,5.0,1.0416666666666667,1,1,1,1.0,1,1.0,0,444,cvc-clinicdb,segformer,polypseg/runs_cv/segformer_seed42_fold4/best.pth,False
0.9577795152428823,0.9189797449299667,0.9605788423085216,0.9549964564071226,0.6557636216511568,0.6557636216511568,2,7.873251694004628,1.6402607695842975,1,1,1,1.0,1,1.0,0,445,cvc-clinicdb,segformer,polypseg/runs_cv/segformer_seed42_fold4/best.pth,False
0.9376788061511726,0.8826697721749569,0.9575207264038095,0.9186425270743228,0.5849054962770688,0.5849054962770688,2,14.317821063276353,2.9828793881825737,1,1,1,1.0,1,1.0,0,446,cvc-clinicdb,segformer,polypseg/runs_cv/segformer_seed42_fold4/best.pth,False
0.9347121469218288,0.8774268327766611,0.8817705299684983,0.9944170771430405,0.742790512209552,0.742790512209552,2,5.0,1.0416666666666667,1,1,1,1.0,1,1.0,0,447,cvc-clinicdb,segformer,polypseg/runs_cv/segformer_seed42_fold4/best.pth,False
0.9261867285152332,0.8625212158484413,0.9759078212120128,0.8812864574983243,0.53081796919015,0.53081796919015,2,7.0,1.4583333333333333,1,1,1,1.0,1,1.0,0,448,cvc-clinicdb,segformer,polypseg/runs_cv/segformer_seed42_fold4/best.pth,False
0.926534140007276,0.8631239935414026,0.9803383630319996,0.878328553853373,0.7940530911493141,0.7940530911493141,2,14.78960650512914,3.0811680219019038,1,1,1,1.0,1,1.0,0,449,cvc-clinicdb,segformer,polypseg/runs_cv/segformer_seed42_fold4/best.pth,False
0.9697757555982306,0.9413249211207994,0.9908683380210714,0.9495624502633324,0.8371176389060621,0.8371176389060621,2,4.0,0.8333333333333334,1,1,1,1.0,1,1.0,0,45,cvc-clinicdb,segformer,polypseg/runs_cv/segformer_seed42_fold4/best.pth,False
0.9608501118389103,0.9246501614307625,0.9892514395013724,0.9340340702814776,0.9398846604036104,0.9398846604036104,2,2.23606797749979,0.4658474953124562,1,1,1,1.0,1,1.0,0,450,cvc-clinicdb,segformer,polypseg/runs_cv/segformer_seed42_fold4/best.pth,False
0.9390924532652489,0.8851784080107421,0.9857361181362335,0.8966635773449183,0.8269595045563245,0.8269595045563245,2,4.0,0.8333333333333334,1,1,1,1.0,1,1.0,0,451,cvc-clinicdb,segformer,polypseg/runs_cv/segformer_seed42_fold4/best.pth,False
0.9334296028746075,0.8751692390773039,0.9966080789085228,0.87778381312119,0.67430253605251,0.67430253605251,2,5.0,1.0416666666666667,1,1,1,1.0,1,1.0,0,452,cvc-clinicdb,segformer,polypseg/runs_cv/segformer_seed42_fold4/best.pth,False
0.9431632009963055,0.8924397805654081,0.9641844885090394,0.9230389738302162,0.7375397167245091,0.7375397167245091,2,6.0,1.25,1,1,1,1.0,1,1.0,0,453,cvc-clinicdb,segformer,polypseg/runs_cv/segformer_seed42_fold4/best.pth,False
0.9434561626354553,0.8929645219348622,0.9745693190980382,0.9142681237353507,0.7874727240744002,0.7874727240744002,2,10.809705194573523,2.2520219155361505,1,1,1,1.0,1,1.0,0,454,cvc-clinicdb,segformer,polypseg/runs_cv/segformer_seed42_fold4/best.pth,False
0.9562127464411038,0.9160992751931023,0.9221755471929893,0.9928588431207704,0.5976068184604398,0.5976068184604398,2,4.47213595499958,0.9316949906249123,1,1,1,1.0,1,1.0,0,455,cvc-clinicdb,segformer,polypseg/runs_cv/segformer_seed42_fold4/best.pth,False
0.9655203825963765,0.9333392039368321,0.9587516960564563,0.9723853210919964,0.6575223185533445,0.6575223185533445,2,5.0,1.0416666666666667,1,1,1,1.0,1,1.0,0,456,cvc-clinicdb,segformer,polypseg/runs_cv/segformer_seed42_fold4/best.pth,False
0.779899247460788,0.6392088897885695,0.9928741092479355,0.6421548545612232,0.5621681409239951,0.5621681409239951,2,45.47801442399599,9.474586338332497,1,1,1,1.0,1,1.0,0,457,cvc-clinicdb,segformer,polypseg/runs_cv/segformer_seed42_fold4/best.pth,False
0.9382356237984728,0.8836570945759363,0.9712230215601945,0.9074154379681827,0.6427503237413486,0.6427503237413486,2,6.082762530298219,1.2672421938121292,1,1,1,1.0,1,1.0,0,458,cvc-clinicdb,segformer,polypseg/runs_cv/segformer_seed42_fold4/best.pth,False
0.9463263358665752,0.8981208965157772,0.9458750595864122,0.9467780429368311,0.7439999500032034,0.7439999500032034,2,4.0,0.8333333333333334,1,1,1,1.0,1,1.0,0,459,cvc-clinicdb,segformer,polypseg/runs_cv/segformer_seed42_fold4/best.pth,False
0.9589797741778979,0.9211922596610301,0.9884460816981171,0.9312194352274614,0.7673423636863085,0.7673423636863085,2,5.0,1.0416666666666667,1,1,1,1.0,1,1.0,0,46,cvc-clinicdb,segformer,polypseg/runs_cv/segformer_seed42_fold4/best.pth,False
0.9355521354277072,0.8789083679580895,0.9664149443369154,0.9065995525558054,0.5815116698709203,0.5815116698709203,2,9.0,1.875,1,1,1,1.0,1,1.0,0,460,cvc-clinicdb,segformer,polypseg/runs_cv/segformer_seed42_fold4/best.pth,False
0.9334146899478802,0.8751430205824493,0.9376340790539743,0.9292331055287892,0.5718231544198938,0.5718231544198938,2,9.0,1.875,1,1,1,1.0,1,1.0,0,461,cvc-clinicdb,segformer,polypseg/runs_cv/segformer_seed42_fold4/best.pth,False
0.9496442633076628,0.9041167959896868,0.9982573337060956,0.9055460413528449,0.6297300656855677,0.6297300656855677,2,7.211102550927978,1.5023130314433288,1,1,1,1.0,1,1.0,0,462,cvc-clinicdb,segformer,polypseg/runs_cv/segformer_seed42_fold4/best.pth,False
0.9499977697446362,0.9047578589557794,0.9916193313996496,0.9117294520469885,0.5518637686503219,0.5518637686503219,2,10.0,2.0833333333333335,1,1,1,1.0,1,1.0,0,463,cvc-clinicdb,segformer,polypseg/runs_cv/segformer_seed42_fold4/best.pth,False
0.9669616519116992,0.9360365505318556,0.9712017065540269,0.9627584586353058,0.7419737906676445,0.7419737906676445,2,5.385164807134504,1.1219093348196882,1,1,1,1.0,1,1.0,0,464,cvc-clinicdb,segformer,polypseg/runs_cv/segformer_seed42_fold4/best.pth,False
0.9113070072820396,0.8370651904417329,0.99508889106183,0.8405376254804567,0.6097089875932061,0.6097089875932061,2,23.112684851929732,4.81514267748536,1,1,1,1.0,1,1.0,0,465,cvc-clinicdb,segformer,polypseg/runs_cv/segformer_seed42_fold4/best.pth,False
0.9093410503301421,0.8337538059953565,0.9847924373100616,0.8446285361695194,0.5083768328991973,0.5083768328991973,2,14.317821063276353,2.9828793881825737,1,1,1,1.0,1,1.0,0,466,cvc-clinicdb,segformer,polypseg/runs_cv/segformer_seed42_fold4/best.pth,False
0.8671162665181165,0.765406229157392,0.9227236192338646,0.8178302462770421,0.5445809274849684,0.5445809274849684,2,89.01866621063331,18.545555460548606,1,1,1,1.0,1,1.0,0,467,cvc-clinicdb,segformer,polypseg/runs_cv/segformer_seed42_fold4/best.pth,False
0.8066098870542185,0.6758979132675828,0.890899795491913,0.7368910690059464,0.44129790173988515,0.44129790173988515,2,82.80489110979467,17.25101898120722,1,1,1,1.0,1,1.0,0,468,cvc-clinicdb,segformer,polypseg/runs_cv/segformer_seed42_fold4/best.pth,False
0.8646869680315313,0.7616286818555136,0.8738435660151858,0.8557202755251893,0.3454037366698826,0.3454037366698826,2,59.05926135606391,12.304012782513315,1,1,1,1.0,1,1.0,0,469,cvc-clinicdb,segformer,polypseg/runs_cv/segformer_seed42_fold4/best.pth,False
0.9691160809324759,0.9400826446192704,0.9755384465356637,0.9627777243343004,0.7199155024284901,0.7199155024284901,2,3.361750787051399,0.7003647473023747,1,1,1,1.0,1,1.0,0,47,cvc-clinicdb,segformer,polypseg/runs_cv/segformer_seed42_fold4/best.pth,False
0.5968715518881231,0.4253862521933075,0.8432055748974289,0.46192485432527697,0.1927548604709753,0.1927548604709753,2,111.12964561916196,23.152009503992076,1,1,1,1.0,0,0.0,0,470,cvc-clinicdb,segformer,polypseg/runs_cv/segformer_seed42_fold4/best.pth,False
0.916113137361619,0.8452110353396389,0.953635723619865,0.8814315593730818,0.484370950678278,0.484370950678278,2,56.41182690069666,11.752463937645137,1,1,1,1.0,1,1.0,0,471,cvc-clinicdb,segformer,polypseg/runs_cv/segformer_seed42_fold4/best.pth,False
0.8714369639269852,0.7721650772466073,0.9473253972260393,0.8068053259037211,0.3840154661263627,0.3840154661263627,2,62.0,12.916666666666666,1,1,1,1.0,1,1.0,0,472,cvc-clinicdb,segformer,polypseg/runs_cv/segformer_seed42_fold4/best.pth,False
0.9365988189066321,0.8807577380567133,0.9441556871694418,0.9291619580031573,0.6250905954806442,0.6250905954806442,2,30.482345465897364,6.350488638728618,1,1,1,1.0,1,1.0,0,473,cvc-clinicdb,segformer,polypseg/runs_cv/segformer_seed42_fold4/best.pth,False
0.9165557979859599,0.8459649295110468,0.9193445073079997,0.9137839558525371,0.4746756324914766,0.4746756324914766,2,37.20954118648568,7.751987747184517,1,1,1,1.0,1,1.0,0,474,cvc-clinicdb,segformer,polypseg/runs_cv/segformer_seed42_fold4/best.pth,False
0.9116916526192856,0.8377144720184304,0.9640729796868623,0.8647090993190665,0.3976350728790037,0.3976350728790037,2,40.18920652385194,8.37275135913582,1,1,1,1.0,1,1.0,0,475,cvc-clinicdb,segformer,polypseg/runs_cv/segformer_seed42_fold4/best.pth,False
0.8865270396975968,0.7961819202657862,0.9136107382501282,0.8610028841731467,0.2883057004203763,0.2883057004203763,2,97.07591578684156,20.22414912225866,1,1,1,1.0,1,1.0,0,476,cvc-clinicdb,segformer,polypseg/runs_cv/segformer_seed42_fold4/best.pth,False
0.8795998756067182,0.7850765601110927,0.8984594208221798,0.8615158129810573,0.44456502071312953,0.44456502071312953,2,96.95538568426312,20.199038684221485,1,1,1,1.0,1,1.0,0,477,cvc-clinicdb,segformer,polypseg/runs_cv/segformer_seed42_fold4/best.pth,False
0.9026800859416427,0.8226225318404607,0.9272803308353362,0.8793513704024,0.3958640382478809,0.3958640382478809,2,90.14964163584378,18.78117534080079,1,1,1,1.0,1,1.0,0,478,cvc-clinicdb,segformer,polypseg/runs_cv/segformer_seed42_fold4/best.pth,False
0.9675730450910106,0.9371830525059317,0.943822075777354,0.9925502425445105,0.7108640837124633,0.7108640837124633,2,6.708203932499369,1.3975424859373686,1,1,1,1.0,1,1.0,0,479,cvc-clinicdb,segformer,polypseg/runs_cv/segformer_seed42_fold4/best.pth,False
0.9596491227976641,0.922428330505482,0.9441887226516267,0.9756242568177641,0.754135394656407,0.754135394656407,2,5.0990195135927845,1.0622957319984967,1,1,1,1.0,1,1.0,0,48,cvc-clinicdb,segformer,polypseg/runs_cv/segformer_seed42_fold4/best.pth,False
0.9055881158216631,0.827465535520533,0.8321424762672915,0.9932535641484644,0.48938340898098653,0.48938340898098653,2,30.050752514761186,6.2605734405752465,1,1,1,1.0,1,1.0,0,480,cvc-clinicdb,segformer,polypseg/runs_cv/segformer_seed42_fold4/best.pth,False
0.9228639970445873,0.8567757409579305,0.8573632778966949,0.9992007991941445,0.3529118952132718,0.3529118952132718,2,24.403579335774598,5.084079028286374,1,1,1,1.0,1,1.0,0,481,cvc-clinicdb,segformer,polypseg/runs_cv/segformer_seed42_fold4/best.pth,False
0.9600143045507252,0.9231033741632362,0.9293751081836188,0.9927425692183574,0.6113846339736189,0.6113846339736189,2,13.341664064126334,2.7795133466929864,1,1,1,1.0,1,1.0,0,482,cvc-clinicdb,segformer,polypseg/runs_cv/segformer_seed42_fold4/best.pth,False
0.970708477467607,0.9430841080662429,0.9604818634381201,0.9811552084234804,0.658488778912734,0.658488778912734,2,9.04061730155197,1.883461937823327,1,1,1,1.0,1,1.0,0,483,cvc-clinicdb,segformer,polypseg/runs_cv/segformer_seed42_fold4/best.pth,False
0.9475231908441,0.9002794005542276,0.9363343371853102,0.9589826839774946,0.40098316130609324,0.40098316130609324,2,13.813967058227075,2.877909803797307,1,1,1,1.0,1,1.0,0,484,cvc-clinicdb,segformer,polypseg/runs_cv/segformer_seed42_fold4/best.pth,False
0.8606402285945838,0.7553717887836008,0.9821963687556654,0.765858016625896,0.4871432556837648,0.4871432556837648,2,36.0284555011038,7.505928229396625,1,1,1,1.0,1,1.0,0,485,cvc-clinicdb,segformer,polypseg/runs_cv/segformer_seed42_fold4/best.pth,False
0.9445301861012751,0.8948907620695873,0.9803995476633924,0.9111928533734246,0.581700947591796,0.581700947591796,2,5.674264014027667,1.182138336255764,1,1,1,1.0,1,1.0,0,486,cvc-clinicdb,segformer,polypseg/runs_cv/segformer_seed42_fold4/best.pth,False
0.9730304238033168,0.9474773609232645,0.9929501084508952,0.9538942432842415,0.7785656135558741,0.7785656135558741,2,5.0,1.0416666666666667,1,1,1,1.0,1,1.0,0,487,cvc-clinicdb,segformer,polypseg/runs_cv/segformer_seed42_fold4/best.pth,False
0.9751080888176338,0.9514252948808041,0.9802514980084374,0.9700183731337062,0.7880304540696685,0.7880304540696685,2,3.6449961479175768,0.7593741974828284,1,1,1,1.0,1,1.0,0,488,cvc-clinicdb,segformer,polypseg/runs_cv/segformer_seed42_fold4/best.pth,False
0.941964548611769,0.8902958283447241,0.8921330767704282,0.9976921877405343,0.6963149590639818,0.6963149590639818,2,35.0,7.291666666666667,1,1,1,1.0,1,1.0,0,489,cvc-clinicdb,segformer,polypseg/runs_cv/segformer_seed42_fold4/best.pth,False
0.9734854936639216,0.9483407079541112,0.9819035620091409,0.9652105381562124,0.908912830887672,0.908912830887672,2,2.23606797749979,0.4658474953124562,1,1,1,1.0,1,1.0,0,49,cvc-clinicdb,segformer,polypseg/runs_cv/segformer_seed42_fold4/best.pth,False
0.965859831706474,0.9339738086958521,0.9883453487678765,0.9443746768099572,0.42061485830222867,0.42061485830222867,2,13.863346641378328,2.8881972169538184,1,1,1,1.0,1,1.0,0,490,cvc-clinicdb,segformer,polypseg/runs_cv/segformer_seed42_fold4/best.pth,False
0.9019527967999034,0.8214153218288749,0.9551876617722433,0.8543384941838887,0.41949773437804017,0.41949773437804017,2,45.56422677640841,9.492547245085087,1,1,1,1.0,1,1.0,0,491,cvc-clinicdb,segformer,polypseg/runs_cv/segformer_seed42_fold4/best.pth,False
0.9660241538540664,0.9342811608751288,0.9497356753029087,0.9828810941937662,0.5162584904687717,0.5162584904687717,2,7.0,1.4583333333333333,1,1,1,1.0,1,1.0,0,492,cvc-clinicdb,segformer,polypseg/runs_cv/segformer_seed42_fold4/best.pth,False
0.9689125267668347,0.939699639380382,0.9532762213431197,0.9850703416547753,0.6201483056945283,0.6201483056945283,2,6.570918069719421,1.3689412645248793,1,1,1,1.0,1,1.0,0,493,cvc-clinicdb,segformer,polypseg/runs_cv/segformer_seed42_fold4/best.pth,False
0.9708889758032886,0.9434249104086033,0.9754125968284753,0.9664071190157597,0.6162991448256779,0.6162991448256779,2,4.242640687119285,0.8838834764831843,1,1,1,1.0,1,1.0,0,494,cvc-clinicdb,segformer,polypseg/runs_cv/segformer_seed42_fold4/best.pth,False
0.9679769894511794,0.9379412857630158,0.9563775872639777,0.9798612122046884,0.7647298623316319,0.7647298623316319,2,12.312062696201286,2.565013061708601,1,1,1,1.0,1,1.0,0,495,cvc-clinicdb,segformer,polypseg/runs_cv/segformer_seed42_fold4/best.pth,False
0.9491786843501473,0.9032731542594878,0.9221778221732159,0.9778083787883173,0.6633909492684327,0.6633909492684327,2,22.43080177462357,4.673083703046577,1,1,1,1.0,1,1.0,0,496,cvc-clinicdb,segformer,polypseg/runs_cv/segformer_seed42_fold4/best.pth,False
0.9504375303828994,0.9055559415435616,0.9149643149621739,0.9887722847364047,0.5664105103026595,0.5664105103026595,2,29.0,6.041666666666667,1,1,1,1.0,1,1.0,0,497,cvc-clinicdb,segformer,polypseg/runs_cv/segformer_seed42_fold4/best.pth,False
0.970304225935399,0.9423212665088826,0.9635345064580577,0.9771697455525369,0.6673305611781293,0.6673305611781293,2,12.529964086141668,2.6104091846128474,1,1,1,1.0,1,1.0,0,498,cvc-clinicdb,segformer,polypseg/runs_cv/segformer_seed42_fold4/best.pth,False
0.9741050887991642,0.9495174195366168,0.9574183278428514,0.9913838315689242,0.7371168523240089,0.7371168523240089,2,11.661903789690601,2.4295632895188755,1,1,1,1.0,1,1.0,0,499,cvc-clinicdb,segformer,polypseg/runs_cv/segformer_seed42_fold4/best.pth,False
0.6280538414325428,0.4577831553450587,0.9679644048835598,0.46482559692075837,0.46158838700837823,0.46158838700837823,2,68.00588179636482,14.167892040909338,1,1,1,1.0,0,0.0,0,5,cvc-clinicdb,segformer,polypseg/runs_cv/segformer_seed42_fold4/best.pth,False
0.9291756510046579,0.867719950406824,0.907941653131023,0.9514266304024652,0.5887684328861321,0.5887684328861321,2,4.123105625617661,0.858980338670346,1,1,1,1.0,1,1.0,0,50,cvc-clinicdb,segformer,polypseg/runs_cv/segformer_seed42_fold4/best.pth,False
0.9359197066173328,0.8795574097534339,0.8895615483343143,0.9873752799770082,0.4984169762677159,0.4984169762677159,2,14.866068747318506,3.0970976556913556,1,1,1,1.0,1,1.0,0,500,cvc-clinicdb,segformer,polypseg/runs_cv/segformer_seed42_fold4/best.pth,False
0.969954599343657,0.9416619876421018,0.9498216004930066,0.9909595840168343,0.6572140752468468,0.6572140752468468,2,5.804837248042367,1.2093410933421598,1,1,1,1.0,1,1.0,0,501,cvc-clinicdb,segformer,polypseg/runs_cv/segformer_seed42_fold4/best.pth,False
0.9555888346035019,0.9149546330641956,0.9210601041130096,0.9928072233791113,0.6750498858335118,0.6750498858335118,2,21.886422783078775,4.5596714131414116,1,1,1,1.0,1,1.0,0,502,cvc-clinicdb,segformer,polypseg/runs_cv/segformer_seed42_fold4/best.pth,False
0.9762521681385549,0.9536060910268005,0.9600320080822101,0.9930298409889217,0.7724567982658289,0.7724567982658289,2,9.195291509425441,1.9156857311303002,1,1,1,1.0,1,1.0,0,503,cvc-clinicdb,segformer,polypseg/runs_cv/segformer_seed42_fold4/best.pth,False
0.9624150943347802,0.9275530986235325,0.9774144098009461,0.9478691773939755,0.6065026381216636,0.6065026381216636,2,4.123105625617661,0.858980338670346,1,1,1,1.0,1,1.0,0,504,cvc-clinicdb,segformer,polypseg/runs_cv/segformer_seed42_fold4/best.pth,False
0.9613603281693749,0.9255956172701898,0.9678923527779916,0.9549158780168577,0.5542188455045312,0.5542188455045312,2,7.211102550927978,1.5023130314433288,1,1,1,1.0,1,1.0,0,505,cvc-clinicdb,segformer,polypseg/runs_cv/segformer_seed42_fold4/best.pth,False
0.9769929113283321,0.9550206661782927,0.9874760032887204,0.9667300592885855,0.6269469612928099,0.6269469612928099,2,8.54400374531753,1.7800007802744855,1,1,1,1.0,1,1.0,0,506,cvc-clinicdb,segformer,polypseg/runs_cv/segformer_seed42_fold4/best.pth,False
0.9722538958558965,0.9460059171575061,0.9797375769083008,0.9648836756522805,0.5201874049481041,0.5201874049481041,2,8.028015986734342,1.6725033305696546,1,1,1,1.0,1,1.0,0,507,cvc-clinicdb,segformer,polypseg/runs_cv/segformer_seed42_fold4/best.pth,False
0.9482317979169443,0.9015596744976178,0.9267499273835216,0.970733191353996,0.5371938761103251,0.5371938761103251,2,21.7696004152504,4.535333419843834,1,1,1,1.0,1,1.0,0,508,cvc-clinicdb,segformer,polypseg/runs_cv/segformer_seed42_fold4/best.pth,False
0.9287414696043138,0.866962962956541,0.9211396190703515,0.9364698351661348,0.49053351327079164,0.49053351327079164,2,77.28678116142976,16.10141274196453,1,2,1,1.0,1,1.0,1,509,cvc-clinicdb,segformer,polypseg/runs_cv/segformer_seed42_fold4/best.pth,False
0.5807144775562526,0.4091597274636957,0.4091597274636957,0.999999999907493,0.15572854255811414,0.15572854255811414,2,141.91070910375635,29.564731063282572,1,2,1,1.0,1,1.0,1,51,cvc-clinicdb,segformer,polypseg/runs_cv/segformer_seed42_fold4/best.pth,False
0.9429313151716331,0.8920246420172159,0.9580650929814193,0.9282682144942539,0.41599549298763316,0.41599549298763316,2,7.0710678118654755,1.473139127471974,1,1,1,1.0,1,1.0,0,510,cvc-clinicdb,segformer,polypseg/runs_cv/segformer_seed42_fold4/best.pth,False
0.9314285714215682,0.8716577539984287,0.9805287319775127,0.8870113131764713,0.4480426659816636,0.4480426659816636,2,9.219544457292887,1.920738428602685,1,1,1,1.0,1,1.0,0,511,cvc-clinicdb,segformer,polypseg/runs_cv/segformer_seed42_fold4/best.pth,False
0.9229669631438773,0.8569532517201452,0.9715766594052571,0.8789895628365,0.5559946799460537,0.5559946799460537,2,9.848857801796104,2.0518453753741883,1,1,1,1.0,1,1.0,0,512,cvc-clinicdb,segformer,polypseg/runs_cv/segformer_seed42_fold4/best.pth,False
0.9046754120356227,0.8259427588646856,0.9497175141108797,0.8637122671693808,0.4319544682476156,0.4319544682476156,2,12.529964086141668,2.6104091846128474,1,1,1,1.0,1,1.0,0,513,cvc-clinicdb,segformer,polypseg/runs_cv/segformer_seed42_fold4/best.pth,False
0.9588612238861279,0.9209735012129207,0.9760007966443337,0.9423132391025639,0.7088410015423862,0.7088410015423862,2,5.385164807134504,1.1219093348196882,1,1,1,1.0,1,1.0,0,514,cvc-clinicdb,segformer,polypseg/runs_cv/segformer_seed42_fold4/best.pth,False
0.9588132635197276,0.9208850150751939,0.9520563770684836,0.965666744774248,0.7407939952289864,0.7407939952289864,2,4.47213595499958,0.9316949906249123,1,1,1,1.0,1,1.0,0,515,cvc-clinicdb,segformer,polypseg/runs_cv/segformer_seed42_fold4/best.pth,False
0.975785165062638,0.9527153208265278,0.9915260825546798,0.9605362253279067,0.81765010972373,0.81765010972373,2,3.18444134093314,0.6634252793610709,1,1,1,1.0,1,1.0,0,516,cvc-clinicdb,segformer,polypseg/runs_cv/segformer_seed42_fold4/best.pth,False
0.9668858194042651,0.9358944418386747,0.9777967548984042,0.9562157002987804,0.7508604153759456,0.7508604153759456,2,3.1622776601683795,0.6588078458684125,1,1,1,1.0,1,1.0,0,517,cvc-clinicdb,segformer,polypseg/runs_cv/segformer_seed42_fold4/best.pth,False
0.9647907647838038,0.9319765820890441,0.9667437825192778,0.9628456221059498,0.7434664317980004,0.7434664317980004,2,3.1622776601683795,0.6588078458684125,1,1,1,1.0,1,1.0,0,518,cvc-clinicdb,segformer,polypseg/runs_cv/segformer_seed42_fold4/best.pth,False
0.9727257133027253,0.9468996994269904,0.9706721442373007,0.9747879899096104,0.6799433970080684,0.6799433970080684,2,5.0,1.0416666666666667,1,1,1,1.0,1,1.0,0,519,cvc-clinicdb,segformer,polypseg/runs_cv/segformer_seed42_fold4/best.pth,False
0.0,0.0,0.0,0.0,0.0,0.0,2,,,1,0,0,0.0,0,0.0,0,52,cvc-clinicdb,segformer,polypseg/runs_cv/segformer_seed42_fold4/best.pth,False
0.9794188313137961,0.9596677475193902,0.9692252478535318,0.9898291107298766,0.7409058372637072,0.7409058372637072,2,3.1622776601683795,0.6588078458684125,1,1,1,1.0,1,1.0,0,520,cvc-clinicdb,segformer,polypseg/runs_cv/segformer_seed42_fold4/best.pth,False
0.9581555961763246,0.9196724507611651,0.9886816180990495,0.9294581280696604,0.6524877548815724,0.6524877548815724,2,5.0990195135927845,1.0622957319984967,1,1,1,1.0,1,1.0,0,521,cvc-clinicdb,segformer,polypseg/runs_cv/segformer_seed42_fold4/best.pth,False
0.9353517116801934,0.8785546569152289,0.9727036395006831,0.9007623378239834,0.658924887166909,0.658924887166909,2,11.40175425099138,2.3753654689565376,1,1,1,1.0,1,1.0,0,522,cvc-clinicdb,segformer,polypseg/runs_cv/segformer_seed42_fold4/best.pth,False
0.9468497745995716,0.8990643041827779,0.9653698161401161,0.9290269491682982,0.603833815816742,0.603833815816742,2,3.1622776601683795,0.6588078458684125,1,1,1,1.0,1,1.0,0,523,cvc-clinicdb,segformer,polypseg/runs_cv/segformer_seed42_fold4/best.pth,False
0.9754079521924068,0.9519964109418673,0.9846867749369183,0.966302367936823,0.7484615628101726,0.7484615628101726,2,5.830951894845301,1.2147816447594377,1,1,1,1.0,1,1.0,0,524,cvc-clinicdb,segformer,polypseg/runs_cv/segformer_seed42_fold4/best.pth,False
0.9710510620683073,0.9437310504642078,0.9740450989325904,0.9680753750368818,0.7653805547980255,0.7653805547980255,2,3.605551275463989,0.7511565157216644,1,1,1,1.0,1,1.0,0,525,cvc-clinicdb,segformer,polypseg/runs_cv/segformer_seed42_fold4/best.pth,False
0.9539634327856948,0.9119790480424507,0.9738570038792088,0.9348663476020208,0.5957742623674068,0.5957742623674068,2,5.0990195135927845,1.0622957319984967,1,1,1,1.0,1,1.0,0,526,cvc-clinicdb,segformer,polypseg/runs_cv/segformer_seed42_fold4/best.pth,False
0.9628733825071781,0.928404850735443,0.988454376151602,0.9385830484387765,0.6836754515640203,0.6836754515640203,2,5.385164807134504,1.1219093348196882,1,1,1,1.0,1,1.0,0,527,cvc-clinicdb,segformer,polypseg/runs_cv/segformer_seed42_fold4/best.pth,False
0.9576166492399619,0.9186799161188924,0.9668041830474258,0.94860208979621,0.5196181896611684,0.5196181896611684,2,4.123105625617661,0.858980338670346,1,1,1,1.0,1,1.0,0,528,cvc-clinicdb,segformer,polypseg/runs_cv/segformer_seed42_fold4/best.pth,False
0.6877323419983041,0.5240793201027099,0.5262088581770377,0.9923371647129373,0.16792531978905587,0.16792531978905587,2,86.91390819284884,18.107064206843507,1,3,1,1.0,1,1.0,2,529,cvc-clinicdb,segformer,polypseg/runs_cv/segformer_seed42_fold4/best.pth,False
0.8999428244196717,0.8180873180022779,0.8462365590487918,0.9609279608106316,0.813877384980484,0.813877384980484,2,4.604101966249685,0.9591879096353509,1,1,1,1.0,1,1.0,0,53,cvc-clinicdb,segformer,polypseg/runs_cv/segformer_seed42_fold4/best.pth,False
0.6973158981321773,0.5352916314341655,0.5352916314341655,0.9999999999605211,0.31562241519465994,0.31562241519465994,2,76.11334443494414,15.85694675728003,1,2,1,1.0,1,1.0,1,530,cvc-clinicdb,segformer,polypseg/runs_cv/segformer_seed42_fold4/best.pth,False
0.8111731843462127,0.682330827051637,0.6842601319348667,0.9958847736283991,0.25410001249597536,0.25410001249597536,2,12.982455532033672,2.7046782358403485,1,1,1,1.0,1,1.0,0,531,cvc-clinicdb,segformer,polypseg/runs_cv/segformer_seed42_fold4/best.pth,False
0.5548214566575835,0.3839120496311754,0.3839120496311754,0.9999999999716473,0.01863349894582036,0.01863349894582036,2,147.12579085817885,30.65120642878726,1,2,1,1.0,1,1.0,1,532,cvc-clinicdb,segformer,polypseg/runs_cv/segformer_seed42_fold4/best.pth,False
0.4703377240741292,0.3074781482660571,0.3074781482660571,0.999999999978943,0.012173872121120548,0.012173872121120548,2,161.97329718486827,33.74443691351423,1,3,1,1.0,0,0.0,2,533,cvc-clinicdb,segformer,polypseg/runs_cv/segformer_seed42_fold4/best.pth,False
0.7506281791950075,0.6008044736524987,0.6008634222860982,0.9998367346775537,0.1001111862692807,0.1001111862692807,2,35.0,7.291666666666667,1,2,1,1.0,1,1.0,1,534,cvc-clinicdb,segformer,polypseg/runs_cv/segformer_seed42_fold4/best.pth,False
0.8239771645999113,0.7006472491833803,0.7006472491833803,0.9999999999846035,0.06634774961273206,0.06634774961273206,2,17.46424919657298,3.638385249286037,1,1,1,1.0,1,1.0,0,535,cvc-clinicdb,segformer,polypseg/runs_cv/segformer_seed42_fold4/best.pth,False
0.5399098172591571,0.3697784038556115,0.36999891575208715,0.998390871840281,0.2940516826626484,0.2940516826626484,2,126.96907737176748,26.451891119118226,1,2,1,1.0,0,0.0,1,536,cvc-clinicdb,segformer,polypseg/runs_cv/segformer_seed42_fold4/best.pth,False
0.8939517776778304,0.8082394235948968,0.8082394235948968,0.9999999999771428,0.3268148748274631,0.3268148748274631,2,7.0710678118654755,1.473139127471974,1,1,1,1.0,1,1.0,0,537,cvc-clinicdb,segformer,polypseg/runs_cv/segformer_seed42_fold4/best.pth,False
0.821833348437557,0.697552716627712,0.6987357385029489,0.9975786924719882,0.21425034848453142,0.21425034848453142,2,16.76305461424021,3.492303044633377,1,1,1,1.0,1,1.0,0,538,cvc-clinicdb,segformer,polypseg/runs_cv/segformer_seed42_fold4/best.pth,False
0.9059829059772947,0.8281249999906235,0.8363636363540724,0.9882448317661364,0.40962630057782456,0.40962630057782456,2,11.0,2.2916666666666665,1,1,1,1.0,1,1.0,0,539,cvc-clinicdb,segformer,polypseg/runs_cv/segformer_seed42_fold4/best.pth,False
0.7610008627471094,0.6142061280481608,0.6167832166969535,0.9932432430195398,0.6363385601621251,0.6363385601621251,2,10.0,2.0833333333333335,1,1,1,1.0,1,1.0,0,54,cvc-clinicdb,segformer,polypseg/runs_cv/segformer_seed42_fold4/best.pth,False
0.9752839981091885,0.9517602890065044,0.9673146148238494,0.9833857864233082,0.8289760584492001,0.8289760584492001,2,4.47213595499958,0.9316949906249123,1,1,1,1.0,1,1.0,0,540,cvc-clinicdb,segformer,polypseg/runs_cv/segformer_seed42_fold4/best.pth,False
0.7859271643469802,0.6473476230314051,0.6518750753569048,0.9893850658676906,0.22821346627262193,0.22821346627262193,2,117.41035540521003,24.460490709418757,1,2,1,1.0,1,1.0,1,541,cvc-clinicdb,segformer,polypseg/runs_cv/segformer_seed42_fold4/best.pth,False
0.8259394571971167,0.7034896643620416,0.7056069557384281,0.9957527135284607,0.3289279978437243,0.3289279978437243,2,31.63214286994687,6.5900297645722645,1,1,1,1.0,1,1.0,0,542,cvc-clinicdb,segformer,polypseg/runs_cv/segformer_seed42_fold4/best.pth,False
0.671383762489345,0.5053255737317156,0.5053255737317156,0.999999999989135,0.17527805840136246,0.17527805840136246,2,76.0,15.833333333333334,1,1,1,1.0,1,1.0,0,543,cvc-clinicdb,segformer,polypseg/runs_cv/segformer_seed42_fold4/best.pth,False
0.9473978149291514,0.9000530574287037,0.930604128087975,0.9648087587020844,0.5202807521364622,0.5202807521364622,2,11.213552042022808,2.3361566754214187,1,1,1,1.0,1,1.0,0,544,cvc-clinicdb,segformer,polypseg/runs_cv/segformer_seed42_fold4/best.pth,False
0.9051326412852859,0.8267052936419976,0.8267052936419976,0.9999999999840714,0.35770794691535635,0.35770794691535635,2,7.713011390885281,1.6068773731011001,1,1,1,1.0,1,1.0,0,545,cvc-clinicdb,segformer,polypseg/runs_cv/segformer_seed42_fold4/best.pth,False
0.8920382874460782,0.8051165282506682,0.8055481104153639,0.99933499582711,0.39580597892708763,0.39580597892708763,2,11.180339887498949,2.329237476562281,1,1,1,1.0,1,1.0,0,546,cvc-clinicdb,segformer,polypseg/runs_cv/segformer_seed42_fold4/best.pth,False
0.8561006047724287,0.748405505190527,0.795965726512032,0.9260643821199156,0.5230975311009841,0.5230975311009841,2,44.684436715440825,9.309257649050172,2,4,2,1.0,2,1.0,2,547,cvc-clinicdb,segformer,polypseg/runs_cv/segformer_seed42_fold4/best.pth,False
0.7661839336504135,0.6209871589022774,0.6389347646507129,0.9567233384705298,0.42595580462579635,0.42595580462579635,2,50.45804766290709,10.512093263105644,2,2,2,1.0,2,1.0,0,548,cvc-clinicdb,segformer,polypseg/runs_cv/segformer_seed42_fold4/best.pth,False
0.4161478966154283,0.2627441638813067,0.3338377723869904,0.5523284927114507,0.14714709720172314,0.14714709720172314,2,91.60376455873175,19.084117616402448,2,2,1,0.5,0,0.0,1,549,cvc-clinicdb,segformer,polypseg/runs_cv/segformer_seed42_fold4/best.pth,False
0.8186946010621519,0.693042291856338,0.8819444442913291,0.7639097743212167,0.616456311844045,0.616456311844045,2,7.0,1.4583333333333333,1,1,1,1.0,1,1.0,0,55,cvc-clinicdb,segformer,polypseg/runs_cv/segformer_seed42_fold4/best.pth,False
0.8981890123200563,0.8151933701544863,0.8414599372563236,0.9631201044229256,0.5775354425019211,0.5775354425019211,2,12.811985634456677,2.669163673845141,2,2,2,1.0,2,1.0,0,550,cvc-clinicdb,segformer,polypseg/runs_cv/segformer_seed42_fold4/best.pth,False
0.917073927539236,0.8468481375236842,0.8811866428014135,0.9560084101414199,0.6268947702002398,0.6268947702002398,2,9.685946632215153,2.017905548378157,2,2,2,1.0,2,1.0,0,551,cvc-clinicdb,segformer,polypseg/runs_cv/segformer_seed42_fold4/best.pth,False
0.7813924050583456,0.641217409362821,0.6448344301614454,0.9913280873455704,0.43868073040373373,0.43868073040373373,2,41.870932787339775,8.723110997362454,2,2,2,1.0,1,0.5,0,552,cvc-clinicdb,segformer,polypseg/runs_cv/segformer_seed42_fold4/best.pth,False
0.8411255411209896,0.7258124766461914,0.7340385341827159,0.9847947288268526,0.456353742765169,0.456353742765169,2,27.852200833403053,5.802541840292303,2,2,2,1.0,2,1.0,0,553,cvc-clinicdb,segformer,polypseg/runs_cv/segformer_seed42_fold4/best.pth,False
0.8337620272419083,0.7149158634151698,0.720210664905199,0.989821307385322,0.5394467590398584,0.5394467590398584,2,46.0,9.583333333333334,2,2,2,1.0,2,1.0,0,554,cvc-clinicdb,segformer,polypseg/runs_cv/segformer_seed42_fold4/best.pth,False
0.30220506045826434,0.1779985635602346,0.5993550987263461,0.2020380434755158,0.2506260460358971,0.2506260460358971,2,55.89677575128074,11.645161614850155,2,2,1,0.5,1,0.5,1,555,cvc-clinicdb,segformer,polypseg/runs_cv/segformer_seed42_fold4/best.pth,False
0.9019508165412597,0.8214120370275299,0.8285080550918922,0.9896806581928647,0.6135688586757334,0.6135688586757334,2,15.12735041645029,3.151531336760477,2,2,2,1.0,2,1.0,0,556,cvc-clinicdb,segformer,polypseg/runs_cv/segformer_seed42_fold4/best.pth,False
0.8384660941602127,0.7218610579895238,0.7355500714282952,0.9748665863147725,0.4961055488167678,0.4961055488167678,2,32.060745312862764,6.679321940179743,2,2,2,1.0,1,0.5,0,557,cvc-clinicdb,segformer,polypseg/runs_cv/segformer_seed42_fold4/best.pth,False
0.3817231075649686,0.2358824434492094,0.6593548386813182,0.268617487291596,0.25630910000804985,0.25630910000804985,2,48.25971404805462,10.054107093344713,2,2,1,0.5,1,0.5,1,558,cvc-clinicdb,segformer,polypseg/runs_cv/segformer_seed42_fold4/best.pth,False
0.0,0.0,0.0,0.0,0.0,0.0,2,163.3431969810803,34.02983270439173,1,1,0,0.0,0,0.0,1,559,cvc-clinicdb,segformer,polypseg/runs_cv/segformer_seed42_fold4/best.pth,False
0.9303698558616015,0.8698051947769544,0.913399249883621,0.9479830148284507,0.6245352659913529,0.6245352659913529,2,4.841640786499868,1.0086751638541391,1,1,1,1.0,1,1.0,0,56,cvc-clinicdb,segformer,polypseg/runs_cv/segformer_seed42_fold4/best.pth,False
0.6125282531432634,0.4414707935717771,0.44963261435826457,0.9605063290896074,0.262134322039943,0.262134322039943,2,40.51355859451228,8.44032470719006,2,1,1,0.5,0,0.0,0,560,cvc-clinicdb,segformer,polypseg/runs_cv/segformer_seed42_fold4/best.pth,False
0.6403946604721973,0.4710151114106461,0.479655712045908,0.9631634078044141,0.36465858708524673,0.36465858708524673,2,45.0111097397076,9.37731452910575,2,2,2,1.0,1,0.5,0,561,cvc-clinicdb,segformer,polypseg/runs_cv/segformer_seed42_fold4/best.pth,False
0.736875868701289,0.5833756559964163,0.5939331265029822,0.9704308645315344,0.39611326622504955,0.39611326622504955,2,43.97438210024334,9.161329604217363,2,2,2,1.0,2,1.0,0,562,cvc-clinicdb,segformer,polypseg/runs_cv/segformer_seed42_fold4/best.pth,False
0.8903497003805995,0.8023696300410866,0.9943068317919066,0.8060728744874002,0.3944222609125315,0.3944222609125315,2,15.739877694587374,3.2791411863723696,1,1,1,1.0,1,1.0,0,563,cvc-clinicdb,segformer,polypseg/runs_cv/segformer_seed42_fold4/best.pth,False
0.8938247313421605,0.808031743854361,0.905334968565803,0.8826034972284964,0.46091074525043535,0.46091074525043535,2,20.880244812445856,4.350051002592887,1,1,1,1.0,1,1.0,0,564,cvc-clinicdb,segformer,polypseg/runs_cv/segformer_seed42_fold4/best.pth,False
0.783888860086134,0.6445865302587844,0.7628897184869045,0.80607675905324,0.3428894257834156,0.3428894257834156,2,24.526467964734685,5.109680825986392,2,2,2,1.0,2,1.0,0,565,cvc-clinicdb,segformer,polypseg/runs_cv/segformer_seed42_fold4/best.pth,False
0.31190768475172154,0.18476932922110204,0.1880068667484283,0.9147465437524555,0.15851993336979164,0.15851993336979164,2,121.7446096200493,25.363460337510272,2,3,2,1.0,0,0.0,1,566,cvc-clinicdb,segformer,polypseg/runs_cv/segformer_seed42_fold4/best.pth,False
0.6245143058934606,0.45403184385652245,0.45934008832866535,0.9751792608666525,0.3929313452241361,0.3929313452241361,2,37.21558813185679,7.753247527470164,2,1,1,0.5,0,0.0,0,567,cvc-clinicdb,segformer,polypseg/runs_cv/segformer_seed42_fold4/best.pth,False
0.333035448307029,0.1997855611079419,0.27922077920683214,0.4125461254308084,0.13148031274366742,0.13148031274366742,2,68.14792591058769,14.19748456470577,2,1,1,0.5,0,0.0,0,568,cvc-clinicdb,segformer,polypseg/runs_cv/segformer_seed42_fold4/best.pth,False
0.5913338997379374,0.41978287092159605,0.42751842751092456,0.9586776859126849,0.30102686648646404,0.30102686648646404,2,26.820810741515626,5.587668904482422,2,1,1,0.5,0,0.0,0,569,cvc-clinicdb,segformer,polypseg/runs_cv/segformer_seed42_fold4/best.pth,False
0.8441843452507614,0.7303797467892165,0.8362318839973745,0.8522895124924453,0.462316271729447,0.462316271729447,2,9.0,1.875,1,1,1,1.0,1,1.0,0,57,cvc-clinicdb,segformer,polypseg/runs_cv/segformer_seed42_fold4/best.pth,False
0.6692197223391761,0.5028776978236376,0.6427586206601031,0.697953070359563,0.41648121831107027,0.41648121831107027,2,69.96749035223773,14.576560490049527,2,1,1,0.5,1,0.5,0,570,cvc-clinicdb,segformer,polypseg/runs_cv/segformer_seed42_fold4/best.pth,False
0.6130404516929921,0.44200312290383664,0.4508019565413399,0.9577090381595528,0.37308694514677404,0.37308694514677404,2,35.11391495380853,7.3153989487101105,2,1,1,0.5,0,0.0,0,571,cvc-clinicdb,segformer,polypseg/runs_cv/segformer_seed42_fold4/best.pth,False
0.9524023854962034,0.9091299677570541,0.9507975735576096,0.9540126239640665,0.7827995657766593,0.7827995657766593,2,3.1622776601683795,0.6588078458684125,1,1,1,1.0,1,1.0,0,572,cvc-clinicdb,segformer,polypseg/runs_cv/segformer_seed42_fold4/best.pth,False
0.32101358891668735,0.19119487018930875,0.19147936408339353,0.9922889609986897,0.2660582323542104,0.2660582323542104,2,99.24716620639605,20.676492959665843,1,1,0,0.0,0,0.0,1,573,cvc-clinicdb,segformer,polypseg/runs_cv/segformer_seed42_fold4/best.pth,False
0.4715995647391556,0.30855759646435205,0.3127435416320863,0.9584254754109498,0.465842647968022,0.465842647968022,2,104.96153069333252,21.86698556111094,1,1,1,1.0,0,0.0,0,574,cvc-clinicdb,segformer,polypseg/runs_cv/segformer_seed42_fold4/best.pth,False
0.8079735786646853,0.6778151592978862,0.8750638732530643,0.7504382120782113,0.4215974182741449,0.4215974182741449,2,34.57250362631901,7.202604922149794,1,1,1,1.0,1,1.0,0,575,cvc-clinicdb,segformer,polypseg/runs_cv/segformer_seed42_fold4/best.pth,False
0.0,0.0,0.0,0.0,0.0,0.0,2,161.93671543817288,33.73681571628602,1,1,0,0.0,0,0.0,1,576,cvc-clinicdb,segformer,polypseg/runs_cv/segformer_seed42_fold4/best.pth,False
0.3218655233679612,0.19179960119402045,0.38581098018586585,0.2761033369164675,0.1907513957219714,0.1907513957219714,2,131.99458299387243,27.498871457056755,1,3,0,0.0,0,0.0,3,577,cvc-clinicdb,segformer,polypseg/runs_cv/segformer_seed42_fold4/best.pth,False
0.8295146357352519,0.7086928731110788,0.8576677625051699,0.803151032220153,0.42321051399670057,0.42321051399670057,2,65.84030840233885,13.716730917153928,1,1,1,1.0,1,1.0,0,578,cvc-clinicdb,segformer,polypseg/runs_cv/segformer_seed42_fold4/best.pth,False
0.6851647801227829,0.521103154041436,0.9739427594906174,0.5284709881748553,0.3580182993523986,0.3580182993523986,2,149.17398493868305,31.0779135288923,1,1,1,1.0,1,1.0,0,579,cvc-clinicdb,segformer,polypseg/runs_cv/segformer_seed42_fold4/best.pth,False
0.8799199466017372,0.7855866586786429,0.7960168979604093,0.9835943325142733,0.5517363492585189,0.5517363492585189,2,5.974642784226794,1.2447172467139154,1,1,1,1.0,1,1.0,0,58,cvc-clinicdb,segformer,polypseg/runs_cv/segformer_seed42_fold4/best.pth,False
0.5744057016528737,0.4029236805442164,0.9757854405980723,0.40699309639218234,0.3357828845294672,0.3357828845294672,2,162.85668356351295,33.92847574239853,1,1,1,1.0,0,0.0,0,580,cvc-clinicdb,segformer,polypseg/runs_cv/segformer_seed42_fold4/best.pth,False
0.5779421755847439,0.4064125703343964,0.9587977457613175,0.4136366092149028,0.38954956406263674,0.38954956406263674,2,143.50133369704656,29.8961111868847,1,1,1,1.0,0,0.0,0,581,cvc-clinicdb,segformer,polypseg/runs_cv/segformer_seed42_fold4/best.pth,False
0.8270626111151455,0.7051208521040138,0.7113572491262079,0.9877194995869651,0.45199614904022395,0.45199614904022395,2,68.00330864465475,14.167355967636407,1,1,1,1.0,1,1.0,0,582,cvc-clinicdb,segformer,polypseg/runs_cv/segformer_seed42_fold4/best.pth,False
0.49136442141387754,0.3257012020586039,0.3258877434114427,0.9982456140156287,0.2996417178282113,0.2996417178282113,2,108.00552875623443,22.50115182421551,1,1,1,1.0,0,0.0,0,583,cvc-clinicdb,segformer,polypseg/runs_cv/segformer_seed42_fold4/best.pth,False
0.36131473161290306,0.22049062048902965,0.22084116201603668,0.9928525015921751,0.35280373185237407,0.35280373185237407,2,112.05534270165073,23.344863062843903,1,1,0,0.0,0,0.0,1,584,cvc-clinicdb,segformer,polypseg/runs_cv/segformer_seed42_fold4/best.pth,False
0.18185348803251686,0.1000213606744632,0.10301396985973482,0.7749275961615669,0.23153081916081705,0.23153081916081705,2,209.00239233080563,43.54216506891784,1,1,0,0.0,0,0.0,1,585,cvc-clinicdb,segformer,polypseg/runs_cv/segformer_seed42_fold4/best.pth,False
0.8789149198411971,0.7839859216721516,0.9711171661860731,0.8027027026846238,0.41060885823504867,0.41060885823504867,2,14.244215601469234,2.967544916972757,1,1,1,1.0,1,1.0,0,586,cvc-clinicdb,segformer,polypseg/runs_cv/segformer_seed42_fold4/best.pth,False
0.8807057920813061,0.7868403015494572,0.8647834274627201,0.8972254786675566,0.41916654819373483,0.41916654819373483,2,8.040467536394056,1.6750974034154282,1,1,1,1.0,1,1.0,0,587,cvc-clinicdb,segformer,polypseg/runs_cv/segformer_seed42_fold4/best.pth,False
0.9007253885823684,0.8193815987624669,0.8227943960309431,0.9949633699178131,0.5792172705499383,0.5792172705499383,2,12.361178813797014,2.5752455862077115,1,1,1,1.0,1,1.0,0,588,cvc-clinicdb,segformer,polypseg/runs_cv/segformer_seed42_fold4/best.pth,False
0.7958673554274976,0.6609465817696942,0.672486623467404,0.974693877511237,0.6185184699698255,0.6185184699698255,2,39.15985217560617,8.15830253658462,1,1,1,1.0,1,1.0,0,589,cvc-clinicdb,segformer,polypseg/runs_cv/segformer_seed42_fold4/best.pth,False
0.8634050880288296,0.7596418732259199,0.7878571428008673,0.9549783548956728,0.6742242938327029,0.6742242938327029,2,9.219544457292887,1.920738428602685,1,1,1,1.0,1,1.0,0,59,cvc-clinicdb,segformer,polypseg/runs_cv/segformer_seed42_fold4/best.pth,False
0.6716081211622364,0.5055798156112183,0.5134269524386936,0.9706567302761688,0.4547068804015583,0.4547068804015583,2,44.83463981894521,9.340549962280253,1,1,1,1.0,1,1.0,0,590,cvc-clinicdb,segformer,polypseg/runs_cv/segformer_seed42_fold4/best.pth,False
0.8744123572671947,0.7768496419738724,0.7799520766461681,0.9949057564444775,0.6803916444262836,0.6803916444262836,2,14.142135623730951,2.946278254943948,1,1,1,1.0,1,1.0,0,591,cvc-clinicdb,segformer,polypseg/runs_cv/segformer_seed42_fold4/best.pth,False
0.8911604361283959,0.8036874451131926,0.836134453766238,0.9539391412889967,0.4954452076399616,0.4954452076399616,2,10.770329614269007,2.2438186696393765,1,1,1,1.0,1,1.0,0,592,cvc-clinicdb,segformer,polypseg/runs_cv/segformer_seed42_fold4/best.pth,False
0.8148556719910383,0.6875581756021167,0.6974036191865082,0.979880610192795,0.45654988607650404,0.45654988607650404,2,28.637255928884436,5.966094985184258,1,1,1,1.0,1,1.0,0,593,cvc-clinicdb,segformer,polypseg/runs_cv/segformer_seed42_fold4/best.pth,False
0.9130856219610868,0.8400713436218773,0.867580843207786,0.9636280972729342,0.5903863981818976,0.5903863981818976,2,8.98606797749979,1.8720974953124563,1,1,1,1.0,1,1.0,0,594,cvc-clinicdb,segformer,polypseg/runs_cv/segformer_seed42_fold4/best.pth,False
0.8446647049582675,0.7310991956908552,0.7489700631488885,0.9683948863292474,0.5865723882131172,0.5865723882131172,2,15.132745950421556,3.152655406337824,1,1,1,1.0,1,1.0,0,595,cvc-clinicdb,segformer,polypseg/runs_cv/segformer_seed42_fold4/best.pth,False
0.8371422688730257,0.7199008498328647,0.7376632800893447,0.9676344597350008,0.5676185301092987,0.5676185301092987,2,12.165525060596439,2.5344843876242584,1,1,1,1.0,1,1.0,0,596,cvc-clinicdb,segformer,polypseg/runs_cv/segformer_seed42_fold4/best.pth,False
0.5344253903113789,0.36465246243923677,0.37379162189853954,0.9371633751402905,0.3767958816192052,0.3767958816192052,2,43.796421091519925,9.12425439406665,1,1,1,1.0,0,0.0,0,597,cvc-clinicdb,segformer,polypseg/runs_cv/segformer_seed42_fold4/best.pth,False
0.8582530832765966,0.751701686867366,0.7629918894333737,0.9806949806571161,0.5155038260170711,0.5155038260170711,2,11.0,2.2916666666666665,1,1,1,1.0,1,1.0,0,598,cvc-clinicdb,segformer,polypseg/runs_cv/segformer_seed42_fold4/best.pth,False
0.9210903873624483,0.8537234042346779,0.8878551671891413,0.9569105690797586,0.6405569560922959,0.6405569560922959,2,8.0,1.6666666666666667,1,1,1,1.0,1,1.0,0,599,cvc-clinicdb,segformer,polypseg/runs_cv/segformer_seed42_fold4/best.pth,False
0.6986593637528304,0.5368766211494305,0.9929398986151978,0.5389339228664263,0.44746484663561825,0.44746484663561825,2,68.85781709284326,14.345378561009012,1,1,1,1.0,1,1.0,0,6,cvc-clinicdb,segformer,polypseg/runs_cv/segformer_seed42_fold4/best.pth,False
0.8422757643077086,0.727527107354756,0.9433106575535914,0.7607900511791957,0.44190585748566574,0.44190585748566574,2,18.601075237738275,3.875224007862141,1,1,1,1.0,1,1.0,0,60,cvc-clinicdb,segformer,polypseg/runs_cv/segformer_seed42_fold4/best.pth,False
0.9307595945739052,0.8704867397926244,0.8744917611718971,0.9947663096276196,0.4655366731822965,0.4655366731822965,2,10.319172768048059,2.149827660010012,1,1,1,1.0,1,1.0,0,600,cvc-clinicdb,segformer,polypseg/runs_cv/segformer_seed42_fold4/best.pth,False
0.9299992036240343,0.8691574873344871,0.8871163779871298,0.9772384937074939,0.6519434129075192,0.6519434129075192,2,9.0,1.875,1,1,1,1.0,1,1.0,0,601,cvc-clinicdb,segformer,polypseg/runs_cv/segformer_seed42_fold4/best.pth,False
0.9588698977526038,0.9209895052335684,0.9481401450694839,0.9698452794289573,0.8554965835437504,0.8554965835437504,2,3.2952597447570424,0.6865124468243838,1,1,1,1.0,1,1.0,0,602,cvc-clinicdb,segformer,polypseg/runs_cv/segformer_seed42_fold4/best.pth,False
0.9405480140715149,0.8877684185444563,0.8921077729984249,0.994550770853342,0.6428062963112526,0.6428062963112526,2,9.0,1.875,1,1,1,1.0,1,1.0,0,603,cvc-clinicdb,segformer,polypseg/runs_cv/segformer_seed42_fold4/best.pth,False
0.9182830333945922,0.8489124805690198,0.8511163032080592,0.9969590998784102,0.6106539012394623,0.6106539012394623,2,13.0,2.7083333333333335,1,1,1,1.0,1,1.0,0,604,cvc-clinicdb,segformer,polypseg/runs_cv/segformer_seed42_fold4/best.pth,False
0.8026755852726091,0.6703910614362305,0.6808090774375726,0.9776833155870464,0.4117410594276932,0.4117410594276932,2,26.220079544281464,5.462516571725305,1,1,1,1.0,1,1.0,0,605,cvc-clinicdb,segformer,polypseg/runs_cv/segformer_seed42_fold4/best.pth,False
0.7118783394912466,0.5526483726778454,0.5554842847890397,0.9908466818938545,0.3999516603299748,0.3999516603299748,2,31.78049716414141,6.620936909196127,1,1,1,1.0,1,1.0,0,606,cvc-clinicdb,segformer,polypseg/runs_cv/segformer_seed42_fold4/best.pth,False
0.7224669603372673,0.5655172413607383,0.6123755334063878,0.880818414277196,0.3863743243584493,0.3863743243584493,2,41.96606424271245,8.742930050565093,1,2,1,1.0,1,1.0,1,607,cvc-clinicdb,segformer,polypseg/runs_cv/segformer_seed42_fold4/best.pth,False
0.6698670605530543,0.5036091060428723,0.5103150787601216,0.9745702005381601,0.4146849845290577,0.4146849845290577,2,31.0,6.458333333333333,1,1,1,1.0,1,1.0,0,608,cvc-clinicdb,segformer,polypseg/runs_cv/segformer_seed42_fold4/best.pth,False
0.754572601710017,0.6058744192925839,0.6106328349099739,0.9873015872774774,0.5325455839542247,0.5325455839542247,2,30.795257275501623,6.415678599062838,1,1,1,1.0,1,1.0,0,609,cvc-clinicdb,segformer,polypseg/runs_cv/segformer_seed42_fold4/best.pth,False
0.7459898477005891,0.5948834196698548,0.6714181286304307,0.8391959798611606,0.43691054146106123,0.43691054146106123,2,110.40153545404185,23.000319886258715,1,2,1,1.0,1,1.0,1,61,cvc-clinicdb,segformer,polypseg/runs_cv/segformer_seed42_fold4/best.pth,False
0.7756003312100873,0.6334535617578381,0.6381529144490817,0.9885084427535529,0.49659257123125067,0.49659257123125067,2,25.99422649572415,5.415463853275865,1,1,1,1.0,1,1.0,0,610,cvc-clinicdb,segformer,polypseg/runs_cv/segformer_seed42_fold4/best.pth,False
0.7953980099420045,0.6602994321001497,0.6767195767076416,0.9645550527660998,0.5446136607308014,0.5446136607308014,2,24.0,5.0,1,1,1,1.0,1,1.0,0,611,cvc-clinicdb,segformer,polypseg/runs_cv/segformer_seed42_fold4/best.pth,False
0.757161101974874,0.609219025231673,0.6203288490098556,0.9714419475200636,0.5003361299908405,0.5003361299908405,2,16.278820596099706,3.391420957520772,1,1,1,1.0,1,1.0,0,612,cvc-clinicdb,segformer,polypseg/runs_cv/segformer_seed42_fold4/best.pth,False
0.8801681849726641,0.7859824780484366,0.8585099110828086,0.9029475197050361,0.5837424487648296,0.5837424487648296,2,6.733348863420791,1.4027810132126648,1,1,1,1.0,1,1.0,0,62,cvc-clinicdb,segformer,polypseg/runs_cv/segformer_seed42_fold4/best.pth,False
0.9342829394323638,0.8766707168361682,0.9064070351189443,0.9639278556470322,0.8320449254112149,0.8320449254112149,2,2.8284271247461903,0.5892556509887896,1,1,1,1.0,1,1.0,0,63,cvc-clinicdb,segformer,polypseg/runs_cv/segformer_seed42_fold4/best.pth,False
0.9182968929452131,0.8489361701525576,0.8893016344064412,0.9492466295837234,0.7392987677742904,0.7392987677742904,2,4.0,0.8333333333333334,1,1,1,1.0,1,1.0,0,64,cvc-clinicdb,segformer,polypseg/runs_cv/segformer_seed42_fold4/best.pth,False
0.884294523000207,0.7925877762813661,0.8776097911535198,0.8910818712798916,0.6211421990510639,0.6211421990510639,2,6.2399278438232715,1.2999849674631816,1,1,1,1.0,1,1.0,0,65,cvc-clinicdb,segformer,polypseg/runs_cv/segformer_seed42_fold4/best.pth,False
0.8920159069779133,0.8050800662172788,0.8741007193720562,0.9106808244278151,0.5810055365937437,0.5810055365937437,2,6.0,1.25,1,1,1,1.0,1,1.0,0,66,cvc-clinicdb,segformer,polypseg/runs_cv/segformer_seed42_fold4/best.pth,False
0.8416796267234314,0.7266380235914802,0.9019999999398666,0.7889212827528326,0.3982083239978678,0.3982083239978678,2,7.761630533395968,1.61700636112416,1,1,1,1.0,1,1.0,0,67,cvc-clinicdb,segformer,polypseg/runs_cv/segformer_seed42_fold4/best.pth,False
0.7946785604368296,0.6593084088214967,0.8054559625751293,0.7841857641404737,0.3601694418003606,0.3601694418003606,2,125.88963373024215,26.22700702713378,1,2,1,1.0,1,1.0,1,68,cvc-clinicdb,segformer,polypseg/runs_cv/segformer_seed42_fold4/best.pth,False
0.7393833623985054,0.5865251499498605,0.610764055713082,0.9366249078160187,0.5270039309979324,0.5270039309979324,2,31.000806241927084,6.458501300401476,1,1,1,1.0,1,1.0,0,69,cvc-clinicdb,segformer,polypseg/runs_cv/segformer_seed42_fold4/best.pth,False
0.443432900287592,0.2848787568293849,0.9944858420120047,0.2853294565344622,0.19841265277098558,0.19841265277098558,2,102.95629831820717,21.44922881629316,1,1,1,1.0,0,0.0,0,7,cvc-clinicdb,segformer,polypseg/runs_cv/segformer_seed42_fold4/best.pth,False
0.6450912250077088,0.4761141391318976,0.9549839227681682,0.487044932748867,0.2994211733567962,0.2994211733567962,2,17.219157025971956,3.5873243804108244,2,2,2,1.0,1,0.5,0,70,cvc-clinicdb,segformer,polypseg/runs_cv/segformer_seed42_fold4/best.pth,False
0.24709878290055054,0.1409656063274509,0.1409656063274509,0.9999999998854525,0.03504296511709108,0.03504296511709108,2,83.96306768546646,17.49230576780551,2,1,0,0.0,0,0.0,1,71,cvc-clinicdb,segformer,polypseg/runs_cv/segformer_seed42_fold4/best.pth,False
0.8283982683839238,0.707064735421015,0.821710752290563,0.8351955306970952,0.5316262381344784,0.5316262381344784,2,30.369316426296702,6.326940922145146,3,3,2,0.6666666666666666,2,0.6666666666666666,1,72,cvc-clinicdb,segformer,polypseg/runs_cv/segformer_seed42_fold4/best.pth,False
0.6868122270622391,0.523011439198643,0.7538343557993162,0.6307346807625687,0.28418522544269614,0.28418522544269614,2,40.27715291091965,8.391073523108261,3,2,2,0.6666666666666666,1,0.3333333333333333,0,73,cvc-clinicdb,segformer,polypseg/runs_cv/segformer_seed42_fold4/best.pth,False
0.6594029200117802,0.4918725617525399,0.820054200497558,0.5513848396300516,0.3357933146738594,0.3357933146738594,2,171.64055247454027,35.75844843219589,3,1,1,0.3333333333333333,1,0.3333333333333333,0,74,cvc-clinicdb,segformer,polypseg/runs_cv/segformer_seed42_fold4/best.pth,False
0.6338151554832717,0.46393074701943154,0.7825851811366908,0.5325726904478258,0.3114966435579782,0.3114966435579782,2,165.81540756108245,34.544876575225516,3,1,1,0.3333333333333333,1,0.3333333333333333,0,75,cvc-clinicdb,segformer,polypseg/runs_cv/segformer_seed42_fold4/best.pth,False
0.7197780419992117,0.5622291021497762,0.5790816326345957,0.9507853402643568,0.40122272788033403,0.40122272788033403,2,41.03435029613466,8.548822978361388,2,3,2,1.0,1,0.5,1,76,cvc-clinicdb,segformer,polypseg/runs_cv/segformer_seed42_fold4/best.pth,False
0.777914110410358,0.6365461847133917,0.82166925864066,0.7385834109627875,0.5389629322988663,0.5389629322988663,2,12.727922061357855,2.6516504294495533,2,2,2,1.0,1,0.5,0,77,cvc-clinicdb,segformer,polypseg/runs_cv/segformer_seed42_fold4/best.pth,False
0.8433179723307992,0.7290836653095983,0.7640918580056747,0.9408740359413432,0.4990363649885585,0.4990363649885585,2,130.84419049690325,27.25920635352151,1,2,1,1.0,1,1.0,1,78,cvc-clinicdb,segformer,polypseg/runs_cv/segformer_seed42_fold4/best.pth,False
0.838694852921905,0.7222002374071151,0.7862990090139467,0.8985721319104593,0.42133161278371367,0.42133161278371367,2,88.04371660670704,18.342440959730634,1,2,1,1.0,1,1.0,1,79,cvc-clinicdb,segformer,polypseg/runs_cv/segformer_seed42_fold4/best.pth,False
0.5631233000890664,0.39190787916873604,0.9472881517400887,0.40064503124208567,0.41028812308458157,0.41028812308458157,2,93.04837451562494,19.385078024088532,1,1,1,1.0,0,0.0,0,8,cvc-clinicdb,segformer,polypseg/runs_cv/segformer_seed42_fold4/best.pth,False
0.8753840901032645,0.7783849422721077,0.7821842586466025,0.9937984495353644,0.5278421775026158,0.5278421775026158,2,6.0,1.25,1,1,1,1.0,1,1.0,0,80,cvc-clinicdb,segformer,polypseg/runs_cv/segformer_seed42_fold4/best.pth,False
0.8531338783507094,0.7438827098003651,0.7470552396349811,0.9943235572240259,0.2648716158120243,0.2648716158120243,2,30.479501308256342,6.349896105886738,1,1,1,1.0,1,1.0,0,81,cvc-clinicdb,segformer,polypseg/runs_cv/segformer_seed42_fold4/best.pth,False
0.9421419778287219,0.8906128781771241,0.9343461746897899,0.9500689654910326,0.659238401936663,0.659238401936663,2,4.123105625617661,0.858980338670346,1,1,1,1.0,1,1.0,0,82,cvc-clinicdb,segformer,polypseg/runs_cv/segformer_seed42_fold4/best.pth,False
0.8704391522784004,0.770599613145352,0.7777452415736676,0.9882177849313132,0.34723589825774803,0.34723589825774803,2,30.58744806084215,6.372385012675448,1,1,1,1.0,1,1.0,0,83,cvc-clinicdb,segformer,polypseg/runs_cv/segformer_seed42_fold4/best.pth,False
0.9329698223095518,0.874361233464769,0.9211063671631501,0.9451428571248545,0.4541521991363006,0.4541521991363006,2,5.656854249492381,1.1785113019775793,1,1,1,1.0,1,1.0,0,84,cvc-clinicdb,segformer,polypseg/runs_cv/segformer_seed42_fold4/best.pth,False
0.9195347354929928,0.8510544167401408,0.8587797618919825,0.9895404663753509,0.450952036487175,0.450952036487175,2,8.0,1.6666666666666667,1,1,1,1.0,1,1.0,0,85,cvc-clinicdb,segformer,polypseg/runs_cv/segformer_seed42_fold4/best.pth,False
0.9345870809408455,0.8772064466480859,0.933365997045021,0.9358113639931912,0.5068492650778806,0.5068492650778806,2,7.0,1.4583333333333333,1,1,1,1.0,1,1.0,0,86,cvc-clinicdb,segformer,polypseg/runs_cv/segformer_seed42_fold4/best.pth,False
0.9535304767580451,0.9111880046004731,0.9210142815371464,0.9884266499689017,0.6121507833411581,0.6121507833411581,2,4.123105625617661,0.858980338670346,1,1,1,1.0,1,1.0,0,87,cvc-clinicdb,segformer,polypseg/runs_cv/segformer_seed42_fold4/best.pth,False
0.9270448006480986,0.864010725898027,0.8646731838055459,0.9991140642082146,0.39909362120616415,0.39909362120616415,2,5.9746427842267895,1.2447172467139145,1,1,1,1.0,1,1.0,0,88,cvc-clinicdb,segformer,polypseg/runs_cv/segformer_seed42_fold4/best.pth,False
0.9613270710406582,0.9255339618832878,0.9337992622610406,0.9905271828461588,0.8214872427153252,0.8214872427153252,2,4.0,0.8333333333333334,1,1,1,1.0,1,1.0,0,89,cvc-clinicdb,segformer,polypseg/runs_cv/segformer_seed42_fold4/best.pth,False
0.58228090317364,0.4107166959076075,0.9134023712905087,0.42735762937695837,0.30910105988585684,0.30910105988585684,2,102.20223101112673,21.2921314606514,1,1,1,1.0,0,0.0,0,9,cvc-clinicdb,segformer,polypseg/runs_cv/segformer_seed42_fold4/best.pth,False
0.9471999999910851,0.8996960486161327,0.9104396598351648,0.9870537465479198,0.6349683520590669,0.6349683520590669,2,4.47213595499958,0.9316949906249123,1,1,1,1.0,1,1.0,0,90,cvc-clinicdb,segformer,polypseg/runs_cv/segformer_seed42_fold4/best.pth,False
0.9217915087834276,0.8549288159874765,0.8555455365039577,0.9991575399958055,0.344928333513604,0.344928333513604,2,5.370857542457414,1.118928654678628,1,1,1,1.0,1,1.0,0,91,cvc-clinicdb,segformer,polypseg/runs_cv/segformer_seed42_fold4/best.pth,False
0.9053620531518634,0.8270881306086019,0.8281282749774025,0.9984836997473217,0.6123750297728034,0.6123750297728034,2,10.190630856882333,2.1230480951838193,1,1,1,1.0,1,1.0,0,92,cvc-clinicdb,segformer,polypseg/runs_cv/segformer_seed42_fold4/best.pth,False
0.9183538441058839,0.8490335208992162,0.9519890260369825,0.8870143149057512,0.47242100269046294,0.47242100269046294,2,5.0990195135927845,1.0622957319984967,1,1,1,1.0,1,1.0,0,93,cvc-clinicdb,segformer,polypseg/runs_cv/segformer_seed42_fold4/best.pth,False
0.9080411505258446,0.8315708517432884,0.8498722735144455,0.9747577191576571,0.3902024659113462,0.3902024659113462,2,8.0,1.6666666666666667,1,1,1,1.0,1,1.0,0,94,cvc-clinicdb,segformer,polypseg/runs_cv/segformer_seed42_fold4/best.pth,False
0.913181306872756,0.840233345862999,0.8542184809478818,0.980887521946817,0.3621995427066179,0.3621995427066179,2,7.24215585318662,1.5087824694138794,1,1,1,1.0,1,1.0,0,95,cvc-clinicdb,segformer,polypseg/runs_cv/segformer_seed42_fold4/best.pth,False
0.9071474843348396,0.8300731080650054,0.8358535614636718,0.9917374881729997,0.4370263289815588,0.4370263289815588,2,7.0,1.4583333333333333,1,1,1,1.0,1,1.0,0,96,cvc-clinicdb,segformer,polypseg/runs_cv/segformer_seed42_fold4/best.pth,False
0.8406420177580877,0.7250927070278098,0.8151750972536083,0.8677514792642678,0.37977083105919535,0.37977083105919535,2,12.529964086141668,2.6104091846128474,1,1,1,1.0,1,1.0,0,97,cvc-clinicdb,segformer,polypseg/runs_cv/segformer_seed42_fold4/best.pth,False
0.9721322099757109,0.9457755359302961,0.9616332971598616,0.9828629032158985,0.8003893442353102,0.8003893442353102,2,3.0,0.625,1,1,1,1.0,1,1.0,0,98,cvc-clinicdb,segformer,polypseg/runs_cv/segformer_seed42_fold4/best.pth,False
0.9502401280619648,0.9051976108666261,0.9265088449411224,0.9752190580370316,0.5902642810696126,0.5902642810696126,2,5.830951894845301,1.2147816447594377,1,1,1,1.0,1,1.0,0,99,cvc-clinicdb,segformer,polypseg/runs_cv/segformer_seed42_fold4/best.pth,False
0.8132780082727968,0.6853146852778206,0.7624177138981197,0.8714090286681663,0.6474846182556715,0.4890109390351458,4,11.0,1.4450236610230822,1,1,1,1.0,1,1.0,0,1,cvc-colondb,segformer,polypseg/runs_cv/segformer_seed42_fold4/best.pth,False
0.8338686652316749,0.715072685528461,0.9014274691184139,0.7757304116737097,0.5462068466431437,0.26413360508138595,4,18.654452643013258,2.450556859326248,1,1,1,1.0,1,1.0,0,10,cvc-colondb,segformer,polypseg/runs_cv/segformer_seed42_fold4/best.pth,False
0.7801759795413244,0.6395807644843429,0.9916833954594045,0.6430298146616065,0.5414714836093207,0.42927679216682907,4,115.17049470172664,15.129462717793503,1,1,1,1.0,1,1.0,0,100,cvc-colondb,segformer,polypseg/runs_cv/segformer_seed42_fold4/best.pth,False
0.9567771022006172,0.91713583378862,0.9370493396991245,0.9773533885332317,0.8714347344404454,0.6327159993903407,4,6.708203932499369,0.8812284914026979,1,1,1,1.0,1,1.0,0,101,cvc-colondb,segformer,polypseg/runs_cv/segformer_seed42_fold4/best.pth,False
0.683260627831915,0.5189034688822953,0.9630478027550603,0.5294449047206977,0.300919908125782,0.197154905284994,4,126.16041136596823,16.57316177347541,1,1,1,1.0,1,1.0,0,102,cvc-colondb,segformer,polypseg/runs_cv/segformer_seed42_fold4/best.pth,False
0.7670171213302348,0.6220825403169836,0.9306882469711487,0.6523029252648173,0.24427812050251413,0.0975490225677238,4,116.8220823857475,15.346424834308454,1,1,1,1.0,1,1.0,0,103,cvc-colondb,segformer,polypseg/runs_cv/segformer_seed42_fold4/best.pth,False
0.9201325656879727,0.8520791871774336,0.891856334690848,0.9502604957574229,0.4517728202465173,0.23516107767470854,4,23.28191186624017,3.058446683688283,1,1,1,1.0,1,1.0,0,104,cvc-colondb,segformer,polypseg/runs_cv/segformer_seed42_fold4/best.pth,False
0.6130541065951667,0.44201731986110243,0.8853616500756915,0.46885120414394144,0.29113659322220886,0.14584611350752388,4,74.41377931221307,9.775424710208894,1,2,1,1.0,0,0.0,1,105,cvc-colondb,segformer,polypseg/runs_cv/segformer_seed42_fold4/best.pth,False
0.5446443217219513,0.37423451177678085,0.8972257250864958,0.3909954466933938,0.27752628447096817,0.17077476547307124,4,173.05932437958478,22.734074408106252,1,2,1,1.0,0,0.0,1,106,cvc-colondb,segformer,polypseg/runs_cv/segformer_seed42_fold4/best.pth,False
0.7361868844028553,0.5825124579871218,0.9567907109454954,0.5982504165639237,0.5679787594287626,0.3787899158153237,4,153.21203352558408,20.126819417993705,1,1,1,1.0,1,1.0,0,107,cvc-colondb,segformer,polypseg/runs_cv/segformer_seed42_fold4/best.pth,False
0.5663952444330587,0.3950846579112168,0.9871573494389471,0.39712586289064766,0.2984948133914766,0.25613271560240813,4,117.46124504165364,15.430388939856337,1,1,1,1.0,0,0.0,0,108,cvc-colondb,segformer,polypseg/runs_cv/segformer_seed42_fold4/best.pth,False
0.9261303259831826,0.8624233912100202,0.9501336334157396,0.9033099297833279,0.8350227748276914,0.5840269422831129,4,56.24720623094051,7.388958533650362,1,1,1,1.0,1,1.0,0,109,cvc-colondb,segformer,polypseg/runs_cv/segformer_seed42_fold4/best.pth,False
0.7892418032776777,0.6518574934402728,0.6740609481291723,0.9518984213261086,0.2187260967134626,0.13070967210268844,4,201.42609381075647,26.460497409454376,1,2,1,1.0,1,1.0,1,11,cvc-colondb,segformer,polypseg/runs_cv/segformer_seed42_fold4/best.pth,False
0.9055955707048788,0.8274779838822022,0.9490168690182174,0.8659738222419433,0.6886930138155116,0.5150932592660947,4,22.028376949326905,2.893775082337531,1,2,1,1.0,1,1.0,1,110,cvc-colondb,segformer,polypseg/runs_cv/segformer_seed42_fold4/best.pth,False
0.8782553629365981,0.7829369839786079,0.9757706345324489,0.7984599330689847,0.707778205855334,0.5163352553491537,4,87.72028210090875,11.523443926130248,1,1,1,1.0,1,1.0,0,111,cvc-colondb,segformer,polypseg/runs_cv/segformer_seed42_fold4/best.pth,False
0.885545077902332,0.7945992792920923,0.9295128328214636,0.8455489758234853,0.4551292362765763,0.3344815594919987,4,62.80683051174945,8.25066874212222,1,1,1,1.0,1,1.0,0,112,cvc-colondb,segformer,polypseg/runs_cv/segformer_seed42_fold4/best.pth,False
0.8804753528661022,0.7864725043081569,0.9551356634199509,0.8166408021932409,0.6578410905502753,0.3885179277125711,4,27.290100772390282,3.584985575255296,1,2,1,1.0,1,1.0,1,113,cvc-colondb,segformer,polypseg/runs_cv/segformer_seed42_fold4/best.pth,False
0.5283132328850155,0.3589848361011578,0.5200263071323905,0.5368685496976041,0.28146838510690975,0.21119514859850208,4,126.1368159403294,16.570062141808133,1,1,1,1.0,0,0.0,0,114,cvc-colondb,segformer,polypseg/runs_cv/segformer_seed42_fold4/best.pth,False
0.488602078440424,0.32327825218672196,0.589246007669512,0.4173228346396947,0.1254053554059513,0.042872404455025555,4,134.1118935814419,17.617714495435745,1,2,1,1.0,0,0.0,1,115,cvc-colondb,segformer,polypseg/runs_cv/segformer_seed42_fold4/best.pth,False
0.5017323516619561,0.33487498192896553,0.4445510360620769,0.5757952286139216,0.19646794226375303,0.1073395245506485,4,76.10622810526435,9.997754578484264,1,1,1,1.0,0,0.0,0,116,cvc-colondb,segformer,polypseg/runs_cv/segformer_seed42_fold4/best.pth,False
0.7588657522510207,0.6114292258290033,0.949662041961052,0.6319091016613574,0.5446473498574411,0.3322107066057704,4,63.546826028843725,8.347878835872423,1,1,1,1.0,1,1.0,0,117,cvc-colondb,segformer,polypseg/runs_cv/segformer_seed42_fold4/best.pth,False
0.9004522777036394,0.818929692131126,0.8511238430951862,0.9558503266585244,0.5242300449386369,0.283017431123234,4,10.63014581273465,1.3964374745024557,1,1,1,1.0,1,1.0,0,118,cvc-colondb,segformer,polypseg/runs_cv/segformer_seed42_fold4/best.pth,False
0.5560014079510313,0.3850429017123143,0.8145627062538251,0.42203697765927073,0.24521987999602626,0.17492044405119644,4,110.22590339938318,14.479912588159392,1,1,1,1.0,0,0.0,0,119,cvc-colondb,segformer,polypseg/runs_cv/segformer_seed42_fold4/best.pth,False
0.8444675914926165,0.7308039006741719,0.7308039006741719,0.9999999999887866,0.27788213535451495,0.14427280237167928,4,17.01910113785216,2.235727621231021,1,1,1,1.0,1,1.0,0,12,cvc-colondb,segformer,polypseg/runs_cv/segformer_seed42_fold4/best.pth,False
0.6996751293424397,0.5380771721982226,0.9470684038933702,0.5547605418760279,0.43944486434576363,0.2592578990467294,4,86.855572459957,11.40985066330388,1,1,1,1.0,1,1.0,0,120,cvc-colondb,segformer,polypseg/runs_cv/segformer_seed42_fold4/best.pth,False
0.7532500460990765,0.6041709035097632,0.9384314964220819,0.6291077100767559,0.4021888217010803,0.2595280392536406,4,158.69024803078887,20.846469379828317,1,1,1,1.0,1,1.0,0,121,cvc-colondb,segformer,polypseg/runs_cv/segformer_seed42_fold4/best.pth,False
0.7968497525340702,0.6623027790688585,0.9284570683084427,0.6979206133395041,0.38152293106208685,0.1965574660928979,4,137.71873319852745,18.09152982163611,1,1,1,1.0,1,1.0,0,122,cvc-colondb,segformer,polypseg/runs_cv/segformer_seed42_fold4/best.pth,False
0.7992419892029412,0.6656145384967346,0.96052449965162,0.6843347428442218,0.42749444959208016,0.2854390013602342,4,125.83340857621839,16.53020479452913,1,1,1,1.0,1,1.0,0,123,cvc-colondb,segformer,polypseg/runs_cv/segformer_seed42_fold4/best.pth,False
0.6188402385424144,0.44805840411201303,0.8801897321379454,0.4771599709569302,0.39282964978871865,0.28165164063031567,4,177.37850204709576,23.30146658317133,1,1,1,1.0,0,0.0,0,124,cvc-colondb,segformer,polypseg/runs_cv/segformer_seed42_fold4/best.pth,False
0.8535965305805653,0.7445864857796063,0.9940787182135015,0.7479035639395181,0.4583382715625724,0.27497376351226416,4,31.53324613418637,4.142389706614904,1,2,1,1.0,1,1.0,1,125,cvc-colondb,segformer,polypseg/runs_cv/segformer_seed42_fold4/best.pth,False
0.6672204915180172,0.5006233118619688,0.9407209786508282,0.5169306682857763,0.3477598586217977,0.21472521840039632,4,152.51425752090657,20.035155523734325,1,1,1,1.0,1,1.0,0,126,cvc-colondb,segformer,polypseg/runs_cv/segformer_seed42_fold4/best.pth,False
0.8497462101263861,0.7387467162527266,0.9982450542397964,0.7397074035739922,0.38019331661217626,0.19121135221761468,4,79.80160195869202,10.483200274350537,1,1,1,1.0,1,1.0,0,127,cvc-colondb,segformer,polypseg/runs_cv/segformer_seed42_fold4/best.pth,False
0.8816702728499686,0.7883813256907966,0.9425052568282216,0.8282124379641631,0.46412168761156175,0.24937833316921273,4,63.04078226512441,8.281401998409917,1,1,1,1.0,1,1.0,0,128,cvc-colondb,segformer,polypseg/runs_cv/segformer_seed42_fold4/best.pth,False
0.8281002459362552,0.7066306167099096,0.97623621486668,0.7189980873510651,0.37851775516088154,0.24865811981026312,4,36.141771927580564,4.74779232605943,1,2,1,1.0,1,1.0,1,129,cvc-colondb,segformer,polypseg/runs_cv/segformer_seed42_fold4/best.pth,False
0.867789688611104,0.7664562668984845,0.8164245407513936,0.9260520223215845,0.3985537432119714,0.23761777845708967,4,17.4928556845359,2.2979627602742276,1,1,1,1.0,1,1.0,0,13,cvc-colondb,segformer,polypseg/runs_cv/segformer_seed42_fold4/best.pth,False
0.7804047791564341,0.6398883546105126,0.9868308898696435,0.6453995596046341,0.39838480063709003,0.16709439101491025,4,51.45056007566777,6.758843334748133,1,2,1,1.0,1,1.0,1,130,cvc-colondb,segformer,polypseg/runs_cv/segformer_seed42_fold4/best.pth,False
0.5193580742209316,0.3507654789308099,0.5295561464476065,0.5095453650822702,0.18178962995191741,0.13209667395802135,4,118.56534626492831,15.575430066383285,1,1,1,1.0,0,0.0,0,131,cvc-colondb,segformer,polypseg/runs_cv/segformer_seed42_fold4/best.pth,False
0.8865707117351707,0.796252371910213,0.956501092212399,0.8261689909694325,0.6784645215813147,0.4121621552373857,4,21.033258088405148,2.763050509650051,1,2,1,1.0,1,1.0,1,132,cvc-colondb,segformer,polypseg/runs_cv/segformer_seed42_fold4/best.pth,False
0.9132212942883692,0.840301056221363,0.8496514676673936,0.9870728083136175,0.5431336611073092,0.29774923115909774,4,12.649110640673518,1.6616603787883704,1,1,1,1.0,1,1.0,0,133,cvc-colondb,segformer,polypseg/runs_cv/segformer_seed42_fold4/best.pth,False
0.9539530308589882,0.9119600352576435,0.9337465398908789,0.9750534120838567,0.8153704871408869,0.5515558605706479,4,8.0,1.050926298925878,1,1,1,1.0,1,1.0,0,134,cvc-colondb,segformer,polypseg/runs_cv/segformer_seed42_fold4/best.pth,False
0.9425081734595567,0.8912675727650279,0.9274614544073846,0.9580511662844365,0.7830717456026335,0.5071804088981404,4,12.134542440145403,1.5940637219726252,1,1,1,1.0,1,1.0,0,135,cvc-colondb,segformer,polypseg/runs_cv/segformer_seed42_fold4/best.pth,False
0.9332914441278319,0.8749263695225067,0.9183841714709481,0.9486906536036369,0.6282515140508892,0.3973636664467199,4,12.083045973594572,1.587298848097622,1,1,1,1.0,1,1.0,0,136,cvc-colondb,segformer,polypseg/runs_cv/segformer_seed42_fold4/best.pth,False
0.8406388449595704,0.7250879860040295,0.8822724508390374,0.8027574758471797,0.3223560103327194,0.21136608244553295,4,39.40367956632399,5.1762953913372645,1,2,1,1.0,1,1.0,1,137,cvc-colondb,segformer,polypseg/runs_cv/segformer_seed42_fold4/best.pth,False
0.9334561612645856,0.8752159333378843,0.928750505456453,0.9382097437408071,0.48847046388437965,0.2889160657600136,4,19.524724189530502,2.564880766256482,1,1,1,1.0,1,1.0,0,138,cvc-colondb,segformer,polypseg/runs_cv/segformer_seed42_fold4/best.pth,False
0.5669267247955732,0.3956020495286268,0.9998920785560123,0.3956189418831051,0.12241988246391745,0.05124550523974255,4,124.72705732729086,16.3848680916107,1,1,1,1.0,0,0.0,0,139,cvc-colondb,segformer,polypseg/runs_cv/segformer_seed42_fold4/best.pth,False
0.954832818204008,0.9135694603070531,0.924442328611776,0.9872893666401271,0.7746666692820458,0.6245074041240765,4,12.0,1.576389448388817,1,1,1,1.0,1,1.0,0,14,cvc-colondb,segformer,polypseg/runs_cv/segformer_seed42_fold4/best.pth,False
0.7797299796539413,0.638981509545581,0.9929345266066015,0.6419001217998873,0.31676858393257934,0.18768323449548546,4,36.07283050007414,4.738735781152931,1,2,1,1.0,0,0.0,1,140,cvc-colondb,segformer,polypseg/runs_cv/segformer_seed42_fold4/best.pth,False
0.8964915197853,0.8124011150425209,0.9944664760629232,0.8160902141799133,0.4223332603607038,0.2942812369525028,4,24.839484696748443,3.2630584649474783,1,1,1,1.0,1,1.0,0,141,cvc-colondb,segformer,polypseg/runs_cv/segformer_seed42_fold4/best.pth,False
0.9662102558183442,0.9346293685503649,0.9706029666693484,0.9618571264901613,0.7777866757237829,0.5990569596382992,4,7.0710678118654755,0.9288963906222114,1,1,1,1.0,1,1.0,0,142,cvc-colondb,segformer,polypseg/runs_cv/segformer_seed42_fold4/best.pth,False
0.9071909703225662,0.8301459318929156,0.9171083627729895,0.8974857719119841,0.6516633559616821,0.31815717279807487,4,65.88673405310193,8.655262695842504,1,1,1,1.0,1,1.0,0,143,cvc-colondb,segformer,polypseg/runs_cv/segformer_seed42_fold4/best.pth,False
0.9337580320441607,0.8757468380599649,0.9039673216549979,0.9655791935180358,0.4363714513942968,0.26161162017720035,4,13.001920240520263,1.7080074896624275,1,1,1,1.0,1,1.0,0,144,cvc-colondb,segformer,polypseg/runs_cv/segformer_seed42_fold4/best.pth,False
0.9462641333476496,0.8980088495553146,0.9221041472072037,0.9717242113077307,0.4902205390912082,0.2602416175824791,4,12.0145581025773,1.5783018849964352,1,1,1,1.0,1,1.0,0,145,cvc-colondb,segformer,polypseg/runs_cv/segformer_seed42_fold4/best.pth,False
0.895233256054828,0.8103368977761852,0.9303016302492885,0.8627126943269512,0.63601559894601,0.30347301177047165,4,68.27146018888678,8.968534122321525,1,1,1,1.0,1,1.0,0,146,cvc-colondb,segformer,polypseg/runs_cv/segformer_seed42_fold4/best.pth,False
0.9291928123184213,0.8677498834596273,0.8839970151218778,0.9792590365899206,0.5532858976024585,0.2862985185073753,4,8.54400374531753,1.1223897792594242,1,1,1,1.0,1,1.0,0,147,cvc-colondb,segformer,polypseg/runs_cv/segformer_seed42_fold4/best.pth,False
0.7858111303774686,0.6471901942419903,0.9505683118395715,0.6697301945572948,0.5734974185267421,0.3257000802599977,4,34.03012721335192,4.4703944555380914,1,2,1,1.0,1,1.0,1,148,cvc-colondb,segformer,polypseg/runs_cv/segformer_seed42_fold4/best.pth,False
0.940921878379606,0.8884348181416413,0.9378437646010072,0.9440202641543549,0.5532368122173935,0.2888975526499351,4,17.00146931829632,2.2334114033723775,1,1,1,1.0,1,1.0,0,149,cvc-colondb,segformer,polypseg/runs_cv/segformer_seed42_fold4/best.pth,False
0.9123426394717687,0.8388143845490833,0.8529488404338317,0.9806271220193665,0.49478730731106824,0.211155843712927,4,9.899494936611665,1.300454946871096,1,1,1,1.0,1,1.0,0,15,cvc-colondb,segformer,polypseg/runs_cv/segformer_seed42_fold4/best.pth,False
0.879572136705245,0.7850323662236993,0.9508150487847548,0.818261249449938,0.5792309957565611,0.26886094458512383,4,34.147467859083356,4.485809001854606,1,1,1,1.0,1,1.0,0,150,cvc-colondb,segformer,polypseg/runs_cv/segformer_seed42_fold4/best.pth,False
0.8212564235317641,0.6967218654903905,0.9816207980098883,0.7059306944205866,0.6236072973110213,0.3815047278272392,4,35.504221893050456,4.664040063788331,1,1,1,1.0,1,1.0,0,151,cvc-colondb,segformer,polypseg/runs_cv/segformer_seed42_fold4/best.pth,False
0.861799816341314,0.7571601452137381,0.9749636401311556,0.7721737699459258,0.6139310687337262,0.49659870493234415,4,23.769728648009426,3.12252911931562,1,1,1,1.0,1,1.0,0,152,cvc-colondb,segformer,polypseg/runs_cv/segformer_seed42_fold4/best.pth,False
0.5479654538916148,0.3773776976313845,0.38047621840249696,0.978875895880959,0.38097916385343145,0.31298495236002954,4,108.6074067724504,14.267297504413579,1,1,1,1.0,0,0.0,0,153,cvc-colondb,segformer,polypseg/runs_cv/segformer_seed42_fold4/best.pth,False
0.572819168849188,0.401364113324934,0.4071025650107954,0.9660717292392147,0.29509656979142684,0.2285994857991807,4,146.14203539651584,19.19806354709438,1,1,1,1.0,0,0.0,0,154,cvc-colondb,segformer,polypseg/runs_cv/segformer_seed42_fold4/best.pth,False
0.8413167104065982,0.7260972156609146,0.9269791541037837,0.7701471618703558,0.42595940001487087,0.19160442828094945,4,26.314418461622584,3.4568143002824776,1,1,1,1.0,1,1.0,0,155,cvc-colondb,segformer,polypseg/runs_cv/segformer_seed42_fold4/best.pth,False
0.8867901972451476,0.7966065292010673,0.9330817609945524,0.8448747152523362,0.405096906152201,0.1470847912256006,4,11.40175425099138,1.497800424532096,1,1,1,1.0,1,1.0,0,156,cvc-colondb,segformer,polypseg/runs_cv/segformer_seed42_fold4/best.pth,False
0.9189523294373874,0.850057175516723,0.9474271148486948,0.8921392139080088,0.7609929595903848,0.5459610323953724,4,11.664043595742053,1.5322562708229108,1,1,1,1.0,1,1.0,0,157,cvc-colondb,segformer,polypseg/runs_cv/segformer_seed42_fold4/best.pth,False
0.9069578690997789,0.8297556365488085,0.8709083179698044,0.9461206896406078,0.5740815425624745,0.17804049054183857,4,8.0,1.050926298925878,1,1,1,1.0,1,1.0,0,158,cvc-colondb,segformer,polypseg/runs_cv/segformer_seed42_fold4/best.pth,False
0.9323483670235073,0.873270211205714,0.8735883424301931,0.9995831596359652,0.767473682301623,0.4214204929387599,4,7.235255119351365,0.9504649855455553,1,1,1,1.0,1,1.0,0,159,cvc-colondb,segformer,polypseg/runs_cv/segformer_seed42_fold4/best.pth,False
0.9489645515495818,0.9028853907341342,0.9285714285680804,0.970273528743236,0.5589322736393297,0.2996348016965303,4,10.44030650891055,1.37149908488264,1,1,1,1.0,1,1.0,0,16,cvc-colondb,segformer,polypseg/runs_cv/segformer_seed42_fold4/best.pth,False
0.8821621621558042,0.7891682785198044,0.7892700541554131,0.999836627985626,0.3186476273827871,0.16864941385927631,4,9.848857801796104,1.2938029597861047,1,1,1,1.0,1,1.0,0,160,cvc-colondb,segformer,polypseg/runs_cv/segformer_seed42_fold4/best.pth,False
0.9014347202230887,0.8205563536525982,0.8828157931588757,0.9208559284637131,0.43928918988691756,0.23405420750613615,4,8.0,1.050926298925878,1,1,1,1.0,1,1.0,0,161,cvc-colondb,segformer,polypseg/runs_cv/segformer_seed42_fold4/best.pth,False
0.8947054309754053,0.8094723850538496,0.8220272598962552,0.9814814814631223,0.6031050181870785,0.31087579220335565,4,11.149999999999977,1.4647285291279395,1,1,1,1.0,1,1.0,0,162,cvc-colondb,segformer,polypseg/runs_cv/segformer_seed42_fold4/best.pth,False
0.8781148428988184,0.7827136648886266,0.7827136648886266,0.999999999987662,0.2670905701380891,0.0529588266987993,4,11.045361017187261,1.4509825467615973,1,1,1,1.0,1,1.0,0,163,cvc-colondb,segformer,polypseg/runs_cv/segformer_seed42_fold4/best.pth,False
0.9165154264929004,0.8458961473962276,0.8499424218190278,0.9944035651259777,0.6173623327821166,0.3046377190220998,4,12.0,1.576389448388817,1,1,1,1.0,1,1.0,0,164,cvc-colondb,segformer,polypseg/runs_cv/segformer_seed42_fold4/best.pth,False
0.9303970011887442,0.8698526483403436,0.9472634226650424,0.9141206997496097,0.6967512755470474,0.45724328058523306,4,14.317821063276353,1.8808718373389997,1,1,1,1.0,1,1.0,0,165,cvc-colondb,segformer,polypseg/runs_cv/segformer_seed42_fold4/best.pth,False
0.9507633464038417,0.906147667587852,0.9317070071727863,0.9706154864264023,0.7801609008108759,0.3645056987238915,4,7.810249675906654,1.0259995981984522,1,1,1,1.0,1,1.0,0,166,cvc-colondb,segformer,polypseg/runs_cv/segformer_seed42_fold4/best.pth,False
0.9269034298167909,0.8637651592330979,0.9372770876775639,0.9167568867927732,0.7340687165162333,0.4009671368687023,4,9.219544457292887,1.2111327167856758,1,1,1,1.0,1,1.0,0,167,cvc-colondb,segformer,polypseg/runs_cv/segformer_seed42_fold4/best.pth,False
0.9295410471814297,0.8683574879110526,0.973668371938404,0.8892400714457985,0.8123147061450066,0.6629460508016853,4,13.162382319273929,1.7290867169802457,1,1,1,1.0,1,1.0,0,168,cvc-colondb,segformer,polypseg/runs_cv/segformer_seed42_fold4/best.pth,False
0.9442217186641789,0.8943371305853199,0.9347713546079829,0.9538651170896824,0.6707404782719659,0.5061355530244241,4,8.94427190999916,1.1749713218702638,1,1,1,1.0,1,1.0,0,169,cvc-colondb,segformer,polypseg/runs_cv/segformer_seed42_fold4/best.pth,False
0.9489462001397081,0.9028521663361513,0.9049801405398935,0.9974023475033797,0.6715851623099401,0.3391598873113867,4,11.045361017187261,1.4509825467615973,1,1,1,1.0,1,1.0,0,17,cvc-colondb,segformer,polypseg/runs_cv/segformer_seed42_fold4/best.pth,False
0.9444356066610358,0.8947209782944595,0.9257328699949847,0.9639096349168997,0.49619136827043697,0.30141360028507175,4,9.861517085499994,1.2954659565573525,1,1,1,1.0,1,1.0,0,170,cvc-colondb,segformer,polypseg/runs_cv/segformer_seed42_fold4/best.pth,False
0.882951448469887,0.7904324724833455,0.9465858673283268,0.8273337747075998,0.5008036929790975,0.29701888692482137,4,52.02403091040706,6.834177782484947,1,1,1,1.0,1,1.0,0,171,cvc-colondb,segformer,polypseg/runs_cv/segformer_seed42_fold4/best.pth,False
0.9338691566637085,0.875942350322883,0.8782792352058884,0.9969716088202275,0.7626602699818904,0.4269635892440074,4,8.0,1.050926298925878,1,1,1,1.0,1,1.0,0,172,cvc-colondb,segformer,polypseg/runs_cv/segformer_seed42_fold4/best.pth,False
0.8566799492014858,0.7492914592052907,0.7511902933439472,0.9966377992766516,0.263257855865362,0.19990000025975255,4,17.46424919657298,2.29420484645921,1,1,1,1.0,1,1.0,0,173,cvc-colondb,segformer,polypseg/runs_cv/segformer_seed42_fold4/best.pth,False
0.9046205544614695,0.8258513140318452,0.8301809210440976,0.9937246216193709,0.5663359873882108,0.29736657720450876,4,13.0,1.7077552357545518,1,1,1,1.0,1,1.0,0,174,cvc-colondb,segformer,polypseg/runs_cv/segformer_seed42_fold4/best.pth,False
0.9388493452320624,0.8847465164476375,0.8969792605883905,0.984819734337226,0.6580987489760535,0.25451121066820914,4,7.810249675906654,1.0259995981984522,1,1,1,1.0,1,1.0,0,175,cvc-colondb,segformer,polypseg/runs_cv/segformer_seed42_fold4/best.pth,False
0.9401397977359454,0.8870413246271869,0.8926150804794365,0.9930097392319116,0.6178826351679854,0.44276151291396887,4,9.486832980505138,1.2462452840912777,1,1,1,1.0,1,1.0,0,176,cvc-colondb,segformer,polypseg/runs_cv/segformer_seed42_fold4/best.pth,False
0.8790084148232942,0.7841347129155596,0.7842938311608736,0.9997413346999516,0.24861721931159714,0.12732374305050748,4,12.0,1.576389448388817,1,1,1,1.0,1,1.0,0,177,cvc-colondb,segformer,polypseg/runs_cv/segformer_seed42_fold4/best.pth,False
0.8872072930889161,0.797279931454302,0.7973653207583017,0.9998656996911112,0.40989817391144207,0.21356511037934509,4,14.0,1.8391210231202866,1,1,1,1.0,1,1.0,0,178,cvc-colondb,segformer,polypseg/runs_cv/segformer_seed42_fold4/best.pth,False
0.8983584438897101,0.8154725454091092,0.8158055952540758,0.9994996247060358,0.43243238246896126,0.2890827857512124,4,11.0,1.4450236610230822,1,1,1,1.0,1,1.0,0,179,cvc-colondb,segformer,polypseg/runs_cv/segformer_seed42_fold4/best.pth,False
0.914477325256651,0.8424304222598222,0.8629800307166636,0.9725107325787805,0.3956285558469421,0.24602694223887184,4,13.451763237969958,1.767101469213369,1,1,1,1.0,1,1.0,0,18,cvc-colondb,segformer,polypseg/runs_cv/segformer_seed42_fold4/best.pth,False
0.8751957556940931,0.7780871739456834,0.7780871739456834,0.9999999999926964,0.19985895024987615,0.06775554588636357,4,16.278820596099706,2.1384800849921777,1,1,1,1.0,1,1.0,0,180,cvc-colondb,segformer,polypseg/runs_cv/segformer_seed42_fold4/best.pth,False
0.925873303606262,0.8619777412802228,0.9084703393817087,0.9439560439466137,0.6196272290154663,0.35307012548573347,4,10.0,1.3136578736573477,1,1,1,1.0,1,1.0,0,181,cvc-colondb,segformer,polypseg/runs_cv/segformer_seed42_fold4/best.pth,False
0.9302947432334834,0.8696739006832215,0.8738440461140101,0.9945426195296967,0.5961137950735849,0.35025612146739304,4,6.0,0.7881947241944085,1,1,1,1.0,1,1.0,0,182,cvc-colondb,segformer,polypseg/runs_cv/segformer_seed42_fold4/best.pth,False
0.9378129542809093,0.8829075425656492,0.8854659142765676,0.9967381974077814,0.7827524749917035,0.5640090746902904,4,6.0,0.7881947241944085,1,1,1,1.0,1,1.0,0,183,cvc-colondb,segformer,polypseg/runs_cv/segformer_seed42_fold4/best.pth,False
0.8950635530528003,0.8100588549918398,0.857304643249472,0.9363017934301747,0.4551253241604311,0.2276693293748314,4,8.54400374531753,1.1223897792594242,1,1,1,1.0,1,1.0,0,184,cvc-colondb,segformer,polypseg/runs_cv/segformer_seed42_fold4/best.pth,False
0.8255033556940437,0.7028571428416954,0.7028571428416954,0.9999999999687305,0.3203019635932919,0.19767436875189046,4,12.0,1.576389448388817,1,1,1,1.0,1,1.0,0,185,cvc-colondb,segformer,polypseg/runs_cv/segformer_seed42_fold4/best.pth,False
0.89385605616274,0.8080829453912806,0.8219974171153251,0.9794819184155045,0.5694660755834923,0.39556587780500024,4,8.449999999999989,1.1100409032404572,1,1,1,1.0,1,1.0,0,186,cvc-colondb,segformer,polypseg/runs_cv/segformer_seed42_fold4/best.pth,False
0.8614958448668233,0.7566909975537593,0.7566909975537593,0.9999999999770326,0.3704462607647144,0.17395454988576717,4,10.295630140987,1.352493559897148,1,1,1,1.0,1,1.0,0,187,cvc-colondb,segformer,polypseg/runs_cv/segformer_seed42_fold4/best.pth,False
0.8713481355479512,0.772025602395105,0.7743580060276746,0.9961136749818773,0.4206213588375422,0.22540795641068428,4,8.200222875501128,1.0772287346147151,1,1,1,1.0,1,1.0,0,188,cvc-colondb,segformer,polypseg/runs_cv/segformer_seed42_fold4/best.pth,False
0.9272602111006926,0.8643850267287231,0.8998997884322469,0.9563365282101959,0.648852842041762,0.3879347675933576,4,10.346266869760239,1.3591454936420697,1,1,1,1.0,1,1.0,0,189,cvc-colondb,segformer,polypseg/runs_cv/segformer_seed42_fold4/best.pth,False
0.9461538461512834,0.8978102189734871,0.9236382866159512,0.9697945585731826,0.6174978223404444,0.33551049931685556,4,8.48528137423857,1.1146756687466535,1,1,1,1.0,1,1.0,0,19,cvc-colondb,segformer,polypseg/runs_cv/segformer_seed42_fold4/best.pth,False
0.8675578741384573,0.7660946677327409,0.7660946677327409,0.9999999999849669,0.41827333134690936,0.18456626269167992,4,13.0,1.7077552357545518,1,1,1,1.0,1,1.0,0,190,cvc-colondb,segformer,polypseg/runs_cv/segformer_seed42_fold4/best.pth,False
0.956066856628435,0.9158315000332776,0.9365105815619353,0.9764573017029236,0.8057092120456224,0.49966642212208956,4,5.656854249492381,0.7431171124977691,1,1,1,1.0,1,1.0,0,191,cvc-colondb,segformer,polypseg/runs_cv/segformer_seed42_fold4/best.pth,False
0.9338036335478652,0.8758270642538218,0.8953025108783905,0.9757649197114433,0.6577918552557511,0.4134187248121433,4,8.94427190999916,1.1749713218702638,1,1,1,1.0,1,1.0,0,192,cvc-colondb,segformer,polypseg/runs_cv/segformer_seed42_fold4/best.pth,False
0.9242850543781788,0.8592286071138411,0.8599671798010473,0.9990014524237563,0.4420287265907491,0.25136164033447067,4,8.35837428645656,1.0980044192378773,1,1,1,1.0,1,1.0,0,193,cvc-colondb,segformer,polypseg/runs_cv/segformer_seed42_fold4/best.pth,False
0.9286050156703425,0.866725184691195,0.87369119598235,0.9908847633300645,0.6253405494732349,0.3732246520257123,4,13.024963126763444,1.7110345365569422,1,1,1,1.0,1,1.0,0,194,cvc-colondb,segformer,polypseg/runs_cv/segformer_seed42_fold4/best.pth,False
0.9056040148111745,0.8274920842796429,0.8274920842796429,0.9999999999868057,0.5014749464390585,0.1852173413117715,4,8.401606831187427,1.1036836965162722,1,1,1,1.0,1,1.0,0,195,cvc-colondb,segformer,polypseg/runs_cv/segformer_seed42_fold4/best.pth,False
0.9337288638330837,0.8756955263646149,0.8796109993194766,0.9949424705905305,0.7552843191255814,0.4706208930971088,4,8.844204868828752,1.161825936217554,1,1,1,1.0,1,1.0,0,196,cvc-colondb,segformer,polypseg/runs_cv/segformer_seed42_fold4/best.pth,False
0.9374179431042906,0.882207578248516,0.8922344540262288,0.9874217978203002,0.5459049803533587,0.3134522791458872,4,8.94427190999916,1.1749713218702638,1,1,1,1.0,1,1.0,0,197,cvc-colondb,segformer,polypseg/runs_cv/segformer_seed42_fold4/best.pth,False
0.8904306624850628,0.8025011438035305,0.8025011438035305,0.9999999999809959,0.5748148524149767,0.2342701222770216,4,11.0,1.4450236610230822,1,1,1,1.0,1,1.0,0,198,cvc-colondb,segformer,polypseg/runs_cv/segformer_seed42_fold4/best.pth,False
0.9115122817347646,0.8374116367500009,0.8482978957711986,0.9849066257228843,0.6468166971072192,0.4413032880140444,4,15.949999999999989,2.095284308483468,1,1,1,1.0,1,1.0,0,199,cvc-colondb,segformer,polypseg/runs_cv/segformer_seed42_fold4/best.pth,False
0.08675744065445526,0.04534576143033952,0.04968258349365605,0.3418803418478746,0.11494678438873332,0.05156850801148637,4,222.28540206423466,29.20069686207711,1,3,1,1.0,0,0.0,2,2,cvc-colondb,segformer,polypseg/runs_cv/segformer_seed42_fold4/best.pth,False
0.9570215460537482,0.9175851547390323,0.9258293541061641,0.9903888160735612,0.5570550580956259,0.25723064204158047,4,8.48528137423857,1.1146756687466535,1,1,1,1.0,1,1.0,0,20,cvc-colondb,segformer,polypseg/runs_cv/segformer_seed42_fold4/best.pth,False
0.8820911071040619,0.7890545577636555,0.7909307065083062,0.9970027831086062,0.4746278651852769,0.2844759667190609,4,8.54400374531753,1.1223897792594242,1,1,1,1.0,1,1.0,0,200,cvc-colondb,segformer,polypseg/runs_cv/segformer_seed42_fold4/best.pth,False
0.8978335795064275,0.8146079964079829,0.8146079964079829,0.9999999999725803,0.6344391968392437,0.4107992826716213,4,8.0,1.050926298925878,1,1,1,1.0,1,1.0,0,201,cvc-colondb,segformer,polypseg/runs_cv/segformer_seed42_fold4/best.pth,False
0.8761954900373949,0.7796689568958489,0.7796689568958489,0.9999999999899859,0.35720233329304385,0.16018200037932834,4,18.0,2.3645841725832257,1,1,1,1.0,1,1.0,0,202,cvc-colondb,segformer,polypseg/runs_cv/segformer_seed42_fold4/best.pth,False
0.8972567945078914,0.8136588736518062,0.8136588736518062,0.9999999999858458,0.5704465295054347,0.26919201459501985,4,13.0,1.7077552357545518,1,1,1,1.0,1,1.0,0,203,cvc-colondb,segformer,polypseg/runs_cv/segformer_seed42_fold4/best.pth,False
0.46581865178922643,0.30362685111019216,0.32516619182977047,0.8209062574725269,0.1625441215459055,0.10976007357908865,4,70.17155164443416,9.218141132446412,1,1,1,1.0,0,0.0,0,204,cvc-colondb,segformer,polypseg/runs_cv/segformer_seed42_fold4/best.pth,False
0.4291157008178352,0.27316824099727893,0.281356823556648,0.9037162161780525,0.38961034369202774,0.20532797470231887,4,51.15268540592017,6.719712794220432,1,1,1,1.0,0,0.0,0,205,cvc-colondb,segformer,polypseg/runs_cv/segformer_seed42_fold4/best.pth,False
0.42237261146076455,0.2677264698426984,0.2701807995891243,0.967183226938597,0.39093479766309575,0.26628890531182353,4,50.00999900019995,6.569602894820874,1,1,1,1.0,0,0.0,0,206,cvc-colondb,segformer,polypseg/runs_cv/segformer_seed42_fold4/best.pth,False
0.45451055661839146,0.2940884252330443,0.2956747577635034,0.982083609788252,0.4022748595295291,0.34884517851261093,4,58.045671091585646,7.625215286118617,1,1,1,1.0,0,0.0,0,207,cvc-colondb,segformer,polypseg/runs_cv/segformer_seed42_fold4/best.pth,False
0.222634773293662,0.1252611280722701,0.12536185268474298,0.9936265136396668,0.2669545082850151,0.22859501496167964,4,108.56932803980158,14.262295261717279,1,1,0,0.0,0,0.0,1,208,cvc-colondb,segformer,polypseg/runs_cv/segformer_seed42_fold4/best.pth,False
0.8172142526481997,0.6909233176658601,0.6909233176658601,0.99999999996225,0.3452121371999845,0.07086609225621905,4,9.219544457292887,1.2111327167856758,1,1,1,1.0,1,1.0,0,209,cvc-colondb,segformer,polypseg/runs_cv/segformer_seed42_fold4/best.pth,False
0.8953011250807515,0.8104481188560969,0.8333812476864209,0.9671607644966057,0.38786480672516416,0.12532238491079464,4,27.065653655989394,3.5555009030873244,1,1,1,1.0,1,1.0,0,21,cvc-colondb,segformer,polypseg/runs_cv/segformer_seed42_fold4/best.pth,False
0.850696179929663,0.7401838966110812,0.7401838966110812,0.9999999999832131,0.2523627963385041,0.16997538603839032,4,13.013441683641853,1.7095210131096847,1,1,1,1.0,1,1.0,0,210,cvc-colondb,segformer,polypseg/runs_cv/segformer_seed42_fold4/best.pth,False
0.9086165772144557,0.8325365387128462,0.9116063415956984,0.9056463595704957,0.6071566448841723,0.290275332808129,4,8.0,1.050926298925878,1,1,1,1.0,1,1.0,0,211,cvc-colondb,segformer,polypseg/runs_cv/segformer_seed42_fold4/best.pth,False
0.9329809325998377,0.8743807501707404,0.8958091647266835,0.9733711494447855,0.5862270252351364,0.46879884162275237,4,11.119599395858684,1.4607349298285244,1,1,1,1.0,1,1.0,0,212,cvc-colondb,segformer,polypseg/runs_cv/segformer_seed42_fold4/best.pth,False
0.9217516727396059,0.854860285368201,0.8656031304020949,0.9856898029050069,0.44084572023902163,0.30493876299723216,4,9.076840560052503,1.192386306964534,1,1,1,1.0,1,1.0,0,213,cvc-colondb,segformer,polypseg/runs_cv/segformer_seed42_fold4/best.pth,False
0.9338660498321214,0.8759368836205528,0.8830781467400767,0.99085229807016,0.6971257859090919,0.42468234567462226,4,8.0,1.050926298925878,1,1,1,1.0,1,1.0,0,214,cvc-colondb,segformer,polypseg/runs_cv/segformer_seed42_fold4/best.pth,False
0.9088857268980477,0.8329885781020506,0.8466179158971973,0.9810401440421455,0.5877791878450911,0.21374040801667532,4,13.0,1.7077552357545518,1,1,1,1.0,1,1.0,0,215,cvc-colondb,segformer,polypseg/runs_cv/segformer_seed42_fold4/best.pth,False
0.9537790826951653,0.9116421464332711,0.9604013617545206,0.947247503747042,0.7759143933801919,0.45574556234171537,4,5.0,0.6568289368286738,1,1,1,1.0,1,1.0,0,216,cvc-colondb,segformer,polypseg/runs_cv/segformer_seed42_fold4/best.pth,False
0.9099611127675143,0.834796926445282,0.8376473179773362,0.9959402828575702,0.5235099887374924,0.2881677890146373,4,8.0,1.050926298925878,1,1,1,1.0,1,1.0,0,217,cvc-colondb,segformer,polypseg/runs_cv/segformer_seed42_fold4/best.pth,False
0.9436760778306379,0.8933586166378014,0.9020331874503007,0.9893499999950532,0.5353861804362057,0.3870254923852144,4,9.219544457292887,1.2111327167856758,1,1,1,1.0,1,1.0,0,218,cvc-colondb,segformer,polypseg/runs_cv/segformer_seed42_fold4/best.pth,False
0.9429594005118472,0.8920749127029305,0.92460382737882,0.9620585382497743,0.5338718001619753,0.3215058147550207,4,9.0,1.1822920862916129,1,1,1,1.0,1,1.0,0,219,cvc-colondb,segformer,polypseg/runs_cv/segformer_seed42_fold4/best.pth,False
0.8757612667454441,0.7789815817946469,0.8089807190671049,0.954559169627937,0.27628872755017025,0.10198936063680314,4,22.090722034374522,2.9019650935231946,1,1,1,1.0,1,1.0,0,22,cvc-colondb,segformer,polypseg/runs_cv/segformer_seed42_fold4/best.pth,False
0.9256352160506326,0.861565112594249,0.8705479451988543,0.9881651693072895,0.519476776877544,0.3250491998999958,4,9.0,1.1822920862916129,1,1,1,1.0,1,1.0,0,220,cvc-colondb,segformer,polypseg/runs_cv/segformer_seed42_fold4/best.pth,False
0.8929623818419006,0.8066233407023878,0.8166736665209529,0.9849725622542425,0.41242313868875774,0.2270145096417999,4,14.166822796668283,1.8610358311551694,1,1,1,1.0,1,1.0,0,221,cvc-colondb,segformer,polypseg/runs_cv/segformer_seed42_fold4/best.pth,False
0.9396770721165137,0.8862178185585461,0.9786547085114021,0.9036853001995554,0.7792321012445269,0.6048594094013332,4,13.892443989449804,1.8249918431084429,1,1,1,1.0,1,1.0,0,222,cvc-colondb,segformer,polypseg/runs_cv/segformer_seed42_fold4/best.pth,False
0.9313676113688413,0.8715509854252651,0.9381110496131884,0.9247204291215135,0.6629098248585864,0.33150793756843416,4,8.844204868828752,1.161825936217554,1,1,1,1.0,1,1.0,0,223,cvc-colondb,segformer,polypseg/runs_cv/segformer_seed42_fold4/best.pth,False
0.9340185372035054,0.8762052341446934,0.8964241676784143,0.9749042145407106,0.7720448598094326,0.5155149927523079,4,5.4802561119597515,0.7199181591134729,1,1,1,1.0,1,1.0,0,224,cvc-colondb,segformer,polypseg/runs_cv/segformer_seed42_fold4/best.pth,False
0.8973291709868656,0.8137779175585474,0.965298507426668,0.8383020090460693,0.7617187001953158,0.6075376386180188,4,11.681162044153663,1.5345050492769814,1,1,1,1.0,1,1.0,0,225,cvc-colondb,segformer,polypseg/runs_cv/segformer_seed42_fold4/best.pth,False
0.8909123530954924,0.8032839925519429,0.974678574924186,0.8204047914017314,0.5943769260641532,0.3826333942866368,4,28.53831567261892,3.7489583084254727,1,1,1,1.0,1,1.0,0,226,cvc-colondb,segformer,polypseg/runs_cv/segformer_seed42_fold4/best.pth,False
0.9410725091479852,0.8887034450213365,0.9607562415404092,0.9221791348199951,0.4133499092976698,0.21019963971429417,4,17.698865796382936,2.3250254408223165,1,1,1,1.0,1,1.0,0,227,cvc-colondb,segformer,polypseg/runs_cv/segformer_seed42_fold4/best.pth,False
0.9295766703322056,0.868419665909841,0.9533175218353805,0.9069895432014181,0.35666848113813643,0.2323659109351381,4,25.007996802557443,3.285195190407736,1,1,1,1.0,1,1.0,0,228,cvc-colondb,segformer,polypseg/runs_cv/segformer_seed42_fold4/best.pth,False
0.9404934687934056,0.887671232873238,0.9262813967697517,0.9551484523017261,0.4383298346446814,0.22966226773021492,4,9.433981132056603,1.2393023594061015,1,1,1,1.0,1,1.0,0,229,cvc-colondb,segformer,polypseg/runs_cv/segformer_seed42_fold4/best.pth,False
0.9254082865879779,0.861171992150991,0.8663185378539813,0.9931488625715501,0.5506492469624475,0.2521263855090682,4,15.019911892563231,1.9731025519305323,1,1,1,1.0,1,1.0,0,23,cvc-colondb,segformer,polypseg/runs_cv/segformer_seed42_fold4/best.pth,False
0.9332521159241688,0.8748572458924394,0.9144311113845923,0.9528641571132381,0.6101865501535191,0.3113055877612346,4,11.302117787419775,1.4847116020446747,1,1,1,1.0,1,1.0,0,230,cvc-colondb,segformer,polypseg/runs_cv/segformer_seed42_fold4/best.pth,False
0.7263751763003856,0.5703211517112373,0.6072516458621671,0.9036408831568411,0.15463508465677364,0.05598751009100803,4,330.3603240188876,43.39804407914042,1,3,1,1.0,1,1.0,2,231,cvc-colondb,segformer,polypseg/runs_cv/segformer_seed42_fold4/best.pth,False
0.9499681445079264,0.9047041187743257,0.9423048327067486,0.9577571223384134,0.7368340378481619,0.3744941804823098,4,6.0,0.7881947241944085,1,1,1,1.0,1,1.0,0,232,cvc-colondb,segformer,polypseg/runs_cv/segformer_seed42_fold4/best.pth,False
0.9445940487379002,0.8950054219500222,0.9536464351189176,0.9357119039617491,0.6616882969404533,0.44623549973233256,4,9.899494936611665,1.300454946871096,1,1,1,1.0,1,1.0,0,233,cvc-colondb,segformer,polypseg/runs_cv/segformer_seed42_fold4/best.pth,False
0.939016752775407,0.8850439017126462,0.9030339531664304,0.9779861394131432,0.6734062796855994,0.45871985604822474,4,8.94427190999916,1.1749713218702638,1,1,1,1.0,1,1.0,0,234,cvc-colondb,segformer,polypseg/runs_cv/segformer_seed42_fold4/best.pth,False
0.9303420759962695,0.8697566344518802,0.9231568016494918,0.937640079091132,0.71066931267495,0.33141951548242904,4,6.352054441320388,0.8344426330740652,1,1,1,1.0,1,1.0,0,235,cvc-colondb,segformer,polypseg/runs_cv/segformer_seed42_fold4/best.pth,False
0.9473009238346419,0.8998781753332136,0.9002031144170607,0.999599037685447,0.5927883130425953,0.34200020562238376,4,9.433981132056603,1.2393023594061015,1,1,1,1.0,1,1.0,0,236,cvc-colondb,segformer,polypseg/runs_cv/segformer_seed42_fold4/best.pth,False
0.9170866861188477,0.8468698965681903,0.9098991080540725,0.9243887221815135,0.337749952983488,0.18944946202456883,4,16.64331697709324,2.1863624390733536,1,1,1,1.0,1,1.0,0,237,cvc-colondb,segformer,polypseg/runs_cv/segformer_seed42_fold4/best.pth,False
0.9642581048391133,0.9309830077785263,0.9469841372372727,0.9821739713142267,0.6723826028499555,0.358313434461516,4,6.708203932499369,0.8812284914026979,1,1,1,1.0,1,1.0,0,238,cvc-colondb,segformer,polypseg/runs_cv/segformer_seed42_fold4/best.pth,False
0.9641056901016011,0.93069889552358,0.9350584383058117,0.9950154858643292,0.7333405893838139,0.49093625156609827,4,6.708203932499369,0.8812284914026979,1,1,1,1.0,1,1.0,0,239,cvc-colondb,segformer,polypseg/runs_cv/segformer_seed42_fold4/best.pth,False
0.9183767937029039,0.8490727532066723,0.8525388526790355,0.9952345121603744,0.35127274404208325,0.12645797793432323,4,18.50388344384677,2.4307772179247147,1,1,1,1.0,1,1.0,0,24,cvc-colondb,segformer,polypseg/runs_cv/segformer_seed42_fold4/best.pth,False
0.9534680112813209,0.9110739294731915,0.9599738818089456,0.9470497294450718,0.7534275597448352,0.46906582112840306,4,8.927174577851309,1.172725317370808,1,1,1,1.0,1,1.0,0,240,cvc-colondb,segformer,polypseg/runs_cv/segformer_seed42_fold4/best.pth,False
0.9215489662373033,0.8545116443739085,0.9612511206199695,0.884996331613307,0.6932360088896221,0.5206388341735527,4,16.507553216164695,2.168527725723242,1,1,1,1.0,1,1.0,0,241,cvc-colondb,segformer,polypseg/runs_cv/segformer_seed42_fold4/best.pth,False
0.9447221548122071,0.8952354672471005,0.9029594581973934,0.9905353144617286,0.7448216140743324,0.536355066299094,4,8.464130192941564,1.111897127161857,1,1,1,1.0,1,1.0,0,242,cvc-colondb,segformer,polypseg/runs_cv/segformer_seed42_fold4/best.pth,False
0.9279106091497782,0.86551608202549,0.8808166058293702,0.9803249555600365,0.602605372094851,0.37190730218568124,4,7.280109889280518,0.9563573677144073,1,1,1,1.0,1,1.0,0,243,cvc-colondb,segformer,polypseg/runs_cv/segformer_seed42_fold4/best.pth,False
0.8412413793045431,0.72598500177686,0.9235311932022482,0.7724164133640778,0.5852044014314961,0.43723167832919263,4,29.852675622050352,3.92162023806452,1,1,1,1.0,1,1.0,0,244,cvc-colondb,segformer,polypseg/runs_cv/segformer_seed42_fold4/best.pth,False
0.9447221548122071,0.8952354672471005,0.9029594581973934,0.9905353144617286,0.7448216140743324,0.536355066299094,4,8.464130192941564,1.111897127161857,1,1,1,1.0,1,1.0,0,245,cvc-colondb,segformer,polypseg/runs_cv/segformer_seed42_fold4/best.pth,False
0.9279106091497782,0.86551608202549,0.8808166058293702,0.9803249555600365,0.602605372094851,0.37190730218568124,4,7.280109889280518,0.9563573677144073,1,1,1,1.0,1,1.0,0,246,cvc-colondb,segformer,polypseg/runs_cv/segformer_seed42_fold4/best.pth,False
0.8412413793045431,0.72598500177686,0.9235311932022482,0.7724164133640778,0.5852044014314961,0.43723167832919263,4,29.852675622050352,3.92162023806452,1,1,1,1.0,1,1.0,0,247,cvc-colondb,segformer,polypseg/runs_cv/segformer_seed42_fold4/best.pth,False
0.9447221548122071,0.8952354672471005,0.9029594581973934,0.9905353144617286,0.7448216140743324,0.536355066299094,4,8.464130192941564,1.111897127161857,1,1,1,1.0,1,1.0,0,248,cvc-colondb,segformer,polypseg/runs_cv/segformer_seed42_fold4/best.pth,False
0.9279106091497782,0.86551608202549,0.8808166058293702,0.9803249555600365,0.602605372094851,0.37190730218568124,4,7.280109889280518,0.9563573677144073,1,1,1,1.0,1,1.0,0,249,cvc-colondb,segformer,polypseg/runs_cv/segformer_seed42_fold4/best.pth,False
0.8441885964865998,0.7303861113677034,0.8547796158448453,0.8338568179266342,0.4708928680472747,0.32389725117310103,4,243.6039546189508,32.00122530392519,1,2,1,1.0,1,1.0,1,25,cvc-colondb,segformer,polypseg/runs_cv/segformer_seed42_fold4/best.pth,False
0.8412413793045431,0.72598500177686,0.9235311932022482,0.7724164133640778,0.5852044014314961,0.43723167832919263,4,29.852675622050352,3.92162023806452,1,1,1,1.0,1,1.0,0,250,cvc-colondb,segformer,polypseg/runs_cv/segformer_seed42_fold4/best.pth,False
0.9447221548122071,0.8952354672471005,0.9029594581973934,0.9905353144617286,0.7448216140743324,0.536355066299094,4,8.464130192941564,1.111897127161857,1,1,1,1.0,1,1.0,0,251,cvc-colondb,segformer,polypseg/runs_cv/segformer_seed42_fold4/best.pth,False
0.9279106091497782,0.86551608202549,0.8808166058293702,0.9803249555600365,0.602605372094851,0.37190730218568124,4,7.280109889280518,0.9563573677144073,1,1,1,1.0,1,1.0,0,252,cvc-colondb,segformer,polypseg/runs_cv/segformer_seed42_fold4/best.pth,False
0.8412413793045431,0.72598500177686,0.9235311932022482,0.7724164133640778,0.5852044014314961,0.43723167832919263,4,29.852675622050352,3.92162023806452,1,1,1,1.0,1,1.0,0,253,cvc-colondb,segformer,polypseg/runs_cv/segformer_seed42_fold4/best.pth,False
0.9447221548122071,0.8952354672471005,0.9029594581973934,0.9905353144617286,0.7448216140743324,0.536355066299094,4,8.464130192941564,1.111897127161857,1,1,1,1.0,1,1.0,0,254,cvc-colondb,segformer,polypseg/runs_cv/segformer_seed42_fold4/best.pth,False
0.9279106091497782,0.86551608202549,0.8808166058293702,0.9803249555600365,0.602605372094851,0.37190730218568124,4,7.280109889280518,0.9563573677144073,1,1,1,1.0,1,1.0,0,255,cvc-colondb,segformer,polypseg/runs_cv/segformer_seed42_fold4/best.pth,False
0.8412413793045431,0.72598500177686,0.9235311932022482,0.7724164133640778,0.5852044014314961,0.43723167832919263,4,29.852675622050352,3.92162023806452,1,1,1,1.0,1,1.0,0,256,cvc-colondb,segformer,polypseg/runs_cv/segformer_seed42_fold4/best.pth,False
0.9447221548122071,0.8952354672471005,0.9029594581973934,0.9905353144617286,0.7448216140743324,0.536355066299094,4,8.464130192941564,1.111897127161857,1,1,1,1.0,1,1.0,0,257,cvc-colondb,segformer,polypseg/runs_cv/segformer_seed42_fold4/best.pth,False
0.9279106091497782,0.86551608202549,0.8808166058293702,0.9803249555600365,0.602605372094851,0.37190730218568124,4,7.280109889280518,0.9563573677144073,1,1,1,1.0,1,1.0,0,258,cvc-colondb,segformer,polypseg/runs_cv/segformer_seed42_fold4/best.pth,False
0.8412413793045431,0.72598500177686,0.9235311932022482,0.7724164133640778,0.5852044014314961,0.43723167832919263,4,29.852675622050352,3.92162023806452,1,1,1,1.0,1,1.0,0,259,cvc-colondb,segformer,polypseg/runs_cv/segformer_seed42_fold4/best.pth,False
0.9333015342957842,0.8749441049206299,0.8981028151637377,0.971371835165127,0.7501473680804821,0.48875091974402285,4,6.324555320336759,0.8308301893941852,1,1,1,1.0,1,1.0,0,26,cvc-colondb,segformer,polypseg/runs_cv/segformer_seed42_fold4/best.pth,False
0.9447221548122071,0.8952354672471005,0.9029594581973934,0.9905353144617286,0.7448216140743324,0.536355066299094,4,8.464130192941564,1.111897127161857,1,1,1,1.0,1,1.0,0,260,cvc-colondb,segformer,polypseg/runs_cv/segformer_seed42_fold4/best.pth,False
0.9279106091497782,0.86551608202549,0.8808166058293702,0.9803249555600365,0.602605372094851,0.37190730218568124,4,7.280109889280518,0.9563573677144073,1,1,1,1.0,1,1.0,0,261,cvc-colondb,segformer,polypseg/runs_cv/segformer_seed42_fold4/best.pth,False
0.8412413793045431,0.72598500177686,0.9235311932022482,0.7724164133640778,0.5852044014314961,0.43723167832919263,4,29.852675622050352,3.92162023806452,1,1,1,1.0,1,1.0,0,262,cvc-colondb,segformer,polypseg/runs_cv/segformer_seed42_fold4/best.pth,False
0.9447221548122071,0.8952354672471005,0.9029594581973934,0.9905353144617286,0.7448216140743324,0.536355066299094,4,8.464130192941564,1.111897127161857,1,1,1,1.0,1,1.0,0,263,cvc-colondb,segformer,polypseg/runs_cv/segformer_seed42_fold4/best.pth,False
0.4757172434162927,0.3120925178491765,0.3126506492472385,0.9943125617953928,0.4089474551658502,0.3496544448675164,4,83.39993211471717,10.95589774849865,1,1,1,1.0,0,0.0,0,264,cvc-colondb,segformer,polypseg/runs_cv/segformer_seed42_fold4/best.pth,False
0.4044790958065801,0.25350911714381796,0.2551997358847461,0.9745335350233351,0.3568305483647506,0.18000098972767442,4,93.02901868316006,12.220830287174971,1,1,1,1.0,0,0.0,0,265,cvc-colondb,segformer,polypseg/runs_cv/segformer_seed42_fold4/best.pth,False
0.4627504937740779,0.301024974735669,0.30173935692906045,0.9921964217644442,0.2753261346317735,0.1335594637593599,4,143.0,18.78530759330007,1,1,1,1.0,0,0.0,0,266,cvc-colondb,segformer,polypseg/runs_cv/segformer_seed42_fold4/best.pth,False
0.8397115917759344,0.7237093690017938,0.7700915564337033,0.9231707316697899,0.6660437193028816,0.38534890616596024,4,296.57546164939583,38.959869032929156,1,2,1,1.0,1,1.0,1,267,cvc-colondb,segformer,polypseg/runs_cv/segformer_seed42_fold4/best.pth,False
0.5466065085864777,0.37608982826451665,0.3765374950353586,0.9968487394608947,0.3063184731852362,0.17684556260823917,4,57.19920312992156,7.514018355854745,1,1,1,1.0,0,0.0,0,268,cvc-colondb,segformer,polypseg/runs_cv/segformer_seed42_fold4/best.pth,False
0.4485147134003602,0.28908731347582495,0.29139232859987074,0.9733656174137739,0.41228683678727124,0.3190714038566171,4,99.00328274455003,13.005644189530276,1,1,1,1.0,0,0.0,0,269,cvc-colondb,segformer,polypseg/runs_cv/segformer_seed42_fold4/best.pth,False
0.7740264081499747,0.6313565098755098,0.7289469541833945,0.8250489933934607,0.39037720794231845,0.17260094473629226,4,286.0,37.57061518660014,1,2,1,1.0,1,1.0,1,27,cvc-colondb,segformer,polypseg/runs_cv/segformer_seed42_fold4/best.pth,False
0.7487942676016294,0.5984581497770993,0.6867701329523949,0.8231337857439218,0.2186333316286399,0.16642537492127168,4,39.11201612863175,5.137980794199026,1,1,1,1.0,1,1.0,0,270,cvc-colondb,segformer,polypseg/runs_cv/segformer_seed42_fold4/best.pth,False
0.4757172434162927,0.3120925178491765,0.3126506492472385,0.9943125617953928,0.4089474551658502,0.3496544448675164,4,83.39993211471717,10.95589774849865,1,1,1,1.0,0,0.0,0,271,cvc-colondb,segformer,polypseg/runs_cv/segformer_seed42_fold4/best.pth,False
0.4044790958065801,0.25350911714381796,0.2551997358847461,0.9745335350233351,0.3568305483647506,0.18000098972767442,4,93.02901868316006,12.220830287174971,1,1,1,1.0,0,0.0,0,272,cvc-colondb,segformer,polypseg/runs_cv/segformer_seed42_fold4/best.pth,False
0.3020588403959911,0.17789711892397778,0.17993304181408878,0.9401999285801464,0.2898968404935675,0.1894562987105509,4,143.42663595317896,18.841352961207953,1,1,0,0.0,0,0.0,1,273,cvc-colondb,segformer,polypseg/runs_cv/segformer_seed42_fold4/best.pth,False
0.4319142226413374,0.27544043117900635,0.8770491803166361,0.28650322148654295,0.30838825838401507,0.1413571675471709,4,220.61255601534177,28.980942123722635,1,1,1,1.0,0,0.0,0,274,cvc-colondb,segformer,polypseg/runs_cv/segformer_seed42_fold4/best.pth,False
0.6748132113663505,0.5092212034969993,0.9005964214655777,0.5395466557466797,0.37733400027402714,0.2005436921935754,4,159.16280871070583,20.9085476856237,1,1,1,1.0,1,1.0,0,275,cvc-colondb,segformer,polypseg/runs_cv/segformer_seed42_fold4/best.pth,False
0.641301899540804,0.47199734755209016,0.9538779384613665,0.483020895183411,0.3343594871302058,0.22303571758155746,4,156.9759535645157,20.621269737489623,1,1,1,1.0,0,0.0,0,276,cvc-colondb,segformer,polypseg/runs_cv/segformer_seed42_fold4/best.pth,False
0.7031715766557372,0.5422240629507467,0.9155885026860928,0.570755950821472,0.40593555998487424,0.237789155881546,4,138.2859078812484,18.16603717040566,1,1,1,1.0,1,1.0,0,277,cvc-colondb,segformer,polypseg/runs_cv/segformer_seed42_fold4/best.pth,False
0.35608327702044573,0.21660663952311068,0.3360869829293805,0.37860955248132877,0.10448353712339734,0.06150725448098029,4,218.96204583537386,28.76412155437599,1,2,1,1.0,0,0.0,1,278,cvc-colondb,segformer,polypseg/runs_cv/segformer_seed42_fold4/best.pth,False
0.7841625578939663,0.6449567439999756,0.9242093399948988,0.6809736350390233,0.49215408107512737,0.33354864877780577,4,87.38162732802307,11.478956275244958,1,1,1,1.0,1,1.0,0,279,cvc-colondb,segformer,polypseg/runs_cv/segformer_seed42_fold4/best.pth,False
0.8679403281318923,0.7666913235232824,0.7789406296078745,0.9799012570433842,0.2791436863553018,0.19078942496562687,4,138.09738468859393,18.141271672765907,1,2,1,1.0,1,1.0,1,28,cvc-colondb,segformer,polypseg/runs_cv/segformer_seed42_fold4/best.pth,False
0.8028920873004834,0.670693158722789,0.8966870424805925,0.7268611977688453,0.4234707727498155,0.24785911023297683,4,81.90141547884222,10.759043930746286,1,1,1,1.0,1,1.0,0,280,cvc-colondb,segformer,polypseg/runs_cv/segformer_seed42_fold4/best.pth,False
0.8291745221957444,0.7081965142668085,0.9411715340639377,0.7409976874744565,0.5262207806405732,0.3549415677849274,4,72.76083882754979,9.558284881972403,1,1,1,1.0,1,1.0,0,281,cvc-colondb,segformer,polypseg/runs_cv/segformer_seed42_fold4/best.pth,False
0.8926862611026201,0.8061728394985168,0.8761482093004835,0.9098606645132918,0.40668410428271007,0.16778518490159589,4,13.038404810405298,1.7128003139120755,1,1,1,1.0,1,1.0,0,282,cvc-colondb,segformer,polypseg/runs_cv/segformer_seed42_fold4/best.pth,False
0.8823929299746068,0.7895377128873728,0.9034802784117925,0.8622674933474062,0.35730853476457003,0.1900694877172632,4,14.317821063276353,1.8808718373389997,1,1,1,1.0,1,1.0,0,283,cvc-colondb,segformer,polypseg/runs_cv/segformer_seed42_fold4/best.pth,False
0.8979537813990048,0.8148059185202978,0.8498346527665606,0.9518491497785967,0.46449795064952354,0.18857036441137198,4,22.0,2.8900473220461644,1,1,1,1.0,1,1.0,0,284,cvc-colondb,segformer,polypseg/runs_cv/segformer_seed42_fold4/best.pth,False
0.8957303272004401,0.8111517949502063,0.8854759525529587,0.906224988879919,0.38343106555984285,0.1969735999120458,4,37.12142238654117,4.876484879943994,1,1,1,1.0,1,1.0,0,285,cvc-colondb,segformer,polypseg/runs_cv/segformer_seed42_fold4/best.pth,False
0.4924139536678972,0.3266241120139848,0.7417148868972955,0.36854180582473633,0.12571080269101323,0.06045323478997083,4,223.7872845324219,29.397992835041318,1,1,1,1.0,0,0.0,0,286,cvc-colondb,segformer,polypseg/runs_cv/segformer_seed42_fold4/best.pth,False
0.576405898523928,0.4048948347891257,0.8633572925961114,0.4326179935453117,0.22184136584416775,0.09837747569131981,4,165.5558778879817,21.748378251780153,1,1,1,1.0,0,0.0,0,287,cvc-colondb,segformer,polypseg/runs_cv/segformer_seed42_fold4/best.pth,False
0.7044325683732486,0.5437251286015603,0.9061792300177602,0.5761596215140178,0.35580896888036356,0.1749453790901149,4,147.3433057824006,19.35586937717527,1,1,1,1.0,1,1.0,0,288,cvc-colondb,segformer,polypseg/runs_cv/segformer_seed42_fold4/best.pth,False
0.6830052875999055,0.5186089823817097,0.9484616673128121,0.5336475023545911,0.3639156701084825,0.1947931301759512,4,151.55986256504823,19.90978067890011,1,1,1,1.0,1,1.0,0,289,cvc-colondb,segformer,polypseg/runs_cv/segformer_seed42_fold4/best.pth,False
0.6167886010512174,0.4459105828074915,0.49260130334535596,0.8246995611302871,0.21475370305997263,0.14511800094874194,4,220.3678742466787,28.94879931052817,1,2,1,1.0,1,1.0,1,29,cvc-colondb,segformer,polypseg/runs_cv/segformer_seed42_fold4/best.pth,False
0.6488647551969183,0.48023671774729393,0.8651444028891307,0.5190949016587784,0.23467204558347812,0.14663317817266344,4,163.87906979908493,21.528103036920996,1,1,1,1.0,0,0.0,0,290,cvc-colondb,segformer,polypseg/runs_cv/segformer_seed42_fold4/best.pth,False
0.7238834319185872,0.5672549436505752,0.829230386666485,0.642286209550066,0.23308814330873046,0.1225949267395195,4,126.0,16.552089208082577,1,1,1,1.0,1,1.0,0,291,cvc-colondb,segformer,polypseg/runs_cv/segformer_seed42_fold4/best.pth,False
0.1536628126824489,0.08322575840315373,0.09176760418792614,0.47205012672154284,0.15464443443771367,0.09859033176316205,4,248.766959220874,32.679467468629745,1,1,0,0.0,0,0.0,1,292,cvc-colondb,segformer,polypseg/runs_cv/segformer_seed42_fold4/best.pth,False
0.5109515697234396,0.34313965841160765,0.6803856436791672,0.4090798382755659,0.1251681491196255,0.06103395381453538,4,193.78723743947327,25.457013027667,1,2,1,1.0,0,0.0,1,293,cvc-colondb,segformer,polypseg/runs_cv/segformer_seed42_fold4/best.pth,False
0.4319142226413374,0.27544043117900635,0.8770491803166361,0.28650322148654295,0.30838825838401507,0.1413571675471709,4,220.61255601534177,28.980942123722635,1,1,1,1.0,0,0.0,0,294,cvc-colondb,segformer,polypseg/runs_cv/segformer_seed42_fold4/best.pth,False
0.6748132113663505,0.5092212034969993,0.9005964214655777,0.5395466557466797,0.37733400027402714,0.2005436921935754,4,159.16280871070583,20.9085476856237,1,1,1,1.0,1,1.0,0,295,cvc-colondb,segformer,polypseg/runs_cv/segformer_seed42_fold4/best.pth,False
0.641301899540804,0.47199734755209016,0.9538779384613665,0.483020895183411,0.3343594871302058,0.22303571758155746,4,156.9759535645157,20.621269737489623,1,1,1,1.0,0,0.0,0,296,cvc-colondb,segformer,polypseg/runs_cv/segformer_seed42_fold4/best.pth,False
0.7031715766557372,0.5422240629507467,0.9155885026860928,0.570755950821472,0.40593555998487424,0.237789155881546,4,138.2859078812484,18.16603717040566,1,1,1,1.0,1,1.0,0,297,cvc-colondb,segformer,polypseg/runs_cv/segformer_seed42_fold4/best.pth,False
0.35608327702044573,0.21660663952311068,0.3360869829293805,0.37860955248132877,0.10448353712339734,0.06150725448098029,4,218.96204583537386,28.76412155437599,1,2,1,1.0,0,0.0,1,298,cvc-colondb,segformer,polypseg/runs_cv/segformer_seed42_fold4/best.pth,False
0.7841625578939663,0.6449567439999756,0.9242093399948988,0.6809736350390233,0.49215408107512737,0.33354864877780577,4,87.38162732802307,11.478956275244958,1,1,1,1.0,1,1.0,0,299,cvc-colondb,segformer,polypseg/runs_cv/segformer_seed42_fold4/best.pth,False
0.8737980409164131,0.7758804128057459,0.7763760246951114,0.9991779132630049,0.25197242230685596,0.12902729106729094,4,18.0,2.3645841725832257,1,1,1,1.0,1,1.0,0,3,cvc-colondb,segformer,polypseg/runs_cv/segformer_seed42_fold4/best.pth,False
0.8304992232404144,0.7101313994348378,0.7136671958384062,0.9930715935235156,0.42968181140584066,0.3386453687465351,4,28.0,3.678242046240573,1,1,1,1.0,1,1.0,0,30,cvc-colondb,segformer,polypseg/runs_cv/segformer_seed42_fold4/best.pth,False
0.8028920873004834,0.670693158722789,0.8966870424805925,0.7268611977688453,0.4234707727498155,0.24785911023297683,4,81.90141547884222,10.759043930746286,1,1,1,1.0,1,1.0,0,300,cvc-colondb,segformer,polypseg/runs_cv/segformer_seed42_fold4/best.pth,False
0.46933669157693636,0.3066230757569158,0.9999999999964694,0.3066230757569158,0.022544234762876585,0.012401130022602942,4,163.37380416576624,21.46172841917124,1,1,1,1.0,0,0.0,0,301,cvc-colondb,segformer,polypseg/runs_cv/segformer_seed42_fold4/best.pth,False
0.3126880404858812,0.18531726674652588,0.9999999999964428,0.18531726674652588,0.0,0.0,4,190.18096202940785,24.983271818966067,1,2,0,0.0,0,0.0,2,302,cvc-colondb,segformer,polypseg/runs_cv/segformer_seed42_fold4/best.pth,False
0.6810581973555208,0.5163671330986694,0.9910016545742765,0.5187995975556733,0.04184385460225805,0.03176098778939854,4,111.93410955562479,14.704312434857064,1,1,1,1.0,1,1.0,0,303,cvc-colondb,segformer,polypseg/runs_cv/segformer_seed42_fold4/best.pth,False
0.47762747138371886,0.31373889268604005,0.9999999999977539,0.31373889268604005,0.03729373081725614,0.028178415249699773,4,161.8177987738061,21.257322545711066,1,2,1,1.0,0,0.0,1,304,cvc-colondb,segformer,polypseg/runs_cv/segformer_seed42_fold4/best.pth,False
0.5803029913317831,0.4087512953740398,0.9856358997641184,0.4112007815173901,0.027295175441128423,0.01207268791202755,4,153.6359326417038,20.182505259146406,1,1,1,1.0,0,0.0,0,305,cvc-colondb,segformer,polypseg/runs_cv/segformer_seed42_fold4/best.pth,False
0.78714425856775,0.6490007275211632,0.9760825910084753,0.6594884194224414,0.05139291433639498,0.03373770227132916,4,79.0,10.377897201893045,1,1,1,1.0,1,1.0,0,306,cvc-colondb,segformer,polypseg/runs_cv/segformer_seed42_fold4/best.pth,False
0.8276636135624124,0.7059949884157889,0.9664579389334393,0.7237280537001566,0.24330815076750492,0.16725220520751258,4,77.0,10.115165627161575,1,1,1,1.0,1,1.0,0,307,cvc-colondb,segformer,polypseg/runs_cv/segformer_seed42_fold4/best.pth,False
0.6853022520738807,0.5212622088650539,0.9824248683931125,0.5261688079938204,0.09119623370683036,0.03510253195425907,4,127.90621564255585,16.802500726855808,1,1,1,1.0,1,1.0,0,308,cvc-colondb,segformer,polypseg/runs_cv/segformer_seed42_fold4/best.pth,False
0.705754697956899,0.5453021130096372,0.9608084082802739,0.557707191961881,0.11792647160699173,0.061103133953604734,4,88.85408098198387,11.67238630885707,1,2,1,1.0,1,1.0,1,309,cvc-colondb,segformer,polypseg/runs_cv/segformer_seed42_fold4/best.pth,False
0.8885702294316992,0.7994839196878376,0.7994839196878376,0.9999999999921277,0.3409139324142286,0.18862370151825536,4,14.249473134455458,1.8718932578546257,1,1,1,1.0,1,1.0,0,31,cvc-colondb,segformer,polypseg/runs_cv/segformer_seed42_fold4/best.pth,False
0.7513129016411695,0.6016822810363238,0.9951865770093128,0.6034383827680286,0.0741142453793994,0.029942619656473164,4,156.55350314617152,20.565774205660855,1,1,1,1.0,1,1.0,0,310,cvc-colondb,segformer,polypseg/runs_cv/segformer_seed42_fold4/best.pth,False
0.8753837634285634,0.7783844256928956,0.8987519103404967,0.8531999965449423,0.09219869203628431,0.03859089411740816,4,68.19008521744904,8.957844235126743,1,1,1,1.0,1,1.0,0,311,cvc-colondb,segformer,polypseg/runs_cv/segformer_seed42_fold4/best.pth,False
0.872650833307811,0.7740732499659347,0.9951712379698658,0.7769915931845148,0.22437547778702302,0.15530869144037915,4,52.773099207835045,6.932579729167284,1,1,1,1.0,1,1.0,0,312,cvc-colondb,segformer,polypseg/runs_cv/segformer_seed42_fold4/best.pth,False
0.4941062773633505,0.3281149724817408,0.6619715546823698,0.39415495672239065,0.05420103921245468,0.029360251902652196,4,182.078963555567,23.91894641021398,1,1,1,1.0,0,0.0,0,313,cvc-colondb,segformer,polypseg/runs_cv/segformer_seed42_fold4/best.pth,False
0.0,0.0,0.0,0.0,0.0,0.0,4,326.50298595041653,42.891321826639896,1,1,0,0.0,0,0.0,1,314,cvc-colondb,segformer,polypseg/runs_cv/segformer_seed42_fold4/best.pth,False
0.7825007548555855,0.6427114907679213,0.9734151329223041,0.6541945979291305,0.10665122278346982,0.03565185660711071,4,63.50590523722971,8.342503243862419,1,1,1,1.0,1,1.0,0,315,cvc-colondb,segformer,polypseg/runs_cv/segformer_seed42_fold4/best.pth,False
0.3583372310565389,0.21827700416642637,0.7323018101396003,0.23720417206835304,0.07481170939160565,0.03987992018235242,4,137.64422813842106,18.081742405752504,1,2,0,0.0,0,0.0,2,316,cvc-colondb,segformer,polypseg/runs_cv/segformer_seed42_fold4/best.pth,False
0.6673081932099475,0.5007220647789823,0.9559494195668409,0.5125483483744804,0.04594487164485803,0.03225419251706097,4,84.5754002145011,11.110314040950069,1,1,1,1.0,1,1.0,0,317,cvc-colondb,segformer,polypseg/runs_cv/segformer_seed42_fold4/best.pth,False
0.4497020679982827,0.2900746099929549,0.9817274730626171,0.29164923893843164,0.01903110107347019,0.00932537887558038,4,137.75394673195402,18.096155675180626,1,1,1,1.0,0,0.0,0,318,cvc-colondb,segformer,polypseg/runs_cv/segformer_seed42_fold4/best.pth,False
0.665261535671694,0.49842089177109333,0.9999999999977288,0.49842089177109333,0.0,0.0,4,81.02468759581859,10.643871882087392,1,1,1,1.0,0,0.0,0,319,cvc-colondb,segformer,polypseg/runs_cv/segformer_seed42_fold4/best.pth,False
0.9503335253331531,0.9053671316260519,0.9286103344314296,0.9730974124772713,0.5460606783366936,0.3157181071848847,4,10.0,1.3136578736573477,1,1,1,1.0,1,1.0,0,32,cvc-colondb,segformer,polypseg/runs_cv/segformer_seed42_fold4/best.pth,False
0.5053180021554928,0.33807726518698694,0.9999999999964445,0.33807726518698694,0.0016977466296344255,0.0,4,155.00322577288512,20.362120797883804,1,1,1,1.0,0,0.0,0,320,cvc-colondb,segformer,polypseg/runs_cv/segformer_seed42_fold4/best.pth,False
0.851082772884209,0.7407694416948929,0.9922231803503685,0.7450954528003344,0.2204463002652236,0.09302642679705105,4,84.91904755831214,11.15545754484595,1,1,1,1.0,1,1.0,0,321,cvc-colondb,segformer,polypseg/runs_cv/segformer_seed42_fold4/best.pth,False
0.8583615772502032,0.7518681573301629,0.9708472801382175,0.7692353281075303,0.16779328436186938,0.08973538358466723,4,86.91165904413691,11.417218521595327,1,1,1,1.0,1,1.0,0,322,cvc-colondb,segformer,polypseg/runs_cv/segformer_seed42_fold4/best.pth,False
0.6531539888678418,0.4849507541836953,0.6846367551039246,0.6244393766620747,0.028768835712860853,0.013558791260538449,4,193.10152432482855,25.366933784454684,1,2,1,1.0,1,1.0,1,323,cvc-colondb,segformer,polypseg/runs_cv/segformer_seed42_fold4/best.pth,False
0.0,0.0,0.0,0.0,0.0,0.0,4,239.25927359247748,31.430482860029553,1,0,0,0.0,0,0.0,0,324,cvc-colondb,segformer,polypseg/runs_cv/segformer_seed42_fold4/best.pth,False
0.7251488776905586,0.5688106360034603,0.7146726862289039,0.7359367735922517,0.12014144353472385,0.08055766976016529,4,321.5736737904759,42.24377885357781,1,3,1,1.0,1,1.0,2,325,cvc-colondb,segformer,polypseg/runs_cv/segformer_seed42_fold4/best.pth,False
0.9144494733715638,0.84238315116636,0.8632207315108145,0.972142278979737,0.6723306886181435,0.40605307106279953,4,116.92861927805767,15.360420137050276,1,2,1,1.0,1,1.0,1,326,cvc-colondb,segformer,polypseg/runs_cv/segformer_seed42_fold4/best.pth,False
0.690234479451292,0.5269908763227543,0.5680959247164482,0.879275512119716,0.225164317202906,0.11475566677999892,4,227.26217159281728,29.85447410973716,1,2,1,1.0,1,1.0,1,327,cvc-colondb,segformer,polypseg/runs_cv/segformer_seed42_fold4/best.pth,False
0.7448610471360387,0.5934490722612215,0.6101870578877148,0.9558193052125404,0.12519370471732494,0.08508924838470035,4,247.4117014114599,32.5014329594125,1,3,1,1.0,1,1.0,2,328,cvc-colondb,segformer,polypseg/runs_cv/segformer_seed42_fold4/best.pth,False
0.9470234538383748,0.8993775381707436,0.9695457673759854,0.9255237608567678,0.5305804316182618,0.32545866937217777,4,22.400749489069717,2.942692094214224,1,1,1,1.0,1,1.0,0,329,cvc-colondb,segformer,polypseg/runs_cv/segformer_seed42_fold4/best.pth,False
0.9340727048645002,0.8763005780293501,0.8783314020803907,0.9973684210457245,0.5347347601511645,0.2580148819290149,4,9.40181563084205,1.2350769130130381,1,1,1,1.0,1,1.0,0,33,cvc-colondb,segformer,polypseg/runs_cv/segformer_seed42_fold4/best.pth,False
0.8689815923785866,0.7683178156278615,0.8199615755745668,0.9242354462868076,0.09649510976369391,0.07737922279454934,4,143.6487888325881,18.870536249127102,1,2,1,1.0,1,1.0,1,330,cvc-colondb,segformer,polypseg/runs_cv/segformer_seed42_fold4/best.pth,False
0.9065150066176644,0.8290145837426253,0.928791123222466,0.8852824027103667,0.2346846137766568,0.08012634129032206,4,155.1942317292564,20.38721244573406,1,2,1,1.0,1,1.0,1,331,cvc-colondb,segformer,polypseg/runs_cv/segformer_seed42_fold4/best.pth,False
0.9378185524970395,0.8829174664100181,0.9997283346907233,0.8831293496512971,0.2515840826344122,0.07707690663624424,4,53.69124196138846,7.0531922749019715,1,1,1,1.0,1,1.0,0,332,cvc-colondb,segformer,polypseg/runs_cv/segformer_seed42_fold4/best.pth,False
0.8936871186484158,0.8078068453443268,0.8568979927176109,0.9337768790217289,0.4342477092013639,0.2745693522308978,4,155.21014824177158,20.389303330932737,1,3,1,1.0,1,1.0,2,333,cvc-colondb,segformer,polypseg/runs_cv/segformer_seed42_fold4/best.pth,False
0.8372820954065832,0.7201076822665484,0.7688890547997003,0.9190302669726793,0.3740623815088417,0.24068659030995787,4,142.47385176299352,18.71618971587462,1,1,1,1.0,1,1.0,0,334,cvc-colondb,segformer,polypseg/runs_cv/segformer_seed42_fold4/best.pth,False
0.8981773949888671,0.8151742312273507,0.9499808057427659,0.8517316117981677,0.44486362877738617,0.266598558290878,4,96.0,12.611115587110536,1,2,1,1.0,1,1.0,1,335,cvc-colondb,segformer,polypseg/runs_cv/segformer_seed42_fold4/best.pth,False
0.9628039248917252,0.928275711794625,0.9593259460109784,0.96630721394119,0.5020712581142445,0.36298570961927085,4,42.168703179306696,5.539524895341587,1,2,1,1.0,1,1.0,1,336,cvc-colondb,segformer,polypseg/runs_cv/segformer_seed42_fold4/best.pth,False
0.8425244039935993,0.7278982009646969,0.9565347756380744,0.7527976692889402,0.2524422380816013,0.15929239315890617,4,138.37159160787533,18.177293080618437,1,1,1,1.0,1,1.0,0,337,cvc-colondb,segformer,polypseg/runs_cv/segformer_seed42_fold4/best.pth,False
0.931384787757806,0.8715810678041463,0.8767273452025671,0.9933103130312531,0.4782651554988535,0.311496809051092,4,77.55802907107223,10.188471555455948,1,1,1,1.0,1,1.0,0,338,cvc-colondb,segformer,polypseg/runs_cv/segformer_seed42_fold4/best.pth,False
0.9002373104091296,0.8185741514326444,0.9437859379437019,0.8605303046024163,0.2793059396222006,0.18153877351808412,4,54.10220103429834,7.107178237089871,1,1,1,1.0,1,1.0,0,339,cvc-colondb,segformer,polypseg/runs_cv/segformer_seed42_fold4/best.pth,False
0.9367791989910442,0.8810768168776202,0.9129923874678741,0.961838635012854,0.6347034096918948,0.34554203769113007,4,13.034564329364768,1.7122958060963231,1,1,1,1.0,1,1.0,0,34,cvc-colondb,segformer,polypseg/runs_cv/segformer_seed42_fold4/best.pth,False
0.9603457996611161,0.9237165582056837,0.9521739130422954,0.9686591684557454,0.6135544463324857,0.40315805726529214,4,24.413111231467404,3.2070475789689783,1,1,1,1.0,1,1.0,0,340,cvc-colondb,segformer,polypseg/runs_cv/segformer_seed42_fold4/best.pth,False
0.0,0.0,0.0,0.0,0.0,0.0,4,397.5550276376844,52.22512922683085,1,2,0,0.0,0,0.0,2,341,cvc-colondb,segformer,polypseg/runs_cv/segformer_seed42_fold4/best.pth,False
0.0,0.0,0.0,0.0,0.0,0.0,4,431.1853678308781,56.64300534568726,1,1,0,0.0,0,0.0,1,342,cvc-colondb,segformer,polypseg/runs_cv/segformer_seed42_fold4/best.pth,False
0.5951801901327085,0.42367012904589757,0.49467107680090644,0.7469478357173434,0.1376197585453348,0.046971525701169546,4,331.5738221397957,43.55745621526036,1,2,1,1.0,1,1.0,1,343,cvc-colondb,segformer,polypseg/runs_cv/segformer_seed42_fold4/best.pth,False
0.8404544727021851,0.7248136902918904,0.8193447737653871,0.862680683283092,0.6240399154509,0.4408313831987882,4,13.0,1.7077552357545518,1,1,1,1.0,1,1.0,0,344,cvc-colondb,segformer,polypseg/runs_cv/segformer_seed42_fold4/best.pth,False
0.028111797204993738,0.014256283477505132,0.014987438274235503,0.22614379083981945,0.05333331071334292,0.03527926927707672,4,451.0702724122196,59.255201492707684,1,3,0,0.0,0,0.0,3,345,cvc-colondb,segformer,polypseg/runs_cv/segformer_seed42_fold4/best.pth,False
0.32863817507101606,0.19662898252745475,0.2047166581056124,0.8326949860579267,0.09547773548498807,0.022941932979712195,4,167.42431006978543,21.993826316482277,1,2,0,0.0,0,0.0,2,346,cvc-colondb,segformer,polypseg/runs_cv/segformer_seed42_fold4/best.pth,False
0.3532518612154706,0.21451480824275107,0.21870108185125856,0.9180782710146309,0.19529068142312536,0.13336287141881015,4,110.95916785508814,14.57623845073038,1,1,0,0.0,0,0.0,1,347,cvc-colondb,segformer,polypseg/runs_cv/segformer_seed42_fold4/best.pth,False
0.2187979512000631,0.1228372442909975,0.12349353500823738,0.9585305813111432,0.1564034052421352,0.10147582073003485,4,148.16578125414614,19.46391451511013,1,1,0,0.0,0,0.0,1,348,cvc-colondb,segformer,polypseg/runs_cv/segformer_seed42_fold4/best.pth,False
0.0709839169068008,0.03679799122927854,0.03679799122927854,0.9999999999759731,0.021931864495170875,0.008646755862386002,4,311.97130090323463,40.982355578665974,1,2,0,0.0,0,0.0,2,349,cvc-colondb,segformer,polypseg/runs_cv/segformer_seed42_fold4/best.pth,False
0.8892649391840485,0.8006094077293194,0.8006094077293194,0.9999999999960355,0.1069609008852392,0.02390266221354683,4,18.35755975068582,2.411555290762364,1,1,1,1.0,1,1.0,0,35,cvc-colondb,segformer,polypseg/runs_cv/segformer_seed42_fold4/best.pth,False
0.08096880388759804,0.04219254176358658,0.04429294228615836,0.47082953508498565,0.11688767135543143,0.09687431037935858,4,242.04977729487638,31.79705957604218,1,2,0,0.0,0,0.0,2,350,cvc-colondb,segformer,polypseg/runs_cv/segformer_seed42_fold4/best.pth,False
0.0,0.0,0.0,0.0,0.0,0.0,4,218.7226486517311,28.73267295485362,1,1,0,0.0,0,0.0,1,351,cvc-colondb,segformer,polypseg/runs_cv/segformer_seed42_fold4/best.pth,False
0.0,0.0,0.0,0.0,0.0,0.0,4,221.73356708362584,29.128204625353476,1,3,0,0.0,0,0.0,3,352,cvc-colondb,segformer,polypseg/runs_cv/segformer_seed42_fold4/best.pth,False
0.0,0.0,0.0,0.0,0.0,0.0,4,201.1889659002203,26.4293469147804,1,1,0,0.0,0,0.0,1,353,cvc-colondb,segformer,polypseg/runs_cv/segformer_seed42_fold4/best.pth,False
0.0,0.0,0.0,0.0,0.0,0.0,4,193.61043360315063,25.43378705249919,1,1,0,0.0,0,0.0,1,354,cvc-colondb,segformer,polypseg/runs_cv/segformer_seed42_fold4/best.pth,False
0.0,0.0,0.0,0.0,0.0,0.0,4,,,1,0,0,0.0,0,0.0,0,355,cvc-colondb,segformer,polypseg/runs_cv/segformer_seed42_fold4/best.pth,False
0.0,0.0,0.0,0.0,0.0,0.0,4,239.38462774372127,31.446950106807257,1,5,0,0.0,0,0.0,5,356,cvc-colondb,segformer,polypseg/runs_cv/segformer_seed42_fold4/best.pth,False
0.0,0.0,0.0,0.0,0.0,0.0,4,146.73683635700158,19.276200043594486,1,1,0,0.0,0,0.0,1,357,cvc-colondb,segformer,polypseg/runs_cv/segformer_seed42_fold4/best.pth,False
0.0,0.0,0.0,0.0,0.0,0.0,4,184.4609712084425,24.231860721045177,1,2,0,0.0,0,0.0,2,358,cvc-colondb,segformer,polypseg/runs_cv/segformer_seed42_fold4/best.pth,False
0.19510645058579484,0.108098591548027,0.11163636363501046,0.7732997480459026,0.10482744096876401,0.058064737777071114,4,198.13833364681017,26.028598206847875,1,4,0,0.0,0,0.0,4,359,cvc-colondb,segformer,polypseg/runs_cv/segformer_seed42_fold4/best.pth,False
0.9576518387307072,0.9187446904156776,0.9584006672524714,0.9569041794568421,0.7503314126170273,0.48109994078768453,4,9.0,1.1822920862916129,1,1,1,1.0,1,1.0,0,36,cvc-colondb,segformer,polypseg/runs_cv/segformer_seed42_fold4/best.pth,False
0.0,0.0,0.0,0.0,0.0,0.0,4,338.88109890844356,44.51738238147312,1,1,0,0.0,0,0.0,1,360,cvc-colondb,segformer,polypseg/runs_cv/segformer_seed42_fold4/best.pth,False
0.0,0.0,0.0,0.0,0.0,0.0,4,246.90939633645195,32.43544725773627,1,1,0,0.0,0,0.0,1,361,cvc-colondb,segformer,polypseg/runs_cv/segformer_seed42_fold4/best.pth,False
0.19346459991540232,0.10709150781453972,0.14016876100200223,0.3121535757697424,0.22003180603078165,0.18302135902234912,4,232.79046362073757,30.580702544772624,1,3,1,1.0,0,0.0,2,362,cvc-colondb,segformer,polypseg/runs_cv/segformer_seed42_fold4/best.pth,False
0.8257191201266315,0.7031700288057786,0.916216850483074,0.7514918190423198,0.6252943992412981,0.31289905676990576,4,28.80920366008384,3.7845437221867213,1,1,1,1.0,1,1.0,0,363,cvc-colondb,segformer,polypseg/runs_cv/segformer_seed42_fold4/best.pth,False
0.7768240343228567,0.6350877192823287,0.8654371584403882,0.7046718575999813,0.500927793859838,0.2970193381252914,4,22.159624512677205,2.9110165218368773,1,1,1,1.0,1,1.0,0,364,cvc-colondb,segformer,polypseg/runs_cv/segformer_seed42_fold4/best.pth,False
0.7804797896684115,0.639989221216923,0.8942018071952484,0.6924198250526992,0.4675012676882786,0.300734778660371,4,23.077033177012233,3.031532633363395,1,1,1,1.0,1,1.0,0,365,cvc-colondb,segformer,polypseg/runs_cv/segformer_seed42_fold4/best.pth,False
0.7539967373449593,0.6051322335531518,0.8105927744366681,0.7047880451142181,0.5439211577730264,0.3033927294856353,4,229.83907413666634,30.192990941374656,1,2,1,1.0,1,1.0,1,366,cvc-colondb,segformer,polypseg/runs_cv/segformer_seed42_fold4/best.pth,False
0.7347907134259484,0.5807661398183561,0.8752523213211445,0.6331775700749657,0.34461335072406835,0.21912270368200876,4,19.073481222179957,2.505602878557227,1,1,1,1.0,1,1.0,0,367,cvc-colondb,segformer,polypseg/runs_cv/segformer_seed42_fold4/best.pth,False
0.7950491445068247,0.6598187310978907,0.8494749124523736,0.7471775572785776,0.45509822996079285,0.28230611353589075,4,18.00555127546399,2.3653134202554367,1,1,1,1.0,1,1.0,0,368,cvc-colondb,segformer,polypseg/runs_cv/segformer_seed42_fold4/best.pth,False
0.7789982425136425,0.6379992802937028,0.8386944181249436,0.7272354388545023,0.4035249967463687,0.24686329355600972,4,17.46424919657298,2.29420484645921,1,1,1,1.0,1,1.0,0,369,cvc-colondb,segformer,polypseg/runs_cv/segformer_seed42_fold4/best.pth,False
0.9467037735256106,0.8988010682374066,0.9278507742789309,0.9663388111615472,0.6444959026455729,0.28924895329112155,4,7.0710678118654755,0.9288963906222114,1,1,1,1.0,1,1.0,0,37,cvc-colondb,segformer,polypseg/runs_cv/segformer_seed42_fold4/best.pth,False
0.6053053231154477,0.4340056165321929,0.5070086489559497,0.7508833921929823,0.28911397899788394,0.12427987018455329,4,262.1682659376432,34.43994067720784,1,3,1,1.0,1,1.0,2,370,cvc-colondb,segformer,polypseg/runs_cv/segformer_seed42_fold4/best.pth,False
0.059129076352044015,0.030465228589703536,0.031710790884585664,0.4368147720463465,0.11990134806643715,0.09668752283270443,4,295.3394656843434,38.79750144979917,1,2,1,1.0,0,0.0,1,371,cvc-colondb,segformer,polypseg/runs_cv/segformer_seed42_fold4/best.pth,False
0.0,0.0,0.0,0.0,0.0,0.0,4,332.47856680726346,43.67630871086721,1,1,0,0.0,0,0.0,1,372,cvc-colondb,segformer,polypseg/runs_cv/segformer_seed42_fold4/best.pth,False
0.4260495475385544,0.2706880301551237,0.30092204525773425,0.7293042153006956,0.23924334770709507,0.1377410055988254,4,248.89133989990646,32.69580683446392,1,3,1,1.0,1,1.0,2,373,cvc-colondb,segformer,polypseg/runs_cv/segformer_seed42_fold4/best.pth,False
0.0,0.0,0.0,0.0,0.0,0.0,4,330.41579569978603,43.40533116017815,1,1,0,0.0,0,0.0,1,374,cvc-colondb,segformer,polypseg/runs_cv/segformer_seed42_fold4/best.pth,False
0.0,0.0,0.0,0.0,0.0,0.0,4,339.4775397577872,44.595734303264244,1,2,0,0.0,0,0.0,2,375,cvc-colondb,segformer,polypseg/runs_cv/segformer_seed42_fold4/best.pth,False
0.7541766109605209,0.6053639846511355,0.8207792207365828,0.697571743898562,0.4473314111369605,0.28503557963000403,4,16.45872969436392,2.1621139853399156,1,1,1,1.0,1,1.0,0,376,cvc-colondb,segformer,polypseg/runs_cv/segformer_seed42_fold4/best.pth,False
0.5557855992510746,0.38483593499889024,0.6651982378488327,0.4772817068163856,0.3240761261379107,0.2191657781306395,4,212.0,27.84954692153577,1,2,1,1.0,0,0.0,1,377,cvc-colondb,segformer,polypseg/runs_cv/segformer_seed42_fold4/best.pth,False
0.14062860216598302,0.07563233592266794,0.0855380013079785,0.39507772019019527,0.12997899716344988,0.08879465671162262,4,280.5191533313362,36.85061944854026,1,2,1,1.0,0,0.0,1,378,cvc-colondb,segformer,polypseg/runs_cv/segformer_seed42_fold4/best.pth,False
0.0,0.0,0.0,0.0,0.0,0.0,4,331.74478134201394,43.57991440546718,1,2,0,0.0,0,0.0,2,379,cvc-colondb,segformer,polypseg/runs_cv/segformer_seed42_fold4/best.pth,False
0.9112950796312037,0.837045063893442,0.8432206579807151,0.9913262822454691,0.30101036144612153,0.1650829394297512,4,19.1049731745428,2.5097398436750558,1,1,1,1.0,1,1.0,0,38,cvc-colondb,segformer,polypseg/runs_cv/segformer_seed42_fold4/best.pth,False
0.0,0.0,0.0,0.0,0.0,0.0,4,353.1682224080724,46.39422160919336,1,2,0,0.0,0,0.0,2,380,cvc-colondb,segformer,polypseg/runs_cv/segformer_seed42_fold4/best.pth,False
0.7642807642731978,0.6184906264922531,0.6184906264922531,0.9999999999740933,0.03402146815379002,0.0,4,16.06387312603189,2.110243341344446,1,1,1,1.0,1,1.0,0,39,cvc-colondb,segformer,polypseg/runs_cv/segformer_seed42_fold4/best.pth,False
0.8874521944960505,0.7976755606416952,0.8019419073413812,0.9933747833962554,0.45752731317864004,0.3219511695705015,4,14.0,1.8391210231202866,1,1,1,1.0,1,1.0,0,4,cvc-colondb,segformer,polypseg/runs_cv/segformer_seed42_fold4/best.pth,False
0.9183275563208496,0.8489885840091228,0.8676696346242179,0.975267456563036,0.5097512024201016,0.18248700995188294,4,7.0710678118654755,0.9288963906222114,1,1,1,1.0,1,1.0,0,40,cvc-colondb,segformer,polypseg/runs_cv/segformer_seed42_fold4/best.pth,False
0.839340597927693,0.7231584015337201,0.7239949869784633,0.9984046795932146,0.35651789255801114,0.21426655295644018,4,21.20023260124779,2.784985247999635,1,1,1,1.0,1,1.0,0,41,cvc-colondb,segformer,polypseg/runs_cv/segformer_seed42_fold4/best.pth,False
0.8782732368369591,0.7829653937830704,0.8003964623238732,0.9729379054499919,0.5577310524202843,0.4082603616336005,4,15.633230670562748,2.053671656108629,1,1,1,1.0,1,1.0,0,42,cvc-colondb,segformer,polypseg/runs_cv/segformer_seed42_fold4/best.pth,False
0.8879066912161577,0.7984102450784012,0.8077739305170581,0.9856889736815362,0.5381555420878978,0.21228084042423476,4,15.567256736947298,2.0450049383736206,1,1,1,1.0,1,1.0,0,43,cvc-colondb,segformer,polypseg/runs_cv/segformer_seed42_fold4/best.pth,False
0.8201376936199063,0.695113056146484,0.7250824245314461,0.9438758665914865,0.3879658233739599,0.2074032108112338,4,9.848857801796104,1.2938029597861047,1,1,1,1.0,1,1.0,0,44,cvc-colondb,segformer,polypseg/runs_cv/segformer_seed42_fold4/best.pth,False
0.9102281420109336,0.8352465108527933,0.8471396264272791,0.983469467123848,0.48603924683319427,0.3543698250574179,4,12.107747902022396,1.5905438363749953,1,1,1,1.0,1,1.0,0,45,cvc-colondb,segformer,polypseg/runs_cv/segformer_seed42_fold4/best.pth,False
0.856488343883193,0.7489983502150719,0.7520113582495028,0.9946791862129158,0.2896757515623357,0.19775764258599646,4,14.035261950457535,1.843753237006192,1,1,1,1.0,1,1.0,0,46,cvc-colondb,segformer,polypseg/runs_cv/segformer_seed42_fold4/best.pth,False
0.8444708276726215,0.7308087479710729,0.7374111374298369,0.9878968253772243,0.442250563055776,0.2410453830298088,4,19.70152070155078,2.588105779261541,1,1,1,1.0,1,1.0,0,47,cvc-colondb,segformer,polypseg/runs_cv/segformer_seed42_fold4/best.pth,False
0.8460275971014162,0.7331436999501354,0.7397682576725867,0.9879329926038056,0.3012745734084074,0.11450919609833246,4,19.3966266129681,2.5480531272517193,1,1,1,1.0,1,1.0,0,48,cvc-colondb,segformer,polypseg/runs_cv/segformer_seed42_fold4/best.pth,False
0.9644805222653245,0.9313977602577237,0.9476704929021972,0.9818976825449768,0.8699254833295996,0.67782865517131,4,5.385164807134504,0.7074264149834693,1,1,1,1.0,1,1.0,0,49,cvc-colondb,segformer,polypseg/runs_cv/segformer_seed42_fold4/best.pth,False
0.9355572403276752,0.8789173789069453,0.9169040247564471,0.954985167019799,0.7698743676560027,0.44743548760362517,4,6.0,0.7881947241944085,1,1,1,1.0,1,1.0,0,5,cvc-colondb,segformer,polypseg/runs_cv/segformer_seed42_fold4/best.pth,False
0.7493333333222321,0.5991471215209868,0.6012838801568882,0.9941037735458294,0.2946785409425683,0.18251430875266944,4,17.213354429217276,2.261245857799585,1,1,1,1.0,1,1.0,0,50,cvc-colondb,segformer,polypseg/runs_cv/segformer_seed42_fold4/best.pth,False
0.7329563304942985,0.5784775601145927,0.5812157448783952,0.9919217686653095,0.27050784887259477,0.19488592151892856,4,18.98946638440411,2.4945662032423983,1,1,1,1.0,1,1.0,0,51,cvc-colondb,segformer,polypseg/runs_cv/segformer_seed42_fold4/best.pth,False
0.8855743879405983,0.7946464782912716,0.7991842284051777,0.9929054053886334,0.6637252063876729,0.3553350380873083,4,16.0,2.101852597851756,1,1,1,1.0,1,1.0,0,52,cvc-colondb,segformer,polypseg/runs_cv/segformer_seed42_fold4/best.pth,False
0.7982248520631339,0.6642048251983554,0.6642048251983554,0.9999999999752903,0.23500402509058804,0.06027913800282403,4,15.264337522473747,2.005211717256093,1,1,1,1.0,1,1.0,0,53,cvc-colondb,segformer,polypseg/runs_cv/segformer_seed42_fold4/best.pth,False
0.8777133876743176,0.7820759670789065,0.7859278803731587,0.9937722419707791,0.46013277025117166,0.3354864432655716,4,13.061313135917418,1.715809684130206,1,1,1,1.0,1,1.0,0,54,cvc-colondb,segformer,polypseg/runs_cv/segformer_seed42_fold4/best.pth,False
0.8436647173379641,0.7296021577718678,0.7296021577718678,0.9999999999691929,0.4803483072075583,0.2925812227255333,4,15.0,1.9704868104860214,1,1,1,1.0,1,1.0,0,55,cvc-colondb,segformer,polypseg/runs_cv/segformer_seed42_fold4/best.pth,False
0.7658380112167089,0.6205328135018295,0.6260926573289752,0.9858912594292536,0.34282472369913375,0.11481895464877988,4,22.023610252712217,2.8931489014836087,1,1,1,1.0,1,1.0,0,56,cvc-colondb,segformer,polypseg/runs_cv/segformer_seed42_fold4/best.pth,False
0.8807034220490461,0.7868365180400269,0.8028596187105471,0.9752631578844708,0.5182474172241957,0.2778215888720496,4,23.40939982143925,3.075194239302658,1,1,1,1.0,1,1.0,0,57,cvc-colondb,segformer,polypseg/runs_cv/segformer_seed42_fold4/best.pth,False
0.9544057155187079,0.9127878085066027,0.943013604852032,0.9660764375791893,0.8082742815569731,0.48171898424239873,4,6.0,0.7881947241944085,1,1,1,1.0,1,1.0,0,58,cvc-colondb,segformer,polypseg/runs_cv/segformer_seed42_fold4/best.pth,False
0.8952588555809522,0.8103788476636702,0.871974522283737,0.9198208286571128,0.37637529602271047,0.2284040496705283,4,10.0,1.3136578736573477,1,1,1,1.0,1,1.0,0,59,cvc-colondb,segformer,polypseg/runs_cv/segformer_seed42_fold4/best.pth,False
0.9464603343921516,0.898362316378552,0.9302447552284923,0.9632512671802453,0.9183672969426031,0.6894425519325711,4,6.0,0.7881947241944085,1,1,1,1.0,1,1.0,0,6,cvc-colondb,segformer,polypseg/runs_cv/segformer_seed42_fold4/best.pth,False
0.8458923982355475,0.7329406694335162,0.7331513148335516,0.9996081504506347,0.267690504171391,0.154386280070477,4,14.0,1.8391210231202866,1,1,1,1.0,1,1.0,0,60,cvc-colondb,segformer,polypseg/runs_cv/segformer_seed42_fold4/best.pth,False
0.8067410017041123,0.6760820600190169,0.6887441860422403,0.9735273492200777,0.5423955579850753,0.35107204925097796,4,350.1638151212708,45.99954528039531,1,2,1,1.0,1,1.0,1,61,cvc-colondb,segformer,polypseg/runs_cv/segformer_seed42_fold4/best.pth,False
0.9693848420128017,0.9405885742123374,0.9518096604903086,0.9876212858017367,0.7331710650777158,0.4757981753929676,4,9.219544457292887,1.2111327167856758,1,1,1,1.0,1,1.0,0,62,cvc-colondb,segformer,polypseg/runs_cv/segformer_seed42_fold4/best.pth,False
0.9513261439800862,0.9071706503590197,0.9282316442582,0.9755991522173371,0.5603156872989344,0.2732475874023003,4,13.92838827718412,1.8297136927679616,1,1,1,1.0,1,1.0,0,63,cvc-colondb,segformer,polypseg/runs_cv/segformer_seed42_fold4/best.pth,False
0.9362060699380567,0.8800633689304306,0.8925207756207963,0.9843878891540607,0.4529219710847291,0.2845131421275049,4,16.97056274847714,2.229351337493307,1,1,1,1.0,1,1.0,0,64,cvc-colondb,segformer,polypseg/runs_cv/segformer_seed42_fold4/best.pth,False
0.917660510392216,0.8478490521719354,0.869433076550104,0.9715525068059734,0.5127772952445905,0.23483878917570158,4,22.20360331117452,2.916793831328876,1,1,1,1.0,1,1.0,0,65,cvc-colondb,segformer,polypseg/runs_cv/segformer_seed42_fold4/best.pth,False
0.922105357782897,0.8554689128858034,0.860564620995593,0.9931258169095555,0.5556644070589951,0.41224632974819625,4,22.627416997969522,2.9724684499910765,1,1,1,1.0,1,1.0,0,66,cvc-colondb,segformer,polypseg/runs_cv/segformer_seed42_fold4/best.pth,False
0.8960771536533401,0.8117208160143005,0.8221255021961826,0.9846479922037884,0.49253080200162785,0.38441507183781676,4,329.29294718363013,43.257827280760885,1,2,1,1.0,1,1.0,1,67,cvc-colondb,segformer,polypseg/runs_cv/segformer_seed42_fold4/best.pth,False
0.8276767183468817,0.7060140588351679,0.7231081008974288,0.9676015128739912,0.3278522415583412,0.21828246074180765,4,373.4608413207468,49.05997747036963,1,2,1,1.0,1,1.0,1,68,cvc-colondb,segformer,polypseg/runs_cv/segformer_seed42_fold4/best.pth,False
0.8550532753240334,0.7468061673926563,0.953190891187051,0.7752372241822882,0.4741720715334595,0.271937744724661,4,25.591767781344352,3.3618827246773435,1,1,1,1.0,1,1.0,0,69,cvc-colondb,segformer,polypseg/runs_cv/segformer_seed42_fold4/best.pth,False
0.9420421511542328,0.8904344839276931,0.9853667806730261,0.9023668638896212,0.8587821080799493,0.6218894392224763,4,6.0,0.7881947241944085,1,1,1,1.0,1,1.0,0,7,cvc-colondb,segformer,polypseg/runs_cv/segformer_seed42_fold4/best.pth,False
0.9371146732332807,0.8816705336256444,0.9163987138079502,0.9587888982136504,0.8564785474904398,0.5446721671720506,4,5.0,0.6568289368286738,1,1,1,1.0,1,1.0,0,70,cvc-colondb,segformer,polypseg/runs_cv/segformer_seed42_fold4/best.pth,False
0.5628411214911189,0.39163458536685425,0.4660146093789029,0.7104567761285304,0.3842450872688101,0.21372058602059274,4,296.22710794384125,38.91410727411721,1,2,1,1.0,1,1.0,1,71,cvc-colondb,segformer,polypseg/runs_cv/segformer_seed42_fold4/best.pth,False
0.9443828294013847,0.8946262487051511,0.9463960352709482,0.9423781704672072,0.45793417200123543,0.18394377378336155,4,9.866580798981552,1.2961311552658519,1,1,1,1.0,1,1.0,0,72,cvc-colondb,segformer,polypseg/runs_cv/segformer_seed42_fold4/best.pth,False
0.9132133974971312,0.8402876842555855,0.8961648177439229,0.9309232187479854,0.5110533033032694,0.3253415514709702,4,13.0,1.7077552357545518,1,1,1,1.0,1,1.0,0,73,cvc-colondb,segformer,polypseg/runs_cv/segformer_seed42_fold4/best.pth,False
0.8423824451305031,0.7276863084764367,0.968011527349625,0.7456159822254026,0.45980695841897795,0.25225592118080487,4,23.97060516874479,3.1489174216253106,1,1,1,1.0,1,1.0,0,74,cvc-colondb,segformer,polypseg/runs_cv/segformer_seed42_fold4/best.pth,False
0.5891018981954466,0.41753681392155756,0.44719593625732823,0.8629303189563142,0.24518123698044128,0.17327451486540718,4,155.04515407561246,20.36762874238449,1,2,1,1.0,0,0.0,1,75,cvc-colondb,segformer,polypseg/runs_cv/segformer_seed42_fold4/best.pth,False
0.9665605875129337,0.9352851999197683,0.9577451123031205,0.9755398527401514,0.7998419007910955,0.5549863304890136,4,6.324555320336759,0.8308301893941852,1,1,1,1.0,1,1.0,0,76,cvc-colondb,segformer,polypseg/runs_cv/segformer_seed42_fold4/best.pth,False
0.8766072636974463,0.7803212851301162,0.8938813065343677,0.8599881970956036,0.5884600188710027,0.3625766752572889,4,16.1245154965971,2.1182096741014695,1,1,1,1.0,1,1.0,0,77,cvc-colondb,segformer,polypseg/runs_cv/segformer_seed42_fold4/best.pth,False
0.7714599642853216,0.6279485746156741,0.850802787021345,0.7056532663227933,0.32624688415215014,0.17405289748057498,4,41.00730406114409,5.386956785738286,1,1,1,1.0,1,1.0,0,78,cvc-colondb,segformer,polypseg/runs_cv/segformer_seed42_fold4/best.pth,False
0.8412494651172309,0.7259970457768464,0.8521889900118729,0.830587241216084,0.45805003489241675,0.24743176773403938,4,21.546390237954245,2.8304585184982405,1,1,1,1.0,1,1.0,0,79,cvc-colondb,segformer,polypseg/runs_cv/segformer_seed42_fold4/best.pth,False
0.8374841705290208,0.7204066811805315,0.8209202250774426,0.8547303118929049,0.31376457403801555,0.23176509472680318,4,12.36931687685298,1.624905050704063,1,1,1,1.0,1,1.0,0,8,cvc-colondb,segformer,polypseg/runs_cv/segformer_seed42_fold4/best.pth,False
0.7769985974633474,0.6353211009012406,0.7096498718841546,0.8584710743506037,0.3235080218633992,0.14858485592767104,4,14.209143664560846,1.8665953452878774,1,1,1,1.0,1,1.0,0,80,cvc-colondb,segformer,polypseg/runs_cv/segformer_seed42_fold4/best.pth,False
0.7379767827406638,0.5847568988019775,0.7182052937147125,0.7588676670955367,0.3683105014547523,0.22003426077573904,4,20.09975124224178,2.6404196477924966,1,1,1,1.0,1,1.0,0,81,cvc-colondb,segformer,polypseg/runs_cv/segformer_seed42_fold4/best.pth,False
0.8039898669917038,0.6722266348776218,0.789490049726695,0.8190322580380958,0.2425743588924408,0.15380162688303967,4,11.213552042022808,1.473077093166969,1,1,1,1.0,1,1.0,0,82,cvc-colondb,segformer,polypseg/runs_cv/segformer_seed42_fold4/best.pth,False
0.7900313971587514,0.6529354524601708,0.6544213263766443,0.9965346534160131,0.3272324979340706,0.16622686398174666,4,12.041594578792296,1.5818535529820132,1,1,1,1.0,1,1.0,0,83,cvc-colondb,segformer,polypseg/runs_cv/segformer_seed42_fold4/best.pth,False
0.846015037581263,0.7331248370932206,0.7675306957498628,0.9423785594324162,0.5083943564791414,0.20350149483128072,4,8.567332354007567,1.125454360308138,1,1,1,1.0,1,1.0,0,84,cvc-colondb,segformer,polypseg/runs_cv/segformer_seed42_fold4/best.pth,False
0.7997898055561431,0.6663747810663638,0.7381183316929157,0.8727064219849884,0.28512316269560795,0.07898195975159111,4,13.0,1.7077552357545518,1,1,1,1.0,1,1.0,0,85,cvc-colondb,segformer,polypseg/runs_cv/segformer_seed42_fold4/best.pth,False
0.7714486638401644,0.6279336004399562,0.7318212141183515,0.8156133828693081,0.33690536279409977,0.22958441976705043,4,16.869680037832115,2.216098800777834,1,1,1,1.0,1,1.0,0,86,cvc-colondb,segformer,polypseg/runs_cv/segformer_seed42_fold4/best.pth,False
0.8795888399251177,0.7850589776938054,0.7944297081964712,0.985197368380543,0.5415777752256127,0.35301960237279867,4,5.830951894845301,0.765987586758076,1,1,1,1.0,1,1.0,0,87,cvc-colondb,segformer,polypseg/runs_cv/segformer_seed42_fold4/best.pth,False
0.801077682963604,0.6681647939824658,0.7314473144431551,0.8853598014448952,0.4025074904025832,0.24851839785983432,4,9.25170995850744,1.2153581631787391,1,1,1,1.0,1,1.0,0,88,cvc-colondb,segformer,polypseg/runs_cv/segformer_seed42_fold4/best.pth,False
0.6698141044358273,0.5035492457629304,0.6618075801363377,0.6780167263633203,0.275675625688833,0.11551978964559113,4,13.892443989449804,1.8249918431084429,1,1,1,1.0,1,1.0,0,89,cvc-colondb,segformer,polypseg/runs_cv/segformer_seed42_fold4/best.pth,False
0.9122807017464233,0.8387096774058946,0.993158494849997,0.8435835350953417,0.6092179304892205,0.3338948724889644,4,6.1190314488039945,0.8038313841878293,1,1,1,1.0,1,1.0,0,9,cvc-colondb,segformer,polypseg/runs_cv/segformer_seed42_fold4/best.pth,False
0.7903718340077174,0.6534006533812474,0.7149821254236275,0.8835341365107015,0.37192839510487924,0.2086887889339437,4,11.40175425099138,1.497800424532096,1,1,1,1.0,1,1.0,0,90,cvc-colondb,segformer,polypseg/runs_cv/segformer_seed42_fold4/best.pth,False
0.6401630988623812,0.4707646176735096,0.5080906148661776,0.8650137740451092,0.2711358910548728,0.10050372884514108,4,22.80350850198276,2.995600849064192,1,1,1,1.0,0,0.0,0,91,cvc-colondb,segformer,polypseg/runs_cv/segformer_seed42_fold4/best.pth,False
0.718401682424429,0.5605513619770085,0.5687645687456289,0.9748858446932143,0.6240426951196685,0.5281812629061756,4,44.901539965982465,5.898526151565293,1,1,1,1.0,1,1.0,0,92,cvc-colondb,segformer,polypseg/runs_cv/segformer_seed42_fold4/best.pth,False
0.8175949228491345,0.6914677031150941,0.9663735126496024,0.7085150767929355,0.528401698199674,0.347456783654643,4,24.343695681357442,3.197928750573357,1,1,1,1.0,1,1.0,0,93,cvc-colondb,segformer,polypseg/runs_cv/segformer_seed42_fold4/best.pth,False
0.7449165151141525,0.5935194941887904,0.6743489972860117,0.8319793205010347,0.2588552019064626,0.10049932638378925,4,16.1245154965971,2.1182096741014695,1,1,1,1.0,1,1.0,0,94,cvc-colondb,segformer,polypseg/runs_cv/segformer_seed42_fold4/best.pth,False
0.932549229253029,0.8736227044929279,0.9070896169022865,0.9594792812438673,0.8839654756383942,0.4253217341886863,4,5.0,0.6568289368286738,1,1,1,1.0,1,1.0,0,95,cvc-colondb,segformer,polypseg/runs_cv/segformer_seed42_fold4/best.pth,False
0.8613220366009006,0.7564228555277773,0.970111631239285,0.7744717550557069,0.49097914550150495,0.33243174161338895,4,16.1245154965971,2.1182096741014695,1,1,1,1.0,1,1.0,0,96,cvc-colondb,segformer,polypseg/runs_cv/segformer_seed42_fold4/best.pth,False
0.9021388040078381,0.8217239185619956,0.8882585525032103,0.9164597374793108,0.5485927729232515,0.23448219689632605,4,6.50990213070612,0.8551784190740838,1,1,1,1.0,1,1.0,0,97,cvc-colondb,segformer,polypseg/runs_cv/segformer_seed42_fold4/best.pth,False
0.9291928123184213,0.8677498834596273,0.8839970151218778,0.9792590365899206,0.5532858976024585,0.2862985185073753,4,8.54400374531753,1.1223897792594242,1,1,1,1.0,1,1.0,0,98,cvc-colondb,segformer,polypseg/runs_cv/segformer_seed42_fold4/best.pth,False
0.7858111303774686,0.6471901942419903,0.9505683118395715,0.6697301945572948,0.5734974185267421,0.3257000802599977,4,34.03012721335192,4.4703944555380914,1,2,1,1.0,1,1.0,1,99,cvc-colondb,segformer,polypseg/runs_cv/segformer_seed42_fold4/best.pth,False
0.7565381904486532,0.6084128878245321,0.6199914878055572,0.9702188391915297,0.4403893020027328,0.23027049110948017,8,32.62730432284106,2.0914160933292023,1,1,1,1.0,1,1.0,0,1,etis-larib,segformer,polypseg/runs_cv/segformer_seed42_fold4/best.pth,False
0.783313051411685,0.6438082140361079,0.6438082140361079,0.9999999999902902,0.2724234678505972,0.046467662127073414,8,358.3554402351978,22.97064836935639,1,2,1,1.0,1,1.0,1,10,etis-larib,segformer,polypseg/runs_cv/segformer_seed42_fold4/best.pth,False
0.0,0.0,0.0,0.0,0.0,0.0,8,519.1057694725154,33.27477347415509,1,1,0,0.0,0,0.0,1,100,etis-larib,segformer,polypseg/runs_cv/segformer_seed42_fold4/best.pth,False
0.0,0.0,0.0,0.0,0.0,0.0,8,342.23529917295207,21.937344419059894,1,1,0,0.0,0,0.0,1,101,etis-larib,segformer,polypseg/runs_cv/segformer_seed42_fold4/best.pth,False
0.182173301332149,0.10021488927720677,0.12724876289107143,0.32051954103139074,0.08145944411004401,0.029045309969204628,8,508.1966153735199,32.57549472830801,1,3,1,1.0,0,0.0,2,102,etis-larib,segformer,polypseg/runs_cv/segformer_seed42_fold4/best.pth,False
0.25962494201799147,0.14917758148006935,0.2011242011236849,0.36611689949835946,0.1195823111205951,0.062242210175844054,8,537.6838725672804,34.465633234172714,1,4,1,1.0,0,0.0,3,103,etis-larib,segformer,polypseg/runs_cv/segformer_seed42_fold4/best.pth,False
0.0,0.0,0.0,0.0,0.0,0.0,8,309.56259421825996,19.84301813703839,1,1,0,0.0,0,0.0,1,104,etis-larib,segformer,polypseg/runs_cv/segformer_seed42_fold4/best.pth,False
0.6652262415135589,0.49838127044682706,0.5172328423134407,0.9318529374273269,0.09709871181160266,0.008512501986355376,8,233.85635589406283,14.990234602426886,1,1,1,1.0,0,0.0,0,105,etis-larib,segformer,polypseg/runs_cv/segformer_seed42_fold4/best.pth,False
0.6692576728998283,0.5029205573991259,0.5247996171787745,0.9234493574283242,0.07378724907672442,0.02646257774867114,8,242.20033030530738,15.525084867509536,1,2,1,1.0,1,1.0,1,106,etis-larib,segformer,polypseg/runs_cv/segformer_seed42_fold4/best.pth,False
0.6726447857373709,0.5067556736205219,0.5181378087112303,0.9584519929389411,0.08485289314534555,0.04089044686368128,8,231.48811112419105,14.838429685427194,1,1,1,1.0,1,1.0,0,107,etis-larib,segformer,polypseg/runs_cv/segformer_seed42_fold4/best.pth,False
0.7068347143673638,0.546592707228117,0.5475479892695949,0.9968182827172534,0.12488346600354237,0.018784196233530347,8,229.55107799367724,14.71426551230449,1,1,1,1.0,1,1.0,0,108,etis-larib,segformer,polypseg/runs_cv/segformer_seed42_fold4/best.pth,False
0.6948177946045533,0.5323531011473114,0.5482126409595552,0.948458159265097,0.1198066551609178,0.032693954374141444,8,234.60893496563938,15.038475056686421,1,2,1,1.0,1,1.0,1,109,etis-larib,segformer,polypseg/runs_cv/segformer_seed42_fold4/best.pth,False
0.5167648119195739,0.3484038243377713,0.3484038243377713,0.9999999999844962,0.25509330147670645,0.014622215897193189,8,560.1265924772358,35.90421562925283,1,3,1,1.0,1,1.0,2,11,etis-larib,segformer,polypseg/runs_cv/segformer_seed42_fold4/best.pth,False
0.9463161349990357,0.8981025205298836,0.9063938034101054,0.9899172779741223,0.790496030614816,0.24272395449545114,8,12.0,0.769202164899079,1,1,1,1.0,1,1.0,0,110,etis-larib,segformer,polypseg/runs_cv/segformer_seed42_fold4/best.pth,False
0.9074235385200017,0.830535500728993,0.8425143781433265,0.9831690436215835,0.5332297043901715,0.2744409801878989,8,112.90703906590468,7.237361573486564,1,2,1,1.0,1,1.0,1,111,etis-larib,segformer,polypseg/runs_cv/segformer_seed42_fold4/best.pth,False
0.9282239353318658,0.8660614525099345,0.8752705373065057,0.9879972382973711,0.7488811277506341,0.2467407237606257,8,11.40175425099138,0.7308545044591539,1,1,1,1.0,1,1.0,0,112,etis-larib,segformer,polypseg/runs_cv/segformer_seed42_fold4/best.pth,False
0.9715449371804237,0.9446644508870131,0.9674313943558609,0.9756936111598745,0.7361285802821418,0.25922828384348506,8,32.69556544854363,2.0957916438016073,1,2,1,1.0,1,1.0,1,113,etis-larib,segformer,polypseg/runs_cv/segformer_seed42_fold4/best.pth,False
0.9745476038695227,0.9503586978264006,0.9709926264809233,0.9781287077253179,0.7361857917963175,0.26684880595626165,8,15.811388300841896,1.013512842588963,1,1,1,1.0,1,1.0,0,114,etis-larib,segformer,polypseg/runs_cv/segformer_seed42_fold4/best.pth,False
0.9669049090878754,0.9359302135819758,0.9654350964353844,0.968379203953639,0.6059195462132284,0.243031664669177,8,21.02379604162864,1.3476291191347864,1,1,1,1.0,1,1.0,0,115,etis-larib,segformer,polypseg/runs_cv/segformer_seed42_fold4/best.pth,False
0.9735404457826522,0.9484450135251115,0.9655877549847562,0.9816252229945092,0.6910255524000936,0.14535137373021254,8,18.384776310850235,1.178467478290942,1,1,1,1.0,1,1.0,0,116,etis-larib,segformer,polypseg/runs_cv/segformer_seed42_fold4/best.pth,False
0.9780671114145246,0.957075677218229,0.9740664852131186,0.9821007353956379,0.8083372763058082,0.27599420011990156,8,12.076828264374226,0.7741268705059201,1,1,1,1.0,1,1.0,0,117,etis-larib,segformer,polypseg/runs_cv/segformer_seed42_fold4/best.pth,False
0.9694398941187881,0.9406922396727543,0.9717750047571042,0.9671159788091152,0.6282627024221867,0.27360255276293277,8,20.8806130178211,1.3384510614773235,1,1,1,1.0,1,1.0,0,118,etis-larib,segformer,polypseg/runs_cv/segformer_seed42_fold4/best.pth,False
0.9600582474319314,0.9231846351597384,0.9569459706955326,0.9631908343467891,0.5690003059952569,0.18255588404477577,8,54.30676094304012,3.481073173836934,1,2,1,1.0,1,1.0,1,119,etis-larib,segformer,polypseg/runs_cv/segformer_seed42_fold4/best.pth,False
0.7264557872008395,0.5704205475553462,0.581014259426282,0.9690257000290656,0.31498178318545467,0.08414505822704386,8,211.59063917086436,13.562998143550729,1,3,1,1.0,1,1.0,2,12,etis-larib,segformer,polypseg/runs_cv/segformer_seed42_fold4/best.pth,False
0.9651264241965979,0.9326032152742354,0.9753801467850797,0.9550860441686537,0.6326493641993728,0.2122123094395872,8,35.77708763999664,2.293317772205791,1,2,1,1.0,1,1.0,1,120,etis-larib,segformer,polypseg/runs_cv/segformer_seed42_fold4/best.pth,False
0.8369165848126999,0.719567121226576,0.7856703777010745,0.8953144458211759,0.5508549496837791,0.22879437935825309,8,26.190191401237755,1.6787959937461103,1,1,1,1.0,1,1.0,0,121,etis-larib,segformer,polypseg/runs_cv/segformer_seed42_fold4/best.pth,False
0.8125533731818422,0.6842862279706272,0.7607131435820218,0.8719758064436218,0.48077696338342774,0.2655938553139377,8,23.706539182259394,1.5195934384382306,1,1,1,1.0,1,1.0,0,122,etis-larib,segformer,polypseg/runs_cv/segformer_seed42_fold4/best.pth,False
0.6933382048429342,0.5306179513418714,0.6110335944981106,0.801266713570707,0.4136560206161149,0.15550108419521058,8,1023.4157203666874,65.60113230815054,1,2,1,1.0,1,1.0,1,123,etis-larib,segformer,polypseg/runs_cv/segformer_seed42_fold4/best.pth,False
0.975641183226886,0.9524408510489557,0.9635403149505943,0.9880498609242574,0.7355191302091074,0.22849467865697218,8,105.59999999999991,6.76897905111189,1,1,1,1.0,1,1.0,0,124,etis-larib,segformer,polypseg/runs_cv/segformer_seed42_fold4/best.pth,False
0.9726608917281018,0.9467768567325627,0.970796772002569,0.9745321841749492,0.7780642934229597,0.1420406220306392,8,104.00240379059414,6.666572845869433,1,1,1,1.0,1,1.0,0,125,etis-larib,segformer,polypseg/runs_cv/segformer_seed42_fold4/best.pth,False
0.686262652817967,0.5223743195624304,0.5510936576279406,0.9092872570131032,0.38346545683885885,0.10774779040660414,8,920.7991335630477,59.023390581157706,1,2,1,1.0,1,1.0,1,126,etis-larib,segformer,polypseg/runs_cv/segformer_seed42_fold4/best.pth,False
0.8789694427768163,0.7840726883966858,0.7938848677481304,0.9844811676790162,0.5277420599554717,0.24603376037461863,8,17.029386365926403,1.0915867382977873,1,1,1,1.0,1,1.0,0,127,etis-larib,segformer,polypseg/runs_cv/segformer_seed42_fold4/best.pth,False
0.8935518629791098,0.8075858534002297,0.8518598615824842,0.9395348837097252,0.8123749082971696,0.3846200803821304,8,17.46424919657298,1.119461524195078,1,1,1,1.0,1,1.0,0,128,etis-larib,segformer,polypseg/runs_cv/segformer_seed42_fold4/best.pth,False
0.9277443776390127,0.8652268715516017,0.8979525861972203,0.9595808383123032,0.8530343570990119,0.5668802572980296,8,15.031631559454262,0.9635302947914614,1,1,1,1.0,1,1.0,0,129,etis-larib,segformer,polypseg/runs_cv/segformer_seed42_fold4/best.pth,False
0.8407479908076643,0.7252504064180343,0.9636819733803028,0.7456302095119145,0.406446075006742,0.07234789465279423,8,103.96243488767969,6.664010831981896,1,1,1,1.0,1,1.0,0,13,etis-larib,segformer,polypseg/runs_cv/segformer_seed42_fold4/best.pth,False
0.895315912948405,0.8104723544429844,0.8145885470277153,0.9938038793014206,0.7704017910817992,0.2674934198766664,8,21.90886656655637,1.4043622994566844,1,1,1,1.0,1,1.0,0,130,etis-larib,segformer,polypseg/runs_cv/segformer_seed42_fold4/best.pth,False
0.8605459057039109,0.7552264808311764,0.762429818029071,0.9876445846390847,0.4238139620222604,0.25246739170560184,8,16.64331697709324,1.0668396208234763,1,1,1,1.0,1,1.0,0,131,etis-larib,segformer,polypseg/runs_cv/segformer_seed42_fold4/best.pth,False
0.9196357427380784,0.8512274786550286,0.9001671309091903,0.9399650959751021,0.8492935428914706,0.3459652160089857,8,12.206555615733702,0.7824424171319478,1,1,1,1.0,1,1.0,0,132,etis-larib,segformer,polypseg/runs_cv/segformer_seed42_fold4/best.pth,False
0.9301273175493395,0.8693813131285688,0.9249731327212353,0.9353392650922524,0.7280575007492015,0.3095785623667934,8,20.5547724053286,1.3175646194322173,1,1,1,1.0,1,1.0,0,133,etis-larib,segformer,polypseg/runs_cv/segformer_seed42_fold4/best.pth,False
0.8646273321320871,0.7615361516106852,0.7727518959887163,0.981297562229755,0.5591478333983279,0.2123986248569858,8,317.85168576542213,20.37435040063204,1,2,1,1.0,1,1.0,1,134,etis-larib,segformer,polypseg/runs_cv/segformer_seed42_fold4/best.pth,False
0.7667961083938085,0.6217918331372534,0.6232690741201244,0.996202668970422,0.44765519731546616,0.16244713497853175,8,30.479501308256342,1.953741532612924,1,1,1,1.0,1,1.0,0,135,etis-larib,segformer,polypseg/runs_cv/segformer_seed42_fold4/best.pth,False
0.9180854190678988,0.8485747722125542,0.8597319557052365,0.984937055810549,0.6228850861080788,0.3417804010096919,8,29.0,1.858905231839441,1,1,1,1.0,1,1.0,0,136,etis-larib,segformer,polypseg/runs_cv/segformer_seed42_fold4/best.pth,False
0.9030020766529506,0.8231575078080383,0.8670435186585603,0.9420722729336499,0.6335474186218784,0.23862960179650464,8,315.8749675887319,20.247642408889917,1,2,1,1.0,1,1.0,1,137,etis-larib,segformer,polypseg/runs_cv/segformer_seed42_fold4/best.pth,False
0.8486189591779009,0.7370444093572857,0.7407049734376718,0.9933395004533455,0.5866225461879887,0.3917754633207263,8,29.206163733020468,1.8721203643196924,1,1,1,1.0,1,1.0,0,138,etis-larib,segformer,polypseg/runs_cv/segformer_seed42_fold4/best.pth,False
0.8605921441712396,0.7552977099190515,0.9994343434262671,0.7556207233580423,0.6312053560875781,0.15976799095093644,8,20.801087550901244,1.3333534647007097,1,1,1,1.0,1,1.0,0,139,etis-larib,segformer,polypseg/runs_cv/segformer_seed42_fold4/best.pth,False
0.7467882925474856,0.5958995500173957,0.9612712644346387,0.6105579755231746,0.32597433165248046,0.12933196557996082,8,100.3206505118305,6.430571796481993,1,2,1,1.0,1,1.0,1,14,etis-larib,segformer,polypseg/runs_cv/segformer_seed42_fold4/best.pth,False
0.8804831532064277,0.7864849517255902,0.942268442016306,0.8263018835691953,0.8227185644315247,0.09960999314728383,8,17.962978693626095,1.1514301749311018,1,1,1,1.0,1,1.0,0,140,etis-larib,segformer,polypseg/runs_cv/segformer_seed42_fold4/best.pth,False
0.7404212637876608,0.5878324573929938,0.6681147615108325,0.8302778090110192,0.3662059026283179,0.17879724232626143,8,28.01695887963161,1.7958921186750925,1,1,1,1.0,1,1.0,0,141,etis-larib,segformer,polypseg/runs_cv/segformer_seed42_fold4/best.pth,False
0.9103864816229161,0.8355132037815426,0.9482575811059004,0.8754241712289518,0.7792426424144335,0.2813048434811025,8,18.986796682363533,1.21705709271439,1,1,1,1.0,1,1.0,0,142,etis-larib,segformer,polypseg/runs_cv/segformer_seed42_fold4/best.pth,False
0.8982369145980764,0.8152722908395496,0.919722441606004,0.8777323139825685,0.6377184915258635,0.14262678754845048,8,26.00672828188038,1.6670359746970413,1,1,1,1.0,1,1.0,0,143,etis-larib,segformer,polypseg/runs_cv/segformer_seed42_fold4/best.pth,False
0.9103561756507821,0.8354621531439284,0.982682060383491,0.8479468676106523,0.7983263543526473,0.2857840243527469,8,15.283956074968245,0.9797043417573338,1,1,1,1.0,1,1.0,0,144,etis-larib,segformer,polypseg/runs_cv/segformer_seed42_fold4/best.pth,False
0.9275398973142276,0.8648712385583206,0.9865497390596301,0.8751909125578694,0.8147610817287145,0.34902592405180766,8,12.439265317808115,0.7973591510176693,1,1,1,1.0,1,1.0,0,145,etis-larib,segformer,polypseg/runs_cv/segformer_seed42_fold4/best.pth,False
0.6092858892249771,0.4381100935874101,0.4526879484223111,0.9315288327706052,0.548486308399055,0.2149177818473081,8,156.204504540097,10.012736921602551,1,1,1,1.0,0,0.0,0,146,etis-larib,segformer,polypseg/runs_cv/segformer_seed42_fold4/best.pth,False
0.8027998926540773,0.6705645010622386,0.7013245809373605,0.9386079589973403,0.42151728408574407,0.22867619093591485,8,30.805843601498726,1.9746601324846051,1,1,1,1.0,1,1.0,0,147,etis-larib,segformer,polypseg/runs_cv/segformer_seed42_fold4/best.pth,False
0.7280260554074702,0.5723592519347475,0.6414223965688082,0.8416662694779006,0.21684503549525858,0.03000099989346498,8,50.93917567547646,3.2652103506459165,1,1,1,1.0,1,1.0,0,148,etis-larib,segformer,polypseg/runs_cv/segformer_seed42_fold4/best.pth,False
0.9026022790318914,0.822493305558926,0.8294527124290119,0.989901883542291,0.7522867347117178,0.2644641969150329,8,11.970469991071957,0.767309285999334,1,1,1,1.0,1,1.0,0,149,etis-larib,segformer,polypseg/runs_cv/segformer_seed42_fold4/best.pth,False
0.8397283728744642,0.7237342991440828,0.8694674085106606,0.8119564277679502,0.33561241001340203,0.06746438908664938,8,78.10249675906654,5.006384132591441,1,2,1,1.0,1,1.0,1,15,etis-larib,segformer,polypseg/runs_cv/segformer_seed42_fold4/best.pth,False
0.8217079497473967,0.697372056080017,0.8317339373953218,0.8119207960582734,0.39857454265246844,0.2013814816889261,8,88.59794934547887,5.679144536846773,1,1,1,1.0,1,1.0,0,150,etis-larib,segformer,polypseg/runs_cv/segformer_seed42_fold4/best.pth,False
0.8556305214863547,0.7476872964120671,0.7710446758429893,0.9610617986856383,0.47757612258699617,0.11572796299121119,8,21.91679197212742,1.4048703193835972,1,1,1,1.0,1,1.0,0,151,etis-larib,segformer,polypseg/runs_cv/segformer_seed42_fold4/best.pth,False
0.5271497757035125,0.35791132527090974,0.3799382318865656,0.8605989943827107,0.16545007630910366,0.03561883334541559,8,137.05838172107534,8.785466994784626,1,2,1,1.0,0,0.0,1,152,etis-larib,segformer,polypseg/runs_cv/segformer_seed42_fold4/best.pth,False
0.8945106865810478,0.8091536261120338,0.8190768182564501,0.9852483199435124,0.4473036856630369,0.19172190595813896,8,20.84823058080977,1.336375341422838,1,1,1,1.0,1,1.0,0,153,etis-larib,segformer,polypseg/runs_cv/segformer_seed42_fold4/best.pth,False
0.03947961186345512,0.020137312573923344,0.020639289605391593,0.45294382022064766,0.07488382081124076,0.011750415659879667,8,650.4559917993993,41.69434642197296,1,1,0,0.0,0,0.0,1,154,etis-larib,segformer,polypseg/runs_cv/segformer_seed42_fold4/best.pth,False
0.8774936779969724,0.7817271589447723,0.9579754601168222,0.8094867807112002,0.5753412773027138,0.12792853260051473,8,22.4275949425457,1.437612881940482,1,1,1,1.0,1,1.0,0,155,etis-larib,segformer,polypseg/runs_cv/segformer_seed42_fold4/best.pth,False
0.023128389323180915,0.011699489839536153,0.01209903227390475,0.2616038236828295,0.10448138536208934,0.02688682230018865,8,598.2068940439174,38.345169829677936,1,1,0,0.0,0,0.0,1,156,etis-larib,segformer,polypseg/runs_cv/segformer_seed42_fold4/best.pth,False
0.0009317808961020771,0.00046610760313110127,0.0004885687441275755,0.01003688770687109,0.08054491147281884,0.059736587736369674,8,651.304799561111,41.748755152630615,1,1,0,0.0,0,0.0,1,157,etis-larib,segformer,polypseg/runs_cv/segformer_seed42_fold4/best.pth,False
0.7929709425292821,0.656960938613128,0.9760841836630942,0.6677088635158314,0.4689384346816008,0.18006946584819167,8,606.0280487446645,38.84650725699671,1,1,1,1.0,1,1.0,0,158,etis-larib,segformer,polypseg/runs_cv/segformer_seed42_fold4/best.pth,False
0.9593434384103354,0.921863632844328,0.9387333711604899,0.9808788168237081,0.7740507635974209,0.35810855191520263,8,15.811388300841896,1.013512842588963,1,1,1,1.0,1,1.0,0,159,etis-larib,segformer,polypseg/runs_cv/segformer_seed42_fold4/best.pth,False
0.7909808253373072,0.6542334827385883,0.8773364100863937,0.7201017352711857,0.32410024064333764,0.1321466603307533,8,118.32708833437333,7.584787709417044,1,1,1,1.0,1,1.0,0,16,etis-larib,segformer,polypseg/runs_cv/segformer_seed42_fold4/best.pth,False
0.9441125713519314,0.8941413125457409,0.9094047695145621,0.9815747705455428,0.6982663224852462,0.22661923634675277,8,22.70627937166417,1.4554766041239482,1,1,1,1.0,1,1.0,0,160,etis-larib,segformer,polypseg/runs_cv/segformer_seed42_fold4/best.pth,False
0.29721278826990005,0.17454487925588774,0.18523048879923656,0.7515935964168371,0.2868319820135808,0.08426229999482876,8,800.9824576332505,51.3431200381401,1,2,1,1.0,1,1.0,1,161,etis-larib,segformer,polypseg/runs_cv/segformer_seed42_fold4/best.pth,False
0.9631155754716066,0.928855282891978,0.949288073450988,0.9773518596840692,0.8028629067771504,0.3140386913413214,8,13.416407864998739,0.8599941645771717,1,1,1,1.0,1,1.0,0,162,etis-larib,segformer,polypseg/runs_cv/segformer_seed42_fold4/best.pth,False
0.8111485642097508,0.6822959873624302,0.6921037463968968,0.9796531075089666,0.5766797752253003,0.19255798505439284,8,685.3206913293211,43.929179951720606,1,2,1,1.0,1,1.0,1,163,etis-larib,segformer,polypseg/runs_cv/segformer_seed42_fold4/best.pth,False
0.38863472431671214,0.24118350456069895,0.25836479843316656,0.7838684735262608,0.23726757618817312,0.11016707888487895,8,777.6053626196954,49.84464403035025,1,2,1,1.0,1,1.0,1,164,etis-larib,segformer,polypseg/runs_cv/segformer_seed42_fold4/best.pth,False
0.8804424157277608,0.7864199466792827,0.7939732967397014,0.9880475471137581,0.576157207134529,0.4198515280265414,8,18.0,1.1538032473486184,1,1,1,1.0,1,1.0,0,165,etis-larib,segformer,polypseg/runs_cv/segformer_seed42_fold4/best.pth,False
0.9157597585886971,0.8446096387242527,0.9893988473308257,0.8523229687582361,0.7054572930876832,0.4207625050173149,8,24.041630560342615,1.5410728562266163,1,1,1,1.0,1,1.0,0,166,etis-larib,segformer,polypseg/runs_cv/segformer_seed42_fold4/best.pth,False
0.8920254493778306,0.805095612419008,0.8270668079355487,0.9680576504073468,0.6537946777622535,0.26229770282203635,8,34.785054261852174,2.229728253695719,1,1,1,1.0,1,1.0,0,167,etis-larib,segformer,polypseg/runs_cv/segformer_seed42_fold4/best.pth,False
0.8283885649243965,0.707050597257905,0.7682283422983632,0.8987716807548992,0.49162071600656937,0.3000162070725118,8,33.20530923561093,2.1284663125146093,1,1,1,1.0,1,1.0,0,168,etis-larib,segformer,polypseg/runs_cv/segformer_seed42_fold4/best.pth,False
0.667440960120657,0.5008715862834044,0.5173293323292023,0.9402781565184036,0.5038474995547502,0.3041781952109714,8,47.65237653332022,3.0545259326679988,1,1,1,1.0,1,1.0,0,169,etis-larib,segformer,polypseg/runs_cv/segformer_seed42_fold4/best.pth,False
0.870456879700013,0.77062740151862,0.9452759588389037,0.8066130418756329,0.5131678996839382,0.21568781924147173,8,94.79451460923254,6.07634548816492,1,1,1,1.0,1,1.0,0,17,etis-larib,segformer,polypseg/runs_cv/segformer_seed42_fold4/best.pth,False
0.6749739311747915,0.5094042653615377,0.5102877414228594,0.9966127790454717,0.41635041028001923,0.15705760518718248,8,35.034174486142554,2.2456969050160778,1,1,1,1.0,1,1.0,0,170,etis-larib,segformer,polypseg/runs_cv/segformer_seed42_fold4/best.pth,False
0.8500431061168533,0.7391956260607719,0.9397689334488949,0.7759574246053985,0.38833465159849523,0.17069097769637387,8,125.71137563785766,8.058121857756786,1,1,1,1.0,1,1.0,0,171,etis-larib,segformer,polypseg/runs_cv/segformer_seed42_fold4/best.pth,False
0.9431441861760276,0.8924057320208068,0.9860631754062577,0.9038055109678278,0.5201581521677825,0.2148309205567082,8,43.03428544236474,2.75850546059599,1,1,1,1.0,1,1.0,0,172,etis-larib,segformer,polypseg/runs_cv/segformer_seed42_fold4/best.pth,False
0.8518972377154586,0.7420043446462221,0.9701628948453166,0.7593324235683537,0.41223884905923824,0.17797163107518063,8,157.37403890966192,10.08770428568532,1,1,1,1.0,1,1.0,0,173,etis-larib,segformer,polypseg/runs_cv/segformer_seed42_fold4/best.pth,False
0.9195552242509838,0.8510895187711042,0.8848617683677361,0.9570802038760821,0.42228890180484885,0.21506532952986013,8,36.64422550476364,2.3489014657761866,1,1,1,1.0,1,1.0,0,174,etis-larib,segformer,polypseg/runs_cv/segformer_seed42_fold4/best.pth,False
0.9580931822266745,0.9195574555066544,0.9715717965362456,0.9449834283152629,0.688348451233765,0.4102162664389511,8,34.11955568401202,2.187069674794727,1,1,1,1.0,1,1.0,0,175,etis-larib,segformer,polypseg/runs_cv/segformer_seed42_fold4/best.pth,False
0.928012968933106,0.8656942127457475,0.9696769439942805,0.8897818359232663,0.6412947515601743,0.18815874775959698,8,60.80706152572409,3.8977436138948716,1,1,1,1.0,1,1.0,0,176,etis-larib,segformer,polypseg/runs_cv/segformer_seed42_fold4/best.pth,False
0.9510778857750806,0.9067192624476805,0.9425674194622149,0.9597434347870565,0.5870404365076278,0.16889756960299293,8,54.06245184896988,3.465412916831654,1,1,1,1.0,1,1.0,0,177,etis-larib,segformer,polypseg/runs_cv/segformer_seed42_fold4/best.pth,False
0.8639123086943399,0.7604274875132924,0.9718440002543854,0.7775577838201999,0.23797314146433407,0.12119179184802223,8,93.05912099305473,5.965106444288586,1,1,1,1.0,1,1.0,0,178,etis-larib,segformer,polypseg/runs_cv/segformer_seed42_fold4/best.pth,False
0.9538536092497147,0.9117783301490157,0.9231877527119186,0.9866267412752799,0.7001774460821646,0.3802928278565829,8,107.0,6.858719303683454,1,1,1,1.0,1,1.0,0,179,etis-larib,segformer,polypseg/runs_cv/segformer_seed42_fold4/best.pth,False
0.8765411803380483,0.780216564236684,0.9386773076683605,0.8221205735714369,0.4635489854842805,0.18261185769705662,8,63.80282021461245,4.089772286312218,1,1,1,1.0,1,1.0,0,18,etis-larib,segformer,polypseg/runs_cv/segformer_seed42_fold4/best.pth,False
0.904264629631315,0.825258227565525,0.8320999960490157,0.9901349929299613,0.4529354703405088,0.10096504519126566,8,159.35871271175625,10.214922234451107,1,2,1,1.0,1,1.0,1,180,etis-larib,segformer,polypseg/runs_cv/segformer_seed42_fold4/best.pth,False
0.8932494384173156,0.8070919224472258,0.8072238474461475,0.999797547948089,0.2250055235251338,0.06663768885526081,8,109.09903102442249,6.993267571031463,1,1,1,1.0,1,1.0,0,181,etis-larib,segformer,polypseg/runs_cv/segformer_seed42_fold4/best.pth,False
0.9722793780607896,0.9460541681319884,0.9667590664930911,0.9778630949781196,0.6300794824459721,0.2513333551949439,8,30.649492082653705,1.9646379719195344,1,1,1,1.0,1,1.0,0,182,etis-larib,segformer,polypseg/runs_cv/segformer_seed42_fold4/best.pth,False
0.8702515851140169,0.7703056482728898,0.771466963814986,0.9980496077973371,0.4522026016587702,0.1315960414391853,8,25.18233173923932,1.6141920075858063,1,1,1,1.0,1,1.0,0,183,etis-larib,segformer,polypseg/runs_cv/segformer_seed42_fold4/best.pth,False
0.658259262755212,0.4906009368895824,0.5169148643198743,0.9059924259266875,0.5039947828294494,0.08725816607504458,8,328.0365788122151,21.027203882370266,1,2,1,1.0,1,1.0,1,184,etis-larib,segformer,polypseg/runs_cv/segformer_seed42_fold4/best.pth,False
0.8972104755529022,0.8135826970270995,0.8234713332397403,0.9854546936074582,0.5935254838840666,0.10837584788956102,8,21.197874267729855,1.3587875648330234,1,1,1,1.0,1,1.0,0,185,etis-larib,segformer,polypseg/runs_cv/segformer_seed42_fold4/best.pth,False
0.9077025232385991,0.8310030395107062,0.8386503067454397,0.9891461649740821,0.552395304855702,0.2673955103357778,8,22.488770226631143,1.4415342286868853,1,1,1,1.0,1,1.0,0,186,etis-larib,segformer,polypseg/runs_cv/segformer_seed42_fold4/best.pth,False
0.9444421167282347,0.8947326638316407,0.9017482097815668,0.9913796894885368,0.8314349015046175,0.30066633773779466,8,10.899159604515571,0.6986380969478305,1,1,1,1.0,1,1.0,0,187,etis-larib,segformer,polypseg/runs_cv/segformer_seed42_fold4/best.pth,False
0.6225730796191608,0.451982657233843,0.451982657233843,0.9999999999961163,0.3310795007398739,0.07008096909152228,8,316.0456453284921,20.25858288280022,1,2,1,1.0,1,1.0,1,188,etis-larib,segformer,polypseg/runs_cv/segformer_seed42_fold4/best.pth,False
0.8865535464236339,0.7962246802044616,0.8078474413477628,0.9822512844432433,0.5063651609741572,0.2092198082367986,8,29.5296461204668,1.892855643713896,1,1,1,1.0,1,1.0,0,189,etis-larib,segformer,polypseg/runs_cv/segformer_seed42_fold4/best.pth,False
0.46896499151900123,0.30630585775062075,0.3122763381636097,0.9412484700086396,0.2965551202291994,0.0742633406168433,8,193.60978445805975,12.410422112565302,1,1,1,1.0,0,0.0,0,19,etis-larib,segformer,polypseg/runs_cv/segformer_seed42_fold4/best.pth,False
0.9237401516268532,0.858287292816099,0.8920812357619354,0.9577288233098563,0.6178161118533583,0.12502645667705256,8,27.290100772390293,1.74930038286972,1,1,1,1.0,1,1.0,0,190,etis-larib,segformer,polypseg/runs_cv/segformer_seed42_fold4/best.pth,False
0.0,0.0,0.0,0.0,0.0,0.0,8,633.7612326295955,40.62420934731614,1,1,0,0.0,0,0.0,1,191,etis-larib,segformer,polypseg/runs_cv/segformer_seed42_fold4/best.pth,False
0.0,0.0,0.0,0.0,0.0,0.0,8,254.36165061348024,16.30462769326601,1,1,0,0.0,0,0.0,1,192,etis-larib,segformer,polypseg/runs_cv/segformer_seed42_fold4/best.pth,False
0.0,0.0,0.0,0.0,0.0,0.0,8,570.7010600383652,36.58204090764248,1,2,0,0.0,0,0.0,2,193,etis-larib,segformer,polypseg/runs_cv/segformer_seed42_fold4/best.pth,False
0.0,0.0,0.0,0.0,0.0,0.0,8,789.6943073790252,50.61954757036874,1,1,0,0.0,0,0.0,1,194,etis-larib,segformer,polypseg/runs_cv/segformer_seed42_fold4/best.pth,False
0.0,0.0,0.0,0.0,0.0,0.0,8,189.33196870080633,12.136213350772074,1,0,0,0.0,0,0.0,0,195,etis-larib,segformer,polypseg/runs_cv/segformer_seed42_fold4/best.pth,False
0.0,0.0,0.0,0.0,0.0,0.0,8,759.4469368837874,48.68068566474862,1,1,0,0.0,0,0.0,1,196,etis-larib,segformer,polypseg/runs_cv/segformer_seed42_fold4/best.pth,False
0.8000463302544302,0.6667310167267263,0.6762172040159494,0.9793931373383175,0.5223967839196373,0.3981158989092593,8,40.760245532756336,2.6127390921345155,1,1,1,1.0,1,1.0,0,2,etis-larib,segformer,polypseg/runs_cv/segformer_seed42_fold4/best.pth,False
0.4546807762044241,0.29423097131196496,0.3014696646144571,0.9245501073087636,0.32547978406212213,0.09676038076436601,8,173.41178707898035,11.115726836680818,1,1,1,1.0,0,0.0,0,20,etis-larib,segformer,polypseg/runs_cv/segformer_seed42_fold4/best.pth,False
0.9351135416051591,0.8781345036678416,0.898170913424046,0.9752254985216696,0.7590347606729348,0.3626405163269169,8,37.8549864614954,2.426511461533966,1,1,1,1.0,1,1.0,0,21,etis-larib,segformer,polypseg/runs_cv/segformer_seed42_fold4/best.pth,False
0.4697845367133595,0.3070054825510277,0.3165252032222863,0.9107760623694389,0.35917271287858765,0.10573172728915038,8,182.0,11.666232834302699,1,1,1,1.0,0,0.0,0,22,etis-larib,segformer,polypseg/runs_cv/segformer_seed42_fold4/best.pth,False
0.0,0.0,0.0,0.0,0.0,0.0,8,190.69098723239105,12.22332668382482,1,1,0,0.0,0,0.0,1,23,etis-larib,segformer,polypseg/runs_cv/segformer_seed42_fold4/best.pth,False
0.0,0.0,0.0,0.0,0.0,0.0,8,420.7752369103368,26.97176859727949,1,7,0,0.0,0,0.0,7,24,etis-larib,segformer,polypseg/runs_cv/segformer_seed42_fold4/best.pth,False
0.8325473845193885,0.7131316281960182,0.7772300788673218,0.8963421805761235,0.3044147510993004,0.07477187795343321,8,51.62363799656123,3.309084508910104,1,1,1,1.0,1,1.0,0,25,etis-larib,segformer,polypseg/runs_cv/segformer_seed42_fold4/best.pth,False
0.8316317283868857,0.7117890382616165,0.7217046135399615,0.9810633055710919,0.2860468472759064,0.06831921782456155,8,64.65021165286602,4.144090230380684,1,1,1,1.0,1,1.0,0,26,etis-larib,segformer,polypseg/runs_cv/segformer_seed42_fold4/best.pth,False
0.7975460122691094,0.6632653061213019,0.8602898290617338,0.7433322995798897,0.3938227698074067,0.15153264833579855,8,103.58437626717178,6.639777206202442,1,1,1,1.0,1,1.0,0,27,etis-larib,segformer,polypseg/runs_cv/segformer_seed42_fold4/best.pth,False
0.7787222579722103,0.637629124951735,0.6591214247705278,0.9513492759965055,0.25127345569154785,0.06614504328040983,8,80.91195197078167,5.1864707185112975,1,1,1,1.0,1,1.0,0,28,etis-larib,segformer,polypseg/runs_cv/segformer_seed42_fold4/best.pth,False
0.8488020978179022,0.7373207475526112,0.8296021590959175,0.8689118011899438,0.35920790276223924,0.12439267924232378,8,43.57604458839776,2.793232319594529,1,1,1,1.0,1,1.0,0,29,etis-larib,segformer,polypseg/runs_cv/segformer_seed42_fold4/best.pth,False
0.6884901268838183,0.5249599267201456,0.5427962590236605,0.9410919540133302,0.5250947633645182,0.1888014012964516,8,55.97320787662612,3.5878927229205826,1,1,1,1.0,1,1.0,0,3,etis-larib,segformer,polypseg/runs_cv/segformer_seed42_fold4/best.pth,False
0.6136324417597459,0.4426188698029277,0.4454114437873376,0.9860329458140203,0.23050962480848874,0.09667509141706701,8,251.2928472359602,16.107916843129512,1,1,1,1.0,0,0.0,0,30,etis-larib,segformer,polypseg/runs_cv/segformer_seed42_fold4/best.pth,False
0.2384698372735807,0.13537652792983546,0.9999999999811499,0.13537652792983546,0.13818660503672933,0.013644989412035138,8,158.67860475120298,10.171327191482552,1,2,0,0.0,0,0.0,2,31,etis-larib,segformer,polypseg/runs_cv/segformer_seed42_fold4/best.pth,False
0.5133474520875537,0.34530425606736076,0.36931799860247794,0.8415361442084258,0.27798477767369034,0.07702445721214322,8,325.41173879353,20.85895116362974,1,1,1,1.0,0,0.0,0,32,etis-larib,segformer,polypseg/runs_cv/segformer_seed42_fold4/best.pth,False
0.8965128146606973,0.8124360903974029,0.852372858881071,0.945473993848181,0.4915899940137094,0.17846790465828175,8,151.1424483521437,9.688258206718015,1,1,1,1.0,1,1.0,0,33,etis-larib,segformer,polypseg/runs_cv/segformer_seed42_fold4/best.pth,False
0.8536542387446637,0.7446743099654741,0.7572109336275725,0.9782505910155849,0.6216869012156802,0.2621167314424028,8,191.18995600211292,12.255310671982077,1,1,1,1.0,1,1.0,0,34,etis-larib,segformer,polypseg/runs_cv/segformer_seed42_fold4/best.pth,False
0.9279727831338309,0.8656242757031403,0.9231120237262851,0.9328850033606824,0.6926868850903661,0.25264975838154474,8,29.872790966345416,1.9148512902408785,1,1,1,1.0,1,1.0,0,35,etis-larib,segformer,polypseg/runs_cv/segformer_seed42_fold4/best.pth,False
0.0,0.0,0.0,0.0,0.0,0.0,8,,,1,0,0,0.0,0,0.0,0,36,etis-larib,segformer,polypseg/runs_cv/segformer_seed42_fold4/best.pth,False
0.90093558535995,0.8197295566657135,0.8270816706539463,0.9892722396427598,0.5968847215503187,0.1151916018077814,8,21.164605317452207,1.356655019118233,1,1,1,1.0,1,1.0,0,37,etis-larib,segformer,polypseg/runs_cv/segformer_seed42_fold4/best.pth,False
0.8488979331628977,0.7374653887082536,0.8796747967434976,0.820201828773297,0.5213853036638211,0.05281492972124363,8,37.57118157978276,2.4083195174154417,1,1,1,1.0,1,1.0,0,38,etis-larib,segformer,polypseg/runs_cv/segformer_seed42_fold4/best.pth,False
0.873552873796536,0.7754938988931744,0.7912405513532265,0.9749794539266963,0.5035440386668383,0.09145358743994382,8,33.83266897915169,2.1686801852564495,1,1,1,1.0,1,1.0,0,39,etis-larib,segformer,polypseg/runs_cv/segformer_seed42_fold4/best.pth,False
0.802181818178577,0.6697024893701025,0.6770563361023253,0.9840404440822359,0.5080962546608951,0.41061941932978907,8,35.70984763580987,2.2890076758067677,1,1,1,1.0,1,1.0,0,4,etis-larib,segformer,polypseg/runs_cv/segformer_seed42_fold4/best.pth,False
0.9185036813654419,0.8492896975600414,0.8699885333037215,0.9727493123199852,0.5495961900452603,0.15816556180703317,8,21.470910553583888,1.3762892400142674,1,1,1,1.0,1,1.0,0,40,etis-larib,segformer,polypseg/runs_cv/segformer_seed42_fold4/best.pth,False
0.9327948579383096,0.8740539388109404,0.8750333493394606,0.9987210718615536,0.5719860532995032,0.09840066289725959,8,17.030802621722263,1.0916775205498062,1,1,1,1.0,1,1.0,0,41,etis-larib,segformer,polypseg/runs_cv/segformer_seed42_fold4/best.pth,False
0.9239037190267854,0.8585697538060559,0.9094024735463696,0.9388749294859808,0.7527093636785391,0.23768463502118217,8,14.317821063276353,0.9177749132091504,1,1,1,1.0,1,1.0,0,42,etis-larib,segformer,polypseg/runs_cv/segformer_seed42_fold4/best.pth,False
0.8063256904563035,0.6754989062004157,0.8119398980402308,0.8007885892709509,0.3945077999594801,0.15640396986119184,8,589.3054854650824,37.774587933887005,3,1,2,0.6666666666666666,0,0.0,0,43,etis-larib,segformer,polypseg/runs_cv/segformer_seed42_fold4/best.pth,False
0.8216667735515762,0.6973127423624773,0.8647722862479713,0.7826545104674903,0.25479993789509586,0.09971594953839402,8,622.3924372876421,39.89546751487238,3,1,2,0.6666666666666666,0,0.0,0,44,etis-larib,segformer,polypseg/runs_cv/segformer_seed42_fold4/best.pth,False
0.8007976877590062,0.6677753032868373,0.8435654926042615,0.762157190634177,0.39415951628652823,0.10991670112058147,8,635.7578155109852,40.75219067021326,3,1,2,0.6666666666666666,0,0.0,0,45,etis-larib,segformer,polypseg/runs_cv/segformer_seed42_fold4/best.pth,False
0.6403175231520628,0.4709316579827292,0.8420461395121869,0.5165644171770458,0.25870974036148053,0.09030322289839166,8,687.0307214429895,44.0387931905103,3,1,2,0.6666666666666666,0,0.0,0,46,etis-larib,segformer,polypseg/runs_cv/segformer_seed42_fold4/best.pth,False
0.2683779039043678,0.1549864167877574,0.9951965617368829,0.15510244286809474,0.07497906370054717,0.049224708314730845,8,759.2547567628536,48.66836688432589,3,1,1,0.3333333333333333,0,0.0,0,47,etis-larib,segformer,polypseg/runs_cv/segformer_seed42_fold4/best.pth,False
0.8100988423051038,0.6808118784205957,0.830907315257048,0.7903071229512255,0.31364371551599024,0.08907711926021135,8,623.9513602704119,39.9953947593105,3,1,2,0.6666666666666666,0,0.0,0,48,etis-larib,segformer,polypseg/runs_cv/segformer_seed42_fold4/best.pth,False
0.9328729281749548,0.8741910432274169,0.8829087921084525,0.9888312557475578,0.7045247056076762,0.19710805816518798,8,12.727922061357855,0.8158621003552676,1,1,1,1.0,1,1.0,0,49,etis-larib,segformer,polypseg/runs_cv/segformer_seed42_fold4/best.pth,False
0.5100561639091649,0.3423324769391301,0.3518005540150978,0.9271130375165151,0.3761343385974505,0.1613432447693878,8,341.32021064511497,21.87868707933601,1,2,1,1.0,1,1.0,1,5,etis-larib,segformer,polypseg/runs_cv/segformer_seed42_fold4/best.pth,False
0.9071012251677033,0.8299956464924176,0.8403614457800457,0.985356189159336,0.580796202940842,0.23770361211563062,8,17.46424919657298,1.119461524195078,1,1,1,1.0,1,1.0,0,50,etis-larib,segformer,polypseg/runs_cv/segformer_seed42_fold4/best.pth,False
0.9129122965437636,0.8397779623863765,0.8692202462346327,0.9612292531078784,0.6895085829379068,0.27994388940893694,8,21.802335189403763,1.397533618962062,1,1,1,1.0,1,1.0,0,51,etis-larib,segformer,polypseg/runs_cv/segformer_seed42_fold4/best.pth,False
0.9723695098133346,0.9462248532901228,0.9596203093962582,0.9854620349119232,0.7594053698994783,0.24436512829181542,8,14.866068747318506,0.9529176886646612,1,1,1,1.0,1,1.0,0,52,etis-larib,segformer,polypseg/runs_cv/segformer_seed42_fold4/best.pth,False
0.13839205980648042,0.07434006743229413,0.07488058314075555,0.9114945104087889,0.13410977142092467,0.029286509465034923,8,419.16852116217024,26.868777827957228,1,1,0,0.0,0,0.0,1,53,etis-larib,segformer,polypseg/runs_cv/segformer_seed42_fold4/best.pth,False
0.5827157822603583,0.4111495598177926,0.42033660224118735,0.9495240333708453,0.32052996817403967,0.08455303038355054,8,231.68350109155165,14.850954217584972,1,1,1,1.0,0,0.0,0,54,etis-larib,segformer,polypseg/runs_cv/segformer_seed42_fold4/best.pth,False
0.9501068050027652,0.9049556750439436,0.9261545326060602,0.9753308794699063,0.9236169828575181,0.2944732411332508,8,8.54400374531753,0.5476721814836737,1,1,1,1.0,1,1.0,0,55,etis-larib,segformer,polypseg/runs_cv/segformer_seed42_fold4/best.pth,False
0.9109725035580695,0.836500920807232,0.8879809196086644,0.9351863290058259,0.6485815967194034,0.3278530928926864,8,23.769728648009426,1.523643894592709,1,1,1,1.0,1,1.0,0,56,etis-larib,segformer,polypseg/runs_cv/segformer_seed42_fold4/best.pth,False
0.0,0.0,0.0,0.0,0.0,0.0,8,723.4094276410307,46.3706748208237,1,1,0,0.0,0,0.0,1,57,etis-larib,segformer,polypseg/runs_cv/segformer_seed42_fold4/best.pth,False
0.10853825069495865,0.057383264945663134,0.05941701624173452,0.6263748724274137,0.2374576045582098,0.11810656096993508,8,694.8905666639198,44.5426106871529,1,2,1,1.0,1,1.0,1,58,etis-larib,segformer,polypseg/runs_cv/segformer_seed42_fold4/best.pth,False
0.03596602557837359,0.018312323537562507,0.38860759492031194,0.018855563517209836,0.0,0.0,8,295.513331561687,18.94245786614908,1,2,0,0.0,0,0.0,2,59,etis-larib,segformer,polypseg/runs_cv/segformer_seed42_fold4/best.pth,False
0.5865092455925384,0.4149367399565371,0.4161465177381071,0.9930426261539143,0.3887412388602248,0.14589161921191635,8,134.94857194043567,8.650227807218519,1,1,1,1.0,0,0.0,0,6,etis-larib,segformer,polypseg/runs_cv/segformer_seed42_fold4/best.pth,False
0.0,0.0,0.0,0.0,0.0,0.0,8,817.5118959319617,52.40266001513463,1,2,0,0.0,0,0.0,2,60,etis-larib,segformer,polypseg/runs_cv/segformer_seed42_fold4/best.pth,False
0.0051355030317950506,0.0025743618374079987,0.019215186942710783,0.002963809387771673,0.08343001056750891,0.022861126926384288,8,382.25539045862604,24.502639490426493,1,1,0,0.0,0,0.0,1,61,etis-larib,segformer,polypseg/runs_cv/segformer_seed42_fold4/best.pth,False
0.8655838210929963,0.7630214000711588,0.8792501724083525,0.8523358048684163,0.43737383114417683,0.2439798073025507,8,76.98275449788174,4.934608451638746,1,2,1,1.0,1,1.0,1,62,etis-larib,segformer,polypseg/runs_cv/segformer_seed42_fold4/best.pth,False
0.9757392077168753,0.9526277048464458,0.9626464242431442,0.9891930471046532,0.7906489215750149,0.4046525515587987,8,47.95041840271712,3.073630470265554,1,1,1,1.0,1,1.0,0,63,etis-larib,segformer,polypseg/runs_cv/segformer_seed42_fold4/best.pth,False
0.9809364431703522,0.9625861278192396,0.9926175591187862,0.9695270560869057,0.8124939264271187,0.38233470285565524,8,14.212670403551895,0.9110347369507653,1,1,1,1.0,1,1.0,0,64,etis-larib,segformer,polypseg/runs_cv/segformer_seed42_fold4/best.pth,False
0.955838617360467,0.9154127257074045,0.9918712442330277,0.922332199863719,0.7350522847028459,0.5316959649274995,8,19.79898987322333,1.2691188227748607,1,1,1,1.0,1,1.0,0,65,etis-larib,segformer,polypseg/runs_cv/segformer_seed42_fold4/best.pth,False
0.977250415528383,0.9555128942274367,0.9861117241171548,0.9685469459706044,0.7888700680722381,0.24150248059612883,8,15.524174696260024,0.9951023987195594,1,1,1,1.0,1,1.0,0,66,etis-larib,segformer,polypseg/runs_cv/segformer_seed42_fold4/best.pth,False
0.9618988431004853,0.9265945199149744,0.9863718809721399,0.9386108130779992,0.7931667903964057,0.5031249500078175,8,15.70639937887616,1.006783033750091,1,1,1,1.0,1,1.0,0,67,etis-larib,segformer,polypseg/runs_cv/segformer_seed42_fold4/best.pth,False
0.9457956380200779,0.8971653619832879,0.9937526927994735,0.902254168495906,0.8809222314216989,0.4343205875072346,8,15.102683820047131,0.9680847575138789,1,1,1,1.0,1,1.0,0,68,etis-larib,segformer,polypseg/runs_cv/segformer_seed42_fold4/best.pth,False
0.3707118353305026,0.22752993814676234,0.41117717002589355,0.3374975600168359,0.19377724334409502,0.0517534407450344,8,56.43015265314527,3.6171829655320704,1,1,0,0.0,0,0.0,1,69,etis-larib,segformer,polypseg/runs_cv/segformer_seed42_fold4/best.pth,False
0.813952455006381,0.6862730406062769,0.7189732318021903,0.9378455867198664,0.45483198652918766,0.15739659647496512,8,156.39126901954808,10.02470855842922,1,1,1,1.0,1,1.0,0,7,etis-larib,segformer,polypseg/runs_cv/segformer_seed42_fold4/best.pth,False
0.06751129357396737,0.034934896824739305,0.03519754507090879,0.8239942528439658,0.12601171064635197,0.013098312563547685,8,363.7095505346393,23.313847805476293,1,3,1,1.0,0,0.0,2,70,etis-larib,segformer,polypseg/runs_cv/segformer_seed42_fold4/best.pth,False
0.5010827482085367,0.3342964714093836,0.5190320826465602,0.48433337561227535,0.19769903886275567,0.05106067911472361,8,297.67952494797413,19.081311253009257,1,4,1,1.0,0,0.0,3,71,etis-larib,segformer,polypseg/runs_cv/segformer_seed42_fold4/best.pth,False
0.289314901089977,0.16912224305590567,0.2627635960007941,0.32183517416615404,0.1015227963134536,0.02968402946490439,8,192.72972947997857,12.354010429701113,1,1,0,0.0,0,0.0,1,72,etis-larib,segformer,polypseg/runs_cv/segformer_seed42_fold4/best.pth,False
0.1244816651755245,0.06637187323853828,0.0730369239572892,0.4210671066990906,0.09566069341169842,0.018032882224724697,8,279.87997230947093,17.940356717694943,1,3,1,1.0,0,0.0,2,73,etis-larib,segformer,polypseg/runs_cv/segformer_seed42_fold4/best.pth,False
0.57436167411973,0.40288035450021076,0.718078104416014,0.47857873957481245,0.29189777358754215,0.08505462824715863,8,89.02611834160831,5.706590246743893,1,2,1,1.0,0,0.0,1,74,etis-larib,segformer,polypseg/runs_cv/segformer_seed42_fold4/best.pth,False
0.8031080893538545,0.6709946672797666,0.6758524054127677,0.989401709390434,0.43946219459324026,0.07983188305913695,8,22.512175535244957,1.4430345131915419,1,1,1,1.0,1,1.0,0,75,etis-larib,segformer,polypseg/runs_cv/segformer_seed42_fold4/best.pth,False
0.7620368230432013,0.615556938386863,0.6433402705431408,0.9344417154556123,0.5865154702175279,0.1956173416127802,8,28.951608782763266,1.855803346084391,1,1,1,1.0,1,1.0,0,76,etis-larib,segformer,polypseg/runs_cv/segformer_seed42_fold4/best.pth,False
0.27548327270035133,0.15974520185241667,0.16340173471477298,0.8771292300504854,0.24998508482502194,0.06768758784310755,8,265.4567613454066,17.015826292832077,1,3,1,1.0,1,1.0,2,77,etis-larib,segformer,polypseg/runs_cv/segformer_seed42_fold4/best.pth,False
0.2187008080573124,0.1227760103673527,0.15862383924252363,0.3520270270151342,0.11407350234647481,0.028555696057018062,8,148.2481006965723,9.502729999831672,1,2,1,1.0,0,0.0,1,78,etis-larib,segformer,polypseg/runs_cv/segformer_seed42_fold4/best.pth,False
0.1665150688244102,0.09081889138714896,0.10684824902640584,0.37709420487840994,0.17556324306630916,0.038519111986439765,8,152.7470129859568,9.791111089222142,1,2,1,1.0,0,0.0,1,79,etis-larib,segformer,polypseg/runs_cv/segformer_seed42_fold4/best.pth,False
0.7376924670277646,0.5843999562379149,0.5843999562379149,0.9999999999906402,0.2721979682292073,0.0,8,372.29021488625364,23.86386993843747,1,2,1,1.0,1,1.0,1,8,etis-larib,segformer,polypseg/runs_cv/segformer_seed42_fold4/best.pth,False
0.8596673596639226,0.753874202364814,0.8118251151490461,0.9135015719184849,0.5992693042128795,0.08669400562055657,8,17.276701821697916,1.1074397036304915,1,1,1,1.0,1,1.0,0,80,etis-larib,segformer,polypseg/runs_cv/segformer_seed42_fold4/best.pth,False
0.9683573777118869,0.9386558453392863,0.950232635426175,0.9871869875025298,0.778410935919591,0.24126321905432346,8,11.180339887498949,0.7166618038143098,1,1,1,1.0,1,1.0,0,81,etis-larib,segformer,polypseg/runs_cv/segformer_seed42_fold4/best.pth,False
0.9377176123214706,0.8827385478645863,0.899292106315215,0.9795734279949382,0.6951091373521847,0.2831386189723494,8,16.401219466856727,1.051321126740926,1,1,1,1.0,1,1.0,0,82,etis-larib,segformer,polypseg/runs_cv/segformer_seed42_fold4/best.pth,False
0.9706311259855542,0.9429380958452536,0.9497982338137321,0.9923984112422947,0.824423335543345,0.435636039118509,8,16.461743844415857,1.0552007502615637,1,1,1,1.0,1,1.0,0,83,etis-larib,segformer,polypseg/runs_cv/segformer_seed42_fold4/best.pth,False
0.9692243646364651,0.9402864516628181,0.9435114805616792,0.9963779839869353,0.7754210752519349,0.3837353306228173,8,14.713430366476752,0.9431335409154806,1,1,1,1.0,1,1.0,0,84,etis-larib,segformer,polypseg/runs_cv/segformer_seed42_fold4/best.pth,False
0.9622365800889917,0.9272215243157316,0.9349136311109851,0.9912046396986686,0.8209998725666778,0.41822546990804293,8,21.93171219946131,1.4058267086474316,1,1,1,1.0,1,1.0,0,85,etis-larib,segformer,polypseg/runs_cv/segformer_seed42_fold4/best.pth,False
0.9529517699350654,0.9101316850284598,0.934286029571468,0.9723785459946813,0.7815928231238888,0.40721128253141814,8,16.790577574215973,1.076279051666071,1,1,1,1.0,1,1.0,0,86,etis-larib,segformer,polypseg/runs_cv/segformer_seed42_fold4/best.pth,False
0.8749232830240182,0.7776565542798414,0.9609608303601506,0.8030260814779064,0.5437577970417916,0.1950820097956751,8,63.74314876520396,4.085947335639911,1,2,1,1.0,1,1.0,1,87,etis-larib,segformer,polypseg/runs_cv/segformer_seed42_fold4/best.pth,False
0.7999926454357579,0.6666564520567115,0.9357995483365183,0.6986079221581243,0.477293256764206,0.10945309874553376,8,84.12725701894415,5.3925723521660895,1,1,1,1.0,1,1.0,0,88,etis-larib,segformer,polypseg/runs_cv/segformer_seed42_fold4/best.pth,False
0.6224276246893754,0.4518293454810504,0.47271523178181835,0.9109239407628656,0.3734528791370512,0.08701300356303823,8,42.720018726587654,2.738360907418368,1,1,1,1.0,0,0.0,0,89,etis-larib,segformer,polypseg/runs_cv/segformer_seed42_fold4/best.pth,False
0.701633970185414,0.5403976645057567,0.5403976645057567,0.9999999999853993,0.2412502705927111,0.010460202590340185,8,35.01356866002204,2.2443760678442914,1,1,1,1.0,1,1.0,0,9,etis-larib,segformer,polypseg/runs_cv/segformer_seed42_fold4/best.pth,False
0.07825749452337116,0.04072215413893955,0.04072215413893955,0.9999999999831877,0.0,0.0,8,502.5268953543692,32.21206465221614,1,3,0,0.0,0,0.0,3,90,etis-larib,segformer,polypseg/runs_cv/segformer_seed42_fold4/best.pth,False
0.8229538542900209,0.6991687261280871,0.8299650328915575,0.8160601381066751,0.5025296280216478,0.12390761200061867,8,81.54959828626669,5.227343962370546,1,2,1,1.0,1,1.0,1,91,etis-larib,segformer,polypseg/runs_cv/segformer_seed42_fold4/best.pth,False
0.838238398850317,0.7215235879898196,0.9901905363582276,0.7267180788736658,0.5774327479120505,0.21910690766675453,8,61.0,3.9101110049036514,1,1,1,1.0,1,1.0,0,92,etis-larib,segformer,polypseg/runs_cv/segformer_seed42_fold4/best.pth,False
0.7967182547052145,0.6621211182008174,0.6992210512489414,0.9258103657399391,0.40395081311909653,0.07614531845936479,8,33.18937449663049,2.1274448928712046,1,1,1,1.0,1,1.0,0,93,etis-larib,segformer,polypseg/runs_cv/segformer_seed42_fold4/best.pth,False
0.7269880231887639,0.5710771276557773,0.5742845680624881,0.9903147699643685,0.47688011984629786,0.21155362067740308,8,56.18715328342174,3.6016066620936997,1,1,1,1.0,1,1.0,0,94,etis-larib,segformer,polypseg/runs_cv/segformer_seed42_fold4/best.pth,False
0.7079255833922576,0.5478984602534507,0.5484005331510463,0.9983318167880144,0.33752945490823355,0.1258426477626752,8,41.14608122288197,2.637471229479513,1,1,1,1.0,1,1.0,0,95,etis-larib,segformer,polypseg/runs_cv/segformer_seed42_fold4/best.pth,False
0.7760367418561661,0.634035978361836,0.6592839109403341,0.9430400525124255,0.49277048823378344,0.16064252150773242,8,26.92582403567252,1.72595017832758,1,1,1,1.0,1,1.0,0,96,etis-larib,segformer,polypseg/runs_cv/segformer_seed42_fold4/best.pth,False
0.735295525241755,0.5813971089034935,0.5822784810082446,0.9974032718644845,0.28907879765091743,0.1530723389982606,8,32.687113580420295,2.0952498775301147,1,1,1,1.0,1,1.0,0,97,etis-larib,segformer,polypseg/runs_cv/segformer_seed42_fold4/best.pth,False
0.7563005417258526,0.6081055488882766,0.6150555484573167,0.981757032195457,0.4115339756490205,0.05612239898484254,8,42.058887209307734,2.695982257887141,1,1,1,1.0,1,1.0,0,98,etis-larib,segformer,polypseg/runs_cv/segformer_seed42_fold4/best.pth,False
0.5841152484012472,0.41254434567622167,0.42356094865779215,0.9406926013409348,0.2609437010793806,0.13620466133366002,8,431.73348083462076,27.67419400978378,1,6,1,1.0,1,1.0,5,99,etis-larib,segformer,polypseg/runs_cv/segformer_seed42_fold4/best.pth,False
