dice,iou,precision,recall,boundary_f1,boundary_f1_2px,tolerance_px,hd95,hd95_pct_diag,n_lesions,n_pred_components,detected_iou025,det_rate_iou025,detected_iou05,det_rate_iou05,n_false_positives,name,dataset,model,checkpoint,tta
0.8178667499519384,0.6918566497632028,0.7002928706060997,0.982885855252606,0.5201298788586276,0.24471624766112246,8,228.50686349062607,14.417031932118725,2,1,2,1.0,0,0.0,0,cju0sr5ghl0nd08789uzf1raf,kvasir-seg,unet_pvt,polypseg/runs_cv/unet_pvt_seed42_fold4/best.pth,True
0.8452644526237327,0.7319982956654454,0.737339055762346,0.9902017290495561,0.5116652760164936,0.3824636403678317,4,7.0710678118654755,0.865987517659282,1,1,1,1.0,1,1.0,0,cju0tl3uz8blh0993wxvn7ly3,kvasir-seg,unet_pvt,polypseg/runs_cv/unet_pvt_seed42_fold4/best.pth,True
0.9897074239964263,0.979624563719377,0.9922711878791499,0.9871568741342115,0.9510208004033369,0.7288244295183433,4,4.123105625617661,0.5097558522799398,1,1,1,1.0,1,1.0,0,cju0u2g7pmnux0801vkk47ivj,kvasir-seg,unet_pvt,polypseg/runs_cv/unet_pvt_seed42_fold4/best.pth,True
0.8615536951982107,0.7567802640882677,0.929855241417178,0.8025995807060579,0.4599704878455548,0.3327791658494812,4,23.27640461575103,2.799949281767039,1,1,1,1.0,1,1.0,0,cju15l5ubz9yh0855b3ivdpse,kvasir-seg,unet_pvt,polypseg/runs_cv/unet_pvt_seed42_fold4/best.pth,True
0.9599643767924545,0.9230110540174138,0.9269074421440986,0.995466375610818,0.907305163600055,0.5453312860503766,4,4.47213595499958,0.6248407591212464,1,1,1,1.0,1,1.0,0,cju16d65tzw9d0799ouslsw25,kvasir-seg,unet_pvt,polypseg/runs_cv/unet_pvt_seed42_fold4/best.pth,True
0.9596853207294108,0.9224952217364547,0.9540220006847885,0.9654162801456243,0.6665902219073656,0.5889076074420001,4,13.956895175625572,1.8117573956685102,1,1,1,1.0,1,1.0,0,cju16jgnyzp970878melv7r25,kvasir-seg,unet_pvt,polypseg/runs_cv/unet_pvt_seed42_fold4/best.pth,True
0.9083845984161488,0.83214710702886,0.8448273897028244,0.9822827080808048,0.41765202679490665,0.22699143956755305,4,134.26708088035912,16.472008754336805,1,3,1,1.0,1,1.0,2,cju175facms5f0993a5tjikvt,kvasir-seg,unet_pvt,polypseg/runs_cv/unet_pvt_seed42_fold4/best.pth,True
0.9550112289121481,0.9138961636094562,0.9676149352278223,0.9427316409211137,0.6343396614031401,0.5092075022824464,4,12.0,1.490706233829496,2,2,2,1.0,2,1.0,0,cju183od81ff608017ekzif89,kvasir-seg,unet_pvt,polypseg/runs_cv/unet_pvt_seed42_fold4/best.pth,True
0.9248649048765177,0.8602313412253503,0.8957877755838115,0.9558930415785322,0.5357818557393818,0.4346750878405494,4,19.924858845171276,2.3986850351502778,1,1,1,1.0,1,1.0,0,cju18gzrq18zw0878wbf4ftw6,kvasir-seg,unet_pvt,polypseg/runs_cv/unet_pvt_seed42_fold4/best.pth,True
0.9541749682970828,0.9123657776132967,0.9595628415184023,0.9488472622364451,0.853314962043902,0.672581473874948,4,7.280109889280518,0.8789141180241944,1,1,1,1.0,1,1.0,0,cju1amqw6p8pw0993d9gc5crl,kvasir-seg,unet_pvt,polypseg/runs_cv/unet_pvt_seed42_fold4/best.pth,True
0.9642082325834448,0.9308900330308164,0.9454940770712522,0.9836781654004725,0.5162312459678638,0.3937505705306146,4,11.0,1.3469705287091007,1,1,1,1.0,1,1.0,0,cju1ats0y372e08011yazcsxm,kvasir-seg,unet_pvt,polypseg/runs_cv/unet_pvt_seed42_fold4/best.pth,True
0.9266303392479288,0.8632909733992972,0.8940370395434907,0.9616900175061172,0.6947449725520266,0.3810739734293457,4,296.23368328844975,36.517388514290616,1,2,1,1.0,1,1.0,1,cju1cbokpuiw70988j4lq1fpi,kvasir-seg,unet_pvt,polypseg/runs_cv/unet_pvt_seed42_fold4/best.pth,True
0.9764089121876255,0.9539052496777917,0.9646165866704663,0.9884931256125443,0.8822329209101213,0.7085854226325721,4,13.601470508735444,1.6583953170166488,1,1,1,1.0,1,1.0,0,cju1csmlc4ht10799b8ymmghg,kvasir-seg,unet_pvt,polypseg/runs_cv/unet_pvt_seed42_fold4/best.pth,True
0.9631744637200265,0.9289648354686557,0.9809126155608342,0.9460664461315542,0.8030865862743573,0.6801769823877378,4,7.211102550927978,0.881736724080205,1,1,1,1.0,1,1.0,0,cju1cvkfwqrec0993wbp1jlzm,kvasir-seg,unet_pvt,polypseg/runs_cv/unet_pvt_seed42_fold4/best.pth,True
0.9537472955024311,0.9115840670256039,0.9123614269463186,0.999066202360758,0.7128201271679221,0.237998597789848,9,27.962427976686932,1.624733211827653,1,1,1,1.0,1,1.0,0,cju1dfeupuzlw0835gnxip369,kvasir-seg,unet_pvt,polypseg/runs_cv/unet_pvt_seed42_fold4/best.pth,True
0.7715565509410477,0.6280765724560603,0.6506137865757645,0.947730398866997,0.4473094743838531,0.1764022713561566,4,11.079105734765182,1.3566571735618806,1,1,1,1.0,1,1.0,0,cju1dg44i4z3w0801nyz4p6zf,kvasir-seg,unet_pvt,polypseg/runs_cv/unet_pvt_seed42_fold4/best.pth,True
0.9719206289753117,0.9453750910365967,0.9682954121544823,0.9755730928170098,0.9280400512413349,0.6940109472166884,4,8.749202059924611,1.104101567369005,1,1,1,1.0,1,1.0,0,cju1djtprvd7b0988thwwrg09,kvasir-seg,unet_pvt,polypseg/runs_cv/unet_pvt_seed42_fold4/best.pth,True
0.8589240250294836,0.7527316706950007,0.8162536179413158,0.9063017825713969,0.4931417931111288,0.35850970347143857,4,41.07786393923678,4.936836763292989,1,1,1,1.0,1,1.0,0,cju1dnz61vfp40988e78bkjga,kvasir-seg,unet_pvt,polypseg/runs_cv/unet_pvt_seed42_fold4/best.pth,True
0.9790406444511475,0.9589418414456174,0.9826242907094856,0.975483042434839,0.8916970000570894,0.7305380679556713,4,7.330459371768019,0.91355803763008,1,1,1,1.0,1,1.0,0,cju1dq3x1vgx109889c7wyirg,kvasir-seg,unet_pvt,polypseg/runs_cv/unet_pvt_seed42_fold4/best.pth,True
0.9670563641985066,0.936214068881055,0.9482434663763817,0.9866308576374205,0.7524090881186221,0.636152250367432,4,14.099494936611672,1.7068430706967967,1,1,1,1.0,1,1.0,0,cju1ejj7dvqfa0835ra184v5m,kvasir-seg,unet_pvt,polypseg/runs_cv/unet_pvt_seed42_fold4/best.pth,True
0.9555133994149798,0.9148163307023697,0.9794588080577373,0.9327108653647034,0.7436477336765743,0.3989742007310415,4,8.06225774829855,0.985811626650657,1,1,1,1.0,1,1.0,0,cju1euant5l960878iqj5vvto,kvasir-seg,unet_pvt,polypseg/runs_cv/unet_pvt_seed42_fold4/best.pth,True
0.9747510047135473,0.9507456327145227,0.9680694143083031,0.9815254684527005,0.9929218002652591,0.743424498353371,4,3.1622776601683795,0.4062892818197698,1,1,1,1.0,1,1.0,0,cju1euuc65wm00799m4sjdnnn,kvasir-seg,unet_pvt,polypseg/runs_cv/unet_pvt_seed42_fold4/best.pth,True
0.9203305598950876,0.8524188290498046,0.8571578422865833,0.9935558392577252,0.599263143485731,0.46902239257299194,4,20.916408773772986,2.684812015677879,1,1,1,1.0,1,1.0,0,cju1f320ewfyu0988ndz6blh5,kvasir-seg,unet_pvt,polypseg/runs_cv/unet_pvt_seed42_fold4/best.pth,True
0.9073811670628961,0.8304645130669545,0.8322306237988604,0.9974511469556089,0.7916946534515632,0.2829866835992513,4,5.0,0.6122593312314094,1,1,1,1.0,1,1.0,0,cju1f79yhsb5w0993txub59ol,kvasir-seg,unet_pvt,polypseg/runs_cv/unet_pvt_seed42_fold4/best.pth,True
0.8540278569679669,0.745243121450025,0.764601214913866,0.9671435555423645,0.4978031710777534,0.265850691431623,4,172.7162403113309,20.776263387429115,1,1,1,1.0,1,1.0,0,cju1fb9236a110801yvg0fwju,kvasir-seg,unet_pvt,polypseg/runs_cv/unet_pvt_seed42_fold4/best.pth,True
0.9628392431704108,0.928341375076352,0.9338003374154211,0.993742194003703,0.7116472464461887,0.5104888948651716,4,47.07440918375928,5.926187122598792,1,1,1,1.0,1,1.0,0,cju1fj6axwfp30835ukhuzhw9,kvasir-seg,unet_pvt,polypseg/runs_cv/unet_pvt_seed42_fold4/best.pth,True
0.727614611266437,0.5718508069246614,0.5789974835057828,0.9788714174807288,0.4485576785267017,0.34111023112093136,4,118.37482187719525,14.495217855433754,1,1,1,1.0,1,1.0,0,cju1gkndf6yi10801o1qnje19,kvasir-seg,unet_pvt,polypseg/runs_cv/unet_pvt_seed42_fold4/best.pth,True
0.9635009171528338,0.9295723779187404,0.9335509611829267,0.9954362623685378,0.9085510236267289,0.5380802574749576,4,4.47213595499958,0.5713464899921705,1,1,1,1.0,1,1.0,0,cju2hewssldzx0835ep795xu0,kvasir-seg,unet_pvt,polypseg/runs_cv/unet_pvt_seed42_fold4/best.pth,True
0.9707690206244926,0.9431984074298978,0.978768333828405,0.9628994016010773,0.8858177356621195,0.6542611785651534,4,21.51189802081432,2.634543418735782,1,1,1,1.0,1,1.0,0,cju2hos57llxm08359g92p6jj,kvasir-seg,unet_pvt,polypseg/runs_cv/unet_pvt_seed42_fold4/best.pth,True
0.9772051082521038,0.9554262698576036,0.959548743762327,0.995523432033892,0.8020025821229516,0.4216210205022634,4,8.0,0.9798882559340075,1,1,1,1.0,1,1.0,0,cju2hw5gjlr5h0988so2qqres,kvasir-seg,unet_pvt,polypseg/runs_cv/unet_pvt_seed42_fold4/best.pth,True
0.9891036942361275,0.9784422878949215,0.9868951612893277,0.9913221341261973,0.9672566921188464,0.7739203274029014,4,4.0,0.5001700085444223,1,1,1,1.0,1,1.0,0,cju2i3hzclw3o0988rrgh911i,kvasir-seg,unet_pvt,polypseg/runs_cv/unet_pvt_seed42_fold4/best.pth,True
0.9835302087292185,0.9675941352862221,0.9803549197084249,0.986726133586096,0.928619859841016,0.7618864793923433,4,5.0,0.603573839099262,1,1,1,1.0,1,1.0,0,cju2i6acqvo6l0799u20fift8,kvasir-seg,unet_pvt,polypseg/runs_cv/unet_pvt_seed42_fold4/best.pth,True
0.8521501767556,0.7423882109830323,0.7506997279901024,0.9853055311171661,0.46848708841083603,0.2860754504667105,4,100.65166129955671,12.736350153603526,1,2,1,1.0,1,1.0,1,cju2mh8t6p07008350e01tx2a,kvasir-seg,unet_pvt,polypseg/runs_cv/unet_pvt_seed42_fold4/best.pth,True
0.9782001466832417,0.9573304825871798,0.9828164685930738,0.9736269880685461,0.9250205646294208,0.7022277549240517,4,5.385164807134504,0.6702353482398133,1,1,1,1.0,1,1.0,0,cju2np2k9zi3v079992ypxqkn,kvasir-seg,unet_pvt,polypseg/runs_cv/unet_pvt_seed42_fold4/best.pth,True
0.9603370216923101,0.9237003160923335,0.9273018820137947,0.9958128659192739,0.7491816202358581,0.5312959641784021,4,38.44601133059314,4.837526453653683,1,1,1,1.0,1,1.0,0,cju2osuru0ki00855txo0n3uu,kvasir-seg,unet_pvt,polypseg/runs_cv/unet_pvt_seed42_fold4/best.pth,True
0.9760225669935836,0.953168044072967,0.9683265958821539,0.9838418487047127,0.900723044375105,0.7501668020578477,4,6.4031242374328485,0.8211820060375441,1,1,1,1.0,1,1.0,0,cju2otvvv0l7z0855x7we8cb0,kvasir-seg,unet_pvt,polypseg/runs_cv/unet_pvt_seed42_fold4/best.pth,True
0.8150056497165932,0.6877717598583267,0.6904183019035313,0.994457465873447,0.6175104868832545,0.49725913727506343,4,94.87070144741938,11.627953105272722,1,1,1,1.0,1,1.0,0,cju2p0eveqtdc0835gpi3p93i,kvasir-seg,unet_pvt,polypseg/runs_cv/unet_pvt_seed42_fold4/best.pth,True
0.6402861969578847,0.47089776946101414,0.4731245961332517,0.9901038785359265,0.5762553073739253,0.5464603879577965,4,125.27193524106082,16.09493222001045,1,1,1,1.0,0,0.0,0,cju2pag1f0s4r0878h52uq83s,kvasir-seg,unet_pvt,polypseg/runs_cv/unet_pvt_seed42_fold4/best.pth,True
0.9789986021506998,0.9588611770884176,0.9722361598897065,0.9858557764025987,0.8707330005314,0.7896626420271521,4,7.800525847404503,0.9553236080830004,1,1,1,1.0,1,1.0,0,cju2pjb9v0ywn0878j5g5n69j,kvasir-seg,unet_pvt,polypseg/runs_cv/unet_pvt_seed42_fold4/best.pth,True
0.9787683284443126,0.9584194808150746,0.9622603430850158,0.9958526033089785,0.9260548004377321,0.6038589315549061,4,4.242640687119285,0.5191803512793305,1,1,1,1.0,1,1.0,0,cju2pmhtr17a00855cvpelzb0,kvasir-seg,unet_pvt,polypseg/runs_cv/unet_pvt_seed42_fold4/best.pth,True
0.96214077233812,0.9270436169900028,0.9708872589250633,0.9535504686647747,0.8469921183873793,0.6168781618519359,4,27.0,3.250436876482714,1,1,1,1.0,1,1.0,0,cju2qozsk20cq0855ugrg3cri,kvasir-seg,unet_pvt,polypseg/runs_cv/unet_pvt_seed42_fold4/best.pth,True
0.9330753671538732,0.8745466534639871,0.8846089711374919,0.9871604019168746,0.7800859423232556,0.5630251600981613,4,6.6698390712831,0.8174976547799657,1,1,1,1.0,1,1.0,0,cju2qs32r1vys07999conmbvx,kvasir-seg,unet_pvt,polypseg/runs_cv/unet_pvt_seed42_fold4/best.pth,True
0.8855300067999375,0.7945750107252757,0.9419816439088728,0.8354619456243129,0.5554315132446168,0.41882396897306984,4,105.77205531494685,13.139781154185323,1,2,1,1.0,1,1.0,1,cju2qvuj1s9ok0835tp2k4ozh,kvasir-seg,unet_pvt,polypseg/runs_cv/unet_pvt_seed42_fold4/best.pth,True
0.9777326370861684,0.9564353441738344,0.9843288060973518,0.9712242838948738,0.8248379061602015,0.5751742225521945,4,5.830951894845301,0.7146783375470298,1,1,1,1.0,1,1.0,0,cju2r11x7sdgx0988o8ule0wl,kvasir-seg,unet_pvt,polypseg/runs_cv/unet_pvt_seed42_fold4/best.pth,True
0.8620512937836917,0.7575484633661753,0.971724632373299,0.7746236806720195,0.33325394796201446,0.18131828122168972,4,156.0512715193562,19.20340527853228,1,1,1,1.0,1,1.0,0,cju2ricdv2iys0878sv1adh0u,kvasir-seg,unet_pvt,polypseg/runs_cv/unet_pvt_seed42_fold4/best.pth,True
0.9405928314464802,0.8878482790811536,0.912306026694186,0.9706898758355217,0.9202929902938255,0.7195090081707605,4,5.50742505619553,0.7655998000458851,2,2,2,1.0,2,1.0,0,cju2rnkt22xep0801as160g9t,kvasir-seg,unet_pvt,polypseg/runs_cv/unet_pvt_seed42_fold4/best.pth,True
0.8978557504814954,0.8146444994597966,0.9998552821852409,0.8147405660281279,0.4066986252955164,0.14762647199631818,4,9.153681120105018,1.2258768925843808,1,1,1,1.0,1,1.0,0,cju2rzpsmtb0f0835jabkbao1,kvasir-seg,unet_pvt,polypseg/runs_cv/unet_pvt_seed42_fold4/best.pth,True
0.9843801927542072,0.9692408376946658,0.9912461470700286,0.9776086994267938,0.8822944347786497,0.6428717262325944,4,5.0,0.618245376664835,1,1,1,1.0,1,1.0,0,cju2trbpkv0c00988hxla5dzz,kvasir-seg,unet_pvt,polypseg/runs_cv/unet_pvt_seed42_fold4/best.pth,True
0.985421251991565,0.9712614756872203,0.9755337895974543,0.9955111941324957,0.9029759172189201,0.7579302813033909,4,6.4031242374328485,0.8295308988753713,1,1,1,1.0,1,1.0,0,cju2u2b9o4zvp08788qb9nqxj,kvasir-seg,unet_pvt,polypseg/runs_cv/unet_pvt_seed42_fold4/best.pth,True
0.9789920789793505,0.9588486620169431,0.9666011787794907,0.9917047833139734,0.8229383344045371,0.6508916602851325,4,6.708203932499369,0.9009236499388478,1,1,1,1.0,1,1.0,0,cju2u73dj53oz0878486k8k4b,kvasir-seg,unet_pvt,polypseg/runs_cv/unet_pvt_seed42_fold4/best.pth,True
0.8559871273405131,0.7482320765767256,0.9904451598709767,0.7536722385644045,0.37178527230949776,0.25724469074417544,4,72.56117488041481,9.112964471099206,1,2,1,1.0,1,1.0,1,cju2ulk385h170799rlklxob0,kvasir-seg,unet_pvt,polypseg/runs_cv/unet_pvt_seed42_fold4/best.pth,True
0.906982068450227,0.8297961472271835,0.900162201464777,0.9139060625627914,0.5716823659206025,0.4259755009186655,4,82.78039879963441,9.957762892924638,1,1,1,1.0,1,1.0,0,cju2wtwj87kys0855kx6mddzw,kvasir-seg,unet_pvt,polypseg/runs_cv/unet_pvt_seed42_fold4/best.pth,True
0.975313102117503,0.9518157245232427,0.956650129927724,0.9947187423196809,0.9363487715538172,0.6377959697661745,4,4.242640687119285,0.5200775366275434,1,1,1,1.0,1,1.0,0,cju2xbk0080y80801eghyddi2,kvasir-seg,unet_pvt,polypseg/runs_cv/unet_pvt_seed42_fold4/best.pth,True
0.9657524655414533,0.9337730411385974,0.9417697319633612,0.9909885869098632,0.7477251292280582,0.6613475686968333,4,21.95449840010015,2.760428053479487,1,1,1,1.0,1,1.0,0,cju2xjz2ju8pe0993ysv9wg17,kvasir-seg,unet_pvt,polypseg/runs_cv/unet_pvt_seed42_fold4/best.pth,True
0.6517350362690795,0.4833879495508045,0.48692787794695774,0.9851833143901655,0.10694086065462888,0.07399370914990318,4,155.0,19.89697636098377,1,1,1,1.0,0,0.0,0,cju2xs6na81t20878pt6nkfip,kvasir-seg,unet_pvt,polypseg/runs_cv/unet_pvt_seed42_fold4/best.pth,True
0.8943589889391158,0.8089054041880743,0.9760150177622663,0.8253112414225598,0.5162787983887961,0.3648509035734981,4,312.10053553448466,41.236232826481704,2,1,1,0.5,1,0.5,0,cju2y5zas8m7f0801d34g5owq,kvasir-seg,unet_pvt,polypseg/runs_cv/unet_pvt_seed42_fold4/best.pth,True
0.9795789891667532,0.959975322702202,0.9922984852042693,0.9671814487200887,0.7462115081910488,0.5963409387143,4,25.083600624886753,3.019728165410991,1,1,1,1.0,1,1.0,0,cju2yo1j1v0qz09934o0e683p,kvasir-seg,unet_pvt,polypseg/runs_cv/unet_pvt_seed42_fold4/best.pth,True
0.9831694621158829,0.9668960809946971,0.9757390222883847,0.9907139388033206,0.923725261958512,0.7301169209730344,4,5.881666326391703,0.7997464670414018,1,1,1,1.0,1,1.0,0,cju2yyhsp933j0855hp32e012,kvasir-seg,unet_pvt,polypseg/runs_cv/unet_pvt_seed42_fold4/best.pth,True
0.7191968658174734,0.5615202263511803,0.8837617947226029,0.60629830239728,0.20177388496138512,0.08491595248864867,4,196.15997478784766,24.042606971012514,2,1,1,0.5,1,0.5,0,cju2zjcvj9qma0801dk71hhi0,kvasir-seg,unet_pvt,polypseg/runs_cv/unet_pvt_seed42_fold4/best.pth,True
0.7896460644462976,0.652409217874817,0.9155274633695157,0.6941967602886974,0.5203788656047956,0.25886889608272873,4,168.0773631397161,20.68331575317322,2,1,1,0.5,1,0.5,0,cju2zo0fwzv580988qlijd2xa,kvasir-seg,unet_pvt,polypseg/runs_cv/unet_pvt_seed42_fold4/best.pth,True
0.9668929992930606,0.9359078959211684,0.9522228371061406,0.982022258147227,0.9025875540912769,0.7033972392100974,4,6.985410196624965,0.8571597468818045,1,1,1,1.0,1,1.0,0,cju2zpw4q9vzr0801p0lysjdl,kvasir-seg,unet_pvt,polypseg/runs_cv/unet_pvt_seed42_fold4/best.pth,True
0.9642165838338441,0.9309056012914273,0.952621332458776,0.9760975868078167,0.7023842458151659,0.596021295436345,4,22.829794991348134,2.7959451131344917,1,1,1,1.0,1,1.0,0,cju300m3s04fg0988uzupuf7z,kvasir-seg,unet_pvt,polypseg/runs_cv/unet_pvt_seed42_fold4/best.pth,True
0.7943886171628304,0.658909353769863,0.9882182445726616,0.6641265073672074,0.39065301463332786,0.2849580707820603,4,243.42498139594395,31.21854381237429,1,1,1,1.0,1,1.0,0,cju30ia8da2bq0799klnehml2,kvasir-seg,unet_pvt,polypseg/runs_cv/unet_pvt_seed42_fold4/best.pth,True
0.8497008095691089,0.7386780905677409,0.7499223361214671,0.9801055623091067,0.7193165904661488,0.5104027452298624,4,42.94364398950575,5.5173973161772105,1,1,1,1.0,1,1.0,0,cju30j1rgadut0801vuyrsnt8,kvasir-seg,unet_pvt,polypseg/runs_cv/unet_pvt_seed42_fold4/best.pth,True
0.9656289836413433,0.9335421897654199,0.9943322619402941,0.9385363594234865,0.7450921327479185,0.532795996940933,4,14.142135623730951,1.6996359684618887,1,1,1,1.0,1,1.0,0,cju31w6goazci0799n014ly1q,kvasir-seg,unet_pvt,polypseg/runs_cv/unet_pvt_seed42_fold4/best.pth,True
0.6335061629904593,0.46359972202789823,0.46504754203366966,0.9933293627099861,0.400607064460914,0.32911986572611657,4,121.91940905524434,14.933424637956028,1,2,1,1.0,1,1.0,1,cju32fhnhbds40799broyoptc,kvasir-seg,unet_pvt,polypseg/runs_cv/unet_pvt_seed42_fold4/best.pth,True
0.9860023471663437,0.972391153382773,0.9796268814903972,0.992461340204054,0.9305685873892854,0.7927522557596057,4,5.0,0.6118599117473807,1,1,1,1.0,1,1.0,0,cju32jcdabepz0878d0cznmfe,kvasir-seg,unet_pvt,polypseg/runs_cv/unet_pvt_seed42_fold4/best.pth,True
0.9754870981175281,0.9521472070533595,0.9621485411115063,0.9892006872262968,0.8187005988954754,0.6940433676354668,4,8.0,1.0744877944459992,1,1,1,1.0,1,1.0,0,cju32upim1z7u0988l883nqp6,kvasir-seg,unet_pvt,polypseg/runs_cv/unet_pvt_seed42_fold4/best.pth,True
0.9800580648185233,0.9608959402616808,0.9718708702947718,0.9883843716906173,0.9517421141382714,0.8850096690989886,4,3.941961603063864,0.5441118311699991,1,1,1,1.0,1,1.0,0,cju330ofbc2l30801th5g3hw6,kvasir-seg,unet_pvt,polypseg/runs_cv/unet_pvt_seed42_fold4/best.pth,True
0.9424516004418905,0.891166400361145,0.9874551064748471,0.9013713810735495,0.7484083300425879,0.5621767160076228,4,11.180339887498949,1.3819190307766251,2,2,2,1.0,2,1.0,0,cju33belnbyhm0878yxl42233,kvasir-seg,unet_pvt,polypseg/runs_cv/unet_pvt_seed42_fold4/best.pth,True
0.9643863138097452,0.9312220634679558,0.9653363770997713,0.9634381187434383,0.6763996307532969,0.530349104076835,4,48.68825447427274,5.9628081292881,1,1,1,1.0,1,1.0,0,cju34repocy5208780gswillm,kvasir-seg,unet_pvt,polypseg/runs_cv/unet_pvt_seed42_fold4/best.pth,True
0.20816259629542677,0.11617270398812776,0.11654666101917754,0.9731227160088043,0.16254834387213168,0.11841508862237089,4,216.19620668053562,26.027115657410796,1,1,0,0.0,0,0.0,1,cju34uhepd3dd0799hs8782ad,kvasir-seg,unet_pvt,polypseg/runs_cv/unet_pvt_seed42_fold4/best.pth,True
0.9501546092886763,0.9050424164313359,0.9923968443523148,0.9113617054129739,0.8253337638649729,0.6522133043565426,4,55.38949226746505,6.6628747717670525,2,2,2,1.0,2,1.0,0,cju34xspwzenf0993cyzajv9n,kvasir-seg,unet_pvt,polypseg/runs_cv/unet_pvt_seed42_fold4/best.pth,True
0.94839005502102,0.9018458407979175,0.9730280696201294,0.9249689440947827,0.6793371875415251,0.3871827414823472,4,42.538675664488395,5.205542067584864,1,2,1,1.0,1,1.0,1,cju3521y5d5mq0878t3ezsu4p,kvasir-seg,unet_pvt,polypseg/runs_cv/unet_pvt_seed42_fold4/best.pth,True
0.9351851851812847,0.8782608695583372,0.9020033791865636,0.9709015328572711,0.7665785043428246,0.5925966242437101,4,18.87821910298074,2.581157909841738,1,1,1,1.0,1,1.0,0,cju35740hzm0g0993zl5ic246,kvasir-seg,unet_pvt,polypseg/runs_cv/unet_pvt_seed42_fold4/best.pth,True
0.9551373669988947,0.914127213311766,0.9827079135096598,0.9290716234979427,0.7035195563955858,0.3740402128284438,4,23.252703133935942,2.9048591072351524,1,1,1,1.0,1,1.0,0,cju35c4wzdhow0799h6eq4sgs,kvasir-seg,unet_pvt,polypseg/runs_cv/unet_pvt_seed42_fold4/best.pth,True
0.8268512628618695,0.70481366657646,0.713811326604843,0.9824299331324113,0.5156293421439494,0.4229622593668648,4,120.00854121461228,14.783716262844559,1,1,1,1.0,1,1.0,0,cju35i2e63uxr0835h7zgkg9k,kvasir-seg,unet_pvt,polypseg/runs_cv/unet_pvt_seed42_fold4/best.pth,True
0.9775552718224733,0.9560959579349904,0.9864111640004524,0.9688569792056148,0.7466651143760948,0.48157141211258575,4,11.40175425099138,1.3952552699553817,1,1,1,1.0,1,1.0,0,cju3tvffffx5f0818t5ov22al,kvasir-seg,unet_pvt,polypseg/runs_cv/unet_pvt_seed42_fold4/best.pth,True
0.9853956626141178,0.9712117584210016,0.9727525965272265,0.9983717055428295,0.9669548688598444,0.3464888592759119,8,15.001664818918643,0.9541227353019364,1,1,1,1.0,1,1.0,0,cju3u39fog1bo0871lxjrabks,kvasir-seg,unet_pvt,polypseg/runs_cv/unet_pvt_seed42_fold4/best.pth,True
0.946554513101535,0.898532031200175,0.982053749242583,0.9135321912514028,0.7565290407378197,0.5242585575167049,4,24.73863375370596,3.175638780648534,2,2,2,1.0,2,1.0,0,cju3v56bwgy8v0871w14pz8fx,kvasir-seg,unet_pvt,polypseg/runs_cv/unet_pvt_seed42_fold4/best.pth,True
0.82144802972653,0.6969977145224423,0.9950612523344183,0.6994172652113593,0.3687522144017089,0.2040740911814972,4,86.97700845625813,10.643548943619457,1,1,1,1.0,1,1.0,0,cju3xga12iixg0817dijbvjxw,kvasir-seg,unet_pvt,polypseg/runs_cv/unet_pvt_seed42_fold4/best.pth,True
0.9225136320050874,0.8561719752629326,0.9769353657692307,0.8738352534879169,0.6814986172725241,0.4955680403375912,4,45.534042532158885,5.567669744381575,1,1,1,1.0,1,1.0,0,cju3xl264ingx0850rcf0rshj,kvasir-seg,unet_pvt,polypseg/runs_cv/unet_pvt_seed42_fold4/best.pth,True
0.937175738137359,0.8817786456012229,0.9922472877979148,0.8878958833705101,0.6608306536012684,0.48172787272508666,4,65.96879640827623,7.941755871949685,1,1,1,1.0,1,1.0,0,cju3y21quj0ir0818kgjagr15,kvasir-seg,unet_pvt,polypseg/runs_cv/unet_pvt_seed42_fold4/best.pth,True
0.9787367559681971,0.9583589360410962,0.9646324206104893,0.9932596634411923,0.7786864860515932,0.6183355914611116,4,73.56864180038623,8.905049130812015,1,1,1,1.0,1,1.0,0,cju3y54kwj3nr0801biidlb4e,kvasir-seg,unet_pvt,polypseg/runs_cv/unet_pvt_seed42_fold4/best.pth,True
0.9817705710530743,0.9641938674552375,0.9683260487002091,0.9955936852519899,0.9710413929002224,0.7781465058895468,4,3.605551275463989,0.4512215831981264,1,1,1,1.0,1,1.0,0,cju3y79ofj3va0871uqfb1mzo,kvasir-seg,unet_pvt,polypseg/runs_cv/unet_pvt_seed42_fold4/best.pth,True
0.9842467072106034,0.9689820492806162,0.9932670792937943,0.9753886979551332,0.8548494015794474,0.26399576200553493,9,12.041594578792296,0.699666661701875,1,1,1,1.0,1,1.0,0,cju40poe4kt9s0755f9cnm3h5,kvasir-seg,unet_pvt,polypseg/runs_cv/unet_pvt_seed42_fold4/best.pth,True
0.9607287608685304,0.9244254287951065,0.9415734670229788,0.9806796272454182,0.7774154155620823,0.575549103993113,4,13.601470508735444,1.8486453930093514,1,1,1,1.0,1,1.0,0,cju40taxlkrho0987smigg0x0,kvasir-seg,unet_pvt,polypseg/runs_cv/unet_pvt_seed42_fold4/best.pth,True
0.9688674919750472,0.9396149228490827,0.995970117594806,0.9432008391524913,0.75134452669773,0.5573875461000606,4,11.180339887498949,1.3681603553741655,1,1,1,1.0,1,1.0,0,cju418rckl3ur08012psrx1r1,kvasir-seg,unet_pvt,polypseg/runs_cv/unet_pvt_seed42_fold4/best.pth,True
0.9421484304824447,0.8906244104852268,0.9741261915529479,0.9122034160255343,0.6721068059572406,0.4572206863685795,4,16.0312195418814,2.20684055871927,1,1,1,1.0,1,1.0,0,cju41z76wlgbz0801qdetlvby,kvasir-seg,unet_pvt,polypseg/runs_cv/unet_pvt_seed42_fold4/best.pth,True
0.9789464868922554,0.9587611954956898,0.9832116542711596,0.9747181642286215,0.8701965954947327,0.6717331076795596,4,14.035668847618199,1.8000335887574057,1,1,1,1.0,1,1.0,0,cju422cm8lfxn0818ojicxejb,kvasir-seg,unet_pvt,polypseg/runs_cv/unet_pvt_seed42_fold4/best.pth,True
0.9878510315564112,0.9759937147151952,0.9842131517914721,0.9915159039819336,0.9782846635201368,0.899215399609931,4,3.0,0.38327087709851904,1,1,1,1.0,1,1.0,0,cju424hy5lckr085073fva1ok,kvasir-seg,unet_pvt,polypseg/runs_cv/unet_pvt_seed42_fold4/best.pth,True
0.9689193196189209,0.93971241829574,0.9485406660635005,0.9901928374601091,0.8639872768116018,0.5944223318694298,4,5.0,0.6191719011465461,1,1,1,1.0,1,1.0,0,cju426tomlhll0818fc0i7nvh,kvasir-seg,unet_pvt,polypseg/runs_cv/unet_pvt_seed42_fold4/best.pth,True
0.971965831564278,0.9454606290404153,0.967528391254444,0.9764441628722673,0.7784568534774144,0.5643135096380697,4,8.0,1.0582667927094094,1,1,1,1.0,1,1.0,0,cju42u5bjlvi10801dc13sskp,kvasir-seg,unet_pvt,polypseg/runs_cv/unet_pvt_seed42_fold4/best.pth,True
0.9772977017114931,0.955603310315232,0.987432675040218,0.9673686646564805,0.9234262399421294,0.7102448208416907,4,4.47213595499958,0.6342817209123484,1,1,1,1.0,1,1.0,0,cju42xpi8lw4w0871ve317a1p,kvasir-seg,unet_pvt,polypseg/runs_cv/unet_pvt_seed42_fold4/best.pth,True
0.9009638554180683,0.8197763648262824,0.9859365386219043,0.8294757080468129,0.6860537555225913,0.4812692324556157,4,55.02861509548857,6.937789948783058,3,2,2,0.6666666666666666,2,0.6666666666666666,0,cju43c92lm5cj0755lorsorfg,kvasir-seg,unet_pvt,polypseg/runs_cv/unet_pvt_seed42_fold4/best.pth,True
0.9382970852232566,0.8837661384970042,0.9855531286548821,0.8953654294923262,0.6433032481337354,0.5359532170502034,4,99.92497185388645,12.281829994438821,1,1,1,1.0,1,1.0,0,cju43eigtm6ev0801mv0m96t1,kvasir-seg,unet_pvt,polypseg/runs_cv/unet_pvt_seed42_fold4/best.pth,True
0.966752258572057,0.9356442020729806,0.9430240735721471,0.9917053522653927,0.5540064401369051,0.34611834596860447,4,17.46424919657298,2.1371347944298815,1,1,1,1.0,1,1.0,0,cju43gfosm63n08714rpih8pe,kvasir-seg,unet_pvt,polypseg/runs_cv/unet_pvt_seed42_fold4/best.pth,True
0.9858104021362084,0.9720178595921721,0.9900551535796178,0.9816018931065922,0.7526056637291905,0.5697967086449143,4,16.941778696257362,2.084826603947793,1,1,1,1.0,1,1.0,0,cju43in5fm22c08175rxziqrk,kvasir-seg,unet_pvt,polypseg/runs_cv/unet_pvt_seed42_fold4/best.pth,True
0.9621406205476698,0.9270433351533457,0.9411546315115912,0.9840838509221265,0.9057772417805974,0.634892841707438,4,4.47213595499958,0.5379591075974084,1,1,1,1.0,1,1.0,0,cju43jcqim2cp08172dvjvyui,kvasir-seg,unet_pvt,polypseg/runs_cv/unet_pvt_seed42_fold4/best.pth,True
0.9611071522298275,0.925126353783934,0.942478852512376,0.9804866850246365,0.8032145423857563,0.6605061835136323,4,6.324555320336759,0.7818317945328311,1,1,1,1.0,1,1.0,0,cju5bj926aiec07559rshy4wa,kvasir-seg,unet_pvt,polypseg/runs_cv/unet_pvt_seed42_fold4/best.pth,True
0.9741071831674408,0.9495213994918044,0.9915439233415484,0.9572731104533192,0.784682088456523,0.6336460229633358,4,11.180339887498949,1.3679698561423423,1,1,1,1.0,1,1.0,0,cju5cetivauok0987ok3e5bre,kvasir-seg,unet_pvt,polypseg/runs_cv/unet_pvt_seed42_fold4/best.pth,True
0.9601177277734535,0.9232946396111696,0.9234182541486431,0.9998550334437843,0.5773488450329791,0.1807143244049442,4,13.601470508735444,1.70020373797123,1,1,1,1.0,1,1.0,0,cju5chrxxawka0871qcj171yz,kvasir-seg,unet_pvt,polypseg/runs_cv/unet_pvt_seed42_fold4/best.pth,True
0.6962900607278687,0.5340835716237705,0.9531648695287417,0.5484772415073723,0.4960024628517424,0.3399076572491421,4,51.14876412008853,6.298492764985563,2,2,1,0.5,1,0.5,1,cju5cjh3xattc0817j2vbulzi,kvasir-seg,unet_pvt,polypseg/runs_cv/unet_pvt_seed42_fold4/best.pth,True
0.9664562174014705,0.935089769464446,0.9572940835232117,0.9757954251469798,0.7741272129717833,0.39969082481665524,4,5.656854249492381,0.7082825099689533,1,1,1,1.0,1,1.0,0,cju5clr68b48r0755cmuvponm,kvasir-seg,unet_pvt,polypseg/runs_cv/unet_pvt_seed42_fold4/best.pth,True
0.6417177614367401,0.47244802532021996,0.47331627688921724,0.996132261481904,0.430949547637425,0.2383807614365703,4,91.21951545584969,11.162712935291005,1,1,1,1.0,0,0.0,0,cju5cu8qkb84x08186jwo8yin,kvasir-seg,unet_pvt,polypseg/runs_cv/unet_pvt_seed42_fold4/best.pth,True
0.9298906722450342,0.8689679158258502,0.9743589743494748,0.8893041466373971,0.7186895764032843,0.5475727657649211,4,21.06297092908383,2.587143485076228,1,1,1,1.0,1,1.0,0,cju5ddda9bkkt0850enzwatb1,kvasir-seg,unet_pvt,polypseg/runs_cv/unet_pvt_seed42_fold4/best.pth,True
0.976399372609332,0.9538870400053777,0.9927984051806807,0.9605332947563514,0.9702546147687985,0.4824722897110791,4,4.0,0.4966645347214818,1,1,1,1.0,1,1.0,0,cju5f8hxdcxxn08188obby0ea,kvasir-seg,unet_pvt,polypseg/runs_cv/unet_pvt_seed42_fold4/best.pth,True
0.7109000052533906,0.5514700241645164,0.5539000158916298,0.9921075784489519,0.4531270210694692,0.366906337137539,4,189.6731391740168,22.834095038868973,1,1,1,1.0,1,1.0,0,cju5fydrud94708507vo6oy21,kvasir-seg,unet_pvt,polypseg/runs_cv/unet_pvt_seed42_fold4/best.pth,True
0.7569555808583626,0.6089529619392563,0.6125782765169361,0.9903750155981056,0.3722736661089321,0.2502313711766188,4,102.77159140540736,12.406048794980489,1,1,1,1.0,1,1.0,0,cju5i39mreass0817au8p22zy,kvasir-seg,unet_pvt,polypseg/runs_cv/unet_pvt_seed42_fold4/best.pth,True
0.9016881687532652,0.8209764687044527,0.8237085386453397,0.9959761989831777,0.25903450577427495,0.15591362634047518,4,79.20227269466452,9.929416913180573,1,2,1,1.0,1,1.0,1,cju5knbbqfipk080128cggukq,kvasir-seg,unet_pvt,polypseg/runs_cv/unet_pvt_seed42_fold4/best.pth,True
0.14886549707584928,0.08041852001607307,0.9999999999842867,0.08041852001607307,0.0,0.0,4,163.51941714839887,20.9708882759157,1,1,0,0.0,0,0.0,1,cju5u8gz4kj5b07552e2wpkwp,kvasir-seg,unet_pvt,polypseg/runs_cv/unet_pvt_seed42_fold4/best.pth,True
0.9227281413399904,0.856541581330963,0.8817670202684699,0.9676802273661979,0.49982567794769556,0.36568879853020525,4,48.73694431688498,6.25624405793318,1,1,1,1.0,1,1.0,0,cju5udcufki0s09874ll1dbr5,kvasir-seg,unet_pvt,polypseg/runs_cv/unet_pvt_seed42_fold4/best.pth,True
0.8986288188554311,0.8159182247001928,0.998182984170605,0.817131857548192,0.68554860733498,0.5447261918028513,4,21.55457140345348,2.7693302981420556,1,1,1,1.0,1,1.0,0,cju5ufn3skquf0818dhapnhba,kvasir-seg,unet_pvt,polypseg/runs_cv/unet_pvt_seed42_fold4/best.pth,True
0.9745401058642191,0.9503444371030474,0.9756069207351333,0.9734756215424091,0.7639540794143377,0.5941737620098465,4,12.0,1.4918820056181805,1,1,1,1.0,1,1.0,0,cju5ukkg6kv7u08011x2b6zl5,kvasir-seg,unet_pvt,polypseg/runs_cv/unet_pvt_seed42_fold4/best.pth,True
0.9879625264744823,0.9762114075013761,0.9781622644969457,0.9979611546289865,0.968715574587501,0.713911799732475,4,4.0,0.49085814724359644,1,1,1,1.0,1,1.0,0,cju5vi4nxlc530817uoqm2m7a,kvasir-seg,unet_pvt,polypseg/runs_cv/unet_pvt_seed42_fold4/best.pth,True
0.9426579440371551,0.8915354673741269,0.9047815576858393,0.9838440825683815,0.7868741988197069,0.5188357331210574,4,8.449999999999932,1.0856555939475045,1,2,1,1.0,1,1.0,1,cju5vwbr4lhqn0987a1pji0ux,kvasir-seg,unet_pvt,polypseg/runs_cv/unet_pvt_seed42_fold4/best.pth,True
0.9297327707436854,0.8686921782980491,0.8885901709829422,0.9748702217989033,0.6936459615944464,0.5203970672986997,4,31.672323704032355,4.19368938361546,1,1,1,1.0,1,1.0,0,cju5waeduln160817w0agirve,kvasir-seg,unet_pvt,polypseg/runs_cv/unet_pvt_seed42_fold4/best.pth,True
0.9497701280425742,0.9043449947508978,0.9547398976359531,0.9448518294491047,0.591211534040239,0.3554944502723691,4,13.25624804809475,1.7031621122094522,1,1,1,1.0,1,1.0,0,cju5wj0faly5008187n6530af,kvasir-seg,unet_pvt,polypseg/runs_cv/unet_pvt_seed42_fold4/best.pth,True
0.9853769744325267,0.9711754509823098,0.9950994902121523,0.9758426060281379,0.9351736380567167,0.8568009849163636,4,4.47213595499958,0.5629088015416623,1,1,1,1.0,1,1.0,0,cju5wtdu4m0im0871mix0yvc0,kvasir-seg,unet_pvt,polypseg/runs_cv/unet_pvt_seed42_fold4/best.pth,True
0.7570128762772356,0.6090271265320681,0.9898667720433134,0.6128479807065229,0.23580037400255027,0.1443776930457995,4,130.2305605229872,17.00136417076665,1,1,1,1.0,1,1.0,0,cju5x00l6m5j608503k78ptee,kvasir-seg,unet_pvt,polypseg/runs_cv/unet_pvt_seed42_fold4/best.pth,True
0.9713867151272378,0.9443653211686809,0.9747669290441304,0.9680298634321364,0.6992953928205867,0.5070157080112947,4,13.616019182771149,1.6688654149511766,1,1,1,1.0,1,1.0,0,cju5xjn5mm78b09871spyqhhr,kvasir-seg,unet_pvt,polypseg/runs_cv/unet_pvt_seed42_fold4/best.pth,True
0.9524075459885935,0.90913937222597,0.9357373307268272,0.9696824963587843,0.6589300020625981,0.4272345844391724,4,28.006203278576574,3.368902974895378,1,1,1,1.0,1,1.0,0,cju5y4hgqmk0i08180rjhbwvp,kvasir-seg,unet_pvt,polypseg/runs_cv/unet_pvt_seed42_fold4/best.pth,True
0.9457078223569898,0.8970073404805363,0.9414483821207689,0.9500059801402343,0.7469914250158272,0.5505928409481702,4,14.142135623730951,1.7335917887584784,1,1,1,1.0,1,1.0,0,cju6vrs1ov8cr098788h8gs6j,kvasir-seg,unet_pvt,polypseg/runs_cv/unet_pvt_seed42_fold4/best.pth,True
0.9762962625403659,0.9536902394857796,0.9821068394337417,0.9705540371155481,0.7532929718345974,0.599248352399349,4,9.899494936611665,1.2114208196517713,1,1,1,1.0,1,1.0,0,cju6x35ervu2808015c7eoqe4,kvasir-seg,unet_pvt,polypseg/runs_cv/unet_pvt_seed42_fold4/best.pth,True
0.9686648948355525,0.9392339017501957,0.9846574611367843,0.9531835205930957,0.9182733679501592,0.5680277287106487,4,5.0,0.6175927771545879,1,1,1,1.0,1,1.0,0,cju6z600qwh4z081700qimgl9,kvasir-seg,unet_pvt,polypseg/runs_cv/unet_pvt_seed42_fold4/best.pth,True
0.8285311303480046,0.7072583419089351,0.7094547963868374,0.9956416464408891,0.7016349454039227,0.5794274870358754,4,15.0,1.8752329535629493,1,1,1,1.0,1,1.0,0,cju76o55nymqd0871h31sph9w,kvasir-seg,unet_pvt,polypseg/runs_cv/unet_pvt_seed42_fold4/best.pth,True
0.98335104498704,0.9672473867584948,0.9935461525128516,0.9733630430591518,0.8174043923102804,0.5156648996231332,4,6.324555320336759,0.7745627828609817,1,1,1,1.0,1,1.0,0,cju77196iyshb0850ycbto50a,kvasir-seg,unet_pvt,polypseg/runs_cv/unet_pvt_seed42_fold4/best.pth,True
0.9092853489519259,0.8336601585741865,0.8623335391051915,0.9616443744988036,0.6360072600050705,0.46487209563886045,4,22.573092817665668,2.7855939468099207,1,1,1,1.0,1,1.0,0,cju77j66ez52p08019xygi0co,kvasir-seg,unet_pvt,polypseg/runs_cv/unet_pvt_seed42_fold4/best.pth,True
0.9618375644113831,0.9264808005368071,0.9577400145921354,0.9659703264089222,0.46757591943451543,0.3264773106115505,4,38.45122315280932,4.948861807928632,1,1,1,1.0,1,1.0,0,cju77t0razbvm080106o56289,kvasir-seg,unet_pvt,polypseg/runs_cv/unet_pvt_seed42_fold4/best.pth,True
0.9783082100724309,0.9575375076095954,0.9657983639027116,0.9911463854875472,0.8302263383165072,0.6480434141755674,4,5.656854249492381,0.7149928489900943,1,1,1,1.0,1,1.0,0,cju783tmkzkqu081803g7q5vk,kvasir-seg,unet_pvt,polypseg/runs_cv/unet_pvt_seed42_fold4/best.pth,True
0.9899871505800483,0.980172827651248,0.9992169529670151,0.9809262996048562,0.9813482105562603,0.7734228690021447,4,3.605551275463989,0.45891173786688144,1,1,1,1.0,1,1.0,0,cju7adqyj1jcx08712r1ro5gx,kvasir-seg,unet_pvt,polypseg/runs_cv/unet_pvt_seed42_fold4/best.pth,True
0.6845587410732084,0.5204023641707183,0.5204023641707183,0.9999999999890793,0.0,0.0,4,62.02335933977455,7.718379068965501,1,1,1,1.0,1,1.0,0,cju7aez2x1jtj0871ztezs3oi,kvasir-seg,unet_pvt,polypseg/runs_cv/unet_pvt_seed42_fold4/best.pth,True
0.9730186277901504,0.9474549919989467,0.9676892274389163,0.9784070549340848,0.7483612970718194,0.581559199986864,4,10.04987562112089,1.2365671377643643,1,1,1,1.0,1,1.0,0,cju7ahtkb1jr90801jck4kbds,kvasir-seg,unet_pvt,polypseg/runs_cv/unet_pvt_seed42_fold4/best.pth,True
0.9388238964250856,0.8847013170220795,0.9898039731549151,0.8928380703679295,0.6346943452033617,0.4422603923283626,4,10.019950248448355,1.206267251410321,1,1,1,1.0,1,1.0,0,cju7ap09p1kz10850ldccjebj,kvasir-seg,unet_pvt,polypseg/runs_cv/unet_pvt_seed42_fold4/best.pth,True
0.9382900820457591,0.8837537129291458,0.9975564016537048,0.8856710393497191,0.6707686714193086,0.40131988824650777,4,14.142135623730951,1.7322140764399898,1,1,1,1.0,1,1.0,0,cju7aqkue1i2k09879uzcpt8r,kvasir-seg,unet_pvt,polypseg/runs_cv/unet_pvt_seed42_fold4/best.pth,True
0.8952410383179901,0.8103496503481392,0.9983229185788496,0.8114542874200563,0.5977329615900921,0.47752051712918925,4,132.1990912295852,16.164628474484,1,1,1,1.0,1,1.0,0,cju7atnm31if40817pqclnjer,kvasir-seg,unet_pvt,polypseg/runs_cv/unet_pvt_seed42_fold4/best.pth,True
0.9734601702686488,0.9482926449365405,0.9686592689775736,0.9783088973650198,0.8386280163554166,0.6004165820539648,4,6.0,0.7570153818077714,1,1,1,1.0,1,1.0,0,cju7awzmu1ncs0871hziy65zx,kvasir-seg,unet_pvt,polypseg/runs_cv/unet_pvt_seed42_fold4/best.pth,True
0.9162758131183723,0.8454880164250266,0.9922308315482411,0.8511225944389681,0.48128506105784374,0.30470440670824345,4,30.610455730027933,3.7458621483043992,1,1,1,1.0,1,1.0,0,cju7b10ce1mnm08011c5bwyr4,kvasir-seg,unet_pvt,polypseg/runs_cv/unet_pvt_seed42_fold4/best.pth,True
0.9792904359457584,0.9594212403144661,0.9946035523051869,0.9644416975670284,0.854001186660379,0.667901800501377,4,14.0,1.7118483685319816,1,1,1,1.0,1,1.0,0,cju7b3f5h1sm40755i572jden,kvasir-seg,unet_pvt,polypseg/runs_cv/unet_pvt_seed42_fold4/best.pth,True
0.9606323034415133,0.9242468345151779,0.9814542925509507,0.9406754554811089,0.8650930111268506,0.5950412723326469,4,5.656854249492381,0.7077794913926431,1,1,1,1.0,1,1.0,0,cju7b4mtw1n9n080186209f3d,kvasir-seg,unet_pvt,polypseg/runs_cv/unet_pvt_seed42_fold4/best.pth,True
0.9581214375906366,0.9196095131998523,0.9966862336655068,0.9224298451205449,0.6765114137302581,0.540210254884836,4,14.0,1.7118483685319816,1,1,1,1.0,1,1.0,0,cju7ctvqn25dy08186g442m1r,kvasir-seg,unet_pvt,polypseg/runs_cv/unet_pvt_seed42_fold4/best.pth,True
0.9655892111728492,0.9334678462389843,0.9966305788748435,0.9364230849051889,0.7877819842161831,0.6901619377702464,4,17.46424919657298,2.1514010773952235,1,1,1,1.0,1,1.0,0,cju7cufm7298k0755j09uf3of,kvasir-seg,unet_pvt,polypseg/runs_cv/unet_pvt_seed42_fold4/best.pth,True
0.9464329930934727,0.8983130516514366,0.9841693686801751,0.9114836339211257,0.6046432519518056,0.4960386290392076,4,27.964057124802316,3.4247337258672337,1,1,1,1.0,1,1.0,0,cju7d3oc82cho0755dajlwldz,kvasir-seg,unet_pvt,polypseg/runs_cv/unet_pvt_seed42_fold4/best.pth,True
0.9834677919817204,0.9674733217740166,0.9955856731211925,0.9716413517968612,0.7969992666338593,0.5749167091863073,4,8.94427190999916,1.0981636897363511,1,1,1,1.0,1,1.0,0,cju7d6ux323ze0987xos3srkx,kvasir-seg,unet_pvt,polypseg/runs_cv/unet_pvt_seed42_fold4/best.pth,True
0.9569901969358209,0.9175275190361131,0.9435736676951659,0.9707937645409283,0.9818804863977976,0.800534699026162,4,3.1622776601683795,0.3873348426501835,1,1,1,1.0,1,1.0,0,cju7d7aut2a2p0818z4uxc6cd,kvasir-seg,unet_pvt,polypseg/runs_cv/unet_pvt_seed42_fold4/best.pth,True
0.6293787580286115,0.4591923273590631,0.46040965874247497,0.9942749895343105,0.418216439956587,0.3460581003726928,4,168.30403995736341,20.6284074450195,1,1,1,1.0,0,0.0,0,cju7d9seq29zd0871nzl2uu5m,kvasir-seg,unet_pvt,polypseg/runs_cv/unet_pvt_seed42_fold4/best.pth,True
0.9492625650281644,0.9034250931143506,0.9426485922746928,0.9559700057589312,0.7111421838337507,0.49670784430583026,4,6.0,0.7613011775153811,1,1,1,1.0,1,1.0,0,cju7da88w2eod0755wejzynvt,kvasir-seg,unet_pvt,polypseg/runs_cv/unet_pvt_seed42_fold4/best.pth,True
0.9804276534031333,0.961606752748453,0.9755271794475692,0.9853776101194698,0.7501462729252084,0.500022070119867,4,9.0,1.1013478411452853,1,1,1,1.0,1,1.0,0,cju7dwe282dc309876rco45ts,kvasir-seg,unet_pvt,polypseg/runs_cv/unet_pvt_seed42_fold4/best.pth,True
0.7719197476291931,0.6285580654350588,0.6291834002672774,0.9984212847944206,0.4123791248439715,0.3887516784344516,4,128.96313211135225,15.525426678572273,1,1,1,1.0,1,1.0,0,cju7el6xv2k520817qxx9wdr5,kvasir-seg,unet_pvt,polypseg/runs_cv/unet_pvt_seed42_fold4/best.pth,True
0.9824058409749956,0.9654200864480944,0.9945017306010339,0.9706006544900057,0.888521045377341,0.6304019817680974,4,5.0,0.6128316186065798,1,1,1,1.0,1,1.0,0,cju7er4kc2opa0801anuxc0eb,kvasir-seg,unet_pvt,polypseg/runs_cv/unet_pvt_seed42_fold4/best.pth,True
0.9403729071519399,0.8874564585022177,0.948639207704316,0.932249424720162,0.4958211538863735,0.31207713400132425,4,12.287936246293341,1.5046807256739514,1,1,1,1.0,1,1.0,0,cju7etr3y2p4t0801cdzjj8ab,kvasir-seg,unet_pvt,polypseg/runs_cv/unet_pvt_seed42_fold4/best.pth,True
0.9657135668790526,0.9337003135243911,0.9415938691047869,0.9911014416520472,0.6262722698125981,0.4379828058092058,4,61.1987597333136,7.6571226917844255,1,1,1,1.0,1,1.0,0,cju7flevb2wii08188otgs9p2,kvasir-seg,unet_pvt,polypseg/runs_cv/unet_pvt_seed42_fold4/best.pth,True
0.9641510947071605,0.9307835242965193,0.9663987138108296,0.9619139062096029,0.9500845866355153,0.808579426258559,4,4.4023298891232,0.5395773903182991,1,1,1,1.0,1,1.0,0,cju7fnfv02tt90801djnix9m8,kvasir-seg,unet_pvt,polypseg/runs_cv/unet_pvt_seed42_fold4/best.pth,True
0.9655829175371994,0.933456082568052,0.9349836355111045,0.9982528149065443,0.6986726438868588,0.5343995523191323,4,9.758351596473362,1.2476782568756513,1,1,1,1.0,1,1.0,0,cju7fob3x301u0755x985pmmq,kvasir-seg,unet_pvt,polypseg/runs_cv/unet_pvt_seed42_fold4/best.pth,True
0.9299036678362816,0.8689906131684711,0.9914891518727894,0.8755214184315424,0.569041310532862,0.4127483783266393,4,56.07583990456459,7.08378455731293,1,1,1,1.0,1,1.0,0,cju7g7ba42z310987bqzbi2bq,kvasir-seg,unet_pvt,polypseg/runs_cv/unet_pvt_seed42_fold4/best.pth,True
0.9643107067844119,0.9310810810744589,0.9776699029053199,0.9513116779234698,0.8735957572942368,0.5906277130503551,4,5.656854249492381,0.681009172497703,1,1,1,1.0,1,1.0,0,cju83kxitjv340987z09m0ezy,kvasir-seg,unet_pvt,polypseg/runs_cv/unet_pvt_seed42_fold4/best.pth,True
0.9810168409995647,0.962740975976371,0.9726603099960565,0.9895182052179592,0.996425924664388,0.7928549600902249,4,3.0,0.3854398558393538,1,1,1,1.0,1,1.0,0,cju83vvmik9wa08710yeh7cuk,kvasir-seg,unet_pvt,polypseg/runs_cv/unet_pvt_seed42_fold4/best.pth,True
0.717233357348706,0.5591300346462766,0.884230127133076,0.6032944406305535,0.4302189227091148,0.30534346213028,4,108.16653826391968,13.424702763267797,1,4,1,1.0,0,0.0,3,cju847pxykriq0755268ktrk2,kvasir-seg,unet_pvt,polypseg/runs_cv/unet_pvt_seed42_fold4/best.pth,True
0.9808000885284944,0.9623235613437504,0.9876034208959311,0.9740898475038492,0.9321540932474206,0.7585771744590243,4,5.652637059760941,0.6911755377610845,1,1,1,1.0,1,1.0,0,cju84ih17kp5l09876bkooocl,kvasir-seg,unet_pvt,polypseg/runs_cv/unet_pvt_seed42_fold4/best.pth,True
0.9272613031333817,0.864386924646082,0.8703604938269149,0.9921224383446531,0.7361803154729321,0.28374050777108323,9,151.50907024513995,8.803306298209861,1,1,1,1.0,1,1.0,0,cju84jdl9kv0i0871eog9b3i9,kvasir-seg,unet_pvt,polypseg/runs_cv/unet_pvt_seed42_fold4/best.pth,True
0.9752134734146038,0.9516259709854203,0.9644527368137018,0.98621704198235,0.7860549160787575,0.36940929424501956,8,51.32638142458938,3.239356289949762,1,1,1,1.0,1,1.0,0,cju85je7vlht70817c9jcjwi4,kvasir-seg,unet_pvt,polypseg/runs_cv/unet_pvt_seed42_fold4/best.pth,True
0.9732399359409136,0.9478747469914326,0.9629629629606334,0.9837386318678734,0.6658609775430345,0.4136216082526714,4,42.01190307520001,5.137000552728919,1,1,1,1.0,1,1.0,0,cju85omszllp30850b6rm9mi3,kvasir-seg,unet_pvt,polypseg/runs_cv/unet_pvt_seed42_fold4/best.pth,True
0.9482736042582647,0.901635261887185,0.9220713072965956,0.9760086261075748,0.7696206947153724,0.5595313988406262,4,45.61947846729731,5.491971670222678,1,1,1,1.0,1,1.0,0,cju87ox0kncom0801b98hqnd2,kvasir-seg,unet_pvt,polypseg/runs_cv/unet_pvt_seed42_fold4/best.pth,True
0.9572162637507623,0.9179432230059027,0.9886870413892018,0.9276871657741609,0.5545519085147269,0.25282709056507263,4,23.001086443322134,3.2386357287990775,1,1,1,1.0,1,1.0,0,cju87r56lnkyp0755hz30leew,kvasir-seg,unet_pvt,polypseg/runs_cv/unet_pvt_seed42_fold4/best.pth,True
0.9741117772494474,0.9495301297423173,0.9823570466296889,0.9660037667172631,0.8119445946949299,0.5629507912081138,4,13.0,1.5933622083771073,1,1,1,1.0,1,1.0,0,cju8828oxnool0801qno9luhr,kvasir-seg,unet_pvt,polypseg/runs_cv/unet_pvt_seed42_fold4/best.pth,True
0.9718558204181413,0.9452524652849666,0.9886853634102981,0.9555896375789165,0.8113363803358803,0.6490689543551287,4,9.219544457292887,1.1845266288411613,1,1,1,1.0,1,1.0,0,cju885ikhnmkn09878s2lqtuh,kvasir-seg,unet_pvt,polypseg/runs_cv/unet_pvt_seed42_fold4/best.pth,True
0.8737692872823382,0.7758350730587704,0.7821625887821342,0.9896804260820626,0.5747922257171758,0.37932652943980466,4,16.278820596099706,2.190559604465319,1,1,1,1.0,1,1.0,0,cju88fpm4o0tl0871w1i6a4ds,kvasir-seg,unet_pvt,polypseg/runs_cv/unet_pvt_seed42_fold4/best.pth,True
0.9721454390793703,0.9458005792265378,0.9867058011007134,0.9580085491536418,0.8598106834949365,0.5596645728927235,4,5.0,0.6014565668514644,1,1,1,1.0,1,1.0,0,cju88gx09o2vk0818610zody3,kvasir-seg,unet_pvt,polypseg/runs_cv/unet_pvt_seed42_fold4/best.pth,True
0.7803211597820007,0.6397759262942776,0.9969110209449257,0.6410467231895666,0.11467871211329682,0.0762575448314451,4,182.0,23.361361509920037,1,1,1,1.0,1,1.0,0,cju88l66no10s0850rsda7ej1,kvasir-seg,unet_pvt,polypseg/runs_cv/unet_pvt_seed42_fold4/best.pth,True
0.9796521168322134,0.9601157928517198,0.987103174595014,0.972312703575144,0.996053204749449,0.8482520583418413,4,3.1622776601683795,0.39320833593112636,1,1,1,1.0,1,1.0,0,cju88oh0po9gq0801nge4tgr1,kvasir-seg,unet_pvt,polypseg/runs_cv/unet_pvt_seed42_fold4/best.pth,True
0.8458345826678778,0.7328538612974927,0.9672634086444551,0.7514932278939135,0.5195093194240911,0.30083755481212243,4,60.00833275470999,7.224196210450181,3,3,2,0.6666666666666666,2,0.6666666666666666,1,cju88q6h6obpd0871ckmiabbo,kvasir-seg,unet_pvt,polypseg/runs_cv/unet_pvt_seed42_fold4/best.pth,True
0.953230255976434,0.9106398627002864,0.9339954739636158,0.9732739420807903,0.9445667800147045,0.5443237803289154,4,4.123105625617661,0.4963664655978139,1,1,1,1.0,1,1.0,0,cju88v2f9oi8w0871hx9auh01,kvasir-seg,unet_pvt,polypseg/runs_cv/unet_pvt_seed42_fold4/best.pth,True
0.9851327601762715,0.970701113918485,0.9900706511352874,0.9802438793828423,0.8465734062017444,0.6231355938296689,4,9.50493422156967,1.1651476380662464,1,1,1,1.0,1,1.0,0,cju88y1mwoln50871emyfny1g,kvasir-seg,unet_pvt,polypseg/runs_cv/unet_pvt_seed42_fold4/best.pth,True
0.9699265230160607,0.9416090644873325,0.9653134971353283,0.9745838499207592,0.6300913748137854,0.512888112424268,4,13.209561725814025,1.5889955290441216,1,1,1,1.0,1,1.0,0,cju89y9h0puti0818i5yw29e6,kvasir-seg,unet_pvt,polypseg/runs_cv/unet_pvt_seed42_fold4/best.pth,True
0.9518406660641913,0.9081068452542005,0.921599620636042,0.9841336821589658,0.7139200557319515,0.5882176390309954,4,7.280109889280518,0.9240645502905017,1,1,1,1.0,1,1.0,0,cju8a2itsq4dv0755ntlovpxe,kvasir-seg,unet_pvt,polypseg/runs_cv/unet_pvt_seed42_fold4/best.pth,True
0.9141360436081508,0.8418513555286221,0.9861141297761692,0.8519507615254497,0.5490071151278056,0.33656930192952933,4,47.0,5.903963566192521,1,1,1,1.0,1,1.0,0,cju8arof2qpf20850ifr1bnqj,kvasir-seg,unet_pvt,polypseg/runs_cv/unet_pvt_seed42_fold4/best.pth,True
0.9099902225748548,0.8348459265424772,0.8741436463991806,0.9489024828961388,0.7283020854780545,0.6802610414876131,4,23.044501229618373,2.899907024426613,1,1,1,1.0,1,1.0,0,cju8at3s1qqqx0850hcq8nmnq,kvasir-seg,unet_pvt,polypseg/runs_cv/unet_pvt_seed42_fold4/best.pth,True
0.49530115335194547,0.32916962384553167,0.329942377462012,0.9929351316528265,0.31547842025913836,0.16255438350053075,4,134.09213246397854,16.396099870816858,1,1,1,1.0,0,0.0,0,cju8auylgqx0z0871u4o4db7o,kvasir-seg,unet_pvt,polypseg/runs_cv/unet_pvt_seed42_fold4/best.pth,True
0.9584094597196137,0.9201403264104328,0.9306959061095039,0.9878241341789913,0.619868284154756,0.4529330356267878,4,27.40153012783908,3.353179561152563,1,1,1,1.0,1,1.0,0,cju8aw9n1qyg10801jkjlmors,kvasir-seg,unet_pvt,polypseg/runs_cv/unet_pvt_seed42_fold4/best.pth,True
0.9717770850152311,0.9451035090281235,0.9763833272646275,0.9672141000391159,0.6944415106772251,0.5263232686434611,4,16.0,2.0848520409696683,1,1,1,1.0,1,1.0,0,cju8bh8surexp0987o5pzklk1,kvasir-seg,unet_pvt,polypseg/runs_cv/unet_pvt_seed42_fold4/best.pth,True
0.785322474958747,0.6465275423055808,0.6522577434984069,0.9865939131615475,0.5562633960050719,0.48415048717589443,4,74.86684603668485,9.154334874645286,1,1,1,1.0,1,1.0,0,cju8bi8q7rlmn0871abc5ch8k,kvasir-seg,unet_pvt,polypseg/runs_cv/unet_pvt_seed42_fold4/best.pth,True
0.9734281364992708,0.9482318492343711,0.9820762052838955,0.9649310463347025,0.8888229602263183,0.572905900116417,4,5.0,0.6019327549042063,1,1,1,1.0,1,1.0,0,cju8bm24yrrdp081829mbo8ic,kvasir-seg,unet_pvt,polypseg/runs_cv/unet_pvt_seed42_fold4/best.pth,True
0.9431610055312052,0.892435849232902,0.9002417806422591,0.9903774691948753,0.7192394420207568,0.5230247491250847,4,65.26872987344656,7.851261238487757,1,1,1,1.0,1,1.0,0,cju8bn7m2rmm70817hgxpb1uq,kvasir-seg,unet_pvt,polypseg/runs_cv/unet_pvt_seed42_fold4/best.pth,True
0.977214357623683,0.955443953391099,0.9741520563617313,0.9802959726246742,0.8672469254428903,0.7238931332307437,4,6.324555320336759,0.7733342647720532,1,1,1,1.0,1,1.0,0,cju8bop5jrsid08716i24fqda,kvasir-seg,unet_pvt,polypseg/runs_cv/unet_pvt_seed42_fold4/best.pth,True
0.8672458805898846,0.7656082337105119,0.9925740149283998,0.7700188484210342,0.7229983454528228,0.5996155834888844,4,92.0869154657707,11.764744286621038,1,1,1,1.0,1,1.0,0,cju8buos5rz9b08715lfr0f4f,kvasir-seg,unet_pvt,polypseg/runs_cv/unet_pvt_seed42_fold4/best.pth,True
0.73309186515746,0.5786464266792112,0.9632201956746428,0.5917205864889352,0.37987360162447303,0.2555448095219984,4,139.12134982885937,17.675243931912036,1,1,1,1.0,1,1.0,0,cju8bw697rwg308177tg8huas,kvasir-seg,unet_pvt,polypseg/runs_cv/unet_pvt_seed42_fold4/best.pth,True
0.9737555460998313,0.948853406611985,0.9956745469436058,0.9527808173534593,0.6922044514240377,0.610761807240438,4,8.48528137423857,1.0501762803200665,1,1,1,1.0,1,1.0,0,cju8c5mxls96t0850wvkvsity,kvasir-seg,unet_pvt,polypseg/runs_cv/unet_pvt_seed42_fold4/best.pth,True
0.9640733606884447,0.9306386418724959,0.9630893819196095,0.9650593521528903,0.7794392531176761,0.5307257058452,4,14.667266917626122,1.8046912879992496,1,1,1,1.0,1,1.0,0,cju8ca4geseia0850i2ru11hw,kvasir-seg,unet_pvt,polypseg/runs_cv/unet_pvt_seed42_fold4/best.pth,True
0.9695188266056707,0.94084089223304,0.990748528171961,0.9491798561123764,0.6920146480766949,0.4605175864897986,4,6.391338899868428,0.7821208110442195,1,1,1,1.0,1,1.0,0,cju8chdlqsu620755azjty1tj,kvasir-seg,unet_pvt,polypseg/runs_cv/unet_pvt_seed42_fold4/best.pth,True
0.9863973529962882,0.9731598037082434,0.9973760167891307,0.9756577540065212,0.9872282089231472,0.8621411698196042,4,3.0,0.3671159470484284,1,1,1,1.0,1,1.0,0,cju8cj10qsrau0871o2dr6ai1,kvasir-seg,unet_pvt,polypseg/runs_cv/unet_pvt_seed42_fold4/best.pth,True
0.861476780856674,0.756661582628843,0.9916808748280567,0.7614952258396842,0.5623978283227293,0.39076509070599513,4,65.2590485600901,7.8500966605889575,1,1,1,1.0,1,1.0,0,cju8cwy02t9eq08185qn12c02,kvasir-seg,unet_pvt,polypseg/runs_cv/unet_pvt_seed42_fold4/best.pth,True
0.9703286064099028,0.9423672566319559,0.9968989526593125,0.945137848777139,0.9561440125278805,0.643100250961135,4,4.123105625617661,0.5048819785874262,1,1,1,1.0,1,1.0,0,cju8dk7eztzup08182yxko5zh,kvasir-seg,unet_pvt,polypseg/runs_cv/unet_pvt_seed42_fold4/best.pth,True
0.981615862577397,0.9638954756912634,0.9739973125408286,0.9893545359171797,0.8514296853011399,0.4158546691820087,9,50.06245482249571,2.908836567537845,1,1,1,1.0,1,1.0,0,cju8dn0c3u2v50801k8rvq02f,kvasir-seg,unet_pvt,polypseg/runs_cv/unet_pvt_seed42_fold4/best.pth,True
0.7010588547523076,0.5397156424809564,0.5478053175809897,0.9733672172783396,0.5750625504498623,0.4192296694257411,4,127.47548783981962,15.597256122499019,1,1,1,1.0,1,1.0,0,cju8dpa89u6l80818dj6lldh9,kvasir-seg,unet_pvt,polypseg/runs_cv/unet_pvt_seed42_fold4/best.pth,True
0.8863411869469899,0.7958821647692561,0.7958821647692561,0.999999999996346,0.5066148783003873,0.0882520990150446,5,33.83784863137726,3.6698500798468108,1,1,1,1.0,1,1.0,0,cjyzu9th0qt4r0a46pyl4zik0,kvasir-seg,unet_pvt,polypseg/runs_cv/unet_pvt_seed42_fold4/best.pth,True
0.9657560645858513,0.9337797704360021,0.9433147027303331,0.9892912027497924,0.627778130172312,0.3286410531006895,5,50.416227186558324,5.467841569413491,1,1,1,1.0,1,1.0,0,cjyzufihqquiw0a46jatrbwln,kvasir-seg,unet_pvt,polypseg/runs_cv/unet_pvt_seed42_fold4/best.pth,True
0.9635942727567797,0.9297461866791155,0.9346508766518999,0.994387538042029,0.6454584280735762,0.2869678835112545,5,12.815936051122403,1.3899395452969392,1,1,1,1.0,1,1.0,0,cjyzurzvohqnr0794es1itzek,kvasir-seg,unet_pvt,polypseg/runs_cv/unet_pvt_seed42_fold4/best.pth,True
0.9491766565657368,0.9032694814940746,0.9539015542644269,0.9444983352097515,0.6589731673721427,0.4574959847766784,4,20.09938269252663,2.507738914582321,2,1,1,0.5,1,0.5,0,ck2bxknhjvs1x0794iogrq49k,kvasir-seg,unet_pvt,polypseg/runs_cv/unet_pvt_seed42_fold4/best.pth,True
0.2580077939353246,0.14811076251494174,0.9201694915098276,0.15003869113378832,0.15789392232411023,0.04626631660157202,5,170.6404042984722,18.506634631586852,1,1,0,0.0,0,0.0,1,ck2bxqz3evvg20794iiyv5v2m,kvasir-seg,unet_pvt,polypseg/runs_cv/unet_pvt_seed42_fold4/best.pth,True
0.931699381843766,0.8721322126086323,0.8907228465935773,0.9766278646736238,0.5866481347080663,0.27857650967601993,4,8.46413019294154,1.0722467711229462,2,2,2,1.0,2,1.0,0,ck2bxskgxxzfv08386xkqtqdy,kvasir-seg,unet_pvt,polypseg/runs_cv/unet_pvt_seed42_fold4/best.pth,True
0.9521484547737407,0.9086673194418453,0.9314044438259451,0.9738375248743483,0.6907002785531495,0.41116828831418345,4,13.30392053889424,1.747679996643012,1,1,1,1.0,1,1.0,0,149,cvc-300,unet_pvt,polypseg/runs_cv/unet_pvt_seed42_fold4/best.pth,True
0.9298175585223184,0.8688402299316826,0.900491177001544,0.9611183923063874,0.6917425336930763,0.4555384481498738,4,20.00374765917512,2.6278080615130133,1,1,1,1.0,1,1.0,0,150,cvc-300,unet_pvt,polypseg/runs_cv/unet_pvt_seed42_fold4/best.pth,True
0.9072850100386807,0.8303034353640535,0.9718375968006583,0.8507738665877909,0.6360713000121283,0.4480726046027354,4,18.0,2.3645841725832257,1,1,1,1.0,1,1.0,0,151,cvc-300,unet_pvt,polypseg/runs_cv/unet_pvt_seed42_fold4/best.pth,True
0.869174132237245,0.7686188979359252,0.777194006611032,0.9858482803934026,0.5376888761332173,0.47547879671891385,4,22.80350850198276,2.995600849064192,1,1,1,1.0,1,1.0,0,152,cvc-300,unet_pvt,polypseg/runs_cv/unet_pvt_seed42_fold4/best.pth,True
0.7826006076741409,0.6428462282858307,0.6642981209502379,0.9521689928257098,0.48304313842960067,0.39092648570421473,4,44.944372988883636,5.90415294534396,1,1,1,1.0,1,1.0,0,153,cvc-300,unet_pvt,polypseg/runs_cv/unet_pvt_seed42_fold4/best.pth,True
0.5197768302628146,0.3511476113126248,0.35571490656126,0.9647247011200141,0.29384881361414794,0.23124491414371837,4,193.12994246703593,25.37066695608123,1,1,1,1.0,0,0.0,0,154,cvc-300,unet_pvt,polypseg/runs_cv/unet_pvt_seed42_fold4/best.pth,True
0.8913146205420502,0.8039382831744613,0.8440884274514983,0.9441385523981966,0.48772104083488244,0.16035784869017,4,19.582132718111993,2.5724222828150975,1,1,1,1.0,1,1.0,0,155,cvc-300,unet_pvt,polypseg/runs_cv/unet_pvt_seed42_fold4/best.pth,True
0.8736674427100007,0.7756744995564003,0.9453725802049142,0.8120728929292473,0.21864401793465663,0.14167315956872473,4,12.083045973594572,1.587298848097622,1,1,1,1.0,1,1.0,0,156,cvc-300,unet_pvt,polypseg/runs_cv/unet_pvt_seed42_fold4/best.pth,True
0.9457149119533447,0.8970200970076643,0.9218060105266799,0.970897089694406,0.8760840131079649,0.5368161319648275,4,5.034656829757472,0.6613816585573642,1,1,1,1.0,1,1.0,0,157,cvc-300,unet_pvt,polypseg/runs_cv/unet_pvt_seed42_fold4/best.pth,True
0.92636648908322,0.8628330614347086,0.8806715692953979,0.9770628078667324,0.628830987720043,0.34888855002604624,4,5.8563091106185015,0.7693186573735253,1,1,1,1.0,1,1.0,0,158,cvc-300,unet_pvt,polypseg/runs_cv/unet_pvt_seed42_fold4/best.pth,True
0.9209213051764495,0.853432942003398,0.853432942003398,0.9999999999861053,0.684394497531516,0.29812020944344914,4,7.280109889280518,0.9563573677144073,1,1,1,1.0,1,1.0,0,159,cvc-300,unet_pvt,polypseg/runs_cv/unet_pvt_seed42_fold4/best.pth,True
0.8494899729314448,0.7383594692311416,0.7383594692311416,0.9999999999836628,0.19898543194960733,0.08433630625614201,4,12.0,1.576389448388817,1,1,1,1.0,1,1.0,0,160,cvc-300,unet_pvt,polypseg/runs_cv/unet_pvt_seed42_fold4/best.pth,True
0.8933173720097647,0.8072028505878442,0.859718080769047,0.9296497141883387,0.4489323668163893,0.10297523331069984,4,8.06225774829855,1.0591048370507348,1,1,1,1.0,1,1.0,0,161,cvc-300,unet_pvt,polypseg/runs_cv/unet_pvt_seed42_fold4/best.pth,True
0.8766869095742519,0.780447514630118,0.7983102918464161,0.9721286943327324,0.570368349393668,0.3105324235644117,4,13.089948542807571,1.719571396902869,1,1,1,1.0,1,1.0,0,162,cvc-300,unet_pvt,polypseg/runs_cv/unet_pvt_seed42_fold4/best.pth,True
0.892493356948115,0.8058582425191856,0.8094186163188128,0.9945712523011158,0.46938302828084033,0.23527523817097562,4,12.529964086141668,1.6460085978403793,1,1,1,1.0,1,1.0,0,163,cvc-300,unet_pvt,polypseg/runs_cv/unet_pvt_seed42_fold4/best.pth,True
0.9151572926553138,0.843585237250935,0.8472332538977386,0.9949217535392794,0.6041792353054244,0.2620206438885772,4,11.0,1.4450236610230822,1,1,1,1.0,1,1.0,0,164,cvc-300,unet_pvt,polypseg/runs_cv/unet_pvt_seed42_fold4/best.pth,True
0.9660024400123383,0.9342405411709727,0.9394131139686829,0.9941407884741429,0.9667590688277261,0.6175760255534791,4,4.0,0.525463149462939,1,1,1,1.0,1,1.0,0,165,cvc-300,unet_pvt,polypseg/runs_cv/unet_pvt_seed42_fold4/best.pth,True
0.9540089801123989,0.9120623045262031,0.92551337896126,0.9843150231569535,0.6632142305600899,0.4464305643461913,4,6.0,0.7881947241944085,1,1,1,1.0,1,1.0,0,166,cvc-300,unet_pvt,polypseg/runs_cv/unet_pvt_seed42_fold4/best.pth,True
0.9601944697601933,0.9234365867805558,0.970277573065951,0.9503187778064438,0.9224456174721738,0.642454375861613,4,4.47213595499958,0.5874856609351319,1,1,1,1.0,1,1.0,0,167,cvc-300,unet_pvt,polypseg/runs_cv/unet_pvt_seed42_fold4/best.pth,True
0.9465116279005026,0.8984547461251986,0.9422579327122123,0.9508039026940937,0.8798280806936033,0.47751571066575427,4,5.0,0.6568289368286738,1,1,1,1.0,1,1.0,0,168,cvc-300,unet_pvt,polypseg/runs_cv/unet_pvt_seed42_fold4/best.pth,True
0.9594157264018218,0.9219971421289233,0.9531630170233475,0.9657510124936982,0.8402011279231846,0.5371019200658289,4,6.0,0.7881947241944085,1,1,1,1.0,1,1.0,0,169,cvc-300,unet_pvt,polypseg/runs_cv/unet_pvt_seed42_fold4/best.pth,True
0.9527539219032343,0.9097708187503946,0.9408811289988199,0.9649301850862135,0.5952661400560489,0.33788571786767546,4,8.48528137423857,1.1146756687466535,1,1,1,1.0,1,1.0,0,170,cvc-300,unet_pvt,polypseg/runs_cv/unet_pvt_seed42_fold4/best.pth,True
0.9219550290567442,0.8552101757406856,0.9938555059892551,0.859755982217233,0.5388156968101941,0.2787218131699119,4,38.78457130160223,5.094965746677457,1,1,1,1.0,1,1.0,0,171,cvc-300,unet_pvt,polypseg/runs_cv/unet_pvt_seed42_fold4/best.pth,True
0.9148455161966561,0.8430555555465484,0.8461291014277703,0.9957097791672466,0.578795536334369,0.41510274983872986,4,11.0,1.4450236610230822,1,1,1,1.0,1,1.0,0,172,cvc-300,unet_pvt,polypseg/runs_cv/unet_pvt_seed42_fold4/best.pth,True
0.8949358915187946,0.8098497495758776,0.8175613044508505,0.9884870096689914,0.4296655581767026,0.2734782677002736,4,12.0,1.576389448388817,1,1,1,1.0,1,1.0,0,173,cvc-300,unet_pvt,polypseg/runs_cv/unet_pvt_seed42_fold4/best.pth,True
0.9346420594749345,0.8773033211863918,0.8946776189839689,0.9783437922852425,0.7303690828106906,0.4713123263498832,4,9.0,1.1822920862916129,1,1,1,1.0,1,1.0,0,174,cvc-300,unet_pvt,polypseg/runs_cv/unet_pvt_seed42_fold4/best.pth,True
0.9609482828571854,0.9248320049935549,0.945896267873844,0.976487088515993,0.8663370520397746,0.5425158519143232,4,5.0,0.6568289368286738,1,1,1,1.0,1,1.0,0,175,cvc-300,unet_pvt,polypseg/runs_cv/unet_pvt_seed42_fold4/best.pth,True
0.9217142017019931,0.8547958279306374,0.8661923183139942,0.984841344635683,0.4906186696306913,0.27704534277133586,4,10.0,1.3136578736573477,1,1,1,1.0,1,1.0,0,176,cvc-300,unet_pvt,polypseg/runs_cv/unet_pvt_seed42_fold4/best.pth,True
0.8940209527065229,0.8083525224952024,0.8091147197400825,0.9988360061950488,0.4713941084219434,0.21624052696383778,4,14.0,1.8391210231202866,1,1,1,1.0,1,1.0,0,177,cvc-300,unet_pvt,polypseg/runs_cv/unet_pvt_seed42_fold4/best.pth,True
0.9024019458747193,0.8221606648108347,0.824536059553011,0.9965081923046399,0.5342174268193419,0.21046022492931704,4,11.0,1.4450236610230822,1,1,1,1.0,1,1.0,0,178,cvc-300,unet_pvt,polypseg/runs_cv/unet_pvt_seed42_fold4/best.pth,True
0.8850393700737624,0.7937853107264549,0.8040057224524422,0.9842381786216633,0.407003584043581,0.24847741656665806,4,11.180339887498949,1.4687141523378298,1,1,1,1.0,1,1.0,0,179,cvc-300,unet_pvt,polypseg/runs_cv/unet_pvt_seed42_fold4/best.pth,True
0.9063349917051199,0.8287135318685709,0.8301737756663617,0.9978819748685518,0.3622477273174605,0.18936037192833308,4,13.416407864998739,1.7624569828053958,1,1,1,1.0,1,1.0,0,180,cvc-300,unet_pvt,polypseg/runs_cv/unet_pvt_seed42_fold4/best.pth,True
0.9355252764566768,0.8788609590865516,0.9247511223801995,0.9465534465439904,0.6220301875868286,0.26207879225316355,4,6.4031242374328485,0.841151457050986,1,1,1,1.0,1,1.0,0,181,cvc-300,unet_pvt,polypseg/runs_cv/unet_pvt_seed42_fold4/best.pth,True
0.903966844281208,0.8247623163264394,0.8303241244199442,0.9919438669309779,0.43650000518113696,0.285654011807209,4,9.219544457292887,1.2111327167856758,1,1,1,1.0,1,1.0,0,182,cvc-300,unet_pvt,polypseg/runs_cv/unet_pvt_seed42_fold4/best.pth,True
0.8905712319271195,0.8027295285249142,0.8029509100826951,0.9996566523433535,0.4892697892588573,0.16872137960121608,4,10.0,1.3136578736573477,1,1,1,1.0,1,1.0,0,183,cvc-300,unet_pvt,polypseg/runs_cv/unet_pvt_seed42_fold4/best.pth,True
0.9264038059473336,0.8628978111875534,0.8677920323988144,0.9935064934911332,0.7082850482934986,0.3974261422859182,4,7.0,0.9195605115601433,1,1,1,1.0,1,1.0,0,184,cvc-300,unet_pvt,polypseg/runs_cv/unet_pvt_seed42_fold4/best.pth,True
0.7964138961424927,0.6617008069385123,0.6617008069385123,0.9999999999687305,0.26955739302082854,0.014031756423430235,4,15.0,1.9704868104860214,1,1,1,1.0,1,1.0,0,185,cvc-300,unet_pvt,polypseg/runs_cv/unet_pvt_seed42_fold4/best.pth,True
0.9124700239698744,0.839029768448974,0.8567890114646074,0.975891254142706,0.7229403019801441,0.49804584652291806,4,7.0,0.9195605115601433,1,1,1,1.0,1,1.0,0,186,cvc-300,unet_pvt,polypseg/runs_cv/unet_pvt_seed42_fold4/best.pth,True
0.8974730737272424,0.8140146533756526,0.8172387778042769,0.9951768488517415,0.595742690411262,0.30459560379823825,4,7.565423623376389,0.9938378310401693,1,1,1,1.0,1,1.0,0,187,cvc-300,unet_pvt,polypseg/runs_cv/unet_pvt_seed42_fold4/best.pth,True
0.8943195394711163,0.8088408644241878,0.8088408644241878,0.9999999999757105,0.5071941946146729,0.33600983272754903,4,7.106076496631101,0.9334953340610866,1,1,1,1.0,1,1.0,0,188,cvc-300,unet_pvt,polypseg/runs_cv/unet_pvt_seed42_fold4/best.pth,True
0.947265287297866,0.8998138618099221,0.9233707865064789,0.9724292982963858,0.8094272721721382,0.5120476011589752,4,6.0,0.7881947241944085,1,1,1,1.0,1,1.0,0,189,cvc-300,unet_pvt,polypseg/runs_cv/unet_pvt_seed42_fold4/best.pth,True
0.9012195121890161,0.8201997780143027,0.8203009373357141,0.9998496692573685,0.4833626744466796,0.3605312593794887,4,10.0,1.3136578736573477,1,1,1,1.0,1,1.0,0,190,cvc-300,unet_pvt,polypseg/runs_cv/unet_pvt_seed42_fold4/best.pth,True
0.9578815679693166,0.9191676670594704,0.9210842890294243,0.997741290930434,0.8384280698684544,0.5873491355672309,4,6.0,0.7881947241944085,1,1,1,1.0,1,1.0,0,191,cvc-300,unet_pvt,polypseg/runs_cv/unet_pvt_seed42_fold4/best.pth,True
0.9011295361648588,0.8200507392107422,0.8598422307754554,0.9465818438761326,0.6003834001233561,0.29146613986805053,4,18.929847320699135,2.486734297996786,1,1,1,1.0,1,1.0,0,192,cvc-300,unet_pvt,polypseg/runs_cv/unet_pvt_seed42_fold4/best.pth,True
0.9490154711631987,0.902977584468861,0.9199045671359926,0.9800290486476032,0.7288432611702479,0.44910659324035673,4,6.0,0.7881947241944085,1,1,1,1.0,1,1.0,0,193,cvc-300,unet_pvt,polypseg/runs_cv/unet_pvt_seed42_fold4/best.pth,True
0.9190076186719319,0.8501517999071118,0.8624330864496411,0.9835256731812717,0.6460480600134662,0.4549531966048931,4,15.0,1.9704868104860214,1,1,1,1.0,1,1.0,0,194,cvc-300,unet_pvt,polypseg/runs_cv/unet_pvt_seed42_fold4/best.pth,True
0.8804513929653199,0.7864342713063163,0.7938526761972035,0.9882570259798357,0.5783825011145892,0.3296268560325055,4,19.0,2.4959499599489603,1,1,1,1.0,1,1.0,0,195,cvc-300,unet_pvt,polypseg/runs_cv/unet_pvt_seed42_fold4/best.pth,True
0.9290520599638232,0.8675044091615133,0.8712498616088646,0.9950689088254512,0.7514124673181135,0.3829650281074013,4,8.350438624164084,1.0969619447125578,1,1,1,1.0,1,1.0,0,196,cvc-300,unet_pvt,polypseg/runs_cv/unet_pvt_seed42_fold4/best.pth,True
0.9418282548446466,0.8900523560155861,0.9117248181425734,0.9739874876458743,0.6892288597213364,0.5000630606051115,4,12.0,1.576389448388817,1,1,1,1.0,1,1.0,0,197,cvc-300,unet_pvt,polypseg/runs_cv/unet_pvt_seed42_fold4/best.pth,True
0.8409781045162139,0.7255929398686488,0.7255929398686488,0.9999999999809959,0.25838857574668916,0.033767437006641726,4,16.0,2.101852597851756,1,1,1,1.0,1,1.0,0,198,cvc-300,unet_pvt,polypseg/runs_cv/unet_pvt_seed42_fold4/best.pth,True
0.8870225494656752,0.7969816001571534,0.8059795107588753,0.9861857252368101,0.5752667068219057,0.25146045294014163,4,19.0,2.4959499599489603,1,1,1,1.0,1,1.0,0,199,cvc-300,unet_pvt,polypseg/runs_cv/unet_pvt_seed42_fold4/best.pth,True
0.9036085022154857,0.8241659152240908,0.8393021120139706,0.9785867237477819,0.63479792901374,0.3481235955077941,4,8.0,1.050926298925878,1,1,1,1.0,1,1.0,0,200,cvc-300,unet_pvt,polypseg/runs_cv/unet_pvt_seed42_fold4/best.pth,True
0.8765773344444588,0.7802738553534387,0.7802738553534387,0.9999999999725803,0.5873103537939595,0.32199294346809276,4,10.0,1.3136578736573477,1,1,1,1.0,1,1.0,0,201,cvc-300,unet_pvt,polypseg/runs_cv/unet_pvt_seed42_fold4/best.pth,True
0.872368306102593,0.7736287573537834,0.7736287573537834,0.9999999999899859,0.20927718851104785,0.04458593745075231,4,15.528990929037684,2.039978120388388,1,1,1,1.0,1,1.0,0,202,cvc-300,unet_pvt,polypseg/runs_cv/unet_pvt_seed42_fold4/best.pth,True
0.9242733803405768,0.8592084303288909,0.8648248643208581,0.9924982307007432,0.6588369947492264,0.4989978374791343,4,10.0,1.3136578736573477,1,1,1,1.0,1,1.0,0,203,cvc-300,unet_pvt,polypseg/runs_cv/unet_pvt_seed42_fold4/best.pth,True
0.603148707067435,0.43179163746283816,0.45709693372332966,0.8863581874637652,0.29381960591925854,0.19501443510509373,4,47.01063709417264,6.175589356440805,1,1,1,1.0,0,0.0,0,204,cvc-300,unet_pvt,polypseg/runs_cv/unet_pvt_seed42_fold4/best.pth,True
0.4612457440370394,0.2997527007640277,0.30231031766471106,0.9725506756346052,0.37392357289278766,0.3010930306625408,4,46.87216658103186,6.15739906845513,1,1,1,1.0,0,0.0,0,205,cvc-300,unet_pvt,polypseg/runs_cv/unet_pvt_seed42_fold4/best.pth,True
0.5564568044218301,0.38547984301845384,0.38776242597545735,0.9849589789888351,0.47345732720969813,0.317932199659552,4,43.266615305567875,5.683752986266274,1,1,1,1.0,0,0.0,0,206,cvc-300,unet_pvt,polypseg/runs_cv/unet_pvt_seed42_fold4/best.pth,True
0.5287760302211688,0.3594123267993381,0.3596271064854831,0.9983410749502873,0.4360354169900798,0.3761418873635473,4,51.821777114419326,6.807608553327309,1,1,1,1.0,0,0.0,0,207,cvc-300,unet_pvt,polypseg/runs_cv/unet_pvt_seed42_fold4/best.pth,True
0.5385014708333881,0.368458441857247,0.3695961995161616,0.9917144677506874,0.4711079794667174,0.3486305348671342,4,40.26164427839479,5.289002601270462,1,1,1,1.0,0,0.0,0,208,cvc-300,unet_pvt,polypseg/runs_cv/unet_pvt_seed42_fold4/best.pth,True
0.5653018151094753,0.39402141932214885,0.9976162097586768,0.3943927435481541,0.31090636427884955,0.31090636427884955,2,62.62188077805206,13.046225162094178,1,1,1,1.0,0,0.0,0,1,cvc-clinicdb,unet_pvt,polypseg/runs_cv/unet_pvt_seed42_fold4/best.pth,True
0.900787685644577,0.8194847108975467,0.998733333326675,0.8203373124475942,0.3610871004620902,0.3610871004620902,2,23.476268704511526,4.890889313439901,1,1,1,1.0,1,1.0,0,10,cvc-clinicdb,unet_pvt,polypseg/runs_cv/unet_pvt_seed42_fold4/best.pth,True
0.9760330578445177,0.9531880548701481,0.9700205338676247,0.98212058210697,0.8599456017409364,0.8599456017409364,2,2.8284271247461903,0.5892556509887896,1,1,1,1.0,1,1.0,0,100,cvc-clinicdb,unet_pvt,polypseg/runs_cv/unet_pvt_seed42_fold4/best.pth,True
0.9682399088892304,0.9384351238540786,0.9590174207173955,0.9776414973683705,0.7736170293264366,0.7736170293264366,2,3.1622776601683795,0.6588078458684125,1,1,1,1.0,1,1.0,0,101,cvc-clinicdb,unet_pvt,polypseg/runs_cv/unet_pvt_seed42_fold4/best.pth,True
0.9649510577772974,0.9322757779019856,0.9559559559439945,0.9741170470359032,0.7176047683537601,0.7176047683537601,2,3.605551275463989,0.7511565157216644,1,1,1,1.0,1,1.0,0,102,cvc-clinicdb,unet_pvt,polypseg/runs_cv/unet_pvt_seed42_fold4/best.pth,True
0.9724533567575975,0.9463836636058104,0.9519376707381165,0.9938728079337219,0.7895957904107859,0.7895957904107859,2,3.605551275463989,0.7511565157216644,1,1,1,1.0,1,1.0,0,103,cvc-clinicdb,unet_pvt,polypseg/runs_cv/unet_pvt_seed42_fold4/best.pth,True
0.9305392209240153,0.8701013063125159,0.8823330629840339,0.9843172736109151,0.33503396361470505,0.33503396361470505,2,8.48528137423857,1.7677669529663687,1,1,1,1.0,1,1.0,0,104,cvc-clinicdb,unet_pvt,polypseg/runs_cv/unet_pvt_seed42_fold4/best.pth,True
0.9713110981529522,0.9442223945538136,0.9691403379808404,0.973491604643745,0.7006512277328945,0.7006512277328945,2,4.242640687119285,0.8838834764831843,1,1,1,1.0,1,1.0,0,105,cvc-clinicdb,unet_pvt,polypseg/runs_cv/unet_pvt_seed42_fold4/best.pth,True
0.8458407429328361,0.7328631103147787,0.9847258005062134,0.7412897416309393,0.37731254632277683,0.37731254632277683,2,73.49139044999863,15.310706343749716,1,1,1,1.0,1,1.0,0,106,cvc-clinicdb,unet_pvt,polypseg/runs_cv/unet_pvt_seed42_fold4/best.pth,True
0.9000796178321554,0.8183134274302465,0.9326595854339864,0.8696990095159645,0.3710313037212788,0.3710313037212788,2,37.0,7.708333333333333,1,1,1,1.0,1,1.0,0,107,cvc-clinicdb,unet_pvt,polypseg/runs_cv/unet_pvt_seed42_fold4/best.pth,True
0.8771529536134084,0.7811864994757338,0.9759752321920991,0.7965031077831295,0.6036022513569015,0.6036022513569015,2,56.703597534446416,11.813249486343004,1,1,1,1.0,1,1.0,0,108,cvc-clinicdb,unet_pvt,polypseg/runs_cv/unet_pvt_seed42_fold4/best.pth,True
0.8593067643888859,0.7533197686830514,0.9664102211775902,0.7735745312543378,0.5399298432855035,0.5399298432855035,2,63.0,13.125,1,1,1,1.0,1,1.0,0,109,cvc-clinicdb,unet_pvt,polypseg/runs_cv/unet_pvt_seed42_fold4/best.pth,True
0.7017069337303933,0.540484234231191,0.9863337443384058,0.5445623191663665,0.364270264177652,0.364270264177652,2,55.326304774492215,11.526313494685878,1,1,1,1.0,1,1.0,0,11,cvc-clinicdb,unet_pvt,polypseg/runs_cv/unet_pvt_seed42_fold4/best.pth,True
0.8883169251208881,0.7990738954242752,0.9744024091804329,0.8162074809790066,0.5287332131106631,0.5287332131106631,2,53.8744502959774,11.223843811661958,1,1,1,1.0,1,1.0,0,110,cvc-clinicdb,unet_pvt,polypseg/runs_cv/unet_pvt_seed42_fold4/best.pth,True
0.8789784228414682,0.7840869799040144,0.9807304180635236,0.7963555486155909,0.4610449790348229,0.4610449790348229,2,58.643373171782116,12.21736941078794,1,1,1,1.0,1,1.0,0,111,cvc-clinicdb,unet_pvt,polypseg/runs_cv/unet_pvt_seed42_fold4/best.pth,True
0.8704535637130227,0.7706222035230004,0.9802977232877004,0.7827454940926711,0.5536584114466528,0.5536584114466528,2,63.78125856384429,13.287762200800895,1,1,1,1.0,1,1.0,0,112,cvc-clinicdb,unet_pvt,polypseg/runs_cv/unet_pvt_seed42_fold4/best.pth,True
0.8702701537248652,0.7703347455980368,0.9867983571240622,0.7783562806094397,0.585082738806184,0.585082738806184,2,65.6241430921898,13.671696477539541,1,1,1,1.0,1,1.0,0,113,cvc-clinicdb,unet_pvt,polypseg/runs_cv/unet_pvt_seed42_fold4/best.pth,True
0.871779568286628,0.7727032269418306,0.7892888235093835,0.9735253823046857,0.3070694325226582,0.3070694325226582,2,114.9738368197588,23.952882670783083,1,2,1,1.0,1,1.0,1,114,cvc-clinicdb,unet_pvt,polypseg/runs_cv/unet_pvt_seed42_fold4/best.pth,True
0.5066719188512153,0.3392904246878179,0.9443832598945598,0.3462081959467989,0.2556115845971267,0.2556115845971267,2,176.75122892785805,36.82317269330376,1,1,1,1.0,0,0.0,0,115,cvc-clinicdb,unet_pvt,polypseg/runs_cv/unet_pvt_seed42_fold4/best.pth,True
0.5126824429620108,0.3447027439002496,0.9921389396527945,0.34564677408862077,0.42255888148672865,0.42255888148672865,2,178.104429000188,37.105089375039164,1,1,1,1.0,0,0.0,0,116,cvc-clinicdb,unet_pvt,polypseg/runs_cv/unet_pvt_seed42_fold4/best.pth,True
0.5363621854522723,0.3664582727510435,0.9759922555474154,0.36979166666395397,0.3587002506909494,0.3587002506909494,2,172.1509341322564,35.86477794422009,1,1,1,1.0,0,0.0,0,117,cvc-clinicdb,unet_pvt,polypseg/runs_cv/unet_pvt_seed42_fold4/best.pth,True
0.3484220592904663,0.21096313452865623,0.999085923187109,0.21100386100250318,0.14945730989478723,0.14945730989478723,2,197.98482446049113,41.24683842926898,1,1,0,0.0,0,0.0,1,118,cvc-clinicdb,unet_pvt,polypseg/runs_cv/unet_pvt_seed42_fold4/best.pth,True
0.4980003477627195,0.3315582310694485,0.976585587611353,0.33421503033814987,0.3257308220834877,0.3257308220834877,2,179.0111728356641,37.293994340763355,1,1,1,1.0,0,0.0,0,119,cvc-clinicdb,unet_pvt,polypseg/runs_cv/unet_pvt_seed42_fold4/best.pth,True
0.6518233558161577,0.48348512684015366,0.9974195629304295,0.4840906422430273,0.38953569527048054,0.38953569527048054,2,78.7819456102526,16.412905335469294,1,1,1,1.0,0,0.0,0,12,cvc-clinicdb,unet_pvt,polypseg/runs_cv/unet_pvt_seed42_fold4/best.pth,True
0.49982456140131654,0.33317740614937913,0.968388851105228,0.33684086072158403,0.22246254003233049,0.22246254003233049,2,179.11811735732744,37.31627444944321,1,1,1,1.0,0,0.0,0,120,cvc-clinicdb,unet_pvt,polypseg/runs_cv/unet_pvt_seed42_fold4/best.pth,True
0.4889574608750762,0.32358947429649576,0.9917739627862702,0.32446030538627235,0.2759200506190235,0.2759200506190235,2,187.5438613600519,39.071637783344144,1,1,1,1.0,0,0.0,0,121,cvc-clinicdb,unet_pvt,polypseg/runs_cv/unet_pvt_seed42_fold4/best.pth,True
0.5401478791000123,0.37000177714371185,0.9964901084716578,0.3704846076257756,0.06923072226038689,0.06923072226038689,2,104.91772104597283,21.85785855124434,1,1,1,1.0,0,0.0,0,122,cvc-clinicdb,unet_pvt,polypseg/runs_cv/unet_pvt_seed42_fold4/best.pth,True
0.7118119457892261,0.5525683485904762,0.9962533661047154,0.5537190082608595,0.2666716055505722,0.2666716055505722,2,132.01893781813766,27.503945378778678,1,1,1,1.0,1,1.0,0,123,cvc-clinicdb,unet_pvt,polypseg/runs_cv/unet_pvt_seed42_fold4/best.pth,True
0.7234554894998741,0.5667295449153105,0.9927715819806611,0.5690777790898006,0.19174361393226982,0.19174361393226982,2,120.67702279545671,25.141046415720147,1,1,1,1.0,1,1.0,0,124,cvc-clinicdb,unet_pvt,polypseg/runs_cv/unet_pvt_seed42_fold4/best.pth,True
0.8749735785200011,0.7777360262961227,0.9695514697157799,0.7972075108252555,0.4920563314332495,0.4920563314332495,2,44.181444068749045,9.204467514322717,1,1,1,1.0,1,1.0,0,125,cvc-clinicdb,unet_pvt,polypseg/runs_cv/unet_pvt_seed42_fold4/best.pth,True
0.868257705474806,0.7671867612220596,0.9957044673417317,0.7697343453437406,0.6411577621589841,0.6411577621589841,2,53.46727099422138,11.139014790462788,1,1,1,1.0,1,1.0,0,126,cvc-clinicdb,unet_pvt,polypseg/runs_cv/unet_pvt_seed42_fold4/best.pth,True
0.9319381255602189,0.8725506900515838,0.8726993864881953,0.9998047637446349,0.5551818700859272,0.5551818700859272,2,5.656854249492381,1.1785113019775793,1,1,1,1.0,1,1.0,0,127,cvc-clinicdb,unet_pvt,polypseg/runs_cv/unet_pvt_seed42_fold4/best.pth,True
0.9539438036925927,0.9119431700323821,0.9135656041376788,0.9980563653871387,0.6033004739730886,0.6033004739730886,2,4.123105625617661,0.858980338670346,1,1,1,1.0,1,1.0,0,128,cvc-clinicdb,unet_pvt,polypseg/runs_cv/unet_pvt_seed42_fold4/best.pth,True
0.9661628831856687,0.9345407196859074,0.9362030119656563,0.9981036662326409,0.7204818777181049,0.7204818777181049,2,3.605551275463989,0.7511565157216644,1,1,1,1.0,1,1.0,0,129,cvc-clinicdb,unet_pvt,polypseg/runs_cv/unet_pvt_seed42_fold4/best.pth,True
0.8741911151658494,0.776500458418954,0.9835626228248743,0.7867095391154932,0.5035544979308472,0.5035544979308472,2,28.35252453685614,5.906775945178363,1,1,1,1.0,1,1.0,0,13,cvc-clinicdb,unet_pvt,polypseg/runs_cv/unet_pvt_seed42_fold4/best.pth,True
0.9614734072497582,0.9258052841030961,0.9284094002274892,0.9969794406996298,0.6427060810838151,0.6427060810838151,2,4.815247584249841,1.0031765800520502,1,1,1,1.0,1,1.0,0,130,cvc-clinicdb,unet_pvt,polypseg/runs_cv/unet_pvt_seed42_fold4/best.pth,True
0.9690454124144159,0.9399496583878105,0.9501999272905288,0.9886535552100164,0.679947798762639,0.679947798762639,2,4.123105625617661,0.858980338670346,1,1,1,1.0,1,1.0,0,131,cvc-clinicdb,unet_pvt,polypseg/runs_cv/unet_pvt_seed42_fold4/best.pth,True
0.974174506539622,0.9496493436261527,0.9635103083203155,0.9850774109124216,0.9631586674432883,0.9631586674432883,2,2.0,0.4166666666666667,1,1,1,1.0,1,1.0,0,132,cvc-clinicdb,unet_pvt,polypseg/runs_cv/unet_pvt_seed42_fold4/best.pth,True
0.9750848651702101,0.9513810773534386,0.9609897740062998,0.9895995839704941,0.9020325101589075,0.9020325101589075,2,3.0,0.625,1,1,1,1.0,1,1.0,0,133,cvc-clinicdb,unet_pvt,polypseg/runs_cv/unet_pvt_seed42_fold4/best.pth,True
0.9768438515174062,0.9547358464943286,0.9620149761611707,0.9921370401433286,0.9308748117287686,0.9308748117287686,2,2.23606797749979,0.4658474953124562,1,1,1,1.0,1,1.0,0,134,cvc-clinicdb,unet_pvt,polypseg/runs_cv/unet_pvt_seed42_fold4/best.pth,True
0.8894839479556146,0.8009645122356713,0.8248313090373828,0.9651339060070419,0.6339023312874124,0.6339023312874124,2,81.49233092751734,16.97756894323278,1,1,1,1.0,1,1.0,0,135,cvc-clinicdb,unet_pvt,polypseg/runs_cv/unet_pvt_seed42_fold4/best.pth,True
0.9713869675974831,0.9443657984078117,0.9489331436632366,0.9949291573378454,0.7586216331377208,0.7586216331377208,2,5.0,1.0416666666666667,1,1,1,1.0,1,1.0,0,136,cvc-clinicdb,unet_pvt,polypseg/runs_cv/unet_pvt_seed42_fold4/best.pth,True
0.9684149280983775,0.9387639996701412,0.9402033569969318,0.9983718937360893,0.7267563363008439,0.7267563363008439,2,5.0,1.0416666666666667,1,1,1,1.0,1,1.0,0,137,cvc-clinicdb,unet_pvt,polypseg/runs_cv/unet_pvt_seed42_fold4/best.pth,True
0.9734354139962035,0.9482456605926628,0.9532550693652441,0.9944886711518427,0.6672292034391709,0.6672292034391709,2,5.0,1.0416666666666667,1,1,1,1.0,1,1.0,0,138,cvc-clinicdb,unet_pvt,polypseg/runs_cv/unet_pvt_seed42_fold4/best.pth,True
0.9736091469091455,0.9485754320366717,0.9516423785157601,0.9966139954804366,0.5901678109273027,0.5901678109273027,2,5.0,1.0416666666666667,1,1,1,1.0,1,1.0,0,139,cvc-clinicdb,unet_pvt,polypseg/runs_cv/unet_pvt_seed42_fold4/best.pth,True
0.26575240919100906,0.15323787133937491,0.9481618619162084,0.15453252295290945,0.31287543484067554,0.31287543484067554,2,143.8105099273656,29.960522901534496,1,1,0,0.0,0,0.0,1,14,cvc-clinicdb,unet_pvt,polypseg/runs_cv/unet_pvt_seed42_fold4/best.pth,True
0.9829233496152718,0.9664201309148753,0.969015044960282,0.9972367209044377,0.8621024530730766,0.8621024530730766,2,4.0,0.8333333333333334,1,1,1,1.0,1,1.0,0,140,cvc-clinicdb,unet_pvt,polypseg/runs_cv/unet_pvt_seed42_fold4/best.pth,True
0.9695552766825918,0.9409095458912251,0.9728163377915937,0.966316005890531,0.5161482288145861,0.5161482288145861,2,6.708203932499369,1.3975424859373686,1,1,1,1.0,1,1.0,0,141,cvc-clinicdb,unet_pvt,polypseg/runs_cv/unet_pvt_seed42_fold4/best.pth,True
0.9705345812163496,0.9427558842754237,0.9460357957364179,0.9963359524447488,0.6028555344358817,0.6028555344358817,2,6.708203932499369,1.3975424859373686,1,1,1,1.0,1,1.0,0,142,cvc-clinicdb,unet_pvt,polypseg/runs_cv/unet_pvt_seed42_fold4/best.pth,True
0.9376501305385101,0.8826189539739949,0.894401275136593,0.9852941176254325,0.6265585534915867,0.6265585534915867,2,5.0,1.0416666666666667,1,1,1,1.0,1,1.0,0,143,cvc-clinicdb,unet_pvt,polypseg/runs_cv/unet_pvt_seed42_fold4/best.pth,True
0.9734534249793391,0.9482798429869067,0.9522374217426834,0.9956363636303295,0.6893977105189903,0.6893977105189903,2,5.0,1.0416666666666667,1,1,1,1.0,1,1.0,0,144,cvc-clinicdb,unet_pvt,polypseg/runs_cv/unet_pvt_seed42_fold4/best.pth,True
0.9872727272705382,0.9748653500854978,0.9868788510085248,0.9876669180560416,0.8957577184109958,0.8957577184109958,2,2.8284271247461903,0.5892556509887896,1,1,1,1.0,1,1.0,0,145,cvc-clinicdb,unet_pvt,polypseg/runs_cv/unet_pvt_seed42_fold4/best.pth,True
0.981633520500701,0.9639295285753529,0.9856687182668329,0.9776312271589981,0.8341523073199903,0.8341523073199903,2,2.8284271247461903,0.5892556509887896,1,1,1,1.0,1,1.0,0,146,cvc-clinicdb,unet_pvt,polypseg/runs_cv/unet_pvt_seed42_fold4/best.pth,True
0.980722714941799,0.9621746008847822,0.971183857146177,0.9904508105633988,0.8333505027433133,0.8333505027433133,2,3.605551275463989,0.7511565157216644,1,1,1,1.0,1,1.0,0,147,cvc-clinicdb,unet_pvt,polypseg/runs_cv/unet_pvt_seed42_fold4/best.pth,True
0.966604642047955,0.935367702796291,0.9391949757261471,0.9956622616665423,0.7006630380960382,0.7006630380960382,2,3.605551275463989,0.7511565157216644,1,1,1,1.0,1,1.0,0,148,cvc-clinicdb,unet_pvt,polypseg/runs_cv/unet_pvt_seed42_fold4/best.pth,True
0.9729988306528489,0.9474174515997575,0.9512575348061602,0.995757180145825,0.7899887311007198,0.7899887311007198,2,3.1622776601683795,0.6588078458684125,1,1,1,1.0,1,1.0,0,149,cvc-clinicdb,unet_pvt,polypseg/runs_cv/unet_pvt_seed42_fold4/best.pth,True
0.37976546127351013,0.23438919008108983,0.9867917969993419,0.23512685310373208,0.2583282619538571,0.2583282619538571,2,159.5982240898297,33.24963001871452,1,2,0,0.0,0,0.0,2,15,cvc-clinicdb,unet_pvt,polypseg/runs_cv/unet_pvt_seed42_fold4/best.pth,True
0.9607116382450778,0.9243937232423527,0.9316522893062192,0.9916421424250541,0.6761918436376285,0.6761918436376285,2,4.0,0.8333333333333334,1,1,1,1.0,1,1.0,0,150,cvc-clinicdb,unet_pvt,polypseg/runs_cv/unet_pvt_seed42_fold4/best.pth,True
0.9583156704750719,0.9199674443716771,0.9295504385837507,0.988918051895758,0.674661109427811,0.674661109427811,2,4.0,0.8333333333333334,1,1,1,1.0,1,1.0,0,151,cvc-clinicdb,unet_pvt,polypseg/runs_cv/unet_pvt_seed42_fold4/best.pth,True
0.9614684390329414,0.9257960712697478,0.9935570331375003,0.9313877077651169,0.559560161901963,0.559560161901963,2,8.06225774829855,1.679637030895531,1,1,1,1.0,1,1.0,0,152,cvc-clinicdb,unet_pvt,polypseg/runs_cv/unet_pvt_seed42_fold4/best.pth,True
0.929591987031009,0.8684464015292632,0.8692837465445002,0.9988920544317997,0.5130889552698713,0.5130889552698713,2,7.0710678118654755,1.473139127471974,1,1,1,1.0,1,1.0,0,153,cvc-clinicdb,unet_pvt,polypseg/runs_cv/unet_pvt_seed42_fold4/best.pth,True
0.0,0.0,0.0,0.0,0.0,0.0,2,170.0404324343222,35.42509009048379,1,1,0,0.0,0,0.0,1,154,cvc-clinicdb,unet_pvt,polypseg/runs_cv/unet_pvt_seed42_fold4/best.pth,True
0.8963715529493071,0.8122041030609045,0.8747875353612018,0.9190476189929138,0.704121766764367,0.704121766764367,2,5.674926414146512,1.1822763362805233,1,1,1,1.0,1,1.0,0,155,cvc-clinicdb,unet_pvt,polypseg/runs_cv/unet_pvt_seed42_fold4/best.pth,True
0.9666737422949833,0.9354971240563785,0.9629942905273209,0.9703814191142046,0.8858503632732168,0.8858503632732168,2,3.0,0.625,1,1,1,1.0,1,1.0,0,156,cvc-clinicdb,unet_pvt,polypseg/runs_cv/unet_pvt_seed42_fold4/best.pth,True
0.9642715886554761,0.9310081466276603,0.9538341157935076,0.9749400159827387,0.8047489862339766,0.8047489862339766,2,4.129082378692736,0.8602254955609868,1,1,1,1.0,1,1.0,0,157,cvc-clinicdb,unet_pvt,polypseg/runs_cv/unet_pvt_seed42_fold4/best.pth,True
0.9570379965354378,0.9176154005191965,0.9291553133320236,0.9866458935903262,0.9097736154275033,0.9097736154275033,2,3.0,0.625,1,1,1,1.0,1,1.0,0,158,cvc-clinicdb,unet_pvt,polypseg/runs_cv/unet_pvt_seed42_fold4/best.pth,True
0.9243172951645171,0.8592843326470366,0.8723613156174589,0.9828539822465235,0.813991763304126,0.813991763304126,2,3.0243416490252533,0.630071176880261,1,1,1,1.0,1,1.0,0,159,cvc-clinicdb,unet_pvt,polypseg/runs_cv/unet_pvt_seed42_fold4/best.pth,True
0.911219111500368,0.8369168866988945,0.9910661107654696,0.8432788546706793,0.686973378398027,0.686973378398027,2,17.69180601295413,3.6857929193654444,1,1,1,1.0,1,1.0,0,16,cvc-clinicdb,unet_pvt,polypseg/runs_cv/unet_pvt_seed42_fold4/best.pth,True
0.9755392215870855,0.9522465302169812,0.9658792650803402,0.9853943524709664,0.9417087019621283,0.9417087019621283,2,2.23606797749979,0.4658474953124562,1,1,1,1.0,1,1.0,0,160,cvc-clinicdb,unet_pvt,polypseg/runs_cv/unet_pvt_seed42_fold4/best.pth,True
0.9305989002685303,0.870205669792379,0.8780145821402688,0.9898830224157483,0.6441243831324887,0.6441243831324887,2,5.0,1.0416666666666667,1,1,1,1.0,1,1.0,0,161,cvc-clinicdb,unet_pvt,polypseg/runs_cv/unet_pvt_seed42_fold4/best.pth,True
0.9614803625286868,0.9258181818013488,0.9280116639160195,0.9974534769638109,0.8360565948807113,0.8360565948807113,2,3.0,0.625,1,1,1,1.0,1,1.0,0,162,cvc-clinicdb,unet_pvt,polypseg/runs_cv/unet_pvt_seed42_fold4/best.pth,True
0.957652303111463,0.9187455452437857,0.9197288619172364,0.9988376598024247,0.7615564763945731,0.7615564763945731,2,4.242640687119285,0.8838834764831843,1,1,1,1.0,1,1.0,0,163,cvc-clinicdb,unet_pvt,polypseg/runs_cv/unet_pvt_seed42_fold4/best.pth,True
0.9468199233571368,0.8990104772730206,0.9187983342974778,0.9766044893779133,0.7565216891342189,0.7565216891342189,2,4.123105625617661,0.858980338670346,1,1,1,1.0,1,1.0,0,164,cvc-clinicdb,unet_pvt,polypseg/runs_cv/unet_pvt_seed42_fold4/best.pth,True
0.9577540106887851,0.918932786032338,0.9410219361494677,0.9750918742211094,0.6634956675262752,0.6634956675262752,2,4.0,0.8333333333333334,1,1,1,1.0,1,1.0,0,165,cvc-clinicdb,unet_pvt,polypseg/runs_cv/unet_pvt_seed42_fold4/best.pth,True
0.9627913135529476,0.9282522660420242,0.9355378280888377,0.9916803054965674,0.7097374384975678,0.7097374384975678,2,3.605551275463989,0.7511565157216644,1,1,1,1.0,1,1.0,0,166,cvc-clinicdb,unet_pvt,polypseg/runs_cv/unet_pvt_seed42_fold4/best.pth,True
0.9552197802066591,0.9142782013958907,0.9205718824220129,0.9925777904369804,0.8339222114847262,0.8339222114847262,2,4.0,0.8333333333333334,1,1,1,1.0,1,1.0,0,167,cvc-clinicdb,unet_pvt,polypseg/runs_cv/unet_pvt_seed42_fold4/best.pth,True
0.9571680031199181,0.9178544635986899,0.928476569893218,0.9876892028054957,0.8221670302317361,0.8221670302317361,2,2.8284271247461903,0.5892556509887896,1,1,1,1.0,1,1.0,0,168,cvc-clinicdb,unet_pvt,polypseg/runs_cv/unet_pvt_seed42_fold4/best.pth,True
0.9712283840118423,0.9440660773664097,0.9578065274778329,0.9850317508166763,0.8522708067154138,0.8522708067154138,2,3.0,0.625,1,1,1,1.0,1,1.0,0,169,cvc-clinicdb,unet_pvt,polypseg/runs_cv/unet_pvt_seed42_fold4/best.pth,True
0.8092517654494594,0.6796161791118837,0.9936671862724701,0.6825726141033156,0.5668459927916383,0.5668459927916383,2,42.1965634293662,8.790950714451292,1,1,1,1.0,1,1.0,0,17,cvc-clinicdb,unet_pvt,polypseg/runs_cv/unet_pvt_seed42_fold4/best.pth,True
0.9555624291065515,0.9149062191329732,0.9209062002996641,0.9929290764732606,0.6953425500392777,0.6953425500392777,2,3.1622776601683795,0.6588078458684125,1,1,1,1.0,1,1.0,0,170,cvc-clinicdb,unet_pvt,polypseg/runs_cv/unet_pvt_seed42_fold4/best.pth,True
0.9655429316356346,0.933381346760292,0.9365853658367375,0.9963482605997243,0.816627907248843,0.816627907248843,2,3.0,0.625,1,1,1,1.0,1,1.0,0,171,cvc-clinicdb,unet_pvt,polypseg/runs_cv/unet_pvt_seed42_fold4/best.pth,True
0.9584714984847865,0.9202546997901682,0.9425465838216601,0.9749437840997449,0.8888809648111922,0.8888809648111922,2,2.8284271247461903,0.5892556509887896,1,1,1,1.0,1,1.0,0,172,cvc-clinicdb,unet_pvt,polypseg/runs_cv/unet_pvt_seed42_fold4/best.pth,True
0.9571915410066888,0.9178977527001709,0.9735992402566609,0.9413277017634621,0.7471500542272645,0.7471500542272645,2,13.25,2.7604166666666665,1,1,1,1.0,1,1.0,0,173,cvc-clinicdb,unet_pvt,polypseg/runs_cv/unet_pvt_seed42_fold4/best.pth,True
0.9420253376921637,0.8904044409128437,0.9151520091212392,0.9705246780104544,0.5140683911042278,0.5140683911042278,2,7.0710678118654755,1.473139127471974,1,1,1,1.0,1,1.0,0,174,cvc-clinicdb,unet_pvt,polypseg/runs_cv/unet_pvt_seed42_fold4/best.pth,True
0.9679202048761022,0.9378346610882993,0.9911663215942638,0.9457394968988163,0.6399137983276642,0.6399137983276642,2,6.324555320336759,1.317615691736825,1,1,1,1.0,1,1.0,0,175,cvc-clinicdb,unet_pvt,polypseg/runs_cv/unet_pvt_seed42_fold4/best.pth,True
0.9287492677177477,0.8669765534153601,0.8727035023679026,0.9924876750841811,0.5426869391617213,0.5426869391617213,2,12.603497653596307,2.625728677832564,1,1,1,1.0,1,1.0,0,176,cvc-clinicdb,unet_pvt,polypseg/runs_cv/unet_pvt_seed42_fold4/best.pth,True
0.9119836354286495,0.8382076456983684,0.8542686821284408,0.9780621572092861,0.5841903888936565,0.5841903888936565,2,23.0,4.791666666666667,1,1,1,1.0,1,1.0,0,177,cvc-clinicdb,unet_pvt,polypseg/runs_cv/unet_pvt_seed42_fold4/best.pth,True
0.7778801842601032,0.6365007540518098,0.638426626227167,0.9952830186331879,0.3464689322129008,0.3464689322129008,2,5.0,1.0416666666666667,1,1,1,1.0,1,1.0,0,178,cvc-clinicdb,unet_pvt,polypseg/runs_cv/unet_pvt_seed42_fold4/best.pth,True
0.8864577173139199,0.7960701008816763,0.7960701008816763,0.9999999999666445,0.19399412345710568,0.19399412345710568,2,5.656854249492381,1.1785113019775793,1,1,1,1.0,1,1.0,0,179,cvc-clinicdb,unet_pvt,polypseg/runs_cv/unet_pvt_seed42_fold4/best.pth,True
0.9369540620007379,0.8813862397745112,0.9916650699272689,0.8879643132805356,0.6320483198593524,0.6320483198593524,2,11.0,2.2916666666666665,1,1,1,1.0,1,1.0,0,18,cvc-clinicdb,unet_pvt,polypseg/runs_cv/unet_pvt_seed42_fold4/best.pth,True
0.9071944370031132,0.8301517376204075,0.8301517376204075,0.9999999999705189,0.5182481252490857,0.5182481252490857,2,8.06225774829855,1.679637030895531,1,1,1,1.0,1,1.0,0,180,cvc-clinicdb,unet_pvt,polypseg/runs_cv/unet_pvt_seed42_fold4/best.pth,True
0.9060899259973522,0.8283038501345394,0.8348190875502145,0.9906658369324622,0.4608968435919773,0.4608968435919773,2,6.0,1.25,1,1,1,1.0,1,1.0,0,181,cvc-clinicdb,unet_pvt,polypseg/runs_cv/unet_pvt_seed42_fold4/best.pth,True
0.9363377222623003,0.8802960694007071,0.8939865214905655,0.9829011113997463,0.6863536957374352,0.6863536957374352,2,5.830951894845301,1.2147816447594377,1,1,1,1.0,1,1.0,0,182,cvc-clinicdb,unet_pvt,polypseg/runs_cv/unet_pvt_seed42_fold4/best.pth,True
0.9155107187765796,0.8441860464898143,0.8441860464898143,0.9999999999693909,0.5740568565187026,0.5740568565187026,2,7.0,1.4583333333333333,1,1,1,1.0,1,1.0,0,183,cvc-clinicdb,unet_pvt,polypseg/runs_cv/unet_pvt_seed42_fold4/best.pth,True
0.9328214971071487,0.8741007194002739,0.8745847175837601,0.9993672888010324,0.6644305982823874,0.6644305982823874,2,6.0,1.25,1,1,1,1.0,1,1.0,0,184,cvc-clinicdb,unet_pvt,polypseg/runs_cv/unet_pvt_seed42_fold4/best.pth,True
0.932672134265376,0.8738384560244132,0.8743071696607491,0.9993868791947806,0.46333477381544835,0.46333477381544835,2,6.012414379544731,1.2525863290718189,1,1,1,1.0,1,1.0,0,185,cvc-clinicdb,unet_pvt,polypseg/runs_cv/unet_pvt_seed42_fold4/best.pth,True
0.9657513848295565,0.9337710204914331,0.9378759833301957,0.9953345610681973,0.7860954989889852,0.7860954989889852,2,4.0,0.8333333333333334,1,1,1,1.0,1,1.0,0,186,cvc-clinicdb,unet_pvt,polypseg/runs_cv/unet_pvt_seed42_fold4/best.pth,True
0.9649475329278673,0.9322691975774211,0.942913242666403,0.9880362721863291,0.6161420038180003,0.6161420038180003,2,6.324555320336759,1.317615691736825,1,1,1,1.0,1,1.0,0,187,cvc-clinicdb,unet_pvt,polypseg/runs_cv/unet_pvt_seed42_fold4/best.pth,True
0.9683254550155643,0.9385958582802612,0.9538754858036673,0.9832199546410942,0.7050654070102044,0.7050654070102044,2,5.113326778269857,1.0652764121395537,1,1,1,1.0,1,1.0,0,188,cvc-clinicdb,unet_pvt,polypseg/runs_cv/unet_pvt_seed42_fold4/best.pth,True
0.9538956735685515,0.9118552036034053,0.9312384473025649,0.9776829031442329,0.6747578843925977,0.6747578843925977,2,3.605551275463989,0.7511565157216644,1,1,1,1.0,1,1.0,0,189,cvc-clinicdb,unet_pvt,polypseg/runs_cv/unet_pvt_seed42_fold4/best.pth,True
0.5126871047766242,0.34470695871941925,0.9290687554260362,0.3540238779551513,0.28074809140890755,0.28074809140890755,2,75.8023746329889,15.792161381872688,1,1,1,1.0,0,0.0,0,19,cvc-clinicdb,unet_pvt,polypseg/runs_cv/unet_pvt_seed42_fold4/best.pth,True
0.9215418261219035,0.8544993662647783,0.8568886629167034,0.9967474866647916,0.4607612807152124,0.4607612807152124,2,5.585768996604357,1.1637018742925744,1,1,1,1.0,1,1.0,0,190,cvc-clinicdb,unet_pvt,polypseg/runs_cv/unet_pvt_seed42_fold4/best.pth,True
0.8757355486024322,0.778940886651543,0.7799013563021022,0.9984214679559257,0.42778093942898116,0.42778093942898116,2,5.0,1.0416666666666667,1,1,1,1.0,1,1.0,0,191,cvc-clinicdb,unet_pvt,polypseg/runs_cv/unet_pvt_seed42_fold4/best.pth,True
0.9266862169786027,0.8633879780896546,0.8734643734107208,0.9868147119370704,0.8152502410770981,0.8152502410770981,2,3.0,0.625,1,1,1,1.0,1,1.0,0,192,cvc-clinicdb,unet_pvt,polypseg/runs_cv/unet_pvt_seed42_fold4/best.pth,True
0.906411483236241,0.8288414420430927,0.8288414420430927,0.9999999999577703,0.5736496513997771,0.5736496513997771,2,5.656854249492381,1.1785113019775793,1,1,1,1.0,1,1.0,0,193,cvc-clinicdb,unet_pvt,polypseg/runs_cv/unet_pvt_seed42_fold4/best.pth,True
0.9664087947784363,0.9350009848151467,0.9431750446862076,0.9908161135255518,0.79232376715021,0.79232376715021,2,4.242640687119285,0.8838834764831843,1,1,1,1.0,1,1.0,0,194,cvc-clinicdb,unet_pvt,polypseg/runs_cv/unet_pvt_seed42_fold4/best.pth,True
0.9583333333227696,0.9199999999805292,0.9203895828727422,0.9995401241434919,0.7296895861177815,0.7296895861177815,2,3.1622776601683795,0.6588078458684125,1,1,1,1.0,1,1.0,0,195,cvc-clinicdb,unet_pvt,polypseg/runs_cv/unet_pvt_seed42_fold4/best.pth,True
0.9442347103770441,0.8943604413384888,0.8950920245215728,0.9990869664232119,0.6380418294542527,0.6380418294542527,2,4.242640687119285,0.8838834764831843,1,1,1,1.0,1,1.0,0,196,cvc-clinicdb,unet_pvt,polypseg/runs_cv/unet_pvt_seed42_fold4/best.pth,True
0.9313236174792241,0.8714739398305348,0.8793590951766379,0.989815404180144,0.5068258886191211,0.5068258886191211,2,7.186040954443751,1.4970918655091148,1,1,1,1.0,1,1.0,0,197,cvc-clinicdb,unet_pvt,polypseg/runs_cv/unet_pvt_seed42_fold4/best.pth,True
0.950737847211906,0.906101344345272,0.9217336418909797,0.981626708470051,0.6991576996226024,0.6991576996226024,2,7.0,1.4583333333333333,1,1,1,1.0,1,1.0,0,198,cvc-clinicdb,unet_pvt,polypseg/runs_cv/unet_pvt_seed42_fold4/best.pth,True
0.9460571923641025,0.8976361767544165,0.8981900452303951,0.9993135011212972,0.6736546737326298,0.6736546737326298,2,4.47213595499958,0.9316949906249123,1,1,1,1.0,1,1.0,0,199,cvc-clinicdb,unet_pvt,polypseg/runs_cv/unet_pvt_seed42_fold4/best.pth,True
0.5821849888849985,0.41062126181549957,0.9770457936304711,0.4146210792888436,0.4594103552887927,0.4594103552887927,2,73.79024325749306,15.372967345311054,1,1,1,1.0,0,0.0,0,2,cvc-clinicdb,unet_pvt,polypseg/runs_cv/unet_pvt_seed42_fold4/best.pth,True
0.4168987531581606,0.2633430767550972,0.9261374452517392,0.268992590952842,0.2691151812550213,0.2691151812550213,2,95.17193541634406,19.82748654507168,1,1,1,1.0,0,0.0,0,20,cvc-clinicdb,unet_pvt,polypseg/runs_cv/unet_pvt_seed42_fold4/best.pth,True
0.9050456893054823,0.8265602322086131,0.8417085427011276,0.9786904966320898,0.5023966494485256,0.5023966494485256,2,10.964781507049342,2.2843294806352796,1,1,1,1.0,1,1.0,0,200,cvc-clinicdb,unet_pvt,polypseg/runs_cv/unet_pvt_seed42_fold4/best.pth,True
0.8968950388044473,0.8130640966679966,0.8916289213069681,0.9022237310999452,0.38483141068402676,0.38483141068402676,2,12.083045973594572,2.517301244498869,1,1,1,1.0,1,1.0,0,201,cvc-clinicdb,unet_pvt,polypseg/runs_cv/unet_pvt_seed42_fold4/best.pth,True
0.8495630461856307,0.7384698860453274,0.739774425863028,0.9976177386659774,0.2879270238494852,0.2879270238494852,2,15.231546211727817,3.1732387941099622,1,1,1,1.0,1,1.0,0,202,cvc-clinicdb,unet_pvt,polypseg/runs_cv/unet_pvt_seed42_fold4/best.pth,True
0.8969991889619086,0.8132352941043589,0.8155005734750861,0.9965959150781619,0.4306314366240589,0.4306314366240589,2,10.908131845707596,2.2725274678557494,1,1,1,1.0,1,1.0,0,203,cvc-clinicdb,unet_pvt,polypseg/runs_cv/unet_pvt_seed42_fold4/best.pth,True
0.0,0.0,0.0,0.0,0.0,0.0,2,81.60729026259325,17.001518804706926,1,2,0,0.0,0,0.0,2,204,cvc-clinicdb,unet_pvt,polypseg/runs_cv/unet_pvt_seed42_fold4/best.pth,True
0.5105159086777771,0.342746801830283,0.35066057537534684,0.9382226626713505,0.18677250285092092,0.18677250285092092,2,150.23314936935583,31.298572785282467,1,2,1,1.0,1,1.0,1,205,cvc-clinicdb,unet_pvt,polypseg/runs_cv/unet_pvt_seed42_fold4/best.pth,True
0.7726023812588473,0.6294638098216665,0.88903944593663,0.6831328088768726,0.3128583640312418,0.3128583640312418,2,134.36218937752963,27.99212278698534,1,1,1,1.0,1,1.0,0,206,cvc-clinicdb,unet_pvt,polypseg/runs_cv/unet_pvt_seed42_fold4/best.pth,True
0.7255468427519222,0.5693005181285696,0.9068088032856464,0.6046778261797215,0.30360536591057463,0.30360536591057463,2,161.5510255879946,33.65646366416554,1,1,1,1.0,1,1.0,0,207,cvc-clinicdb,unet_pvt,polypseg/runs_cv/unet_pvt_seed42_fold4/best.pth,True
0.6980061126371998,0.5361055220090296,0.8825910930849249,0.5772749157299645,0.27087485115996995,0.27087485115996995,2,90.78721447703072,18.914003016048067,1,1,1,1.0,1,1.0,0,208,cvc-clinicdb,unet_pvt,polypseg/runs_cv/unet_pvt_seed42_fold4/best.pth,True
0.7247469735914914,0.5683162153573509,0.8266183793197548,0.645229681955999,0.37699512559039616,0.37699512559039616,2,57.56733222148309,11.993194212808978,1,1,1,1.0,1,1.0,0,209,cvc-clinicdb,unet_pvt,polypseg/runs_cv/unet_pvt_seed42_fold4/best.pth,True
0.6269347009785078,0.4565949641472183,0.9918858219155844,0.45830683225501856,0.3794889318319331,0.3794889318319331,2,99.22449035296515,20.671768823534407,1,1,1,1.0,0,0.0,0,21,cvc-clinicdb,unet_pvt,polypseg/runs_cv/unet_pvt_seed42_fold4/best.pth,True
0.72171714931766,0.5645989453213829,0.9553833509395597,0.5798888255395528,0.2762155089375679,0.2762155089375679,2,172.58621034138272,35.955460487788066,1,1,1,1.0,1,1.0,0,210,cvc-clinicdb,unet_pvt,polypseg/runs_cv/unet_pvt_seed42_fold4/best.pth,True
0.7462661613889148,0.5952349202089379,0.9454250211737826,0.6164150248544632,0.34178344221193985,0.34178344221193985,2,179.04672764295685,37.30140159228268,1,1,1,1.0,1,1.0,0,211,cvc-clinicdb,unet_pvt,polypseg/runs_cv/unet_pvt_seed42_fold4/best.pth,True
0.7834459577718447,0.6439877971528004,0.9719398835811663,0.6561876832806088,0.5102890890682771,0.5102890890682771,2,179.81041111382203,37.460502315379586,1,1,1,1.0,1,1.0,0,212,cvc-clinicdb,unet_pvt,polypseg/runs_cv/unet_pvt_seed42_fold4/best.pth,True
0.8561608523771914,0.748497596149348,0.9654290365013144,0.7691120167915949,0.5562750147386226,0.5562750147386226,2,134.101355417872,27.937782378723337,1,1,1,1.0,1,1.0,0,213,cvc-clinicdb,unet_pvt,polypseg/runs_cv/unet_pvt_seed42_fold4/best.pth,True
0.8897605705507399,0.8014132329925537,0.9686113575757695,0.8227812323269005,0.5506275680277345,0.5506275680277345,2,109.74787641747851,22.864140920308024,1,1,1,1.0,1,1.0,0,214,cvc-clinicdb,unet_pvt,polypseg/runs_cv/unet_pvt_seed42_fold4/best.pth,True
0.9774768285022452,0.9559458951629161,0.9616365869700307,0.9938476562402944,0.918282498476481,0.918282498476481,2,2.23606797749979,0.4658474953124562,1,1,1,1.0,1,1.0,0,215,cvc-clinicdb,unet_pvt,polypseg/runs_cv/unet_pvt_seed42_fold4/best.pth,True
0.918801996668391,0.8497999384360587,0.9395150999494724,0.8989824989751812,0.5012503152674405,0.5012503152674405,2,59.4702982924183,12.389645477587147,1,1,1,1.0,1,1.0,0,216,cvc-clinicdb,unet_pvt,polypseg/runs_cv/unet_pvt_seed42_fold4/best.pth,True
0.9660703269544105,0.9343675417581455,0.9431300008522486,0.990154457582963,0.6926980046995519,0.6926980046995519,2,3.605551275463989,0.7511565157216644,1,1,1,1.0,1,1.0,0,217,cvc-clinicdb,unet_pvt,polypseg/runs_cv/unet_pvt_seed42_fold4/best.pth,True
0.9642737148562869,0.9310121107165763,0.9319190388469323,0.9989557953242956,0.6856925313876395,0.6856925313876395,2,3.605551275463989,0.7511565157216644,1,1,1,1.0,1,1.0,0,218,cvc-clinicdb,unet_pvt,polypseg/runs_cv/unet_pvt_seed42_fold4/best.pth,True
0.9077801570242128,0.8311331851936854,0.9148323982029228,0.9008358124252609,0.5565031490855241,0.5565031490855241,2,47.78776284604794,9.955783926259986,1,1,1,1.0,1,1.0,0,219,cvc-clinicdb,unet_pvt,polypseg/runs_cv/unet_pvt_seed42_fold4/best.pth,True
0.3620318423042274,0.2210249574164611,0.9660920935423962,0.22275297146973905,0.07564873071826667,0.07564873071826667,2,202.45739997404627,42.17862499459297,1,1,0,0.0,0,0.0,1,22,cvc-clinicdb,unet_pvt,polypseg/runs_cv/unet_pvt_seed42_fold4/best.pth,True
0.9535153980151703,0.9111604663906874,0.9138667161515897,0.9967604778093387,0.7424317117876014,0.7424317117876014,2,4.080018656651476,0.8500038868023909,1,1,1,1.0,1,1.0,0,220,cvc-clinicdb,unet_pvt,polypseg/runs_cv/unet_pvt_seed42_fold4/best.pth,True
0.909090909080162,0.8333333333152724,0.8730699364016106,0.9482120838237186,0.4778704482112756,0.4778704482112756,2,26.156839710413067,5.4493416063360565,1,1,1,1.0,1,1.0,0,221,cvc-clinicdb,unet_pvt,polypseg/runs_cv/unet_pvt_seed42_fold4/best.pth,True
0.9096901779708676,0.8343409915154936,0.8343409915154936,0.9999999999710145,0.41063687047422204,0.41063687047422204,2,4.242640687119285,0.8838834764831843,1,1,1,1.0,1,1.0,0,222,cvc-clinicdb,unet_pvt,polypseg/runs_cv/unet_pvt_seed42_fold4/best.pth,True
0.9242884774671969,0.8592345234816534,0.8598971722143985,0.999103942622488,0.545596887010342,0.545596887010342,2,4.123105625617661,0.858980338670346,1,1,1,1.0,1,1.0,0,223,cvc-clinicdb,unet_pvt,polypseg/runs_cv/unet_pvt_seed42_fold4/best.pth,True
0.9328917552565297,0.8742241097394896,0.8753680078221994,0.9985074626493095,0.6801724339324877,0.6801724339324877,2,3.605551275463989,0.7511565157216644,1,1,1,1.0,1,1.0,0,224,cvc-clinicdb,unet_pvt,polypseg/runs_cv/unet_pvt_seed42_fold4/best.pth,True
0.9509831860793534,0.9065471339063693,0.9080272108596456,0.9982052048759137,0.8239012142990714,0.8239012142990714,2,3.0,0.625,1,1,1,1.0,1,1.0,0,225,cvc-clinicdb,unet_pvt,polypseg/runs_cv/unet_pvt_seed42_fold4/best.pth,True
0.9591119333861321,0.9214361891055557,0.9285330467324282,0.9917734838149651,0.8385268621913374,0.8385268621913374,2,4.123105625617661,0.858980338670346,1,1,1,1.0,1,1.0,0,226,cvc-clinicdb,unet_pvt,polypseg/runs_cv/unet_pvt_seed42_fold4/best.pth,True
0.9250231409915918,0.860505166450617,0.8622375610911063,0.9976705490516583,0.6289678494701754,0.6289678494701754,2,5.830951894845301,1.2147816447594377,1,1,1,1.0,1,1.0,0,227,cvc-clinicdb,unet_pvt,polypseg/runs_cv/unet_pvt_seed42_fold4/best.pth,True
0.8859520935200079,0.7952549332634281,0.9558541266663579,0.8255772646438652,0.35075804065311267,0.35075804065311267,2,27.444339638043,5.717570757925626,1,1,1,1.0,1,1.0,0,228,cvc-clinicdb,unet_pvt,polypseg/runs_cv/unet_pvt_seed42_fold4/best.pth,True
0.8709294660456761,0.7713685193744585,0.9823048326991479,0.7822380106479307,0.29659424571741416,0.29659424571741416,2,34.677454419648576,7.2244696707601195,1,1,1,1.0,1,1.0,0,229,cvc-clinicdb,unet_pvt,polypseg/runs_cv/unet_pvt_seed42_fold4/best.pth,True
0.9803796757386072,0.9615144504389794,0.9880750216952032,0.9728032695486799,0.7809896546719419,0.7809896546719419,2,4.0,0.8333333333333334,1,1,1,1.0,1,1.0,0,23,cvc-clinicdb,unet_pvt,polypseg/runs_cv/unet_pvt_seed42_fold4/best.pth,True
0.8427103292088419,0.7281757977090901,0.9430274003066216,0.7616841347633408,0.19316163005213002,0.19316163005213002,2,56.54017616542863,11.779203367797631,1,1,1,1.0,1,1.0,0,230,cvc-clinicdb,unet_pvt,polypseg/runs_cv/unet_pvt_seed42_fold4/best.pth,True
0.8617000254047886,0.7570061008840979,0.9414595028009286,0.7943993337456048,0.3585346348709038,0.3585346348709038,2,59.15865398343948,12.324719579883226,1,1,1,1.0,1,1.0,0,231,cvc-clinicdb,unet_pvt,polypseg/runs_cv/unet_pvt_seed42_fold4/best.pth,True
0.8851867444491334,0.7940224428096999,0.9567704608921747,0.8235689105208238,0.34144533001039756,0.34144533001039756,2,32.44559065481484,6.759498053086426,1,1,1,1.0,1,1.0,0,232,cvc-clinicdb,unet_pvt,polypseg/runs_cv/unet_pvt_seed42_fold4/best.pth,True
0.9169392895373123,0.8466185511849953,0.9765061355307608,0.8642217856316076,0.4490282547880998,0.4490282547880998,2,25.6198488612295,5.337468512756145,1,1,1,1.0,1,1.0,0,233,cvc-clinicdb,unet_pvt,polypseg/runs_cv/unet_pvt_seed42_fold4/best.pth,True
0.9244201198823155,0.8594620789867975,0.9769331405289752,0.8772645767583177,0.4998347918510797,0.4998347918510797,2,21.482265141845634,4.475471904551173,1,1,1,1.0,1,1.0,0,234,cvc-clinicdb,unet_pvt,polypseg/runs_cv/unet_pvt_seed42_fold4/best.pth,True
0.9245866666633792,0.8597500495876496,0.9389081455738091,0.9106955242634258,0.3825417571541719,0.3825417571541719,2,14.142135623730951,2.946278254943948,1,1,1,1.0,1,1.0,0,235,cvc-clinicdb,unet_pvt,polypseg/runs_cv/unet_pvt_seed42_fold4/best.pth,True
0.9352957013329656,0.8784558327640049,0.9735637552454594,0.8999222864959854,0.4691973905446068,0.4691973905446068,2,10.506750265248979,2.188906305260204,1,1,1,1.0,1,1.0,0,236,cvc-clinicdb,unet_pvt,polypseg/runs_cv/unet_pvt_seed42_fold4/best.pth,True
0.9211529134590135,0.8538308393754169,0.8818067254700417,0.964174341859713,0.34399033463342366,0.34399033463342366,2,15.086284867774008,3.142976014119585,1,1,1,1.0,1,1.0,0,237,cvc-clinicdb,unet_pvt,polypseg/runs_cv/unet_pvt_seed42_fold4/best.pth,True
0.9417543316795259,0.889920327454938,0.9607038585894365,0.9235378896994345,0.587155650417845,0.587155650417845,2,26.598827415442802,5.54142237821725,1,1,1,1.0,1,1.0,0,238,cvc-clinicdb,unet_pvt,polypseg/runs_cv/unet_pvt_seed42_fold4/best.pth,True
0.9495137355149385,0.9038802006424912,0.9789868967643097,0.9217633340786747,0.6932069639656587,0.6932069639656587,2,15.0,3.125,1,1,1,1.0,1,1.0,0,239,cvc-clinicdb,unet_pvt,polypseg/runs_cv/unet_pvt_seed42_fold4/best.pth,True
0.9693490013829379,0.9405210907316056,0.9830086089670004,0.9560638110305126,0.7641968329276265,0.7641968329276265,2,7.9525624189766635,1.656783837286805,1,1,1,1.0,1,1.0,0,24,cvc-clinicdb,unet_pvt,polypseg/runs_cv/unet_pvt_seed42_fold4/best.pth,True
0.9508169664921983,0.9062450841520666,0.9938756145864411,0.9113343351980436,0.7301522050059535,0.7301522050059535,2,23.362324088307318,4.867150851730691,1,1,1,1.0,1,1.0,0,240,cvc-clinicdb,unet_pvt,polypseg/runs_cv/unet_pvt_seed42_fold4/best.pth,True
0.8996464509075736,0.817597627280435,0.9796091039768202,0.8317528735572431,0.5591119355675457,0.5591119355675457,2,42.885563016534405,8.934492295111335,1,1,1,1.0,1,1.0,0,241,cvc-clinicdb,unet_pvt,polypseg/runs_cv/unet_pvt_seed42_fold4/best.pth,True
0.8842378995013663,0.7924968047455643,0.9863385421447896,0.8012922842964554,0.39803210525579447,0.39803210525579447,2,36.02191771820326,7.504566191292346,1,1,1,1.0,1,1.0,0,242,cvc-clinicdb,unet_pvt,polypseg/runs_cv/unet_pvt_seed42_fold4/best.pth,True
0.9051391427945097,0.8267161409941862,0.9324126386175725,0.8794158278973808,0.5357226573692446,0.5357226573692446,2,37.8549864614954,7.8864555128115414,1,1,1,1.0,1,1.0,0,243,cvc-clinicdb,unet_pvt,polypseg/runs_cv/unet_pvt_seed42_fold4/best.pth,True
0.9108964915102804,0.8363727454826014,0.9364972511955962,0.8866581686755187,0.5860599583337676,0.5860599583337676,2,36.0,7.5,1,1,1,1.0,1,1.0,0,244,cvc-clinicdb,unet_pvt,polypseg/runs_cv/unet_pvt_seed42_fold4/best.pth,True
0.9031824895870606,0.8234573947009861,0.9566206798327888,0.8553987027743177,0.6700409277655197,0.6700409277655197,2,32.9249030993194,6.859354812358208,1,1,1,1.0,1,1.0,0,245,cvc-clinicdb,unet_pvt,polypseg/runs_cv/unet_pvt_seed42_fold4/best.pth,True
0.8037564766802194,0.6719003789877647,0.932481751814808,0.706260162595884,0.3170935445362455,0.3170935445362455,2,56.39359755078326,11.74866615641318,1,1,1,1.0,1,1.0,0,246,cvc-clinicdb,unet_pvt,polypseg/runs_cv/unet_pvt_seed42_fold4/best.pth,True
0.895396898290545,0.8106050914621299,0.9524990604964111,0.8447540327899963,0.452617786351696,0.452617786351696,2,36.02221151951855,7.504627399899698,1,1,1,1.0,1,1.0,0,247,cvc-clinicdb,unet_pvt,polypseg/runs_cv/unet_pvt_seed42_fold4/best.pth,True
0.9130484944009805,0.8400084913611661,0.9395330431267152,0.8880161579825852,0.47606468395259927,0.47606468395259927,2,28.616220084790445,5.961712517664676,1,1,1,1.0,1,1.0,0,248,cvc-clinicdb,unet_pvt,polypseg/runs_cv/unet_pvt_seed42_fold4/best.pth,True
0.9242594507083011,0.8591843556672306,0.8883608398782652,0.9631815626666368,0.5182454268438841,0.5182454268438841,2,12.041594578792296,2.5086655372483952,1,1,1,1.0,1,1.0,0,249,cvc-clinicdb,unet_pvt,polypseg/runs_cv/unet_pvt_seed42_fold4/best.pth,True
0.11552815789940857,0.06130532455747979,0.9980750721527727,0.06131257390606758,0.17488422640475787,0.17488422640475787,2,252.52949432368789,52.61031131743497,1,1,0,0.0,0,0.0,1,25,cvc-clinicdb,unet_pvt,polypseg/runs_cv/unet_pvt_seed42_fold4/best.pth,True
0.8954368931995367,0.8106706513069291,0.8847851112731697,0.9063482704313448,0.4161162589673643,0.4161162589673643,2,21.013087822895752,4.377726629769948,1,1,1,1.0,1,1.0,0,250,cvc-clinicdb,unet_pvt,polypseg/runs_cv/unet_pvt_seed42_fold4/best.pth,True
0.8305555555500624,0.710213776714057,0.8797814207527003,0.786546411113785,0.44759072448916337,0.44759072448916337,2,40.91123084580023,8.523173092875048,1,1,1,1.0,1,1.0,0,251,cvc-clinicdb,unet_pvt,polypseg/runs_cv/unet_pvt_seed42_fold4/best.pth,True
0.8903927699452161,0.8024395892781406,0.8660223296045156,0.9161745262149301,0.5091363111179719,0.5091363111179719,2,26.60055871285059,5.5417830651772055,1,1,1,1.0,1,1.0,0,252,cvc-clinicdb,unet_pvt,polypseg/runs_cv/unet_pvt_seed42_fold4/best.pth,True
0.9573728059513116,0.918231186963079,0.9555950266391264,0.9591572123137797,0.7009068165278748,0.7009068165278748,2,14.439020420918695,3.0081292543580616,1,1,1,1.0,1,1.0,0,253,cvc-clinicdb,unet_pvt,polypseg/runs_cv/unet_pvt_seed42_fold4/best.pth,True
0.812423477672191,0.6841020030269143,0.9811696541675347,0.6932031383221336,0.3898650913330799,0.3898650913330799,2,39.27204726621613,8.181676513795027,1,1,1,1.0,1,1.0,0,254,cvc-clinicdb,unet_pvt,polypseg/runs_cv/unet_pvt_seed42_fold4/best.pth,True
0.947842916286661,0.9008568501401655,0.9834273804027074,0.9147437109848934,0.607982185669105,0.607982185669105,2,13.92838827718412,2.9017475577466914,1,1,1,1.0,1,1.0,0,255,cvc-clinicdb,unet_pvt,polypseg/runs_cv/unet_pvt_seed42_fold4/best.pth,True
0.8394024989163564,0.723250306960519,0.9809671087790343,0.7335438534036046,0.3077699663597214,0.3077699663597214,2,46.40904364890043,9.66855076018759,1,1,1,1.0,1,1.0,0,256,cvc-clinicdb,unet_pvt,polypseg/runs_cv/unet_pvt_seed42_fold4/best.pth,True
0.9638917127885765,0.9303001671599306,0.9740877439938583,0.9539069195478111,0.6802870841855182,0.6802870841855182,2,12.041594578792296,2.5086655372483952,1,1,1,1.0,1,1.0,0,257,cvc-clinicdb,unet_pvt,polypseg/runs_cv/unet_pvt_seed42_fold4/best.pth,True
0.9607107107087072,0.9243920057752452,0.9510714728066763,0.9705473391439323,0.6308072836599052,0.6308072836599052,2,9.486832980505138,1.976423537605237,1,1,1,1.0,1,1.0,0,258,cvc-clinicdb,unet_pvt,polypseg/runs_cv/unet_pvt_seed42_fold4/best.pth,True
0.9488916520152877,0.9027534162720671,0.9895372233356157,0.9114533997738501,0.6891528524251381,0.6891528524251381,2,23.524303155800517,4.900896490791775,1,1,1,1.0,1,1.0,0,259,cvc-clinicdb,unet_pvt,polypseg/runs_cv/unet_pvt_seed42_fold4/best.pth,True
0.9043478260588712,0.8253968253500341,0.8263337116443624,0.9986282578190241,0.6464030485782611,0.6464030485782611,2,5.0,1.0416666666666667,1,1,1,1.0,1,1.0,0,26,cvc-clinicdb,unet_pvt,polypseg/runs_cv/unet_pvt_seed42_fold4/best.pth,True
0.839819569075196,0.7238697936024988,0.9883103681895848,0.7301209845609924,0.48860160734674846,0.48860160734674846,2,35.41109997843007,7.377312495506265,1,1,1,1.0,1,1.0,0,260,cvc-clinicdb,unet_pvt,polypseg/runs_cv/unet_pvt_seed42_fold4/best.pth,True
0.8562607204094043,0.7486502699425561,0.9864412962790391,0.7564341663523105,0.5698912111401239,0.5698912111401239,2,36.02221151951855,7.504627399899698,1,1,1,1.0,1,1.0,0,261,cvc-clinicdb,unet_pvt,polypseg/runs_cv/unet_pvt_seed42_fold4/best.pth,True
0.8838038416731526,0.7917997522926028,0.9854778516876076,0.8011476058514632,0.5985779371100465,0.5985779371100465,2,30.25969864896908,6.304103885201893,1,1,1,1.0,1,1.0,0,262,cvc-clinicdb,unet_pvt,polypseg/runs_cv/unet_pvt_seed42_fold4/best.pth,True
0.7946915652497131,0.6593263121189021,0.9770411453504831,0.6697020599357288,0.3047836522947236,0.3047836522947236,2,44.40720662234904,9.25150137965605,1,2,1,1.0,1,1.0,1,263,cvc-clinicdb,unet_pvt,polypseg/runs_cv/unet_pvt_seed42_fold4/best.pth,True
0.8175557799999597,0.691411709890156,0.9778168240666713,0.7024297885740673,0.49792929370686,0.49792929370686,2,61.95581323208398,12.907461090017497,1,1,1,1.0,1,1.0,0,264,cvc-clinicdb,unet_pvt,polypseg/runs_cv/unet_pvt_seed42_fold4/best.pth,True
0.8868021610477514,0.7966258377598158,0.9816317812853879,0.8086803519029964,0.5749462305070061,0.5749462305070061,2,45.36680463790282,9.451417632896419,1,1,1,1.0,1,1.0,0,265,cvc-clinicdb,unet_pvt,polypseg/runs_cv/unet_pvt_seed42_fold4/best.pth,True
0.949500019302441,0.9038553419791103,0.9796056562398741,0.9211896467733408,0.6975347653698827,0.6975347653698827,2,26.870057685088806,5.5979286843935006,1,1,1,1.0,1,1.0,0,266,cvc-clinicdb,unet_pvt,polypseg/runs_cv/unet_pvt_seed42_fold4/best.pth,True
0.9340139913001809,0.876197233056929,0.9657599284982084,0.9042887029241408,0.5776112585201498,0.5776112585201498,2,18.35755975068582,3.8244916147262122,1,1,1,1.0,1,1.0,0,267,cvc-clinicdb,unet_pvt,polypseg/runs_cv/unet_pvt_seed42_fold4/best.pth,True
0.8796648724108023,0.7851801222226392,0.9942976426811552,0.7887318255218548,0.35333045487915155,0.35333045487915155,2,28.844410203711913,6.009252125773315,1,1,1,1.0,1,1.0,0,268,cvc-clinicdb,unet_pvt,polypseg/runs_cv/unet_pvt_seed42_fold4/best.pth,True
0.7357155187269611,0.5819224467472314,0.9794098722219008,0.5891297135873652,0.37086087741766377,0.37086087741766377,2,41.130788642230634,8.568914300464716,1,2,1,1.0,1,1.0,1,269,cvc-clinicdb,unet_pvt,polypseg/runs_cv/unet_pvt_seed42_fold4/best.pth,True
0.9067484662298544,0.8294051626919525,0.8350282485403938,0.9919463086582586,0.6154865453078198,0.6154865453078198,2,4.123105625617661,0.858980338670346,1,1,1,1.0,1,1.0,0,27,cvc-clinicdb,unet_pvt,polypseg/runs_cv/unet_pvt_seed42_fold4/best.pth,True
0.7295846553886738,0.5742882896395467,0.738445936153289,0.7209335219202219,0.37904551701310807,0.37904551701310807,2,60.44867887156465,12.593474764909303,1,1,1,1.0,1,1.0,0,270,cvc-clinicdb,unet_pvt,polypseg/runs_cv/unet_pvt_seed42_fold4/best.pth,True
0.9204066811893239,0.8525494416761316,0.9891130448316654,0.8606254031818129,0.5795957866294748,0.5795957866294748,2,45.98618822576385,9.580455880367468,1,1,1,1.0,1,1.0,0,271,cvc-clinicdb,unet_pvt,polypseg/runs_cv/unet_pvt_seed42_fold4/best.pth,True
0.8958068230005214,0.8112772671126045,0.9599363656992956,0.8397091817873968,0.5368880030878906,0.5368880030878906,2,57.59624790734694,11.999218314030612,1,1,1,1.0,1,1.0,0,272,cvc-clinicdb,unet_pvt,polypseg/runs_cv/unet_pvt_seed42_fold4/best.pth,True
0.8955718516413489,0.8108919108701689,0.9832397909774211,0.82225746932696,0.6094253679033721,0.6094253679033721,2,53.2686539580512,11.097636241260666,1,1,1,1.0,1,1.0,0,273,cvc-clinicdb,unet_pvt,polypseg/runs_cv/unet_pvt_seed42_fold4/best.pth,True
0.9427884539825855,0.8917689723822366,0.9636386997270858,0.9228213725401494,0.6192310268966396,0.6192310268966396,2,20.34437916290679,4.238412325605581,1,1,1,1.0,1,1.0,0,274,cvc-clinicdb,unet_pvt,polypseg/runs_cv/unet_pvt_seed42_fold4/best.pth,True
0.842286243302748,0.727542743990223,0.9847945982115107,0.7358083647818847,0.43005706056791065,0.43005706056791065,2,44.40720662234904,9.25150137965605,1,1,1,1.0,1,1.0,0,275,cvc-clinicdb,unet_pvt,polypseg/runs_cv/unet_pvt_seed42_fold4/best.pth,True
0.9060849824781472,0.8282955878334913,0.9938829643209338,0.8325397905009181,0.5873019089196979,0.5873019089196979,2,53.53479544094828,11.153082383530892,1,1,1,1.0,1,1.0,0,276,cvc-clinicdb,unet_pvt,polypseg/runs_cv/unet_pvt_seed42_fold4/best.pth,True
0.9044709131679459,0.8256019160416891,0.9516855565173519,0.8617196237032977,0.5471103541718126,0.5471103541718126,2,42.5205571921308,8.85844941502725,1,1,1,1.0,1,1.0,0,277,cvc-clinicdb,unet_pvt,polypseg/runs_cv/unet_pvt_seed42_fold4/best.pth,True
0.9472372247414367,0.8997632201697016,0.9348093480551535,0.959999999959579,0.8744284643597697,0.8744284643597697,2,2.8284271247461903,0.5892556509887896,1,1,1,1.0,1,1.0,0,278,cvc-clinicdb,unet_pvt,polypseg/runs_cv/unet_pvt_seed42_fold4/best.pth,True
0.9584378358839406,0.920192638427238,0.9412385643581549,0.9762773722271432,0.8505848992005313,0.8505848992005313,2,3.0,0.625,1,1,1,1.0,1,1.0,0,279,cvc-clinicdb,unet_pvt,polypseg/runs_cv/unet_pvt_seed42_fold4/best.pth,True
0.9219462746968836,0.8551951104641469,0.8643383226214223,0.9877816996745105,0.6704252942389916,0.6704252942389916,2,8.0,1.6666666666666667,1,1,1,1.0,1,1.0,0,28,cvc-clinicdb,unet_pvt,polypseg/runs_cv/unet_pvt_seed42_fold4/best.pth,True
0.913030915907064,0.8399787346932489,0.8453718565851961,0.9924623115266187,0.6086550143696882,0.6086550143696882,2,8.237013576088481,1.7160444950184335,1,1,1,1.0,1,1.0,0,280,cvc-clinicdb,unet_pvt,polypseg/runs_cv/unet_pvt_seed42_fold4/best.pth,True
0.951197173872155,0.9069361277218828,0.9107992983986269,0.995345016402099,0.8602913209385263,0.8602913209385263,2,2.23606797749979,0.4658474953124562,1,1,1,1.0,1,1.0,0,281,cvc-clinicdb,unet_pvt,polypseg/runs_cv/unet_pvt_seed42_fold4/best.pth,True
0.9548766157349602,0.9136496514298708,0.9208975521096805,0.9914592483896667,0.7509076303755653,0.7509076303755653,2,3.1622776601683795,0.6588078458684125,1,1,1,1.0,1,1.0,0,282,cvc-clinicdb,unet_pvt,polypseg/runs_cv/unet_pvt_seed42_fold4/best.pth,True
0.9580767408697527,0.9195271652439299,0.9243601462311618,0.9943461160030889,0.8068257426615776,0.8068257426615776,2,3.605551275463989,0.7511565157216644,1,1,1,1.0,1,1.0,0,283,cvc-clinicdb,unet_pvt,polypseg/runs_cv/unet_pvt_seed42_fold4/best.pth,True
0.8276047984792074,0.7059094044445641,0.7090069283900923,0.9938491420850163,0.3865528855665964,0.3865528855665964,2,16.04521393508875,3.3427529031434897,1,1,1,1.0,1,1.0,0,284,cvc-clinicdb,unet_pvt,polypseg/runs_cv/unet_pvt_seed42_fold4/best.pth,True
0.9291925465710257,0.8677494199312259,0.8738317756782494,0.9920424402890645,0.6483702319952711,0.6483702319952711,2,5.0,1.0416666666666667,1,1,1,1.0,1,1.0,0,285,cvc-clinicdb,unet_pvt,polypseg/runs_cv/unet_pvt_seed42_fold4/best.pth,True
0.8868135972993797,0.7966442952841915,0.8271777003292178,0.9557165861257189,0.41902362487083883,0.41902362487083883,2,8.98606797749979,1.8720974953124563,1,1,1,1.0,1,1.0,0,286,cvc-clinicdb,unet_pvt,polypseg/runs_cv/unet_pvt_seed42_fold4/best.pth,True
0.9112785931388169,0.8370172455468299,0.8496055226614989,0.9826062161111319,0.4946597151818768,0.4946597151818768,2,8.48528137423857,1.7677669529663687,1,1,1,1.0,1,1.0,0,287,cvc-clinicdb,unet_pvt,polypseg/runs_cv/unet_pvt_seed42_fold4/best.pth,True
0.9451042491297822,0.8959219414336772,0.9253229973921105,0.9657497302867921,0.701805906170153,0.701805906170153,2,4.0,0.8333333333333334,1,1,1,1.0,1,1.0,0,288,cvc-clinicdb,unet_pvt,polypseg/runs_cv/unet_pvt_seed42_fold4/best.pth,True
0.9540823859301036,0.9121964991272672,0.9152974503990001,0.9962997224484644,0.8574848991636149,0.8574848991636149,2,3.605551275463989,0.7511565157216644,1,1,1,1.0,1,1.0,0,289,cvc-clinicdb,unet_pvt,polypseg/runs_cv/unet_pvt_seed42_fold4/best.pth,True
0.9424669319180291,0.8911938173501893,0.9003492911259431,0.9887184115300379,0.6002084462349209,0.6002084462349209,2,4.345913557665415,0.9053986578469614,1,1,1,1.0,1,1.0,0,29,cvc-clinicdb,unet_pvt,polypseg/runs_cv/unet_pvt_seed42_fold4/best.pth,True
0.9566999743541712,0.9169941060453343,0.9265508684403696,0.9888771185916908,0.9549952374646697,0.9549952374646697,2,2.0,0.4166666666666667,1,1,1,1.0,1,1.0,0,290,cvc-clinicdb,unet_pvt,polypseg/runs_cv/unet_pvt_seed42_fold4/best.pth,True
0.935642135615133,0.879067245071634,0.893605292122734,0.9818291943681509,0.7473117779801166,0.7473117779801166,2,3.4060781485809573,0.7095996142876994,1,1,1,1.0,1,1.0,0,291,cvc-clinicdb,unet_pvt,polypseg/runs_cv/unet_pvt_seed42_fold4/best.pth,True
0.8928030302861212,0.8063633253230803,0.8209683036983293,0.9784142797435279,0.4438963741951431,0.4438963741951431,2,6.049657518178931,1.2603453162872773,1,1,1,1.0,1,1.0,0,292,cvc-clinicdb,unet_pvt,polypseg/runs_cv/unet_pvt_seed42_fold4/best.pth,True
0.9539957938886173,0.9120382005299815,0.9138755980631107,0.9978003849052021,0.7851291650661124,0.7851291650661124,2,4.242640687119285,0.8838834764831843,1,1,1,1.0,1,1.0,0,293,cvc-clinicdb,unet_pvt,polypseg/runs_cv/unet_pvt_seed42_fold4/best.pth,True
0.953254586567564,0.9106842736876186,0.9106842736876186,0.9999999999736356,0.805784331280594,0.805784331280594,2,3.0243416490252533,0.630071176880261,1,1,1,1.0,1,1.0,0,294,cvc-clinicdb,unet_pvt,polypseg/runs_cv/unet_pvt_seed42_fold4/best.pth,True
0.9154947748559477,0.8441589340746096,0.8486008131822865,0.993837534986167,0.6208385210961861,0.6208385210961861,2,6.708203932499369,1.3975424859373686,1,1,1,1.0,1,1.0,0,295,cvc-clinicdb,unet_pvt,polypseg/runs_cv/unet_pvt_seed42_fold4/best.pth,True
0.9377824122186691,0.8828534031124721,0.8948590381129401,0.9850310331878412,0.7559508182764592,0.7559508182764592,2,4.0,0.8333333333333334,1,1,1,1.0,1,1.0,0,296,cvc-clinicdb,unet_pvt,polypseg/runs_cv/unet_pvt_seed42_fold4/best.pth,True
0.9326010983369513,0.8737137511420732,0.8816865953152396,0.9897562698343428,0.6820441667443656,0.6820441667443656,2,4.0,0.8333333333333334,1,1,1,1.0,1,1.0,0,297,cvc-clinicdb,unet_pvt,polypseg/runs_cv/unet_pvt_seed42_fold4/best.pth,True
0.9515486047151828,0.9075753144061484,0.9902664751716888,0.9157444296751402,0.7766496964106296,0.7766496964106296,2,12.089514849852637,2.5186489270526327,1,1,1,1.0,1,1.0,0,298,cvc-clinicdb,unet_pvt,polypseg/runs_cv/unet_pvt_seed42_fold4/best.pth,True
0.9443383756653791,0.8945464663078869,0.9143913537851425,0.9763133920140811,0.8202257539685404,0.8202257539685404,2,105.12230924146327,21.900481091971514,1,2,1,1.0,1,1.0,1,299,cvc-clinicdb,unet_pvt,polypseg/runs_cv/unet_pvt_seed42_fold4/best.pth,True
0.6202167055252358,0.44950298210512174,0.9864746945791177,0.4522904580893564,0.45021054962099527,0.45021054962099527,2,68.37685690380802,14.245178521626672,1,1,1,1.0,0,0.0,0,3,cvc-clinicdb,unet_pvt,polypseg/runs_cv/unet_pvt_seed42_fold4/best.pth,True
0.9623182018457342,0.9273731153012595,0.9574654680886048,0.9672203765119909,0.7404125638405493,0.7404125638405493,2,5.7526079544364785,1.1984599905075999,1,1,1,1.0,1,1.0,0,30,cvc-clinicdb,unet_pvt,polypseg/runs_cv/unet_pvt_seed42_fold4/best.pth,True
0.9394942241589791,0.8858926047940897,0.982114882493706,0.9004189108210602,0.7398194975788367,0.7398194975788367,2,25.570832932769324,5.32725686099361,1,1,1,1.0,1,1.0,0,300,cvc-clinicdb,unet_pvt,polypseg/runs_cv/unet_pvt_seed42_fold4/best.pth,True
0.9168075451471055,0.8463939543149928,0.9811464482768778,0.8603874415353977,0.6501274485454646,0.6501274485454646,2,24.335052972529677,5.06980270261035,1,1,1,1.0,1,1.0,0,301,cvc-clinicdb,unet_pvt,polypseg/runs_cv/unet_pvt_seed42_fold4/best.pth,True
0.9593298671232852,0.9218385699908754,0.9851684859873615,0.9348119792734202,0.8595492708868129,0.8595492708868129,2,20.089248109213237,4.185260022752758,1,1,1,1.0,1,1.0,0,302,cvc-clinicdb,unet_pvt,polypseg/runs_cv/unet_pvt_seed42_fold4/best.pth,True
0.9266078441325719,0.8632519243479686,0.9893269440101358,0.8713669064664616,0.5447315606701784,0.5447315606701784,2,23.96545929720142,4.992804020250295,1,1,1,1.0,1,1.0,0,303,cvc-clinicdb,unet_pvt,polypseg/runs_cv/unet_pvt_seed42_fold4/best.pth,True
0.942852552081073,0.8918836761486281,0.9844536405213683,0.904624871522049,0.6284066811404333,0.6284066811404333,2,11.108203932499363,2.314209152604034,1,1,1,1.0,1,1.0,0,304,cvc-clinicdb,unet_pvt,polypseg/runs_cv/unet_pvt_seed42_fold4/best.pth,True
0.9170133729535029,0.8467448720529138,0.9789815989770068,0.8624231414137616,0.5543640344601989,0.5543640344601989,2,23.22375502430852,4.838282296730942,1,1,1,1.0,1,1.0,0,305,cvc-clinicdb,unet_pvt,polypseg/runs_cv/unet_pvt_seed42_fold4/best.pth,True
0.9180149216176586,0.8484543271060337,0.9961340792241045,0.8512573360766013,0.5718231544660616,0.5718231544660616,2,35.67165049482932,7.431593853089442,1,1,1,1.0,1,1.0,0,306,cvc-clinicdb,unet_pvt,polypseg/runs_cv/unet_pvt_seed42_fold4/best.pth,True
0.8928048423269901,0.8063662816259027,0.9667019027381955,0.8294032287245655,0.40315155154443216,0.40315155154443216,2,24.34029366235341,5.070894512990294,1,1,1,1.0,1,1.0,0,307,cvc-clinicdb,unet_pvt,polypseg/runs_cv/unet_pvt_seed42_fold4/best.pth,True
0.9668095118016687,0.9357514638830859,0.9372759856554473,0.9982647926340598,0.6549617820639861,0.6549617820639861,2,4.123105625617661,0.858980338670346,1,1,1,1.0,1,1.0,0,308,cvc-clinicdb,unet_pvt,polypseg/runs_cv/unet_pvt_seed42_fold4/best.pth,True
0.7712869800212397,0.6277193840060167,0.6301840490720223,0.9938080495163737,0.47108562285090416,0.47108562285090416,2,125.0,26.041666666666668,1,2,1,1.0,1,1.0,1,309,cvc-clinicdb,unet_pvt,polypseg/runs_cv/unet_pvt_seed42_fold4/best.pth,True
0.969570654433576,0.9409385113159854,0.9641165324376584,0.9750868367352367,0.7999999500000032,0.7999999500000032,2,3.605551275463989,0.7511565157216644,1,1,1,1.0,1,1.0,0,31,cvc-clinicdb,unet_pvt,polypseg/runs_cv/unet_pvt_seed42_fold4/best.pth,True
0.9536650208706102,0.9114337567727248,0.9211298605678236,0.9885826771264338,0.8078629810732866,0.8078629810732866,2,2.8284271247461903,0.5892556509887896,1,1,1,1.0,1,1.0,0,310,cvc-clinicdb,unet_pvt,polypseg/runs_cv/unet_pvt_seed42_fold4/best.pth,True
0.9391634980826277,0.8853046594693612,0.9314364072358096,0.9470198675166602,0.8666399380247627,0.8666399380247627,2,5.914213562373095,1.2321278254943948,1,1,1,1.0,1,1.0,0,311,cvc-clinicdb,unet_pvt,polypseg/runs_cv/unet_pvt_seed42_fold4/best.pth,True
0.8605405405095301,0.7552182162710172,0.7970627502805698,0.9350039153535626,0.627026116299407,0.627026116299407,2,62.159861404466646,12.949971125930551,1,2,1,1.0,1,1.0,1,312,cvc-clinicdb,unet_pvt,polypseg/runs_cv/unet_pvt_seed42_fold4/best.pth,True
0.9441336380037496,0.894179104464266,0.9925447315938942,0.9002253944267434,0.7753139079648093,0.7753139079648093,2,19.025803437921084,3.9637090495668925,1,1,1,1.0,1,1.0,0,313,cvc-clinicdb,unet_pvt,polypseg/runs_cv/unet_pvt_seed42_fold4/best.pth,True
0.9491238670637515,0.903173873034692,0.9948068397594072,0.9074523396775568,0.7050997755966948,0.7050997755966948,2,11.763759928575697,2.45078331845327,1,1,1,1.0,1,1.0,0,314,cvc-clinicdb,unet_pvt,polypseg/runs_cv/unet_pvt_seed42_fold4/best.pth,True
0.9815886110946688,0.9638429241740486,0.9931796202932092,0.9702650290837339,0.8501960284314062,0.8501960284314062,2,5.0,1.0416666666666667,1,1,1,1.0,1,1.0,0,315,cvc-clinicdb,unet_pvt,polypseg/runs_cv/unet_pvt_seed42_fold4/best.pth,True
0.9667539601415324,0.9356473897291266,0.9830480953431525,0.9509911721248123,0.7252069820137743,0.7252069820137743,2,20.0,4.166666666666667,1,1,1,1.0,1,1.0,0,316,cvc-clinicdb,unet_pvt,polypseg/runs_cv/unet_pvt_seed42_fold4/best.pth,True
0.9292426204438382,0.8678367650653197,0.9903744072404955,0.875218914180165,0.5770481586416254,0.5770481586416254,2,27.229340828348576,5.672779339239287,1,1,1,1.0,1,1.0,0,317,cvc-clinicdb,unet_pvt,polypseg/runs_cv/unet_pvt_seed42_fold4/best.pth,True
0.9627147046300227,0.9281098545667161,0.9720812182329915,0.9535269709147914,0.9087857009950592,0.9087857009950592,2,3.605551275463989,0.7511565157216644,1,1,1,1.0,1,1.0,0,318,cvc-clinicdb,unet_pvt,polypseg/runs_cv/unet_pvt_seed42_fold4/best.pth,True
0.9459366391021705,0.8974191440412473,0.8974191440412473,0.9999999999635967,0.7724630901236903,0.7724630901236903,2,3.0,0.625,1,1,1,1.0,1,1.0,0,319,cvc-clinicdb,unet_pvt,polypseg/runs_cv/unet_pvt_seed42_fold4/best.pth,True
0.9667755144302763,0.9356877696304234,0.9571018062299147,0.9766467692849864,0.7280513418650217,0.7280513418650217,2,4.762461179749787,0.9921794124478722,1,1,1,1.0,1,1.0,0,32,cvc-clinicdb,unet_pvt,polypseg/runs_cv/unet_pvt_seed42_fold4/best.pth,True
0.9571106094700099,0.9177489177290531,0.9343323049595784,0.9810273021522206,0.8584290613660284,0.8584290613660284,2,3.605551275463989,0.7511565157216644,1,1,1,1.0,1,1.0,0,320,cvc-clinicdb,unet_pvt,polypseg/runs_cv/unet_pvt_seed42_fold4/best.pth,True
0.946302886508926,0.8980786550450603,0.8982134814457557,0.9998328876838264,0.5624077721462473,0.5624077721462473,2,4.0,0.8333333333333334,1,1,1,1.0,1,1.0,0,321,cvc-clinicdb,unet_pvt,polypseg/runs_cv/unet_pvt_seed42_fold4/best.pth,True
0.970243135351577,0.9422060378134358,0.9478846608254798,0.9936818632186115,0.7756266183036141,0.7756266183036141,2,3.1622776601683795,0.6588078458684125,1,1,1,1.0,1,1.0,0,322,cvc-clinicdb,unet_pvt,polypseg/runs_cv/unet_pvt_seed42_fold4/best.pth,True
0.955147457038279,0.9141456978520954,0.9293858388336745,0.9823779623153496,0.5170475333645679,0.5170475333645679,2,5.0,1.0416666666666667,1,1,1,1.0,1,1.0,0,323,cvc-clinicdb,unet_pvt,polypseg/runs_cv/unet_pvt_seed42_fold4/best.pth,True
0.9626724982960359,0.9280314044645532,0.9303308555468542,0.9973437499844165,0.74478382182431,0.74478382182431,2,4.123105625617661,0.858980338670346,1,1,1,1.0,1,1.0,0,324,cvc-clinicdb,unet_pvt,polypseg/runs_cv/unet_pvt_seed42_fold4/best.pth,True
0.9144062688274622,0.842309827857814,0.842309827857814,0.9999999999780268,0.23183416133796708,0.23183416133796708,2,5.0,1.0416666666666667,1,1,1,1.0,1,1.0,0,325,cvc-clinicdb,unet_pvt,polypseg/runs_cv/unet_pvt_seed42_fold4/best.pth,True
0.9145133750607339,0.8424916107205853,0.8446173254658407,0.9970215934227595,0.39864859868517794,0.39864859868517794,2,7.280109889280518,1.5166895602667745,1,1,1,1.0,1,1.0,0,326,cvc-clinicdb,unet_pvt,polypseg/runs_cv/unet_pvt_seed42_fold4/best.pth,True
0.9382716049255424,0.8837209302099739,0.8912371133790918,0.9905471211403453,0.5786910968263201,0.5786910968263201,2,4.123105625617661,0.858980338670346,1,1,1,1.0,1,1.0,0,327,cvc-clinicdb,unet_pvt,polypseg/runs_cv/unet_pvt_seed42_fold4/best.pth,True
0.8760718660588396,0.7794732061620441,0.7905305821519799,0.9823717948493047,0.20397378088419602,0.20397378088419602,2,12.462926369259588,2.596442993595747,1,1,1,1.0,1,1.0,0,328,cvc-clinicdb,unet_pvt,polypseg/runs_cv/unet_pvt_seed42_fold4/best.pth,True
0.9238392760861376,0.8584584584412721,0.9178082191584374,0.9299501192598146,0.575328709291044,0.575328709291044,2,7.190097340068598,1.4979369458476246,1,1,1,1.0,1,1.0,0,329,cvc-clinicdb,unet_pvt,polypseg/runs_cv/unet_pvt_seed42_fold4/best.pth,True
0.9680609030409167,0.9380988722043746,0.9505112122952958,0.9862708388964404,0.7622727273552715,0.7622727273552715,2,5.385164807134504,1.1219093348196882,1,1,1,1.0,1,1.0,0,33,cvc-clinicdb,unet_pvt,polypseg/runs_cv/unet_pvt_seed42_fold4/best.pth,True
0.9541641955354218,0.9123460790519711,0.9459096253830689,0.9625641025476485,0.7579226901230447,0.7579226901230447,2,5.385164807134504,1.1219093348196882,1,1,1,1.0,1,1.0,0,330,cvc-clinicdb,unet_pvt,polypseg/runs_cv/unet_pvt_seed42_fold4/best.pth,True
0.9700983859496488,0.9419330669213045,0.9651951375436315,0.9750517062955655,0.838430123294432,0.838430123294432,2,3.0,0.625,1,1,1,1.0,1,1.0,0,331,cvc-clinicdb,unet_pvt,polypseg/runs_cv/unet_pvt_seed42_fold4/best.pth,True
0.9804338202657774,0.9616186175588465,0.9878679750046768,0.973110720545288,0.9257976579290558,0.9257976579290558,2,3.0,0.625,1,1,1,1.0,1,1.0,0,332,cvc-clinicdb,unet_pvt,polypseg/runs_cv/unet_pvt_seed42_fold4/best.pth,True
0.9597076461679187,0.9225364798969098,0.9233681932758138,0.9990245805501556,0.8673294268563493,0.8673294268563493,2,2.23606797749979,0.4658474953124562,1,1,1,1.0,1,1.0,0,333,cvc-clinicdb,unet_pvt,polypseg/runs_cv/unet_pvt_seed42_fold4/best.pth,True
0.9534698218474388,0.9110772357569262,0.9317512558300407,0.9762250453543335,0.6795211865457632,0.6795211865457632,2,4.0,0.8333333333333334,1,1,1,1.0,1,1.0,0,334,cvc-clinicdb,unet_pvt,polypseg/runs_cv/unet_pvt_seed42_fold4/best.pth,True
0.9582953320540726,0.9199299585972631,0.9346595503649578,0.983157536560341,0.7152670709902744,0.7152670709902744,2,4.123105625617661,0.858980338670346,1,1,1,1.0,1,1.0,0,335,cvc-clinicdb,unet_pvt,polypseg/runs_cv/unet_pvt_seed42_fold4/best.pth,True
0.9600864942701136,0.9232368740093011,0.9245184799423127,0.998500749606475,0.7510713305464853,0.7510713305464853,2,3.3839144678161843,0.7049821807950384,1,1,1,1.0,1,1.0,0,336,cvc-clinicdb,unet_pvt,polypseg/runs_cv/unet_pvt_seed42_fold4/best.pth,True
0.9515191764822221,0.9075217735406569,0.916813309855754,0.9889559965316833,0.5863097603976004,0.5863097603976004,2,4.551315561749631,0.948190742031173,1,1,1,1.0,1,1.0,0,337,cvc-clinicdb,unet_pvt,polypseg/runs_cv/unet_pvt_seed42_fold4/best.pth,True
0.9658812729461219,0.9340139073758394,0.9580393049475829,0.9738526802855854,0.5886684070752397,0.5886684070752397,2,4.123105625617661,0.858980338670346,1,1,1,1.0,1,1.0,0,338,cvc-clinicdb,unet_pvt,polypseg/runs_cv/unet_pvt_seed42_fold4/best.pth,True
0.9352164568477861,0.8783160322699448,0.8806013298386643,0.9970540097873305,0.57797195170303,0.57797195170303,2,3.1622776601683795,0.6588078458684125,1,1,1,1.0,1,1.0,0,339,cvc-clinicdb,unet_pvt,polypseg/runs_cv/unet_pvt_seed42_fold4/best.pth,True
0.9626084355297442,0.9279123413937729,0.9471670345703139,0.9785616542347794,0.8132257711324435,0.8132257711324435,2,5.385164807134504,1.1219093348196882,1,1,1,1.0,1,1.0,0,34,cvc-clinicdb,unet_pvt,polypseg/runs_cv/unet_pvt_seed42_fold4/best.pth,True
0.9313054499130214,0.871442125195852,0.885301204776612,0.9823529411239383,0.7211184194628709,0.7211184194628709,2,4.0,0.8333333333333334,1,1,1,1.0,1,1.0,0,340,cvc-clinicdb,unet_pvt,polypseg/runs_cv/unet_pvt_seed42_fold4/best.pth,True
0.9423303255994051,0.8909495548630953,0.8966032101195744,0.9929723025633331,0.826377538649165,0.826377538649165,2,3.605551275463989,0.7511565157216644,1,1,1,1.0,1,1.0,0,341,cvc-clinicdb,unet_pvt,polypseg/runs_cv/unet_pvt_seed42_fold4/best.pth,True
0.9819629307066676,0.9645650048757995,0.9748085947027068,0.989223057631714,0.9350899242933921,0.9350899242933921,2,2.23606797749979,0.4658474953124562,1,1,1,1.0,1,1.0,0,342,cvc-clinicdb,unet_pvt,polypseg/runs_cv/unet_pvt_seed42_fold4/best.pth,True
0.9452566708126581,0.8961959224155123,0.9133409349941297,0.9794836956388657,0.7964596415242979,0.7964596415242979,2,10.0,2.0833333333333335,1,1,1,1.0,1,1.0,0,343,cvc-clinicdb,unet_pvt,polypseg/runs_cv/unet_pvt_seed42_fold4/best.pth,True
0.979765708196615,0.960334029220644,0.9809544819399885,0.9785798121993942,0.8796503019475933,0.8796503019475933,2,2.8284271247461903,0.5892556509887896,1,1,1,1.0,1,1.0,0,344,cvc-clinicdb,unet_pvt,polypseg/runs_cv/unet_pvt_seed42_fold4/best.pth,True
0.9753202124298058,0.951829268285428,0.9685124864202844,0.982224319639907,0.8258079375767865,0.8258079375767865,2,3.1622776601683795,0.6588078458684125,1,1,1,1.0,1,1.0,0,345,cvc-clinicdb,unet_pvt,polypseg/runs_cv/unet_pvt_seed42_fold4/best.pth,True
0.9650313820806323,0.9324257425511776,0.9551217038297384,0.9751488480203172,0.8829392835293848,0.8829392835293848,2,3.0,0.625,1,1,1,1.0,1,1.0,0,346,cvc-clinicdb,unet_pvt,polypseg/runs_cv/unet_pvt_seed42_fold4/best.pth,True
0.8393397286246708,0.7231571109348748,0.7411477411364293,0.9675234110187783,0.5346527286682049,0.5346527286682049,2,33.19629283530026,6.915894340687555,1,1,1,1.0,1,1.0,0,347,cvc-clinicdb,unet_pvt,polypseg/runs_cv/unet_pvt_seed42_fold4/best.pth,True
0.9705701754364681,0.942823058238069,0.9800699765225206,0.9612527692065451,0.6806482234179753,0.6806482234179753,2,5.0,1.0416666666666667,1,1,1,1.0,1,1.0,0,348,cvc-clinicdb,unet_pvt,polypseg/runs_cv/unet_pvt_seed42_fold4/best.pth,True
0.9666380420760698,0.9354302571947669,0.9847344939157346,0.9491947044398803,0.6613929310429609,0.6613929310429609,2,11.390683532816743,2.373059069336821,1,1,1,1.0,1,1.0,0,349,cvc-clinicdb,unet_pvt,polypseg/runs_cv/unet_pvt_seed42_fold4/best.pth,True
0.9515066852860273,0.9074990483326038,0.914227278525959,0.9919556171845776,0.6876942747929585,0.6876942747929585,2,9.537700299491478,1.9870208957273912,1,1,1,1.0,1,1.0,0,35,cvc-clinicdb,unet_pvt,polypseg/runs_cv/unet_pvt_seed42_fold4/best.pth,True
0.9094082059997308,0.8338667235556939,0.9883671921015901,0.8421317244786172,0.44525095699271533,0.44525095699271533,2,33.45399387289619,6.969582056853373,1,1,1,1.0,1,1.0,0,350,cvc-clinicdb,unet_pvt,polypseg/runs_cv/unet_pvt_seed42_fold4/best.pth,True
0.9207708779333716,0.8531746031557942,0.9164101349534357,0.9251733205611959,0.5561512993425737,0.5561512993425737,2,5.665559131760029,1.1803248191166726,1,1,1,1.0,1,1.0,0,351,cvc-clinicdb,unet_pvt,polypseg/runs_cv/unet_pvt_seed42_fold4/best.pth,True
0.9184996821243675,0.8492828591382723,0.951277324178265,0.8879056046979374,0.7961860209829772,0.7961860209829772,2,30.21914588585093,6.29565539288561,1,1,1,1.0,1,1.0,0,352,cvc-clinicdb,unet_pvt,polypseg/runs_cv/unet_pvt_seed42_fold4/best.pth,True
0.9499565379302747,0.9046830652683929,0.9358942989853696,0.9644478063418501,0.6659482260998847,0.6659482260998847,2,20.909789893912716,4.3562062278984826,1,1,1,1.0,1,1.0,0,353,cvc-clinicdb,unet_pvt,polypseg/runs_cv/unet_pvt_seed42_fold4/best.pth,True
0.9639491201412775,0.9304071246700966,0.9776737967783734,0.9506044455875393,0.8478394390753727,0.8478394390753727,2,14.159704167685485,2.949938368267809,1,1,1,1.0,1,1.0,0,354,cvc-clinicdb,unet_pvt,polypseg/runs_cv/unet_pvt_seed42_fold4/best.pth,True
0.8344831652760512,0.7159769300747143,0.9929834409066379,0.7196176141490936,0.3361871938240877,0.3361871938240877,2,35.510561809129406,7.3980337102352935,1,1,1,1.0,1,1.0,0,355,cvc-clinicdb,unet_pvt,polypseg/runs_cv/unet_pvt_seed42_fold4/best.pth,True
0.8351338656597279,0.7169354838637405,0.9770572880756003,0.7292115246516024,0.394040784724699,0.394040784724699,2,34.453585719736,7.1778303582783325,1,1,1,1.0,1,1.0,0,356,cvc-clinicdb,unet_pvt,polypseg/runs_cv/unet_pvt_seed42_fold4/best.pth,True
0.8819086315547171,0.7887625791987105,0.9936612278378115,0.7927514515789813,0.6405231886354911,0.6405231886354911,2,56.22277118748239,11.713077330725497,1,1,1,1.0,1,1.0,0,357,cvc-clinicdb,unet_pvt,polypseg/runs_cv/unet_pvt_seed42_fold4/best.pth,True
0.8699033998189066,0.7697602131353267,0.9715566764610963,0.7875070982306926,0.6543354907811031,0.6543354907811031,2,68.22306560752328,14.213138668234018,1,1,1,1.0,1,1.0,0,358,cvc-clinicdb,unet_pvt,polypseg/runs_cv/unet_pvt_seed42_fold4/best.pth,True
0.94048277132421,0.8876521739053247,0.9815384615290236,0.9027237354005772,0.7950440621332081,0.7950440621332081,2,28.14009825870178,5.86252047056287,1,1,1,1.0,1,1.0,0,359,cvc-clinicdb,unet_pvt,polypseg/runs_cv/unet_pvt_seed42_fold4/best.pth,True
0.945083932842385,0.8958854284861131,0.9047291092537941,0.9892068272844075,0.7066926157448826,0.7066926157448826,2,5.656854249492381,1.1785113019775793,1,1,1,1.0,1,1.0,0,36,cvc-clinicdb,unet_pvt,polypseg/runs_cv/unet_pvt_seed42_fold4/best.pth,True
0.9383378016048796,0.8838383838318193,0.9953994144626064,0.8874636438146956,0.5416966034424616,0.5416966034424616,2,29.01377674149945,6.044536821145718,1,1,1,1.0,1,1.0,0,360,cvc-clinicdb,unet_pvt,polypseg/runs_cv/unet_pvt_seed42_fold4/best.pth,True
0.9473490596360539,0.8999650532858643,0.9590354715486543,0.9359440305202985,0.5451623822836317,0.5451623822836317,2,9.11821335049656,1.89962778135345,1,1,1,1.0,1,1.0,0,361,cvc-clinicdb,unet_pvt,polypseg/runs_cv/unet_pvt_seed42_fold4/best.pth,True
0.9383940932110152,0.8839382742785922,0.980827203653915,0.8994802609653932,0.5592735643805016,0.5592735643805016,2,9.899494936611665,2.0623947784607637,1,1,1,1.0,1,1.0,0,362,cvc-clinicdb,unet_pvt,polypseg/runs_cv/unet_pvt_seed42_fold4/best.pth,True
0.8786279683087524,0.7835294117186159,0.8446417247403524,0.9154639174628547,0.6359216422977376,0.6359216422977376,2,6.033105012119286,1.2568968775248512,1,1,1,1.0,1,1.0,0,363,cvc-clinicdb,unet_pvt,polypseg/runs_cv/unet_pvt_seed42_fold4/best.pth,True
0.959239704309203,0.9216720778846724,0.9558080807678533,0.9626960576107378,0.9446991676962565,0.9446991676962565,2,2.23606797749979,0.4658474953124562,1,1,1,1.0,1,1.0,0,364,cvc-clinicdb,unet_pvt,polypseg/runs_cv/unet_pvt_seed42_fold4/best.pth,True
0.9054454317405913,0.8272273105400821,0.8272273105400821,0.9999999999496728,0.532686966904632,0.532686966904632,2,4.242640687119285,0.8838834764831843,1,1,1,1.0,1,1.0,0,365,cvc-clinicdb,unet_pvt,polypseg/runs_cv/unet_pvt_seed42_fold4/best.pth,True
0.9248637117581213,0.8602292768580146,0.8671111110725729,0.9908583036571428,0.6972330466790687,0.6972330466790687,2,3.1622776601683795,0.6588078458684125,1,1,1,1.0,1,1.0,0,366,cvc-clinicdb,unet_pvt,polypseg/runs_cv/unet_pvt_seed42_fold4/best.pth,True
0.9435431537758264,0.8931203930838199,0.9167717527987906,0.9719251336465274,0.7963121976452805,0.7963121976452805,2,2.8284271247461903,0.5892556509887896,1,1,1,1.0,1,1.0,0,367,cvc-clinicdb,unet_pvt,polypseg/runs_cv/unet_pvt_seed42_fold4/best.pth,True
0.8842729970124567,0.7925531914569333,0.8359948208529998,0.9384689922025936,0.36781951708244925,0.36781951708244925,2,6.003713093767308,1.2507735612015225,1,1,1,1.0,1,1.0,0,368,cvc-clinicdb,unet_pvt,polypseg/runs_cv/unet_pvt_seed42_fold4/best.pth,True
0.8530757498512183,0.7437943262081652,0.7437943262081652,0.9999999999404052,0.413857511398049,0.413857511398049,2,8.94427190999916,1.8633899812498247,1,1,1,1.0,1,1.0,0,369,cvc-clinicdb,unet_pvt,polypseg/runs_cv/unet_pvt_seed42_fold4/best.pth,True
0.9545910687346049,0.9131269498330558,0.9468707228947758,0.9624383457573993,0.6361166792729098,0.6361166792729098,2,6.324555320336759,1.317615691736825,1,1,1,1.0,1,1.0,0,37,cvc-clinicdb,unet_pvt,polypseg/runs_cv/unet_pvt_seed42_fold4/best.pth,True
0.9051599884432068,0.8267509214941152,0.8459051723682163,0.9733415994436861,0.6730643471217874,0.6730643471217874,2,5.0,1.0416666666666667,1,1,1,1.0,1,1.0,0,370,cvc-clinicdb,unet_pvt,polypseg/runs_cv/unet_pvt_seed42_fold4/best.pth,True
0.8139534883415622,0.686274509760514,0.6893265565000427,0.9935897434987554,0.4601226495389418,0.4601226495389418,2,8.54400374531753,1.7800007802744855,1,1,1,1.0,1,1.0,0,371,cvc-clinicdb,unet_pvt,polypseg/runs_cv/unet_pvt_seed42_fold4/best.pth,True
0.8107890498868443,0.68178740685973,0.6822493224470021,0.9990079364088286,0.36919154795808357,0.36919154795808357,2,7.0710678118654755,1.473139127471974,1,1,1,1.0,1,1.0,0,372,cvc-clinicdb,unet_pvt,polypseg/runs_cv/unet_pvt_seed42_fold4/best.pth,True
0.8082348455658317,0.6781829814025474,0.6781829814025474,0.9999999999056604,0.38173586118126246,0.38173586118126246,2,8.06225774829855,1.679637030895531,1,1,1,1.0,1,1.0,0,373,cvc-clinicdb,unet_pvt,polypseg/runs_cv/unet_pvt_seed42_fold4/best.pth,True
0.8172523961400239,0.690977849773583,0.6981441047653851,0.9853620954556731,0.39151171224407594,0.39151171224407594,2,9.219544457292887,1.920738428602685,1,1,1,1.0,1,1.0,0,374,cvc-clinicdb,unet_pvt,polypseg/runs_cv/unet_pvt_seed42_fold4/best.pth,True
0.7676198147093186,0.6228758169527532,0.6228758169527532,0.9999999998950683,0.3881229621102814,0.3881229621102814,2,8.602325267042627,1.7921510973005472,1,1,1,1.0,1,1.0,0,375,cvc-clinicdb,unet_pvt,polypseg/runs_cv/unet_pvt_seed42_fold4/best.pth,True
0.9358902049081427,0.879505300322279,0.911054172733856,0.9621182836891334,0.7910644547941974,0.7910644547941974,2,5.616100833138698,1.1700210069038954,1,1,1,1.0,1,1.0,0,376,cvc-clinicdb,unet_pvt,polypseg/runs_cv/unet_pvt_seed42_fold4/best.pth,True
0.9473684210315039,0.8999999999618644,0.920277296320612,0.976102941131613,0.7909324197824015,0.7909324197824015,2,3.0,0.625,1,1,1,1.0,1,1.0,0,377,cvc-clinicdb,unet_pvt,polypseg/runs_cv/unet_pvt_seed42_fold4/best.pth,True
0.9076555023706303,0.8309242224778396,0.8312883435218542,0.9994731295574566,0.4928007154246546,0.4928007154246546,2,4.123105625617661,0.858980338670346,1,1,1,1.0,1,1.0,0,378,cvc-clinicdb,unet_pvt,polypseg/runs_cv/unet_pvt_seed42_fold4/best.pth,True
0.8806211581727396,0.7867052022666644,0.7926616190569212,0.9905385734359141,0.5645257604452629,0.5645257604452629,2,7.0,1.4583333333333333,1,1,1,1.0,1,1.0,0,379,cvc-clinicdb,unet_pvt,polypseg/runs_cv/unet_pvt_seed42_fold4/best.pth,True
0.983531464707345,0.9675965665028413,0.9883822884483038,0.9787280225530991,0.9935273898600098,0.9935273898600098,2,1.4142135623730951,0.2946278254943948,1,1,1,1.0,1,1.0,0,38,cvc-clinicdb,unet_pvt,polypseg/runs_cv/unet_pvt_seed42_fold4/best.pth,True
0.9387229659902492,0.8845220766188976,0.8849514562677209,0.9994517543311704,0.7448979092045015,0.7448979092045015,2,3.1844413409331525,0.6634252793610734,1,1,1,1.0,1,1.0,0,380,cvc-clinicdb,unet_pvt,polypseg/runs_cv/unet_pvt_seed42_fold4/best.pth,True
0.9293628808703366,0.868046571770115,0.868046571770115,0.9999999999627422,0.6948288964765831,0.6948288964765831,2,5.199999999999989,1.083333333333331,1,1,1,1.0,1,1.0,0,381,cvc-clinicdb,unet_pvt,polypseg/runs_cv/unet_pvt_seed42_fold4/best.pth,True
0.9712128362282333,0.9440366972188369,0.9695351758489468,0.9728963126072204,0.9723904365149749,0.9723904365149749,2,2.0,0.4166666666666667,1,1,1,1.0,1,1.0,0,382,cvc-clinicdb,unet_pvt,polypseg/runs_cv/unet_pvt_seed42_fold4/best.pth,True
0.941441441426296,0.8893617021006274,0.8950749464394288,0.992874109229967,0.7108405876311412,0.7108405876311412,2,4.0,0.8333333333333334,1,1,1,1.0,1,1.0,0,383,cvc-clinicdb,unet_pvt,polypseg/runs_cv/unet_pvt_seed42_fold4/best.pth,True
0.8188153310088679,0.6932153392307663,0.9746094649971218,0.7059648185830436,0.5034180098687979,0.5034180098687979,2,98.72613308952987,20.567944393652056,1,1,1,1.0,1,1.0,0,384,cvc-clinicdb,unet_pvt,polypseg/runs_cv/unet_pvt_seed42_fold4/best.pth,True
0.8186401901316749,0.6929643139145905,0.9785471537756024,0.7036542059616493,0.539253490466091,0.539253490466091,2,105.90623872722057,22.06379973483762,1,1,1,1.0,1,1.0,0,385,cvc-clinicdb,unet_pvt,polypseg/runs_cv/unet_pvt_seed42_fold4/best.pth,True
0.7985022823349281,0.6645890962545447,0.983266849707386,0.6721915285427391,0.4822770803604427,0.4822770803604427,2,102.85037630660146,21.42716173054197,1,1,1,1.0,1,1.0,0,386,cvc-clinicdb,unet_pvt,polypseg/runs_cv/unet_pvt_seed42_fold4/best.pth,True
0.8363475959400963,0.7187263078064693,0.9412826646164134,0.7524623877015821,0.40581321291143246,0.40581321291143246,2,89.97175281088838,18.74411516893508,1,1,1,1.0,1,1.0,0,387,cvc-clinicdb,unet_pvt,polypseg/runs_cv/unet_pvt_seed42_fold4/best.pth,True
0.7704349456299905,0.6265914462124472,0.9655212922116562,0.6409326626870943,0.2813076877236425,0.2813076877236425,2,108.96198621189731,22.700413794145273,1,1,1,1.0,1,1.0,0,388,cvc-clinicdb,unet_pvt,polypseg/runs_cv/unet_pvt_seed42_fold4/best.pth,True
0.9158526479649552,0.8447676842504991,0.9900646071937126,0.8519902821862643,0.6536749224589068,0.6536749224589068,2,54.49953498722819,11.354069789005873,1,1,1,1.0,1,1.0,0,389,cvc-clinicdb,unet_pvt,polypseg/runs_cv/unet_pvt_seed42_fold4/best.pth,True
0.9650720460983853,0.9325016707299509,0.9447077408949514,0.9863336474791157,0.8571428071478269,0.8571428071478269,2,4.47213595499958,0.9316949906249123,1,1,1,1.0,1,1.0,0,39,cvc-clinicdb,unet_pvt,polypseg/runs_cv/unet_pvt_seed42_fold4/best.pth,True
0.9805277424324265,0.9617993379946725,0.9842847623223884,0.9767992946049994,0.8540919407281723,0.8540919407281723,2,5.898571136907177,1.228868986855662,1,1,1,1.0,1,1.0,0,390,cvc-clinicdb,unet_pvt,polypseg/runs_cv/unet_pvt_seed42_fold4/best.pth,True
0.9485084901243827,0.9020600558501736,0.9399672548491911,0.9572063727129084,0.7870142714391212,0.7870142714391212,2,7.010660171779819,1.4605542024541291,1,1,1,1.0,1,1.0,0,391,cvc-clinicdb,unet_pvt,polypseg/runs_cv/unet_pvt_seed42_fold4/best.pth,True
0.951321786685194,0.9071627259978307,0.954395805377949,0.9482675066519473,0.641114706320475,0.641114706320475,2,13.147219356587874,2.7390040326224736,1,1,1,1.0,1,1.0,0,392,cvc-clinicdb,unet_pvt,polypseg/runs_cv/unet_pvt_seed42_fold4/best.pth,True
0.9543042071135643,0.9126021292286135,0.9232310582226271,0.987541862009544,0.6721225513258212,0.6721225513258212,2,6.766563145999492,1.409700655416561,1,1,1,1.0,1,1.0,0,393,cvc-clinicdb,unet_pvt,polypseg/runs_cv/unet_pvt_seed42_fold4/best.pth,True
0.9669318746831991,0.9359807460777859,0.9437029847009984,0.9913331633827258,0.8003317524708333,0.8003317524708333,2,5.0,1.0416666666666667,1,1,1,1.0,1,1.0,0,394,cvc-clinicdb,unet_pvt,polypseg/runs_cv/unet_pvt_seed42_fold4/best.pth,True
0.9455102301206112,0.8966518757491193,0.9037976742221371,0.9912593649572666,0.5547332279227352,0.5547332279227352,2,10.770329614269007,2.2438186696393765,1,1,1,1.0,1,1.0,0,395,cvc-clinicdb,unet_pvt,polypseg/runs_cv/unet_pvt_seed42_fold4/best.pth,True
0.9545147108515619,0.9129872230235081,0.9196806777377021,0.9920913883919851,0.6402294658416958,0.6402294658416958,2,7.0710678118654755,1.473139127471974,1,1,1,1.0,1,1.0,0,396,cvc-clinicdb,unet_pvt,polypseg/runs_cv/unet_pvt_seed42_fold4/best.pth,True
0.9625825865082666,0.9278643041747408,0.9385763490181236,0.9878490869965907,0.626139440220729,0.626139440220729,2,6.2761967623290404,1.3075409921518832,1,1,1,1.0,1,1.0,0,397,cvc-clinicdb,unet_pvt,polypseg/runs_cv/unet_pvt_seed42_fold4/best.pth,True
0.9605458793517403,0.924086845461435,0.929595559890387,0.9936281241362612,0.6369660230919725,0.6369660230919725,2,8.246211251235321,1.717960677340692,1,1,1,1.0,1,1.0,0,398,cvc-clinicdb,unet_pvt,polypseg/runs_cv/unet_pvt_seed42_fold4/best.pth,True
0.9563833693706133,0.9164125420211399,0.9333439515733587,0.980589022749493,0.6450998548525706,0.6450998548525706,2,9.0,1.875,1,1,1,1.0,1,1.0,0,399,cvc-clinicdb,unet_pvt,polypseg/runs_cv/unet_pvt_seed42_fold4/best.pth,True
0.5762225632111008,0.40471393092917524,0.9817003864403079,0.4077903682700293,0.47805151955668246,0.47805151955668246,2,78.65681014211918,16.38683544627483,1,1,1,1.0,0,0.0,0,4,cvc-clinicdb,unet_pvt,polypseg/runs_cv/unet_pvt_seed42_fold4/best.pth,True
0.9684467579142185,0.9388238225649287,0.9866439701324258,0.950908631992038,0.8093499699503487,0.8093499699503487,2,3.0,0.625,1,1,1,1.0,1,1.0,0,40,cvc-clinicdb,unet_pvt,polypseg/runs_cv/unet_pvt_seed42_fold4/best.pth,True
0.9536060124226505,0.9113259668382414,0.9369497301769817,0.9708652148179685,0.6667439763382541,0.6667439763382541,2,5.0,1.0416666666666667,1,1,1,1.0,1,1.0,0,400,cvc-clinicdb,unet_pvt,polypseg/runs_cv/unet_pvt_seed42_fold4/best.pth,True
0.9712211290526057,0.9440523677923284,0.9573695674623236,0.9854793935406204,0.8272328116034787,0.8272328116034787,2,3.0,0.625,1,1,1,1.0,1,1.0,0,401,cvc-clinicdb,unet_pvt,polypseg/runs_cv/unet_pvt_seed42_fold4/best.pth,True
0.9698277362068215,0.9414228768262859,0.9451265007057916,0.9958547741495436,0.688866722481995,0.688866722481995,2,5.873213921133976,1.2235862335695782,1,1,1,1.0,1,1.0,0,402,cvc-clinicdb,unet_pvt,polypseg/runs_cv/unet_pvt_seed42_fold4/best.pth,True
0.9781563545099385,0.957246599151506,0.9648453608147953,0.9918397626007647,0.8797578324322807,0.8797578324322807,2,3.1135943621178637,0.6486654921078883,1,1,1,1.0,1,1.0,0,403,cvc-clinicdb,unet_pvt,polypseg/runs_cv/unet_pvt_seed42_fold4/best.pth,True
0.9665758401409329,0.9353137633948381,0.955210483790008,0.9782149094495981,0.7742477092897992,0.7742477092897992,2,6.907779066150711,1.4391206387813982,1,1,1,1.0,1,1.0,0,404,cvc-clinicdb,unet_pvt,polypseg/runs_cv/unet_pvt_seed42_fold4/best.pth,True
0.953866146843438,0.9118012422265859,0.9353297228317369,0.9731521378745646,0.6825563573726113,0.6825563573726113,2,8.377699818887097,1.7453541289348118,1,1,1,1.0,1,1.0,0,405,cvc-clinicdb,unet_pvt,polypseg/runs_cv/unet_pvt_seed42_fold4/best.pth,True
0.968851461034046,0.9395847682678383,0.9496767777130812,0.9888164025992666,0.751237516512605,0.751237516512605,2,4.42623690142351,0.9221326877965647,1,1,1,1.0,1,1.0,0,406,cvc-clinicdb,unet_pvt,polypseg/runs_cv/unet_pvt_seed42_fold4/best.pth,True
0.9588240582533542,0.9209049304816431,0.932907627703526,0.9862215646293118,0.6736357167096764,0.6736357167096764,2,8.0,1.6666666666666667,1,1,1,1.0,1,1.0,0,407,cvc-clinicdb,unet_pvt,polypseg/runs_cv/unet_pvt_seed42_fold4/best.pth,True
0.9465658093739996,0.8985523896955588,0.9134548002696395,0.9821675247898761,0.7340628061541706,0.7340628061541706,2,12.39341395824628,2.581961241301308,1,1,1,1.0,1,1.0,0,408,cvc-clinicdb,unet_pvt,polypseg/runs_cv/unet_pvt_seed42_fold4/best.pth,True
0.9812826864833105,0.9632531748143635,0.9687170952040735,0.9941785477707875,0.8081682668393448,0.8081682668393448,2,8.0,1.6666666666666667,1,1,1,1.0,1,1.0,0,409,cvc-clinicdb,unet_pvt,polypseg/runs_cv/unet_pvt_seed42_fold4/best.pth,True
0.9522073713957856,0.9087746424254199,0.911416941250021,0.9968200126988167,0.7507949550428489,0.7507949550428489,2,5.656854249492381,1.1785113019775793,1,1,1,1.0,1,1.0,0,41,cvc-clinicdb,unet_pvt,polypseg/runs_cv/unet_pvt_seed42_fold4/best.pth,True
0.9362591431502597,0.8801571709137725,0.9665587917899249,0.9078014184294967,0.5195267196414783,0.5195267196414783,2,10.198039027185569,2.1245914639969934,1,1,1,1.0,1,1.0,0,410,cvc-clinicdb,unet_pvt,polypseg/runs_cv/unet_pvt_seed42_fold4/best.pth,True
0.8943396226338393,0.8088737201239703,0.996940726558376,0.8108864696607949,0.4076364689471637,0.4076364689471637,2,11.704699910719626,2.438479148066589,1,1,1,1.0,1,1.0,0,411,cvc-clinicdb,unet_pvt,polypseg/runs_cv/unet_pvt_seed42_fold4/best.pth,True
0.8176550783843076,0.6915537618810673,0.9813867866438661,0.7007448517496605,0.2580564236693984,0.2580564236693984,2,18.0,3.75,1,1,1,1.0,1,1.0,0,412,cvc-clinicdb,unet_pvt,polypseg/runs_cv/unet_pvt_seed42_fold4/best.pth,True
0.7724877020311622,0.6293115786370501,0.9564933652173919,0.6478561956586436,0.16800615972423838,0.16800615972423838,2,27.95706054478508,5.824387613496892,1,1,1,1.0,1,1.0,0,413,cvc-clinicdb,unet_pvt,polypseg/runs_cv/unet_pvt_seed42_fold4/best.pth,True
0.972199090383428,0.9459021501996077,0.985839558294947,0.9589309407943422,0.5647825018849111,0.5647825018849111,2,8.06225774829855,1.679637030895531,1,1,1,1.0,1,1.0,0,414,cvc-clinicdb,unet_pvt,polypseg/runs_cv/unet_pvt_seed42_fold4/best.pth,True
0.9513491689625484,0.9072125256615297,0.9888787857523335,0.9165640194430044,0.5315832149834396,0.5315832149834396,2,9.436623724479027,1.9659632759331307,1,1,1,1.0,1,1.0,0,415,cvc-clinicdb,unet_pvt,polypseg/runs_cv/unet_pvt_seed42_fold4/best.pth,True
0.8747039409789372,0.7773100545112324,0.9875504120551678,0.7850024391888981,0.3577817033995736,0.3577817033995736,2,26.690802508339903,5.560583855904146,1,1,1,1.0,1,1.0,0,416,cvc-clinicdb,unet_pvt,polypseg/runs_cv/unet_pvt_seed42_fold4/best.pth,True
0.8240040342868605,0.7006861063398067,0.9749403341159515,0.7135371178970059,0.445935367340904,0.445935367340904,2,33.0,6.875,1,1,1,1.0,1,1.0,0,417,cvc-clinicdb,unet_pvt,polypseg/runs_cv/unet_pvt_seed42_fold4/best.pth,True
0.8513628620011566,0.7411939191557064,0.978463044518393,0.7534866189077745,0.3331079671823886,0.3331079671823886,2,17.63212091442866,3.6733585238393043,1,1,1,1.0,1,1.0,0,418,cvc-clinicdb,unet_pvt,polypseg/runs_cv/unet_pvt_seed42_fold4/best.pth,True
0.8772186642236881,0.7812907431500568,0.9818137134350633,0.7927635930626222,0.5269473683340952,0.5269473683340952,2,29.530347257062868,6.152155678554764,1,1,1,1.0,1,1.0,0,419,cvc-clinicdb,unet_pvt,polypseg/runs_cv/unet_pvt_seed42_fold4/best.pth,True
0.9725219392823152,0.9465135816165429,0.9617299758008006,0.9835588534703397,0.8843046347575504,0.8843046347575504,2,3.1622776601683795,0.6588078458684125,1,1,1,1.0,1,1.0,0,42,cvc-clinicdb,unet_pvt,polypseg/runs_cv/unet_pvt_seed42_fold4/best.pth,True
0.8031360042495411,0.6710336404981068,0.9946515263639047,0.673463702709491,0.3568387676232636,0.3568387676232636,2,41.0,8.541666666666666,1,1,1,1.0,1,1.0,0,420,cvc-clinicdb,unet_pvt,polypseg/runs_cv/unet_pvt_seed42_fold4/best.pth,True
0.8078370514032673,0.6776230148354749,0.9972222222126702,0.6789044669013439,0.3644688148881711,0.3644688148881711,2,32.0,6.666666666666667,1,1,1,1.0,1,1.0,0,421,cvc-clinicdb,unet_pvt,polypseg/runs_cv/unet_pvt_seed42_fold4/best.pth,True
0.89581689029085,0.8112937812704043,0.8178411874890286,0.9902285813965269,0.4316396584092606,0.4316396584092606,2,44.53071687294063,9.277232681862632,1,1,1,1.0,1,1.0,0,422,cvc-clinicdb,unet_pvt,polypseg/runs_cv/unet_pvt_seed42_fold4/best.pth,True
0.8913256314832866,0.8039561992181563,0.9663175771230801,0.8271350696497447,0.25190060910226175,0.25190060910226175,2,17.0,3.5416666666666665,1,1,1,1.0,1,1.0,0,423,cvc-clinicdb,unet_pvt,polypseg/runs_cv/unet_pvt_seed42_fold4/best.pth,True
0.0,0.0,0.0,0.0,0.0,0.0,2,,,1,0,0,0.0,0,0.0,0,424,cvc-clinicdb,unet_pvt,polypseg/runs_cv/unet_pvt_seed42_fold4/best.pth,True
0.578881987568651,0.40734265733375563,0.5018847603526687,0.6837857666660387,0.23855030176084888,0.23855030176084888,2,93.19897971671423,19.4164541076488,1,2,1,1.0,1,1.0,1,425,cvc-clinicdb,unet_pvt,polypseg/runs_cv/unet_pvt_seed42_fold4/best.pth,True
0.863631056620761,0.759991780532621,0.9862666666535165,0.7681204568975273,0.3788351816755081,0.3788351816755081,2,21.0,4.375,1,1,1,1.0,1,1.0,0,426,cvc-clinicdb,unet_pvt,polypseg/runs_cv/unet_pvt_seed42_fold4/best.pth,True
0.9489273927353592,0.9028181175845607,0.9715323534298738,0.9273504273429498,0.7395995956771727,0.7395995956771727,2,16.119850698861313,3.3583022289294404,1,1,1,1.0,1,1.0,0,427,cvc-clinicdb,unet_pvt,polypseg/runs_cv/unet_pvt_seed42_fold4/best.pth,True
0.9186949766916873,0.8496168582301495,0.9698807156961243,0.8726410875514475,0.5520777840168615,0.5520777840168615,2,14.0,2.9166666666666665,1,1,1,1.0,1,1.0,0,428,cvc-clinicdb,unet_pvt,polypseg/runs_cv/unet_pvt_seed42_fold4/best.pth,True
0.9244175491623333,0.8594576347377128,0.8628558517751597,0.9954385507494404,0.326049679515471,0.326049679515471,2,7.810249675906654,1.6271353491472196,1,1,1,1.0,1,1.0,0,429,cvc-clinicdb,unet_pvt,polypseg/runs_cv/unet_pvt_seed42_fold4/best.pth,True
0.9647632815236288,0.931925292355875,0.9644147398669723,0.9651120751813971,0.8321376831446132,0.8321376831446132,2,3.605551275463989,0.7511565157216644,1,1,1,1.0,1,1.0,0,43,cvc-clinicdb,unet_pvt,polypseg/runs_cv/unet_pvt_seed42_fold4/best.pth,True
0.9204632221880856,0.8526464693993557,0.8530487085640636,0.9994472847727035,0.3252356280275902,0.3252356280275902,2,7.615773105863909,1.5866193970549811,1,1,1,1.0,1,1.0,0,430,cvc-clinicdb,unet_pvt,polypseg/runs_cv/unet_pvt_seed42_fold4/best.pth,True
0.9177242888335687,0.8479579458033704,0.8505949161594024,0.9963573012195699,0.32599642996747585,0.32599642996747585,2,7.106076496631101,1.4804326034648128,1,1,1,1.0,1,1.0,0,431,cvc-clinicdb,unet_pvt,polypseg/runs_cv/unet_pvt_seed42_fold4/best.pth,True
0.9477907349901156,0.9007625826039576,0.9058282208496335,0.9938299304353395,0.5381939988293203,0.5381939988293203,2,7.615773105863909,1.5866193970549811,1,1,1,1.0,1,1.0,0,432,cvc-clinicdb,unet_pvt,polypseg/runs_cv/unet_pvt_seed42_fold4/best.pth,True
0.9466816189165731,0.8987611304597487,0.8987611304597487,0.9999999999892311,0.5283493075355956,0.5283493075355956,2,7.923653308483004,1.6507611059339593,1,1,1,1.0,1,1.0,0,433,cvc-clinicdb,unet_pvt,polypseg/runs_cv/unet_pvt_seed42_fold4/best.pth,True
0.9511119631856254,0.9067812100081631,0.9104422829793499,0.9955849889524825,0.5328013461367618,0.5328013461367618,2,6.324555320336759,1.317615691736825,1,1,1,1.0,1,1.0,0,434,cvc-clinicdb,unet_pvt,polypseg/runs_cv/unet_pvt_seed42_fold4/best.pth,True
0.9502051815952091,0.9051341890209436,0.9069332397882972,0.9978132235528967,0.6346766494018918,0.6346766494018918,2,6.708203932499369,1.3975424859373686,1,1,1,1.0,1,1.0,0,435,cvc-clinicdb,unet_pvt,polypseg/runs_cv/unet_pvt_seed42_fold4/best.pth,True
0.9285400589690159,0.8666120154483357,0.8667135160357611,0.9998648831103923,0.3140377111009542,0.3140377111009542,2,6.980351842023949,1.4542399670883228,1,1,1,1.0,1,1.0,0,436,cvc-clinicdb,unet_pvt,polypseg/runs_cv/unet_pvt_seed42_fold4/best.pth,True
0.9485318160947712,0.9021022515125998,0.9040139615943155,0.9976613014032514,0.5410012627066845,0.5410012627066845,2,6.324555320336759,1.317615691736825,1,1,1,1.0,1,1.0,0,437,cvc-clinicdb,unet_pvt,polypseg/runs_cv/unet_pvt_seed42_fold4/best.pth,True
0.9286815966409752,0.8668586236633062,0.9798216494110537,0.8826150688895771,0.6781887574974359,0.6781887574974359,2,26.105159734153858,5.438574944615387,1,1,1,1.0,1,1.0,0,438,cvc-clinicdb,unet_pvt,polypseg/runs_cv/unet_pvt_seed42_fold4/best.pth,True
0.9418764875301148,0.890138510703325,0.8991867974061326,0.9888216727907835,0.5699071621507003,0.5699071621507003,2,8.687811927781759,1.8099608182878664,1,1,1,1.0,1,1.0,0,439,cvc-clinicdb,unet_pvt,polypseg/runs_cv/unet_pvt_seed42_fold4/best.pth,True
0.9715493601407018,0.9446728141212679,0.9741092908583558,0.9690028489918061,0.774487421532685,0.774487421532685,2,3.1622776601683795,0.6588078458684125,1,1,1,1.0,1,1.0,0,44,cvc-clinicdb,unet_pvt,polypseg/runs_cv/unet_pvt_seed42_fold4/best.pth,True
0.9337555203655216,0.8757424194924079,0.9194289464896713,0.9485356356704159,0.6207217168387069,0.6207217168387069,2,12.004159457879227,2.500866553724839,1,1,1,1.0,1,1.0,0,440,cvc-clinicdb,unet_pvt,polypseg/runs_cv/unet_pvt_seed42_fold4/best.pth,True
0.9074733095905996,0.8306188924780812,0.880998080580384,0.935589074564387,0.6660537308051651,0.6660537308051651,2,8.009338662244781,1.6686122213009962,1,1,1,1.0,1,1.0,0,441,cvc-clinicdb,unet_pvt,polypseg/runs_cv/unet_pvt_seed42_fold4/best.pth,True
0.8186843559864748,0.6930276087811645,0.9340901923388808,0.7286592865749407,0.5766380634234823,0.5766380634234823,2,24.097638184423552,5.020341288421574,1,1,1,1.0,1,1.0,0,442,cvc-clinicdb,unet_pvt,polypseg/runs_cv/unet_pvt_seed42_fold4/best.pth,True
0.9525436893129899,0.9093875129629336,0.9358974358831518,0.9697928198486511,0.7130913040047326,0.7130913040047326,2,5.830951894845301,1.2147816447594377,1,1,1,1.0,1,1.0,0,443,cvc-clinicdb,unet_pvt,polypseg/runs_cv/unet_pvt_seed42_fold4/best.pth,True
0.9602035490542784,0.9234533818430989,0.9251948704937742,0.9979658258611613,0.66779863357815,0.66779863357815,2,3.1622776601683795,0.6588078458684125,1,1,1,1.0,1,1.0,0,444,cvc-clinicdb,unet_pvt,polypseg/runs_cv/unet_pvt_seed42_fold4/best.pth,True
0.9591393175361909,0.9214867404404434,0.9809573206803426,0.9382707299720887,0.7743971702297713,0.7743971702297713,2,12.79594154601839,2.665821155420498,1,1,1,1.0,1,1.0,0,445,cvc-clinicdb,unet_pvt,polypseg/runs_cv/unet_pvt_seed42_fold4/best.pth,True
0.96832853462279,0.9386016451164908,0.9685486926792833,0.9681084766232246,0.7490498005597178,0.7490498005597178,2,5.830951894845301,1.2147816447594377,1,1,1,1.0,1,1.0,0,446,cvc-clinicdb,unet_pvt,polypseg/runs_cv/unet_pvt_seed42_fold4/best.pth,True
0.9429754698798507,0.8921036768869167,0.9155583049515758,0.9720853858465653,0.7490079048188149,0.7490079048188149,2,3.605551275463989,0.7511565157216644,1,1,1,1.0,1,1.0,0,447,cvc-clinicdb,unet_pvt,polypseg/runs_cv/unet_pvt_seed42_fold4/best.pth,True
0.9690041430031532,0.9398720047486252,0.9438051113294903,0.9955856849913987,0.8407310204964272,0.8407310204964272,2,3.1622776601683795,0.6588078458684125,1,1,1,1.0,1,1.0,0,448,cvc-clinicdb,unet_pvt,polypseg/runs_cv/unet_pvt_seed42_fold4/best.pth,True
0.9467026130138251,0.8987989761587163,0.9586308273633215,0.9350675952286959,0.8258661248506435,0.8258661248506435,2,9.041538853603063,1.8836539278339715,1,1,1,1.0,1,1.0,0,449,cvc-clinicdb,unet_pvt,polypseg/runs_cv/unet_pvt_seed42_fold4/best.pth,True
0.9683426443127844,0.9386281588306464,0.9450249886272145,0.9928400954495968,0.861769167658731,0.861769167658731,2,4.3918126112414715,0.9149609606753066,1,1,1,1.0,1,1.0,0,45,cvc-clinicdb,unet_pvt,polypseg/runs_cv/unet_pvt_seed42_fold4/best.pth,True
0.9424030080167082,0.8910795086977673,0.8916558861289892,0.9992750996375762,0.7152690804707019,0.7152690804707019,2,4.0,0.8333333333333334,1,1,1,1.0,1,1.0,0,450,cvc-clinicdb,unet_pvt,polypseg/runs_cv/unet_pvt_seed42_fold4/best.pth,True
0.9327858223269335,0.8740380720585648,0.8740380720585648,0.9999999999536608,0.6667437746224831,0.6667437746224831,2,3.2287687024627107,0.6726601463463981,1,1,1,1.0,1,1.0,0,451,cvc-clinicdb,unet_pvt,polypseg/runs_cv/unet_pvt_seed42_fold4/best.pth,True
0.962166467530039,0.9270913276815786,0.941054271593325,0.9842476914452948,0.8414553653647697,0.8414553653647697,2,3.0,0.625,1,1,1,1.0,1,1.0,0,452,cvc-clinicdb,unet_pvt,polypseg/runs_cv/unet_pvt_seed42_fold4/best.pth,True
0.9667959282480998,0.9357260145217986,0.9502143877810811,0.983966452861767,0.9204141396374611,0.9204141396374611,2,2.23606797749979,0.4658474953124562,1,1,1,1.0,1,1.0,0,453,cvc-clinicdb,unet_pvt,polypseg/runs_cv/unet_pvt_seed42_fold4/best.pth,True
0.9671604357632482,0.9364091667789284,0.9853082082244442,0.9496690780213997,0.8466148912573249,0.8466148912573249,2,5.839404300103038,1.216542562521466,1,1,1,1.0,1,1.0,0,454,cvc-clinicdb,unet_pvt,polypseg/runs_cv/unet_pvt_seed42_fold4/best.pth,True
0.9602425490477647,0.923525528158852,0.9244410177230483,0.9989288264579989,0.5901752961805422,0.5901752961805422,2,4.3229640308773805,0.9006175064327876,1,1,1,1.0,1,1.0,0,455,cvc-clinicdb,unet_pvt,polypseg/runs_cv/unet_pvt_seed42_fold4/best.pth,True
0.9738493244745873,0.9490315094086491,0.9722908093189547,0.9754128440277484,0.7639224614235589,0.7639224614235589,2,3.605551275463989,0.7511565157216644,1,1,1,1.0,1,1.0,0,456,cvc-clinicdb,unet_pvt,polypseg/runs_cv/unet_pvt_seed42_fold4/best.pth,True
0.9584762306708253,0.9202634245094198,0.9884644683753567,0.9302539942551182,0.7683225583430775,0.7683225583430775,2,8.94427190999916,1.8633899812498247,1,1,1,1.0,1,1.0,0,457,cvc-clinicdb,unet_pvt,polypseg/runs_cv/unet_pvt_seed42_fold4/best.pth,True
0.9637260273866988,0.9299915397434435,0.9742964768230823,0.9533824804650177,0.8533332833580276,0.8533332833580276,2,4.218733674818961,0.8789028489206169,1,1,1,1.0,1,1.0,0,458,cvc-clinicdb,unet_pvt,polypseg/runs_cv/unet_pvt_seed42_fold4/best.pth,True
0.9455037797478787,0.8966402738947863,0.8966402738947863,0.9999999999761336,0.6494236411553302,0.6494236411553302,2,3.4504055101105156,0.7188344812730241,1,1,1,1.0,1,1.0,0,459,cvc-clinicdb,unet_pvt,polypseg/runs_cv/unet_pvt_seed42_fold4/best.pth,True
0.9768321512925386,0.954713493515793,0.9759093056057958,0.9777567439505008,0.933147368905459,0.933147368905459,2,2.23606797749979,0.4658474953124562,1,1,1,1.0,1,1.0,0,46,cvc-clinicdb,unet_pvt,polypseg/runs_cv/unet_pvt_seed42_fold4/best.pth,True
0.946380447904968,0.89821838065094,0.9434871224579676,0.9492915734349499,0.6832204165470093,0.6832204165470093,2,7.0,1.4583333333333333,1,1,1,1.0,1,1.0,0,460,cvc-clinicdb,unet_pvt,polypseg/runs_cv/unet_pvt_seed42_fold4/best.pth,True
0.9548618908529466,0.9136226901459158,0.9415411868771547,0.9685649202586399,0.6933591100457004,0.6933591100457004,2,5.0,1.0416666666666667,1,1,1,1.0,1,1.0,0,461,cvc-clinicdb,unet_pvt,polypseg/runs_cv/unet_pvt_seed42_fold4/best.pth,True
0.9649895036164082,0.9323475529843974,0.9928929765747925,0.9386115136222025,0.78929959949993,0.78929959949993,2,5.385164807134504,1.1219093348196882,1,1,1,1.0,1,1.0,0,462,cvc-clinicdb,unet_pvt,polypseg/runs_cv/unet_pvt_seed42_fold4/best.pth,True
0.9653603918782131,0.9330402434821352,0.98676680971936,0.9448630136905405,0.6958162824115605,0.6958162824115605,2,5.643269777374484,1.1756812036196842,1,1,1,1.0,1,1.0,0,463,cvc-clinicdb,unet_pvt,polypseg/runs_cv/unet_pvt_seed42_fold4/best.pth,True
0.9712289841287518,0.9440672114058687,0.9788782816112305,0.963698308259355,0.8005007043426229,0.8005007043426229,2,4.0,0.8333333333333334,1,1,1,1.0,1,1.0,0,464,cvc-clinicdb,unet_pvt,polypseg/runs_cv/unet_pvt_seed42_fold4/best.pth,True
0.9159345315037419,0.8449070264863838,0.9902603664321092,0.8519870571571228,0.6662863909296964,0.6662863909296964,2,19.235384061671343,4.007371679514863,1,1,1,1.0,1,1.0,0,465,cvc-clinicdb,unet_pvt,polypseg/runs_cv/unet_pvt_seed42_fold4/best.pth,True
0.9431907333012912,0.8924890829616375,0.9900213136893041,0.9005904644320032,0.6558254093228049,0.6558254093228049,2,13.0,2.7083333333333335,1,1,1,1.0,1,1.0,0,466,cvc-clinicdb,unet_pvt,polypseg/runs_cv/unet_pvt_seed42_fold4/best.pth,True
0.8876645914776725,0.798018821190708,0.9676876876760637,0.8198656625196431,0.5169037054341935,0.5169037054341935,2,80.44682238030218,16.759754662562955,1,1,1,1.0,1,1.0,0,467,cvc-clinicdb,unet_pvt,polypseg/runs_cv/unet_pvt_seed42_fold4/best.pth,True
0.7007082852868791,0.5393002028351985,0.9987478478478832,0.5396650879521341,0.25594363157177724,0.25594363157177724,2,116.3632830121342,24.24235062752796,1,1,1,1.0,1,1.0,0,468,cvc-clinicdb,unet_pvt,polypseg/runs_cv/unet_pvt_seed42_fold4/best.pth,True
0.9255989911691141,0.8615023474115207,0.9770382695426203,0.87930518118539,0.6160406180174366,0.6160406180174366,2,53.49010465183287,11.143771802465182,1,1,1,1.0,1,1.0,0,469,cvc-clinicdb,unet_pvt,polypseg/runs_cv/unet_pvt_seed42_fold4/best.pth,True
0.9707778046960466,0.9432149919865974,0.9783160773493034,0.963354813879356,0.7803722299966697,0.7803722299966697,2,4.0,0.8333333333333334,1,1,1,1.0,1,1.0,0,47,cvc-clinicdb,unet_pvt,polypseg/runs_cv/unet_pvt_seed42_fold4/best.pth,True
0.5857193105832872,0.4141464385155775,0.9770007040371509,0.4182238296120331,0.1958868619198044,0.1958868619198044,2,115.35419174299453,24.03212327979053,1,1,1,1.0,0,0.0,0,470,cvc-clinicdb,unet_pvt,polypseg/runs_cv/unet_pvt_seed42_fold4/best.pth,True
0.8929411764683045,0.8065887353841584,0.9927210690873317,0.8113874041328776,0.5060446080312612,0.5060446080312612,2,51.296450310198935,10.686760481291445,1,1,1,1.0,1,1.0,0,471,cvc-clinicdb,unet_pvt,polypseg/runs_cv/unet_pvt_seed42_fold4/best.pth,True
0.8717936189943035,0.7727253042277392,0.993928253113893,0.7763902184284379,0.5804238867996284,0.5804238867996284,2,61.25491824324414,12.761441300675862,1,1,1,1.0,1,1.0,0,472,cvc-clinicdb,unet_pvt,polypseg/runs_cv/unet_pvt_seed42_fold4/best.pth,True
0.934491896219466,0.8770387507178887,0.969503228687619,0.9019211324516628,0.5123725847451894,0.5123725847451894,2,26.1725046566048,5.452605136792667,1,1,1,1.0,1,1.0,0,473,cvc-clinicdb,unet_pvt,polypseg/runs_cv/unet_pvt_seed42_fold4/best.pth,True
0.9418254764266638,0.890047393360242,0.9916686223832922,0.8967529711327634,0.7140437159866069,0.7140437159866069,2,39.05124837953327,8.135676745736099,1,1,1,1.0,1,1.0,0,474,cvc-clinicdb,unet_pvt,polypseg/runs_cv/unet_pvt_seed42_fold4/best.pth,True
0.818596887424963,0.6929022606354185,0.9827311840573895,0.7014429346653425,0.42028433473347004,0.42028433473347004,2,54.145117126004706,11.280232734584313,1,1,1,1.0,1,1.0,0,475,cvc-clinicdb,unet_pvt,polypseg/runs_cv/unet_pvt_seed42_fold4/best.pth,True
0.8620397081258497,0.7575305696353637,0.9772362936776067,0.7711379851198141,0.47126253737807033,0.47126253737807033,2,102.09430786007975,21.26964747084995,1,1,1,1.0,1,1.0,0,476,cvc-clinicdb,unet_pvt,polypseg/runs_cv/unet_pvt_seed42_fold4/best.pth,True
0.8865546218462889,0.7962264150903862,0.9732354190630986,0.8140514746900144,0.5293917655819459,0.5293917655819459,2,98.08656104500756,20.434700217709906,1,1,1,1.0,1,1.0,0,477,cvc-clinicdb,unet_pvt,polypseg/runs_cv/unet_pvt_seed42_fold4/best.pth,True
0.9082711004628522,0.8319566339664776,0.9723451327384737,0.8521195029485673,0.5869080152352849,0.5869080152352849,2,93.98326061083921,19.579845960591502,1,1,1,1.0,1,1.0,0,478,cvc-clinicdb,unet_pvt,polypseg/runs_cv/unet_pvt_seed42_fold4/best.pth,True
0.973886328722268,0.9491017964019233,0.9596367305697968,0.9885654885597795,0.8067418697331628,0.8067418697331628,2,7.86552058705236,1.638650122302575,1,1,1,1.0,1,1.0,0,479,cvc-clinicdb,unet_pvt,polypseg/runs_cv/unet_pvt_seed42_fold4/best.pth,True
0.9570610686931578,0.9176578224900703,0.9228928965601234,0.9938565199961582,0.7767938431303382,0.7767938431303382,2,5.656854249492381,1.1785113019775793,1,1,1,1.0,1,1.0,0,48,cvc-clinicdb,unet_pvt,polypseg/runs_cv/unet_pvt_seed42_fold4/best.pth,True
0.9247559213021715,0.8600427936530419,0.8617448188617352,0.9977087576311245,0.6461956951118294,0.6461956951118294,2,29.039768994547742,6.049951873864114,1,1,1,1.0,1,1.0,0,480,cvc-clinicdb,unet_pvt,polypseg/runs_cv/unet_pvt_seed42_fold4/best.pth,True
0.9298501442681584,0.8688971355626296,0.870411245348104,0.9980019979953513,0.5165562413956674,0.5165562413956674,2,25.58235437589091,5.32965716164394,1,1,1,1.0,1,1.0,0,481,cvc-clinicdb,unet_pvt,polypseg/runs_cv/unet_pvt_seed42_fold4/best.pth,True
0.9604658426644048,0.9239387045502685,0.9282418387988777,0.9950076272315674,0.7648051433907683,0.7648051433907683,2,18.24828759089466,3.801726581436387,1,1,1,1.0,1,1.0,0,482,cvc-clinicdb,unet_pvt,polypseg/runs_cv/unet_pvt_seed42_fold4/best.pth,True
0.9791638600723446,0.9591782870674386,0.9684224551387084,0.9901462174144485,0.8185041246316637,0.8185041246316637,2,7.615773105863909,1.5866193970549811,1,1,1,1.0,1,1.0,0,483,cvc-clinicdb,unet_pvt,polypseg/runs_cv/unet_pvt_seed42_fold4/best.pth,True
0.9588229122929112,0.9209028162581444,0.9303236970636689,0.9891233766180242,0.5226502374680893,0.5226502374680893,2,11.015876356015543,2.2949742408365714,1,1,1,1.0,1,1.0,0,484,cvc-clinicdb,unet_pvt,polypseg/runs_cv/unet_pvt_seed42_fold4/best.pth,True
0.9271149833403114,0.8641326600186697,0.9919316935532513,0.8702494673845766,0.6596481108432899,0.6596481108432899,2,23.108277937964537,4.814224570409278,1,1,1,1.0,1,1.0,0,485,cvc-clinicdb,unet_pvt,polypseg/runs_cv/unet_pvt_seed42_fold4/best.pth,True
0.9475314264807111,0.9002942703669674,0.9870943252801843,0.9110176913485546,0.6713408154261375,0.6713408154261375,2,6.324555320336759,1.317615691736825,1,1,1,1.0,1,1.0,0,486,cvc-clinicdb,unet_pvt,polypseg/runs_cv/unet_pvt_seed42_fold4/best.pth,True
0.971968392703077,0.9454654757733986,0.9885955459681339,0.9558912911265443,0.7685111373606315,0.7685111373606315,2,5.0,1.0416666666666667,1,1,1,1.0,1,1.0,0,487,cvc-clinicdb,unet_pvt,polypseg/runs_cv/unet_pvt_seed42_fold4/best.pth,True
0.9768108609453714,0.9546728201668478,0.9863760217899661,0.9674294304245245,0.8628708322343529,0.8628708322343529,2,2.8284271247461903,0.5892556509887896,1,1,1,1.0,1,1.0,0,488,cvc-clinicdb,unet_pvt,polypseg/runs_cv/unet_pvt_seed42_fold4/best.pth,True
0.9452606247850602,0.896203030812641,0.9025075168749574,0.9922657102729073,0.7777843994344565,0.7777843994344565,2,33.0,6.875,1,1,1,1.0,1,1.0,0,489,cvc-clinicdb,unet_pvt,polypseg/runs_cv/unet_pvt_seed42_fold4/best.pth,True
0.9762894707215626,0.9536772777063262,0.9744279946054909,0.9781580724951794,0.9477226639929511,0.9477226639929511,2,2.23606797749979,0.4658474953124562,1,1,1,1.0,1,1.0,0,49,cvc-clinicdb,unet_pvt,polypseg/runs_cv/unet_pvt_seed42_fold4/best.pth,True
0.9837208218785969,0.9679631769067724,0.9927962834070141,0.9748097805995146,0.6780289304470286,0.6780289304470286,2,5.0,1.0416666666666667,1,1,1,1.0,1,1.0,0,490,cvc-clinicdb,unet_pvt,polypseg/runs_cv/unet_pvt_seed42_fold4/best.pth,True
0.9150694655691232,0.8434359956963899,0.9645128533965874,0.8704480779391769,0.5257954255563242,0.5257954255563242,2,18.62627013457848,3.88047294470385,1,2,1,1.0,1,1.0,1,491,cvc-clinicdb,unet_pvt,polypseg/runs_cv/unet_pvt_seed42_fold4/best.pth,True
0.962847357695056,0.9283564621261982,0.9463547658573166,0.979924994480565,0.6357578147377654,0.6357578147377654,2,12.02287701833576,2.5047660454866167,1,1,1,1.0,1,1.0,0,492,cvc-clinicdb,unet_pvt,polypseg/runs_cv/unet_pvt_seed42_fold4/best.pth,True
0.9779533519397787,0.9568578438135589,0.9670190868218235,0.9891377165231642,0.738772302914414,0.738772302914414,2,5.0,1.0416666666666667,1,1,1,1.0,1,1.0,0,493,cvc-clinicdb,unet_pvt,polypseg/runs_cv/unet_pvt_seed42_fold4/best.pth,True
0.9793666432062509,0.9595675437091976,0.9915075520034682,0.9675194660680337,0.7818358529514862,0.7818358529514862,2,3.605551275463989,0.7511565157216644,1,1,1,1.0,1,1.0,0,494,cvc-clinicdb,unet_pvt,polypseg/runs_cv/unet_pvt_seed42_fold4/best.pth,True
0.9590853526977803,0.9213871235105398,0.9475703324763305,0.9708836802980982,0.7394848452162233,0.7394848452162233,2,19.958672364844197,4.158056742675874,1,1,1,1.0,1,1.0,0,495,cvc-clinicdb,unet_pvt,polypseg/runs_cv/unet_pvt_seed42_fold4/best.pth,True
0.9444602089489372,0.8947651400317964,0.9206397103152251,0.969546104544412,0.643128558793735,0.643128558793735,2,25.698233910103042,5.353798731271467,1,1,1,1.0,1,1.0,0,496,cvc-clinicdb,unet_pvt,polypseg/runs_cv/unet_pvt_seed42_fold4/best.pth,True
0.9467815138341872,0.8989412228044877,0.9147080317760562,0.9811859906410894,0.6048673477103035,0.6048673477103035,2,30.14962686336267,6.281172263200556,1,1,1,1.0,1,1.0,0,497,cvc-clinicdb,unet_pvt,polypseg/runs_cv/unet_pvt_seed42_fold4/best.pth,True
0.9658610116634991,0.9339760153682701,0.9496109670216255,0.9826768908993284,0.7897779305051625,0.7897779305051625,2,24.181112903885747,5.037731854976197,1,1,1,1.0,1,1.0,0,498,cvc-clinicdb,unet_pvt,polypseg/runs_cv/unet_pvt_seed42_fold4/best.pth,True
0.968550692762685,0.9390191897621214,0.9481162540331965,0.989885367494606,0.7891097904041044,0.7891097904041044,2,21.253741526750783,4.42786281807308,1,1,1,1.0,1,1.0,0,499,cvc-clinicdb,unet_pvt,polypseg/runs_cv/unet_pvt_seed42_fold4/best.pth,True
0.6493739461103958,0.4807947723504181,0.9888548950940902,0.4834143475215885,0.4959640656926981,0.4959640656926981,2,67.95579951853847,14.157458233028848,1,1,1,1.0,0,0.0,0,5,cvc-clinicdb,unet_pvt,polypseg/runs_cv/unet_pvt_seed42_fold4/best.pth,True
0.9343135687880084,0.8767246550426898,0.8822819196836016,0.9928668477923619,0.7076713546837546,0.7076713546837546,2,5.830951894845301,1.2147816447594377,1,1,1,1.0,1,1.0,0,50,cvc-clinicdb,unet_pvt,polypseg/runs_cv/unet_pvt_seed42_fold4/best.pth,True
0.9318020974041954,0.8723122327237709,0.8856478933474857,0.9830312902940131,0.5545486720379588,0.5545486720379588,2,17.47426146736,3.6404711390333335,1,1,1,1.0,1,1.0,0,500,cvc-clinicdb,unet_pvt,polypseg/runs_cv/unet_pvt_seed42_fold4/best.pth,True
0.9749064430942679,0.9510414308300258,0.9575995896679911,0.9928503899728619,0.7523796936243852,0.7523796936243852,2,5.141941307624036,1.0712377724216742,1,1,1,1.0,1,1.0,0,501,cvc-clinicdb,unet_pvt,polypseg/runs_cv/unet_pvt_seed42_fold4/best.pth,True
0.9627741200906816,0.9282203025775391,0.9350930333144136,0.9921440595776557,0.8170935149651819,0.8170935149651819,2,21.867270298917102,4.555681312274396,1,1,1,1.0,1,1.0,0,502,cvc-clinicdb,unet_pvt,polypseg/runs_cv/unet_pvt_seed42_fold4/best.pth,True
0.9757249254126854,0.9526004777630753,0.9616686410519476,0.9901982138924409,0.7782608195656407,0.7782608195656407,2,9.393281997380845,1.9569337494543426,1,1,1,1.0,1,1.0,0,503,cvc-clinicdb,unet_pvt,polypseg/runs_cv/unet_pvt_seed42_fold4/best.pth,True
0.9684709680625109,0.9388693270643693,0.9862324052092238,0.9513379583651997,0.7546251158282937,0.7546251158282937,2,3.0,0.625,1,1,1,1.0,1,1.0,0,504,cvc-clinicdb,unet_pvt,polypseg/runs_cv/unet_pvt_seed42_fold4/best.pth,True
0.9733694057792843,0.9481203962347718,0.96559529198108,0.9812697160818791,0.6964081499521116,0.6964081499521116,2,3.605551275463989,0.7511565157216644,1,1,1,1.0,1,1.0,0,505,cvc-clinicdb,unet_pvt,polypseg/runs_cv/unet_pvt_seed42_fold4/best.pth,True
0.8943285047865279,0.8088555313744974,0.9907792737631149,0.8149904911045642,0.34613277326837993,0.34613277326837993,2,40.71914855929229,8.483155949852561,1,1,1,1.0,1,1.0,0,506,cvc-clinicdb,unet_pvt,polypseg/runs_cv/unet_pvt_seed42_fold4/best.pth,True
0.9773023164398814,0.9556121346024653,0.9865843376457208,0.9681933222988217,0.5609914131795681,0.5609914131795681,2,6.0,1.25,1,1,1,1.0,1,1.0,0,507,cvc-clinicdb,unet_pvt,polypseg/runs_cv/unet_pvt_seed42_fold4/best.pth,True
0.9637988625049989,0.9301271998552004,0.9534412955408821,0.974383936714485,0.48376569345355636,0.48376569345355636,2,5.0,1.0416666666666667,1,1,1,1.0,1,1.0,0,508,cvc-clinicdb,unet_pvt,polypseg/runs_cv/unet_pvt_seed42_fold4/best.pth,True
0.9670980567123733,0.936292223087696,0.9809069212329774,0.9536725876063876,0.7772009205899171,0.7772009205899171,2,6.927050983124842,1.443135621484342,1,1,1,1.0,1,1.0,0,509,cvc-clinicdb,unet_pvt,polypseg/runs_cv/unet_pvt_seed42_fold4/best.pth,True
0.822760476708083,0.6988896145853108,0.7039473683747403,0.9898242367261957,0.5369993189220804,0.5369993189220804,2,9.433981132056603,1.9654127358451257,1,1,1,1.0,1,1.0,0,51,cvc-clinicdb,unet_pvt,polypseg/runs_cv/unet_pvt_seed42_fold4/best.pth,True
0.9561079734915457,0.9159069608850992,0.98227339180389,0.9313003551855557,0.581487420575797,0.581487420575797,2,6.078624403783308,1.2663800841215225,1,1,1,1.0,1,1.0,0,510,cvc-clinicdb,unet_pvt,polypseg/runs_cv/unet_pvt_seed42_fold4/best.pth,True
0.9551824817448527,0.9142098644555791,0.9740955783687049,0.9369898324368181,0.6811647123003789,0.6811647123003789,2,5.385164807134504,1.1219093348196882,1,1,1,1.0,1,1.0,0,511,cvc-clinicdb,unet_pvt,polypseg/runs_cv/unet_pvt_seed42_fold4/best.pth,True
0.940779139169488,0.8881803351492188,0.9784348962427963,0.9059143851020132,0.7189977663907425,0.7189977663907425,2,11.016681160000791,2.2951419083334983,1,1,1,1.0,1,1.0,0,512,cvc-clinicdb,unet_pvt,polypseg/runs_cv/unet_pvt_seed42_fold4/best.pth,True
0.931783460638115,0.8722795672071598,0.9647867950348723,0.9009633911252285,0.5521119379592919,0.5521119379592919,2,10.236209860330687,2.1325437209022264,1,1,1,1.0,1,1.0,0,513,cvc-clinicdb,unet_pvt,polypseg/runs_cv/unet_pvt_seed42_fold4/best.pth,True
0.9289749050795029,0.8673698772188537,0.8959542734581052,0.9645226420443752,0.5896690236540431,0.5896690236540431,2,15.402499759661586,3.208854116596164,1,1,1,1.0,1,1.0,0,514,cvc-clinicdb,unet_pvt,polypseg/runs_cv/unet_pvt_seed42_fold4/best.pth,True
0.9610965295948609,0.9251066696505152,0.9567994425623411,0.9654323880833673,0.7362407175603123,0.7362407175603123,2,4.123105625617661,0.858980338670346,1,1,1,1.0,1,1.0,0,515,cvc-clinicdb,unet_pvt,polypseg/runs_cv/unet_pvt_seed42_fold4/best.pth,True
0.9798479087415215,0.9604919865750242,0.9894793426433,0.9704021689940472,0.8949948478333101,0.8949948478333101,2,3.0,0.625,1,1,1,1.0,1,1.0,0,516,cvc-clinicdb,unet_pvt,polypseg/runs_cv/unet_pvt_seed42_fold4/best.pth,True
0.9742621015290776,0.9498158379264523,0.9642439822275736,0.9844905750300108,0.8262910298122096,0.8262910298122096,2,4.868033988749895,1.0141737476562283,1,1,1,1.0,1,1.0,0,517,cvc-clinicdb,unet_pvt,polypseg/runs_cv/unet_pvt_seed42_fold4/best.pth,True
0.9739055423695355,0.9491382933872896,0.9722979761594331,0.9755184331656752,0.8935056394117367,0.8935056394117367,2,2.23606797749979,0.4658474953124562,1,1,1,1.0,1,1.0,0,518,cvc-clinicdb,unet_pvt,polypseg/runs_cv/unet_pvt_seed42_fold4/best.pth,True
0.9776187750401327,0.956217457023928,0.9766125343036561,0.978627091445229,0.7661289822580678,0.7661289822580678,2,4.47213595499958,0.9316949906249123,1,1,1,1.0,1,1.0,0,519,cvc-clinicdb,unet_pvt,polypseg/runs_cv/unet_pvt_seed42_fold4/best.pth,True
0.8740740740309099,0.7763157894055863,0.907692307599211,0.8428571427768707,0.7581787941591164,0.7581787941591164,2,8.0,1.6666666666666667,1,1,1,1.0,1,1.0,0,52,cvc-clinicdb,unet_pvt,polypseg/runs_cv/unet_pvt_seed42_fold4/best.pth,True
0.9868858430832228,0.9741111960044311,0.9809006562526322,0.9929445182526552,0.9457266555894174,0.9457266555894174,2,2.23606797749979,0.4658474953124562,1,1,1,1.0,1,1.0,0,520,cvc-clinicdb,unet_pvt,polypseg/runs_cv/unet_pvt_seed42_fold4/best.pth,True
0.9718182729868026,0.9451814280048265,0.9895833333232272,0.9546798029462592,0.7989482846808983,0.7989482846808983,2,4.0,0.8333333333333334,1,1,1,1.0,1,1.0,0,521,cvc-clinicdb,unet_pvt,polypseg/runs_cv/unet_pvt_seed42_fold4/best.pth,True
0.9491293956917095,0.9031838856282888,0.969587053557902,0.929517186024749,0.634334199029492,0.634334199029492,2,7.0710678118654755,1.473139127471974,1,1,1,1.0,1,1.0,0,522,cvc-clinicdb,unet_pvt,polypseg/runs_cv/unet_pvt_seed42_fold4/best.pth,True
0.9680478251807044,0.9380743108082686,0.9700475108248287,0.9660563669828007,0.8962351091123635,0.8962351091123635,2,3.0,0.625,1,1,1,1.0,1,1.0,0,523,cvc-clinicdb,unet_pvt,polypseg/runs_cv/unet_pvt_seed42_fold4/best.pth,True
0.9789212960598015,0.9587128712823826,0.9779820220130392,0.9798623760322815,0.7925139693230495,0.7925139693230495,2,4.47213595499958,0.9316949906249123,1,1,1,1.0,1,1.0,0,524,cvc-clinicdb,unet_pvt,polypseg/runs_cv/unet_pvt_seed42_fold4/best.pth,True
0.9816680279472653,0.9639960787722662,0.9739780298849813,0.9894804244329538,0.9239596164201581,0.9239596164201581,2,2.8284271247461903,0.5892556509887896,1,1,1,1.0,1,1.0,0,525,cvc-clinicdb,unet_pvt,polypseg/runs_cv/unet_pvt_seed42_fold4/best.pth,True
0.9711577838824597,0.9439326737069949,0.9734928454026096,0.9688338975024064,0.8449656765604758,0.8449656765604758,2,4.0,0.8333333333333334,1,1,1,1.0,1,1.0,0,526,cvc-clinicdb,unet_pvt,polypseg/runs_cv/unet_pvt_seed42_fold4/best.pth,True
0.9778145891204058,0.9565921981600116,0.9814726840738541,0.9741836614290441,0.906979536847846,0.906979536847846,2,2.8284271247461903,0.5892556509887896,1,1,1,1.0,1,1.0,0,527,cvc-clinicdb,unet_pvt,polypseg/runs_cv/unet_pvt_seed42_fold4/best.pth,True
0.9678669312873648,0.9377346396764239,0.9717240724834261,0.9640402899278542,0.735541416394898,0.735541416394898,2,4.0,0.8333333333333334,1,1,1,1.0,1,1.0,0,528,cvc-clinicdb,unet_pvt,polypseg/runs_cv/unet_pvt_seed42_fold4/best.pth,True
0.7202980543573851,0.5628639206262053,0.5628639206262053,0.9999999999616859,0.26780086230804956,0.26780086230804956,2,27.756034709052923,5.782507231052692,1,1,1,1.0,1,1.0,0,529,cvc-clinicdb,unet_pvt,polypseg/runs_cv/unet_pvt_seed42_fold4/best.pth,True
0.8509090908648878,0.7405063290469704,0.7405063290469704,0.9999999998778999,0.5462503148170366,0.5462503148170366,2,5.0,1.0416666666666667,1,1,1,1.0,1,1.0,0,53,cvc-clinicdb,unet_pvt,polypseg/runs_cv/unet_pvt_seed42_fold4/best.pth,True
0.5518518518458404,0.38107416879222095,0.38107416879222095,0.9999999999605211,0.30177923706612836,0.30177923706612836,2,59.08496390527897,12.30936748026645,1,1,1,1.0,0,0.0,0,530,cvc-clinicdb,unet_pvt,polypseg/runs_cv/unet_pvt_seed42_fold4/best.pth,True
0.6467783076339494,0.47795443369155954,0.47795443369155954,0.9999999999657065,0.25834068982614883,0.25834068982614883,2,45.0,9.375,1,1,1,1.0,0,0.0,0,531,cvc-clinicdb,unet_pvt,polypseg/runs_cv/unet_pvt_seed42_fold4/best.pth,True
0.6247453724149787,0.45427614631048074,0.45427614631048074,0.9999999999716473,0.05772000939933123,0.05772000939933123,2,51.64493807524943,10.759362099010298,1,1,1,1.0,0,0.0,0,532,cvc-clinicdb,unet_pvt,polypseg/runs_cv/unet_pvt_seed42_fold4/best.pth,True
0.5443603851413092,0.3739664540485552,0.3739664540485552,0.999999999978943,0.07494140353320489,0.07494140353320489,2,69.0,14.375,1,1,1,1.0,0,0.0,0,533,cvc-clinicdb,unet_pvt,polypseg/runs_cv/unet_pvt_seed42_fold4/best.pth,True
0.69256432004132,0.5297119626284083,0.5297577854625453,0.9998367346775537,0.12056450035049379,0.12056450035049379,2,43.0,8.958333333333334,1,1,1,1.0,1,1.0,0,534,cvc-clinicdb,unet_pvt,polypseg/runs_cv/unet_pvt_seed42_fold4/best.pth,True
0.8329058732955058,0.7136578397899829,0.7136578397899829,0.9999999999846035,0.07545155707002837,0.07545155707002837,2,17.06443919955817,3.555091499907952,1,1,1,1.0,1,1.0,0,535,cvc-clinicdb,unet_pvt,polypseg/runs_cv/unet_pvt_seed42_fold4/best.pth,True
0.34881342062103926,0.21125015487482576,0.21135490268931648,0.997659449956149,0.18590448987505703,0.18590448987505703,2,214.26442379437287,44.63842162382768,1,1,0,0.0,0,0.0,1,536,cvc-clinicdb,unet_pvt,polypseg/runs_cv/unet_pvt_seed42_fold4/best.pth,True
0.9084302325487081,0.8322237017151946,0.8322237017151946,0.9999999999771428,0.43217194561801,0.43217194561801,2,8.210316017377542,1.710482503620321,1,1,1,1.0,1,1.0,0,537,cvc-clinicdb,unet_pvt,polypseg/runs_cv/unet_pvt_seed42_fold4/best.pth,True
0.8706290338033846,0.7708973046610219,0.7740664611035617,0.9947171472376246,0.2581429738731506,0.2581429738731506,2,9.433981132056603,1.9654127358451257,1,1,1,1.0,1,1.0,0,538,cvc-clinicdb,unet_pvt,polypseg/runs_cv/unet_pvt_seed42_fold4/best.pth,True
0.9255098838975493,0.8613479733575359,0.8640731192774305,0.9963518443318964,0.39836767711283266,0.39836767711283266,2,9.219544457292887,1.920738428602685,1,1,1,1.0,1,1.0,0,539,cvc-clinicdb,unet_pvt,polypseg/runs_cv/unet_pvt_seed42_fold4/best.pth,True
0.7921498661202363,0.6558345641571884,0.6558345641571884,0.9999999997747747,0.5051319150368552,0.5051319150368552,2,5.385164807134504,1.1219093348196882,1,1,1,1.0,1,1.0,0,54,cvc-clinicdb,unet_pvt,polypseg/runs_cv/unet_pvt_seed42_fold4/best.pth,True
0.9714919340380889,0.9445642345347112,0.9500489715898275,0.9939251994364786,0.7645574951926684,0.7645574951926684,2,4.123105625617661,0.858980338670346,1,1,1,1.0,1,1.0,0,540,cvc-clinicdb,unet_pvt,polypseg/runs_cv/unet_pvt_seed42_fold4/best.pth,True
0.5317351149512097,0.36215203425881853,0.36341659951407856,0.9904831625001742,0.21534944634554712,0.21534944634554712,2,99.77065379051085,20.785552873023093,1,1,1,1.0,0,0.0,0,541,cvc-clinicdb,unet_pvt,polypseg/runs_cv/unet_pvt_seed42_fold4/best.pth,True
0.555272407730425,0.3843440180014333,0.38523440833758926,0.9940223375649831,0.26358144219847074,0.26358144219847074,2,94.85000000000002,19.76041666666667,1,1,1,1.0,0,0.0,0,542,cvc-clinicdb,unet_pvt,polypseg/runs_cv/unet_pvt_seed42_fold4/best.pth,True
0.6578035095219692,0.49009479177500215,0.4901208925787393,0.9998913515754031,0.1794871306706247,0.1794871306706247,2,76.0,15.833333333333334,1,1,1,1.0,0,0.0,0,543,cvc-clinicdb,unet_pvt,polypseg/runs_cv/unet_pvt_seed42_fold4/best.pth,True
0.9612161923246907,0.9253284323672634,0.956044728877164,0.9664439072873138,0.6697025504442458,0.6697025504442458,2,7.903943276465977,1.6466548492637452,1,1,1,1.0,1,1.0,0,544,cvc-clinicdb,unet_pvt,polypseg/runs_cv/unet_pvt_seed42_fold4/best.pth,True
0.9419354838639014,0.8902439024264004,0.8902439024264004,0.9999999999840714,0.49879644891438873,0.49879644891438873,2,5.0,1.0416666666666667,1,1,1,1.0,1,1.0,0,545,cvc-clinicdb,unet_pvt,polypseg/runs_cv/unet_pvt_seed42_fold4/best.pth,True
0.9138861442508635,0.841427571716705,0.8417810137098602,0.9995012468661763,0.49007675849271837,0.49007675849271837,2,9.0,1.875,1,1,1,1.0,1,1.0,0,546,cvc-clinicdb,unet_pvt,polypseg/runs_cv/unet_pvt_seed42_fold4/best.pth,True
0.8531631919405718,0.7439272841130868,0.7519404403492486,0.985877466230823,0.5309017889786308,0.5309017889786308,2,36.0,7.5,2,3,2,1.0,2,1.0,1,547,cvc-clinicdb,unet_pvt,polypseg/runs_cv/unet_pvt_seed42_fold4/best.pth,True
0.929070772123721,0.8675370397408312,0.9445775435083121,0.9140649149781443,0.6346718403174895,0.6346718403174895,2,5.127634042946947,1.068257092280614,2,2,2,1.0,2,1.0,0,548,cvc-clinicdb,unet_pvt,polypseg/runs_cv/unet_pvt_seed42_fold4/best.pth,True
0.5890968266723868,0.4175317185537281,0.6426035502578341,0.5438157235581464,0.248031449646608,0.248031449646608,2,92.4145542198789,19.253032129141438,2,1,1,0.5,1,0.5,0,549,cvc-clinicdb,unet_pvt,polypseg/runs_cv/unet_pvt_seed42_fold4/best.pth,True
0.845518118191639,0.7323788545448923,0.7323788545448923,0.9999999998496241,0.45589514657707303,0.45589514657707303,2,3.605551275463989,0.7511565157216644,1,1,1,1.0,1,1.0,0,55,cvc-clinicdb,unet_pvt,polypseg/runs_cv/unet_pvt_seed42_fold4/best.pth,True
0.8759661391175858,0.779305828411535,0.797908005889796,0.9709530025951215,0.555980129101039,0.555980129101039,2,19.350000000000023,4.031250000000004,2,2,2,1.0,2,1.0,0,550,cvc-clinicdb,unet_pvt,polypseg/runs_cv/unet_pvt_seed42_fold4/best.pth,True
0.9162738496003271,0.8454846727306616,0.8525480367466924,0.9902959728127075,0.6629485492238674,0.6629485492238674,2,11.1600930569522,2.3250193868650415,2,2,2,1.0,2,1.0,0,551,cvc-clinicdb,unet_pvt,polypseg/runs_cv/unet_pvt_seed42_fold4/best.pth,True
0.8239785666388213,0.7006492766750124,0.706767781216744,0.9877950859003084,0.5414981214970304,0.5414981214970304,2,36.54099179678811,7.6127066243308565,2,2,2,1.0,2,1.0,0,552,cvc-clinicdb,unet_pvt,polypseg/runs_cv/unet_pvt_seed42_fold4/best.pth,True
0.9098574821798702,0.8346225078893711,0.8561689762979864,0.970729853003412,0.593386902710119,0.593386902710119,2,17.00881590977792,3.5435033145370665,2,2,2,1.0,2,1.0,0,553,cvc-clinicdb,unet_pvt,polypseg/runs_cv/unet_pvt_seed42_fold4/best.pth,True
0.9294417368136384,0.8681841696754455,0.9106794009017725,0.9489934403873671,0.5709058287486084,0.5709058287486084,2,10.0,2.0833333333333335,2,2,2,1.0,2,1.0,0,554,cvc-clinicdb,unet_pvt,polypseg/runs_cv/unet_pvt_seed42_fold4/best.pth,True
0.8794590235071688,0.7848521758300868,0.809224797342057,0.9630434782477848,0.4763794738035365,0.4763794738035365,2,20.02992537267253,4.172901119306777,2,2,2,1.0,2,1.0,0,555,cvc-clinicdb,unet_pvt,polypseg/runs_cv/unet_pvt_seed42_fold4/best.pth,True
0.9055530987370929,0.8274070653333248,0.8277893277797668,0.9994421977269636,0.650227013571469,0.650227013571469,2,14.104872252091486,2.9385150525190595,2,2,2,1.0,2,1.0,0,556,cvc-clinicdb,unet_pvt,polypseg/runs_cv/unet_pvt_seed42_fold4/best.pth,True
0.8779567779891712,0.7824625297551133,0.807692307680629,0.9616112928049301,0.4897566824648883,0.4897566824648883,2,13.877895315414067,2.891228190711264,2,2,2,1.0,2,1.0,0,557,cvc-clinicdb,unet_pvt,polypseg/runs_cv/unet_pvt_seed42_fold4/best.pth,True
0.8902124919438972,0.8021467943022608,0.8232842042455965,0.9689854564400038,0.5647347126977927,0.5647347126977927,2,14.0,2.9166666666666665,2,2,2,1.0,2,1.0,0,558,cvc-clinicdb,unet_pvt,polypseg/runs_cv/unet_pvt_seed42_fold4/best.pth,True
0.0,0.0,0.0,0.0,0.0,0.0,2,,,1,0,0,0.0,0,0.0,0,559,cvc-clinicdb,unet_pvt,polypseg/runs_cv/unet_pvt_seed42_fold4/best.pth,True
0.9336896609164241,0.8756265663886083,0.8842138563465924,0.9890304316705935,0.7330258504826408,0.7330258504826408,2,6.020690632574555,1.2543105484530321,1,1,1,1.0,1,1.0,0,56,cvc-clinicdb,unet_pvt,polypseg/runs_cv/unet_pvt_seed42_fold4/best.pth,True
0.647858599586609,0.47913524383510386,0.48759273470852404,0.9650632911148086,0.3336212205072936,0.3336212205072936,2,40.4472920645916,8.42651918012325,2,1,1,0.5,0,0.0,0,560,cvc-clinicdb,unet_pvt,polypseg/runs_cv/unet_pvt_seed42_fold4/best.pth,True
0.7645192440283864,0.6188030370632112,0.6319270239380623,0.9675279329440026,0.48204074846964484,0.48204074846964484,2,43.72974247844891,9.110363016343523,2,2,2,1.0,2,1.0,0,561,cvc-clinicdb,unet_pvt,polypseg/runs_cv/unet_pvt_seed42_fold4/best.pth,True
0.903081232486673,0.8232890704695699,0.8983003622053733,0.9079132638565487,0.5470218005358339,0.5470218005358339,2,9.219544457292887,1.920738428602685,2,2,2,1.0,2,1.0,0,562,cvc-clinicdb,unet_pvt,polypseg/runs_cv/unet_pvt_seed42_fold4/best.pth,True
0.8916941743202261,0.8045560653561574,0.99274930471799,0.809311740884135,0.31900184606922416,0.31900184606922416,2,15.08799364299966,3.143332008958262,1,1,1,1.0,1,1.0,0,563,cvc-clinicdb,unet_pvt,polypseg/runs_cv/unet_pvt_seed42_fold4/best.pth,True
0.910599743421622,0.8358725252017672,0.9822695035376036,0.848677327747357,0.5042950247004817,0.5042950247004817,2,12.263522057125453,2.554900428567803,1,2,1,1.0,1,1.0,1,564,cvc-clinicdb,unet_pvt,polypseg/runs_cv/unet_pvt_seed42_fold4/best.pth,True
0.7578287178094703,0.6100839140903848,0.6469346203103316,0.9146055437002707,0.33892218818427994,0.33892218818427994,2,39.87783800861268,8.307882918460974,2,2,2,1.0,1,0.5,0,565,cvc-clinicdb,unet_pvt,polypseg/runs_cv/unet_pvt_seed42_fold4/best.pth,True
0.6075052651674564,0.4362711398262578,0.45497562373881595,0.9138824884529412,0.29886450918531954,0.29886450918531954,2,43.01854464961731,8.962196802003607,2,1,1,0.5,0,0.0,0,566,cvc-clinicdb,unet_pvt,polypseg/runs_cv/unet_pvt_seed42_fold4/best.pth,True
0.6522297669237269,0.48393246186704886,0.4887238723805181,0.9801434086878064,0.4394186323825407,0.4394186323825407,2,39.66861375233812,8.264294531737109,2,1,1,0.5,0,0.0,0,567,cvc-clinicdb,unet_pvt,polypseg/runs_cv/unet_pvt_seed42_fold4/best.pth,True
0.40213815787820156,0.2516726711141702,0.4540389971723269,0.3608856088294549,0.29234389687915385,0.29234389687915385,2,81.72024456317983,17.025050950662465,2,1,1,0.5,0,0.0,0,568,cvc-clinicdb,unet_pvt,polypseg/runs_cv/unet_pvt_seed42_fold4/best.pth,True
0.6881596067559902,0.524575710810567,0.5438756855451583,0.9366391184204392,0.5257798057937154,0.5257798057937154,2,27.85677655436824,5.803495115493383,2,1,1,0.5,0,0.0,0,569,cvc-clinicdb,unet_pvt,polypseg/runs_cv/unet_pvt_seed42_fold4/best.pth,True
0.8730931515458263,0.7747695852088266,0.7788071800359695,0.9933530279916283,0.5953968815056199,0.5953968815056199,2,8.0,1.6666666666666667,1,1,1,1.0,1,1.0,0,57,cvc-clinicdb,unet_pvt,polypseg/runs_cv/unet_pvt_seed42_fold4/best.pth,True
0.7724377533071095,0.6292452829891866,0.9193659544507673,0.6660009984689964,0.576612857677553,0.576612857677553,2,71.99999362586601,14.999998672055419,2,1,1,0.5,1,0.5,0,570,cvc-clinicdb,unet_pvt,polypseg/runs_cv/unet_pvt_seed42_fold4/best.pth,True
0.6459977452033661,0.4771024146487795,0.4844202898492219,0.9693088448291612,0.4196866639311074,0.4196866639311074,2,34.85232526704263,7.260901097300548,2,1,1,0.5,0,0.0,0,571,cvc-clinicdb,unet_pvt,polypseg/runs_cv/unet_pvt_seed42_fold4/best.pth,True
0.9659668508180556,0.9341739687767863,0.9473342002395463,0.9853471595810337,0.8909549921038405,0.8909549921038405,2,2.8284271247461903,0.5892556509887896,1,1,1,1.0,1,1.0,0,572,cvc-clinicdb,unet_pvt,polypseg/runs_cv/unet_pvt_seed42_fold4/best.pth,True
0.6387062845038298,0.4691906509470892,0.47238428626074713,0.9857954545054467,0.502497575414113,0.502497575414113,2,69.43541024200438,14.465710467084246,1,1,1,1.0,0,0.0,0,573,cvc-clinicdb,unet_pvt,polypseg/runs_cv/unet_pvt_seed42_fold4/best.pth,True
0.8373508073756764,0.7202093397455632,0.8891650098961648,0.7912428128796444,0.6017540187624156,0.6017540187624156,2,44.80334260969047,9.334029710352182,1,2,1,1.0,1,1.0,1,574,cvc-clinicdb,unet_pvt,polypseg/runs_cv/unet_pvt_seed42_fold4/best.pth,True
0.8246713355347749,0.7016516830294449,0.9387412587150002,0.735319894812986,0.5269553283912356,0.5269553283912356,2,35.91456390719369,7.482200813998685,1,1,1,1.0,1,1.0,0,575,cvc-clinicdb,unet_pvt,polypseg/runs_cv/unet_pvt_seed42_fold4/best.pth,True
0.6790409899383599,0.5140515222396446,0.9032921810434071,0.5439900867313863,0.42548161642068516,0.42548161642068516,2,109.43810891262059,22.799606023462623,1,1,1,1.0,1,1.0,0,576,cvc-clinicdb,unet_pvt,polypseg/runs_cv/unet_pvt_seed42_fold4/best.pth,True
0.6836387578109991,0.5193397799179836,0.8801921446487655,0.5588446357990878,0.41473354923860944,0.41473354923860944,2,114.88078349826537,23.933496562138618,1,1,1,1.0,1,1.0,0,577,cvc-clinicdb,unet_pvt,polypseg/runs_cv/unet_pvt_seed42_fold4/best.pth,True
0.8744947064400914,0.7769796476692837,0.9332374691673534,0.8227091633317148,0.4778667954193308,0.4778667954193308,2,59.904363481314476,12.48007572527385,1,1,1,1.0,1,1.0,0,578,cvc-clinicdb,unet_pvt,polypseg/runs_cv/unet_pvt_seed42_fold4/best.pth,True
0.6753246753212359,0.5098039215647073,0.9907352062015731,0.5122460016958027,0.46658793139795673,0.46658793139795673,2,144.54230280694554,30.112979751446986,1,1,1,1.0,1,1.0,0,579,cvc-clinicdb,unet_pvt,polypseg/runs_cv/unet_pvt_seed42_fold4/best.pth,True
0.8713450292114573,0.7720207253441553,0.7720207253441553,0.9999999999254288,0.37811451462169815,0.37811451462169815,2,5.0,1.0416666666666667,1,1,1,1.0,1,1.0,0,58,cvc-clinicdb,unet_pvt,polypseg/runs_cv/unet_pvt_seed42_fold4/best.pth,True
0.575090252704986,0.40359766911322775,0.9779005524711802,0.4073127077447755,0.386993546613732,0.386993546613732,2,155.91054414566923,32.48136336368109,1,1,1,1.0,0,0.0,0,580,cvc-clinicdb,unet_pvt,polypseg/runs_cv/unet_pvt_seed42_fold4/best.pth,True
0.5164952955634742,0.3481588524922492,0.973802395195003,0.3514506456299559,0.3275950339959018,0.3275950339959018,2,145.5592432360718,30.324842340848296,1,1,1,1.0,0,0.0,0,581,cvc-clinicdb,unet_pvt,polypseg/runs_cv/unet_pvt_seed42_fold4/best.pth,True
0.7510955690285905,0.601403558512785,0.6113272805835759,0.9737174337085536,0.48634278777929424,0.48634278777929424,2,79.2032127042495,16.50066931338531,1,1,1,1.0,1,1.0,0,582,cvc-clinicdb,unet_pvt,polypseg/runs_cv/unet_pvt_seed42_fold4/best.pth,True
0.46503642522172967,0.30296251511304134,0.30515802935079983,0.9768031188893411,0.3717797953564254,0.3717797953564254,2,129.21589275779425,26.9199776578738,1,1,1,1.0,0,0.0,0,583,cvc-clinicdb,unet_pvt,polypseg/runs_cv/unet_pvt_seed42_fold4/best.pth,True
0.3753762978412768,0.23105430343192365,0.23145692855343997,0.9925276153023871,0.37989526369406224,0.37989526369406224,2,124.03386483311287,25.840388506898517,1,1,0,0.0,0,0.0,1,584,cvc-clinicdb,unet_pvt,polypseg/runs_cv/unet_pvt_seed42_fold4/best.pth,True
0.2807838940520314,0.1633208839078484,0.16746449656799534,0.8684319403860806,0.18508706188251334,0.18508706188251334,2,206.21379826768649,42.96120797243468,1,3,0,0.0,0,0.0,3,585,cvc-clinicdb,unet_pvt,polypseg/runs_cv/unet_pvt_seed42_fold4/best.pth,True
0.9491975650143973,0.9033073519927679,0.9331882480754475,0.9657657657440143,0.7570547454300823,0.7570547454300823,2,6.0,1.25,1,1,1,1.0,1,1.0,0,586,cvc-clinicdb,unet_pvt,polypseg/runs_cv/unet_pvt_seed42_fold4/best.pth,True
0.8028235293991715,0.6705974842591563,0.6705974842591563,0.9999999999609223,0.2777529630001296,0.2777529630001296,2,62.681517176387715,13.05864941174744,1,1,1,1.0,1,1.0,0,587,cvc-clinicdb,unet_pvt,polypseg/runs_cv/unet_pvt_seed42_fold4/best.pth,True
0.47052460789107053,0.3076379066434563,0.3080300240715475,0.995879120833522,0.3515228473698879,0.3515228473698879,2,102.88342918079665,21.4340477459993,1,1,1,1.0,0,0.0,0,588,cvc-clinicdb,unet_pvt,polypseg/runs_cv/unet_pvt_seed42_fold4/best.pth,True
0.5291879552067704,0.35979305247066085,0.3606460216274908,0.9934693877145523,0.37045949993496813,0.37045949993496813,2,91.39720983521444,19.04108538233634,1,1,1,1.0,0,0.0,0,589,cvc-clinicdb,unet_pvt,polypseg/runs_cv/unet_pvt_seed42_fold4/best.pth,True
0.8846601941404016,0.7931754874099459,0.8021126759998511,0.9861471860618054,0.5911712731385766,0.5911712731385766,2,5.65263705976098,1.1776327207835375,1,1,1,1.0,1,1.0,0,59,cvc-clinicdb,unet_pvt,polypseg/runs_cv/unet_pvt_seed42_fold4/best.pth,True
0.9634536317733337,0.929484354300155,0.9453160017505462,0.98230088491,0.9249248749289857,0.9249248749289857,2,3.0,0.625,1,1,1,1.0,1,1.0,0,590,cvc-clinicdb,unet_pvt,polypseg/runs_cv/unet_pvt_seed42_fold4/best.pth,True
0.7069683257790594,0.5467525195815579,0.5482874789290206,0.9949057564444775,0.5015375550720175,0.5015375550720175,2,129.63485994018183,27.007262487537883,1,2,1,1.0,1,1.0,1,591,cvc-clinicdb,unet_pvt,polypseg/runs_cv/unet_pvt_seed42_fold4/best.pth,True
0.8854361662215889,0.7944239166813164,0.8036017668908665,0.985827428074493,0.5697747798242211,0.5697747798242211,2,13.0,2.7083333333333335,1,1,1,1.0,1,1.0,0,592,cvc-clinicdb,unet_pvt,polypseg/runs_cv/unet_pvt_seed42_fold4/best.pth,True
0.8318452380875013,0.7121019108166863,0.7179322523564307,0.9887242980104196,0.42880978952792215,0.42880978952792215,2,29.0,6.041666666666667,1,1,1,1.0,1,1.0,0,593,cvc-clinicdb,unet_pvt,polypseg/runs_cv/unet_pvt_seed42_fold4/best.pth,True
0.9506578947264182,0.9059561128337313,0.9182376614929414,0.9854512388955342,0.7832611738690483,0.7832611738690483,2,3.605551275463989,0.7511565157216644,1,1,1,1.0,1,1.0,0,594,cvc-clinicdb,unet_pvt,polypseg/runs_cv/unet_pvt_seed42_fold4/best.pth,True
0.8388561052982471,0.7224394057669419,0.7308199314334084,0.9843749999650435,0.623239386681714,0.623239386681714,2,14.631830927146357,3.0482981098221575,1,1,1,1.0,1,1.0,0,595,cvc-clinicdb,unet_pvt,polypseg/runs_cv/unet_pvt_seed42_fold4/best.pth,True
0.8391410048452362,0.7228621291196209,0.7305114638190296,0.9857210851506083,0.6378078855380833,0.6378078855380833,2,13.152946437965905,2.74019717457623,1,1,1,1.0,1,1.0,0,596,cvc-clinicdb,unet_pvt,polypseg/runs_cv/unet_pvt_seed42_fold4/best.pth,True
0.7384718949599977,0.5853788686987524,0.5907377490258083,0.9847396767518186,0.5488126151252125,0.5488126151252125,2,13.0,2.7083333333333335,1,1,1,1.0,1,1.0,0,597,cvc-clinicdb,unet_pvt,polypseg/runs_cv/unet_pvt_seed42_fold4/best.pth,True
0.8525239194844519,0.7429557216577644,0.7442396313149701,0.9976833976448771,0.4108936570568265,0.4108936570568265,2,10.0,2.0833333333333335,1,1,1,1.0,1,1.0,0,598,cvc-clinicdb,unet_pvt,polypseg/runs_cv/unet_pvt_seed42_fold4/best.pth,True
0.9013735923660269,0.8204550574268877,0.8294238214340829,0.9869918698919515,0.5210410954860473,0.5210410954860473,2,9.019384798348094,1.879038499655853,1,1,1,1.0,1,1.0,0,599,cvc-clinicdb,unet_pvt,polypseg/runs_cv/unet_pvt_seed42_fold4/best.pth,True
0.7415314370310929,0.5892331829741654,0.996600049747105,0.5904200442122799,0.5111616517310948,0.5111616517310948,2,68.59207097652886,14.290014786776846,1,1,1,1.0,1,1.0,0,6,cvc-clinicdb,unet_pvt,polypseg/runs_cv/unet_pvt_seed42_fold4/best.pth,True
0.8842304060267379,0.7924847663915883,0.914096056192343,0.8562545720242775,0.5599227858909733,0.5599227858909733,2,14.212670403551895,2.960973000739978,1,1,1,1.0,1,1.0,0,60,cvc-clinicdb,unet_pvt,polypseg/runs_cv/unet_pvt_seed42_fold4/best.pth,True
0.9577563540697764,0.9189371005615098,0.92100235980536,0.9975657254016849,0.6461186714653611,0.6461186714653611,2,5.385164807134504,1.1219093348196882,1,1,1,1.0,1,1.0,0,600,cvc-clinicdb,unet_pvt,polypseg/runs_cv/unet_pvt_seed42_fold4/best.pth,True
0.9583199227473581,0.9199752819261552,0.9228265922683585,0.9966527196485916,0.6724362968930129,0.6724362968930129,2,4.0,0.8333333333333334,1,1,1,1.0,1,1.0,0,601,cvc-clinicdb,unet_pvt,polypseg/runs_cv/unet_pvt_seed42_fold4/best.pth,True
0.9612049292487357,0.9253075571041988,0.927480916016919,0.9974739500947668,0.7918520215922962,0.7918520215922962,2,4.0,0.8333333333333334,1,1,1,1.0,1,1.0,0,602,cvc-clinicdb,unet_pvt,polypseg/runs_cv/unet_pvt_seed42_fold4/best.pth,True
0.9375429821760703,0.8824290926105398,0.8851375280263825,0.9965443912679885,0.6462912667618967,0.6462912667618967,2,8.0,1.6666666666666667,1,1,1,1.0,1,1.0,0,603,cvc-clinicdb,unet_pvt,polypseg/runs_cv/unet_pvt_seed42_fold4/best.pth,True
0.5493770382116006,0.37871800783733733,0.3788708840298779,0.9989356849475607,0.3376174827776072,0.3376174827776072,2,62.38438958169601,12.996747829520002,1,1,1,1.0,0,0.0,0,604,cvc-clinicdb,unet_pvt,polypseg/runs_cv/unet_pvt_seed42_fold4/best.pth,True
0.8160719466084121,0.6892918402183462,0.6909850159496197,0.9964576691110005,0.36613681986025864,0.36613681986025864,2,26.822527639067037,5.5880265914723,1,2,1,1.0,1,1.0,1,605,cvc-clinicdb,unet_pvt,polypseg/runs_cv/unet_pvt_seed42_fold4/best.pth,True
0.7450896211146818,0.593739308919026,0.5962892973613418,0.9928489702233168,0.43506474711693116,0.43506474711693116,2,33.54101966249684,6.987712429686842,1,1,1,1.0,1,1.0,0,606,cvc-clinicdb,unet_pvt,polypseg/runs_cv/unet_pvt_seed42_fold4/best.pth,True
0.7647289866307005,0.6190779014111581,0.6206566783353313,0.9959079283378052,0.5207405592115641,0.5207405592115641,2,20.00124921972504,4.16692692077605,1,1,1,1.0,1,1.0,0,607,cvc-clinicdb,unet_pvt,polypseg/runs_cv/unet_pvt_seed42_fold4/best.pth,True
0.745583038859125,0.5943661971702197,0.6007446342400188,0.9824498566983364,0.5263216575752144,0.5263216575752144,2,25.0,5.208333333333333,1,1,1,1.0,1,1.0,0,608,cvc-clinicdb,unet_pvt,polypseg/runs_cv/unet_pvt_seed42_fold4/best.pth,True
0.9009267431498131,0.8197149166669401,0.8216945059202718,0.9970695970452487,0.5847956314383455,0.5847956314383455,2,9.776452837537915,2.0367610078203993,1,1,1,1.0,1,1.0,0,609,cvc-clinicdb,unet_pvt,polypseg/runs_cv/unet_pvt_seed42_fold4/best.pth,True
0.9398883640845881,0.8865937626210372,0.8865937626210372,0.9999999999543171,0.8048635643657126,0.8048635643657126,2,3.605551275463989,0.7511565157216644,1,1,1,1.0,1,1.0,0,61,cvc-clinicdb,unet_pvt,polypseg/runs_cv/unet_pvt_seed42_fold4/best.pth,True
0.9196922076414902,0.8513242375431115,0.8549264557554921,0.9950750468809786,0.5939724859675984,0.5939724859675984,2,6.1190314488039945,1.274798218500832,1,1,1,1.0,1,1.0,0,610,cvc-clinicdb,unet_pvt,polypseg/runs_cv/unet_pvt_seed42_fold4/best.pth,True
0.9243103041626466,0.8592722489947552,0.8703374777781897,0.985419808924449,0.6068281906200713,0.6068281906200713,2,6.082762530298219,1.2672421938121292,1,1,1,1.0,1,1.0,0,611,cvc-clinicdb,unet_pvt,polypseg/runs_cv/unet_pvt_seed42_fold4/best.pth,True
0.7895331325152573,0.6522550544120606,0.6602644836064149,0.9817415729877462,0.5313807033910517,0.5313807033910517,2,15.0,3.125,1,1,1,1.0,1,1.0,0,612,cvc-clinicdb,unet_pvt,polypseg/runs_cv/unet_pvt_seed42_fold4/best.pth,True
0.8683455530485067,0.7673239436187422,0.7800687284776593,0.9791516893616713,0.5000590376920414,0.5000590376920414,2,5.407454161520036,1.1265529503166742,1,1,1,1.0,1,1.0,0,62,cvc-clinicdb,unet_pvt,polypseg/runs_cv/unet_pvt_seed42_fold4/best.pth,True
0.9237889539980318,0.858371559583809,0.858371559583809,0.9999999999331997,0.7677945824469804,0.7677945824469804,2,3.605551275463989,0.7511565157216644,1,1,1,1.0,1,1.0,0,63,cvc-clinicdb,unet_pvt,polypseg/runs_cv/unet_pvt_seed42_fold4/best.pth,True
0.8790519344413018,0.7842039800507336,0.7842039800507336,0.9999999999206978,0.5034511109316405,0.5034511109316405,2,4.47213595499958,0.9316949906249123,1,1,1,1.0,1,1.0,0,64,cvc-clinicdb,unet_pvt,polypseg/runs_cv/unet_pvt_seed42_fold4/best.pth,True
0.8815747014881712,0.7882285054363399,0.789139225835405,0.9985380116229138,0.5378704220594537,0.5378704220594537,2,5.0,1.0416666666666667,1,1,1,1.0,1,1.0,0,65,cvc-clinicdb,unet_pvt,polypseg/runs_cv/unet_pvt_seed42_fold4/best.pth,True
0.9009314140304564,0.8197226501890229,0.8218331616466615,0.9968769518427933,0.5674641136671152,0.5674641136671152,2,6.382102612161153,1.3296047108669067,1,1,1,1.0,1,1.0,0,66,cvc-clinicdb,unet_pvt,polypseg/runs_cv/unet_pvt_seed42_fold4/best.pth,True
0.8936946325978714,0.8078191238432493,0.8078191238432493,0.9999999999416909,0.609048033860607,0.609048033860607,2,6.708203932499369,1.3975424859373686,1,1,1,1.0,1,1.0,0,67,cvc-clinicdb,unet_pvt,polypseg/runs_cv/unet_pvt_seed42_fold4/best.pth,True
0.8589190981361163,0.7527241028511881,0.9463013698457297,0.7863105175172816,0.4905512693316519,0.4905512693316519,2,46.0889544273157,9.601865505690771,1,1,1,1.0,1,1.0,0,68,cvc-clinicdb,unet_pvt,polypseg/runs_cv/unet_pvt_seed42_fold4/best.pth,True
0.8016676592971511,0.6689860834657562,0.6726636681323006,0.9918938834935965,0.5123040711067572,0.5123040711067572,2,15.0,3.125,1,1,1,1.0,1,1.0,0,69,cvc-clinicdb,unet_pvt,polypseg/runs_cv/unet_pvt_seed42_fold4/best.pth,True
0.7981251920889301,0.6640668286209603,0.9951459411062454,0.6662248257550509,0.3938386288174623,0.3938386288174623,2,45.10543102401752,9.396964796670316,1,1,1,1.0,1,1.0,0,7,cvc-clinicdb,unet_pvt,polypseg/runs_cv/unet_pvt_seed42_fold4/best.pth,True
0.9245400685855233,0.8596694693864985,0.8811292718906054,0.9724499835692867,0.8161423710208117,0.8161423710208117,2,5.70037866083061,1.187578887673044,2,2,2,1.0,2,1.0,0,70,cvc-clinicdb,unet_pvt,polypseg/runs_cv/unet_pvt_seed42_fold4/best.pth,True
0.2964143426235774,0.17399438727376065,0.1794068000921291,0.8522336768783237,0.19953948285820994,0.19953948285820994,2,128.3588482968076,26.741426728501583,2,2,0,0.0,0,0.0,2,71,cvc-clinicdb,unet_pvt,polypseg/runs_cv/unet_pvt_seed42_fold4/best.pth,True
0.8387744851692822,0.7223183390795179,0.8057253135797451,0.8746508379582874,0.6060577907107125,0.6060577907107125,2,37.79022230975761,7.872962981199502,3,2,2,0.6666666666666666,2,0.6666666666666666,0,72,cvc-clinicdb,unet_pvt,polypseg/runs_cv/unet_pvt_seed42_fold4/best.pth,True
0.7244651761183133,0.5679697351685253,0.7264516128797919,0.7224895732844887,0.2655338659590688,0.2655338659590688,2,39.90787864770437,8.314141384938411,3,2,2,0.6666666666666666,2,0.6666666666666666,0,73,cvc-clinicdb,unet_pvt,polypseg/runs_cv/unet_pvt_seed42_fold4/best.pth,True
0.7043835024680548,0.5436666666485445,0.8643349231126478,0.5943877550803794,0.4699307340281186,0.4699307340281186,2,119.0,24.791666666666668,3,2,1,0.3333333333333333,1,0.3333333333333333,1,74,cvc-clinicdb,unet_pvt,polypseg/runs_cv/unet_pvt_seed42_fold4/best.pth,True
0.6380491737074154,0.4684817993350553,0.7051224944006628,0.5826278983959283,0.3415339607649377,0.3415339607649377,2,117.44891869227042,24.468524727556336,3,2,1,0.3333333333333333,1,0.3333333333333333,1,75,cvc-clinicdb,unet_pvt,polypseg/runs_cv/unet_pvt_seed42_fold4/best.pth,True
0.8167231638233509,0.6902215431363552,0.7184890655777937,0.9460732983797867,0.5945945449233058,0.5945945449233058,2,11.0,2.2916666666666665,2,2,2,1.0,2,1.0,0,76,cvc-clinicdb,unet_pvt,polypseg/runs_cv/unet_pvt_seed42_fold4/best.pth,True
0.8818829626240147,0.7887215140676431,0.8217303822606951,0.9515377445968529,0.7948044746762802,0.7948044746762802,2,14.0,2.9166666666666665,2,2,2,1.0,2,1.0,0,77,cvc-clinicdb,unet_pvt,polypseg/runs_cv/unet_pvt_seed42_fold4/best.pth,True
0.7097605893055293,0.5500999143434171,0.552941176454722,0.990745501234409,0.3873517310190813,0.3873517310190813,2,39.09282631312697,8.144338815234786,1,1,1,1.0,1,1.0,0,78,cvc-clinicdb,unet_pvt,polypseg/runs_cv/unet_pvt_seed42_fold4/best.pth,True
0.907575757552839,0.8307905686162372,0.9315707620045841,0.8847858197496412,0.6314861454815586,0.6314861454815586,2,6.324555320336759,1.317615691736825,1,1,1,1.0,1,1.0,0,79,cvc-clinicdb,unet_pvt,polypseg/runs_cv/unet_pvt_seed42_fold4/best.pth,True
0.6254473379931028,0.45501882560099727,0.986025518609617,0.4579721830257691,0.46056808110249836,0.46056808110249836,2,91.23486163287008,19.007262840181266,1,1,1,1.0,0,0.0,0,8,cvc-clinicdb,unet_pvt,polypseg/runs_cv/unet_pvt_seed42_fold4/best.pth,True
0.4839268527337069,0.3191975622062164,0.3218950063938055,0.9744186045756265,0.1907259823140026,0.1907259823140026,2,139.28801033484513,29.018335486426068,1,2,1,1.0,1,1.0,1,80,cvc-clinicdb,unet_pvt,polypseg/runs_cv/unet_pvt_seed42_fold4/best.pth,True
0.525555834917835,0.35644336175222197,0.35789061735467226,0.9887822678606734,0.1936909044819992,0.1936909044819992,2,89.80534505250787,18.70944688593914,1,1,1,1.0,0,0.0,0,81,cvc-clinicdb,unet_pvt,polypseg/runs_cv/unet_pvt_seed42_fold4/best.pth,True
0.9580088987630978,0.9194021883928636,0.965797588983297,0.9503448275599905,0.7481202507631894,0.7481202507631894,2,3.4060781485809573,0.7095996142876994,1,1,1,1.0,1,1.0,0,82,cvc-clinicdb,unet_pvt,polypseg/runs_cv/unet_pvt_seed42_fold4/best.pth,True
0.901522386377723,0.8207016467135041,0.823988498656562,0.9951630906487019,0.4720999002247048,0.4720999002247048,2,18.353228318924764,3.8235892331093257,1,1,1,1.0,1,1.0,0,83,cvc-clinicdb,unet_pvt,polypseg/runs_cv/unet_pvt_seed42_fold4/best.pth,True
0.9567303079635735,0.9170498436469183,0.9638507635614952,0.949714285696196,0.7607554323246506,0.7607554323246506,2,3.0,0.625,1,1,1,1.0,1,1.0,0,84,cvc-clinicdb,unet_pvt,polypseg/runs_cv/unet_pvt_seed42_fold4/best.pth,True
0.926943971451172,0.8638355750209485,0.8792493462408976,0.9801097393521929,0.5169333159472741,0.5169333159472741,2,8.246211251235321,1.717960677340692,1,1,1,1.0,1,1.0,0,85,cvc-clinicdb,unet_pvt,polypseg/runs_cv/unet_pvt_seed42_fold4/best.pth,True
0.9433743903369151,0.8928180253341759,0.9525876460608917,0.9343376453097374,0.552137930600518,0.552137930600518,2,5.407454161520048,1.1265529503166767,1,1,1,1.0,1,1.0,0,86,cvc-clinicdb,unet_pvt,polypseg/runs_cv/unet_pvt_seed42_fold4/best.pth,True
0.966251944004928,0.9347073867769715,0.9608722548567759,0.9716922114330359,0.8282742071405856,0.8282742071405856,2,3.1622776601683795,0.6588078458684125,1,1,1,1.0,1,1.0,0,87,cvc-clinicdb,unet_pvt,polypseg/runs_cv/unet_pvt_seed42_fold4/best.pth,True
0.9551417689276857,0.9141352774217469,0.9143204374941398,0.9997785160354423,0.6819320212763273,0.6819320212763273,2,3.1622776601683795,0.6588078458684125,1,1,1,1.0,1,1.0,0,88,cvc-clinicdb,unet_pvt,polypseg/runs_cv/unet_pvt_seed42_fold4/best.pth,True
0.9750025507501785,0.9512243678886876,0.9662285136306122,0.9839373970143341,0.9716084920187462,0.9716084920187462,2,2.0,0.4166666666666667,1,1,1,1.0,1,1.0,0,89,cvc-clinicdb,unet_pvt,polypseg/runs_cv/unet_pvt_seed42_fold4/best.pth,True
0.5486495931279085,0.3780269675262931,0.9490500863393947,0.3858577347069317,0.40054847583736125,0.40054847583736125,2,101.02027667605978,21.045890974179123,1,1,1,1.0,0,0.0,0,9,cvc-clinicdb,unet_pvt,polypseg/runs_cv/unet_pvt_seed42_fold4/best.pth,True
0.9595199542722209,0.9221896740951632,0.9326050731173374,0.9880345233231065,0.7639476347189288,0.7639476347189288,2,3.605551275463989,0.7511565157216644,1,1,1,1.0,1,1.0,0,90,cvc-clinicdb,unet_pvt,polypseg/runs_cv/unet_pvt_seed42_fold4/best.pth,True
0.9313157118902297,0.8714600956073656,0.8729047706599208,0.9981044650168892,0.47352183594740543,0.47352183594740543,2,6.0,1.25,1,1,1,1.0,1,1.0,0,91,cvc-clinicdb,unet_pvt,polypseg/runs_cv/unet_pvt_seed42_fold4/best.pth,True
0.9000797538919895,0.818313652355121,0.8195020746717946,0.9982309830427538,0.6485388025568113,0.6485388025568113,2,13.147219356587874,2.7390040326224736,1,1,1,1.0,1,1.0,0,92,cvc-clinicdb,unet_pvt,polypseg/runs_cv/unet_pvt_seed42_fold4/best.pth,True
0.9174534011024272,0.8474955277091347,0.8712643677960629,0.9688139059057052,0.6325010126719522,0.6325010126719522,2,10.382435961741125,2.163007492029401,1,1,1,1.0,1,1.0,0,93,cvc-clinicdb,unet_pvt,polypseg/runs_cv/unet_pvt_seed42_fold4/best.pth,True
0.9160906093702424,0.8451726844418137,0.8672976238246618,0.9707009240259027,0.3920020747071353,0.3920020747071353,2,8.94427190999916,1.8633899812498247,1,1,1,1.0,1,1.0,0,94,cvc-clinicdb,unet_pvt,polypseg/runs_cv/unet_pvt_seed42_fold4/best.pth,True
0.9278179937856481,0.8653549382549122,0.8765142633670083,0.9855008787129723,0.6087069152662793,0.6087069152662793,2,7.615773105863909,1.5866193970549811,1,1,1,1.0,1,1.0,0,95,cvc-clinicdb,unet_pvt,polypseg/runs_cv/unet_pvt_seed42_fold4/best.pth,True
0.9079965606093293,0.831496062975758,0.8334648776473271,0.9971671387866581,0.6054230449758649,0.6054230449758649,2,12.36931687685298,2.576941016011038,1,1,1,1.0,1,1.0,0,96,cvc-clinicdb,unet_pvt,polypseg/runs_cv/unet_pvt_seed42_fold4/best.pth,True
0.8852128883647121,0.7940645161085403,0.8614221724282917,0.9103550295588653,0.5652124146904258,0.5652124146904258,2,12.606230194781201,2.6262979572460834,1,1,1,1.0,1,1.0,0,97,cvc-clinicdb,unet_pvt,polypseg/runs_cv/unet_pvt_seed42_fold4/best.pth,True
0.976316051343535,0.9537280062121732,0.9639418353216354,0.9890120967642236,0.8429340761749406,0.8429340761749406,2,3.0,0.625,1,1,1,1.0,1,1.0,0,98,cvc-clinicdb,unet_pvt,polypseg/runs_cv/unet_pvt_seed42_fold4/best.pth,True
0.9643654067146908,0.9311830765091254,0.9527054108089151,0.9763143482889333,0.7513133402657296,0.7513133402657296,2,3.4504055101105156,0.7188344812730241,1,1,1,1.0,1,1.0,0,99,cvc-clinicdb,unet_pvt,polypseg/runs_cv/unet_pvt_seed42_fold4/best.pth,True
0.6450381679143116,0.47605633800134894,0.7297063902651376,0.5779753761574572,0.2618327799734186,0.1257861136822317,4,205.9211067013054,27.050988317040463,1,2,1,1.0,1,1.0,1,1,cvc-colondb,unet_pvt,polypseg/runs_cv/unet_pvt_seed42_fold4/best.pth,True
0.9139475118689047,0.841531621958389,0.8607892034493063,0.9741035856412001,0.544509299075258,0.3586194686144338,4,7.0710678118654755,0.9288963906222114,1,1,1,1.0,1,1.0,0,10,cvc-colondb,unet_pvt,polypseg/runs_cv/unet_pvt_seed42_fold4/best.pth,True
0.949454336585138,0.9037725533023281,0.9784281486288824,0.9221471517949411,0.816657730354599,0.5982900697360318,4,8.06225774829855,1.0591048370507348,1,1,1,1.0,1,1.0,0,100,cvc-colondb,unet_pvt,polypseg/runs_cv/unet_pvt_seed42_fold4/best.pth,True
0.9568119835512809,0.9171999375611268,0.9230346344072643,0.9931553151851178,0.8225072334305609,0.6293417792028102,4,6.082762530298219,0.7990668891514147,1,1,1,1.0,1,1.0,0,101,cvc-colondb,unet_pvt,polypseg/runs_cv/unet_pvt_seed42_fold4/best.pth,True
0.9074479250032775,0.8305763594893175,0.979456262956073,0.8453024026484,0.5154105233179759,0.31389785899269396,4,31.991841948614272,4.202633506859856,1,1,1,1.0,1,1.0,0,102,cvc-colondb,unet_pvt,polypseg/runs_cv/unet_pvt_seed42_fold4/best.pth,True
0.931330867543823,0.87148663628311,0.9336781821516094,0.9289953258733024,0.362083376243563,0.22006145190790316,4,14.560219778561036,1.9127147354288145,1,1,1,1.0,1,1.0,0,103,cvc-colondb,unet_pvt,polypseg/runs_cv/unet_pvt_seed42_fold4/best.pth,True
0.9732642534865245,0.947920881094745,0.961536707704146,0.9852814055066578,0.8555362613989916,0.5459452317455809,4,6.082762530298219,0.7990668891514147,1,1,1,1.0,1,1.0,0,104,cvc-colondb,unet_pvt,polypseg/runs_cv/unet_pvt_seed42_fold4/best.pth,True
0.9593814432975561,0.9219338220699087,0.9598337950110218,0.958929517750224,0.6547244694161708,0.45713624051453755,4,8.0,1.050926298925878,1,1,1,1.0,1,1.0,0,105,cvc-colondb,unet_pvt,polypseg/runs_cv/unet_pvt_seed42_fold4/best.pth,True
0.6600762823988477,0.49262228418538156,0.973593570601044,0.4992934526593684,0.42166028485750756,0.29306164671168017,4,170.28339907797582,22.369412795191923,1,1,1,1.0,0,0.0,0,106,cvc-colondb,unet_pvt,polypseg/runs_cv/unet_pvt_seed42_fold4/best.pth,True
0.7477984697533283,0.5971869956156491,0.9501100513485866,0.6165198762162787,0.555467664688587,0.3802372126321708,4,147.61832597894931,19.391997621836374,1,1,1,1.0,1,1.0,0,107,cvc-colondb,unet_pvt,polypseg/runs_cv/unet_pvt_seed42_fold4/best.pth,True
0.8901543674677849,0.8020524128538629,0.9717926321688753,0.8211696261849469,0.4272671442668544,0.17024381205751674,4,16.0,2.101852597851756,1,1,1,1.0,1,1.0,0,108,cvc-colondb,unet_pvt,polypseg/runs_cv/unet_pvt_seed42_fold4/best.pth,True
0.9567376813457171,0.9170633926276806,0.93552303660978,0.9789368104247479,0.83873182622182,0.6323570725791706,4,8.0,1.050926298925878,1,1,1,1.0,1,1.0,0,109,cvc-colondb,unet_pvt,polypseg/runs_cv/unet_pvt_seed42_fold4/best.pth,True
0.9536887701012954,0.9114771426028025,0.9483717235872536,0.9590657728043527,0.5560337205556037,0.34656264463859104,4,11.045361017187261,1.4509825467615973,1,1,1,1.0,1,1.0,0,11,cvc-colondb,unet_pvt,polypseg/runs_cv/unet_pvt_seed42_fold4/best.pth,True
0.9574412840765787,0.9183571816658288,0.9232905399211359,0.9942154027109456,0.7586920029868514,0.5424076554221672,4,8.949827571406066,1.1757011457053195,1,1,1,1.0,1,1.0,0,110,cvc-colondb,unet_pvt,polypseg/runs_cv/unet_pvt_seed42_fold4/best.pth,True
0.9563312399573602,0.9163168205957307,0.9706133036836367,0.9424633874241932,0.6929032808218976,0.4976824247608332,4,9.0,1.1822920862916129,1,1,1,1.0,1,1.0,0,111,cvc-colondb,unet_pvt,polypseg/runs_cv/unet_pvt_seed42_fold4/best.pth,True
0.8771027918436436,0.7811069307792887,0.9219410411378635,0.8364236481854362,0.48983826662574825,0.3631141158763353,4,62.15986140446663,8.165679135942705,1,1,1,1.0,1,1.0,0,112,cvc-colondb,unet_pvt,polypseg/runs_cv/unet_pvt_seed42_fold4/best.pth,True
0.8619912028024606,0.75745565844939,0.9820411070361109,0.7680951812471923,0.57519962300707,0.36682610632597673,4,27.97295302177456,3.6746889986501245,1,2,1,1.0,1,1.0,1,113,cvc-colondb,unet_pvt,polypseg/runs_cv/unet_pvt_seed42_fold4/best.pth,True
0.49203003556681585,0.32628636323785143,0.47774366845435057,0.5071971754446822,0.23184957788755794,0.15910300694761217,4,87.71744369067578,11.523071056135125,1,2,1,1.0,0,0.0,1,114,cvc-colondb,unet_pvt,polypseg/runs_cv/unet_pvt_seed42_fold4/best.pth,True
0.0,0.0,0.0,0.0,0.0,0.0,4,,,1,0,0,0.0,0,0.0,0,115,cvc-colondb,unet_pvt,polypseg/runs_cv/unet_pvt_seed42_fold4/best.pth,True
0.0,0.0,0.0,0.0,0.0,0.0,4,,,1,0,0,0.0,0,0.0,0,116,cvc-colondb,unet_pvt,polypseg/runs_cv/unet_pvt_seed42_fold4/best.pth,True
0.9158878504619731,0.8448275861978493,0.8987240829243708,0.9337199668489321,0.6521354191478337,0.32660876942511696,4,8.0,1.050926298925878,1,1,1,1.0,1,1.0,0,117,cvc-colondb,unet_pvt,polypseg/runs_cv/unet_pvt_seed42_fold4/best.pth,True
0.9260600504197751,0.8623015195418959,0.8623751387273766,0.9999010096911511,0.7375951753000768,0.3003925084583079,4,8.602325267042627,1.1300512318812093,1,1,1,1.0,1,1.0,0,118,cvc-colondb,unet_pvt,polypseg/runs_cv/unet_pvt_seed42_fold4/best.pth,True
0.6772540983563188,0.5120061967417505,0.844863396695241,0.5651383990534878,0.371277851585752,0.19371347747583842,4,89.63675693065251,11.77520315110615,1,1,1,1.0,1,1.0,0,119,cvc-colondb,unet_pvt,polypseg/runs_cv/unet_pvt_seed42_fold4/best.pth,True
0.8103957471906474,0.6812313803324327,0.6812313803324327,0.9999999999887866,0.14191514004937605,0.015915070588136453,4,22.557571623293136,2.963293157352858,1,1,1,1.0,1,1.0,0,12,cvc-colondb,unet_pvt,polypseg/runs_cv/unet_pvt_seed42_fold4/best.pth,True
0.7464741437164402,0.5954995981730913,0.902924451653088,0.6362335432108736,0.44566800119212097,0.2598121961317349,4,76.80233032604235,10.089198594803802,1,1,1,1.0,1,1.0,0,120,cvc-colondb,unet_pvt,polypseg/runs_cv/unet_pvt_seed42_fold4/best.pth,True
0.7424024830900324,0.5903339288663542,0.9317422018054834,0.6170179998063009,0.3089562170287128,0.1786083135558513,4,165.96231691830863,21.801770435015218,1,1,1,1.0,1,1.0,0,121,cvc-colondb,unet_pvt,polypseg/runs_cv/unet_pvt_seed42_fold4/best.pth,True
0.7828729354122849,0.643213809132962,0.9493932270126775,0.6660500568306268,0.42851065111303255,0.2392208507806231,4,141.62023381763566,18.604053522373167,1,1,1,1.0,1,1.0,0,122,cvc-colondb,unet_pvt,polypseg/runs_cv/unet_pvt_seed42_fold4/best.pth,True
0.7967251529648696,0.6621306469822755,0.9677759426469137,0.6770577244550176,0.42776892527734256,0.3008033819085825,4,122.53039302265047,16.09630155565341,1,1,1,1.0,1,1.0,0,123,cvc-colondb,unet_pvt,polypseg/runs_cv/unet_pvt_seed42_fold4/best.pth,True
0.666345284722976,0.49963853244020834,0.9915117460637723,0.5017848499500793,0.5071373011091203,0.41005372714803595,4,169.87170387254673,22.315330130376033,1,1,1,1.0,0,0.0,0,124,cvc-colondb,unet_pvt,polypseg/runs_cv/unet_pvt_seed42_fold4/best.pth,True
0.9609874963067823,0.9249046502240426,0.9939663951094858,0.9301267390867873,0.6493019397001367,0.43639727789537974,4,8.94427190999916,1.1749713218702638,1,1,1,1.0,1,1.0,0,125,cvc-colondb,unet_pvt,polypseg/runs_cv/unet_pvt_seed42_fold4/best.pth,True
0.9124345574459687,0.8389697959721978,0.9677652152956148,0.8630886401799868,0.48857212852149745,0.35026352868219723,4,30.07989011931388,3.9514684493984533,1,1,1,1.0,1,1.0,0,126,cvc-colondb,unet_pvt,polypseg/runs_cv/unet_pvt_seed42_fold4/best.pth,True
0.8342807924188901,0.7156790305875109,0.9999999999958703,0.7156790305875109,0.2240054275386014,0.08574590611701136,4,78.45634221446747,10.306479168839052,1,1,1,1.0,1,1.0,0,127,cvc-colondb,unet_pvt,polypseg/runs_cv/unet_pvt_seed42_fold4/best.pth,True
0.8939078256496543,0.8081675708217392,0.9433597185520765,0.8493823249875969,0.6071433809604687,0.35553604610418016,4,62.565100076085514,8.218913633110965,1,1,1,1.0,1,1.0,0,128,cvc-colondb,unet_pvt,polypseg/runs_cv/unet_pvt_seed42_fold4/best.pth,True
0.9662957032632875,0.9347892877235526,0.9761777445030314,0.9566117326461168,0.760632214416733,0.45699925520929624,4,7.0,0.9195605115601433,1,1,1,1.0,1,1.0,0,129,cvc-colondb,unet_pvt,polypseg/runs_cv/unet_pvt_seed42_fold4/best.pth,True
0.9226983025120041,0.8564901593151769,0.859713076189326,0.995642108116633,0.6052173413081327,0.24556957032527854,4,6.094852169800149,0.8006550541635535,1,1,1,1.0,1,1.0,0,13,cvc-colondb,unet_pvt,polypseg/runs_cv/unet_pvt_seed42_fold4/best.pth,True
0.9736723163828055,0.9486953649649106,0.9869713369384446,0.9607269281128279,0.809941831756288,0.6063543123690864,4,5.656854249492381,0.7431171124977691,1,1,1,1.0,1,1.0,0,130,cvc-colondb,unet_pvt,polypseg/runs_cv/unet_pvt_seed42_fold4/best.pth,True
0.5127775450339571,0.344788732392872,0.5039270331865725,0.5219444991109233,0.18637801485843034,0.08536386152952707,4,89.63592186870078,11.775093452535359,1,2,1,1.0,0,0.0,1,131,cvc-colondb,unet_pvt,polypseg/runs_cv/unet_pvt_seed42_fold4/best.pth,True
0.9507344543734465,0.9060951808969666,0.9142619101650059,0.9902378999098421,0.7990290831503833,0.5338069230985638,4,7.0,0.9195605115601433,1,1,1,1.0,1,1.0,0,132,cvc-colondb,unet_pvt,polypseg/runs_cv/unet_pvt_seed42_fold4/best.pth,True
0.9362645093178464,0.880166655638647,0.8890447561730859,0.988781575029801,0.6025032974510172,0.32344565928524954,4,6.082762530298219,0.7990668891514147,1,1,1,1.0,1,1.0,0,133,cvc-colondb,unet_pvt,polypseg/runs_cv/unet_pvt_seed42_fold4/best.pth,True
0.971354984606535,0.9443053435056836,0.9710499874342435,0.9716601734260923,0.9410468107278971,0.7349228345980651,4,4.242640687119285,0.5573378343733267,1,1,1,1.0,1,1.0,0,134,cvc-colondb,unet_pvt,polypseg/runs_cv/unet_pvt_seed42_fold4/best.pth,True
0.9515407781433044,0.9075610746770292,0.9240768094480113,0.9806872335027547,0.8290876346466595,0.6184771384297542,4,11.034020762890446,1.4494928253269685,1,1,1,1.0,1,1.0,0,135,cvc-colondb,unet_pvt,polypseg/runs_cv/unet_pvt_seed42_fold4/best.pth,True
0.9660429660403912,0.9343163538825824,0.9675387079499864,0.964551841595888,0.8986274801128776,0.6437664081974395,4,4.656888370749739,0.6117558074978732,1,1,1,1.0,1,1.0,0,136,cvc-colondb,unet_pvt,polypseg/runs_cv/unet_pvt_seed42_fold4/best.pth,True
0.9622135515567347,0.9271787591754604,0.9606986899541239,0.9637331980703117,0.702775736872532,0.45713128785106966,4,9.899494936611665,1.300454946871096,1,1,1,1.0,1,1.0,0,137,cvc-colondb,unet_pvt,polypseg/runs_cv/unet_pvt_seed42_fold4/best.pth,True
0.9751754133998397,0.9515534913491577,0.9795834249258639,0.9708068952344141,0.8486691566389232,0.5976057084063958,4,5.830951894845301,0.765987586758076,1,1,1,1.0,1,1.0,0,138,cvc-colondb,unet_pvt,polypseg/runs_cv/unet_pvt_seed42_fold4/best.pth,True
0.8843337530878123,0.7926508089093572,0.9742074705802075,0.8096417438797145,0.2665601151583206,0.15404084955499142,4,13.732408575056887,1.8039686648903155,1,1,1,1.0,1,1.0,0,139,cvc-colondb,unet_pvt,polypseg/runs_cv/unet_pvt_seed42_fold4/best.pth,True
0.9536414614574427,0.9113907196530764,0.9161480291714104,0.9943346891270022,0.7099800214273013,0.46870792095099695,4,6.708203932499369,0.8812284914026979,1,1,1,1.0,1,1.0,0,14,cvc-colondb,unet_pvt,polypseg/runs_cv/unet_pvt_seed42_fold4/best.pth,True
0.9574411725730487,0.9183569764940996,0.9719010486646414,0.9434052549115042,0.7813723672905405,0.43955080480737246,4,6.708203932499369,0.8812284914026979,1,1,1,1.0,1,1.0,0,140,cvc-colondb,unet_pvt,polypseg/runs_cv/unet_pvt_seed42_fold4/best.pth,True
0.9589807333729043,0.9211940298473089,0.9850770090137057,0.9342314387310443,0.7042197300598042,0.4072568478903489,4,6.4031242374328485,0.841151457050986,1,1,1,1.0,1,1.0,0,141,cvc-colondb,unet_pvt,polypseg/runs_cv/unet_pvt_seed42_fold4/best.pth,True
0.9710478728448253,0.9437250258955759,0.968228059516519,0.9738841586767444,0.8238887469136194,0.6357604634183314,4,6.692949947746023,0.8792246396851096,1,1,1,1.0,1,1.0,0,142,cvc-colondb,unet_pvt,polypseg/runs_cv/unet_pvt_seed42_fold4/best.pth,True
0.925754220865881,0.8617713365483943,0.8905677960401346,0.9638354585335074,0.7130700977025581,0.2724546497292494,4,15.17181938960793,1.9930579998865667,1,1,1,1.0,1,1.0,0,143,cvc-colondb,unet_pvt,polypseg/runs_cv/unet_pvt_seed42_fold4/best.pth,True
0.9607711086778338,0.9245038477091279,0.9456197525382632,0.9764159014402087,0.6829096271467318,0.3770338622337059,4,8.48528137423857,1.1146756687466535,1,1,1,1.0,1,1.0,0,144,cvc-colondb,unet_pvt,polypseg/runs_cv/unet_pvt_seed42_fold4/best.pth,True
0.9678347142316641,0.937674157013734,0.9601329773285164,0.9756610097330009,0.7259998760313372,0.4346306092737325,4,6.708203932499369,0.8812284914026979,1,1,1,1.0,1,1.0,0,145,cvc-colondb,unet_pvt,polypseg/runs_cv/unet_pvt_seed42_fold4/best.pth,True
0.9446965571460498,0.8951894960100041,0.9340153146629934,0.9556249234853983,0.766049006756158,0.5824328078388423,4,11.247024193241856,1.477474188666684,1,1,1,1.0,1,1.0,0,146,cvc-colondb,unet_pvt,polypseg/runs_cv/unet_pvt_seed42_fold4/best.pth,True
0.9323637390534723,0.8732971829065381,0.8791691631657068,0.9924100097618365,0.6068488846700156,0.39051369095347377,4,9.0,1.1822920862916129,1,1,1,1.0,1,1.0,0,147,cvc-colondb,unet_pvt,polypseg/runs_cv/unet_pvt_seed42_fold4/best.pth,True
0.965371135635912,0.9330603164925776,0.9402384348841438,0.991884338380136,0.840365325322223,0.6481290455932106,4,5.656854249492381,0.7431171124977691,1,1,1,1.0,1,1.0,0,148,cvc-colondb,unet_pvt,polypseg/runs_cv/unet_pvt_seed42_fold4/best.pth,True
0.9521484547737407,0.9086673194418453,0.9314044438259451,0.9738375248743483,0.6907002785531495,0.41116828831418345,4,13.30392053889424,1.747679996643012,1,1,1,1.0,1,1.0,0,149,cvc-colondb,unet_pvt,polypseg/runs_cv/unet_pvt_seed42_fold4/best.pth,True
0.8991388250105995,0.8167595019592335,0.8196465269147583,0.9957060115738395,0.39442307496199985,0.28234281530525884,4,12.755336306085598,1.6756147969636774,1,1,1,1.0,1,1.0,0,15,cvc-colondb,unet_pvt,polypseg/runs_cv/unet_pvt_seed42_fold4/best.pth,True
0.9298175585223184,0.8688402299316826,0.900491177001544,0.9611183923063874,0.6917425336930763,0.4555384481498738,4,20.00374765917512,2.6278080615130133,1,1,1,1.0,1,1.0,0,150,cvc-colondb,unet_pvt,polypseg/runs_cv/unet_pvt_seed42_fold4/best.pth,True
0.9072850100386807,0.8303034353640535,0.9718375968006583,0.8507738665877909,0.6360713000121283,0.4480726046027354,4,18.0,2.3645841725832257,1,1,1,1.0,1,1.0,0,151,cvc-colondb,unet_pvt,polypseg/runs_cv/unet_pvt_seed42_fold4/best.pth,True
0.869174132237245,0.7686188979359252,0.777194006611032,0.9858482803934026,0.5376888761332173,0.47547879671891385,4,22.80350850198276,2.995600849064192,1,1,1,1.0,1,1.0,0,152,cvc-colondb,unet_pvt,polypseg/runs_cv/unet_pvt_seed42_fold4/best.pth,True
0.7826006076741409,0.6428462282858307,0.6642981209502379,0.9521689928257098,0.48304313842960067,0.39092648570421473,4,44.944372988883636,5.90415294534396,1,1,1,1.0,1,1.0,0,153,cvc-colondb,unet_pvt,polypseg/runs_cv/unet_pvt_seed42_fold4/best.pth,True
0.5197768302628146,0.3511476113126248,0.35571490656126,0.9647247011200141,0.29384881361414794,0.23124491414371837,4,193.12994246703593,25.37066695608123,1,1,1,1.0,0,0.0,0,154,cvc-colondb,unet_pvt,polypseg/runs_cv/unet_pvt_seed42_fold4/best.pth,True
0.8913146205420502,0.8039382831744613,0.8440884274514983,0.9441385523981966,0.48772104083488244,0.16035784869017,4,19.582132718111993,2.5724222828150975,1,1,1,1.0,1,1.0,0,155,cvc-colondb,unet_pvt,polypseg/runs_cv/unet_pvt_seed42_fold4/best.pth,True
0.8736674427100007,0.7756744995564003,0.9453725802049142,0.8120728929292473,0.21864401793465663,0.14167315956872473,4,12.083045973594572,1.587298848097622,1,1,1,1.0,1,1.0,0,156,cvc-colondb,unet_pvt,polypseg/runs_cv/unet_pvt_seed42_fold4/best.pth,True
0.9457149119533447,0.8970200970076643,0.9218060105266799,0.970897089694406,0.8760840131079649,0.5368161319648275,4,5.034656829757472,0.6613816585573642,1,1,1,1.0,1,1.0,0,157,cvc-colondb,unet_pvt,polypseg/runs_cv/unet_pvt_seed42_fold4/best.pth,True
0.92636648908322,0.8628330614347086,0.8806715692953979,0.9770628078667324,0.628830987720043,0.34888855002604624,4,5.8563091106185015,0.7693186573735253,1,1,1,1.0,1,1.0,0,158,cvc-colondb,unet_pvt,polypseg/runs_cv/unet_pvt_seed42_fold4/best.pth,True
0.9209213051764495,0.853432942003398,0.853432942003398,0.9999999999861053,0.684394497531516,0.29812020944344914,4,7.280109889280518,0.9563573677144073,1,1,1,1.0,1,1.0,0,159,cvc-colondb,unet_pvt,polypseg/runs_cv/unet_pvt_seed42_fold4/best.pth,True
0.9600104304402018,0.9230962103269464,0.9493129995913018,0.9709516991900725,0.6110135628670127,0.3847811163518073,4,7.531857301718061,0.9894283647665515,1,1,1,1.0,1,1.0,0,16,cvc-colondb,unet_pvt,polypseg/runs_cv/unet_pvt_seed42_fold4/best.pth,True
0.8494899729314448,0.7383594692311416,0.7383594692311416,0.9999999999836628,0.19898543194960733,0.08433630625614201,4,12.0,1.576389448388817,1,1,1,1.0,1,1.0,0,160,cvc-colondb,unet_pvt,polypseg/runs_cv/unet_pvt_seed42_fold4/best.pth,True
0.8933173720097647,0.8072028505878442,0.859718080769047,0.9296497141883387,0.4489323668163893,0.10297523331069984,4,8.06225774829855,1.0591048370507348,1,1,1,1.0,1,1.0,0,161,cvc-colondb,unet_pvt,polypseg/runs_cv/unet_pvt_seed42_fold4/best.pth,True
0.8766869095742519,0.780447514630118,0.7983102918464161,0.9721286943327324,0.570368349393668,0.3105324235644117,4,13.089948542807571,1.719571396902869,1,1,1,1.0,1,1.0,0,162,cvc-colondb,unet_pvt,polypseg/runs_cv/unet_pvt_seed42_fold4/best.pth,True
0.892493356948115,0.8058582425191856,0.8094186163188128,0.9945712523011158,0.46938302828084033,0.23527523817097562,4,12.529964086141668,1.6460085978403793,1,1,1,1.0,1,1.0,0,163,cvc-colondb,unet_pvt,polypseg/runs_cv/unet_pvt_seed42_fold4/best.pth,True
0.9151572926553138,0.843585237250935,0.8472332538977386,0.9949217535392794,0.6041792353054244,0.2620206438885772,4,11.0,1.4450236610230822,1,1,1,1.0,1,1.0,0,164,cvc-colondb,unet_pvt,polypseg/runs_cv/unet_pvt_seed42_fold4/best.pth,True
0.9660024400123383,0.9342405411709727,0.9394131139686829,0.9941407884741429,0.9667590688277261,0.6175760255534791,4,4.0,0.525463149462939,1,1,1,1.0,1,1.0,0,165,cvc-colondb,unet_pvt,polypseg/runs_cv/unet_pvt_seed42_fold4/best.pth,True
0.9540089801123989,0.9120623045262031,0.92551337896126,0.9843150231569535,0.6632142305600899,0.4464305643461913,4,6.0,0.7881947241944085,1,1,1,1.0,1,1.0,0,166,cvc-colondb,unet_pvt,polypseg/runs_cv/unet_pvt_seed42_fold4/best.pth,True
0.9601944697601933,0.9234365867805558,0.970277573065951,0.9503187778064438,0.9224456174721738,0.642454375861613,4,4.47213595499958,0.5874856609351319,1,1,1,1.0,1,1.0,0,167,cvc-colondb,unet_pvt,polypseg/runs_cv/unet_pvt_seed42_fold4/best.pth,True
0.9465116279005026,0.8984547461251986,0.9422579327122123,0.9508039026940937,0.8798280806936033,0.47751571066575427,4,5.0,0.6568289368286738,1,1,1,1.0,1,1.0,0,168,cvc-colondb,unet_pvt,polypseg/runs_cv/unet_pvt_seed42_fold4/best.pth,True
0.9594157264018218,0.9219971421289233,0.9531630170233475,0.9657510124936982,0.8402011279231846,0.5371019200658289,4,6.0,0.7881947241944085,1,1,1,1.0,1,1.0,0,169,cvc-colondb,unet_pvt,polypseg/runs_cv/unet_pvt_seed42_fold4/best.pth,True
0.9466947060415408,0.8987847222183212,0.901916376302692,0.9961516259332492,0.6382902120068936,0.4101533080124058,4,12.09541783664485,1.588924087628403,1,1,1,1.0,1,1.0,0,17,cvc-colondb,unet_pvt,polypseg/runs_cv/unet_pvt_seed42_fold4/best.pth,True
0.9527539219032343,0.9097708187503946,0.9408811289988199,0.9649301850862135,0.5952661400560489,0.33788571786767546,4,8.48528137423857,1.1146756687466535,1,1,1,1.0,1,1.0,0,170,cvc-colondb,unet_pvt,polypseg/runs_cv/unet_pvt_seed42_fold4/best.pth,True
0.9219550290567442,0.8552101757406856,0.9938555059892551,0.859755982217233,0.5388156968101941,0.2787218131699119,4,38.78457130160223,5.094965746677457,1,1,1,1.0,1,1.0,0,171,cvc-colondb,unet_pvt,polypseg/runs_cv/unet_pvt_seed42_fold4/best.pth,True
0.9148455161966561,0.8430555555465484,0.8461291014277703,0.9957097791672466,0.578795536334369,0.41510274983872986,4,11.0,1.4450236610230822,1,1,1,1.0,1,1.0,0,172,cvc-colondb,unet_pvt,polypseg/runs_cv/unet_pvt_seed42_fold4/best.pth,True
0.8949358915187946,0.8098497495758776,0.8175613044508505,0.9884870096689914,0.4296655581767026,0.2734782677002736,4,12.0,1.576389448388817,1,1,1,1.0,1,1.0,0,173,cvc-colondb,unet_pvt,polypseg/runs_cv/unet_pvt_seed42_fold4/best.pth,True
0.9346420594749345,0.8773033211863918,0.8946776189839689,0.9783437922852425,0.7303690828106906,0.4713123263498832,4,9.0,1.1822920862916129,1,1,1,1.0,1,1.0,0,174,cvc-colondb,unet_pvt,polypseg/runs_cv/unet_pvt_seed42_fold4/best.pth,True
0.9609482828571854,0.9248320049935549,0.945896267873844,0.976487088515993,0.8663370520397746,0.5425158519143232,4,5.0,0.6568289368286738,1,1,1,1.0,1,1.0,0,175,cvc-colondb,unet_pvt,polypseg/runs_cv/unet_pvt_seed42_fold4/best.pth,True
0.9217142017019931,0.8547958279306374,0.8661923183139942,0.984841344635683,0.4906186696306913,0.27704534277133586,4,10.0,1.3136578736573477,1,1,1,1.0,1,1.0,0,176,cvc-colondb,unet_pvt,polypseg/runs_cv/unet_pvt_seed42_fold4/best.pth,True
0.8940209527065229,0.8083525224952024,0.8091147197400825,0.9988360061950488,0.4713941084219434,0.21624052696383778,4,14.0,1.8391210231202866,1,1,1,1.0,1,1.0,0,177,cvc-colondb,unet_pvt,polypseg/runs_cv/unet_pvt_seed42_fold4/best.pth,True
0.9024019458747193,0.8221606648108347,0.824536059553011,0.9965081923046399,0.5342174268193419,0.21046022492931704,4,11.0,1.4450236610230822,1,1,1,1.0,1,1.0,0,178,cvc-colondb,unet_pvt,polypseg/runs_cv/unet_pvt_seed42_fold4/best.pth,True
0.8850393700737624,0.7937853107264549,0.8040057224524422,0.9842381786216633,0.407003584043581,0.24847741656665806,4,11.180339887498949,1.4687141523378298,1,1,1,1.0,1,1.0,0,179,cvc-colondb,unet_pvt,polypseg/runs_cv/unet_pvt_seed42_fold4/best.pth,True
0.9301190515419644,0.8693668701012923,0.887979346383175,0.9764575543485912,0.5054093552212853,0.2988349014622311,4,9.219544457292887,1.2111327167856758,1,1,1,1.0,1,1.0,0,18,cvc-colondb,unet_pvt,polypseg/runs_cv/unet_pvt_seed42_fold4/best.pth,True
0.9063349917051199,0.8287135318685709,0.8301737756663617,0.9978819748685518,0.3622477273174605,0.18936037192833308,4,13.416407864998739,1.7624569828053958,1,1,1,1.0,1,1.0,0,180,cvc-colondb,unet_pvt,polypseg/runs_cv/unet_pvt_seed42_fold4/best.pth,True
0.9355252764566768,0.8788609590865516,0.9247511223801995,0.9465534465439904,0.6220301875868286,0.26207879225316355,4,6.4031242374328485,0.841151457050986,1,1,1,1.0,1,1.0,0,181,cvc-colondb,unet_pvt,polypseg/runs_cv/unet_pvt_seed42_fold4/best.pth,True
0.903966844281208,0.8247623163264394,0.8303241244199442,0.9919438669309779,0.43650000518113696,0.285654011807209,4,9.219544457292887,1.2111327167856758,1,1,1,1.0,1,1.0,0,182,cvc-colondb,unet_pvt,polypseg/runs_cv/unet_pvt_seed42_fold4/best.pth,True
0.8905712319271195,0.8027295285249142,0.8029509100826951,0.9996566523433535,0.4892697892588573,0.16872137960121608,4,10.0,1.3136578736573477,1,1,1,1.0,1,1.0,0,183,cvc-colondb,unet_pvt,polypseg/runs_cv/unet_pvt_seed42_fold4/best.pth,True
0.9264038059473336,0.8628978111875534,0.8677920323988144,0.9935064934911332,0.7082850482934986,0.3974261422859182,4,7.0,0.9195605115601433,1,1,1,1.0,1,1.0,0,184,cvc-colondb,unet_pvt,polypseg/runs_cv/unet_pvt_seed42_fold4/best.pth,True
0.7964138961424927,0.6617008069385123,0.6617008069385123,0.9999999999687305,0.26955739302082854,0.014031756423430235,4,15.0,1.9704868104860214,1,1,1,1.0,1,1.0,0,185,cvc-colondb,unet_pvt,polypseg/runs_cv/unet_pvt_seed42_fold4/best.pth,True
0.9124700239698744,0.839029768448974,0.8567890114646074,0.975891254142706,0.7229403019801441,0.49804584652291806,4,7.0,0.9195605115601433,1,1,1,1.0,1,1.0,0,186,cvc-colondb,unet_pvt,polypseg/runs_cv/unet_pvt_seed42_fold4/best.pth,True
0.8974730737272424,0.8140146533756526,0.8172387778042769,0.9951768488517415,0.595742690411262,0.30459560379823825,4,7.565423623376389,0.9938378310401693,1,1,1,1.0,1,1.0,0,187,cvc-colondb,unet_pvt,polypseg/runs_cv/unet_pvt_seed42_fold4/best.pth,True
0.8943195394711163,0.8088408644241878,0.8088408644241878,0.9999999999757105,0.5071941946146729,0.33600983272754903,4,7.106076496631101,0.9334953340610866,1,1,1,1.0,1,1.0,0,188,cvc-colondb,unet_pvt,polypseg/runs_cv/unet_pvt_seed42_fold4/best.pth,True
0.947265287297866,0.8998138618099221,0.9233707865064789,0.9724292982963858,0.8094272721721382,0.5120476011589752,4,6.0,0.7881947241944085,1,1,1,1.0,1,1.0,0,189,cvc-colondb,unet_pvt,polypseg/runs_cv/unet_pvt_seed42_fold4/best.pth,True
0.959500013763499,0.92215283657429,0.9516137840590267,0.9675180455248888,0.7851127999014385,0.44340595396589483,4,6.631934008732739,0.8712092328147699,1,1,1,1.0,1,1.0,0,19,cvc-colondb,unet_pvt,polypseg/runs_cv/unet_pvt_seed42_fold4/best.pth,True
0.9012195121890161,0.8201997780143027,0.8203009373357141,0.9998496692573685,0.4833626744466796,0.3605312593794887,4,10.0,1.3136578736573477,1,1,1,1.0,1,1.0,0,190,cvc-colondb,unet_pvt,polypseg/runs_cv/unet_pvt_seed42_fold4/best.pth,True
0.9578815679693166,0.9191676670594704,0.9210842890294243,0.997741290930434,0.8384280698684544,0.5873491355672309,4,6.0,0.7881947241944085,1,1,1,1.0,1,1.0,0,191,cvc-colondb,unet_pvt,polypseg/runs_cv/unet_pvt_seed42_fold4/best.pth,True
0.9011295361648588,0.8200507392107422,0.8598422307754554,0.9465818438761326,0.6003834001233561,0.29146613986805053,4,18.929847320699135,2.486734297996786,1,1,1,1.0,1,1.0,0,192,cvc-colondb,unet_pvt,polypseg/runs_cv/unet_pvt_seed42_fold4/best.pth,True
0.9490154711631987,0.902977584468861,0.9199045671359926,0.9800290486476032,0.7288432611702479,0.44910659324035673,4,6.0,0.7881947241944085,1,1,1,1.0,1,1.0,0,193,cvc-colondb,unet_pvt,polypseg/runs_cv/unet_pvt_seed42_fold4/best.pth,True
0.9190076186719319,0.8501517999071118,0.8624330864496411,0.9835256731812717,0.6460480600134662,0.4549531966048931,4,15.0,1.9704868104860214,1,1,1,1.0,1,1.0,0,194,cvc-colondb,unet_pvt,polypseg/runs_cv/unet_pvt_seed42_fold4/best.pth,True
0.8804513929653199,0.7864342713063163,0.7938526761972035,0.9882570259798357,0.5783825011145892,0.3296268560325055,4,19.0,2.4959499599489603,1,1,1,1.0,1,1.0,0,195,cvc-colondb,unet_pvt,polypseg/runs_cv/unet_pvt_seed42_fold4/best.pth,True
0.9290520599638232,0.8675044091615133,0.8712498616088646,0.9950689088254512,0.7514124673181135,0.3829650281074013,4,8.350438624164084,1.0969619447125578,1,1,1,1.0,1,1.0,0,196,cvc-colondb,unet_pvt,polypseg/runs_cv/unet_pvt_seed42_fold4/best.pth,True
0.9418282548446466,0.8900523560155861,0.9117248181425734,0.9739874876458743,0.6892288597213364,0.5000630606051115,4,12.0,1.576389448388817,1,1,1,1.0,1,1.0,0,197,cvc-colondb,unet_pvt,polypseg/runs_cv/unet_pvt_seed42_fold4/best.pth,True
0.8409781045162139,0.7255929398686488,0.7255929398686488,0.9999999999809959,0.25838857574668916,0.033767437006641726,4,16.0,2.101852597851756,1,1,1,1.0,1,1.0,0,198,cvc-colondb,unet_pvt,polypseg/runs_cv/unet_pvt_seed42_fold4/best.pth,True
0.8870225494656752,0.7969816001571534,0.8059795107588753,0.9861857252368101,0.5752667068219057,0.25146045294014163,4,19.0,2.4959499599489603,1,1,1,1.0,1,1.0,0,199,cvc-colondb,unet_pvt,polypseg/runs_cv/unet_pvt_seed42_fold4/best.pth,True
0.0,0.0,0.0,0.0,0.0,0.0,4,270.0726752031675,35.478309624034445,1,1,0,0.0,0,0.0,1,2,cvc-colondb,unet_pvt,polypseg/runs_cv/unet_pvt_seed42_fold4/best.pth,True
0.9722331885758451,0.945966709343963,0.9522152408540286,0.9931108646671603,0.806245468744553,0.5934071713624558,4,7.0710678118654755,0.9288963906222114,1,1,1,1.0,1,1.0,0,20,cvc-colondb,unet_pvt,polypseg/runs_cv/unet_pvt_seed42_fold4/best.pth,True
0.9037168841349968,0.8243462578751245,0.8394857667430765,0.9785913080501265,0.6353666395201575,0.3475685640690602,4,8.0,1.050926298925878,1,1,1,1.0,1,1.0,0,200,cvc-colondb,unet_pvt,polypseg/runs_cv/unet_pvt_seed42_fold4/best.pth,True
0.8765773344444588,0.7802738553534387,0.7802738553534387,0.9999999999725803,0.5873103537939595,0.32199294346809276,4,10.0,1.3136578736573477,1,1,1,1.0,1,1.0,0,201,cvc-colondb,unet_pvt,polypseg/runs_cv/unet_pvt_seed42_fold4/best.pth,True
0.872368306102593,0.7736287573537834,0.7736287573537834,0.9999999999899859,0.20927718851104785,0.04458593745075231,4,15.528990929037684,2.039978120388388,1,1,1,1.0,1,1.0,0,202,cvc-colondb,unet_pvt,polypseg/runs_cv/unet_pvt_seed42_fold4/best.pth,True
0.9242733803405768,0.8592084303288909,0.8648248643208581,0.9924982307007432,0.6588369947492264,0.4989978374791343,4,10.0,1.3136578736573477,1,1,1,1.0,1,1.0,0,203,cvc-colondb,unet_pvt,polypseg/runs_cv/unet_pvt_seed42_fold4/best.pth,True
0.603148707067435,0.43179163746283816,0.45709693372332966,0.8863581874637652,0.29381960591925854,0.19501443510509373,4,47.01063709417264,6.175589356440805,1,1,1,1.0,0,0.0,0,204,cvc-colondb,unet_pvt,polypseg/runs_cv/unet_pvt_seed42_fold4/best.pth,True
0.4612457440370394,0.2997527007640277,0.30231031766471106,0.9725506756346052,0.37392357289278766,0.3010930306625408,4,46.87216658103186,6.15739906845513,1,1,1,1.0,0,0.0,0,205,cvc-colondb,unet_pvt,polypseg/runs_cv/unet_pvt_seed42_fold4/best.pth,True
0.5564568044218301,0.38547984301845384,0.38776242597545735,0.9849589789888351,0.47345732720969813,0.317932199659552,4,43.266615305567875,5.683752986266274,1,1,1,1.0,0,0.0,0,206,cvc-colondb,unet_pvt,polypseg/runs_cv/unet_pvt_seed42_fold4/best.pth,True
0.5287760302211688,0.3594123267993381,0.3596271064854831,0.9983410749502873,0.4360354169900798,0.3761418873635473,4,51.821777114419326,6.807608553327309,1,1,1,1.0,0,0.0,0,207,cvc-colondb,unet_pvt,polypseg/runs_cv/unet_pvt_seed42_fold4/best.pth,True
0.5385014708333881,0.368458441857247,0.3695961995161616,0.9917144677506874,0.4711079794667174,0.3486305348671342,4,40.26164427839479,5.289002601270462,1,1,1,1.0,0,0.0,0,208,cvc-colondb,unet_pvt,polypseg/runs_cv/unet_pvt_seed42_fold4/best.pth,True
0.7727537922874452,0.6296648442921402,0.6296648442921402,0.99999999996225,0.10571179995830639,0.0,4,10.770329614269007,1.4148528299669385,1,1,1,1.0,1,1.0,0,209,cvc-colondb,unet_pvt,polypseg/runs_cv/unet_pvt_seed42_fold4/best.pth,True
0.8556249999982174,0.7476788640060161,0.7600207261528553,0.9787426719366152,0.46714896608062445,0.2947163090243944,4,159.99030753293715,21.01725271995033,1,3,1,1.0,1,1.0,2,21,cvc-colondb,unet_pvt,polypseg/runs_cv/unet_pvt_seed42_fold4/best.pth,True
0.8428723027885188,0.7284177060316896,0.7284177060316896,0.9999999999832131,0.3195250610814254,0.13300487613872636,4,15.0,1.9704868104860214,1,1,1,1.0,1,1.0,0,210,cvc-colondb,unet_pvt,polypseg/runs_cv/unet_pvt_seed42_fold4/best.pth,True
0.930139720552006,0.8694029850626119,0.9255553920711261,0.9347696879504492,0.7108542680683159,0.5232682783827857,4,7.0710678118654755,0.9288963906222114,1,1,1,1.0,1,1.0,0,211,cvc-colondb,unet_pvt,polypseg/runs_cv/unet_pvt_seed42_fold4/best.pth,True
0.9290264893225698,0.8674598204907293,0.8812553010964005,0.9822736941543978,0.5375958262045376,0.2770349270134778,4,9.211336491335102,1.2100544708749603,1,1,1,1.0,1,1.0,0,212,cvc-colondb,unet_pvt,polypseg/runs_cv/unet_pvt_seed42_fold4/best.pth,True
0.9161609709321457,0.8452924708940232,0.8576767827712836,0.983204798620538,0.47709723977499935,0.2958540494262377,4,11.02008771254955,1.4476624991985305,1,1,1,1.0,1,1.0,0,213,cvc-colondb,unet_pvt,polypseg/runs_cv/unet_pvt_seed42_fold4/best.pth,True
0.9319970615965368,0.8726540237705349,0.8798296017348937,0.9907407407296882,0.6978711932061066,0.34150719191154616,4,7.0,0.9195605115601433,1,1,1,1.0,1,1.0,0,214,cvc-colondb,unet_pvt,polypseg/runs_cv/unet_pvt_seed42_fold4/best.pth,True
0.9109288016363368,0.8364272262502338,0.8450665941755452,0.9879250079336095,0.6276406429819558,0.23391068460622033,4,12.0,1.576389448388817,1,1,1,1.0,1,1.0,0,215,cvc-colondb,unet_pvt,polypseg/runs_cv/unet_pvt_seed42_fold4/best.pth,True
0.9478759447443842,0.9009165221624893,0.9321657411283026,0.9641247680395499,0.7886978614619841,0.34807972668202497,4,5.940833163195851,0.7804222260916917,1,1,1,1.0,1,1.0,0,216,cvc-colondb,unet_pvt,polypseg/runs_cv/unet_pvt_seed42_fold4/best.pth,True
0.8634531312049993,0.7597162553625765,0.7621529517814758,0.995809324240495,0.16146412446332253,0.041479634657429106,4,11.661903789690601,1.531975173516152,1,1,1,1.0,1,1.0,0,217,cvc-colondb,unet_pvt,polypseg/runs_cv/unet_pvt_seed42_fold4/best.pth,True
0.948266306833695,0.901622067444549,0.9151667364266073,0.9838499999950807,0.5603812333858584,0.3304468510177834,4,8.06225774829855,1.0591048370507348,1,1,1,1.0,1,1.0,0,218,cvc-colondb,unet_pvt,polypseg/runs_cv/unet_pvt_seed42_fold4/best.pth,True
0.9472361809018781,0.8997613365107411,0.9274039249935636,0.9679351857079481,0.5649686576769911,0.3398234922161555,4,7.942365965879595,1.0433551586545873,1,1,1,1.0,1,1.0,0,219,cvc-colondb,unet_pvt,polypseg/runs_cv/unet_pvt_seed42_fold4/best.pth,True
0.936362595854022,0.8803400408862566,0.8903520705180913,0.987387604845891,0.5431920646082239,0.1947238362354693,4,8.54400374531753,1.1223897792594242,1,1,1,1.0,1,1.0,0,22,cvc-colondb,unet_pvt,polypseg/runs_cv/unet_pvt_seed42_fold4/best.pth,True
0.9248919235549072,0.8602780909367885,0.8687666034089657,0.9887698686853077,0.43208878785166344,0.2632653844290159,4,8.54400374531753,1.1223897792594242,1,1,1,1.0,1,1.0,0,220,cvc-colondb,unet_pvt,polypseg/runs_cv/unet_pvt_seed42_fold4/best.pth,True
0.9292320064297176,0.8678182500873615,0.8871401151563367,0.9755170958127858,0.6945744954694287,0.42573657056743697,4,13.0,1.7077552357545518,1,1,1,1.0,1,1.0,0,221,cvc-colondb,unet_pvt,polypseg/runs_cv/unet_pvt_seed42_fold4/best.pth,True
0.9532925943295018,0.9107536539486343,0.9848137029755887,0.9237267080668842,0.7777537286278056,0.6955996446300374,4,8.08985077373906,1.0627296165635303,1,1,1,1.0,1,1.0,0,222,cvc-colondb,unet_pvt,polypseg/runs_cv/unet_pvt_seed42_fold4/best.pth,True
0.9534559643211006,0.9110519307509005,0.9747364421979795,0.9330848258847796,0.8444632465992167,0.5572892137158536,4,7.0,0.9195605115601433,1,1,1,1.0,1,1.0,0,223,cvc-colondb,unet_pvt,polypseg/runs_cv/unet_pvt_seed42_fold4/best.pth,True
0.908124390884131,0.8317104835957204,0.8447338058209208,0.9818007662647165,0.618384351123909,0.458014441814596,4,8.48528137423857,1.1146756687466535,1,1,1,1.0,1,1.0,0,224,cvc-colondb,unet_pvt,polypseg/runs_cv/unet_pvt_seed42_fold4/best.pth,True
0.8965008120346006,0.8124163767510727,0.8234336859011816,0.9837977964684447,0.7301609314911428,0.39917050473833077,4,5.830951894845301,0.765987586758076,1,1,1,1.0,1,1.0,0,225,cvc-colondb,unet_pvt,polypseg/runs_cv/unet_pvt_seed42_fold4/best.pth,True
0.9421057053989492,0.8905480540040465,0.9585363768405698,0.9262288310538931,0.732653296708969,0.4945454046183522,4,8.744137827658346,1.148680550564844,1,1,1,1.0,1,1.0,0,226,cvc-colondb,unet_pvt,polypseg/runs_cv/unet_pvt_seed42_fold4/best.pth,True
0.9590316036411405,0.9212879151717566,0.9801120172919718,0.9388388991360663,0.6130232058150392,0.38464838706234034,4,16.278820596099706,2.1384800849921777,1,1,1,1.0,1,1.0,0,227,cvc-colondb,unet_pvt,polypseg/runs_cv/unet_pvt_seed42_fold4/best.pth,True
0.9642860453251478,0.9310350999643254,0.9745386416843568,0.9542469271675761,0.625765842991425,0.3661998055066288,4,11.40175425099138,1.497800424532096,1,1,1,1.0,1,1.0,0,228,cvc-colondb,unet_pvt,polypseg/runs_cv/unet_pvt_seed42_fold4/best.pth,True
0.9549140977692898,0.9137182845267066,0.9272395461361294,0.9842914297705441,0.669149509154789,0.4194792676305064,4,9.57733918582788,1.2581347030149845,1,1,1,1.0,1,1.0,0,229,cvc-colondb,unet_pvt,polypseg/runs_cv/unet_pvt_seed42_fold4/best.pth,True
0.8952414984191077,0.8103504043083,0.8104377830450159,0.9998669681987503,0.23461688980489698,0.10016689496965987,4,21.1092126583322,2.773028341532544,1,1,1,1.0,1,1.0,0,23,cvc-colondb,unet_pvt,polypseg/runs_cv/unet_pvt_seed42_fold4/best.pth,True
0.9603781365956273,0.9237763944774577,0.9316223535146995,0.9909656301080787,0.7852588333935315,0.5329085436465779,4,6.0,0.7881947241944085,1,1,1,1.0,1,1.0,0,230,cvc-colondb,unet_pvt,polypseg/runs_cv/unet_pvt_seed42_fold4/best.pth,True
0.9082452993096256,0.8319133398146066,0.8323185581973658,0.9994151191548558,0.4581651403740144,0.2763721760333867,4,6.708203932499369,0.8812284914026979,1,1,1,1.0,1,1.0,0,231,cvc-colondb,unet_pvt,polypseg/runs_cv/unet_pvt_seed42_fold4/best.pth,True
0.9473331346806193,0.8999363102335295,0.934043334550613,0.9610065744656464,0.69510423590256,0.3215680624387429,4,5.830951894845301,0.765987586758076,1,1,1,1.0,1,1.0,0,232,cvc-colondb,unet_pvt,polypseg/runs_cv/unet_pvt_seed42_fold4/best.pth,True
0.9544197546899358,0.9128134918108606,0.9317748697692048,0.9781927309037799,0.7439911815045775,0.47355468554743646,4,7.0,0.9195605115601433,1,1,1,1.0,1,1.0,0,233,cvc-colondb,unet_pvt,polypseg/runs_cv/unet_pvt_seed42_fold4/best.pth,True
0.9561392987047453,0.9159644553323428,0.9380982268873521,0.974887892368733,0.8034774151119065,0.48888760109187124,4,5.385164807134504,0.7074264149834693,1,1,1,1.0,1,1.0,0,234,cvc-colondb,unet_pvt,polypseg/runs_cv/unet_pvt_seed42_fold4/best.pth,True
0.9282086651142504,0.8660348660247333,0.8849832615867409,0.975873434397154,0.5785923131839226,0.3700181542794857,4,6.324555320336759,0.8308301893941852,1,1,1,1.0,1,1.0,0,235,cvc-colondb,unet_pvt,polypseg/runs_cv/unet_pvt_seed42_fold4/best.pth,True
0.9645603395974177,0.9315466429230588,0.9346119494150584,0.9964915797865052,0.8162317330894054,0.5195987744011105,4,6.1190314488039945,0.8038313841878293,1,1,1,1.0,1,1.0,0,236,cvc-colondb,unet_pvt,polypseg/runs_cv/unet_pvt_seed42_fold4/best.pth,True
0.9454942995457449,0.8966232227464007,0.9054495023633397,0.9892450756083387,0.5588072791785034,0.38760604415910077,4,14.142135623730951,1.8577927812444228,1,1,1,1.0,1,1.0,0,237,cvc-colondb,unet_pvt,polypseg/runs_cv/unet_pvt_seed42_fold4/best.pth,True
0.9556025369963318,0.9149797570821707,0.9283953738199823,0.9844524862585965,0.5321257474362175,0.428243540980812,4,10.506750265248968,1.3802275212495732,1,1,1,1.0,1,1.0,0,238,cvc-colondb,unet_pvt,polypseg/runs_cv/unet_pvt_seed42_fold4/best.pth,True
0.9551048788945298,0.9140676988558002,0.9165072728040723,0.9970963995305986,0.659944233981084,0.39043939366197755,4,8.48528137423857,1.1146756687466535,1,1,1,1.0,1,1.0,0,239,cvc-colondb,unet_pvt,polypseg/runs_cv/unet_pvt_seed42_fold4/best.pth,True
0.9420847864193721,0.8905106707283136,0.9097527739890607,0.9767995986916779,0.40659743649513214,0.24794326854550602,4,9.866580798981552,1.2961311552658519,1,1,1,1.0,1,1.0,0,24,cvc-colondb,unet_pvt,polypseg/runs_cv/unet_pvt_seed42_fold4/best.pth,True
0.9522346893971283,0.9088244092078442,0.9272982541757581,0.9785493429465437,0.7546711094798446,0.45851752475882496,4,9.219544457292887,1.2111327167856758,1,1,1,1.0,1,1.0,0,240,cvc-colondb,unet_pvt,polypseg/runs_cv/unet_pvt_seed42_fold4/best.pth,True
0.971990985600092,0.9455082319170945,0.9749054340716402,0.9690939104826751,0.9999999500000026,0.7239456049112382,4,3.605551275463989,0.4736460821888561,1,1,1,1.0,1,1.0,0,241,cvc-colondb,unet_pvt,polypseg/runs_cv/unet_pvt_seed42_fold4/best.pth,True
0.9313790806084925,0.8715710723114395,0.8746871648116312,0.995929167504621,0.6431419506142735,0.37519579401997466,4,9.541136703698776,1.2533789354455007,1,1,1,1.0,1,1.0,0,242,cvc-colondb,unet_pvt,polypseg/runs_cv/unet_pvt_seed42_fold4/best.pth,True
0.9378937893733099,0.8830508474476491,0.8893820416423195,0.9920030464459,0.7938592958269104,0.4251181029418703,4,7.0710678118654755,0.9288963906222114,1,1,1,1.0,1,1.0,0,243,cvc-colondb,unet_pvt,polypseg/runs_cv/unet_pvt_seed42_fold4/best.pth,True
0.8701247015065658,0.7701068451242208,0.9135097492908982,0.830673758854728,0.6163090829011545,0.24309541115713756,4,23.50782191493835,3.088123535109351,1,1,1,1.0,1,1.0,0,244,cvc-colondb,unet_pvt,polypseg/runs_cv/unet_pvt_seed42_fold4/best.pth,True
0.9313790806084925,0.8715710723114395,0.8746871648116312,0.995929167504621,0.6431419506142735,0.37519579401997466,4,9.541136703698776,1.2533789354455007,1,1,1,1.0,1,1.0,0,245,cvc-colondb,unet_pvt,polypseg/runs_cv/unet_pvt_seed42_fold4/best.pth,True
0.9378937893733099,0.8830508474476491,0.8893820416423195,0.9920030464459,0.7938592958269104,0.4251181029418703,4,7.0710678118654755,0.9288963906222114,1,1,1,1.0,1,1.0,0,246,cvc-colondb,unet_pvt,polypseg/runs_cv/unet_pvt_seed42_fold4/best.pth,True
0.8701247015065658,0.7701068451242208,0.9135097492908982,0.830673758854728,0.6163090829011545,0.24309541115713756,4,23.50782191493835,3.088123535109351,1,1,1,1.0,1,1.0,0,247,cvc-colondb,unet_pvt,polypseg/runs_cv/unet_pvt_seed42_fold4/best.pth,True
0.9313790806084925,0.8715710723114395,0.8746871648116312,0.995929167504621,0.6431419506142735,0.37519579401997466,4,9.541136703698776,1.2533789354455007,1,1,1,1.0,1,1.0,0,248,cvc-colondb,unet_pvt,polypseg/runs_cv/unet_pvt_seed42_fold4/best.pth,True
0.9378937893733099,0.8830508474476491,0.8893820416423195,0.9920030464459,0.7938592958269104,0.4251181029418703,4,7.0710678118654755,0.9288963906222114,1,1,1,1.0,1,1.0,0,249,cvc-colondb,unet_pvt,polypseg/runs_cv/unet_pvt_seed42_fold4/best.pth,True
0.9219098616637554,0.8551324503222771,0.9504312823352451,0.8950503628192888,0.6560926022165402,0.308760188851087,4,7.761630533395968,1.019612706261489,1,1,1,1.0,1,1.0,0,25,cvc-colondb,unet_pvt,polypseg/runs_cv/unet_pvt_seed42_fold4/best.pth,True
0.8701247015065658,0.7701068451242208,0.9135097492908982,0.830673758854728,0.6163090829011545,0.24309541115713756,4,23.50782191493835,3.088123535109351,1,1,1,1.0,1,1.0,0,250,cvc-colondb,unet_pvt,polypseg/runs_cv/unet_pvt_seed42_fold4/best.pth,True
0.9313790806084925,0.8715710723114395,0.8746871648116312,0.995929167504621,0.6431419506142735,0.37519579401997466,4,9.541136703698776,1.2533789354455007,1,1,1,1.0,1,1.0,0,251,cvc-colondb,unet_pvt,polypseg/runs_cv/unet_pvt_seed42_fold4/best.pth,True
0.9378937893733099,0.8830508474476491,0.8893820416423195,0.9920030464459,0.7938592958269104,0.4251181029418703,4,7.0710678118654755,0.9288963906222114,1,1,1,1.0,1,1.0,0,252,cvc-colondb,unet_pvt,polypseg/runs_cv/unet_pvt_seed42_fold4/best.pth,True
0.8701247015065658,0.7701068451242208,0.9135097492908982,0.830673758854728,0.6163090829011545,0.24309541115713756,4,23.50782191493835,3.088123535109351,1,1,1,1.0,1,1.0,0,253,cvc-colondb,unet_pvt,polypseg/runs_cv/unet_pvt_seed42_fold4/best.pth,True
0.9313790806084925,0.8715710723114395,0.8746871648116312,0.995929167504621,0.6431419506142735,0.37519579401997466,4,9.541136703698776,1.2533789354455007,1,1,1,1.0,1,1.0,0,254,cvc-colondb,unet_pvt,polypseg/runs_cv/unet_pvt_seed42_fold4/best.pth,True
0.9378937893733099,0.8830508474476491,0.8893820416423195,0.9920030464459,0.7938592958269104,0.4251181029418703,4,7.0710678118654755,0.9288963906222114,1,1,1,1.0,1,1.0,0,255,cvc-colondb,unet_pvt,polypseg/runs_cv/unet_pvt_seed42_fold4/best.pth,True
0.8701247015065658,0.7701068451242208,0.9135097492908982,0.830673758854728,0.6163090829011545,0.24309541115713756,4,23.50782191493835,3.088123535109351,1,1,1,1.0,1,1.0,0,256,cvc-colondb,unet_pvt,polypseg/runs_cv/unet_pvt_seed42_fold4/best.pth,True
0.9313790806084925,0.8715710723114395,0.8746871648116312,0.995929167504621,0.6431419506142735,0.37519579401997466,4,9.541136703698776,1.2533789354455007,1,1,1,1.0,1,1.0,0,257,cvc-colondb,unet_pvt,polypseg/runs_cv/unet_pvt_seed42_fold4/best.pth,True
0.9378937893733099,0.8830508474476491,0.8893820416423195,0.9920030464459,0.7938592958269104,0.4251181029418703,4,7.0710678118654755,0.9288963906222114,1,1,1,1.0,1,1.0,0,258,cvc-colondb,unet_pvt,polypseg/runs_cv/unet_pvt_seed42_fold4/best.pth,True
0.8701247015065658,0.7701068451242208,0.9135097492908982,0.830673758854728,0.6163090829011545,0.24309541115713756,4,23.50782191493835,3.088123535109351,1,1,1,1.0,1,1.0,0,259,cvc-colondb,unet_pvt,polypseg/runs_cv/unet_pvt_seed42_fold4/best.pth,True
0.9073945562425214,0.8304869442366903,0.8495524111918922,0.973688565266032,0.6664010373541219,0.46106003744795226,4,12.206555615733702,1.6035237894844891,1,1,1,1.0,1,1.0,0,26,cvc-colondb,unet_pvt,polypseg/runs_cv/unet_pvt_seed42_fold4/best.pth,True
0.9313790806084925,0.8715710723114395,0.8746871648116312,0.995929167504621,0.6431419506142735,0.37519579401997466,4,9.541136703698776,1.2533789354455007,1,1,1,1.0,1,1.0,0,260,cvc-colondb,unet_pvt,polypseg/runs_cv/unet_pvt_seed42_fold4/best.pth,True
0.9378937893733099,0.8830508474476491,0.8893820416423195,0.9920030464459,0.7938592958269104,0.4251181029418703,4,7.0710678118654755,0.9288963906222114,1,1,1,1.0,1,1.0,0,261,cvc-colondb,unet_pvt,polypseg/runs_cv/unet_pvt_seed42_fold4/best.pth,True
0.8701247015065658,0.7701068451242208,0.9135097492908982,0.830673758854728,0.6163090829011545,0.24309541115713756,4,23.50782191493835,3.088123535109351,1,1,1,1.0,1,1.0,0,262,cvc-colondb,unet_pvt,polypseg/runs_cv/unet_pvt_seed42_fold4/best.pth,True
0.9313790806084925,0.8715710723114395,0.8746871648116312,0.995929167504621,0.6431419506142735,0.37519579401997466,4,9.541136703698776,1.2533789354455007,1,1,1,1.0,1,1.0,0,263,cvc-colondb,unet_pvt,polypseg/runs_cv/unet_pvt_seed42_fold4/best.pth,True
0.3392289095290358,0.20425988354170874,0.20473045615008073,0.9888724035363781,0.3271334621947048,0.24049950619446753,4,103.62791446895078,13.613162577282736,1,1,0,0.0,0,0.0,1,264,cvc-colondb,unet_pvt,polypseg/runs_cv/unet_pvt_seed42_fold4/best.pth,True
0.10781820960623037,0.05698089377754397,0.05705295043148933,0.9783156832834515,0.22107155921596078,0.1779663147875715,4,292.2828249603092,38.39596343439225,1,1,0,0.0,0,0.0,1,265,cvc-colondb,unet_pvt,polypseg/runs_cv/unet_pvt_seed42_fold4/best.pth,True
0.41229911896785454,0.25968312034935936,0.25969595847173477,0.9998096688142385,0.1755187808575319,0.05989611849903315,4,152.64254630113734,20.05200828035953,1,1,1,1.0,0,0.0,0,266,cvc-colondb,unet_pvt,polypseg/runs_cv/unet_pvt_seed42_fold4/best.pth,True
0.8682103440625794,0.7671128106781219,0.9282739472036894,0.8154471544383965,0.6894449194349411,0.5060400513739728,4,9.219544457292887,1.2111327167856758,1,1,1,1.0,1,1.0,0,267,cvc-colondb,unet_pvt,polypseg/runs_cv/unet_pvt_seed42_fold4/best.pth,True
0.3169411107992356,0.18831254974669465,0.1885251344698285,0.9940476190128135,0.27109091128305624,0.2313083658278105,4,85.55387119761754,11.238851652061685,1,1,0,0.0,0,0.0,1,268,cvc-colondb,unet_pvt,polypseg/runs_cv/unet_pvt_seed42_fold4/best.pth,True
0.33467029231701334,0.20096338327060062,0.20123446697105446,0.9933414043383103,0.3887008631737118,0.3416822082815015,4,113.0,14.844333972328027,1,1,0,0.0,0,0.0,1,269,cvc-colondb,unet_pvt,polypseg/runs_cv/unet_pvt_seed42_fold4/best.pth,True
0.8695381744606628,0.7691884456565449,0.7714167471268946,0.9962586851773337,0.4852624665741721,0.34706074966237915,4,15.952847075210475,2.0956583167601828,1,1,1,1.0,1,1.0,0,27,cvc-colondb,unet_pvt,polypseg/runs_cv/unet_pvt_seed42_fold4/best.pth,True
0.4906521836432004,0.3250756242702998,0.3254745927107202,0.9962433349430668,0.14090362533217882,0.1164044478620966,4,121.0,15.895260271253905,1,2,1,1.0,0,0.0,1,270,cvc-colondb,unet_pvt,polypseg/runs_cv/unet_pvt_seed42_fold4/best.pth,True
0.3392289095290358,0.20425988354170874,0.20473045615008073,0.9888724035363781,0.3271334621947048,0.24049950619446753,4,103.62791446895078,13.613162577282736,1,1,0,0.0,0,0.0,1,271,cvc-colondb,unet_pvt,polypseg/runs_cv/unet_pvt_seed42_fold4/best.pth,True
0.10781820960623037,0.05698089377754397,0.05705295043148933,0.9783156832834515,0.22107155921596078,0.1779663147875715,4,292.2828249603092,38.39596343439225,1,1,0,0.0,0,0.0,1,272,cvc-colondb,unet_pvt,polypseg/runs_cv/unet_pvt_seed42_fold4/best.pth,True
0.1668158666458299,0.0909978782876587,0.09130229100477917,0.9646554801684282,0.22563574279578744,0.17397035554051601,4,193.62719882899404,25.435989429592478,1,3,0,0.0,0,0.0,3,273,cvc-colondb,unet_pvt,polypseg/runs_cv/unet_pvt_seed42_fold4/best.pth,True
0.5086629617506949,0.3410784743519944,0.8780137478108339,0.3580453518519034,0.3085279563670138,0.11396968792201008,4,193.8776675957492,25.468892456347792,1,1,1,1.0,0,0.0,0,274,cvc-colondb,unet_pvt,polypseg/runs_cv/unet_pvt_seed42_fold4/best.pth,True
0.7519007253326228,0.6024366335226073,0.9102353874588192,0.6404883314078963,0.3997576469198106,0.20776790597502867,4,128.0529180847993,16.821772408689593,1,1,1,1.0,1,1.0,0,275,cvc-colondb,unet_pvt,polypseg/runs_cv/unet_pvt_seed42_fold4/best.pth,True
0.7312429218560107,0.5763458856329808,0.9771577204966793,0.5842169253807667,0.4686044893714504,0.2811978982989309,4,133.0456682072819,17.47764895964989,1,1,1,1.0,1,1.0,0,276,cvc-colondb,unet_pvt,polypseg/runs_cv/unet_pvt_seed42_fold4/best.pth,True
0.7575330304434761,0.6097007397418893,0.9444010416605182,0.6324003836401063,0.5170876476109657,0.28557373030223265,4,113.35231511463326,14.890616124762674,1,1,1,1.0,1,1.0,0,277,cvc-colondb,unet_pvt,polypseg/runs_cv/unet_pvt_seed42_fold4/best.pth,True
0.0,0.0,0.0,0.0,0.0,0.0,4,299.68524040033975,39.368387567080134,1,1,0,0.0,0,0.0,1,278,cvc-colondb,unet_pvt,polypseg/runs_cv/unet_pvt_seed42_fold4/best.pth,True
0.883472454087692,0.7912679425797883,0.9522552783052287,0.8239568195929834,0.5530190789455353,0.2576561103941192,4,37.390286041901824,4.911804365724475,1,1,1,1.0,1,1.0,0,279,cvc-colondb,unet_pvt,polypseg/runs_cv/unet_pvt_seed42_fold4/best.pth,True
0.9300821770158122,0.8693024427069085,0.8958961881560554,0.9669806365735251,0.4677066077793972,0.31604028279577867,4,15.424943937470397,2.0263099054181155,1,1,1,1.0,1,1.0,0,28,cvc-colondb,unet_pvt,polypseg/runs_cv/unet_pvt_seed42_fold4/best.pth,True
0.8576746008395936,0.7508146115546172,0.919747899153223,0.8034501743390013,0.5596149639454304,0.292650346467778,4,60.87360736271787,7.996709360996021,1,1,1,1.0,1,1.0,0,280,cvc-colondb,unet_pvt,polypseg/runs_cv/unet_pvt_seed42_fold4/best.pth,True
0.8600144613128705,0.7544082202159431,0.949620758475452,0.7858605880357723,0.577152733462537,0.38498582088038885,4,59.143837301004396,7.769476754877355,1,1,1,1.0,1,1.0,0,281,cvc-colondb,unet_pvt,polypseg/runs_cv/unet_pvt_seed42_fold4/best.pth,True
0.9359991859944241,0.87969781007096,0.8908580282695054,0.9859592711577067,0.6900849946001064,0.43455722336761676,4,8.35379280658678,1.0974025695274836,1,1,1,1.0,1,1.0,0,282,cvc-colondb,unet_pvt,polypseg/runs_cv/unet_pvt_seed42_fold4/best.pth,True
0.9263426024149525,0.8627916172314868,0.8895230330117251,0.9663418954720289,0.540618440627309,0.20469687161703828,4,6.0,0.7881947241944085,1,1,1,1.0,1,1.0,0,283,cvc-colondb,unet_pvt,polypseg/runs_cv/unet_pvt_seed42_fold4/best.pth,True
0.9086213528190872,0.8325445574421884,0.890037138700199,0.9279982041588866,0.5392508127191444,0.31395279937158804,4,18.0,2.3645841725832257,1,1,1,1.0,1,1.0,0,284,cvc-colondb,unet_pvt,polypseg/runs_cv/unet_pvt_seed42_fold4/best.pth,True
0.8571886593668823,0.7500701374664339,0.8837835285186825,0.8321476211612621,0.3310439061077391,0.17843107419581644,4,48.67944535060664,6.394813667009697,1,1,1,1.0,1,1.0,0,285,cvc-colondb,unet_pvt,polypseg/runs_cv/unet_pvt_seed42_fold4/best.pth,True
0.5128133649260015,0.3448211225354948,0.8156194578108967,0.37397264252207485,0.18507217552409835,0.07921694045069967,4,227.1079038695043,29.83420860879903,1,1,1,1.0,0,0.0,0,286,cvc-colondb,unet_pvt,polypseg/runs_cv/unet_pvt_seed42_fold4/best.pth,True
0.7028758227664821,0.541872424477942,0.8545112781908994,0.5969460493712128,0.3413083006286309,0.1870102432126021,4,136.075162500364,17.87562086278062,1,1,1,1.0,1,1.0,0,287,cvc-colondb,unet_pvt,polypseg/runs_cv/unet_pvt_seed42_fold4/best.pth,True
0.8044776694524209,0.6729089443975087,0.9183565741392761,0.7157255990924758,0.5452963711772417,0.1871741602849076,4,115.15901992943826,15.127955325296996,1,1,1,1.0,1,1.0,0,288,cvc-colondb,unet_pvt,polypseg/runs_cv/unet_pvt_seed42_fold4/best.pth,True
0.7763662104751744,0.6344759495213523,0.972523055091168,0.6460571787601443,0.5957357810363143,0.4148477618348633,4,127.52254485544633,16.752099511817935,1,1,1,1.0,1,1.0,0,289,cvc-colondb,unet_pvt,polypseg/runs_cv/unet_pvt_seed42_fold4/best.pth,True
0.9241276850361634,0.8589566551558919,0.9298646291797613,0.9184610967519032,0.6052441659582047,0.3667793881407376,4,26.68159537220921,3.5050487842442073,1,1,1,1.0,1,1.0,0,29,cvc-colondb,unet_pvt,polypseg/runs_cv/unet_pvt_seed42_fold4/best.pth,True
0.7053949224238792,0.5448726678444556,0.9173800061073266,0.5729902615974174,0.38336037475988993,0.28389894256212866,4,141.08702970744056,18.534008744610738,1,1,1,1.0,1,1.0,0,290,cvc-colondb,unet_pvt,polypseg/runs_cv/unet_pvt_seed42_fold4/best.pth,True
0.7442178358555848,0.5926329080829336,0.8609108159338336,0.6553832819691092,0.3892680095640468,0.15296142538451443,4,122.252811713164,16.05983686837471,1,1,1,1.0,1,1.0,0,291,cvc-colondb,unet_pvt,polypseg/runs_cv/unet_pvt_seed42_fold4/best.pth,True
0.030300379119232574,0.015383248693363463,0.019107694571099183,0.07314840889838672,0.056331602214432605,0.018803369099408176,4,249.93439065499462,32.832828018168506,1,2,0,0.0,0,0.0,2,292,cvc-colondb,unet_pvt,polypseg/runs_cv/unet_pvt_seed42_fold4/best.pth,True
0.594381149661463,0.4228608271141988,0.8856949937215617,0.4472697160093172,0.3270180828930456,0.1265110502915254,4,190.36929523776138,25.00801235916854,1,1,1,1.0,0,0.0,0,293,cvc-colondb,unet_pvt,polypseg/runs_cv/unet_pvt_seed42_fold4/best.pth,True
0.5086629617506949,0.3410784743519944,0.8780137478108339,0.3580453518519034,0.3085279563670138,0.11396968792201008,4,193.8776675957492,25.468892456347792,1,1,1,1.0,0,0.0,0,294,cvc-colondb,unet_pvt,polypseg/runs_cv/unet_pvt_seed42_fold4/best.pth,True
0.7519007253326228,0.6024366335226073,0.9102353874588192,0.6404883314078963,0.3997576469198106,0.20776790597502867,4,128.0529180847993,16.821772408689593,1,1,1,1.0,1,1.0,0,295,cvc-colondb,unet_pvt,polypseg/runs_cv/unet_pvt_seed42_fold4/best.pth,True
0.7312429218560107,0.5763458856329808,0.9771577204966793,0.5842169253807667,0.4686044893714504,0.2811978982989309,4,133.0456682072819,17.47764895964989,1,1,1,1.0,1,1.0,0,296,cvc-colondb,unet_pvt,polypseg/runs_cv/unet_pvt_seed42_fold4/best.pth,True
0.7575330304434761,0.6097007397418893,0.9444010416605182,0.6324003836401063,0.5170876476109657,0.28557373030223265,4,113.35231511463326,14.890616124762674,1,1,1,1.0,1,1.0,0,297,cvc-colondb,unet_pvt,polypseg/runs_cv/unet_pvt_seed42_fold4/best.pth,True
0.0,0.0,0.0,0.0,0.0,0.0,4,299.68524040033975,39.368387567080134,1,1,0,0.0,0,0.0,1,298,cvc-colondb,unet_pvt,polypseg/runs_cv/unet_pvt_seed42_fold4/best.pth,True
0.883472454087692,0.7912679425797883,0.9522552783052287,0.8239568195929834,0.5530190789455353,0.2576561103941192,4,37.390286041901824,4.911804365724475,1,1,1,1.0,1,1.0,0,299,cvc-colondb,unet_pvt,polypseg/runs_cv/unet_pvt_seed42_fold4/best.pth,True
0.8656240025507002,0.7630838491797237,0.8103747086546921,0.9289580050631707,0.3232944016970693,0.18688643386749135,4,26.65228959747689,3.501199008072134,1,1,1,1.0,1,1.0,0,3,cvc-colondb,unet_pvt,polypseg/runs_cv/unet_pvt_seed42_fold4/best.pth,True
0.8051979794655157,0.6739174906193391,0.6774281993236175,0.9923687117080794,0.4156016178722127,0.37359654364304384,4,39.0,5.123265707263656,1,1,1,1.0,1,1.0,0,30,cvc-colondb,unet_pvt,polypseg/runs_cv/unet_pvt_seed42_fold4/best.pth,True
0.8576746008395936,0.7508146115546172,0.919747899153223,0.8034501743390013,0.5596149639454304,0.292650346467778,4,60.87360736271787,7.996709360996021,1,1,1,1.0,1,1.0,0,300,cvc-colondb,unet_pvt,polypseg/runs_cv/unet_pvt_seed42_fold4/best.pth,True
0.42252109122076537,0.26784579424123156,0.9817205574599008,0.2691882997377301,0.07908054541098813,0.06055364535032675,4,160.91533690563412,21.138769931831103,1,2,1,1.0,0,0.0,1,301,cvc-colondb,unet_pvt,polypseg/runs_cv/unet_pvt_seed42_fold4/best.pth,True
0.4958331061080587,0.32963968833612634,0.9999999999980003,0.32963968833612634,0.0,0.0,4,165.44122452201395,21.733316722085668,1,1,1,1.0,0,0.0,0,302,cvc-colondb,unet_pvt,polypseg/runs_cv/unet_pvt_seed42_fold4/best.pth,True
0.4408094995686335,0.2827168966503317,0.9999999999976432,0.2827168966503317,0.0,0.0,4,192.3408380278268,25.267005630110724,1,1,1,1.0,0,0.0,0,303,cvc-colondb,unet_pvt,polypseg/runs_cv/unet_pvt_seed42_fold4/best.pth,True
0.2720016560220933,0.15740851660536717,0.9999999999955232,0.15740851660536717,0.0,0.0,4,223.77220560203628,29.396011979478576,1,1,0,0.0,0,0.0,1,304,cvc-colondb,unet_pvt,polypseg/runs_cv/unet_pvt_seed42_fold4/best.pth,True
0.25048466914937345,0.1431737491706266,0.9999999999949081,0.1431737491706266,0.0,0.0,4,229.00207422591953,30.083037789074353,1,1,0,0.0,0,0.0,1,305,cvc-colondb,unet_pvt,polypseg/runs_cv/unet_pvt_seed42_fold4/best.pth,True
0.8395461912475541,0.7234636871502143,0.9880491222274693,0.7298503178890301,0.06333680257502598,0.026837891085854777,4,73.8785793792129,9.705117749612238,1,1,1,1.0,1,1.0,0,306,cvc-colondb,unet_pvt,polypseg/runs_cv/unet_pvt_seed42_fold4/best.pth,True
0.6746147089350198,0.5089951680337045,0.9892737534813713,0.5118198010438358,0.15333259747171846,0.08832683427295795,4,139.77892384911777,18.36216838857444,1,1,1,1.0,1,1.0,0,307,cvc-colondb,unet_pvt,polypseg/runs_cv/unet_pvt_seed42_fold4/best.pth,True
0.6326133738116202,0.46264411373909936,0.9986334853802209,0.4629371877226419,0.10708730206789777,0.08136886576367258,4,152.10785530665703,19.981768176872258,1,1,1,1.0,0,0.0,0,308,cvc-colondb,unet_pvt,polypseg/runs_cv/unet_pvt_seed42_fold4/best.pth,True
0.5092295751352555,0.3415881926832947,0.9838737720551861,0.34351145038115805,0.03107220288224219,0.01914700960671693,4,121.01590801502726,15.89735004017339,1,1,1,1.0,0,0.0,0,309,cvc-colondb,unet_pvt,polypseg/runs_cv/unet_pvt_seed42_fold4/best.pth,True
0.92673671920269,0.8634756594991605,0.8636518191032733,0.9997638353066223,0.49828280983062645,0.19239351380967773,4,8.997213595499954,1.1819260480705447,1,1,1,1.0,1,1.0,0,31,cvc-colondb,unet_pvt,polypseg/runs_cv/unet_pvt_seed42_fold4/best.pth,True
0.8323481808730803,0.7128393646450586,0.9985023121513448,0.7136023569911317,0.2362858920043192,0.1767032065196431,4,129.34831471515585,16.991943206987305,1,1,1,1.0,1,1.0,0,310,cvc-colondb,unet_pvt,polypseg/runs_cv/unet_pvt_seed42_fold4/best.pth,True
0.8889225611542011,0.8000545507229675,0.9840128316671901,0.8105909479513195,0.18807373046584175,0.10082447612393947,4,44.201053997026776,5.806506260714779,1,1,1,1.0,1,1.0,0,311,cvc-colondb,unet_pvt,polypseg/runs_cv/unet_pvt_seed42_fold4/best.pth,True
0.839485111662097,0.723372978751193,0.9961721079158892,0.7253892953814108,0.22579329921320396,0.11135112447686761,4,57.79908893757883,7.592822827307172,1,1,1,1.0,1,1.0,0,312,cvc-colondb,unet_pvt,polypseg/runs_cv/unet_pvt_seed42_fold4/best.pth,True
0.5072001066230638,0.33976429719304274,0.5268450463142785,0.48896753921751995,0.053768838262694636,0.032535061801691106,4,187.26237808960826,24.599869741721303,1,1,1,1.0,0,0.0,0,313,cvc-colondb,unet_pvt,polypseg/runs_cv/unet_pvt_seed42_fold4/best.pth,True
0.5993310441491584,0.42788914657217664,0.9999999999975251,0.42788914657217664,0.0,0.0,4,162.63455967290594,21.364616984310864,1,1,1,1.0,0,0.0,0,314,cvc-colondb,unet_pvt,polypseg/runs_cv/unet_pvt_seed42_fold4/best.pth,True
0.7476317152608426,0.596974328056031,0.9996008921211419,0.5971166521742951,0.08508991381338377,0.07452584712275033,4,120.40679942121434,15.817334010155918,1,1,1,1.0,1,1.0,0,315,cvc-colondb,unet_pvt,polypseg/runs_cv/unet_pvt_seed42_fold4/best.pth,True
0.6667177718146586,0.5000574954952277,0.9811604557553447,0.5049054705178224,0.2348138511691159,0.12998037832261344,4,97.54408696107203,12.813955786512928,1,1,1,1.0,1,1.0,0,316,cvc-colondb,unet_pvt,polypseg/runs_cv/unet_pvt_seed42_fold4/best.pth,True
0.43667196608335757,0.27932203389799964,0.9453038265082329,0.2839105499485574,0.022489916754457467,0.01266887468300348,4,173.0,22.726281214272113,1,1,1,1.0,0,0.0,0,317,cvc-colondb,unet_pvt,polypseg/runs_cv/unet_pvt_seed42_fold4/best.pth,True
0.28975748575138227,0.16942479404956498,0.9999999999946332,0.16942479404956498,0.0,0.0,4,179.6727570455184,23.60285319745689,1,1,0,0.0,0,0.0,1,318,cvc-colondb,unet_pvt,polypseg/runs_cv/unet_pvt_seed42_fold4/best.pth,True
0.6848244392994806,0.5207095233238013,0.9999999999978261,0.5207095233238013,0.0,0.0,4,139.54568923434599,18.331529339763996,1,1,1,1.0,1,1.0,0,319,cvc-colondb,unet_pvt,polypseg/runs_cv/unet_pvt_seed42_fold4/best.pth,True
0.9597547380138243,0.9226235130178165,0.9377995642667473,0.9827625570738859,0.6418937643743322,0.30133063328969345,4,7.0710678118654755,0.9288963906222114,1,1,1,1.0,1,1.0,0,32,cvc-colondb,unet_pvt,polypseg/runs_cv/unet_pvt_seed42_fold4/best.pth,True
0.6872603124117738,0.5235312978724768,0.9775378065524468,0.5299060028361061,0.05661135544198343,0.027809213777427476,4,118.96217886370441,15.627560293173898,1,1,1,1.0,1,1.0,0,320,cvc-colondb,unet_pvt,polypseg/runs_cv/unet_pvt_seed42_fold4/best.pth,True
0.0,0.0,0.0,0.0,0.0,0.0,4,409.8880944821806,53.84527226349233,1,2,0,0.0,0,0.0,2,321,cvc-colondb,unet_pvt,polypseg/runs_cv/unet_pvt_seed42_fold4/best.pth,True
0.9342269615922092,0.8765721480324699,0.9013083597294441,0.9696412961336957,0.41409645851083254,0.18963797837579946,4,114.0,14.975699759693763,1,1,1,1.0,1,1.0,0,322,cvc-colondb,unet_pvt,polypseg/runs_cv/unet_pvt_seed42_fold4/best.pth,True
0.7516804631495159,0.6021538884555225,0.6852607094795351,0.8323577853783956,0.27763495915716924,0.18301100460359787,4,192.61989774551617,25.303664529647047,1,3,1,1.0,1,1.0,2,323,cvc-colondb,unet_pvt,polypseg/runs_cv/unet_pvt_seed42_fold4/best.pth,True
0.571725358141006,0.4002909114152356,0.5179202944997872,0.638005706713956,0.1918787448666912,0.10507389936353125,4,191.80198122021577,25.196218281301512,1,2,1,1.0,1,1.0,1,324,cvc-colondb,unet_pvt,polypseg/runs_cv/unet_pvt_seed42_fold4/best.pth,True
0.9285891191273575,0.8666974880552273,0.8819193978344364,0.9804741980455205,0.5951019879467276,0.44217781682297647,4,328.27039158455085,43.12349845936259,1,4,1,1.0,1,1.0,3,325,cvc-colondb,unet_pvt,polypseg/runs_cv/unet_pvt_seed42_fold4/best.pth,True
0.9635615050959251,0.929685176528594,0.9439627280942496,0.9839913661278352,0.6712065386314925,0.3992853517954557,4,9.899494936611665,1.300454946871096,1,1,1,1.0,1,1.0,0,326,cvc-colondb,unet_pvt,polypseg/runs_cv/unet_pvt_seed42_fold4/best.pth,True
0.9028886530375815,0.8229690227317554,0.8870477831152257,0.9193055816554235,0.35730999685438564,0.20600840843045065,4,117.52351610612713,15.438569227271001,1,3,1,1.0,1,1.0,2,327,cvc-colondb,unet_pvt,polypseg/runs_cv/unet_pvt_seed42_fold4/best.pth,True
0.9482259314135019,0.9015490681262404,0.9069195240206234,0.9934745602405374,0.36975375386845566,0.2337577492062772,4,15.811388300841896,2.0770754734854626,1,1,1,1.0,1,1.0,0,328,cvc-colondb,unet_pvt,polypseg/runs_cv/unet_pvt_seed42_fold4/best.pth,True
0.9641361279814997,0.9307556272840843,0.9402154118304105,0.9893057887418985,0.6246830845093545,0.5258142224864133,4,14.866068747318506,1.9528928260246379,1,1,1,1.0,1,1.0,0,329,cvc-colondb,unet_pvt,polypseg/runs_cv/unet_pvt_seed42_fold4/best.pth,True
0.9506368375867794,0.9059178667951329,0.9079162989984374,0.9975761772784101,0.708378141858351,0.3402665553899375,4,7.211102550927978,0.9472921643777122,1,1,1,1.0,1,1.0,0,33,cvc-colondb,unet_pvt,polypseg/runs_cv/unet_pvt_seed42_fold4/best.pth,True
0.9535558780837187,0.9112343966704473,0.9417374602225178,0.9656746984400599,0.40908073333018924,0.27543925593369967,4,25.45584412271571,3.344027006239961,1,1,1,1.0,1,1.0,0,330,cvc-colondb,unet_pvt,polypseg/runs_cv/unet_pvt_seed42_fold4/best.pth,True
0.9718791361124007,0.945296579662304,0.9858864553228224,0.958264268572081,0.709631225138753,0.30599846737173403,4,12.801638903933426,1.6816973741870362,1,1,1,1.0,1,1.0,0,331,cvc-colondb,unet_pvt,polypseg/runs_cv/unet_pvt_seed42_fold4/best.pth,True
0.8424445615207422,0.7277790190571835,0.9999999999988629,0.7277790190571835,0.3316250112879188,0.12096754219597135,4,94.77820764134793,12.450613871918769,1,2,1,1.0,1,1.0,1,332,cvc-colondb,unet_pvt,polypseg/runs_cv/unet_pvt_seed42_fold4/best.pth,True
0.7733845304947329,0.6305028346060753,0.757709055361892,0.7897222951161764,0.07721421175960111,0.03575711889469427,4,153.15057392956223,20.118745729771113,1,2,1,1.0,1,1.0,1,333,cvc-colondb,unet_pvt,polypseg/runs_cv/unet_pvt_seed42_fold4/best.pth,True
0.8639385735808683,0.760468187273997,0.7977005994046269,0.9421729753834429,0.3760188017568223,0.24316033817214153,4,127.0,16.683454995448315,1,2,1,1.0,1,1.0,1,334,cvc-colondb,unet_pvt,polypseg/runs_cv/unet_pvt_seed42_fold4/best.pth,True
0.8095017696702017,0.679968897934396,0.7902178438852309,0.8297504209255451,0.3385774105045233,0.17331596887762143,4,104.0,13.662041886036414,1,2,1,1.0,1,1.0,1,335,cvc-colondb,unet_pvt,polypseg/runs_cv/unet_pvt_seed42_fold4/best.pth,True
0.7179771661711476,0.5600346165651805,0.9732522599722282,0.5687890444096733,0.12231405600416279,0.06099482723973104,4,112.34032229382474,14.757674891048692,1,1,1,1.0,1,1.0,0,336,cvc-colondb,unet_pvt,polypseg/runs_cv/unet_pvt_seed42_fold4/best.pth,True
0.6698847322204832,0.5036290827176076,0.9708284513044131,0.5113676586702686,0.2102074636916049,0.13120796091325374,4,134.4771278337553,17.66569378056383,1,1,1,1.0,1,1.0,0,337,cvc-colondb,unet_pvt,polypseg/runs_cv/unet_pvt_seed42_fold4/best.pth,True
0.7231207919844728,0.5663188713898138,0.9843760129643689,0.571455453834977,0.320757557718915,0.12408472928344208,4,115.83177456984762,15.216332268338325,1,1,1,1.0,1,1.0,0,338,cvc-colondb,unet_pvt,polypseg/runs_cv/unet_pvt_seed42_fold4/best.pth,True
0.6643984383587207,0.4974525767566954,0.983016718868765,0.5017649135187167,0.14614535213734167,0.05575514261573308,4,122.91235599511349,16.14647842227557,1,1,1,1.0,0,0.0,0,339,cvc-colondb,unet_pvt,polypseg/runs_cv/unet_pvt_seed42_fold4/best.pth,True
0.9640823596055695,0.9306554131450939,0.9667171771784461,0.961461865541948,0.7769499496688264,0.534712952734201,4,5.656854249492381,0.7431171124977691,1,1,1,1.0,1,1.0,0,34,cvc-colondb,unet_pvt,polypseg/runs_cv/unet_pvt_seed42_fold4/best.pth,True
0.9712543163364332,0.9441150828235844,0.9849278224588635,0.9579552634892481,0.6476845216452766,0.4368939948386264,4,13.0,1.7077552357545518,1,1,1,1.0,1,1.0,0,340,cvc-colondb,unet_pvt,polypseg/runs_cv/unet_pvt_seed42_fold4/best.pth,True
0.0,0.0,0.0,0.0,0.0,0.0,4,382.68662114048215,50.27192930045207,1,2,0,0.0,0,0.0,2,341,cvc-colondb,unet_pvt,polypseg/runs_cv/unet_pvt_seed42_fold4/best.pth,True
0.0,0.0,0.0,0.0,0.0,0.0,4,413.3892800566318,54.30520826319366,1,2,0,0.0,0,0.0,2,342,cvc-colondb,unet_pvt,polypseg/runs_cv/unet_pvt_seed42_fold4/best.pth,True
0.7841288096517063,0.644911085875049,0.669613042611086,0.9458934516940651,0.5648444778127079,0.431840501858414,4,37.346834462409475,4.906096314772178,1,1,1,1.0,1,1.0,0,343,cvc-colondb,unet_pvt,polypseg/runs_cv/unet_pvt_seed42_fold4/best.pth,True
0.7463090551089283,0.5952894994976391,0.5965774980213104,0.9963863337386207,0.5580899096245384,0.34621462382824375,4,24.089401543396384,3.164523200917612,1,1,1,1.0,1,1.0,0,344,cvc-colondb,unet_pvt,polypseg/runs_cv/unet_pvt_seed42_fold4/best.pth,True
0.0,0.0,0.0,0.0,0.0,0.0,4,482.1632950581759,63.339760894174354,1,2,0,0.0,0,0.0,2,345,cvc-colondb,unet_pvt,polypseg/runs_cv/unet_pvt_seed42_fold4/best.pth,True
0.4396599012596468,0.2817718403920913,0.2981031490187323,0.837221448453391,0.15231624122488058,0.03521284230008373,4,95.88326206661448,12.595780216575898,1,1,1,1.0,0,0.0,0,346,cvc-colondb,unet_pvt,polypseg/runs_cv/unet_pvt_seed42_fold4/best.pth,True
0.387261146495668,0.24012638230559488,0.24291076671407844,0.9544392523225111,0.2524275419852734,0.19821883309790989,4,106.39010980811989,13.976020542870648,1,1,0,0.0,0,0.0,1,347,cvc-colondb,unet_pvt,polypseg/runs_cv/unet_pvt_seed42_fold4/best.pth,True
0.28023899336358316,0.16295228946473597,0.1639603067202656,0.9636432493663389,0.1857731457923166,0.09417940133541917,4,183.3035621212144,24.079816764997204,1,1,0,0.0,0,0.0,1,348,cvc-colondb,unet_pvt,polypseg/runs_cv/unet_pvt_seed42_fold4/best.pth,True
0.06599336246204428,0.03412261425641003,0.03412710825023737,0.9961556943537685,0.036739750317151466,0.02722273655939196,4,321.1975969017148,42.19437521697565,1,3,0,0.0,0,0.0,3,349,cvc-colondb,unet_pvt,polypseg/runs_cv/unet_pvt_seed42_fold4/best.pth,True
0.9181602482188024,0.8487026352166255,0.8507407156840603,0.9971852204210387,0.3522378378740991,0.1949644432531414,4,16.845985499256116,2.21298614906153,1,1,1,1.0,1,1.0,0,35,cvc-colondb,unet_pvt,polypseg/runs_cv/unet_pvt_seed42_fold4/best.pth,True
0.0694998757363427,0.03600096931506376,0.03713192220567502,0.541704649030499,0.11675621538963994,0.08543376999954953,4,277.1863684095043,36.41280553316316,1,1,0,0.0,0,0.0,1,350,cvc-colondb,unet_pvt,polypseg/runs_cv/unet_pvt_seed42_fold4/best.pth,True
0.0,0.0,0.0,0.0,0.0,0.0,4,239.20963013154127,31.42396140769611,1,1,0,0.0,0,0.0,1,351,cvc-colondb,unet_pvt,polypseg/runs_cv/unet_pvt_seed42_fold4/best.pth,True
0.0,0.0,0.0,0.0,0.0,0.0,4,107.90226664509134,14.174666216379883,1,2,0,0.0,0,0.0,2,352,cvc-colondb,unet_pvt,polypseg/runs_cv/unet_pvt_seed42_fold4/best.pth,True
0.0,0.0,0.0,0.0,0.0,0.0,4,214.38689418660115,28.163103155717327,1,1,0,0.0,0,0.0,1,353,cvc-colondb,unet_pvt,polypseg/runs_cv/unet_pvt_seed42_fold4/best.pth,True
0.0,0.0,0.0,0.0,0.0,0.0,4,219.4757384219716,28.831603185478347,1,1,0,0.0,0,0.0,1,354,cvc-colondb,unet_pvt,polypseg/runs_cv/unet_pvt_seed42_fold4/best.pth,True
0.0,0.0,0.0,0.0,0.0,0.0,4,244.061057389482,32.061272969283074,1,1,0,0.0,0,0.0,1,355,cvc-colondb,unet_pvt,polypseg/runs_cv/unet_pvt_seed42_fold4/best.pth,True
0.0,0.0,0.0,0.0,0.0,0.0,4,246.07336304284453,32.32562108585757,1,1,0,0.0,0,0.0,1,356,cvc-colondb,unet_pvt,polypseg/runs_cv/unet_pvt_seed42_fold4/best.pth,True
0.0,0.0,0.0,0.0,0.0,0.0,4,269.3120866207085,35.37839430603833,1,3,0,0.0,0,0.0,3,357,cvc-colondb,unet_pvt,polypseg/runs_cv/unet_pvt_seed42_fold4/best.pth,True
0.0,0.0,0.0,0.0,0.0,0.0,4,159.49419341663815,20.95208029843946,1,2,0,0.0,0,0.0,2,358,cvc-colondb,unet_pvt,polypseg/runs_cv/unet_pvt_seed42_fold4/best.pth,True
0.0,0.0,0.0,0.0,0.0,0.0,4,264.37397752965285,34.72969571719391,1,3,0,0.0,0,0.0,3,359,cvc-colondb,unet_pvt,polypseg/runs_cv/unet_pvt_seed42_fold4/best.pth,True
0.9535396423587993,0.9112047440651726,0.9993724326734403,0.9117264352214035,0.5957483952723508,0.430991738610939,4,7.0710678118654755,0.9288963906222114,1,1,1,1.0,1,1.0,0,36,cvc-colondb,unet_pvt,polypseg/runs_cv/unet_pvt_seed42_fold4/best.pth,True
0.0,0.0,0.0,0.0,0.0,0.0,4,318.24715229518904,41.80678773816041,1,3,0,0.0,0,0.0,3,360,cvc-colondb,unet_pvt,polypseg/runs_cv/unet_pvt_seed42_fold4/best.pth,True
0.4884563472296053,0.3231506720526069,0.7973098330056283,0.3520737327152885,0.08360123683128144,0.051247160248291526,4,164.77314170231585,21.645553496450503,1,2,1,1.0,0,0.0,1,361,cvc-colondb,unet_pvt,polypseg/runs_cv/unet_pvt_seed42_fold4/best.pth,True
0.41608975889068156,0.2626978146181226,0.29480746462031454,0.7069082060199148,0.13071243525913095,0.054977667130204494,4,206.04647507659982,27.06745743237178,1,2,1,1.0,1,1.0,1,362,cvc-colondb,unet_pvt,polypseg/runs_cv/unet_pvt_seed42_fold4/best.pth,True
0.8477951635760231,0.7358024691228253,0.8977835162277215,0.8030798844888724,0.6440908594959129,0.3843494760098765,4,27.061141384359402,3.5549081449718423,1,1,1,1.0,1,1.0,0,363,cvc-colondb,unet_pvt,polypseg/runs_cv/unet_pvt_seed42_fold4/best.pth,True
0.6184594655219126,0.44765929778206015,0.5186440677868429,0.7658509454736971,0.38603096271661047,0.2702702232286422,4,249.82874104247054,32.818949273634395,1,2,1,1.0,1,1.0,1,364,cvc-colondb,unet_pvt,polypseg/runs_cv/unet_pvt_seed42_fold4/best.pth,True
0.7896625986964873,0.652431791206348,0.7779349363287713,0.8017492711136517,0.5244536442974272,0.26150967441556267,4,233.4302893631289,30.664753757198728,1,2,1,1.0,1,1.0,1,365,cvc-colondb,unet_pvt,polypseg/runs_cv/unet_pvt_seed42_fold4/best.pth,True
0.21874864689231976,0.12280616461605909,0.1274727492928569,0.7703568160789767,0.24487462274279206,0.17206129057693212,4,245.8343659924261,32.29422505015126,1,2,1,1.0,1,1.0,1,366,cvc-colondb,unet_pvt,polypseg/runs_cv/unet_pvt_seed42_fold4/best.pth,True
0.6789567117208937,0.5139549307315701,0.6375993844412003,0.7260514018479541,0.33926372413202216,0.23273689088922356,4,202.22326620235592,26.565218588343065,1,2,1,1.0,1,1.0,1,367,cvc-colondb,unet_pvt,polypseg/runs_cv/unet_pvt_seed42_fold4/best.pth,True
0.8151692362074221,0.6880047860996709,0.8455882352630298,0.7868628121523482,0.49134107028138185,0.31952601481992526,4,15.0,1.9704868104860214,1,1,1,1.0,1,1.0,0,368,cvc-colondb,unet_pvt,polypseg/runs_cv/unet_pvt_seed42_fold4/best.pth,True
0.7703671518407481,0.6265017667623145,0.8189376443039752,0.7272354388545023,0.4636410930297458,0.11720779905592989,4,15.920982819356215,2.0914724437010648,1,1,1,1.0,1,1.0,0,369,cvc-colondb,unet_pvt,polypseg/runs_cv/unet_pvt_seed42_fold4/best.pth,True
0.9382766947377988,0.8837299606097313,0.9057365398777318,0.973242103971084,0.5686626148370281,0.18647293047726582,4,8.0,1.050926298925878,1,1,1,1.0,1,1.0,0,37,cvc-colondb,unet_pvt,polypseg/runs_cv/unet_pvt_seed42_fold4/best.pth,True
0.7232606438026152,0.5664904432465844,0.8772040301714606,0.6152826854851907,0.48033515759299716,0.2505561241952904,4,16.822290960680157,2.209873497345231,1,1,1,1.0,1,1.0,0,370,cvc-colondb,unet_pvt,polypseg/runs_cv/unet_pvt_seed42_fold4/best.pth,True
0.05652384410520138,0.029083888646515014,0.03157325400560088,0.2694748990034925,0.13745104584202714,0.057851204098102606,4,337.6119064185853,44.35065391072421,1,2,1,1.0,0,0.0,1,371,cvc-colondb,unet_pvt,polypseg/runs_cv/unet_pvt_seed42_fold4/best.pth,True
0.09741858980117286,0.05120337520326777,0.05827149716217512,0.29683157307966473,0.1393408801095097,0.07847474577495281,4,319.1813747576418,41.92951260751527,1,3,1,1.0,0,0.0,2,372,cvc-colondb,unet_pvt,polypseg/runs_cv/unet_pvt_seed42_fold4/best.pth,True
0.4272226593065609,0.2716358178953659,0.9476439788922087,0.2757745048107783,0.447793848243626,0.3972987189531072,4,28.965311543410444,3.805050957193919,1,1,1,1.0,0,0.0,0,373,cvc-colondb,unet_pvt,polypseg/runs_cv/unet_pvt_seed42_fold4/best.pth,True
0.0,0.0,0.0,0.0,0.0,0.0,4,320.91057900422334,42.156670884883624,1,1,0,0.0,0,0.0,1,374,cvc-colondb,unet_pvt,polypseg/runs_cv/unet_pvt_seed42_fold4/best.pth,True
0.0,0.0,0.0,0.0,0.0,0.0,4,227.0638666955262,29.828423630766036,1,1,0,0.0,0,0.0,1,375,cvc-colondb,unet_pvt,polypseg/runs_cv/unet_pvt_seed42_fold4/best.pth,True
0.08777649916862365,0.04590284510699775,0.047313828870576814,0.6061810154257757,0.14304698644198977,0.10061003862625134,4,241.10007631388237,31.672301358911895,1,2,1,1.0,1,1.0,1,376,cvc-colondb,unet_pvt,polypseg/runs_cv/unet_pvt_seed42_fold4/best.pth,True
0.0,0.0,0.0,0.0,0.0,0.0,4,207.64041035465738,27.276845995183827,1,1,0,0.0,0,0.0,1,377,cvc-colondb,unet_pvt,polypseg/runs_cv/unet_pvt_seed42_fold4/best.pth,True
0.0,0.0,0.0,0.0,0.0,0.0,4,,,1,0,0,0.0,0,0.0,0,378,cvc-colondb,unet_pvt,polypseg/runs_cv/unet_pvt_seed42_fold4/best.pth,True
0.0,0.0,0.0,0.0,0.0,0.0,4,374.8386318332138,49.2409720058649,1,1,0,0.0,0,0.0,1,379,cvc-colondb,unet_pvt,polypseg/runs_cv/unet_pvt_seed42_fold4/best.pth,True
0.9395667523115465,0.886021590099732,0.8898077075219997,0.9952206045006186,0.4191616266485054,0.2660007044852344,4,11.180339887498949,1.4687141523378298,1,1,1,1.0,1,1.0,0,38,cvc-colondb,unet_pvt,polypseg/runs_cv/unet_pvt_seed42_fold4/best.pth,True
0.0,0.0,0.0,0.0,0.0,0.0,4,384.21048670367975,50.47211310000106,1,1,0,0.0,0,0.0,1,380,cvc-colondb,unet_pvt,polypseg/runs_cv/unet_pvt_seed42_fold4/best.pth,True
0.7589461266146387,0.6115335868090696,0.6115335868090696,0.9999999999740933,0.01088924224383177,0.0,4,15.46546038438424,2.0316323803682144,1,1,1,1.0,1,1.0,0,39,cvc-colondb,unet_pvt,polypseg/runs_cv/unet_pvt_seed42_fold4/best.pth,True
0.8327954726119788,0.713495752518725,0.7694900604946456,0.9074508204983441,0.27343722067232423,0.13581439604107878,4,18.027756377319946,2.368230410944281,1,1,1,1.0,1,1.0,0,4,cvc-colondb,unet_pvt,polypseg/runs_cv/unet_pvt_seed42_fold4/best.pth,True
0.8829891838695699,0.7904929577391541,0.8025399811777747,0.9813643161051263,0.4258835190829425,0.21359218407014036,4,69.39379449888098,9.115970452641493,1,2,1,1.0,1,1.0,1,40,cvc-colondb,unet_pvt,polypseg/runs_cv/unet_pvt_seed42_fold4/best.pth,True
0.8700203547492292,0.769943386507772,0.7732864674788247,0.9944163786094866,0.402496255347021,0.22910831704114984,4,14.317821063276353,1.8808718373389997,1,1,1,1.0,1,1.0,0,41,cvc-colondb,unet_pvt,polypseg/runs_cv/unet_pvt_seed42_fold4/best.pth,True
0.8773770491731362,0.7815420560633537,0.78648052901122,0.9920296570715101,0.6357445001377002,0.4559348164485138,4,15.399260810745103,2.0229360212538334,1,1,1,1.0,1,1.0,0,42,cvc-colondb,unet_pvt,polypseg/runs_cv/unet_pvt_seed42_fold4/best.pth,True
0.9140988554841272,0.8417882788876326,0.8485697606439162,0.9905956112717651,0.7061833651568402,0.4161234977511014,4,12.377349237317407,1.6259602280608778,1,1,1,1.0,1,1.0,0,43,cvc-colondb,unet_pvt,polypseg/runs_cv/unet_pvt_seed42_fold4/best.pth,True
0.7428571428480336,0.5909090908975633,0.5909090908975633,0.9999999999669859,0.08545744239535194,0.0,4,20.615528128088304,2.708175084506772,1,1,1,1.0,1,1.0,0,44,cvc-colondb,unet_pvt,polypseg/runs_cv/unet_pvt_seed42_fold4/best.pth,True
0.8873648113915089,0.7975343764754422,0.8098218584431887,0.9813302216940749,0.4242858154993277,0.2252744761716675,4,12.990312423743283,1.7064826196719225,1,1,1,1.0,1,1.0,0,45,cvc-colondb,unet_pvt,polypseg/runs_cv/unet_pvt_seed42_fold4/best.pth,True
0.8052342120184257,0.6739682539611219,0.6754692968429794,0.9967136150078761,0.3424348888154156,0.12561595174391246,4,29.437193331664183,3.867040079851422,1,1,1,1.0,1,1.0,0,46,cvc-colondb,unet_pvt,polypseg/runs_cv/unet_pvt_seed42_fold4/best.pth,True
0.8179162609475988,0.6919275123463492,0.6919275123463492,0.9999999999801588,0.387702255643483,0.2503998989669261,4,22.98899581177368,3.019967535561228,1,1,1,1.0,1,1.0,0,47,cvc-colondb,unet_pvt,polypseg/runs_cv/unet_pvt_seed42_fold4/best.pth,True
0.801253204210759,0.6684090477032084,0.6691085529381685,0.9984383872657803,0.2067881335639862,0.08597337070862904,4,31.610909153186316,4.152591970255032,1,1,1,1.0,1,1.0,0,48,cvc-colondb,unet_pvt,polypseg/runs_cv/unet_pvt_seed42_fold4/best.pth,True
0.9354492106747027,0.8787267080677117,0.8867821045139326,0.9897682553477064,0.5438158265739673,0.3379761892462264,4,8.48528137423857,1.1146756687466535,1,1,1,1.0,1,1.0,0,49,cvc-colondb,unet_pvt,polypseg/runs_cv/unet_pvt_seed42_fold4/best.pth,True
0.950939057103929,0.9064669345888872,0.9420326540824955,0.960015477867148,0.8285703360317556,0.6342124724857142,4,5.0,0.6568289368286738,1,1,1,1.0,1,1.0,0,5,cvc-colondb,unet_pvt,polypseg/runs_cv/unet_pvt_seed42_fold4/best.pth,True
0.7389978213400291,0.5860400829167003,0.5860400829167003,0.9999999999606919,0.14830879549914802,0.0,4,17.76649191412188,2.3339091990255807,1,1,1,1.0,1,1.0,0,50,cvc-colondb,unet_pvt,polypseg/runs_cv/unet_pvt_seed42_fold4/best.pth,True
0.7487228607798735,0.5983669303241039,0.5994376277965379,0.9970238094814191,0.3161663377228613,0.23403667286294358,4,18.867962264113206,2.478604718812203,1,1,1,1.0,1,1.0,0,51,cvc-colondb,unet_pvt,polypseg/runs_cv/unet_pvt_seed42_fold4/best.pth,True
0.8845722823990693,0.7930341593999594,0.7930341593999594,0.9999999999831082,0.6458499100978122,0.2808470016452918,4,14.00178344238091,1.8393553064328763,1,1,1,1.0,1,1.0,0,52,cvc-colondb,unet_pvt,polypseg/runs_cv/unet_pvt_seed42_fold4/best.pth,True
0.79751699674059,0.6632251720638607,0.6632251720638607,0.9999999999752903,0.20903317140644534,0.06863715340668819,4,17.0,2.2332183852174907,1,1,1,1.0,1,1.0,0,53,cvc-colondb,unet_pvt,polypseg/runs_cv/unet_pvt_seed42_fold4/best.pth,True
0.8307464892753995,0.7104930467650049,0.7104930467650049,0.999999999977758,0.27460924573379913,0.08063399564950566,4,17.46424919657298,2.29420484645921,1,1,1,1.0,1,1.0,0,54,cvc-colondb,unet_pvt,polypseg/runs_cv/unet_pvt_seed42_fold4/best.pth,True
0.7775907670019524,0.6361132966043251,0.6376182965173971,0.9963031422983272,0.2956988749661353,0.24456268796381353,4,22.900181894779823,3.0083004254262953,1,1,1,1.0,1,1.0,0,55,cvc-colondb,unet_pvt,polypseg/runs_cv/unet_pvt_seed42_fold4/best.pth,True
0.7445554701416275,0.5930612244776926,0.5930612244776926,0.9999999999655885,0.39302626614405056,0.13281245019533117,4,28.868652410357445,3.7923532540743223,1,1,1,1.0,1,1.0,0,56,cvc-colondb,unet_pvt,polypseg/runs_cv/unet_pvt_seed42_fold4/best.pth,True
0.9228716833790065,0.8567889908178276,0.8696340441300899,0.9830526315685993,0.6131283463530587,0.3297778905998965,4,10.295630140987,1.352493559897148,1,1,1,1.0,1,1.0,0,57,cvc-colondb,unet_pvt,polypseg/runs_cv/unet_pvt_seed42_fold4/best.pth,True
0.8931352870297344,0.8069055563556731,0.8238779440021932,0.9751051893322659,0.23773579905732628,0.1457910983945831,4,12.36931687685298,1.624905050704063,1,1,1,1.0,1,1.0,0,58,cvc-colondb,unet_pvt,polypseg/runs_cv/unet_pvt_seed42_fold4/best.pth,True
0.8812897411461408,0.7877730039313661,0.7969754595599295,0.9855543112991538,0.32837416269656905,0.19015166008339468,4,15.06708135274361,1.9792990052067443,1,1,1,1.0,1,1.0,0,59,cvc-colondb,unet_pvt,polypseg/runs_cv/unet_pvt_seed42_fold4/best.pth,True
0.920291081393465,0.8523510971653236,0.863997457882682,0.9844315713073057,0.6568123688289527,0.3918316075187786,4,6.0,0.7881947241944085,1,1,1,1.0,1,1.0,0,6,cvc-colondb,unet_pvt,polypseg/runs_cv/unet_pvt_seed42_fold4/best.pth,True
0.8190644307083441,0.6935724962536545,0.6935724962536545,0.9999999999804076,0.026729976780615408,0.0,4,11.180339887498949,1.4687141523378298,1,1,1,1.0,1,1.0,0,60,cvc-colondb,unet_pvt,polypseg/runs_cv/unet_pvt_seed42_fold4/best.pth,True
0.8881753676581117,0.7988448374158668,0.8106954193443034,0.9820301542690916,0.7087571130348255,0.44371833783155484,4,325.80944815908583,42.80021468861385,1,2,1,1.0,1,1.0,1,61,cvc-colondb,unet_pvt,polypseg/runs_cv/unet_pvt_seed42_fold4/best.pth,True
0.9777608863386913,0.9564894096418285,0.9680060202477241,0.9877143588408038,0.8024733745830595,0.5749694036568761,4,6.324555320336759,0.8308301893941852,1,1,1,1.0,1,1.0,0,62,cvc-colondb,unet_pvt,polypseg/runs_cv/unet_pvt_seed42_fold4/best.pth,True
0.9583910319802724,0.9201063560371737,0.9311175460601924,0.9873104722542597,0.5304224345327218,0.3086313033828392,4,206.45971857536455,27.121743489960775,1,2,1,1.0,1,1.0,1,63,cvc-colondb,unet_pvt,polypseg/runs_cv/unet_pvt_seed42_fold4/best.pth,True
0.9479085724325247,0.9009754737990496,0.9112357650216731,0.9876569612875021,0.46312895222794537,0.2560240153556001,4,10.63014581273465,1.3964374745024557,1,1,1,1.0,1,1.0,0,64,cvc-colondb,unet_pvt,polypseg/runs_cv/unet_pvt_seed42_fold4/best.pth,True
0.9232232295680542,0.8573951954755729,0.873204809159976,0.9793200847339207,0.34587587197473735,0.21761577660569945,4,16.278820596099706,2.1384800849921777,1,1,1,1.0,1,1.0,0,65,cvc-colondb,unet_pvt,polypseg/runs_cv/unet_pvt_seed42_fold4/best.pth,True
0.9375284582439269,0.8824033599002211,0.8849443417678043,0.9967565474125151,0.5370667085318291,0.341387668917511,4,11.313708498984761,1.4862342249955383,1,1,1,1.0,1,1.0,0,66,cvc-colondb,unet_pvt,polypseg/runs_cv/unet_pvt_seed42_fold4/best.pth,True
0.9601013299530244,0.9232643118099705,0.9243902438975377,0.9986824769376257,0.7549193741293261,0.5177768903919829,4,7.0710678118654755,0.9288963906222114,1,1,1,1.0,1,1.0,0,67,cvc-colondb,unet_pvt,polypseg/runs_cv/unet_pvt_seed42_fold4/best.pth,True
0.9428658309931991,0.8919074405465871,0.8953413757642752,0.9957182616071096,0.6541718729779172,0.48137242545311754,4,352.7445247225851,46.338562229134276,1,2,1,1.0,1,1.0,1,68,cvc-colondb,unet_pvt,polypseg/runs_cv/unet_pvt_seed42_fold4/best.pth,True
0.9273180182622346,0.8644854990105842,0.8989053444848797,0.9575854578603225,0.654244061080823,0.41151980600276855,4,9.219544457292887,1.2111327167856758,1,1,1,1.0,1,1.0,0,69,cvc-colondb,unet_pvt,polypseg/runs_cv/unet_pvt_seed42_fold4/best.pth,True
0.9628173348067115,0.9283006428065221,0.946077607912883,0.9801601113647728,0.9956451559508279,0.8020124290367351,4,3.1622776601683795,0.4154150946970926,1,1,1,1.0,1,1.0,0,7,cvc-colondb,unet_pvt,polypseg/runs_cv/unet_pvt_seed42_fold4/best.pth,True
0.8979436405093493,0.8147892190598689,0.8204592901736176,0.9915895710472753,0.5625116417648827,0.3788326745171597,4,8.0,1.050926298925878,1,1,1,1.0,1,1.0,0,70,cvc-colondb,unet_pvt,polypseg/runs_cv/unet_pvt_seed42_fold4/best.pth,True
0.6756319906854876,0.5101542667397954,0.5138165011258352,0.986221215534424,0.34456775336458256,0.1879693613492299,4,301.9936634837462,39.67163538300506,1,2,1,1.0,1,1.0,1,71,cvc-colondb,unet_pvt,polypseg/runs_cv/unet_pvt_seed42_fold4/best.pth,True
0.9572903934368615,0.9180795759542044,0.9352069777068558,0.9804419608803642,0.6272463603555369,0.4346271283400026,4,11.0,1.4450236610230822,1,1,1,1.0,1,1.0,0,72,cvc-colondb,unet_pvt,polypseg/runs_cv/unet_pvt_seed42_fold4/best.pth,True
0.934546838330264,0.8771355437771466,0.901333496446652,0.9703015935666383,0.68829648602116,0.42904944217493596,4,15.0,1.9704868104860214,1,1,1,1.0,1,1.0,0,73,cvc-colondb,unet_pvt,polypseg/runs_cv/unet_pvt_seed42_fold4/best.pth,True
0.9016050244137984,0.8208386276827438,0.9469826532873936,0.8603773584714678,0.7508129012569554,0.4643776820558971,4,18.936308338453884,2.487583054681323,1,1,1,1.0,1,1.0,0,74,cvc-colondb,unet_pvt,polypseg/runs_cv/unet_pvt_seed42_fold4/best.pth,True
0.6728238828934878,0.5069590043259424,0.537811745775075,0.8983439389711935,0.30624098303276553,0.18670412058070004,4,131.55227098001768,17.28146765704052,1,2,1,1.0,1,1.0,1,75,cvc-colondb,unet_pvt,polypseg/runs_cv/unet_pvt_seed42_fold4/best.pth,True
0.9581550867852727,0.9196715121723632,0.9534667514754931,0.9628897563820581,0.7184936749464406,0.5091325389242024,4,9.219544457292887,1.2111327167856758,1,1,1,1.0,1,1.0,0,76,cvc-colondb,unet_pvt,polypseg/runs_cv/unet_pvt_seed42_fold4/best.pth,True
0.8893951642471566,0.8008205399576387,0.8860740957550729,0.8927412215861207,0.5381857712501545,0.21206576398601762,4,12.279798183237375,1.6131453570332972,1,1,1,1.0,1,1.0,0,77,cvc-colondb,unet_pvt,polypseg/runs_cv/unet_pvt_seed42_fold4/best.pth,True
0.7799076535554784,0.639220183478908,0.880012630235554,0.7002512562726099,0.4079406138943179,0.19329891941227761,4,43.675440019058364,5.737458566648523,1,1,1,1.0,1,1.0,0,78,cvc-colondb,unet_pvt,polypseg/runs_cv/unet_pvt_seed42_fold4/best.pth,True
0.8583423035429671,0.7518385819205763,0.8751097453714858,0.8422053231761258,0.5477081722035251,0.2992371888218962,4,21.070093635893866,2.7678894403489545,1,1,1,1.0,1,1.0,0,79,cvc-colondb,unet_pvt,polypseg/runs_cv/unet_pvt_seed42_fold4/best.pth,True
0.8817984046339392,0.7885862516099066,0.8280871670576864,0.9429605376366886,0.5214736600558041,0.3363756868650529,4,11.661903789690601,1.531975173516152,1,1,1,1.0,1,1.0,0,8,cvc-colondb,unet_pvt,polypseg/runs_cv/unet_pvt_seed42_fold4/best.pth,True
0.8098657508459278,0.6804826862360839,0.740719588785245,0.8932506886744749,0.34089564829173435,0.20020015032050312,4,11.702560104668175,1.53731602234457,1,1,1,1.0,1,1.0,0,80,cvc-colondb,unet_pvt,polypseg/runs_cv/unet_pvt_seed42_fold4/best.pth,True
0.7697865352911365,0.6257341163741128,0.7422419252456541,0.7994542973806462,0.21840593926330082,0.08036237007794209,4,16.439022025877907,2.1595250719521073,1,1,1,1.0,1,1.0,0,81,cvc-colondb,unet_pvt,polypseg/runs_cv/unet_pvt_seed42_fold4/best.pth,True
0.8016555237057998,0.6689691817038,0.7913262099059923,0.8122580644899272,0.32458965429698133,0.14667209525618455,4,15.147565989617494,1.9898719329005272,1,1,1,1.0,1,1.0,0,82,cvc-colondb,unet_pvt,polypseg/runs_cv/unet_pvt_seed42_fold4/best.pth,True
0.7827982560288784,0.6431129924896414,0.6526768010359327,0.9777227722288255,0.4363879998458552,0.16433794108869587,4,11.240355762667562,1.4765981850337981,1,1,1,1.0,1,1.0,0,83,cvc-colondb,unet_pvt,polypseg/runs_cv/unet_pvt_seed42_fold4/best.pth,True
0.8156813151941877,0.6887346502752607,0.7722238850412385,0.8643216080112456,0.3419865024765501,0.11989294645484246,4,13.996419413859206,1.8386506566026701,1,1,1,1.0,1,1.0,0,84,cvc-colondb,unet_pvt,polypseg/runs_cv/unet_pvt_seed42_fold4/best.pth,True
0.8339691490987897,0.7152204836211886,0.7365953706200822,0.9610091742751908,0.32732653602822503,0.09201807516487896,4,7.280109889280518,0.9563573677144073,1,1,1,1.0,1,1.0,0,85,cvc-colondb,unet_pvt,polypseg/runs_cv/unet_pvt_seed42_fold4/best.pth,True
0.8256486531015428,0.7030678299830265,0.7432311811739593,0.9286245352814638,0.4114710676687742,0.12499995000002,4,8.028015986734346,1.0546066410820634,1,1,1,1.0,1,1.0,0,86,cvc-colondb,unet_pvt,polypseg/runs_cv/unet_pvt_seed42_fold4/best.pth,True
0.823389427149016,0.6997977462958741,0.7018255577889938,0.9958881578537876,0.3056580406076142,0.1963341362943867,4,9.219544457292887,1.2111327167856758,1,1,1,1.0,1,1.0,0,87,cvc-colondb,unet_pvt,polypseg/runs_cv/unet_pvt_seed42_fold4/best.pth,True
0.8080766877257174,0.6779603011403847,0.6859418282310963,0.9831265508196959,0.4204203704244845,0.14358969360159532,4,9.486832980505138,1.2462452840912777,1,1,1,1.0,1,1.0,0,88,cvc-colondb,unet_pvt,polypseg/runs_cv/unet_pvt_seed42_fold4/best.pth,True
0.7754345306888659,0.6332323996732312,0.6334721696087289,0.999402628375185,0.3127406679344987,0.17127221835382261,4,9.992442890089803,1.312665127963785,1,1,1,1.0,1,1.0,0,89,cvc-colondb,unet_pvt,polypseg/runs_cv/unet_pvt_seed42_fold4/best.pth,True
0.9372851577348003,0.8819723979171654,0.8896461716808346,0.9903147699598013,0.7301926254631135,0.578016620590259,4,7.810249675906654,1.0259995981984522,1,1,1,1.0,1,1.0,0,9,cvc-colondb,unet_pvt,polypseg/runs_cv/unet_pvt_seed42_fold4/best.pth,True
0.8362084296490093,0.7185207823741284,0.7503989785907949,0.9441767067893906,0.4702571847272104,0.2709882603150245,4,8.94427190999916,1.1749713218702638,1,1,1,1.0,1,1.0,0,90,cvc-colondb,unet_pvt,polypseg/runs_cv/unet_pvt_seed42_fold4/best.pth,True
0.6694329183801422,0.5031185031010701,0.5031185031010701,0.9999999999311294,0.13752486394729532,0.0,4,16.309420313788962,2.1424998409995957,1,1,1,1.0,1,1.0,0,91,cvc-colondb,unet_pvt,polypseg/runs_cv/unet_pvt_seed42_fold4/best.pth,True
0.8346055979431398,0.7161572052089015,0.7529843893134535,0.9360730593073017,0.5933374736342629,0.2346253904934913,4,7.0710678118654755,0.9288963906222114,1,1,1,1.0,1,1.0,0,92,cvc-colondb,unet_pvt,polypseg/runs_cv/unet_pvt_seed42_fold4/best.pth,True
0.8894842598709263,0.8009650180802866,0.8976438779278169,0.8814716480014892,0.5837547106578198,0.2735657620198475,4,11.822613044545049,1.553086871317067,1,1,1,1.0,1,1.0,0,93,cvc-colondb,unet_pvt,polypseg/runs_cv/unet_pvt_seed42_fold4/best.pth,True
0.8039280958587895,0.6721402727338676,0.7318181817960056,0.8918020679138922,0.30779995000097615,0.154823292676666,4,10.192159591641543,1.3389010697132169,1,1,1,1.0,1,1.0,0,94,cvc-colondb,unet_pvt,polypseg/runs_cv/unet_pvt_seed42_fold4/best.pth,True
0.9327046720880179,0.8738955823152788,0.875865400082501,0.9974330766227094,0.8835286672136513,0.41234458787324124,4,5.0,0.6568289368286738,1,1,1,1.0,1,1.0,0,95,cvc-colondb,unet_pvt,polypseg/runs_cv/unet_pvt_seed42_fold4/best.pth,True
0.9226984718529802,0.856490451136777,0.9583462372103074,0.8896075894654362,0.7016287089073783,0.43195211587876087,4,8.06225774829855,1.0591048370507348,1,1,1,1.0,1,1.0,0,96,cvc-colondb,unet_pvt,polypseg/runs_cv/unet_pvt_seed42_fold4/best.pth,True
0.9073524563064016,0.8304164151956787,0.8475515860664067,0.9762327066162428,0.6394898156404821,0.3538851430707474,4,8.94427190999916,1.1749713218702638,1,1,1,1.0,1,1.0,0,97,cvc-colondb,unet_pvt,polypseg/runs_cv/unet_pvt_seed42_fold4/best.pth,True
0.9323637390534723,0.8732971829065381,0.8791691631657068,0.9924100097618365,0.6068488846700156,0.39051369095347377,4,9.0,1.1822920862916129,1,1,1,1.0,1,1.0,0,98,cvc-colondb,unet_pvt,polypseg/runs_cv/unet_pvt_seed42_fold4/best.pth,True
0.965371135635912,0.9330603164925776,0.9402384348841438,0.991884338380136,0.840365325322223,0.6481290455932106,4,5.656854249492381,0.7431171124977691,1,1,1,1.0,1,1.0,0,99,cvc-colondb,unet_pvt,polypseg/runs_cv/unet_pvt_seed42_fold4/best.pth,True
0.9047818987594831,0.8261202930582201,0.8875972539964522,0.9226450998960737,0.8697184672991813,0.2781822384658565,8,13.892443989449804,0.8905081660353323,1,1,1,1.0,1,1.0,0,1,etis-larib,unet_pvt,polypseg/runs_cv/unet_pvt_seed42_fold4/best.pth,True
0.6295617091490019,0.45938712698845,0.45938712698845,0.9999999999902902,0.44136006061691463,0.00857444093820061,8,70.58044982608153,4.524219567147728,1,1,1,1.0,0,0.0,0,10,etis-larib,unet_pvt,polypseg/runs_cv/unet_pvt_seed42_fold4/best.pth,True
0.9322325581373668,0.8730670383722914,0.9576663959054056,0.9081147206700733,0.789323114965502,0.31214440388644493,8,14.004433308399472,0.8976867015838038,1,1,1,1.0,1,1.0,0,100,etis-larib,unet_pvt,polypseg/runs_cv/unet_pvt_seed42_fold4/best.pth,True
0.9031026524946492,0.8233246753203983,0.9385881795514711,0.8702026025318716,0.7240810559127989,0.3308197476851269,8,238.6042673613266,15.294576584040923,1,2,1,1.0,1,1.0,1,101,etis-larib,unet_pvt,polypseg/runs_cv/unet_pvt_seed42_fold4/best.pth,True
0.018791536169815937,0.009484885872881382,0.027293908798099478,0.014328149571819394,0.0,0.0,8,286.27958348027846,18.3505729482864,1,2,0,0.0,0,0.0,2,102,etis-larib,unet_pvt,polypseg/runs_cv/unet_pvt_seed42_fold4/best.pth,True
0.936160437387296,0.879982725109566,0.9208242950066846,0.952016072508751,0.8230100596474311,0.3677663248123761,8,13.0,0.8333023453073356,1,1,1,1.0,1,1.0,0,103,etis-larib,unet_pvt,polypseg/runs_cv/unet_pvt_seed42_fold4/best.pth,True
0.7424073312555295,0.5903400597879749,0.7753849929395952,0.7121203583664162,0.3523754482537268,0.09472719326064831,8,271.3250813639602,17.391986664714747,1,2,1,1.0,1,1.0,1,104,etis-larib,unet_pvt,polypseg/runs_cv/unet_pvt_seed42_fold4/best.pth,True
0.7951253317103616,0.6599236855390691,0.6602942002128879,0.9991504184178676,0.2193228374965945,0.08825146959648329,8,229.92390045404153,14.73816349927409,1,2,1,1.0,1,1.0,1,105,etis-larib,unet_pvt,polypseg/runs_cv/unet_pvt_seed42_fold4/best.pth,True
0.7855002128914064,0.6467685060377631,0.6467685060377631,0.9999999999989475,0.30659073202707077,0.009659043203505888,8,237.01350150881822,15.192608205907842,1,2,1,1.0,1,1.0,1,106,etis-larib,unet_pvt,polypseg/runs_cv/unet_pvt_seed42_fold4/best.pth,True
0.7807941139156916,0.6404120278842712,0.6405275463263651,0.9997184654188913,0.22810100841111833,0.056051016448885396,8,226.0476719605603,14.489696553538318,1,2,1,1.0,1,1.0,1,107,etis-larib,unet_pvt,polypseg/runs_cv/unet_pvt_seed42_fold4/best.pth,True
0.8382313841568861,0.721513193527412,0.7216343035892713,0.9997674492341683,0.26167682716972124,0.09222360307322136,8,211.1783581894691,13.5365708582644,1,3,1,1.0,1,1.0,2,108,etis-larib,unet_pvt,polypseg/runs_cv/unet_pvt_seed42_fold4/best.pth,True
0.781137229772697,0.6408738119280026,0.6418950752427446,0.9975235798257919,0.2371585041728572,0.05101522513113371,8,231.67002029674688,14.850090096205939,1,2,1,1.0,1,1.0,1,109,etis-larib,unet_pvt,polypseg/runs_cv/unet_pvt_seed42_fold4/best.pth,True
0.10416582553427042,0.054944586893326625,0.054944586893326625,0.9999999999844962,0.09898887680281135,0.06300296590740166,8,462.803245188824,29.665771510130224,1,1,0,0.0,0,0.0,1,11,etis-larib,unet_pvt,polypseg/runs_cv/unet_pvt_seed42_fold4/best.pth,True
0.863360733053681,0.7595732068743104,0.7595732068743104,0.9999999999968784,0.6182827812138507,0.10799609472525537,8,111.70763143963856,7.160479328259866,1,2,1,1.0,1,1.0,1,110,etis-larib,unet_pvt,polypseg/runs_cv/unet_pvt_seed42_fold4/best.pth,True
0.7878775306994815,0.6499982886664442,0.651805326742429,0.9957529362390002,0.48525336589518636,0.1796538075703912,8,124.81183267022195,8.00046099124636,1,1,1,1.0,1,1.0,0,111,etis-larib,unet_pvt,polypseg/runs_cv/unet_pvt_seed42_fold4/best.pth,True
0.799549884284593,0.6660417403584505,0.6660417403584505,0.999999999994689,0.30671723852666377,0.052537266213453004,8,85.47685710474543,5.47908196114495,1,2,1,1.0,1,1.0,1,112,etis-larib,unet_pvt,polypseg/runs_cv/unet_pvt_seed42_fold4/best.pth,True
0.9480703131681316,0.9012677606080939,0.9156621821288029,0.9828566658662012,0.7371705404158099,0.29011290617090474,8,371.3607812900001,23.80429307724012,1,2,1,1.0,1,1.0,1,113,etis-larib,unet_pvt,polypseg/runs_cv/unet_pvt_seed42_fold4/best.pth,True
0.9794797912932746,0.9597848067453166,0.9724275898055664,0.9866350274060448,0.8573464999207159,0.3086020422902977,8,16.685225150094666,1.069525942273448,1,1,1,1.0,1,1.0,0,114,etis-larib,unet_pvt,polypseg/runs_cv/unet_pvt_seed42_fold4/best.pth,True
0.9687928023338013,0.9394744378494911,0.9640998616687032,0.9735316540536666,0.7394626772403318,0.256595501938596,8,304.3498627922362,19.508881112210478,1,2,1,1.0,1,1.0,1,115,etis-larib,unet_pvt,polypseg/runs_cv/unet_pvt_seed42_fold4/best.pth,True
0.9775652308918164,0.9561150113708431,0.9695538358510675,0.9857101248767665,0.7213467877074725,0.252101604415116,8,16.54386692903041,1.0604648548010391,1,1,1,1.0,1,1.0,0,116,etis-larib,unet_pvt,polypseg/runs_cv/unet_pvt_seed42_fold4/best.pth,True
0.9805541241405793,0.9618501063766092,0.9783493973433103,0.9827688101583426,0.8584170592756734,0.3213839076305659,8,10.770329614269007,0.690380071331032,1,1,1,1.0,1,1.0,0,117,etis-larib,unet_pvt,polypseg/runs_cv/unet_pvt_seed42_fold4/best.pth,True
0.9762992083577532,0.9536958614553274,0.9716473986885064,0.9809957738318619,0.7703543933644226,0.3199638770248717,8,17.0,1.089703066940362,1,1,1,1.0,1,1.0,0,118,etis-larib,unet_pvt,polypseg/runs_cv/unet_pvt_seed42_fold4/best.pth,True
0.9742255819786304,0.9497464207167767,0.9732062785420402,0.9752470228215098,0.691705973357807,0.20879820668418403,8,16.97056274847714,1.0878161338070234,1,1,1,1.0,1,1.0,0,119,etis-larib,unet_pvt,polypseg/runs_cv/unet_pvt_seed42_fold4/best.pth,True
0.43366880146295916,0.2768691588777696,0.2768691588777696,0.9999999999904103,0.24571087113496,0.0,8,170.08114419421443,10.902232026891847,1,2,1,1.0,0,0.0,1,12,etis-larib,unet_pvt,polypseg/runs_cv/unet_pvt_seed42_fold4/best.pth,True
0.9710490009410426,0.9437271569094448,0.9863313309813038,0.9562330175978075,0.6911484891524634,0.2841634621317113,8,27.77408023266449,1.7803235535871869,1,1,1,1.0,1,1.0,0,120,etis-larib,unet_pvt,polypseg/runs_cv/unet_pvt_seed42_fold4/best.pth,True
0.7023835556508244,0.5412874957847098,0.5412874957847098,0.9999999999922167,0.4042432105421526,0.0020876357076216284,8,45.78371278924845,2.9347442495506297,1,1,1,1.0,1,1.0,0,121,etis-larib,unet_pvt,polypseg/runs_cv/unet_pvt_seed42_fold4/best.pth,True
0.7512252364162655,0.6015698413542558,0.6025357103277459,0.997342375357429,0.5811732106222206,0.1452991764656384,8,45.17742799230607,2.8958812846878406,1,1,1,1.0,1,1.0,0,122,etis-larib,unet_pvt,polypseg/runs_cv/unet_pvt_seed42_fold4/best.pth,True
0.6122713151509653,0.4412039052270306,0.44147843942230425,0.9985925404504069,0.4941217262555909,0.07943225554162317,8,63.27123868515018,4.05569781437199,1,1,1,1.0,0,0.0,0,123,etis-larib,unet_pvt,polypseg/runs_cv/unet_pvt_seed42_fold4/best.pth,True
0.9780961611390258,0.9571313111312145,0.9605217420083753,0.9963256756284157,0.7657010424682581,0.31023833694866654,8,85.60584111395221,5.487349859404885,1,1,1,1.0,1,1.0,0,124,etis-larib,unet_pvt,polypseg/runs_cv/unet_pvt_seed42_fold4/best.pth,True
0.9772480672720665,0.9555084043356468,0.9604998958542299,0.9945906773291624,0.7610953977068614,0.3718269079032468,8,88.0369229266908,5.643182642188661,1,1,1,1.0,1,1.0,0,125,etis-larib,unet_pvt,polypseg/runs_cv/unet_pvt_seed42_fold4/best.pth,True
0.7600031777116225,0.6129073591568235,0.6129859034574413,0.9997909844562126,0.26742500062524727,0.04910481005754515,8,34.655446902326915,2.221420398567912,1,1,1,1.0,1,1.0,0,126,etis-larib,unet_pvt,polypseg/runs_cv/unet_pvt_seed42_fold4/best.pth,True
0.8533591037587123,0.7442252465929315,0.7442252465929315,0.9999999999916114,0.50456725103443,0.0874223638636594,8,22.445344879937252,1.438750656129516,1,1,1,1.0,1,1.0,0,127,etis-larib,unet_pvt,polypseg/runs_cv/unet_pvt_seed42_fold4/best.pth,True
0.8402147193054722,0.7244571329637126,0.7251472116320995,0.998688133559944,0.46683356255941766,0.13672335133249636,8,17.787590644493246,1.140187769340234,1,1,1,1.0,1,1.0,0,128,etis-larib,unet_pvt,polypseg/runs_cv/unet_pvt_seed42_fold4/best.pth,True
0.8370120481887373,0.7197082711692382,0.7197082711692382,0.9999999999884844,0.4226226155060348,0.10110268051164023,8,17.808696315026527,1.1415406466290545,1,1,1,1.0,1,1.0,0,129,etis-larib,unet_pvt,polypseg/runs_cv/unet_pvt_seed42_fold4/best.pth,True
0.9229749567269983,0.8569670338603674,0.9379460061219728,0.9084743204035967,0.6224889114513228,0.16865468666023445,8,48.024081415623286,3.0783522826822547,1,1,1,1.0,1,1.0,0,13,etis-larib,unet_pvt,polypseg/runs_cv/unet_pvt_seed42_fold4/best.pth,True
0.839249378246894,0.723022984023354,0.723022984023354,0.9999999999910201,0.5105541015442502,0.11274171347509127,8,22.80350850198276,1.4617090089183078,1,1,1,1.0,1,1.0,0,130,etis-larib,unet_pvt,polypseg/runs_cv/unet_pvt_seed42_fold4/best.pth,True
0.8320816624103825,0.7124484954381792,0.7124484954381792,0.9999999999912372,0.40144026713705455,0.03803436289389008,8,19.72308292331602,1.2642531735915616,1,1,1,1.0,1,1.0,0,131,etis-larib,unet_pvt,polypseg/runs_cv/unet_pvt_seed42_fold4/best.pth,True
0.8290400385874142,0.7080003295649007,0.7081170168874485,0.9997673065619572,0.42440939909282,0.14206023219022362,8,16.054543530560323,1.0290991366811253,1,1,1,1.0,1,1.0,0,132,etis-larib,unet_pvt,polypseg/runs_cv/unet_pvt_seed42_fold4/best.pth,True
0.9472165015308881,0.8997258248331853,0.9064274851776591,0.9918494871935344,0.7615068430777622,0.30763015374072145,8,10.295630140987,0.6599517494539509,1,1,1,1.0,1,1.0,0,133,etis-larib,unet_pvt,polypseg/runs_cv/unet_pvt_seed42_fold4/best.pth,True
0.8213874980080657,0.6969105593397877,0.6978953698114916,0.9979792768347823,0.6110673093553614,0.2851170511602164,8,321.2685787514419,20.59337385747161,1,2,1,1.0,1,1.0,1,134,etis-larib,unet_pvt,polypseg/runs_cv/unet_pvt_seed42_fold4/best.pth,True
0.7412959381014615,0.5889358432540086,0.5896531828925594,0.9979385917218406,0.4915972983421515,0.18052484601493773,8,40.311288741492746,2.5839608808190073,1,1,1,1.0,1,1.0,0,135,etis-larib,unet_pvt,polypseg/runs_cv/unet_pvt_seed42_fold4/best.pth,True
0.9369926555845551,0.88145454545266,0.8818129293169805,0.9995391369709182,0.642306841564473,0.45996510803970264,8,26.643894462274726,1.7078784418103583,1,1,1,1.0,1,1.0,0,136,etis-larib,unet_pvt,polypseg/runs_cv/unet_pvt_seed42_fold4/best.pth,True
0.8447193863852878,0.7311811316060072,0.7345460198982134,0.9937739262084314,0.628321386446144,0.3337963872431772,8,319.4848509804238,20.479036585550137,1,2,1,1.0,1,1.0,1,137,etis-larib,unet_pvt,polypseg/runs_cv/unet_pvt_seed42_fold4/best.pth,True
0.8214217502547025,0.6969598755383616,0.6995900839306423,0.9946345975856185,0.596322421313763,0.4778597286958291,8,35.0,2.24350631428898,1,1,1,1.0,1,1.0,0,138,etis-larib,unet_pvt,polypseg/runs_cv/unet_pvt_seed42_fold4/best.pth,True
0.9230507609870956,0.857097741981909,0.8609040444046476,0.9948680351845377,0.803736804466999,0.2722209312095304,8,12.529964086141668,0.8031729584306567,1,1,1,1.0,1,1.0,0,139,etis-larib,unet_pvt,polypseg/runs_cv/unet_pvt_seed42_fold4/best.pth,True
0.9034451756059647,0.8238942144139629,0.9166844587634977,0.8905828666243418,0.5957860039593852,0.28246348841941743,8,90.02721046968792,5.77076043275908,1,1,1,1.0,1,1.0,0,14,etis-larib,unet_pvt,polypseg/runs_cv/unet_pvt_seed42_fold4/best.pth,True
0.8949036075552781,0.809796877153449,0.8104688148194547,0.9989772436631809,0.6866865395225619,0.21286773136179615,8,13.45362404707371,0.862379728562284,1,1,1,1.0,1,1.0,0,140,etis-larib,unet_pvt,polypseg/runs_cv/unet_pvt_seed42_fold4/best.pth,True
0.76671285070676,0.6216823479804684,0.6233016543426729,0.9958384883478141,0.5615017015343382,0.14280480142212365,8,35.22782990761707,2.258110252469631,1,1,1,1.0,1,1.0,0,141,etis-larib,unet_pvt,polypseg/runs_cv/unet_pvt_seed42_fold4/best.pth,True
0.8804050749420858,0.7863603659122913,0.7872909698956146,0.9984990863939017,0.6427102023456898,0.15218648178136615,8,20.518284528683193,1.3152257399565326,1,1,1,1.0,1,1.0,0,142,etis-larib,unet_pvt,polypseg/runs_cv/unet_pvt_seed42_fold4/best.pth,True
0.9304914744209366,0.8700178186210727,0.8708345067076371,0.9989232260094814,0.7604071405953272,0.18578887381904688,8,23.007605103254935,1.4747916378805663,1,1,1,1.0,1,1.0,0,143,etis-larib,unet_pvt,polypseg/runs_cv/unet_pvt_seed42_fold4/best.pth,True
0.9210487596712443,0.8536518845750632,0.8540711634967579,0.9994252506481932,0.8391480358893564,0.24645363534097683,8,11.180339887498949,0.7166618038143098,1,1,1,1.0,1,1.0,0,144,etis-larib,unet_pvt,polypseg/runs_cv/unet_pvt_seed42_fold4/best.pth,True
0.9470161235590624,0.8993643157765683,0.8998667755344025,0.9993795341685787,0.958190154073145,0.28104570164091625,8,7.211102550927978,0.4622329744569227,1,1,1,1.0,1,1.0,0,145,etis-larib,unet_pvt,polypseg/runs_cv/unet_pvt_seed42_fold4/best.pth,True
0.7545814159976,0.6058857846593253,0.6058857846593253,0.9999999999893013,0.5598861108275928,0.011977594522599734,8,40.24922359499622,2.579982493731515,1,1,1,1.0,1,1.0,0,146,etis-larib,unet_pvt,polypseg/runs_cv/unet_pvt_seed42_fold4/best.pth,True
0.8125053241315008,0.6842180774724382,0.6853734775242145,0.9975422266328633,0.5993041940278111,0.07523851972008598,8,247.17937530495118,15.844242550247532,1,2,1,1.0,1,1.0,1,147,etis-larib,unet_pvt,polypseg/runs_cv/unet_pvt_seed42_fold4/best.pth,True
0.8973064814329685,0.8137405963889525,0.9430176986453284,0.8558219341268013,0.5651148587111203,0.2315047569626251,8,17.69180601295413,1.1340479571782385,1,1,1,1.0,1,1.0,0,148,etis-larib,unet_pvt,polypseg/runs_cv/unet_pvt_seed42_fold4/best.pth,True
0.9122490563486246,0.8386561847387382,0.8548265932086213,0.9779417030654017,0.8586553598475237,0.29580250480806486,8,10.04987562112089,0.6441988403943887,1,1,1,1.0,1,1.0,0,149,etis-larib,unet_pvt,polypseg/runs_cv/unet_pvt_seed42_fold4/best.pth,True
0.8573579116423246,0.7503293641796521,0.9623419254146668,0.7730267139268842,0.4635779134567497,0.11550506307984326,8,135.36617007214173,8.676995922799028,1,1,1,1.0,1,1.0,0,15,etis-larib,unet_pvt,polypseg/runs_cv/unet_pvt_seed42_fold4/best.pth,True
0.8987077790360254,0.8160484219614076,0.8538032858057939,0.9485978490281464,0.4868940899628275,0.3235830011633842,8,265.1354867810695,16.995232535297486,1,2,1,1.0,1,1.0,1,150,etis-larib,unet_pvt,polypseg/runs_cv/unet_pvt_seed42_fold4/best.pth,True
0.8938101572858056,0.8080079230276739,0.8388660399468355,0.9564562049827796,0.7167430641559102,0.17783282518655658,8,12.169502723091954,0.7800673200289641,1,1,1,1.0,1,1.0,0,151,etis-larib,unet_pvt,polypseg/runs_cv/unet_pvt_seed42_fold4/best.pth,True
0.7434410844598813,0.5916484100073581,0.8692937963239437,0.6494206806044639,0.49584388371357363,0.13270137464618872,8,91.6318400811582,5.873617480342758,1,1,1,1.0,1,1.0,0,152,etis-larib,unet_pvt,polypseg/runs_cv/unet_pvt_seed42_fold4/best.pth,True
0.8762769987595808,0.7797980443510584,0.7798229635995915,0.9999590231068679,0.4494065674060624,0.21094260011672902,8,28.80876407074323,1.8466469742735414,1,1,1,1.0,1,1.0,0,153,etis-larib,unet_pvt,polypseg/runs_cv/unet_pvt_seed42_fold4/best.pth,True
0.09519276992592289,0.0499750150162024,0.0502856852636937,0.8899775280818878,0.2084644564667035,0.07114383332452001,8,559.4561640050491,35.861241043234834,1,2,1,1.0,1,1.0,1,154,etis-larib,unet_pvt,polypseg/runs_cv/unet_pvt_seed42_fold4/best.pth,True
0.915169422863949,0.8436058515975767,0.8468424766235365,0.9954898911301425,0.6890893675836752,0.1563021422636613,8,14.507859591450318,0.929956417149621,1,1,1,1.0,1,1.0,0,155,etis-larib,unet_pvt,polypseg/runs_cv/unet_pvt_seed42_fold4/best.pth,True
0.006712774613503123,0.003367690580669588,0.0035449776499283576,0.0630908125325216,0.058433429930662764,0.0152565610716062,8,517.9918434669629,33.20337061623773,1,2,0,0.0,0,0.0,2,156,etis-larib,unet_pvt,polypseg/runs_cv/unet_pvt_seed42_fold4/best.pth,True
0.0202934528134232,0.010250737839031175,0.010780818613123124,0.17251436904716036,0.02581811489680067,0.012048165961914617,8,559.2307215910281,35.846790143824414,1,2,0,0.0,0,0.0,2,157,etis-larib,unet_pvt,polypseg/runs_cv/unet_pvt_seed42_fold4/best.pth,True
0.46195460425654483,0.3003517357387535,0.3003845481552605,0.9996364429506316,0.3043389335166264,0.03866882685147819,8,717.9127026504218,46.0183337572711,1,2,1,1.0,1,1.0,1,158,etis-larib,unet_pvt,polypseg/runs_cv/unet_pvt_seed42_fold4/best.pth,True
0.9626659865130776,0.92801930139854,0.9327350796970643,0.9945815079531695,0.867299068880788,0.40764972749421696,8,21.213203435596427,1.3597701672587792,1,1,1,1.0,1,1.0,0,159,etis-larib,unet_pvt,polypseg/runs_cv/unet_pvt_seed42_fold4/best.pth,True
0.8416007668339825,0.7265204799331627,0.9680605243082891,0.7443630722602327,0.4939795515150325,0.144282828567178,8,125.89286651609586,8.069755455794308,1,1,1,1.0,1,1.0,0,16,etis-larib,unet_pvt,polypseg/runs_cv/unet_pvt_seed42_fold4/best.pth,True
0.9487592705259338,0.902513804807198,0.9063275629128996,0.9953591884600866,0.7197249904450461,0.2666560378605379,8,22.089082119674053,1.4159141489239015,1,1,1,1.0,1,1.0,0,160,etis-larib,unet_pvt,polypseg/runs_cv/unet_pvt_seed42_fold4/best.pth,True
0.3836582892970655,0.23736211641176758,0.2374238840665498,0.9989051627633718,0.2979496730179213,0.10251712565558037,8,791.4475975078541,50.73193378393469,1,2,1,1.0,1,1.0,1,161,etis-larib,unet_pvt,polypseg/runs_cv/unet_pvt_seed42_fold4/best.pth,True
0.9650671663112793,0.9324925588374413,0.9423822371058667,0.9888711724301376,0.8470587735300813,0.27339738744860276,8,10.295630140987,0.6599517494539509,1,1,1,1.0,1,1.0,0,162,etis-larib,unet_pvt,polypseg/runs_cv/unet_pvt_seed42_fold4/best.pth,True
0.959457405881068,0.9220741287323063,0.940980828965296,0.978674107068418,0.7446035692017378,0.2557973710631387,8,12.041594578792296,0.7718683849036706,1,1,1,1.0,1,1.0,0,163,etis-larib,unet_pvt,polypseg/runs_cv/unet_pvt_seed42_fold4/best.pth,True
0.5745739362690626,0.40308925933707274,0.4078746210014879,0.9717169250783956,0.48329603701909857,0.16900271403854275,8,762.4055679204137,48.87033444795783,1,2,1,1.0,1,1.0,1,164,etis-larib,unet_pvt,polypseg/runs_cv/unet_pvt_seed42_fold4/best.pth,True
0.8485408097572721,0.736926516326123,0.7392258190291574,0.9957969396401405,0.5721652422289436,0.07415853542313187,8,20.8806130178211,1.3384510614773235,1,1,1,1.0,1,1.0,0,165,etis-larib,unet_pvt,polypseg/runs_cv/unet_pvt_seed42_fold4/best.pth,True
0.9235881513788309,0.8580248838415353,0.8601169078776527,0.9971732985395478,0.6537404751069503,0.30139755988563877,8,16.08253231697503,1.030893222939716,1,1,1,1.0,1,1.0,0,166,etis-larib,unet_pvt,polypseg/runs_cv/unet_pvt_seed42_fold4/best.pth,True
0.927571115972292,0.8649255254004579,0.8690291404279717,0.9945701357432727,0.6996465931112784,0.38507358774545003,8,23.259406699226016,1.4909321656093992,1,1,1,1.0,1,1.0,0,167,etis-larib,unet_pvt,polypseg/runs_cv/unet_pvt_seed42_fold4/best.pth,True
0.887264163857479,0.7973717885579419,0.7973717885579419,0.9999999999938275,0.6062335163829679,0.2064863856378335,8,15.132745950421556,0.970011745494336,1,1,1,1.0,1,1.0,0,168,etis-larib,unet_pvt,polypseg/runs_cv/unet_pvt_seed42_fold4/best.pth,True
0.881750172874321,0.7885091072544579,0.8180333605410237,0.9562312516913521,0.7744084054206392,0.1939849510553766,8,10.295630140987,0.6599517494539509,1,1,1,1.0,1,1.0,0,169,etis-larib,unet_pvt,polypseg/runs_cv/unet_pvt_seed42_fold4/best.pth,True
0.8398604929713119,0.7239306030723284,0.9851511060897199,0.7319169839118139,0.621927153573067,0.28031806950974697,8,130.0,8.333023453073356,1,1,1,1.0,1,1.0,0,17,etis-larib,unet_pvt,polypseg/runs_cv/unet_pvt_seed42_fold4/best.pth,True
0.7303465764963069,0.5752330226313783,0.5759999999948799,0.9976905311624682,0.592175576297269,0.20575216253035902,8,37.12142238654117,2.3794898719883837,1,1,1,1.0,1,1.0,0,170,etis-larib,unet_pvt,polypseg/runs_cv/unet_pvt_seed42_fold4/best.pth,True
0.9624490367281306,0.9276161565048253,0.9683626760554855,0.9566071863360842,0.7047425443427565,0.28159218140782005,8,20.0,1.2820036081651316,1,1,1,1.0,1,1.0,0,171,etis-larib,unet_pvt,polypseg/runs_cv/unet_pvt_seed42_fold4/best.pth,True
0.9534250496689443,0.9109954804167192,0.9719707339436413,0.9355738362754578,0.5978925952590943,0.2596217800844778,8,29.860436919240772,1.914059393592699,1,1,1,1.0,1,1.0,0,172,etis-larib,unet_pvt,polypseg/runs_cv/unet_pvt_seed42_fold4/best.pth,True
0.909702725380003,0.8343621015626798,0.9629187999772811,0.8620606167318567,0.4790931490716445,0.2672822990318253,8,75.90881372222427,4.865768654171318,1,1,1,1.0,1,1.0,0,173,etis-larib,unet_pvt,polypseg/runs_cv/unet_pvt_seed42_fold4/best.pth,True
0.9477890525095142,0.9007595432930849,0.9087035187794422,0.9903880346106287,0.5174768180955126,0.3118026630774966,8,23.975862173536267,1.5368570907671695,1,1,1,1.0,1,1.0,0,174,etis-larib,unet_pvt,polypseg/runs_cv/unet_pvt_seed42_fold4/best.pth,True
0.9600876330642923,0.9232389801203792,0.9500211921811619,0.9703696869470697,0.6095907627950007,0.31792213492149324,8,24.758836806279895,1.5870459059811246,1,1,1,1.0,1,1.0,0,175,etis-larib,unet_pvt,polypseg/runs_cv/unet_pvt_seed42_fold4/best.pth,True
0.9589692046818732,0.921172753961446,0.9410434642577655,0.9775911340343085,0.6529048391735656,0.27828846238171934,8,26.81039258973574,1.7185510018182466,1,1,1,1.0,1,1.0,0,176,etis-larib,unet_pvt,polypseg/runs_cv/unet_pvt_seed42_fold4/best.pth,True
0.9618135855711535,0.9264363048906691,0.9727919587538553,0.9510802384350102,0.6790478202909558,0.21104434855247223,8,40.162171256046406,2.574402423099871,1,1,1,1.0,1,1.0,0,177,etis-larib,unet_pvt,polypseg/runs_cv/unet_pvt_seed42_fold4/best.pth,True
0.9514187389279716,0.907339063026244,0.9907989289948792,0.9150492861994752,0.5552776848258468,0.19229629742732687,8,58.10964587415875,3.7248387839934787,1,1,1,1.0,1,1.0,0,178,etis-larib,unet_pvt,polypseg/runs_cv/unet_pvt_seed42_fold4/best.pth,True
0.9600727301472849,0.9232114187016751,0.9277958922986173,0.9946762505074779,0.6568204506597818,0.37657285768616444,8,99.55339189556135,6.381390380759351,1,1,1,1.0,1,1.0,0,179,etis-larib,unet_pvt,polypseg/runs_cv/unet_pvt_seed42_fold4/best.pth,True
0.9330526592764312,0.8745067574222224,0.9559491555111327,0.9112273217853327,0.7199829111126625,0.2905613498352193,8,34.0,2.179406133880724,1,1,1,1.0,1,1.0,0,18,etis-larib,unet_pvt,polypseg/runs_cv/unet_pvt_seed42_fold4/best.pth,True
0.9399045694147967,0.886622602359433,0.8868188408583577,0.9997504818589464,0.48061478559295284,0.1209276164618425,8,78.71467461661771,5.04562484370241,1,1,1,1.0,1,1.0,0,180,etis-larib,unet_pvt,polypseg/runs_cv/unet_pvt_seed42_fold4/best.pth,True
0.8824812263192967,0.7896791061618789,0.7897199557946837,0.9999345008065332,0.1921510929678738,0.041225339386804914,8,139.9428454762872,8.970361641874783,1,1,1,1.0,1,1.0,0,181,etis-larib,unet_pvt,polypseg/runs_cv/unet_pvt_seed42_fold4/best.pth,True
0.9586685632364054,0.920618094673007,0.9225144744164053,0.9977720576469911,0.6665836471039553,0.18087052467024775,8,80.11397578394498,5.135320300973572,1,1,1,1.0,1,1.0,0,182,etis-larib,unet_pvt,polypseg/runs_cv/unet_pvt_seed42_fold4/best.pth,True
0.8273836900746022,0.705587738351721,0.7098497495804831,0.9915624337460608,0.38165945264541984,0.15953257288623374,8,38.18376618407357,2.4475863010658028,1,1,1,1.0,1,1.0,0,183,etis-larib,unet_pvt,polypseg/runs_cv/unet_pvt_seed42_fold4/best.pth,True
0.9341061839889511,0.876359511573776,0.8962740548625076,0.9752728892812977,0.7126088353554828,0.1790655516396628,8,10.44030650891055,0.6692255307386618,1,1,1,1.0,1,1.0,0,184,etis-larib,unet_pvt,polypseg/runs_cv/unet_pvt_seed42_fold4/best.pth,True
0.8586374610713134,0.7522916091825246,0.7524069418018262,0.9997962842201769,0.32605088877757543,0.044439553958667666,8,22.102027431075555,1.416743945720179,1,1,1,1.0,1,1.0,0,185,etis-larib,unet_pvt,polypseg/runs_cv/unet_pvt_seed42_fold4/best.pth,True
0.9021707725775715,0.8217769668018043,0.823945396331056,0.9968076955776078,0.5987162119437557,0.18117683559560735,8,25.0,1.6025045102064146,1,1,1,1.0,1,1.0,0,186,etis-larib,unet_pvt,polypseg/runs_cv/unet_pvt_seed42_fold4/best.pth,True
0.8513275661894706,0.7411404166506662,0.7412370797849905,0.9998240752913761,0.381388824925956,0.12508311719078796,8,28.33546496052627,1.8163084159215668,1,1,1,1.0,1,1.0,0,187,etis-larib,unet_pvt,polypseg/runs_cv/unet_pvt_seed42_fold4/best.pth,True
0.8809058014908313,0.787159653462911,0.7947332250381272,0.9880383704183151,0.7297264361467964,0.21721110050128273,8,49.33102070791626,3.1621273271008734,1,1,1,1.0,1,1.0,0,188,etis-larib,unet_pvt,polypseg/runs_cv/unet_pvt_seed42_fold4/best.pth,True
0.869162003051284,0.7685999280148886,0.7701244171948942,0.9974311069560371,0.5140727455339954,0.3103958259632163,8,39.67239214297423,2.543007493591749,1,1,1,1.0,1,1.0,0,189,etis-larib,unet_pvt,polypseg/runs_cv/unet_pvt_seed42_fold4/best.pth,True
0.8337946530319551,0.7149638399443918,0.7258887565891992,0.9793834149289344,0.46439851724353304,0.2524219774921712,8,37.48332962798263,2.4026881914558356,1,1,1,1.0,1,1.0,0,19,etis-larib,unet_pvt,polypseg/runs_cv/unet_pvt_seed42_fold4/best.pth,True
0.9246145222727514,0.8597982225191091,0.8597982225191091,0.999999999997945,0.41291600212831026,0.11554715532611072,8,24.75277093269759,1.5866570823901651,1,1,1,1.0,1,1.0,0,190,etis-larib,unet_pvt,polypseg/runs_cv/unet_pvt_seed42_fold4/best.pth,True
0.0,0.0,0.0,0.0,0.0,0.0,8,,,1,0,0,0.0,0,0.0,0,191,etis-larib,unet_pvt,polypseg/runs_cv/unet_pvt_seed42_fold4/best.pth,True
0.0,0.0,0.0,0.0,0.0,0.0,8,478.07185366963347,30.64449206833315,1,1,0,0.0,0,0.0,1,192,etis-larib,unet_pvt,polypseg/runs_cv/unet_pvt_seed42_fold4/best.pth,True
0.0,0.0,0.0,0.0,0.0,0.0,8,567.0670154399743,36.34909799327397,1,1,0,0.0,0,0.0,1,193,etis-larib,unet_pvt,polypseg/runs_cv/unet_pvt_seed42_fold4/best.pth,True
0.0,0.0,0.0,0.0,0.0,0.0,8,833.0612512439794,53.39937649586705,1,1,0,0.0,0,0.0,1,194,etis-larib,unet_pvt,polypseg/runs_cv/unet_pvt_seed42_fold4/best.pth,True
0.0,0.0,0.0,0.0,0.0,0.0,8,477.4183176086536,30.602600288921035,1,1,0,0.0,0,0.0,1,195,etis-larib,unet_pvt,polypseg/runs_cv/unet_pvt_seed42_fold4/best.pth,True
0.0,0.0,0.0,0.0,0.0,0.0,8,,,1,0,0,0.0,0,0.0,0,196,etis-larib,unet_pvt,polypseg/runs_cv/unet_pvt_seed42_fold4/best.pth,True
0.9087326466596115,0.8327314510765533,0.8634158794922694,0.959069855364788,0.8510846443759893,0.28248079812022403,8,16.97056274847714,1.0878161338070234,1,1,1,1.0,1,1.0,0,2,etis-larib,unet_pvt,polypseg/runs_cv/unet_pvt_seed42_fold4/best.pth,True
0.5716056248501286,0.40017353386046056,0.4018184255196099,0.9898739750096864,0.3837326202340817,0.2815888551847384,8,100.28559209134403,6.4283245454039815,1,1,1,1.0,0,0.0,0,20,etis-larib,unet_pvt,polypseg/runs_cv/unet_pvt_seed42_fold4/best.pth,True
0.9414920625787356,0.8894520572726147,0.8944714470338513,0.9937305343182589,0.6510313926422536,0.3693246713680033,8,19.87441486470746,1.2739535783362845,1,1,1,1.0,1,1.0,0,21,etis-larib,unet_pvt,polypseg/runs_cv/unet_pvt_seed42_fold4/best.pth,True
0.5914456347155176,0.41989549661156644,0.42366633902148226,0.9792430422833724,0.4661731936903228,0.28568160089652395,8,116.431524805231,7.463281745223709,1,1,1,1.0,0,0.0,0,22,etis-larib,unet_pvt,polypseg/runs_cv/unet_pvt_seed42_fold4/best.pth,True
0.0,0.0,0.0,0.0,0.0,0.0,8,218.75454072627363,14.022205525679452,1,1,0,0.0,0,0.0,1,23,etis-larib,unet_pvt,polypseg/runs_cv/unet_pvt_seed42_fold4/best.pth,True
0.0,0.0,0.0,0.0,0.0,0.0,8,770.0390898747762,49.35964458238286,1,2,0,0.0,0,0.0,2,24,etis-larib,unet_pvt,polypseg/runs_cv/unet_pvt_seed42_fold4/best.pth,True
0.5263799589422349,0.3572019545583806,0.3584719541271443,0.9901791665013718,0.417991744710902,0.23724923782209573,8,296.0111484211608,18.974368016651624,1,1,1,1.0,0,0.0,0,25,etis-larib,unet_pvt,polypseg/runs_cv/unet_pvt_seed42_fold4/best.pth,True
0.5600239681036621,0.3889120066576063,0.39050886680080793,0.9895949990816933,0.3183862389474474,0.16806116964992845,8,286.8169759696324,18.38501990380403,1,1,1,1.0,0,0.0,0,26,etis-larib,unet_pvt,polypseg/runs_cv/unet_pvt_seed42_fold4/best.pth,True
0.6400858125370602,0.4706810315224421,0.4745118950721988,0.9831369204508777,0.4393407492625095,0.23596382600263946,8,287.6257045128809,18.436859549327565,1,1,1,1.0,0,0.0,0,27,etis-larib,unet_pvt,polypseg/runs_cv/unet_pvt_seed42_fold4/best.pth,True
0.8493406558312452,0.7381338883097632,0.7537687730224515,0.9726671054538308,0.5259567792704405,0.20441281859165963,8,77.58764402459158,4.973381979427911,1,1,1,1.0,1,1.0,0,28,etis-larib,unet_pvt,polypseg/runs_cv/unet_pvt_seed42_fold4/best.pth,True
0.547842464790404,0.37726104193738985,0.37858608149661316,0.9908079637179127,0.4009546078033472,0.18433056771136358,8,281.42761018056217,18.039560584438544,1,1,1,1.0,0,0.0,0,29,etis-larib,unet_pvt,polypseg/runs_cv/unet_pvt_seed42_fold4/best.pth,True
0.8591901192624372,0.7531404958615443,0.7945766849699661,0.935242200318809,0.6456538765977399,0.09701487539056372,8,16.8668014256205,1.0811650142925135,1,1,1,1.0,1,1.0,0,3,etis-larib,unet_pvt,polypseg/runs_cv/unet_pvt_seed42_fold4/best.pth,True
0.5487647923093949,0.3781363554310821,0.37964101109400245,0.9896274082878248,0.33246317587283486,0.1449043883460176,8,295.6491162410225,18.951161688591164,1,1,1,1.0,0,0.0,0,30,etis-larib,unet_pvt,polypseg/runs_cv/unet_pvt_seed42_fold4/best.pth,True
0.8407822456590628,0.7253013875180698,0.986931700938899,0.7323347028332551,0.5505957538860764,0.15154192996465132,8,74.42109301100146,4.770405488184837,1,1,1,1.0,1,1.0,0,31,etis-larib,unet_pvt,polypseg/runs_cv/unet_pvt_seed42_fold4/best.pth,True
0.9736864258992834,0.9487221551682715,0.956523280128355,0.9914767508774397,0.8863054268283501,0.42087828619870327,8,11.0,0.7051019844908224,1,1,1,1.0,1,1.0,0,32,etis-larib,unet_pvt,polypseg/runs_cv/unet_pvt_seed42_fold4/best.pth,True
0.9727619777281133,0.9469684305266547,0.9611699906012305,0.9846369835526345,0.8655286003018674,0.4768356943766946,8,10.814337615785822,0.6932009921676666,1,1,1,1.0,1,1.0,0,33,etis-larib,unet_pvt,polypseg/runs_cv/unet_pvt_seed42_fold4/best.pth,True
0.947365361135953,0.8999944768664506,0.9321726860141374,0.9630614657200915,0.7031642967827204,0.31432566452044447,8,160.2441730834115,10.271680404018571,1,2,1,1.0,1,1.0,1,34,etis-larib,unet_pvt,polypseg/runs_cv/unet_pvt_seed42_fold4/best.pth,True
0.8032882758611826,0.6712462656277962,0.943468118193511,0.6993755403963889,0.556120399048414,0.29801063353782536,8,148.10636795431662,9.493644905483327,1,1,1,1.0,1,1.0,0,35,etis-larib,unet_pvt,polypseg/runs_cv/unet_pvt_seed42_fold4/best.pth,True
0.0,0.0,0.0,0.0,0.0,0.0,8,,,1,0,0,0.0,0,0.0,0,36,etis-larib,unet_pvt,polypseg/runs_cv/unet_pvt_seed42_fold4/best.pth,True
0.8659830338322161,0.7636420438740501,0.7636420438740501,0.9999999999954543,0.20021615391734754,0.0,8,16.60264974816236,1.064232844112303,1,1,1,1.0,1,1.0,0,37,etis-larib,unet_pvt,polypseg/runs_cv/unet_pvt_seed42_fold4/best.pth,True
0.8450067057652682,0.7316117850927847,0.7316117850927847,0.9999999999952622,0.18234245225612314,0.0,8,21.536532379335576,1.38049561088367,1,1,1,1.0,1,1.0,0,38,etis-larib,unet_pvt,polypseg/runs_cv/unet_pvt_seed42_fold4/best.pth,True
0.8610630602279032,0.7560234725552087,0.7560234725552087,0.9999999999954342,0.25290829288624506,0.0,8,21.095023109728988,1.3521947870499698,1,1,1,1.0,1,1.0,0,39,etis-larib,unet_pvt,polypseg/runs_cv/unet_pvt_seed42_fold4/best.pth,True
0.868639368258424,0.7677829189807247,0.7861559463519942,0.9704599524090953,0.719585826224325,0.2612432110540156,8,25.0,1.6025045102064146,1,1,1,1.0,1,1.0,0,4,etis-larib,unet_pvt,polypseg/runs_cv/unet_pvt_seed42_fold4/best.pth,True
0.8931594124435054,0.8069449408385716,0.8069449408385716,0.9999999999976689,0.27936394095119677,0.0,8,23.53720459187964,1.5087390606455302,1,1,1,1.0,1,1.0,0,40,etis-larib,unet_pvt,polypseg/runs_cv/unet_pvt_seed42_fold4/best.pth,True
0.9304434055806484,0.8699337748329008,0.8699337748329008,0.99999999999797,0.6581607416241525,0.060916600578569007,8,18.681541692269406,1.197490192778836,1,1,1,1.0,1,1.0,0,41,etis-larib,unet_pvt,polypseg/runs_cv/unet_pvt_seed42_fold4/best.pth,True
0.8965152629622644,0.8124401116493253,0.8124401116493253,0.999999999994872,0.46980643447217635,0.00448090605564639,8,12.0,0.769202164899079,1,1,1,1.0,1,1.0,0,42,etis-larib,unet_pvt,polypseg/runs_cv/unet_pvt_seed42_fold4/best.pth,True
0.8203700366053955,0.6954469300225541,0.773513038381748,0.8732699992049627,0.3353284078292088,0.1585871396832601,8,594.0515361110098,38.07881063651767,3,1,2,0.6666666666666666,0,0.0,0,43,etis-larib,unet_pvt,polypseg/runs_cv/unet_pvt_seed42_fold4/best.pth,True
0.845745263387878,0.7327197684890973,0.7663586181222274,0.9434797880286747,0.4692039975424854,0.1267875934580381,8,610.8917226223524,39.158269630003424,3,1,2,0.6666666666666666,0,0.0,0,44,etis-larib,unet_pvt,polypseg/runs_cv/unet_pvt_seed42_fold4/best.pth,True
0.7906030903267386,0.653716810422753,0.8047914356970538,0.776906354513751,0.3539988063710818,0.16874562962624093,8,646.2903722664939,41.427329458401566,3,1,2,0.6666666666666666,0,0.0,0,45,etis-larib,unet_pvt,polypseg/runs_cv/unet_pvt_seed42_fold4/best.pth,True
0.5549649110529541,0.3840494360987043,0.9055046220530851,0.4000840406750146,0.23095637166594477,0.05968537316671274,8,708.045371527295,45.385836052130664,3,2,1,0.3333333333333333,1,0.3333333333333333,1,46,etis-larib,unet_pvt,polypseg/runs_cv/unet_pvt_seed42_fold4/best.pth,True
0.5224669142641073,0.3536075904546598,0.7770343861802667,0.39353821906935865,0.23773768894528977,0.08247826726178176,8,762.2989127482078,48.86349783217796,3,1,1,0.3333333333333333,0,0.0,0,47,etis-larib,unet_pvt,polypseg/runs_cv/unet_pvt_seed42_fold4/best.pth,True
0.8243166101835926,0.7011382633485334,0.8082842081385213,0.8409978915694661,0.309016758300174,0.10533981074250724,8,623.0446047726849,39.93727156832002,3,1,2,0.6666666666666666,0,0.0,0,48,etis-larib,unet_pvt,polypseg/runs_cv/unet_pvt_seed42_fold4/best.pth,True
0.8998042758188426,0.8178583646910097,0.8178583646910097,0.9999999999958169,0.5982051082846278,0.025735244444840686,8,21.93171219946131,1.4058267086474316,1,1,1,1.0,1,1.0,0,49,etis-larib,unet_pvt,polypseg/runs_cv/unet_pvt_seed42_fold4/best.pth,True
0.8395122918277185,0.7234133424385119,0.7423087036485028,0.9660088969890953,0.5700963263387104,0.20221024871111043,8,23.443449800878863,1.5027293616282418,1,1,1,1.0,1,1.0,0,5,etis-larib,unet_pvt,polypseg/runs_cv/unet_pvt_seed42_fold4/best.pth,True
0.9116180454652487,0.837590187587166,0.837590187587166,0.999999999995693,0.5934872832177953,0.1016721908166821,8,17.0,1.089703066940362,1,1,1,1.0,1,1.0,0,50,etis-larib,unet_pvt,polypseg/runs_cv/unet_pvt_seed42_fold4/best.pth,True
0.925722118076786,0.8617157009874598,0.867346553348943,0.9925224757910074,0.6930070045936124,0.3234259532828848,8,18.0,1.1538032473486184,1,1,1,1.0,1,1.0,0,51,etis-larib,unet_pvt,polypseg/runs_cv/unet_pvt_seed42_fold4/best.pth,True
0.968246425305535,0.9384473667486574,0.9464865799972151,0.9910303371835185,0.7360452881925107,0.20022840165744393,8,17.0,1.089703066940362,1,1,1,1.0,1,1.0,0,52,etis-larib,unet_pvt,polypseg/runs_cv/unet_pvt_seed42_fold4/best.pth,True
0.14027977101031378,0.07543057758022148,0.07545041224164875,0.9965269997647711,0.07653573940454561,0.03867809861128649,8,423.64518472685165,27.155732770080377,1,1,0,0.0,0,0.0,1,53,etis-larib,unet_pvt,polypseg/runs_cv/unet_pvt_seed42_fold4/best.pth,True
0.9061375718173599,0.8283834863245378,0.8342396677831014,0.9915971324421694,0.535988777803797,0.18666147845896328,8,10.770329614269007,0.690380071331032,1,1,1,1.0,1,1.0,0,54,etis-larib,unet_pvt,polypseg/runs_cv/unet_pvt_seed42_fold4/best.pth,True
0.9226449275345604,0.8563981839554182,0.8585058323752326,0.997141514601781,0.731853558279505,0.12239946543427128,8,17.026402247190514,1.0913954557484573,1,1,1,1.0,1,1.0,0,55,etis-larib,unet_pvt,polypseg/runs_cv/unet_pvt_seed42_fold4/best.pth,True
0.9367873613954729,0.8810912581184248,0.894900637416967,0.9827877290468076,0.7901319186673844,0.44588707940399036,8,21.31620080434213,1.3663723171769546,1,1,1,1.0,1,1.0,0,56,etis-larib,unet_pvt,polypseg/runs_cv/unet_pvt_seed42_fold4/best.pth,True
0.05835649067081841,0.0300552034348365,0.03355671868115646,0.22362273171548816,0.05409129315950518,0.0,8,436.3099812027171,27.967548509017206,1,2,0,0.0,0,0.0,2,57,etis-larib,unet_pvt,polypseg/runs_cv/unet_pvt_seed42_fold4/best.pth,True
0.1939039837498215,0.10736083907233543,0.10780084251115592,0.9633745322489695,0.21127050427707095,0.04547401870855699,8,712.0594778495752,45.64314099156675,1,2,1,1.0,1,1.0,1,58,etis-larib,unet_pvt,polypseg/runs_cv/unet_pvt_seed42_fold4/best.pth,True
0.7496969895494155,0.5996122406193677,0.8032806065125344,0.7028150271251862,0.5274424753731786,0.14551092260223306,8,88.08518367543287,5.646276164889665,1,2,1,1.0,1,1.0,1,59,etis-larib,unet_pvt,polypseg/runs_cv/unet_pvt_seed42_fold4/best.pth,True
0.8959276018059409,0.81147540982948,0.8252723671110492,0.9798138167468905,0.8474548936637624,0.29440578342927415,8,20.86735877333446,1.3376014620145547,1,1,1,1.0,1,1.0,0,6,etis-larib,unet_pvt,polypseg/runs_cv/unet_pvt_seed42_fold4/best.pth,True
0.046480869154390675,0.023793403617332762,0.024730660321993312,0.38568068982530235,0.10460524592307623,0.024431778544369558,8,759.4033182207742,48.67788970058031,1,2,1,1.0,0,0.0,1,60,etis-larib,unet_pvt,polypseg/runs_cv/unet_pvt_seed42_fold4/best.pth,True
0.9532177671907254,0.9106170675371056,0.942105813830185,0.9645949758057373,0.7829099356750998,0.3147171083825128,8,14.317821063276353,0.9177749132091504,1,1,1,1.0,1,1.0,0,61,etis-larib,unet_pvt,polypseg/runs_cv/unet_pvt_seed42_fold4/best.pth,True
0.9414681810053253,0.8894094292786314,0.9778903027239281,0.9076617641082053,0.6739026980370721,0.316942261700936,8,15.556349186104045,0.9971647893231048,1,1,1,1.0,1,1.0,0,62,etis-larib,unet_pvt,polypseg/runs_cv/unet_pvt_seed42_fold4/best.pth,True
0.9767098499684386,0.9544798705805131,0.9595376004840057,0.9945079419709683,0.7952719739603027,0.2682591370329917,8,17.895504447864393,1.1471050636048656,1,1,1,1.0,1,1.0,0,63,etis-larib,unet_pvt,polypseg/runs_cv/unet_pvt_seed42_fold4/best.pth,True
0.979400623015791,0.9596327855008523,0.9934239272912515,0.965767717475633,0.7718555682147448,0.44624183473053153,8,14.142135623730951,0.9065134448391862,1,1,1,1.0,1,1.0,0,64,etis-larib,unet_pvt,polypseg/runs_cv/unet_pvt_seed42_fold4/best.pth,True
0.9573343360159279,0.9181604123779339,0.9780805821052175,0.9374499144464329,0.8057063666865576,0.2927523700815044,8,13.0,0.8333023453073356,1,1,1,1.0,1,1.0,0,65,etis-larib,unet_pvt,polypseg/runs_cv/unet_pvt_seed42_fold4/best.pth,True
0.9876268951078714,0.9755562354781304,0.9923987472274675,0.9829007133528652,0.9466740997081731,0.47823931956521754,8,8.06225774829855,0.5167921761638015,1,1,1,1.0,1,1.0,0,66,etis-larib,unet_pvt,polypseg/runs_cv/unet_pvt_seed42_fold4/best.pth,True
0.9722934838367318,0.94608087867983,0.9722027890467511,0.9723841955474825,0.9756219473303648,0.411912638257524,8,7.280109889280518,0.4666563572948141,1,1,1,1.0,1,1.0,0,67,etis-larib,unet_pvt,polypseg/runs_cv/unet_pvt_seed42_fold4/best.pth,True
0.9434978411232102,0.8930391984492307,0.8981305519914344,0.9936922399834057,0.9020149392737765,0.23829626632592676,8,10.101732813243531,0.6475228957649157,1,1,1,1.0,1,1.0,0,68,etis-larib,unet_pvt,polypseg/runs_cv/unet_pvt_seed42_fold4/best.pth,True
0.8188284184382735,0.6932341001259373,0.6932341001259373,0.9999999999804802,0.6603809459952926,0.0829875024948211,8,19.96176920308356,1.2795530071856362,1,1,1,1.0,1,1.0,0,69,etis-larib,unet_pvt,polypseg/runs_cv/unet_pvt_seed42_fold4/best.pth,True
0.702088518556065,0.5409371352312771,0.5419613521159327,0.9965185336781023,0.5806699916202782,0.17000652106512845,8,61.479643885919515,3.9408562645228096,1,1,1,1.0,1,1.0,0,7,etis-larib,unet_pvt,polypseg/runs_cv/unet_pvt_seed42_fold4/best.pth,True
0.08795530881800186,0.04600065533176903,0.0462168736396543,0.9076867815765918,0.17886682691853312,0.05441887678157953,8,339.1745797339205,21.74115175083891,1,1,0,0.0,0,0.0,1,70,etis-larib,unet_pvt,polypseg/runs_cv/unet_pvt_seed42_fold4/best.pth,True
0.7490142049467955,0.5987391766626253,0.5987391766626253,0.9999999999873145,0.3843341542739328,0.03620868358047357,8,34.52006669354089,2.2127425027610204,1,1,1,1.0,1,1.0,0,71,etis-larib,unet_pvt,polypseg/runs_cv/unet_pvt_seed42_fold4/best.pth,True
0.7656368788391344,0.6202687569919342,0.6452702702627531,0.9412064570783143,0.5846443128469174,0.06355211821747958,8,27.902298423311613,1.7885423627392876,1,1,1,1.0,1,1.0,0,72,etis-larib,unet_pvt,polypseg/runs_cv/unet_pvt_seed42_fold4/best.pth,True
0.6065560096704766,0.43529270920106194,0.43529270920106194,0.9999999999724973,0.37421419993294996,0.034090861300751396,8,34.165035318890595,2.1899849275953454,1,1,1,1.0,0,0.0,0,73,etis-larib,unet_pvt,polypseg/runs_cv/unet_pvt_seed42_fold4/best.pth,True
0.7689453564157356,0.6246232532594335,0.6246232532594335,0.999999999985378,0.41763183831679446,0.04900811859181049,8,25.80697580112788,1.654231804643809,1,1,1,1.0,1,1.0,0,74,etis-larib,unet_pvt,polypseg/runs_cv/unet_pvt_seed42_fold4/best.pth,True
0.7701421800914071,0.6262042389165332,0.6262042389165332,0.9999999999886039,0.26464426038162525,0.008154894465059162,8,27.202941017470888,1.743713426855047,1,1,1,1.0,1,1.0,0,75,etis-larib,unet_pvt,polypseg/runs_cv/unet_pvt_seed42_fold4/best.pth,True
0.7036099640288823,0.5427455815809418,0.5433597366470182,0.9979217834687716,0.26714928833223067,0.0776151609444688,8,27.0,1.7307048710229278,1,1,1,1.0,1,1.0,0,76,etis-larib,unet_pvt,polypseg/runs_cv/unet_pvt_seed42_fold4/best.pth,True
0.8236470941199995,0.7001700680153032,0.7359671076021458,0.935044287964228,0.6861016449186784,0.16162076271541942,8,16.04182308941495,1.0282837541088343,1,1,1,1.0,1,1.0,0,77,etis-larib,unet_pvt,polypseg/runs_cv/unet_pvt_seed42_fold4/best.pth,True
0.7451086223081216,0.5937634408474459,0.6203100426731002,0.9327702702387578,0.6164959003802412,0.15658358022822969,8,20.61188795117116,1.3212257362248416,1,1,1,1.0,1,1.0,0,78,etis-larib,unet_pvt,polypseg/runs_cv/unet_pvt_seed42_fold4/best.pth,True
0.7414526980538041,0.5891337551693403,0.7413509060751964,0.7415545179691966,0.5770339093969818,0.2061366637603311,8,21.136386223782587,1.354846170123053,1,1,1,1.0,1,1.0,0,79,etis-larib,unet_pvt,polypseg/runs_cv/unet_pvt_seed42_fold4/best.pth,True
0.6104619604016499,0.43932727496838136,0.43932727496838136,0.9999999999906402,0.40109248741231013,0.036213943423865115,8,70.21395872616783,4.500727421525239,1,1,1,1.0,0,0.0,0,8,etis-larib,unet_pvt,polypseg/runs_cv/unet_pvt_seed42_fold4/best.pth,True
0.8331732991897536,0.714050594326644,0.7164525993839972,0.9953267057439431,0.40622867708311844,0.08864847811355664,8,20.0,1.2820036081651316,1,1,1,1.0,1,1.0,0,80,etis-larib,unet_pvt,polypseg/runs_cv/unet_pvt_seed42_fold4/best.pth,True
0.9758523262380034,0.9528433752658051,0.9585996984013853,0.9937373524240246,0.859499278996737,0.3496315061352618,8,12.041594578792296,0.7718683849036706,1,1,1,1.0,1,1.0,0,81,etis-larib,unet_pvt,polypseg/runs_cv/unet_pvt_seed42_fold4/best.pth,True
0.962184932948168,0.9271256156277341,0.929792661743026,0.996915645820127,0.8753409883994329,0.4467638371523506,8,12.279798183237366,0.7871372789224966,1,1,1,1.0,1,1.0,0,82,etis-larib,unet_pvt,polypseg/runs_cv/unet_pvt_seed42_fold4/best.pth,True
0.9768819027314372,0.954808545894591,0.9680775738944543,0.9858478460116274,0.9535543618587641,0.39698597878109987,8,8.48528137423857,0.5439080669035117,1,1,1,1.0,1,1.0,0,83,etis-larib,unet_pvt,polypseg/runs_cv/unet_pvt_seed42_fold4/best.pth,True
0.982543718058623,0.965686423581622,0.9709917439598705,0.9943738713808603,0.9862760426181015,0.5521941188970569,8,7.0710678118654755,0.4532567224195931,1,1,1,1.0,1,1.0,0,84,etis-larib,unet_pvt,polypseg/runs_cv/unet_pvt_seed42_fold4/best.pth,True
0.9674824723637092,0.9370131222648934,0.940722978905995,0.9958089222717474,0.8395820760449252,0.5024076546560601,8,19.698983969578396,1.2627084263093296,1,1,1,1.0,1,1.0,0,85,etis-larib,unet_pvt,polypseg/runs_cv/unet_pvt_seed42_fold4/best.pth,True
0.9779430478169585,0.9568381152617191,0.9633684327790869,0.9929654301108506,0.9999999500000026,0.6900608379364722,8,6.708203932499369,0.42999708228858585,1,1,1,1.0,1,1.0,0,86,etis-larib,unet_pvt,polypseg/runs_cv/unet_pvt_seed42_fold4/best.pth,True
0.6862613526413921,0.5223728129039847,0.964090759616433,0.5327381312910723,0.4981985384599058,0.15502523038143293,8,163.57642157288151,10.48527813335874,1,1,1,1.0,1,1.0,0,87,etis-larib,unet_pvt,polypseg/runs_cv/unet_pvt_seed42_fold4/best.pth,True
0.8264800821648939,0.7042744393206153,0.963564051572768,0.7235432957069996,0.6595411931595894,0.2014571509727353,8,82.30818453707006,5.275969477902266,1,1,1,1.0,1,1.0,0,88,etis-larib,unet_pvt,polypseg/runs_cv/unet_pvt_seed42_fold4/best.pth,True
0.05030429088664824,0.025801098423468727,0.025801098423468727,0.9999999999744769,0.02944228226374648,0.0,8,453.1906880292488,29.049604862016775,1,1,0,0.0,0,0.0,1,89,etis-larib,unet_pvt,polypseg/runs_cv/unet_pvt_seed42_fold4/best.pth,True
0.6124748490918288,0.44141531322221306,0.44141531322221306,0.9999999999853993,0.2592377975806498,0.0,8,59.0,3.781910644087138,1,1,1,1.0,0,0.0,0,9,etis-larib,unet_pvt,polypseg/runs_cv/unet_pvt_seed42_fold4/best.pth,True
0.036269840785876147,0.01846987001533407,0.01846987001533407,0.9999999999831877,0.0,0.0,8,758.5201348562825,48.62127748758282,1,2,0,0.0,0,0.0,2,90,etis-larib,unet_pvt,polypseg/runs_cv/unet_pvt_seed42_fold4/best.pth,True
0.734744617601356,0.58070854929575,0.9625660876110211,0.5941260452775354,0.536390542758759,0.21831952821658243,8,129.34063553268942,8.290758071763953,1,1,1,1.0,1,1.0,0,91,etis-larib,unet_pvt,polypseg/runs_cv/unet_pvt_seed42_fold4/best.pth,True
0.7462875197461125,0.5952620967727649,0.9730079642160422,0.6052567356486596,0.505168391055038,0.1923642605517594,8,108.65518660175726,6.964817063465424,1,1,1,1.0,1,1.0,0,92,etis-larib,unet_pvt,polypseg/runs_cv/unet_pvt_seed42_fold4/best.pth,True
0.8000149159085654,0.666687383463849,0.7020747431068651,0.9297105217461457,0.4552242989192226,0.03399428433872912,8,26.92582403567252,1.72595017832758,1,1,1,1.0,1,1.0,0,93,etis-larib,unet_pvt,polypseg/runs_cv/unet_pvt_seed42_fold4/best.pth,True
0.7544334760166225,0.605695048389636,0.607270937341908,0.9957338867635681,0.49285061397188146,0.07562409160281244,8,41.7612260356422,2.676902122954647,1,1,1,1.0,1,1.0,0,94,etis-larib,unet_pvt,polypseg/runs_cv/unet_pvt_seed42_fold4/best.pth,True
0.680249651825036,0.5154381302234391,0.5154381302234391,0.9999999999848347,0.2910959806360888,0.0,8,331.2395608265008,21.23251560733038,1,2,1,1.0,1,1.0,1,95,etis-larib,unet_pvt,polypseg/runs_cv/unet_pvt_seed42_fold4/best.pth,True
0.7567228734359887,0.608651810017055,0.6121083054394878,0.9908076165300261,0.43532446768463223,0.2667105124157052,8,28.228529285997435,1.80945381989219,1,1,1,1.0,1,1.0,0,96,etis-larib,unet_pvt,polypseg/runs_cv/unet_pvt_seed42_fold4/best.pth,True
0.7115668883928696,0.5522730532012601,0.5522730532012601,0.9999999999870164,0.28115262400187707,0.16059952247936984,8,38.8329756778952,2.489200746742522,1,1,1,1.0,1,1.0,0,97,etis-larib,unet_pvt,polypseg/runs_cv/unet_pvt_seed42_fold4/best.pth,True
0.746046228707626,0.5949551297562761,0.5949551297562761,0.9999999999898084,0.37401350133423766,0.0,8,38.27531841800928,2.4534548157778606,1,1,1,1.0,1,1.0,0,98,etis-larib,unet_pvt,polypseg/runs_cv/unet_pvt_seed42_fold4/best.pth,True
0.9442054223839736,0.8943078913286144,0.9459064994255603,0.9425104526406902,0.8794902806357338,0.42946284072607294,8,14.866068747318506,0.9529176886646612,1,1,1,1.0,1,1.0,0,99,etis-larib,unet_pvt,polypseg/runs_cv/unet_pvt_seed42_fold4/best.pth,True
