dice,iou,precision,recall,boundary_f1,boundary_f1_2px,tolerance_px,hd95,hd95_pct_diag,n_lesions,n_pred_components,detected_iou025,det_rate_iou025,detected_iou05,det_rate_iou05,n_false_positives,name,dataset,model,checkpoint,tta
0.8335214274816565,0.7145621420907403,0.7908109620218673,0.8811087346701191,0.24473629098910427,0.1976856092990675,4,70.49397085978318,8.633335227300574,1,1,1,1.0,1,1.0,0,cju0qkwl35piu0993l0dewei2,kvasir-seg,unet,polypseg/runs_cv/unet_seed42_fold2/best.pth,True
0.9099849017264006,0.8348369698435036,0.8684552804037937,0.9556859003116421,0.6191863272026903,0.4224019119221303,4,42.05234792580484,5.154201689115606,2,2,2,1.0,2,1.0,0,cju0roawvklrq0799vmjorwfv,kvasir-seg,unet,polypseg/runs_cv/unet_seed42_fold2/best.pth,True
0.957821321816017,0.9190567240207212,0.9586172511138555,0.9570267131163346,0.8285318943048046,0.49557001780889287,4,5.0,0.6124301599587547,1,1,1,1.0,1,1.0,0,cju0s690hkp960855tjuaqvv0,kvasir-seg,unet,polypseg/runs_cv/unet_seed42_fold2/best.pth,True
0.9656618087410472,0.9336035514319397,0.9458966169027709,0.9862706450011127,0.8613820968800318,0.7641279760482834,4,10.44030650891055,1.276587261732311,1,1,1,1.0,1,1.0,0,cju0vtox5ain6099360pu62rp,kvasir-seg,unet,polypseg/runs_cv/unet_seed42_fold2/best.pth,True
0.9202526861350885,0.8522852285143285,0.8522852285143285,0.9999999999882656,0.5951478476231884,0.2773955138759927,4,8.0,0.9781990677325609,1,1,1,1.0,1,1.0,0,cju14g8o4xui30878gkgbrvqj,kvasir-seg,unet,polypseg/runs_cv/unet_seed42_fold2/best.pth,True
0.9543079547865292,0.9126089838349243,0.9202334130204358,0.9910029620989647,0.780277193128491,0.6062353040327944,4,30.66725932322311,3.6919255779578783,1,1,1,1.0,1,1.0,0,cju16fpvhzypl0799p9phnlx6,kvasir-seg,unet,polypseg/runs_cv/unet_seed42_fold2/best.pth,True
0.9665015200963673,0.9351745927932931,0.9533514744213175,0.9800194097106809,0.9385720658044938,0.5914365052955778,4,4.123105625617661,0.5058263836148114,1,1,1,1.0,1,1.0,0,cju18kevfrojc0835bn90f1in,kvasir-seg,unet,polypseg/runs_cv/unet_seed42_fold2/best.pth,True
0.9502888118719673,0.9052859706741176,0.9721454545445708,0.9293933599852865,0.4254753093525129,0.2602322625436984,4,32.202484376209235,3.9406818496947578,1,1,1,1.0,1,1.0,0,cju1c0qb4tzi308355wtsnp0y,kvasir-seg,unet,polypseg/runs_cv/unet_seed42_fold2/best.pth,True
0.9635065412794277,0.9295828479889895,0.9880448029694774,0.9401575672772886,0.700322173172311,0.5325745857440838,4,24.596747752497688,2.961117627268955,1,1,1,1.0,1,1.0,0,cju1c3218411b08014g9f6gig,kvasir-seg,unet,polypseg/runs_cv/unet_seed42_fold2/best.pth,True
0.9539431842247351,0.9119420377924105,0.9401410289843816,0.9681566349256728,0.7847117471615559,0.503987747312986,4,149.59561831152226,18.009300530370545,1,2,1,1.0,1,1.0,1,cju1c4fcu40hl07992b8gj0c8,kvasir-seg,unet,polypseg/runs_cv/unet_seed42_fold2/best.pth,True
0.9585701002144886,0.9204365079319422,0.9285428342627675,0.9906043134689803,0.7094865350092722,0.5287429649746519,4,9.0,1.1737371070373706,1,1,1,1.0,1,1.0,0,cju1cdxvz48hw0801i0fjwcnk,kvasir-seg,unet,polypseg/runs_cv/unet_seed42_fold2/best.pth,True
0.9854682349263103,0.9713527647453519,0.9819121781819122,0.9890501422555023,0.8084179826050649,0.6211149257627383,4,17.023509092741122,2.0948842081696086,1,1,1,1.0,1,1.0,0,cju1cj3f0qi5n0993ut8f49rj,kvasir-seg,unet,polypseg/runs_cv/unet_seed42_fold2/best.pth,True
0.8582908360368777,0.7517596101773961,0.9827044720640007,0.7618394430904945,0.45522862190683894,0.3301260016344793,4,51.96630247988994,6.670788980710339,1,1,1,1.0,1,1.0,0,cju1cnnziug1l0835yh4ropyg,kvasir-seg,unet,polypseg/runs_cv/unet_seed42_fold2/best.pth,True
0.9135547761439133,0.8408659323858607,0.8563692624954052,0.9789240972589695,0.7635231501130594,0.5078062897012421,4,6.0,0.7343319695149078,2,2,2,1.0,2,1.0,0,cju1cu1u2474n0878tt7v4tdr,kvasir-seg,unet,polypseg/runs_cv/unet_seed42_fold2/best.pth,True
0.8705272052030332,0.7707376478771395,0.8493993393549955,0.8927329464321699,0.3594301289669854,0.21407269034020407,4,104.15970345555588,12.52950752892905,1,1,1,1.0,1,1.0,0,cju1cyjb5qtie0993njqne9m3,kvasir-seg,unet,polypseg/runs_cv/unet_seed42_fold2/best.pth,True
0.953824091775923,0.9117243900168522,0.9127252767317138,0.9987986785414015,0.6906236667569347,0.330459720118666,4,8.604043970019765,1.0528939168333753,1,1,1,1.0,1,1.0,0,cju1d50a94qf50855wsowacrc,kvasir-seg,unet,polypseg/runs_cv/unet_seed42_fold2/best.pth,True
0.124853081756966,0.06658309305915626,0.9948801198676963,0.06660591569543146,0.1984924345337839,0.192069423685838,4,304.09817472134955,37.34705783100106,1,1,0,0.0,0,0.0,1,cju1drnhbrb9409935wi7vkhg,kvasir-seg,unet,polypseg/runs_cv/unet_seed42_fold2/best.pth,True
0.24526095351996174,0.13977061376274094,0.14289788933211986,0.8646212847389335,0.32880991102098783,0.20099174537059314,4,254.19745913266468,31.131341472953334,1,2,1,1.0,1,1.0,1,cju1egx9pvz2n0988eoy8jp23,kvasir-seg,unet,polypseg/runs_cv/unet_seed42_fold2/best.pth,True
0.9841276648203525,0.968751319176655,0.9797528070689282,0.9885417676251214,0.8308182517273323,0.6297428654810944,4,9.899494936611665,1.2123825247229947,1,1,1,1.0,1,1.0,0,cju1expq45zst0855rjqwwj4m,kvasir-seg,unet,polypseg/runs_cv/unet_seed42_fold2/best.pth,True
0.9558690012954671,0.9154684637094641,0.9407991319303606,0.9714295129474348,0.716224057727942,0.5029298763446857,4,10.63014581273465,1.3028978928884263,1,1,1,1.0,1,1.0,0,cju1f8w0t65en0799m9oacq0q,kvasir-seg,unet,polypseg/runs_cv/unet_seed42_fold2/best.pth,True
0.9444168677191356,0.8946873427945699,0.9029224792492871,0.9899087675120637,0.7300350449976148,0.616926009163771,4,32.10290850813274,4.260183743470018,1,1,1,1.0,1,1.0,0,cju1ftaji6isw0855108yqcse,kvasir-seg,unet,polypseg/runs_cv/unet_seed42_fold2/best.pth,True
0.9816874258582041,0.96403349107767,0.9768351161896833,0.9865881826950801,0.8955588520481068,0.6396784056141624,4,4.47213595499958,0.5486457448715812,1,1,1,1.0,1,1.0,0,cju1fuoa4wmc50835qfd11sp9,kvasir-seg,unet,polypseg/runs_cv/unet_seed42_fold2/best.pth,True
0.7976063895541683,0.6633488257297262,0.6661434884955885,0.9937153419562732,0.4686533050375104,0.2920515872820783,4,81.39932114363543,9.97681554598618,1,1,1,1.0,1,1.0,0,cju1fyb1d69et0878muzdak9u,kvasir-seg,unet,polypseg/runs_cv/unet_seed42_fold2/best.pth,True
0.9760345165711112,0.9531908373539367,0.9858954041188813,0.9663689320373338,0.6762994990161997,0.4448318108921852,4,8.02801598673435,0.9816247192457044,1,1,1,1.0,1,1.0,0,cju1g20bdwq6u0835e16xugcd,kvasir-seg,unet,polypseg/runs_cv/unet_seed42_fold2/best.pth,True
0.9044325404149276,0.825537973496827,0.855253794298064,0.959612090239889,0.3999562981492808,0.3068442022966195,4,48.75448697299562,5.9764932631313155,1,1,1,1.0,1,1.0,0,cju1gghyjwxt80835vx0wgxw0,kvasir-seg,unet,polypseg/runs_cv/unet_seed42_fold2/best.pth,True
0.8607923049283103,0.7556061187544394,0.7600860381083747,0.9922600619159325,0.6529724770206209,0.5583284470710573,4,57.23853384427487,7.015516668490893,1,1,1,1.0,1,1.0,0,cju1h5w4wxajx0835mc954kxy,kvasir-seg,unet,polypseg/runs_cv/unet_seed42_fold2/best.pth,True
0.9708297364016566,0.9433130461885795,0.9909832370138489,0.9514796159257379,0.7277062602861204,0.6351176267190577,4,7.615773105863909,0.9776184352128398,1,1,1,1.0,1,1.0,0,cju1h89h6xbnx08352k2790o9,kvasir-seg,unet,polypseg/runs_cv/unet_seed42_fold2/best.pth,True
0.9760143541463242,0.9531523787451543,0.9557750961379268,0.9971293189880084,0.8352118345166476,0.7308862899414592,4,8.54400374531753,1.1442093692690045,1,1,1,1.0,1,1.0,0,cju1haab178i70799tk9z8y8x,kvasir-seg,unet,polypseg/runs_cv/unet_seed42_fold2/best.pth,True
0.9605132954928474,0.9240265328340601,0.9254149124405657,0.9983790010688732,0.5344024593317682,0.37092700510329657,4,44.21522528055949,5.590735515166156,1,1,1,1.0,1,1.0,0,cju1hmff8tkp809931jps6fbr,kvasir-seg,unet,polypseg/runs_cv/unet_seed42_fold2/best.pth,True
0.9835657022238856,0.9676628429165143,0.9704550301710341,0.9970354712298966,0.7313634198443111,0.4686932373722144,4,8.06225774829855,0.987513960483838,1,1,1,1.0,1,1.0,0,cju2hdr06v2bq0799mbm3bks1,kvasir-seg,unet,polypseg/runs_cv/unet_seed42_fold2/best.pth,True
0.9872721162721716,0.9748641586109443,0.9866711446002673,0.9878738204800288,0.9975259272390053,0.7906958961971607,4,3.1622776601683795,0.3949183438699503,1,1,1,1.0,1,1.0,0,cju2hqt33lmra0988fr5ijv8j,kvasir-seg,unet,polypseg/runs_cv/unet_seed42_fold2/best.pth,True
0.9803034572764633,0.9613678346482795,0.9766964180148707,0.9839372376202341,0.7976940728341785,0.6234622435766444,4,8.06225774829855,1.0040171542090348,1,1,1,1.0,1,1.0,0,cju2lberzkdzm09938cl40pog,kvasir-seg,unet,polypseg/runs_cv/unet_seed42_fold2/best.pth,True
0.9762197685811654,0.9535442652845952,0.9604694634236495,0.9924952501551852,0.8269769780535553,0.6785075308780679,4,8.48528137423857,1.037536791216079,1,1,1,1.0,1,1.0,0,cju2mfjndoz700988b9lc3zeq,kvasir-seg,unet,polypseg/runs_cv/unet_seed42_fold2/best.pth,True
0.9684876433694912,0.9389006705970143,0.9403019344415343,0.9984153105320995,0.9429591986917498,0.5519291859316857,4,4.123105625617661,0.4964233063822632,1,1,1,1.0,1,1.0,0,cju2nsmwjlzyl0993jl80chvz,kvasir-seg,unet,polypseg/runs_cv/unet_seed42_fold2/best.pth,True
0.9065535221301168,0.8290790088749034,0.8569633710171357,0.9622354856108275,0.7365897392292918,0.6120874346136261,4,17.029386365926403,2.0484872518474457,1,1,1,1.0,1,1.0,0,cju2ntxtdzlvu0799xl3j9pan,kvasir-seg,unet,polypseg/runs_cv/unet_seed42_fold2/best.pth,True
0.9305664413774384,0.8701489062827007,0.9716223174776981,0.8928395299433644,0.4627889920132173,0.18502644778189764,9,206.55180457364594,12.001517791428185,1,1,1,1.0,1,1.0,0,cju2oi8sq0i2y0801mektzvw8,kvasir-seg,unet,polypseg/runs_cv/unet_seed42_fold2/best.pth,True
0.9859671778997526,0.9723227457841397,0.9908129569416901,0.9811685667739959,0.8646791224923429,0.6756935747856995,4,6.0,0.7737871953801744,1,1,1,1.0,1,1.0,0,cju2omjpeqj5a0988pjdlb8l1,kvasir-seg,unet,polypseg/runs_cv/unet_seed42_fold2/best.pth,True
0.9850715383698526,0.9705822386610978,0.9898410812401754,0.9803477391059687,0.7712510035040753,0.5485318206022252,4,108.91836406488414,13.101933063508627,1,1,1,1.0,1,1.0,0,cju2oq5570avm079959o20op1,kvasir-seg,unet,polypseg/runs_cv/unet_seed42_fold2/best.pth,True
0.7662716462341846,0.621102403859997,0.991972961549472,0.624239805919962,0.4615238002292569,0.34052999860068833,4,86.72542701126369,11.779812838702906,1,1,1,1.0,1,1.0,0,cju2qtee81yd708787bsjr75d,kvasir-seg,unet,polypseg/runs_cv/unet_seed42_fold2/best.pth,True
0.9626731202731001,0.9280325605045017,0.9820189808177102,0.9440747641425723,0.8476167449781133,0.37351619182092655,9,18.35755975068582,1.066650472552552,1,1,1,1.0,1,1.0,0,cju2r91dg2k090801bh0xzbxk,kvasir-seg,unet,polypseg/runs_cv/unet_seed42_fold2/best.pth,True
0.9781857193929876,0.9573028464741096,0.9602714879148081,0.996781050710608,0.8607617963952683,0.6458771232134288,4,6.0,0.7355007057842621,1,1,1,1.0,1,1.0,0,cju2rpa30t07b0835im0erql0,kvasir-seg,unet,polypseg/runs_cv/unet_seed42_fold2/best.pth,True
0.9696680453867341,0.9411219763155828,0.9825900053628952,0.9570815450543589,0.9609294307675971,0.776564736084232,4,4.0,0.49033380385617475,1,1,1,1.0,1,1.0,0,cju2rqo702wpx0855fn7d5cxh,kvasir-seg,unet,polypseg/runs_cv/unet_seed42_fold2/best.pth,True
0.9655429872663398,0.9333814507330683,0.970943764539598,0.9602019601948306,0.9524046959385916,0.7054813473328282,4,4.061552812808831,0.520882301010447,1,1,1,1.0,1,1.0,0,cju2rxm8rpbaf0993o3qr2oph,kvasir-seg,unet,polypseg/runs_cv/unet_seed42_fold2/best.pth,True
0.9692258298810144,0.9402892097782518,0.960024606657394,0.9786051356166795,0.7772824843044858,0.5265728668666465,4,123.6101741256437,15.114419636495523,1,2,1,1.0,1,1.0,1,cju2s16zp317h0799gr67jqc2,kvasir-seg,unet,polypseg/runs_cv/unet_seed42_fold2/best.pth,True
0.9754525433690957,0.9520813672962977,0.9652386520573483,0.9858849076983074,0.9999999500000026,0.8612603183050507,4,3.0,0.36740738769587,1,1,1,1.0,1,1.0,0,cju2s2527pfyr0993l3h1149a,kvasir-seg,unet,polypseg/runs_cv/unet_seed42_fold2/best.pth,True
0.9132128207444823,0.8402867076238983,0.9491876479436341,0.8798653534461042,0.23036532765135234,0.10574002349144464,4,44.042024198914504,5.297872934373647,1,2,1,1.0,1,1.0,1,cju2sevf53lkx08558h5bpaig,kvasir-seg,unet,polypseg/runs_cv/unet_seed42_fold2/best.pth,True
0.8126619641381437,0.6844402685611386,0.9955937729113162,0.6865198376270994,0.1104560844409098,0.015208676008423171,4,94.43038864233291,11.546464766944183,1,1,1,1.0,1,1.0,0,cju2sszfq3uye0878sucelzk2,kvasir-seg,unet,polypseg/runs_cv/unet_seed42_fold2/best.pth,True
0.9594359186979723,0.9220344387608094,0.9719327730929087,0.9472563472408312,0.929754586614405,0.7692521227128216,4,7.127081707490474,0.9301716416774621,1,1,1,1.0,1,1.0,0,cju2syxa93yw40799x2iuwabz,kvasir-seg,unet,polypseg/runs_cv/unet_seed42_fold2/best.pth,True
0.9181960563795903,0.8487638280432938,0.8495206955424721,0.9989514155802258,0.3604109068070457,0.22995164086052103,4,9.916871790987855,1.2326630345648613,1,1,1,1.0,1,1.0,0,cju2t2ivz43i10878zeg8r1br,kvasir-seg,unet,polypseg/runs_cv/unet_seed42_fold2/best.pth,True
0.975406471194378,0.9519935894299646,0.9694609297701051,0.9814253886374911,0.8343143784506356,0.6626540708556211,4,9.219544457292887,1.1857162692641094,1,1,1,1.0,1,1.0,0,cju2tvrvm53ws0801a0jfjdxg,kvasir-seg,unet,polypseg/runs_cv/unet_seed42_fold2/best.pth,True
0.8990137417425121,0.8165530995503667,0.9879750653515812,0.824749882494209,0.4929062830007342,0.33315151662308323,4,44.0,5.809721284991783,1,1,1,1.0,1,1.0,0,cju2u4pymvc720988wsxrmi84,kvasir-seg,unet,polypseg/runs_cv/unet_seed42_fold2/best.pth,True
0.7257222560513567,0.5695165433891507,0.572328618688147,0.9914464890070025,0.29536391864191425,0.11993469485367705,9,362.34374901094526,21.053676869800142,2,6,2,1.0,2,1.0,4,cju2ueb6j5ado0878vf5md13o,kvasir-seg,unet,polypseg/runs_cv/unet_seed42_fold2/best.pth,True
0.9823926676284901,0.9653946432746776,0.9744601949819099,0.9904553468235731,0.9643058666357841,0.8539457287112251,4,3.605551275463989,0.44440561867900163,1,1,1,1.0,1,1.0,0,cju2upu4evw7g08358guwozxv,kvasir-seg,unet,polypseg/runs_cv/unet_seed42_fold2/best.pth,True
0.9872411277192172,0.9748037314113098,0.9830480058111967,0.9914701737895806,0.7719492367605488,0.6594794714437652,4,75.0,9.626934688153861,1,1,1,1.0,1,1.0,0,cju2xf8e5y2wm08359vcgk09b,kvasir-seg,unet,polypseg/runs_cv/unet_seed42_fold2/best.pth,True
0.9758672346794532,0.9528718030752715,0.9724302008245604,0.9793286509584231,0.6080492936450365,0.42837120819139124,4,12.083045973594572,1.4893072130089435,1,1,1,1.0,1,1.0,0,cju2yi9tz8vky0801yqip0xyl,kvasir-seg,unet,polypseg/runs_cv/unet_seed42_fold2/best.pth,True
0.9660020163535258,0.9342397486568056,0.9780260285208596,0.9542700639030783,0.6839131496710258,0.4684014371885461,4,205.24375751773792,25.159488085351697,1,2,1,1.0,1,1.0,1,cju2yv4imv6cz099314jveiib,kvasir-seg,unet,polypseg/runs_cv/unet_seed42_fold2/best.pth,True
0.9718983306749184,0.9453328981684671,0.9511924797793555,0.9935257042361895,0.8063620815173763,0.5643527889010189,4,13.291784374653826,1.7061218675175518,1,1,1,1.0,1,1.0,0,cju2yw4s7z7p20988lmf2gdgd,kvasir-seg,unet,polypseg/runs_cv/unet_seed42_fold2/best.pth,True
0.9429910828020672,0.8921316248701856,0.9930349860474426,0.8977491025507929,0.6035476748971587,0.5194690896084774,4,96.38065126224923,11.676543126823994,1,3,1,1.0,1,1.0,2,cju2z6ez69g4u0801qwt088lw,kvasir-seg,unet,polypseg/runs_cv/unet_seed42_fold2/best.pth,True
0.9501466275654995,0.9050279329600176,0.9871893712959675,0.9157832859793125,0.5952282936081151,0.44660601587986676,4,35.65917722819448,4.366532800399331,1,2,1,1.0,1,1.0,1,cju2zgbj9zmrw0835nnlzxj4c,kvasir-seg,unet,polypseg/runs_cv/unet_seed42_fold2/best.pth,True
0.9802346135273011,0.9612354238830051,0.9900025967216955,0.970657501107691,0.9775354455671871,0.8686484260548964,4,3.1622776601683795,0.40403265407504585,1,1,1,1.0,1,1.0,0,cju2zr3c3vwb00993jn06bbaz,kvasir-seg,unet,polypseg/runs_cv/unet_seed42_fold2/best.pth,True
0.9064118135878463,0.8288419945003282,0.8311741602624352,0.9966261334013029,0.5632593937043556,0.4022988006136802,4,19.697715603592208,2.4107770490217324,1,1,1,1.0,1,1.0,0,cju2zrojo9kcd0878ld2epejq,kvasir-seg,unet,polypseg/runs_cv/unet_seed42_fold2/best.pth,True
0.9370702109207965,0.881591823419083,0.9831056503092249,0.895153277148465,0.6053808623410272,0.4205629503008623,4,221.2546032503391,26.636078573942754,1,2,1,1.0,1,1.0,1,cju306x7w05nb0835cunv799x,kvasir-seg,unet,polypseg/runs_cv/unet_seed42_fold2/best.pth,True
0.9726553085760875,0.9467662768841245,0.9547257706410645,0.9912711608185033,0.8199628694647515,0.541471890897613,4,5.656854249492381,0.6922404683724407,1,1,1,1.0,1,1.0,0,cju30gxjq0djk0988jytm49rs,kvasir-seg,unet,polypseg/runs_cv/unet_seed42_fold2/best.pth,True
0.5887729265723016,0.4172063714326597,0.41773649388682965,0.9969674788194239,0.3635791143029482,0.30693508102462425,4,161.25708647475227,21.96702095456967,1,1,1,1.0,0,0.0,0,cju30u1hbakn808019g15nb8b,kvasir-seg,unet,polypseg/runs_cv/unet_seed42_fold2/best.pth,True
0.9729462237520611,0.947317702590467,0.9931251765785184,0.9535709588312561,0.7005739070719639,0.4699561060019725,4,24.24310505657157,3.0169455327606705,1,1,1,1.0,1,1.0,0,cju323ypb1fbb0988gx5rzudb,kvasir-seg,unet,polypseg/runs_cv/unet_seed42_fold2/best.pth,True
0.9638668779699463,0.9302539002724678,0.9834104064903683,0.9450849985985483,0.7508970036422219,0.5384496767703933,4,13.341664064126334,1.638743146909022,1,1,1,1.0,1,1.0,0,cju324q101fhe08350wae9cif,kvasir-seg,unet,polypseg/runs_cv/unet_seed42_fold2/best.pth,True
0.487708602880981,0.3224964473183456,0.3232088359245412,0.9932118613746284,0.3766035919435442,0.27126435598059656,4,213.39259119580862,25.947557282309226,1,2,1,1.0,0,0.0,1,cju32qr9tbvsj08013pkpjenq,kvasir-seg,unet,polypseg/runs_cv/unet_seed42_fold2/best.pth,True
0.7814161173702288,0.6412493456616951,0.6552904675273518,0.967665490542063,0.5764620371311089,0.45151301658355986,4,51.593581467657636,6.318620996302047,1,1,1,1.0,1,1.0,0,cju33231uy4gi0993qc7b1jch,kvasir-seg,unet,polypseg/runs_cv/unet_seed42_fold2/best.pth,True
0.9461455768597768,0.8977953274044238,0.9273963290215677,0.9656685778936386,0.7701140876654448,0.5196313935209774,4,9.219544457292887,1.1090311114435656,1,1,1,1.0,1,1.0,0,cju33jon3ygbj0993pu22a4k6,kvasir-seg,unet,polypseg/runs_cv/unet_seed42_fold2/best.pth,True
0.9400310814473899,0.8868477792075303,0.9691800188410067,0.9125843095410668,0.7681858540890273,0.5097453777622771,4,8.0,0.9781990677325609,1,1,1,1.0,1,1.0,0,cju33qpdvc9g0087825jhf3s9,kvasir-seg,unet,polypseg/runs_cv/unet_seed42_fold2/best.pth,True
0.9143286573089032,0.8421781264323698,0.968426638352767,0.8659549228841523,0.6399816300039325,0.4027531964525812,4,12.041594578792296,1.5108840949649969,1,1,1,1.0,1,1.0,0,cju33x0f22peh0988g0ln7w5v,kvasir-seg,unet,polypseg/runs_cv/unet_seed42_fold2/best.pth,True
0.9653240184806414,0.9329722886416305,0.9578308903100741,0.9729353087797202,0.9009817284576643,0.6936078870957793,4,5.0,0.6211275974289567,1,1,1,1.0,1,1.0,0,cju33yemn2qb20988wfjxximx,kvasir-seg,unet,polypseg/runs_cv/unet_seed42_fold2/best.pth,True
0.9122535755676396,0.838663823734193,0.9926095054918427,0.8439335887568636,0.7604841673290834,0.5779163542889841,4,27.683908928424557,3.3327703135607494,1,1,1,1.0,1,1.0,0,cju33za6l2qy70988jhrlp2ev,kvasir-seg,unet,polypseg/runs_cv/unet_seed42_fold2/best.pth,True
0.9439428484557776,0.8938368980083081,0.9714062255561664,0.917989652621085,0.6311084523052984,0.4448742247692629,4,19.224929738109807,2.3616887460611413,1,1,1,1.0,1,1.0,0,cju34m7h536wq0988xz7gx79v,kvasir-seg,unet,polypseg/runs_cv/unet_seed42_fold2/best.pth,True
0.9803207855960978,0.9614011659237233,0.9888269632029667,0.9719597050551149,0.9092729876598935,0.7296904567868133,4,5.0990195135927845,0.6251408979916452,1,1,1,1.0,1,1.0,0,cju34sh43d8zm08019xbwhc0o,kvasir-seg,unet,polypseg/runs_cv/unet_seed42_fold2/best.pth,True
0.943497394906452,0.8930383989189596,0.9438315959827565,0.9431634304111735,0.787350708314578,0.4976181875194618,4,8.958035537363832,1.162964497709633,1,1,1,1.0,1,1.0,0,cju357rxxdaz30878y2esjpjt,kvasir-seg,unet,polypseg/runs_cv/unet_seed42_fold2/best.pth,True
0.9747096015256039,0.950666857873579,0.9822923612581885,0.9672430145110728,0.9873868388209618,0.7646650485335392,4,3.605551275463989,0.45926118024177043,1,1,1,1.0,1,1.0,0,cju358pwtdby20878cg7nm0np,kvasir-seg,unet,polypseg/runs_cv/unet_seed42_fold2/best.pth,True
0.9602157003453529,0.9234758600070014,0.9907136853020425,0.9315393300680032,0.7155259467998423,0.6203814384712517,4,9.486832980505138,1.220545283508091,1,1,1,1.0,1,1.0,0,cju35oyvd3y850988km12hdz1,kvasir-seg,unet,polypseg/runs_cv/unet_seed42_fold2/best.pth,True
0.9691763661599032,0.94019610566112,0.9632876088537672,0.9751375644580245,0.7985041846531742,0.3903121114328697,4,7.0,0.8420391935920502,1,1,1,1.0,1,1.0,0,cju3ttznuftyf09875t11850w,kvasir-seg,unet,polypseg/runs_cv/unet_seed42_fold2/best.pth,True
0.9724826355923397,0.9464391252920122,0.9530221312964365,0.9927544654926856,0.8187967916812305,0.5268767326678007,4,37.02971247890522,4.534996643001241,1,1,1,1.0,1,1.0,0,cju3tx1qyg0c907552fglumhc,kvasir-seg,unet,polypseg/runs_cv/unet_seed42_fold2/best.pth,True
0.39920242462849065,0.24937720469488137,0.9883886255846098,0.25010993403907633,0.39367671185841646,0.3391080099839474,4,311.3610974590863,38.16238506539458,1,1,0,0.0,0,0.0,1,cju3u1c8tfyqx08503iedc3mx,kvasir-seg,unet,polypseg/runs_cv/unet_seed42_fold2/best.pth,True
0.9800778976582558,0.9609340707569668,0.983264234382958,0.9769121453230605,0.6917587236752063,0.4601889501390182,4,13.444167261559219,1.6648041677177852,1,1,1,1.0,1,1.0,0,cju3u815rg4ek0850vvhtcvcm,kvasir-seg,unet,polypseg/runs_cv/unet_seed42_fold2/best.pth,True
0.9696211579689593,0.9410336455062311,0.9469264566974358,0.9934304053741579,0.6309854133069455,0.3738856584449963,4,7.255957320857128,0.8879258811964807,1,1,1,1.0,1,1.0,0,cju3ua8u0g9rg0801uayhdxhu,kvasir-seg,unet,polypseg/runs_cv/unet_seed42_fold2/best.pth,True
0.9805980020181833,0.961934549823861,0.9801271970705984,0.9810692594848985,0.7600289094655753,0.4791417855185507,4,5.830951894845301,0.7142101603343823,1,1,1,1.0,1,1.0,0,cju3v0fl3gwce0755qkjhzmd4,kvasir-seg,unet,polypseg/runs_cv/unet_seed42_fold2/best.pth,True
0.9576722153889031,0.9187822003096852,0.9245065654120581,0.9933059677916093,0.49218320199761645,0.396564197709763,4,179.0111728356641,21.905952082604912,1,5,1,1.0,1,1.0,4,cju3x5u2tiihx0818914gzxy1,kvasir-seg,unet,polypseg/runs_cv/unet_seed42_fold2/best.pth,True
0.9728835527645595,0.9471988841996904,0.9645924923876746,0.9813183788585244,0.8421514694141039,0.6531398039385399,4,8.54400374531753,1.045546675515855,1,1,1,1.0,1,1.0,0,cju3xhpvvimda0987ygrpzni2,kvasir-seg,unet,polypseg/runs_cv/unet_seed42_fold2/best.pth,True
0.9522268220058153,0.9088100764601748,0.9693356512865835,0.9357114615815704,0.5012922293830698,0.43432744295628417,4,39.948653725423455,4.940622624413818,1,2,1,1.0,1,1.0,1,cju3xzvnzj0hd0755xprz39nj,kvasir-seg,unet,polypseg/runs_cv/unet_seed42_fold2/best.pth,True
0.4246841806176239,0.2695866920095598,0.27385734218387686,0.9453174410073203,0.36222341471098146,0.1468326108281958,8,350.1725288711606,22.109301386465912,2,2,1,0.5,0,0.0,1,cju3ykamdj9u208503pygyuc8,kvasir-seg,unet,polypseg/runs_cv/unet_seed42_fold2/best.pth,True
0.7868684736177576,0.6486258550746996,0.938975233516261,0.6771718470473541,0.44617388541083747,0.2627501141157803,4,51.02449897526791,6.142663447157973,1,2,1,1.0,1,1.0,1,cju410dnfl0960755y8lu8d79,kvasir-seg,unet,polypseg/runs_cv/unet_seed42_fold2/best.pth,True
0.9624565304796138,0.9276300788867361,0.9311544447453485,0.9959363525043038,0.8065540379552614,0.5168532761541152,4,8.602325267042627,1.034785004411013,1,1,1,1.0,1,1.0,0,cju41lojblbs307555jdci937,kvasir-seg,unet,polypseg/runs_cv/unet_seed42_fold2/best.pth,True
0.9863139590400973,0.9729974757333292,0.9821813092144305,0.9904815330866426,0.93619656254318,0.799990105049619,4,5.0,0.641451730107748,1,1,1,1.0,1,1.0,0,cju41nz76lcxu0755cya2qefx,kvasir-seg,unet,polypseg/runs_cv/unet_seed42_fold2/best.pth,True
0.9833525726185152,0.967250342777412,0.9743615567211361,0.9925110648635688,0.8522983349980359,0.623471168981064,4,7.063961030678918,0.8853986515698056,1,1,1,1.0,1,1.0,0,cju42g865lorv07552ytz6xxa,kvasir-seg,unet,polypseg/runs_cv/unet_seed42_fold2/best.pth,True
0.9537347368404989,0.911561121660888,0.9798927149992044,0.928937007870968,0.717520808167042,0.5542371382133592,4,22.418484705630277,2.747751253771651,1,1,1,1.0,1,1.0,0,cju42romflni20817etb9a0fl,kvasir-seg,unet,polypseg/runs_cv/unet_seed42_fold2/best.pth,True
0.9248471772721447,0.8602006688924851,0.8671221792642851,0.9908058965484061,0.6194418389950653,0.4794448561647371,4,21.02379604162864,2.5266905152569703,1,1,1,1.0,1,1.0,0,cju42tauqlo5p08171l3cuo4b,kvasir-seg,unet,polypseg/runs_cv/unet_seed42_fold2/best.pth,True
0.8701476340118525,0.7701427728133646,0.7735325742874923,0.9943420355741357,0.572651608017434,0.44031781024386435,4,105.98335695165694,12.806779770894867,1,1,1,1.0,1,1.0,0,cju42wamblrqn098798r2yyok,kvasir-seg,unet,polypseg/runs_cv/unet_seed42_fold2/best.pth,True
0.8714370337638463,0.7721651869103568,0.9854670965961545,0.7810593380472958,0.6869138279623698,0.5652701384203774,4,95.45411105256113,11.671640305356954,1,1,1,1.0,1,1.0,0,cju439oazm2fu0871ma0vvrft,kvasir-seg,unet,polypseg/runs_cv/unet_seed42_fold2/best.pth,True
0.9423243176368739,0.8909388136176801,0.929354445775168,0.9556613226213512,0.8809102183731934,0.7127366109335962,4,5.796132365774719,0.7104106358751411,1,1,1,1.0,1,1.0,0,cju43kj2pm34f0850l28ahpni,kvasir-seg,unet,polypseg/runs_cv/unet_seed42_fold2/best.pth,True
0.9307257953435696,0.8704276146291419,0.8887947159197779,0.9768091735426178,0.4613554792185903,0.3021277292013227,4,25.87443425604856,3.1738503591247422,1,1,1,1.0,1,1.0,0,cju45lbgznahl08180xz1h7u6,kvasir-seg,unet,polypseg/runs_cv/unet_seed42_fold2/best.pth,True
0.9656427556803894,0.9335679340802404,0.9777371606610603,0.9538439052880624,0.8263910303779975,0.5422512493480705,4,6.0,0.7498002751208913,2,2,2,1.0,2,1.0,0,cju45rj7ln8980850a7821fov,kvasir-seg,unet,polypseg/runs_cv/unet_seed42_fold2/best.pth,True
0.9804373133560504,0.9616253381960393,0.9868809863435223,0.9740772402670872,0.9269531506929503,0.7050793575469815,4,5.0,0.6141449593665561,1,1,1,1.0,1,1.0,0,cju45t5ddnbio0987qtqzx762,kvasir-seg,unet,polypseg/runs_cv/unet_seed42_fold2/best.pth,True
0.9793912063119438,0.9596147048398739,0.9865838885494046,0.9723026413939044,0.9068011637125734,0.6811195987377902,4,6.344197549610781,0.8290681954114625,1,1,1,1.0,1,1.0,0,cju45ty6zn9oz0850qy4qnck1,kvasir-seg,unet,polypseg/runs_cv/unet_seed42_fold2/best.pth,True
0.9461792799368746,0.8978560223034874,0.9738160506572093,0.9200678753155302,0.7059251564835595,0.5255412540013751,4,8.48528137423857,1.0391850211911382,1,1,1,1.0,1,1.0,0,cju5bwhapakm90987c1v4z46a,kvasir-seg,unet,polypseg/runs_cv/unet_seed42_fold2/best.pth,True
0.9852266491043955,0.9708834472592998,0.9924595891449208,0.9780983720858236,0.915225524507876,0.798799630354757,4,6.324555320336759,0.8284660104424426,1,1,1,1.0,1,1.0,0,cju5ccpvqash50850kb4bs22k,kvasir-seg,unet,polypseg/runs_cv/unet_seed42_fold2/best.pth,True
0.9772579856493027,0.9555273685218938,0.9667903964599455,0.9879547242883039,0.820700474059786,0.5797435763315535,4,8.06225774829855,0.9698195732726526,1,1,1,1.0,1,1.0,0,cju5enq1tcn1i0755hnkon787,kvasir-seg,unet,polypseg/runs_cv/unet_seed42_fold2/best.pth,True
0.9766556096473227,0.9543762772869999,0.9910196050860923,0.9627020532970693,0.6954761229843087,0.38091284974337364,4,8.54400374531753,1.097733190628696,1,1,1,1.0,1,1.0,0,cju5ew4h9cqaf0818rrczkmqh,kvasir-seg,unet,polypseg/runs_cv/unet_seed42_fold2/best.pth,True
0.9483739551838576,0.9018167245464745,0.923908580806597,0.9741702741632454,0.7135186614620314,0.6137696507212149,4,10.261473251156497,1.3289276833699455,1,1,1,1.0,1,1.0,0,cju5g163vd6mt0817uccuga6u,kvasir-seg,unet,polypseg/runs_cv/unet_seed42_fold2/best.pth,True
0.7671936078668631,0.6223147549870994,0.9990395574267835,0.6226872914766034,0.5784077513336284,0.4651917014816972,4,156.22051005177175,19.14737360691455,1,2,1,1.0,1,1.0,1,cju5h57xedz5h0755mjpc8694,kvasir-seg,unet,polypseg/runs_cv/unet_seed42_fold2/best.pth,True
0.9697906681890796,0.9413530223846488,0.9717437104909422,0.9678454607111778,0.9105882692070055,0.7180512126772141,4,7.0,0.8599158201164586,1,1,1,1.0,1,1.0,0,cju5hl8nee8a40755fm8qjj0o,kvasir-seg,unet,polypseg/runs_cv/unet_seed42_fold2/best.pth,True
0.9747432314244016,0.950730842556274,0.975797315386811,0.973691422304146,0.9053940868365564,0.7215991698928457,4,5.0,0.6117747179009771,2,2,2,1.0,2,1.0,0,cju5hyi9yegob0755ho3do8en,kvasir-seg,unet,polypseg/runs_cv/unet_seed42_fold2/best.pth,True
0.9685885949185126,0.9390904445563973,0.9663137969697029,0.970874128335263,0.7212722372042931,0.5143268898271223,4,14.0,1.7159285320984232,1,1,1,1.0,1,1.0,0,cju5jx7jzf7c90871c2i9aiov,kvasir-seg,unet,polypseg/runs_cv/unet_seed42_fold2/best.pth,True
0.951532056793113,0.9075452072313419,0.9681618368806961,0.9354639175238444,0.6177037358947239,0.3498524478678722,4,40.335944880728405,5.1778280115470805,1,1,1,1.0,1,1.0,0,cju5nxkujgscq0817l9gss626,kvasir-seg,unet,polypseg/runs_cv/unet_seed42_fold2/best.pth,True
0.9550439679842075,0.9139561270744203,0.9983474488673253,0.9153409090851303,0.7742503836011818,0.3869993195826741,4,5.385164807134504,0.6632212749597205,1,1,1,1.0,1,1.0,0,cju5nyu31gv8e0871zpk74a2n,kvasir-seg,unet,polypseg/runs_cv/unet_seed42_fold2/best.pth,True
0.9689031562426866,0.9396820115480199,0.976922886860433,0.9610140242545244,0.7574628850981885,0.6326591889349189,3,14.7648230602334,2.139043325657471,1,1,1,1.0,1,1.0,0,cju5o1vu9gz8a0818eyy92bns,kvasir-seg,unet,polypseg/runs_cv/unet_seed42_fold2/best.pth,True
0.9871411577357693,0.9746088166925907,0.9964294336637105,0.978024444997533,0.8536912251685989,0.5488624824612992,4,5.0,0.6118599117473807,1,1,1,1.0,1,1.0,0,cju5o4pk9h0720755lgp9jq8m,kvasir-seg,unet,polypseg/runs_cv/unet_seed42_fold2/best.pth,True
0.9573532224073605,0.9181951577290511,0.9593714066569647,0.9553435114382272,0.8985038649906923,0.6528703283921968,4,5.0,0.6118599117473807,1,1,1,1.0,1,1.0,0,cju5thdbrjp1108715xdfx356,kvasir-seg,unet,polypseg/runs_cv/unet_seed42_fold2/best.pth,True
0.8829268292617669,0.7903930130899776,0.791860002640967,0.997661600116959,0.41620192742452605,0.21412265580668066,4,11.676882432050759,1.4046275238218855,1,1,1,1.0,1,1.0,0,cju5uhrdwkmsu0817ervv91l8,kvasir-seg,unet,polypseg/runs_cv/unet_seed42_fold2/best.pth,True
0.6575310687644449,0.48979239181295564,0.4949978793990096,0.9789806088667341,0.4128138709804584,0.3461345030738933,4,169.4945351147453,20.763516843049135,1,1,1,1.0,0,0.0,0,cju5uxjnol2r509871qv2yeia,kvasir-seg,unet,polypseg/runs_cv/unet_seed42_fold2/best.pth,True
0.9438850123221331,0.893733185623566,0.9249099246566909,0.9636549782359555,0.821324726276636,0.598785936501904,4,14.0,1.712969210122736,1,1,1,1.0,1,1.0,0,cju5uzmaol56l0817flxh4w9p,kvasir-seg,unet,polypseg/runs_cv/unet_seed42_fold2/best.pth,True
0.9640769890089453,0.9306454039346272,0.9877844311298379,0.9414808614189065,0.9280003777842643,0.6363582741333235,4,5.0,0.6423997597322564,1,1,1,1.0,1,1.0,0,cju5v8pgplg6k0755rvi2t63h,kvasir-seg,unet,polypseg/runs_cv/unet_seed42_fold2/best.pth,True
0.07970867893937751,0.04150863885348006,0.9999999998307953,0.04150863885348006,0.0,0.0,4,131.06277100693706,16.085438987867693,1,2,0,0.0,0,0.0,2,cju5wphwwlu3m0987hh3ltg88,kvasir-seg,unet,polypseg/runs_cv/unet_seed42_fold2/best.pth,True
0.9780280736713162,0.9570009199614407,0.9692525576263548,0.9869639468671974,0.8088036751906148,0.5878490312261968,4,6.324555320336759,0.7994207896414871,1,1,1,1.0,1,1.0,0,cju5xkwzxmf0z0818gk4xabdm,kvasir-seg,unet,polypseg/runs_cv/unet_seed42_fold2/best.pth,True
0.9045710931295664,0.8257688723167484,0.8300622979960183,0.9937752355260555,0.5571902954893169,0.4181286051776674,4,28.387396385937922,3.482099253747502,1,1,1,1.0,1,1.0,0,cju5xneamme2p0801qdf7fdwv,kvasir-seg,unet,polypseg/runs_cv/unet_seed42_fold2/best.pth,True
0.9615001358775183,0.9258548499570319,0.9897426333365372,0.9348247313639702,0.8348981008072756,0.6613759009926499,4,6.4031242374328485,0.7916435690191552,1,1,1,1.0,1,1.0,0,cju5y84q3mdv50817eyp82xf3,kvasir-seg,unet,polypseg/runs_cv/unet_seed42_fold2/best.pth,True
0.8979803327428298,0.8148496432716339,0.8405026990535583,0.9638962106716226,0.5577997672218693,0.39513246583043427,4,174.2716204045062,22.390409415201155,1,1,1,1.0,1,1.0,0,cju5ygh1zmmdi0755uod5e17i,kvasir-seg,unet,polypseg/runs_cv/unet_seed42_fold2/best.pth,True
0.9574362165466245,0.9183478572171618,0.9927732610531323,0.9245283018756816,0.8310019606801542,0.7059684223180472,4,7.615773105863909,0.9476386936717515,1,1,1,1.0,1,1.0,0,cju6ut4l8va6y0755tyw3vfqq,kvasir-seg,unet,polypseg/runs_cv/unet_seed42_fold2/best.pth,True
0.9706050919656061,0.9428889577654453,0.9537721936424239,0.9880428244905713,0.6731523547164445,0.5711004237677648,3,24.375963164354875,3.804895777369703,1,1,1,1.0,1,1.0,0,cju6v4szov55u0871qmqz3v8n,kvasir-seg,unet,polypseg/runs_cv/unet_seed42_fold2/best.pth,True
0.9413012979958958,0.8891116010759468,0.9762551047832728,0.9087639426339431,0.5675509569054052,0.3400319847291266,4,23.706539182259394,3.045815014953351,1,1,1,1.0,1,1.0,0,cju6v6g6kvdw007552x6mb0po,kvasir-seg,unet,polypseg/runs_cv/unet_seed42_fold2/best.pth,True
0.6327325074509733,0.4627715577961678,0.999914556386376,0.46278985847518117,0.23625691640292532,0.14271422196173017,4,177.40631330367023,21.726796710552186,1,2,1,1.0,0,0.0,1,cju6vifjlv55z0987un6y4zdo,kvasir-seg,unet,polypseg/runs_cv/unet_seed42_fold2/best.pth,True
0.9170847268641406,0.8468665551354596,0.980336660204228,0.8615001963551413,0.7649587725539961,0.5774779981739521,4,90.76752661902293,10.927189470725871,2,1,1,0.5,1,0.5,0,cju6vucxvvlda0755j7msqnya,kvasir-seg,unet,polypseg/runs_cv/unet_seed42_fold2/best.pth,True
0.9393748880235389,0.8856804137637528,0.9855840214353191,0.8973047314994198,0.41619118075121675,0.3416052923908964,4,58.06030772681942,8.013572206612189,1,1,1,1.0,1,1.0,0,cju6wi3akvn8r0801px8eligc,kvasir-seg,unet,polypseg/runs_cv/unet_seed42_fold2/best.pth,True
0.9863310152008316,0.9730306737127276,0.9957132734990604,0.9771239179045589,0.7845555575609556,0.6236696906174282,4,9.848857801796104,1.2060110182241863,1,1,1,1.0,1,1.0,0,cju6wjm81vgsc0987enk9n3pr,kvasir-seg,unet,polypseg/runs_cv/unet_seed42_fold2/best.pth,True
0.9722343225061479,0.9459688563222756,0.9945185745840166,0.9509268338224881,0.6379572548549107,0.42484439075605634,4,15.0,1.8754381418080104,1,1,1,1.0,1,1.0,0,cju6wuojavt740818b5qcv3iw,kvasir-seg,unet,polypseg/runs_cv/unet_seed42_fold2/best.pth,True
0.9879073580644542,0.9761036857013017,0.9978558225493562,0.9781553046211922,0.9365568697908324,0.7389002109214788,4,4.242640687119285,0.5200775366275434,1,1,1,1.0,1,1.0,0,cju76erapykj30871x5eaxh4q,kvasir-seg,unet,polypseg/runs_cv/unet_seed42_fold2/best.pth,True
0.9140664148177856,0.8417332581756459,0.9977270047549504,0.8433504792168391,0.46825768315413774,0.325094841978126,4,79.90619500389191,9.793808564185614,1,1,1,1.0,1,1.0,0,cju77afzlz3kp07550x5nafzs,kvasir-seg,unet,polypseg/runs_cv/unet_seed42_fold2/best.pth,True
0.9771696637979336,0.9553585078697624,0.9898229913238434,0.9648357586715373,0.8720511191187237,0.7385937852557389,4,7.0710678118654755,0.8590279146240508,1,1,1,1.0,1,1.0,0,cju77bvg0yv4r0987yh60xmjo,kvasir-seg,unet,polypseg/runs_cv/unet_seed42_fold2/best.pth,True
0.9685793974951176,0.9390731532246397,0.9896007779131608,0.9484325247846218,0.6639976845597549,0.43388535336439527,4,6.708203932499369,0.8202448541163477,1,1,1,1.0,1,1.0,0,cju77u1sjz77b0817ft44r3fk,kvasir-seg,unet,polypseg/runs_cv/unet_seed42_fold2/best.pth,True
0.9587509459006397,0.9207700522041979,0.9975255479111848,0.9228779545089255,0.5184493129995734,0.3608556670410148,4,12.041594578792296,1.5313094255088298,1,1,1,1.0,1,1.0,0,cju784jpdzeae0987q5ypq883,kvasir-seg,unet,polypseg/runs_cv/unet_seed42_fold2/best.pth,True
0.9690435265708821,0.939946109798114,0.9981044349034403,0.9416270202755285,0.7926719332140442,0.40590769827107875,4,6.082762530298219,0.7993842359896091,1,1,1,1.0,1,1.0,0,cju785htizjzo08017tvlhtg4,kvasir-seg,unet,polypseg/runs_cv/unet_seed42_fold2/best.pth,True
0.985880225358807,0.9721536351143755,0.9853547759165191,0.9864062354992428,0.9548068458624187,0.7765833645203405,4,4.0,0.48154620392336506,1,1,1,1.0,1,1.0,0,cju787jnjzjuj0871p94nck9g,kvasir-seg,unet,polypseg/runs_cv/unet_seed42_fold2/best.pth,True
0.911796015610808,0.8378907159787679,0.9971726355416499,0.8398860664884203,0.4844324089666742,0.302743548587278,4,23.53720459187964,2.8802943848735043,1,1,1,1.0,1,1.0,0,cju7agj961l2r0818z29iq8yn,kvasir-seg,unet,polypseg/runs_cv/unet_seed42_fold2/best.pth,True
0.960801566799237,0.9245602534637574,0.9822983168834457,0.9402255430201643,0.8071115053091434,0.7565703847354948,4,12.36931687685298,1.5452449796068877,1,1,1,1.0,1,1.0,0,cju7b5afm1nfw0801xqm8bf8q,kvasir-seg,unet,polypseg/runs_cv/unet_seed42_fold2/best.pth,True
0.9574247144329555,0.918326693225059,0.9907823096738209,0.9262401214427686,0.6019962245815104,0.39471421122015704,4,16.484668706571288,1.9829624491876272,1,1,1,1.0,1,1.0,0,cju7b9vcs1luz0987ta60j1dy,kvasir-seg,unet,polypseg/runs_cv/unet_seed42_fold2/best.pth,True
0.9191996990794763,0.8504806098745427,0.9457098628890398,0.8941352754612184,0.5950291038975423,0.4049867361033612,4,38.0,4.653826910814353,1,1,1,1.0,1,1.0,0,cju7bc95p1mdm0817yqj5jc6j,kvasir-seg,unet,polypseg/runs_cv/unet_seed42_fold2/best.pth,True
0.973289175274536,0.9479681638057993,0.9922927294711626,0.9549998233868284,0.8321448506108677,0.5884810333215967,4,6.540410100212762,0.8403115753854202,1,1,1,1.0,1,1.0,0,cju7bd1qu1mx409877xjxibox,kvasir-seg,unet,polypseg/runs_cv/unet_seed42_fold2/best.pth,True
0.976204124617098,0.9535144144353928,0.9861294405963368,0.9664766128155251,0.8566590537830082,0.5590173270960284,4,8.06225774829855,1.0039089548621922,1,1,1,1.0,1,1.0,0,cju7bduyq1rjf08719giru9ho,kvasir-seg,unet,polypseg/runs_cv/unet_seed42_fold2/best.pth,True
0.9756022221914957,0.9523665936474432,0.9721357184232219,0.9790935365922564,0.7121736841473204,0.5216347054009143,4,20.8806130178211,2.6827401571421,1,1,1,1.0,1,1.0,0,cju7bf1lp1shi081835vs84lc,kvasir-seg,unet,polypseg/runs_cv/unet_seed42_fold2/best.pth,True
0.9335670351402925,0.875410893982545,0.88360779204738,0.9895142355627219,0.7261967572591946,0.6073503208735757,4,37.33027334152233,4.602380776139371,1,1,1,1.0,1,1.0,0,cju7bmi1v1pnj0987pa52jjok,kvasir-seg,unet,polypseg/runs_cv/unet_seed42_fold2/best.pth,True
0.9647712201551526,0.931940107286957,0.9499673522612637,0.9800437857782077,0.8417229556023481,0.7167324031555852,4,7.106076496631101,0.8695846676197684,1,1,1,1.0,1,1.0,0,cju7cp6dw244p0818gncdol4m,kvasir-seg,unet,polypseg/runs_cv/unet_seed42_fold2/best.pth,True
0.928108709657438,0.8658608554985336,0.9966789110828846,0.868366250902325,0.5132569087601173,0.4220947912364308,4,35.87111508338795,4.480739971957401,1,1,1,1.0,1,1.0,0,cju7crgxa28550755wbsgqkel,kvasir-seg,unet,polypseg/runs_cv/unet_seed42_fold2/best.pth,True
0.42862584592906056,0.27277134781593865,0.9998109497844835,0.2727854173326255,0.19213036429990965,0.08221485649216975,4,144.09804836490304,17.633563831103874,1,1,1,1.0,0,0.0,0,cju7csvlb22fr0850lvm45n3x,kvasir-seg,unet,polypseg/runs_cv/unet_seed42_fold2/best.pth,True
0.9172644452191785,0.8471731081232118,0.8516195136213712,0.9938747620650255,0.5724667674866384,0.40279987166293485,4,49.62607259930053,6.11260052477779,1,2,1,1.0,1,1.0,1,cju7d4jk723eu0817bqz2n39m,kvasir-seg,unet,polypseg/runs_cv/unet_seed42_fold2/best.pth,True
0.9388937836496546,0.8848254483693083,0.9882939697416088,0.8941970612333325,0.7730887966211705,0.622295196897886,4,38.887924749496754,4.677879542362082,1,1,1,1.0,1,1.0,0,cju7deifq2fzn0755lc8idyh8,kvasir-seg,unet,polypseg/runs_cv/unet_seed42_fold2/best.pth,True
0.9471931317731296,0.8996836555297034,0.9876524154885965,0.9099182367514402,0.7972485326045596,0.6665363226754447,4,14.343917072921254,1.7254486235762647,1,1,1,1.0,1,1.0,0,cju7do8c72dbo0801vxfzxdc4,kvasir-seg,unet,polypseg/runs_cv/unet_seed42_fold2/best.pth,True
0.9057062473650362,0.8276628146548171,0.9839613197288718,0.8389815117496287,0.545340933971846,0.34687839423493444,4,118.88438239369844,14.312080761864806,1,1,1,1.0,1,1.0,0,cju7druhp2gp308715i6km7be,kvasir-seg,unet,polypseg/runs_cv/unet_seed42_fold2/best.pth,True
0.6354415615594614,0.4656755941399362,0.9972363792943894,0.4662773330640449,0.3312162465340115,0.26556574299620256,4,223.7526148375783,26.936805573240658,1,1,1,1.0,0,0.0,0,cju7dxffn2eam0817qxosfwch,kvasir-seg,unet,polypseg/runs_cv/unet_seed42_fold2/best.pth,True
0.9848619471033326,0.9701753808686978,0.9798608203219744,0.9899143864354608,0.7239240423529625,0.4893614701385967,4,12.0,1.4446386117700951,1,1,1,1.0,1,1.0,0,cju7efffp2ivf0817etg3jehl,kvasir-seg,unet,polypseg/runs_cv/unet_seed42_fold2/best.pth,True
0.9747535747489491,0.9507505227440927,0.9930326966038373,0.9571352308843772,0.604792511919057,0.4013970483439946,4,43.37316688715319,5.572941182013555,1,1,1,1.0,1,1.0,0,cju7ehljc2or70871261br8ai,kvasir-seg,unet,polypseg/runs_cv/unet_seed42_fold2/best.pth,True
0.9715308462387632,0.9446378072553334,0.9850289213906653,0.9583977046903729,0.9545733498255886,0.8659521636416231,4,4.123105625617661,0.5334110984865416,1,1,1,1.0,1,1.0,0,cju7ekbo32pft0871fv7kzwb9,kvasir-seg,unet,polypseg/runs_cv/unet_seed42_fold2/best.pth,True
0.9819911814665013,0.9646195235136736,0.9881804750530475,0.9758789363901871,0.7076391896638622,0.4135663076167773,4,11.0,1.3587041097400934,1,1,1,1.0,1,1.0,0,cju7ez7r22qbc08015xfoz2wb,kvasir-seg,unet,polypseg/runs_cv/unet_seed42_fold2/best.pth,True
0.9794868928484168,0.9597984445122149,0.9836654504575713,0.9753436856404778,0.9949352309646468,0.7864805045709438,4,3.605551275463989,0.4805945185942848,1,1,1,1.0,1,1.0,0,cju7f0ec32txj08184asb8w5f,kvasir-seg,unet,polypseg/runs_cv/unet_seed42_fold2/best.pth,True
0.9734303102222877,0.9482359745426234,0.9671615376957313,0.979780876484265,0.996714079244792,0.7907631204897964,4,3.1622776601683795,0.3902354710296282,1,1,1,1.0,1,1.0,0,cju7fd6yt2p740987wkr8exo1,kvasir-seg,unet,polypseg/runs_cv/unet_seed42_fold2/best.pth,True
0.9280144936116964,0.8656968663114959,0.9845338602461208,0.8776320635364083,0.6199880543727101,0.33176088599722603,4,39.811773217740026,5.115014709918254,1,1,1,1.0,1,1.0,0,cju7fpfzq2wyf0818xxd1oziv,kvasir-seg,unet,polypseg/runs_cv/unet_seed42_fold2/best.pth,True
0.9635690540078826,0.929699231515624,0.9603544829305743,0.9668052174700698,0.607574804935174,0.5114891735146263,4,20.238573405252623,2.6527094027242275,1,1,1,1.0,1,1.0,0,cju7fq7mm2pw508176uk5ugtx,kvasir-seg,unet,polypseg/runs_cv/unet_seed42_fold2/best.pth,True
0.9763914912372003,0.9538719958642499,0.977490400316704,0.9752950502014981,0.6088123223408076,0.36567349523933695,4,21.648227880117794,2.606453929968108,1,1,1,1.0,1,1.0,0,cju83mki1jv5w0817kubxm31r,kvasir-seg,unet,polypseg/runs_cv/unet_seed42_fold2/best.pth,True
0.864539647146813,0.7614001184404158,0.7771450386511719,0.9740808676889142,0.550775822262402,0.42321816157356823,4,317.49243923660896,39.10144775172079,1,2,1,1.0,1,1.0,1,cju84ffdzkrjn08183jh1fxmb,kvasir-seg,unet,polypseg/runs_cv/unet_seed42_fold2/best.pth,True
0.9783754494847116,0.9576663452255891,0.9736380570583845,0.9831591684072345,0.7169506361412092,0.44288344259493173,4,20.808652046684813,2.6734946150284893,1,1,1,1.0,1,1.0,0,cju8567gdlcbq0801dwwyo2jt,kvasir-seg,unet,polypseg/runs_cv/unet_seed42_fold2/best.pth,True
0.5229933380730677,0.35409003327768357,0.36024235943722493,0.9539877300388394,0.6008402941008786,0.5625518534441358,4,262.1221089492453,32.74577544825923,1,2,1,1.0,1,1.0,1,cju85c2d4ln1b0755zz1z3onx,kvasir-seg,unet,polypseg/runs_cv/unet_seed42_fold2/best.pth,True
0.9658373561024518,0.9339317773676369,0.9555473916121046,0.9763513513391348,0.9601360705640369,0.6835640258636178,4,4.0,0.482474999000619,1,1,1,1.0,1,1.0,0,cju85citjlnfm0755i4rk5tqj,kvasir-seg,unet,polypseg/runs_cv/unet_seed42_fold2/best.pth,True
0.9477812477269671,0.9007454444995807,0.9161752316700633,0.9816458552656714,0.8213952103028507,0.6091593619612679,4,14.0,1.724424337139571,1,1,1,1.0,1,1.0,0,cju87mrypnb1e0818scv1mxxg,kvasir-seg,unet,polypseg/runs_cv/unet_seed42_fold2/best.pth,True
0.9487190490454074,0.9024410155857421,0.9654148471531404,0.9325909052481853,0.871760432849108,0.5412247336101405,4,11.004536101718724,1.3525732263062646,1,1,1,1.0,1,1.0,0,cju887ftknop008177nnjt46y,kvasir-seg,unet,polypseg/runs_cv/unet_seed42_fold2/best.pth,True
0.9746422102592226,0.9505386510065172,0.9897924816679453,0.9599487424283023,0.8419564193616315,0.5823758464392548,4,6.0,0.7701547750523089,1,1,1,1.0,1,1.0,0,cju888fr7nveu0818r9uwtiit,kvasir-seg,unet,polypseg/runs_cv/unet_seed42_fold2/best.pth,True
0.6501680507609005,0.4816659222856595,0.9309020284810923,0.4995252321718902,0.392743591028604,0.30785676650118216,4,108.00277753966893,13.876191668379931,1,2,1,1.0,0,0.0,1,cju88evxanv9r08176zkeovec,kvasir-seg,unet,polypseg/runs_cv/unet_seed42_fold2/best.pth,True
0.9643154776301196,0.9310899765341164,0.9694391593866541,0.959245670520009,0.6194473993684361,0.4639439703837673,4,26.56952018207476,3.3501047671387374,1,1,1,1.0,1,1.0,0,cju88rl5eo94l0850kf5wtrm1,kvasir-seg,unet,polypseg/runs_cv/unet_seed42_fold2/best.pth,True
0.9465068130380123,0.8984460694686622,0.9020268498598484,0.9956010244968012,0.775900689947777,0.7306344576106318,4,52.68365972782892,6.559694633681326,1,1,1,1.0,1,1.0,0,cju892fesoq2g0801n0e0jyia,kvasir-seg,unet,polypseg/runs_cv/unet_seed42_fold2/best.pth,True
0.9751910336598305,0.9515832371592765,0.9957356076740274,0.9554770957795483,0.7030710651961626,0.4620317698790342,4,8.0,0.962330506962343,1,1,1,1.0,1,1.0,0,cju893jmdompz0817xn3g1w4h,kvasir-seg,unet,polypseg/runs_cv/unet_seed42_fold2/best.pth,True
0.9895831701619232,0.9793811236502342,0.9917114062342451,0.9874640490173529,0.9383511308978607,0.7462755308498151,4,5.0,0.6174345398185892,1,1,1,1.0,1,1.0,0,cju8alhigqn2h0801zksudldd,kvasir-seg,unet,polypseg/runs_cv/unet_seed42_fold2/best.pth,True
0.9652419823884048,0.9328190417082771,0.9817625458956272,0.9492682157049617,0.77846056167439,0.507246326822101,4,6.4031242374328485,0.8226730943325299,1,1,1,1.0,1,1.0,0,cju8ando2qqdo0818ck7i1be1,kvasir-seg,unet,polypseg/runs_cv/unet_seed42_fold2/best.pth,True
0.9866632323044752,0.9736775213913247,0.9867197114943567,0.9866067595770638,0.953791686776199,0.8748081790540956,3,3.1622776601683795,0.45440417933949656,1,1,1,1.0,1,1.0,0,cju8apjewqrk00801k5d71gky,kvasir-seg,unet,polypseg/runs_cv/unet_seed42_fold2/best.pth,True
0.9823147526260025,0.9652441706910229,0.9924907264906134,0.9723453288337852,0.9999999500000026,0.9269045630200307,4,2.8284271247461903,0.3523144860544718,1,1,1,1.0,1,1.0,0,cju8axq24r4an0755yhv9d4ly,kvasir-seg,unet,polypseg/runs_cv/unet_seed42_fold2/best.pth,True
0.9160742011893598,0.8451447527077416,0.9991977894553953,0.8457185967495607,0.5967005467858897,0.32560954679538834,4,16.278820596099706,2.032966602188064,1,1,1,1.0,1,1.0,0,cju8ayeq7r1fb0818z1junacy,kvasir-seg,unet,polypseg/runs_cv/unet_seed42_fold2/best.pth,True
0.979522316416038,0.9598664744690086,0.9807751937965489,0.9782726358907866,0.8200683964829915,0.65062251242736,4,8.06225774829855,1.056565281133573,1,1,1,1.0,1,1.0,0,cju8azmhcr66e0755t61atz72,kvasir-seg,unet,polypseg/runs_cv/unet_seed42_fold2/best.pth,True
0.9717600153428309,0.9450712186288208,0.946644321899441,0.9982447342014159,0.7181382260121096,0.46736211868243965,4,28.120191760493086,3.3852928989656332,1,1,1,1.0,1,1.0,0,cju8b1v3br45u087189kku66u,kvasir-seg,unet,polypseg/runs_cv/unet_seed42_fold2/best.pth,True
0.9502496497684894,0.9052148918635011,0.9993955421156071,0.905710764167997,0.7271154177837603,0.5947650621264048,4,10.770329614269007,1.3467489637987935,1,1,1,1.0,1,1.0,0,cju8b5p40r2c60987ofa0mu03,kvasir-seg,unet,polypseg/runs_cv/unet_seed42_fold2/best.pth,True
0.7644428545868758,0.6187029530967381,0.6232932898251393,0.9882366542357055,0.5235667389367259,0.3558190565904311,4,84.87461329690429,11.441983962162865,1,1,1,1.0,1,1.0,0,cju8b8yair65w09878pyqtr96,kvasir-seg,unet,polypseg/runs_cv/unet_seed42_fold2/best.pth,True
0.9650043546612045,0.9323752800383232,0.9950780858174284,0.9366951022683303,0.5356698582220516,0.38419943582870025,4,16.0312195418814,1.9651622146060372,1,1,1,1.0,1,1.0,0,cju8bljw9rqk20801kr54akrl,kvasir-seg,unet,polypseg/runs_cv/unet_seed42_fold2/best.pth,True
0.9184503424608388,0.8491984959346012,0.8491984959346012,0.9999999999883477,0.4789053092134142,0.13427556855500108,4,6.4031242374328485,0.7841850497224375,1,1,1,1.0,1,1.0,0,cju8brv16rx7f0818uf5n89pv,kvasir-seg,unet,polypseg/runs_cv/unet_seed42_fold2/best.pth,True
0.9834342645038255,0.9674084322976144,0.9748266914508059,0.9921951988628006,0.8813652049319792,0.6989580459073942,4,6.4031242374328485,0.8232154700541623,1,1,1,1.0,1,1.0,0,cju8bysfgrzkl081786jwac09,kvasir-seg,unet,polypseg/runs_cv/unet_seed42_fold2/best.pth,True
0.8239288894250567,0.7005774412928691,0.9989631490979409,0.7010872356812764,0.3691865845602768,0.2778852521303545,4,76.69419795525604,9.241331337675081,1,1,1,1.0,1,1.0,0,cju8c1a0ws7o208181c6lbsom,kvasir-seg,unet,polypseg/runs_cv/unet_seed42_fold2/best.pth,True
0.8553430046713276,0.7472483094603617,0.7938204554782585,0.9272029425865694,0.38924107809968916,0.2544774287775121,4,118.24784827795142,15.03781866942877,1,1,1,1.0,1,1.0,0,cju8c2rqzs5t80850d0zky5dy,kvasir-seg,unet,polypseg/runs_cv/unet_seed42_fold2/best.pth,True
0.9867286183281583,0.973804882064379,0.9821923119503096,0.9913070214641343,0.9925091131852564,0.8255535133854537,4,3.0,0.3895039787039234,1,1,1,1.0,1,1.0,0,cju8c9akjsdjj0850s67uzlxq,kvasir-seg,unet,polypseg/runs_cv/unet_seed42_fold2/best.pth,True
0.9829684253772939,0.9665072844389824,0.9776561683939743,0.9883387278172111,0.9426517221008766,0.6727878558096014,4,4.206780168668789,0.5060391115492708,1,1,1,1.0,1,1.0,0,cju8cdeazsm8h0801jxifmzur,kvasir-seg,unet,polypseg/runs_cv/unet_seed42_fold2/best.pth,True
0.9434952706336676,0.8930345926606071,0.903966597068666,0.9866390471156226,0.8392180258924435,0.7567603289475368,4,19.563464007248367,2.4007214240661794,1,1,1,1.0,1,1.0,0,cju8cgi2kspp308011nxdtjp6,kvasir-seg,unet,polypseg/runs_cv/unet_seed42_fold2/best.pth,True
0.9658283091863518,0.9339148593658309,0.9922575575460103,0.9407704443839495,0.832486888620654,0.7368646156453386,4,23.0,2.768890672559349,1,1,1,1.0,1,1.0,0,cju8czvnztbf40871b4m7t78w,kvasir-seg,unet,polypseg/runs_cv/unet_seed42_fold2/best.pth,True
0.9835607362461091,0.9676532295826947,0.9798279809397524,0.9873220409415207,0.9276386134444314,0.7001653394253644,4,5.0,0.6113744173328506,1,1,1,1.0,1,1.0,0,cju8d4jgatgpj0871q2ophhkm,kvasir-seg,unet,polypseg/runs_cv/unet_seed42_fold2/best.pth,True
0.9585767392442934,0.9204487506344963,0.9232441418083717,0.9967213114719699,0.7149040934778894,0.5064884944338583,4,13.45362404707371,1.6633247399143656,1,1,1,1.0,1,1.0,0,cju8djdqztu6408506pzhlo18,kvasir-seg,unet,polypseg/runs_cv/unet_seed42_fold2/best.pth,True
0.9134549977648934,0.8406968840552816,0.9910270223207593,0.8471452310432099,0.577184722259102,0.16808944039306295,9,230.5515126820902,13.396000519125096,1,1,1,1.0,1,1.0,0,cju8dqkrqu83i0818ev74qpxq,kvasir-seg,unet,polypseg/runs_cv/unet_seed42_fold2/best.pth,True
0.9270930156432191,0.8640944920300069,0.9817828919978323,0.8781746031724251,0.7321240137191898,0.5623787477952815,5,43.06038007730211,4.6700705173787895,1,1,1,1.0,1,1.0,0,cjyzkmjy8evns070165gf9dmq,kvasir-seg,unet,polypseg/runs_cv/unet_seed42_fold2/best.pth,True
0.975342570326181,0.9518718569548298,0.9600435819868126,0.9911370556387503,0.9244117592270473,0.4565344560451465,5,6.708203932499369,0.7275315580933107,1,1,1,1.0,1,1.0,0,ck2395w2mb4vu07480otsu6tw,kvasir-seg,unet,polypseg/runs_cv/unet_seed42_fold2/best.pth,True
0.9337994597141783,0.8758197209915594,0.9352559205440841,0.9323475280768397,0.7748937195327862,0.5827702203115056,5,18.35755975068582,1.9909508092774066,1,1,1,1.0,1,1.0,0,ck2bxlujamu330725szlc2jdu,kvasir-seg,unet,polypseg/runs_cv/unet_seed42_fold2/best.pth,True
0.6670926517553352,0.5004793863833403,0.857510177838315,0.5458761480378927,0.4010239523355863,0.3169094911126275,4,129.31655141541,15.826879648625642,1,1,1,1.0,1,1.0,0,ck2bxpfgxu2mk0748gsh7xelu,kvasir-seg,unet,polypseg/runs_cv/unet_seed42_fold2/best.pth,True
0.9625764988338552,0.9278529913307769,0.9604438360077799,0.9647186538774571,0.7883686910223668,0.5096587437301299,4,10.022015325445507,1.3165499342186093,1,1,1,1.0,1,1.0,0,149,cvc-300,unet,polypseg/runs_cv/unet_seed42_fold2/best.pth,True
0.9426339128576461,0.8914924776954178,0.9122615803773285,0.9750982961944803,0.7044941254588111,0.447677774618256,4,13.08422146142954,1.7188190543483362,1,1,1,1.0,1,1.0,0,150,cvc-300,unet,polypseg/runs_cv/unet_seed42_fold2/best.pth,True
0.9487631311387706,0.902520791690397,0.9390260262883081,0.9587042870773955,0.7586594126884573,0.48687087535539814,4,9.999621166289693,1.3136081078687123,1,1,1,1.0,1,1.0,0,151,cvc-300,unet,polypseg/runs_cv/unet_seed42_fold2/best.pth,True
0.8101884392649523,0.6809384494166707,0.6828979292406314,0.9958038505759765,0.49429760564959585,0.42034128804642545,4,120.20399327809372,15.790692221482269,1,2,1,1.0,1,1.0,1,152,cvc-300,unet,polypseg/runs_cv/unet_seed42_fold2/best.pth,True
0.7665276950542986,0.621438918393909,0.6332103321002056,0.9709543568391478,0.4199930459046097,0.364259280769882,4,66.06472431428146,8.678644526645785,1,1,1,1.0,1,1.0,0,153,cvc-300,unet,polypseg/runs_cv/unet_seed42_fold2/best.pth,True
0.46517488770915355,0.3030800603821524,0.3066041527118376,0.9634618622582635,0.2934896957480674,0.18199277864162022,4,180.3707277686876,23.694542671064244,1,1,1,1.0,0,0.0,0,154,cvc-300,unet,polypseg/runs_cv/unet_seed42_fold2/best.pth,True
0.7888134896122195,0.6512733446475295,0.6694122574293633,0.9600560616582234,0.3689497219907909,0.10803460281876812,4,45.6311245149138,5.994368600285533,1,1,1,1.0,1,1.0,0,155,cvc-300,unet,polypseg/runs_cv/unet_seed42_fold2/best.pth,True
0.9103852596260446,0.8355111452636925,0.9587953628911442,0.8666287015846624,0.5208306276149587,0.21860331741552666,4,9.433981132056603,1.2393023594061015,1,1,1,1.0,1,1.0,0,156,cvc-300,unet,polypseg/runs_cv/unet_seed42_fold2/best.pth,True
0.9495834530239184,0.9040065636414056,0.9108569853828761,0.991749174902614,0.916571910729038,0.5712657150814386,4,4.47213595499958,0.5874856609351319,1,1,1,1.0,1,1.0,0,157,cvc-300,unet,polypseg/runs_cv/unet_seed42_fold2/best.pth,True
0.9237783159928495,0.8583531903513588,0.8597189074402053,0.9981527093442403,0.6888451408922028,0.20932036581716035,4,5.385164807134504,0.7074264149834693,1,1,1,1.0,1,1.0,0,158,cvc-300,unet,polypseg/runs_cv/unet_seed42_fold2/best.pth,True
0.920862388836793,0.8533317524205201,0.8533317524205201,0.9999999999861053,0.6781264300146703,0.4593502973936096,4,9.0,1.1822920862916129,1,1,1,1.0,1,1.0,0,159,cvc-300,unet,polypseg/runs_cv/unet_seed42_fold2/best.pth,True
0.853279431234033,0.7441040602875747,0.7441040602875747,0.9999999999836628,0.27860691520507813,0.11567471955366256,4,13.0,1.7077552357545518,1,1,1,1.0,1,1.0,0,160,cvc-300,unet,polypseg/runs_cv/unet_seed42_fold2/best.pth,True
0.89332018037702,0.8072074366381357,0.8602252680029825,0.9290634618066971,0.5037782875343463,0.13383143673154424,4,10.0,1.3136578736573477,1,1,1,1.0,1,1.0,0,161,cvc-300,unet,polypseg/runs_cv/unet_seed42_fold2/best.pth,True
0.9157774054068631,0.8446396616098155,0.8663440680649701,0.9711934156196934,0.714216817513094,0.4542272191975626,4,10.0,1.3136578736573477,1,1,1,1.0,1,1.0,0,162,cvc-300,unet,polypseg/runs_cv/unet_seed42_fold2/best.pth,True
0.9154929577412795,0.844155844147003,0.8481532147653567,0.9944478716718761,0.6208552125695928,0.27910194000704225,4,8.587744886611352,1.1281358687257628,1,1,1,1.0,1,1.0,0,163,cvc-300,unet,polypseg/runs_cv/unet_seed42_fold2/best.pth,True
0.9054782855478026,0.827282157669197,0.8329706675878408,0.9918126230594692,0.5879347959522195,0.2640692141629749,4,13.0,1.7077552357545518,1,1,1,1.0,1,1.0,0,164,cvc-300,unet,polypseg/runs_cv/unet_seed42_fold2/best.pth,True
0.9600192871741873,0.9231125878917926,0.923183925804303,0.9999162969699512,0.9519805814067609,0.5108841922411258,4,4.092329219213245,0.5375920500417505,1,1,1,1.0,1,1.0,0,165,cvc-300,unet,polypseg/runs_cv/unet_seed42_fold2/best.pth,True
0.8754111842079552,0.7784277879301205,0.7869363185088872,0.9863004632628305,0.6335437047505674,0.33459882604424673,4,298.4039208641762,39.200066017344916,1,2,1,1.0,1,1.0,1,166,cvc-300,unet,polypseg/runs_cv/unet_seed42_fold2/best.pth,True
0.9726414527029484,0.9467400210587996,0.9723491223734989,0.9729339588479136,0.9828454131728617,0.8068101319264014,4,4.0,0.525463149462939,1,1,1,1.0,1,1.0,0,167,cvc-300,unet,polypseg/runs_cv/unet_seed42_fold2/best.pth,True
0.9422798427629661,0.8908593036785649,0.9457364340954355,0.9388484265365007,0.855653632389265,0.3777777279321054,4,5.0,0.6568289368286738,1,1,1,1.0,1,1.0,0,168,cvc-300,unet,polypseg/runs_cv/unet_seed42_fold2/best.pth,True
0.9493342555725863,0.9035549703678114,0.9325632750048194,0.9667194928599513,0.8006330762968991,0.5041026289797138,4,8.06225774829855,1.0591048370507348,1,1,1,1.0,1,1.0,0,169,cvc-300,unet,polypseg/runs_cv/unet_seed42_fold2/best.pth,True
0.9588046168413971,0.9208690629540993,0.956172725590717,0.9614510367817347,0.7022240902433486,0.43258126796668545,4,8.48528137423857,1.1146756687466535,1,1,1,1.0,1,1.0,0,170,cvc-300,unet,polypseg/runs_cv/unet_seed42_fold2/best.pth,True
0.9798702347355013,0.9605348928147793,0.9841990763692526,0.9755793057770252,0.836135448152232,0.5697822362871375,4,6.0,0.7881947241944085,1,1,1,1.0,1,1.0,0,171,cvc-300,unet,polypseg/runs_cv/unet_seed42_fold2/best.pth,True
0.9307140336376266,0.8704070406944949,0.8716536300443797,0.9983596214385065,0.7526231826557949,0.44604482312345817,4,9.0,1.1822920862916129,1,1,1,1.0,1,1.0,0,172,cvc-300,unet,polypseg/runs_cv/unet_seed42_fold2/best.pth,True
0.9202936301164087,0.8523554697705732,0.8598230088419484,0.9899133978503319,0.5872070610468119,0.41436704992559564,4,12.122149391964985,1.592435699440543,1,1,1,1.0,1,1.0,0,173,cvc-300,unet,polypseg/runs_cv/unet_seed42_fold2/best.pth,True
0.9333098094511096,0.8749586503376892,0.8938830685941884,0.9763750461304741,0.6931125910822615,0.4161236721797981,4,8.0,1.050926298925878,1,1,1,1.0,1,1.0,0,174,cvc-300,unet,polypseg/runs_cv/unet_seed42_fold2/best.pth,True
0.9527132419302491,0.9096966371332625,0.9480434604938481,0.9574292550040637,0.8088084571652835,0.454252714843313,4,5.385164807134504,0.7074264149834693,1,1,1,1.0,1,1.0,0,175,cvc-300,unet,polypseg/runs_cv/unet_seed42_fold2/best.pth,True
0.9166787422079529,0.8461744248204509,0.8507261968743227,0.9937166195335083,0.48734765387457046,0.2846623016312225,4,11.40175425099138,1.497800424532096,1,1,1,1.0,1,1.0,0,176,cvc-300,unet,polypseg/runs_cv/unet_seed42_fold2/best.pth,True
0.8773622382334864,0.7815185522112877,0.7816766103672598,0.9997413346999516,0.3405745580555199,0.15823586341007936,4,14.799999999999955,1.9442136530128684,1,1,1,1.0,1,1.0,0,177,cvc-300,unet,polypseg/runs_cv/unet_seed42_fold2/best.pth,True
0.9391048216626809,0.8852003862761322,0.8974421735295871,0.9848240665997203,0.829969940200886,0.4064824154733478,4,5.0,0.6568289368286738,1,1,1,1.0,1,1.0,0,178,cvc-300,unet,polypseg/runs_cv/unet_seed42_fold2/best.pth,True
0.8966068776368296,0.8125905984591779,0.825063078208315,0.9817363022143891,0.4609668610783934,0.2815486198737667,4,11.045084971874736,1.4509462838517693,1,1,1,1.0,1,1.0,0,179,cvc-300,unet,polypseg/runs_cv/unet_seed42_fold2/best.pth,True
0.8951145188214059,0.8101423487496432,0.8117311463670783,0.997589833472118,0.31172043523973425,0.15950915247432015,4,15.556349186104045,2.043572059368865,1,1,1,1.0,1,1.0,0,180,cvc-300,unet,polypseg/runs_cv/unet_seed42_fold2/best.pth,True
0.9328318108498225,0.8741188318147567,0.9127234489923265,0.9538461538366249,0.6453385082162661,0.24001888316136133,4,7.644944591370316,1.004284165612777,1,1,1,1.0,1,1.0,0,181,cvc-300,unet,polypseg/runs_cv/unet_seed42_fold2/best.pth,True
0.9036173250779175,0.824180594738179,0.8334064969179827,0.9867463617335402,0.4228210460117832,0.24303735761074347,4,11.089418372222204,1.4567701758950145,1,1,1,1.0,1,1.0,0,182,cvc-300,unet,polypseg/runs_cv/unet_seed42_fold2/best.pth,True
0.9115411736980996,0.8374604088563568,0.838426059371023,0.9986266094249163,0.629876076507836,0.36942919161646737,4,8.602325267042627,1.1300512318812093,1,1,1,1.0,1,1.0,0,183,cvc-300,unet,polypseg/runs_cv/unet_seed42_fold2/best.pth,True
0.9237039685311139,0.8582248206104408,0.8592523613029234,0.9986085343073808,0.6719251488609435,0.34354281706513506,4,7.0,0.9195605115601433,1,1,1,1.0,1,1.0,0,184,cvc-300,unet,polypseg/runs_cv/unet_seed42_fold2/best.pth,True
0.8251838472348706,0.7023940259015508,0.7023940259015508,0.9999999999687305,0.49384768504200643,0.20897675233253066,4,14.005350327142729,1.8398238730580554,1,1,1,1.0,1,1.0,0,185,cvc-300,unet,polypseg/runs_cv/unet_seed42_fold2/best.pth,True
0.9295703666255567,0.8684086628797456,0.9135710747668755,0.9461400358823765,0.8327774631110242,0.5272453087559642,4,6.0,0.7881947241944085,1,1,1,1.0,1,1.0,0,186,cvc-300,unet,polypseg/runs_cv/unet_seed42_fold2/best.pth,True
0.9172001707115108,0.8470634607637552,0.8565165404372954,0.9871382636429229,0.7391448964453793,0.3928642285799052,4,6.0,0.7881947241944085,1,1,1,1.0,1,1.0,0,187,cvc-300,unet,polypseg/runs_cv/unet_seed42_fold2/best.pth,True
0.9153598042385123,0.8439294503518473,0.8442757488542414,0.9995142093514814,0.6877927303973166,0.4471001909371882,4,7.0,0.9195605115601433,1,1,1,1.0,1,1.0,0,188,cvc-300,unet,polypseg/runs_cv/unet_seed42_fold2/best.pth,True
0.9472467787545661,0.8997804610219562,0.9255871725279404,0.9699443852683711,0.8031770216007712,0.4685210521995061,4,6.0,0.7881947241944085,1,1,1,1.0,1,1.0,0,189,cvc-300,unet,polypseg/runs_cv/unet_seed42_fold2/best.pth,True
0.9018916536653204,0.8213139046576771,0.8214153390043051,0.9998496692573685,0.4831059249748462,0.34071601997901596,4,9.0,1.1822920862916129,1,1,1,1.0,1,1.0,0,190,cvc-300,unet,polypseg/runs_cv/unet_seed42_fold2/best.pth,True
0.9496016840675708,0.9040396101783712,0.9046083674040216,0.9993050125879653,0.8414002928499419,0.3858258877716495,4,6.449999999999989,0.8473093285089877,1,1,1,1.0,1,1.0,0,191,cvc-300,unet,polypseg/runs_cv/unet_seed42_fold2/best.pth,True
0.9440416062362151,0.894014017797935,0.9351099663073597,0.9531455114515485,0.7627578824709008,0.49643954414044955,4,8.0,1.050926298925878,1,1,1,1.0,1,1.0,0,192,cvc-300,unet,polypseg/runs_cv/unet_seed42_fold2/best.pth,True
0.9083804456230945,0.8321401370842944,0.8378834355763966,0.9918300653504735,0.5983772320379882,0.3959009219530736,4,18.635407794480734,2.448055017803512,1,1,1,1.0,1,1.0,0,193,cvc-300,unet,polypseg/runs_cv/unet_seed42_fold2/best.pth,True
0.9101565512419597,0.8351259552728904,0.8444476244930992,0.9869543401824138,0.6189593867927756,0.41228415034239235,4,16.0,2.101852597851756,1,1,1,1.0,1,1.0,0,194,cvc-300,unet,polypseg/runs_cv/unet_seed42_fold2/best.pth,True
0.890874659717772,0.8032227083469936,0.8077046893356828,0.9931389365220591,0.5906668320052822,0.3953235610291717,4,16.0,2.101852597851756,1,1,1,1.0,1,1.0,0,195,cvc-300,unet,polypseg/runs_cv/unet_seed42_fold2/best.pth,True
0.931811461346432,0.8723286457660022,0.8753333333236073,0.9960804147048163,0.7839923007799887,0.367730805042493,4,8.0,1.050926298925878,1,1,1,1.0,1,1.0,0,196,cvc-300,unet,polypseg/runs_cv/unet_seed42_fold2/best.pth,True
0.9375295043243508,0.8824052132649146,0.8978300180777707,0.9809022061180052,0.6708953678323082,0.4903338691751065,4,12.0,1.576389448388817,1,1,1,1.0,1,1.0,0,197,cvc-300,unet,polypseg/runs_cv/unet_seed42_fold2/best.pth,True
0.8626229508126014,0.758431824722421,0.758431824722421,0.9999999999809959,0.4565577807100678,0.10707813282038563,4,13.0,1.7077552357545518,1,1,1,1.0,1,1.0,0,198,cvc-300,unet,polypseg/runs_cv/unet_seed42_fold2/best.pth,True
0.8928088434121667,0.8063728093382222,0.8262052453931199,0.9710923509724854,0.6282864414579107,0.2605803336355658,4,19.0,2.4959499599489603,1,1,1,1.0,1,1.0,0,199,cvc-300,unet,polypseg/runs_cv/unet_seed42_fold2/best.pth,True
0.921537980609341,0.8544927536066765,0.8975035518388979,0.9468950749261907,0.6909451452017419,0.4838014329253565,4,6.0,0.7881947241944085,1,1,1,1.0,1,1.0,0,200,cvc-300,unet,polypseg/runs_cv/unet_seed42_fold2/best.pth,True
0.9011369253472425,0.8200629779392699,0.8202474690479135,0.9997258020016527,0.7049515305404703,0.5381299632071652,4,10.0,1.3136578736573477,1,1,1,1.0,1,1.0,0,201,cvc-300,unet,polypseg/runs_cv/unet_seed42_fold2/best.pth,True
0.9405884033088613,0.8878403882368308,0.8964609800281628,0.9892849989886913,0.7058695226053829,0.3753686156614902,4,6.708203932499369,0.8812284914026979,1,1,1,1.0,1,1.0,0,202,cvc-300,unet,polypseg/runs_cv/unet_seed42_fold2/best.pth,True
0.924416303911592,0.859455481961498,0.8655057428570396,0.9919320594339429,0.6927122559925067,0.4897318302340401,4,9.871529131526685,1.2967811968667908,1,1,1,1.0,1,1.0,0,203,cvc-300,unet,polypseg/runs_cv/unet_seed42_fold2/best.pth,True
0.5117849758751772,0.3438918217991674,0.35912564077416453,0.8901941980127022,0.26184744522942066,0.15252556172929568,4,61.653059112640804,8.099102653838248,1,1,1,1.0,0,0.0,0,204,cvc-300,unet,polypseg/runs_cv/unet_seed42_fold2/best.pth,True
0.4134028027271523,0.2605593930442695,0.2625513464141653,0.9717060810400463,0.3499017184158823,0.2838333900824466,4,51.852120222443325,6.811594599604005,1,1,1,1.0,0,0.0,0,205,cvc-300,unet,polypseg/runs_cv/unet_seed42_fold2/best.pth,True
0.7786177105691394,0.6374889478149871,0.6433670434073954,0.9858705560170524,0.5740344376891774,0.33776086082476825,4,14.866068747318506,1.9528928260246379,1,1,1,1.0,1,1.0,0,206,cvc-300,unet,polypseg/runs_cv/unet_seed42_fold2/best.pth,True
0.4610558530951717,0.2995923237516198,0.2996221161465829,0.9996682149635147,0.40905008696663875,0.3619404258757953,4,61.0,8.01331302930982,1,1,1,1.0,0,0.0,0,207,cvc-300,unet,polypseg/runs_cv/unet_seed42_fold2/best.pth,True
0.8056478405092568,0.6745479832788805,0.7121879588491342,0.9273422561550451,0.6547883687283336,0.4566038876011477,4,9.93954312071844,1.3057159081088503,1,1,1,1.0,1,1.0,0,208,cvc-300,unet,polypseg/runs_cv/unet_seed42_fold2/best.pth,True
0.5875959344509952,0.41602537742809126,0.9936859828680555,0.41712804805974124,0.4058732592609232,0.4058732592609232,2,60.126910058151466,12.526439595448222,1,1,1,1.0,0,0.0,0,1,cvc-clinicdb,unet,polypseg/runs_cv/unet_seed42_fold2/best.pth,True
0.8570804468549675,0.7499044394651345,0.9963000580310772,0.7519986857915234,0.4634453353934527,0.4634453353934527,2,55.74018402921996,11.612538339420826,1,1,1,1.0,1,1.0,0,10,cvc-clinicdb,unet,polypseg/runs_cv/unet_seed42_fold2/best.pth,True
0.9777992945502607,0.9565629228557976,0.9758420761875229,0.9797643797508002,0.9281999558756885,0.9281999558756885,2,2.23606797749979,0.4658474953124562,1,1,1,1.0,1,1.0,0,100,cvc-clinicdb,unet,polypseg/runs_cv/unet_seed42_fold2/best.pth,True
0.959874015741985,0.9228439922368841,0.9466948310021535,0.9734253225888153,0.6545920777810158,0.6545920777810158,2,4.123105625617661,0.858980338670346,1,1,1,1.0,1,1.0,0,101,cvc-clinicdb,unet,polypseg/runs_cv/unet_seed42_fold2/best.pth,True
0.9636545933013932,0.9298585076680389,0.9475046210604128,0.9803646563689868,0.7207295938448084,0.7207295938448084,2,4.242640687119285,0.8838834764831843,1,1,1,1.0,1,1.0,0,102,cvc-clinicdb,unet,polypseg/runs_cv/unet_seed42_fold2/best.pth,True
0.9673724046181478,0.9368066560921472,0.9375495638289298,0.9991548700507167,0.7297627485900566,0.7297627485900566,2,4.368863084453436,0.9101798092611325,1,1,1,1.0,1,1.0,0,103,cvc-clinicdb,unet,polypseg/runs_cv/unet_seed42_fold2/best.pth,True
0.9245466671440047,0.8596808795866205,0.885810997507006,0.9668250018776534,0.35481964844075675,0.35481964844075675,2,8.94427190999916,1.8633899812498247,1,1,1,1.0,1,1.0,0,104,cvc-clinicdb,unet,polypseg/runs_cv/unet_seed42_fold2/best.pth,True
0.959286182257638,0.9217578991490991,0.9734076231418677,0.9455686081496674,0.5405944923684562,0.5405944923684562,2,8.040467536394056,1.6750974034154282,1,1,1,1.0,1,1.0,0,105,cvc-clinicdb,unet,polypseg/runs_cv/unet_seed42_fold2/best.pth,True
0.8279890428584112,0.7064686876970752,0.989409839212579,0.7118514926874568,0.3918206167386772,0.3918206167386772,2,71.42456815554168,14.880118365737848,1,1,1,1.0,1,1.0,0,106,cvc-clinicdb,unet,polypseg/runs_cv/unet_seed42_fold2/best.pth,True
0.9139355313128719,0.8415113077197602,0.9322398359707343,0.8963361861674375,0.39851614259800583,0.39851614259800583,2,29.274562336608895,6.098867153460187,1,1,1,1.0,1,1.0,0,107,cvc-clinicdb,unet,polypseg/runs_cv/unet_seed42_fold2/best.pth,True
0.8820487429144467,0.7889867624585946,0.9678840929612563,0.8101975845125564,0.5417359646531591,0.5417359646531591,2,53.0,11.041666666666666,1,1,1,1.0,1,1.0,0,108,cvc-clinicdb,unet,polypseg/runs_cv/unet_seed42_fold2/best.pth,True
0.8718677266243331,0.7728417555287881,0.9681793770074638,0.7929839995557652,0.5408120203520844,0.5408120203520844,2,58.077534382926416,12.099486329776337,1,1,1,1.0,1,1.0,0,109,cvc-clinicdb,unet,polypseg/runs_cv/unet_seed42_fold2/best.pth,True
0.5520486815393426,0.38126190742810007,0.9688167449669826,0.3859987519124865,0.35282378193396086,0.35282378193396086,2,65.70079046086846,13.687664679347597,1,1,1,1.0,0,0.0,0,11,cvc-clinicdb,unet,polypseg/runs_cv/unet_seed42_fold2/best.pth,True
0.8968720702273568,0.8130263462844277,0.9761142804091827,0.8295297780898288,0.5554628417052312,0.5554628417052312,2,48.48161947265952,10.1003373901374,1,1,1,1.0,1,1.0,0,110,cvc-clinicdb,unet,polypseg/runs_cv/unet_seed42_fold2/best.pth,True
0.8833179247900855,0.7910200623790249,0.9836709285017302,0.8015451849508289,0.5352502797657751,0.5352502797657751,2,56.81017061463882,11.835452211383087,1,1,1,1.0,1,1.0,0,111,cvc-clinicdb,unet,polypseg/runs_cv/unet_seed42_fold2/best.pth,True
0.8880419044355505,0.7986289303328151,0.9827049952828336,0.8100139838377485,0.5303588170249846,0.5303588170249846,2,51.4674442932835,10.722384227767396,1,1,1,1.0,1,1.0,0,112,cvc-clinicdb,unet,polypseg/runs_cv/unet_seed42_fold2/best.pth,True
0.8964556374134038,0.8123421837906024,0.9902527749230936,0.8188900458914,0.6022364479488119,0.6022364479488119,2,48.109348078378076,10.0227808496621,1,1,1,1.0,1,1.0,0,113,cvc-clinicdb,unet,polypseg/runs_cv/unet_seed42_fold2/best.pth,True
0.9580892620718556,0.9195502332349803,0.9388995521399769,0.9780797570963895,0.4144580848352217,0.4144580848352217,2,9.0,1.875,1,1,1,1.0,1,1.0,0,114,cvc-clinicdb,unet,polypseg/runs_cv/unet_seed42_fold2/best.pth,True
0.49000199959763047,0.32450506521668204,0.9529457514883737,0.3297893816006339,0.22286827397625425,0.22286827397625425,2,173.92871801650568,36.23514958677202,1,1,1,1.0,0,0.0,0,115,cvc-clinicdb,unet,polypseg/runs_cv/unet_seed42_fold2/best.pth,True
0.5199680885986204,0.35132221446920336,0.9878744650323132,0.3528437679106245,0.21244644855307082,0.21244644855307082,2,169.17032413600973,35.24381752833536,1,1,1,1.0,0,0.0,0,116,cvc-clinicdb,unet,polypseg/runs_cv/unet_seed42_fold2/best.pth,True
0.5581103022020735,0.3870686523764107,0.9756454861568277,0.3908450704196681,0.36513102681496307,0.36513102681496307,2,164.5733876933067,34.28612243610556,1,1,1,1.0,0,0.0,0,117,cvc-clinicdb,unet,polypseg/runs_cv/unet_seed42_fold2/best.pth,True
0.2846437820249896,0.16593858409247117,0.9900344959375227,0.1662162162151466,0.15584198339830665,0.15584198339830665,2,193.65032901001305,40.34381854375272,1,1,0,0.0,0,0.0,1,118,cvc-clinicdb,unet,polypseg/runs_cv/unet_seed42_fold2/best.pth,True
0.4977234741484772,0.3313128212972354,0.9601956859915456,0.33592655982312175,0.284170976850054,0.284170976850054,2,177.16742699801569,36.9098806245866,1,1,1,1.0,0,0.0,0,119,cvc-clinicdb,unet,polypseg/runs_cv/unet_seed42_fold2/best.pth,True
0.6733388361517918,0.5075439415130364,0.9875160777711468,0.51082149426437,0.41454730982527427,0.41454730982527427,2,71.449282711585,14.885267231580208,1,1,1,1.0,1,1.0,0,12,cvc-clinicdb,unet,polypseg/runs_cv/unet_seed42_fold2/best.pth,True
0.5377459596153052,0.3677513925513471,0.978318515036994,0.37077323244046595,0.19924446964939377,0.19924446964939377,2,166.43316977093238,34.67357703561091,1,1,1,1.0,0,0.0,0,120,cvc-clinicdb,unet,polypseg/runs_cv/unet_seed42_fold2/best.pth,True
0.5021599685800839,0.3352560741109639,0.9879807692138053,0.3366290294252815,0.21784860010964774,0.21784860010964774,2,180.3995565404749,37.58324094593227,1,1,1,1.0,0,0.0,0,121,cvc-clinicdb,unet,polypseg/runs_cv/unet_seed42_fold2/best.pth,True
0.0,0.0,0.0,0.0,0.0,0.0,2,,,1,0,0,0.0,0,0.0,0,122,cvc-clinicdb,unet,polypseg/runs_cv/unet_seed42_fold2/best.pth,True
0.7876572327013064,0.6496984631304734,0.9946391343095935,0.6519815188348279,0.33084716192751074,0.33084716192751074,2,103.22436443314645,21.50507592357218,1,1,1,1.0,1,1.0,0,123,cvc-clinicdb,unet,polypseg/runs_cv/unet_seed42_fold2/best.pth,True
0.8116488581576519,0.6830042313076927,0.9896117166128268,0.6879365455150471,0.34391584234124045,0.34391584234124045,2,95.76256912322717,19.95053523400566,1,1,1,1.0,1,1.0,0,124,cvc-clinicdb,unet,polypseg/runs_cv/unet_seed42_fold2/best.pth,True
0.8748331450822732,0.7775141449098601,0.9369844935561752,0.8204140587306652,0.4772973369236279,0.4772973369236279,2,46.0,9.583333333333334,1,1,1,1.0,1,1.0,0,125,cvc-clinicdb,unet,polypseg/runs_cv/unet_seed42_fold2/best.pth,True
0.8787182966241586,0.7836730894463029,0.9764555787407044,0.7987666034079813,0.6980056486879199,0.6980056486879199,2,50.64433498363032,10.55090312158965,1,1,1,1.0,1,1.0,0,126,cvc-clinicdb,unet,polypseg/runs_cv/unet_seed42_fold2/best.pth,True
0.9472513210257971,0.8997886579623144,0.901853486303586,0.9974619289145361,0.6100243481571987,0.6100243481571987,2,5.0,1.0416666666666667,1,1,1,1.0,1,1.0,0,127,cvc-clinicdb,unet,polypseg/runs_cv/unet_seed42_fold2/best.pth,True
0.964722483529596,0.9318491594588544,0.9348222424652868,0.9965986394396404,0.782659520456957,0.782659520456957,2,2.8284271247461903,0.5892556509887896,1,1,1,1.0,1,1.0,0,128,cvc-clinicdb,unet,polypseg/runs_cv/unet_seed42_fold2/best.pth,True
0.9702629638672262,0.9422434367429325,0.9438202247078195,0.9982300884829554,0.8265059741036465,0.8265059741036465,2,3.605551275463989,0.7511565157216644,1,1,1,1.0,1,1.0,0,129,cvc-clinicdb,unet,polypseg/runs_cv/unet_seed42_fold2/best.pth,True
0.8876925495092436,0.7980640146908919,0.9862044878984876,0.8070739549781559,0.5398042853424998,0.5398042853424998,2,25.495097567963924,5.311478659992485,1,1,1,1.0,1,1.0,0,13,cvc-clinicdb,unet,polypseg/runs_cv/unet_seed42_fold2/best.pth,True
0.9660697455185387,0.9343664539568426,0.9354750387794517,0.9987333138361225,0.6511782255262687,0.6511782255262687,2,3.605551275463989,0.7511565157216644,1,1,1,1.0,1,1.0,0,130,cvc-clinicdb,unet,polypseg/runs_cv/unet_seed42_fold2/best.pth,True
0.9717640480804596,0.9450788471909998,0.9579276134396663,0.9860060514278932,0.7293006793040548,0.7293006793040548,2,3.406078148580945,0.7095996142876968,1,1,1,1.0,1,1.0,0,131,cvc-clinicdb,unet,polypseg/runs_cv/unet_seed42_fold2/best.pth,True
0.9751943724456201,0.9515895953585335,0.9678486128795177,0.9826524901887213,0.9567801172645611,0.9567801172645611,2,2.0,0.4166666666666667,1,1,1,1.0,1,1.0,0,132,cvc-clinicdb,unet,polypseg/runs_cv/unet_seed42_fold2/best.pth,True
0.9775072092215474,0.9560040110183504,0.9638569442567438,0.9915496619735888,0.927150103217756,0.927150103217756,2,2.8284271247461903,0.5892556509887896,1,1,1,1.0,1,1.0,0,133,cvc-clinicdb,unet,polypseg/runs_cv/unet_seed42_fold2/best.pth,True
0.9778454721616044,0.956651313994085,0.9644905763320883,0.9915754001545694,0.9538629659651697,0.9538629659651697,2,2.0,0.4166666666666667,1,1,1,1.0,1,1.0,0,134,cvc-clinicdb,unet,polypseg/runs_cv/unet_seed42_fold2/best.pth,True
0.9718300821324055,0.9452037695753279,0.9875456442293457,0.9566068721516131,0.7422301615103446,0.7422301615103446,2,6.299875149062152,1.3124739893879485,1,1,1,1.0,1,1.0,0,135,cvc-clinicdb,unet,polypseg/runs_cv/unet_seed42_fold2/best.pth,True
0.977816824068461,0.9565964761426973,0.9603106125901616,0.995973154354989,0.8082528366199079,0.8082528366199079,2,5.0,1.0416666666666667,1,1,1,1.0,1,1.0,0,136,cvc-clinicdb,unet,polypseg/runs_cv/unet_seed42_fold2/best.pth,True
0.9724693988345554,0.9464140510575181,0.9488057389667497,0.9973436161011366,0.8119428698682821,0.8119428698682821,2,6.0,1.25,1,1,1,1.0,1,1.0,0,137,cvc-clinicdb,unet,polypseg/runs_cv/unet_seed42_fold2/best.pth,True
0.9780406330404193,0.9570249705232181,0.9623363327713651,0.9942659911986067,0.7332407245710209,0.7332407245710209,2,3.605551275463989,0.7511565157216644,1,1,1,1.0,1,1.0,0,138,cvc-clinicdb,unet,polypseg/runs_cv/unet_seed42_fold2/best.pth,True
0.9806473462649846,0.9620295220420426,0.9670324427434779,0.9946510943125201,0.7582800987466578,0.7582800987466578,2,3.605551275463989,0.7511565157216644,1,1,1,1.0,1,1.0,0,139,cvc-clinicdb,unet,polypseg/runs_cv/unet_seed42_fold2/best.pth,True
0.27470908822995027,0.15922479296440184,0.942633308037841,0.16078279236104667,0.3271686274034377,0.3271686274034377,2,141.19129871096254,29.414853898117197,1,2,0,0.0,0,0.0,2,14,cvc-clinicdb,unet,polypseg/runs_cv/unet_seed42_fold2/best.pth,True
0.9875027215306172,0.9753139514838495,0.9804158920886238,0.9946927496776407,0.9061138087814402,0.9061138087814402,2,3.0,0.625,1,1,1,1.0,1,1.0,0,140,cvc-clinicdb,unet,polypseg/runs_cv/unet_seed42_fold2/best.pth,True
0.9742613331470164,0.9498143773170779,0.9843651626408382,0.964362813963731,0.6220438208291764,0.6220438208291764,2,7.0710678118654755,1.473139127471974,1,1,1,1.0,1,1.0,0,141,cvc-clinicdb,unet,polypseg/runs_cv/unet_seed42_fold2/best.pth,True
0.9763067317678373,0.9537102197163433,0.9600535243379902,0.993119732927602,0.7067071245749466,0.7067071245749466,2,6.0,1.25,1,1,1,1.0,1,1.0,0,142,cvc-clinicdb,unet,polypseg/runs_cv/unet_seed42_fold2/best.pth,True
0.9510667657260262,0.906699048757201,0.9208633093335897,0.9833187005929913,0.7155703648509789,0.7155703648509789,2,5.0,1.0416666666666667,1,1,1,1.0,1,1.0,0,143,cvc-clinicdb,unet,polypseg/runs_cv/unet_seed42_fold2/best.pth,True
0.9771328317791872,0.9552880981396866,0.9591920135386818,0.9957575757515408,0.757064049685558,0.757064049685558,2,4.0,0.8333333333333334,1,1,1,1.0,1,1.0,0,144,cvc-clinicdb,unet,polypseg/runs_cv/unet_seed42_fold2/best.pth,True
0.9850380181484045,0.9705171580431016,0.9902268447906831,0.9799032873387166,0.8191645035858489,0.8191645035858489,2,3.1622776601683795,0.6588078458684125,1,1,1,1.0,1,1.0,0,145,cvc-clinicdb,unet,polypseg/runs_cv/unet_seed42_fold2/best.pth,True
0.9828630388924166,0.9663035328321514,0.989566395659487,0.9762498885973787,0.8014444507626511,0.8014444507626511,2,3.605551275463989,0.7511565157216644,1,1,1,1.0,1,1.0,0,146,cvc-clinicdb,unet,polypseg/runs_cv/unet_seed42_fold2/best.pth,True
0.9788293897847087,0.9585365853589775,0.9687522656349687,0.9891183655267665,0.8574198324690425,0.8574198324690425,2,3.1622776601683795,0.6588078458684125,1,1,1,1.0,1,1.0,0,147,cvc-clinicdb,unet,polypseg/runs_cv/unet_seed42_fold2/best.pth,True
0.9730103123255883,0.9474392235903965,0.952288970437007,0.9946534853122702,0.8340954581242577,0.8340954581242577,2,4.0,0.8333333333333334,1,1,1,1.0,1,1.0,0,148,cvc-clinicdb,unet,polypseg/runs_cv/unet_seed42_fold2/best.pth,True
0.9783308302886808,0.9575808483729779,0.9648751586863639,0.9921671018168824,0.9036884745910067,0.9036884745910067,2,2.8284271247461903,0.5892556509887896,1,1,1,1.0,1,1.0,0,149,cvc-clinicdb,unet,polypseg/runs_cv/unet_seed42_fold2/best.pth,True
0.10028728127422228,0.052790761616571924,0.928882438271462,0.053004996825075215,0.20332631660177788,0.20332631660177788,2,230.44044532822045,48.008426110045924,1,1,0,0.0,0,0.0,1,15,cvc-clinicdb,unet,polypseg/runs_cv/unet_seed42_fold2/best.pth,True
0.9666839288741199,0.9355162044666943,0.9455200360091679,0.9888169511360939,0.7719452940853284,0.7719452940853284,2,3.1622776601683795,0.6588078458684125,1,1,1,1.0,1,1.0,0,150,cvc-clinicdb,unet,polypseg/runs_cv/unet_seed42_fold2/best.pth,True
0.9598924807175504,0.9228781283878825,0.9321335348134067,0.9893554972150868,0.7322469368637832,0.7322469368637832,2,4.0,0.8333333333333334,1,1,1,1.0,1,1.0,0,151,cvc-clinicdb,unet,polypseg/runs_cv/unet_seed42_fold2/best.pth,True
0.9133689279708088,0.8405510862717831,0.9964024668741639,0.8431097796634948,0.3358768094497541,0.3358768094497541,2,21.213203435596427,4.419417382415921,1,1,1,1.0,1,1.0,0,152,cvc-clinicdb,unet,polypseg/runs_cv/unet_seed42_fold2/best.pth,True
0.9440454817403946,0.8940209691003964,0.8950354609802122,0.9987337764957466,0.6365726930255805,0.6365726930255805,2,6.420467473377411,1.337597390286961,1,1,1,1.0,1,1.0,0,153,cvc-clinicdb,unet,polypseg/runs_cv/unet_seed42_fold2/best.pth,True
0.0,0.0,0.0,0.0,0.0,0.0,2,,,1,0,0,0.0,0,0.0,0,154,cvc-clinicdb,unet,polypseg/runs_cv/unet_seed42_fold2/best.pth,True
0.9230769230499247,0.8571428570962986,0.9074180563020461,0.9392857142298043,0.8128078318037352,0.8128078318037352,2,3.0,0.625,1,1,1,1.0,1,1.0,0,155,cvc-clinicdb,unet,polypseg/runs_cv/unet_seed42_fold2/best.pth,True
0.9658932962582497,0.9340363936944989,0.9693133047002294,0.9624973364380461,0.9076559748884834,0.9076559748884834,2,2.59148346584761,0.5398923887182521,1,1,1,1.0,1,1.0,0,156,cvc-clinicdb,unet,polypseg/runs_cv/unet_seed42_fold2/best.pth,True
0.9560232024756776,0.9157513890565222,0.9676406335203763,0.944681418275864,0.7549341954858415,0.7549341954858415,2,7.280109889280518,1.5166895602667745,1,1,1,1.0,1,1.0,0,157,cvc-clinicdb,unet,polypseg/runs_cv/unet_seed42_fold2/best.pth,True
0.967023461985436,0.9361523968822242,0.9402859545639133,0.9953260627421472,0.9355004280482341,0.9355004280482341,2,2.23606797749979,0.4658474953124562,1,1,1,1.0,1,1.0,0,158,cvc-clinicdb,unet,polypseg/runs_cv/unet_seed42_fold2/best.pth,True
0.9498540726731267,0.9044972207728904,0.9127995919983274,0.9900442477328515,0.9201417498083896,0.9201417498083896,2,2.23606797749979,0.4658474953124562,1,1,1,1.0,1,1.0,0,159,cvc-clinicdb,unet,polypseg/runs_cv/unet_seed42_fold2/best.pth,True
0.8791424367625646,0.7843480434956326,0.9833855799218906,0.7948815405955292,0.6482231393061548,0.6482231393061548,2,20.518284528683193,4.274642610142332,1,1,1,1.0,1,1.0,0,16,cvc-clinicdb,unet,polypseg/runs_cv/unet_seed42_fold2/best.pth,True
0.9731551703324114,0.9477139507509059,0.9626101452612215,0.9839337877192802,0.8961824091059817,0.8961824091059817,2,2.8284271247461903,0.5892556509887896,1,1,1,1.0,1,1.0,0,160,cvc-clinicdb,unet,polypseg/runs_cv/unet_seed42_fold2/best.pth,True
0.9344213649712995,0.8769145084690361,0.8803466591870186,0.9955738222891062,0.6222330778340465,0.6222330778340465,2,4.0,0.8333333333333334,1,1,1,1.0,1,1.0,0,161,cvc-clinicdb,unet,polypseg/runs_cv/unet_seed42_fold2/best.pth,True
0.95620300750981,0.9160813974263267,0.9190605239219682,0.9964740450343492,0.7072177581012058,0.7072177581012058,2,3.1622776601683795,0.6588078458684125,1,1,1,1.0,1,1.0,0,162,cvc-clinicdb,unet,polypseg/runs_cv/unet_seed42_fold2/best.pth,True
0.9420687134416843,0.8904819485076787,0.8915600138206233,0.9986439364393909,0.6582728056822881,0.6582728056822881,2,5.61610083313869,1.1700210069038939,1,1,1,1.0,1,1.0,0,163,cvc-clinicdb,unet,polypseg/runs_cv/unet_seed42_fold2/best.pth,True
0.9438822446957393,0.8937282229705654,0.9163441500173759,0.9731267783441946,0.7750677006866903,0.7750677006866903,2,4.47213595499958,0.9316949906249123,1,1,1,1.0,1,1.0,0,164,cvc-clinicdb,unet,polypseg/runs_cv/unet_seed42_fold2/best.pth,True
0.9615616824246221,0.9259689922360986,0.9480158730033331,0.9755002041516878,0.6961777877218236,0.6961777877218236,2,3.605551275463989,0.7511565157216644,1,1,1,1.0,1,1.0,0,165,cvc-clinicdb,unet,polypseg/runs_cv/unet_seed42_fold2/best.pth,True
0.9710366868568411,0.9437038954193904,0.9486145440230439,0.9945444626160046,0.869332649507133,0.869332649507133,2,2.8284271247461903,0.5892556509887896,1,1,1,1.0,1,1.0,0,166,cvc-clinicdb,unet,polypseg/runs_cv/unet_seed42_fold2/best.pth,True
0.9616927119214259,0.9262120404654712,0.9326716737947245,0.9925777904369804,0.8409893492939136,0.8409893492939136,2,4.0,0.8333333333333334,1,1,1,1.0,1,1.0,0,167,cvc-clinicdb,unet,polypseg/runs_cv/unet_seed42_fold2/best.pth,True
0.9594370051709564,0.9220364455960542,0.9302501895198967,0.9905146316651763,0.8662581454419374,0.8662581454419374,2,2.8284271247461903,0.5892556509887896,1,1,1,1.0,1,1.0,0,168,cvc-clinicdb,unet,polypseg/runs_cv/unet_seed42_fold2/best.pth,True
0.97127162051094,0.944147784659487,0.9540615429348978,0.9891140005898229,0.8326929373567524,0.8326929373567524,2,3.0,0.625,1,1,1,1.0,1,1.0,0,169,cvc-clinicdb,unet,polypseg/runs_cv/unet_seed42_fold2/best.pth,True
0.7948574174912093,0.6595546693209734,0.9897267105426917,0.6641011912684774,0.5817672107968556,0.5817672107968556,2,46.59870930434827,9.70806443840589,1,1,1,1.0,1,1.0,0,17,cvc-clinicdb,unet,polypseg/runs_cv/unet_seed42_fold2/best.pth,True
0.9628017821887597,0.9282717282531814,0.9321829855350686,0.9955003213842832,0.8159800210441729,0.8159800210441729,2,2.8284271247461903,0.5892556509887896,1,1,1,1.0,1,1.0,0,170,cvc-clinicdb,unet,polypseg/runs_cv/unet_seed42_fold2/best.pth,True
0.9626872615524081,0.9280588446191593,0.9330808080639776,0.9942340956949023,0.7934847721333521,0.7934847721333521,2,3.0,0.625,1,1,1,1.0,1,1.0,0,171,cvc-clinicdb,unet,polypseg/runs_cv/unet_seed42_fold2/best.pth,True
0.9567446331150794,0.9170761670480014,0.9542984978921605,0.9592033407979698,0.8964124584109635,0.8964124584109635,2,2.8284271247461903,0.5892556509887896,1,1,1,1.0,1,1.0,0,172,cvc-clinicdb,unet,polypseg/runs_cv/unet_seed42_fold2/best.pth,True
0.9661228492423726,0.9344658101152499,0.9388373906182201,0.9950417776054077,0.7339767545174387,0.7339767545174387,2,5.656854249492381,1.1785113019775793,1,1,1,1.0,1,1.0,0,173,cvc-clinicdb,unet,polypseg/runs_cv/unet_seed42_fold2/best.pth,True
0.7924103213968655,0.6561916977573683,0.6684285544561799,0.9728585011585024,0.4069762059709914,0.4069762059709914,2,48.1397604721736,10.029116765036168,1,1,1,1.0,1,1.0,0,174,cvc-clinicdb,unet,polypseg/runs_cv/unet_seed42_fold2/best.pth,True
0.9790761680506049,0.9590100038913927,0.9861064725069393,0.9721453970698528,0.8518292348585366,0.8518292348585366,2,5.134807682497085,1.069751600520226,1,1,1,1.0,1,1.0,0,175,cvc-clinicdb,unet,polypseg/runs_cv/unet_seed42_fold2/best.pth,True
0.8075901328247704,0.6772756206202138,0.6776710365655874,0.9991392127631337,0.4751600206908612,0.4751600206908612,2,51.58878674312385,10.747663904817468,1,1,1,1.0,1,1.0,0,176,cvc-clinicdb,unet,polypseg/runs_cv/unet_seed42_fold2/best.pth,True
0.9036151310224975,0.8241769442378536,0.8342963268589114,0.98549664837312,0.5441605684867495,0.5441605684867495,2,26.0,5.416666666666667,1,1,1,1.0,1,1.0,0,177,cvc-clinicdb,unet,polypseg/runs_cv/unet_seed42_fold2/best.pth,True
0.729148753161724,0.5737483084473954,0.5737483084473954,0.9999999997641509,0.11981561922319314,0.11981561922319314,2,5.804837248042362,1.2093410933421587,1,1,1,1.0,1,1.0,0,178,cvc-clinicdb,unet,polypseg/runs_cv/unet_seed42_fold2/best.pth,True
0.8639769452325076,0.760527650919317,0.760527650919317,0.9999999999666445,0.19517111625007985,0.19517111625007985,2,11.045361017187261,2.3011168785806793,1,1,1,1.0,1,1.0,0,179,cvc-clinicdb,unet,polypseg/runs_cv/unet_seed42_fold2/best.pth,True
0.9388806071240959,0.8848020434151996,0.9916030534256526,0.8914815132461912,0.6457632930016228,0.6457632930016228,2,13.0,2.7083333333333335,1,1,1,1.0,1,1.0,0,18,cvc-clinicdb,unet,polypseg/runs_cv/unet_seed42_fold2/best.pth,True
0.9082875886877991,0.8319843021625709,0.8319843021625709,0.9999999999705189,0.5451823902187618,0.5451823902187618,2,8.94427190999916,1.8633899812498247,1,1,1,1.0,1,1.0,0,180,cvc-clinicdb,unet,polypseg/runs_cv/unet_seed42_fold2/best.pth,True
0.9108516092151687,0.8362970711078375,0.8398109243476941,0.9950217796827934,0.5149529702342485,0.5149529702342485,2,7.0,1.4583333333333333,1,1,1,1.0,1,1.0,0,181,cvc-clinicdb,unet,polypseg/runs_cv/unet_seed42_fold2/best.pth,True
0.9259901320052542,0.8621802830677383,0.8701754385746824,0.9894556853522527,0.6343443889540106,0.6343443889540106,2,8.06225774829855,1.679637030895531,1,1,1,1.0,1,1.0,0,182,cvc-clinicdb,unet,polypseg/runs_cv/unet_seed42_fold2/best.pth,True
0.9206707059191114,0.8530026109437858,0.8530026109437858,0.9999999999693909,0.5980284275525523,0.5980284275525523,2,6.0703481507534836,1.264655864740309,1,1,1,1.0,1,1.0,0,183,cvc-clinicdb,unet,polypseg/runs_cv/unet_seed42_fold2/best.pth,True
0.923550990448664,0.8579607415251375,0.8612479474312741,0.9955710217970398,0.5965322493768354,0.5965322493768354,2,6.25,1.3020833333333333,1,1,1,1.0,1,1.0,0,184,cvc-clinicdb,unet,polypseg/runs_cv/unet_seed42_fold2/best.pth,True
0.933689533432557,0.8756263421461055,0.8756263421461055,0.9999999999795627,0.4680565337744698,0.4680565337744698,2,5.0,1.0416666666666667,1,1,1,1.0,1,1.0,0,185,cvc-clinicdb,unet,polypseg/runs_cv/unet_seed42_fold2/best.pth,True
0.9630553575613978,0.9287432695505928,0.9328040501561062,0.9953345610681973,0.6826466749888,0.6826466749888,2,4.123105625617661,0.858980338670346,1,1,1,1.0,1,1.0,0,186,cvc-clinicdb,unet,polypseg/runs_cv/unet_seed42_fold2/best.pth,True
0.9636055063135447,0.9297671033411224,0.9539277180334981,0.9734816733904329,0.5208665799265699,0.5208665799265699,2,5.0,1.0416666666666667,1,1,1,1.0,1,1.0,0,187,cvc-clinicdb,unet,polypseg/runs_cv/unet_seed42_fold2/best.pth,True
0.9766288419592071,0.9543251578722696,0.9710101613794754,0.9823129251626431,0.7849017080145343,0.7849017080145343,2,3.0,0.625,1,1,1,1.0,1,1.0,0,188,cvc-clinicdb,unet,polypseg/runs_cv/unet_seed42_fold2/best.pth,True
0.9650983416798582,0.9325507732265222,0.958995976222284,0.9712788666607554,0.7866106803272643,0.7866106803272643,2,3.0,0.625,1,1,1,1.0,1,1.0,0,189,cvc-clinicdb,unet,polypseg/runs_cv/unet_seed42_fold2/best.pth,True
0.45355850422006755,0.293291731667689,0.9164565473034719,0.3013486623905519,0.2532996594025726,0.2532996594025726,2,73.24616030891995,15.25961673102499,1,2,0,0.0,0,0.0,2,19,cvc-clinicdb,unet,polypseg/runs_cv/unet_seed42_fold2/best.pth,True
0.941704035861243,0.8898305084510109,0.8950452850054597,0.9934949733591516,0.6656327783564331,0.6656327783564331,2,4.0,0.8333333333333334,1,1,1,1.0,1,1.0,0,190,cvc-clinicdb,unet,polypseg/runs_cv/unet_seed42_fold2/best.pth,True
0.8946780796094277,0.8094276093731024,0.8464788731798254,0.9486977110537728,0.5703101941681353,0.5703101941681353,2,3.605551275463989,0.7511565157216644,1,1,1,1.0,1,1.0,0,191,cvc-clinicdb,unet,polypseg/runs_cv/unet_seed42_fold2/best.pth,True
0.9384347825760545,0.8840104848699861,0.9407252440069229,0.9361554475408636,0.8074442642050913,0.8074442642050913,2,3.045429972770615,0.6344645776605448,1,1,1,1.0,1,1.0,0,192,cvc-clinicdb,unet,polypseg/runs_cv/unet_seed42_fold2/best.pth,True
0.9224171539781205,0.8560057886810418,0.8566256335678267,0.9991554053632115,0.677153178487539,0.677153178487539,2,5.0,1.0416666666666667,1,1,1,1.0,1,1.0,0,193,cvc-clinicdb,unet,polypseg/runs_cv/unet_seed42_fold2/best.pth,True
0.9545499949959588,0.9130517867205609,0.9153256704805494,0.9972865789814802,0.7593419331212233,0.7593419331212233,2,7.0710678118654755,1.473139127471974,1,1,1,1.0,1,1.0,0,194,cvc-clinicdb,unet,polypseg/runs_cv/unet_seed42_fold2/best.pth,True
0.9528818759483576,0.9100041858327752,0.9101946828362949,0.9997700620602491,0.6688945839665681,0.6688945839665681,2,3.605551275463989,0.7511565157216644,1,1,1,1.0,1,1.0,0,195,cvc-clinicdb,unet,polypseg/runs_cv/unet_seed42_fold2/best.pth,True
0.930222648333544,0.8695478988076171,0.8721534158834967,0.9965761241498157,0.5514225550746402,0.5514225550746402,2,5.830951894845301,1.2147816447594377,1,1,1,1.0,1,1.0,0,196,cvc-clinicdb,unet,polypseg/runs_cv/unet_seed42_fold2/best.pth,True
0.9293408439477285,0.8680081225610484,0.8697743248081803,0.9976660301082609,0.47166916905131523,0.47166916905131523,2,6.382102612161142,1.3296047108669045,1,1,1,1.0,1,1.0,0,197,cvc-clinicdb,unet,polypseg/runs_cv/unet_seed42_fold2/best.pth,True
0.9542329179098169,0.9124717484916279,0.9166150670605446,0.9950705803048382,0.7655022733628943,0.7655022733628943,2,6.062071897723665,1.2629316453590969,1,1,1,1.0,1,1.0,0,198,cvc-clinicdb,unet,polypseg/runs_cv/unet_seed42_fold2/best.pth,True
0.9430859121300249,0.8923013922831224,0.8944991789635777,0.9972540045538386,0.5886906895777928,0.5886906895777928,2,4.242640687119285,0.8838834764831843,1,1,1,1.0,1,1.0,0,199,cvc-clinicdb,unet,polypseg/runs_cv/unet_seed42_fold2/best.pth,True
0.6711853517485666,0.5051008074239467,0.9857520286753562,0.5088155074980089,0.5416350665108319,0.5416350665108319,2,66.83220469848033,13.923375978850068,1,1,1,1.0,1,1.0,0,2,cvc-clinicdb,unet,polypseg/runs_cv/unet_seed42_fold2/best.pth,True
0.3899856814319001,0.24222497709134788,0.9058657528541451,0.24847948689456772,0.2487244886539046,0.2487244886539046,2,92.954272655431,19.365473469881458,1,2,0,0.0,0,0.0,2,20,cvc-clinicdb,unet,polypseg/runs_cv/unet_seed42_fold2/best.pth,True
0.8008264462754764,0.6678152997855752,0.6681990575719089,0.999140745815447,0.13408611233018217,0.13408611233018217,2,29.120409167534806,6.066751909903085,1,1,1,1.0,1,1.0,0,200,cvc-clinicdb,unet,polypseg/runs_cv/unet_seed42_fold2/best.pth,True
0.0,0.0,0.0,0.0,0.0,0.0,2,,,1,0,0,0.0,0,0.0,0,201,cvc-clinicdb,unet,polypseg/runs_cv/unet_seed42_fold2/best.pth,True
0.598351299929,0.4268910604338239,0.9715815485596548,0.4322888033638943,0.3075578360938036,0.3075578360938036,2,30.847999013087623,6.426666461059922,1,1,1,1.0,0,0.0,0,202,cvc-clinicdb,unet,polypseg/runs_cv/unet_seed42_fold2/best.pth,True
0.0,0.0,0.0,0.0,0.0,0.0,2,,,1,0,0,0.0,0,0.0,0,203,cvc-clinicdb,unet,polypseg/runs_cv/unet_seed42_fold2/best.pth,True
0.0,0.0,0.0,0.0,0.0,0.0,2,,,1,0,0,0.0,0,0.0,0,204,cvc-clinicdb,unet,polypseg/runs_cv/unet_seed42_fold2/best.pth,True
0.0,0.0,0.0,0.0,0.0,0.0,2,,,1,0,0,0.0,0,0.0,0,205,cvc-clinicdb,unet,polypseg/runs_cv/unet_seed42_fold2/best.pth,True
0.7669425763013001,0.6219844766035033,0.8695014662629106,0.6860249884233454,0.2695026726602155,0.2695026726602155,2,134.6044074351102,28.042584882314625,1,1,1,1.0,1,1.0,0,206,cvc-clinicdb,unet,polypseg/runs_cv/unet_seed42_fold2/best.pth,True
0.713609947285352,0.5547383904123268,0.8689927583793781,0.6053657417953981,0.23030723715441084,0.23030723715441084,2,161.77224312278685,33.70255065058059,1,1,1,1.0,1,1.0,0,207,cvc-clinicdb,unet,polypseg/runs_cv/unet_seed42_fold2/best.pth,True
0.7285429141612697,0.5729984301284369,0.8933566433254072,0.6150698122143701,0.396143555704408,0.396143555704408,2,85.43175108922779,17.798281476922455,1,1,1,1.0,1,1.0,0,208,cvc-clinicdb,unet,polypseg/runs_cv/unet_seed42_fold2/best.pth,True
0.7414750198108352,0.5891619407501839,0.8446251128796466,0.6607773851356616,0.43173883781691486,0.43173883781691486,2,54.98971602418762,11.45619083837242,1,1,1,1.0,1,1.0,0,209,cvc-clinicdb,unet,polypseg/runs_cv/unet_seed42_fold2/best.pth,True
0.5983045701861276,0.426843490718647,0.989341983310246,0.4288153181788611,0.446068335911304,0.446068335911304,2,104.34796759467567,21.73915991555743,1,2,1,1.0,0,0.0,1,21,cvc-clinicdb,unet,polypseg/runs_cv/unet_seed42_fold2/best.pth,True
0.7185209211791145,0.5606965677818477,0.9138111214954413,0.5920039908758836,0.23280415343410582,0.23280415343410582,2,171.68688548800625,35.76810114333464,1,1,1,1.0,1,1.0,0,210,cvc-clinicdb,unet,polypseg/runs_cv/unet_seed42_fold2/best.pth,True
0.7480430393031061,0.59749900578588,0.9371404809693177,0.6224452218715594,0.31738030655356647,0.31738030655356647,2,177.5992671965439,36.999847332613314,1,1,1,1.0,1,1.0,0,211,cvc-clinicdb,unet,polypseg/runs_cv/unet_seed42_fold2/best.pth,True
0.8051490514877874,0.6738489453352583,0.9530072173139293,0.6970087976498709,0.4309520907008279,0.4309520907008279,2,170.41593913360873,35.50332065283515,1,1,1,1.0,1,1.0,0,212,cvc-clinicdb,unet,polypseg/runs_cv/unet_seed42_fold2/best.pth,True
0.8609505677539234,0.7558500477509799,0.9577912254087912,0.7818945288330128,0.5066072431477386,0.5066072431477386,2,131.51259489321848,27.39845726942052,1,1,1,1.0,1,1.0,0,213,cvc-clinicdb,unet,polypseg/runs_cv/unet_seed42_fold2/best.pth,True
0.889294034230278,0.8006565748604718,0.9614542268839087,0.8272093461388053,0.5383944328035872,0.5383944328035872,2,105.93062470961878,22.06888014783725,1,1,1,1.0,1,1.0,0,214,cvc-clinicdb,unet,polypseg/runs_cv/unet_seed42_fold2/best.pth,True
0.9786091127051385,0.9581141998407389,0.9615457115837742,0.9962890624902705,0.9221738273499955,0.9221738273499955,2,2.23606797749979,0.4658474953124562,1,1,1,1.0,1,1.0,0,215,cvc-clinicdb,unet,polypseg/runs_cv/unet_seed42_fold2/best.pth,True
0.9094502779456065,0.8339374716747172,0.9202499999923311,0.8989010988937818,0.44771164107758094,0.44771164107758094,2,59.89168738553077,12.477434871985578,1,1,1,1.0,1,1.0,0,216,cvc-clinicdb,unet,polypseg/runs_cv/unet_seed42_fold2/best.pth,True
0.9630244755202665,0.9286858298834301,0.9329325090953261,0.995122391825534,0.5745255394250959,0.5745255394250959,2,3.1622776601683795,0.6588078458684125,1,1,1,1.0,1,1.0,0,217,cvc-clinicdb,unet,polypseg/runs_cv/unet_seed42_fold2/best.pth,True
0.9561500888046395,0.9159842603327024,0.9165691177938005,0.9993038635456629,0.5642135368924686,0.5642135368924686,2,4.0,0.8333333333333334,1,1,1,1.0,1,1.0,0,218,cvc-clinicdb,unet,polypseg/runs_cv/unet_seed42_fold2/best.pth,True
0.8953169978172062,0.8104741324417125,0.8875278396312983,0.903244085551732,0.42796605239874164,0.42796605239874164,2,47.191983925336054,9.831663317778345,1,1,1,1.0,1,1.0,0,219,cvc-clinicdb,unet,polypseg/runs_cv/unet_seed42_fold2/best.pth,True
0.38038007962085124,0.23485761988640227,0.9759481961071851,0.2362248801144996,0.12600364444411039,0.12600364444411039,2,205.35090616181208,42.781438783710854,1,1,0,0.0,0,0.0,1,22,cvc-clinicdb,unet,polypseg/runs_cv/unet_seed42_fold2/best.pth,True
0.9468034122405175,0.8989807062086098,0.8989807062086098,0.999999999979753,0.684270696867323,0.684270696867323,2,4.123105625617661,0.858980338670346,1,1,1,1.0,1,1.0,0,220,cvc-clinicdb,unet,polypseg/runs_cv/unet_seed42_fold2/best.pth,True
0.898645492749899,0.8159457166917738,0.8534043024871723,0.9489519111973131,0.43519158542493047,0.43519158542493047,2,25.82158625043521,5.379497135507336,1,1,1,1.0,1,1.0,0,221,cvc-clinicdb,unet,polypseg/runs_cv/unet_seed42_fold2/best.pth,True
0.9094503756305595,0.8339376359479348,0.8339376359479348,0.9999999999710145,0.34621324212332516,0.34621324212332516,2,4.0,0.8333333333333334,1,1,1,1.0,1,1.0,0,222,cvc-clinicdb,unet,polypseg/runs_cv/unet_seed42_fold2/best.pth,True
0.9254434589672195,0.8612329120231821,0.8632368148690994,0.997311827927201,0.5784983065597706,0.5784983065597706,2,5.0,1.0416666666666667,1,1,1,1.0,1,1.0,0,223,cvc-clinicdb,unet,polypseg/runs_cv/unet_seed42_fold2/best.pth,True
0.9363858790469,0.8803812027315024,0.8806706114108919,0.9996268656343423,0.7008310296147947,0.7008310296147947,2,4.0,0.8333333333333334,1,1,1,1.0,1,1.0,0,224,cvc-clinicdb,unet,polypseg/runs_cv/unet_seed42_fold2/best.pth,True
0.9368155012505361,0.8811410459355219,0.8827732204053249,0.9979060723602182,0.7339545891755471,0.7339545891755471,2,4.0,0.8333333333333334,1,1,1,1.0,1,1.0,0,225,cvc-clinicdb,unet,polypseg/runs_cv/unet_seed42_fold2/best.pth,True
0.9545078577248919,0.912974683528253,0.918464803662567,0.9934953127799216,0.7514496409537103,0.7514496409537103,2,4.242640687119285,0.8838834764831843,1,1,1,1.0,1,1.0,0,226,cvc-clinicdb,unet,polypseg/runs_cv/unet_seed42_fold2/best.pth,True
0.9309169764415905,0.8707620979173932,0.8707620979173932,0.9999999999667222,0.650169910246771,0.650169910246771,2,5.385164807134504,1.1219093348196882,1,1,1,1.0,1,1.0,0,227,cvc-clinicdb,unet,polypseg/runs_cv/unet_seed42_fold2/best.pth,True
0.8789209535703957,0.7839955232145047,0.9346230820422332,0.8294849022992363,0.2824147062911293,0.2824147062911293,2,26.659662983335828,5.554096454861631,1,1,1,1.0,1,1.0,0,228,cvc-clinicdb,unet,polypseg/runs_cv/unet_seed42_fold2/best.pth,True
0.8482767905166378,0.7365283459878839,0.9828419903137913,0.7461219656513188,0.22725115826596437,0.22725115826596437,2,38.99164878389476,8.123260163311409,1,1,1,1.0,1,1.0,0,229,cvc-clinicdb,unet,polypseg/runs_cv/unet_seed42_fold2/best.pth,True
0.8368308904224256,0.7194404352143908,0.9945768955234084,0.7222738250019607,0.4167706469869089,0.4167706469869089,2,40.26655349585884,8.388865311637257,1,1,1,1.0,1,1.0,0,23,cvc-clinicdb,unet,polypseg/runs_cv/unet_seed42_fold2/best.pth,True
0.8131651352312382,0.6851544046860066,0.9612764651674668,0.704601682332308,0.2674957114049891,0.2674957114049891,2,60.70414484929205,12.646696843602511,1,1,1,1.0,1,1.0,0,230,cvc-clinicdb,unet,polypseg/runs_cv/unet_seed42_fold2/best.pth,True
0.8426238900004508,0.7280467280431242,0.9369346413496181,0.7655631896691362,0.29586583943245887,0.29586583943245887,2,64.60222670946759,13.45879723113908,1,1,1,1.0,1,1.0,0,231,cvc-clinicdb,unet,polypseg/runs_cv/unet_seed42_fold2/best.pth,True
0.8755029949289648,0.7785729895062359,0.9705121220309826,0.7974371887370744,0.32871735194291385,0.32871735194291385,2,33.15336806143717,6.9069516794660775,1,1,1,1.0,1,1.0,0,232,cvc-clinicdb,unet,polypseg/runs_cv/unet_seed42_fold2/best.pth,True
0.898280040188846,0.8153433476351107,0.9796313007542887,0.8294040602443276,0.4408369516251937,0.4408369516251937,2,25.673955957636622,5.3487408245076296,1,1,1,1.0,1,1.0,0,233,cvc-clinicdb,unet,polypseg/runs_cv/unet_seed42_fold2/best.pth,True
0.9246109585428122,0.8597920593369016,0.9809920221922928,0.874358498727049,0.5367705336212372,0.5367705336212372,2,21.939687369684904,4.570768202017688,1,1,1,1.0,1,1.0,0,234,cvc-clinicdb,unet,polypseg/runs_cv/unet_seed42_fold2/best.pth,True
0.9096330106345579,0.8342448180350128,0.9585725368428349,0.8654479232271104,0.25317409948108055,0.25317409948108055,2,14.866068747318506,3.0970976556913556,1,1,1,1.0,1,1.0,0,235,cvc-clinicdb,unet,polypseg/runs_cv/unet_seed42_fold2/best.pth,True
0.9342900983801142,0.8766833234447642,0.9786328826606917,0.8937915551256904,0.48615878125799783,0.48615878125799783,2,11.40175425099138,2.3753654689565376,1,1,1,1.0,1,1.0,0,236,cvc-clinicdb,unet,polypseg/runs_cv/unet_seed42_fold2/best.pth,True
0.9241674014755336,0.8590252821331629,0.8680002548202331,0.9881064616651816,0.29289823944638393,0.29289823944638393,2,13.92989773459197,2.902062028039994,1,1,1,1.0,1,1.0,0,237,cvc-clinicdb,unet,polypseg/runs_cv/unet_seed42_fold2/best.pth,True
0.9420039202085322,0.8903661726177683,0.9547366780854258,0.9296063111512584,0.6175576825046794,0.6175576825046794,2,28.19125957235856,5.873179077574701,1,1,1,1.0,1,1.0,0,238,cvc-clinicdb,unet,polypseg/runs_cv/unet_seed42_fold2/best.pth,True
0.944442296536074,0.8947329865878343,0.9715240216276525,0.9188294591069072,0.6363189696800884,0.6363189696800884,2,15.0,3.125,1,1,1,1.0,1,1.0,0,239,cvc-clinicdb,unet,polypseg/runs_cv/unet_seed42_fold2/best.pth,True
0.8863504074483742,0.7958970338394707,0.985598705496302,0.8052617662576887,0.6205802962595148,0.6205802962595148,2,30.0,6.25,1,1,1,1.0,1,1.0,0,24,cvc-clinicdb,unet,polypseg/runs_cv/unet_seed42_fold2/best.pth,True
0.9526785347163068,0.9096333516455237,0.9919520547860278,0.9163964248919054,0.711584561490417,0.711584561490417,2,17.372424435850448,3.6192550908021768,1,1,1,1.0,1,1.0,0,240,cvc-clinicdb,unet,polypseg/runs_cv/unet_seed42_fold2/best.pth,True
0.9036962728570734,0.824311958887701,0.9760793465496242,0.841307471258324,0.5033290292244414,0.5033290292244414,2,39.78686071628038,8.288929315891746,1,1,1,1.0,1,1.0,0,241,cvc-clinicdb,unet,polypseg/runs_cv/unet_seed42_fold2/best.pth,True
0.8294666136337024,0.7086227725709104,0.9906058686828096,0.7134169517239572,0.24939546488243894,0.24939546488243894,2,39.05124837953327,8.135676745736099,1,1,1,1.0,1,1.0,0,242,cvc-clinicdb,unet,polypseg/runs_cv/unet_seed42_fold2/best.pth,True
0.8903554822214371,0.8023790213498929,0.902401945871061,0.8786264061488195,0.4030686117910326,0.4030686117910326,2,37.656340767525464,7.845070993234471,1,1,1,1.0,1,1.0,0,243,cvc-clinicdb,unet,polypseg/runs_cv/unet_seed42_fold2/best.pth,True
0.9199362041418397,0.8517424689815737,0.920817369083431,0.9190567240182806,0.5111497071030215,0.5111497071030215,2,28.603217565526478,5.959003659484683,1,1,1,1.0,1,1.0,0,244,cvc-clinicdb,unet,polypseg/runs_cv/unet_seed42_fold2/best.pth,True
0.9155802245971628,0.8443042494840577,0.9294980998436706,0.9020730001157056,0.48829461812391567,0.48829461812391567,2,23.058464335305622,4.803846736522004,1,1,1,1.0,1,1.0,0,245,cvc-clinicdb,unet,polypseg/runs_cv/unet_seed42_fold2/best.pth,True
0.7912087912049944,0.6545454545402576,0.9654526291021729,0.6702439024335752,0.4013511516469335,0.4013511516469335,2,57.49082717011836,11.977255660441324,1,1,1,1.0,1,1.0,0,246,cvc-clinicdb,unet,polypseg/runs_cv/unet_seed42_fold2/best.pth,True
0.9084793272568028,0.8323061119617854,0.9576008272938572,0.8641514464680432,0.43737188192552706,0.43737188192552706,2,27.763209670571804,5.78400201470246,1,1,1,1.0,1,1.0,0,247,cvc-clinicdb,unet,polypseg/runs_cv/unet_seed42_fold2/best.pth,True
0.9073197449203578,0.8303616183255971,0.9510374805138109,0.8674446439193039,0.48490664619700763,0.48490664619700763,2,32.18201610903966,6.704586689383262,1,1,1,1.0,1,1.0,0,248,cvc-clinicdb,unet,polypseg/runs_cv/unet_seed42_fold2/best.pth,True
0.9241900254781389,0.859064376948997,0.8985135374190539,0.9513771781810813,0.5600171169268804,0.5600171169268804,2,13.0,2.7083333333333335,1,1,1,1.0,1,1.0,0,249,cvc-clinicdb,unet,polypseg/runs_cv/unet_seed42_fold2/best.pth,True
0.11041209097995307,0.058431836091295444,0.9933020763230643,0.0584548679541615,0.17589660720489403,0.17589660720489403,2,255.71282488203636,53.27350518375758,1,1,0,0.0,0,0.0,1,25,cvc-clinicdb,unet,polypseg/runs_cv/unet_seed42_fold2/best.pth,True
0.8880155264391654,0.7985862640649394,0.8770366110707586,0.8992727987333011,0.41425997720236746,0.41425997720236746,2,22.8155622574569,4.753242136970187,1,1,1,1.0,1,1.0,0,250,cvc-clinicdb,unet,polypseg/runs_cv/unet_seed42_fold2/best.pth,True
0.8553562405201152,0.7472685134008689,0.8626576633856203,0.8481773769153429,0.3797111115400488,0.3797111115400488,2,28.649324311985,5.9686092316635415,1,1,1,1.0,1,1.0,0,251,cvc-clinicdb,unet,polypseg/runs_cv/unet_seed42_fold2/best.pth,True
0.8897367744110017,0.8013746235168633,0.8661213588108996,0.9146760687446921,0.5612298400692025,0.5612298400692025,2,27.294688127912362,5.686393359981742,1,1,1,1.0,1,1.0,0,252,cvc-clinicdb,unet,polypseg/runs_cv/unet_seed42_fold2/best.pth,True
0.9363636363616474,0.8803418803383642,0.9840178571384641,0.8931118314388448,0.6147385625009762,0.6147385625009762,2,20.994030650891048,4.373756385602302,1,1,1,1.0,1,1.0,0,253,cvc-clinicdb,unet,polypseg/runs_cv/unet_seed42_fold2/best.pth,True
0.7328187184467191,0.5783061422343986,0.9807678558591494,0.5849394507906152,0.3288025086790006,0.3288025086790006,2,77.27967552254027,16.099932400529223,1,1,1,1.0,1,1.0,0,254,cvc-clinicdb,unet,polypseg/runs_cv/unet_seed42_fold2/best.pth,True
0.9084510346747959,0.832258619203713,0.9015553692795867,0.9154529979150962,0.6096604135905316,0.6096604135905316,2,57.44226963331796,11.967139506941242,1,1,1,1.0,1,1.0,0,255,cvc-clinicdb,unet,polypseg/runs_cv/unet_seed42_fold2/best.pth,True
0.6982916843125843,0.5364425162666532,0.9562292166038494,0.5499466287113061,0.3095448553657243,0.3095448553657243,2,52.90096144957832,11.021033635328816,1,2,1,1.0,1,1.0,1,256,cvc-clinicdb,unet,polypseg/runs_cv/unet_seed42_fold2/best.pth,True
0.9484872948123083,0.9020217160790333,0.9795148675970482,0.9193650557032479,0.6730110767981698,0.6730110767981698,2,26.21232024206157,5.460900050429493,1,1,1,1.0,1,1.0,0,257,cvc-clinicdb,unet,polypseg/runs_cv/unet_seed42_fold2/best.pth,True
0.9416330468318241,0.8897037497373536,0.9816228571383697,0.9047739434504497,0.5802685031154357,0.5802685031154357,2,21.213203435596427,4.419417382415921,1,1,1,1.0,1,1.0,0,258,cvc-clinicdb,unet,polypseg/runs_cv/unet_seed42_fold2/best.pth,True
0.8131985356491062,0.6852018303616392,0.9885064246081073,0.6907046661970647,0.5291873655523679,0.5291873655523679,2,63.00674560687944,13.12640533476655,1,1,1,1.0,1,1.0,0,259,cvc-clinicdb,unet,polypseg/runs_cv/unet_seed42_fold2/best.pth,True
0.9126760563094625,0.8393782382936454,0.8393782382936454,0.9999999999314129,0.6484258069390797,0.6484258069390797,2,4.123105625617661,0.858980338670346,1,1,1,1.0,1,1.0,0,26,cvc-clinicdb,unet,polypseg/runs_cv/unet_seed42_fold2/best.pth,True
0.8159315821604987,0.6890915844620533,0.9847242701209984,0.6965373383366853,0.5225608265356613,0.5225608265356613,2,65.2004386324447,13.583424715092645,1,1,1,1.0,1,1.0,0,260,cvc-clinicdb,unet,polypseg/runs_cv/unet_seed42_fold2/best.pth,True
0.8562916875356402,0.7486976165195302,0.9852575380635488,0.7571801566544332,0.5722044882106317,0.5722044882106317,2,40.64718711203638,8.468163981674245,1,1,1,1.0,1,1.0,0,261,cvc-clinicdb,unet,polypseg/runs_cv/unet_seed42_fold2/best.pth,True
0.8915766738628813,0.8043647700649236,0.9814550641862303,0.816778789072571,0.5727723470515551,0.5727723470515551,2,32.18138501560581,6.704455211584544,1,1,1,1.0,1,1.0,0,262,cvc-clinicdb,unet,polypseg/runs_cv/unet_seed42_fold2/best.pth,True
0.3034348282563114,0.17885244452144944,0.9999999999505684,0.17885244452144944,0.10293407551700538,0.10293407551700538,2,177.88638053351704,37.059662611149385,1,1,0,0.0,0,0.0,1,263,cvc-clinicdb,unet,polypseg/runs_cv/unet_seed42_fold2/best.pth,True
0.8599293537403419,0.7542772516436561,0.9843853313616582,0.763411170713303,0.4612352606354969,0.4612352606354969,2,62.06712800235647,12.930651667157598,1,1,1,1.0,1,1.0,0,264,cvc-clinicdb,unet,polypseg/runs_cv/unet_seed42_fold2/best.pth,True
0.8949101796388047,0.809807640202772,0.9876327590229519,0.8181036168100954,0.5960418594488855,0.5960418594488855,2,46.55095384807576,9.698115385015784,1,1,1,1.0,1,1.0,0,265,cvc-clinicdb,unet,polypseg/runs_cv/unet_seed42_fold2/best.pth,True
0.9336185915032315,0.8755015645099374,0.9807018267247507,0.8908491590782078,0.6295782601286352,0.6295782601286352,2,29.68164415931166,6.183675866523262,1,1,1,1.0,1,1.0,0,266,cvc-clinicdb,unet,polypseg/runs_cv/unet_seed42_fold2/best.pth,True
0.8876067389773609,0.7979253111991809,0.9897066392113374,0.8046025104560428,0.5064354682000715,0.5064354682000715,2,26.0,5.416666666666667,1,1,1,1.0,1,1.0,0,267,cvc-clinicdb,unet,polypseg/runs_cv/unet_seed42_fold2/best.pth,True
0.6848115620943513,0.5206946338312317,0.986775100699348,0.5243537964437627,0.14475780004267236,0.14475780004267236,2,79.07591289387686,16.47414851955768,1,2,1,1.0,1,1.0,1,268,cvc-clinicdb,unet,polypseg/runs_cv/unet_seed42_fold2/best.pth,True
0.5309838676156927,0.3614554366764318,0.7100925925860176,0.4240296361803382,0.27487656789217496,0.27487656789217496,2,77.06671617093492,16.055565868944775,1,2,1,1.0,0,0.0,1,269,cvc-clinicdb,unet,polypseg/runs_cv/unet_seed42_fold2/best.pth,True
0.9308930261618525,0.8707201888506068,0.8784991065587552,0.9899328858396018,0.8352518561167823,0.8352518561167823,2,3.0,0.625,1,1,1,1.0,1,1.0,0,27,cvc-clinicdb,unet,polypseg/runs_cv/unet_seed42_fold2/best.pth,True
0.7407842216465349,0.5882901361156506,0.7378391019610017,0.7437529467197371,0.4032898855905104,0.4032898855905104,2,55.25592966016037,11.51165201253341,1,1,1,1.0,1,1.0,0,270,cvc-clinicdb,unet,polypseg/runs_cv/unet_seed42_fold2/best.pth,True
0.9214406486902142,0.8543253994981649,0.9918199608571748,0.8603877363906549,0.5834166287111107,0.5834166287111107,2,45.54359057866099,9.48824803722104,1,1,1,1.0,1,1.0,0,271,cvc-clinicdb,unet,polypseg/runs_cv/unet_seed42_fold2/best.pth,True
0.9007375864939537,0.8194017874413563,0.9695521215264223,0.8410439919319501,0.5892844782518533,0.5892844782518533,2,58.6531789136854,12.21941227368446,1,1,1,1.0,1,1.0,0,272,cvc-clinicdb,unet,polypseg/runs_cv/unet_seed42_fold2/best.pth,True
0.898400620022373,0.8155420530834169,0.9854322037134918,0.8254944485779124,0.6315600209996304,0.6315600209996304,2,50.7143276092434,10.565484918592375,1,1,1,1.0,1,1.0,0,273,cvc-clinicdb,unet,polypseg/runs_cv/unet_seed42_fold2/best.pth,True
0.8154094847143589,0.6883471327792445,0.9955206670170502,0.6904857116469578,0.5794918941620989,0.5794918941620989,2,91.66711151438876,19.09731489883099,1,1,1,1.0,1,1.0,0,274,cvc-clinicdb,unet,polypseg/runs_cv/unet_seed42_fold2/best.pth,True
0.8042238744679008,0.6725538813630648,0.9860738254978407,0.6790033120208002,0.4620407962301489,0.4620407962301489,2,62.28321455643695,12.975669699257699,1,1,1,1.0,1,1.0,0,275,cvc-clinicdb,unet,polypseg/runs_cv/unet_seed42_fold2/best.pth,True
0.9187925998030214,0.8497838616676432,0.9918536816051303,0.8557565864015972,0.6165184186649204,0.6165184186649204,2,55.90684298618712,11.64725895545565,1,2,1,1.0,1,1.0,1,276,cvc-clinicdb,unet,polypseg/runs_cv/unet_seed42_fold2/best.pth,True
0.9081274516519574,0.8317156182980479,0.9520236635094724,0.8681007828375231,0.5601442214254276,0.5601442214254276,2,44.20027115871569,9.208389824732434,1,1,1,1.0,1,1.0,0,277,cvc-clinicdb,unet,polypseg/runs_cv/unet_seed42_fold2/best.pth,True
0.8772504091447919,0.7813411078391779,0.9863301787073433,0.7898947368088466,0.693941294178795,0.693941294178795,2,12.136657380145783,2.528470287530371,1,1,1,1.0,1,1.0,0,278,cvc-clinicdb,unet,polypseg/runs_cv/unet_seed42_fold2/best.pth,True
0.9421362170187415,0.8906025824644691,0.9810351639280508,0.9062043795289707,0.7988397998252768,0.7988397998252768,2,6.708203932499369,1.3975424859373686,1,1,1,1.0,1,1.0,0,279,cvc-clinicdb,unet,polypseg/runs_cv/unet_seed42_fold2/best.pth,True
0.9259589651978342,0.8621262458267175,0.8724783861461941,0.9864241107524729,0.6727681680417698,0.6727681680417698,2,7.0,1.4583333333333333,1,1,1,1.0,1,1.0,0,28,cvc-clinicdb,unet,polypseg/runs_cv/unet_seed42_fold2/best.pth,True
0.9567314940305031,0.9170520230948829,0.9199768048443034,0.9965452260993548,0.8984706381904615,0.8984706381904615,2,2.8284271247461903,0.5892556509887896,1,1,1,1.0,1,1.0,0,280,cvc-clinicdb,unet,polypseg/runs_cv/unet_seed42_fold2/best.pth,True
0.9493654324094025,0.9036114570136087,0.9090453520193174,0.9934282584612972,0.8115941529090558,0.8115941529090558,2,3.8224980739587995,0.7963537654080832,1,1,1,1.0,1,1.0,0,281,cvc-clinicdb,unet,polypseg/runs_cv/unet_seed42_fold2/best.pth,True
0.9529053420694363,0.9100469903577971,0.91640378546831,0.9924353342852017,0.7364632918273872,0.7364632918273872,2,4.0,0.8333333333333334,1,1,1,1.0,1,1.0,0,282,cvc-clinicdb,unet,polypseg/runs_cv/unet_seed42_fold2/best.pth,True
0.954470002360037,0.9129054207096189,0.921896472722815,0.9894296951575854,0.7635963362642197,0.7635963362642197,2,4.242640687119285,0.8838834764831843,1,1,1,1.0,1,1.0,0,283,cvc-clinicdb,unet,polypseg/runs_cv/unet_seed42_fold2/best.pth,True
0.7989343802467901,0.6651879523543034,0.7046747464579601,0.9223049530293848,0.31365308670566283,0.31365308670566283,2,17.245268711368023,3.5927643148683384,1,1,1,1.0,1,1.0,0,284,cvc-clinicdb,unet,polypseg/runs_cv/unet_seed42_fold2/best.pth,True
0.8434274343882175,0.7292473118122743,0.7295611015333572,0.999410551105234,0.3573435248879106,0.3573435248879106,2,17.46424919657298,3.638385249286037,1,1,1,1.0,1,1.0,0,285,cvc-clinicdb,unet,polypseg/runs_cv/unet_seed42_fold2/best.pth,True
0.8629744569006567,0.7589754356338657,0.7770851246608538,0.9702093397485183,0.42778942375443024,0.42778942375443024,2,13.0,2.7083333333333335,1,1,1,1.0,1,1.0,0,286,cvc-clinicdb,unet,polypseg/runs_cv/unet_seed42_fold2/best.pth,True
0.909041394323134,0.8332501247919808,0.8699504821248384,0.9518106643583745,0.5496727638043035,0.5496727638043035,2,7.615773105863909,1.5866193970549811,1,1,1,1.0,1,1.0,0,287,cvc-clinicdb,unet,polypseg/runs_cv/unet_seed42_fold2/best.pth,True
0.9470338982925446,0.8993963782469971,0.9302809573119074,0.9644012944723732,0.7352297855146189,0.7352297855146189,2,4.0,0.8333333333333334,1,1,1,1.0,1,1.0,0,288,cvc-clinicdb,unet,polypseg/runs_cv/unet_seed42_fold2/best.pth,True
0.9664202094737151,0.9350223546666163,0.965527854694813,0.9673142152029814,0.8899646060245349,0.8899646060245349,2,2.8284271247461903,0.5892556509887896,1,1,1,1.0,1,1.0,0,289,cvc-clinicdb,unet,polypseg/runs_cv/unet_seed42_fold2/best.pth,True
0.942122186485079,0.8905775075807381,0.8973050224398263,0.9916516245263617,0.6235780265703091,0.6235780265703091,2,5.0,1.0416666666666667,1,1,1,1.0,1,1.0,0,29,cvc-clinicdb,unet,polypseg/runs_cv/unet_seed42_fold2/best.pth,True
0.9740634005508498,0.9494382021987008,0.9637117677053545,0.984639830456322,0.9999999500000026,0.9999999500000026,2,1.4142135623730951,0.2946278254943948,1,1,1,1.0,1,1.0,0,290,cvc-clinicdb,unet,polypseg/runs_cv/unet_seed42_fold2/best.pth,True
0.9141955835673756,0.8419523532340527,0.9539170506284452,0.8776499090928134,0.7486033019693551,0.7486033019693551,2,7.052924617897166,1.469359295395243,1,1,1,1.0,1,1.0,0,291,cvc-clinicdb,unet,polypseg/runs_cv/unet_seed42_fold2/best.pth,True
0.8569230769065976,0.7496635262197288,0.7982801862845476,0.9248650892102589,0.48106899238793976,0.48106899238793976,2,10.353500688156418,2.1569793100325874,1,1,1,1.0,1,1.0,0,292,cvc-clinicdb,unet,polypseg/runs_cv/unet_seed42_fold2/best.pth,True
0.9490919097282734,0.9031159989289574,0.9498760671729586,0.9483090458908906,0.7638742911627578,0.7638742911627578,2,5.643269777374484,1.1756812036196842,1,1,1,1.0,1,1.0,0,293,cvc-clinicdb,unet,polypseg/runs_cv/unet_seed42_fold2/best.pth,True
0.9644421540715739,0.9313262005242268,0.9430587049397063,0.9868178222782279,0.9507501130792732,0.9507501130792732,2,2.129837387624887,0.4437161224218515,1,1,1,1.0,1,1.0,0,294,cvc-clinicdb,unet,polypseg/runs_cv/unet_seed42_fold2/best.pth,True
0.9414119845063205,0.8893091275620447,0.8990568442289305,0.9879551820451553,0.7672702384035521,0.7672702384035521,2,5.0544607324760324,1.0530126525991734,1,1,1,1.0,1,1.0,0,295,cvc-clinicdb,unet,polypseg/runs_cv/unet_seed42_fold2/best.pth,True
0.922570016457577,0.856269113120752,0.9251101321246289,0.9200438115764862,0.730438361427533,0.730438361427533,2,6.956230589874904,1.4492147062239382,1,1,1,1.0,1,1.0,0,296,cvc-clinicdb,unet,polypseg/runs_cv/unet_seed42_fold2/best.pth,True
0.9054079167272736,0.8271646858802322,0.9552941176095964,0.8604733309480582,0.6742556418064705,0.6742556418064705,2,8.94427190999916,1.8633899812498247,1,1,1,1.0,1,1.0,0,297,cvc-clinicdb,unet,polypseg/runs_cv/unet_seed42_fold2/best.pth,True
0.9429851668653971,0.892121034923372,0.9896221825686781,0.900545964277696,0.6649353714720225,0.6649353714720225,2,11.0,2.2916666666666665,1,1,1,1.0,1,1.0,0,298,cvc-clinicdb,unet,polypseg/runs_cv/unet_seed42_fold2/best.pth,True
0.9699789852751429,0.941707956836441,0.9590382902653892,0.9811721833895788,0.9561588756368176,0.9561588756368176,2,2.0,0.4166666666666667,1,1,1,1.0,1,1.0,0,299,cvc-clinicdb,unet,polypseg/runs_cv/unet_seed42_fold2/best.pth,True
0.7064996941676384,0.5461921353880229,0.9915062799223682,0.5487597519476457,0.5128902306144912,0.5128902306144912,2,59.14134072425395,12.32111265088624,1,1,1,1.0,1,1.0,0,3,cvc-clinicdb,unet,polypseg/runs_cv/unet_seed42_fold2/best.pth,True
0.9655768711106967,0.933444781099849,0.9429023746602332,0.9893687707531631,0.7611316450559952,0.7611316450559952,2,6.324555320336759,1.317615691736825,1,1,1,1.0,1,1.0,0,30,cvc-clinicdb,unet,polypseg/runs_cv/unet_seed42_fold2/best.pth,True
0.9426767518850867,0.8915691143326052,0.9866527087020852,0.9024536205756737,0.7863907095077716,0.7863907095077716,2,23.061409973215877,4.804460411086641,1,1,1,1.0,1,1.0,0,300,cvc-clinicdb,unet,polypseg/runs_cv/unet_seed42_fold2/best.pth,True
0.9195320808142543,0.8510498687524435,0.9796072507367899,0.8663994655833935,0.6425727689719497,0.6425727689719497,2,22.12914644011972,4.610238841691609,1,1,1,1.0,1,1.0,0,301,cvc-clinicdb,unet,polypseg/runs_cv/unet_seed42_fold2/best.pth,True
0.9633653068244344,0.9293199553965515,0.9895536562085759,0.9385273586924281,0.822895495739659,0.822895495739659,2,16.61997248963154,3.4624942686732374,1,1,1,1.0,1,1.0,0,302,cvc-clinicdb,unet,polypseg/runs_cv/unet_seed42_fold2/best.pth,True
0.930476919148531,0.8699923693163869,0.993572984738632,0.8749160671378904,0.5326810021717175,0.5326810021717175,2,19.89698118737421,4.145204414036294,1,1,1,1.0,1,1.0,0,303,cvc-clinicdb,unet,polypseg/runs_cv/unet_seed42_fold2/best.pth,True
0.9429669977520935,0.8920885116611893,0.9814361938530297,0.9073997944408283,0.6921877644133049,0.6921877644133049,2,12.648738871271373,2.6351539315148695,1,1,1,1.0,1,1.0,0,304,cvc-clinicdb,unet,polypseg/runs_cv/unet_seed42_fold2/best.pth,True
0.9127144676672184,0.8394432193988461,0.9838475205864654,0.8511738401282058,0.5521230159871949,0.5521230159871949,2,23.841122048391572,4.966900426748244,1,1,1,1.0,1,1.0,0,305,cvc-clinicdb,unet,polypseg/runs_cv/unet_seed42_fold2/best.pth,True
0.8931905192048583,0.8069957248316867,0.9999518420370819,0.807027090050888,0.380553635760126,0.380553635760126,2,31.622776601683793,6.588078458684123,1,1,1,1.0,1,1.0,0,306,cvc-clinicdb,unet,polypseg/runs_cv/unet_seed42_fold2/best.pth,True
0.9025053408385001,0.8223323305536866,0.9711598745980025,0.8429167422379564,0.42939388320459654,0.42939388320459654,2,25.34788524847816,5.280809426766283,1,1,1,1.0,1,1.0,0,307,cvc-clinicdb,unet,polypseg/runs_cv/unet_seed42_fold2/best.pth,True
0.9737589554412066,0.9488598810232248,0.9520848876651572,0.9964428249089324,0.7475693293867451,0.7475693293867451,2,3.605551275463989,0.7511565157216644,1,1,1,1.0,1,1.0,0,308,cvc-clinicdb,unet,polypseg/runs_cv/unet_seed42_fold2/best.pth,True
0.9422581831469082,0.8908205841291582,0.8976874561860952,0.99148606809227,0.6195581280456615,0.6195581280456615,2,6.062071897723665,1.2629316453590969,1,1,1,1.0,1,1.0,0,309,cvc-clinicdb,unet,polypseg/runs_cv/unet_seed42_fold2/best.pth,True
0.965753020919742,0.9337740795516496,0.9507892293297261,0.9811953527251024,0.7727859370273772,0.7727859370273772,2,4.123105625617661,0.858980338670346,1,1,1,1.0,1,1.0,0,31,cvc-clinicdb,unet,polypseg/runs_cv/unet_seed42_fold2/best.pth,True
0.9652791098989971,0.9328883944778315,0.9412644967848386,0.9905511810633642,0.9335742501549141,0.9335742501549141,2,2.23606797749979,0.4658474953124562,1,1,1,1.0,1,1.0,0,310,cvc-clinicdb,unet,polypseg/runs_cv/unet_seed42_fold2/best.pth,True
0.9507692307529784,0.9061583577417348,0.9329084199619957,0.9693272917054958,0.7991957278412123,0.7991957278412123,2,3.1622776601683795,0.6588078458684125,1,1,1,1.0,1,1.0,0,311,cvc-clinicdb,unet,polypseg/runs_cv/unet_seed42_fold2/best.pth,True
0.897792313945307,0.8145400592867551,0.9392643284055376,0.8598277211542813,0.791030795245586,0.791030795245586,2,7.352098900352463,1.531687270906763,1,1,1,1.0,1,1.0,0,312,cvc-clinicdb,unet,polypseg/runs_cv/unet_seed42_fold2/best.pth,True
0.9536805988696687,0.9114622149215761,0.9912465553413642,0.9188580014888226,0.8015665298147813,0.8015665298147813,2,16.93286901871811,3.5276810455662733,1,1,1,1.0,1,1.0,0,313,cvc-clinicdb,unet,polypseg/runs_cv/unet_seed42_fold2/best.pth,True
0.9693164316966631,0.9404597701041325,0.9945302054090854,0.9453495089434389,0.8607731319910913,0.8607731319910913,2,5.0,1.0416666666666667,1,1,1,1.0,1,1.0,0,314,cvc-clinicdb,unet,polypseg/runs_cv/unet_seed42_fold2/best.pth,True
0.9891212136309468,0.97847657599359,0.9926879350879316,0.9855800308239989,0.9613780754254411,0.9613780754254411,2,2.0,0.4166666666666667,1,1,1,1.0,1,1.0,0,315,cvc-clinicdb,unet,polypseg/runs_cv/unet_seed42_fold2/best.pth,True
0.9794060400562262,0.9596431867088291,0.9786993757223744,0.9801137256103166,0.692208822928076,0.692208822928076,2,5.656854249492381,1.1785113019775793,1,1,1,1.0,1,1.0,0,316,cvc-clinicdb,unet,polypseg/runs_cv/unet_seed42_fold2/best.pth,True
0.959276018096447,0.9217391304290575,0.9925093632892421,0.9281961471045271,0.7116908780461302,0.7116908780461302,2,13.790603271199771,2.873042348166619,1,1,1,1.0,1,1.0,0,317,cvc-clinicdb,unet,polypseg/runs_cv/unet_seed42_fold2/best.pth,True
0.9591109247020526,0.9214343271183951,0.9694785925828963,0.9489626555622838,0.8905614152495451,0.8905614152495451,2,4.123105625617661,0.858980338670346,1,1,1,1.0,1,1.0,0,318,cvc-clinicdb,unet,polypseg/runs_cv/unet_seed42_fold2/best.pth,True
0.95483870966077,0.9135802468830971,0.9163319946145806,0.9967236985439853,0.8711061165607161,0.8711061165607161,2,3.0,0.625,1,1,1,1.0,1,1.0,0,319,cvc-clinicdb,unet,polypseg/runs_cv/unet_seed42_fold2/best.pth,True
0.9644403215782084,0.931322782911005,0.9494672754850383,0.9798931825219405,0.6993310602104577,0.6993310602104577,2,6.0,1.25,1,1,1,1.0,1,1.0,0,32,cvc-clinicdb,unet,polypseg/runs_cv/unet_seed42_fold2/best.pth,True
0.9677272727162758,0.9374724790634639,0.9508709244986407,0.9851920406990933,0.8982773528626863,0.8982773528626863,2,2.8284271247461903,0.5892556509887896,1,1,1,1.0,1,1.0,0,320,cvc-clinicdb,unet,polypseg/runs_cv/unet_seed42_fold2/best.pth,True
0.9459288537474629,0.8974051297300525,0.8975397539619331,0.9998328876838264,0.505649667520513,0.505649667520513,2,4.123105625617661,0.858980338670346,1,1,1,1.0,1,1.0,0,321,cvc-clinicdb,unet,polypseg/runs_cv/unet_seed42_fold2/best.pth,True
0.9638423526517786,0.9302082121562147,0.9383947430070594,0.9907086223861409,0.6958759316560474,0.6958759316560474,2,3.605551275463989,0.7511565157216644,1,1,1,1.0,1,1.0,0,322,cvc-clinicdb,unet,polypseg/runs_cv/unet_seed42_fold2/best.pth,True
0.9597156398056885,0.9225512528386242,0.9362357927091481,0.9844034838871337,0.5597566674089456,0.5597566674089456,2,4.0,0.8333333333333334,1,1,1,1.0,1,1.0,0,323,cvc-clinicdb,unet,polypseg/runs_cv/unet_seed42_fold2/best.pth,True
0.9611307420422439,0.9251700680138201,0.9262425735266449,0.9987499999843945,0.753277270653629,0.753277270653629,2,3.605551275463989,0.7511565157216644,1,1,1,1.0,1,1.0,0,324,cvc-clinicdb,unet,polypseg/runs_cv/unet_seed42_fold2/best.pth,True
0.9175403225713957,0.8476438815263989,0.8476438815263989,0.9999999999780268,0.25088447882837545,0.25088447882837545,2,4.47213595499958,0.9316949906249123,1,1,1,1.0,1,1.0,0,325,cvc-clinicdb,unet,polypseg/runs_cv/unet_seed42_fold2/best.pth,True
0.924207625161642,0.8590947907587726,0.8600128232344516,0.9987589972450048,0.501694865282395,0.501694865282395,2,7.0710678118654755,1.473139127471974,1,1,1,1.0,1,1.0,0,326,cvc-clinicdb,unet,polypseg/runs_cv/unet_seed42_fold2/best.pth,True
0.942449986284702,0.8911635138406022,0.9033359600498204,0.985104554540673,0.6344523794978196,0.6344523794978196,2,4.123105625617661,0.858980338670346,1,1,1,1.0,1,1.0,0,327,cvc-clinicdb,unet,polypseg/runs_cv/unet_seed42_fold2/best.pth,True
0.8985507246283124,0.8157894736687659,0.8250047865053608,0.9864926739700894,0.22110207020170214,0.22110207020170214,2,9.512491331479888,1.9817690273916433,1,1,1,1.0,1,1.0,0,328,cvc-clinicdb,unet,polypseg/runs_cv/unet_seed42_fold2/best.pth,True
0.9499675113607323,0.9047029702783683,0.9487345879093936,0.9512036434406592,0.6654845372027088,0.6654845372027088,2,4.123105625617661,0.858980338670346,1,1,1,1.0,1,1.0,0,329,cvc-clinicdb,unet,polypseg/runs_cv/unet_seed42_fold2/best.pth,True
0.9635839664616034,0.929726996958799,0.944287548130558,0.9836854773916047,0.7238116193123701,0.7238116193123701,2,7.024873734152914,1.463515361281857,1,1,1,1.0,1,1.0,0,33,cvc-clinicdb,unet,polypseg/runs_cv/unet_seed42_fold2/best.pth,True
0.9552886219473199,0.9144043436455701,0.9328771586684119,0.9788034187866872,0.7980326491777753,0.7980326491777753,2,6.708203932499369,1.3975424859373686,1,1,1,1.0,1,1.0,0,330,cvc-clinicdb,unet,polypseg/runs_cv/unet_seed42_fold2/best.pth,True
0.9715054107640936,0.9445897148431753,0.962568201992608,0.9806101344237254,0.8329382292064168,0.8329382292064168,2,3.0,0.625,1,1,1,1.0,1,1.0,0,331,cvc-clinicdb,unet,polypseg/runs_cv/unet_seed42_fold2/best.pth,True
0.9805808257436968,0.961901493033089,0.9761407175030279,0.985061511406238,0.9911761125471329,0.9911761125471329,2,2.0,0.4166666666666667,1,1,1,1.0,1,1.0,0,332,cvc-clinicdb,unet,polypseg/runs_cv/unet_seed42_fold2/best.pth,True
0.9586297266851495,0.9205464677166898,0.9213745951615442,0.9990245805501556,0.819037827861555,0.819037827861555,2,2.8284271247461903,0.5892556509887896,1,1,1,1.0,1,1.0,0,333,cvc-clinicdb,unet,polypseg/runs_cv/unet_seed42_fold2/best.pth,True
0.9543075148526811,0.9126081791801696,0.9335184863576893,0.97604355715107,0.6709371487762041,0.6709371487762041,2,4.0,0.8333333333333334,1,1,1,1.0,1,1.0,0,334,cvc-clinicdb,unet,polypseg/runs_cv/unet_seed42_fold2/best.pth,True
0.9613204401387019,0.9255216693270382,0.9424648577812608,0.9809458999492864,0.7727568432525214,0.7727568432525214,2,3.2952597447570673,0.686512446824389,1,1,1,1.0,1,1.0,0,335,cvc-clinicdb,unet,polypseg/runs_cv/unet_seed42_fold2/best.pth,True
0.9677419354750773,0.9374999999834948,0.9393191038818254,0.9979385307159307,0.8632562970220217,0.8632562970220217,2,3.0,0.625,1,1,1,1.0,1,1.0,0,336,cvc-clinicdb,unet,polypseg/runs_cv/unet_seed42_fold2/best.pth,True
0.9607351712534608,0.9244372990205074,0.9311740890537462,0.9922346850562168,0.7193500572003482,0.7193500572003482,2,4.0,0.8333333333333334,1,1,1,1.0,1,1.0,0,337,cvc-clinicdb,unet,polypseg/runs_cv/unet_seed42_fold2/best.pth,True
0.9688885462008215,0.9396545277728283,0.9685524895871084,0.969224836089709,0.669802395908918,0.669802395908918,2,4.123105625617661,0.858980338670346,1,1,1,1.0,1,1.0,0,338,cvc-clinicdb,unet,polypseg/runs_cv/unet_seed42_fold2/best.pth,True
0.9421231816629199,0.8905792861061855,0.8934546521604504,0.9963993453029002,0.7318130221053717,0.7318130221053717,2,3.0,0.625,1,1,1,1.0,1,1.0,0,339,cvc-clinicdb,unet,polypseg/runs_cv/unet_seed42_fold2/best.pth,True
0.9621564799447202,0.9270727825072048,0.9504524551112528,0.9741523490805207,0.8080410549024504,0.8080410549024504,2,5.0,1.0416666666666667,1,1,1,1.0,1,1.0,0,34,cvc-clinicdb,unet,polypseg/runs_cv/unet_seed42_fold2/best.pth,True
0.9466210885893606,0.8986520219221841,0.9311950335783137,0.9625668448683119,0.9153593707900581,0.9153593707900581,2,2.23606797749979,0.4658474953124562,1,1,1,1.0,1,1.0,0,340,cvc-clinicdb,unet,polypseg/runs_cv/unet_seed42_fold2/best.pth,True
0.958799999980824,0.9208605454890181,0.9287098023661872,0.990905332741178,0.9178049378853672,0.9178049378853672,2,2.23606797749979,0.4658474953124562,1,1,1,1.0,1,1.0,0,341,cvc-clinicdb,unet,polypseg/runs_cv/unet_seed42_fold2/best.pth,True
0.9779914925036804,0.9569308722287738,0.9625045504069589,0.9939849623935592,0.9088722750781494,0.9088722750781494,2,2.3249218495867363,0.4843587186639034,1,1,1,1.0,1,1.0,0,342,cvc-clinicdb,unet,polypseg/runs_cv/unet_seed42_fold2/best.pth,True
0.9429082951996358,0.8919834399587006,0.9208651728931374,0.9660326086825267,0.7575717820315239,0.7575717820315239,2,10.418605053722013,2.1705427195254194,1,1,1,1.0,1,1.0,0,343,cvc-clinicdb,unet,polypseg/runs_cv/unet_seed42_fold2/best.pth,True
0.976418704665319,0.9539239424515459,0.9703006157119137,0.9826144366125101,0.8505087485619184,0.8505087485619184,2,3.1622776601683795,0.6588078458684125,1,1,1,1.0,1,1.0,0,344,cvc-clinicdb,unet,polypseg/runs_cv/unet_seed42_fold2/best.pth,True
0.9742711455335554,0.9498330297438536,0.9643985512756076,0.984347962867828,0.8148109828702,0.8148109828702,2,3.1622776601683795,0.6588078458684125,1,1,1,1.0,1,1.0,0,345,cvc-clinicdb,unet,polypseg/runs_cv/unet_seed42_fold2/best.pth,True
0.9673719092407931,0.9368057269578671,0.9527993974151946,0.9823971006735077,0.8939120462063184,0.8939120462063184,2,3.0,0.625,1,1,1,1.0,1,1.0,0,346,cvc-clinicdb,unet,polypseg/runs_cv/unet_seed42_fold2/best.pth,True
0.8366981855282672,0.7192442882144223,0.7308035714176964,0.9784817692572528,0.5464730296155474,0.5464730296155474,2,36.01596753793329,7.503326570402769,1,1,1,1.0,1,1.0,0,347,cvc-clinicdb,unet,polypseg/runs_cv/unet_seed42_fold2/best.pth,True
0.9348665969707403,0.8776990697240006,0.9803155235642709,0.8934451153256008,0.5447756272147686,0.5447756272147686,2,36.355413851033916,7.574044552298733,1,1,1,1.0,1,1.0,0,348,cvc-clinicdb,unet,polypseg/runs_cv/unet_seed42_fold2/best.pth,True
0.9795270927605018,0.959875647664415,0.982727889997527,0.9763470781643632,0.7823738159013521,0.7823738159013521,2,4.973606797749943,1.0361680828645714,1,1,1,1.0,1,1.0,0,349,cvc-clinicdb,unet,polypseg/runs_cv/unet_seed42_fold2/best.pth,True
0.938618257797188,0.8843361633950494,0.8868460019633904,0.9968099861165491,0.6578072589971451,0.6578072589971451,2,13.819700619271213,2.8791042956815027,1,1,1,1.0,1,1.0,0,35,cvc-clinicdb,unet,polypseg/runs_cv/unet_seed42_fold2/best.pth,True
0.9397381883804554,0.8863265450870196,0.9865729405182325,0.8971486030245123,0.585165677527293,0.585165677527293,2,28.834000182524715,6.0070833713593155,1,1,1,1.0,1,1.0,0,350,cvc-clinicdb,unet,polypseg/runs_cv/unet_seed42_fold2/best.pth,True
0.9312066236341019,0.8712690817755464,0.9488833746662808,0.9141764283788149,0.6167172575399228,0.6167172575399228,2,6.708203932499369,1.3975424859373686,1,1,1,1.0,1,1.0,0,351,cvc-clinicdb,unet,polypseg/runs_cv/unet_seed42_fold2/best.pth,True
0.9205064612854653,0.85272067712569,0.981352630086798,0.8667649950622722,0.8233657367615768,0.8233657367615768,2,32.15566707078221,6.69909730641296,1,1,1,1.0,1,1.0,0,352,cvc-clinicdb,unet,polypseg/runs_cv/unet_seed42_fold2/best.pth,True
0.948197779012667,0.9014981715123097,0.9334310492129787,0.9634392334724731,0.6327495535418579,0.6327495535418579,2,21.70790878945328,4.522480997802767,1,1,1,1.0,1,1.0,0,353,cvc-clinicdb,unet,polypseg/runs_cv/unet_seed42_fold2/best.pth,True
0.9655443469083875,0.9333839918828092,0.9731942426914936,0.9580137787474585,0.837008164610452,0.837008164610452,2,12.65699178274195,2.6368732880712398,1,1,1,1.0,1,1.0,0,354,cvc-clinicdb,unet,polypseg/runs_cv/unet_seed42_fold2/best.pth,True
0.7710632990285559,0.6274231198556031,0.996775233779478,0.6286992779352313,0.36446881466275555,0.36446881466275555,2,29.00344418537486,6.042384205286429,1,1,1,1.0,1,1.0,0,355,cvc-clinicdb,unet,polypseg/runs_cv/unet_seed42_fold2/best.pth,True
0.8832498733985076,0.7909109230069437,0.9786783042271986,0.8047780170121523,0.372257140219386,0.372257140219386,2,15.0,3.125,1,1,1,1.0,1,1.0,0,356,cvc-clinicdb,unet,polypseg/runs_cv/unet_seed42_fold2/best.pth,True
0.911384693486708,0.8371962878289549,0.9951771162426122,0.8406068552123964,0.6734103548452206,0.6734103548452206,2,48.185483156724395,10.038642324317582,1,1,1,1.0,1,1.0,0,357,cvc-clinicdb,unet,polypseg/runs_cv/unet_seed42_fold2/best.pth,True
0.8825104289839828,0.7897258747404755,0.9767089305267819,0.804883588860819,0.728273467364582,0.728273467364582,2,66.69329584777687,13.894436634953513,1,1,1,1.0,1,1.0,0,358,cvc-clinicdb,unet,polypseg/runs_cv/unet_seed42_fold2/best.pth,True
0.9305970149210326,0.8702023726372103,0.9846032372583438,0.8822072868687459,0.7317501266537629,0.7317501266537629,2,30.55320925047162,6.365251927181588,1,1,1,1.0,1,1.0,0,359,cvc-clinicdb,unet,polypseg/runs_cv/unet_seed42_fold2/best.pth,True
0.9444378061782238,0.8947249264003911,0.9012542759201538,0.991967871461045,0.6987442601607936,0.6987442601607936,2,5.0,1.0416666666666667,1,1,1,1.0,1,1.0,0,36,cvc-clinicdb,unet,polypseg/runs_cv/unet_seed42_fold2/best.pth,True
0.8928544817789551,0.8064472710087728,0.8920568748537775,0.8936535162883611,0.45908222526263576,0.45908222526263576,2,41.77557002428327,8.703243755059015,1,1,1,1.0,1,1.0,0,360,cvc-clinicdb,unet,polypseg/runs_cv/unet_seed42_fold2/best.pth,True
0.7584072335219669,0.6108341269362454,0.6143444701075309,0.9907323278121867,0.48724849254357083,0.48724849254357083,2,83.6181637949761,17.42045079062002,1,1,1,1.0,1,1.0,0,361,cvc-clinicdb,unet,polypseg/runs_cv/unet_seed42_fold2/best.pth,True
0.8345232273797822,0.7160359150732899,0.7480494433177167,0.9436027866753997,0.3686915379019856,0.3686915379019856,2,44.38525829357988,9.246928811162475,1,1,1,1.0,1,1.0,0,362,cvc-clinicdb,unet,polypseg/runs_cv/unet_seed42_fold2/best.pth,True
0.7169169736266104,0.5587455830141898,0.6099324975597912,0.8694158075003837,0.4198170485942317,0.4198170485942317,2,183.42845361147522,38.21426116905734,1,2,1,1.0,1,1.0,1,363,cvc-clinicdb,unet,polypseg/runs_cv/unet_seed42_fold2/best.pth,True
0.9546102177701077,0.9131619937339112,0.9181675802302989,0.9940652818569706,0.7955111719529138,0.7955111719529138,2,3.0,0.625,1,1,1,1.0,1,1.0,0,364,cvc-clinicdb,unet,polypseg/runs_cv/unet_seed42_fold2/best.pth,True
0.8759091910761316,0.7792156862439523,0.7792156862439523,0.9999999999496728,0.28381737739006757,0.28381737739006757,2,6.070348150753486,1.2646558647403097,1,1,1,1.0,1,1.0,0,365,cvc-clinicdb,unet,polypseg/runs_cv/unet_seed42_fold2/best.pth,True
0.9051128511997901,0.8266722759433458,0.8280657395352691,0.9979685118843084,0.6144978440478329,0.6144978440478329,2,6.0,1.25,1,1,1,1.0,1,1.0,0,366,cvc-clinicdb,unet,polypseg/runs_cv/unet_seed42_fold2/best.pth,True
0.9215073911946386,0.8544401544071645,0.8647909339247836,0.9861853832002592,0.68191735949874,0.68191735949874,2,5.0,1.0416666666666667,1,1,1,1.0,1,1.0,0,367,cvc-clinicdb,unet,polypseg/runs_cv/unet_seed42_fold2/best.pth,True
0.8602556044236276,0.7547794117369567,0.7578442229325271,0.9946705425874676,0.48238062679009075,0.48238062679009075,2,12.727922061357855,2.6516504294495533,1,1,1,1.0,1,1.0,0,368,cvc-clinicdb,unet,polypseg/runs_cv/unet_seed42_fold2/best.pth,True
0.8078960038322606,0.6777059773555046,0.6777059773555046,0.9999999999404052,0.30674082886707393,0.30674082886707393,2,12.529964086141668,2.6104091846128474,1,1,1,1.0,1,1.0,0,369,cvc-clinicdb,unet,polypseg/runs_cv/unet_seed42_fold2/best.pth,True
0.9523162445895471,0.9089729984564441,0.9307014366662959,0.9749588971673838,0.6147460156041726,0.6147460156041726,2,7.615773105863909,1.5866193970549811,1,1,1,1.0,1,1.0,0,37,cvc-clinicdb,unet,polypseg/runs_cv/unet_seed42_fold2/best.pth,True
0.8409209837561246,0.7255079006444466,0.7274784970245597,0.9962802231248431,0.5057955244819896,0.5057955244819896,2,8.602325267042627,1.7921510973005472,1,1,1,1.0,1,1.0,0,370,cvc-clinicdb,unet,polypseg/runs_cv/unet_seed42_fold2/best.pth,True
0.8029574861070996,0.6707844347948867,0.6732796031820657,0.9945054944144225,0.45216267730067816,0.45216267730067816,2,9.848857801796104,2.0518453753741883,1,1,1,1.0,1,1.0,0,371,cvc-clinicdb,unet,polypseg/runs_cv/unet_seed42_fold2/best.pth,True
0.8299376299031211,0.7093105898571919,0.7143879741793566,0.9900793649811429,0.49411566077002333,0.49411566077002333,2,6.4031242374328485,1.3339842161318434,1,1,1,1.0,1,1.0,0,372,cvc-clinicdb,unet,polypseg/runs_cv/unet_seed42_fold2/best.pth,True
0.8073254482713726,0.6769033908715992,0.677770659790021,0.9981132074530081,0.4543159522378348,0.4543159522378348,2,9.433981132056603,1.9654127358451257,1,1,1,1.0,1,1.0,0,373,cvc-clinicdb,unet,polypseg/runs_cv/unet_seed42_fold2/best.pth,True
0.7441995359412935,0.5926096997416809,0.5967441860187561,0.988443759554049,0.37944845415974343,0.37944845415974343,2,12.727922061357855,2.6516504294495533,1,1,1,1.0,1,1.0,0,374,cvc-clinicdb,unet,polypseg/runs_cv/unet_seed42_fold2/best.pth,True
0.7935054121235011,0.6576949619973985,0.6576949619973985,0.9999999998950683,0.42857137898465747,0.42857137898465747,2,8.246211251235321,1.717960677340692,1,1,1,1.0,1,1.0,0,375,cvc-clinicdb,unet,polypseg/runs_cv/unet_seed42_fold2/best.pth,True
0.9436103991039252,0.8932409011822101,0.8963478260557792,0.9961345187090788,0.7168459969717859,0.7168459969717859,2,4.123105625617661,0.858980338670346,1,1,1,1.0,1,1.0,0,376,cvc-clinicdb,unet,polypseg/runs_cv/unet_seed42_fold2/best.pth,True
0.918427726100625,0.8491598280246518,0.8501564944894305,0.9986213234835193,0.5989029093959484,0.5989029093959484,2,5.0,1.0416666666666667,1,1,1,1.0,1,1.0,0,377,cvc-clinicdb,unet,polypseg/runs_cv/unet_seed42_fold2/best.pth,True
0.900332225892256,0.8187311177894376,0.8190846286347546,0.9994731295574566,0.40785902866535917,0.40785902866535917,2,4.265590213907313,0.8886646278973569,1,1,1,1.0,1,1.0,0,378,cvc-clinicdb,unet,polypseg/runs_cv/unet_seed42_fold2/best.pth,True
0.8992299966220546,0.8169099756194094,0.8326100433457774,0.977438136755645,0.6343195399637703,0.6343195399637703,2,6.849999999999994,1.4270833333333321,1,1,1,1.0,1,1.0,0,379,cvc-clinicdb,unet,polypseg/runs_cv/unet_seed42_fold2/best.pth,True
0.9801195002609437,0.9610140604822963,0.9810787298612206,0.9791621445413683,0.9854394228452779,0.9854394228452779,2,1.4142135623730951,0.2946278254943948,1,1,1,1.0,1,1.0,0,38,cvc-clinicdb,unet,polypseg/runs_cv/unet_seed42_fold2/best.pth,True
0.9007407407185003,0.8194070080494427,0.8194070080494427,0.9999999999451754,0.5873417221906787,0.5873417221906787,2,6.0,1.25,1,1,1,1.0,1,1.0,0,380,cvc-clinicdb,unet,polypseg/runs_cv/unet_seed42_fold2/best.pth,True
0.9263157894576995,0.8627450980114837,0.8627450980114837,0.9999999999627422,0.6846345174885334,0.6846345174885334,2,5.0,1.0416666666666667,1,1,1,1.0,1,1.0,0,381,cvc-clinicdb,unet,polypseg/runs_cv/unet_seed42_fold2/best.pth,True
0.9497295577322665,0.9042714328717276,0.9588821072611988,0.9407500787601403,0.8085406517995318,0.8085406517995318,2,3.605551275463989,0.7511565157216644,1,1,1,1.0,1,1.0,0,382,cvc-clinicdb,unet,polypseg/runs_cv/unet_seed42_fold2/best.pth,True
0.9380899056000945,0.8833986140137572,0.8874092009416644,0.9949100780117099,0.6986823199548149,0.6986823199548149,2,4.0,0.8333333333333334,1,1,1,1.0,1,1.0,0,383,cvc-clinicdb,unet,polypseg/runs_cv/unet_seed42_fold2/best.pth,True
0.8252997975377174,0.702562062905762,0.9900976224905875,0.7075336292910059,0.5021004869212002,0.5021004869212002,2,98.05533818178576,20.4281954545387,1,1,1,1.0,1,1.0,0,384,cvc-clinicdb,unet,polypseg/runs_cv/unet_seed42_fold2/best.pth,True
0.814831056634256,0.6875231258762394,0.956895663812149,0.7094963534281206,0.5164599026336555,0.5164599026336555,2,100.25056366034696,20.885534095905616,1,1,1,1.0,1,1.0,0,385,cvc-clinicdb,unet,polypseg/runs_cv/unet_seed42_fold2/best.pth,True
0.8213644524221623,0.6968773800434854,0.8701854493546117,0.7777305567333271,0.35631719221215774,0.35631719221215774,2,80.0774152511725,16.68279484399427,1,1,1,1.0,1,1.0,0,386,cvc-clinicdb,unet,polypseg/runs_cv/unet_seed42_fold2/best.pth,True
0.7995266009564148,0.6660094272754367,0.8201062215446885,0.7799545405318759,0.355718656244624,0.355718656244624,2,73.26307471112072,15.263140564816817,1,1,1,1.0,1,1.0,0,387,cvc-clinicdb,unet,polypseg/runs_cv/unet_seed42_fold2/best.pth,True
0.7795426382769415,0.6387299243099918,0.9232575514946992,0.6745428315176256,0.33872440257168057,0.33872440257168057,2,94.91830619632681,19.774647124234754,1,1,1,1.0,1,1.0,0,388,cvc-clinicdb,unet,polypseg/runs_cv/unet_seed42_fold2/best.pth,True
0.8969820971844067,0.8132071971767149,0.9909584086743277,0.8192861147410797,0.6324612939892007,0.6324612939892007,2,52.387876336392615,10.914140903415129,1,1,1,1.0,1,1.0,0,389,cvc-clinicdb,unet,polypseg/runs_cv/unet_seed42_fold2/best.pth,True
0.9626831501721304,0.9280512028045013,0.9361086375570769,0.9908105560558245,0.8680454827039203,0.8680454827039203,2,5.0,1.0416666666666667,1,1,1,1.0,1,1.0,0,39,cvc-clinicdb,unet,polypseg/runs_cv/unet_seed42_fold2/best.pth,True
0.9850267970578899,0.9704953728852994,0.9875914026091979,0.9824754766836632,0.8949930057343135,0.8949930057343135,2,3.0,0.625,1,1,1,1.0,1,1.0,0,390,cvc-clinicdb,unet,polypseg/runs_cv/unet_seed42_fold2/best.pth,True
0.9395803183706622,0.8860457181698048,0.9179922233842702,0.9622082252507927,0.7915492457782217,0.7915492457782217,2,9.541136703698776,1.9877368132705784,1,1,1,1.0,1,1.0,0,391,cvc-clinicdb,unet,polypseg/runs_cv/unet_seed42_fold2/best.pth,True
0.9586507072847379,0.9205851619537839,0.9566843629228199,0.9606251514300869,0.6991900378165737,0.6991900378165737,2,7.990512483795331,1.6646901007906938,1,1,1,1.0,1,1.0,0,392,cvc-clinicdb,unet,polypseg/runs_cv/unet_seed42_fold2/best.pth,True
0.9418812133511223,0.8901469525308341,0.8982618208229213,0.989953114521233,0.5422816829657323,0.5422816829657323,2,7.165136746702243,1.492736822229634,1,1,1,1.0,1,1.0,0,393,cvc-clinicdb,unet,polypseg/runs_cv/unet_seed42_fold2/best.pth,True
0.96668527823707,0.9355187319772391,0.9417381844440742,0.9929900586159446,0.8316629688588119,0.8316629688588119,2,5.0,1.0416666666666667,1,1,1,1.0,1,1.0,0,394,cvc-clinicdb,unet,polypseg/runs_cv/unet_seed42_fold2/best.pth,True
0.9555364806825942,0.9148586456203578,0.920913302441091,0.9928647877185794,0.6427183966140108,0.6427183966140108,2,9.0,1.875,1,1,1,1.0,1,1.0,0,395,cvc-clinicdb,unet,polypseg/runs_cv/unet_seed42_fold2/best.pth,True
0.9583333333292421,0.919999999992459,0.9319163068670547,0.9862917398858849,0.7121226684248997,0.7121226684248997,2,8.0,1.6666666666666667,1,1,1,1.0,1,1.0,0,396,cvc-clinicdb,unet,polypseg/runs_cv/unet_seed42_fold2/best.pth,True
0.9651400329457491,0.9326286296425583,0.9477158017280463,0.9832169709923253,0.6482171840297324,0.6482171840297324,2,6.383482008158826,1.3298920850330886,1,1,1,1.0,1,1.0,0,397,cvc-clinicdb,unet,polypseg/runs_cv/unet_seed42_fold2/best.pth,True
0.9679181618526915,0.937830825111895,0.9443486439831512,0.9926943147432425,0.6851880869451511,0.6851880869451511,2,7.0710678118654755,1.473139127471974,1,1,1,1.0,1,1.0,0,398,cvc-clinicdb,unet,polypseg/runs_cv/unet_seed42_fold2/best.pth,True
0.9544003274623234,0.912777951762349,0.9342843404316854,0.9754016064175418,0.6282070069725649,0.6282070069725649,2,10.0,2.0833333333333335,1,1,1,1.0,1,1.0,0,399,cvc-clinicdb,unet,polypseg/runs_cv/unet_seed42_fold2/best.pth,True
0.7532642032985154,0.6041891195323359,0.9876675603141504,0.608781869685511,0.5420794502105744,0.5420794502105744,2,44.58250264423291,9.28802138421519,1,1,1,1.0,1,1.0,0,4,cvc-clinicdb,unet,polypseg/runs_cv/unet_seed42_fold2/best.pth,True
0.9720371177618979,0.9455955410039306,0.9595475224276461,0.9848561332535986,0.8656303472423509,0.8656303472423509,2,3.605551275463989,0.7511565157216644,1,1,1,1.0,1,1.0,0,40,cvc-clinicdb,unet,polypseg/runs_cv/unet_seed42_fold2/best.pth,True
0.9515774547965148,0.9076278063171811,0.9181830619658204,0.9874926427164877,0.6843558404848678,0.6843558404848678,2,6.781152949374527,1.4127401977863598,1,1,1,1.0,1,1.0,0,400,cvc-clinicdb,unet,polypseg/runs_cv/unet_seed42_fold2/best.pth,True
0.963088803083845,0.9288054810750788,0.9299135102800485,0.9987187700085551,0.7177690460613503,0.7177690460613503,2,6.0,1.25,1,1,1,1.0,1,1.0,0,401,cvc-clinicdb,unet,polypseg/runs_cv/unet_seed42_fold2/best.pth,True
0.9694969427426018,0.9407996763472402,0.9432801514268301,0.9972126929602829,0.6710850147633197,0.6710850147633197,2,5.616100833138705,1.170021006903897,1,1,1,1.0,1,1.0,0,402,cvc-clinicdb,unet,polypseg/runs_cv/unet_seed42_fold2/best.pth,True
0.9567165699105982,0.9170245997567646,0.9207998431589806,0.9955489614137817,0.6673525039769679,0.6673525039769679,2,8.32988579428645,1.735392873809677,1,1,1,1.0,1,1.0,0,403,cvc-clinicdb,unet,polypseg/runs_cv/unet_seed42_fold2/best.pth,True
0.9286023741403319,0.8667205822817087,0.8782266655668423,0.9851089254436518,0.7467644653110422,0.7467644653110422,2,22.825424421026653,4.755296754380553,1,1,1,1.0,1,1.0,0,404,cvc-clinicdb,unet,polypseg/runs_cv/unet_seed42_fold2/best.pth,True
0.9699983605608503,0.9417444821631817,0.9596669550069239,0.9805546348361445,0.7360809236242994,0.7360809236242994,2,5.0,1.0416666666666667,1,1,1,1.0,1,1.0,0,405,cvc-clinicdb,unet,polypseg/runs_cv/unet_seed42_fold2/best.pth,True
0.9522240527135328,0.9088050314378806,0.9193175245718207,0.9875737806670024,0.6454425338886057,0.6454425338886057,2,8.365328248868199,1.742776718514208,1,1,1,1.0,1,1.0,0,406,cvc-clinicdb,unet,polypseg/runs_cv/unet_seed42_fold2/best.pth,True
0.9788879788835249,0.9586489617595699,0.9635435327753176,0.9947290549195974,0.879385157256621,0.879385157256621,2,3.0,0.625,1,1,1,1.0,1,1.0,0,407,cvc-clinicdb,unet,polypseg/runs_cv/unet_seed42_fold2/best.pth,True
0.9081920091928244,0.8318239258547617,0.8374681933753448,0.9919628280674123,0.7228582006735949,0.7228582006735949,2,26.44999999999999,5.510416666666665,1,1,1,1.0,1,1.0,0,408,cvc-clinicdb,unet,polypseg/runs_cv/unet_seed42_fold2/best.pth,True
0.9406222429361932,0.887900691386273,0.9001784234980559,0.9848711960086978,0.7091481648341076,0.7091481648341076,2,154.77319595890748,32.24441582477239,1,2,1,1.0,1,1.0,1,409,cvc-clinicdb,unet,polypseg/runs_cv/unet_seed42_fold2/best.pth,True
0.9433092948623466,0.8927014217840247,0.8940573381261808,0.998304006762809,0.7392598394120312,0.7392598394120312,2,8.517578678331999,1.774495557985833,1,1,1,1.0,1,1.0,0,41,cvc-clinicdb,unet,polypseg/runs_cv/unet_seed42_fold2/best.pth,True
0.896087505253344,0.8117378048692101,0.9611913357276793,0.8392434988085191,0.39859560286703444,0.39859560286703444,2,20.300124194385674,4.229192540497015,1,1,1,1.0,1,1.0,0,410,cvc-clinicdb,unet,polypseg/runs_cv/unet_seed42_fold2/best.pth,True
0.9252745437955141,0.8609403810562241,0.9862700228659343,0.8713841368449241,0.6263590696387267,0.6263590696387267,2,11.661903789690601,2.4295632895188755,1,1,1,1.0,1,1.0,0,411,cvc-clinicdb,unet,polypseg/runs_cv/unet_seed42_fold2/best.pth,True
0.8676387658030481,0.7662208309509644,0.9674811354479432,0.7864758288186582,0.27792910550973876,0.27792910550973876,2,17.651383736578495,3.6773716117871866,1,1,1,1.0,1,1.0,0,412,cvc-clinicdb,unet,polypseg/runs_cv/unet_seed42_fold2/best.pth,True
0.7985926370823084,0.6647142857047899,0.9562268803749234,0.6855753646576459,0.3140027793585741,0.3140027793585741,2,28.955037505985736,6.032299480413696,1,1,1,1.0,1,1.0,0,413,cvc-clinicdb,unet,polypseg/runs_cv/unet_seed42_fold2/best.pth,True
0.8695544729208685,0.7692139533407163,0.9853188255020988,0.7781323055513422,0.48823774900084693,0.48823774900084693,2,43.82064129683544,9.129300270174049,1,1,1,1.0,1,1.0,0,414,cvc-clinicdb,unet,polypseg/runs_cv/unet_seed42_fold2/best.pth,True
0.8341738578174972,0.7155216611079497,0.9842207334186863,0.7238249594766688,0.4383971561038133,0.4383971561038133,2,37.49930271012811,7.81235473127669,1,1,1,1.0,1,1.0,0,415,cvc-clinicdb,unet,polypseg/runs_cv/unet_seed42_fold2/best.pth,True
0.8650206402334099,0.7621465824817311,0.9803160031690323,0.7739912188948778,0.363158126151618,0.363158126151618,2,30.4138126514911,6.336210969060645,1,1,1,1.0,1,1.0,0,416,cvc-clinicdb,unet,polypseg/runs_cv/unet_seed42_fold2/best.pth,True
0.8184512160983033,0.6926935453275346,0.9655672823091614,0.7102377486588041,0.4385556475776041,0.4385556475776041,2,35.0,7.291666666666667,1,1,1,1.0,1,1.0,0,417,cvc-clinicdb,unet,polypseg/runs_cv/unet_seed42_fold2/best.pth,True
0.8243580019414415,0.7011981566691023,0.969666071859045,0.7169242366996433,0.35129167538651335,0.35129167538651335,2,17.0,3.5416666666666665,1,1,1,1.0,1,1.0,0,418,cvc-clinicdb,unet,polypseg/runs_cv/unet_seed42_fold2/best.pth,True
0.8680960234529298,0.7669343349257419,0.9733705925785043,0.7833708162403534,0.508710751590409,0.508710751590409,2,29.58376021688167,6.163283378517016,1,1,1,1.0,1,1.0,0,419,cvc-clinicdb,unet,polypseg/runs_cv/unet_seed42_fold2/best.pth,True
0.965218625773955,0.9327754149961205,0.9423423423292815,0.9892332314711301,0.8553610201126629,0.8553610201126629,2,6.708203932499369,1.3975424859373686,1,1,1,1.0,1,1.0,0,42,cvc-clinicdb,unet,polypseg/runs_cv/unet_seed42_fold2/best.pth,True
0.7558392271838681,0.607509289553505,0.9925697716474032,0.6102846955228131,0.3589786481641127,0.3589786481641127,2,51.0,10.625,1,1,1,1.0,1,1.0,0,420,cvc-clinicdb,unet,polypseg/runs_cv/unet_seed42_fold2/best.pth,True
0.8039481323754444,0.6721682847852933,0.9890476190381995,0.6772089990174294,0.33941600877777917,0.33941600877777917,2,32.55764119219941,6.782841915041544,1,1,1,1.0,1,1.0,0,421,cvc-clinicdb,unet,polypseg/runs_cv/unet_seed42_fold2/best.pth,True
0.9379449110544671,0.8831414874963884,0.9855527436941872,0.8947245972171968,0.4546553309334796,0.4546553309334796,2,21.06297092908383,4.388118943559131,1,1,1,1.0,1,1.0,0,422,cvc-clinicdb,unet,polypseg/runs_cv/unet_seed42_fold2/best.pth,True
0.8716923281981214,0.7725661625663246,0.9690278600995181,0.7921259842471706,0.2519501147763831,0.2519501147763831,2,20.0,4.166666666666667,1,1,1,1.0,1,1.0,0,423,cvc-clinicdb,unet,polypseg/runs_cv/unet_seed42_fold2/best.pth,True
0.0,0.0,0.0,0.0,0.0,0.0,2,,,1,0,0,0.0,0,0.0,0,424,cvc-clinicdb,unet,polypseg/runs_cv/unet_seed42_fold2/best.pth,True
0.9230470267990081,0.8570913027478495,0.9814049586371321,0.8712399119269538,0.6517754047715865,0.6517754047715865,2,6.6929499477460395,1.3943645724470917,1,1,1,1.0,1,1.0,0,425,cvc-clinicdb,unet,polypseg/runs_cv/unet_seed42_fold2/best.pth,True
0.8404497069678241,0.7248066013334212,0.9908347433588433,0.7296988577286635,0.322822983927453,0.322822983927453,2,24.020824298928627,5.004338395610131,1,1,1,1.0,1,1.0,0,426,cvc-clinicdb,unet,polypseg/runs_cv/unet_seed42_fold2/best.pth,True
0.941283719384489,0.8890802348267,0.968203904177238,0.9158200290201917,0.6990218457140648,0.6990218457140648,2,18.666703423198445,3.888896546499676,1,1,1,1.0,1,1.0,0,427,cvc-clinicdb,unet,polypseg/runs_cv/unet_seed42_fold2/best.pth,True
0.9111630346625761,0.8368222825537635,0.9758937691422278,0.8544852875337224,0.5122701586088747,0.5122701586088747,2,16.55294535724685,3.4485302827597604,1,1,1,1.0,1,1.0,0,428,cvc-clinicdb,unet,polypseg/runs_cv/unet_seed42_fold2/best.pth,True
0.9219738506903538,0.855242566500612,0.8573509636838037,0.997132803323379,0.2788782675356382,0.2788782675356382,2,7.923653308483004,1.6507611059339593,1,1,1,1.0,1,1.0,0,429,cvc-clinicdb,unet,polypseg/runs_cv/unet_seed42_fold2/best.pth,True
0.9650793650708546,0.9325153374074213,0.942148760314357,0.9891540129973039,0.8477650197892694,0.8477650197892694,2,3.08113883008419,0.6419039229342063,1,1,1,1.0,1,1.0,0,43,cvc-clinicdb,unet,polypseg/runs_cv/unet_seed42_fold2/best.pth,True
0.9111167065283198,0.836744132259952,0.836744132259952,0.9999999999861822,0.24104166691684747,0.24104166691684747,2,8.06225774829855,1.679637030895531,1,1,1,1.0,1,1.0,0,430,cvc-clinicdb,unet,polypseg/runs_cv/unet_seed42_fold2/best.pth,True
0.9128798842191542,0.8397231096799824,0.8403943511745218,0.999049730741225,0.2811066013765666,0.2811066013765666,2,8.06225774829855,1.679637030895531,1,1,1,1.0,1,1.0,0,431,cvc-clinicdb,unet,polypseg/runs_cv/unet_seed42_fold2/best.pth,True
0.9443557825250326,0.8945777060986234,0.8980169971580532,0.9957370428427671,0.5424604968994806,0.5424604968994806,2,7.8836638913246775,1.6424299773593076,1,1,1,1.0,1,1.0,0,432,cvc-clinicdb,unet,polypseg/runs_cv/unet_seed42_fold2/best.pth,True
0.9464831804233105,0.8984034833004508,0.8984904199642104,0.9998923109950474,0.5652595165018995,0.5652595165018995,2,8.756201256373062,1.8242085950777214,1,1,1,1.0,1,1.0,0,433,cvc-clinicdb,unet,polypseg/runs_cv/unet_seed42_fold2/best.pth,True
0.9465699837756579,0.8985599130432156,0.902237177147124,0.9954846477925398,0.5211518576098175,0.5211518576098175,2,7.211102550927978,1.5023130314433288,1,1,1,1.0,1,1.0,0,434,cvc-clinicdb,unet,polypseg/runs_cv/unet_seed42_fold2/best.pth,True
0.9482358686305198,0.9015670342321349,0.9023001858631238,0.9990995626318614,0.6294568891115996,0.6294568891115996,2,6.708203932499369,1.3975424859373686,1,1,1,1.0,1,1.0,0,435,cvc-clinicdb,unet,polypseg/runs_cv/unet_seed42_fold2/best.pth,True
0.9299491110075394,0.8690699858986722,0.8690699858986722,0.9999999999864884,0.3434137921008188,0.3434137921008188,2,6.383482008158826,1.3298920850330886,1,1,1,1.0,1,1.0,0,436,cvc-clinicdb,unet,polypseg/runs_cv/unet_seed42_fold2/best.pth,True
0.9449618966915588,0.8956661316101289,0.8973280554070098,0.997936442413015,0.5372210898092954,0.5372210898092954,2,6.082762530298219,1.2672421938121292,1,1,1,1.0,1,1.0,0,437,cvc-clinicdb,unet,polypseg/runs_cv/unet_seed42_fold2/best.pth,True
0.8099808061392584,0.6806451612864017,0.9748370596405013,0.6928173556101271,0.4783634036716845,0.4783634036716845,2,54.42849429340782,11.339269644459963,1,1,1,1.0,1,1.0,0,438,cvc-clinicdb,unet,polypseg/runs_cv/unet_seed42_fold2/best.pth,True
0.9635886606452704,0.9297357372075854,0.9384270222991596,0.9901367701079677,0.8069297258037241,0.8069297258037241,2,4.0,0.8333333333333334,1,1,1,1.0,1,1.0,0,439,cvc-clinicdb,unet,polypseg/runs_cv/unet_seed42_fold2/best.pth,True
0.9576583008349845,0.9187565858701922,0.9242103031489907,0.9936182336069103,0.697260421493236,0.697260421493236,2,6.324555320336759,1.317615691736825,1,1,1,1.0,1,1.0,0,44,cvc-clinicdb,unet,polypseg/runs_cv/unet_seed42_fold2/best.pth,True
0.9348318376169182,0.8776377952617695,0.9263630318994953,0.9434569155079828,0.7028843512897571,0.7028843512897571,2,13.6341622855803,2.840450476162563,1,1,1,1.0,1,1.0,0,440,cvc-clinicdb,unet,polypseg/runs_cv/unet_seed42_fold2/best.pth,True
0.8639971776174987,0.7605590061875603,0.7615049751006995,0.9983693436201236,0.5507250192737784,0.5507250192737784,2,14.507859591450318,3.022470748218816,1,1,1,1.0,1,1.0,0,441,cvc-clinicdb,unet,polypseg/runs_cv/unet_seed42_fold2/best.pth,True
0.8806774441765374,0.7867950481250162,0.920353982276204,0.8442804427836585,0.5956883009851938,0.5956883009851938,2,13.562499542044069,2.825520737925848,1,1,1,1.0,1,1.0,0,442,cvc-clinicdb,unet,polypseg/runs_cv/unet_seed42_fold2/best.pth,True
0.954449152535151,0.9128672745561895,0.9149862178889455,0.9974695555749253,0.7484532254790086,0.7484532254790086,2,6.2998751490621805,1.3124739893879542,1,1,1,1.0,1,1.0,0,443,cvc-clinicdb,unet,polypseg/runs_cv/unet_seed42_fold2/best.pth,True
0.962875662928286,0.9284090908973686,0.9308773262320436,0.9971521562110504,0.7196638041593058,0.7196638041593058,2,3.605551275463989,0.7511565157216644,1,1,1,1.0,1,1.0,0,444,cvc-clinicdb,unet,polypseg/runs_cv/unet_seed42_fold2/best.pth,True
0.9502292075931374,0.9051777916343995,0.9763008373132752,0.9255138199792663,0.757319454889944,0.757319454889944,2,14.186056983617302,2.9554285382536047,1,1,1,1.0,1,1.0,0,445,cvc-clinicdb,unet,polypseg/runs_cv/unet_seed42_fold2/best.pth,True
0.9314853351096176,0.8717571837960479,0.966905771103954,0.8985682902742325,0.6512340422541855,0.6512340422541855,2,16.55294535724685,3.4485302827597604,1,1,1,1.0,1,1.0,0,446,cvc-clinicdb,unet,polypseg/runs_cv/unet_seed42_fold2/best.pth,True
0.9460267505752002,0.8975813675456082,0.9081570996704484,0.987192118194181,0.7690850039875027,0.7690850039875027,2,3.605551275463989,0.7511565157216644,1,1,1,1.0,1,1.0,0,447,cvc-clinicdb,unet,polypseg/runs_cv/unet_seed42_fold2/best.pth,True
0.9716312056662686,0.9448275861927312,0.9506712927900035,0.9935361816018676,0.8753305129014077,0.8753305129014077,2,2.8284271247461903,0.5892556509887896,1,1,1,1.0,1,1.0,0,448,cvc-clinicdb,unet,polypseg/runs_cv/unet_seed42_fold2/best.pth,True
0.9579097193883904,0.919219512177186,0.9509487282811678,0.9649733715492632,0.8515016246365971,0.8515016246365971,2,5.957737973711325,1.2411954111898593,1,1,1,1.0,1,1.0,0,449,cvc-clinicdb,unet,polypseg/runs_cv/unet_seed42_fold2/best.pth,True
0.9595082596929734,0.922168069695434,0.9277860326756644,0.9934765314082183,0.7966983171423709,0.7966983171423709,2,5.656854249492381,1.1785113019775793,1,1,1,1.0,1,1.0,0,45,cvc-clinicdb,unet,polypseg/runs_cv/unet_seed42_fold2/best.pth,True
0.9521829521664557,0.9087301587001082,0.9120477928671741,0.9960130481697712,0.7881431940594085,0.7881431940594085,2,3.605551275463989,0.7511565157216644,1,1,1,1.0,1,1.0,0,450,cvc-clinicdb,unet,polypseg/runs_cv/unet_seed42_fold2/best.pth,True
0.9485488126440513,0.9021329987075646,0.9025104602132842,0.9995366079240252,0.7982319942057576,0.7982319942057576,2,3.4504055101105156,0.7188344812730241,1,1,1,1.0,1,1.0,0,451,cvc-clinicdb,unet,polypseg/runs_cv/unet_seed42_fold2/best.pth,True
0.9553219447969078,0.9144654087820261,0.9254073319520009,0.9872351982350018,0.7864733799517407,0.7864733799517407,2,4.123105625617661,0.858980338670346,1,1,1,1.0,1,1.0,0,452,cvc-clinicdb,unet,polypseg/runs_cv/unet_seed42_fold2/best.pth,True
0.9619708203663958,0.9267281105777252,0.9336118848436952,0.9921065613963467,0.8578733843379162,0.8578733843379162,2,3.1622776601683795,0.6588078458684125,1,1,1,1.0,1,1.0,0,453,cvc-clinicdb,unet,polypseg/runs_cv/unet_seed42_fold2/best.pth,True
0.9672105428226607,0.9365031140674996,0.986242201232023,0.9488994920586594,0.8606768752150908,0.8606768752150908,2,6.082762530298219,1.2672421938121292,1,1,1,1.0,1,1.0,0,454,cvc-clinicdb,unet,polypseg/runs_cv/unet_seed42_fold2/best.pth,True
0.9310726950303021,0.8710346257425768,0.8710346257425768,0.999999999988098,0.44653842993363313,0.44653842993363313,2,10.307059393961808,2.1473040404087103,1,1,1,1.0,1,1.0,0,455,cvc-clinicdb,unet,polypseg/runs_cv/unet_seed42_fold2/best.pth,True
0.9749003262007299,0.9510297887302127,0.9630325814450139,0.9870642201744305,0.8346971676760782,0.8346971676760782,2,2.8284271247461903,0.5892556509887896,1,1,1,1.0,1,1.0,0,456,cvc-clinicdb,unet,polypseg/runs_cv/unet_seed42_fold2/best.pth,True
0.9627544609149898,0.9281837565329697,0.9453163557304776,0.9808480130993358,0.7156185601396129,0.7156185601396129,2,6.078624403783308,1.2663800841215225,1,1,1,1.0,1,1.0,0,457,cvc-clinicdb,unet,polypseg/runs_cv/unet_seed42_fold2/best.pth,True
0.9633375473981949,0.9292682926640393,0.9368852458824409,0.9913269730921221,0.8437043377155944,0.8437043377155944,2,3.1622776601683795,0.6588078458684125,1,1,1,1.0,1,1.0,0,458,cvc-clinicdb,unet,polypseg/runs_cv/unet_seed42_fold2/best.pth,True
0.9347777529491312,0.8775424617136184,0.8784634760520894,0.9988066825537278,0.5301475607306476,0.5301475607306476,2,4.123105625617661,0.858980338670346,1,1,1,1.0,1,1.0,0,459,cvc-clinicdb,unet,polypseg/runs_cv/unet_seed42_fold2/best.pth,True
0.9722330248038248,0.9459663992591801,0.9588830929585934,0.985959930572867,0.910067631895269,0.910067631895269,2,3.0,0.625,1,1,1,1.0,1,1.0,0,46,cvc-clinicdb,unet,polypseg/runs_cv/unet_seed42_fold2/best.pth,True
0.951402388216686,0.9073093220178795,0.9448428019682875,0.958053691257307,0.6734853837083719,0.6734853837083719,2,6.0,1.25,1,1,1,1.0,1,1.0,0,460,cvc-clinicdb,unet,polypseg/runs_cv/unet_seed42_fold2/best.pth,True
0.9404680234702304,0.887625899267804,0.9441383532148128,0.9368261199554013,0.6032200998608144,0.6032200998608144,2,8.0,1.6666666666666667,1,1,1,1.0,1,1.0,0,461,cvc-clinicdb,unet,polypseg/runs_cv/unet_seed42_fold2/best.pth,True
0.9731780365991801,0.9477573243330599,0.9834543986954069,0.96311421418834,0.8701029523474793,0.8701029523474793,2,4.0,0.8333333333333334,1,1,1,1.0,1,1.0,0,462,cvc-clinicdb,unet,polypseg/runs_cv/unet_seed42_fold2/best.pth,True
0.9701415701374082,0.9420144963680578,0.9722269991317951,0.9680650684848624,0.7108766862071729,0.7108766862071729,2,4.47213595499958,0.9316949906249123,1,1,1,1.0,1,1.0,0,463,cvc-clinicdb,unet,polypseg/runs_cv/unet_seed42_fold2/best.pth,True
0.9705968660075673,0.942873432144323,0.9697431687466899,0.9714520676577602,0.7992912174523721,0.7992912174523721,2,4.947213595499946,1.0306694990624887,1,1,1,1.0,1,1.0,0,464,cvc-clinicdb,unet,polypseg/runs_cv/unet_seed42_fold2/best.pth,True
0.7987831671428129,0.664978333048202,0.6739676020951747,0.9803368455904725,0.3873572366051237,0.3873572366051237,2,108.24024185259326,22.55005038595693,1,3,1,1.0,1,1.0,2,465,cvc-clinicdb,unet,polypseg/runs_cv/unet_seed42_fold2/best.pth,True
0.9545804464929829,0.9131075110377448,0.9817436661607511,0.9288798801363454,0.6921375839465613,0.6921375839465613,2,10.241955028396212,2.1337406309158777,1,1,1,1.0,1,1.0,0,466,cvc-clinicdb,unet,polypseg/runs_cv/unet_seed42_fold2/best.pth,True
0.7616923743990479,0.6151075537707342,0.9732467943490067,0.6256869529755171,0.4087141732912235,0.4087141732912235,2,78.21440238498528,16.2946671635386,1,2,1,1.0,1,1.0,1,467,cvc-clinicdb,unet,polypseg/runs_cv/unet_seed42_fold2/best.pth,True
0.6740361576961771,0.5083367556426419,0.9463302752148879,0.5234269282770346,0.28396308682459265,0.28396308682459265,2,108.60696158115142,22.62645032940655,1,1,1,1.0,1,1.0,0,468,cvc-clinicdb,unet,polypseg/runs_cv/unet_seed42_fold2/best.pth,True
0.9176307798711703,0.8477982954485241,0.9428165231739766,0.8937556154470369,0.5643726220732882,0.5643726220732882,2,52.230214801327676,10.881294750276599,1,1,1,1.0,1,1.0,0,469,cvc-clinicdb,unet,polypseg/runs_cv/unet_seed42_fold2/best.pth,True
0.9674387696935284,0.9369311390922411,0.9550182738173083,0.9801865922768087,0.7477861913810345,0.7477861913810345,2,4.0,0.8333333333333334,1,1,1,1.0,1,1.0,0,47,cvc-clinicdb,unet,polypseg/runs_cv/unet_seed42_fold2/best.pth,True
0.4445659817138482,0.2858147478371929,0.9999999999648507,0.2858147478371929,0.09475460731619452,0.09475460731619452,2,136.49413736508617,28.436278617726284,1,2,1,1.0,0,0.0,1,470,cvc-clinicdb,unet,polypseg/runs_cv/unet_seed42_fold2/best.pth,True
0.6617486338777725,0.4944875459348737,0.9539606126831163,0.5065768068765671,0.3160360692043635,0.3160360692043635,2,136.30181267683884,28.396210974341425,1,1,1,1.0,0,0.0,0,471,cvc-clinicdb,unet,polypseg/runs_cv/unet_seed42_fold2/best.pth,True
0.8835471115804717,0.791387725129394,0.9907537579702025,0.7972761291410787,0.6280662933854879,0.6280662933854879,2,57.90321756552653,12.06317032615136,1,1,1,1.0,1,1.0,0,472,cvc-clinicdb,unet,polypseg/runs_cv/unet_seed42_fold2/best.pth,True
0.918407929755198,0.8491259829108495,0.9455713745688196,0.8927615535544354,0.5448285981337497,0.5448285981337497,2,33.3309865303175,6.94395552714948,1,1,1,1.0,1,1.0,0,473,cvc-clinicdb,unet,polypseg/runs_cv/unet_seed42_fold2/best.pth,True
0.9345921903540956,0.877215449232265,0.9621327040790936,0.9085844651904256,0.655994286672529,0.655994286672529,2,38.03259116760697,7.923456493251451,1,1,1,1.0,1,1.0,0,474,cvc-clinicdb,unet,polypseg/runs_cv/unet_seed42_fold2/best.pth,True
0.8537682257128059,0.7448478090251317,0.9760783676951016,0.7586975726693925,0.38470460120248495,0.38470460120248495,2,50.96959104789868,10.61866480164556,1,1,1,1.0,1,1.0,0,475,cvc-clinicdb,unet,polypseg/runs_cv/unet_seed42_fold2/best.pth,True
0.8781901618203628,0.7828333572518882,0.9349714285660858,0.8279107422920209,0.3020938084363472,0.3020938084363472,2,99.33100568958085,20.693959518662677,1,1,1,1.0,1,1.0,0,476,cvc-clinicdb,unet,polypseg/runs_cv/unet_seed42_fold2/best.pth,True
0.8801447804960921,0.7859451518081001,0.9570065593264341,0.8147114066662535,0.44881702595988676,0.44881702595988676,2,96.22161775594898,20.046170365822707,1,1,1,1.0,1,1.0,0,477,cvc-clinicdb,unet,polypseg/runs_cv/unet_seed42_fold2/best.pth,True
0.9129174071627703,0.8397866115950792,0.9725959142951042,0.8601392438492106,0.5634222050287211,0.5634222050287211,2,87.6061663786295,18.251284662214477,1,1,1,1.0,1,1.0,0,478,cvc-clinicdb,unet,polypseg/runs_cv/unet_seed42_fold2/best.pth,True
0.9471589652859077,0.8996220075551259,0.9082043671777178,0.9896049895992746,0.6944562174050444,0.6944562174050444,2,23.420928303998355,4.879360063332991,1,1,1,1.0,1,1.0,0,479,cvc-clinicdb,unet,polypseg/runs_cv/unet_seed42_fold2/best.pth,True
0.9319400776684673,0.8725541125390034,0.873613037432843,0.998612762564435,0.6710408654360076,0.6710408654360076,2,9.219544457292887,1.920738428602685,1,1,1,1.0,1,1.0,0,48,cvc-clinicdb,unet,polypseg/runs_cv/unet_seed42_fold2/best.pth,True
0.9091860465089849,0.8334932309943849,0.8367936643790839,0.9952902240262519,0.671429123657802,0.671429123657802,2,33.94477378740761,7.071827872376586,1,1,1,1.0,1,1.0,0,480,cvc-clinicdb,unet,polypseg/runs_cv/unet_seed42_fold2/best.pth,True
0.8673360145804018,0.7657487354990765,0.7668065077214427,0.9982017981951501,0.3476491356519859,0.3476491356519859,2,54.39116779371832,11.331493290357981,1,2,1,1.0,1,1.0,1,481,cvc-clinicdb,unet,polypseg/runs_cv/unet_seed42_fold2/best.pth,True
0.9618504860856814,0.9265047791228515,0.9310747663511116,0.9947302731891335,0.7597462261029387,0.7597462261029387,2,16.474686484942044,3.4322263510295925,1,1,1,1.0,1,1.0,0,482,cvc-clinicdb,unet,polypseg/runs_cv/unet_seed42_fold2/best.pth,True
0.9645853572353515,0.9315933128585312,0.9387193811734477,0.9919171737308513,0.818850561280286,0.818850561280286,2,17.46424919657298,3.638385249286037,1,1,1,1.0,1,1.0,0,483,cvc-clinicdb,unet,polypseg/runs_cv/unet_seed42_fold2/best.pth,True
0.947411944075904,0.9000785623053124,0.9067121729192921,0.9919372294318618,0.5732905253639314,0.5732905253639314,2,16.0312195418814,3.3398374045586245,1,1,1,1.0,1,1.0,0,484,cvc-clinicdb,unet,polypseg/runs_cv/unet_seed42_fold2/best.pth,True
0.9710460019982363,0.943721491810144,0.9752530153821207,0.9668751288504784,0.6605697392624341,0.6605697392624341,2,6.0,1.25,1,1,1,1.0,1,1.0,0,485,cvc-clinicdb,unet,polypseg/runs_cv/unet_seed42_fold2/best.pth,True
0.9501439884723708,0.9050231441641519,0.9770497871372007,0.9246803292884099,0.6532409357328542,0.6532409357328542,2,5.856132958390584,1.220027699664705,1,1,1,1.0,1,1.0,0,486,cvc-clinicdb,unet,polypseg/runs_cv/unet_seed42_fold2/best.pth,True
0.9691473281720941,0.9401414524673094,0.9929853329598889,0.9464270209173705,0.7681763646467042,0.7681763646467042,2,5.0990195135927845,1.0622957319984967,1,1,1,1.0,1,1.0,0,487,cvc-clinicdb,unet,polypseg/runs_cv/unet_seed42_fold2/best.pth,True
0.9797804247340944,0.9603623067894269,0.9948351553671788,0.9651745448391083,0.8944093818372489,0.8944093818372489,2,2.8284271247461903,0.5892556509887896,1,1,1,1.0,1,1.0,0,488,cvc-clinicdb,unet,polypseg/runs_cv/unet_seed42_fold2/best.pth,True
0.9431416354718325,0.8924011647415937,0.8972244116628273,0.9940121627912241,0.7627185834318359,0.7627185834318359,2,35.84359505181185,7.467415635794136,1,1,1,1.0,1,1.0,0,489,cvc-clinicdb,unet,polypseg/runs_cv/unet_seed42_fold2/best.pth,True
0.9761545764171767,0.9534198756304851,0.9684210526208484,0.984012609761495,0.9297016662515853,0.9297016662515853,2,2.23606797749979,0.4658474953124562,1,1,1,1.0,1,1.0,0,49,cvc-clinicdb,unet,polypseg/runs_cv/unet_seed42_fold2/best.pth,True
0.9330418254685959,0.8744877238307652,0.9995357964235234,0.8748430228247122,0.2978430854765882,0.2978430854765882,2,30.614180803927187,6.3779543341514975,1,1,1,1.0,1,1.0,0,490,cvc-clinicdb,unet,polypseg/runs_cv/unet_seed42_fold2/best.pth,True
0.9280400751385647,0.8657413897805236,0.9652980408453246,0.8935513432648745,0.44784822173741445,0.44784822173741445,2,23.517498469410288,4.8994788477938105,1,1,1,1.0,1,1.0,0,491,cvc-clinicdb,unet,polypseg/runs_cv/unet_seed42_fold2/best.pth,True
0.9797331346793897,0.9602714426793786,0.973102367683787,0.9864548863843527,0.7883553009968489,0.7883553009968489,2,5.0,1.0416666666666667,1,1,1,1.0,1,1.0,0,492,cvc-clinicdb,unet,polypseg/runs_cv/unet_seed42_fold2/best.pth,True
0.9763719693168617,0.9538347329793818,0.9691227077689666,0.9837305005216588,0.7043382309152538,0.7043382309152538,2,5.0990195135927845,1.0622957319984967,1,1,1,1.0,1,1.0,0,493,cvc-clinicdb,unet,polypseg/runs_cv/unet_seed42_fold2/best.pth,True
0.9821453676339599,0.9649171270664921,0.993176002269018,0.9713570633983795,0.8376382114115193,0.8376382114115193,2,2.8284271247461903,0.5892556509887896,1,1,1,1.0,1,1.0,0,494,cvc-clinicdb,unet,polypseg/runs_cv/unet_seed42_fold2/best.pth,True
0.9555839090951742,0.9149456020610596,0.9481654882431293,0.9631193283788853,0.639063882856993,0.639063882856993,2,19.989940452235455,4.164570927549053,1,1,1,1.0,1,1.0,0,495,cvc-clinicdb,unet,polypseg/runs_cv/unet_seed42_fold2/best.pth,True
0.9452756924645476,0.8962301197678371,0.9245025064513418,0.9670038663155182,0.6106774923356842,0.6106774923356842,2,24.211495956727074,5.044061657651473,1,1,1,1.0,1,1.0,0,496,cvc-clinicdb,unet,polypseg/runs_cv/unet_seed42_fold2/best.pth,True
0.9470823028124653,0.8994836969140437,0.9180374563817845,0.9780250347680414,0.6187932269691665,0.6187932269691665,2,30.326764394856163,6.318075915595034,1,1,1,1.0,1,1.0,0,497,cvc-clinicdb,unet,polypseg/runs_cv/unet_seed42_fold2/best.pth,True
0.9676353688105995,0.9372999999968756,0.9554860851508529,0.9800975949774133,0.7487140513052465,0.7487140513052465,2,20.414409025517944,4.253001880316238,1,1,1,1.0,1,1.0,0,498,cvc-clinicdb,unet,polypseg/runs_cv/unet_seed42_fold2/best.pth,True
0.9691469386234506,0.9401407193080462,0.9527653105510614,0.9861017457069524,0.7754307448860666,0.7754307448860666,2,19.255958993807184,4.0116581237098305,1,1,1,1.0,1,1.0,0,499,cvc-clinicdb,unet,polypseg/runs_cv/unet_seed42_fold2/best.pth,True
0.7195648478642884,0.5619689889519861,0.9896203478493583,0.5653009988752454,0.5729192809565591,0.5729192809565591,2,59.033888572581766,12.298726785954534,1,1,1,1.0,1,1.0,0,5,cvc-clinicdb,unet,polypseg/runs_cv/unet_seed42_fold2/best.pth,True
0.9394812679964861,0.8858695651906441,0.8885523924624908,0.9966032608357133,0.7442843220642069,0.7442843220642069,2,5.019258240356718,1.0456788000743162,1,1,1,1.0,1,1.0,0,50,cvc-clinicdb,unet,polypseg/runs_cv/unet_seed42_fold2/best.pth,True
0.9579155672791625,0.9192302823083983,0.9316738307504223,0.9856784090070883,0.6083130161267074,0.6083130161267074,2,9.899494936611665,2.0623947784607637,1,1,1,1.0,1,1.0,0,500,cvc-clinicdb,unet,polypseg/runs_cv/unet_seed42_fold2/best.pth,True
0.9710098757537982,0.9436532507686819,0.9522294802558805,0.9905459702139532,0.660713665853974,0.660713665853974,2,5.0,1.0416666666666667,1,1,1,1.0,1,1.0,0,501,cvc-clinicdb,unet,polypseg/runs_cv/unet_seed42_fold2/best.pth,True
0.961034439883225,0.9249916231825906,0.9375121288524281,0.9857674845636598,0.7751342554525306,0.7751342554525306,2,20.0,4.166666666666667,1,1,1,1.0,1,1.0,0,502,cvc-clinicdb,unet,polypseg/runs_cv/unet_seed42_fold2/best.pth,True
0.9728536173507969,0.9471421345433015,0.9669090752572532,0.9788717055065176,0.7627432668599995,0.7627432668599995,2,9.830756560731531,2.0480742834857355,1,1,1,1.0,1,1.0,0,503,cvc-clinicdb,unet,polypseg/runs_cv/unet_seed42_fold2/best.pth,True
0.9623320659013316,0.9273988665142915,0.985054488832537,0.940634291368279,0.6831901234914464,0.6831901234914464,2,4.0,0.8333333333333334,1,1,1,1.0,1,1.0,0,504,cvc-clinicdb,unet,polypseg/runs_cv/unet_seed42_fold2/best.pth,True
0.9724394057826021,0.9463572379624224,0.964147286815477,0.9808753943153202,0.7513107919654199,0.7513107919654199,2,5.0,1.0416666666666667,1,1,1,1.0,1,1.0,0,505,cvc-clinicdb,unet,polypseg/runs_cv/unet_seed42_fold2/best.pth,True
0.8651216569464293,0.762303432999419,0.9869526567803546,0.7700637655201475,0.27367200549553156,0.27367200549553156,2,41.00426765808691,8.54255576210144,1,1,1,1.0,1,1.0,0,506,cvc-clinicdb,unet,polypseg/runs_cv/unet_seed42_fold2/best.pth,True
0.9769655716669416,0.9549684200353046,0.9902509749000343,0.9640319283535383,0.5773855834554622,0.5773855834554622,2,6.708203932499369,1.3975424859373686,1,1,1,1.0,1,1.0,0,507,cvc-clinicdb,unet,polypseg/runs_cv/unet_seed42_fold2/best.pth,True
0.9644366622359484,0.931315958247733,0.9570974893585169,0.971889260718151,0.5628797444788307,0.5628797444788307,2,6.324555320336759,1.317615691736825,1,1,1,1.0,1,1.0,0,508,cvc-clinicdb,unet,polypseg/runs_cv/unet_seed42_fold2/best.pth,True
0.9702915243427981,0.9422973077147088,0.9633280757021819,0.9773563770125031,0.6906330303277666,0.6906330303277666,2,4.123105625617661,0.858980338670346,1,1,1,1.0,1,1.0,0,509,cvc-clinicdb,unet,polypseg/runs_cv/unet_seed42_fold2/best.pth,True
0.8345381525769262,0.7160578910602303,0.7374024130065718,0.9611470859425395,0.6204756480506174,0.6204756480506174,2,10.63014581273465,2.2146137109863853,1,1,1,1.0,1,1.0,0,51,cvc-clinicdb,unet,polypseg/runs_cv/unet_seed42_fold2/best.pth,True
0.9624900942107841,0.9276924382506349,0.9785157998301091,0.946980854189145,0.6337687285762534,0.6337687285762534,2,5.0,1.0416666666666667,1,1,1,1.0,1,1.0,0,510,cvc-clinicdb,unet,polypseg/runs_cv/unet_seed42_fold2/best.pth,True
0.9505183442324056,0.9057026761817892,0.9767301299338663,0.9256766432632726,0.6765007223209523,0.6765007223209523,2,6.082762530298219,1.2672421938121292,1,1,1,1.0,1,1.0,0,511,cvc-clinicdb,unet,polypseg/runs_cv/unet_seed42_fold2/best.pth,True
0.9536281004394266,0.911366313296358,0.9715900172504852,0.936318257435542,0.7985641392114841,0.7985641392114841,2,9.690013724561867,2.018752859283722,1,1,1,1.0,1,1.0,0,512,cvc-clinicdb,unet,polypseg/runs_cv/unet_seed42_fold2/best.pth,True
0.9388101612947246,0.8846769230660347,0.9548352816026191,0.9233140654987372,0.5625359079301533,0.5625359079301533,2,8.54400374531753,1.7800007802744855,1,1,1,1.0,1,1.0,0,513,cvc-clinicdb,unet,polypseg/runs_cv/unet_seed42_fold2/best.pth,True
0.9611211133231418,0.9251522248156894,0.9730049260987881,0.9495240842135416,0.7191222571405893,0.7191222571405893,2,5.385164807134504,1.1219093348196882,1,1,1,1.0,1,1.0,0,514,cvc-clinicdb,unet,polypseg/runs_cv/unet_seed42_fold2/best.pth,True
0.9643903010368724,0.9312294989149278,0.9640515222369548,0.9647293180107249,0.7930190437128543,0.7930190437128543,2,4.0,0.8333333333333334,1,1,1,1.0,1,1.0,0,515,cvc-clinicdb,unet,polypseg/runs_cv/unet_seed42_fold2/best.pth,True
0.9761742165529396,0.9534573482475842,0.9835626911239789,0.9688959180526517,0.8627279680392841,0.8627279680392841,2,3.1622776601683795,0.6588078458684125,1,1,1,1.0,1,1.0,0,516,cvc-clinicdb,unet,polypseg/runs_cv/unet_seed42_fold2/best.pth,True
0.9628261371452157,0.9283170080039145,0.9326772534004397,0.9949892626939275,0.6995474473884348,0.6995474473884348,2,5.656854249492381,1.1785113019775793,1,1,1,1.0,1,1.0,0,517,cvc-clinicdb,unet,polypseg/runs_cv/unet_seed42_fold2/best.pth,True
0.9752101137017076,0.9516195726953602,0.9568953568820944,0.9942396313220876,0.8589962911469542,0.8589962911469542,2,3.0,0.625,1,1,1,1.0,1,1.0,0,518,cvc-clinicdb,unet,polypseg/runs_cv/unet_seed42_fold2/best.pth,True
0.9821819318509131,0.9649877149823264,0.9742910300446845,0.9902016960750045,0.8335628804965634,0.8335628804965634,2,3.605551275463989,0.7511565157216644,1,1,1,1.0,1,1.0,0,519,cvc-clinicdb,unet,polypseg/runs_cv/unet_seed42_fold2/best.pth,True
0.0,0.0,0.0,0.0,0.0,0.0,2,,,1,0,0,0.0,0,0.0,0,52,cvc-clinicdb,unet,polypseg/runs_cv/unet_seed42_fold2/best.pth,True
0.9862414578565234,0.9728563724565303,0.980745707420918,0.9917991478398689,0.8957195320697442,0.8957195320697442,2,2.8284271247461903,0.5892556509887896,1,1,1,1.0,1,1.0,0,520,cvc-clinicdb,unet,polypseg/runs_cv/unet_seed42_fold2/best.pth,True
0.9739981035036482,0.9493141356070696,0.9869525639629113,0.9613793103353558,0.850034570508113,0.850034570508113,2,3.605551275463989,0.7511565157216644,1,1,1,1.0,1,1.0,0,521,cvc-clinicdb,unet,polypseg/runs_cv/unet_seed42_fold2/best.pth,True
0.9486245954628598,0.9022701038745381,0.9564921821759824,0.9408853818250517,0.6020559883984635,0.6020559883984635,2,6.708203932499369,1.3975424859373686,1,1,1,1.0,1,1.0,0,522,cvc-clinicdb,unet,polypseg/runs_cv/unet_seed42_fold2/best.pth,True
0.9654410287224688,0.9331909108383533,0.9434517965650215,0.9884797366593606,0.8637901642914906,0.8637901642914906,2,3.0,0.625,1,1,1,1.0,1,1.0,0,523,cvc-clinicdb,unet,polypseg/runs_cv/unet_seed42_fold2/best.pth,True
0.982338734021882,0.9652904820718651,0.9769315452313003,0.9878061121180539,0.8171591794281156,0.8171591794281156,2,3.1622776601683795,0.6588078458684125,1,1,1,1.0,1,1.0,0,524,cvc-clinicdb,unet,polypseg/runs_cv/unet_seed42_fold2/best.pth,True
0.9766753386517597,0.9544139563342297,0.958193979924677,0.9958836443377617,0.7960562328512754,0.7960562328512754,2,3.605551275463989,0.7511565157216644,1,1,1,1.0,1,1.0,0,525,cvc-clinicdb,unet,polypseg/runs_cv/unet_seed42_fold2/best.pth,True
0.9719863686191186,0.9454994943145802,0.9620397896071112,0.9821407727211142,0.8344564837727256,0.8344564837727256,2,3.0,0.625,1,1,1,1.0,1,1.0,0,526,cvc-clinicdb,unet,polypseg/runs_cv/unet_seed42_fold2/best.pth,True
0.9797162621586368,0.9602390255003419,0.9744606413880529,0.9850288812803839,0.9142546648738026,0.9142546648738026,2,2.5618655084852833,0.533721980934434,1,1,1,1.0,1,1.0,0,527,cvc-clinicdb,unet,polypseg/runs_cv/unet_seed42_fold2/best.pth,True
0.9762791794342076,0.9536576377284535,0.9781704781612344,0.9743951802600546,0.8386783684141849,0.8386783684141849,2,2.8284271247461903,0.5892556509887896,1,1,1,1.0,1,1.0,0,528,cvc-clinicdb,unet,polypseg/runs_cv/unet_seed42_fold2/best.pth,True
0.8392361110965411,0.7230032904360454,0.7673015872772285,0.9260536398112623,0.32190812867365665,0.32190812867365665,2,12.047812288012636,2.509960893335966,1,1,1,1.0,1,1.0,0,529,cvc-clinicdb,unet,polypseg/runs_cv/unet_seed42_fold2/best.pth,True
0.9351100810582207,0.8781284003397032,0.889746416660447,0.9853479852276743,0.9421298727559035,0.9421298727559035,2,2.23606797749979,0.4658474953124562,1,1,1,1.0,1,1.0,0,53,cvc-clinicdb,unet,polypseg/runs_cv/unet_seed42_fold2/best.pth,True
0.5753549119752941,0.40385841836090786,0.40385841836090786,0.9999999999605211,0.220897567448065,0.220897567448065,2,50.052467795958606,10.427597457491377,1,1,1,1.0,0,0.0,0,530,cvc-clinicdb,unet,polypseg/runs_cv/unet_seed42_fold2/best.pth,True
0.7624656458478934,0.6161167512560043,0.6165079364948888,0.9989711933813796,0.24559595127084055,0.24559595127084055,2,21.540659228538015,4.487637339278753,1,1,1,1.0,1,1.0,0,531,cvc-clinicdb,unet,polypseg/runs_cv/unet_seed42_fold2/best.pth,True
0.608943370160489,0.43775598857592457,0.43775598857592457,0.9999999999716473,0.0505617498552562,0.0505617498552562,2,59.18106633056593,12.329388818867903,1,1,1,1.0,0,0.0,0,532,cvc-clinicdb,unet,polypseg/runs_cv/unet_seed42_fold2/best.pth,True
0.6328203078110946,0.462865497071512,0.462865497071512,0.999999999978943,0.07680751979873632,0.07680751979873632,2,59.53707804159837,12.403557925332994,1,1,1,1.0,0,0.0,0,533,cvc-clinicdb,unet,polypseg/runs_cv/unet_seed42_fold2/best.pth,True
0.8362916439047222,0.7186436700607925,0.7186436700607925,0.9999999999836735,0.16038877189373307,0.16038877189373307,2,13.341664064126334,2.7795133466929864,1,1,1,1.0,1,1.0,0,534,cvc-clinicdb,unet,polypseg/runs_cv/unet_seed42_fold2/best.pth,True
0.6090870727218591,0.43790453074138413,0.43790453074138413,0.9999999999846035,0.10007654177887522,0.10007654177887522,2,76.31537602730023,15.899036672354216,1,1,1,1.0,0,0.0,0,535,cvc-clinicdb,unet,polypseg/runs_cv/unet_seed42_fold2/best.pth,True
0.4465396451239228,0.2874483688768126,0.28764234500089564,0.997659449956149,0.1627290478795359,0.1627290478795359,2,167.72410633065277,34.942522152219325,1,2,1,1.0,0,0.0,1,536,cvc-clinicdb,unet,polypseg/runs_cv/unet_seed42_fold2/best.pth,True
0.861814242087444,0.7571824160478162,0.7571824160478162,0.9999999999771428,0.42042037058320175,0.42042037058320175,2,18.29746006280068,3.8119708464168083,1,1,1,1.0,1,1.0,0,537,cvc-clinicdb,unet,polypseg/runs_cv/unet_seed42_fold2/best.pth,True
0.623966942144463,0.45345345344891436,0.4540443018898061,0.9971384547436245,0.2035376300706857,0.2035376300706857,2,56.0357029044876,11.67410477176825,1,1,1,1.0,0,0.0,0,538,cvc-clinicdb,unet,polypseg/runs_cv/unet_seed42_fold2/best.pth,True
0.9128811449849852,0.8397252432645709,0.846118352741422,0.9910822861641524,0.3979091300631533,0.3979091300631533,2,9.848857801796104,2.0518453753741883,1,1,1,1.0,1,1.0,0,539,cvc-clinicdb,unet,polypseg/runs_cv/unet_seed42_fold2/best.pth,True
0.8563162969280311,0.7487352443931307,0.7487352443931307,0.9999999997747747,0.766625105716282,0.766625105716282,2,2.8284271247461903,0.5892556509887896,1,1,1,1.0,1,1.0,0,54,cvc-clinicdb,unet,polypseg/runs_cv/unet_seed42_fold2/best.pth,True
0.8882226422443843,0.7989213272318036,0.8005639428960785,0.9974383371075354,0.4046019407609604,0.4046019407609604,2,169.83580217506332,35.382458786471524,1,3,1,1.0,1,1.0,2,540,cvc-clinicdb,unet,polypseg/runs_cv/unet_seed42_fold2/best.pth,True
0.6369096690576086,0.4672541904227816,0.4695259593638693,0.9897510980785185,0.22610727626524244,0.22610727626524244,2,62.80445811757579,13.084262107828291,1,1,1,1.0,0,0.0,0,541,cvc-clinicdb,unet,polypseg/runs_cv/unet_seed42_fold2/best.pth,True
0.7053516734381837,0.5448210598714313,0.5459482758573625,0.9962246342457728,0.1905550527625127,0.1905550527625127,2,152.3456501000504,31.738677104177164,1,2,1,1.0,1,1.0,1,542,cvc-clinicdb,unet,polypseg/runs_cv/unet_seed42_fold2/best.pth,True
0.6657745307220305,0.49899701815939823,0.49899701815939823,0.999999999989135,0.22002995526016111,0.22002995526016111,2,77.0,16.041666666666668,1,1,1,1.0,0,0.0,0,543,cvc-clinicdb,unet,polypseg/runs_cv/unet_seed42_fold2/best.pth,True
0.5366077400849755,0.3666875620321614,0.36694633942244453,0.9980804777406648,0.23955224332978414,0.23955224332978414,2,158.67513982477305,33.05732079682772,1,1,1,1.0,0,0.0,0,544,cvc-clinicdb,unet,polypseg/runs_cv/unet_seed42_fold2/best.pth,True
0.8446118659972782,0.7310200279374589,0.7310200279374589,0.9999999999840714,0.37871773268902953,0.37871773268902953,2,141.05832110041652,29.387150229253443,1,3,1,1.0,1,1.0,2,545,cvc-clinicdb,unet,polypseg/runs_cv/unet_seed42_fold2/best.pth,True
0.887575712801835,0.7978751659920601,0.798617572766202,0.9988362427099113,0.46741924101391463,0.46741924101391463,2,13.917413152877911,2.8994610735162314,1,1,1,1.0,1,1.0,0,546,cvc-clinicdb,unet,polypseg/runs_cv/unet_seed42_fold2/best.pth,True
0.8694862951454938,0.7691072575342147,0.7722069966020925,0.9948078919834931,0.47942458306901126,0.47942458306901126,2,41.49932670058912,8.645693062622735,2,3,2,1.0,2,1.0,1,547,cvc-clinicdb,unet,polypseg/runs_cv/unet_seed42_fold2/best.pth,True
0.9394710463340313,0.8858513886740461,0.9373749807518483,0.9415765069406248,0.6776229949062312,0.6776229949062312,2,5.0,1.0416666666666667,2,2,2,1.0,2,1.0,0,548,cvc-clinicdb,unet,polypseg/runs_cv/unet_seed42_fold2/best.pth,True
0.5977939198117355,0.42632386798057087,0.6459302325205855,0.5563345017247704,0.2047243630324366,0.2047243630324366,2,91.60376455873175,19.084117616402448,2,1,1,0.5,1,0.5,0,549,cvc-clinicdb,unet,polypseg/runs_cv/unet_seed42_fold2/best.pth,True
0.9406593405904279,0.8879668048564362,0.9171428570118367,0.9654135336894115,0.9824560903508797,0.9824560903508797,2,1.6192388155425086,0.3373414199046893,1,1,1,1.0,1,1.0,0,55,cvc-clinicdb,unet,polypseg/runs_cv/unet_seed42_fold2/best.pth,True
0.9505142949627398,0.9056953233383903,0.943560057871948,0.9575718015509534,0.7779907288066206,0.7779907288066206,2,4.123105625617661,0.858980338670346,2,2,2,1.0,2,1.0,0,550,cvc-clinicdb,unet,polypseg/runs_cv/unet_seed42_fold2/best.pth,True
0.9447622032363491,0.8953073952941,0.9162613981623668,0.9750929969112876,0.7664952313577067,0.7664952313577067,2,3.605551275463989,0.7511565157216644,2,2,2,1.0,2,1.0,0,551,cvc-clinicdb,unet,polypseg/runs_cv/unet_seed42_fold2/best.pth,True
0.893132629364988,0.8069012178510568,0.8367948358007747,0.9576039826407965,0.5550676999036664,0.5550676999036664,2,9.848857801796104,2.0518453753741883,2,2,2,1.0,2,1.0,0,552,cvc-clinicdb,unet,polypseg/runs_cv/unet_seed42_fold2/best.pth,True
0.9145582996140658,0.8425678682594284,0.873572499701539,0.9595793208190626,0.6092626603517178,0.6092626603517178,2,11.661903789690601,2.4295632895188755,2,2,2,1.0,2,1.0,0,553,cvc-clinicdb,unet,polypseg/runs_cv/unet_seed42_fold2/best.pth,True
0.9469105509650517,0.8991739038244103,0.933993399329659,0.9601900022510722,0.7175790770946442,0.7175790770946442,2,6.4031242374328485,1.3339842161318434,2,2,2,1.0,2,1.0,0,554,cvc-clinicdb,unet,polypseg/runs_cv/unet_seed42_fold2/best.pth,True
0.9306671894338975,0.8703251038759432,0.8965126526388454,0.9675271738998977,0.6019202491021454,0.6019202491021454,2,8.22781590094164,1.7141283126961748,2,2,2,1.0,2,1.0,0,555,cvc-clinicdb,unet,polypseg/runs_cv/unet_seed42_fold2/best.pth,True
0.9436347907037755,0.8932846163425314,0.9024949083388175,0.9887045042394547,0.6599077841065255,0.6599077841065255,2,5.770017718971775,1.2020870247857864,2,2,2,1.0,2,1.0,0,556,cvc-clinicdb,unet,polypseg/runs_cv/unet_seed42_fold2/best.pth,True
0.9226859063628541,0.856468797551652,0.8808703819523972,0.9686693062322488,0.6178755184371759,0.6178755184371759,2,7.644944591370316,1.592696789868816,2,2,2,1.0,2,1.0,0,557,cvc-clinicdb,unet,polypseg/runs_cv/unet_seed42_fold2/best.pth,True
0.92352842528154,0.857921794658702,0.8855121402012299,0.9649553180135806,0.6970571053412755,0.6970571053412755,2,9.0,1.875,2,2,2,1.0,2,1.0,0,558,cvc-clinicdb,unet,polypseg/runs_cv/unet_seed42_fold2/best.pth,True
0.005347593581457862,0.0026809651467343256,0.9999999000000099,0.0026809651467343256,0.0,0.0,2,23.94767572204787,4.989099108759973,1,0,0,0.0,0,0.0,0,559,cvc-clinicdb,unet,polypseg/runs_cv/unet_seed42_fold2/best.pth,True
0.9389938157957715,0.8850031505707309,0.8897687677893643,0.99398443025499,0.7039160568330968,0.7039160568330968,2,4.47213595499958,0.9316949906249123,1,1,1,1.0,1,1.0,0,56,cvc-clinicdb,unet,polypseg/runs_cv/unet_seed42_fold2/best.pth,True
0.6346639716975352,0.4648408586175075,0.4755174154407431,0.9539240506087614,0.38328194696133067,0.38328194696133067,2,40.70614626735012,8.480447139031275,2,1,1,0.5,0,0.0,0,560,cvc-clinicdb,unet,polypseg/runs_cv/unet_seed42_fold2/best.pth,True
0.9086453139448267,0.8325847916860372,0.8805896805752566,0.9385474860171343,0.5399733503255059,0.5399733503255059,2,6.4031242374328485,1.3339842161318434,2,2,2,1.0,2,1.0,0,561,cvc-clinicdb,unet,polypseg/runs_cv/unet_seed42_fold2/best.pth,True
0.8597593279281028,0.7540156643999202,0.9294714449201527,0.7997747113376545,0.5754182067367684,0.5754182067367684,2,19.209372712298546,4.00195264839553,2,2,2,1.0,2,1.0,0,562,cvc-clinicdb,unet,polypseg/runs_cv/unet_seed42_fold2/best.pth,True
0.8780642243289096,0.7826332338887153,0.9945696721209571,0.7859919028276438,0.35250975593730044,0.35250975593730044,2,16.34613997501606,3.405445828128346,1,1,1,1.0,1,1.0,0,563,cvc-clinicdb,unet,polypseg/runs_cv/unet_seed42_fold2/best.pth,True
0.9030794939090352,0.8232861806251484,0.9657079645935525,0.8480795097829317,0.5845696829510076,0.5845696829510076,2,14.0,2.9166666666666665,1,2,1,1.0,1,1.0,1,564,cvc-clinicdb,unet,polypseg/runs_cv/unet_seed42_fold2/best.pth,True
0.4614256184539479,0.29990465458698184,0.6159871817586614,0.3688699360301826,0.2838965287444045,0.2838965287444045,2,56.36488268416781,11.74268389253496,2,2,1,0.5,0,0.0,1,565,cvc-clinicdb,unet,polypseg/runs_cv/unet_seed42_fold2/best.pth,True
0.6270503879714463,0.45671769923513067,0.4757788045837565,0.9193548386831983,0.2855050121454381,0.2855050121454381,2,42.16366892440919,8.784097692585247,2,1,1,0.5,0,0.0,0,566,cvc-clinicdb,unet,polypseg/runs_cv/unet_seed42_fold2/best.pth,True
0.8973807414792183,0.8138627495796681,0.8290858077898273,0.9779371207672936,0.597949293779379,0.597949293779379,2,10.896701343170314,2.270146113160482,2,2,2,1.0,2,1.0,0,567,cvc-clinicdb,unet,polypseg/runs_cv/unet_seed42_fold2/best.pth,True
0.5139611925928083,0.3458598725894357,0.7163588389556255,0.400738007350499,0.3166226480183294,0.3166226480183294,2,76.49182711710445,15.935797316063427,2,1,1,0.5,1,0.5,0,568,cvc-clinicdb,unet,polypseg/runs_cv/unet_seed42_fold2/best.pth,True
0.7285616281562186,0.5730215827132007,0.8695414846686931,0.626918535984773,0.3702512620764931,0.3702512620764931,2,16.1245154965971,3.359274061791062,2,2,2,1.0,2,1.0,0,569,cvc-clinicdb,unet,polypseg/runs_cv/unet_seed42_fold2/best.pth,True
0.8499050031396483,0.7389867841002761,0.7439024389831539,0.9911373706801228,0.3914473189750755,0.3914473189750755,2,7.0,1.4583333333333333,1,1,1,1.0,1,1.0,0,57,cvc-clinicdb,unet,polypseg/runs_cv/unet_seed42_fold2/best.pth,True
0.7782234956797071,0.6369606003453584,0.9132481505774547,0.6779830254279589,0.5842543234125732,0.5842543234125732,2,71.18847271446069,14.830931815512644,2,1,1,0.5,1,0.5,0,570,cvc-clinicdb,unet,polypseg/runs_cv/unet_seed42_fold2/best.pth,True
0.7138720715915252,0.5550552599187467,0.5604077696575229,0.9830836152493213,0.46157377538410194,0.46157377538410194,2,34.60677681888239,7.209745170600497,2,1,1,0.5,0,0.0,0,571,cvc-clinicdb,unet,polypseg/runs_cv/unet_seed42_fold2/best.pth,True
0.9435743402602061,0.8931762794294643,0.9001227998178444,0.9914337240533942,0.6966351939297892,0.6966351939297892,2,5.0,1.0416666666666667,1,1,1,1.0,1,1.0,0,572,cvc-clinicdb,unet,polypseg/runs_cv/unet_seed42_fold2/best.pth,True
0.719326738509976,0.5616785796504109,0.5653283824422064,0.9886363635962405,0.5507663051295266,0.5507663051295266,2,34.69361332989191,7.227836110394148,1,1,1,1.0,1,1.0,0,573,cvc-clinicdb,unet,polypseg/runs_cv/unet_seed42_fold2/best.pth,True
0.9039356749702934,0.8247104246785827,0.8665314401271185,0.9447147279546787,0.7722536670078118,0.7722536670078118,2,10.975334750883977,2.2865280731008286,1,1,1,1.0,1,1.0,0,574,cvc-clinicdb,unet,polypseg/runs_cv/unet_seed42_fold2/best.pth,True
0.830624774276747,0.7103150092503538,0.9217205449927406,0.7559158632612639,0.5406286092838523,0.5406286092838523,2,35.02222718776073,7.296297330783485,1,1,1,1.0,1,1.0,0,575,cvc-clinicdb,unet,polypseg/runs_cv/unet_seed42_fold2/best.pth,True
0.6711811722838457,0.5050960735086868,0.8999702292080985,0.5351389626387831,0.4344206261655129,0.4344206261655129,2,110.38251632162542,22.996357567005294,1,1,1,1.0,1,1.0,0,576,cvc-clinicdb,unet,polypseg/runs_cv/unet_seed42_fold2/best.pth,True
0.6644821532982506,0.4975464423326753,0.9555705149459587,0.5093290276191366,0.5364979448120156,0.5364979448120156,2,118.68024266911489,24.7250505560656,1,1,1,1.0,0,0.0,0,577,cvc-clinicdb,unet,polypseg/runs_cv/unet_seed42_fold2/best.pth,True
0.8719716734916886,0.7730051214146207,0.8980806141862173,0.8473379210277556,0.5025318350467824,0.5025318350467824,2,58.306299811297336,12.147145794020279,1,1,1,1.0,1,1.0,0,578,cvc-clinicdb,unet,polypseg/runs_cv/unet_seed42_fold2/best.pth,True
0.6726278677600908,0.5067364693162927,0.9930597465148905,0.5085374333577336,0.46837853807484386,0.46837853807484386,2,142.9205191175689,29.77510814949352,1,1,1,1.0,1,1.0,0,579,cvc-clinicdb,unet,polypseg/runs_cv/unet_seed42_fold2/best.pth,True
0.8738945299418968,0.7760325770345531,0.7792056074311211,0.9947800148400611,0.5217042045020766,0.5217042045020766,2,6.007219339662341,1.251504029096321,1,1,1,1.0,1,1.0,0,58,cvc-clinicdb,unet,polypseg/runs_cv/unet_seed42_fold2/best.pth,True
0.5755895216169548,0.4040896429450235,0.9767406273760254,0.4080158527204806,0.39395661085366335,0.39395661085366335,2,154.01785603067373,32.08705333972369,1,1,1,1.0,0,0.0,0,580,cvc-clinicdb,unet,polypseg/runs_cv/unet_seed42_fold2/best.pth,True
0.5332233741732123,0.3635341365442381,0.9761322789219823,0.36679453238766657,0.3663883885838995,0.3663883885838995,2,145.0207963736297,30.212665911172856,1,1,1,1.0,0,0.0,0,581,cvc-clinicdb,unet,polypseg/runs_cv/unet_seed42_fold2/best.pth,True
0.5695997797564624,0.3982100755405947,0.4067630000963002,0.9498450590961798,0.35386994283549855,0.35386994283549855,2,146.15197542258906,30.448328213039385,1,1,1,1.0,0,0.0,0,582,cvc-clinicdb,unet,polypseg/runs_cv/unet_seed42_fold2/best.pth,True
0.3705703928372769,0.2274233825188312,0.22867969320567622,0.9764132553415904,0.279214774454708,0.279214774454708,2,171.93556597576483,35.81990957828434,1,1,0,0.0,0,0.0,1,583,cvc-clinicdb,unet,polypseg/runs_cv/unet_seed42_fold2/best.pth,True
0.1885523981443912,0.1040893470786801,0.10426491342775028,0.9840805717678986,0.2612368740610474,0.2612368740610474,2,222.37485818326067,46.32809545484597,1,1,0,0.0,0,0.0,1,584,cvc-clinicdb,unet,polypseg/runs_cv/unet_seed42_fold2/best.pth,True
0.17462448066363295,0.09566496253172024,0.10326579981778601,0.5651634257109986,0.12898085945323132,0.12898085945323132,2,218.14673960433146,45.44723741756905,1,2,1,1.0,0,0.0,1,585,cvc-clinicdb,unet,polypseg/runs_cv/unet_seed42_fold2/best.pth,True
0.9491525423625023,0.9032258064328154,0.9224229542843269,0.9774774774554622,0.6965175042068372,0.6965175042068372,2,5.0,1.0416666666666667,1,1,1,1.0,1,1.0,0,586,cvc-clinicdb,unet,polypseg/runs_cv/unet_seed42_fold2/best.pth,True
0.8953813855686602,0.8105796642125253,0.8105796642125253,0.9999999999609223,0.5214170591083325,0.5214170591083325,2,6.708203932499369,1.3975424859373686,1,1,1,1.0,1,1.0,0,587,cvc-clinicdb,unet,polypseg/runs_cv/unet_seed42_fold2/best.pth,True
0.9132597879966848,0.8403662420047625,0.8655186551510653,0.9665750915308345,0.6513402387220321,0.6513402387220321,2,6.0,1.25,1,1,1,1.0,1,1.0,0,588,cvc-clinicdb,unet,polypseg/runs_cv/unet_seed42_fold2/best.pth,True
0.924245300912773,0.8591599011345161,0.8640397585777764,0.9934693877145523,0.7503178814540722,0.7503178814540722,2,11.0,2.2916666666666665,1,1,1,1.0,1,1.0,0,589,cvc-clinicdb,unet,polypseg/runs_cv/unet_seed42_fold2/best.pth,True
0.8981406628577955,0.8151137196760738,0.8423047762818571,0.96190476182148,0.6696976354691677,0.6696976354691677,2,4.41978140559229,0.9207877928317271,1,1,1,1.0,1,1.0,0,59,cvc-clinicdb,unet,polypseg/runs_cv/unet_seed42_fold2/best.pth,True
0.960510759021979,0.9240218379925378,0.9755043227197164,0.9459711224524466,0.9146448768294004,0.9146448768294004,2,2.905634918610403,0.6053406080438339,1,1,1,1.0,1,1.0,0,590,cvc-clinicdb,unet,polypseg/runs_cv/unet_seed42_fold2/best.pth,True
0.9288281811423718,0.8671140939209345,0.8769230768833972,0.9872643911876074,0.7740457515296344,0.7740457515296344,2,4.47213595499958,0.9316949906249123,1,1,1,1.0,1,1.0,0,591,cvc-clinicdb,unet,polypseg/runs_cv/unet_seed42_fold2/best.pth,True
0.9222211378850178,0.8556682361308282,0.8671315837609263,0.98478532719915,0.5899843325709344,0.5899843325709344,2,7.280109889280518,1.5166895602667745,1,1,1,1.0,1,1.0,0,592,cvc-clinicdb,unet,polypseg/runs_cv/unet_seed42_fold2/best.pth,True
0.9186925434022605,0.8496126959975513,0.8538067210773912,0.9942516028964349,0.5161034738575582,0.5161034738575582,2,6.478014765201794,1.3495864094170404,1,1,1,1.0,1,1.0,0,593,cvc-clinicdb,unet,polypseg/runs_cv/unet_seed42_fold2/best.pth,True
0.9511528794563309,0.9068555948967106,0.9158249158056434,0.9893157535578696,0.7636382816495941,0.7636382816495941,2,3.605551275463989,0.7511565157216644,1,1,1,1.0,1,1.0,0,594,cvc-clinicdb,unet,polypseg/runs_cv/unet_seed42_fold2/best.pth,True
0.8100786484006688,0.6807833537165047,0.686666666649712,0.9875710226922028,0.6015556977621509,0.6015556977621509,2,16.55294535724685,3.4485302827597604,1,1,1,1.0,1,1.0,0,595,cvc-clinicdb,unet,polypseg/runs_cv/unet_seed42_fold2/best.pth,True
0.8284737582781324,0.7071747339269765,0.7172701949610979,0.9804854830566166,0.6102934446155278,0.6102934446155278,2,13.43259631973952,2.7984575666124,1,1,1,1.0,1,1.0,0,596,cvc-clinicdb,unet,polypseg/runs_cv/unet_seed42_fold2/best.pth,True
0.7292011932141464,0.573813249839655,0.5780346820505499,0.9874326749562448,0.5460941453682777,0.5460941453682777,2,12.36931687685298,2.576941016011038,1,1,1,1.0,1,1.0,0,597,cvc-clinicdb,unet,polypseg/runs_cv/unet_seed42_fold2/best.pth,True
0.8629288702784448,0.7589049160801029,0.7615952732419027,0.9953667953283643,0.4446353701407994,0.4446353701407994,2,9.848857801796104,2.0518453753741883,1,1,1,1.0,1,1.0,0,598,cvc-clinicdb,unet,polypseg/runs_cv/unet_seed42_fold2/best.pth,True
0.9139731476763554,0.8415750915558248,0.8442811207890611,0.9962059620326232,0.537883119462941,0.537883119462941,2,6.324555320336759,1.317615691736825,1,1,1,1.0,1,1.0,0,599,cvc-clinicdb,unet,polypseg/runs_cv/unet_seed42_fold2/best.pth,True
0.9519688668110196,0.908340255040268,0.994011655878768,0.9133382461266846,0.6080449523317858,0.6080449523317858,2,32.355238019982295,6.740674587496311,1,1,1,1.0,1,1.0,0,6,cvc-clinicdb,unet,polypseg/runs_cv/unet_seed42_fold2/best.pth,True
0.8717450446779684,0.7726489837832364,0.9299336649697375,0.8204096561514116,0.618614804442104,0.618614804442104,2,17.0,3.5416666666666665,1,1,1,1.0,1,1.0,0,60,cvc-clinicdb,unet,polypseg/runs_cv/unet_seed42_fold2/best.pth,True
0.9432575235415618,0.8926086956424716,0.8929969551882013,0.9995131450705999,0.4795454045547573,0.4795454045547573,2,7.531857301718061,1.5691369378579294,1,1,1,1.0,1,1.0,0,600,cvc-clinicdb,unet,polypseg/runs_cv/unet_seed42_fold2/best.pth,True
0.9318591703839735,0.872412274249414,0.8766597816335695,0.9944769874310548,0.6084757614310917,0.6084757614310917,2,6.324555320336759,1.317615691736825,1,1,1,1.0,1,1.0,0,601,cvc-clinicdb,unet,polypseg/runs_cv/unet_seed42_fold2/best.pth,True
0.9528479818864364,0.9099423630992803,0.9124403987731189,0.9970003157404957,0.7001291251245669,0.7001291251245669,2,4.0,0.8333333333333334,1,1,1,1.0,1,1.0,0,602,cvc-clinicdb,unet,polypseg/runs_cv/unet_seed42_fold2/best.pth,True
0.9256544502560785,0.8615984405359293,0.8625875329943451,0.9986709197102782,0.5211428071836782,0.5211428071836782,2,8.54400374531753,1.7800007802744855,1,1,1,1.0,1,1.0,0,603,cvc-clinicdb,unet,polypseg/runs_cv/unet_seed42_fold2/best.pth,True
0.54980546374702,0.379125317329915,0.3792566085629732,0.99908772995288,0.37225288170119064,0.37225288170119064,2,59.07029655245578,12.306311781761622,1,1,1,1.0,0,0.0,0,604,cvc-clinicdb,unet,polypseg/runs_cv/unet_seed42_fold2/best.pth,True
0.8471117779317763,0.7347735554207503,0.7347735554207503,0.9999999999645768,0.378378328414908,0.378378328414908,2,11.62288135888571,2.421433616434523,1,1,1,1.0,1,1.0,0,605,cvc-clinicdb,unet,polypseg/runs_cv/unet_seed42_fold2/best.pth,True
0.8687782805320666,0.7679999999829333,0.7748878923593074,0.9885583523744692,0.5856692864241352,0.5856692864241352,2,16.977922061357855,3.53706709611622,1,1,1,1.0,1,1.0,0,606,cvc-clinicdb,unet,polypseg/runs_cv/unet_seed42_fold2/best.pth,True
0.7446319018262149,0.5931582162311192,0.5955228457345746,0.9933503835809028,0.43741520567635794,0.43741520567635794,2,19.4164878389476,4.045101633114083,1,1,1,1.0,1,1.0,0,607,cvc-clinicdb,unet,polypseg/runs_cv/unet_seed42_fold2/best.pth,True
0.7364185110565202,0.582802547758327,0.5886768174868394,0.9831661890765342,0.4933370642123845,0.4933370642123845,2,23.0,4.791666666666667,1,1,1,1.0,1,1.0,0,608,cvc-clinicdb,unet,polypseg/runs_cv/unet_seed42_fold2/best.pth,True
0.903690568537031,0.8243024666230429,0.8273133116715237,0.995604395580083,0.6053626026653394,0.6053626026653394,2,10.461774956635686,2.179536449299101,1,1,1,1.0,1,1.0,0,609,cvc-clinicdb,unet,polypseg/runs_cv/unet_seed42_fold2/best.pth,True
0.9500342231131638,0.9048239895304293,0.9489516863742502,0.9511192324828178,0.8515013344531059,0.8515013344531059,2,4.242640687119285,0.8838834764831843,1,1,1,1.0,1,1.0,0,61,cvc-clinicdb,unet,polypseg/runs_cv/unet_seed42_fold2/best.pth,True
0.9043867120857709,0.8254616132006714,0.8281981279089665,0.9960131331848965,0.5854806800398117,0.5854806800398117,2,8.48528137423857,1.7677669529663687,1,1,1,1.0,1,1.0,0,610,cvc-clinicdb,unet,polypseg/runs_cv/unet_seed42_fold2/best.pth,True
0.9028270573320037,0.8228666805586717,0.8287455347587992,0.9914529914280681,0.5474226304482988,0.5474226304482988,2,8.380217873572311,1.7458787236608981,1,1,1,1.0,1,1.0,0,611,cvc-clinicdb,unet,polypseg/runs_cv/unet_seed42_fold2/best.pth,True
0.7410918026901687,0.5886781929562556,0.5928110081271325,0.9882958801035443,0.46257773446241973,0.46257773446241973,2,17.724267580074127,3.6925557458487765,1,1,1,1.0,1,1.0,0,612,cvc-clinicdb,unet,polypseg/runs_cv/unet_seed42_fold2/best.pth,True
0.8941494757898496,0.808562691082045,0.8441890165489023,0.9503953989252052,0.5788284065440412,0.5788284065440412,2,6.094852169800142,1.269760868708363,1,1,1,1.0,1,1.0,0,62,cvc-clinicdb,unet,polypseg/runs_cv/unet_seed42_fold2/best.pth,True
0.9553975436019587,0.9146039603394428,0.9254852848512533,0.9873079491658444,0.9716429996536426,0.9716429996536426,2,2.0,0.4166666666666667,1,1,1,1.0,1,1.0,0,63,cvc-clinicdb,unet,polypseg/runs_cv/unet_seed42_fold2/best.pth,True
0.9323420074002847,0.8732590528639791,0.8775367389168973,0.9944488500400912,0.8993254558793646,0.8993254558793646,2,2.23606797749979,0.4658474953124562,1,1,1,1.0,1,1.0,0,64,cvc-clinicdb,unet,polypseg/runs_cv/unet_seed42_fold2/best.pth,True
0.9345217689086555,0.8770913770349361,0.8799225306081392,0.9963450291669338,0.8757708751101738,0.8757708751101738,2,2.871320343559643,0.5981917382415922,1,1,1,1.0,1,1.0,0,65,cvc-clinicdb,unet,polypseg/runs_cv/unet_seed42_fold2/best.pth,True
0.9120784087370402,0.8383677794998214,0.8468950749011298,0.9881324171775058,0.6567762130313111,0.6567762130313111,2,5.856309110618507,1.2200643980455224,1,1,1,1.0,1,1.0,0,66,cvc-clinicdb,unet,polypseg/runs_cv/unet_seed42_fold2/best.pth,True
0.7824697557456638,0.6426696662676165,0.6429107276578053,0.9994169095627161,0.4739466250407522,0.4739466250407522,2,280.86900835348763,58.51437674030992,1,3,1,1.0,1,1.0,2,67,cvc-clinicdb,unet,polypseg/runs_cv/unet_seed42_fold2/best.pth,True
0.8857165267794672,0.7948754047473621,0.9165584415435624,0.856882683246974,0.4947856247700066,0.4947856247700066,2,30.49221884149262,6.352545591977629,1,1,1,1.0,1,1.0,0,68,cvc-clinicdb,unet,polypseg/runs_cv/unet_seed42_fold2/best.pth,True
0.5512898638929252,0.38053841838529057,0.38053841838529057,0.999999999926308,0.3542912353480683,0.3542912353480683,2,49.49747468305833,10.311973892303818,1,1,1,1.0,0,0.0,0,69,cvc-clinicdb,unet,polypseg/runs_cv/unet_seed42_fold2/best.pth,True
0.736765694311771,0.5832375601218097,0.9923232908386999,0.5858810450225087,0.30174558592546896,0.30174558592546896,2,49.64876634922564,10.343492989422009,1,1,1,1.0,1,1.0,0,7,cvc-clinicdb,unet,polypseg/runs_cv/unet_seed42_fold2/best.pth,True
0.9199684293461726,0.8517977199400235,0.8867924528032017,0.9557231878991236,0.744680801063833,0.744680801063833,2,4.030776406404415,0.8397450846675866,2,2,2,1.0,2,1.0,0,70,cvc-clinicdb,unet,polypseg/runs_cv/unet_seed42_fold2/best.pth,True
0.030623020061741127,0.015549597854394123,0.0284035259521642,0.033218785792300254,0.11362979416933375,0.11362979416933375,2,63.95643685551513,13.32425767823232,2,1,0,0.0,0,0.0,1,71,cvc-clinicdb,unet,polypseg/runs_cv/unet_seed42_fold2/best.pth,True
0.8378518390461431,0.7209509658032407,0.82883498459758,0.8470670390765689,0.5666035812695156,0.5666035812695156,2,38.35636499688112,7.990909374350234,3,2,2,0.6666666666666666,2,0.6666666666666666,0,72,cvc-clinicdb,unet,polypseg/runs_cv/unet_seed42_fold2/best.pth,True
0.7243914392954682,0.5678790983461097,0.7380159786705055,0.7112608276961419,0.3084691840247289,0.3084691840247289,2,39.88665560933314,8.309719918611071,3,2,2,0.6666666666666666,2,0.6666666666666666,0,73,cvc-clinicdb,unet,polypseg/runs_cv/unet_seed42_fold2/best.pth,True
0.6935951796319215,0.5309190297051275,0.8946459412265604,0.5663265305916062,0.38324992393109836,0.38324992393109836,2,169.8013416171468,35.37527950357225,3,1,1,0.3333333333333333,1,0.3333333333333333,0,74,cvc-clinicdb,unet,polypseg/runs_cv/unet_seed42_fold2/best.pth,True
0.6759799833053383,0.5105511810862818,0.7797017796642761,0.5966139123814276,0.3832171789352931,0.3832171789352931,2,166.2385248663473,34.63302601382235,3,1,1,0.3333333333333333,1,0.3333333333333333,0,75,cvc-clinicdb,unet,polypseg/runs_cv/unet_seed42_fold2/best.pth,True
0.8378254910726856,0.7209119496571968,0.7431118314123537,0.9602094240334969,0.5623579510024789,0.5623579510024789,2,11.045361017187261,2.3011168785806793,2,2,2,1.0,2,1.0,0,76,cvc-clinicdb,unet,polypseg/runs_cv/unet_seed42_fold2/best.pth,True
0.7594059405752622,0.6121308858494761,0.8099260823226015,0.7148182665090952,0.6077226010950446,0.6077226010950446,2,60.80294542792562,12.667280297484504,2,1,1,0.5,1,0.5,0,77,cvc-clinicdb,unet,polypseg/runs_cv/unet_seed42_fold2/best.pth,True
0.5097883597816165,0.34209124799676743,0.3431878895753662,0.990745501234409,0.29032254358318055,0.29032254358318055,2,167.9451367996916,34.98857016660242,1,2,1,1.0,1,1.0,1,78,cvc-clinicdb,unet,polypseg/runs_cv/unet_seed42_fold2/best.pth,True
0.9111807732259357,0.8368522072535101,0.9705063995008065,0.8586903003023786,0.7052125329199018,0.7052125329199018,2,7.0710678118654755,1.473139127471974,1,1,1,1.0,1,1.0,0,79,cvc-clinicdb,unet,polypseg/runs_cv/unet_seed42_fold2/best.pth,True
0.5226204899366963,0.353748299862574,0.9786409915783683,0.35650070550148555,0.42221467700922694,0.42221467700922694,2,91.0823802938856,18.9754958945595,1,1,1,1.0,0,0.0,0,8,cvc-clinicdb,unet,polypseg/runs_cv/unet_seed42_fold2/best.pth,True
0.7426900584433388,0.5906976743728141,0.9999999998687664,0.5906976743728141,0.19961972306349593,0.19961972306349593,2,10.0,2.0833333333333335,1,1,1,1.0,1,1.0,0,80,cvc-clinicdb,unet,polypseg/runs_cv/unet_seed42_fold2/best.pth,True
0.9494168610399905,0.9037046434800342,0.9364975019598146,0.9626976618331843,0.6847627394861999,0.6847627394861999,2,6.203658925317489,1.292428942774477,1,1,1,1.0,1,1.0,0,81,cvc-clinicdb,unet,polypseg/runs_cv/unet_seed42_fold2/best.pth,True
0.9366375668693799,0.8808262711631137,0.9565717572344961,0.9175172413539996,0.6274545457618949,0.6274545457618949,2,5.630347705375435,1.172989105286549,1,1,1,1.0,1,1.0,0,82,cvc-clinicdb,unet,polypseg/runs_cv/unet_seed42_fold2/best.pth,True
0.8173057415255767,0.6910541212737709,0.6914099373492542,0.999255860089306,0.39515836951081307,0.39515836951081307,2,42.56501311827968,8.867711066308265,1,1,1,1.0,1,1.0,0,83,cvc-clinicdb,unet,polypseg/runs_cv/unet_seed42_fold2/best.pth,True
0.9495345418819251,0.9039179104308971,0.9778002017966135,0.9228571428395647,0.6951758505840696,0.6951758505840696,2,5.385164807134504,1.1219093348196882,1,1,1,1.0,1,1.0,0,84,cvc-clinicdb,unet,polypseg/runs_cv/unet_seed42_fold2/best.pth,True
0.9394831534107009,0.8858729179382191,0.8980612882911497,0.9849108367458006,0.6142269300716084,0.6142269300716084,2,7.534067311764125,1.5695973566175259,1,1,1,1.0,1,1.0,0,85,cvc-clinicdb,unet,polypseg/runs_cv/unet_seed42_fold2/best.pth,True
0.9367685442372925,0.8810579664098661,0.9641247833455091,0.9109218928948597,0.4374999500258322,0.4374999500258322,2,5.385164807134504,1.1219093348196882,1,1,1,1.0,1,1.0,0,86,cvc-clinicdb,unet,polypseg/runs_cv/unet_seed42_fold2/best.pth,True
0.965571574876187,0.933434881935515,0.9728528337676956,0.9583984985774414,0.8241786960988638,0.8241786960988638,2,4.868033988749895,1.0141737476562283,1,1,1,1.0,1,1.0,0,87,cvc-clinicdb,unet,polypseg/runs_cv/unet_seed42_fold2/best.pth,True
0.963263562569807,0.929130613907517,0.9300886780587732,0.9988925802658053,0.8491142137096402,0.8491142137096402,2,3.0,0.625,1,1,1,1.0,1,1.0,0,88,cvc-clinicdb,unet,polypseg/runs_cv/unet_seed42_fold2/best.pth,True
0.9830508474475897,0.9666666666472558,0.9748886188542956,0.991350906075137,0.9921254633369249,0.9921254633369249,2,1.4142135623730951,0.2946278254943948,1,1,1,1.0,1,1.0,0,89,cvc-clinicdb,unet,polypseg/runs_cv/unet_seed42_fold2/best.pth,True
0.5844891580358249,0.41291747170567955,0.9597433841064997,0.4201952110075121,0.3953666183298659,0.3953666183298659,2,100.64939135440827,20.968623198835058,1,1,1,1.0,0,0.0,0,9,cvc-clinicdb,unet,polypseg/runs_cv/unet_seed42_fold2/best.pth,True
0.9642310634949862,0.9309325946273143,0.9408361328678455,0.9888191447432558,0.8446756776582542,0.8446756776582542,2,3.0,0.625,1,1,1,1.0,1,1.0,0,90,cvc-clinicdb,unet,polypseg/runs_cv/unet_seed42_fold2/best.pth,True
0.9387189387096453,0.8845149253566322,0.8856715860099819,0.9985256950084557,0.5525679258316726,0.5525679258316726,2,5.0,1.0416666666666667,1,1,1,1.0,1,1.0,0,91,cvc-clinicdb,unet,polypseg/runs_cv/unet_seed42_fold2/best.pth,True
0.9243205248251601,0.8592899150324703,0.8615418213395601,0.996967399519915,0.6958140797375947,0.6958140797375947,2,11.0,2.2916666666666665,1,1,1,1.0,1,1.0,0,92,cvc-clinicdb,unet,polypseg/runs_cv/unet_seed42_fold2/best.pth,True
0.9014287429355092,0.8205464480694963,0.8498981208772947,0.9596114519182104,0.6058261841331111,0.6058261841331111,2,13.036484569885033,2.715934285392715,1,1,1,1.0,1,1.0,0,93,cvc-clinicdb,unet,polypseg/runs_cv/unet_seed42_fold2/best.pth,True
0.9006191625469553,0.8192058037262465,0.8426944226071741,0.9670948839087876,0.38021633336025445,0.38021633336025445,2,10.555814595786,2.19912804078875,1,1,1,1.0,1,1.0,0,94,cvc-clinicdb,unet,polypseg/runs_cv/unet_seed42_fold2/best.pth,True
0.9323701842448453,0.8733084918440223,0.890599999982188,0.9782513180804426,0.591855337462238,0.591855337462238,2,6.0,1.25,1,1,1,1.0,1,1.0,0,95,cvc-clinicdb,unet,polypseg/runs_cv/unet_seed42_fold2/best.pth,True
0.9347177731035599,0.8774367482190495,0.8783475191845891,0.9988196411473367,0.6145658932796026,0.6145658932796026,2,7.0,1.4583333333333333,1,1,1,1.0,1,1.0,0,96,cvc-clinicdb,unet,polypseg/runs_cv/unet_seed42_fold2/best.pth,True
0.8817204300947149,0.7884615384410484,0.8663620787873684,0.8976331360681175,0.5334805521047405,0.5334805521047405,2,13.535580440012641,2.8199125916693,1,1,1,1.0,1,1.0,0,97,cvc-clinicdb,unet,polypseg/runs_cv/unet_seed42_fold2/best.pth,True
0.9780104711993118,0.956967213105416,0.9676369018158101,0.988608870957776,0.8622065684833561,0.8622065684833561,2,2.8284271247461903,0.5892556509887896,1,1,1,1.0,1,1.0,0,98,cvc-clinicdb,unet,polypseg/runs_cv/unet_seed42_fold2/best.pth,True
0.9621151271689282,0.9269960015358314,0.9411995809200996,0.9839813800522457,0.6572849190685861,0.6572849190685861,2,4.030776406404415,0.8397450846675866,1,1,1,1.0,1,1.0,0,99,cvc-clinicdb,unet,polypseg/runs_cv/unet_seed42_fold2/best.pth,True
0.810994616015557,0.6820781696529038,0.692307692274199,0.9787961695636938,0.6310558507637862,0.40341344907467935,4,9.055385138137417,1.1895677985713946,1,1,1,1.0,1,1.0,0,1,cvc-colondb,unet,polypseg/runs_cv/unet_seed42_fold2/best.pth,True
0.9273868942124667,0.8646052236435815,0.9002813379040281,0.9561752987889082,0.7520693610365573,0.4072203935473786,4,8.497025848454362,1.1162184908492077,1,1,1,1.0,1,1.0,0,10,cvc-colondb,unet,polypseg/runs_cv/unet_seed42_fold2/best.pth,True
0.8731270082838724,0.7748229079074629,0.9609142346563362,0.8000371908460916,0.6418120237657488,0.5028370060144355,4,52.66530582272907,6.91841936626002,1,1,1,1.0,1,1.0,0,100,cvc-colondb,unet,polypseg/runs_cv/unet_seed42_fold2/best.pth,True
0.9496461071751278,0.9041201386145234,0.9107129004661336,0.9920567855248262,0.7497854804546829,0.5551919914909162,4,6.324555320336759,0.8308301893941852,1,1,1,1.0,1,1.0,0,101,cvc-colondb,unet,polypseg/runs_cv/unet_seed42_fold2/best.pth,True
0.932292302060105,0.87317184643225,0.9832009998493486,0.886396023195074,0.5320142179106233,0.27951070598641486,4,14.142135623730951,1.8577927812444228,1,1,1,1.0,1,1.0,0,102,cvc-colondb,unet,polypseg/runs_cv/unet_seed42_fold2/best.pth,True
0.9359121582378284,0.8795440766317945,0.9200172496869181,0.9523659471641396,0.443347799616891,0.22483894241910762,4,14.560219778561036,1.9127147354288145,1,1,1,1.0,1,1.0,0,103,cvc-colondb,unet,polypseg/runs_cv/unet_seed42_fold2/best.pth,True
0.9600218621534677,0.9231173495063764,0.9363838294070715,0.9848842370838845,0.7691925215052922,0.5452479242981707,4,22.01135777277262,2.891539344809161,1,1,1,1.0,1,1.0,0,104,cvc-colondb,unet,polypseg/runs_cv/unet_seed42_fold2/best.pth,True
0.9526686807639466,0.9096153846128121,0.9584599797337193,0.946946946944159,0.5553192157573246,0.38289990383341005,4,9.219544457292887,1.2111327167856758,1,1,1,1.0,1,1.0,0,105,cvc-colondb,unet,polypseg/runs_cv/unet_seed42_fold2/best.pth,True
0.8350670650860835,0.7168370298911597,0.9764093942049261,0.7294708745457313,0.5013864415828992,0.39683797464231174,4,38.71936776246359,5.086400232419477,1,1,1,1.0,1,1.0,0,106,cvc-colondb,unet,polypseg/runs_cv/unet_seed42_fold2/best.pth,True
0.7969883641314272,0.6624943104195352,0.9378221649409002,0.692930254697138,0.6044693896018115,0.43329574238969615,4,128.0001415236956,16.81483937418575,1,1,1,1.0,1,1.0,0,107,cvc-colondb,unet,polypseg/runs_cv/unet_seed42_fold2/best.pth,True
0.8816299673327812,0.7883168732893956,0.9609631147491754,0.814396735115641,0.4727894293180001,0.24316516590135345,4,29.181945741006903,3.8335092791315217,1,1,1,1.0,1,1.0,0,108,cvc-colondb,unet,polypseg/runs_cv/unet_seed42_fold2/best.pth,True
0.9253036783544044,0.8609908303562086,0.9475122634831988,0.9041123370049875,0.7988968842588485,0.5051644110053448,4,46.02443057161611,6.046035560099943,1,1,1,1.0,1,1.0,0,109,cvc-colondb,unet,polypseg/runs_cv/unet_seed42_fold2/best.pth,True
0.9485634917026005,0.9021595543021591,0.9275717491409957,0.9705273564182689,0.50240536782923,0.29761325994310445,4,12.529964086141668,1.6460085978403793,1,1,1,1.0,1,1.0,0,11,cvc-colondb,unet,polypseg/runs_cv/unet_seed42_fold2/best.pth,True
0.9543100749031664,0.9126128616136326,0.938020833328892,0.9711750575961019,0.7597699158727876,0.5394968743178788,4,8.602325267042627,1.1300512318812093,1,1,1,1.0,1,1.0,0,110,cvc-colondb,unet,polypseg/runs_cv/unet_seed42_fold2/best.pth,True
0.9685043561563452,0.9389320855950631,0.9553665196353869,0.9820085639200388,0.8534406579232711,0.6243595684437167,4,6.324555320336759,0.8308301893941852,1,1,1,1.0,1,1.0,0,111,cvc-colondb,unet,polypseg/runs_cv/unet_seed42_fold2/best.pth,True
0.8938270380176736,0.8080355140988833,0.9138394441862475,0.8746723619023654,0.5641275345614374,0.38484843505097066,4,53.4363732285929,7.019711243143377,1,1,1,1.0,1,1.0,0,112,cvc-colondb,unet,polypseg/runs_cv/unet_seed42_fold2/best.pth,True
0.7985272390403636,0.6646236727019651,0.9723015419704608,0.6774501611528493,0.6309797216029881,0.44151638618154704,4,100.00499987500625,13.137235549090402,1,1,1,1.0,1,1.0,0,113,cvc-colondb,unet,polypseg/runs_cv/unet_seed42_fold2/best.pth,True
0.7109976565085746,0.5515875592458178,0.9265924956268914,0.5767925040699565,0.4322753015099462,0.274766581987247,4,114.79981949611187,15.080768677550964,1,1,1,1.0,1,1.0,0,114,cvc-colondb,unet,polypseg/runs_cv/unet_seed42_fold2/best.pth,True
0.7902414901443151,0.6532225098698294,0.931235431217342,0.6863278453731377,0.2659479591588394,0.12621354329344908,4,38.93119839363233,5.1142275300711395,1,1,1,1.0,1,1.0,0,115,cvc-colondb,unet,polypseg/runs_cv/unet_seed42_fold2/best.pth,True
0.0,0.0,0.0,0.0,0.0,0.0,4,,,1,0,0,0.0,0,0.0,0,116,cvc-colondb,unet,polypseg/runs_cv/unet_seed42_fold2/best.pth,True
0.882089093696577,0.7890513355964708,0.9171990799780578,0.8495679962025142,0.6120278475541784,0.33894512301318996,4,14.475380228211392,1.901569721097379,1,2,1,1.0,1,1.0,1,117,cvc-colondb,unet,polypseg/runs_cv/unet_seed42_fold2/best.pth,True
0.9338532237806533,0.8759143155618606,0.8792063630724656,0.9957434171352628,0.7778247713822174,0.5657864719656965,4,10.0,1.3136578736573477,1,1,1,1.0,1,1.0,0,118,cvc-colondb,unet,polypseg/runs_cv/unet_seed42_fold2/best.pth,True
0.7819749787393296,0.6420023932923613,0.9056126037289969,0.6880410387871322,0.47650011044533025,0.30134433150946327,4,24.716265575548242,3.2468716880725,1,2,1,1.0,1,1.0,1,119,cvc-colondb,unet,polypseg/runs_cv/unet_seed42_fold2/best.pth,True
0.8566762728104866,0.7492858343072653,0.7492858343072653,0.9999999999887866,0.21640014996040843,0.016828101386760323,4,17.46424919657298,2.29420484645921,1,1,1,1.0,1,1.0,0,12,cvc-colondb,unet,polypseg/runs_cv/unet_seed42_fold2/best.pth,True
0.9166001033645792,0.8460404198035731,0.9030645310535778,0.9305476054099355,0.6357271727863856,0.3650465498231734,4,8.003112887414925,1.0513352258321205,1,1,1,1.0,1,1.0,0,120,cvc-colondb,unet,polypseg/runs_cv/unet_seed42_fold2/best.pth,True
0.7210183143149859,0.5637440491798857,0.9552513735797146,0.5790355183355875,0.30388893671857187,0.14716483504608852,4,164.4074202407355,21.597510208693453,1,1,1,1.0,1,1.0,0,121,cvc-colondb,unet,polypseg/runs_cv/unet_seed42_fold2/best.pth,True
0.8215512107340165,0.6971462979275775,0.9520704845787017,0.7225032873460017,0.4581888597856125,0.30971655070564125,4,121.76206174261021,15.9953691120932,1,1,1,1.0,1,1.0,0,122,cvc-colondb,unet,polypseg/runs_cv/unet_seed42_fold2/best.pth,True
0.8365371279564554,0.7190062941047134,0.959651244189653,0.741420001964939,0.3665075079751067,0.25097060511171404,4,97.57428985253715,12.817923413130966,1,1,1,1.0,1,1.0,0,123,cvc-colondb,unet,polypseg/runs_cv/unet_seed42_fold2/best.pth,True
0.05421314418561317,0.02786181026129035,0.9999999998914224,0.02786181026129035,0.0,0.0,4,207.83201383786027,27.302016137616796,1,1,0,0.0,0,0.0,1,124,cvc-colondb,unet,polypseg/runs_cv/unet_seed42_fold2/best.pth,True
0.9687023738390267,0.9393043766085657,0.992083510224029,0.946397941678706,0.7115635936317258,0.5496561396661278,4,7.810249675906654,1.0259995981984522,1,1,1,1.0,1,1.0,0,125,cvc-colondb,unet,polypseg/runs_cv/unet_seed42_fold2/best.pth,True
0.9503957594625007,0.9054801064597506,0.951964125557123,0.9488325526479464,0.6965940127365272,0.5490311216735172,4,13.46840869323987,1.769288112550962,1,1,1,1.0,1,1.0,0,126,cvc-colondb,unet,polypseg/runs_cv/unet_seed42_fold2/best.pth,True
0.9679039495958752,0.9378041406290483,0.973283925526781,0.9625831239811953,0.7259258759264332,0.5074084853744989,4,6.708203932499369,0.8812284914026979,1,1,1,1.0,1,1.0,0,127,cvc-colondb,unet,polypseg/runs_cv/unet_seed42_fold2/best.pth,True
0.8996121883631589,0.8175410331244711,0.9463806970454226,0.8572484426097706,0.6066386595529303,0.4246383079842643,4,60.81320621136613,7.988774716190903,1,1,1,1.0,1,1.0,0,128,cvc-colondb,unet,polypseg/runs_cv/unet_seed42_fold2/best.pth,True
0.9682065003528656,0.9383723590854032,0.969376231120238,0.9670395891713599,0.7565288746890146,0.46146289311527,4,6.708203932499369,0.8812284914026979,1,1,1,1.0,1,1.0,0,129,cvc-colondb,unet,polypseg/runs_cv/unet_seed42_fold2/best.pth,True
0.9131414590115694,0.8401658767672965,0.8660234489391058,0.9656816015121111,0.6154856826152487,0.34358969362262404,4,11.0,1.4450236610230822,1,1,1,1.0,1,1.0,0,13,cvc-colondb,unet,polypseg/runs_cv/unet_seed42_fold2/best.pth,True
0.9731498573572563,0.9477038731793112,0.9765092194971331,0.9698135295566245,0.8385923911898274,0.5865756747122816,4,5.656854249492381,0.7431171124977691,1,1,1,1.0,1,1.0,0,130,cvc-colondb,unet,polypseg/runs_cv/unet_seed42_fold2/best.pth,True
0.6807771806503482,0.5160441213304334,0.9203084832802021,0.5401823787932809,0.3815933133001565,0.18563531284052312,4,118.28351323721398,15.538406848791924,1,1,1,1.0,1,1.0,0,131,cvc-colondb,unet,polypseg/runs_cv/unet_seed42_fold2/best.pth,True
0.9522869884330388,0.908919692625366,0.9175602707360441,0.9897456931830209,0.8037282780244717,0.5888645257399727,4,7.0,0.9195605115601433,1,1,1,1.0,1,1.0,0,132,cvc-colondb,unet,polypseg/runs_cv/unet_seed42_fold2/best.pth,True
0.9236975725084381,0.8582137779445637,0.8683143716433351,0.9866270430833088,0.5494275539285657,0.33385995888999215,4,10.0,1.3136578736573477,1,1,1,1.0,1,1.0,0,133,cvc-colondb,unet,polypseg/runs_cv/unet_seed42_fold2/best.pth,True
0.9673610894182235,0.9367854334224379,0.9616841582254133,0.9731054417432882,0.8866118911033842,0.6882632748255195,4,5.0,0.6568289368286738,1,1,1,1.0,1,1.0,0,134,cvc-colondb,unet,polypseg/runs_cv/unet_seed42_fold2/best.pth,True
0.9403906062756399,0.8874879855210749,0.9002638219723544,0.9842613493793312,0.6891123673115845,0.4904411328315954,4,13.0,1.7077552357545518,1,1,1,1.0,1,1.0,0,135,cvc-colondb,unet,polypseg/runs_cv/unet_seed42_fold2/best.pth,True
0.94814507986396,0.9014029042535003,0.9230303946724985,0.9746646795775247,0.7180550952688974,0.4484649780145975,4,8.72200659207742,1.1457732633773794,1,1,1,1.0,1,1.0,0,136,cvc-colondb,unet,polypseg/runs_cv/unet_seed42_fold2/best.pth,True
0.9516319665413314,0.9077269967892904,0.9383446513795953,0.9653009937035361,0.6568379913922132,0.5545347085668639,4,21.592760399378005,2.8365499712639486,1,1,1,1.0,1,1.0,0,137,cvc-colondb,unet,polypseg/runs_cv/unet_seed42_fold2/best.pth,True
0.9758809068547174,0.9528978742673222,0.9788487355791149,0.9729310203943985,0.8806650856152987,0.6409573260120038,4,5.0,0.6568289368286738,1,1,1,1.0,1,1.0,0,138,cvc-colondb,unet,polypseg/runs_cv/unet_seed42_fold2/best.pth,True
0.8693262535204143,0.7688568486065135,0.9561475409787082,0.7969597335462788,0.37806460614724735,0.23649990671935422,4,36.124783736376884,4.745560658946039,1,1,1,1.0,1,1.0,0,139,cvc-colondb,unet,polypseg/runs_cv/unet_seed42_fold2/best.pth,True
0.9675457823624141,0.9371318997333438,0.9425540708021589,0.9938988959834841,0.8424593634230687,0.6434318227676946,4,5.991547594742263,0.7870843673225917,1,1,1,1.0,1,1.0,0,14,cvc-colondb,unet,polypseg/runs_cv/unet_seed42_fold2/best.pth,True
0.9475349441955845,0.9003006218304974,0.9440773848039725,0.9510179223901556,0.6963680145925547,0.23306443867342033,4,7.0710678118654755,0.9288963906222114,1,1,1,1.0,1,1.0,0,140,cvc-colondb,unet,polypseg/runs_cv/unet_seed42_fold2/best.pth,True
0.9626294461936016,0.9279513888855325,0.9545353076830324,0.9708620298154437,0.7383272821341058,0.44023876646300536,4,6.0,0.7881947241944085,1,1,1,1.0,1,1.0,0,141,cvc-colondb,unet,polypseg/runs_cv/unet_seed42_fold2/best.pth,True
0.9694936971208956,0.9407935637193607,0.9570684523773918,0.9822458096255117,0.8203811475908098,0.6042716349089273,4,5.643269777374468,0.7413325776220516,1,1,1,1.0,1,1.0,0,142,cvc-colondb,unet,polypseg/runs_cv/unet_seed42_fold2/best.pth,True
0.9216321243490154,0.8546546546489512,0.9206383437501212,0.9226280527273062,0.6977064914368253,0.3777803859157226,4,52.78746165640162,6.934466463531732,1,1,1,1.0,1,1.0,0,143,cvc-colondb,unet,polypseg/runs_cv/unet_seed42_fold2/best.pth,True
0.9502542560234493,0.9052232518931518,0.9217736314382023,0.9805509610420905,0.5230802272848277,0.2820155854391781,4,9.486832980505138,1.2462452840912777,1,1,1,1.0,1,1.0,0,144,cvc-colondb,unet,polypseg/runs_cv/unet_seed42_fold2/best.pth,True
0.9617212975197263,0.9262650723956252,0.9471715634406913,0.9767250093073981,0.6635223178374341,0.398404114235731,4,8.94427190999916,1.1749713218702638,1,1,1,1.0,1,1.0,0,145,cvc-colondb,unet,polypseg/runs_cv/unet_seed42_fold2/best.pth,True
0.9148781029042422,0.8431109033490527,0.9489641565212169,0.8831558330218927,0.6770206636058166,0.519915616854571,4,56.75774230188958,7.456025506589195,1,1,1,1.0,1,1.0,0,146,cvc-colondb,unet,polypseg/runs_cv/unet_seed42_fold2/best.pth,True
0.945398487072221,0.896450911062711,0.9039489921780889,0.9908318929812066,0.7526445893546702,0.5299156239416898,4,8.54400374531753,1.1223897792594242,1,1,1,1.0,1,1.0,0,147,cvc-colondb,unet,polypseg/runs_cv/unet_seed42_fold2/best.pth,True
0.9237555767183223,0.858313926404945,0.8654893856806993,0.9904331935881412,0.5883127279954727,0.29508388286105847,4,11.67688243205076,1.533942854663464,1,1,1,1.0,1,1.0,0,148,cvc-colondb,unet,polypseg/runs_cv/unet_seed42_fold2/best.pth,True
0.9625764988338552,0.9278529913307769,0.9604438360077799,0.9647186538774571,0.7883686910223668,0.5096587437301299,4,10.022015325445507,1.3165499342186093,1,1,1,1.0,1,1.0,0,149,cvc-colondb,unet,polypseg/runs_cv/unet_seed42_fold2/best.pth,True
0.9142567691982213,0.8420561540347606,0.848316527082137,0.9913121629619401,0.4710744905509402,0.24630098464533148,4,11.40175425099138,1.497800424532096,1,1,1,1.0,1,1.0,0,15,cvc-colondb,unet,polypseg/runs_cv/unet_seed42_fold2/best.pth,True
0.9426339128576461,0.8914924776954178,0.9122615803773285,0.9750982961944803,0.7044941254588111,0.447677774618256,4,13.08422146142954,1.7188190543483362,1,1,1,1.0,1,1.0,0,150,cvc-colondb,unet,polypseg/runs_cv/unet_seed42_fold2/best.pth,True
0.9487631311387706,0.902520791690397,0.9390260262883081,0.9587042870773955,0.7586594126884573,0.48687087535539814,4,9.999621166289693,1.3136081078687123,1,1,1,1.0,1,1.0,0,151,cvc-colondb,unet,polypseg/runs_cv/unet_seed42_fold2/best.pth,True
0.8101884392649523,0.6809384494166707,0.6828979292406314,0.9958038505759765,0.49429760564959585,0.42034128804642545,4,120.20399327809372,15.790692221482269,1,2,1,1.0,1,1.0,1,152,cvc-colondb,unet,polypseg/runs_cv/unet_seed42_fold2/best.pth,True
0.7665276950542986,0.621438918393909,0.6332103321002056,0.9709543568391478,0.4199930459046097,0.364259280769882,4,66.06472431428146,8.678644526645785,1,1,1,1.0,1,1.0,0,153,cvc-colondb,unet,polypseg/runs_cv/unet_seed42_fold2/best.pth,True
0.46517488770915355,0.3030800603821524,0.3066041527118376,0.9634618622582635,0.2934896957480674,0.18199277864162022,4,180.3707277686876,23.694542671064244,1,1,1,1.0,0,0.0,0,154,cvc-colondb,unet,polypseg/runs_cv/unet_seed42_fold2/best.pth,True
0.7888134896122195,0.6512733446475295,0.6694122574293633,0.9600560616582234,0.3689497219907909,0.10803460281876812,4,45.6311245149138,5.994368600285533,1,1,1,1.0,1,1.0,0,155,cvc-colondb,unet,polypseg/runs_cv/unet_seed42_fold2/best.pth,True
0.9103852596260446,0.8355111452636925,0.9587953628911442,0.8666287015846624,0.5208306276149587,0.21860331741552666,4,9.433981132056603,1.2393023594061015,1,1,1,1.0,1,1.0,0,156,cvc-colondb,unet,polypseg/runs_cv/unet_seed42_fold2/best.pth,True
0.9495834530239184,0.9040065636414056,0.9108569853828761,0.991749174902614,0.916571910729038,0.5712657150814386,4,4.47213595499958,0.5874856609351319,1,1,1,1.0,1,1.0,0,157,cvc-colondb,unet,polypseg/runs_cv/unet_seed42_fold2/best.pth,True
0.9237783159928495,0.8583531903513588,0.8597189074402053,0.9981527093442403,0.6888451408922028,0.20932036581716035,4,5.385164807134504,0.7074264149834693,1,1,1,1.0,1,1.0,0,158,cvc-colondb,unet,polypseg/runs_cv/unet_seed42_fold2/best.pth,True
0.920862388836793,0.8533317524205201,0.8533317524205201,0.9999999999861053,0.6781264300146703,0.4593502973936096,4,9.0,1.1822920862916129,1,1,1,1.0,1,1.0,0,159,cvc-colondb,unet,polypseg/runs_cv/unet_seed42_fold2/best.pth,True
0.9603009565560885,0.9236335866725203,0.9636894824671282,0.9569361766221198,0.6793738290197636,0.4387654174341989,4,9.164658342969666,1.20392255916216,1,1,1,1.0,1,1.0,0,16,cvc-colondb,unet,polypseg/runs_cv/unet_seed42_fold2/best.pth,True
0.853279431234033,0.7441040602875747,0.7441040602875747,0.9999999999836628,0.27860691520507813,0.11567471955366256,4,13.0,1.7077552357545518,1,1,1,1.0,1,1.0,0,160,cvc-colondb,unet,polypseg/runs_cv/unet_seed42_fold2/best.pth,True
0.89332018037702,0.8072074366381357,0.8602252680029825,0.9290634618066971,0.5037782875343463,0.13383143673154424,4,10.0,1.3136578736573477,1,1,1,1.0,1,1.0,0,161,cvc-colondb,unet,polypseg/runs_cv/unet_seed42_fold2/best.pth,True
0.9157774054068631,0.8446396616098155,0.8663440680649701,0.9711934156196934,0.714216817513094,0.4542272191975626,4,10.0,1.3136578736573477,1,1,1,1.0,1,1.0,0,162,cvc-colondb,unet,polypseg/runs_cv/unet_seed42_fold2/best.pth,True
0.9154929577412795,0.844155844147003,0.8481532147653567,0.9944478716718761,0.6208552125695928,0.27910194000704225,4,8.587744886611352,1.1281358687257628,1,1,1,1.0,1,1.0,0,163,cvc-colondb,unet,polypseg/runs_cv/unet_seed42_fold2/best.pth,True
0.9054782855478026,0.827282157669197,0.8329706675878408,0.9918126230594692,0.5879347959522195,0.2640692141629749,4,13.0,1.7077552357545518,1,1,1,1.0,1,1.0,0,164,cvc-colondb,unet,polypseg/runs_cv/unet_seed42_fold2/best.pth,True
0.9600192871741873,0.9231125878917926,0.923183925804303,0.9999162969699512,0.9519805814067609,0.5108841922411258,4,4.092329219213245,0.5375920500417505,1,1,1,1.0,1,1.0,0,165,cvc-colondb,unet,polypseg/runs_cv/unet_seed42_fold2/best.pth,True
0.8754111842079552,0.7784277879301205,0.7869363185088872,0.9863004632628305,0.6335437047505674,0.33459882604424673,4,298.4039208641762,39.200066017344916,1,2,1,1.0,1,1.0,1,166,cvc-colondb,unet,polypseg/runs_cv/unet_seed42_fold2/best.pth,True
0.9726414527029484,0.9467400210587996,0.9723491223734989,0.9729339588479136,0.9828454131728617,0.8068101319264014,4,4.0,0.525463149462939,1,1,1,1.0,1,1.0,0,167,cvc-colondb,unet,polypseg/runs_cv/unet_seed42_fold2/best.pth,True
0.9422798427629661,0.8908593036785649,0.9457364340954355,0.9388484265365007,0.855653632389265,0.3777777279321054,4,5.0,0.6568289368286738,1,1,1,1.0,1,1.0,0,168,cvc-colondb,unet,polypseg/runs_cv/unet_seed42_fold2/best.pth,True
0.9493342555725863,0.9035549703678114,0.9325632750048194,0.9667194928599513,0.8006330762968991,0.5041026289797138,4,8.06225774829855,1.0591048370507348,1,1,1,1.0,1,1.0,0,169,cvc-colondb,unet,polypseg/runs_cv/unet_seed42_fold2/best.pth,True
0.9470113678012766,0.8993557374155522,0.9043950271366468,0.993842601496085,0.6475708739313921,0.417557779620663,4,12.529964086141668,1.6460085978403793,1,1,1,1.0,1,1.0,0,17,cvc-colondb,unet,polypseg/runs_cv/unet_seed42_fold2/best.pth,True
0.9588046168413971,0.9208690629540993,0.956172725590717,0.9614510367817347,0.7022240902433486,0.43258126796668545,4,8.48528137423857,1.1146756687466535,1,1,1,1.0,1,1.0,0,170,cvc-colondb,unet,polypseg/runs_cv/unet_seed42_fold2/best.pth,True
0.9798702347355013,0.9605348928147793,0.9841990763692526,0.9755793057770252,0.836135448152232,0.5697822362871375,4,6.0,0.7881947241944085,1,1,1,1.0,1,1.0,0,171,cvc-colondb,unet,polypseg/runs_cv/unet_seed42_fold2/best.pth,True
0.9307140336376266,0.8704070406944949,0.8716536300443797,0.9983596214385065,0.7526231826557949,0.44604482312345817,4,9.0,1.1822920862916129,1,1,1,1.0,1,1.0,0,172,cvc-colondb,unet,polypseg/runs_cv/unet_seed42_fold2/best.pth,True
0.9202936301164087,0.8523554697705732,0.8598230088419484,0.9899133978503319,0.5872070610468119,0.41436704992559564,4,12.122149391964985,1.592435699440543,1,1,1,1.0,1,1.0,0,173,cvc-colondb,unet,polypseg/runs_cv/unet_seed42_fold2/best.pth,True
0.9333098094511096,0.8749586503376892,0.8938830685941884,0.9763750461304741,0.6931125910822615,0.4161236721797981,4,8.0,1.050926298925878,1,1,1,1.0,1,1.0,0,174,cvc-colondb,unet,polypseg/runs_cv/unet_seed42_fold2/best.pth,True
0.9527132419302491,0.9096966371332625,0.9480434604938481,0.9574292550040637,0.8088084571652835,0.454252714843313,4,5.385164807134504,0.7074264149834693,1,1,1,1.0,1,1.0,0,175,cvc-colondb,unet,polypseg/runs_cv/unet_seed42_fold2/best.pth,True
0.9166787422079529,0.8461744248204509,0.8507261968743227,0.9937166195335083,0.48734765387457046,0.2846623016312225,4,11.40175425099138,1.497800424532096,1,1,1,1.0,1,1.0,0,176,cvc-colondb,unet,polypseg/runs_cv/unet_seed42_fold2/best.pth,True
0.8773622382334864,0.7815185522112877,0.7816766103672598,0.9997413346999516,0.3405745580555199,0.15823586341007936,4,14.799999999999955,1.9442136530128684,1,1,1,1.0,1,1.0,0,177,cvc-colondb,unet,polypseg/runs_cv/unet_seed42_fold2/best.pth,True
0.9391048216626809,0.8852003862761322,0.8974421735295871,0.9848240665997203,0.829969940200886,0.4064824154733478,4,5.0,0.6568289368286738,1,1,1,1.0,1,1.0,0,178,cvc-colondb,unet,polypseg/runs_cv/unet_seed42_fold2/best.pth,True
0.8966068776368296,0.8125905984591779,0.825063078208315,0.9817363022143891,0.4609668610783934,0.2815486198737667,4,11.045084971874736,1.4509462838517693,1,1,1,1.0,1,1.0,0,179,cvc-colondb,unet,polypseg/runs_cv/unet_seed42_fold2/best.pth,True
0.93237820448734,0.8733225646069003,0.8947234421685779,0.9733416424250564,0.5053967388146331,0.2822942429238791,4,9.703650967387269,1.2747277496531022,1,1,1,1.0,1,1.0,0,18,cvc-colondb,unet,polypseg/runs_cv/unet_seed42_fold2/best.pth,True
0.8951145188214059,0.8101423487496432,0.8117311463670783,0.997589833472118,0.31172043523973425,0.15950915247432015,4,15.556349186104045,2.043572059368865,1,1,1,1.0,1,1.0,0,180,cvc-colondb,unet,polypseg/runs_cv/unet_seed42_fold2/best.pth,True
0.9328318108498225,0.8741188318147567,0.9127234489923265,0.9538461538366249,0.6453385082162661,0.24001888316136133,4,7.644944591370316,1.004284165612777,1,1,1,1.0,1,1.0,0,181,cvc-colondb,unet,polypseg/runs_cv/unet_seed42_fold2/best.pth,True
0.9036173250779175,0.824180594738179,0.8334064969179827,0.9867463617335402,0.4228210460117832,0.24303735761074347,4,11.089418372222204,1.4567701758950145,1,1,1,1.0,1,1.0,0,182,cvc-colondb,unet,polypseg/runs_cv/unet_seed42_fold2/best.pth,True
0.9115411736980996,0.8374604088563568,0.838426059371023,0.9986266094249163,0.629876076507836,0.36942919161646737,4,8.602325267042627,1.1300512318812093,1,1,1,1.0,1,1.0,0,183,cvc-colondb,unet,polypseg/runs_cv/unet_seed42_fold2/best.pth,True
0.9237039685311139,0.8582248206104408,0.8592523613029234,0.9986085343073808,0.6719251488609435,0.34354281706513506,4,7.0,0.9195605115601433,1,1,1,1.0,1,1.0,0,184,cvc-colondb,unet,polypseg/runs_cv/unet_seed42_fold2/best.pth,True
0.8251838472348706,0.7023940259015508,0.7023940259015508,0.9999999999687305,0.49384768504200643,0.20897675233253066,4,14.005350327142729,1.8398238730580554,1,1,1,1.0,1,1.0,0,185,cvc-colondb,unet,polypseg/runs_cv/unet_seed42_fold2/best.pth,True
0.9295703666255567,0.8684086628797456,0.9135710747668755,0.9461400358823765,0.8327774631110242,0.5272453087559642,4,6.0,0.7881947241944085,1,1,1,1.0,1,1.0,0,186,cvc-colondb,unet,polypseg/runs_cv/unet_seed42_fold2/best.pth,True
0.9172001707115108,0.8470634607637552,0.8565165404372954,0.9871382636429229,0.7391448964453793,0.3928642285799052,4,6.0,0.7881947241944085,1,1,1,1.0,1,1.0,0,187,cvc-colondb,unet,polypseg/runs_cv/unet_seed42_fold2/best.pth,True
0.9153598042385123,0.8439294503518473,0.8442757488542414,0.9995142093514814,0.6877927303973166,0.4471001909371882,4,7.0,0.9195605115601433,1,1,1,1.0,1,1.0,0,188,cvc-colondb,unet,polypseg/runs_cv/unet_seed42_fold2/best.pth,True
0.9472467787545661,0.8997804610219562,0.9255871725279404,0.9699443852683711,0.8031770216007712,0.4685210521995061,4,6.0,0.7881947241944085,1,1,1,1.0,1,1.0,0,189,cvc-colondb,unet,polypseg/runs_cv/unet_seed42_fold2/best.pth,True
0.9652652846559319,0.9328625688710593,0.9623089233432905,0.9682398667353235,0.8495931363539239,0.5114579373816038,4,5.830951894845301,0.765987586758076,1,1,1,1.0,1,1.0,0,19,cvc-colondb,unet,polypseg/runs_cv/unet_seed42_fold2/best.pth,True
0.9018916536653204,0.8213139046576771,0.8214153390043051,0.9998496692573685,0.4831059249748462,0.34071601997901596,4,9.0,1.1822920862916129,1,1,1,1.0,1,1.0,0,190,cvc-colondb,unet,polypseg/runs_cv/unet_seed42_fold2/best.pth,True
0.9496016840675708,0.9040396101783712,0.9046083674040216,0.9993050125879653,0.8414002928499419,0.3858258877716495,4,6.449999999999989,0.8473093285089877,1,1,1,1.0,1,1.0,0,191,cvc-colondb,unet,polypseg/runs_cv/unet_seed42_fold2/best.pth,True
0.9440416062362151,0.894014017797935,0.9351099663073597,0.9531455114515485,0.7627578824709008,0.49643954414044955,4,8.0,1.050926298925878,1,1,1,1.0,1,1.0,0,192,cvc-colondb,unet,polypseg/runs_cv/unet_seed42_fold2/best.pth,True
0.9083804456230945,0.8321401370842944,0.8378834355763966,0.9918300653504735,0.5983772320379882,0.3959009219530736,4,18.635407794480734,2.448055017803512,1,1,1,1.0,1,1.0,0,193,cvc-colondb,unet,polypseg/runs_cv/unet_seed42_fold2/best.pth,True
0.9101565512419597,0.8351259552728904,0.8444476244930992,0.9869543401824138,0.6189593867927756,0.41228415034239235,4,16.0,2.101852597851756,1,1,1,1.0,1,1.0,0,194,cvc-colondb,unet,polypseg/runs_cv/unet_seed42_fold2/best.pth,True
0.890874659717772,0.8032227083469936,0.8077046893356828,0.9931389365220591,0.5906668320052822,0.3953235610291717,4,16.0,2.101852597851756,1,1,1,1.0,1,1.0,0,195,cvc-colondb,unet,polypseg/runs_cv/unet_seed42_fold2/best.pth,True
0.931811461346432,0.8723286457660022,0.8753333333236073,0.9960804147048163,0.7839923007799887,0.367730805042493,4,8.0,1.050926298925878,1,1,1,1.0,1,1.0,0,196,cvc-colondb,unet,polypseg/runs_cv/unet_seed42_fold2/best.pth,True
0.9375295043243508,0.8824052132649146,0.8978300180777707,0.9809022061180052,0.6708953678323082,0.4903338691751065,4,12.0,1.576389448388817,1,1,1,1.0,1,1.0,0,197,cvc-colondb,unet,polypseg/runs_cv/unet_seed42_fold2/best.pth,True
0.8626229508126014,0.758431824722421,0.758431824722421,0.9999999999809959,0.4565577807100678,0.10707813282038563,4,13.0,1.7077552357545518,1,1,1,1.0,1,1.0,0,198,cvc-colondb,unet,polypseg/runs_cv/unet_seed42_fold2/best.pth,True
0.8928088434121667,0.8063728093382222,0.8262052453931199,0.9710923509724854,0.6282864414579107,0.2605803336355658,4,19.0,2.4959499599489603,1,1,1,1.0,1,1.0,0,199,cvc-colondb,unet,polypseg/runs_cv/unet_seed42_fold2/best.pth,True
0.0,0.0,0.0,0.0,0.0,0.0,4,,,1,0,0,0.0,0,0.0,0,2,cvc-colondb,unet,polypseg/runs_cv/unet_seed42_fold2/best.pth,True
0.9704696882438587,0.9426334292075979,0.9505930127596023,0.9911953489901831,0.7894493511307744,0.5159101462692846,4,7.0710678118654755,0.9288963906222114,1,1,1,1.0,1,1.0,0,20,cvc-colondb,unet,polypseg/runs_cv/unet_seed42_fold2/best.pth,True
0.9216503438120269,0.8546859903216486,0.8977065151025431,0.9469064439959987,0.691437752909094,0.4846467344950926,4,6.0,0.7881947241944085,1,1,1,1.0,1,1.0,0,200,cvc-colondb,unet,polypseg/runs_cv/unet_seed42_fold2/best.pth,True
0.9011369253472425,0.8200629779392699,0.8202474690479135,0.9997258020016527,0.7049515305404703,0.5381299632071652,4,10.0,1.3136578736573477,1,1,1,1.0,1,1.0,0,201,cvc-colondb,unet,polypseg/runs_cv/unet_seed42_fold2/best.pth,True
0.9405884033088613,0.8878403882368308,0.8964609800281628,0.9892849989886913,0.7058695226053829,0.3753686156614902,4,6.708203932499369,0.8812284914026979,1,1,1,1.0,1,1.0,0,202,cvc-colondb,unet,polypseg/runs_cv/unet_seed42_fold2/best.pth,True
0.924416303911592,0.859455481961498,0.8655057428570396,0.9919320594339429,0.6927122559925067,0.4897318302340401,4,9.871529131526685,1.2967811968667908,1,1,1,1.0,1,1.0,0,203,cvc-colondb,unet,polypseg/runs_cv/unet_seed42_fold2/best.pth,True
0.5117849758751772,0.3438918217991674,0.35912564077416453,0.8901941980127022,0.26184744522942066,0.15252556172929568,4,61.653059112640804,8.099102653838248,1,1,1,1.0,0,0.0,0,204,cvc-colondb,unet,polypseg/runs_cv/unet_seed42_fold2/best.pth,True
0.4134028027271523,0.2605593930442695,0.2625513464141653,0.9717060810400463,0.3499017184158823,0.2838333900824466,4,51.852120222443325,6.811594599604005,1,1,1,1.0,0,0.0,0,205,cvc-colondb,unet,polypseg/runs_cv/unet_seed42_fold2/best.pth,True
0.7786177105691394,0.6374889478149871,0.6433670434073954,0.9858705560170524,0.5740344376891774,0.33776086082476825,4,14.866068747318506,1.9528928260246379,1,1,1,1.0,1,1.0,0,206,cvc-colondb,unet,polypseg/runs_cv/unet_seed42_fold2/best.pth,True
0.4610558530951717,0.2995923237516198,0.2996221161465829,0.9996682149635147,0.40905008696663875,0.3619404258757953,4,61.0,8.01331302930982,1,1,1,1.0,0,0.0,0,207,cvc-colondb,unet,polypseg/runs_cv/unet_seed42_fold2/best.pth,True
0.8056478405092568,0.6745479832788805,0.7121879588491342,0.9273422561550451,0.6547883687283336,0.4566038876011477,4,9.93954312071844,1.3057159081088503,1,1,1,1.0,1,1.0,0,208,cvc-colondb,unet,polypseg/runs_cv/unet_seed42_fold2/best.pth,True
0.8196163366209837,0.6943643512268843,0.6943643512268843,0.99999999996225,0.301309993669084,0.06299207650819189,4,9.43662372447903,1.2396495056403602,1,1,1,1.0,1,1.0,0,209,cvc-colondb,unet,polypseg/runs_cv/unet_seed42_fold2/best.pth,True
0.95271736620734,0.9097041576609951,0.923879460883339,0.9834135646490472,0.6117101716343019,0.37101714770862226,4,8.06225774829855,1.0591048370507348,1,1,1,1.0,1,1.0,0,21,cvc-colondb,unet,polypseg/runs_cv/unet_seed42_fold2/best.pth,True
0.8491198061374875,0.7378003467830344,0.7378003467830344,0.9999999999832131,0.38836076483992815,0.20785900179669967,4,17.0,2.2332183852174907,1,1,1,1.0,1,1.0,0,210,cvc-colondb,unet,polypseg/runs_cv/unet_seed42_fold2/best.pth,True
0.9466544733962303,0.8987121979323005,0.9716833541775394,0.9228826151423049,0.923418134249774,0.5161424017861823,4,4.242640687119285,0.5573378343733267,1,1,1,1.0,1,1.0,0,211,cvc-colondb,unet,polypseg/runs_cv/unet_seed42_fold2/best.pth,True
0.9203250825660729,0.8524094314920436,0.8699312473630564,0.9769164106123303,0.5403086978565107,0.3095127275671035,4,13.0,1.7077552357545518,1,1,1,1.0,1,1.0,0,212,cvc-colondb,unet,polypseg/runs_cv/unet_seed42_fold2/best.pth,True
0.9136736481607324,0.8410673704212223,0.8533918476580378,0.9831191088176253,0.48937623515896034,0.34156113887825973,4,13.0,1.7077552357545518,1,1,1,1.0,1,1.0,0,213,cvc-colondb,unet,polypseg/runs_cv/unet_seed42_fold2/best.pth,True
0.9292395497493566,0.8678314085394547,0.8828195601879423,0.9808121374277017,0.616459215776275,0.3745194603997742,4,8.0,1.050926298925878,1,1,1,1.0,1,1.0,0,214,cvc-colondb,unet,polypseg/runs_cv/unet_seed42_fold2/best.pth,True
0.9232901118433965,0.8575105717884031,0.8665118439306408,0.9880309289165551,0.7357414722660361,0.31476013271815634,4,11.0,1.4450236610230822,1,1,1,1.0,1,1.0,0,215,cvc-colondb,unet,polypseg/runs_cv/unet_seed42_fold2/best.pth,True
0.9533184582361932,0.9108008694122153,0.9441074523315068,0.9627109657951514,0.8742084725586865,0.4358415281780259,4,5.0,0.6568289368286738,1,1,1,1.0,1,1.0,0,216,cvc-colondb,unet,polypseg/runs_cv/unet_seed42_fold2/best.pth,True
0.8979302188001305,0.8147671173984249,0.8186327366743731,0.9942378208355914,0.449126954790369,0.297229469987968,4,9.219544457292887,1.2111327167856758,1,1,1,1.0,1,1.0,0,217,cvc-colondb,unet,polypseg/runs_cv/unet_seed42_fold2/best.pth,True
0.9464865380920696,0.8984095337310326,0.9055078553119039,0.9913499999950433,0.492955584768058,0.30942891109612586,4,8.517578678331995,1.118918429528677,1,1,1,1.0,1,1.0,0,218,cvc-colondb,unet,polypseg/runs_cv/unet_seed42_fold2/best.pth,True
0.9483456187969064,0.9017654808911633,0.9219785548740665,0.9762651908428353,0.5863478114818437,0.4045715213236244,4,8.0,1.050926298925878,1,1,1,1.0,1,1.0,0,219,cvc-colondb,unet,polypseg/runs_cv/unet_seed42_fold2/best.pth,True
0.9311650955460052,0.8711963762277047,0.8816740373159223,0.9865427554101349,0.48770570087405907,0.22145977499309893,4,10.0,1.3136578736573477,1,1,1,1.0,1,1.0,0,22,cvc-colondb,unet,polypseg/runs_cv/unet_seed42_fold2/best.pth,True
0.9295786061550665,0.8684230448870586,0.8753815628748826,0.9909295093210873,0.47594407832508534,0.3280960220737789,4,8.0,1.050926298925878,1,1,1,1.0,1,1.0,0,220,cvc-colondb,unet,polypseg/runs_cv/unet_seed42_fold2/best.pth,True
0.923372721806836,0.8576530991825458,0.8785060975542797,0.9730688053949086,0.5685145912249248,0.3250257960989648,4,12.0,1.576389448388817,1,1,1,1.0,1,1.0,0,221,cvc-colondb,unet,polypseg/runs_cv/unet_seed42_fold2/best.pth,True
0.9534973261991294,0.9111274629963934,0.9861946902567593,0.9228985507169946,0.8460926243144987,0.7037111371134465,4,13.416407864998739,1.7624569828053958,1,1,1,1.0,1,1.0,0,222,cvc-colondb,unet,polypseg/runs_cv/unet_seed42_fold2/best.pth,True
0.9388165453804155,0.8846882612931093,0.9915057134089239,0.8914446767806942,0.7379061390263919,0.561617221906645,4,13.312305898749054,1.7487815460426848,1,1,1,1.0,1,1.0,0,223,cvc-colondb,unet,polypseg/runs_cv/unet_seed42_fold2/best.pth,True
0.927678978559711,0.8651131144605356,0.8852915578610046,0.9743295018970435,0.7436193018459828,0.5891645511027317,4,7.810249675906654,1.0259995981984522,1,1,1,1.0,1,1.0,0,224,cvc-colondb,unet,polypseg/runs_cv/unet_seed42_fold2/best.pth,True
0.0,0.0,0.0,0.0,0.0,0.0,4,,,1,0,0,0.0,0,0.0,0,225,cvc-colondb,unet,polypseg/runs_cv/unet_seed42_fold2/best.pth,True
0.9184284858301873,0.8491611269321845,0.9528461060211983,0.8864105741355934,0.6104164195973665,0.2978322360217217,4,13.800735254367723,1.8129444529160696,1,1,1,1.0,1,1.0,0,226,cvc-colondb,unet,polypseg/runs_cv/unet_seed42_fold2/best.pth,True
0.9374369419055214,0.8822412324277966,0.9391282991046095,0.9357516659746701,0.4317416722494741,0.27875920531470544,4,22.47220505424423,2.952078910795038,1,1,1,1.0,1,1.0,0,227,cvc-colondb,unet,polypseg/runs_cv/unet_seed42_fold2/best.pth,True
0.9628796400441065,0.9284164858985662,0.9678950100078447,0.9579159787177437,0.5586579689098874,0.4107997396708699,4,11.40175425099138,1.497800424532096,1,1,1,1.0,1,1.0,0,228,cvc-colondb,unet,polypseg/runs_cv/unet_seed42_fold2/best.pth,True
0.9414052423736702,0.8892970946545855,0.8900645354911824,0.9990313750221139,0.5515407464952707,0.31058279421530033,4,13.44416726155924,1.7661036177913636,1,1,1,1.0,1,1.0,0,229,cvc-colondb,unet,polypseg/runs_cv/unet_seed42_fold2/best.pth,True
0.8889546059414788,0.8001064679222778,0.8002768755614702,0.9997339364041523,0.1540448538008793,0.08774829446353877,4,19.247057639794836,2.5284048813253293,1,1,1,1.0,1,1.0,0,23,cvc-colondb,unet,polypseg/runs_cv/unet_seed42_fold2/best.pth,True
0.9520969362099695,0.9085734827097922,0.9146010493883686,0.9927986906645315,0.675942764390459,0.4190606153645228,4,6.32848376619156,0.8313462527770248,1,1,1,1.0,1,1.0,0,230,cvc-colondb,unet,polypseg/runs_cv/unet_seed42_fold2/best.pth,True
0.9071685064442933,0.8301083120259205,0.8319307232487873,0.997368036248028,0.523896132678737,0.24597150309923846,4,7.120079970537347,0.935334911436636,1,1,1,1.0,1,1.0,0,231,cvc-colondb,unet,polypseg/runs_cv/unet_seed42_fold2/best.pth,True
0.9439523632268554,0.8938539610875821,0.9299699347295595,0.958361671571387,0.6501865821071526,0.3095944443052167,4,6.324555320336759,0.8308301893941852,1,1,1,1.0,1,1.0,0,232,cvc-colondb,unet,polypseg/runs_cv/unet_seed42_fold2/best.pth,True
0.9575259599490262,0.9185130019182118,0.9297650458541916,0.9869956652151584,0.8049039482409813,0.49159810124702513,4,7.248753577668267,0.9522382211505787,1,1,1,1.0,1,1.0,0,233,cvc-colondb,unet,polypseg/runs_cv/unet_seed42_fold2/best.pth,True
0.9532979884572225,0.9107635009243146,0.9133487711891136,0.9969017529474365,0.7058847741851216,0.4598631158221663,4,5.385164807134504,0.7074264149834693,1,1,1,1.0,1,1.0,0,234,cvc-colondb,unet,polypseg/runs_cv/unet_seed42_fold2/best.pth,True
0.9379221614606759,0.8831011508069884,0.9158291457171378,0.9611074488996558,0.7033971282147741,0.39947872311241683,4,5.656854249492381,0.7431171124977691,1,1,1,1.0,1,1.0,0,235,cvc-colondb,unet,polypseg/runs_cv/unet_seed42_fold2/best.pth,True
0.9681559747176297,0.9382774440668861,0.9433639260024568,0.9942862870840302,0.8415223758488769,0.5868070961309574,4,6.0,0.7881947241944085,1,1,1,1.0,1,1.0,0,236,cvc-colondb,unet,polypseg/runs_cv/unet_seed42_fold2/best.pth,True
0.956308791539843,0.9162756031554234,0.9282158836663081,0.9861552630767814,0.6505957277506703,0.4182219210734554,4,13.151805726783314,1.7276973145800694,1,1,1,1.0,1,1.0,0,237,cvc-colondb,unet,polypseg/runs_cv/unet_seed42_fold2/best.pth,True
0.9597212725066593,0.9225616626990029,0.9333713344704118,0.9876021980934606,0.5481409516910685,0.40028473609784077,4,8.021790211904486,1.053788787269577,1,1,1,1.0,1,1.0,0,238,cvc-colondb,unet,polypseg/runs_cv/unet_seed42_fold2/best.pth,True
0.9453677348247512,0.8963956120455494,0.8992139737952,0.9965156794376862,0.5723203447124906,0.36243476665597146,4,12.0,1.576389448388817,1,1,1,1.0,1,1.0,0,239,cvc-colondb,unet,polypseg/runs_cv/unet_seed42_fold2/best.pth,True
0.9301931080716213,0.8694962755333376,0.8806349206316316,0.9856617339646113,0.3731735136338024,0.191647704004541,4,17.00440795488896,2.233797439682152,1,1,1,1.0,1,1.0,0,24,cvc-colondb,unet,polypseg/runs_cv/unet_seed42_fold2/best.pth,True
0.9609029120129672,0.9247479596679984,0.9311178247677878,0.992656531815301,0.7909519695951887,0.5742394245069187,4,7.0710678118654755,0.9288963906222114,1,1,1,1.0,1,1.0,0,240,cvc-colondb,unet,polypseg/runs_cv/unet_seed42_fold2/best.pth,True
0.9596153846109907,0.9223659889013083,0.9582114118420061,0.9610234776140771,0.8680718200584171,0.5366056072380798,4,5.0,0.6568289368286738,1,1,1,1.0,1,1.0,0,241,cvc-colondb,unet,polypseg/runs_cv/unet_seed42_fold2/best.pth,True
0.9326959846991745,0.8738803296231289,0.8793942671635172,0.9928760431407196,0.7224225908250594,0.36649463306401703,4,8.305978781986134,1.091121442538695,1,1,1,1.0,1,1.0,0,242,cvc-colondb,unet,polypseg/runs_cv/unet_seed42_fold2/best.pth,True
0.9452484322181304,0.8961811113549487,0.9002986446025695,0.9949225691673658,0.804752741508072,0.5859747469910542,4,7.0710678118654755,0.9288963906222114,1,1,1,1.0,1,1.0,0,243,cvc-colondb,unet,polypseg/runs_cv/unet_seed42_fold2/best.pth,True
0.0,0.0,0.0,0.0,0.0,0.0,4,,,1,0,0,0.0,0,0.0,0,244,cvc-colondb,unet,polypseg/runs_cv/unet_seed42_fold2/best.pth,True
0.9326959846991745,0.8738803296231289,0.8793942671635172,0.9928760431407196,0.7224225908250594,0.36649463306401703,4,8.305978781986134,1.091121442538695,1,1,1,1.0,1,1.0,0,245,cvc-colondb,unet,polypseg/runs_cv/unet_seed42_fold2/best.pth,True
0.9452484322181304,0.8961811113549487,0.9002986446025695,0.9949225691673658,0.804752741508072,0.5859747469910542,4,7.0710678118654755,0.9288963906222114,1,1,1,1.0,1,1.0,0,246,cvc-colondb,unet,polypseg/runs_cv/unet_seed42_fold2/best.pth,True
0.0,0.0,0.0,0.0,0.0,0.0,4,,,1,0,0,0.0,0,0.0,0,247,cvc-colondb,unet,polypseg/runs_cv/unet_seed42_fold2/best.pth,True
0.9326959846991745,0.8738803296231289,0.8793942671635172,0.9928760431407196,0.7224225908250594,0.36649463306401703,4,8.305978781986134,1.091121442538695,1,1,1,1.0,1,1.0,0,248,cvc-colondb,unet,polypseg/runs_cv/unet_seed42_fold2/best.pth,True
0.9452484322181304,0.8961811113549487,0.9002986446025695,0.9949225691673658,0.804752741508072,0.5859747469910542,4,7.0710678118654755,0.9288963906222114,1,1,1,1.0,1,1.0,0,249,cvc-colondb,unet,polypseg/runs_cv/unet_seed42_fold2/best.pth,True
0.9205610129980094,0.8528143082498388,0.9675340176537653,0.877937831681166,0.7531490764572879,0.4184548122195088,4,12.619324002040555,1.6577474335513724,1,1,1,1.0,1,1.0,0,25,cvc-colondb,unet,polypseg/runs_cv/unet_seed42_fold2/best.pth,True
0.0,0.0,0.0,0.0,0.0,0.0,4,,,1,0,0,0.0,0,0.0,0,250,cvc-colondb,unet,polypseg/runs_cv/unet_seed42_fold2/best.pth,True
0.9326959846991745,0.8738803296231289,0.8793942671635172,0.9928760431407196,0.7224225908250594,0.36649463306401703,4,8.305978781986134,1.091121442538695,1,1,1,1.0,1,1.0,0,251,cvc-colondb,unet,polypseg/runs_cv/unet_seed42_fold2/best.pth,True
0.9452484322181304,0.8961811113549487,0.9002986446025695,0.9949225691673658,0.804752741508072,0.5859747469910542,4,7.0710678118654755,0.9288963906222114,1,1,1,1.0,1,1.0,0,252,cvc-colondb,unet,polypseg/runs_cv/unet_seed42_fold2/best.pth,True
0.0,0.0,0.0,0.0,0.0,0.0,4,,,1,0,0,0.0,0,0.0,0,253,cvc-colondb,unet,polypseg/runs_cv/unet_seed42_fold2/best.pth,True
0.9326959846991745,0.8738803296231289,0.8793942671635172,0.9928760431407196,0.7224225908250594,0.36649463306401703,4,8.305978781986134,1.091121442538695,1,1,1,1.0,1,1.0,0,254,cvc-colondb,unet,polypseg/runs_cv/unet_seed42_fold2/best.pth,True
0.9452484322181304,0.8961811113549487,0.9002986446025695,0.9949225691673658,0.804752741508072,0.5859747469910542,4,7.0710678118654755,0.9288963906222114,1,1,1,1.0,1,1.0,0,255,cvc-colondb,unet,polypseg/runs_cv/unet_seed42_fold2/best.pth,True
0.0,0.0,0.0,0.0,0.0,0.0,4,,,1,0,0,0.0,0,0.0,0,256,cvc-colondb,unet,polypseg/runs_cv/unet_seed42_fold2/best.pth,True
0.9326959846991745,0.8738803296231289,0.8793942671635172,0.9928760431407196,0.7224225908250594,0.36649463306401703,4,8.305978781986134,1.091121442538695,1,1,1,1.0,1,1.0,0,257,cvc-colondb,unet,polypseg/runs_cv/unet_seed42_fold2/best.pth,True
0.9452484322181304,0.8961811113549487,0.9002986446025695,0.9949225691673658,0.804752741508072,0.5859747469910542,4,7.0710678118654755,0.9288963906222114,1,1,1,1.0,1,1.0,0,258,cvc-colondb,unet,polypseg/runs_cv/unet_seed42_fold2/best.pth,True
0.0,0.0,0.0,0.0,0.0,0.0,4,,,1,0,0,0.0,0,0.0,0,259,cvc-colondb,unet,polypseg/runs_cv/unet_seed42_fold2/best.pth,True
0.9009745363022558,0.8197940503315247,0.8579553958859758,0.9485354955990645,0.5933261071757793,0.32896392709055844,4,10.579968461972491,1.3898458873116581,1,1,1,1.0,1,1.0,0,26,cvc-colondb,unet,polypseg/runs_cv/unet_seed42_fold2/best.pth,True
0.9326959846991745,0.8738803296231289,0.8793942671635172,0.9928760431407196,0.7224225908250594,0.36649463306401703,4,8.305978781986134,1.091121442538695,1,1,1,1.0,1,1.0,0,260,cvc-colondb,unet,polypseg/runs_cv/unet_seed42_fold2/best.pth,True
0.9452484322181304,0.8961811113549487,0.9002986446025695,0.9949225691673658,0.804752741508072,0.5859747469910542,4,7.0710678118654755,0.9288963906222114,1,1,1,1.0,1,1.0,0,261,cvc-colondb,unet,polypseg/runs_cv/unet_seed42_fold2/best.pth,True
0.0,0.0,0.0,0.0,0.0,0.0,4,,,1,0,0,0.0,0,0.0,0,262,cvc-colondb,unet,polypseg/runs_cv/unet_seed42_fold2/best.pth,True
0.9326959846991745,0.8738803296231289,0.8793942671635172,0.9928760431407196,0.7224225908250594,0.36649463306401703,4,8.305978781986134,1.091121442538695,1,1,1,1.0,1,1.0,0,263,cvc-colondb,unet,polypseg/runs_cv/unet_seed42_fold2/best.pth,True
0.29323890671574915,0.1718101659743611,0.1723240993619789,0.9829376854356346,0.30127612830106376,0.22489029675106997,4,128.0,16.81482078281405,1,1,0,0.0,0,0.0,1,264,cvc-colondb,unet,polypseg/runs_cv/unet_seed42_fold2/best.pth,True
0.08021412565349799,0.0417828502258373,0.04182805704018152,0.9747856782406762,0.19266101313014075,0.11799758578761756,4,304.54588913172455,40.00691051478676,1,1,0,0.0,0,0.0,1,265,cvc-colondb,unet,polypseg/runs_cv/unet_seed42_fold2/best.pth,True
0.9311906241634946,0.8712410699379362,0.8726909635474064,0.9980966882280348,0.5503857206599366,0.38338295256442284,4,8.48528137423857,1.1146756687466535,1,1,1,1.0,1,1.0,0,266,cvc-colondb,unet,polypseg/runs_cv/unet_seed42_fold2/best.pth,True
0.0,0.0,0.0,0.0,0.0,0.0,4,,,1,0,0,0.0,0,0.0,0,267,cvc-colondb,unet,polypseg/runs_cv/unet_seed42_fold2/best.pth,True
0.43510222834493373,0.2780387551352707,0.27844751543390717,0.9947478991248339,0.25846704996346137,0.22191815081119784,4,76.0,9.983799839795841,1,2,1,1.0,0,0.0,1,268,cvc-colondb,unet,polypseg/runs_cv/unet_seed42_fold2/best.pth,True
0.2352260676751296,0.1332896318143415,0.13356689292715795,0.9846650524417945,0.31962601105934363,0.25561264040908943,4,141.59166585066973,18.600300668899244,1,1,0,0.0,0,0.0,1,269,cvc-colondb,unet,polypseg/runs_cv/unet_seed42_fold2/best.pth,True
0.8867490413218001,0.7965401102143824,0.8498856582677249,0.9269552823636744,0.4641896960085859,0.2493914747226603,4,9.0,1.1822920862916129,1,1,1,1.0,1,1.0,0,27,cvc-colondb,unet,polypseg/runs_cv/unet_seed42_fold2/best.pth,True
0.6129471689155029,0.4419061445815709,0.5994555143616807,0.6270601066370148,0.10265067311165517,0.04334243725883116,4,127.0,16.683454995448315,1,3,1,1.0,1,1.0,2,270,cvc-colondb,unet,polypseg/runs_cv/unet_seed42_fold2/best.pth,True
0.29323890671574915,0.1718101659743611,0.1723240993619789,0.9829376854356346,0.30127612830106376,0.22489029675106997,4,128.0,16.81482078281405,1,1,0,0.0,0,0.0,1,271,cvc-colondb,unet,polypseg/runs_cv/unet_seed42_fold2/best.pth,True
0.08021412565349799,0.0417828502258373,0.04182805704018152,0.9747856782406762,0.19266101313014075,0.11799758578761756,4,304.54588913172455,40.00691051478676,1,1,0,0.0,0,0.0,1,272,cvc-colondb,unet,polypseg/runs_cv/unet_seed42_fold2/best.pth,True
0.25895145258961283,0.14873304536784676,0.1495394318271983,0.965012495520082,0.29239976772706944,0.22461900439457458,4,189.39690553840975,24.880273620686886,1,1,0,0.0,0,0.0,1,273,cvc-colondb,unet,polypseg/runs_cv/unet_seed42_fold2/best.pth,True
0.4911564217276023,0.3255184492284937,0.8700925630293638,0.3421471006596011,0.25881598166262737,0.11462689204971299,4,206.76638312713402,27.162028720261137,1,1,1,1.0,0,0.0,0,274,cvc-colondb,unet,polypseg/runs_cv/unet_seed42_fold2/best.pth,True
0.638550391949404,0.46902242152298107,0.9284192586214428,0.4866192727119268,0.44004372802343794,0.33598228292012944,4,169.67012106502088,22.288849046146005,1,1,1,1.0,0,0.0,0,275,cvc-colondb,unet,polypseg/runs_cv/unet_seed42_fold2/best.pth,True
0.7457256046692631,0.5945474191655042,0.9672751859320835,0.6067520570005747,0.3876998732866711,0.2374588328125438,4,124.08705351403421,16.30079348676517,1,1,1,1.0,1,1.0,0,276,cvc-colondb,unet,polypseg/runs_cv/unet_seed42_fold2/best.pth,True
0.786143974331296,0.6476418600782702,0.9247552777395639,0.6836690208358023,0.404797524530847,0.20479624545235336,4,106.7906369571991,14.028636107170792,1,1,1,1.0,1,1.0,0,277,cvc-colondb,unet,polypseg/runs_cv/unet_seed42_fold2/best.pth,True
0.0,0.0,0.0,0.0,0.0,0.0,4,,,1,0,0,0.0,0,0.0,0,278,cvc-colondb,unet,polypseg/runs_cv/unet_seed42_fold2/best.pth,True
0.7443480424145774,0.5927980583456695,0.9285437194434902,0.6211334855687091,0.4111966790258426,0.2018983995769538,4,102.98428248254068,13.5286113546142,1,1,1,1.0,1,1.0,0,279,cvc-colondb,unet,polypseg/runs_cv/unet_seed42_fold2/best.pth,True
0.8961601720633601,0.8118570732662487,0.8171487901225243,0.992086557649105,0.40382271752492915,0.2537356876386437,4,23.91948927055943,3.1422025414132837,1,1,1,1.0,1,1.0,0,28,cvc-colondb,unet,polypseg/runs_cv/unet_seed42_fold2/best.pth,True
0.8169004494048179,0.6904748201399109,0.9210748560389936,0.7338961277253692,0.4941094186604276,0.2708390980178749,4,80.80892023619403,10.615527433002486,1,1,1,1.0,1,1.0,0,280,cvc-colondb,unet,polypseg/runs_cv/unet_seed42_fold2/best.pth,True
0.8487497313145778,0.7372417226740275,0.9269895922926129,0.7826891311477853,0.5933261854506018,0.3289724859726739,4,67.06134767467368,8.809566739090794,1,1,1,1.0,1,1.0,0,281,cvc-colondb,unet,polypseg/runs_cv/unet_seed42_fold2/best.pth,True
0.9266131554210016,0.8632611440141471,0.9018871753155246,0.9527331189608496,0.6499757333206698,0.42794240809424156,4,10.295630140987,1.352493559897148,1,1,1,1.0,1,1.0,0,282,cvc-colondb,unet,polypseg/runs_cv/unet_seed42_fold2/best.pth,True
0.9304187516411355,0.8698906726990062,0.8873706420085665,0.9778565101751786,0.5873123647363008,0.2948763256245003,4,7.0710678118654755,0.9288963906222114,1,1,1,1.0,1,1.0,0,283,cvc-colondb,unet,polypseg/runs_cv/unet_seed42_fold2/best.pth,True
0.8717977814948742,0.7727318446953695,0.8815261044126131,0.8622818339925793,0.37203442281013754,0.2374084618414335,4,39.31968191651022,5.165260973932607,1,1,1,1.0,1,1.0,0,284,cvc-colondb,unet,polypseg/runs_cv/unet_seed42_fold2/best.pth,True
0.8712639539051331,0.7718934439273731,0.8821438337394852,0.8606491774083563,0.3003723452450855,0.17717030498220715,4,46.11290027928494,6.057657452905876,1,1,1,1.0,1,1.0,0,285,cvc-colondb,unet,polypseg/runs_cv/unet_seed42_fold2/best.pth,True
0.0,0.0,0.0,0.0,0.0,0.0,4,,,1,0,0,0.0,0,0.0,0,286,cvc-colondb,unet,polypseg/runs_cv/unet_seed42_fold2/best.pth,True
0.5407982202904187,0.3706123634238244,0.9194056731119369,0.38305695205078766,0.4348425213221725,0.27758517710800507,4,200.61163632556458,26.353505560636226,1,1,1,1.0,0,0.0,0,287,cvc-colondb,unet,polypseg/runs_cv/unet_seed42_fold2/best.pth,True
0.6868333549235937,0.523035943304538,0.9276757071978554,0.5452706640592915,0.496814785757648,0.17866825535371195,4,151.2049906934275,19.8631626560707,1,1,1,1.0,1,1.0,0,288,cvc-colondb,unet,polypseg/runs_cv/unet_seed42_fold2/best.pth,True
0.7932611311657998,0.6573593936956296,0.9656975433808171,0.6730757147324126,0.5662888109969153,0.4044851700924026,4,117.0,15.369797121790967,1,1,1,1.0,1,1.0,0,289,cvc-colondb,unet,polypseg/runs_cv/unet_seed42_fold2/best.pth,True
0.0,0.0,0.0,0.0,0.0,0.0,4,,,1,0,0,0.0,0,0.0,0,29,cvc-colondb,unet,polypseg/runs_cv/unet_seed42_fold2/best.pth,True
0.7020410536701109,0.5408807849086471,0.8978878476803667,0.5763318693881214,0.32689930823094554,0.21222236484249393,4,143.9702365507034,18.912763481714236,1,1,1,1.0,1,1.0,0,290,cvc-colondb,unet,polypseg/runs_cv/unet_seed42_fold2/best.pth,True
0.7348366816981418,0.5808235751606066,0.849845103364419,0.6472457627087478,0.3710316983276706,0.15200923608675443,4,125.04299201921515,16.426371101171483,1,1,1,1.0,1,1.0,0,291,cvc-colondb,unet,polypseg/runs_cv/unet_seed42_fold2/best.pth,True
0.5421917136526492,0.37192250773327107,0.8930705863205771,0.38925654744868166,0.28994281294026036,0.18302383345271686,4,222.73030035527395,29.259141276377154,1,1,1,1.0,0,0.0,0,292,cvc-colondb,unet,polypseg/runs_cv/unet_seed42_fold2/best.pth,True
0.5410758965786034,0.3708732313831124,0.9439796289445376,0.37921964050670165,0.3498807498515497,0.16896655248347428,4,199.13560011619228,26.1596049018117,1,1,1,1.0,0,0.0,0,293,cvc-colondb,unet,polypseg/runs_cv/unet_seed42_fold2/best.pth,True
0.4911564217276023,0.3255184492284937,0.8700925630293638,0.3421471006596011,0.25881598166262737,0.11462689204971299,4,206.76638312713402,27.162028720261137,1,1,1,1.0,0,0.0,0,294,cvc-colondb,unet,polypseg/runs_cv/unet_seed42_fold2/best.pth,True
0.638550391949404,0.46902242152298107,0.9284192586214428,0.4866192727119268,0.44004372802343794,0.33598228292012944,4,169.67012106502088,22.288849046146005,1,1,1,1.0,0,0.0,0,295,cvc-colondb,unet,polypseg/runs_cv/unet_seed42_fold2/best.pth,True
0.7457256046692631,0.5945474191655042,0.9672751859320835,0.6067520570005747,0.3876998732866711,0.2374588328125438,4,124.08705351403421,16.30079348676517,1,1,1,1.0,1,1.0,0,296,cvc-colondb,unet,polypseg/runs_cv/unet_seed42_fold2/best.pth,True
0.786143974331296,0.6476418600782702,0.9247552777395639,0.6836690208358023,0.404797524530847,0.20479624545235336,4,106.7906369571991,14.028636107170792,1,1,1,1.0,1,1.0,0,297,cvc-colondb,unet,polypseg/runs_cv/unet_seed42_fold2/best.pth,True
0.0,0.0,0.0,0.0,0.0,0.0,4,,,1,0,0,0.0,0,0.0,0,298,cvc-colondb,unet,polypseg/runs_cv/unet_seed42_fold2/best.pth,True
0.7443480424145774,0.5927980583456695,0.9285437194434902,0.6211334855687091,0.4111966790258426,0.2018983995769538,4,102.98428248254068,13.5286113546142,1,1,1,1.0,1,1.0,0,299,cvc-colondb,unet,polypseg/runs_cv/unet_seed42_fold2/best.pth,True
0.8561010010634831,0.7484061109061204,0.8597982310609467,0.8524354319322296,0.24507022751414567,0.13656911127613955,4,21.368161415131194,2.807045348856822,1,1,1,1.0,1,1.0,0,3,cvc-colondb,unet,polypseg/runs_cv/unet_seed42_fold2/best.pth,True
0.8933656174290878,0.8072816383615676,0.8627817790584343,0.9261974093691515,0.45976600433177167,0.21231417510380232,4,14.75,1.9376453636445876,1,1,1,1.0,1,1.0,0,30,cvc-colondb,unet,polypseg/runs_cv/unet_seed42_fold2/best.pth,True
0.8169004494048179,0.6904748201399109,0.9210748560389936,0.7338961277253692,0.4941094186604276,0.2708390980178749,4,80.80892023619403,10.615527433002486,1,1,1,1.0,1,1.0,0,300,cvc-colondb,unet,polypseg/runs_cv/unet_seed42_fold2/best.pth,True
0.0,0.0,0.0,0.0,0.0,0.0,4,,,1,0,0,0.0,0,0.0,0,301,cvc-colondb,unet,polypseg/runs_cv/unet_seed42_fold2/best.pth,True
0.4668745167987373,0.3045246601888541,0.9999999999978353,0.3045246601888541,0.0,0.0,4,220.32605234811152,28.943305343893762,1,1,1,1.0,0,0.0,0,302,cvc-colondb,unet,polypseg/runs_cv/unet_seed42_fold2/best.pth,True
0.0,0.0,0.0,0.0,0.0,0.0,4,,,1,0,0,0.0,0,0.0,0,303,cvc-colondb,unet,polypseg/runs_cv/unet_seed42_fold2/best.pth,True
0.0,0.0,0.0,0.0,0.0,0.0,4,,,1,0,0,0.0,0,0.0,0,304,cvc-colondb,unet,polypseg/runs_cv/unet_seed42_fold2/best.pth,True
0.0,0.0,0.0,0.0,0.0,0.0,4,,,1,0,0,0.0,0,0.0,0,305,cvc-colondb,unet,polypseg/runs_cv/unet_seed42_fold2/best.pth,True
0.0,0.0,0.0,0.0,0.0,0.0,4,,,1,0,0,0.0,0,0.0,0,306,cvc-colondb,unet,polypseg/runs_cv/unet_seed42_fold2/best.pth,True
0.0,0.0,0.0,0.0,0.0,0.0,4,,,1,0,0,0.0,0,0.0,0,307,cvc-colondb,unet,polypseg/runs_cv/unet_seed42_fold2/best.pth,True
0.0,0.0,0.0,0.0,0.0,0.0,4,,,1,0,0,0.0,0,0.0,0,308,cvc-colondb,unet,polypseg/runs_cv/unet_seed42_fold2/best.pth,True
0.0,0.0,0.0,0.0,0.0,0.0,4,,,1,0,0,0.0,0,0.0,0,309,cvc-colondb,unet,polypseg/runs_cv/unet_seed42_fold2/best.pth,True
0.9512606301241852,0.9070515110315992,0.907505360965636,0.9994489490592816,0.7338311205267243,0.3747199990878288,4,5.656854249492381,0.7431171124977691,1,1,1,1.0,1,1.0,0,31,cvc-colondb,unet,polypseg/runs_cv/unet_seed42_fold2/best.pth,True
0.632085404095626,0.46207958156754164,0.999999999998806,0.46207958156754164,0.12708037276756617,0.08746728548475954,4,169.25124703256276,22.233823329065086,1,1,1,1.0,0,0.0,0,310,cvc-colondb,unet,polypseg/runs_cv/unet_seed42_fold2/best.pth,True
0.0,0.0,0.0,0.0,0.0,0.0,4,,,1,0,0,0.0,0,0.0,0,311,cvc-colondb,unet,polypseg/runs_cv/unet_seed42_fold2/best.pth,True
0.5140782434384407,0.34596589030907243,0.9999999999974176,0.34596589030907243,0.0007827360590809265,0.0,4,109.0,14.318870822865088,1,1,1,1.0,0,0.0,0,312,cvc-colondb,unet,polypseg/runs_cv/unet_seed42_fold2/best.pth,True
0.0,0.0,0.0,0.0,0.0,0.0,4,,,1,0,0,0.0,0,0.0,0,313,cvc-colondb,unet,polypseg/runs_cv/unet_seed42_fold2/best.pth,True
0.0,0.0,0.0,0.0,0.0,0.0,4,,,1,0,0,0.0,0,0.0,0,314,cvc-colondb,unet,polypseg/runs_cv/unet_seed42_fold2/best.pth,True
0.0,0.0,0.0,0.0,0.0,0.0,4,,,1,0,0,0.0,0,0.0,0,315,cvc-colondb,unet,polypseg/runs_cv/unet_seed42_fold2/best.pth,True
0.05557436881503636,0.02858138049803862,0.9999999999322952,0.02858138049803862,0.03221509935270044,0.018050506903873564,4,119.03822321134896,15.637549918776939,1,3,0,0.0,0,0.0,3,316,cvc-colondb,unet,polypseg/runs_cv/unet_seed42_fold2/best.pth,True
0.3473181484199602,0.2101542702171674,0.9999999999947112,0.2101542702171674,0.0,0.0,4,202.1156799227094,26.551085432007547,1,1,0,0.0,0,0.0,1,317,cvc-colondb,unet,polypseg/runs_cv/unet_seed42_fold2/best.pth,True
0.36322776520987377,0.22191711069466447,0.9999999999959026,0.22191711069466447,0.004778288956003756,0.0006531181802338478,4,182.1297582335704,23.925619093083892,1,4,0,0.0,0,0.0,4,318,cvc-colondb,unet,polypseg/runs_cv/unet_seed42_fold2/best.pth,True
0.0,0.0,0.0,0.0,0.0,0.0,4,,,1,0,0,0.0,0,0.0,0,319,cvc-colondb,unet,polypseg/runs_cv/unet_seed42_fold2/best.pth,True
0.9591370699720417,0.9214825913209136,0.9364826161007269,0.9829147640754075,0.649704051877692,0.26734705682245935,4,6.4031242374328485,0.841151457050986,1,1,1,1.0,1,1.0,0,32,cvc-colondb,unet,polypseg/runs_cv/unet_seed42_fold2/best.pth,True
0.0,0.0,0.0,0.0,0.0,0.0,4,,,1,0,0,0.0,0,0.0,0,320,cvc-colondb,unet,polypseg/runs_cv/unet_seed42_fold2/best.pth,True
0.1082742584924763,0.05723570606286306,0.9999999999790489,0.05723570606286306,0.0,0.0,4,162.91726546754006,21.401754853615827,1,4,0,0.0,0,0.0,4,321,cvc-colondb,unet,polypseg/runs_cv/unet_seed42_fold2/best.pth,True
0.42766611929572607,0.27199446920533665,0.9741847110242501,0.27396915235633773,0.23240492342292168,0.12579117677819743,4,178.63314335462204,23.466283526396094,1,1,1,1.0,0,0.0,0,322,cvc-colondb,unet,polypseg/runs_cv/unet_seed42_fold2/best.pth,True
0.0,0.0,0.0,0.0,0.0,0.0,4,261.7670663248165,34.38723677417803,1,3,0,0.0,0,0.0,3,323,cvc-colondb,unet,polypseg/runs_cv/unet_seed42_fold2/best.pth,True
0.0,0.0,0.0,0.0,0.0,0.0,4,,,1,0,0,0.0,0,0.0,0,324,cvc-colondb,unet,polypseg/runs_cv/unet_seed42_fold2/best.pth,True
0.8928518258566825,0.8064429375476757,0.9897911067077149,0.813207035485795,0.40182486115260885,0.22384248429324563,4,68.62215385719105,9.014603272182494,1,1,1,1.0,1,1.0,0,325,cvc-colondb,unet,polypseg/runs_cv/unet_seed42_fold2/best.pth,True
0.9694204796953686,0.9406556802223425,0.97377495462574,0.9651047756071475,0.7097359315198953,0.5104296958902301,4,9.205780829928182,1.2093246470399028,1,1,1,1.0,1,1.0,0,326,cvc-colondb,unet,polypseg/runs_cv/unet_seed42_fold2/best.pth,True
0.8677011436333472,0.7663181312552473,0.935320951447444,0.809199398607383,0.4164978802914452,0.2617983109185004,4,179.20083546038126,23.540858846850462,1,2,1,1.0,1,1.0,1,327,cvc-colondb,unet,polypseg/runs_cv/unet_seed42_fold2/best.pth,True
0.9346786386490368,0.8773677808016026,0.9152767706053371,0.9549208751009474,0.33000327923720785,0.19847482729481966,4,25.0,3.284144684143369,1,1,1,1.0,1,1.0,0,328,cvc-colondb,unet,polypseg/runs_cv/unet_seed42_fold2/best.pth,True
0.933024928360522,0.8744580385808519,0.9582035006713633,0.9091357033343508,0.6062022091894336,0.3546986330421686,4,40.76640142458894,5.3553104212087375,1,1,1,1.0,1,1.0,0,329,cvc-colondb,unet,polypseg/runs_cv/unet_seed42_fold2/best.pth,True
0.9555091071930079,0.9148084619724616,0.917139035724367,0.9972299168906008,0.8128603407210496,0.444846242960808,4,8.06225774829855,1.0591048370507348,1,1,1,1.0,1,1.0,0,33,cvc-colondb,unet,polypseg/runs_cv/unet_seed42_fold2/best.pth,True
0.8935895877694906,0.8076474858619827,0.9697772578155096,0.8285008769944749,0.41871010598498165,0.2758296340043214,4,86.44414464307057,11.355803124194429,1,1,1,1.0,1,1.0,0,330,cvc-colondb,unet,polypseg/runs_cv/unet_seed42_fold2/best.pth,True
0.05432074994879081,0.027918656144048985,0.9999999999556934,0.027918656144048985,0.016656717270216354,0.0,4,271.60403003266526,35.67947725694774,1,1,0,0.0,0,0.0,1,331,cvc-colondb,unet,polypseg/runs_cv/unet_seed42_fold2/best.pth,True
0.7412509501344552,0.5888790543386173,0.9993542500161446,0.589103216569773,0.253069720070359,0.09270339290864134,4,147.8720648099499,19.425330223156028,1,1,1,1.0,1,1.0,0,332,cvc-colondb,unet,polypseg/runs_cv/unet_seed42_fold2/best.pth,True
0.7983713898825857,0.6644077738832923,0.9999999999976766,0.6644077738832923,0.13753095980248262,0.03595312726262811,4,70.61968742442099,9.27701084203114,1,1,1,1.0,1,1.0,0,333,cvc-colondb,unet,polypseg/runs_cv/unet_seed42_fold2/best.pth,True
0.9414009098414794,0.8892893623217725,0.9791927761159112,0.9064177883529316,0.51667026927774,0.31086502211543643,4,61.85245918931554,8.125297001911411,1,2,1,1.0,1,1.0,1,334,cvc-colondb,unet,polypseg/runs_cv/unet_seed42_fold2/best.pth,True
0.8252224337603851,0.7024499424191998,0.9976916583113522,0.7035934549439506,0.4014462413988523,0.2787115249323589,4,142.2327112281168,18.684512099644746,1,1,1,1.0,1,1.0,0,335,cvc-colondb,unet,polypseg/runs_cv/unet_seed42_fold2/best.pth,True
0.7593296115263503,0.6120317036505765,0.9804387814602413,0.619597576765096,0.2873076483075628,0.14921513583721405,4,112.79184367674819,14.816989353028898,1,1,1,1.0,1,1.0,0,336,cvc-colondb,unet,polypseg/runs_cv/unet_seed42_fold2/best.pth,True
0.7998051944572473,0.6663961473283988,0.9745800292140878,0.678184078924063,0.2586302214284236,0.15777419900395498,4,107.30656753256198,14.096411733429395,1,1,1,1.0,1,1.0,0,337,cvc-colondb,unet,polypseg/runs_cv/unet_seed42_fold2/best.pth,True
0.893691111234024,0.8078133695833224,0.9638168636917207,0.8330777264465313,0.31278846028242235,0.2138219986689968,4,68.52224308575113,9.001478415025971,1,1,1,1.0,1,1.0,0,338,cvc-colondb,unet,polypseg/runs_cv/unet_seed42_fold2/best.pth,True
0.7969337824874001,0.662418885084398,0.9768966452648267,0.6729615248845819,0.21714136558029795,0.13188867119555509,4,95.0,12.479749799744802,1,4,1,1.0,1,1.0,3,339,cvc-colondb,unet,polypseg/runs_cv/unet_seed42_fold2/best.pth,True
0.9723989218302631,0.9462805581736109,0.9739214945144758,0.9708811023145977,0.8787093515111956,0.6510374407799827,4,5.0990195135927845,0.669836713196362,1,1,1,1.0,1,1.0,0,34,cvc-colondb,unet,polypseg/runs_cv/unet_seed42_fold2/best.pth,True
0.1741546478514,0.09538302225128763,0.9926402943751789,0.09545052445331044,0.07679051692862011,0.045497966114362264,4,225.3122237809395,29.598317680107744,1,4,0,0.0,0,0.0,4,340,cvc-colondb,unet,polypseg/runs_cv/unet_seed42_fold2/best.pth,True
0.0,0.0,0.0,0.0,0.0,0.0,4,,,1,0,0,0.0,0,0.0,0,341,cvc-colondb,unet,polypseg/runs_cv/unet_seed42_fold2/best.pth,True
0.0,0.0,0.0,0.0,0.0,0.0,4,,,1,0,0,0.0,0,0.0,0,342,cvc-colondb,unet,polypseg/runs_cv/unet_seed42_fold2/best.pth,True
0.8192209003869929,0.6937969182004387,0.7066398390199872,0.9744728079640824,0.6435546207976559,0.4490454128955157,4,31.188102069269156,4.097049584772444,1,1,1,1.0,1,1.0,0,343,cvc-colondb,unet,polypseg/runs_cv/unet_seed42_fold2/best.pth,True
0.7831262939857256,0.6435559336315705,0.6460290349990173,0.9940867279568303,0.5672726773844671,0.37352859250961085,4,19.270404796041824,2.5314718988884652,1,1,1,1.0,1,1.0,0,344,cvc-colondb,unet,polypseg/runs_cv/unet_seed42_fold2/best.pth,True
0.0,0.0,0.0,0.0,0.0,0.0,4,,,1,0,0,0.0,0,0.0,0,345,cvc-colondb,unet,polypseg/runs_cv/unet_seed42_fold2/best.pth,True
0.0,0.0,0.0,0.0,0.0,0.0,4,,,1,0,0,0.0,0,0.0,0,346,cvc-colondb,unet,polypseg/runs_cv/unet_seed42_fold2/best.pth,True
0.4434839285086498,0.28492087979774794,0.2898264807412015,0.9439252336310758,0.2272377894957428,0.1573553296255615,4,120.50311199301038,15.829986186983122,1,2,1,1.0,0,0.0,1,347,cvc-colondb,unet,polypseg/runs_cv/unet_seed42_fold2/best.pth,True
0.8060907395814575,0.6751691827056192,0.8897781842924817,0.7367922741765425,0.5898490585581508,0.25250983751722167,4,24.161946807708915,3.1740531666836826,1,1,1,1.0,1,1.0,0,348,cvc-colondb,unet,polypseg/runs_cv/unet_seed42_fold2/best.pth,True
0.30512597740564507,0.18002870616813557,0.5511613307877488,0.21095627101847775,0.1220825377164979,0.06831114700304808,4,226.2179506154135,29.717299198856697,1,1,0,0.0,0,0.0,1,349,cvc-colondb,unet,polypseg/runs_cv/unet_seed42_fold2/best.pth,True
0.9176565331169031,0.8478422619018945,0.8523102029685774,0.9938550586703383,0.4214106553905327,0.18619220145055726,4,19.0,2.4959499599489603,1,1,1,1.0,1,1.0,0,35,cvc-colondb,unet,polypseg/runs_cv/unet_seed42_fold2/best.pth,True
0.0,0.0,0.0,0.0,0.0,0.0,4,,,1,0,0,0.0,0,0.0,0,350,cvc-colondb,unet,polypseg/runs_cv/unet_seed42_fold2/best.pth,True
0.0,0.0,0.0,0.0,0.0,0.0,4,,,1,0,0,0.0,0,0.0,0,351,cvc-colondb,unet,polypseg/runs_cv/unet_seed42_fold2/best.pth,True
0.0,0.0,0.0,0.0,0.0,0.0,4,,,1,0,0,0.0,0,0.0,0,352,cvc-colondb,unet,polypseg/runs_cv/unet_seed42_fold2/best.pth,True
0.0,0.0,0.0,0.0,0.0,0.0,4,,,1,0,0,0.0,0,0.0,0,353,cvc-colondb,unet,polypseg/runs_cv/unet_seed42_fold2/best.pth,True
0.0,0.0,0.0,0.0,0.0,0.0,4,,,1,0,0,0.0,0,0.0,0,354,cvc-colondb,unet,polypseg/runs_cv/unet_seed42_fold2/best.pth,True
0.0,0.0,0.0,0.0,0.0,0.0,4,,,1,0,0,0.0,0,0.0,0,355,cvc-colondb,unet,polypseg/runs_cv/unet_seed42_fold2/best.pth,True
0.0,0.0,0.0,0.0,0.0,0.0,4,,,1,0,0,0.0,0,0.0,0,356,cvc-colondb,unet,polypseg/runs_cv/unet_seed42_fold2/best.pth,True
0.0,0.0,0.0,0.0,0.0,0.0,4,,,1,0,0,0.0,0,0.0,0,357,cvc-colondb,unet,polypseg/runs_cv/unet_seed42_fold2/best.pth,True
0.0,0.0,0.0,0.0,0.0,0.0,4,,,1,0,0,0.0,0,0.0,0,358,cvc-colondb,unet,polypseg/runs_cv/unet_seed42_fold2/best.pth,True
0.0,0.0,0.0,0.0,0.0,0.0,4,,,1,0,0,0.0,0,0.0,0,359,cvc-colondb,unet,polypseg/runs_cv/unet_seed42_fold2/best.pth,True
0.9606762815293018,0.9243282573622768,0.9984281142929409,0.9256753239945574,0.7649918462829272,0.41816966045386017,4,6.0,0.7881947241944085,1,1,1,1.0,1,1.0,0,36,cvc-colondb,unet,polypseg/runs_cv/unet_seed42_fold2/best.pth,True
0.0,0.0,0.0,0.0,0.0,0.0,4,,,1,0,0,0.0,0,0.0,0,360,cvc-colondb,unet,polypseg/runs_cv/unet_seed42_fold2/best.pth,True
0.0,0.0,0.0,0.0,0.0,0.0,4,,,1,0,0,0.0,0,0.0,0,361,cvc-colondb,unet,polypseg/runs_cv/unet_seed42_fold2/best.pth,True
0.4652525252478257,0.30314597867180276,0.9200958849013147,0.31134243611854345,0.28273805119756923,0.1626155727831454,4,72.11726528656641,9.473741337033367,1,1,1,1.0,0,0.0,0,362,cvc-colondb,unet,polypseg/runs_cv/unet_seed42_fold2/best.pth,True
0.826962420579014,0.7049752157021301,0.9384164222644571,0.7391722810252325,0.7049461285889203,0.4913914046533357,4,32.64965543462902,4.289047693389982,1,1,1,1.0,1,1.0,0,363,cvc-colondb,unet,polypseg/runs_cv/unet_seed42_fold2/best.pth,True
0.7808093194239606,0.6404324867829914,0.869877049150619,0.7082869855197919,0.5399239046914126,0.39434218147283223,4,25.059928172283335,3.2920171956807587,1,1,1,1.0,1,1.0,0,364,cvc-colondb,unet,polypseg/runs_cv/unet_seed42_fold2/best.pth,True
0.8078589108785913,0.677653776260637,0.8605800922590449,0.7612244897737253,0.5477319676875942,0.3125722287594307,4,23.549631330934,3.0936158619609215,1,1,1,1.0,1,1.0,0,365,cvc-colondb,unet,polypseg/runs_cv/unet_seed42_fold2/best.pth,True
0.7788863855684119,0.6378492356184015,0.8245315161558934,0.7380298871382119,0.523902761834647,0.38720011585699093,4,30.221644371859213,3.9700901083965117,1,1,1,1.0,1,1.0,0,366,cvc-colondb,unet,polypseg/runs_cv/unet_seed42_fold2/best.pth,True
0.7624508518879022,0.6160974318078873,0.8682835820571536,0.6796144859614599,0.35094196750293977,0.2204526171564944,4,19.227580656859505,2.5258462721265205,1,1,1,1.0,1,1.0,0,367,cvc-colondb,unet,polypseg/runs_cv/unet_seed42_fold2/best.pth,True
0.7991841275579606,0.6655342803994585,0.8724696355922078,0.737256243560135,0.5062841164098518,0.31538744604047203,4,18.739966546017577,2.461790460525128,1,1,1,1.0,1,1.0,0,368,cvc-colondb,unet,polypseg/runs_cv/unet_seed42_fold2/best.pth,True
0.7791764454708945,0.638238378167136,0.8119164072560286,0.7489745692883932,0.41808868758008844,0.1294642358139542,4,16.294602248948678,2.1405532542446153,1,1,1,1.0,1,1.0,0,369,cvc-colondb,unet,polypseg/runs_cv/unet_seed42_fold2/best.pth,True
0.9470886972925856,0.8994952327487409,0.9165095148241813,0.9797788502597606,0.6578939060399751,0.2963011228016721,4,7.0710678118654755,0.9288963906222114,1,1,1,1.0,1,1.0,0,37,cvc-colondb,unet,polypseg/runs_cv/unet_seed42_fold2/best.pth,True
0.753083546642935,0.6039567002387475,0.7958681750715264,0.7146643109224972,0.3672977322339737,0.18181813208265823,4,13.462673525932916,1.7685347077820102,1,1,1,1.0,1,1.0,0,370,cvc-colondb,unet,polypseg/runs_cv/unet_seed42_fold2/best.pth,True
0.7683315621474939,0.6238136324148484,0.7119645494479584,0.8343912290343686,0.44418500942365685,0.2130568535485862,4,9.722149114344258,1.2771577732929142,1,1,1,1.0,1,1.0,0,371,cvc-colondb,unet,polypseg/runs_cv/unet_seed42_fold2/best.pth,True
0.7019790453811997,0.5408071748636409,0.7367135002604328,0.6703724290900293,0.2613708663056719,0.1424657036982722,4,13.462673525932916,1.7685347077820102,1,1,1,1.0,1,1.0,0,372,cvc-colondb,unet,polypseg/runs_cv/unet_seed42_fold2/best.pth,True
0.7123287671041545,0.5531914893386237,0.755986316946637,0.6734382935158233,0.23560204478907865,0.08625332021711438,4,12.764982043070834,1.6768819167974656,1,1,1,1.0,1,1.0,0,373,cvc-colondb,unet,polypseg/runs_cv/unet_seed42_fold2/best.pth,True
0.7746478873021226,0.6321839080169112,0.9253028263172743,0.6661821705103594,0.5470062766460064,0.3858874928432479,4,12.529964086141668,1.6460085978403793,1,1,1,1.0,1,1.0,0,374,cvc-colondb,unet,polypseg/runs_cv/unet_seed42_fold2/best.pth,True
0.39186546732921923,0.24367704278970445,0.9999999998003991,0.24367704278970445,0.0873180437861395,0.0,4,22.146092574678033,2.9092388881470317,1,1,0,0.0,0,0.0,1,375,cvc-colondb,unet,polypseg/runs_cv/unet_seed42_fold2/best.pth,True
0.8150234741592718,0.6877971473578528,0.8701754385528734,0.7664459160809517,0.4324187136892348,0.3138172803097777,4,10.756311234115568,1.4130112944204896,1,1,1,1.0,1,1.0,0,376,cvc-colondb,unet,polypseg/runs_cv/unet_seed42_fold2/best.pth,True
0.7692634260078696,0.6250431182951003,0.8311926605123306,0.7159225602245783,0.27871895930436796,0.1415976724319784,4,14.142135623730951,1.8577927812444228,1,1,1,1.0,1,1.0,0,377,cvc-colondb,unet,polypseg/runs_cv/unet_seed42_fold2/best.pth,True
0.6515888920511999,0.4832271762002876,0.9668649107079978,0.49136442139501885,0.30825165791538,0.17328798093755013,4,21.388077631102284,2.8096616582492104,1,1,1,1.0,0,0.0,0,378,cvc-colondb,unet,polypseg/runs_cv/unet_seed42_fold2/best.pth,True
0.0,0.0,0.0,0.0,0.0,0.0,4,,,1,0,0,0.0,0,0.0,0,379,cvc-colondb,unet,polypseg/runs_cv/unet_seed42_fold2/best.pth,True
0.9349544577443929,0.8778539702295728,0.880117187496562,0.9970792583042125,0.5030961182528069,0.24937951940800832,4,13.416407864998739,1.7624569828053958,1,1,1,1.0,1,1.0,0,38,cvc-colondb,unet,polypseg/runs_cv/unet_seed42_fold2/best.pth,True
0.0,0.0,0.0,0.0,0.0,0.0,4,323.2870402833253,42.46885659195704,1,2,0,0.0,0,0.0,2,380,cvc-colondb,unet,polypseg/runs_cv/unet_seed42_fold2/best.pth,True
0.7903357903276992,0.6533513879374856,0.6533513879374856,0.9999999999740933,0.06849927404838899,0.0,4,13.855760721560761,1.8201729167390506,1,1,1,1.0,1,1.0,0,39,cvc-colondb,unet,polypseg/runs_cv/unet_seed42_fold2/best.pth,True
0.8019504876181454,0.6693800876591313,0.742554484668381,0.871674650893164,0.1400628299073926,0.06044066408457607,4,347.93785340984516,45.70713006752791,1,2,1,1.0,1,1.0,1,4,cvc-colondb,unet,polypseg/runs_cv/unet_seed42_fold2/best.pth,True
0.9058997673878944,0.8279860842594898,0.8381101437852086,0.9856206142760194,0.4595646288196189,0.20278190489410924,4,9.0,1.1822920862916129,1,1,1,1.0,1,1.0,0,40,cvc-colondb,unet,polypseg/runs_cv/unet_seed42_fold2/best.pth,True
0.8664859565092191,0.7644245446141811,0.7652032188981847,0.998670566325463,0.3810795624717973,0.23367540362074146,4,14.203625527571836,1.865870450877524,1,1,1,1.0,1,1.0,0,41,cvc-colondb,unet,polypseg/runs_cv/unet_seed42_fold2/best.pth,True
0.8685741997989931,0.7676810972886458,0.7701017629243213,0.9959221501205575,0.6001859069257943,0.30992480100331987,4,15.177206068009372,1.9937656251360585,1,1,1,1.0,1,1.0,0,42,cvc-colondb,unet,polypseg/runs_cv/unet_seed42_fold2/best.pth,True
0.8930618217236126,0.8067856355936683,0.8079426365051523,0.9982281586343433,0.54794313934436,0.3549192865144382,4,14.150919895708213,1.8589467340491508,1,1,1,1.0,1,1.0,0,43,cvc-colondb,unet,polypseg/runs_cv/unet_seed42_fold2/best.pth,True
0.8217580032444146,0.6974441630048942,0.6974441630048942,0.9999999999669859,0.28840301936063495,0.11715774467873623,4,9.848857801796104,1.2938029597861047,1,1,1,1.0,1,1.0,0,44,cvc-colondb,unet,polypseg/runs_cv/unet_seed42_fold2/best.pth,True
0.8980214455520749,0.81491735200053,0.8336526447244177,0.9731621936894869,0.4492650935675699,0.25966425508398866,4,12.529964086141668,1.6460085978403793,1,1,1,1.0,1,1.0,0,45,cvc-colondb,unet,polypseg/runs_cv/unet_seed42_fold2/best.pth,True
0.8746901679917743,0.7772883015078648,0.7809195967447637,0.9940532081221588,0.3689452554954346,0.15694228046265404,4,10.295630140987,1.352493559897148,1,1,1,1.0,1,1.0,0,46,cvc-colondb,unet,polypseg/runs_cv/unet_seed42_fold2/best.pth,True
0.8895754258902853,0.8011128775707296,0.8012402607600375,0.99980158728175,0.5374402049180191,0.40906410540217286,4,11.180339887498949,1.4687141523378298,1,1,1,1.0,1,1.0,0,47,cvc-colondb,unet,polypseg/runs_cv/unet_seed42_fold2/best.pth,True
0.8785361893406698,0.7833834502641343,0.7842568848167659,0.9985803520585097,0.2847520777408504,0.09153313078041574,4,9.848857801796104,1.2938029597861047,1,1,1,1.0,1,1.0,0,48,cvc-colondb,unet,polypseg/runs_cv/unet_seed42_fold2/best.pth,True
0.9310881678100168,0.8710617094605514,0.8758960918763902,0.9937035417490712,0.540681985126084,0.3775632293449146,4,9.0,1.1822920862916129,1,1,1,1.0,1,1.0,0,49,cvc-colondb,unet,polypseg/runs_cv/unet_seed42_fold2/best.pth,True
0.9490180777672713,0.9029823041591019,0.9569836065448265,0.941184057771944,0.8821159543162013,0.5825488311818761,4,5.0990195135927845,0.669836713196362,1,1,1,1.0,1,1.0,0,5,cvc-colondb,unet,polypseg/runs_cv/unet_seed42_fold2/best.pth,True
0.7543365455781418,0.6055701023421669,0.6055701023421669,0.9999999999606919,0.1673271186563408,0.01329634891095437,4,16.668505448593194,2.1896713424644845,1,1,1,1.0,1,1.0,0,50,cvc-colondb,unet,polypseg/runs_cv/unet_seed42_fold2/best.pth,True
0.7552986512402811,0.6068111454951803,0.6068111454951803,0.999999999957483,0.30492419252755637,0.08960568481908207,4,18.0,2.3645841725832257,1,1,1,1.0,1,1.0,0,51,cvc-colondb,unet,polypseg/runs_cv/unet_seed42_fold2/best.pth,True
0.8994226678752703,0.8172280507893812,0.8172280507893812,0.9999999999831082,0.6814860763543684,0.2747764754778894,4,10.770329614269007,1.4148528299669385,1,1,1,1.0,1,1.0,0,52,cvc-colondb,unet,polypseg/runs_cv/unet_seed42_fold2/best.pth,True
0.8085106382897961,0.6785714285600508,0.6785714285600508,0.9999999999752903,0.2503525041290086,0.04537592242482795,4,16.053709548482296,2.108908194977191,1,1,1,1.0,1,1.0,0,53,cvc-colondb,unet,polypseg/runs_cv/unet_seed42_fold2/best.pth,True
0.8608903781631316,0.7557572701167296,0.7557572701167296,0.999999999977758,0.343443850294991,0.0864197032769682,4,10.720826148465228,1.4083497682042923,1,1,1,1.0,1,1.0,0,54,cvc-colondb,unet,polypseg/runs_cv/unet_seed42_fold2/best.pth,True
0.8317345086747248,0.7119396360250346,0.717994628453044,0.9882932840114512,0.3381471850833351,0.27629117606149173,4,12.28415912424076,1.6137182354818624,1,1,1,1.0,1,1.0,0,55,cvc-colondb,unet,polypseg/runs_cv/unet_seed42_fold2/best.pth,True
0.633460490456311,0.46355080554373024,0.46355080554373024,0.9999999999655885,0.16699154746736283,0.07837440591002932,4,35.11408816958372,4.6127898400271965,1,1,1,1.0,0,0.0,0,56,cvc-colondb,unet,polypseg/runs_cv/unet_seed42_fold2/best.pth,True
0.8981164383518925,0.8150738150667782,0.8192467893021586,0.9937894736737495,0.4161622740592891,0.36554616859420924,4,13.055586054539386,1.715057341575673,1,1,1,1.0,1,1.0,0,57,cvc-colondb,unet,polypseg/runs_cv/unet_seed42_fold2/best.pth,True
0.9221134704673104,0.8554828780234284,0.875078715358351,0.9744915848441926,0.3882038753624569,0.16550681479759427,4,7.615773105863909,1.0004520304505997,1,1,1,1.0,1,1.0,0,58,cvc-colondb,unet,polypseg/runs_cv/unet_seed42_fold2/best.pth,True
0.9161667275240432,0.8453022718439998,0.85760328156209,0.9833146696418441,0.5772649525611646,0.19870255352363947,4,9.0,1.1822920862916129,1,1,1,1.0,1,1.0,0,59,cvc-colondb,unet,polypseg/runs_cv/unet_seed42_fold2/best.pth,True
0.9252681252601864,0.860929267110635,0.8794650138496255,0.9761042722488034,0.8017969248189116,0.4339550318558079,4,7.810249675906654,1.0259995981984522,1,1,1,1.0,1,1.0,0,6,cvc-colondb,unet,polypseg/runs_cv/unet_seed42_fold2/best.pth,True
0.8392666282920392,0.7230485904416625,0.7230485904416625,0.9999999999804076,0.1425641966008132,0.0028208247951280294,4,11.0,1.4450236610230822,1,1,1,1.0,1,1.0,0,60,cvc-colondb,unet,polypseg/runs_cv/unet_seed42_fold2/best.pth,True
0.7708196608035273,0.6271005451546838,0.6360371658174996,0.9780855539886212,0.5035298846646737,0.22262513450603352,4,348.0772182837943,45.72543784392536,1,2,1,1.0,1,1.0,1,61,cvc-colondb,unet,polypseg/runs_cv/unet_seed42_fold2/best.pth,True
0.9752204091422908,0.9516391796269685,0.9588073930814435,0.9922051329757958,0.7449716068648663,0.5533320338915488,4,7.397592015084674,0.9717904996720705,1,1,1,1.0,1,1.0,0,62,cvc-colondb,unet,polypseg/runs_cv/unet_seed42_fold2/best.pth,True
0.952197902773264,0.908757393493951,0.9176663306428486,0.9894299222841437,0.5332593133119121,0.2967924870208489,4,210.44494043209457,27.64526529699725,1,2,1,1.0,1,1.0,1,63,cvc-colondb,unet,polypseg/runs_cv/unet_seed42_fold2/best.pth,True
0.9497191958576627,0.9042526456847954,0.9130998702957392,0.98939842962027,0.449590359361314,0.2051490653741648,4,9.219544457292887,1.2111327167856758,1,1,1,1.0,1,1.0,0,64,cvc-colondb,unet,polypseg/runs_cv/unet_seed42_fold2/best.pth,True
0.9156565736158194,0.84443410762321,0.861796819366064,0.9766972662127956,0.3610556777412568,0.23448941712467805,4,18.788294228055936,2.4681390645276577,1,1,1,1.0,1,1.0,0,65,cvc-colondb,unet,polypseg/runs_cv/unet_seed42_fold2/best.pth,True
0.9347623697156275,0.8775153478816613,0.8802925327137101,0.9964176792322388,0.5001416686368444,0.3377719138343608,4,11.313708498984761,1.4862342249955383,1,1,1,1.0,1,1.0,0,66,cvc-colondb,unet,polypseg/runs_cv/unet_seed42_fold2/best.pth,True
0.8816720582266435,0.7883841807873971,0.7888833612193529,0.9991980294380524,0.4457343867205811,0.24320108039368532,4,332.63117583987776,43.69635631659571,1,2,1,1.0,1,1.0,1,67,cvc-colondb,unet,polypseg/runs_cv/unet_seed42_fold2/best.pth,True
0.8005156115703222,0.6673831016828228,0.668660573284832,0.9971455077356943,0.36609452018596694,0.29253794424820206,4,371.2084311575455,48.76408783581011,1,2,1,1.0,1,1.0,1,68,cvc-colondb,unet,polypseg/runs_cv/unet_seed42_fold2/best.pth,True
0.9287169042718736,0.8669201520823459,0.8955414012643784,0.9644449525441356,0.6628901559961274,0.3234708440377909,4,7.810249675906654,1.0259995981984522,1,1,1,1.0,1,1.0,0,69,cvc-colondb,unet,polypseg/runs_cv/unet_seed42_fold2/best.pth,True
0.9660286256167785,0.9342895263353187,0.9572795625263623,0.9749390880442927,0.9956203131770129,0.8016135885390128,4,3.1622776601683795,0.4154150946970926,1,1,1,1.0,1,1.0,0,7,cvc-colondb,unet,polypseg/runs_cv/unet_seed42_fold2/best.pth,True
0.8888888888805401,0.7999999999864751,0.8032592089491893,0.9949537426199547,0.49892063326112035,0.370871621478007,4,11.0,1.4450236610230822,1,1,1,1.0,1,1.0,0,70,cvc-colondb,unet,polypseg/runs_cv/unet_seed42_fold2/best.pth,True
0.6413219033380462,0.472019019746964,0.47796296295853735,0.9743299358064491,0.46446552736041374,0.31880810194808495,4,314.41405702867195,41.30325016042652,1,2,1,1.0,1,1.0,1,71,cvc-colondb,unet,polypseg/runs_cv/unet_seed42_fold2/best.pth,True
0.9552798513984592,0.9143882719953222,0.9237469075103407,0.9890416923655102,0.6381731818047177,0.47492225088209794,4,10.781910667299748,1.416374184116846,1,1,1,1.0,1,1.0,0,72,cvc-colondb,unet,polypseg/runs_cv/unet_seed42_fold2/best.pth,True
0.9268430467911783,0.8636602912741203,0.8854110451466966,0.9723429474451972,0.5786299443847153,0.24293119029604943,4,15.0,1.9704868104860214,1,1,1,1.0,1,1.0,0,73,cvc-colondb,unet,polypseg/runs_cv/unet_seed42_fold2/best.pth,True
0.9158084722272448,0.844692518589019,0.8776963776785166,0.9573806881030549,0.7995240428911038,0.4392057262572373,4,7.615773105863909,1.0004520304505997,1,1,1,1.0,1,1.0,0,74,cvc-colondb,unet,polypseg/runs_cv/unet_seed42_fold2/best.pth,True
0.5738144445049047,0.4023420671272379,0.9779152784295295,0.40603138215720314,0.46213924386160876,0.2292520921612125,4,133.22498955906366,17.50120565021819,1,1,1,1.0,0,0.0,0,75,cvc-colondb,unet,polypseg/runs_cv/unet_seed42_fold2/best.pth,True
0.962789551500831,0.9282489902545581,0.9602811777959972,0.9653110638880994,0.7851366727328241,0.6110682760459201,4,9.899494936611665,1.300454946871096,1,1,1,1.0,1,1.0,0,76,cvc-colondb,unet,polypseg/runs_cv/unet_seed42_fold2/best.pth,True
0.905298842944172,0.8269826309300259,0.904432336903189,0.9061670109043056,0.7448207842358595,0.27809838641179985,4,11.856302511352323,1.5575125146501363,1,1,1,1.0,1,1.0,0,77,cvc-colondb,unet,polypseg/runs_cv/unet_seed42_fold2/best.pth,True
0.7944325481742011,0.6589698046103141,0.9198347107285978,0.6991206030062924,0.5866196038120532,0.3164605382510963,4,44.10611863871734,5.794035002621613,1,1,1,1.0,1,1.0,0,78,cvc-colondb,unet,polypseg/runs_cv/unet_seed42_fold2/best.pth,True
0.8651861821347556,0.7624036370673571,0.9222859875437044,0.8147444021796633,0.6707128241303809,0.418712363079716,4,22.35451355267127,2.93661827402465,1,1,1,1.0,1,1.0,0,79,cvc-colondb,unet,polypseg/runs_cv/unet_seed42_fold2/best.pth,True
0.90205853971613,0.8215907426274851,0.8456203829210671,0.966569016009537,0.6698215736124391,0.41042701601232795,4,10.735283663885419,1.4102489911008178,1,1,1,1.0,1,1.0,0,8,cvc-colondb,unet,polypseg/runs_cv/unet_seed42_fold2/best.pth,True
0.8251402177363059,0.702330805933661,0.7919569347437633,0.8612258952871479,0.4100862141938874,0.26810568195511036,4,14.198456297233504,1.865191390864054,1,1,1,1.0,1,1.0,0,80,cvc-colondb,unet,polypseg/runs_cv/unet_seed42_fold2/best.pth,True
0.7828501996045331,0.6431831146422367,0.7971014492471863,0.7690995906968248,0.38558553681422575,0.14380914136426157,4,19.019723192830334,2.4985409127044833,1,1,1,1.0,1,1.0,0,81,cvc-colondb,unet,polypseg/runs_cv/unet_seed42_fold2/best.pth,True
0.8034711587407951,0.6715017064655432,0.8501980554249119,0.7616129032012383,0.5327076682070861,0.2817583444222278,4,19.235384061671343,2.526871372543761,1,1,1,1.0,1,1.0,0,82,cvc-colondb,unet,polypseg/runs_cv/unet_seed42_fold2/best.pth,True
0.8207306711805282,0.6959654178423644,0.7187499999732608,0.956435643517008,0.5419768809430584,0.24673551041015926,4,9.433981132056603,1.2393023594061015,1,1,1,1.0,1,1.0,0,83,cvc-colondb,unet,polypseg/runs_cv/unet_seed42_fold2/best.pth,True
0.8207437051722404,0.6959841628762449,0.8170650730140417,0.8244556113626649,0.4840711129509701,0.21810146502707645,4,17.027917047630083,2.2368857301603433,1,1,1,1.0,1,1.0,0,84,cvc-colondb,unet,polypseg/runs_cv/unet_seed42_fold2/best.pth,True
0.8665699782293951,0.7645553422660092,0.8241379310060643,0.9136085626562077,0.6967448712309579,0.3431854151973746,4,10.198039027185569,1.339673426392724,1,1,1,1.0,1,1.0,0,85,cvc-colondb,unet,polypseg/runs_cv/unet_seed42_fold2/best.pth,True
0.8477777777620782,0.7357762777005536,0.8446494464632971,0.8509293679981068,0.670470309245344,0.3925277348184443,4,13.908618918930246,1.8271166754552264,1,1,1,1.0,1,1.0,0,86,cvc-colondb,unet,polypseg/runs_cv/unet_seed42_fold2/best.pth,True
0.8552657004665649,0.747130317327916,0.8067808967988779,0.9099506578573212,0.5751977519138468,0.18310440282703885,4,7.2628580546923835,0.9540910668802336,1,1,1,1.0,1,1.0,0,87,cvc-colondb,unet,polypseg/runs_cv/unet_seed42_fold2/best.pth,True
0.8405039220147253,0.7248872488427681,0.8065693430288975,0.8774193547951653,0.5932499500780167,0.25246601134091645,4,8.94427190999916,1.1749713218702638,1,1,1,1.0,1,1.0,0,88,cvc-colondb,unet,polypseg/runs_cv/unet_seed42_fold2/best.pth,True
0.8237861429126082,0.7003710574814299,0.7580321284760023,0.902031063267501,0.518336049363569,0.2867924028309094,4,8.0,1.050926298925878,1,1,1,1.0,1,1.0,0,89,cvc-colondb,unet,polypseg/runs_cv/unet_seed42_fold2/best.pth,True
0.9331302360934263,0.8746430610954505,0.8833453496628213,0.9888619854561927,0.6895603895740284,0.5162161662688142,4,7.039087296526012,0.9246952450442808,1,1,1,1.0,1,1.0,0,9,cvc-colondb,unet,polypseg/runs_cv/unet_seed42_fold2/best.pth,True
0.8373935432593109,0.7202725723775035,0.8261039468219576,0.8489959839016468,0.5437279945804744,0.30948093676607313,4,11.1257869783329,1.4615477664721406,1,1,1,1.0,1,1.0,0,90,cvc-colondb,unet,polypseg/runs_cv/unet_seed42_fold2/best.pth,True
0.773489932864276,0.6306429548276041,0.651129943472169,0.9524793387773774,0.4196009301139951,0.18366688354944724,4,9.219544457292887,1.2111327167856758,1,1,1,1.0,1,1.0,0,91,cvc-colondb,unet,polypseg/runs_cv/unet_seed42_fold2/best.pth,True
0.8280802292026338,0.7066014669581123,0.8314154199751774,0.8247716894506408,0.5891188269768937,0.3884361770402337,4,9.97434164902525,1.3102872441790432,1,1,1,1.0,1,1.0,0,92,cvc-colondb,unet,polypseg/runs_cv/unet_seed42_fold2/best.pth,True
0.8783582829297277,0.7831005833342213,0.9202326547378431,0.8401289588310236,0.5317985113150546,0.3499904190084671,4,14.993985859861752,1.9696967582314326,1,1,1,1.0,1,1.0,0,93,cvc-colondb,unet,polypseg/runs_cv/unet_seed42_fold2/best.pth,True
0.7870490286625893,0.648871262945428,0.7886540600374989,0.7854505169577013,0.4302717855152859,0.17476204373954723,4,15.811388300841896,2.0770754734854626,1,1,1,1.0,1,1.0,0,94,cvc-colondb,unet,polypseg/runs_cv/unet_seed42_fold2/best.pth,True
0.9187402442299261,0.84969429346383,0.9201765679433479,0.9173083974895984,0.7602388579023959,0.4346095970189871,4,8.0,1.050926298925878,1,1,1,1.0,1,1.0,0,95,cvc-colondb,unet,polypseg/runs_cv/unet_seed42_fold2/best.pth,True
0.8586336999208586,0.7522858348466411,0.972363636345957,0.7687221503411137,0.5772120217523627,0.39891051779445075,4,20.034722968951037,2.631877157470624,1,1,1,1.0,1,1.0,0,96,cvc-colondb,unet,polypseg/runs_cv/unet_seed42_fold2/best.pth,True
0.9255516253922389,0.8614202852976733,0.8811738293636758,0.9746363958677787,0.7348164935718016,0.49875889291492354,4,8.0,1.050926298925878,1,1,1,1.0,1,1.0,0,97,cvc-colondb,unet,polypseg/runs_cv/unet_seed42_fold2/best.pth,True
0.945398487072221,0.896450911062711,0.9039489921780889,0.9908318929812066,0.7526445893546702,0.5299156239416898,4,8.54400374531753,1.1223897792594242,1,1,1,1.0,1,1.0,0,98,cvc-colondb,unet,polypseg/runs_cv/unet_seed42_fold2/best.pth,True
0.9237555767183223,0.858313926404945,0.8654893856806993,0.9904331935881412,0.5883127279954727,0.29508388286105847,4,11.67688243205076,1.533942854663464,1,1,1,1.0,1,1.0,0,99,cvc-colondb,unet,polypseg/runs_cv/unet_seed42_fold2/best.pth,True
0.8915845337334554,0.8043775649726027,0.8880498395234279,0.8951474785833001,0.83375562863411,0.14167167662065178,8,15.48410399019023,0.9925338592313993,1,1,1,1.0,1,1.0,0,1,etis-larib,unet,polypseg/runs_cv/unet_seed42_fold2/best.pth,True
0.733473824308266,0.57912251510133,0.855166170944586,0.6421011748651121,0.5943549112979665,0.03135054511898288,8,35.35533905932738,2.2662836120979657,1,1,1,1.0,1,1.0,0,10,etis-larib,unet,polypseg/runs_cv/unet_seed42_fold2/best.pth,True
0.0,0.0,0.0,0.0,0.0,0.0,8,,,1,0,0,0.0,0,0.0,0,100,etis-larib,unet,polypseg/runs_cv/unet_seed42_fold2/best.pth,True
0.14124610909761062,0.07598967770232257,0.9999999999277456,0.07598967770232257,0.12603056400258636,0.0,8,121.33342114712865,7.77749418508192,1,1,0,0.0,0,0.0,1,101,etis-larib,unet,polypseg/runs_cv/unet_seed42_fold2/best.pth,True
0.03096507827265918,0.015726017822728602,0.9999999996296296,0.015726017822728602,0.0,0.0,8,137.94271036368087,8.84215262031583,1,1,0,0.0,0,0.0,1,102,etis-larib,unet,polypseg/runs_cv/unet_seed42_fold2/best.pth,True
0.0,0.0,0.0,0.0,0.0,0.0,8,,,1,0,0,0.0,0,0.0,0,103,etis-larib,unet,polypseg/runs_cv/unet_seed42_fold2/best.pth,True
0.39734501286676593,0.2479292274736692,0.9999999999772727,0.2479292274736692,0.3143103466419158,0.0017466756504413536,8,75.89922764145255,4.865154184664443,1,2,0,0.0,0,0.0,2,104,etis-larib,unet,polypseg/runs_cv/unet_seed42_fold2/best.pth,True
0.8640261481110266,0.7606039053401327,0.7609483148968554,0.9994052928921887,0.3310215590358941,0.1353323330236744,8,225.02043516453443,14.42385048959106,1,2,1,1.0,1,1.0,1,105,etis-larib,unet,polypseg/runs_cv/unet_seed42_fold2/best.pth,True
0.9425870074204619,0.8914085735990811,0.8914085735990811,0.9999999999989475,0.5004965961820558,0.09046357617441579,8,60.67124524847005,3.88903776602051,1,1,1,1.0,1,1.0,0,106,etis-larib,unet,polypseg/runs_cv/unet_seed42_fold2/best.pth,True
0.8491889804321533,0.7379048045186788,0.7379048045186788,0.9999999999989172,0.35230009339398055,0.06394004431611812,8,222.73470444265485,14.277334737953884,1,2,1,1.0,1,1.0,1,107,etis-larib,unet,polypseg/runs_cv/unet_seed42_fold2/best.pth,True
0.7295673633065746,0.5742668617247041,0.5742668617247041,0.999999999998943,0.18206815058388126,0.0,8,225.72992712531496,14.4693290522753,1,1,1,1.0,1,1.0,0,108,etis-larib,unet,polypseg/runs_cv/unet_seed42_fold2/best.pth,True
0.9006852807898452,0.819315219791633,0.8204025658032998,0.9983849433642724,0.3899034585642796,0.06954939206084007,8,223.20371236675834,14.30739823050182,1,2,1,1.0,1,1.0,1,109,etis-larib,unet,polypseg/runs_cv/unet_seed42_fold2/best.pth,True
0.1309765285405538,0.07007751937875849,0.999999999778761,0.07007751937875849,0.1639023999436619,0.0,8,65.30696746902278,4.186188396680504,1,1,0,0.0,0,0.0,1,11,etis-larib,unet,polypseg/runs_cv/unet_seed42_fold2/best.pth,True
0.9336034276706788,0.8754748954522769,0.8755706202310484,0.999875136566256,0.7839451175072626,0.1624324568330267,8,106.16018560005004,6.804887049137211,1,2,1,1.0,1,1.0,1,110,etis-larib,unet,polypseg/runs_cv/unet_seed42_fold2/best.pth,True
0.8971625350839716,0.8135038603828015,0.8153697749178663,0.9971948406014125,0.5803345559918098,0.25345744950723725,8,119.99040900106162,7.6914068642285445,1,2,1,1.0,1,1.0,1,111,etis-larib,unet,polypseg/runs_cv/unet_seed42_fold2/best.pth,True
0.9287680063448571,0.867009211679549,0.8710007440435686,0.9947421530564834,0.6517719068663217,0.3651084132085032,8,15.561155518923766,0.997472876123951,1,1,1,1.0,1,1.0,0,112,etis-larib,unet,polypseg/runs_cv/unet_seed42_fold2/best.pth,True
0.9088308799787368,0.8328964441011919,0.8390422905890129,0.9912822546139926,0.6544174224086966,0.15318600214924022,8,399.36004720183024,25.599051073487182,1,2,1,1.0,1,1.0,1,113,etis-larib,unet,polypseg/runs_cv/unet_seed42_fold2/best.pth,True
0.9728938538890343,0.9472184131823173,0.9542342835046561,0.9922977358966728,0.755711237997562,0.2688072290196841,8,355.4406259091287,22.78380824519879,1,2,1,1.0,1,1.0,1,114,etis-larib,unet,polypseg/runs_cv/unet_seed42_fold2/best.pth,True
0.9675625439183945,0.9371633489456785,0.9527827380947654,0.9828081108871819,0.707106760143571,0.1819133335501248,8,372.1645448520041,23.855814466570163,1,2,1,1.0,1,1.0,1,115,etis-larib,unet,polypseg/runs_cv/unet_seed42_fold2/best.pth,True
0.9766380719835173,0.9543427845478604,0.9661854509434419,0.9873193286485648,0.7338156982180759,0.20680293111135523,8,17.204650534085253,1.1028212030958728,1,1,1,1.0,1,1.0,0,116,etis-larib,unet,polypseg/runs_cv/unet_seed42_fold2/best.pth,True
0.9748050101571872,0.950848394515319,0.9599926253682532,0.9900816592916403,0.7461774546223743,0.275785027836195,8,15.529000869736622,0.9954117573100908,1,1,1,1.0,1,1.0,0,117,etis-larib,unet,polypseg/runs_cv/unet_seed42_fold2/best.pth,True
0.9717592027872284,0.9450696815583989,0.9527801032686544,0.9915097862019191,0.7809596889939191,0.2514172534277939,8,20.909411708155616,1.3402970627232875,1,1,1,1.0,1,1.0,0,118,etis-larib,unet,polypseg/runs_cv/unet_seed42_fold2/best.pth,True
0.9701881436237014,0.942102324435843,0.9534199765961062,0.9875566862068228,0.6589178592250792,0.2627703857812748,8,21.93171219946131,1.4058267086474316,1,1,1,1.0,1,1.0,0,119,etis-larib,unet,polypseg/runs_cv/unet_seed42_fold2/best.pth,True
0.08295861246138424,0.04327429392012183,0.9637526650397116,0.04334484081277958,0.23486284523682224,0.1599999685806142,8,103.56736143066043,6.638686552112447,1,1,0,0.0,0,0.0,1,12,etis-larib,unet,polypseg/runs_cv/unet_seed42_fold2/best.pth,True
0.9738211002354671,0.9489779028383063,0.9770531195142312,0.9706103930178646,0.72360421073631,0.32478016371258844,8,25.286348810727198,1.6208595206337177,1,1,1,1.0,1,1.0,0,120,etis-larib,unet,polypseg/runs_cv/unet_seed42_fold2/best.pth,True
0.80201574802897,0.6694710274441609,0.6735795153916327,0.9909713574020005,0.6042088760702135,0.26160379127825556,8,38.01315561749642,2.4366501329686527,1,1,1,1.0,1,1.0,0,121,etis-larib,unet,polypseg/runs_cv/unet_seed42_fold2/best.pth,True
0.8888130386513832,0.799877131002919,0.8315503752129048,0.9545454545367068,0.7299880421785945,0.23153988004960963,8,17.0,1.089703066940362,1,1,1,1.0,1,1.0,0,122,etis-larib,unet,polypseg/runs_cv/unet_seed42_fold2/best.pth,True
0.8431042767849405,0.7287642782894209,0.7354081525648599,0.9877551020269141,0.6965811465821132,0.2254176715230598,8,19.697715603592208,1.2626271238207911,1,1,1,1.0,1,1.0,0,123,etis-larib,unet,polypseg/runs_cv/unet_seed42_fold2/best.pth,True
0.9789962731239232,0.9588567087010721,0.9618513486637933,0.9967635039996937,0.760118060430935,0.3074205252746657,8,88.00340898086031,5.641034392214734,1,1,1,1.0,1,1.0,0,124,etis-larib,unet,polypseg/runs_cv/unet_seed42_fold2/best.pth,True
0.9816672934254462,0.9639946621449076,0.9725818606730293,0.9909240710536611,0.8391920523784898,0.4635040224953446,8,77.05841939723393,4.9394585853377935,1,1,1,1.0,1,1.0,0,125,etis-larib,unet,polypseg/runs_cv/unet_seed42_fold2/best.pth,True
0.8159857700229057,0.6891688878086302,0.6936058137799658,0.9908033163729477,0.5480431391188606,0.1815754669907625,8,31.827660925679098,2.040158807308849,1,1,1,1.0,1,1.0,0,126,etis-larib,unet,polypseg/runs_cv/unet_seed42_fold2/best.pth,True
0.9476112026320115,0.9004383218464274,0.9308196455948634,0.965019713103221,0.9999999500000026,0.3732467531515194,8,7.0710678118654755,0.4532567224195931,1,1,1,1.0,1,1.0,0,127,etis-larib,unet,polypseg/runs_cv/unet_seed42_fold2/best.pth,True
0.9040502490745936,0.8249011857625997,0.8279281959652094,0.9955873583661825,0.7830720178951155,0.3397074866040581,8,12.529964086141668,0.8031729584306567,1,1,1,1.0,1,1.0,0,128,etis-larib,unet,polypseg/runs_cv/unet_seed42_fold2/best.pth,True
0.882307731716543,0.789401301908963,0.7947936859522311,0.9914785812875232,0.6270308709535661,0.3507134978172228,8,15.0,0.9615027061238487,1,1,1,1.0,1,1.0,0,129,etis-larib,unet,polypseg/runs_cv/unet_seed42_fold2/best.pth,True
0.8872689133736992,0.7973794603544488,0.9528896260617746,0.8301038398075997,0.5875359805598878,0.2149066924206275,8,45.27692569068709,2.9022591051042697,1,1,1,1.0,1,1.0,0,13,etis-larib,unet,polypseg/runs_cv/unet_seed42_fold2/best.pth,True
0.8812819800845612,0.787760601327558,0.7892717584313372,0.9975754310255246,0.5836304960674579,0.3719275085702181,8,19.6468827043885,1.2593687258111588,1,1,1,1.0,1,1.0,0,130,etis-larib,unet,polypseg/runs_cv/unet_seed42_fold2/best.pth,True
0.9469521686048253,0.8992489613223134,0.9106723844897591,0.9862425516913227,0.9969280781481079,0.4329712411413619,8,6.985410196624965,0.4477660538293354,1,1,1,1.0,1,1.0,0,131,etis-larib,unet,polypseg/runs_cv/unet_seed42_fold2/best.pth,True
0.9062116768813319,0.8285073608186749,0.8364173228264131,0.9887143688075775,0.8271006979130506,0.31858570014065635,8,10.77727824608745,0.6908254798841846,1,1,1,1.0,1,1.0,0,132,etis-larib,unet,polypseg/runs_cv/unet_seed42_fold2/best.pth,True
0.9427612718254125,0.8917203340187603,0.9058724096885185,0.9827820417001196,0.7416325047805185,0.29090341456009267,8,11.6661834017935,0.7478044607307719,1,1,1,1.0,1,1.0,0,133,etis-larib,unet,polypseg/runs_cv/unet_seed42_fold2/best.pth,True
0.913263074167999,0.8403718070671142,0.8495431171586344,0.9873167376027029,0.7379959365705004,0.40161720071018714,8,27.65863337187866,1.772923388983248,1,1,1,1.0,1,1.0,0,134,etis-larib,unet,polypseg/runs_cv/unet_seed42_fold2/best.pth,True
0.762959570301191,0.6167620329813749,0.6190540540498712,0.9940327655311485,0.5775042133577617,0.2629823227245266,8,42.42640687119285,2.7195403345175584,1,1,1,1.0,1,1.0,0,135,etis-larib,unet,polypseg/runs_cv/unet_seed42_fold2/best.pth,True
0.9390778672090552,0.885152489691815,0.8893177776794697,0.9947364591141855,0.6510521955377444,0.4579051657919016,8,25.26946038993373,1.6197769698140458,1,1,1,1.0,1,1.0,0,136,etis-larib,unet,polypseg/runs_cv/unet_seed42_fold2/best.pth,True
0.9025755448250542,0.8224489080491378,0.8314550995788806,0.9870009675613689,0.7409244174807783,0.4251677287848259,8,36.069377593742864,2.312053610972445,1,1,1,1.0,1,1.0,0,137,etis-larib,unet,polypseg/runs_cv/unet_seed42_fold2/best.pth,True
0.835368487177214,0.7172813700983259,0.7256975237006228,0.984088806651396,0.6229555739981283,0.5507186777868381,8,38.83619192787811,2.489406908946665,1,1,1,1.0,1,1.0,0,138,etis-larib,unet,polypseg/runs_cv/unet_seed42_fold2/best.pth,True
0.945133880337124,0.8959751979134364,0.9051960400419196,0.9887585532686415,0.9261212701943019,0.3979387985667981,8,9.219544457292887,0.5909744629944161,1,1,1,1.0,1,1.0,0,139,etis-larib,unet,polypseg/runs_cv/unet_seed42_fold2/best.pth,True
0.8308631076828247,0.7106636640608375,0.9181584802317095,0.7587260281714858,0.4542948885665318,0.14744824804348897,8,135.53724505584378,8.68796186011767,1,1,1,1.0,1,1.0,0,14,etis-larib,unet,polypseg/runs_cv/unet_seed42_fold2/best.pth,True
0.9439825651749778,0.8939081250409393,0.8965120735845419,0.9967612716185394,0.9675580392947765,0.4029915910058827,8,7.810249675906654,0.500638413259144,1,1,1,1.0,1,1.0,0,140,etis-larib,unet,polypseg/runs_cv/unet_seed42_fold2/best.pth,True
0.8874517471254452,0.7976748377721911,0.8005607814688805,0.9955010684850353,0.659630646161272,0.30474697090413294,8,14.422205101855956,0.9244659489138454,1,1,1,1.0,1,1.0,0,141,etis-larib,unet,polypseg/runs_cv/unet_seed42_fold2/best.pth,True
0.910374958850554,0.8354937932503818,0.8407118775170468,0.9926259462216612,0.7035349458538661,0.2926851781407743,8,14.866068747318506,0.9529176886646612,1,1,1,1.0,1,1.0,0,142,etis-larib,unet,polypseg/runs_cv/unet_seed42_fold2/best.pth,True
0.9559580052468347,0.9156317562425681,0.9326538973628359,0.9804565521644208,0.9792708578127667,0.4241103349632916,8,7.0710678118654755,0.4532567224195931,1,1,1,1.0,1,1.0,0,143,etis-larib,unet,polypseg/runs_cv/unet_seed42_fold2/best.pth,True
0.9386849781206287,0.8844546235277156,0.8953225525943584,0.9864614598570377,0.8358404634940861,0.42734914143189434,8,11.661903789690601,0.7475301368228987,1,1,1,1.0,1,1.0,0,144,etis-larib,unet,polypseg/runs_cv/unet_seed42_fold2/best.pth,True
0.9699674345652636,0.9416861826653785,0.9805882065991289,0.9595742649820562,0.9716496094797676,0.6584090978242279,8,7.017766952966369,0.4498401277482454,1,1,1,1.0,1,1.0,0,145,etis-larib,unet,polypseg/runs_cv/unet_seed42_fold2/best.pth,True
0.8326948775018588,0.7133480882186266,0.7133480882186266,0.9999999999893013,0.6335623315285422,0.055377552573314864,8,21.93171219946131,1.4058267086474316,1,1,1,1.0,1,1.0,0,146,etis-larib,unet,polypseg/runs_cv/unet_seed42_fold2/best.pth,True
0.8800607636870669,0.7858111718492917,0.7859727018550157,0.9997385347435039,0.6160970617039663,0.1498958558384278,8,27.294688127912362,1.7495944331862816,1,1,1,1.0,1,1.0,0,147,etis-larib,unet,polypseg/runs_cv/unet_seed42_fold2/best.pth,True
0.9264138583571672,0.8629152542333879,0.9434670883527205,0.9099661598545828,0.7572636716000483,0.34312491950838886,8,15.556349186104045,0.9971647893231048,1,1,1,1.0,1,1.0,0,148,etis-larib,unet,polypseg/runs_cv/unet_seed42_fold2/best.pth,True
0.8910372993813501,0.8034871676786541,0.8034871676786541,0.9999999999928382,0.7874208542216341,0.062172724878149906,8,10.770329614269007,0.690380071331032,1,1,1,1.0,1,1.0,0,149,etis-larib,unet,polypseg/runs_cv/unet_seed42_fold2/best.pth,True
0.8800736610075455,0.7858317376474122,0.8164841097849873,0.9544047721959416,0.5211401910646851,0.2694012742323456,8,68.82876192311659,4.411936056548715,1,1,1,1.0,1,1.0,0,15,etis-larib,unet,polypseg/runs_cv/unet_seed42_fold2/best.pth,True
0.9286839696952358,0.8668627589106896,0.8749999999984444,0.9893858679244358,0.616844856260679,0.13481825147144819,8,17.888018058667715,1.1466251847067521,1,1,1,1.0,1,1.0,0,150,etis-larib,unet,polypseg/runs_cv/unet_seed42_fold2/best.pth,True
0.9190114808292702,0.8501584101321272,0.8585035992084744,0.988695360902791,0.910451653795131,0.26600826058796356,8,8.94427190999916,0.5733294430514477,1,1,1,1.0,1,1.0,0,151,etis-larib,unet,polypseg/runs_cv/unet_seed42_fold2/best.pth,True
0.0,0.0,0.0,0.0,0.0,0.0,8,,,1,0,0,0.0,0,0.0,0,152,etis-larib,unet,polypseg/runs_cv/unet_seed42_fold2/best.pth,True
0.8890713952386579,0.8002957088584955,0.8164272736593999,0.9759055892436653,0.45669432220958667,0.12214671959676528,8,22.678517899085335,1.453697088723246,1,1,1,1.0,1,1.0,0,153,etis-larib,unet,polypseg/runs_cv/unet_seed42_fold2/best.pth,True
0.1914862174776885,0.10588043028935343,0.10599353298935062,0.9900224719012132,0.18345571812433567,0.11050910488865576,8,536.1902157284793,34.36988956133754,1,2,1,1.0,1,1.0,1,154,etis-larib,unet,polypseg/runs_cv/unet_seed42_fold2/best.pth,True
0.9078765326060114,0.8312947754637808,0.8408448214879779,0.9865215137325737,0.728316710010004,0.1352530041012782,8,17.69180601295413,1.1340479571782385,1,1,1,1.0,1,1.0,0,155,etis-larib,unet,polypseg/runs_cv/unet_seed42_fold2/best.pth,True
0.12972658522270963,0.06936236391840993,0.7441601778927519,0.07105682421592079,0.0,0.0,8,415.4165516178183,26.628275903277988,1,1,0,0.0,0,0.0,1,156,etis-larib,unet,polypseg/runs_cv/unet_seed42_fold2/best.pth,True
0.16926073022224208,0.09245485308390716,0.10305101202460405,0.4734494295232611,0.1888080394811588,0.0016332870820036593,8,547.149648933254,35.07239120693583,1,3,1,1.0,0,0.0,2,157,etis-larib,unet,polypseg/runs_cv/unet_seed42_fold2/best.pth,True
0.37618659272426624,0.23166860862135213,0.34114305999088185,0.4192539809465625,0.2765373073633282,0.065743901576345,8,603.2413653845068,38.667880350869915,1,3,1,1.0,0,0.0,2,158,etis-larib,unet,polypseg/runs_cv/unet_seed42_fold2/best.pth,True
0.7272563166029477,0.5714083095363269,0.572963184192268,0.9952732303419163,0.6297187962473705,0.23475107182284372,8,665.160204392295,42.636889101938934,1,2,1,1.0,1,1.0,1,159,etis-larib,unet,polypseg/runs_cv/unet_seed42_fold2/best.pth,True
0.844246821593212,0.7304732856170992,0.949004289042171,0.7603178325329555,0.48379742773880335,0.20624570173399276,8,121.80476133838512,7.807707176375123,1,1,1,1.0,1,1.0,0,16,etis-larib,unet,polypseg/runs_cv/unet_seed42_fold2/best.pth,True
0.6748070010014292,0.5092141307050151,0.5124501011398309,0.9877510178714586,0.4961517882176327,0.17946745467091377,8,722.9422173579189,46.340726557387654,1,2,1,1.0,1,1.0,1,160,etis-larib,unet,polypseg/runs_cv/unet_seed42_fold2/best.pth,True
0.4439129613839415,0.2852751487338045,0.2902050556962316,0.9437983553088808,0.39292003988006113,0.08809776160492482,8,803.6390605091391,51.513408761757645,1,2,1,1.0,1,1.0,1,161,etis-larib,unet,polypseg/runs_cv/unet_seed42_fold2/best.pth,True
0.7329450611036925,0.5784635208810585,0.5858264189157163,0.9787348280222271,0.6083430879093346,0.13651574112401355,8,659.1677706105927,42.25277301544728,1,2,1,1.0,1,1.0,1,162,etis-larib,unet,polypseg/runs_cv/unet_seed42_fold2/best.pth,True
0.695287372395064,0.5329046087883772,0.5407433589815377,0.9735180380815287,0.48831608956050626,0.21644521310900278,8,714.9177546498555,45.82635705012145,1,2,1,1.0,1,1.0,1,163,etis-larib,unet,polypseg/runs_cv/unet_seed42_fold2/best.pth,True
0.5329499659354205,0.36328002014957866,0.37204165860549104,0.9391201725451936,0.4454139566351595,0.23995610351513022,8,776.9325246816759,49.80151499713768,1,2,1,1.0,1,1.0,1,164,etis-larib,unet,polypseg/runs_cv/unet_seed42_fold2/best.pth,True
0.876918186281892,0.780814162931497,0.7830305532577259,0.9963879950023222,0.599809870029834,0.2331672623242282,8,16.492422502470642,1.0571672577775586,1,1,1,1.0,1,1.0,0,165,etis-larib,unet,polypseg/runs_cv/unet_seed42_fold2/best.pth,True
0.9226132672522476,0.856343631501037,0.8574629652655998,0.9984779299811608,0.6475639253173359,0.22979726836614395,8,17.0,1.089703066940362,1,1,1,1.0,1,1.0,0,166,etis-larib,unet,polypseg/runs_cv/unet_seed42_fold2/best.pth,True
0.9380553319745939,0.8833372963949491,0.88639346217822,0.9961119490497867,0.7549919674840079,0.36957184544978544,8,18.418706623610785,1.1806424174602017,1,1,1,1.0,1,1.0,0,167,etis-larib,unet,polypseg/runs_cv/unet_seed42_fold2/best.pth,True
0.8959248174953265,0.8114708415624894,0.8191489361660231,0.9885809517869971,0.644805888769423,0.3942968641017575,8,19.928615902912707,1.2774278746635557,1,1,1,1.0,1,1.0,0,168,etis-larib,unet,polypseg/runs_cv/unet_seed42_fold2/best.pth,True
0.8757062146840022,0.7788944723534812,0.7829965606106728,0.9933187891874378,0.6832181501164231,0.26614544707411925,8,11.661903789690601,0.7475301368228987,1,1,1,1.0,1,1.0,0,169,etis-larib,unet,polypseg/runs_cv/unet_seed42_fold2/best.pth,True
0.9277022853608566,0.8651536534077694,0.9332359885662015,0.9222338204583463,0.5593186897202617,0.21400490760979093,8,30.4138126514911,1.9495308778634959,1,1,1,1.0,1,1.0,0,17,etis-larib,unet,polypseg/runs_cv/unet_seed42_fold2/best.pth,True
0.7240851063788704,0.5675026680846006,0.5733153638762505,0.982448036936375,0.5868131369892567,0.2903515731352906,8,36.76683096568403,2.356760497940221,1,1,1,1.0,1,1.0,0,170,etis-larib,unet,polypseg/runs_cv/unet_seed42_fold2/best.pth,True
0.9667605249813774,0.9356596881511452,0.9475512504689177,0.9867647570341692,0.7524097993186891,0.24566081884740149,8,16.76305461424021,1.0745148249662555,1,1,1,1.0,1,1.0,0,171,etis-larib,unet,polypseg/runs_cv/unet_seed42_fold2/best.pth,True
0.9660352176484169,0.9343018583779309,0.9454408083026876,0.9875468164787403,0.5799452946685792,0.3252539458499303,8,15.0,0.9615027061238487,1,1,1,1.0,1,1.0,0,172,etis-larib,unet,polypseg/runs_cv/unet_seed42_fold2/best.pth,True
0.9318265576249063,0.8723551070067621,0.9532893184206706,0.9113089604467506,0.507471495304951,0.27357715069290395,8,51.088159097779204,3.274760214893362,1,1,1,1.0,1,1.0,0,173,etis-larib,unet,polypseg/runs_cv/unet_seed42_fold2/best.pth,True
0.925677332812326,0.8616380916876056,0.864295728571956,0.9964440038350918,0.4480064008793899,0.3036743768929874,8,38.58756276314948,2.4734697346328054,1,1,1,1.0,1,1.0,0,174,etis-larib,unet,polypseg/runs_cv/unet_seed42_fold2/best.pth,True
0.9452137793602624,0.8961188161777289,0.8989877000103094,0.9964514595139944,0.5074938596127798,0.31305304740393797,8,28.967870630793847,1.8568457334769228,1,1,1,1.0,1,1.0,0,175,etis-larib,unet,polypseg/runs_cv/unet_seed42_fold2/best.pth,True
0.9473447706935697,0.8999573120609992,0.912863365517008,0.9845333519195758,0.5306762836847544,0.33075216241636995,8,28.792360097775937,1.8455954766469256,1,1,1,1.0,1,1.0,0,176,etis-larib,unet,polypseg/runs_cv/unet_seed42_fold2/best.pth,True
0.9525782117256494,0.9094504452643113,0.9849717257207979,0.9222475552133961,0.5903616019266187,0.24772628889621745,8,55.27203591484681,3.5429474736733177,1,1,1,1.0,1,1.0,0,177,etis-larib,unet,polypseg/runs_cv/unet_seed42_fold2/best.pth,True
0.7581314232652065,0.6104763720316831,0.9952003093894413,0.6122790618624183,0.21143604678728686,0.06430964225801249,8,204.12373564930152,13.084368280727503,1,1,1,1.0,1,1.0,0,178,etis-larib,unet,polypseg/runs_cv/unet_seed42_fold2/best.pth,True
0.9843736237206134,0.969228100718235,0.9802260988204593,0.9885563957066046,0.844244045479902,0.44535780692030674,8,13.44804161976246,0.8620218939645167,1,1,1,1.0,1,1.0,0,179,etis-larib,unet,polypseg/runs_cv/unet_seed42_fold2/best.pth,True
0.9261302907219123,0.8624233300560329,0.9645321979170639,0.8906691679075773,0.7326458024302958,0.3612592983341186,8,40.48209073689503,2.5949093195383846,1,1,1,1.0,1,1.0,0,18,etis-larib,unet,polypseg/runs_cv/unet_seed42_fold2/best.pth,True
0.969498883317762,0.940803331139634,0.961925374302845,0.9771925954584164,0.6756791834263683,0.22690455428261314,8,32.0,2.051205773064211,1,1,1,1.0,1,1.0,0,180,etis-larib,unet,polypseg/runs_cv/unet_seed42_fold2/best.pth,True
0.9227734067935635,0.8566195938840194,0.8661462155856208,0.9873229288854457,0.27233989654207885,0.07279019062822378,8,92.3706997067066,5.9209785156367865,1,2,1,1.0,1,1.0,1,181,etis-larib,unet,polypseg/runs_cv/unet_seed42_fold2/best.pth,True
0.9726495432018679,0.9467553518526224,0.9603002497353935,0.9853205939237714,0.6623831468177631,0.23705791263309647,8,50.28916384272063,3.2235444748987665,1,1,1,1.0,1,1.0,0,182,etis-larib,unet,polypseg/runs_cv/unet_seed42_fold2/best.pth,True
0.8913540845540704,0.8040024972225166,0.8154284508202637,0.9828704685139585,0.4176950888338609,0.10663543125333119,8,22.30407433771144,1.4296951888864693,1,1,1,1.0,1,1.0,0,183,etis-larib,unet,polypseg/runs_cv/unet_seed42_fold2/best.pth,True
0.9535037461419247,0.911139187194107,0.9433180728110482,0.9639117843581944,0.9416200311137792,0.327879896807492,8,8.06225774829855,0.5167921761638015,1,1,1,1.0,1,1.0,0,184,etis-larib,unet,polypseg/runs_cv/unet_seed42_fold2/best.pth,True
0.9202495490060879,0.8522798468470161,0.8540039062470215,0.997636896997239,0.6296830366880632,0.21328600946954987,8,15.524174696260024,0.9951023987195594,1,1,1,1.0,1,1.0,0,185,etis-larib,unet,polypseg/runs_cv/unet_seed42_fold2/best.pth,True
0.9390851677711526,0.885165462149543,0.8927379445241388,0.9905082148591533,0.6768615275128367,0.33405608243549356,8,12.027036476214992,0.7709352079020635,1,1,1,1.0,1,1.0,0,186,etis-larib,unet,polypseg/runs_cv/unet_seed42_fold2/best.pth,True
0.9433348621920874,0.8927472180534577,0.8967458083915464,0.9950301271012225,0.7561171234261571,0.3777032109492641,8,11.40175425099138,0.7308545044591539,1,1,1,1.0,1,1.0,0,187,etis-larib,unet,polypseg/runs_cv/unet_seed42_fold2/best.pth,True
0.9352601589426165,0.8783931274834405,0.903851030681796,0.9689308322615677,0.8408675168776827,0.30788394301770156,8,23.0,1.4743041493899014,1,1,1,1.0,1,1.0,0,188,etis-larib,unet,polypseg/runs_cv/unet_seed42_fold2/best.pth,True
0.9595500828002433,0.9222453353475724,0.9434467193263149,0.9762127176854066,0.9100834738681217,0.3743193692464128,8,11.470396379802365,0.7352544772995447,1,1,1,1.0,1,1.0,0,189,etis-larib,unet,polypseg/runs_cv/unet_seed42_fold2/best.pth,True
0.004427142966168891,0.002218482252133497,0.9999999982758621,0.002218482252133497,0.0,0.0,8,157.05349398868657,10.067157298421849,1,0,0,0.0,0,0.0,0,19,etis-larib,unet,polypseg/runs_cv/unet_seed42_fold2/best.pth,True
0.9627083867648497,0.9280981109664166,0.961219347303052,0.9642020467696268,0.8832402085046143,0.3192847295080793,8,10.23437914944431,0.6560255498458798,1,1,1,1.0,1,1.0,0,190,etis-larib,unet,polypseg/runs_cv/unet_seed42_fold2/best.pth,True
0.0,0.0,0.0,0.0,0.0,0.0,8,,,1,0,0,0.0,0,0.0,0,191,etis-larib,unet,polypseg/runs_cv/unet_seed42_fold2/best.pth,True
0.0,0.0,0.0,0.0,0.0,0.0,8,,,1,0,0,0.0,0,0.0,0,192,etis-larib,unet,polypseg/runs_cv/unet_seed42_fold2/best.pth,True
0.0,0.0,0.0,0.0,0.0,0.0,8,,,1,0,0,0.0,0,0.0,0,193,etis-larib,unet,polypseg/runs_cv/unet_seed42_fold2/best.pth,True
0.0,0.0,0.0,0.0,0.0,0.0,8,,,1,0,0,0.0,0,0.0,0,194,etis-larib,unet,polypseg/runs_cv/unet_seed42_fold2/best.pth,True
0.0,0.0,0.0,0.0,0.0,0.0,8,,,1,0,0,0.0,0,0.0,0,195,etis-larib,unet,polypseg/runs_cv/unet_seed42_fold2/best.pth,True
0.0,0.0,0.0,0.0,0.0,0.0,8,,,1,0,0,0.0,0,0.0,0,196,etis-larib,unet,polypseg/runs_cv/unet_seed42_fold2/best.pth,True
0.9135127623064181,0.8407947471574929,0.8957122092941886,0.9320351639953489,0.8380691651421195,0.48647530049449644,8,18.69086272086159,1.1980876723931853,1,1,1,1.0,1,1.0,0,2,etis-larib,unet,polypseg/runs_cv/unet_seed42_fold2/best.pth,True
0.0,0.0,0.0,0.0,0.0,0.0,8,,,1,0,0,0.0,0,0.0,0,20,etis-larib,unet,polypseg/runs_cv/unet_seed42_fold2/best.pth,True
0.9344023323606315,0.8768809849505625,0.8782696893112241,0.9982000566254131,0.6522806029646803,0.3333786292383466,8,26.0,1.6666046906146712,1,1,1,1.0,1,1.0,0,21,etis-larib,unet,polypseg/runs_cv/unet_seed42_fold2/best.pth,True
0.0,0.0,0.0,0.0,0.0,0.0,8,,,1,0,0,0.0,0,0.0,0,22,etis-larib,unet,polypseg/runs_cv/unet_seed42_fold2/best.pth,True
0.0,0.0,0.0,0.0,0.0,0.0,8,185.61476350356872,11.897939827014635,1,2,0,0.0,0,0.0,2,23,etis-larib,unet,polypseg/runs_cv/unet_seed42_fold2/best.pth,True
0.0,0.0,0.0,0.0,0.0,0.0,8,299.6057366013892,19.20478176749765,1,1,0,0.0,0,0.0,1,24,etis-larib,unet,polypseg/runs_cv/unet_seed42_fold2/best.pth,True
0.7161528326739428,0.5578178235696977,0.6487841364812388,0.7991335711749733,0.38545963953671347,0.14593899503516997,8,137.50628051640035,8.814177388369599,1,1,1,1.0,1,1.0,0,25,etis-larib,unet,polypseg/runs_cv/unet_seed42_fold2/best.pth,True
0.7589585950233209,0.6115497774528987,0.6152007285413786,0.9903891185254008,0.3186573323575096,0.15946928011707087,8,145.621053025539,9.334335770177349,1,1,1,1.0,1,1.0,0,26,etis-larib,unet,polypseg/runs_cv/unet_seed42_fold2/best.pth,True
0.806728540118203,0.6760645563400267,0.6815963633923636,0.9881376957648702,0.4719644579578403,0.208747443704084,8,133.72976401826762,8.572101999524534,1,1,1,1.0,1,1.0,0,27,etis-larib,unet,polypseg/runs_cv/unet_seed42_fold2/best.pth,True
0.695358769563815,0.5329884977890309,0.537265966143065,0.9852822875512189,0.26675750347308774,0.15199031953250403,8,149.85731064124306,9.605880647599829,1,1,1,1.0,1,1.0,0,28,etis-larib,unet,polypseg/runs_cv/unet_seed42_fold2/best.pth,True
0.7451672303929047,0.5938378789918167,0.5998412265243496,0.9834258637850376,0.4008662281570149,0.12971068592319843,8,136.35887740571684,8.740628641973792,1,2,1,1.0,1,1.0,1,29,etis-larib,unet,polypseg/runs_cv/unet_seed42_fold2/best.pth,True
0.9121813031113619,0.8385416666585788,0.9330328396551509,0.892241379301188,0.8875294850884806,0.3582374550778585,8,9.380371963365674,0.6012835351482917,1,1,1,1.0,1,1.0,0,3,etis-larib,unet,polypseg/runs_cv/unet_seed42_fold2/best.pth,True
0.7667404872150057,0.6217186887806951,0.6306216799790292,0.9777964918026172,0.48048477565205094,0.20021368008862914,8,137.93978436254463,8.841965063115122,1,1,1,1.0,1,1.0,0,30,etis-larib,unet,polypseg/runs_cv/unet_seed42_fold2/best.pth,True
0.13882688197544804,0.07459106336265958,0.9999999999657886,0.07459106336265958,0.10141376690115454,0.0,8,118.15244390193544,7.573592969790477,1,2,0,0.0,0,0.0,2,31,etis-larib,unet,polypseg/runs_cv/unet_seed42_fold2/best.pth,True
0.9774196286723558,0.9558364858923949,0.9680049962156444,0.9870191895553619,0.8971607139732407,0.5193195659564733,8,11.40175425099138,0.7308545044591539,1,1,1,1.0,1,1.0,0,32,etis-larib,unet,polypseg/runs_cv/unet_seed42_fold2/best.pth,True
0.9769310210699064,0.9549023977753315,0.97996717253124,0.9739136248148497,0.9616615475672049,0.439223452820817,8,7.615773105863909,0.4881724300342251,1,1,1,1.0,1,1.0,0,33,etis-larib,unet,polypseg/runs_cv/unet_seed42_fold2/best.pth,True
0.9319134718995751,0.8725074676833239,0.8921604843715214,0.9753743104797327,0.7518188991438335,0.35515231228676397,8,171.50131032309167,10.993264931962573,1,2,1,1.0,1,1.0,1,34,etis-larib,unet,polypseg/runs_cv/unet_seed42_fold2/best.pth,True
0.9583603982656225,0.920049887379386,0.967202849201661,0.9496781631262375,0.8367385024768998,0.3819257849518838,8,13.416407864998739,0.8599941645771717,1,1,1,1.0,1,1.0,0,35,etis-larib,unet,polypseg/runs_cv/unet_seed42_fold2/best.pth,True
0.0,0.0,0.0,0.0,0.0,0.0,8,,,1,0,0,0.0,0,0.0,0,36,etis-larib,unet,polypseg/runs_cv/unet_seed42_fold2/best.pth,True
0.8964547677243349,0.8123407555082444,0.8123407555082444,0.9999999999954543,0.572909512154065,0.07755097042383712,8,16.0,1.0256028865321054,1,1,1,1.0,1,1.0,0,37,etis-larib,unet,polypseg/runs_cv/unet_seed42_fold2/best.pth,True
0.8846927655275281,0.7932278552339689,0.7932278552339689,0.9999999999952622,0.2998016871629815,0.0028408591950912277,8,16.492422502470642,1.0571672577775586,1,1,1,1.0,1,1.0,0,38,etis-larib,unet,polypseg/runs_cv/unet_seed42_fold2/best.pth,True
0.8626570562037444,0.7584845546448313,0.7584845546448313,0.9999999999954342,0.33161820641188094,0.0,8,23.01195087654347,1.4750702027323745,1,1,1,1.0,1,1.0,0,39,etis-larib,unet,polypseg/runs_cv/unet_seed42_fold2/best.pth,True
0.8933390961874209,0.8072383266723898,0.8664182580263957,0.9219865186268636,0.8187467022761677,0.33679488611140085,8,21.0,1.3461037885733882,1,1,1,1.0,1,1.0,0,4,etis-larib,unet,polypseg/runs_cv/unet_seed42_fold2/best.pth,True
0.8982651576215821,0.8153188254284609,0.8153188254284609,0.9999999999976689,0.4911031529003646,0.10794597701900989,8,29.068883707497267,1.8633206899172052,1,1,1,1.0,1,1.0,0,40,etis-larib,unet,polypseg/runs_cv/unet_seed42_fold2/best.pth,True
0.9447695052458949,0.8953205104881371,0.8955158744574035,0.9997563946386525,0.7164097870195453,0.08690572252634833,8,14.866068747318506,0.9529176886646612,1,1,1,1.0,1,1.0,0,41,etis-larib,unet,polypseg/runs_cv/unet_seed42_fold2/best.pth,True
0.9261667941829423,0.8624866405376626,0.8676253191736432,0.9931798369263464,0.8181324040209813,0.1569386192481082,8,9.043908891458562,0.5797161915383297,1,1,1,1.0,1,1.0,0,42,etis-larib,unet,polypseg/runs_cv/unet_seed42_fold2/best.pth,True
0.812992891257905,0.6849098756615338,0.8551920549133121,0.774762497021918,0.4077736871993728,0.16236521975081256,8,589.701407122308,37.799966583542705,3,1,2,0.6666666666666666,0,0.0,0,43,etis-larib,unet,polypseg/runs_cv/unet_seed42_fold2/best.pth,True
0.5660087101590731,0.3947086109720099,0.9738303821026139,0.398940150577421,0.39313145467086946,0.198593379634719,8,823.0205343688908,52.75576473274564,3,1,1,0.3333333333333333,1,0.3333333333333333,0,44,etis-larib,unet,polypseg/runs_cv/unet_seed42_fold2/best.pth,True
0.0,0.0,0.0,0.0,0.0,0.0,8,,,3,0,0,0.0,0,0.0,0,45,etis-larib,unet,polypseg/runs_cv/unet_seed42_fold2/best.pth,True
0.0,0.0,0.0,0.0,0.0,0.0,8,,,3,0,0,0.0,0,0.0,0,46,etis-larib,unet,polypseg/runs_cv/unet_seed42_fold2/best.pth,True
0.0,0.0,0.0,0.0,0.0,0.0,8,,,3,0,0,0.0,0,0.0,0,47,etis-larib,unet,polypseg/runs_cv/unet_seed42_fold2/best.pth,True
0.4968324717507238,0.33052368575935076,0.9267998067284313,0.3393833950129906,0.23376098733619724,0.1196603361427244,8,833.1699822476617,53.40634617281905,3,1,1,0.3333333333333333,1,0.3333333333333333,0,48,etis-larib,unet,polypseg/runs_cv/unet_seed42_fold2/best.pth,True
0.9403525338351032,0.8874201693120176,0.8876179157658485,0.9997490169790021,0.8690635801145463,0.14518830932199686,8,12.638840972510561,0.8101519864891921,1,1,1,1.0,1,1.0,0,49,etis-larib,unet,polypseg/runs_cv/unet_seed42_fold2/best.pth,True
0.934973237666923,0.877887082967516,0.9334849346113304,0.9364662940465783,0.9012546589418599,0.6284500563214233,8,11.006804152578088,0.7055381318986031,1,1,1,1.0,1,1.0,0,5,etis-larib,unet,polypseg/runs_cv/unet_seed42_fold2/best.pth,True
0.9483922598630324,0.9018498282824623,0.9057025279212004,0.9953053665216844,0.9180941473731933,0.24040512728189176,8,8.94427190999916,0.5733294430514477,1,1,1,1.0,1,1.0,0,50,etis-larib,unet,polypseg/runs_cv/unet_seed42_fold2/best.pth,True
0.9471634804561895,0.899630154230014,0.9093259097199867,0.9882866528311364,0.7666598806804412,0.4509863009718224,8,12.0,0.769202164899079,1,1,1,1.0,1,1.0,0,51,etis-larib,unet,polypseg/runs_cv/unet_seed42_fold2/best.pth,True
0.9647074885654588,0.9318211789523358,0.9357700966753468,0.9954916877987122,0.7199617092530786,0.19665569135222763,8,21.0,1.3461037885733882,1,1,1,1.0,1,1.0,0,52,etis-larib,unet,polypseg/runs_cv/unet_seed42_fold2/best.pth,True
0.48405099305005184,0.3193055906438109,0.32021861879137026,0.9911494510307959,0.23378179646761893,0.10707668802510732,8,416.5784302409342,26.70275253263221,1,2,1,1.0,1,1.0,1,53,etis-larib,unet,polypseg/runs_cv/unet_seed42_fold2/best.pth,True
0.9261290964359886,0.8624212587959217,0.8968896228962461,0.9573392878072785,0.8828996696743313,0.1964587796049735,8,8.54400374531753,0.5476721814836737,1,1,1,1.0,1,1.0,0,54,etis-larib,unet,polypseg/runs_cv/unet_seed42_fold2/best.pth,True
0.9599305109691455,0.9229484386313618,0.9269876002883771,0.9953011198958599,0.9414802926312464,0.4378050698948708,8,8.561500201835056,0.5487937075029522,1,1,1,1.0,1,1.0,0,55,etis-larib,unet,polypseg/runs_cv/unet_seed42_fold2/best.pth,True
0.9515190432215926,0.9075215310970047,0.9279815256920898,0.9762816553387841,0.8627154265559441,0.4887872661119899,8,15.652475842498529,1.0033265253400336,1,1,1,1.0,1,1.0,0,56,etis-larib,unet,polypseg/runs_cv/unet_seed42_fold2/best.pth,True
0.0,0.0,0.0,0.0,0.0,0.0,8,,,1,0,0,0.0,0,0.0,0,57,etis-larib,unet,polypseg/runs_cv/unet_seed42_fold2/best.pth,True
0.3807078672255574,0.2351075877663068,0.9947292764257437,0.23540083909473405,0.3816793400588607,0.08215180057217317,8,41.19465984809196,2.6405851281194583,1,2,0,0.0,0,0.0,2,58,etis-larib,unet,polypseg/runs_cv/unet_seed42_fold2/best.pth,True
0.11654350776637529,0.06187746212717888,0.2212424849686731,0.07910738048914094,0.037215613702609285,0.010205366889403074,8,115.96551211459379,7.4334102476813255,1,4,0,0.0,0,0.0,4,59,etis-larib,unet,polypseg/runs_cv/unet_seed42_fold2/best.pth,True
0.9132110954352928,0.8402837861148963,0.8777225485686604,0.951690347859366,0.8600296200215329,0.4909971907687551,8,20.100994270004595,1.2884773590926264,1,1,1,1.0,1,1.0,0,6,etis-larib,unet,polypseg/runs_cv/unet_seed42_fold2/best.pth,True
0.0,0.0,0.0,0.0,0.0,0.0,8,813.4199407440169,52.140364949364866,1,1,0,0.0,0,0.0,1,60,etis-larib,unet,polypseg/runs_cv/unet_seed42_fold2/best.pth,True
0.738047842369228,0.5848461353359559,0.6994739955542241,0.7811244621386185,0.5073234520630446,0.204054888931466,8,128.6403825483398,8.245871729135724,1,2,1,1.0,1,1.0,1,61,etis-larib,unet,polypseg/runs_cv/unet_seed42_fold2/best.pth,True
0.052374831585875865,0.02689163830662687,0.11116954835243462,0.03425712086213229,0.053090521757404883,0.01432558570918504,8,142.30249470757707,9.121615583300667,1,2,0,0.0,0,0.0,2,62,etis-larib,unet,polypseg/runs_cv/unet_seed42_fold2/best.pth,True
0.9782969035515346,0.9575158448204624,0.9651135300197187,0.9918454327331762,0.8095765788751327,0.3605606073257605,8,20.702433891456696,1.3270297473323796,1,1,1,1.0,1,1.0,0,63,etis-larib,unet,polypseg/runs_cv/unet_seed42_fold2/best.pth,True
0.9853525342714796,0.9711279706040492,0.9955880280539651,0.9753253580127672,0.8521987837838737,0.5360116587489668,8,12.529964086141668,0.8031729584306567,1,1,1,1.0,1,1.0,0,64,etis-larib,unet,polypseg/runs_cv/unet_seed42_fold2/best.pth,True
0.9630619494638436,0.9287555307338615,0.9911295498281124,0.9365402525374444,0.8053914789126162,0.5352393946803914,8,12.649110640673518,0.8108102740711706,1,1,1,1.0,1,1.0,0,65,etis-larib,unet,polypseg/runs_cv/unet_seed42_fold2/best.pth,True
0.9881956890285812,0.9766668102845191,0.9937843722746987,0.9826695117306007,0.9459824797556674,0.521986726767064,8,8.06225774829855,0.5167921761638015,1,1,1,1.0,1,1.0,0,66,etis-larib,unet,polypseg/runs_cv/unet_seed42_fold2/best.pth,True
0.9762902293073816,0.9536787254134014,0.9881268066580947,0.9647338713416879,0.9108318500191119,0.7062134279725116,8,9.649744150086049,0.6185503409140343,1,1,1,1.0,1,1.0,0,67,etis-larib,unet,polypseg/runs_cv/unet_seed42_fold2/best.pth,True
0.9504493794261485,0.905577454574303,0.9250242976770258,0.9773116228987466,0.8724620881321873,0.5395597778354598,8,11.180339887498949,0.7166618038143098,1,1,1,1.0,1,1.0,0,68,etis-larib,unet,polypseg/runs_cv/unet_seed42_fold2/best.pth,True
0.06752168992705541,0.03494046457085808,0.9999999994413408,0.03494046457085808,0.18600151562113043,0.01864798097388086,8,55.08175741568164,3.530750587549018,1,0,0,0.0,0,0.0,0,69,etis-larib,unet,polypseg/runs_cv/unet_seed42_fold2/best.pth,True
0.7884554055448684,0.6507852943700028,0.81973916886804,0.7594716362813897,0.6255835965112665,0.109704591372488,8,32.795574899904196,2.10220226767635,1,1,1,1.0,1,1.0,0,7,etis-larib,unet,polypseg/runs_cv/unet_seed42_fold2/best.pth,True
0.0,0.0,0.0,0.0,0.0,0.0,8,,,1,0,0,0.0,0,0.0,0,70,etis-larib,unet,polypseg/runs_cv/unet_seed42_fold2/best.pth,True
0.0,0.0,0.0,0.0,0.0,0.0,8,,,1,0,0,0.0,0,0.0,0,71,etis-larib,unet,polypseg/runs_cv/unet_seed42_fold2/best.pth,True
0.6713887100164049,0.5053311793133226,0.9111564229271437,0.5315208156239334,0.5072101453498666,0.22427030383223404,8,26.180135140625655,1.6781513856266423,1,1,1,1.0,1,1.0,0,72,etis-larib,unet,polypseg/runs_cv/unet_seed42_fold2/best.pth,True
0.0,0.0,0.0,0.0,0.0,0.0,8,,,1,0,0,0.0,0,0.0,0,73,etis-larib,unet,polypseg/runs_cv/unet_seed42_fold2/best.pth,True
0.2566913076694278,0.1472437490839707,0.9999999999006952,0.1472437490839707,0.05678069155859607,0.0,8,54.14147784764717,3.4704784976038106,1,1,0,0.0,0,0.0,1,74,etis-larib,unet,polypseg/runs_cv/unet_seed42_fold2/best.pth,True
0.8782856856712647,0.78298518121065,0.7832648687195636,0.9995441595327687,0.6268100451597117,0.12763843642017622,8,11.180339887498949,0.7166618038143098,1,1,1,1.0,1,1.0,0,75,etis-larib,unet,polypseg/runs_cv/unet_seed42_fold2/best.pth,True
0.7712037306851413,0.6276091081519496,0.6276835488005256,0.9998110712072584,0.3393864965597489,0.11356684400835644,8,17.0,1.089703066940362,1,1,1,1.0,1,1.0,0,76,etis-larib,unet,polypseg/runs_cv/unet_seed42_fold2/best.pth,True
0.0,0.0,0.0,0.0,0.0,0.0,8,,,1,0,0,0.0,0,0.0,0,77,etis-larib,unet,polypseg/runs_cv/unet_seed42_fold2/best.pth,True
0.0,0.0,0.0,0.0,0.0,0.0,8,,,1,0,0,0.0,0,0.0,0,78,etis-larib,unet,polypseg/runs_cv/unet_seed42_fold2/best.pth,True
0.0,0.0,0.0,0.0,0.0,0.0,8,,,1,0,0,0.0,0,0.0,0,79,etis-larib,unet,polypseg/runs_cv/unet_seed42_fold2/best.pth,True
0.6585967798762569,0.49097599438854933,0.8847489737782641,0.524522650687715,0.4705087858253044,0.10989253043946566,8,40.0,2.564007216330263,1,1,1,1.0,0,0.0,0,8,etis-larib,unet,polypseg/runs_cv/unet_seed42_fold2/best.pth,True
0.9163926726126648,0.8456870394390572,0.8495536686200047,0.994646953853389,0.7103518060501606,0.2954215830629544,8,10.770329614269007,0.690380071331032,1,1,1,1.0,1,1.0,0,80,etis-larib,unet,polypseg/runs_cv/unet_seed42_fold2/best.pth,True
0.9796481839913376,0.9601082377874856,0.9692836288867481,0.9902367913752024,0.9404407255331835,0.41749984797324596,8,8.181827525207426,0.5244566204350355,1,1,1,1.0,1,1.0,0,81,etis-larib,unet,polypseg/runs_cv/unet_seed42_fold2/best.pth,True
0.9332496623590668,0.8748529336516577,0.8784929114421653,0.9952861756889013,0.7136144721665688,0.267874950566647,8,24.413111231467404,1.5648848342638957,1,1,1,1.0,1,1.0,0,82,etis-larib,unet,polypseg/runs_cv/unet_seed42_fold2/best.pth,True
0.9775937238132096,0.9561695253468948,0.9714823620268022,0.983782462571361,0.9396309913045757,0.45175022680781707,8,8.48528137423857,0.5439080669035117,1,1,1,1.0,1,1.0,0,83,etis-larib,unet,polypseg/runs_cv/unet_seed42_fold2/best.pth,True
0.984515914774752,0.9695040317213569,0.9788878455479988,0.9902090748713608,0.9979869260316443,0.5542542074142172,8,6.0,0.3846010824495395,1,1,1,1.0,1,1.0,0,84,etis-larib,unet,polypseg/runs_cv/unet_seed42_fold2/best.pth,True
0.9740216558476761,0.9493588840341702,0.9545641301716354,0.9942889187299938,0.8160432127313045,0.5854312955186146,8,14.317821063276353,0.9177749132091504,1,1,1,1.0,1,1.0,0,85,etis-larib,unet,polypseg/runs_cv/unet_seed42_fold2/best.pth,True
0.9582725820996205,0.919888029856252,0.9278780218868747,0.9907258527593008,0.8643678430910368,0.4821591586121957,8,15.556349186104045,0.9971647893231048,1,1,1,1.0,1,1.0,0,86,etis-larib,unet,polypseg/runs_cv/unet_seed42_fold2/best.pth,True
0.7547637590260251,0.6061209384941114,0.6090781977474756,0.9920532047620297,0.31367053722735777,0.07563207270895383,8,114.47707194019246,7.338000963975304,1,1,1,1.0,1,1.0,0,87,etis-larib,unet,polypseg/runs_cv/unet_seed42_fold2/best.pth,True
0.8783433747864975,0.78307688381844,0.7922243878502289,0.9854690836675944,0.5067390184523632,0.16521012884267375,8,81.2211865240823,5.206292709166333,1,1,1,1.0,1,1.0,0,88,etis-larib,unet,polypseg/runs_cv/unet_seed42_fold2/best.pth,True
0.03501371772757799,0.01781881026013379,0.01781881026013379,0.9999999999744769,0.025082844805031264,0.0,8,662.1327281237591,42.44282732694407,1,3,0,0.0,0,0.0,3,89,etis-larib,unet,polypseg/runs_cv/unet_seed42_fold2/best.pth,True
0.7601888172278426,0.6131488631422871,0.6978759765539809,0.8347203971260809,0.42619838384112985,0.04258728560060554,8,21.73774924412101,1.3933936482176,1,1,1,1.0,1,1.0,0,9,etis-larib,unet,polypseg/runs_cv/unet_seed42_fold2/best.pth,True
0.04809671093858609,0.02464092929609936,0.02464092929609936,0.9999999999831877,0.0,0.0,8,493.42517161544873,31.628642518525226,1,2,0,0.0,0,0.0,2,90,etis-larib,unet,polypseg/runs_cv/unet_seed42_fold2/best.pth,True
0.8948809468823885,0.8097597669299721,0.8177959459286646,0.9880102561099793,0.5210653604921752,0.2551383054833864,8,73.1025735198335,4.685888150929167,1,1,1,1.0,1,1.0,0,91,etis-larib,unet,polypseg/runs_cv/unet_seed42_fold2/best.pth,True
0.7834386242526198,0.6439778870764522,0.7938914083816645,0.773257516593193,0.5799046983313901,0.15917753355742875,8,347.0158495548042,22.243778560987376,1,2,1,1.0,1,1.0,1,92,etis-larib,unet,polypseg/runs_cv/unet_seed42_fold2/best.pth,True
0.8590269400850059,0.7528897659941296,0.8012301230062914,0.9258103657399391,0.6103281737124839,0.376787544435828,8,23.301267271326886,1.493615435833058,1,1,1,1.0,1,1.0,0,93,etis-larib,unet,polypseg/runs_cv/unet_seed42_fold2/best.pth,True
0.8525093364667083,0.7429335711034959,0.7662313775908935,0.9606825781049154,0.7198025730526394,0.32108089728490025,8,26.92582403567252,1.72595017832758,1,1,1,1.0,1,1.0,0,94,etis-larib,unet,polypseg/runs_cv/unet_seed42_fold2/best.pth,True
0.795339290021762,0.6602185025492611,0.6606820461317885,0.9989384288595854,0.5069562596034259,0.292155589409211,8,25.495097567963924,1.6342403536325913,1,1,1,1.0,1,1.0,0,95,etis-larib,unet,polypseg/runs_cv/unet_seed42_fold2/best.pth,True
0.8330270040942102,0.7138357160078285,0.7315619567825731,0.9671700590780176,0.5644764421716761,0.21865340005859454,8,17.70870918322574,1.13513145344212,1,1,1,1.0,1,1.0,0,96,etis-larib,unet,polypseg/runs_cv/unet_seed42_fold2/best.pth,True
0.800147921174916,0.6668721380709152,0.6745346040734431,0.9832511035966859,0.5386045027077325,0.29700029899704616,8,28.844410203711913,1.8489318978276907,1,1,1,1.0,1,1.0,0,97,etis-larib,unet,polypseg/runs_cv/unet_seed42_fold2/best.pth,True
0.7967790475383433,0.6622050970008638,0.6629221086779257,0.9983693436506484,0.4953080912226298,0.25437902318192185,8,34.6691504094998,2.2222987958499196,1,1,1,1.0,1,1.0,0,98,etis-larib,unet,polypseg/runs_cv/unet_seed42_fold2/best.pth,True
0.16419155681560074,0.08943828394796656,0.999999999949187,0.08943828394796656,0.003964279650481087,0.0,8,140.04713422352302,8.97704656938715,1,1,0,0.0,0,0.0,1,99,etis-larib,unet,polypseg/runs_cv/unet_seed42_fold2/best.pth,True
