dice,iou,precision,recall,boundary_f1,boundary_f1_2px,tolerance_px,hd95,hd95_pct_diag,n_lesions,n_pred_components,detected_iou025,det_rate_iou025,detected_iou05,det_rate_iou05,n_false_positives,name,dataset,model,checkpoint,tta
0.9070003669563816,0.8298267808477716,0.897705021580274,0.9164902249487694,0.35787184807567585,0.26368548982152956,4,91.84719128494727,11.248445539068452,1,3,1,1.0,1,1.0,2,cju0qkwl35piu0993l0dewei2,kvasir-seg,unet_pvt,polypseg/runs_cv/unet_pvt_seed42_fold2/best.pth,True
0.9223494990910224,0.8558892686571743,0.8626646143300284,0.990907049840057,0.6920765771213676,0.5491612532840309,4,83.00602387778854,10.173743193424311,2,2,2,1.0,2,1.0,0,cju0roawvklrq0799vmjorwfv,kvasir-seg,unet_pvt,polypseg/runs_cv/unet_pvt_seed42_fold2/best.pth,True
0.9629753587375518,0.9285944811930886,0.9713055954006978,0.9547867927579659,0.9063062638821128,0.5664341504574897,4,4.47213595499958,0.5477741876555381,1,1,1,1.0,1,1.0,0,cju0s690hkp960855tjuaqvv0,kvasir-seg,unet_pvt,polypseg/runs_cv/unet_pvt_seed42_fold2/best.pth,True
0.9301124956151244,0.8693554152217958,0.8756150245957302,0.9918439475226545,0.8080893077810852,0.6919274623607374,4,26.248809496813376,3.2095701223590543,1,1,1,1.0,1,1.0,0,cju0vtox5ain6099360pu62rp,kvasir-seg,unet_pvt,polypseg/runs_cv/unet_pvt_seed42_fold2/best.pth,True
0.9133908939726851,0.8405882933487258,0.8410864197447794,0.9992959399084803,0.6346135692337674,0.3251669878919328,4,13.416407864998739,1.6404897082326955,1,1,1,1.0,1,1.0,0,cju14g8o4xui30878gkgbrvqj,kvasir-seg,unet_pvt,polypseg/runs_cv/unet_pvt_seed42_fold2/best.pth,True
0.9607327030498486,0.9244327285860225,0.9329438460109727,0.990227832680037,0.7496507086652544,0.5294760363921847,4,17.073314567275048,2.055397454565197,1,1,1,1.0,1,1.0,0,cju16fpvhzypl0799p9phnlx6,kvasir-seg,unet_pvt,polypseg/runs_cv/unet_pvt_seed42_fold2/best.pth,True
0.9519650654995356,0.908333333328512,0.9282382295458438,0.9769366900669239,0.7909418257722626,0.4208232183413462,4,6.167390006811714,0.7566210683773985,1,1,1,1.0,1,1.0,0,cju18kevfrojc0835bn90f1in,kvasir-seg,unet_pvt,polypseg/runs_cv/unet_pvt_seed42_fold2/best.pth,True
0.9708547026883668,0.9433601894936168,0.9589808809182594,0.9830262471745324,0.6332808740353412,0.4082672207221146,4,18.439088914585774,2.256427863196112,1,1,1,1.0,1,1.0,0,cju1c0qb4tzi308355wtsnp0y,kvasir-seg,unet_pvt,polypseg/runs_cv/unet_pvt_seed42_fold2/best.pth,True
0.9787698520975652,0.9584224027345047,0.9674530676814942,0.9903545263759703,0.756078808781737,0.5345134443188403,4,101.01980003939822,12.161425307517403,1,1,1,1.0,1,1.0,0,cju1c3218411b08014g9f6gig,kvasir-seg,unet_pvt,polypseg/runs_cv/unet_pvt_seed42_fold2/best.pth,True
0.9709280455667394,0.9434986945120444,0.9699897997478392,0.971868108219182,0.8939070798112221,0.6357718843922552,4,5.127634042946963,0.6172981771223318,1,1,1,1.0,1,1.0,0,cju1c4fcu40hl07992b8gj0c8,kvasir-seg,unet_pvt,polypseg/runs_cv/unet_pvt_seed42_fold2/best.pth,True
0.9713327393717013,0.9442632973255336,0.9538857436904071,0.9894298526532701,0.8996886532031799,0.6238184755200313,4,5.656854249492381,0.7377399713034714,1,1,1,1.0,1,1.0,0,cju1cdxvz48hw0801i0fjwcnk,kvasir-seg,unet_pvt,polypseg/runs_cv/unet_pvt_seed42_fold2/best.pth,True
0.9796704274940622,0.9601509687580491,0.9900705060696663,0.9694865704354239,0.7795453828398302,0.6517185985324088,4,25.803998401278676,3.175396357119012,1,1,1,1.0,1,1.0,0,cju1cj3f0qi5n0993ut8f49rj,kvasir-seg,unet_pvt,polypseg/runs_cv/unet_pvt_seed42_fold2/best.pth,True
0.9441238515307588,0.894161548112915,0.9602454074740048,0.9285346867375458,0.6232709524025272,0.4797781577186579,4,29.600663313015016,3.799765794893544,1,1,1,1.0,1,1.0,0,cju1cnnziug1l0835yh4ropyg,kvasir-seg,unet_pvt,polypseg/runs_cv/unet_pvt_seed42_fold2/best.pth,True
0.9104143337002351,0.8355601233191732,0.866853258684968,0.9585851142084217,0.7488656851417566,0.47195125262630705,4,6.868691769624703,0.8406499925298908,2,2,2,1.0,2,1.0,0,cju1cu1u2474n0878tt7v4tdr,kvasir-seg,unet_pvt,polypseg/runs_cv/unet_pvt_seed42_fold2/best.pth,True
0.9571947155436333,0.9179035912180252,0.9904859845306477,0.9260685827455403,0.6188544071953624,0.45627137611899454,4,51.87868408803436,6.240555044872168,1,1,1,1.0,1,1.0,0,cju1cyjb5qtie0993njqne9m3,kvasir-seg,unet_pvt,polypseg/runs_cv/unet_pvt_seed42_fold2/best.pth,True
0.9667959282574726,0.9357260145393586,0.9371769570485049,0.9983481829963041,0.8452212891601807,0.48403567644800816,4,5.0990195135927845,0.6239771259170106,1,1,1,1.0,1,1.0,0,cju1d50a94qf50855wsowacrc,kvasir-seg,unet_pvt,polypseg/runs_cv/unet_pvt_seed42_fold2/best.pth,True
0.12834057450057174,0.06857047428183988,0.982531706138041,0.0686541709163905,0.20395373378665801,0.17251002133889762,4,302.80356668969404,37.18806377892883,1,1,0,0.0,0,0.0,1,cju1drnhbrb9409935wi7vkhg,kvasir-seg,unet_pvt,polypseg/runs_cv/unet_pvt_seed42_fold2/best.pth,True
0.3048561707383085,0.1798408875258016,0.18174442190602344,0.9449664429349,0.34285144425425307,0.25725182714702804,4,243.24946041620612,29.790549603316077,1,4,1,1.0,1,1.0,3,cju1egx9pvz2n0988eoy8jp23,kvasir-seg,unet_pvt,polypseg/runs_cv/unet_pvt_seed42_fold2/best.pth,True
0.9808330144145826,0.962386957473102,0.9683869139446368,0.9936032048579098,0.7457729822887107,0.5411697278219721,4,10.63014581273465,1.301864701294343,1,1,1,1.0,1,1.0,0,cju1expq45zst0855rjqwwj4m,kvasir-seg,unet_pvt,polypseg/runs_cv/unet_pvt_seed42_fold2/best.pth,True
0.9531009244976998,0.9104038266920847,0.9290631453754019,0.9784156066665181,0.6146036899855212,0.38811769527018264,4,8.0,0.9805305897705276,1,1,1,1.0,1,1.0,0,cju1f8w0t65en0799m9oacq0q,kvasir-seg,unet_pvt,polypseg/runs_cv/unet_pvt_seed42_fold2/best.pth,True
0.9661062443559624,0.9344347415602208,0.9742365707793641,0.9581104953634583,0.7366336476581937,0.6180596376393244,4,14.0,1.8578557264825644,1,1,1,1.0,1,1.0,0,cju1ftaji6isw0855108yqcse,kvasir-seg,unet_pvt,polypseg/runs_cv/unet_pvt_seed42_fold2/best.pth,True
0.9823328091740221,0.9652790401710042,0.9756366442473243,0.9891215259630834,0.9377473585015316,0.628043188132733,4,4.47213595499958,0.5486457448715812,1,1,1,1.0,1,1.0,0,cju1fuoa4wmc50835qfd11sp9,kvasir-seg,unet_pvt,polypseg/runs_cv/unet_pvt_seed42_fold2/best.pth,True
0.8242618741966312,0.7010590675822664,0.7065360915477409,0.9890634627203048,0.5338265393293095,0.34814094396064627,4,79.83107164506812,9.784600970268986,1,1,1,1.0,1,1.0,0,cju1fyb1d69et0878muzdak9u,kvasir-seg,unet_pvt,polypseg/runs_cv/unet_pvt_seed42_fold2/best.pth,True
0.9838119943646159,0.9681397427530896,0.9750976562485121,0.992683495144089,0.8696426661448738,0.7179159256238622,4,8.0,0.9781990677325609,1,1,1,1.0,1,1.0,0,cju1g20bdwq6u0835e16xugcd,kvasir-seg,unet_pvt,polypseg/runs_cv/unet_pvt_seed42_fold2/best.pth,True
0.9423914932057251,0.891058919393732,0.9039371758450943,0.9842629424218456,0.4642334820508887,0.3112869509210699,4,36.95664594575516,4.530273196087002,1,1,1,1.0,1,1.0,0,cju1gghyjwxt80835vx0wgxw0,kvasir-seg,unet_pvt,polypseg/runs_cv/unet_pvt_seed42_fold2/best.pth,True
0.8057883823474697,0.6747450539221962,0.6778449292436177,0.9932680538519933,0.5416064942829467,0.4679016680736687,4,198.60500885499135,24.34228580799569,1,2,1,1.0,1,1.0,1,cju1h5w4wxajx0835mc954kxy,kvasir-seg,unet_pvt,polypseg/runs_cv/unet_pvt_seed42_fold2/best.pth,True
0.9753280630817512,0.9518442224689967,0.9872213488088555,0.9637179285339064,0.8222610167644377,0.6522647583678365,4,6.387410454013627,0.8199364826542566,1,1,1,1.0,1,1.0,0,cju1h89h6xbnx08352k2790o9,kvasir-seg,unet_pvt,polypseg/runs_cv/unet_pvt_seed42_fold2/best.pth,True
0.9762138718514278,0.9535330134007826,0.9567628598912205,0.9964721751426816,0.8485996089414036,0.7045880411331518,4,8.290880125347647,1.110311161100316,1,1,1,1.0,1,1.0,0,cju1haab178i70799tk9z8y8x,kvasir-seg,unet_pvt,polypseg/runs_cv/unet_pvt_seed42_fold2/best.pth,True
0.9443480291058234,0.8945637910436764,0.8957921157530667,0.9984695136994993,0.45157486932796975,0.2820564648326673,4,50.142288398321554,6.340175149654987,1,1,1,1.0,1,1.0,0,cju1hmff8tkp809931jps6fbr,kvasir-seg,unet_pvt,polypseg/runs_cv/unet_pvt_seed42_fold2/best.pth,True
0.9866317503905812,0.9736162059259872,0.9779060786759121,0.9955145390789396,0.8063011967788093,0.5920146356444732,4,7.0710678118654755,0.8661070382199949,1,1,1,1.0,1,1.0,0,cju2hdr06v2bq0799mbm3bks1,kvasir-seg,unet_pvt,polypseg/runs_cv/unet_pvt_seed42_fold2/best.pth,True
0.9880492275454432,0.9763807236876368,0.9848617723189993,0.9912573818359681,0.9970311219577641,0.8406723481268528,4,3.0,0.3746524369231913,1,1,1,1.0,1,1.0,0,cju2hqt33lmra0988fr5ijv8j,kvasir-seg,unet_pvt,polypseg/runs_cv/unet_pvt_seed42_fold2/best.pth,True
0.9783881267731652,0.9576906381117671,0.9715803998693937,0.9852919284232213,0.7583781019473108,0.6215374775115939,4,7.810249675906654,0.9726338326160217,1,1,1,1.0,1,1.0,0,cju2lberzkdzm09938cl40pog,kvasir-seg,unet_pvt,polypseg/runs_cv/unet_pvt_seed42_fold2/best.pth,True
0.9732494342999701,0.9478927665712236,0.9531297431820984,0.994236858768226,0.787052051859174,0.6381568748425606,4,9.899494936611665,1.2104595897520922,1,1,1,1.0,1,1.0,0,cju2mfjndoz700988b9lc3zeq,kvasir-seg,unet_pvt,polypseg/runs_cv/unet_pvt_seed42_fold2/best.pth,True
0.9775002240984327,0.9559906487378376,0.9587924970635475,0.9969525202596639,0.9982817166159995,0.774910609179108,4,3.0,0.36120101068807564,1,1,1,1.0,1,1.0,0,cju2nsmwjlzyl0993jl80chvz,kvasir-seg,unet_pvt,polypseg/runs_cv/unet_pvt_seed42_fold2/best.pth,True
0.9296011785702957,0.868462445921466,0.9022571749473776,0.9586543678680558,0.724036964299724,0.6374654369264005,4,10.770329614269007,1.2955770947313787,1,1,1,1.0,1,1.0,0,cju2ntxtdzlvu0799xl3j9pan,kvasir-seg,unet_pvt,polypseg/runs_cv/unet_pvt_seed42_fold2/best.pth,True
0.9287677687897142,0.8670087976538811,0.9891207077029424,0.8753563614664723,0.5086382432677418,0.1888270485484086,9,204.00857791610193,11.853745758929355,1,1,1,1.0,1,1.0,0,cju2oi8sq0i2y0801mektzvw8,kvasir-seg,unet_pvt,polypseg/runs_cv/unet_pvt_seed42_fold2/best.pth,True
0.9873016882326091,0.9749218269254751,0.9867934361204138,0.9878104641681242,0.9309868819510599,0.7271769215330529,4,4.604101966249685,0.5937658579514483,1,1,1,1.0,1,1.0,0,cju2omjpeqj5a0988pjdlb8l1,kvasir-seg,unet_pvt,polypseg/runs_cv/unet_pvt_seed42_fold2/best.pth,True
0.9859639830501221,0.9723165317301118,0.98616711304561,0.9857609367170931,0.8315564531985247,0.5781869510408207,4,5.385164807134504,0.6477885473656894,1,1,1,1.0,1,1.0,0,cju2oq5570avm079959o20op1,kvasir-seg,unet_pvt,polypseg/runs_cv/unet_pvt_seed42_fold2/best.pth,True
0.9732570824088902,0.9479072762364845,0.9681365295420468,0.9784320893257836,0.8598154015509869,0.658348558411074,4,8.596473072402416,1.1676488355911785,1,1,1,1.0,1,1.0,0,cju2qtee81yd708787bsjr75d,kvasir-seg,unet_pvt,polypseg/runs_cv/unet_pvt_seed42_fold2/best.pth,True
0.9576186887709438,0.9186836702222049,0.9763961028967385,0.9395498772647509,0.8339626618252378,0.25536350011074793,9,17.475691791758145,1.0154102811603374,1,1,1,1.0,1,1.0,0,cju2r91dg2k090801bh0xzbxk,kvasir-seg,unet_pvt,polypseg/runs_cv/unet_pvt_seed42_fold2/best.pth,True
0.9786167275968386,0.9581287985011742,0.9620360862521283,0.9957789249893841,0.890043127613199,0.6610720154586255,4,5.830951894845301,0.7147782056754666,1,1,1,1.0,1,1.0,0,cju2rpa30t07b0835im0erql0,kvasir-seg,unet_pvt,polypseg/runs_cv/unet_pvt_seed42_fold2/best.pth,True
0.9683918767604691,0.9387206778863415,0.9865334491639168,0.9509054747100292,0.9709267127257452,0.7615169760319493,4,4.0,0.49033380385617475,1,1,1,1.0,1,1.0,0,cju2rqo702wpx0855fn7d5cxh,kvasir-seg,unet_pvt,polypseg/runs_cv/unet_pvt_seed42_fold2/best.pth,True
0.9277467996507981,0.8652310847369425,0.9845807634523704,0.8771161271096145,0.6992424559198166,0.40093308139044265,4,13.114709828474428,1.6819232809177351,1,1,1,1.0,1,1.0,0,cju2rxm8rpbaf0993o3qr2oph,kvasir-seg,unet_pvt,polypseg/runs_cv/unet_pvt_seed42_fold2/best.pth,True
0.9847303892894821,0.9699200871385646,0.9852018128034796,0.9842594167152195,0.8449542385963877,0.6590240515382919,4,8.0,0.9781990677325609,1,1,1,1.0,1,1.0,0,cju2s16zp317h0799gr67jqc2,kvasir-seg,unet_pvt,polypseg/runs_cv/unet_pvt_seed42_fold2/best.pth,True
0.9746122054587805,0.9504815745294128,0.963698121208325,0.985776330065301,0.9600294893705679,0.844623345019582,4,4.0,0.4898765169278267,1,1,1,1.0,1,1.0,0,cju2s2527pfyr0993l3h1149a,kvasir-seg,unet_pvt,polypseg/runs_cv/unet_pvt_seed42_fold2/best.pth,True
0.9634178512046015,0.9294177526828717,0.9483893565869719,0.9789303079404327,0.5506038801716908,0.3843070786007924,4,29.50739201227208,3.5494829392882976,1,1,1,1.0,1,1.0,0,cju2sevf53lkx08558h5bpaig,kvasir-seg,unet_pvt,polypseg/runs_cv/unet_pvt_seed42_fold2/best.pth,True
0.7382544932057714,0.585105704145907,0.9999999999991611,0.585105704145907,0.026143305067728294,0.005406816951416498,4,107.26965316753977,13.116384340560318,1,1,1,1.0,1,1.0,0,cju2sszfq3uye0878sucelzk2,kvasir-seg,unet_pvt,polypseg/runs_cv/unet_pvt_seed42_fold2/best.pth,True
0.9632916498510423,0.92918287936297,0.9491255961693303,0.9778869778709601,0.952651090336462,0.807080606259785,4,6.708203932499369,0.8755029506736558,1,1,1,1.0,1,1.0,0,cju2syxa93yw40799x2iuwabz,kvasir-seg,unet_pvt,polypseg/runs_cv/unet_pvt_seed42_fold2/best.pth,True
0.945785151663542,0.8971464907328738,0.9084835801601056,0.9862810206135417,0.7615007656724456,0.5898047527024085,4,9.486832980505138,1.1792093894756892,1,1,1,1.0,1,1.0,0,cju2t2ivz43i10878zeg8r1br,kvasir-seg,unet_pvt,polypseg/runs_cv/unet_pvt_seed42_fold2/best.pth,True
0.978592130958716,0.9580816445806749,0.9725793690016502,0.9846797006008344,0.8548663623890441,0.6889039562792675,4,7.0710678118654755,0.9094028652322934,1,1,1,1.0,1,1.0,0,cju2tvrvm53ws0801a0jfjdxg,kvasir-seg,unet_pvt,polypseg/runs_cv/unet_pvt_seed42_fold2/best.pth,True
0.8806074939023473,0.7866833922019535,0.9791683786657639,0.8000738602018844,0.4325580334103479,0.2404875714076741,4,49.293479991740824,6.508667725439392,1,1,1,1.0,1,1.0,0,cju2u4pymvc720988wsxrmi84,kvasir-seg,unet_pvt,polypseg/runs_cv/unet_pvt_seed42_fold2/best.pth,True
0.7834407162818642,0.6439807141066372,0.6572459961343808,0.9696112169726617,0.40982575067376736,0.15661558531243686,9,397.8216937109673,23.115092820144962,2,3,2,1.0,2,1.0,1,cju2ueb6j5ado0878vf5md13o,kvasir-seg,unet_pvt,polypseg/runs_cv/unet_pvt_seed42_fold2/best.pth,True
0.9769331899098335,0.954906542050497,0.9605734766968648,0.9938598091008944,0.8818826027626713,0.7729089632725178,4,5.0,0.6162797097120913,1,1,1,1.0,1,1.0,0,cju2upu4evw7g08358guwozxv,kvasir-seg,unet_pvt,polypseg/runs_cv/unet_pvt_seed42_fold2/best.pth,True
0.9891653365876495,0.978562936542411,0.9886084263854851,0.9897228745880792,0.7910739068345181,0.6613653311777352,4,66.0,8.471702525575397,1,1,1,1.0,1,1.0,0,cju2xf8e5y2wm08359vcgk09b,kvasir-seg,unet_pvt,polypseg/runs_cv/unet_pvt_seed42_fold2/best.pth,True
0.9732034604137659,0.9478055514346938,0.970662117794377,0.975758145215081,0.5336168556438536,0.4237744736862142,4,17.029386365926403,2.0989730572336343,1,1,1,1.0,1,1.0,0,cju2yi9tz8vky0801yqip0xyl,kvasir-seg,unet_pvt,polypseg/runs_cv/unet_pvt_seed42_fold2/best.pth,True
0.9698722923855643,0.941506849312489,0.9898323636125645,0.950701303010068,0.7617746585853952,0.48788022822861654,4,7.280109889280518,0.8924209936254679,1,1,1,1.0,1,1.0,0,cju2yv4imv6cz099314jveiib,kvasir-seg,unet_pvt,polypseg/runs_cv/unet_pvt_seed42_fold2/best.pth,True
0.9747219413528506,0.9506903353018133,0.9580520932504117,0.9919821635253099,0.8592998448415664,0.6258374913922387,4,16.14264001627962,2.072055215081372,1,1,1,1.0,1,1.0,0,cju2yw4s7z7p20988lmf2gdgd,kvasir-seg,unet_pvt,polypseg/runs_cv/unet_pvt_seed42_fold2/best.pth,True
0.8384982721401755,0.7219087600370487,0.9895992819795818,0.7274279615788033,0.5974439966335804,0.4486996728466517,4,105.3612832116238,12.764549224413818,1,1,1,1.0,1,1.0,0,cju2z6ez69g4u0801qwt088lw,kvasir-seg,unet_pvt,polypseg/runs_cv/unet_pvt_seed42_fold2/best.pth,True
0.9657560600226032,0.9337797619038596,0.9855384332952735,0.9467522288616178,0.7881304798865321,0.5698067197839815,4,28.0,3.428652254895893,1,1,1,1.0,1,1.0,0,cju2zgbj9zmrw0835nnlzxj4c,kvasir-seg,unet_pvt,polypseg/runs_cv/unet_pvt_seed42_fold2/best.pth,True
0.9677229085396083,0.9374642879757636,0.9972983925368276,0.93985105976106,0.8536792127323224,0.6393437454056417,4,5.643269777374468,0.7210199453809804,1,1,1,1.0,1,1.0,0,cju2zr3c3vwb00993jn06bbaz,kvasir-seg,unet_pvt,polypseg/runs_cv/unet_pvt_seed42_fold2/best.pth,True
0.9246125558151936,0.8597948216850281,0.8675827222819176,0.9896675335559874,0.6610977522436082,0.5115511051422023,4,17.46424919657298,2.1374260847697633,1,1,1,1.0,1,1.0,0,cju2zrojo9kcd0878ld2epejq,kvasir-seg,unet_pvt,polypseg/runs_cv/unet_pvt_seed42_fold2/best.pth,True
0.9516643042637851,0.9077858439184977,0.9851495873771785,0.9203805247839393,0.615354515589559,0.34162953846019545,4,24.25169783922939,2.919578258294347,1,1,1,1.0,1,1.0,0,cju306x7w05nb0835cunv799x,kvasir-seg,unet_pvt,polypseg/runs_cv/unet_pvt_seed42_fold2/best.pth,True
0.9790912145745826,0.9590388764913906,0.9675669692237931,0.9908932889926281,0.953535245460084,0.665576935943256,4,4.0,0.4894879293979046,1,1,1,1.0,1,1.0,0,cju30gxjq0djk0988jytm49rs,kvasir-seg,unet_pvt,polypseg/runs_cv/unet_pvt_seed42_fold2/best.pth,True
0.7758542888772698,0.6337924332273255,0.6383488591851008,0.9888633274025469,0.5892044057937731,0.43651788886180093,4,148.76615396074192,20.265461151674796,1,1,1,1.0,1,1.0,0,cju30u1hbakn808019g15nb8b,kvasir-seg,unet_pvt,polypseg/runs_cv/unet_pvt_seed42_fold2/best.pth,True
0.9855890679662801,0.9715875853095779,0.9881667561864329,0.9830247928441216,0.8546106366510251,0.6041564146330355,4,10.312355924574367,1.283326375325392,1,1,1,1.0,1,1.0,0,cju323ypb1fbb0988gx5rzudb,kvasir-seg,unet_pvt,polypseg/runs_cv/unet_pvt_seed42_fold2/best.pth,True
0.9769298743909346,0.9549002066787337,0.9923064593653076,0.9620225626970754,0.8393441026547938,0.716778465990185,4,6.708203932499369,0.8239619263094794,1,1,1,1.0,1,1.0,0,cju324q101fhe08350wae9cif,kvasir-seg,unet_pvt,polypseg/runs_cv/unet_pvt_seed42_fold2/best.pth,True
0.9234213305154733,0.8577369742590327,0.8759515986822825,0.976330832435797,0.6238805920941348,0.5195426392882346,4,33.1058907144937,4.025523992573678,1,1,1,1.0,1,1.0,0,cju32qr9tbvsj08013pkpjenq,kvasir-seg,unet_pvt,polypseg/runs_cv/unet_pvt_seed42_fold2/best.pth,True
0.8810044223024424,0.787317161802547,0.851402465978035,0.9127389541265325,0.5504655083821689,0.3825692769676414,4,34.134439547171084,4.180415088162908,1,1,1,1.0,1,1.0,0,cju33231uy4gi0993qc7b1jch,kvasir-seg,unet_pvt,polypseg/runs_cv/unet_pvt_seed42_fold2/best.pth,True
0.934972067035624,0.87788501887762,0.9865597736305387,0.8885113612169001,0.6130621950454387,0.3043486021812611,4,7.211102550927978,0.8674329966989958,1,1,1,1.0,1,1.0,0,cju33jon3ygbj0993pu22a4k6,kvasir-seg,unet_pvt,polypseg/runs_cv/unet_pvt_seed42_fold2/best.pth,True
0.9246127674772826,0.859795187737409,0.9328816621415277,0.9164891728708157,0.6848874832590901,0.40494291593145665,4,10.0,1.2227488346657012,1,1,1,1.0,1,1.0,0,cju33qpdvc9g0087825jhf3s9,kvasir-seg,unet_pvt,polypseg/runs_cv/unet_pvt_seed42_fold2/best.pth,True
0.9121375674600719,0.8384677512306625,0.9684168443367749,0.8620403321368678,0.6725981396076819,0.5076970911774221,4,14.621389572312527,1.834576376620519,1,1,1,1.0,1,1.0,0,cju33x0f22peh0988g0ln7w5v,kvasir-seg,unet_pvt,polypseg/runs_cv/unet_pvt_seed42_fold2/best.pth,True
0.9658870097122494,0.9340246363634628,0.9480785532569364,0.9843772920567376,0.8876297675465042,0.7439112153355391,4,5.0990195135927845,0.6334283479442507,1,1,1,1.0,1,1.0,0,cju33yemn2qb20988wfjxximx,kvasir-seg,unet_pvt,polypseg/runs_cv/unet_pvt_seed42_fold2/best.pth,True
0.8605008851073435,0.7551571333940041,0.9961031980583438,0.7573946360114564,0.6820292354716302,0.4366740402939224,4,34.48187929913333,4.15115452016033,1,1,1,1.0,1,1.0,0,cju33za6l2qy70988jhrlp2ev,kvasir-seg,unet_pvt,polypseg/runs_cv/unet_pvt_seed42_fold2/best.pth,True
0.9485479891791033,0.9021315090153725,0.953707301034178,0.9434441980755552,0.6138033011372742,0.413412497788153,4,13.416407864998739,1.648140196035328,1,1,1,1.0,1,1.0,0,cju34m7h536wq0988xz7gx79v,kvasir-seg,unet_pvt,polypseg/runs_cv/unet_pvt_seed42_fold2/best.pth,True
0.9675998822267015,0.9372334093816654,0.9543445872554877,0.9812285803277048,0.7667796395212348,0.5681297659013862,4,8.0,0.9808017346474818,1,1,1,1.0,1,1.0,0,cju34sh43d8zm08019xbwhc0o,kvasir-seg,unet_pvt,polypseg/runs_cv/unet_pvt_seed42_fold2/best.pth,True
0.9511437159256654,0.9068389352933083,0.9583205009654211,0.9440736245859215,0.8194849176594827,0.5247751505232617,4,6.4031242374328485,0.8312766935896587,1,1,1,1.0,1,1.0,0,cju357rxxdaz30878y2esjpjt,kvasir-seg,unet_pvt,polypseg/runs_cv/unet_pvt_seed42_fold2/best.pth,True
0.9761641207254956,0.9534380856209208,0.9875326614334636,0.965054351784015,0.9908980234673447,0.812615875223447,4,3.1622776601683795,0.4027987010874558,1,1,1,1.0,1,1.0,0,cju358pwtdby20878cg7nm0np,kvasir-seg,unet_pvt,polypseg/runs_cv/unet_pvt_seed42_fold2/best.pth,True
0.946084343302663,0.8976850635917244,0.9965429630513701,0.900489273613472,0.6150877626725189,0.5414278429028123,4,13.92838827718412,1.7919814392770372,1,1,1,1.0,1,1.0,0,cju35oyvd3y850988km12hdz1,kvasir-seg,unet_pvt,polypseg/runs_cv/unet_pvt_seed42_fold2/best.pth,True
0.9634330699663946,0.9294460801823575,0.9539639054397323,0.9730921033650051,0.6932520502406914,0.28777488160445036,4,7.211102550927978,0.8674329966989958,1,1,1,1.0,1,1.0,0,cju3ttznuftyf09875t11850w,kvasir-seg,unet_pvt,polypseg/runs_cv/unet_pvt_seed42_fold2/best.pth,True
0.9746945393460832,0.9506382017359439,0.971151627044499,0.9782633964858062,0.8600300895792269,0.5772771346246255,4,40.02748634409169,4.902131397904946,1,1,1,1.0,1,1.0,0,cju3tx1qyg0c907552fglumhc,kvasir-seg,unet_pvt,polypseg/runs_cv/unet_pvt_seed42_fold2/best.pth,True
0.39709056030629514,0.24773112595941413,0.9916167664591488,0.24825104936988157,0.3909591845046052,0.33469584803447316,4,310.59941675912984,38.06902866215144,1,1,0,0.0,0,0.0,1,cju3u1c8tfyqx08503iedc3mx,kvasir-seg,unet_pvt,polypseg/runs_cv/unet_pvt_seed42_fold2/best.pth,True
0.9808207849484922,0.9623634101475695,0.9845934596565977,0.9770769114581274,0.732380595283458,0.500002302764091,4,11.492806589536084,1.42316529813949,1,1,1,1.0,1,1.0,0,cju3u815rg4ek0850vvhtcvcm,kvasir-seg,unet_pvt,polypseg/runs_cv/unet_pvt_seed42_fold2/best.pth,True
0.9699716713870843,0.9416941694150233,0.9455854676357385,0.9956489897880592,0.671730394170493,0.37094340500898365,4,7.615773105863909,0.9319572520883934,1,1,1,1.0,1,1.0,0,cju3ua8u0g9rg0801uayhdxhu,kvasir-seg,unet_pvt,polypseg/runs_cv/unet_pvt_seed42_fold2/best.pth,True
0.968807778019242,0.9395026042364,0.9779446202742333,0.9598400846924836,0.6888168913866927,0.44496962972256965,4,20.004996878900158,2.4503326877038423,1,1,1,1.0,1,1.0,0,cju3v0fl3gwce0755qkjhzmd4,kvasir-seg,unet_pvt,polypseg/runs_cv/unet_pvt_seed42_fold2/best.pth,True
0.9759673125729116,0.9530626556707457,0.9571246433113264,0.9955667824426958,0.6107495608481688,0.23649437868606388,4,10.770329614269007,1.3179865854553672,1,1,1,1.0,1,1.0,0,cju3x5u2tiihx0818914gzxy1,kvasir-seg,unet_pvt,polypseg/runs_cv/unet_pvt_seed42_fold2/best.pth,True
0.9739323160839247,0.9491891532601715,0.9653249518369484,0.9826945572112341,0.8548083832273017,0.6999765785733374,4,9.0,1.1013478411452853,1,1,1,1.0,1,1.0,0,cju3xhpvvimda0987ygrpzni2,kvasir-seg,unet_pvt,polypseg/runs_cv/unet_pvt_seed42_fold2/best.pth,True
0.969652804477432,0.9410932632137139,0.987093015846111,0.9528181698361791,0.558199605434298,0.41793325962234107,4,24.186773244895647,2.991282758278522,1,1,1,1.0,1,1.0,0,cju3xzvnzj0hd0755xprz39nj,kvasir-seg,unet_pvt,polypseg/runs_cv/unet_pvt_seed42_fold2/best.pth,True
0.48031204711467373,0.31605965303780853,0.3515697293873393,0.757820481630952,0.39046861898757607,0.08533860432508769,8,333.5396528120083,21.059129715658358,2,2,2,1.0,0,0.0,1,cju3ykamdj9u208503pygyuc8,kvasir-seg,unet_pvt,polypseg/runs_cv/unet_pvt_seed42_fold2/best.pth,True
0.9141933406847585,0.841948548428769,0.8964655624055986,0.9326364042920776,0.4733944348232825,0.3158949248835145,4,75.66041194322261,9.10849603963422,1,1,1,1.0,1,1.0,0,cju410dnfl0960755y8lu8d79,kvasir-seg,unet_pvt,polypseg/runs_cv/unet_pvt_seed42_fold2/best.pth,True
0.9741578440785029,0.9496176760287581,0.9577951265627735,0.9910893512803374,0.8483104935643504,0.6401173587724778,4,5.0990195135927845,0.613367754190828,1,1,1,1.0,1,1.0,0,cju41lojblbs307555jdci937,kvasir-seg,unet_pvt,polypseg/runs_cv/unet_pvt_seed42_fold2/best.pth,True
0.9861616243244824,0.9727010221598741,0.9788220193935774,0.993612131519528,0.9342433900426402,0.7810697323415585,4,5.0990195135927845,0.6541549777694519,1,1,1,1.0,1,1.0,0,cju41nz76lcxu0755cya2qefx,kvasir-seg,unet_pvt,polypseg/runs_cv/unet_pvt_seed42_fold2/best.pth,True
0.9816471949933218,0.963955900319717,0.9692575820331577,0.9943576516091767,0.8132626922862535,0.670048500095224,4,8.54400374531753,1.070907577527286,1,1,1,1.0,1,1.0,0,cju42g865lorv07552ytz6xxa,kvasir-seg,unet_pvt,polypseg/runs_cv/unet_pvt_seed42_fold2/best.pth,True
0.9271133984752806,0.8641299063272158,0.9862025597359392,0.874704724406579,0.7228223244795859,0.587849027202123,4,31.04834939252005,3.805482042656136,1,1,1,1.0,1,1.0,0,cju42romflni20817etb9a0fl,kvasir-seg,unet_pvt,polypseg/runs_cv/unet_pvt_seed42_fold2/best.pth,True
0.9191412472339717,0.8503805375880938,0.8556126062285073,0.9928604448045977,0.6204084153026529,0.4530343684541791,4,22.825424421026653,2.7432145592131216,1,1,1,1.0,1,1.0,0,cju42tauqlo5p08171l3cuo4b,kvasir-seg,unet_pvt,polypseg/runs_cv/unet_pvt_seed42_fold2/best.pth,True
0.9757483576576966,0.952645148243368,0.9777797955676623,0.9737253432873371,0.7920942108613221,0.6506238629611887,4,43.41658669218482,5.246358297788215,1,2,1,1.0,1,1.0,1,cju42wamblrqn098798r2yyok,kvasir-seg,unet_pvt,polypseg/runs_cv/unet_pvt_seed42_fold2/best.pth,True
0.9330276543908554,0.8744628276735523,0.9941981189670734,0.8789482209368124,0.7523083954837829,0.4947760784968172,4,32.526911934581186,3.977224366328303,1,1,1,1.0,1,1.0,0,cju439oazm2fu0871ma0vvrft,kvasir-seg,unet_pvt,polypseg/runs_cv/unet_pvt_seed42_fold2/best.pth,True
0.9598978288510869,0.9228880156944281,0.9791558102923618,0.9413827655074805,0.9681223682331758,0.8067084931186163,4,3.605551275463989,0.4419191648223229,1,1,1,1.0,1,1.0,0,cju43kj2pm34f0850l28ahpni,kvasir-seg,unet_pvt,polypseg/runs_cv/unet_pvt_seed42_fold2/best.pth,True
0.9622782833177226,0.9272989741356125,0.9549278846123642,0.9697427167283277,0.6685148502449862,0.35801980593398963,4,10.0,1.2266356542202674,1,1,1,1.0,1,1.0,0,cju45lbgznahl08180xz1h7u6,kvasir-seg,unet_pvt,polypseg/runs_cv/unet_pvt_seed42_fold2/best.pth,True
0.9199460623987973,0.8517593708717875,0.9791481078195283,0.8674948845341494,0.5697614423830492,0.3033892848477418,4,27.202941017470888,3.3994621098328417,2,2,2,1.0,2,1.0,0,cju45rj7ln8980850a7821fov,kvasir-seg,unet_pvt,polypseg/runs_cv/unet_pvt_seed42_fold2/best.pth,True
0.9840538625076136,0.9686083013578938,0.9906737335618421,0.9775218746832507,0.9393092071021342,0.763285711887821,4,4.47213595499958,0.5493079508729862,1,1,1,1.0,1,1.0,0,cju45t5ddnbio0987qtqzx762,kvasir-seg,unet_pvt,polypseg/runs_cv/unet_pvt_seed42_fold2/best.pth,True
0.9750907990300014,0.9513923751559182,0.9890099769731726,0.9615579764185597,0.8571279389697994,0.5247461664940825,4,6.0,0.7840880006603762,1,1,1,1.0,1,1.0,0,cju45ty6zn9oz0850qy4qnck1,kvasir-seg,unet_pvt,polypseg/runs_cv/unet_pvt_seed42_fold2/best.pth,True
0.9630619792319963,0.9287555861040842,0.9609638982663972,0.965169241752566,0.858413420287431,0.6555124304679701,4,5.0,0.6123456461597834,1,1,1,1.0,1,1.0,0,cju5bwhapakm90987c1v4z46a,kvasir-seg,unet_pvt,polypseg/runs_cv/unet_pvt_seed42_fold2/best.pth,True
0.9851343624917699,0.9707042253500093,0.9941634672976761,0.9762677882603433,0.909140399452798,0.7679593986671613,4,6.418378222186161,0.8407560579234674,1,1,1,1.0,1,1.0,0,cju5ccpvqash50850kb4bs22k,kvasir-seg,unet_pvt,polypseg/runs_cv/unet_pvt_seed42_fold2/best.pth,True
0.9747451649938771,0.9507345215183071,0.9820207232645656,0.9675766196538393,0.8746982054170269,0.7449298285286875,4,14.0,1.6840783871841003,1,1,1,1.0,1,1.0,0,cju5enq1tcn1i0755hnkon787,kvasir-seg,unet_pvt,polypseg/runs_cv/unet_pvt_seed42_fold2/best.pth,True
0.9786136707461294,0.9581229381256876,0.9859086626378846,0.971425840977267,0.7113655102609348,0.4836403453725557,4,9.433981132056603,1.2120774425103604,1,1,1,1.0,1,1.0,0,cju5ew4h9cqaf0818rrczkmqh,kvasir-seg,unet_pvt,polypseg/runs_cv/unet_pvt_seed42_fold2/best.pth,True
0.8803452079654781,0.7862648507633366,0.799846716184413,0.9788600288529663,0.6877506072202578,0.629012609967072,4,36.82716446627535,4.7693578847204545,1,1,1,1.0,1,1.0,0,cju5g163vd6mt0817uccuga6u,kvasir-seg,unet_pvt,polypseg/runs_cv/unet_pvt_seed42_fold2/best.pth,True
0.9931142410011664,0.9863226608633731,0.9985717052378889,0.9877161055497121,0.9516282372373812,0.7879436676040874,4,4.123105625617661,0.5053538988466332,1,1,1,1.0,1,1.0,0,cju5h57xedz5h0755mjpc8694,kvasir-seg,unet_pvt,polypseg/runs_cv/unet_pvt_seed42_fold2/best.pth,True
0.9773616287277008,0.955725558695526,0.9755287752030525,0.9792013824539949,0.94836483812763,0.7736576796897483,4,5.0,0.6142255857974704,1,1,1,1.0,1,1.0,0,cju5hl8nee8a40755fm8qjj0o,kvasir-seg,unet_pvt,polypseg/runs_cv/unet_pvt_seed42_fold2/best.pth,True
0.962949050674493,0.9285455563208254,0.9599332788638346,0.9659838311833174,0.8206975790308447,0.5866403278495907,4,8.48528137423857,1.0382161238070433,2,2,2,1.0,2,1.0,0,cju5hyi9yegob0755ho3do8en,kvasir-seg,unet_pvt,polypseg/runs_cv/unet_pvt_seed42_fold2/best.pth,True
0.9734802411362802,0.9483307386248948,0.9816993464034709,0.9653976192136272,0.7357688755431724,0.5470887524335656,4,10.178235124466985,1.247508861177089,1,1,1,1.0,1,1.0,0,cju5jx7jzf7c90871c2i9aiov,kvasir-seg,unet_pvt,polypseg/runs_cv/unet_pvt_seed42_fold2/best.pth,True
0.9653152363360128,0.9329558820579076,0.9657236013930008,0.9649072164928558,0.6487003584102295,0.40868706057915993,4,10.0,1.2836758942570174,1,1,1,1.0,1,1.0,0,cju5nxkujgscq0817l9gss626,kvasir-seg,unet_pvt,polypseg/runs_cv/unet_pvt_seed42_fold2/best.pth,True
0.9606981169183101,0.9243686868628511,0.9999999999931702,0.9243686868628511,0.8851803459451053,0.43897454999658575,4,5.0,0.615785494699304,1,1,1,1.0,1,1.0,0,cju5nyu31gv8e0871zpk74a2n,kvasir-seg,unet_pvt,polypseg/runs_cv/unet_pvt_seed42_fold2/best.pth,True
0.9632180503086188,0.92904592966278,0.9785329153580475,0.9483751792505447,0.6938508143009796,0.5656212287189298,3,16.700021837142188,2.4194038833614253,1,1,1,1.0,1,1.0,0,cju5o1vu9gz8a0818eyy92bns,kvasir-seg,unet_pvt,polypseg/runs_cv/unet_pvt_seed42_fold2/best.pth,True
0.9884170367904803,0.9770993311853144,0.9929516305635008,0.9839236717373611,0.9275637289201933,0.6008238831702658,4,4.123105625617661,0.5045526088431102,1,1,1,1.0,1,1.0,0,cju5o4pk9h0720755lgp9jq8m,kvasir-seg,unet_pvt,polypseg/runs_cv/unet_pvt_seed42_fold2/best.pth,True
0.9653222766618588,0.9329690345970495,0.9534623976054423,0.9774809160180983,0.9651676681108131,0.7487231116028454,4,3.605551275463989,0.4412184570412105,1,1,1,1.0,1,1.0,0,cju5thdbrjp1108715xdfx356,kvasir-seg,unet_pvt,polypseg/runs_cv/unet_pvt_seed42_fold2/best.pth,True
0.7385431443857488,0.5854684138413312,0.5854684138413312,0.9999999999832971,0.030234562764920436,0.0024124962321573533,4,32.202484376209235,3.8736791394005454,1,1,1,1.0,1,1.0,0,cju5uhrdwkmsu0817ervv91l8,kvasir-seg,unet_pvt,polypseg/runs_cv/unet_pvt_seed42_fold2/best.pth,True
0.9735660596252496,0.9484936354207082,0.9958718200062135,0.952237627665899,0.954688150993282,0.7301085633148258,4,4.123105625617661,0.5050910523175636,1,1,1,1.0,1,1.0,0,cju5uxjnol2r509871qv2yeia,kvasir-seg,unet_pvt,polypseg/runs_cv/unet_pvt_seed42_fold2/best.pth,True
0.9372507869845236,0.8819115323784998,0.9224223397147849,0.9525637744138507,0.7987189846104505,0.5764460005551642,4,15.014852927038904,1.8371414827527772,1,1,1,1.0,1,1.0,0,cju5uzmaol56l0817flxh4w9p,kvasir-seg,unet_pvt,polypseg/runs_cv/unet_pvt_seed42_fold2/best.pth,True
0.9706563706526229,0.9429857464295349,0.9851869268674254,0.9565482078916631,0.9527748908623747,0.7210052256847926,4,4.123105625617661,0.5297364126495,1,1,1,1.0,1,1.0,0,cju5v8pgplg6k0755rvi2t63h,kvasir-seg,unet_pvt,polypseg/runs_cv/unet_pvt_seed42_fold2/best.pth,True
0.9382633799654369,0.8837063375801177,0.9917840375509249,0.8902233459693059,0.6922282567823527,0.3276480270914366,4,8.94427190999916,1.097737664127178,1,1,1,1.0,1,1.0,0,cju5wphwwlu3m0987hh3ltg88,kvasir-seg,unet_pvt,polypseg/runs_cv/unet_pvt_seed42_fold2/best.pth,True
0.8073551388904068,0.6769451369951597,0.6795523510637763,0.9943643263738248,0.46897478490428435,0.2908849174105625,4,182.88131079525897,23.11611085391401,1,1,1,1.0,1,1.0,0,cju5xkwzxmf0z0818gk4xabdm,kvasir-seg,unet_pvt,polypseg/runs_cv/unet_pvt_seed42_fold2/best.pth,True
0.9116123211730593,0.8375805229213832,0.8435338453425391,0.9916442350774358,0.5757127928711019,0.45152980450851715,4,25.0,3.0665891355506685,1,1,1,1.0,1,1.0,0,cju5xneamme2p0801qdf7fdwv,kvasir-seg,unet_pvt,polypseg/runs_cv/unet_pvt_seed42_fold2/best.pth,True
0.9639124609157484,0.9303388223042474,0.9777999275011072,0.950413951022103,0.8558672621634543,0.6096419162635359,4,5.656854249492381,0.6993792594729874,1,1,1,1.0,1,1.0,0,cju5y84q3mdv50817eyp82xf3,kvasir-seg,unet_pvt,polypseg/runs_cv/unet_pvt_seed42_fold2/best.pth,True
0.7361698981565383,0.582491188556704,0.595769823342863,0.9631465673567501,0.551503023879285,0.367774259467386,4,202.7547716931105,26.04992332404454,1,1,1,1.0,1,1.0,0,cju5ygh1zmmdi0755uod5e17i,kvasir-seg,unet_pvt,polypseg/runs_cv/unet_pvt_seed42_fold2/best.pth,True
0.9579526967778879,0.91929866697587,0.9992168124135333,0.9199615430727079,0.8873859950052544,0.6201833117653044,4,5.0,0.6221552825294251,1,1,1,1.0,1,1.0,0,cju6ut4l8va6y0755tyw3vfqq,kvasir-seg,unet_pvt,polypseg/runs_cv/unet_pvt_seed42_fold2/best.pth,True
0.9822053657847585,0.965032957303883,0.9942933208423277,0.9704077950186811,0.735078695040465,0.5309510416810149,3,9.0,1.4048290836935065,1,1,1,1.0,1,1.0,0,cju6v4szov55u0871qmqz3v8n,kvasir-seg,unet_pvt,polypseg/runs_cv/unet_pvt_seed42_fold2/best.pth,True
0.9681073622351908,0.9381861317784144,0.946989158355582,0.990188936942886,0.6123557378861783,0.4875482517580875,4,13.416407864998739,1.723739437789029,1,1,1,1.0,1,1.0,0,cju6v6g6kvdw007552x6mb0po,kvasir-seg,unet_pvt,polypseg/runs_cv/unet_pvt_seed42_fold2/best.pth,True
0.9830433098896996,0.9666520899558441,0.9938168702447014,0.972500827990048,0.6181818177902743,0.4144224071529302,4,66.40753010210359,8.132872386049577,1,1,1,1.0,1,1.0,0,cju6vifjlv55z0987un6y4zdo,kvasir-seg,unet_pvt,polypseg/runs_cv/unet_pvt_seed42_fold2/best.pth,True
0.9155530679321502,0.8442580645106822,0.9833183047716912,0.8565257232566008,0.7632368421294691,0.5997732957476203,4,91.91162683041317,11.064923749151593,2,1,1,0.5,1,0.5,0,cju6vucxvvlda0755j7msqnya,kvasir-seg,unet_pvt,polypseg/runs_cv/unet_pvt_seed42_fold2/best.pth,True
0.9419129909521156,0.8902037194461846,0.9967760538614421,0.892774240924461,0.45120775119648154,0.37193052155232326,4,48.0,6.625033193541023,1,1,1,1.0,1,1.0,0,cju6wi3akvn8r0801px8eligc,kvasir-seg,unet_pvt,polypseg/runs_cv/unet_pvt_seed42_fold2/best.pth,True
0.9897498403848223,0.9797076802856785,0.9914301329073694,0.9880752338007578,0.8657181167146497,0.7245085395787833,4,5.830951894845301,0.7140109415161008,1,1,1,1.0,1,1.0,0,cju6wjm81vgsc0987enk9n3pr,kvasir-seg,unet_pvt,polypseg/runs_cv/unet_pvt_seed42_fold2/best.pth,True
0.9832946827400123,0.9671383301013742,0.9942600747013756,0.9725685203331785,0.8509758127902985,0.5987123963521658,4,7.280109889280518,0.9102263841940249,1,1,1,1.0,1,1.0,0,cju6wuojavt740818b5qcv3iw,kvasir-seg,unet_pvt,polypseg/runs_cv/unet_pvt_seed42_fold2/best.pth,True
0.9870919533486293,0.9745128954320302,0.997837581644626,0.9765752967936328,0.9629454522546484,0.7124264948432903,4,3.605551275463989,0.4419809179741851,1,1,1,1.0,1,1.0,0,cju76erapykj30871x5eaxh4q,kvasir-seg,unet_pvt,polypseg/runs_cv/unet_pvt_seed42_fold2/best.pth,True
0.9152700855927631,0.8437769378683754,0.9976153921530084,0.8454821795385309,0.4506956510272004,0.36619653310080114,4,82.0,10.050438545147909,1,1,1,1.0,1,1.0,0,cju77afzlz3kp07550x5nafzs,kvasir-seg,unet_pvt,polypseg/runs_cv/unet_pvt_seed42_fold2/best.pth,True
0.9751479753812567,0.9515012430638687,0.9905235914752517,0.9602424055237571,0.9046939738708965,0.6795326949149472,4,7.0710678118654755,0.8590279146240508,1,1,1,1.0,1,1.0,0,cju77bvg0yv4r0987yh60xmjo,kvasir-seg,unet_pvt,polypseg/runs_cv/unet_pvt_seed42_fold2/best.pth,True
0.9699159531838689,0.9415891413732357,0.9811160844320759,0.958968650493259,0.762566704259952,0.4759434525954271,4,8.764151235892408,1.0716355710521406,1,1,1,1.0,1,1.0,0,cju77u1sjz77b0817ft44r3fk,kvasir-seg,unet_pvt,polypseg/runs_cv/unet_pvt_seed42_fold2/best.pth,True
0.9565405739909391,0.9167012632675502,0.99719354838388,0.9190723948240848,0.546354768498449,0.37499693904036363,4,14.317821063276353,1.8207733372420922,1,1,1,1.0,1,1.0,0,cju784jpdzeae0987q5ypq883,kvasir-seg,unet_pvt,polypseg/runs_cv/unet_pvt_seed42_fold2/best.pth,True
0.967588823252607,0.9372126581397455,0.9942328230651682,0.9423355940178076,0.7903004371695739,0.3846865736533911,4,6.082762530298219,0.7993842359896091,1,1,1,1.0,1,1.0,0,cju785htizjzo08017tvlhtg4,kvasir-seg,unet_pvt,polypseg/runs_cv/unet_pvt_seed42_fold2/best.pth,True
0.9865450028430949,0.9734472725584241,0.9874276684227942,0.9856639138884066,0.9516550826802096,0.7710869665029868,4,4.123105625617661,0.4963664655978139,1,1,1,1.0,1,1.0,0,cju787jnjzjuj0871p94nck9g,kvasir-seg,unet_pvt,polypseg/runs_cv/unet_pvt_seed42_fold2/best.pth,True
0.9108283483703974,0.836257854313073,0.9961743180250822,0.8389521852781147,0.5529538017105403,0.3323775959177139,4,27.302906743291334,3.34111082207944,1,1,1,1.0,1,1.0,0,cju7agj961l2r0818z29iq8yn,kvasir-seg,unet_pvt,polypseg/runs_cv/unet_pvt_seed42_fold2/best.pth,True
0.9351954654329013,0.8782790033976606,0.98637904467805,0.8890617187884614,0.7294886806256964,0.6747706256078213,4,19.96618648032707,2.494288870419002,1,1,1,1.0,1,1.0,0,cju7b5afm1nfw0801xqm8bf8q,kvasir-seg,unet_pvt,polypseg/runs_cv/unet_pvt_seed42_fold2/best.pth,True
0.9416179565104728,0.8896768065016686,0.9883914985495793,0.8990713041905186,0.5696870948961903,0.32971556511735095,4,27.262576639257844,3.2794511497945913,1,1,1,1.0,1,1.0,0,cju7b9vcs1luz0987ta60j1dy,kvasir-seg,unet_pvt,polypseg/runs_cv/unet_pvt_seed42_fold2/best.pth,True
0.9228266432680361,0.8567113524491542,0.9704740302142536,0.8796389866505919,0.6585081736756937,0.4424108922421386,4,39.736257858622515,4.866464898881994,1,1,1,1.0,1,1.0,0,cju7bc95p1mdm0817yqj5jc6j,kvasir-seg,unet_pvt,polypseg/runs_cv/unet_pvt_seed42_fold2/best.pth,True
0.9704283539882395,0.9425554382226591,0.9963165531830326,0.9458514358343193,0.7979260243104362,0.5144567002811079,4,6.324555320336759,0.8125785636395396,1,1,1,1.0,1,1.0,0,cju7bd1qu1mx409877xjxibox,kvasir-seg,unet_pvt,polypseg/runs_cv/unet_pvt_seed42_fold2/best.pth,True
0.9708706614438993,0.9433903252686004,0.9868047982524896,0.9554429310501651,0.8014249242062111,0.6224917486904726,4,11.674742625999308,1.4537340573644533,1,1,1,1.0,1,1.0,0,cju7bduyq1rjf08719giru9ho,kvasir-seg,unet_pvt,polypseg/runs_cv/unet_pvt_seed42_fold2/best.pth,True
0.9667793930734039,0.9356950360767315,0.9526393117601142,0.9813455629601097,0.725879070999902,0.4662811305646636,4,37.64306044943742,4.8363785976610805,1,1,1,1.0,1,1.0,0,cju7bf1lp1shi081835vs84lc,kvasir-seg,unet_pvt,polypseg/runs_cv/unet_pvt_seed42_fold2/best.pth,True
0.934695987420648,0.8773983542571371,0.8858519259407502,0.9892406938818089,0.7211267749047713,0.6081066176045381,4,35.917249220727605,4.428171629844872,1,1,1,1.0,1,1.0,0,cju7bmi1v1pnj0987pa52jjok,kvasir-seg,unet_pvt,polypseg/runs_cv/unet_pvt_seed42_fold2/best.pth,True
0.9698919409347113,0.9415438821193021,0.9505254648265923,0.9900639946026434,0.8897870438337879,0.7805402124136176,4,6.324555320336759,0.7739483720285354,1,1,1,1.0,1,1.0,0,cju7cp6dw244p0818gncdol4m,kvasir-seg,unet_pvt,polypseg/runs_cv/unet_pvt_seed42_fold2/best.pth,True
0.9265005742131782,0.8630657380502084,0.9953669897998354,0.8665468335542942,0.5171412998454099,0.4300368746288536,4,36.20694990710743,4.522689839284275,1,1,1,1.0,1,1.0,0,cju7crgxa28550755wbsgqkel,kvasir-seg,unet_pvt,polypseg/runs_cv/unet_pvt_seed42_fold2/best.pth,True
0.3493060876965949,0.21161166530817788,0.999999999995125,0.21161166530817788,0.037764545070940715,0.014765665367250552,4,206.54598051116966,25.275441081468095,1,2,0,0.0,0,0.0,2,cju7csvlb22fr0850lvm45n3x,kvasir-seg,unet_pvt,polypseg/runs_cv/unet_pvt_seed42_fold2/best.pth,True
0.9806226709929311,0.9619820287234688,0.9662892068583192,0.9953877690443765,0.9030232280516046,0.6593143527178117,4,5.0,0.615865834692704,1,1,1,1.0,1,1.0,0,cju7d4jk723eu0817bqz2n39m,kvasir-seg,unet_pvt,polypseg/runs_cv/unet_pvt_seed42_fold2/best.pth,True
0.9592670356920037,0.9217225441973379,0.9824835783508661,0.9371223987434283,0.7894588971972097,0.5890412933637112,4,20.743434517271556,2.495254981893263,1,1,1,1.0,1,1.0,0,cju7deifq2fzn0755lc8idyh8,kvasir-seg,unet_pvt,polypseg/runs_cv/unet_pvt_seed42_fold2/best.pth,True
0.9485629519712644,0.9021585778717398,0.991395348829524,0.9092783505089991,0.8038298861793218,0.5729735697396627,4,12.409478679175152,1.4927524885586263,1,1,1,1.0,1,1.0,0,cju7do8c72dbo0801vxfzxdc4,kvasir-seg,unet_pvt,polypseg/runs_cv/unet_pvt_seed42_fold2/best.pth,True
0.9051925461058762,0.8268052458778886,0.9612786021912583,0.8552903999120489,0.5829831436482724,0.41028512726018007,4,118.05587911221464,14.212340109330661,1,1,1,1.0,1,1.0,0,cju7druhp2gp308715i6km7be,kvasir-seg,unet_pvt,polypseg/runs_cv/unet_pvt_seed42_fold2/best.pth,True
0.6525702280498203,0.4843074137402604,0.9980306799302169,0.484770679151379,0.4061035144265144,0.27248958137096496,4,223.17313616031532,26.867044133918032,1,1,1,1.0,0,0.0,0,cju7dxffn2eam0817qxosfwch,kvasir-seg,unet_pvt,polypseg/runs_cv/unet_pvt_seed42_fold2/best.pth,True
0.9856874753718432,0.9717788664131823,0.9804228973042586,0.9910088970951881,0.7953128760950235,0.541366097282348,4,15.524174696260024,1.8689018485067934,1,1,1,1.0,1,1.0,0,cju7efffp2ivf0817etg3jehl,kvasir-seg,unet_pvt,polypseg/runs_cv/unet_pvt_seed42_fold2/best.pth,True
0.9837432263440086,0.9680065627557738,0.9941766819470982,0.9735264856464454,0.7176107578497359,0.5057153901131949,4,43.0,5.524993631432556,1,1,1,1.0,1,1.0,0,cju7ehljc2or70871261br8ai,kvasir-seg,unet_pvt,polypseg/runs_cv/unet_pvt_seed42_fold2/best.pth,True
0.9705374547425757,0.9427613070661894,0.9797593612843836,0.9614875303358917,0.973265191483009,0.8569642999555123,4,3.605551275463989,0.4664544741578593,1,1,1,1.0,1,1.0,0,cju7ekbo32pft0871fv7kzwb9,kvasir-seg,unet_pvt,polypseg/runs_cv/unet_pvt_seed42_fold2/best.pth,True
0.9793637987394526,0.9595620824833363,0.9766719374932782,0.98207053937936,0.615807612876766,0.3825400655673023,4,74.52214319699578,9.204867475308902,1,4,1,1.0,1,1.0,3,cju7ez7r22qbc08015xfoz2wb,kvasir-seg,unet_pvt,polypseg/runs_cv/unet_pvt_seed42_fold2/best.pth,True
0.9806714708648101,0.9620759576864027,0.9843005326549801,0.97706907106931,0.9940884969364584,0.840343217494554,4,3.0,0.399878810653529,1,1,1,1.0,1,1.0,0,cju7f0ec32txj08184asb8w5f,kvasir-seg,unet_pvt,polypseg/runs_cv/unet_pvt_seed42_fold2/best.pth,True
0.9738946733012731,0.9491176470495184,0.983741489676011,0.9642430278788421,0.9823085433989109,0.8259805318373467,4,3.664718584144382,0.4522383346940089,1,1,1,1.0,1,1.0,0,cju7fd6yt2p740987wkr8exo1,kvasir-seg,unet_pvt,polypseg/runs_cv/unet_pvt_seed42_fold2/best.pth,True
0.9783717986949091,0.9576593495021736,0.9851298701282709,0.9717058173592549,0.7833784634053758,0.4725428989972786,4,6.041381265149109,0.7761963746365486,1,1,1,1.0,1,1.0,0,cju7fpfzq2wyf0818xxd1oziv,kvasir-seg,unet_pvt,polypseg/runs_cv/unet_pvt_seed42_fold2/best.pth,True
0.9670522619287986,0.9362063793610237,0.9665420260587189,0.9675630367875723,0.6168241747127433,0.5522220448414087,4,26.77302068929954,3.5091921895741276,1,1,1,1.0,1,1.0,0,cju7fq7mm2pw508176uk5ugtx,kvasir-seg,unet_pvt,polypseg/runs_cv/unet_pvt_seed42_fold2/best.pth,True
0.9766261284122891,0.9543199758433396,0.9789813708560345,0.9742821912971482,0.6246215291495677,0.4300554882358067,4,22.80460429793495,2.745682040251913,1,1,1,1.0,1,1.0,0,cju83mki1jv5w0817kubxm31r,kvasir-seg,unet_pvt,polypseg/runs_cv/unet_pvt_seed42_fold2/best.pth,True
0.939856444232253,0.8865369591872083,0.9296637278578074,0.9502751415545487,0.6637632646352919,0.4844517500512582,4,279.76311004819644,34.45481302392889,1,3,1,1.0,1,1.0,2,cju84ffdzkrjn08183jh1fxmb,kvasir-seg,unet_pvt,polypseg/runs_cv/unet_pvt_seed42_fold2/best.pth,True
0.9809955344693119,0.9626999367057911,0.9749367171108511,0.9871301286976272,0.7747545790629442,0.5604982011515445,4,20.5730163436513,2.643220151225876,1,1,1,1.0,1,1.0,0,cju8567gdlcbq0801dwwyo2jt,kvasir-seg,unet_pvt,polypseg/runs_cv/unet_pvt_seed42_fold2/best.pth,True
0.5247193224310635,0.3556742323065805,0.3635040480272582,0.9428975931820931,0.600638935610247,0.5336134026077376,4,260.0,32.48066960347838,1,2,1,1.0,1,1.0,1,cju85c2d4ln1b0755zz1z3onx,kvasir-seg,unet_pvt,polypseg/runs_cv/unet_pvt_seed42_fold2/best.pth,True
0.9668246445437338,0.9357798165024651,0.9636996519024901,0.9699699699578332,0.9903378865603081,0.7137601880311979,4,3.605551275463989,0.4348970870065422,1,1,1,1.0,1,1.0,0,cju85citjlnfm0755i4rk5tqj,kvasir-seg,unet_pvt,polypseg/runs_cv/unet_pvt_seed42_fold2/best.pth,True
0.9404249210417011,0.887549112580358,0.899245024015791,0.9855573943058104,0.7853750182068074,0.5338541242162099,4,16.1245154965971,1.9861076390654424,1,1,1,1.0,1,1.0,0,cju87mrypnb1e0818scv1mxxg,kvasir-seg,unet_pvt,polypseg/runs_cv/unet_pvt_seed42_fold2/best.pth,True
0.953973810445767,0.9119980168491819,0.9779372674022865,0.9311566691898155,0.8949950432460415,0.634806770905034,4,9.219544457292887,1.1331789796870273,1,1,1,1.0,1,1.0,0,cju887ftknop008177nnjt46y,kvasir-seg,unet_pvt,polypseg/runs_cv/unet_pvt_seed42_fold2/best.pth,True
0.972957158846834,0.9473384360036974,0.9852641883685362,0.96095379280645,0.7490799473009822,0.559334379789387,4,7.280109889280518,0.9344685656891545,1,1,1,1.0,1,1.0,0,cju888fr7nveu0818r9uwtiit,kvasir-seg,unet_pvt,polypseg/runs_cv/unet_pvt_seed42_fold2/best.pth,True
0.3552751596223106,0.2160088732779924,0.9897300158709398,0.21649412909002871,0.2684278013106399,0.22469584681221028,4,118.97352340209231,15.285712569600816,1,2,0,0.0,0,0.0,2,cju88evxanv9r08176zkeovec,kvasir-seg,unet_pvt,polypseg/runs_cv/unet_pvt_seed42_fold2/best.pth,True
0.9775136353482582,0.9560163041207878,0.9716254346000913,0.9834736380448795,0.7586657363487026,0.5828143958933618,4,22.06117462953037,2.7816552872841,1,1,1,1.0,1,1.0,0,cju88rl5eo94l0850kf5wtrm1,kvasir-seg,unet_pvt,polypseg/runs_cv/unet_pvt_seed42_fold2/best.pth,True
0.9484531815823773,0.9019600125932751,0.9061923340526886,0.9948485681609752,0.7967680944188341,0.6951518816478602,4,51.04308553528547,6.355425116670178,1,1,1,1.0,1,1.0,0,cju892fesoq2g0801n0e0jyia,kvasir-seg,unet_pvt,polypseg/runs_cv/unet_pvt_seed42_fold2/best.pth,True
0.9801978387659942,0.9611647003963116,0.9899542029823645,0.9706319029495372,0.7850812884517072,0.5618184678404007,4,6.708203932499369,0.8069386613961127,1,1,1,1.0,1,1.0,0,cju893jmdompz0817xn3g1w4h,kvasir-seg,unet_pvt,polypseg/runs_cv/unet_pvt_seed42_fold2/best.pth,True
0.9894319406509352,0.9790849131806679,0.9935174094843414,0.985379934140943,0.9503224833288836,0.7358875038603726,4,4.47213595499958,0.5522502410762664,1,1,1,1.0,1,1.0,0,cju8alhigqn2h0801zksudldd,kvasir-seg,unet_pvt,polypseg/runs_cv/unet_pvt_seed42_fold2/best.pth,True
0.9704683503816927,0.9426309047822744,0.9832381877769009,0.9580259576276854,0.8214838404640571,0.6436049492746939,4,7.190097340068606,0.9237833607423217,1,1,1,1.0,1,1.0,0,cju8ando2qqdo0818ck7i1be1,kvasir-seg,unet_pvt,polypseg/runs_cv/unet_pvt_seed42_fold2/best.pth,True
0.9875253926912141,0.9753581823806048,0.9872994078749755,0.9877514809804889,0.9472386939211805,0.892850248600051,3,3.2509323832274712,0.46714343914064,1,1,1,1.0,1,1.0,0,cju8apjewqrk00801k5d71gky,kvasir-seg,unet_pvt,polypseg/runs_cv/unet_pvt_seed42_fold2/best.pth,True
0.9808750563780745,0.9624679118264807,0.9986223365080948,0.963747562480378,0.9999999500000026,0.9163179416396798,4,2.8284271247461903,0.3523144860544718,1,1,1,1.0,1,1.0,0,cju8axq24r4an0755yhv9d4ly,kvasir-seg,unet_pvt,polypseg/runs_cv/unet_pvt_seed42_fold2/best.pth,True
0.9289023162097526,0.8672433245515814,0.9965427830510237,0.8698604300198426,0.6210937000923196,0.4568300405774838,4,14.012484096666368,1.7499371047211725,1,1,1,1.0,1,1.0,0,cju8ayeq7r1fb0818z1junacy,kvasir-seg,unet_pvt,polypseg/runs_cv/unet_pvt_seed42_fold2/best.pth,True
0.9720228868850374,0.9455686070087947,0.9623545905782988,0.9818874197769623,0.7472505648824469,0.6087566389202729,4,13.0,1.7036603248804771,1,1,1,1.0,1,1.0,0,cju8azmhcr66e0755t61atz72,kvasir-seg,unet_pvt,polypseg/runs_cv/unet_pvt_seed42_fold2/best.pth,True
0.9652167859747739,0.9327719786061816,0.9386127219792194,0.9933729760698842,0.6272396917089995,0.429248243767112,4,33.82748932692612,4.072374768409855,1,1,1,1.0,1,1.0,0,cju8b1v3br45u087189kku66u,kvasir-seg,unet_pvt,polypseg/runs_cv/unet_pvt_seed42_fold2/best.pth,True
0.9438982070526898,0.8937568455579562,0.9996937212787159,0.8940016433792523,0.7000862575106352,0.49550162260877695,4,9.25170995850744,1.156856962249296,1,1,1,1.0,1,1.0,0,cju8b5p40r2c60987ofa0mu03,kvasir-seg,unet_pvt,polypseg/runs_cv/unet_pvt_seed42_fold2/best.pth,True
0.8892320469221027,0.8005560877571892,0.8068907048470271,0.9902887366658276,0.4292555158563056,0.23949574839405038,4,36.86871756045645,4.9702880360297526,1,2,1,1.0,1,1.0,1,cju8b8yair65w09878pyqtr96,kvasir-seg,unet_pvt,polypseg/runs_cv/unet_pvt_seed42_fold2/best.pth,True
0.9649582326461491,0.932289172361735,0.9908268554495294,0.9404060033146247,0.5583053128694341,0.3369974954627317,4,18.422795133465115,2.2583298038637434,1,1,1,1.0,1,1.0,0,cju8bljw9rqk20801kr54akrl,kvasir-seg,unet_pvt,polypseg/runs_cv/unet_pvt_seed42_fold2/best.pth,True
0.8892459186271612,0.8005785740873406,0.8008027629907514,0.9996504311232852,0.4894599998833101,0.2406751531680099,4,13.101402705563627,1.6045173810675788,1,1,1,1.0,1,1.0,0,cju8brv16rx7f0818uf5n89pv,kvasir-seg,unet_pvt,polypseg/runs_cv/unet_pvt_seed42_fold2/best.pth,True
0.9820916696617705,0.9648134713029042,0.9685673215122788,0.9959990539615358,0.8726105813458318,0.6424052731327033,4,7.211102550927978,0.927092924633137,1,1,1,1.0,1,1.0,0,cju8bysfgrzkl081786jwac09,kvasir-seg,unet_pvt,polypseg/runs_cv/unet_pvt_seed42_fold2/best.pth,True
0.8184792447292291,0.6927337002570529,0.9997899860390135,0.6928345175920787,0.32694513273581544,0.1974770874596745,4,84.28344715496237,10.155804248645333,1,1,1,1.0,1,1.0,0,cju8c1a0ws7o208181c6lbsom,kvasir-seg,unet_pvt,polypseg/runs_cv/unet_pvt_seed42_fold2/best.pth,True
0.9533006677598733,0.9107683920268075,0.9820701817841841,0.9261687723216311,0.5518403919929499,0.3748084370026293,4,27.202941017470888,3.4594531761316576,1,1,1,1.0,1,1.0,0,cju8c2rqzs5t80850d0zky5dy,kvasir-seg,unet_pvt,polypseg/runs_cv/unet_pvt_seed42_fold2/best.pth,True
0.9874935944476164,0.9752961453205611,0.9786696681006433,0.9964780858648354,0.9988478762673498,0.8545693060133057,4,3.0,0.3895039787039234,1,1,1,1.0,1,1.0,0,cju8c9akjsdjj0850s67uzlxq,kvasir-seg,unet_pvt,polypseg/runs_cv/unet_pvt_seed42_fold2/best.pth,True
0.9824705372803318,0.9655450512994186,0.9756649688715887,0.989371714526113,0.8964793616396851,0.6820748464990041,4,5.0,0.6014565668514644,1,1,1,1.0,1,1.0,0,cju8cdeazsm8h0801jxifmzur,kvasir-seg,unet_pvt,polypseg/runs_cv/unet_pvt_seed42_fold2/best.pth,True
0.9442658622177722,0.8944163387587182,0.9035585841292488,0.9888140859555793,0.8398274574720596,0.758363399924498,4,19.215822428602056,2.358060748766388,1,1,1,1.0,1,1.0,0,cju8cgi2kspp308011nxdtjp6,kvasir-seg,unet_pvt,polypseg/runs_cv/unet_pvt_seed42_fold2/best.pth,True
0.9604887337342335,0.9239810715901084,0.9948112321539377,0.9284556052219115,0.8038067071145248,0.7090972795920666,4,27.881888919684368,3.356604441871735,1,1,1,1.0,1,1.0,0,cju8czvnztbf40871b4m7t78w,kvasir-seg,unet_pvt,polypseg/runs_cv/unet_pvt_seed42_fold2/best.pth,True
0.9857402661806793,0.9718814947614575,0.9802100244528879,0.9913332640528082,0.9476690177816148,0.7650122931018112,4,4.123105625617661,0.5041522598927591,1,1,1,1.0,1,1.0,0,cju8d4jgatgpj0871q2ophhkm,kvasir-seg,unet_pvt,polypseg/runs_cv/unet_pvt_seed42_fold2/best.pth,True
0.9558058638380722,0.9153526444337848,0.9189679885302788,0.9957204486592037,0.6162635103845377,0.41579267054716224,4,10.0,1.2363395424864383,1,1,1,1.0,1,1.0,0,cju8djdqztu6408506pzhlo18,kvasir-seg,unet_pvt,polypseg/runs_cv/unet_pvt_seed42_fold2/best.pth,True
0.9491608558875763,0.9032408634618111,0.9902418130035466,0.9113526763857643,0.569072709162858,0.22151675699596146,9,205.4020343070422,11.934711363185242,1,2,1,1.0,1,1.0,1,cju8dqkrqu83i0818ev74qpxq,kvasir-seg,unet_pvt,polypseg/runs_cv/unet_pvt_seed42_fold2/best.pth,True
0.9220643626499411,0.8553983472674642,0.9869571367916623,0.8651785714264256,0.7330657495585745,0.5570370410613152,5,45.17798129822977,4.899732842970579,1,1,1,1.0,1,1.0,0,cjyzkmjy8evns070165gf9dmq,kvasir-seg,unet_pvt,polypseg/runs_cv/unet_pvt_seed42_fold2/best.pth,True
0.9480259042564043,0.9011874989053653,0.901723685360221,0.999340612452729,0.7691720146185167,0.2654765800809682,5,67.264298164975,7.295082281403478,1,1,1,1.0,1,1.0,0,ck2395w2mb4vu07480otsu6tw,kvasir-seg,unet_pvt,polypseg/runs_cv/unet_pvt_seed42_fold2/best.pth,True
0.918286161468246,0.8489178272089654,0.9443363959429659,0.8936345751038037,0.7754784557425204,0.5129627637986814,5,24.47953480478423,2.654903499823762,1,1,1,1.0,1,1.0,0,ck2bxlujamu330725szlc2jdu,kvasir-seg,unet_pvt,polypseg/runs_cv/unet_pvt_seed42_fold2/best.pth,True
0.676857487446563,0.5115529740937315,0.8833735998178243,0.5486041647697163,0.4104962828675441,0.3050185181535303,4,128.8145812043395,15.765444186336774,1,1,1,1.0,1,1.0,0,ck2bxpfgxu2mk0748gsh7xelu,kvasir-seg,unet_pvt,polypseg/runs_cv/unet_pvt_seed42_fold2/best.pth,True
0.956376909172975,0.916400679114036,0.9369857306498038,0.9765876605718234,0.6840617928800515,0.4425374049817894,4,11.0,1.4450236610230822,1,1,1,1.0,1,1.0,0,149,cvc-300,unet_pvt,polypseg/runs_cv/unet_pvt_seed42_fold2/best.pth,True
0.9416351662959331,0.8897075340271813,0.922747181059907,0.9613125576381665,0.7230402899078069,0.4828898899720153,4,14.866068747318506,1.9528928260246379,1,1,1,1.0,1,1.0,0,150,cvc-300,unet_pvt,polypseg/runs_cv/unet_pvt_seed42_fold2/best.pth,True
0.9272047344119115,0.864288615128846,0.9867089096593252,0.8744692507815746,0.6667704653864049,0.4129603042762146,4,13.92838827718412,1.8297136927679616,1,1,1,1.0,1,1.0,0,151,cvc-300,unet_pvt,polypseg/runs_cv/unet_pvt_seed42_fold2/best.pth,True
0.8925298320394548,0.8059177193757622,0.8183002949391707,0.9815698535380815,0.5394841026282362,0.46786562745628973,4,21.221317269209425,2.7877550520077605,1,1,1,1.0,1,1.0,0,152,cvc-300,unet_pvt,polypseg/runs_cv/unet_pvt_seed42_fold2/best.pth,True
0.5877062157249668,0.41613595008962784,0.4222830387746561,0.9662014334140611,0.41866847444170435,0.3322722017676478,4,98.63289648073005,12.956988106354112,1,1,1,1.0,0,0.0,0,153,cvc-300,unet_pvt,polypseg/runs_cv/unet_pvt_seed42_fold2/best.pth,True
0.6023350433380437,0.4309581065669706,0.4634754990904561,0.8599932648521637,0.2729486791629053,0.13969053275809387,4,198.3404892145038,26.055154532168313,1,2,1,1.0,1,1.0,1,154,cvc-300,unet_pvt,polypseg/runs_cv/unet_pvt_seed42_fold2/best.pth,True
0.8785263548585814,0.7833678113298852,0.818732162926414,0.9477425167589574,0.5167037361961986,0.2564067972801773,4,25.974009593965558,3.4120962213564336,1,1,1,1.0,1,1.0,0,155,cvc-300,unet_pvt,polypseg/runs_cv/unet_pvt_seed42_fold2/best.pth,True
0.8594750722035698,0.7535785069285005,0.9577385950047895,0.7794988610389578,0.21460659275305638,0.09798989982957519,4,13.905024490156814,1.8266444904892742,1,1,1,1.0,1,1.0,0,156,cvc-300,unet_pvt,polypseg/runs_cv/unet_pvt_seed42_fold2/best.pth,True
0.9652772636339284,0.9328849456077148,0.9529308580477572,0.9779477947648073,0.98909675713664,0.7793131868219201,4,3.605551275463989,0.4736460821888561,1,1,1,1.0,1,1.0,0,157,cvc-300,unet_pvt,polypseg/runs_cv/unet_pvt_seed42_fold2/best.pth,True
0.9393715887229726,0.885674547970992,0.9017275559203947,0.9802955664873724,0.8024728260061803,0.46413773425408406,4,5.0,0.6568289368286738,1,1,1,1.0,1,1.0,0,158,cvc-300,unet_pvt,polypseg/runs_cv/unet_pvt_seed42_fold2/best.pth,True
0.9421563483673783,0.8906385616752556,0.8921873059136481,0.9980547450187849,0.752171119015317,0.5493001812434305,4,6.312465680834829,0.8292420243820462,1,1,1,1.0,1,1.0,0,159,cvc-300,unet_pvt,polypseg/runs_cv/unet_pvt_seed42_fold2/best.pth,True
0.8619718309798452,0.7574257425648834,0.7575194949776269,0.999836627985626,0.2661556259802902,0.12318215710241082,4,12.0,1.576389448388817,1,1,1,1.0,1,1.0,0,160,cvc-300,unet_pvt,polypseg/runs_cv/unet_pvt_seed42_fold2/best.pth,True
0.9115953647626879,0.8375518949934706,0.9066396056696631,0.9166055986968107,0.555317982319491,0.2582277981554335,4,6.708203932499369,0.8812284914026979,1,1,1,1.0,1,1.0,0,161,cvc-300,unet_pvt,polypseg/runs_cv/unet_pvt_seed42_fold2/best.pth,True
0.9016235190794065,0.8208692872991232,0.8492312778831339,0.9609053497762644,0.6815508837596074,0.3934182852899152,4,12.0,1.576389448388817,1,1,1,1.0,1,1.0,0,162,cvc-300,unet_pvt,polypseg/runs_cv/unet_pvt_seed42_fold2/best.pth,True
0.9143085349103474,0.8421439831755948,0.8503661254287342,0.9886489820976108,0.6249955294942923,0.3406530483412284,4,10.0,1.3136578736573477,1,1,1,1.0,1,1.0,0,163,cvc-300,unet_pvt,polypseg/runs_cv/unet_pvt_seed42_fold2/best.pth,True
0.930544747077186,0.8701109696118782,0.876729905591818,0.9913980723288278,0.6927100131061338,0.3392556523007759,4,9.0,1.1822920862916129,1,1,1,1.0,1,1.0,0,164,cvc-300,unet_pvt,polypseg/runs_cv/unet_pvt_seed42_fold2/best.pth,True
0.9727463312328987,0.9469387755026255,0.9557350565350909,0.9903741524986157,0.9879357392572123,0.7650275628577796,4,3.605551275463989,0.4736460821888561,1,1,1,1.0,1,1.0,0,165,cvc-300,unet_pvt,polypseg/runs_cv/unet_pvt_seed42_fold2/best.pth,True
0.9602663849103183,0.9235696249250257,0.9300998573408789,0.9924553275910493,0.7814939338880575,0.46764855599707056,4,5.0,0.6568289368286738,1,1,1,1.0,1,1.0,0,166,cvc-300,unet_pvt,polypseg/runs_cv/unet_pvt_seed42_fold2/best.pth,True
0.9648637006894045,0.9321127095359396,0.9876543209752122,0.943101166835762,0.9531486191207044,0.7485495237963427,4,4.104639781775007,0.5392092367855915,1,1,1,1.0,1,1.0,0,167,cvc-300,unet_pvt,polypseg/runs_cv/unet_pvt_seed42_fold2/best.pth,True
0.9475427940299037,0.9003147953711921,0.9518790736242979,0.943245843054236,0.8360136679857876,0.5795917867925444,4,5.0,0.6568289368286738,1,1,1,1.0,1,1.0,0,168,cvc-300,unet_pvt,polypseg/runs_cv/unet_pvt_seed42_fold2/best.pth,True
0.9512031787090888,0.9069470457951051,0.9648582555840516,0.9379292128813354,0.7354190307324258,0.4957986340584631,4,5.830951894845301,0.765987586758076,1,1,1,1.0,1,1.0,0,169,cvc-300,unet_pvt,polypseg/runs_cv/unet_pvt_seed42_fold2/best.pth,True
0.9479539317262955,0.9010574349484399,0.9433164905790384,0.9526371944103881,0.4984430105000963,0.3145787250193727,4,7.810249675906654,1.0259995981984522,1,1,1,1.0,1,1.0,0,170,cvc-300,unet_pvt,polypseg/runs_cv/unet_pvt_seed42_fold2/best.pth,True
0.9771312533202601,0.9552850808004986,0.9803499685809319,0.973933604462359,0.83365243152338,0.4944898520993844,4,7.9807886552931695,1.0484025855021109,1,1,1,1.0,1,1.0,0,171,cvc-300,unet_pvt,polypseg/runs_cv/unet_pvt_seed42_fold2/best.pth,True
0.9365569680353062,0.8806837224792683,0.884835559536594,0.9947003154448618,0.6970408256437258,0.5559995049053525,4,9.0,1.1822920862916129,1,1,1,1.0,1,1.0,0,172,cvc-300,unet_pvt,polypseg/runs_cv/unet_pvt_seed42_fold2/best.pth,True
0.9294877978155228,0.8682645521637388,0.8824983972810467,0.9817626082426717,0.6492814827641817,0.46347800057040356,4,11.68955262773321,1.5356072848953668,1,1,1,1.0,1,1.0,0,173,cvc-300,unet_pvt,polypseg/runs_cv/unet_pvt_seed42_fold2/best.pth,True
0.941604533248186,0.8896528403867261,0.9137531835967382,0.9712070874742069,0.7637338310922258,0.48681158917825074,4,7.0,0.9195605115601433,1,1,1,1.0,1,1.0,0,174,cvc-300,unet_pvt,polypseg/runs_cv/unet_pvt_seed42_fold2/best.pth,True
0.9553319279226946,0.9144837039223691,0.9223502304076624,0.9907598382889963,0.7994813502205279,0.5559562662858005,4,7.933587386567325,1.0422019536712785,1,1,1,1.0,1,1.0,0,175,cvc-300,unet_pvt,polypseg/runs_cv/unet_pvt_seed42_fold2/best.pth,True
0.9270367220112901,0.863996691246543,0.8759521979112729,0.984448633357018,0.5343764857983061,0.28565330608307277,4,10.0,1.3136578736573477,1,1,1,1.0,1,1.0,0,176,cvc-300,unet_pvt,polypseg/runs_cv/unet_pvt_seed42_fold2/best.pth,True
0.9014001991862358,0.8204991467489281,0.8239263146532726,0.9949560268883219,0.5971323649967412,0.25573811616968156,4,14.0,1.8391210231202866,1,1,1,1.0,1,1.0,0,177,cvc-300,unet_pvt,polypseg/runs_cv/unet_pvt_seed42_fold2/best.pth,True
0.9424423787027731,0.8911499096822257,0.8960048426041645,0.993956486690922,0.8425183473834982,0.4900837774390352,4,6.0,0.7881947241944085,1,1,1,1.0,1,1.0,0,178,cvc-300,unet_pvt,polypseg/runs_cv/unet_pvt_seed42_fold2/best.pth,True
0.9079505197693946,0.8314188470449753,0.8473712737035515,0.9778583937831141,0.4329052469611501,0.23538668490341041,4,8.246211251235321,1.0832700338027088,1,1,1,1.0,1,1.0,0,179,cvc-300,unet_pvt,polypseg/runs_cv/unet_pvt_seed42_fold2/best.pth,True
0.9147578424097711,0.842906660059155,0.8467852257129288,0.9945953841586722,0.41093303203547493,0.225733584354581,4,12.041594578792296,1.5818535529820132,1,1,1,1.0,1,1.0,0,180,cvc-300,unet_pvt,polypseg/runs_cv/unet_pvt_seed42_fold2/best.pth,True
0.935216610097149,0.8783163026073092,0.9344703770104281,0.9359640359546856,0.6932505094563056,0.2347825587107857,4,6.4031242374328485,0.841151457050986,1,1,1,1.0,1,1.0,0,181,cvc-300,unet_pvt,polypseg/runs_cv/unet_pvt_seed42_fold2/best.pth,True
0.9225814292603148,0.8562887760760711,0.8665525114056329,0.9863565488437324,0.46685843811042815,0.3121943085976221,4,6.4031242374328485,0.841151457050986,1,1,1,1.0,1,1.0,0,182,cvc-300,unet_pvt,polypseg/runs_cv/unet_pvt_seed42_fold2/best.pth,True
0.9166600961845253,0.8461426491871012,0.8476232137525864,0.9979399141459582,0.7566765078674672,0.3141002390027323,4,8.06225774829855,1.0591048370507348,1,1,1,1.0,1,1.0,0,183,cvc-300,unet_pvt,polypseg/runs_cv/unet_pvt_seed42_fold2/best.pth,True
0.9469170486400493,0.8991856220036621,0.9073391895592613,0.9901051329469681,0.8951712922245576,0.553893652743062,4,6.0,0.7881947241944085,1,1,1,1.0,1,1.0,0,184,cvc-300,unet_pvt,polypseg/runs_cv/unet_pvt_seed42_fold2/best.pth,True
0.8337895971733309,0.7149564050812663,0.7149564050812663,0.9999999999687305,0.5493076923810903,0.2607458413417837,4,15.0,1.9704868104860214,1,1,1,1.0,1,1.0,0,185,cvc-300,unet_pvt,polypseg/runs_cv/unet_pvt_seed42_fold2/best.pth,True
0.929598788784638,0.8684582743783956,0.9148249316882339,0.9448576557849485,0.8982476307557642,0.49956326880113383,4,5.00495097567964,0.6574793256470584,1,1,1,1.0,1,1.0,0,186,cvc-300,unet_pvt,polypseg/runs_cv/unet_pvt_seed42_fold2/best.pth,True
0.9168975069154389,0.8465473145613507,0.8551271859925452,0.9882866329584684,0.7353252628935494,0.4533768670273133,4,6.4031242374328485,0.841151457050986,1,1,1,1.0,1,1.0,0,187,cvc-300,unet_pvt,polypseg/runs_cv/unet_pvt_seed42_fold2/best.pth,True
0.9220080681205511,0.8553014552836736,0.8558352402567956,0.9992713140393668,0.7622742561002889,0.4555159642659089,4,6.0,0.7881947241944085,1,1,1,1.0,1,1.0,0,188,cvc-300,unet_pvt,polypseg/runs_cv/unet_pvt_seed42_fold2/best.pth,True
0.9500943841378593,0.9049331385447248,0.9473003175985495,0.9529049816476995,0.8563763828491913,0.45481044563745254,4,5.0,0.6568289368286738,1,1,1,1.0,1,1.0,0,189,cvc-300,unet_pvt,polypseg/runs_cv/unet_pvt_seed42_fold2/best.pth,True
0.9102124742912253,0.8352201257756576,0.8364827412341084,0.9981960312537854,0.5296687571600169,0.3968456448979262,4,11.0,1.4450236610230822,1,1,1,1.0,1,1.0,0,190,cvc-300,unet_pvt,polypseg/runs_cv/unet_pvt_seed42_fold2/best.pth,True
0.9708143931306733,0.9432840749529985,0.9499501163871803,0.9926157588307478,0.9652618941868606,0.7432164151329902,4,4.0,0.525463149462939,1,1,1,1.0,1,1.0,0,191,cvc-300,unet_pvt,polypseg/runs_cv/unet_pvt_seed42_fold2/best.pth,True
0.9392098790174227,0.8853870906598013,0.9338191255646454,0.944663233354088,0.7008576076646637,0.4246490101970476,4,7.211102550927978,0.9472921643777122,1,1,1,1.0,1,1.0,0,192,cvc-300,unet_pvt,polypseg/runs_cv/unet_pvt_seed42_fold2/best.pth,True
0.9209557249254048,0.8534920634852897,0.8716161452352762,0.9762164124820604,0.6781580738664257,0.4153861713994598,4,15.0,1.9704868104860214,1,1,1,1.0,1,1.0,0,193,cvc-300,unet_pvt,polypseg/runs_cv/unet_pvt_seed42_fold2/best.pth,True
0.9210505560339102,0.8536549707539937,0.8714925373069291,0.9765847131545694,0.6832082931424918,0.42614208198671577,4,14.0,1.8391210231202866,1,1,1,1.0,1,1.0,0,194,cvc-300,unet_pvt,polypseg/runs_cv/unet_pvt_seed42_fold2/best.pth,True
0.8976207642339724,0.8142576847524061,0.8240485383251621,0.9856181554164716,0.6372944545203348,0.3510759436715955,4,15.68214217878004,2.060096954896839,1,1,1,1.0,1,1.0,0,195,cvc-300,unet_pvt,polypseg/runs_cv/unet_pvt_seed42_fold2/best.pth,True
0.9472730567074513,0.899827882950088,0.9067992599340101,0.9915286382476732,0.8782155149641794,0.6537002781080616,4,8.0,1.050926298925878,1,1,1,1.0,1,1.0,0,196,cvc-300,unet_pvt,polypseg/runs_cv/unet_pvt_seed42_fold2/best.pth,True
0.9446308724801735,0.8950715421248925,0.9260454229080404,0.9639776094766942,0.6747589646429927,0.4327809474830593,4,10.0,1.3136578736573477,1,1,1,1.0,1,1.0,0,197,cvc-300,unet_pvt,polypseg/runs_cv/unet_pvt_seed42_fold2/best.pth,True
0.8683168316760039,0.7672790901025477,0.7672790901025477,0.9999999999809959,0.45612649017983986,0.11534831511648176,4,13.0,1.7077552357545518,1,1,1,1.0,1,1.0,0,198,cvc-300,unet_pvt,polypseg/runs_cv/unet_pvt_seed42_fold2/best.pth,True
0.8925932493888242,0.8060211380291873,0.8297615122449745,0.965720133013997,0.640194843339549,0.3850576857424876,4,20.0,2.6273157473146953,1,1,1,1.0,1,1.0,0,199,cvc-300,unet_pvt,polypseg/runs_cv/unet_pvt_seed42_fold2/best.pth,True
0.9137931034390081,0.8412698412541313,0.8680154142414641,0.9646680941977588,0.6889142694976279,0.35400667820004017,4,6.0,0.7881947241944085,1,1,1,1.0,1,1.0,0,200,cvc-300,unet_pvt,polypseg/runs_cv/unet_pvt_seed42_fold2/best.pth,True
0.9124215809170336,0.8389478541569232,0.8410825815211408,0.9969838222923778,0.7452031397765196,0.6174115367438107,4,10.0,1.3136578736573477,1,1,1,1.0,1,1.0,0,201,cvc-300,unet_pvt,polypseg/runs_cv/unet_pvt_seed42_fold2/best.pth,True
0.8907720440618582,0.8030558906248246,0.8030558906248246,0.9999999999899859,0.37839432582283755,0.16137703457383323,4,15.0,1.9704868104860214,1,1,1,1.0,1,1.0,0,202,cvc-300,unet_pvt,polypseg/runs_cv/unet_pvt_seed42_fold2/best.pth,True
0.9263480637144148,0.86280109261407,0.8754094230174426,0.9835810332486401,0.7209698145527108,0.517200377579315,4,11.0,1.4450236610230822,1,1,1,1.0,1,1.0,0,203,cvc-300,unet_pvt,polypseg/runs_cv/unet_pvt_seed42_fold2/best.pth,True
0.5672406888220485,0.39590787119414234,0.42590810680267127,0.848957084611629,0.2259177418019203,0.16112527051073902,4,50.7656116671806,6.66886454776231,1,1,1,1.0,0,0.0,0,204,cvc-300,unet_pvt,polypseg/runs_cv/unet_pvt_seed42_fold2/best.pth,True
0.46060734762730293,0.29921368464203046,0.30765957446372116,0.915962837799157,0.3732248960038931,0.2629738410630665,4,46.95525830336115,6.168314477982492,1,1,1,1.0,0,0.0,0,205,cvc-300,unet_pvt,polypseg/runs_cv/unet_pvt_seed42_fold2/best.pth,True
0.4874144530740353,0.3222392637987387,0.32690213162709036,0.9576116681423149,0.4415185732734574,0.34013005259539136,4,48.34045641346089,6.350282118373272,1,1,1,1.0,0,0.0,0,206,cvc-300,unet_pvt,polypseg/runs_cv/unet_pvt_seed42_fold2/best.pth,True
0.5482790697623415,0.3776752531029389,0.3809462254345793,0.9777704047452631,0.4544848265179729,0.41948430111960056,4,50.48762224545735,6.6323462484982905,1,1,1,1.0,0,0.0,0,207,cvc-300,unet_pvt,polypseg/runs_cv/unet_pvt_seed42_fold2/best.pth,True
0.4323622728521436,0.27580496779621333,0.2794035414672991,0.9553855958600773,0.4238475082216201,0.39100341305779956,4,49.01326296974443,6.438665881384288,1,1,1,1.0,0,0.0,0,208,cvc-300,unet_pvt,polypseg/runs_cv/unet_pvt_seed42_fold2/best.pth,True
0.5672132529588703,0.3958811415098801,0.9974796145144925,0.39627753563201623,0.34274460310906496,0.34274460310906496,2,62.96615835443349,13.117949657173645,1,1,1,1.0,0,0.0,0,1,cvc-clinicdb,unet_pvt,polypseg/runs_cv/unet_pvt_seed42_fold2/best.pth,True
0.9019808229856564,0.8214618122046456,0.9998000932831358,0.821596758291416,0.4428986477225986,0.4428986477225986,2,37.0,7.708333333333333,1,1,1,1.0,1,1.0,0,10,cvc-clinicdb,unet_pvt,polypseg/runs_cv/unet_pvt_seed42_fold2/best.pth,True
0.9761087463890147,0.9533324393059766,0.9670793089244037,0.985308385294729,0.8415668042660119,0.8415668042660119,2,2.8284271247461903,0.5892556509887896,1,1,1,1.0,1,1.0,0,100,cvc-clinicdb,unet_pvt,polypseg/runs_cv/unet_pvt_seed42_fold2/best.pth,True
0.9606259780847535,0.9242351240553572,0.9417034855063611,0.9803245176826328,0.6894434305827358,0.6894434305827358,2,4.242640687119285,0.8838834764831843,1,1,1,1.0,1,1.0,0,101,cvc-clinicdb,unet_pvt,polypseg/runs_cv/unet_pvt_seed42_fold2/best.pth,True
0.9615240004952905,0.9258991069161729,0.9454097350468834,0.9781971184371007,0.7019363262106212,0.7019363262106212,2,4.242640687119285,0.8838834764831843,1,1,1,1.0,1,1.0,0,102,cvc-clinicdb,unet_pvt,polypseg/runs_cv/unet_pvt_seed42_fold2/best.pth,True
0.970912841665957,0.9434699809467427,0.9485086658509823,0.9944010141454214,0.7760319284718259,0.7760319284718259,2,4.0,0.8333333333333334,1,1,1,1.0,1,1.0,0,103,cvc-clinicdb,unet_pvt,polypseg/runs_cv/unet_pvt_seed42_fold2/best.pth,True
0.9267802690549711,0.8635512769029045,0.8839994524987407,0.973912387838544,0.3405064345411258,0.3405064345411258,2,8.48528137423857,1.7677669529663687,1,1,1,1.0,1,1.0,0,104,cvc-clinicdb,unet_pvt,polypseg/runs_cv/unet_pvt_seed42_fold2/best.pth,True
0.970608881425391,0.9428961100513348,0.9633466618141079,0.9779814256659205,0.66640531079119,0.66640531079119,2,4.123105625617661,0.858980338670346,1,1,1,1.0,1,1.0,0,105,cvc-clinicdb,unet_pvt,polypseg/runs_cv/unet_pvt_seed42_fold2/best.pth,True
0.8319381328197722,0.7122380724816583,0.9799042163491416,0.7227955946476221,0.357322291354875,0.357322291354875,2,80.05373175082832,16.677860781422567,1,1,1,1.0,1,1.0,0,106,cvc-clinicdb,unet_pvt,polypseg/runs_cv/unet_pvt_seed42_fold2/best.pth,True
0.8959747513941939,0.811552772480209,0.9351633986879206,0.859938455616598,0.39119937905461316,0.39119937905461316,2,38.0,7.916666666666667,1,1,1,1.0,1,1.0,0,107,cvc-clinicdb,unet_pvt,polypseg/runs_cv/unet_pvt_seed42_fold2/best.pth,True
0.8708267981154189,0.7712074610538188,0.976814326101308,0.7855879528991582,0.6186258383784247,0.6186258383784247,2,57.99481256267555,12.082252617224073,1,1,1,1.0,1,1.0,0,108,cvc-clinicdb,unet_pvt,polypseg/runs_cv/unet_pvt_seed42_fold2/best.pth,True
0.8547438097546741,0.7463341539080256,0.9654551747942854,0.7668114587300444,0.544510575265526,0.544510575265526,2,64.69578552378731,13.478288650789022,1,1,1,1.0,1,1.0,0,109,cvc-clinicdb,unet_pvt,polypseg/runs_cv/unet_pvt_seed42_fold2/best.pth,True
0.5035581158907846,0.33650362318650073,0.9938137435045341,0.33720996198821573,0.3482505642842119,0.3482505642842119,2,74.18352054839771,15.454900114249522,1,1,1,1.0,0,0.0,0,11,cvc-clinicdb,unet_pvt,polypseg/runs_cv/unet_pvt_seed42_fold2/best.pth,True
0.8862380983066043,0.7957159397885152,0.9745225940585436,0.8126207086799392,0.5419381376250199,0.5419381376250199,2,54.45628363767156,11.345059091181575,1,1,1,1.0,1,1.0,0,110,cvc-clinicdb,unet_pvt,polypseg/runs_cv/unet_pvt_seed42_fold2/best.pth,True
0.8632213533684346,0.7593574667559781,0.980450530907113,0.771031684092512,0.4966326231567535,0.4966326231567535,2,63.17316554716618,13.161076155659622,1,1,1,1.0,1,1.0,0,111,cvc-clinicdb,unet_pvt,polypseg/runs_cv/unet_pvt_seed42_fold2/best.pth,True
0.86754192122521,0.7660697887941305,0.9807974919125071,0.7777346177719945,0.5597695656497591,0.5597695656497591,2,65.37201023245127,13.61916879842735,1,1,1,1.0,1,1.0,0,112,cvc-clinicdb,unet_pvt,polypseg/runs_cv/unet_pvt_seed42_fold2/best.pth,True
0.86711078426944,0.765397686048473,0.987195272095606,0.7730726213861966,0.5650043089167845,0.5650043089167845,2,66.55316809220993,13.865243352543734,1,1,1,1.0,1,1.0,0,113,cvc-clinicdb,unet_pvt,polypseg/runs_cv/unet_pvt_seed42_fold2/best.pth,True
0.9610303343402447,0.9249840164774988,0.9578138217626326,0.9642685229719544,0.3502456475982774,0.3502456475982774,2,7.0,1.4583333333333333,1,1,1,1.0,1,1.0,0,114,cvc-clinicdb,unet_pvt,polypseg/runs_cv/unet_pvt_seed42_fold2/best.pth,True
0.5109823211390884,0.3431673971325756,0.9248942171910279,0.35300450844254755,0.27041145371787983,0.27041145371787983,2,177.95110657787697,37.07314720372437,1,1,1,1.0,0,0.0,0,115,cvc-clinicdb,unet_pvt,polypseg/runs_cv/unet_pvt_seed42_fold2/best.pth,True
0.5251051893383586,0.35602890832790646,0.9871682193533632,0.3576842239325031,0.36571960469017245,0.36571960469017245,2,174.21421630560727,36.29462839700151,1,1,1,1.0,0,0.0,0,116,cvc-clinicdb,unet_pvt,polypseg/runs_cv/unet_pvt_seed42_fold2/best.pth,True
0.547651570870297,0.3770800173608951,0.9648278415223097,0.382335680748369,0.385328186748744,0.385328186748744,2,170.2825428035492,35.47552975073942,1,1,1,1.0,0,0.0,0,117,cvc-clinicdb,unet_pvt,polypseg/runs_cv/unet_pvt_seed42_fold2/best.pth,True
0.30271626486144476,0.17835336461097528,0.9931997136366071,0.17857142857027947,0.16704211152941614,0.16704211152941614,2,197.1186034275251,41.066375714067725,1,1,0,0.0,0,0.0,1,118,cvc-clinicdb,unet_pvt,polypseg/runs_cv/unet_pvt_seed42_fold2/best.pth,True
0.48192074052367995,0.3174542682902633,0.9399684044021673,0.3240236502230899,0.23947522896470755,0.23947522896470755,2,183.63904406253718,38.25813417969525,1,1,1,1.0,0,0.0,0,119,cvc-clinicdb,unet_pvt,polypseg/runs_cv/unet_pvt_seed42_fold2/best.pth,True
0.52017833362133,0.3515142029879039,0.9992214436547745,0.3516105044798575,0.31005538228796914,0.31005538228796914,2,79.89113333626715,16.643986111722324,1,2,1,1.0,0,0.0,1,12,cvc-clinicdb,unet_pvt,polypseg/runs_cv/unet_pvt_seed42_fold2/best.pth,True
0.4863547758263053,0.321313586604687,0.9704738330804372,0.32448569401558,0.27823627013619784,0.27823627013619784,2,182.81602043035411,38.08667092299044,1,1,1,1.0,0,0.0,0,120,cvc-clinicdb,unet_pvt,polypseg/runs_cv/unet_pvt_seed42_fold2/best.pth,True
0.48658885707779526,0.3215179558796256,0.9843193157344206,0.3231732288052233,0.284814556288746,0.284814556288746,2,193.62734614890599,40.33903044768875,1,1,1,1.0,0,0.0,0,121,cvc-clinicdb,unet_pvt,polypseg/runs_cv/unet_pvt_seed42_fold2/best.pth,True
0.4109383075674908,0.25860437610728204,0.9884719710445644,0.2593866777373546,0.057049675885114046,0.057049675885114046,2,172.3973600971385,35.91611668690385,1,1,1,1.0,0,0.0,0,122,cvc-clinicdb,unet_pvt,polypseg/runs_cv/unet_pvt_seed42_fold2/best.pth,True
0.7262734804334088,0.5701957753698468,0.9821408763063544,0.5761697143191503,0.27736002034047186,0.27736002034047186,2,130.03999340245056,27.0916652921772,1,1,1,1.0,1,1.0,0,123,cvc-clinicdb,unet_pvt,polypseg/runs_cv/unet_pvt_seed42_fold2/best.pth,True
0.73455684869914,0.5804740007040415,0.9931410126992823,0.5828104652504865,0.3148805275690482,0.3148805275690482,2,119.41919670775668,24.878999314115976,1,1,1,1.0,1,1.0,0,124,cvc-clinicdb,unet_pvt,polypseg/runs_cv/unet_pvt_seed42_fold2/best.pth,True
0.8467954582099403,0.7342977134789146,0.9597462795686783,0.7576311988371918,0.46947007684865955,0.46947007684865955,2,53.98372828320976,11.246610059002032,1,1,1,1.0,1,1.0,0,125,cvc-clinicdb,unet_pvt,polypseg/runs_cv/unet_pvt_seed42_fold2/best.pth,True
0.8570968952712902,0.7499296237144606,0.9855715871132622,0.7582542694425213,0.653291104270753,0.653291104270753,2,57.03726771864302,11.88276410805063,1,1,1,1.0,1,1.0,0,126,cvc-clinicdb,unet_pvt,polypseg/runs_cv/unet_pvt_seed42_fold2/best.pth,True
0.9401929260363785,0.8871359223147168,0.887905604704357,0.9990238188012686,0.57110877049984,0.57110877049984,2,5.656854249492381,1.1785113019775793,1,1,1,1.0,1,1.0,0,127,cvc-clinicdb,unet_pvt,polypseg/runs_cv/unet_pvt_seed42_fold2/best.pth,True
0.957720158833935,0.9188704616626495,0.9221772379528839,0.9961127307904744,0.6721271561747602,0.6721271561747602,2,3.605551275463989,0.7511565157216644,1,1,1,1.0,1,1.0,0,128,cvc-clinicdb,unet_pvt,polypseg/runs_cv/unet_pvt_seed42_fold2/best.pth,True
0.969607662547003,0.9410082230849599,0.9425808761974145,0.9982300884829554,0.7771351214889531,0.7771351214889531,2,3.605551275463989,0.7511565157216644,1,1,1,1.0,1,1.0,0,129,cvc-clinicdb,unet_pvt,polypseg/runs_cv/unet_pvt_seed42_fold2/best.pth,True
0.8781719878413584,0.7828044747711053,0.9807827926570805,0.7949982136420507,0.44965300262706354,0.44965300262706354,2,24.81704362759416,5.170217422415449,1,1,1,1.0,1,1.0,0,13,cvc-clinicdb,unet_pvt,polypseg/runs_cv/unet_pvt_seed42_fold2/best.pth,True
0.9630987636865365,0.9288240094212636,0.9304268846418671,0.9981486894572916,0.6413699271020402,0.6413699271020402,2,4.254115450513289,0.8862740521902687,1,1,1,1.0,1,1.0,0,130,cvc-clinicdb,unet_pvt,polypseg/runs_cv/unet_pvt_seed42_fold2/best.pth,True
0.9702171089210883,0.9421569510681849,0.9523679417035302,0.9887481089165209,0.6925823500010949,0.6925823500010949,2,4.123105625617661,0.858980338670346,1,1,1,1.0,1,1.0,0,131,cvc-clinicdb,unet_pvt,polypseg/runs_cv/unet_pvt_seed42_fold2/best.pth,True
0.9740415704298009,0.9493967224752495,0.9648609077422244,0.9833986196421676,0.9449079485358168,0.9449079485358168,2,2.23606797749979,0.4658474953124562,1,1,1,1.0,1,1.0,0,132,cvc-clinicdb,unet_pvt,polypseg/runs_cv/unet_pvt_seed42_fold2/best.pth,True
0.9754879999937568,0.9521489255253355,0.9606706164003446,0.9907696307723509,0.9120830699046789,0.9120830699046789,2,3.1541637771599587,0.6571174535749914,1,1,1,1.0,1,1.0,0,133,cvc-clinicdb,unet_pvt,polypseg/runs_cv/unet_pvt_seed42_fold2/best.pth,True
0.9745429458366709,0.950349838523273,0.9579546995665543,0.9917158101517591,0.8849420292343891,0.8849420292343891,2,2.23606797749979,0.4658474953124562,1,1,1,1.0,1,1.0,0,134,cvc-clinicdb,unet_pvt,polypseg/runs_cv/unet_pvt_seed42_fold2/best.pth,True
0.9609762464077233,0.9248838085609541,0.9939254859544145,0.9301414855929121,0.6244347759869435,0.6244347759869435,2,12.0,2.5,1,1,1,1.0,1,1.0,0,135,cvc-clinicdb,unet_pvt,polypseg/runs_cv/unet_pvt_seed42_fold2/best.pth,True
0.9682022309105889,0.938364338357751,0.9412054640125249,0.9967934377256018,0.7500674289902616,0.7500674289902616,2,6.0,1.25,1,1,1,1.0,1,1.0,0,136,cvc-clinicdb,unet_pvt,polypseg/runs_cv/unet_pvt_seed42_fold2/best.pth,True
0.9681226881635504,0.9382149186326871,0.9399564199746593,0.9980291345244384,0.7539928260199804,0.7539928260199804,2,5.0,1.0416666666666667,1,1,1,1.0,1,1.0,0,137,cvc-clinicdb,unet_pvt,polypseg/runs_cv/unet_pvt_seed42_fold2/best.pth,True
0.9761917763310867,0.9534908528403995,0.9578845844668172,0.9952123809998596,0.6961079411636703,0.6961079411636703,2,4.123105625617661,0.858980338670346,1,1,1,1.0,1,1.0,0,138,cvc-clinicdb,unet_pvt,polypseg/runs_cv/unet_pvt_seed42_fold2/best.pth,True
0.977819431425329,0.9566014669881672,0.9580880621570139,0.9983806065315616,0.6479743461496831,0.6479743461496831,2,4.0,0.8333333333333334,1,1,1,1.0,1,1.0,0,139,cvc-clinicdb,unet_pvt,polypseg/runs_cv/unet_pvt_seed42_fold2/best.pth,True
0.2570006684978942,0.14744737066331096,0.9283606117271704,0.14914435967003256,0.26939790671692593,0.26939790671692593,2,143.41889887055115,29.878937264698155,1,2,0,0.0,0,0.0,2,14,cvc-clinicdb,unet_pvt,polypseg/runs_cv/unet_pvt_seed42_fold2/best.pth,True
0.9830369297902132,0.9666397518126444,0.9688218757944934,0.9976753366331959,0.8693603466443464,0.8693603466443464,2,3.1622776601683795,0.6588078458684125,1,1,1,1.0,1,1.0,0,140,cvc-clinicdb,unet_pvt,polypseg/runs_cv/unet_pvt_seed42_fold2/best.pth,True
0.9721189272539249,0.9457503917810485,0.9723022075929922,0.97193571599571,0.5225895580475939,0.5225895580475939,2,5.385164807134504,1.1219093348196882,1,1,1,1.0,1,1.0,0,141,cvc-clinicdb,unet_pvt,polypseg/runs_cv/unet_pvt_seed42_fold2/best.pth,True
0.9697629318855231,0.941300756786365,0.9434754148822013,0.9975573016284754,0.6166959927110485,0.6166959927110485,2,8.54400374531753,1.7800007802744855,1,1,1,1.0,1,1.0,0,142,cvc-clinicdb,unet_pvt,polypseg/runs_cv/unet_pvt_seed42_fold2/best.pth,True
0.9579634185371915,0.9193184150909605,0.9342791570846176,0.9828797190302265,0.7562569785334194,0.7562569785334194,2,4.030776406404415,0.8397450846675866,1,1,1,1.0,1,1.0,0,143,cvc-clinicdb,unet_pvt,polypseg/runs_cv/unet_pvt_seed42_fold2/best.pth,True
0.9759568349560465,0.9530426726828033,0.9552550635427122,0.9975757575697116,0.7375073659584499,0.7375073659584499,2,3.605551275463989,0.7511565157216644,1,1,1,1.0,1,1.0,0,144,cvc-clinicdb,unet_pvt,polypseg/runs_cv/unet_pvt_seed42_fold2/best.pth,True
0.985650164722432,0.9717063388221654,0.982500220395916,0.9888203717626155,0.8826379645082979,0.8826379645082979,2,2.8284271247461903,0.5892556509887896,1,1,1,1.0,1,1.0,0,145,cvc-clinicdb,unet_pvt,polypseg/runs_cv/unet_pvt_seed42_fold2/best.pth,True
0.9818998487926223,0.9644432796009066,0.9799822458900134,0.9838249710320657,0.8160565732684807,0.8160565732684807,2,3.605551275463989,0.7511565157216644,1,1,1,1.0,1,1.0,0,146,cvc-clinicdb,unet_pvt,polypseg/runs_cv/unet_pvt_seed42_fold2/best.pth,True
0.9807840122946423,0.9622926093445213,0.9700260642848969,0.9917832556000311,0.8336662536862929,0.8336662536862929,2,3.1622776601683795,0.6588078458684125,1,1,1,1.0,1,1.0,0,147,cvc-clinicdb,unet_pvt,polypseg/runs_cv/unet_pvt_seed42_fold2/best.pth,True
0.9683342333891288,0.9386123536600494,0.9431905126153098,0.9948552405831246,0.7168025039303944,0.7168025039303944,2,3.1622776601683795,0.6588078458684125,1,1,1,1.0,1,1.0,0,148,cvc-clinicdb,unet_pvt,polypseg/runs_cv/unet_pvt_seed42_fold2/best.pth,True
0.9712104342242128,0.9440321583081422,0.9472541110668398,0.9964099216601783,0.7631343991530598,0.7631343991530598,2,3.605551275463989,0.7511565157216644,1,1,1,1.0,1,1.0,0,149,cvc-clinicdb,unet_pvt,polypseg/runs_cv/unet_pvt_seed42_fold2/best.pth,True
0.1561342063850664,0.08467764135857325,0.9675998741438314,0.08491842199683924,0.17851890551973992,0.17851890551973992,2,177.55280904564702,36.99016855117646,1,2,0,0.0,0,0.0,2,15,cvc-clinicdb,unet_pvt,polypseg/runs_cv/unet_pvt_seed42_fold2/best.pth,True
0.9612208871877386,0.9253371340760296,0.9309508051959965,0.993525603284361,0.6769246712816468,0.6769246712816468,2,4.0,0.8333333333333334,1,1,1,1.0,1,1.0,0,150,cvc-clinicdb,unet_pvt,polypseg/runs_cv/unet_pvt_seed42_fold2/best.pth,True
0.9549524145156506,0.9137884511479522,0.9243892452446515,0.9876057159377719,0.6468977108527337,0.6468977108527337,2,4.47213595499958,0.9316949906249123,1,1,1,1.0,1,1.0,0,151,cvc-clinicdb,unet_pvt,polypseg/runs_cv/unet_pvt_seed42_fold2/best.pth,True
0.9576788394173145,0.9187943943131177,0.9927400954107408,0.9250096636986614,0.5313586197758428,0.5313586197758428,2,8.587744886611352,1.7891135180440318,1,1,1,1.0,1,1.0,0,152,cvc-clinicdb,unet_pvt,polypseg/runs_cv/unet_pvt_seed42_fold2/best.pth,True
0.9478069843121899,0.900791936632098,0.9089060002773659,0.9901867679488733,0.5939552719697652,0.5939552719697652,2,5.0,1.0416666666666667,1,1,1,1.0,1,1.0,0,153,cvc-clinicdb,unet_pvt,polypseg/runs_cv/unet_pvt_seed42_fold2/best.pth,True
0.05547710308598469,0.02852993049041882,0.0295254455654979,0.4583333332569445,0.06924641408489947,0.06924641408489947,2,164.41060967597332,34.25221034916111,1,3,0,0.0,0,0.0,3,154,cvc-clinicdb,unet_pvt,polypseg/runs_cv/unet_pvt_seed42_fold2/best.pth,True
0.9010654489832248,0.8199445982925239,0.9221183800048524,0.8809523808999433,0.7292243945331133,0.7292243945331133,2,6.0,1.25,1,1,1,1.0,1,1.0,0,155,cvc-clinicdb,unet_pvt,polypseg/runs_cv/unet_pvt_seed42_fold2/best.pth,True
0.9645753307622217,0.9315746083897037,0.9660183799750798,0.9631365863847616,0.8801749269953205,0.8801749269953205,2,3.0,0.625,1,1,1,1.0,1,1.0,0,156,cvc-clinicdb,unet_pvt,polypseg/runs_cv/unet_pvt_seed42_fold2/best.pth,True
0.966408268727447,0.9349999999880129,0.9607429851012944,0.9721407624503847,0.8219938510087775,0.8219938510087775,2,3.605551275463989,0.7511565157216644,1,1,1,1.0,1,1.0,0,157,cvc-clinicdb,unet_pvt,polypseg/runs_cv/unet_pvt_seed42_fold2/best.pth,True
0.9727592267028474,0.9469632164040427,0.9603122966610212,0.9855330513913748,0.9999999500000026,0.9999999500000026,2,2.0,0.4166666666666667,1,1,1,1.0,1,1.0,0,158,cvc-clinicdb,unet_pvt,polypseg/runs_cv/unet_pvt_seed42_fold2/best.pth,True
0.9539056030650316,0.9118733508753628,0.9520661156500239,0.9557522123365181,0.916227307915704,0.916227307915704,2,3.0,0.625,1,1,1,1.0,1,1.0,0,159,cvc-clinicdb,unet_pvt,polypseg/runs_cv/unet_pvt_seed42_fold2/best.pth,True
0.9097335508366657,0.8344139650768776,0.9813755682507498,0.8478398580913742,0.6584014271861485,0.6584014271861485,2,16.97056274847714,3.5355339059327373,1,1,1,1.0,1,1.0,0,16,cvc-clinicdb,unet_pvt,polypseg/runs_cv/unet_pvt_seed42_fold2/best.pth,True
0.9719558530789942,0.9454417458530394,0.963299462032716,0.9807692307572934,0.9360901755640254,0.9360901755640254,2,2.23606797749979,0.4658474953124562,1,1,1,1.0,1,1.0,0,160,cvc-clinicdb,unet_pvt,polypseg/runs_cv/unet_pvt_seed42_fold2/best.pth,True
0.9470168513595413,0.8993656285784497,0.9109228971696577,0.9860891558335098,0.8342275473242252,0.8342275473242252,2,4.0,0.8333333333333334,1,1,1,1.0,1,1.0,0,161,cvc-clinicdb,unet_pvt,polypseg/runs_cv/unet_pvt_seed42_fold2/best.pth,True
0.9691056910476412,0.9400630914652057,0.9469158878327679,0.99236043093061,0.9077623500696598,0.9077623500696598,2,2.23606797749979,0.4658474953124562,1,1,1,1.0,1,1.0,0,162,cvc-clinicdb,unet_pvt,polypseg/runs_cv/unet_pvt_seed42_fold2/best.pth,True
0.9668674698704172,0.935860058291985,0.940314902948731,0.9949631925417481,0.8376236652646132,0.8376236652646132,2,3.605551275463989,0.7511565157216644,1,1,1,1.0,1,1.0,0,163,cvc-clinicdb,unet_pvt,polypseg/runs_cv/unet_pvt_seed42_fold2/best.pth,True
0.9529800282913512,0.9101832381823316,0.9480600750642034,0.9579513120152403,0.8213898090894364,0.8213898090894364,2,3.0,0.625,1,1,1,1.0,1,1.0,0,164,cvc-clinicdb,unet_pvt,polypseg/runs_cv/unet_pvt_seed42_fold2/best.pth,True
0.9565392084580691,0.9166987549619214,0.9414711310184357,0.9720974547302015,0.6650604362666012,0.6650604362666012,2,3.6252737116907716,0.7552653566022441,1,1,1,1.0,1,1.0,0,165,cvc-clinicdb,unet_pvt,polypseg/runs_cv/unet_pvt_seed42_fold2/best.pth,True
0.9681460748969202,0.9382588478308156,0.9465728433548792,0.990725586456755,0.8143498400818853,0.8143498400818853,2,3.605551275463989,0.7511565157216644,1,1,1,1.0,1,1.0,0,166,cvc-clinicdb,unet_pvt,polypseg/runs_cv/unet_pvt_seed42_fold2/best.pth,True
0.965246636757774,0.9328277356193709,0.9479768785866233,0.9831572937201497,0.8517946758881569,0.8517946758881569,2,3.1622776601683795,0.6588078458684125,1,1,1,1.0,1,1.0,0,167,cvc-clinicdb,unet_pvt,polypseg/runs_cv/unet_pvt_seed42_fold2/best.pth,True
0.9592959295833653,0.9217758985023684,0.9508326724633063,0.9679112007877314,0.7961762299744156,0.7961762299744156,2,3.605551275463989,0.7511565157216644,1,1,1,1.0,1,1.0,0,168,cvc-clinicdb,unet_pvt,polypseg/runs_cv/unet_pvt_seed42_fold2/best.pth,True
0.9733897792487648,0.948159057423444,0.9733897792414062,0.9733897792414062,0.9175044433743647,0.9175044433743647,2,2.23606797749979,0.4658474953124562,1,1,1,1.0,1,1.0,0,169,cvc-clinicdb,unet_pvt,polypseg/runs_cv/unet_pvt_seed42_fold2/best.pth,True
0.7834348355632016,0.6439727673164866,0.9958711808319995,0.6456966938786929,0.5700586839574371,0.5700586839574371,2,47.43416490252569,9.882117688026186,1,1,1,1.0,1,1.0,0,17,cvc-clinicdb,unet_pvt,polypseg/runs_cv/unet_pvt_seed42_fold2/best.pth,True
0.9650099821270882,0.9323857867830988,0.9468041236918185,0.9839297192846812,0.8823516131542469,0.8823516131542469,2,2.23606797749979,0.4658474953124562,1,1,1,1.0,1,1.0,0,170,cvc-clinicdb,unet_pvt,polypseg/runs_cv/unet_pvt_seed42_fold2/best.pth,True
0.9715255515654202,0.9446277960956247,0.953544327207967,0.9901979626947877,0.912095666783392,0.912095666783392,2,2.23606797749979,0.4658474953124562,1,1,1,1.0,1,1.0,0,171,cvc-clinicdb,unet_pvt,polypseg/runs_cv/unet_pvt_seed42_fold2/best.pth,True
0.9628079214142198,0.9282831418525836,0.9651387991941531,0.9604882749450534,0.9196786648602469,0.9196786648602469,2,2.23606797749979,0.4658474953124562,1,1,1,1.0,1,1.0,0,172,cvc-clinicdb,unet_pvt,polypseg/runs_cv/unet_pvt_seed42_fold2/best.pth,True
0.9684512857291726,0.9388323327160981,0.9471558988680903,0.9907262877514394,0.7254463172792287,0.7254463172792287,2,4.47213595499958,0.9316949906249123,1,1,1,1.0,1,1.0,0,173,cvc-clinicdb,unet_pvt,polypseg/runs_cv/unet_pvt_seed42_fold2/best.pth,True
0.9558424196810132,0.9154197007208495,0.9249676584660012,0.9888495116173494,0.6583543721459052,0.6583543721459052,2,5.0,1.0416666666666667,1,1,1,1.0,1,1.0,0,174,cvc-clinicdb,unet_pvt,polypseg/runs_cv/unet_pvt_seed42_fold2/best.pth,True
0.9265987608914327,0.8632361573021375,0.9890159157065753,0.8715922560195469,0.6582140220001126,0.6582140220001126,2,28.0,5.833333333333333,1,1,1,1.0,1,1.0,0,175,cvc-clinicdb,unet_pvt,polypseg/runs_cv/unet_pvt_seed42_fold2/best.pth,True
0.9047889725703254,0.8261320877071096,0.8285509792385415,0.9964785976915527,0.4825263239945565,0.4825263239945565,2,26.40075756488817,5.500157826018369,1,1,1,1.0,1,1.0,0,176,cvc-clinicdb,unet_pvt,polypseg/runs_cv/unet_pvt_seed42_fold2/best.pth,True
0.9118942731226031,0.8380566801532434,0.8497000315666803,0.9839122486168931,0.6253132881703917,0.6253132881703917,2,24.031222920256962,5.006504775053533,1,1,1,1.0,1,1.0,0,177,cvc-clinicdb,unet_pvt,polypseg/runs_cv/unet_pvt_seed42_fold2/best.pth,True
0.8545269582040156,0.7460035522653635,0.7513416814398316,0.9905660375022249,0.7796821720496145,0.7796821720496145,2,3.0,0.625,1,1,1,1.0,1,1.0,0,178,cvc-clinicdb,unet_pvt,polypseg/runs_cv/unet_pvt_seed42_fold2/best.pth,True
0.9027401384989049,0.8227222831826915,0.8227222831826915,0.9999999999666445,0.3550044733987038,0.3550044733987038,2,5.0,1.0416666666666667,1,1,1,1.0,1,1.0,0,179,cvc-clinicdb,unet_pvt,polypseg/runs_cv/unet_pvt_seed42_fold2/best.pth,True
0.9321360887964437,0.8728978281004571,0.9832460732890694,0.8860770352501837,0.6307896555328372,0.6307896555328372,2,14.0,2.9166666666666665,1,1,1,1.0,1,1.0,0,18,cvc-clinicdb,unet_pvt,polypseg/runs_cv/unet_pvt_seed42_fold2/best.pth,True
0.9208593962344186,0.8533266128817206,0.8546188793322913,0.9982311320460427,0.631498937218028,0.631498937218028,2,7.615773105863909,1.5866193970549811,1,1,1,1.0,1,1.0,0,180,cvc-clinicdb,unet_pvt,polypseg/runs_cv/unet_pvt_seed42_fold2/best.pth,True
0.9180847995252656,0.8485737136537304,0.8556451612673214,0.9903546981645814,0.5223880098017423,0.5223880098017423,2,5.830951894845301,1.2147816447594377,1,1,1,1.0,1,1.0,0,181,cvc-clinicdb,unet_pvt,polypseg/runs_cv/unet_pvt_seed42_fold2/best.pth,True
0.949049848513508,0.9030398322614508,0.9181987742894165,0.9820461669711587,0.7639150864100053,0.7639150864100053,2,5.0,1.0416666666666667,1,1,1,1.0,1,1.0,0,182,cvc-clinicdb,unet_pvt,polypseg/runs_cv/unet_pvt_seed42_fold2/best.pth,True
0.9260204081501414,0.862232779074631,0.862232779074631,0.9999999999693909,0.6359481602209824,0.6359481602209824,2,6.094852169800149,1.2697608687083644,1,1,1,1.0,1,1.0,0,183,cvc-clinicdb,unet_pvt,polypseg/runs_cv/unet_pvt_seed42_fold2/best.pth,True
0.9454436450697625,0.8965321204975404,0.8983195670493216,0.9977855108827022,0.7710828722575532,0.7710828722575532,2,5.0,1.0416666666666667,1,1,1,1.0,1,1.0,0,184,cvc-clinicdb,unet_pvt,polypseg/runs_cv/unet_pvt_seed42_fold2/best.pth,True
0.9399442682719328,0.8866932559665212,0.887014871220765,0.999591252789708,0.5495038700914384,0.5495038700914384,2,5.385164807134504,1.1219093348196882,1,1,1,1.0,1,1.0,0,185,cvc-clinicdb,unet_pvt,polypseg/runs_cv/unet_pvt_seed42_fold2/best.pth,True
0.9717371737115407,0.9450280111934519,0.9503521126649019,0.9941068139841117,0.8074953942199936,0.8074953942199936,2,3.605551275463989,0.7511565157216644,1,1,1,1.0,1,1.0,0,186,cvc-clinicdb,unet_pvt,polypseg/runs_cv/unet_pvt_seed42_fold2/best.pth,True
0.9662099092671985,0.9346287200163635,0.947218155190723,0.98597881581204,0.6000460797468202,0.6000460797468202,2,5.0,1.0416666666666667,1,1,1,1.0,1,1.0,0,187,cvc-clinicdb,unet_pvt,polypseg/runs_cv/unet_pvt_seed42_fold2/best.pth,True
0.9747962007292843,0.9508316311573473,0.9646240378851049,0.9851851851777386,0.7396175783718354,0.7396175783718354,2,3.605551275463989,0.7511565157216644,1,1,1,1.0,1,1.0,0,188,cvc-clinicdb,unet_pvt,polypseg/runs_cv/unet_pvt_seed42_fold2/best.pth,True
0.9644699140309028,0.9313779745262613,0.9495956366193419,0.9798175819720587,0.8505457909890775,0.8505457909890775,2,3.0,0.625,1,1,1,1.0,1,1.0,0,189,cvc-clinicdb,unet_pvt,polypseg/runs_cv/unet_pvt_seed42_fold2/best.pth,True
0.5219983307478956,0.3531784446576682,0.9289857122516766,0.3629781118706446,0.2953512103948226,0.2953512103948226,2,74.94664769020693,15.613884935459776,1,1,1,1.0,0,0.0,0,19,cvc-clinicdb,unet_pvt,polypseg/runs_cv/unet_pvt_seed42_fold2/best.pth,True
0.9339268326480188,0.8760438413132556,0.8817966902841662,0.9926079242757953,0.5694261948780913,0.5694261948780913,2,4.45468443853048,0.9280592580271833,1,1,1,1.0,1,1.0,0,190,cvc-clinicdb,unet_pvt,polypseg/runs_cv/unet_pvt_seed42_fold2/best.pth,True
0.8988116672344685,0.8162197514181674,0.8264900661704311,0.9850039462521701,0.5826505376576393,0.5826505376576393,2,4.47213595499958,0.9316949906249123,1,1,1,1.0,1,1.0,0,191,cvc-clinicdb,unet_pvt,polypseg/runs_cv/unet_pvt_seed42_fold2/best.pth,True
0.9617409617072047,0.9263015550421703,0.9730113635672577,0.9507286605863478,0.9356512972999914,0.9356512972999914,2,2.23606797749979,0.4658474953124562,1,1,1,1.0,1,1.0,0,192,cvc-clinicdb,unet_pvt,polypseg/runs_cv/unet_pvt_seed42_fold2/best.pth,True
0.9281789638750357,0.8659831563212749,0.8669354838391886,0.998733108065932,0.6989399565669104,0.6989399565669104,2,5.656854249492381,1.1785113019775793,1,1,1,1.0,1,1.0,0,193,cvc-clinicdb,unet_pvt,polypseg/runs_cv/unet_pvt_seed42_fold2/best.pth,True
0.9655172413694308,0.9333333333148698,0.9470092332206542,0.9847630974538768,0.8073704851316603,0.8073704851316603,2,4.254115450513302,0.8862740521902712,1,1,1,1.0,1,1.0,0,194,cvc-clinicdb,unet_pvt,polypseg/runs_cv/unet_pvt_seed42_fold2/best.pth,True
0.9616624069234174,0.9261558218979847,0.9305376343885906,0.9949413658083481,0.7868851959064799,0.7868851959064799,2,3.1622776601683795,0.6588078458684125,1,1,1,1.0,1,1.0,0,195,cvc-clinicdb,unet_pvt,polypseg/runs_cv/unet_pvt_seed42_fold2/best.pth,True
0.9411131445694787,0.8887759251547627,0.890586797047869,0.9977174160922685,0.6210711091734263,0.6210711091734263,2,5.0,1.0416666666666667,1,1,1,1.0,1,1.0,0,196,cvc-clinicdb,unet_pvt,polypseg/runs_cv/unet_pvt_seed42_fold2/best.pth,True
0.9413897280871965,0.889269406375775,0.8959171937723612,0.9917250158923886,0.5786649573475854,0.5786649573475854,2,5.719505122917601,1.1915635672745002,1,1,1,1.0,1,1.0,0,197,cvc-clinicdb,unet_pvt,polypseg/runs_cv/unet_pvt_seed42_fold2/best.pth,True
0.9582056892674156,0.919764755284189,0.936283942678292,0.9811785794088914,0.7946556431698201,0.7946556431698201,2,5.014852927038915,1.0447610264664406,1,1,1,1.0,1,1.0,0,198,cvc-clinicdb,unet_pvt,polypseg/runs_cv/unet_pvt_seed42_fold2/best.pth,True
0.9562829525378264,0.916228162472822,0.9195183776738589,0.9961098397941394,0.7276115741743434,0.7276115741743434,2,3.605551275463989,0.7511565157216644,1,1,1,1.0,1,1.0,0,199,cvc-clinicdb,unet_pvt,polypseg/runs_cv/unet_pvt_seed42_fold2/best.pth,True
0.5604449078882153,0.3893181379158329,0.978635591151024,0.392655367229726,0.40274422801936993,0.40274422801936993,2,74.32260746668776,15.48387655555995,1,1,1,1.0,0,0.0,0,2,cvc-clinicdb,unet_pvt,polypseg/runs_cv/unet_pvt_seed42_fold2/best.pth,True
0.3816025556851709,0.23579038451010875,0.9150052465705141,0.24107044122392418,0.26939157416823795,0.26939157416823795,2,94.2353397998857,19.63236245830952,1,2,0,0.0,0,0.0,2,20,cvc-clinicdb,unet_pvt,polypseg/runs_cv/unet_pvt_seed42_fold2/best.pth,True
0.88984509465741,0.8015503875856018,0.816745655596485,0.9773156899643012,0.5013476592003886,0.5013476592003886,2,14.329940999040577,2.98540437480012,1,1,1,1.0,1,1.0,0,200,cvc-clinicdb,unet_pvt,polypseg/runs_cv/unet_pvt_seed42_fold2/best.pth,True
0.6159929701196397,0.4450793650758327,0.45530567507952174,0.9519606178755396,0.21036921704453992,0.21036921704453992,2,53.23532661682466,11.090693045171804,1,1,1,1.0,0,0.0,0,201,cvc-clinicdb,unet_pvt,polypseg/runs_cv/unet_pvt_seed42_fold2/best.pth,True
0.8431936562167208,0.7288978494525686,0.7322441263741258,0.9937694703867735,0.38187248176504873,0.38187248176504873,2,23.698072452740405,4.937098427654251,1,1,1,1.0,1,1.0,0,202,cvc-clinicdb,unet_pvt,polypseg/runs_cv/unet_pvt_seed42_fold2/best.pth,True
0.850911569254976,0.7405100830257931,0.7405100830257931,0.999999999979976,0.13436373064495893,0.13436373064495893,2,13.284677151482322,2.7676410732254837,1,1,1,1.0,1,1.0,0,203,cvc-clinicdb,unet_pvt,polypseg/runs_cv/unet_pvt_seed42_fold2/best.pth,True
0.25356991647644983,0.14519328249594396,0.14664767162253295,0.9360613810475686,0.04407305794587743,0.04407305794587743,2,140.35346616604474,29.24030545125932,1,2,0,0.0,0,0.0,2,204,cvc-clinicdb,unet_pvt,polypseg/runs_cv/unet_pvt_seed42_fold2/best.pth,True
0.6854867049234451,0.5214756727763059,0.531034482748983,0.9666336306254829,0.39026161840567947,0.39026161840567947,2,52.99764045897474,11.041175095619739,1,1,1,1.0,1,1.0,0,205,cvc-clinicdb,unet_pvt,polypseg/runs_cv/unet_pvt_seed42_fold2/best.pth,True
0.7800675899491083,0.639435089618257,0.9129827826754617,0.6809347524215532,0.393765085597211,0.393765085597211,2,134.3519328918232,27.989986019129834,1,1,1,1.0,1,1.0,0,206,cvc-clinicdb,unet_pvt,polypseg/runs_cv/unet_pvt_seed42_fold2/best.pth,True
0.7257115158179785,0.5695033148508911,0.9162440986026186,0.6007796376908876,0.32779321007090867,0.32779321007090867,2,161.5510255879946,33.65646366416554,1,1,1,1.0,1,1.0,0,207,cvc-clinicdb,unet_pvt,polypseg/runs_cv/unet_pvt_seed42_fold2/best.pth,True
0.7072531313616771,0.5470932852513049,0.8952802359551888,0.5844968704722076,0.2670842949116557,0.2670842949116557,2,88.39672401119903,18.415984168999795,1,1,1,1.0,1,1.0,0,208,cvc-clinicdb,unet_pvt,polypseg/runs_cv/unet_pvt_seed42_fold2/best.pth,True
0.7291838416997283,0.5737917612528773,0.8748763599962969,0.625088339200527,0.4189284730803874,0.4189284730803874,2,57.14239281644757,11.904665170093244,1,1,1,1.0,1,1.0,0,209,cvc-clinicdb,unet_pvt,polypseg/runs_cv/unet_pvt_seed42_fold2/best.pth,True
0.6495938069612044,0.48103586188347874,0.9910052183398035,0.48314531516592524,0.3999773485769077,0.3999773485769077,2,94.26027795418386,19.637557907121636,1,1,1,1.0,0,0.0,0,21,cvc-clinicdb,unet_pvt,polypseg/runs_cv/unet_pvt_seed42_fold2/best.pth,True
0.7156678252768145,0.5572295387142066,0.9449283835080682,0.575933580385633,0.2797209377616714,0.2797209377616714,2,172.1316125146885,35.86075260722677,1,1,1,1.0,1,1.0,0,210,cvc-clinicdb,unet_pvt,polypseg/runs_cv/unet_pvt_seed42_fold2/best.pth,True
0.7443958598529241,0.5928587172114046,0.9333102012426556,0.6190848830757729,0.31187191494431554,0.31187191494431554,2,177.10013231678488,36.89586089933018,1,1,1,1.0,1,1.0,0,211,cvc-clinicdb,unet_pvt,polypseg/runs_cv/unet_pvt_seed42_fold2/best.pth,True
0.78187008284905,0.6418609967955997,0.9618019869736056,0.6586510263890988,0.4388891760504803,0.4388891760504803,2,178.21503800579507,37.12813291787397,1,1,1,1.0,1,1.0,0,212,cvc-clinicdb,unet_pvt,polypseg/runs_cv/unet_pvt_seed42_fold2/best.pth,True
0.860955631396379,0.7558578534142993,0.962383641073078,0.7788687168038849,0.5432650419695201,0.5432650419695201,2,131.85509563326607,27.469811590263767,1,1,1,1.0,1,1.0,0,213,cvc-clinicdb,unet_pvt,polypseg/runs_cv/unet_pvt_seed42_fold2/best.pth,True
0.8888210761830494,0.7998901501208359,0.9657382846931284,0.8232523082643372,0.5452745415410526,0.5452745415410526,2,108.51128507374496,22.606517723696868,1,1,1,1.0,1,1.0,0,214,cvc-clinicdb,unet_pvt,polypseg/runs_cv/unet_pvt_seed42_fold2/best.pth,True
0.9612997963101638,0.925483400210457,0.9334007910869891,0.990917968740323,0.786725810788776,0.786725810788776,2,6.0,1.25,1,1,1,1.0,1,1.0,0,215,cvc-clinicdb,unet_pvt,polypseg/runs_cv/unet_pvt_seed42_fold2/best.pth,True
0.9190494027514086,0.8502233174122114,0.9402997785646371,0.898738298730983,0.5622001378603727,0.5622001378603727,2,59.4702982924183,12.389645477587147,1,1,1,1.0,1,1.0,0,216,cvc-clinicdb,unet_pvt,polypseg/runs_cv/unet_pvt_seed42_fold2/best.pth,True
0.966230792933711,0.934667802377047,0.9425356467879871,0.9911480444314772,0.6707102838797385,0.6707102838797385,2,3.1622776601683795,0.6588078458684125,1,1,1,1.0,1,1.0,0,217,cvc-clinicdb,unet_pvt,polypseg/runs_cv/unet_pvt_seed42_fold2/best.pth,True
0.9670243244707206,0.9361540134768744,0.9373774776635005,0.9986077271029282,0.7336428450115989,0.7336428450115989,2,3.605551275463989,0.7511565157216644,1,1,1,1.0,1,1.0,0,218,cvc-clinicdb,unet_pvt,polypseg/runs_cv/unet_pvt_seed42_fold2/best.pth,True
0.9167567567501494,0.8463073852182793,0.9330985915356059,0.9009774755503475,0.6832330695251241,0.6832330695251241,2,47.78776284604794,9.955783926259986,1,1,1,1.0,1,1.0,0,219,cvc-clinicdb,unet_pvt,polypseg/runs_cv/unet_pvt_seed42_fold2/best.pth,True
0.4136238019632892,0.2607350025014164,0.9746449601595105,0.262515627040355,0.23694695961765647,0.23694695961765647,2,192.0437450137739,40.009113544536234,1,1,1,1.0,0,0.0,0,22,cvc-clinicdb,unet_pvt,polypseg/runs_cv/unet_pvt_seed42_fold2/best.pth,True
0.9621749408888673,0.927107061485818,0.9368885478431443,0.9888641425189539,0.7986237455795777,0.7986237455795777,2,3.605551275463989,0.7511565157216644,1,1,1,1.0,1,1.0,0,220,cvc-clinicdb,unet_pvt,polypseg/runs_cv/unet_pvt_seed42_fold2/best.pth,True
0.927802636341422,0.8653282201474097,0.9102990033006574,0.9459926017029349,0.6892033216049666,0.6892033216049666,2,26.51968962728744,5.524935339018216,1,1,1,1.0,1,1.0,0,221,cvc-clinicdb,unet_pvt,polypseg/runs_cv/unet_pvt_seed42_fold2/best.pth,True
0.9355932203262971,0.8789808916973508,0.8789808916973508,0.9999999999710145,0.6731445512021628,0.6731445512021628,2,3.605551275463989,0.7511565157216644,1,1,1,1.0,1,1.0,0,222,cvc-clinicdb,unet_pvt,polypseg/runs_cv/unet_pvt_seed42_fold2/best.pth,True
0.9473385379567447,0.8999460625431515,0.9026237489612491,0.9967144563621053,0.7312132701948276,0.7312132701948276,2,3.1622776601683795,0.6588078458684125,1,1,1,1.0,1,1.0,0,223,cvc-clinicdb,unet_pvt,polypseg/runs_cv/unet_pvt_seed42_fold2/best.pth,True
0.9579862368533505,0.9193604448759347,0.9306826178419887,0.9869402984706366,0.8566225491519888,0.8566225491519888,2,3.0,0.625,1,1,1,1.0,1,1.0,0,224,cvc-clinicdb,unet_pvt,polypseg/runs_cv/unet_pvt_seed42_fold2/best.pth,True
0.9747281810024283,0.9507022069088363,0.957840023073698,0.9922225545620036,0.9822061262620104,0.9822061262620104,2,2.0,0.4166666666666667,1,1,1,1.0,1,1.0,0,225,cvc-clinicdb,unet_pvt,polypseg/runs_cv/unet_pvt_seed42_fold2/best.pth,True
0.971299093646419,0.9441997062969126,0.9588070829271425,0.9841209106373805,0.9140228724320114,0.9140228724320114,2,2.8284271247461903,0.5892556509887896,1,1,1,1.0,1,1.0,0,226,cvc-clinicdb,unet_pvt,polypseg/runs_cv/unet_pvt_seed42_fold2/best.pth,True
0.9494723376886877,0.9038051750105387,0.9138196367832004,0.9880199666892506,0.7544701655921785,0.7544701655921785,2,5.0,1.0416666666666667,1,1,1,1.0,1,1.0,0,227,cvc-clinicdb,unet_pvt,polypseg/runs_cv/unet_pvt_seed42_fold2/best.pth,True
0.8451672616630624,0.7318525303328159,0.9567430025302089,0.7568975725191605,0.2809385305207056,0.2809385305207056,2,39.00448644219181,8.125934675456627,1,1,1,1.0,1,1.0,0,228,cvc-clinicdb,unet_pvt,polypseg/runs_cv/unet_pvt_seed42_fold2/best.pth,True
0.8337201365130804,0.7148542666426916,0.984206285237966,0.7231497927682279,0.16074685632299177,0.16074685632299177,2,42.97896688560437,8.95395143450091,1,1,1,1.0,1,1.0,0,229,cvc-clinicdb,unet_pvt,polypseg/runs_cv/unet_pvt_seed42_fold2/best.pth,True
0.9788736340693399,0.9586214465995001,0.9842975206574595,0.9735091956122106,0.8033548916254221,0.8033548916254221,2,3.0,0.625,1,1,1,1.0,1,1.0,0,23,cvc-clinicdb,unet_pvt,polypseg/runs_cv/unet_pvt_seed42_fold2/best.pth,True
0.8202341349429385,0.6952516251207747,0.9418007930899125,0.7264630470931291,0.17030238836836428,0.17030238836836428,2,60.679342128754364,12.641529610157159,1,1,1,1.0,1,1.0,0,230,cvc-clinicdb,unet_pvt,polypseg/runs_cv/unet_pvt_seed42_fold2/best.pth,True
0.853919172395686,0.7450776174143476,0.9404657568490017,0.7819591921674892,0.3695257647244121,0.3695257647244121,2,63.71767873228612,13.274516402559607,1,1,1,1.0,1,1.0,0,231,cvc-clinicdb,unet_pvt,polypseg/runs_cv/unet_pvt_seed42_fold2/best.pth,True
0.8787915480992953,0.7837896214656094,0.9572643935833458,0.8122097252486586,0.33221182985673425,0.33221182985673425,2,33.3724165999532,6.952586791656916,1,1,1,1.0,1,1.0,0,232,cvc-clinicdb,unet_pvt,polypseg/runs_cv/unet_pvt_seed42_fold2/best.pth,True
0.9132515444156929,0.8403522818209749,0.9745589600682478,0.8592010478014669,0.43871861299341147,0.43871861299341147,2,24.647866738880428,5.134972237266756,1,1,1,1.0,1,1.0,0,233,cvc-clinicdb,unet_pvt,polypseg/runs_cv/unet_pvt_seed42_fold2/best.pth,True
0.9335448159747077,0.8753718205495333,0.9796195652107362,0.8916094725722401,0.6141340396930064,0.6141340396930064,2,20.66734739962279,4.305697374921414,1,1,1,1.0,1,1.0,0,234,cvc-clinicdb,unet_pvt,polypseg/runs_cv/unet_pvt_seed42_fold2/best.pth,True
0.934133851312258,0.8764082173566838,0.9420857671965943,0.9263150521753427,0.45396469506229453,0.45396469506229453,2,13.892443989449804,2.8942591644687092,1,1,1,1.0,1,1.0,0,235,cvc-clinicdb,unet_pvt,polypseg/runs_cv/unet_pvt_seed42_fold2/best.pth,True
0.941977396097971,0.8903187820599686,0.9717249609751976,0.9139970641489162,0.4977185812013814,0.4977185812013814,2,9.433981132056603,1.9654127358451257,1,1,1,1.0,1,1.0,0,236,cvc-clinicdb,unet_pvt,polypseg/runs_cv/unet_pvt_seed42_fold2/best.pth,True
0.9251608533663218,0.860743541267418,0.8677974715655434,0.9906447167960646,0.26472033283194085,0.26472033283194085,2,13.877895315414067,2.891228190711264,1,1,1,1.0,1,1.0,0,237,cvc-clinicdb,unet_pvt,polypseg/runs_cv/unet_pvt_seed42_fold2/best.pth,True
0.9445018167873609,0.8948398318532045,0.9525536182614368,0.9365849958208557,0.5986416874007396,0.5986416874007396,2,24.773633552842703,5.161173656842229,1,1,1,1.0,1,1.0,0,238,cvc-clinicdb,unet_pvt,polypseg/runs_cv/unet_pvt_seed42_fold2/best.pth,True
0.9438679063271329,0.8937025131436754,0.9687203040784865,0.9202587828111016,0.6536558869457334,0.6536558869457334,2,14.866068747318506,3.0970976556913556,1,1,1,1.0,1,1.0,0,239,cvc-clinicdb,unet_pvt,polypseg/runs_cv/unet_pvt_seed42_fold2/best.pth,True
0.9741030601455898,0.9495135644754231,0.9718810317556945,0.9763352723383733,0.7929763099062248,0.7929763099062248,2,4.47213595499958,0.9316949906249123,1,1,1,1.0,1,1.0,0,24,cvc-clinicdb,unet_pvt,polypseg/runs_cv/unet_pvt_seed42_fold2/best.pth,True
0.9614653673488275,0.9257903753237362,0.9835373924471911,0.940362255786282,0.8160099025687707,0.8160099025687707,2,18.596231305647322,3.874214855343192,1,1,1,1.0,1,1.0,0,240,cvc-clinicdb,unet_pvt,polypseg/runs_cv/unet_pvt_seed42_fold2/best.pth,True
0.9080596328482425,0.8316018531459244,0.9732194200199357,0.8510775862007824,0.5561526948110213,0.5561526948110213,2,38.913867582594555,8.107055746373867,1,1,1,1.0,1,1.0,0,241,cvc-clinicdb,unet_pvt,polypseg/runs_cv/unet_pvt_seed42_fold2/best.pth,True
0.8828677917798783,0.7902983955556282,0.9829354718297003,0.8012922842964554,0.3628756833973905,0.3628756833973905,2,35.336857674814574,7.361845348919703,1,1,1,1.0,1,1.0,0,242,cvc-clinicdb,unet_pvt,polypseg/runs_cv/unet_pvt_seed42_fold2/best.pth,True
0.8974460896308385,0.8139702568651287,0.9038230584377118,0.8911584764072314,0.4129365762156503,0.4129365762156503,2,37.0,7.708333333333333,1,1,1,1.0,1,1.0,0,243,cvc-clinicdb,unet_pvt,polypseg/runs_cv/unet_pvt_seed42_fold2/best.pth,True
0.9115086782327823,0.8374055539119084,0.9165503168197127,0.9065222009676384,0.45723448370983216,0.45723448370983216,2,32.0,6.666666666666667,1,1,1,1.0,1,1.0,0,244,cvc-clinicdb,unet_pvt,polypseg/runs_cv/unet_pvt_seed42_fold2/best.pth,True
0.9026712509858326,0.8226078573051022,0.9400908965577732,0.8681164949654315,0.553732474780148,0.553732474780148,2,30.076562325645106,6.265950484509397,1,1,1,1.0,1,1.0,0,245,cvc-clinicdb,unet_pvt,polypseg/runs_cv/unet_pvt_seed42_fold2/best.pth,True
0.8254771211734859,0.7028191072771901,0.9502382212710403,0.7296747967420352,0.4636142863666342,0.4636142863666342,2,52.20153254455275,10.875319280115155,1,1,1,1.0,1,1.0,0,246,cvc-clinicdb,unet_pvt,polypseg/runs_cv/unet_pvt_seed42_fold2/best.pth,True
0.9031517428480375,0.823406279728364,0.9444848661165273,0.8652846287104033,0.4611639592431166,0.4611639592431166,2,34.02351670908248,7.088232647725516,1,1,1,1.0,1,1.0,0,247,cvc-clinicdb,unet_pvt,polypseg/runs_cv/unet_pvt_seed42_fold2/best.pth,True
0.895624200608908,0.8109777496959992,0.9293010536400763,0.8643028126805482,0.3873742266586364,0.3873742266586364,2,34.02910963662085,7.089397840962677,1,1,1,1.0,1,1.0,0,248,cvc-clinicdb,unet_pvt,polypseg/runs_cv/unet_pvt_seed42_fold2/best.pth,True
0.9296473506958637,0.8685430463504259,0.8818288787957486,0.9829492224003845,0.5838242471259142,0.5838242471259142,2,13.013441683641853,2.7111336840920526,1,1,1,1.0,1,1.0,0,249,cvc-clinicdb,unet_pvt,polypseg/runs_cv/unet_pvt_seed42_fold2/best.pth,True
0.11039541291214834,0.05842249413793142,0.9963037634073824,0.0584351596372518,0.1400617628151573,0.1400617628151573,2,253.73549163206425,52.861560756680056,1,1,0,0.0,0,0.0,1,25,cvc-clinicdb,unet_pvt,polypseg/runs_cv/unet_pvt_seed42_fold2/best.pth,True
0.892098718189726,0.8052149887687341,0.8689899366299945,0.9164701257771573,0.39322971605011764,0.39322971605011764,2,19.489666409727796,4.0603471686932915,1,1,1,1.0,1,1.0,0,250,cvc-clinicdb,unet_pvt,polypseg/runs_cv/unet_pvt_seed42_fold2/best.pth,True
0.861711540886982,0.7570238756162462,0.8696262278240895,0.8539396216854073,0.4432460546628231,0.4432460546628231,2,28.222474744293425,5.879682238394464,1,1,1,1.0,1,1.0,0,251,cvc-clinicdb,unet_pvt,polypseg/runs_cv/unet_pvt_seed42_fold2/best.pth,True
0.8840427762596601,0.7921833896971651,0.8431999999932543,0.9290436315475623,0.47473355441668097,0.47473355441668097,2,24.0,5.0,1,1,1,1.0,1,1.0,0,252,cvc-clinicdb,unet_pvt,polypseg/runs_cv/unet_pvt_seed42_fold2/best.pth,True
0.9431639106571488,0.8924410513305004,0.9795312704535437,0.9094003241454238,0.6551517165228364,0.6551517165228364,2,20.62518432401812,4.296913400837109,1,1,1,1.0,1,1.0,0,253,cvc-clinicdb,unet_pvt,polypseg/runs_cv/unet_pvt_seed42_fold2/best.pth,True
0.8090707025278863,0.679360818686074,0.9764301645609956,0.6906873614161236,0.33217522645933883,0.33217522645933883,2,39.0,8.125,1,1,1,1.0,1,1.0,0,254,cvc-clinicdb,unet_pvt,polypseg/runs_cv/unet_pvt_seed42_fold2/best.pth,True
0.9323829323806248,0.8733308605300754,0.978188616530026,0.8906752411533446,0.6207708736174078,0.6207708736174078,2,23.600847442411894,4.916843217169145,1,1,1,1.0,1,1.0,0,255,cvc-clinicdb,unet_pvt,polypseg/runs_cv/unet_pvt_seed42_fold2/best.pth,True
0.7234090588380883,0.5666725616740353,0.989653308617175,0.5700498131979628,0.28029439402358497,0.28029439402358497,2,49.04589449031465,10.217894685482218,1,1,1,1.0,1,1.0,0,256,cvc-clinicdb,unet_pvt,polypseg/runs_cv/unet_pvt_seed42_fold2/best.pth,True
0.9407566854753219,0.8881403097620441,0.9808329963567293,0.9038268062715511,0.628565703858678,0.628565703858678,2,26.552704723665922,5.531813484097067,1,1,1,1.0,1,1.0,0,257,cvc-clinicdb,unet_pvt,polypseg/runs_cv/unet_pvt_seed42_fold2/best.pth,True
0.9406115633914472,0.8878816597268618,0.9757290345907638,0.9079341001942108,0.5887488534823184,0.5887488534823184,2,21.48226514184561,4.475471904551169,1,1,1,1.0,1,1.0,0,258,cvc-clinicdb,unet_pvt,polypseg/runs_cv/unet_pvt_seed42_fold2/best.pth,True
0.8250412807791297,0.7021874618082113,0.9846909630927414,0.7099378114545943,0.5443192281035641,0.5443192281035641,2,60.08202718924468,12.517088997759307,1,1,1,1.0,1,1.0,0,259,cvc-clinicdb,unet_pvt,polypseg/runs_cv/unet_pvt_seed42_fold2/best.pth,True
0.9173660425785227,0.8473464519470872,0.8664634145813132,0.9746227708522206,0.7261827526387018,0.7261827526387018,2,4.47213595499958,0.9316949906249123,1,1,1,1.0,1,1.0,0,26,cvc-clinicdb,unet_pvt,polypseg/runs_cv/unet_pvt_seed42_fold2/best.pth,True
0.8085928898221022,0.6786873126024615,0.9776936275902154,0.6893617021247836,0.4917710127597298,0.4917710127597298,2,67.1326782177228,13.985974628692249,1,1,1,1.0,1,1.0,0,260,cvc-clinicdb,unet_pvt,polypseg/runs_cv/unet_pvt_seed42_fold2/best.pth,True
0.8463445511107545,0.7336198619142534,0.9743138207373432,0.748088399847314,0.5322423339670141,0.5322423339670141,2,40.409315422715785,8.418607379732455,1,1,1,1.0,1,1.0,0,261,cvc-clinicdb,unet_pvt,polypseg/runs_cv/unet_pvt_seed42_fold2/best.pth,True
0.8742122327023634,0.7765337820296626,0.9764016600132117,0.7913863606332187,0.5769269365695124,0.5769269365695124,2,32.38130755699283,6.746105741040172,1,1,1,1.0,1,1.0,0,262,cvc-clinicdb,unet_pvt,polypseg/runs_cv/unet_pvt_seed42_fold2/best.pth,True
0.6363363182845343,0.4666372851435289,0.9936186185999697,0.4680399610956764,0.24840406951932506,0.24840406951932506,2,54.766653973087756,11.409719577726616,1,2,1,1.0,0,0.0,1,263,cvc-clinicdb,unet_pvt,polypseg/runs_cv/unet_pvt_seed42_fold2/best.pth,True
0.7990151673500128,0.665299965185219,0.9716965143157352,0.6784474597638117,0.43882441290343244,0.43882441290343244,2,62.55718481766453,13.032746837013443,1,1,1,1.0,1,1.0,0,264,cvc-clinicdb,unet_pvt,polypseg/runs_cv/unet_pvt_seed42_fold2/best.pth,True
0.8816345802998699,0.7883242496323469,0.9772100104625692,0.8030889540535558,0.5828882717184488,0.5828882717184488,2,46.726600531955164,9.734708444157326,1,1,1,1.0,1,1.0,0,265,cvc-clinicdb,unet_pvt,polypseg/runs_cv/unet_pvt_seed42_fold2/best.pth,True
0.9351594599864309,0.8782154931615529,0.9789046819277478,0.8951567591830724,0.661973506838649,0.661973506838649,2,29.010332556124588,6.0438192825259565,1,1,1,1.0,1,1.0,0,266,cvc-clinicdb,unet_pvt,polypseg/runs_cv/unet_pvt_seed42_fold2/best.pth,True
0.9378620183261146,0.8829945209642941,0.9768311335128486,0.9018828451835675,0.6182809487106413,0.6182809487106413,2,18.867962264113206,3.9308254716902513,1,1,1,1.0,1,1.0,0,267,cvc-clinicdb,unet_pvt,polypseg/runs_cv/unet_pvt_seed42_fold2/best.pth,True
0.8961168712930527,0.811786001605745,0.99506927665798,0.81506462035212,0.3919818754827335,0.3919818754827335,2,30.36846771753381,6.326764107819544,1,1,1,1.0,1,1.0,0,268,cvc-clinicdb,unet_pvt,polypseg/runs_cv/unet_pvt_seed42_fold2/best.pth,True
0.778939091115039,0.6379199313049376,0.9559308403622361,0.6572487006488043,0.35493281634505436,0.35493281634505436,2,39.0,8.125,1,1,1,1.0,1,1.0,0,269,cvc-clinicdb,unet_pvt,polypseg/runs_cv/unet_pvt_seed42_fold2/best.pth,True
0.9370946822004833,0.8816351433263188,0.9065244666934426,0.9697986576530336,0.8644017225258915,0.8644017225258915,2,2.8284271247461903,0.5892556509887896,1,1,1,1.0,1,1.0,0,27,cvc-clinicdb,unet_pvt,polypseg/runs_cv/unet_pvt_seed42_fold2/best.pth,True
0.739296453628134,0.5864157801060598,0.7485501643110933,0.7302687411563872,0.40049286437437825,0.40049286437437825,2,58.25578422861619,12.13662171429504,1,1,1,1.0,1,1.0,0,270,cvc-clinicdb,unet_pvt,polypseg/runs_cv/unet_pvt_seed42_fold2/best.pth,True
0.9227788741813062,0.8566290170738986,0.9885561331329484,0.8652089770112884,0.6072461796018503,0.6072461796018503,2,45.57840635732307,9.495501324442305,1,1,1,1.0,1,1.0,0,271,cvc-clinicdb,unet_pvt,polypseg/runs_cv/unet_pvt_seed42_fold2/best.pth,True
0.8954906193923199,0.8107587270102116,0.9635834178550418,0.8363863565339343,0.5023850058525607,0.5023850058525607,2,59.63831660560757,12.42464929283491,1,1,1,1.0,1,1.0,0,272,cvc-clinicdb,unet_pvt,polypseg/runs_cv/unet_pvt_seed42_fold2/best.pth,True
0.8887707546986892,0.7998086429571047,0.9819107282655367,0.8117696565538738,0.5768886030170516,0.5768886030170516,2,55.60845135295496,11.585094031865617,1,1,1,1.0,1,1.0,0,273,cvc-clinicdb,unet_pvt,polypseg/runs_cv/unet_pvt_seed42_fold2/best.pth,True
0.9259959616664113,0.8621903909255082,0.9665138995719181,0.8887385031809999,0.6346395018185452,0.6346395018185452,2,27.0,5.625,1,1,1,1.0,1,1.0,0,274,cvc-clinicdb,unet_pvt,polypseg/runs_cv/unet_pvt_seed42_fold2/best.pth,True
0.8100364881282714,0.6807238037527229,0.9755859374947071,0.6925209889829295,0.42714800823774257,0.42714800823774257,2,62.297672508690084,12.978681772643768,1,1,1,1.0,1,1.0,0,275,cvc-clinicdb,unet_pvt,polypseg/runs_cv/unet_pvt_seed42_fold2/best.pth,True
0.9038608609821047,0.8245858840438216,0.9911806081539272,0.8306806330166839,0.5824194203040114,0.5824194203040114,2,55.982101517690445,11.66293781618551,1,1,1,1.0,1,1.0,0,276,cvc-clinicdb,unet_pvt,polypseg/runs_cv/unet_pvt_seed42_fold2/best.pth,True
0.9006965036862951,0.8193337933578864,0.9463806970440809,0.8592197881661784,0.5000203699111737,0.5000203699111737,2,44.74681013056398,9.322252110534162,1,1,1,1.0,1,1.0,0,277,cvc-clinicdb,unet_pvt,polypseg/runs_cv/unet_pvt_seed42_fold2/best.pth,True
0.9571397802938372,0.9178025608873275,0.979717813007949,0.9355789473290284,0.9195521953100306,0.9195521953100306,2,2.23606797749979,0.4658474953124562,1,1,1,1.0,1,1.0,0,278,cvc-clinicdb,unet_pvt,polypseg/runs_cv/unet_pvt_seed42_fold2/best.pth,True
0.9617706237248624,0.9263565891146457,0.9640630729386116,0.9594890510598727,0.8256880233987068,0.8256880233987068,2,3.1622776601683795,0.6588078458684125,1,1,1,1.0,1,1.0,0,279,cvc-clinicdb,unet_pvt,polypseg/runs_cv/unet_pvt_seed42_fold2/best.pth,True
0.9278671509998979,0.8654404646450765,0.8884472049468709,0.970947597041245,0.6363749240179336,0.6363749240179336,2,7.0,1.4583333333333333,1,1,1,1.0,1,1.0,0,28,cvc-clinicdb,unet_pvt,polypseg/runs_cv/unet_pvt_seed42_fold2/best.pth,True
0.9382826475709857,0.8837405223003724,0.8930192962289155,0.9883793969538825,0.7594123727588113,0.7594123727588113,2,6.0,1.25,1,1,1,1.0,1,1.0,0,280,cvc-clinicdb,unet_pvt,polypseg/runs_cv/unet_pvt_seed42_fold2/best.pth,True
0.9582726188772251,0.9198880976368289,0.9281498588419772,0.9904162102686086,0.8748832230252334,0.8748832230252334,2,2.8284271247461903,0.5892556509887896,1,1,1,1.0,1,1.0,0,281,cvc-clinicdb,unet_pvt,polypseg/runs_cv/unet_pvt_seed42_fold2/best.pth,True
0.9661421077614908,0.934501844996898,0.9445221445001277,0.9887750121769455,0.865995640478423,0.865995640478423,2,2.9399494936611625,0.6124894778460755,1,1,1,1.0,1,1.0,0,282,cvc-clinicdb,unet_pvt,polypseg/runs_cv/unet_pvt_seed42_fold2/best.pth,True
0.959933222025281,0.922953451022175,0.9321445113262589,0.9894296951575854,0.8333888342604816,0.8333888342604816,2,4.242640687119285,0.8838834764831843,1,1,1,1.0,1,1.0,0,283,cvc-clinicdb,unet_pvt,polypseg/runs_cv/unet_pvt_seed42_fold2/best.pth,True
0.8216201347707108,0.6972455648763481,0.7142515542631696,0.9669796050188741,0.48727267746380676,0.48727267746380676,2,17.57935737411634,3.662366119607571,1,1,1,1.0,1,1.0,0,284,cvc-clinicdb,unet_pvt,polypseg/runs_cv/unet_pvt_seed42_fold2/best.pth,True
0.9425550157053079,0.8913513513272608,0.9148404992811418,0.9720011788690834,0.7100867643508036,0.7100867643508036,2,4.242640687119285,0.8838834764831843,1,1,1,1.0,1,1.0,0,285,cvc-clinicdb,unet_pvt,polypseg/runs_cv/unet_pvt_seed42_fold2/best.pth,True
0.907510862806859,0.8306818181629391,0.8443058442863408,0.9809447128024438,0.5130984558360894,0.5130984558360894,2,7.248753577668254,1.510156995347553,1,1,1,1.0,1,1.0,0,286,cvc-clinicdb,unet_pvt,polypseg/runs_cv/unet_pvt_seed42_fold2/best.pth,True
0.9145983453307366,0.8426358494998123,0.8595435164068337,0.9771884801546282,0.540828463223323,0.540828463223323,2,8.06225774829855,1.679637030895531,1,1,1,1.0,1,1.0,0,287,cvc-clinicdb,unet_pvt,polypseg/runs_cv/unet_pvt_seed42_fold2/best.pth,True
0.9505405405276954,0.9057429822069085,0.952600216658922,0.9484897518622306,0.7267248671480835,0.7267248671480835,2,4.0,0.8333333333333334,1,1,1,1.0,1,1.0,0,288,cvc-clinicdb,unet_pvt,polypseg/runs_cv/unet_pvt_seed42_fold2/best.pth,True
0.9633601429704594,0.9293103448008819,0.9317199654009877,0.9972247918286394,0.8631954066067051,0.8631954066067051,2,3.1622776601683795,0.6588078458684125,1,1,1,1.0,1,1.0,0,289,cvc-clinicdb,unet_pvt,polypseg/runs_cv/unet_pvt_seed42_fold2/best.pth,True
0.9444625584072984,0.8947693574774553,0.9110924721972932,0.9803700360789628,0.6490929806681337,0.6490929806681337,2,5.0,1.0416666666666667,1,1,1,1.0,1,1.0,0,29,cvc-clinicdb,unet_pvt,polypseg/runs_cv/unet_pvt_seed42_fold2/best.pth,True
0.9564549180082875,0.916543937117499,0.9260912697953327,0.9888771185916908,0.8671257689236411,0.8671257689236411,2,5.0,1.0416666666666667,1,1,1,1.0,1,1.0,0,290,cvc-clinicdb,unet_pvt,polypseg/runs_cv/unet_pvt_seed42_fold2/best.pth,True
0.9521472392345968,0.9086651053332163,0.9645742696728046,0.9400363415542073,0.9060772980678272,0.9060772980678272,2,2.23606797749979,0.4658474953124562,1,1,1,1.0,1,1.0,0,291,cvc-clinicdb,unet_pvt,polypseg/runs_cv/unet_pvt_seed42_fold2/best.pth,True
0.9325887514772121,0.873692077695303,0.8975047984300383,0.9705271896649844,0.6361517476258947,0.6361517476258947,2,5.0,1.0416666666666667,1,1,1,1.0,1,1.0,0,292,cvc-clinicdb,unet_pvt,polypseg/runs_cv/unet_pvt_seed42_fold2/best.pth,True
0.962982904819451,0.928608515033006,0.943301687738837,0.9835028869677344,0.8282768459731252,0.8282768459731252,2,4.0,0.8333333333333334,1,1,1,1.0,1,1.0,0,293,cvc-clinicdb,unet_pvt,polypseg/runs_cv/unet_pvt_seed42_fold2/best.pth,True
0.9660647970166979,0.9343571959144326,0.9392430278650588,0.9944634853415644,0.915884280868983,0.915884280868983,2,3.0,0.625,1,1,1,1.0,1,1.0,0,294,cvc-clinicdb,unet_pvt,polypseg/runs_cv/unet_pvt_seed42_fold2/best.pth,True
0.921553296834486,0.854519091327827,0.8615984405248149,0.990476190448446,0.6351372298204986,0.6351372298204986,2,6.324555320336759,1.317615691736825,1,1,1,1.0,1,1.0,0,295,cvc-clinicdb,unet_pvt,polypseg/runs_cv/unet_pvt_seed42_fold2/best.pth,True
0.9559950115632283,0.9156996586718191,0.9335421015680745,0.9795545819284573,0.8990665877271848,0.8990665877271848,2,2.23606797749979,0.4658474953124562,1,1,1,1.0,1,1.0,0,296,cvc-clinicdb,unet_pvt,polypseg/runs_cv/unet_pvt_seed42_fold2/best.pth,True
0.9372993070654504,0.8819974554426846,0.8985742060629108,0.9795125397040088,0.7414448169266612,0.7414448169266612,2,3.273096063992282,0.6818950133317254,1,1,1,1.0,1,1.0,0,297,cvc-clinicdb,unet_pvt,polypseg/runs_cv/unet_pvt_seed42_fold2/best.pth,True
0.9508397883200334,0.9062865496943525,0.9899393164964877,0.91471152425978,0.79203750857703,0.79203750857703,2,11.221322893123965,2.3377756027341596,1,1,1,1.0,1,1.0,0,298,cvc-clinicdb,unet_pvt,polypseg/runs_cv/unet_pvt_seed42_fold2/best.pth,True
0.9689898679617902,0.9398451458922024,0.9798199316678107,0.9583965988169331,0.9707211377416476,0.9707211377416476,2,2.0,0.4166666666666667,1,1,1,1.0,1,1.0,0,299,cvc-clinicdb,unet_pvt,polypseg/runs_cv/unet_pvt_seed42_fold2/best.pth,True
0.5720062429037599,0.4005663470594636,0.9837725719743317,0.40323064612720927,0.38217050490856525,0.38217050490856525,2,73.40571228699099,15.292856726456456,1,1,1,1.0,0,0.0,0,3,cvc-clinicdb,unet_pvt,polypseg/runs_cv/unet_pvt_seed42_fold2/best.pth,True
0.9611569789939538,0.9252186899837291,0.961849839181969,0.9604651162684333,0.7143041822899401,0.7143041822899401,2,5.507425056195546,1.1473802200407386,1,1,1,1.0,1,1.0,0,30,cvc-clinicdb,unet_pvt,polypseg/runs_cv/unet_pvt_seed42_fold2/best.pth,True
0.9445199555112781,0.8948723952131248,0.9761205465333148,0.9149012567215451,0.7726217599410026,0.7726217599410026,2,24.11268117793059,5.0234752454022065,1,1,1,1.0,1,1.0,0,300,cvc-clinicdb,unet_pvt,polypseg/runs_cv/unet_pvt_seed42_fold2/best.pth,True
0.9330427201313596,0.8744892956222505,0.9761036118026979,0.8936205744673744,0.7001365231000325,0.7001365231000325,2,20.961187420807825,4.36691404600163,1,1,1,1.0,1,1.0,0,301,cvc-clinicdb,unet_pvt,polypseg/runs_cv/unet_pvt_seed42_fold2/best.pth,True
0.9593931789611075,0.9219554970851478,0.9721451687358743,0.946971402826537,0.8018390758912568,0.8018390758912568,2,16.61997248963154,3.4624942686732374,1,1,1,1.0,1,1.0,0,302,cvc-clinicdb,unet_pvt,polypseg/runs_cv/unet_pvt_seed42_fold2/best.pth,True
0.9433326728703024,0.8927432964476585,0.9753149646525113,0.9133812949552672,0.5784966199002216,0.5784966199002216,2,12.089981869960575,2.518746222908453,1,1,1,1.0,1,1.0,0,303,cvc-clinicdb,unet_pvt,polypseg/runs_cv/unet_pvt_seed42_fold2/best.pth,True
0.946288537968921,0.8980528086359664,0.9911116111499649,0.9053442959824732,0.6883930939029337,0.6883930939029337,2,9.899494936611665,2.0623947784607637,1,1,1,1.0,1,1.0,0,304,cvc-clinicdb,unet_pvt,polypseg/runs_cv/unet_pvt_seed42_fold2/best.pth,True
0.9207389749667731,0.8531198232961545,0.9859604339423582,0.8636109558352179,0.5945108893418836,0.5945108893418836,2,22.186671119654523,4.622223149928026,1,1,1,1.0,1,1.0,0,305,cvc-clinicdb,unet_pvt,polypseg/runs_cv/unet_pvt_seed42_fold2/best.pth,True
0.6809376262957282,0.5162285270737255,0.521082039544502,0.982276808267005,0.474295511343147,0.474295511343147,2,89.7652334883045,18.70109031006344,1,1,1,1.0,1,1.0,0,306,cvc-clinicdb,unet_pvt,polypseg/runs_cv/unet_pvt_seed42_fold2/best.pth,True
0.9326732673223354,0.8738404452612966,0.9712293794091591,0.8970614910130866,0.4331515098728917,0.4331515098728917,2,9.52708389296761,1.984809144368252,1,1,1,1.0,1,1.0,0,307,cvc-clinicdb,unet_pvt,polypseg/runs_cv/unet_pvt_seed42_fold2/best.pth,True
0.9511309228951992,0.9068156776254775,0.9071012438914572,0.999652958519871,0.49827650317870714,0.49827650317870714,2,11.284233277316805,2.3508819327743344,1,1,1,1.0,1,1.0,0,308,cvc-clinicdb,unet_pvt,polypseg/runs_cv/unet_pvt_seed42_fold2/best.pth,True
0.9300597934324147,0.8692633361410794,0.8744463372934507,0.9932275541603478,0.6207329462758296,0.6207329462758296,2,9.848857801796104,2.0518453753741883,1,1,1,1.0,1,1.0,0,309,cvc-clinicdb,unet_pvt,polypseg/runs_cv/unet_pvt_seed42_fold2/best.pth,True
0.9719446116738594,0.9454204731676572,0.9771214138605844,0.9668223739254183,0.8085564842452939,0.8085564842452939,2,3.0892527130926015,0.6435943152276253,1,1,1,1.0,1,1.0,0,31,cvc-clinicdb,unet_pvt,polypseg/runs_cv/unet_pvt_seed42_fold2/best.pth,True
0.9673306772715672,0.9367283950255892,0.9790322580250391,0.9559055117733896,0.9388841188019784,0.9388841188019784,2,2.23606797749979,0.4658474953124562,1,1,1,1.0,1,1.0,0,310,cvc-clinicdb,unet_pvt,polypseg/runs_cv/unet_pvt_seed42_fold2/best.pth,True
0.9618185046890105,0.9264454327428517,0.9804489500007079,0.9438828859901052,0.9038461038727839,0.9038461038727839,2,5.0,1.0416666666666667,1,1,1,1.0,1,1.0,0,311,cvc-clinicdb,unet_pvt,polypseg/runs_cv/unet_pvt_seed42_fold2/best.pth,True
0.8775153105477903,0.7817614964316631,0.9940535182364665,0.7854346123112423,0.6726726229544897,0.6726726229544897,2,6.737383539249431,1.4036215706769648,1,1,1,1.0,1,1.0,0,312,cvc-clinicdb,unet_pvt,polypseg/runs_cv/unet_pvt_seed42_fold2/best.pth,True
0.9277321744654133,0.8652056439377784,0.9987870386241763,0.8661157024663243,0.7073865421535357,0.7073865421535357,2,19.261149230506675,4.012739423022224,1,1,1,1.0,1,1.0,0,313,cvc-clinicdb,unet_pvt,polypseg/runs_cv/unet_pvt_seed42_fold2/best.pth,True
0.9519097326920176,0.9082325849060652,0.9962111644228819,0.911380704784386,0.7349711473416778,0.7349711473416778,2,8.0990484488859,1.6873017601845628,1,1,1,1.0,1,1.0,0,314,cvc-clinicdb,unet_pvt,polypseg/runs_cv/unet_pvt_seed42_fold2/best.pth,True
0.9809279388059055,0.9625697496372397,0.9928691488769272,0.9692705484512492,0.8444617373631544,0.8444617373631544,2,5.0,1.0416666666666667,1,1,1,1.0,1,1.0,0,315,cvc-clinicdb,unet_pvt,polypseg/runs_cv/unet_pvt_seed42_fold2/best.pth,True
0.9784802355037097,0.957867159805955,0.9806260254922989,0.9763438157740054,0.7220396030791394,0.7220396030791394,2,11.099999999999909,2.312499999999981,1,1,1,1.0,1,1.0,0,316,cvc-clinicdb,unet_pvt,polypseg/runs_cv/unet_pvt_seed42_fold2/best.pth,True
0.969969589454606,0.9416902447967666,0.982670089852486,0.9575931948901827,0.7300768853887666,0.7300768853887666,2,5.656854249492381,1.1785113019775793,1,1,1,1.0,1,1.0,0,317,cvc-clinicdb,unet_pvt,polypseg/runs_cv/unet_pvt_seed42_fold2/best.pth,True
0.9473227834175738,0.8999176276400364,0.9918293236045471,0.9066390041117578,0.8748322102244785,0.8748322102244785,2,4.47213595499958,0.9316949906249123,1,1,1,1.0,1,1.0,0,318,cvc-clinicdb,unet_pvt,polypseg/runs_cv/unet_pvt_seed42_fold2/best.pth,True
0.9588080630857352,0.920875420844415,0.9246112237686068,0.9956315980707816,0.9349136417367853,0.9349136417367853,2,2.23606797749979,0.4658474953124562,1,1,1,1.0,1,1.0,0,319,cvc-clinicdb,unet_pvt,polypseg/runs_cv/unet_pvt_seed42_fold2/best.pth,True
0.9675463809722104,0.9371330228696382,0.965679115366517,0.9694208817575722,0.7741921494755276,0.7741921494755276,2,4.47213595499958,0.9316949906249123,1,1,1,1.0,1,1.0,0,32,cvc-clinicdb,unet_pvt,polypseg/runs_cv/unet_pvt_seed42_fold2/best.pth,True
0.9646199497721453,0.9316578483039758,0.9518018017803649,0.9777880610602085,0.8579112005699435,0.8579112005699435,2,3.1622776601683795,0.6588078458684125,1,1,1,1.0,1,1.0,0,320,cvc-clinicdb,unet_pvt,polypseg/runs_cv/unet_pvt_seed42_fold2/best.pth,True
0.9555768616094952,0.9149326805245573,0.9154929577324634,0.999331550785439,0.6983949068581013,0.6983949068581013,2,3.605551275463989,0.7511565157216644,1,1,1,1.0,1,1.0,0,321,cvc-clinicdb,unet_pvt,polypseg/runs_cv/unet_pvt_seed42_fold2/best.pth,True
0.9714736586491171,0.9445296825098013,0.9522846263570646,0.9914519325942586,0.7946267527897417,0.7946267527897417,2,3.1622776601683795,0.6588078458684125,1,1,1,1.0,1,1.0,0,322,cvc-clinicdb,unet_pvt,polypseg/runs_cv/unet_pvt_seed42_fold2/best.pth,True
0.956963273349978,0.9174780224887278,0.932283162031195,0.9829856187868848,0.5059820706391881,0.5059820706391881,2,4.0,0.8333333333333334,1,1,1,1.0,1,1.0,0,323,cvc-clinicdb,unet_pvt,polypseg/runs_cv/unet_pvt_seed42_fold2/best.pth,True
0.9631416296000366,0.9289037510769278,0.9303917285433174,0.9982812499844019,0.7597865289635009,0.7597865289635009,2,4.123105625617661,0.858980338670346,1,1,1,1.0,1,1.0,0,324,cvc-clinicdb,unet_pvt,polypseg/runs_cv/unet_pvt_seed42_fold2/best.pth,True
0.927261613682485,0.8643874643710467,0.8643874643710467,0.9999999999780268,0.3515461020720719,0.3515461020720719,2,4.123105625617661,0.858980338670346,1,1,1,1.0,1,1.0,0,325,cvc-clinicdb,unet_pvt,polypseg/runs_cv/unet_pvt_seed42_fold2/best.pth,True
0.9250115366759919,0.8604850826172895,0.8641948695653332,0.9950359890544792,0.5559321534179879,0.5559321534179879,2,7.211102550927978,1.5023130314433288,1,1,1,1.0,1,1.0,0,326,cvc-clinicdb,unet_pvt,polypseg/runs_cv/unet_pvt_seed42_fold2/best.pth,True
0.9400191282833718,0.8868265016528274,0.8986415882732852,0.98539100541434,0.6226487768515429,0.6226487768515429,2,4.123105625617661,0.858980338670346,1,1,1,1.0,1,1.0,0,327,cvc-clinicdb,unet_pvt,polypseg/runs_cv/unet_pvt_seed42_fold2/best.pth,True
0.893060885790965,0.8067841079309074,0.8164232884351144,0.9855769230543595,0.28917807535396417,0.28917807535396417,2,10.012468905280222,2.0859310219333795,1,1,1,1.0,1,1.0,0,328,cvc-clinicdb,unet_pvt,polypseg/runs_cv/unet_pvt_seed42_fold2/best.pth,True
0.919991134741578,0.8518366509162357,0.9406299569240737,0.9002385599457767,0.5873434380324482,0.5873434380324482,2,9.433981132056603,1.9654127358451257,1,1,1,1.0,1,1.0,0,329,cvc-clinicdb,unet_pvt,polypseg/runs_cv/unet_pvt_seed42_fold2/best.pth,True
0.9712372814122748,0.9440828908978927,0.959864182474666,0.9828831238211385,0.8343565876096412,0.8343565876096412,2,6.053795644693841,1.2612074259778834,1,1,1,1.0,1,1.0,0,33,cvc-clinicdb,unet_pvt,polypseg/runs_cv/unet_pvt_seed42_fold2/best.pth,True
0.9561373682339668,0.9159609120371993,0.9509638146609577,0.9613675213510877,0.7376680858986764,0.7376680858986764,2,5.0,1.0416666666666667,1,1,1,1.0,1,1.0,0,330,cvc-clinicdb,unet_pvt,polypseg/runs_cv/unet_pvt_seed42_fold2/best.pth,True
0.9681241548009006,0.9382176734780552,0.9645836006548879,0.9716907962645852,0.8061223989808964,0.8061223989808964,2,3.0,0.625,1,1,1,1.0,1,1.0,0,331,cvc-clinicdb,unet_pvt,polypseg/runs_cv/unet_pvt_seed42_fold2/best.pth,True
0.9829014630620226,0.9663778162744129,0.9858557284125556,0.9799648505978917,0.9673590004455468,0.9673590004455468,2,2.0,0.4166666666666667,1,1,1,1.0,1,1.0,0,332,cvc-clinicdb,unet_pvt,polypseg/runs_cv/unet_pvt_seed42_fold2/best.pth,True
0.9600600037412332,0.9231878831423875,0.9241877256150869,0.9988294966640884,0.8500869552435375,0.8500869552435375,2,2.23606797749979,0.4658474953124562,1,1,1,1.0,1,1.0,0,333,cvc-clinicdb,unet_pvt,polypseg/runs_cv/unet_pvt_seed42_fold2/best.pth,True
0.9579622372554509,0.9193162393005245,0.9405386498611309,0.97604355715107,0.7050365972467644,0.7050365972467644,2,3.605551275463989,0.7511565157216644,1,1,1,1.0,1,1.0,0,334,cvc-clinicdb,unet_pvt,polypseg/runs_cv/unet_pvt_seed42_fold2/best.pth,True
0.961596259801623,0.9260331242816203,0.9440983606402608,0.9797550186971801,0.7601504543557134,0.7601504543557134,2,4.0,0.8333333333333334,1,1,1,1.0,1,1.0,0,335,cvc-clinicdb,unet_pvt,polypseg/runs_cv/unet_pvt_seed42_fold2/best.pth,True
0.9643309795313748,0.9311188811026029,0.9327495621552934,0.9981259370127787,0.7823642151500202,0.7823642151500202,2,3.08113883008419,0.6419039229342063,1,1,1,1.0,1,1.0,0,336,cvc-clinicdb,unet_pvt,polypseg/runs_cv/unet_pvt_seed42_fold2/best.pth,True
0.9566741798066893,0.9169467114591623,0.926584734784499,0.9887834339777605,0.6533482690703855,0.6533482690703855,2,4.0,0.8333333333333334,1,1,1,1.0,1,1.0,0,337,cvc-clinicdb,unet_pvt,polypseg/runs_cv/unet_pvt_seed42_fold2/best.pth,True
0.9638351555892506,0.9301948051879413,0.9555067080955392,0.9723100655536265,0.5551153321047594,0.5551153321047594,2,4.604101966249685,0.9591879096353509,1,1,1,1.0,1,1.0,0,338,cvc-clinicdb,unet_pvt,polypseg/runs_cv/unet_pvt_seed42_fold2/best.pth,True
0.9406674907147611,0.8879813301957998,0.8908399180307042,0.9963993453029002,0.7252713613398571,0.7252713613398571,2,3.0,0.625,1,1,1,1.0,1,1.0,0,339,cvc-clinicdb,unet_pvt,polypseg/runs_cv/unet_pvt_seed42_fold2/best.pth,True
0.9698446542722369,0.941454760482829,0.9714721586426931,0.9682225938730694,0.8457437925636688,0.8457437925636688,2,2.8284271247461903,0.5892556509887896,1,1,1,1.0,1,1.0,0,34,cvc-clinicdb,unet_pvt,polypseg/runs_cv/unet_pvt_seed42_fold2/best.pth,True
0.9421314479983731,0.8905940593618518,0.9230374550578225,0.9620320855100517,0.8163030498854561,0.8163030498854561,2,3.0,0.625,1,1,1,1.0,1,1.0,0,340,cvc-clinicdb,unet_pvt,polypseg/runs_cv/unet_pvt_seed42_fold2/best.pth,True
0.9569224604095988,0.917402996507207,0.928460342110091,0.9871847870612988,0.8999878699200669,0.8999878699200669,2,2.8284271247461903,0.5892556509887896,1,1,1,1.0,1,1.0,0,341,cvc-clinicdb,unet_pvt,polypseg/runs_cv/unet_pvt_seed42_fold2/best.pth,True
0.9792531120271304,0.9593495934842937,0.9680421207179131,0.9907268170301914,0.923070613061239,0.923070613061239,2,2.23606797749979,0.4658474953124562,1,1,1,1.0,1,1.0,0,342,cvc-clinicdb,unet_pvt,polypseg/runs_cv/unet_pvt_seed42_fold2/best.pth,True
0.9476620616302626,0.9005301691378373,0.9269750519630071,0.9692934782476998,0.7547169311646605,0.7547169311646605,2,9.219544457292887,1.920738428602685,1,1,1,1.0,1,1.0,0,343,cvc-clinicdb,unet_pvt,polypseg/runs_cv/unet_pvt_seed42_fold2/best.pth,True
0.9801911317748153,0.9611518023771279,0.9785072008116199,0.9818808685373981,0.8844068772205991,0.8844068772205991,2,2.8284271247461903,0.5892556509887896,1,1,1,1.0,1,1.0,0,344,cvc-clinicdb,unet_pvt,polypseg/runs_cv/unet_pvt_seed42_fold2/best.pth,True
0.9790019089135572,0.9588675213602039,0.9698957931225789,0.9882806355121261,0.8514425666702796,0.8514425666702796,2,3.1622776601683795,0.6588078458684125,1,1,1,1.0,1,1.0,0,345,cvc-clinicdb,unet_pvt,polypseg/runs_cv/unet_pvt_seed42_fold2/best.pth,True
0.9656591639747182,0.9335986072883959,0.9596114519182104,0.9717835878599073,0.8802675556346057,0.8802675556346057,2,3.0,0.625,1,1,1,1.0,1,1.0,0,346,cvc-clinicdb,unet_pvt,polypseg/runs_cv/unet_pvt_seed42_fold2/best.pth,True
0.8329460366569158,0.7137168141487652,0.7331818181707094,0.9641362821087043,0.5391050068280828,0.5391050068280828,2,36.49046702944219,7.60218063113379,1,1,1,1.0,1,1.0,0,347,cvc-clinicdb,unet_pvt,polypseg/runs_cv/unet_pvt_seed42_fold2/best.pth,True
0.9765512423016974,0.954176977553741,0.9816952723717935,0.9714608400982951,0.7486075589032797,0.7486075589032797,2,4.47213595499958,0.9316949906249123,1,1,1,1.0,1,1.0,0,348,cvc-clinicdb,unet_pvt,polypseg/runs_cv/unet_pvt_seed42_fold2/best.pth,True
0.9653974042669411,0.9331093970269009,0.9827051578766532,0.9486887595878712,0.670583343687481,0.670583343687481,2,12.718024162597033,2.649588367207715,1,1,1,1.0,1,1.0,0,349,cvc-clinicdb,unet_pvt,polypseg/runs_cv/unet_pvt_seed42_fold2/best.pth,True
0.961719908336961,0.9262624951197421,0.9353696906012668,0.9895977808461914,0.7958447302244062,0.7958447302244062,2,7.703287562383142,1.604851575496488,1,1,1,1.0,1,1.0,0,35,cvc-clinicdb,unet_pvt,polypseg/runs_cv/unet_pvt_seed42_fold2/best.pth,True
0.8902756931791994,0.8022494305182072,0.9890302764283542,0.8094519859167604,0.3461717888116146,0.3461717888116146,2,33.25048530624791,6.927184438801648,1,1,1,1.0,1,1.0,0,350,cvc-clinicdb,unet_pvt,polypseg/runs_cv/unet_pvt_seed42_fold2/best.pth,True
0.9249938919994504,0.8604545454349897,0.9457906569836175,0.9050920391846738,0.6278706617188203,0.6278706617188203,2,6.708203932499369,1.3975424859373686,1,1,1,1.0,1,1.0,0,351,cvc-clinicdb,unet_pvt,polypseg/runs_cv/unet_pvt_seed42_fold2/best.pth,True
0.9045426259999435,0.8257214269296587,0.9160574741387433,0.8933136676279914,0.6771767903923714,0.6771767903923714,2,30.254952406737555,6.303115084736991,1,1,1,1.0,1,1.0,0,352,cvc-clinicdb,unet_pvt,polypseg/runs_cv/unet_pvt_seed42_fold2/best.pth,True
0.9558567520457855,0.9154459926055085,0.9429587831091394,0.9691124558627192,0.6888411519239661,0.6888411519239661,2,20.86243804542077,4.346341259462661,1,1,1,1.0,1,1.0,0,353,cvc-clinicdb,unet_pvt,polypseg/runs_cv/unet_pvt_seed42_fold2/best.pth,True
0.9612240894464054,0.9253430693576061,0.9671052631451696,0.9554140127264342,0.8490902670795407,0.8490902670795407,2,13.367644708587237,2.784925980955675,1,1,1,1.0,1,1.0,0,354,cvc-clinicdb,unet_pvt,polypseg/runs_cv/unet_pvt_seed42_fold2/best.pth,True
0.8265402843552929,0.704361873983195,0.9899247906770268,0.709447777883561,0.34806187908075437,0.34806187908075437,2,35.817551838671484,7.4619899663898925,1,1,1,1.0,1,1.0,0,355,cvc-clinicdb,unet_pvt,polypseg/runs_cv/unet_pvt_seed42_fold2/best.pth,True
0.8587570621419419,0.7524752475171501,0.9809034637036625,0.7636624628241191,0.3934792272546355,0.3934792272546355,2,29.372581882222395,6.119287892129665,1,1,1,1.0,1,1.0,0,356,cvc-clinicdb,unet_pvt,polypseg/runs_cv/unet_pvt_seed42_fold2/best.pth,True
0.9752951256640915,0.9517814837137001,0.9917231364908435,0.9594025098288097,0.8500171151598411,0.8500171151598411,2,8.5954208366967,1.7907126743118125,1,1,1,1.0,1,1.0,0,357,cvc-clinicdb,unet_pvt,polypseg/runs_cv/unet_pvt_seed42_fold2/best.pth,True
0.9005508141099173,0.8190927108476206,0.9641005702311548,0.8448608744935279,0.7074858202949271,0.7074858202949271,2,57.22888266332602,11.922683888192921,1,1,1,1.0,1,1.0,0,358,cvc-clinicdb,unet_pvt,polypseg/runs_cv/unet_pvt_seed42_fold2/best.pth,True
0.9456421595681516,0.896889199572729,0.9869230769135872,0.9076759815979157,0.7740773579935882,0.7740773579935882,2,26.67720956852273,5.557751993442236,1,1,1,1.0,1,1.0,0,359,cvc-clinicdb,unet_pvt,polypseg/runs_cv/unet_pvt_seed42_fold2/best.pth,True
0.9532134942015118,0.9106092683860125,0.9354760753761364,0.9716365461603506,0.7593183416222102,0.7593183416222102,2,4.21036320796314,0.8771590016589875,1,1,1,1.0,1,1.0,0,36,cvc-clinicdb,unet_pvt,polypseg/runs_cv/unet_pvt_seed42_fold2/best.pth,True
0.9422375593077046,0.8907837176474324,0.9935494541763682,0.8959653963688867,0.5791088247172317,0.5791088247172317,2,28.722478051031022,5.983849593964796,1,1,1,1.0,1,1.0,0,360,cvc-clinicdb,unet_pvt,polypseg/runs_cv/unet_pvt_seed42_fold2/best.pth,True
0.96096746536275,0.9248675410325295,0.9545495293504747,0.9674722878342042,0.6846708872556128,0.6846708872556128,2,5.61610083313869,1.1700210069038939,1,1,1,1.0,1,1.0,0,361,cvc-clinicdb,unet_pvt,polypseg/runs_cv/unet_pvt_seed42_fold2/best.pth,True
0.9351112132827455,0.8781303972271358,0.9735519387150124,0.8995908437365963,0.5079007758817676,0.5079007758817676,2,9.219544457292887,1.920738428602685,1,1,1,1.0,1,1.0,0,362,cvc-clinicdb,unet_pvt,polypseg/runs_cv/unet_pvt_seed42_fold2/best.pth,True
0.78904515171025,0.6515892420139615,0.8548516438769164,0.7326460480596119,0.4227208158268171,0.4227208158268171,2,16.5890940051854,3.456061251080292,1,1,1,1.0,1,1.0,0,363,cvc-clinicdb,unet_pvt,polypseg/runs_cv/unet_pvt_seed42_fold2/best.pth,True
0.9573157782765489,0.9181262728750255,0.959148936129398,0.9554896142028195,0.9583109179739733,0.9583109179739733,2,2.0,0.4166666666666667,1,1,1,1.0,1,1.0,0,364,cvc-clinicdb,unet_pvt,polypseg/runs_cv/unet_pvt_seed42_fold2/best.pth,True
0.9055045871351949,0.8273260686996092,0.8318584070445909,0.9934574735282607,0.5640116522240783,0.5640116522240783,2,4.604101966249685,0.9591879096353509,1,1,1,1.0,1,1.0,0,365,cvc-clinicdb,unet_pvt,polypseg/runs_cv/unet_pvt_seed42_fold2/best.pth,True
0.9428362928498459,0.8918545788821053,0.9047619047196657,0.9842559674462034,0.8285657420701471,0.8285657420701471,2,3.0,0.625,1,1,1,1.0,1,1.0,0,366,cvc-clinicdb,unet_pvt,polypseg/runs_cv/unet_pvt_seed42_fold2/best.pth,True
0.947784115819487,0.9007506254837052,0.933448573857673,0.962566844876891,0.7616535249115807,0.7616535249115807,2,3.0,0.625,1,1,1,1.0,1,1.0,0,367,cvc-clinicdb,unet_pvt,polypseg/runs_cv/unet_pvt_seed42_fold2/best.pth,True
0.8929705215217014,0.8066366243012439,0.8393009377306352,0.9539728681708347,0.497404833360872,0.497404833360872,2,7.0710678118654755,1.473139127471974,1,1,1,1.0,1,1.0,0,368,cvc-clinicdb,unet_pvt,polypseg/runs_cv/unet_pvt_seed42_fold2/best.pth,True
0.8627249357104698,0.7585895117197745,0.7585895117197745,0.9999999999404052,0.44670045783195184,0.44670045783195184,2,8.48528137423857,1.7677669529663687,1,1,1,1.0,1,1.0,0,369,cvc-clinicdb,unet_pvt,polypseg/runs_cv/unet_pvt_seed42_fold2/best.pth,True
0.9552727730820506,0.91437530148439,0.9516756620942428,0.9588971797020501,0.639318505804763,0.639318505804763,2,6.324555320336759,1.317615691736825,1,1,1,1.0,1,1.0,0,37,cvc-clinicdb,unet_pvt,polypseg/runs_cv/unet_pvt_seed42_fold2/best.pth,True
0.915971394489989,0.8449697635599247,0.8818129660997238,0.9528828269713029,0.6767980634758929,0.6767980634758929,2,5.0,1.0416666666666667,1,1,1,1.0,1,1.0,0,370,cvc-clinicdb,unet_pvt,polypseg/runs_cv/unet_pvt_seed42_fold2/best.pth,True
0.872830036299038,0.7743553008041293,0.7805054151061006,0.9899267398360873,0.5419217338380639,0.5419217338380639,2,5.656854249492381,1.1785113019775793,1,1,1,1.0,1,1.0,0,371,cvc-clinicdb,unet_pvt,polypseg/runs_cv/unet_pvt_seed42_fold2/best.pth,True
0.8737777777389433,0.7758484608700987,0.791465378358175,0.9751984126016668,0.5754646340414354,0.5754646340414354,2,5.0,1.0416666666666667,1,1,1,1.0,1,1.0,0,372,cvc-clinicdb,unet_pvt,polypseg/runs_cv/unet_pvt_seed42_fold2/best.pth,True
0.8903993202680375,0.8024502296475918,0.8098918082836251,0.9886792451897471,0.6777408138011758,0.6777408138011758,2,4.123105625617661,0.858980338670346,1,1,1,1.0,1,1.0,0,373,cvc-clinicdb,unet_pvt,polypseg/runs_cv/unet_pvt_seed42_fold2/best.pth,True
0.8490756302235605,0.7377336448167211,0.7531305902949832,0.9730354390621698,0.453555080525652,0.453555080525652,2,6.391338899868435,1.3315289374725907,1,1,1,1.0,1,1.0,0,374,cvc-clinicdb,unet_pvt,polypseg/runs_cv/unet_pvt_seed42_fold2/best.pth,True
0.7983050847119363,0.6643159378939129,0.6695095948351449,0.9884575025195743,0.4538632079170713,0.4538632079170713,2,8.06225774829855,1.679637030895531,1,1,1,1.0,1,1.0,0,375,cvc-clinicdb,unet_pvt,polypseg/runs_cv/unet_pvt_seed42_fold2/best.pth,True
0.9442782348364944,0.8944385405280043,0.9145237232555407,0.9760340161972929,0.8361928077051818,0.8361928077051818,2,5.385164807134504,1.1219093348196882,1,1,1,1.0,1,1.0,0,376,cvc-clinicdb,unet_pvt,polypseg/runs_cv/unet_pvt_seed42_fold2/best.pth,True
0.9505316689562984,0.9057268722067963,0.9562790697229638,0.9448529411330491,0.9007261628314472,0.9007261628314472,2,2.8284271247461903,0.5892556509887896,1,1,1,1.0,1,1.0,0,377,cvc-clinicdb,unet_pvt,polypseg/runs_cv/unet_pvt_seed42_fold2/best.pth,True
0.9153789550916022,0.8439620081029416,0.8563561266243068,0.9831401474719104,0.5967135651012407,0.5967135651012407,2,4.123105625617661,0.858980338670346,1,1,1,1.0,1,1.0,0,378,cvc-clinicdb,unet_pvt,polypseg/runs_cv/unet_pvt_seed42_fold2/best.pth,True
0.8801358233996559,0.7859308671445766,0.8249522596546816,0.9432314409793863,0.5708737365255957,0.5708737365255957,2,6.0,1.25,1,1,1,1.0,1,1.0,0,379,cvc-clinicdb,unet_pvt,polypseg/runs_cv/unet_pvt_seed42_fold2/best.pth,True
0.9727151730149431,0.9468797235813673,0.9945565887730878,0.9518124592804035,0.9459505041356084,0.9459505041356084,2,2.23606797749979,0.4658474953124562,1,1,1,1.0,1,1.0,0,38,cvc-clinicdb,unet_pvt,polypseg/runs_cv/unet_pvt_seed42_fold2/best.pth,True
0.9665306122185978,0.9352290678812412,0.9594813613744202,0.973684210472934,0.9713471349869571,0.9713471349869571,2,2.0,0.4166666666666667,1,1,1,1.0,1,1.0,0,380,cvc-clinicdb,unet_pvt,polypseg/runs_cv/unet_pvt_seed42_fold2/best.pth,True
0.937324929955579,0.8820428335788454,0.8840819022165098,0.9973919522728245,0.7308876374157678,0.7308876374157678,2,6.0,1.25,1,1,1,1.0,1,1.0,0,381,cvc-clinicdb,unet_pvt,polypseg/runs_cv/unet_pvt_seed42_fold2/best.pth,True
0.963777490281957,0.9300873907325191,0.9897044171042941,0.9391742829833226,0.8708102331236819,0.8708102331236819,2,2.8284271247461903,0.5892556509887896,1,1,1,1.0,1,1.0,0,382,cvc-clinicdb,unet_pvt,polypseg/runs_cv/unet_pvt_seed42_fold2/best.pth,True
0.9546273546117179,0.9131933562860172,0.922735908773821,0.9888021716664811,0.8065628155602808,0.8065628155602808,2,4.0,0.8333333333333334,1,1,1,1.0,1,1.0,0,383,cvc-clinicdb,unet_pvt,polypseg/runs_cv/unet_pvt_seed42_fold2/best.pth,True
0.8254541220291386,0.7027857638521438,0.9859984236590199,0.7098701558773328,0.46686514085664776,0.46686514085664776,2,97.61633802739696,20.336737089041033,1,1,1,1.0,1,1.0,0,384,cvc-clinicdb,unet_pvt,polypseg/runs_cv/unet_pvt_seed42_fold2/best.pth,True
0.8562991710766356,0.7487090587166247,0.9565073979787178,0.7750964145222227,0.4657701216273868,0.4657701216273868,2,93.33809511662427,19.445436482630058,1,1,1,1.0,1,1.0,0,385,cvc-clinicdb,unet_pvt,polypseg/runs_cv/unet_pvt_seed42_fold2/best.pth,True
0.8809064333055373,0.7871606624524938,0.9564748350651157,0.8164045898823615,0.46723592886528054,0.46723592886528054,2,73.02322165159677,15.213171177415994,1,1,1,1.0,1,1.0,0,386,cvc-clinicdb,unet_pvt,polypseg/runs_cv/unet_pvt_seed42_fold2/best.pth,True
0.8804791823111379,0.7864786151353562,0.8942550974814174,0.8671212613166391,0.37639047746538695,0.37639047746538695,2,53.37821790468031,11.120462063475065,1,1,1,1.0,1,1.0,0,387,cvc-clinicdb,unet_pvt,polypseg/runs_cv/unet_pvt_seed42_fold2/best.pth,True
0.8193838512633523,0.6940306992583133,0.961259842514639,0.7140016376156509,0.3772513218766409,0.3772513218766409,2,100.70992235177567,20.981233823286598,1,1,1,1.0,1,1.0,0,388,cvc-clinicdb,unet_pvt,polypseg/runs_cv/unet_pvt_seed42_fold2/best.pth,True
0.9217400040161701,0.8548402124249751,0.996632630887483,0.8573163894559086,0.7049130133127929,0.7049130133127929,2,52.44467288464729,10.925973517634851,1,1,1,1.0,1,1.0,0,389,cvc-clinicdb,unet_pvt,polypseg/runs_cv/unet_pvt_seed42_fold2/best.pth,True
0.9685814771281526,0.939077062947509,0.9638357442612264,0.9733741752833796,0.8925669379424772,0.8925669379424772,2,4.123105625617661,0.858980338670346,1,1,1,1.0,1,1.0,0,39,cvc-clinicdb,unet_pvt,polypseg/runs_cv/unet_pvt_seed42_fold2/best.pth,True
0.9853737059726753,0.971169101149017,0.9925636007772292,0.9782872258295034,0.9055651105081194,0.9055651105081194,2,3.0649110640673483,0.6385231383473643,1,1,1,1.0,1,1.0,0,390,cvc-clinicdb,unet_pvt,polypseg/runs_cv/unet_pvt_seed42_fold2/best.pth,True
0.9364814814728103,0.8805502350534469,0.9361347648845588,0.9368284549659721,0.7113046007834282,0.7113046007834282,2,8.960938894219895,1.8668622696291448,1,1,1,1.0,1,1.0,0,391,cvc-clinicdb,unet_pvt,polypseg/runs_cv/unet_pvt_seed42_fold2/best.pth,True
0.950517836588029,0.9057017543755113,0.9503451616694882,0.9506905742555041,0.6321421059637594,0.6321421059637594,2,11.390683532816755,2.3730590693368243,1,1,1,1.0,1,1.0,0,392,cvc-clinicdb,unet_pvt,polypseg/runs_cv/unet_pvt_seed42_fold2/best.pth,True
0.9509550851771362,0.9064960629809733,0.9174449009971679,0.9870060281180575,0.63808583086712,0.63808583086712,2,6.3437377509448725,1.3216120314468482,1,1,1,1.0,1,1.0,0,393,cvc-clinicdb,unet_pvt,polypseg/runs_cv/unet_pvt_seed42_fold2/best.pth,True
0.9615907126036705,0.9260228353838483,0.9326784858537053,0.9923527912185528,0.7526165257593298,0.7526165257593298,2,6.0,1.25,1,1,1,1.0,1,1.0,0,394,cvc-clinicdb,unet_pvt,polypseg/runs_cv/unet_pvt_seed42_fold2/best.pth,True
0.9421048189680896,0.8905464698772193,0.8940413262782793,0.9956296824741737,0.5524460299645603,0.5524460299645603,2,12.056102566973092,2.5116880347860606,1,1,1,1.0,1,1.0,0,395,cvc-clinicdb,unet_pvt,polypseg/runs_cv/unet_pvt_seed42_fold2/best.pth,True
0.9560467479634314,0.9157945972181731,0.9226054266024631,0.9920035149297715,0.690431469704216,0.690431469704216,2,8.0,1.6666666666666667,1,1,1,1.0,1,1.0,0,396,cvc-clinicdb,unet_pvt,polypseg/runs_cv/unet_pvt_seed42_fold2/best.pth,True
0.9624178196416366,0.9275581615224289,0.9384448555148405,0.9876476906485792,0.6261633291773716,0.6261633291773716,2,6.375625116449215,1.3282552325935866,1,1,1,1.0,1,1.0,0,397,cvc-clinicdb,unet_pvt,polypseg/runs_cv/unet_pvt_seed42_fold2/best.pth,True
0.9620360551406096,0.9268492031011092,0.9297463489575724,0.9966492721724984,0.6128846885662823,0.6128846885662823,2,8.0,1.6666666666666667,1,1,1,1.0,1,1.0,0,398,cvc-clinicdb,unet_pvt,polypseg/runs_cv/unet_pvt_seed42_fold2/best.pth,True
0.9538150171991345,0.9117078077775151,0.9238610522941749,0.9857764390814442,0.6404967763608505,0.6404967763608505,2,10.198137929009743,2.1246120685436964,1,1,1,1.0,1,1.0,0,399,cvc-clinicdb,unet_pvt,polypseg/runs_cv/unet_pvt_seed42_fold2/best.pth,True
0.5564781238331362,0.38550030520549605,0.9859493214724876,0.3876298394693691,0.44976116894078844,0.44976116894078844,2,78.9129252508191,16.440192760587312,1,1,1,1.0,0,0.0,0,4,cvc-clinicdb,unet_pvt,polypseg/runs_cv/unet_pvt_seed42_fold2/best.pth,True
0.9662337662274919,0.9346733668224287,0.9951845906768969,0.9389197374944609,0.7685626256948438,0.7685626256948438,2,3.1622776601683795,0.6588078458684125,1,1,1,1.0,1,1.0,0,40,cvc-clinicdb,unet_pvt,polypseg/runs_cv/unet_pvt_seed42_fold2/best.pth,True
0.9527909312602038,0.9098383118537978,0.929711565374829,0.9770453207625509,0.6894846767381826,0.6894846767381826,2,5.496611579062203,1.1451274123046256,1,1,1,1.0,1,1.0,0,400,cvc-clinicdb,unet_pvt,polypseg/runs_cv/unet_pvt_seed42_fold2/best.pth,True
0.9728884254380975,0.9472081218177948,0.9506826981765775,0.9961563100470194,0.836829272147052,0.836829272147052,2,4.0,0.8333333333333334,1,1,1,1.0,1,1.0,0,401,cvc-clinicdb,unet_pvt,polypseg/runs_cv/unet_pvt_seed42_fold2/best.pth,True
0.9670657643554847,0.936231689282783,0.9399581731030158,0.995783304738452,0.6688970108787226,0.6688970108787226,2,6.4031242374328485,1.3339842161318434,1,1,1,1.0,1,1.0,0,402,cvc-clinicdb,unet_pvt,polypseg/runs_cv/unet_pvt_seed42_fold2/best.pth,True
0.970152347388485,0.9420348193525003,0.9491989454375461,0.9920517168186513,0.8081014346301365,0.8081014346301365,2,4.3848783726541,0.9135163276362709,1,1,1,1.0,1,1.0,0,403,cvc-clinicdb,unet_pvt,polypseg/runs_cv/unet_pvt_seed42_fold2/best.pth,True
0.9682525160065496,0.9384588099588679,0.9637555778074514,0.9727916168676092,0.7819610588171084,0.7819610588171084,2,5.770017718971775,1.2020870247857864,1,1,1,1.0,1,1.0,0,404,cvc-clinicdb,unet_pvt,polypseg/runs_cv/unet_pvt_seed42_fold2/best.pth,True
0.9610094227176378,0.9249452725849583,0.9424322888906804,0.9803336647775899,0.7371767198184506,0.7371767198184506,2,7.211102550927978,1.5023130314433288,1,1,1,1.0,1,1.0,0,405,cvc-clinicdb,unet_pvt,polypseg/runs_cv/unet_pvt_seed42_fold2/best.pth,True
0.964314762093512,0.9310886423782164,0.9470793809191504,0.9821890856271907,0.7078937200156517,0.7078937200156517,2,4.920820393249919,1.0251709152603998,1,1,1,1.0,1,1.0,0,406,cvc-clinicdb,unet_pvt,polypseg/runs_cv/unet_pvt_seed42_fold2/best.pth,True
0.9687161918456152,0.9393303610373342,0.9450307827533418,0.9936193822730384,0.7413145478878193,0.7413145478878193,2,5.0,1.0416666666666667,1,1,1,1.0,1,1.0,0,407,cvc-clinicdb,unet_pvt,polypseg/runs_cv/unet_pvt_seed42_fold2/best.pth,True
0.9398153698540953,0.8864638697174435,0.8990709943697778,0.9844279793923845,0.748983211209765,0.748983211209765,2,15.02830192161697,3.1308962336702018,1,1,1,1.0,1,1.0,0,408,cvc-clinicdb,unet_pvt,polypseg/runs_cv/unet_pvt_seed42_fold2/best.pth,True
0.9858607588331467,0.9721157793863003,0.981315189607718,0.9904486352668789,0.8230861862790338,0.8230861862790338,2,3.605551275463989,0.7511565157216644,1,1,1,1.0,1,1.0,0,409,cvc-clinicdb,unet_pvt,polypseg/runs_cv/unet_pvt_seed42_fold2/best.pth,True
0.9649177274038608,0.9322135572699017,0.9425798624961064,0.9883400466188608,0.8437997023458078,0.8437997023458078,2,5.0,1.0416666666666667,1,1,1,1.0,1,1.0,0,41,cvc-clinicdb,unet_pvt,polypseg/runs_cv/unet_pvt_seed42_fold2/best.pth,True
0.9220978196763576,0.8554559370122954,0.9674786694575556,0.880783519071476,0.4883984381954864,0.4883984381954864,2,14.064689752316388,2.9301436983992475,1,1,1,1.0,1,1.0,0,410,cvc-clinicdb,unet_pvt,polypseg/runs_cv/unet_pvt_seed42_fold2/best.pth,True
0.9197736351454745,0.8514637904337217,0.989258861421603,0.8594090202043638,0.5881324956751552,0.5881324956751552,2,10.290750585296928,2.14390637193686,1,1,1,1.0,1,1.0,0,411,cvc-clinicdb,unet_pvt,polypseg/runs_cv/unet_pvt_seed42_fold2/best.pth,True
0.8527592180083085,0.7433132010246863,0.9797194844393533,0.7549291660471019,0.32231399986340503,0.32231399986340503,2,16.34613997501606,3.405445828128346,1,1,1,1.0,1,1.0,0,412,cvc-clinicdb,unet_pvt,polypseg/runs_cv/unet_pvt_seed42_fold2/best.pth,True
0.8183264929992601,0.6925148851617166,0.9481754658201054,0.7197583615629917,0.2771414338601655,0.2771414338601655,2,24.012494579357174,5.002603037366078,1,1,1,1.0,1,1.0,0,413,cvc-clinicdb,unet_pvt,polypseg/runs_cv/unet_pvt_seed42_fold2/best.pth,True
0.8954481042392848,0.8106890293484864,0.9884022585037829,0.8184747583217967,0.4667472293649686,0.4667472293649686,2,38.3275357934736,7.984903290307,1,2,1,1.0,1,1.0,1,414,cvc-clinicdb,unet_pvt,polypseg/runs_cv/unet_pvt_seed42_fold2/best.pth,True
0.854341736691529,0.7457212713888449,0.9900059793201502,0.7513776337066361,0.4732795049268109,0.4732795049268109,2,33.170438553816886,6.910508032045184,1,1,1,1.0,1,1.0,0,415,cvc-clinicdb,unet_pvt,polypseg/runs_cv/unet_pvt_seed42_fold2/best.pth,True
0.8870887623671733,0.7970885119769477,0.9818981559720699,0.8089762352720818,0.38063236123143496,0.38063236123143496,2,26.01244047484066,5.419258432258471,1,1,1,1.0,1,1.0,0,416,cvc-clinicdb,unet_pvt,polypseg/runs_cv/unet_pvt_seed42_fold2/best.pth,True
0.8305883657692531,0.7102617602360559,0.9690734989522636,0.7267345948498133,0.46787582685980406,0.46787582685980406,2,33.049106874250995,6.885230598802291,1,1,1,1.0,1,1.0,0,417,cvc-clinicdb,unet_pvt,polypseg/runs_cv/unet_pvt_seed42_fold2/best.pth,True
0.873686379550034,0.7757043541753439,0.9636363636144628,0.7990953637241031,0.32732108506651547,0.32732108506651547,2,12.918376618407354,2.6913284621681988,1,1,1,1.0,1,1.0,0,418,cvc-clinicdb,unet_pvt,polypseg/runs_cv/unet_pvt_seed42_fold2/best.pth,True
0.873599414130818,0.7755672583006594,0.9784284776822635,0.7890593993862345,0.5429525635963952,0.5429525635963952,2,29.097239424790907,6.061924880164772,1,1,1,1.0,1,1.0,0,419,cvc-clinicdb,unet_pvt,polypseg/runs_cv/unet_pvt_seed42_fold2/best.pth,True
0.9750894879028775,0.951389878817514,0.979166666652301,0.9710461224942377,0.8874514377109758,0.8874514377109758,2,3.0,0.625,1,1,1,1.0,1,1.0,0,42,cvc-clinicdb,unet_pvt,polypseg/runs_cv/unet_pvt_seed42_fold2/best.pth,True
0.8237484079526346,0.7003165084085717,0.9952651515072974,0.7026575296634762,0.3827403246250407,0.3827403246250407,2,37.67820710382738,7.849626479964038,1,1,1,1.0,1,1.0,0,420,cvc-clinicdb,unet_pvt,polypseg/runs_cv/unet_pvt_seed42_fold2/best.pth,True
0.8485641639214456,0.7369617457898489,0.9945656937418303,0.7399413107222697,0.41623481133186613,0.41623481133186613,2,29.0,6.041666666666667,1,1,1,1.0,1,1.0,0,421,cvc-clinicdb,unet_pvt,polypseg/runs_cv/unet_pvt_seed42_fold2/best.pth,True
0.9549044511584769,0.9137006202131259,0.9587254125964919,0.9511138253912897,0.45639206493954887,0.45639206493954887,2,17.0,3.5416666666666665,1,1,1,1.0,1,1.0,0,422,cvc-clinicdb,unet_pvt,polypseg/runs_cv/unet_pvt_seed42_fold2/best.pth,True
0.8938565664424903,0.8080837794857441,0.9657572774506696,0.8319200484504427,0.22491241589183095,0.22491241589183095,2,17.72004514666935,3.6916760722227813,1,1,1,1.0,1,1.0,0,423,cvc-clinicdb,unet_pvt,polypseg/runs_cv/unet_pvt_seed42_fold2/best.pth,True
0.03669724770501922,0.018691588784318865,0.9999999979166666,0.018691588784318865,0.0,0.0,2,46.165999198861144,9.617916499762739,1,1,0,0.0,0,0.0,1,424,cvc-clinicdb,unet_pvt,polypseg/runs_cv/unet_pvt_seed42_fold2/best.pth,True
0.8306299509462348,0.7103225806222477,0.8548136645630896,0.8077769625529062,0.38655345818258857,0.38655345818258857,2,84.29541935899127,17.56154569978985,1,2,1,1.0,1,1.0,1,425,cvc-clinicdb,unet_pvt,polypseg/runs_cv/unet_pvt_seed42_fold2/best.pth,True
0.8616480756826395,0.7569259183177003,0.9845188842788667,0.7660436136992103,0.36700213263123266,0.36700213263123266,2,22.0,4.583333333333333,1,1,1,1.0,1,1.0,0,426,cvc-clinicdb,unet_pvt,polypseg/runs_cv/unet_pvt_seed42_fold2/best.pth,True
0.9545957918011788,0.9131355932131737,0.9714500375576304,0.9383164005729856,0.6960192892772228,0.6960192892772228,2,13.0,2.7083333333333335,1,1,1,1.0,1,1.0,0,427,cvc-clinicdb,unet_pvt,polypseg/runs_cv/unet_pvt_seed42_fold2/best.pth,True
0.926050420163744,0.862284820023802,0.9686492821470001,0.8870405151517123,0.5665497224193647,0.5665497224193647,2,13.0,2.7083333333333335,1,1,1,1.0,1,1.0,0,428,cvc-clinicdb,unet_pvt,polypseg/runs_cv/unet_pvt_seed42_fold2/best.pth,True
0.9218533469848655,0.8550352073225099,0.8572389063104298,0.9970024762023068,0.30114894936263775,0.30114894936263775,2,8.145036824620094,1.696882671795853,1,1,1,1.0,1,1.0,0,429,cvc-clinicdb,unet_pvt,polypseg/runs_cv/unet_pvt_seed42_fold2/best.pth,True
0.9665819106341573,0.9353251317937553,0.9711678831939569,0.9620390455357549,0.842309918719746,0.842309918719746,2,3.1622776601683795,0.6588078458684125,1,1,1,1.0,1,1.0,0,43,cvc-clinicdb,unet_pvt,polypseg/runs_cv/unet_pvt_seed42_fold2/best.pth,True
0.9174381737418044,0.8474695407585816,0.8477674909076788,0.9995854635760731,0.28091244033980256,0.28091244033980256,2,7.615773105863909,1.5866193970549811,1,1,1,1.0,1,1.0,0,430,cvc-clinicdb,unet_pvt,polypseg/runs_cv/unet_pvt_seed42_fold2/best.pth,True
0.9173282831894723,0.8472820236699774,0.8492245448300847,0.9973075704625071,0.3070259365266714,0.3070259365266714,2,7.0,1.4583333333333333,1,1,1,1.0,1,1.0,0,431,cvc-clinicdb,unet_pvt,polypseg/runs_cv/unet_pvt_seed42_fold2/best.pth,True
0.9472783659451006,0.8998374644362064,0.9049856967623111,0.9937177473525496,0.5569060273510622,0.5569060273510622,2,7.615773105863909,1.5866193970549811,1,1,1,1.0,1,1.0,0,432,cvc-clinicdb,unet_pvt,polypseg/runs_cv/unet_pvt_seed42_fold2/best.pth,True
0.9470678225346911,0.8994575745747824,0.8994575745747824,0.9999999999892311,0.5234278698411071,0.5234278698411071,2,7.816691194959492,1.6284773322832276,1,1,1,1.0,1,1.0,0,433,cvc-clinicdb,unet_pvt,polypseg/runs_cv/unet_pvt_seed42_fold2/best.pth,True
0.946351726111952,0.8981666364049903,0.9039093898346372,0.9929761187939696,0.4503473790354921,0.4503473790354921,2,6.708203932499369,1.3975424859373686,1,1,1,1.0,1,1.0,0,434,cvc-clinicdb,unet_pvt,polypseg/runs_cv/unet_pvt_seed42_fold2/best.pth,True
0.9502511947007091,0.9052176957989352,0.9072297613370702,0.9975559557371038,0.6334552853844468,0.6334552853844468,2,6.708203932499369,1.3975424859373686,1,1,1,1.0,1,1.0,0,435,cvc-clinicdb,unet_pvt,polypseg/runs_cv/unet_pvt_seed42_fold2/best.pth,True
0.9256456756867885,0.8615832363112736,0.8615832363112736,0.9999999999864884,0.28556316560105593,0.28556316560105593,2,7.514605467129926,1.565542805652068,1,1,1,1.0,1,1.0,0,436,cvc-clinicdb,unet_pvt,polypseg/runs_cv/unet_pvt_seed42_fold2/best.pth,True
0.9486693258291462,0.9023510386751792,0.9040378863297104,0.997936442413015,0.559348951162784,0.559348951162784,2,6.324555320336759,1.317615691736825,1,1,1,1.0,1,1.0,0,437,cvc-clinicdb,unet_pvt,polypseg/runs_cv/unet_pvt_seed42_fold2/best.pth,True
0.937001643432537,0.8814704534993044,0.9741188381891152,0.9026092055062878,0.6484009978590216,0.6484009978590216,2,22.282141543086208,4.642112821476293,1,1,1,1.0,1,1.0,0,438,cvc-clinicdb,unet_pvt,polypseg/runs_cv/unet_pvt_seed42_fold2/best.pth,True
0.9399875233877729,0.8867702448106547,0.8941371943876792,0.9907943187665598,0.5281126260715937,0.5281126260715937,2,7.0710678118654755,1.473139127471974,1,1,1,1.0,1,1.0,0,439,cvc-clinicdb,unet_pvt,polypseg/runs_cv/unet_pvt_seed42_fold2/best.pth,True
0.9706329970070986,0.9429416274127373,0.9602944456729835,0.9811965811853994,0.785720312555021,0.785720312555021,2,3.940832691319585,0.8210068106915802,1,1,1,1.0,1,1.0,0,44,cvc-clinicdb,unet_pvt,polypseg/runs_cv/unet_pvt_seed42_fold2/best.pth,True
0.9334103473806963,0.8751353860300923,0.910495814537822,0.9575080412907143,0.6025514240170192,0.6025514240170192,2,9.863972021616489,2.054994171170102,1,1,1,1.0,1,1.0,0,440,cvc-clinicdb,unet_pvt,polypseg/runs_cv/unet_pvt_seed42_fold2/best.pth,True
0.9208885424606218,0.8533766702472598,0.8820455393474415,0.9633102323292577,0.6812267643775212,0.6812267643775212,2,5.0990195135927845,1.0622957319984967,1,1,1,1.0,1,1.0,0,441,cvc-clinicdb,unet_pvt,polypseg/runs_cv/unet_pvt_seed42_fold2/best.pth,True
0.782906960114579,0.6432597463446863,0.9341746247976066,0.6738007379908044,0.5631693020320292,0.5631693020320292,2,30.0,6.25,1,1,1,1.0,1,1.0,0,442,cvc-clinicdb,unet_pvt,polypseg/runs_cv/unet_pvt_seed42_fold2/best.pth,True
0.9527486102458866,0.9097611323959045,0.930758787133342,0.9758026253206421,0.7194796448445806,0.7194796448445806,2,5.0,1.0416666666666667,1,1,1,1.0,1,1.0,0,443,cvc-clinicdb,unet_pvt,polypseg/runs_cv/unet_pvt_seed42_fold2/best.pth,True
0.9604534497298817,0.9239157683514174,0.9242633228724231,0.9995931651613833,0.7048453839474801,0.7048453839474801,2,3.1622776601683795,0.6588078458684125,1,1,1,1.0,1,1.0,0,444,cvc-clinicdb,unet_pvt,polypseg/runs_cv/unet_pvt_seed42_fold2/best.pth,True
0.9628803683153626,0.9284178400435013,0.9775781478164067,0.9486180014107114,0.7808330011484353,0.7808330011484353,2,10.872832182576493,2.265173371370103,1,1,1,1.0,1,1.0,0,445,cvc-clinicdb,unet_pvt,polypseg/runs_cv/unet_pvt_seed42_fold2/best.pth,True
0.9409665658174657,0.8885145033629613,0.9641522931327863,0.9188697825852672,0.6841216065238336,0.6841216065238336,2,14.212670403551895,2.960973000739978,1,1,1,1.0,1,1.0,0,446,cvc-clinicdb,unet_pvt,polypseg/runs_cv/unet_pvt_seed42_fold2/best.pth,True
0.9494408568128927,0.9037481259099326,0.9122276028779592,0.9898193759937662,0.7973576947209801,0.7973576947209801,2,3.0,0.625,1,1,1,1.0,1,1.0,0,447,cvc-clinicdb,unet_pvt,polypseg/runs_cv/unet_pvt_seed42_fold2/best.pth,True
0.9623717217714757,0.9274725274589382,0.9292425131983376,0.9979504965947036,0.7616986679500362,0.7616986679500362,2,3.605551275463989,0.7511565157216644,1,1,1,1.0,1,1.0,0,448,cvc-clinicdb,unet_pvt,polypseg/runs_cv/unet_pvt_seed42_fold2/best.pth,True
0.9541493775834631,0.9123189843104083,0.9665825977098238,0.9420319540978691,0.8155448801837137,0.8155448801837137,2,8.06225774829855,1.679637030895531,1,1,1,1.0,1,1.0,0,449,cvc-clinicdb,unet_pvt,polypseg/runs_cv/unet_pvt_seed42_fold2/best.pth,True
0.9743750489697173,0.9500305623326707,0.9600061766374305,0.989180588687523,0.8885564197090042,0.8885564197090042,2,4.47213595499958,0.9316949906249123,1,1,1,1.0,1,1.0,0,45,cvc-clinicdb,unet_pvt,polypseg/runs_cv/unet_pvt_seed42_fold2/best.pth,True
0.962074439919526,0.9269204622390578,0.9371134020296525,0.9884015947448931,0.8520608289610079,0.8520608289610079,2,3.0,0.625,1,1,1,1.0,1,1.0,0,450,cvc-clinicdb,unet_pvt,polypseg/runs_cv/unet_pvt_seed42_fold2/best.pth,True
0.973750285300759,0.9488434163278985,0.9595141699973229,0.9884151992127704,0.9855768730769255,0.9855768730769255,2,1.4142135623730951,0.2946278254943948,1,1,1,1.0,1,1.0,0,451,cvc-clinicdb,unet_pvt,polypseg/runs_cv/unet_pvt_seed42_fold2/best.pth,True
0.9575371549766781,0.9185336048645995,0.9361702127416666,0.9799022270239027,0.805742867710695,0.805742867710695,2,4.0,0.8333333333333334,1,1,1,1.0,1,1.0,0,452,cvc-clinicdb,unet_pvt,polypseg/runs_cv/unet_pvt_seed42_fold2/best.pth,True
0.9690499040190852,0.9399581102876435,0.9432508173530302,0.9962999506414332,0.8390050392011761,0.8390050392011761,2,3.605551275463989,0.7511565157216644,1,1,1,1.0,1,1.0,0,453,cvc-clinicdb,unet_pvt,polypseg/runs_cv/unet_pvt_seed42_fold2/best.pth,True
0.9742710119992649,0.9498327759052929,0.9872017696162553,0.9616746190401466,0.8962012162457552,0.8962012162457552,2,3.605551275463989,0.7511565157216644,1,1,1,1.0,1,1.0,0,454,cvc-clinicdb,unet_pvt,polypseg/runs_cv/unet_pvt_seed42_fold2/best.pth,True
0.95129686260646,0.9071173992773828,0.9074114088060996,0.9996429421447316,0.5193928673897883,0.5193928673897883,2,6.004138126514907,1.2508621096906056,1,1,1,1.0,1,1.0,0,455,cvc-clinicdb,unet_pvt,polypseg/runs_cv/unet_pvt_seed42_fold2/best.pth,True
0.9763893277911769,0.9538678662701431,0.961159008079627,0.9921100917340173,0.8038791473071127,0.8038791473071127,2,3.0,0.625,1,1,1,1.0,1,1.0,0,456,cvc-clinicdb,unet_pvt,polypseg/runs_cv/unet_pvt_seed42_fold2/best.pth,True
0.9706354549641585,0.9429462668450095,0.9817705604925953,0.9597501024072126,0.7697094935719114,0.7697094935719114,2,4.414762138029506,0.9197421120894803,1,1,1,1.0,1,1.0,0,457,cvc-clinicdb,unet_pvt,polypseg/runs_cv/unet_pvt_seed42_fold2/best.pth,True
0.9680965725267503,0.9381658658671785,0.9624946420710996,0.9737640936475767,0.8807447409052673,0.8807447409052673,2,3.0,0.625,1,1,1,1.0,1,1.0,0,458,cvc-clinicdb,unet_pvt,polypseg/runs_cv/unet_pvt_seed42_fold2/best.pth,True
0.9518716577431804,0.9081632652864056,0.9095455533613929,0.9983293555847654,0.7482598107891357,0.7482598107891357,2,3.605551275463989,0.7511565157216644,1,1,1,1.0,1,1.0,0,459,cvc-clinicdb,unet_pvt,polypseg/runs_cv/unet_pvt_seed42_fold2/best.pth,True
0.9735322425330964,0.9484294420855067,0.9902104747758165,0.9574065309834768,0.9408669372044246,0.9408669372044246,2,2.23606797749979,0.4658474953124562,1,1,1,1.0,1,1.0,0,46,cvc-clinicdb,unet_pvt,polypseg/runs_cv/unet_pvt_seed42_fold2/best.pth,True
0.9452449567635469,0.896174863372181,0.9427035045254459,0.9478001491247614,0.6741550719857856,0.6741550719857856,2,7.0,1.4583333333333333,1,1,1,1.0,1,1.0,0,460,cvc-clinicdb,unet_pvt,polypseg/runs_cv/unet_pvt_seed42_fold2/best.pth,True
0.9560258141906346,0.9157561817004636,0.9449636552300109,0.967350037950382,0.6867595165669484,0.6867595165669484,2,5.0,1.0416666666666667,1,1,1,1.0,1,1.0,0,461,cvc-clinicdb,unet_pvt,polypseg/runs_cv/unet_pvt_seed42_fold2/best.pth,True
0.9749151640097483,0.9510580293268719,0.9849421887471774,0.9650902384275446,0.8808680087228219,0.8808680087228219,2,3.0,0.625,1,1,1,1.0,1,1.0,0,462,cvc-clinicdb,unet_pvt,polypseg/runs_cv/unet_pvt_seed42_fold2/best.pth,True
0.9744619063846325,0.9501957191559074,0.972137014306645,0.9767979451971164,0.7882710504367545,0.7882710504367545,2,3.5833875946992038,0.7465390822290008,1,1,1,1.0,1,1.0,0,463,cvc-clinicdb,unet_pvt,polypseg/runs_cv/unet_pvt_seed42_fold2/best.pth,True
0.9733122177196708,0.9480118829873398,0.9718870797590267,0.974741541341932,0.7871358479153896,0.7871358479153896,2,3.605551275463989,0.7511565157216644,1,1,1,1.0,1,1.0,0,464,cvc-clinicdb,unet_pvt,polypseg/runs_cv/unet_pvt_seed42_fold2/best.pth,True
0.933560924365662,0.8754001477396749,0.9879573876703291,0.8848419480553816,0.6937165212748156,0.6937165212748156,2,16.278820596099706,3.391420957520772,1,1,1,1.0,1,1.0,0,465,cvc-clinicdb,unet_pvt,polypseg/runs_cv/unet_pvt_seed42_fold2/best.pth,True
0.9658948124171338,0.934039229292362,0.9839992685289932,0.9484445227729933,0.7245900748293055,0.7245900748293055,2,7.0,1.4583333333333333,1,1,1,1.0,1,1.0,0,466,cvc-clinicdb,unet_pvt,polypseg/runs_cv/unet_pvt_seed42_fold2/best.pth,True
0.9006749216086481,0.8192980759855042,0.942498053598682,0.8624058619900019,0.6150898778136291,0.6150898778136291,2,76.31890768892328,15.899772435192348,1,1,1,1.0,1,1.0,0,467,cvc-clinicdb,unet_pvt,polypseg/runs_cv/unet_pvt_seed42_fold2/best.pth,True
0.8626768041419416,0.758515088132966,0.866541513773645,0.8588464140658081,0.45380670707972787,0.45380670707972787,2,53.31740330176824,11.107792354535048,1,1,1,1.0,1,1.0,0,468,cvc-clinicdb,unet_pvt,polypseg/runs_cv/unet_pvt_seed42_fold2/best.pth,True
0.9124900254553616,0.839063591887917,0.926394568313198,0.8989967055937481,0.5254945662979232,0.5254945662979232,2,53.0419081836779,11.050397538266228,1,1,1,1.0,1,1.0,0,469,cvc-clinicdb,unet_pvt,polypseg/runs_cv/unet_pvt_seed42_fold2/best.pth,True
0.9706827700352065,0.9430355790978138,0.9831311038671882,0.9585457343372266,0.7950972055307912,0.7950972055307912,2,3.1622776601683795,0.6588078458684125,1,1,1,1.0,1,1.0,0,47,cvc-clinicdb,unet_pvt,polypseg/runs_cv/unet_pvt_seed42_fold2/best.pth,True
0.5779359430563847,0.4064064064023382,0.9912109374758006,0.4078762306569432,0.20653028038123625,0.20653028038123625,2,117.86257224422097,24.55470255087937,1,1,1,1.0,0,0.0,0,470,cvc-clinicdb,unet_pvt,polypseg/runs_cv/unet_pvt_seed42_fold2/best.pth,True
0.9122507527777882,0.8386590522654054,0.9310812118820487,0.8941668603258462,0.46352153718499867,0.46352153718499867,2,55.9642094843055,11.659210309230312,1,1,1,1.0,1,1.0,0,471,cvc-clinicdb,unet_pvt,polypseg/runs_cv/unet_pvt_seed42_fold2/best.pth,True
0.8842398884218986,0.7924999999966419,0.9680140779412658,0.8138108084552528,0.6037264308806096,0.6037264308806096,2,52.24209947542052,10.883770724045942,1,1,1,1.0,1,1.0,0,472,cvc-clinicdb,unet_pvt,polypseg/runs_cv/unet_pvt_seed42_fold2/best.pth,True
0.9329662927901925,0.8743550334785687,0.9189454251706534,0.9474216380125651,0.5414994713984631,0.5414994713984631,2,19.12063310520616,3.983465230251283,1,1,1,1.0,1,1.0,0,473,cvc-clinicdb,unet_pvt,polypseg/runs_cv/unet_pvt_seed42_fold2/best.pth,True
0.9367136049661704,0.8809607734484064,0.9453690694858674,0.9282151952412552,0.6795558986438386,0.6795558986438386,2,35.77216839737231,7.452535082785898,1,1,1,1.0,1,1.0,0,474,cvc-clinicdb,unet_pvt,polypseg/runs_cv/unet_pvt_seed42_fold2/best.pth,True
0.9086082669680149,0.8325225851251583,0.9671383797085804,0.8567582348203409,0.44854467488745065,0.44854467488745065,2,39.29824555403351,8.187134490423647,1,1,1,1.0,1,1.0,0,475,cvc-clinicdb,unet_pvt,polypseg/runs_cv/unet_pvt_seed42_fold2/best.pth,True
0.8849600257528439,0.793657668058353,0.9418651133519396,0.8345392905893106,0.3473734392411797,0.3473734392411797,2,100.42783346892084,20.922465306025174,1,1,1,1.0,1,1.0,0,476,cvc-clinicdb,unet_pvt,polypseg/runs_cv/unet_pvt_seed42_fold2/best.pth,True
0.9015665310223634,0.8207748183979623,0.9468715083745984,0.8603990050212681,0.5354301329892528,0.5354301329892528,2,96.4499357614487,20.09373661696848,1,1,1,1.0,1,1.0,0,477,cvc-clinicdb,unet_pvt,polypseg/runs_cv/unet_pvt_seed42_fold2/best.pth,True
0.9063956740609118,0.8288150042590416,0.9620979712965755,0.8567903410555354,0.5811084391031813,0.5811084391031813,2,99.48366687421517,20.725763932128164,1,1,1,1.0,1,1.0,0,478,cvc-clinicdb,unet_pvt,polypseg/runs_cv/unet_pvt_seed42_fold2/best.pth,True
0.9760328692051585,0.9531876950459586,0.9645838032880408,0.9877569877512834,0.8266549805466736,0.8266549805466736,2,6.8978713763747725,1.4370565367447443,1,1,1,1.0,1,1.0,0,479,cvc-clinicdb,unet_pvt,polypseg/runs_cv/unet_pvt_seed42_fold2/best.pth,True
0.9561236169309792,0.9159356724978813,0.9216623758565343,0.9932619896751237,0.7496353751062047,0.7496353751062047,2,6.4031242374328485,1.3339842161318434,1,1,1,1.0,1,1.0,0,48,cvc-clinicdb,unet_pvt,polypseg/runs_cv/unet_pvt_seed42_fold2/best.pth,True
0.9406639627431556,0.8879750425360863,0.8908552893592963,0.9963721995863265,0.6715327967169438,0.6715327967169438,2,22.90839159055503,4.772581581365631,1,1,1,1.0,1,1.0,0,480,cvc-clinicdb,unet_pvt,polypseg/runs_cv/unet_pvt_seed42_fold2/best.pth,True
0.9375078428882623,0.8823668359461299,0.8861870588880482,0.9951381951315674,0.45167769493313475,0.45167769493313475,2,19.235384061671343,4.007371679514863,1,1,1,1.0,1,1.0,0,481,cvc-clinicdb,unet_pvt,polypseg/runs_cv/unet_pvt_seed42_fold2/best.pth,True
0.9585131840830217,0.9203315581475677,0.928466204502043,0.9905699625526253,0.7648512928035399,0.7648512928035399,2,19.02235295187438,3.9629901983071627,1,1,1,1.0,1,1.0,0,482,cvc-clinicdb,unet_pvt,polypseg/runs_cv/unet_pvt_seed42_fold2/best.pth,True
0.9725920474543998,0.9466464076364374,0.9556071694598554,0.9901916265507665,0.8066377566379137,0.8066377566379137,2,12.183240789735022,2.538175164528129,1,1,1,1.0,1,1.0,0,483,cvc-clinicdb,unet_pvt,polypseg/runs_cv/unet_pvt_seed42_fold2/best.pth,True
0.9515159401406597,0.9075158856190055,0.9165705690603331,0.9892316017262487,0.5035387521447409,0.5035387521447409,2,13.322792301510287,2.77558172948131,1,1,1,1.0,1,1.0,0,484,cvc-clinicdb,unet_pvt,polypseg/runs_cv/unet_pvt_seed42_fold2/best.pth,True
0.9094291880594275,0.8339020062724587,0.9916416456951096,0.8398048244049219,0.6590442469509219,0.6590442469509219,2,28.594270073331952,5.957139598610823,1,1,1,1.0,1,1.0,0,485,cvc-clinicdb,unet_pvt,polypseg/runs_cv/unet_pvt_seed42_fold2/best.pth,True
0.9485849485763164,0.9021983728422677,0.9871212121025167,0.9129444736221239,0.697927597280534,0.697927597280534,2,7.0710678118654755,1.473139127471974,1,1,1,1.0,1,1.0,0,486,cvc-clinicdb,unet_pvt,polypseg/runs_cv/unet_pvt_seed42_fold2/best.pth,True
0.9740704930958334,0.9494516792242165,0.9862062828069217,0.962229747321679,0.7854974166237032,0.7854974166237032,2,4.123105625617661,0.858980338670346,1,1,1,1.0,1,1.0,0,487,cvc-clinicdb,unet_pvt,polypseg/runs_cv/unet_pvt_seed42_fold2/best.pth,True
0.9809013870695185,0.9625186165732044,0.9904640272372033,0.9715216301906503,0.8887679050890491,0.8887679050890491,2,2.7988091673838635,0.5830852432049716,1,1,1,1.0,1,1.0,0,488,cvc-clinicdb,unet_pvt,polypseg/runs_cv/unet_pvt_seed42_fold2/best.pth,True
0.9315719249872709,0.8719088788229122,0.8790746582520365,0.9907375643193802,0.7545996194781485,0.7545996194781485,2,36.13723817290446,7.528591286021763,1,1,1,1.0,1,1.0,0,489,cvc-clinicdb,unet_pvt,polypseg/runs_cv/unet_pvt_seed42_fold2/best.pth,True
0.9772740152962466,0.9555580183868385,0.9839096199819249,0.9707273136571636,0.8931999592540654,0.8931999592540654,2,2.23606797749979,0.4658474953124562,1,1,1,1.0,1,1.0,0,49,cvc-clinicdb,unet_pvt,polypseg/runs_cv/unet_pvt_seed42_fold2/best.pth,True
0.9794652945726564,0.9597569679538829,0.9906496155934365,0.9685306936526399,0.4672785290941462,0.4672785290941462,2,5.385164807134504,1.1219093348196882,1,1,1,1.0,1,1.0,0,490,cvc-clinicdb,unet_pvt,polypseg/runs_cv/unet_pvt_seed42_fold2/best.pth,True
0.9272654410636496,0.8643941162696035,0.9644662116346352,0.8928278589644874,0.45566647390902465,0.45566647390902465,2,21.400934559032695,4.458528033131811,1,1,1,1.0,1,1.0,0,491,cvc-clinicdb,unet_pvt,polypseg/runs_cv/unet_pvt_seed42_fold2/best.pth,True
0.9622756048890767,0.9272939996618448,0.9459908776974892,0.9791308184382125,0.7059175809868862,0.7059175809868862,2,14.001783442380908,2.9170382171626894,1,1,1,1.0,1,1.0,0,492,cvc-clinicdb,unet_pvt,polypseg/runs_cv/unet_pvt_seed42_fold2/best.pth,True
0.9792096342105132,0.9592661402649361,0.9703077284427046,0.9882763900804465,0.7672170296470001,0.7672170296470001,2,5.074264635194588,1.0571384656655392,1,1,1,1.0,1,1.0,0,493,cvc-clinicdb,unet_pvt,polypseg/runs_cv/unet_pvt_seed42_fold2/best.pth,True
0.9792129616579583,0.9592725268616188,0.9906095270559978,0.9680756395941709,0.8009185208247515,0.8009185208247515,2,3.605551275463989,0.7511565157216644,1,1,1,1.0,1,1.0,0,494,cvc-clinicdb,unet_pvt,polypseg/runs_cv/unet_pvt_seed42_fold2/best.pth,True
0.9574650708097909,0.9184009513748415,0.9411295992456473,0.9743776386617441,0.774529857465937,0.774529857465937,2,23.034519093189633,4.798858144414507,1,1,1,1.0,1,1.0,0,495,cvc-clinicdb,unet_pvt,polypseg/runs_cv/unet_pvt_seed42_fold2/best.pth,True
0.9435026799657797,0.8930478687207833,0.9146280827321269,0.9742598379271529,0.6619513559129283,0.6619513559129283,2,27.07823837566161,5.641299661596168,1,1,1,1.0,1,1.0,0,496,cvc-clinicdb,unet_pvt,polypseg/runs_cv/unet_pvt_seed42_fold2/best.pth,True
0.9416283020249863,0.8896952779695517,0.9173722207542816,0.967201921858725,0.4750681479919826,0.4750681479919826,2,30.0,6.25,1,1,1,1.0,1,1.0,0,497,cvc-clinicdb,unet_pvt,polypseg/runs_cv/unet_pvt_seed42_fold2/best.pth,True
0.9643357838930341,0.9311278394052722,0.9463758389229987,0.9829905890519938,0.7973052373807784,0.7973052373807784,2,25.95668265660927,5.407642220126931,1,1,1,1.0,1,1.0,0,498,cvc-clinicdb,unet_pvt,polypseg/runs_cv/unet_pvt_seed42_fold2/best.pth,True
0.966459672838075,0.9350962390523728,0.9456213929779345,0.9882370570128559,0.7802009774347385,0.7802009774347385,2,22.47087148869537,4.681431560144869,1,1,1,1.0,1,1.0,0,499,cvc-clinicdb,unet_pvt,polypseg/runs_cv/unet_pvt_seed42_fold2/best.pth,True
0.607160010342457,0.4359151193610827,0.9845434938774916,0.4389188611696014,0.4733306823730235,0.4733306823730235,2,70.4290384756767,14.672716349099314,1,1,1,1.0,0,0.0,0,5,cvc-clinicdb,unet_pvt,polypseg/runs_cv/unet_pvt_seed42_fold2/best.pth,True
0.9472653061069835,0.8998138957537279,0.9119773655796298,0.9853940217056593,0.82098191171046,0.82098191171046,2,5.385164807134504,1.1219093348196882,1,1,1,1.0,1,1.0,0,50,cvc-clinicdb,unet_pvt,polypseg/runs_cv/unet_pvt_seed42_fold2/best.pth,True
0.9289870447136368,0.8673910433373311,0.8824355685789518,0.980723545774922,0.5301383728403526,0.5301383728403526,2,17.69180601295413,3.6857929193654444,1,1,1,1.0,1,1.0,0,500,cvc-clinicdb,unet_pvt,polypseg/runs_cv/unet_pvt_seed42_fold2/best.pth,True
0.9724127949023812,0.9463068341825099,0.9531808637367165,0.9924367761699808,0.7378035429258838,0.7378035429258838,2,5.643269777374468,1.1756812036196809,1,1,1,1.0,1,1.0,0,501,cvc-clinicdb,unet_pvt,polypseg/runs_cv/unet_pvt_seed42_fold2/best.pth,True
0.9613191478833865,0.9255192737253409,0.9313181557254098,0.993317349380231,0.7770693679438231,0.7770693679438231,2,21.805092200265836,4.542727541722049,1,1,1,1.0,1,1.0,0,502,cvc-clinicdb,unet_pvt,polypseg/runs_cv/unet_pvt_seed42_fold2/best.pth,True
0.9739223675724342,0.9491702545627673,0.9591129883803206,0.9891962535352246,0.767718601198346,0.767718601198346,2,10.162596577542837,2.1172076203214245,1,1,1,1.0,1,1.0,0,503,cvc-clinicdb,unet_pvt,polypseg/runs_cv/unet_pvt_seed42_fold2/best.pth,True
0.9739008932532865,0.9491294621053483,0.9808020906525198,0.9670961347773329,0.8701843676799018,0.8701843676799018,2,3.0,0.625,1,1,1,1.0,1,1.0,0,504,cvc-clinicdb,unet_pvt,polypseg/runs_cv/unet_pvt_seed42_fold2/best.pth,True
0.9708562197060715,0.9433630541194062,0.954874793434887,0.9873817034635424,0.6169540451329535,0.6169540451329535,2,4.123105625617661,0.858980338670346,1,1,1,1.0,1,1.0,0,505,cvc-clinicdb,unet_pvt,polypseg/runs_cv/unet_pvt_seed42_fold2/best.pth,True
0.8653394898179985,0.7626417611724202,0.9920453559312948,0.7673341537067516,0.38288361380524577,0.38288361380524577,2,50.844584519464114,10.592621774888357,1,1,1,1.0,1,1.0,0,506,cvc-clinicdb,unet_pvt,polypseg/runs_cv/unet_pvt_seed42_fold2/best.pth,True
0.9777588099000393,0.9564854355012131,0.979837724226551,0.9756886985277531,0.5400658116905148,0.5400658116905148,2,5.0,1.0416666666666667,1,1,1,1.0,1,1.0,0,507,cvc-clinicdb,unet_pvt,polypseg/runs_cv/unet_pvt_seed42_fold2/best.pth,True
0.965171174913254,0.9326867898488885,0.9425307353227642,0.9889260724004324,0.5443806741316045,0.5443806741316045,2,5.0,1.0416666666666667,1,1,1,1.0,1,1.0,0,508,cvc-clinicdb,unet_pvt,polypseg/runs_cv/unet_pvt_seed42_fold2/best.pth,True
0.967880255683615,0.9377596553243748,0.9605957916229758,0.9752760441592632,0.6933948784692459,0.6933948784692459,2,6.0,1.25,1,1,1,1.0,1,1.0,0,509,cvc-clinicdb,unet_pvt,polypseg/runs_cv/unet_pvt_seed42_fold2/best.pth,True
0.8635976129214153,0.7599399849392393,0.8007905137706884,0.9370952820594731,0.6117820220124168,0.6117820220124168,2,7.211102550927978,1.5023130314433288,1,1,1,1.0,1,1.0,0,51,cvc-clinicdb,unet_pvt,polypseg/runs_cv/unet_pvt_seed42_fold2/best.pth,True
0.9673432605202448,0.9367519946730655,0.9584183673387889,0.9764359351903626,0.6341837421190226,0.6341837421190226,2,3.605551275463989,0.7511565157216644,1,1,1,1.0,1,1.0,0,510,cvc-clinicdb,unet_pvt,polypseg/runs_cv/unet_pvt_seed42_fold2/best.pth,True
0.9579926698551029,0.919372294359857,0.9432338653581785,0.9732206787774135,0.7027199128440076,0.7027199128440076,2,4.0,0.8333333333333334,1,1,1,1.0,1,1.0,0,511,cvc-clinicdb,unet_pvt,polypseg/runs_cv/unet_pvt_seed42_fold2/best.pth,True
0.9471504180336952,0.8996065860279818,0.9607843137105387,0.9338980486925745,0.7874769423110323,0.7874769423110323,2,10.732725220246166,2.235984420884618,1,1,1,1.0,1,1.0,0,512,cvc-clinicdb,unet_pvt,polypseg/runs_cv/unet_pvt_seed42_fold2/best.pth,True
0.9289940828341289,0.8674033149064776,0.9515151515023366,0.9075144508553948,0.5725118756528548,0.5725118756528548,2,9.219544457292887,1.920738428602685,1,1,1,1.0,1,1.0,0,513,cvc-clinicdb,unet_pvt,polypseg/runs_cv/unet_pvt_seed42_fold2/best.pth,True
0.9402335062966075,0.8872081839565689,0.9073593847723566,0.975579271214541,0.6131518564197457,0.6131518564197457,2,8.54400374531753,1.7800007802744855,1,1,1,1.0,1,1.0,0,514,cvc-clinicdb,unet_pvt,polypseg/runs_cv/unet_pvt_seed42_fold2/best.pth,True
0.9687827606233618,0.9394555517797417,0.9630616025826416,0.9745722990277176,0.8752382500107578,0.8752382500107578,2,4.0,0.8333333333333334,1,1,1,1.0,1,1.0,0,515,cvc-clinicdb,unet_pvt,polypseg/runs_cv/unet_pvt_seed42_fold2/best.pth,True
0.9769494104184977,0.9549375371731489,0.9869351367892181,0.9671637294700469,0.8688970874010403,0.8688970874010403,2,4.110795063055892,0.8564156381366441,1,1,1,1.0,1,1.0,0,516,cvc-clinicdb,unet_pvt,polypseg/runs_cv/unet_pvt_seed42_fold2/best.pth,True
0.96889924285982,0.9396746497860406,0.9465179790515871,0.9923645907779484,0.7983664635273175,0.7983664635273175,2,5.656854249492381,1.1785113019775793,1,1,1,1.0,1,1.0,0,517,cvc-clinicdb,unet_pvt,polypseg/runs_cv/unet_pvt_seed42_fold2/best.pth,True
0.9756580809441292,0.9524730588428783,0.9590984974824833,0.9927995391562097,0.8359185228228011,0.8359185228228011,2,3.0,0.625,1,1,1,1.0,1,1.0,0,518,cvc-clinicdb,unet_pvt,polypseg/runs_cv/unet_pvt_seed42_fold2/best.pth,True
0.9801177574850524,0.961010709499325,0.9731149392771922,0.9872220948831811,0.7556269596468224,0.7556269596468224,2,4.0,0.8333333333333334,1,1,1,1.0,1,1.0,0,519,cvc-clinicdb,unet_pvt,polypseg/runs_cv/unet_pvt_seed42_fold2/best.pth,True
0.8815789473269935,0.7882352940514088,0.870129870049153,0.8933333332482539,0.6941086063975974,0.6941086063975974,2,6.0,1.25,1,1,1,1.0,1,1.0,0,52,cvc-clinicdb,unet_pvt,polypseg/runs_cv/unet_pvt_seed42_fold2/best.pth,True
0.9867909514584817,0.973926311533573,0.9794205253137493,0.9942731479314872,0.9405185294893879,0.9405185294893879,2,2.23606797749979,0.4658474953124562,1,1,1,1.0,1,1.0,0,520,cvc-clinicdb,unet_pvt,polypseg/runs_cv/unet_pvt_seed42_fold2/best.pth,True
0.9567907495640694,0.9171609139434402,0.9858904682171207,0.9293596059021737,0.739261575876676,0.739261575876676,2,9.219544457292887,1.920738428602685,1,1,1,1.0,1,1.0,0,521,cvc-clinicdb,unet_pvt,polypseg/runs_cv/unet_pvt_seed42_fold2/best.pth,True
0.947636949510287,0.9004848175440101,0.9513411510857078,0.9439614818651336,0.6282421154237009,0.6282421154237009,2,7.0,1.4583333333333333,1,1,1,1.0,1,1.0,0,522,cvc-clinicdb,unet_pvt,polypseg/runs_cv/unet_pvt_seed42_fold2/best.pth,True
0.9666194618554863,0.9353954580866211,0.9508457711253563,0.9829253239871852,0.8656136684122069,0.8656136684122069,2,3.0,0.625,1,1,1,1.0,1,1.0,0,523,cvc-clinicdb,unet_pvt,polypseg/runs_cv/unet_pvt_seed42_fold2/best.pth,True
0.9803465283900838,0.9614506846548846,0.9801729806232351,0.9805201376190016,0.8166023362966862,0.8166023362966862,2,3.605551275463989,0.7511565157216644,1,1,1,1.0,1,1.0,0,524,cvc-clinicdb,unet_pvt,polypseg/runs_cv/unet_pvt_seed42_fold2/best.pth,True
0.9785740007157968,0.9580468887629292,0.9633108826571843,0.994328576646594,0.8449317433657573,0.8449317433657573,2,2.8284271247461903,0.5892556509887896,1,1,1,1.0,1,1.0,0,525,cvc-clinicdb,unet_pvt,polypseg/runs_cv/unet_pvt_seed42_fold2/best.pth,True
0.9705830954682205,0.9428474422709048,0.9687209302212939,0.9724524337460901,0.827906926744189,0.827906926744189,2,3.0892527130926015,0.6435943152276253,1,1,1,1.0,1,1.0,0,526,cvc-clinicdb,unet_pvt,polypseg/runs_cv/unet_pvt_seed42_fold2/best.pth,True
0.9746192893344149,0.9504950494941333,0.9648798521145461,0.9845573499824996,0.8521022608809652,0.8521022608809652,2,3.0,0.625,1,1,1,1.0,1,1.0,0,527,cvc-clinicdb,unet_pvt,polypseg/runs_cv/unet_pvt_seed42_fold2/best.pth,True
0.9744167488101468,0.9501098498631443,0.9718164793916496,0.9770309705264328,0.8368643567805617,0.8368643567805617,2,3.0,0.625,1,1,1,1.0,1,1.0,0,528,cvc-clinicdb,unet_pvt,polypseg/runs_cv/unet_pvt_seed42_fold2/best.pth,True
0.8292295472465572,0.7082767978098161,0.7082767978098161,0.9999999999616859,0.3030302532139659,0.3030302532139659,2,11.557445202478846,2.4078010838497597,1,1,1,1.0,1,1.0,0,529,cvc-clinicdb,unet_pvt,polypseg/runs_cv/unet_pvt_seed42_fold2/best.pth,True
0.9368115941485906,0.8811341329464413,0.8918322294821378,0.9865689864485264,0.8774901565837631,0.8774901565837631,2,3.0,0.625,1,1,1,1.0,1,1.0,0,53,cvc-clinicdb,unet_pvt,polypseg/runs_cv/unet_pvt_seed42_fold2/best.pth,True
0.7344157726770888,0.5802978235834984,0.5802978235834984,0.9999999999605211,0.3667109932182545,0.3667109932182545,2,24.331050121192877,5.068968775248517,1,1,1,1.0,1,1.0,0,530,cvc-clinicdb,unet_pvt,polypseg/runs_cv/unet_pvt_seed42_fold2/best.pth,True
0.8348650200914006,0.7165393147469427,0.7181324110494532,0.9969135802127259,0.3451343341095257,0.3451343341095257,2,20.436998684178167,4.257708059203785,1,1,1,1.0,1,1.0,0,531,cvc-clinicdb,unet_pvt,polypseg/runs_cv/unet_pvt_seed42_fold2/best.pth,True
0.6996627653174007,0.5380625476653232,0.5380625476653232,0.9999999999716473,0.1248538867221742,0.1248538867221742,2,39.16017302320959,8.15836937983533,1,1,1,1.0,1,1.0,0,532,cvc-clinicdb,unet_pvt,polypseg/runs_cv/unet_pvt_seed42_fold2/best.pth,True
0.5805978360499994,0.4090439276450556,0.4090439276450556,0.999999999978943,0.08418652690450262,0.08418652690450262,2,55.063595098716206,11.471582312232544,1,1,1,1.0,0,0.0,0,533,cvc-clinicdb,unet_pvt,polypseg/runs_cv/unet_pvt_seed42_fold2/best.pth,True
0.8295061979216317,0.7086805555473532,0.7088446399547482,0.999673469371434,0.164472698392729,0.164472698392729,2,17.962978693626095,3.7422872278387698,1,1,1,1.0,1,1.0,0,534,cvc-clinicdb,unet_pvt,polypseg/runs_cv/unet_pvt_seed42_fold2/best.pth,True
0.8470266040633344,0.7346454020955249,0.7346454020955249,0.9999999999846035,0.1099107305480641,0.1099107305480641,2,19.697902350463135,4.103729656346486,1,1,1,1.0,1,1.0,0,535,cvc-clinicdb,unet_pvt,polypseg/runs_cv/unet_pvt_seed42_fold2/best.pth,True
0.3489276756913832,0.21133397402048754,0.2114585272032649,0.9972205968256697,0.16730871016369653,0.16730871016369653,2,216.04904263243347,45.01021721509031,1,1,0,0.0,0,0.0,1,536,cvc-clinicdb,unet_pvt,polypseg/runs_cv/unet_pvt_seed42_fold2/best.pth,True
0.9275946146408608,0.8649663898603209,0.8649663898603209,0.9999999999771428,0.5265292077833632,0.5265292077833632,2,5.656854249492381,1.1785113019775793,1,1,1,1.0,1,1.0,0,537,cvc-clinicdb,unet_pvt,polypseg/runs_cv/unet_pvt_seed42_fold2/best.pth,True
0.8676018447264834,0.7661632445144042,0.769820971853882,0.9938366717808973,0.20242123756822497,0.20242123756822497,2,10.295630140987,2.1449229460389585,1,1,1,1.0,1,1.0,0,538,cvc-clinicdb,unet_pvt,polypseg/runs_cv/unet_pvt_seed42_fold2/best.pth,True
0.9323146861918656,0.8732111176715173,0.875074078453537,0.9975678962167603,0.4724770142520148,0.4724770142520148,2,7.494371939383125,1.5613274873714844,1,1,1,1.0,1,1.0,0,539,cvc-clinicdb,unet_pvt,polypseg/runs_cv/unet_pvt_seed42_fold2/best.pth,True
0.9209401708417799,0.8534653463656504,0.8760162599845495,0.9707207205020899,0.845360774747585,0.845360774747585,2,2.8284271247461903,0.5892556509887896,1,1,1,1.0,1,1.0,0,54,cvc-clinicdb,unet_pvt,polypseg/runs_cv/unet_pvt_seed42_fold2/best.pth,True
0.9699006220026813,0.9415602443021823,0.947942142401314,0.9929005342824203,0.7469551823367298,0.7469551823367298,2,4.47213595499958,0.9316949906249123,1,1,1,1.0,1,1.0,0,540,cvc-clinicdb,unet_pvt,polypseg/runs_cv/unet_pvt_seed42_fold2/best.pth,True
0.7558163906884943,0.6074797843597542,0.6112555090901655,0.9899341141839324,0.27474237986145816,0.27474237986145816,2,41.048751503547585,8.551823229905747,1,1,1,1.0,1,1.0,0,541,cvc-clinicdb,unet_pvt,polypseg/runs_cv/unet_pvt_seed42_fold2/best.pth,True
0.8262007590575434,0.7038688816957981,0.7073389355663042,0.993078496130359,0.3136363149018671,0.3136363149018671,2,34.09910071179737,7.103979314957785,1,1,1,1.0,1,1.0,0,542,cvc-clinicdb,unet_pvt,polypseg/runs_cv/unet_pvt_seed42_fold2/best.pth,True
0.6479864826786539,0.4792751510077105,0.4792751510077105,0.999999999989135,0.18072284279287132,0.18072284279287132,2,77.0275921341382,16.04741502794546,1,1,1,1.0,0,0.0,0,543,cvc-clinicdb,unet_pvt,polypseg/runs_cv/unet_pvt_seed42_fold2/best.pth,True
0.9603639622218226,0.9237501657543843,0.9320310409356968,0.9904734821485107,0.7175649794210478,0.7175649794210478,2,10.295630140987,2.1449229460389585,1,1,1,1.0,1,1.0,0,544,cvc-clinicdb,unet_pvt,polypseg/runs_cv/unet_pvt_seed42_fold2/best.pth,True
0.955023631643886,0.9139188794730972,0.9157894736708219,0.997769990426923,0.6676252581369219,0.6676252581369219,2,4.709674775249763,0.9811822448437006,1,1,1,1.0,1,1.0,0,545,cvc-clinicdb,unet_pvt,polypseg/runs_cv/unet_pvt_seed42_fold2/best.pth,True
0.9313308043591287,0.871486525632114,0.871486525632114,0.999999999983375,0.5326842800592039,0.5326842800592039,2,7.903943276465977,1.6466548492637452,1,1,1,1.0,1,1.0,0,546,cvc-clinicdb,unet_pvt,polypseg/runs_cv/unet_pvt_seed42_fold2/best.pth,True
0.8967857479414008,0.8128844839232249,0.8210217466202793,0.9879543094291183,0.5992784346063537,0.5992784346063537,2,31.0,6.458333333333333,2,2,2,1.0,2,1.0,0,547,cvc-clinicdb,unet_pvt,polypseg/runs_cv/unet_pvt_seed42_fold2/best.pth,True
0.9317822095526133,0.8722773744129163,0.9547518650510095,0.9098918083321501,0.6533258816086956,0.6533258816086956,2,5.127634042946947,1.068257092280614,2,2,2,1.0,2,1.0,0,548,cvc-clinicdb,unet_pvt,polypseg/runs_cv/unet_pvt_seed42_fold2/best.pth,True
0.6096350364785508,0.43847123055697307,0.7310924369235929,0.522784176238218,0.2507175961499178,0.2507175961499178,2,93.22901872823337,19.422712235048618,2,1,1,0.5,1,0.5,0,549,cvc-clinicdb,unet_pvt,polypseg/runs_cv/unet_pvt_seed42_fold2/best.pth,True
0.9418521176639014,0.8900949795264458,0.9010989009751238,0.9864661652651932,0.9743416110398633,0.9743416110398633,2,2.0,0.4166666666666667,1,1,1,1.0,1,1.0,0,55,cvc-clinicdb,unet_pvt,polypseg/runs_cv/unet_pvt_seed42_fold2/best.pth,True
0.9304700161999151,0.8699803000322779,0.9241790083560177,0.9368472584703518,0.6413250168612806,0.6413250168612806,2,6.4031242374328485,1.3339842161318434,2,2,2,1.0,2,1.0,0,550,cvc-clinicdb,unet_pvt,polypseg/runs_cv/unet_pvt_seed42_fold2/best.pth,True
0.948705656751768,0.9024167806520381,0.9374703931637854,0.9602134885822382,0.7986991919305751,0.7986991919305751,2,3.5390602331696326,0.7373042152436735,2,2,2,1.0,2,1.0,0,551,cvc-clinicdb,unet_pvt,polypseg/runs_cv/unet_pvt_seed42_fold2/best.pth,True
0.9182200841783056,0.8488048915946526,0.8630775752315518,0.980889673984569,0.6281524427050201,0.6281524427050201,2,8.70490925992957,1.8135227624853272,2,2,2,1.0,2,1.0,0,552,cvc-clinicdb,unet_pvt,polypseg/runs_cv/unet_pvt_seed42_fold2/best.pth,True
0.9317102860564107,0.872151321776753,0.896462871856448,0.9698428788523842,0.6301843733036735,0.6301843733036735,2,8.555668049662545,1.782430843679697,2,2,2,1.0,2,1.0,0,553,cvc-clinicdb,unet_pvt,polypseg/runs_cv/unet_pvt_seed42_fold2/best.pth,True
0.9571189279678552,0.9177642145741752,0.9451918835361138,0.9693508255941036,0.7393613399179314,0.7393613399179314,2,4.0,0.8333333333333334,2,2,2,1.0,2,1.0,0,554,cvc-clinicdb,unet_pvt,polypseg/runs_cv/unet_pvt_seed42_fold2/best.pth,True
0.9261920313460078,0.862530413614811,0.8918238993598513,0.9633152173782158,0.5933263989743803,0.5933263989743803,2,7.615773105863909,1.5866193970549811,2,2,2,1.0,2,1.0,0,555,cvc-clinicdb,unet_pvt,polypseg/runs_cv/unet_pvt_seed42_fold2/best.pth,True
0.9489625725468745,0.9028818077833836,0.9096955743040459,0.9917724166644573,0.694188412177295,0.694188412177295,2,5.830951894845301,1.2147816447594377,2,2,2,1.0,2,1.0,0,556,cvc-clinicdb,unet_pvt,polypseg/runs_cv/unet_pvt_seed42_fold2/best.pth,True
0.9170667108018782,0.8468358300084556,0.8831500079565894,0.9536925460328165,0.5676574970305175,0.5676574970305175,2,6.708203932499369,1.3975424859373686,2,2,2,1.0,2,1.0,0,557,cvc-clinicdb,unet_pvt,polypseg/runs_cv/unet_pvt_seed42_fold2/best.pth,True
0.9260975815208047,0.862366603878494,0.8920454545309733,0.9628526370954468,0.6599895407457905,0.6599895407457905,2,8.0342417615642,1.6738003669925416,2,2,2,1.0,2,1.0,0,558,cvc-clinicdb,unet_pvt,polypseg/runs_cv/unet_pvt_seed42_fold2/best.pth,True
0.0,0.0,0.0,0.0,0.0,0.0,2,,,1,0,0,0.0,0,0.0,0,559,cvc-clinicdb,unet_pvt,polypseg/runs_cv/unet_pvt_seed42_fold2/best.pth,True
0.9459459459297649,0.8974358974067694,0.9155629138769682,0.9784147204183151,0.8237645886746714,0.8237645886746714,2,4.47213595499958,0.9316949906249123,1,1,1,1.0,1,1.0,0,56,cvc-clinicdb,unet_pvt,polypseg/runs_cv/unet_pvt_seed42_fold2/best.pth,True
0.5847142373978296,0.413142174427561,0.43894389438386716,0.8754430379525204,0.2469895573381326,0.2469895573381326,2,40.59925282551548,8.45817767198239,2,1,1,0.5,0,0.0,0,560,cvc-clinicdb,unet_pvt,polypseg/runs_cv/unet_pvt_seed42_fold2/best.pth,True
0.8150550610890401,0.687842138756361,0.7175298804685587,0.94326117316789,0.4242597152091784,0.4242597152091784,2,46.081433369724586,9.600298618692621,2,2,2,1.0,2,1.0,0,561,cvc-clinicdb,unet_pvt,polypseg/runs_cv/unet_pvt_seed42_fold2/best.pth,True
0.9101115808378257,0.8350502352685356,0.8961375733465793,0.9245283018737747,0.5154674663336043,0.5154674663336043,2,7.615773105863909,1.5866193970549811,2,2,2,1.0,2,1.0,0,562,cvc-clinicdb,unet_pvt,polypseg/runs_cv/unet_pvt_seed42_fold2/best.pth,True
0.9013309671654777,0.8203844290032274,0.9968596663297657,0.8225101214508298,0.32977686565547376,0.32977686565547376,2,15.0,3.125,1,1,1,1.0,1,1.0,0,563,cvc-clinicdb,unet_pvt,polypseg/runs_cv/unet_pvt_seed42_fold2/best.pth,True
0.9127479206617373,0.8394998161026884,0.9816789953467944,0.8528620534983345,0.5606121465170241,0.5606121465170241,2,12.529964086141668,2.6104091846128474,1,2,1,1.0,1,1.0,1,564,cvc-clinicdb,unet_pvt,polypseg/runs_cv/unet_pvt_seed42_fold2/best.pth,True
0.7649458201113882,0.6193621563876477,0.6233966825557491,0.9896588486035217,0.5254097333894462,0.5254097333894462,2,50.95088579588054,10.61476787414178,2,2,2,1.0,2,1.0,0,565,cvc-clinicdb,unet_pvt,polypseg/runs_cv/unet_pvt_seed42_fold2/best.pth,True
0.5664259927746712,0.3951145807051736,0.41246056781792245,0.9038018432919412,0.3804046216279196,0.3804046216279196,2,43.808582636150376,9.126788049197994,2,1,1,0.5,0,0.0,0,566,cvc-clinicdb,unet_pvt,polypseg/runs_cv/unet_pvt_seed42_fold2/best.pth,True
0.9071817474603684,0.8301304863385497,0.8559197651454031,0.9649751792342809,0.6542556974450561,0.6542556974450561,2,28.651352020065193,5.969031670846915,2,3,2,1.0,2,1.0,1,567,cvc-clinicdb,unet_pvt,polypseg/runs_cv/unet_pvt_seed42_fold2/best.pth,True
0.4054596547408487,0.25427995970522255,0.4445422534819945,0.37269372690976427,0.28220049981804207,0.28220049981804207,2,81.34986037179274,16.94788757745682,2,1,1,0.5,0,0.0,0,568,cvc-clinicdb,unet_pvt,polypseg/runs_cv/unet_pvt_seed42_fold2/best.pth,True
0.7034758535726934,0.5425860023596065,0.5773794496193543,0.9000393545493885,0.5583341499846292,0.5583341499846292,2,27.216206434539625,5.670043007195756,2,1,1,0.5,0,0.0,0,569,cvc-clinicdb,unet_pvt,polypseg/runs_cv/unet_pvt_seed42_fold2/best.pth,True
0.8734261099776864,0.7752941176014533,0.7920673076447075,0.9734121121880788,0.5813369339304845,0.5813369339304845,2,7.0,1.4583333333333333,1,1,1,1.0,1,1.0,0,57,cvc-clinicdb,unet_pvt,polypseg/runs_cv/unet_pvt_seed42_fold2/best.pth,True
0.7395517867734842,0.5867371455748805,0.9399538105511968,0.6095856215372149,0.46458523872727114,0.46458523872727114,2,73.42069373732622,15.295977861942962,2,1,1,0.5,1,0.5,0,570,cvc-clinicdb,unet_pvt,polypseg/runs_cv/unet_pvt_seed42_fold2/best.pth,True
0.7693074240082779,0.6251012145647757,0.6545701203891034,0.9328177863476845,0.502528563748101,0.502528563748101,2,35.35245560225002,7.365094917135421,2,2,2,1.0,2,1.0,0,571,cvc-clinicdb,unet_pvt,polypseg/runs_cv/unet_pvt_seed42_fold2/best.pth,True
0.9519272412196629,0.9082644627911516,0.9158333333142535,0.990982867425812,0.7238260232229488,0.7238260232229488,2,4.0,0.8333333333333334,1,1,1,1.0,1,1.0,0,572,cvc-clinicdb,unet_pvt,polypseg/runs_cv/unet_pvt_seed42_fold2/best.pth,True
0.9433577831918631,0.8927882760936063,0.9472176759023234,0.9395292207410906,0.7626168589746517,0.7626168589746517,2,3.605551275463989,0.7511565157216644,1,1,1,1.0,1,1.0,0,573,cvc-clinicdb,unet_pvt,polypseg/runs_cv/unet_pvt_seed42_fold2/best.pth,True
0.7952254641698879,0.6600616468225424,0.9933730946989149,0.6629809818371084,0.4113798858930702,0.4113798858930702,2,18.027756377319946,3.7557825786083225,1,1,1,1.0,1,1.0,0,574,cvc-clinicdb,unet_pvt,polypseg/runs_cv/unet_pvt_seed42_fold2/best.pth,True
0.8257199602678039,0.7031712473424276,0.9524627720231253,0.7287467133933229,0.5844741921510752,0.5844741921510752,2,36.38075834125507,7.579324654428139,1,1,1,1.0,1,1.0,0,575,cvc-clinicdb,unet_pvt,polypseg/runs_cv/unet_pvt_seed42_fold2/best.pth,True
0.6747663551323041,0.5091678420220528,0.9920989350397768,0.5112409275887548,0.5404099342100949,0.5404099342100949,2,107.9254332746214,22.484465265546124,1,1,1,1.0,1,1.0,0,576,cvc-clinicdb,unet_pvt,polypseg/runs_cv/unet_pvt_seed42_fold2/best.pth,True
0.7135678391880115,0.55468749999037,0.9449866903003553,0.5731969859961752,0.577825114693972,0.577825114693972,2,112.0777841107692,23.349538356410253,1,1,1,1.0,1,1.0,0,577,cvc-clinicdb,unet_pvt,polypseg/runs_cv/unet_pvt_seed42_fold2/best.pth,True
0.8742967992155741,0.776667241068815,0.9413116123445842,0.8161897862945275,0.4782660214403496,0.4782660214403496,2,59.25641585027681,12.345086635474335,1,1,1,1.0,1,1.0,0,578,cvc-clinicdb,unet_pvt,polypseg/runs_cv/unet_pvt_seed42_fold2/best.pth,True
0.6740241160807581,0.5083230579492268,0.9950218735707494,0.5096190991230037,0.4634420552035088,0.4634420552035088,2,141.6364195836736,29.50758741326533,1,1,1,1.0,1,1.0,0,579,cvc-clinicdb,unet_pvt,polypseg/runs_cv/unet_pvt_seed42_fold2/best.pth,True
0.8959459459156776,0.8115055079062726,0.8190240888932041,0.9888143175996409,0.5955724862464719,0.5955724862464719,2,4.47213595499958,0.9316949906249123,1,1,1,1.0,1,1.0,0,58,cvc-clinicdb,unet_pvt,polypseg/runs_cv/unet_pvt_seed42_fold2/best.pth,True
0.5741202047168164,0.4026427799987126,0.9849261849108791,0.4051393505471418,0.399411957829052,0.399411957829052,2,154.01785603067373,32.08705333972369,1,1,1,1.0,0,0.0,0,580,cvc-clinicdb,unet_pvt,polypseg/runs_cv/unet_pvt_seed42_fold2/best.pth,True
0.5280272162643774,0.35872077398355967,0.985819793190756,0.36058133880619925,0.36649775867792217,0.36649775867792217,2,145.0207963736297,30.212665911172856,1,1,1,1.0,0,0.0,0,581,cvc-clinicdb,unet_pvt,polypseg/runs_cv/unet_pvt_seed42_fold2/best.pth,True
0.9551862464128642,0.9142167617275754,0.9538743275614755,0.9565017789400149,0.6237053585235506,0.6237053585235506,2,5.665559131760019,1.1803248191166706,1,1,1,1.0,1,1.0,0,582,cvc-clinicdb,unet_pvt,polypseg/runs_cv/unet_pvt_seed42_fold2/best.pth,True
0.8794474675504452,0.784833769129906,0.94938996834728,0.819103313824189,0.4506193126287238,0.4506193126287238,2,18.019429464123963,3.754047805025826,1,1,1,1.0,1,1.0,0,583,cvc-clinicdb,unet_pvt,polypseg/runs_cv/unet_pvt_seed42_fold2/best.pth,True
0.9039323046141707,0.824704813780663,0.9237029501212716,0.884990253382554,0.6221375181847112,0.6221375181847112,2,10.198137929009743,2.1246120685436964,1,1,1,1.0,1,1.0,0,584,cvc-clinicdb,unet_pvt,polypseg/runs_cv/unet_pvt_seed42_fold2/best.pth,True
0.19618035936153136,0.10875830096411002,0.11360513055353966,0.7182457591759105,0.07791092808910349,0.07791092808910349,2,217.03686322834653,45.21601317257219,1,1,0,0.0,0,0.0,1,585,cvc-clinicdb,unet_pvt,polypseg/runs_cv/unet_pvt_seed42_fold2/best.pth,True
0.9549226283813083,0.9137339055597912,0.9508709244986407,0.9590090089874097,0.7827475538343794,0.7827475538343794,2,5.034656829757472,1.0488868395328066,1,1,1,1.0,1,1.0,0,586,cvc-clinicdb,unet_pvt,polypseg/runs_cv/unet_pvt_seed42_fold2/best.pth,True
0.9231601731435216,0.8572864321320842,0.8572864321320842,0.9999999999609223,0.5783873587937135,0.5783873587937135,2,3.605551275463989,0.7511565157216644,1,1,1,1.0,1,1.0,0,587,cvc-clinicdb,unet_pvt,polypseg/runs_cv/unet_pvt_seed42_fold2/best.pth,True
0.6649117373696979,0.4980282996868933,0.50233972857973,0.9830586080135962,0.47377516960732624,0.47377516960732624,2,69.21379499874371,14.419540624738271,1,1,1,1.0,0,0.0,0,588,cvc-clinicdb,unet_pvt,polypseg/runs_cv/unet_pvt_seed42_fold2/best.pth,True
0.8352144469380932,0.7170542635445124,0.7268056814528013,0.9816326530211579,0.5774486997991953,0.5774486997991953,2,55.14933983435332,11.489445798823608,1,1,1,1.0,1,1.0,0,589,cvc-clinicdb,unet_pvt,polypseg/runs_cv/unet_pvt_seed42_fold2/best.pth,True
0.9212730317872164,0.854037267014438,0.8921330088489754,0.9523809522984951,0.8450703725451328,0.8450703725451328,2,3.0,0.625,1,1,1,1.0,1,1.0,0,59,cvc-clinicdb,unet_pvt,polypseg/runs_cv/unet_pvt_seed42_fold2/best.pth,True
0.9516315667449288,0.9077262692755972,0.9457221710696541,0.9576152770862779,0.8970845407031413,0.8970845407031413,2,5.014852927038915,1.0447610264664406,1,1,1,1.0,1,1.0,0,590,cvc-clinicdb,unet_pvt,polypseg/runs_cv/unet_pvt_seed42_fold2/best.pth,True
0.758822382515913,0.6113729186110156,0.614655716973637,0.9913397859912715,0.602032634503684,0.602032634503684,2,48.67236435424182,10.140075907133712,1,1,1,1.0,1,1.0,0,591,cvc-clinicdb,unet_pvt,polypseg/runs_cv/unet_pvt_seed42_fold2/best.pth,True
0.9030203608906395,0.8231878958335118,0.840790655869887,0.9751979991459943,0.6041778538655831,0.6041778538655831,2,10.198039027185569,2.1245914639969934,1,1,1,1.0,1,1.0,0,592,cvc-clinicdb,unet_pvt,polypseg/runs_cv/unet_pvt_seed42_fold2/best.pth,True
0.930344108436597,0.8697601871540308,0.880402605074395,0.9862922838605729,0.5779906438366907,0.5779906438366907,2,6.082762530298219,1.2672421938121292,1,1,1,1.0,1,1.0,0,593,cvc-clinicdb,unet_pvt,polypseg/runs_cv/unet_pvt_seed42_fold2/best.pth,True
0.9535883584946137,0.911293721009033,0.925727739706213,0.9831779949765134,0.8236903594225155,0.8236903594225155,2,3.605551275463989,0.7511565157216644,1,1,1,1.0,1,1.0,0,594,cvc-clinicdb,unet_pvt,polypseg/runs_cv/unet_pvt_seed42_fold2/best.pth,True
0.8440197287169541,0.7301333333138631,0.7456427015047483,0.9723011363291086,0.6417237502533112,0.6417237502533112,2,14.560219778561036,3.033379120533549,1,1,1,1.0,1,1.0,0,595,cvc-clinicdb,unet_pvt,polypseg/runs_cv/unet_pvt_seed42_fold2/best.pth,True
0.841253372051437,0.72600286530351,0.7457689477282646,0.9647786767746417,0.5909172650271883,0.5909172650271883,2,12.91227766016838,2.690057845868412,1,1,1,1.0,1,1.0,0,596,cvc-clinicdb,unet_pvt,polypseg/runs_cv/unet_pvt_seed42_fold2/best.pth,True
0.7692307692029892,0.6249999999633216,0.6435045316831719,0.9560143625712734,0.5881735242237152,0.5881735242237152,2,11.45378415873122,2.3862050330690043,1,1,1,1.0,1,1.0,0,597,cvc-clinicdb,unet_pvt,polypseg/runs_cv/unet_pvt_seed42_fold2/best.pth,True
0.8852798894111044,0.7941723496344026,0.8011257035396772,0.9891891891509966,0.5213806815895219,0.5213806815895219,2,8.0,1.6666666666666667,1,1,1,1.0,1,1.0,0,598,cvc-clinicdb,unet_pvt,polypseg/runs_cv/unet_pvt_seed42_fold2/best.pth,True
0.9241082721866417,0.858923113076442,0.8664611005487083,0.9899728997021688,0.5973985610618217,0.5973985610618217,2,6.28828640183097,1.3100596670481186,1,1,1,1.0,1,1.0,0,599,cvc-clinicdb,unet_pvt,polypseg/runs_cv/unet_pvt_seed42_fold2/best.pth,True
0.7270174124673063,0.571113399026469,0.9964074929347668,0.5722918201887875,0.5329359797100689,0.5329359797100689,2,68.88105681066295,14.350220168888116,1,1,1,1.0,1,1.0,0,6,cvc-clinicdb,unet_pvt,polypseg/runs_cv/unet_pvt_seed42_fold2/best.pth,True
0.8861251457270477,0.7955338450524936,0.9452736318016056,0.8339429407156569,0.6639493137057246,0.6639493137057246,2,15.231546211727817,3.1732387941099622,1,1,1,1.0,1,1.0,0,60,cvc-clinicdb,unet_pvt,polypseg/runs_cv/unet_pvt_seed42_fold2/best.pth,True
0.950655985133225,0.905952644380328,0.9087680355060069,0.9965920155672273,0.5877158402277701,0.5877158402277701,2,6.708203932499369,1.3975424859373686,1,1,1,1.0,1,1.0,0,600,cvc-clinicdb,unet_pvt,polypseg/runs_cv/unet_pvt_seed42_fold2/best.pth,True
0.964247902915838,0.9309639880337952,0.939086294401347,0.9907949790629156,0.7719067435678827,0.7719067435678827,2,3.1622776601683795,0.6588078458684125,1,1,1,1.0,1,1.0,0,601,cvc-clinicdb,unet_pvt,polypseg/runs_cv/unet_pvt_seed42_fold2/best.pth,True
0.9522230595256049,0.9088032220812888,0.9108996539661058,0.9974739500947668,0.7052443545494895,0.7052443545494895,2,5.0,1.0416666666666667,1,1,1,1.0,1,1.0,0,602,cvc-clinicdb,unet_pvt,polypseg/runs_cv/unet_pvt_seed42_fold2/best.pth,True
0.9488119312376844,0.9026091138523191,0.904457831314404,0.9977405635167764,0.7247606527581455,0.7247606527581455,2,7.0,1.4583333333333333,1,1,1,1.0,1,1.0,0,603,cvc-clinicdb,unet_pvt,polypseg/runs_cv/unet_pvt_seed42_fold2/best.pth,True
0.9407635556124864,0.8881525561145773,0.8893553629348679,0.9984795499316029,0.6427179764024544,0.6427179764024544,2,6.215748564819405,1.2949476176707093,1,1,1,1.0,1,1.0,0,604,cvc-clinicdb,unet_pvt,polypseg/runs_cv/unet_pvt_seed42_fold2/best.pth,True
0.8950538997955763,0.810043041583643,0.810043041583643,0.9999999999645768,0.4734868273571218,0.4734868273571218,2,6.0,1.25,1,1,1,1.0,1,1.0,0,605,cvc-clinicdb,unet_pvt,polypseg/runs_cv/unet_pvt_seed42_fold2/best.pth,True
0.7833446174590007,0.6438508625367492,0.6468505404277516,0.9928489702233168,0.5146153554855024,0.5146153554855024,2,32.65424643602048,6.8029680075042664,1,1,1,1.0,1,1.0,0,606,cvc-clinicdb,unet_pvt,polypseg/runs_cv/unet_pvt_seed42_fold2/best.pth,True
0.7682489030560781,0.6237046631922376,0.6296175220454522,0.985166240358815,0.5225898886220814,0.5225898886220814,2,19.235384061671343,4.007371679514863,1,1,1,1.0,1,1.0,0,607,cvc-clinicdb,unet_pvt,polypseg/runs_cv/unet_pvt_seed42_fold2/best.pth,True
0.7207732026913707,0.5634444214331723,0.5717286284273949,0.974928366727259,0.48578977189889067,0.48578977189889067,2,28.0,5.833333333333333,1,1,1,1.0,1,1.0,0,608,cvc-clinicdb,unet_pvt,polypseg/runs_cv/unet_pvt_seed42_fold2/best.pth,True
0.8998118011635136,0.8178707989370523,0.8230052652729242,0.9924297924055573,0.5961289822793798,0.5961289822793798,2,8.246211251235321,1.717960677340692,1,1,1,1.0,1,1.0,0,609,cvc-clinicdb,unet_pvt,polypseg/runs_cv/unet_pvt_seed42_fold2/best.pth,True
0.9636238846725321,0.9298013244622605,0.9651695691583333,0.9620831429437149,0.9138211289479332,0.9138211289479332,2,3.1622776601683795,0.6588078458684125,1,1,1,1.0,1,1.0,0,61,cvc-clinicdb,unet_pvt,polypseg/runs_cv/unet_pvt_seed42_fold2/best.pth,True
0.9318332230208268,0.8723667905643874,0.8796334860291621,0.9906191369373682,0.6792864296417536,0.6792864296417536,2,7.0,1.4583333333333333,1,1,1,1.0,1,1.0,0,610,cvc-clinicdb,unet_pvt,polypseg/runs_cv/unet_pvt_seed42_fold2/best.pth,True
0.9356305336092888,0.8790467625701653,0.8926940639065595,0.9829059828812744,0.6613522116433167,0.6613522116433167,2,5.0,1.0416666666666667,1,1,1,1.0,1,1.0,0,611,cvc-clinicdb,unet_pvt,polypseg/runs_cv/unet_pvt_seed42_fold2/best.pth,True
0.79899980763995,0.6652786674995106,0.6780933724884723,0.9723782771080348,0.5355648038094618,0.5355648038094618,2,14.0,2.9166666666666665,1,1,1,1.0,1,1.0,0,612,cvc-clinicdb,unet_pvt,polypseg/runs_cv/unet_pvt_seed42_fold2/best.pth,True
0.9060006936903919,0.8281547241072825,0.875335120584763,0.9388928827506188,0.6786766303550041,0.6786766303550041,2,6.4031242374328485,1.3339842161318434,1,1,1,1.0,1,1.0,0,62,cvc-clinicdb,unet_pvt,polypseg/runs_cv/unet_pvt_seed42_fold2/best.pth,True
0.9600264287756847,0.9231257940963706,0.9496732025523089,0.9706078823666928,0.9999999500000026,0.9999999500000026,2,1.5606601717798214,0.3251375357874628,1,1,1,1.0,1,1.0,0,63,cvc-clinicdb,unet_pvt,polypseg/runs_cv/unet_pvt_seed42_fold2/best.pth,True
0.9278810408576996,0.8654646323949053,0.8733379985393045,0.9896907215709999,0.8934538439139751,0.8934538439139751,2,3.0,0.625,1,1,1,1.0,1,1.0,0,64,cvc-clinicdb,unet_pvt,polypseg/runs_cv/unet_pvt_seed42_fold2/best.pth,True
0.9410533658548639,0.8886693016542379,0.8999332887992039,0.9861111110390269,0.8719638215978757,0.8719638215978757,2,3.0,0.625,1,1,1,1.0,1,1.0,0,65,cvc-clinicdb,unet_pvt,polypseg/runs_cv/unet_pvt_seed42_fold2/best.pth,True
0.9254901960505132,0.8613138685647774,0.894982497030631,0.958151155467948,0.8516915593343426,0.8516915593343426,2,5.0,1.0416666666666667,1,1,1,1.0,1,1.0,0,66,cvc-clinicdb,unet_pvt,polypseg/runs_cv/unet_pvt_seed42_fold2/best.pth,True
0.9221166892558449,0.8554884188894517,0.8624365481795717,0.990670553878095,0.7114693499713333,0.7114693499713333,2,6.312465680834829,1.3150970168405893,1,1,1,1.0,1,1.0,0,67,cvc-clinicdb,unet_pvt,polypseg/runs_cv/unet_pvt_seed42_fold2/best.pth,True
0.8513895822861425,0.7412344247936651,0.9423466568255232,0.7764455911249591,0.4156269555695215,0.4156269555695215,2,46.544573750514104,9.696786198023771,1,1,1,1.0,1,1.0,0,68,cvc-clinicdb,unet_pvt,polypseg/runs_cv/unet_pvt_seed42_fold2/best.pth,True
0.8524910452343702,0.7429057888341143,0.7637106183918488,0.9646278554926582,0.5828658909890556,0.5828658909890556,2,12.0,2.5,1,1,1,1.0,1,1.0,0,69,cvc-clinicdb,unet_pvt,polypseg/runs_cv/unet_pvt_seed42_fold2/best.pth,True
0.7652041245771117,0.6197009075002355,0.9942579807164245,0.6219267114182155,0.39789911641907005,0.39789911641907005,2,59.632198993743415,12.42337479036321,1,1,1,1.0,1,1.0,0,7,cvc-clinicdb,unet_pvt,polypseg/runs_cv/unet_pvt_seed42_fold2/best.pth,True
0.9281446794618416,0.8659234708988875,0.9141221373755051,0.9426041324715447,0.787308900835149,0.787308900835149,2,5.0,1.0416666666666667,2,2,2,1.0,2,1.0,0,70,cvc-clinicdb,unet_pvt,polypseg/runs_cv/unet_pvt_seed42_fold2/best.pth,True
0.3963766126709751,0.24717562477757019,0.2606498194851751,0.8270332186910615,0.2850499532708287,0.2850499532708287,2,39.74390712953244,8.279980651985925,2,1,0,0.0,0,0.0,1,71,cvc-clinicdb,unet_pvt,polypseg/runs_cv/unet_pvt_seed42_fold2/best.pth,True
0.7791907514300734,0.6382575757374288,0.869303525328061,0.7060055865675278,0.3428093154137671,0.3428093154137671,2,40.92186681591053,8.525388919981362,3,2,2,0.6666666666666666,1,0.3333333333333333,0,72,cvc-clinicdb,unet_pvt,polypseg/runs_cv/unet_pvt_seed42_fold2/best.pth,True
0.7497435897307736,0.5996718621657185,0.8024149286204751,0.7035611164355611,0.4256265272057803,0.4256265272057803,2,40.652153748014506,8.469198697503023,3,2,2,0.6666666666666666,2,0.6666666666666666,0,73,cvc-clinicdb,unet_pvt,polypseg/runs_cv/unet_pvt_seed42_fold2/best.pth,True
0.6732041048877263,0.5073908559468068,0.899451553875719,0.5379008746159657,0.4119510625937998,0.4119510625937998,2,117.04144530692689,24.3836344389431,3,2,1,0.3333333333333333,1,0.3333333333333333,1,74,cvc-clinicdb,unet_pvt,polypseg/runs_cv/unet_pvt_seed42_fold2/best.pth,True
0.6601142856991974,0.49266461956695107,0.870928829863032,0.5314685314489707,0.34659875098230325,0.34659875098230325,2,120.43773733919481,25.091195278998917,3,2,1,0.3333333333333333,1,0.3333333333333333,1,75,cvc-clinicdb,unet_pvt,polypseg/runs_cv/unet_pvt_seed42_fold2/best.pth,True
0.8142269253141027,0.6866633613938193,0.9282841822434126,0.725130890014391,0.7059828748391876,0.7059828748391876,2,16.657423943585904,3.47029665491373,2,2,2,1.0,1,0.5,0,76,cvc-clinicdb,unet_pvt,polypseg/runs_cv/unet_pvt_seed42_fold2/best.pth,True
0.75892624444204,0.6115077698189203,0.8610289768858055,0.6784715749916835,0.6164268966137858,0.6164268966137858,2,63.28305327160082,13.183969431583504,2,1,1,0.5,1,0.5,0,77,cvc-clinicdb,unet_pvt,polypseg/runs_cv/unet_pvt_seed42_fold2/best.pth,True
0.7555555555405644,0.6071428571234968,0.6151857835019326,0.9789203084329604,0.5295315200998879,0.5295315200998879,2,35.079897664413274,7.308312013419433,1,1,1,1.0,1,1.0,0,78,cvc-clinicdb,unet_pvt,polypseg/runs_cv/unet_pvt_seed42_fold2/best.pth,True
0.9125319692861246,0.8391345248899749,0.9494411920729409,0.8783850319606901,0.6709283786933931,0.6709283786933931,2,6.708203932499369,1.3975424859373686,1,1,1,1.0,1,1.0,0,79,cvc-clinicdb,unet_pvt,polypseg/runs_cv/unet_pvt_seed42_fold2/best.pth,True
0.5505222425866267,0.37980730630116494,0.9890236253294059,0.3814150372893311,0.47989173102255656,0.47989173102255656,2,93.53528739348708,19.486518206976477,1,1,1,1.0,0,0.0,0,8,cvc-clinicdb,unet_pvt,polypseg/runs_cv/unet_pvt_seed42_fold2/best.pth,True
0.902762827380597,0.8227599737853002,0.8403473613333101,0.9751937983740159,0.7025648293348041,0.7025648293348041,2,4.043086968966181,0.8423097852012876,1,1,1,1.0,1,1.0,0,80,cvc-clinicdb,unet_pvt,polypseg/runs_cv/unet_pvt_seed42_fold2/best.pth,True
0.4650721936101069,0.3029928780194187,0.3034801253492352,0.9947290174213445,0.18451701759503045,0.18451701759503045,2,89.10667763978185,18.563891174954552,1,1,1,1.0,0,0.0,0,81,cvc-clinicdb,unet_pvt,polypseg/runs_cv/unet_pvt_seed42_fold2/best.pth,True
0.9539061411926765,0.9118743343740183,0.9631608548660529,0.9448275861808324,0.7415729837141807,0.7415729837141807,2,3.1622776601683795,0.6588078458684125,1,1,1,1.0,1,1.0,0,82,cvc-clinicdb,unet_pvt,polypseg/runs_cv/unet_pvt_seed42_fold2/best.pth,True
0.8996926515736255,0.8176739461572607,0.8187550854269857,0.9983876968746325,0.28965785516584763,0.28965785516584763,2,17.489995035739607,3.6437489657790847,1,1,1,1.0,1,1.0,0,83,cvc-clinicdb,unet_pvt,polypseg/runs_cv/unet_pvt_seed42_fold2/best.pth,True
0.9572072071982244,0.9179265658582086,0.9433962263976434,0.9714285714100681,0.7582642113370784,0.7582642113370784,2,3.605551275463989,0.7511565157216644,1,1,1,1.0,1,1.0,0,84,cvc-clinicdb,unet_pvt,polypseg/runs_cv/unet_pvt_seed42_fold2/best.pth,True
0.9168721660892779,0.8465041127960267,0.8551713904013182,0.9881687242628915,0.5070782633394046,0.5070782633394046,2,9.055385138137417,1.8865385704452953,1,1,1,1.0,1,1.0,0,85,cvc-clinicdb,unet_pvt,polypseg/runs_cv/unet_pvt_seed42_fold2/best.pth,True
0.9472054749800618,0.8997059278610168,0.9425976974064765,0.9518585229907998,0.6030029993727393,0.6030029993727393,2,5.0990195135927845,1.0622957319984967,1,1,1,1.0,1,1.0,0,86,cvc-clinicdb,unet_pvt,polypseg/runs_cv/unet_pvt_seed42_fold2/best.pth,True
0.9579268292609914,0.9192510239771906,0.9342848646902426,0.9827963715830029,0.7210512952300026,0.7210512952300026,2,4.123105625617661,0.858980338670346,1,1,1,1.0,1,1.0,0,87,cvc-clinicdb,unet_pvt,polypseg/runs_cv/unet_pvt_seed42_fold2/best.pth,True
0.941201000824216,0.8889326506323566,0.8891077407742938,0.9997785160354423,0.5965642394342309,0.5965642394342309,2,4.0,0.8333333333333334,1,1,1,1.0,1,1.0,0,88,cvc-clinicdb,unet_pvt,polypseg/runs_cv/unet_pvt_seed42_fold2/best.pth,True
0.9715783108146383,0.9447275578019457,0.9514409790574133,0.9925864909186041,0.9016651408171477,0.9016651408171477,2,2.8284271247461903,0.5892556509887896,1,1,1,1.0,1,1.0,0,89,cvc-clinicdb,unet_pvt,polypseg/runs_cv/unet_pvt_seed42_fold2/best.pth,True
0.5458177278374741,0.37534340659082865,0.9448478561385746,0.38375114106885927,0.37788415038601203,0.37788415038601203,2,100.24617632223278,20.88462006713183,1,1,1,1.0,0,0.0,0,9,cvc-clinicdb,unet_pvt,polypseg/runs_cv/unet_pvt_seed42_fold2/best.pth,True
0.9585105377472969,0.9203266787491774,0.9248586540046534,0.9947038053943762,0.7265422142329919,0.7265422142329919,2,4.0,0.8333333333333334,1,1,1,1.0,1,1.0,0,90,cvc-clinicdb,unet_pvt,polypseg/runs_cv/unet_pvt_seed42_fold2/best.pth,True
0.9253265743719503,0.8610304789393862,0.8613430126885419,0.999578769987372,0.41844241416749617,0.41844241416749617,2,6.324555320336759,1.317615691736825,1,1,1,1.0,1,1.0,0,91,cvc-clinicdb,unet_pvt,polypseg/runs_cv/unet_pvt_seed42_fold2/best.pth,True
0.9045871559529289,0.8257956448738317,0.8280495485864361,0.9967146828153471,0.6633111131292411,0.6633111131292411,2,13.912042388761682,2.89834216432535,1,1,1,1.0,1,1.0,0,92,cvc-clinicdb,unet_pvt,polypseg/runs_cv/unet_pvt_seed42_fold2/best.pth,True
0.9110629067135325,0.8366533864356651,0.8618331053155077,0.9662576686869566,0.6289036600600677,0.6289036600600677,2,10.93534845601995,2.278197595004156,1,1,1,1.0,1,1.0,0,93,cvc-clinicdb,unet_pvt,polypseg/runs_cv/unet_pvt_seed42_fold2/best.pth,True
0.9130801687667396,0.8400621117849367,0.8582193138834381,0.9754338516796162,0.5006760172736857,0.5006760172736857,2,10.770329614269007,2.2438186696393765,1,1,1,1.0,1,1.0,0,94,cvc-clinicdb,unet_pvt,polypseg/runs_cv/unet_pvt_seed42_fold2/best.pth,True
0.9371667537800609,0.8817627385228849,0.8940754039318956,0.9846221440908475,0.6531881304247962,0.6531881304247962,2,6.324555320336759,1.317615691736825,1,1,1,1.0,1,1.0,0,95,cvc-clinicdb,unet_pvt,polypseg/runs_cv/unet_pvt_seed42_fold2/best.pth,True
0.8883062401584865,0.7990566037585084,0.7992073976071107,0.9997639282105816,0.5463814197294486,0.5463814197294486,2,17.0,3.5416666666666665,1,1,1,1.0,1,1.0,0,96,cvc-clinicdb,unet_pvt,polypseg/runs_cv/unet_pvt_seed42_fold2/best.pth,True
0.8781065088627499,0.7827004219202874,0.8781065088497602,0.8781065088497602,0.6267315114687082,0.6267315114687082,2,15.567256736947298,3.24317848686402,1,1,1,1.0,1,1.0,0,97,cvc-clinicdb,unet_pvt,polypseg/runs_cv/unet_pvt_seed42_fold2/best.pth,True
0.9755249962717791,0.9522194223594473,0.9610681795856297,0.99042338708679,0.811946852658786,0.811946852658786,2,3.605551275463989,0.7511565157216644,1,1,1,1.0,1,1.0,0,98,cvc-clinicdb,unet_pvt,polypseg/runs_cv/unet_pvt_seed42_fold2/best.pth,True
0.9662180349867683,0.9346439265598927,0.9501058761123596,0.9828860898003439,0.7176596637814127,0.7176596637814127,2,3.605551275463989,0.7511565157216644,1,1,1,1.0,1,1.0,0,99,cvc-clinicdb,unet_pvt,polypseg/runs_cv/unet_pvt_seed42_fold2/best.pth,True
0.8114181597081258,0.682677567670788,0.7296559256837981,0.9138166894039796,0.6575757077594161,0.4185429964650733,4,9.0,1.1822920862916129,1,1,1,1.0,1,1.0,0,1,cvc-colondb,unet_pvt,polypseg/runs_cv/unet_pvt_seed42_fold2/best.pth,True
0.9131617818478336,0.8402002861110129,0.8587512794142601,0.9749335989213989,0.6749217080631037,0.44522926759773257,4,10.148529270389176,1.3331695382088797,1,1,1,1.0,1,1.0,0,10,cvc-colondb,unet_pvt,polypseg/runs_cv/unet_pvt_seed42_fold2/best.pth,True
0.9658866647841183,0.9340239912702409,0.9763774540786803,0.955618917740311,0.9355494139846646,0.757033523485395,4,5.0,0.6568289368286738,1,1,1,1.0,1,1.0,0,100,cvc-colondb,unet_pvt,polypseg/runs_cv/unet_pvt_seed42_fold2/best.pth,True
0.9626230050402603,0.9279394180874616,0.9424384714949607,0.9836910596502983,0.8628944004906128,0.6766256090511248,4,5.0643626838353075,0.6652839914676708,1,1,1,1.0,1,1.0,0,101,cvc-colondb,unet_pvt,polypseg/runs_cv/unet_pvt_seed42_fold2/best.pth,True
0.9369341133846341,0.8813509352347714,0.9870858861907507,0.891632145813118,0.5769086559455668,0.3625915886088315,4,12.727922061357855,1.6720135031199805,1,1,1,1.0,1,1.0,0,102,cvc-colondb,unet_pvt,polypseg/runs_cv/unet_pvt_seed42_fold2/best.pth,True
0.9348944427790853,0.8777481597396058,0.9274178961759969,0.942492516146887,0.4100218370420693,0.22577226436339132,4,14.560219778561036,1.9127147354288145,1,1,1,1.0,1,1.0,0,103,cvc-colondb,unet_pvt,polypseg/runs_cv/unet_pvt_seed42_fold2/best.pth,True
0.9728024042062384,0.9470450555859318,0.9626875915058504,0.9831320234540029,0.8228294988989494,0.5561368856109806,4,6.0,0.7881947241944085,1,1,1,1.0,1,1.0,0,104,cvc-colondb,unet_pvt,polypseg/runs_cv/unet_pvt_seed42_fold2/best.pth,True
0.9551151139371536,0.9140864478727915,0.9532803472418299,0.9569569569541395,0.6048723607220803,0.39808536565575814,4,8.246211251235321,1.0832700338027088,1,1,1,1.0,1,1.0,0,105,cvc-colondb,unet_pvt,polypseg/runs_cv/unet_pvt_seed42_fold2/best.pth,True
0.751114989333064,0.6014284605209167,0.9818757921357295,0.6081802480742339,0.4518682365223002,0.22557321636803598,4,49.379649367245705,6.486796518972137,1,2,1,1.0,1,1.0,1,106,cvc-colondb,unet_pvt,polypseg/runs_cv/unet_pvt_seed42_fold2/best.pth,True
0.7739055916561669,0.6311957597959625,0.9674165327533706,0.6449059747640745,0.5912674017918336,0.4833622301107766,4,139.8044785070862,18.365525396339322,1,1,1,1.0,1,1.0,0,107,cvc-colondb,unet_pvt,polypseg/runs_cv/unet_pvt_seed42_fold2/best.pth,True
0.9168439594607626,0.8464560277061483,0.9690038684672678,0.8700125906270567,0.4264105723065353,0.15409547649510144,4,11.180339887498949,1.4687141523378298,1,1,1,1.0,1,1.0,0,108,cvc-colondb,unet_pvt,polypseg/runs_cv/unet_pvt_seed42_fold2/best.pth,True
0.948541966584256,0.902120613889689,0.9498457824798856,0.9472417251691926,0.7665296430697884,0.5995598977730209,4,8.972050217033724,1.1786204410455465,1,1,1,1.0,1,1.0,0,109,cvc-colondb,unet_pvt,polypseg/runs_cv/unet_pvt_seed42_fold2/best.pth,True
0.9454550921596273,0.896552707362503,0.9208668911966001,0.9713923815966777,0.5167795352800457,0.304191566772284,4,13.0,1.7077552357545518,1,1,1,1.0,1,1.0,0,11,cvc-colondb,unet_pvt,polypseg/runs_cv/unet_pvt_seed42_fold2/best.pth,True
0.9596618357464742,0.9224518226100652,0.9459073377413175,0.9738222461837648,0.8642936096292906,0.6243099007270225,4,7.810249675906654,1.0259995981984522,1,1,1,1.0,1,1.0,0,110,cvc-colondb,unet_pvt,polypseg/runs_cv/unet_pvt_seed42_fold2/best.pth,True
0.9673647624971617,0.936792322559594,0.9584304584270734,0.9764672016085191,0.8452124525854571,0.5293516702731448,4,5.656854249492381,0.7431171124977691,1,1,1,1.0,1,1.0,0,111,cvc-colondb,unet_pvt,polypseg/runs_cv/unet_pvt_seed42_fold2/best.pth,True
0.8889059540242438,0.8000276459438785,0.9403704506014927,0.8427822541459917,0.5296954959105501,0.3568009537959001,4,60.19465616339252,7.907518402113737,1,1,1,1.0,1,1.0,0,112,cvc-colondb,unet_pvt,polypseg/runs_cv/unet_pvt_seed42_fold2/best.pth,True
0.8776483638361006,0.7819727218787034,0.9917769755265153,0.7870757232072457,0.5876767929004262,0.37129137131747547,4,26.90724809414742,3.5346918317328417,1,2,1,1.0,1,1.0,1,113,cvc-colondb,unet_pvt,polypseg/runs_cv/unet_pvt_seed42_fold2/best.pth,True
0.7377507193163848,0.5844730756485994,0.956014265633243,0.600624660506514,0.4571280018875969,0.2744204754480558,4,105.41631719798885,13.84809750990985,1,1,1,1.0,1,1.0,0,114,cvc-colondb,unet_pvt,polypseg/runs_cv/unet_pvt_seed42_fold2/best.pth,True
0.6829452248450745,0.5185397279811232,0.999999999972391,0.5185397279811232,0.21178364892856288,0.10546833531835159,4,48.32953591286841,6.348847538214512,1,1,1,1.0,1,1.0,0,115,cvc-colondb,unet_pvt,polypseg/runs_cv/unet_pvt_seed42_fold2/best.pth,True
0.0,0.0,0.0,0.0,0.0,0.0,4,159.1193504871815,20.902838761872907,1,1,0,0.0,0,0.0,1,116,cvc-colondb,unet_pvt,polypseg/runs_cv/unet_pvt_seed42_fold2/best.pth,True
0.9169212338968737,0.8465877668305873,0.9282076158024714,0.9059060243708615,0.6550483381296291,0.31617546333776425,4,6.375625116449215,0.8375390133711055,1,1,1,1.0,1,1.0,0,117,cvc-colondb,unet_pvt,polypseg/runs_cv/unet_pvt_seed42_fold2/best.pth,True
0.9491190049894039,0.9031650676866926,0.9055195972590298,0.9971292813205589,0.8050436892165751,0.6884486146680244,4,8.602325267042627,1.1300512318812093,1,1,1,1.0,1,1.0,0,118,cvc-colondb,unet_pvt,polypseg/runs_cv/unet_pvt_seed42_fold2/best.pth,True
0.6931962426967936,0.5304516755655129,0.8534145960172931,0.5836272309438535,0.3347731702475707,0.2223949755979679,4,83.02409288875127,10.906525332656711,1,1,1,1.0,1,1.0,0,119,cvc-colondb,unet_pvt,polypseg/runs_cv/unet_pvt_seed42_fold2/best.pth,True
0.8266209389589534,0.7044790267738014,0.7044790267738014,0.9999999999887866,0.21704937375579259,0.05969612009557271,4,22.495486845803022,2.9551373416744426,1,1,1,1.0,1,1.0,0,12,cvc-colondb,unet_pvt,polypseg/runs_cv/unet_pvt_seed42_fold2/best.pth,True
0.7497132369766591,0.5996330275174345,0.9398907103689979,0.6235451249702009,0.4906485865478907,0.30774597932607295,4,75.00932174733687,9.853658611108639,1,1,1,1.0,1,1.0,0,120,cvc-colondb,unet_pvt,polypseg/runs_cv/unet_pvt_seed42_fold2/best.pth,True
0.8062849332716919,0.6754416994011218,0.9535323801488815,0.6984310328218338,0.3300373890032862,0.22461171486427856,4,51.47011222598165,6.76141181836881,1,2,1,1.0,1,1.0,1,121,cvc-colondb,unet_pvt,polypseg/runs_cv/unet_pvt_seed42_fold2/best.pth,True
0.8091854597868279,0.6795226565187662,0.9577378957282131,0.700528204326594,0.460360575089875,0.31516579012836654,4,130.78072535806405,17.180112958923996,1,1,1,1.0,1,1.0,0,122,cvc-colondb,unet_pvt,polypseg/runs_cv/unet_pvt_seed42_fold2/best.pth,True
0.8106574670684685,0.6816013424411325,0.9647461997795713,0.6990117022305561,0.4022734002008469,0.26869910660323526,4,113.97345929498387,14.972213219082077,1,1,1,1.0,1,1.0,0,123,cvc-colondb,unet_pvt,polypseg/runs_cv/unet_pvt_seed42_fold2/best.pth,True
0.7669418455315228,0.6219835153372155,0.9743171436516532,0.6323511616631402,0.6077459685800725,0.4284460500330038,4,131.00514859357133,17.209594493959578,1,1,1,1.0,1,1.0,0,124,cvc-colondb,unet_pvt,polypseg/runs_cv/unet_pvt_seed42_fold2/best.pth,True
0.9597007395363928,0.9225237160206228,0.9924919192665178,0.9290070516463479,0.6368624272929583,0.4188947264388596,4,9.219544457292887,1.2111327167856758,1,1,1,1.0,1,1.0,0,125,cvc-colondb,unet_pvt,polypseg/runs_cv/unet_pvt_seed42_fold2/best.pth,True
0.9551160480430685,0.914088159028819,0.9650339440799874,0.9453999356350505,0.7010231170057105,0.5192654365529674,4,9.871644512463103,1.2967963539743503,1,1,1,1.0,1,1.0,0,126,cvc-colondb,unet_pvt,polypseg/runs_cv/unet_pvt_seed42_fold2/best.pth,True
0.8866454010311312,0.7963728733435834,0.9992217321980534,0.7968671493991522,0.40163385719759204,0.1958183800619048,4,22.399713622734104,2.94255601681744,1,2,1,1.0,1,1.0,1,127,cvc-colondb,unet_pvt,polypseg/runs_cv/unet_pvt_seed42_fold2/best.pth,True
0.8979397603826617,0.81478282956152,0.9557263734897168,0.8467426882016326,0.6285945025198789,0.36866206825776143,4,61.38606755345722,8.06402909744609,1,1,1,1.0,1,1.0,0,128,cvc-colondb,unet_pvt,polypseg/runs_cv/unet_pvt_seed42_fold2/best.pth,True
0.9660860141141312,0.9343968911363337,0.9747432991039479,0.9575811564939408,0.7442704757865767,0.4459437355655316,4,7.280109889280518,0.9563573677144073,1,1,1,1.0,1,1.0,0,129,cvc-colondb,unet_pvt,polypseg/runs_cv/unet_pvt_seed42_fold2/best.pth,True
0.925163106044997,0.8607474410752112,0.8722711373673588,0.984883562563191,0.6261165181718524,0.27724615779050504,4,6.0,0.7881947241944085,1,1,1,1.0,1,1.0,0,13,cvc-colondb,unet_pvt,polypseg/runs_cv/unet_pvt_seed42_fold2/best.pth,True
0.9732970334725518,0.9479830732002968,0.9852915976438416,0.9615909914403055,0.7927205430066621,0.5748337591046362,4,5.830951894845301,0.765987586758076,1,1,1,1.0,1,1.0,0,130,cvc-colondb,unet_pvt,polypseg/runs_cv/unet_pvt_seed42_fold2/best.pth,True
0.6696824997877621,0.5034005037751674,0.9261962692512316,0.5244374466934039,0.29845852440621246,0.16780916822398087,4,115.45561308973055,15.166917519326084,1,1,1,1.0,1,1.0,0,131,cvc-colondb,unet_pvt,polypseg/runs_cv/unet_pvt_seed42_fold2/best.pth,True
0.9577024753626624,0.9188379063798413,0.9357388854028198,0.9807219031912984,0.8858307052566792,0.6210144327347875,4,6.004138126514907,0.7887383324422583,1,1,1,1.0,1,1.0,0,132,cvc-colondb,unet_pvt,polypseg/runs_cv/unet_pvt_seed42_fold2/best.pth,True
0.9418223299552908,0.8900417733399134,0.9052905701692345,0.9814264487297071,0.6537440044343157,0.4201626225321729,4,6.0,0.7881947241944085,1,1,1,1.0,1,1.0,0,133,cvc-colondb,unet_pvt,polypseg/runs_cv/unet_pvt_seed42_fold2/best.pth,True
0.9729919774955317,0.9474044566105602,0.9901125349574571,0.9564534372190746,0.8948065102000029,0.7755311666260132,4,5.0,0.6568289368286738,1,1,1,1.0,1,1.0,0,134,cvc-colondb,unet_pvt,polypseg/runs_cv/unet_pvt_seed42_fold2/best.pth,True
0.9470097015812753,0.8993527319324779,0.9277550529299341,0.9670805116568404,0.864781806890786,0.48211549466382686,4,11.034020762890446,1.4494928253269685,1,1,1,1.0,1,1.0,0,135,cvc-colondb,unet_pvt,polypseg/runs_cv/unet_pvt_seed42_fold2/best.pth,True
0.9673720867908723,0.9368060599723108,0.9737892352444515,0.9610389610338458,0.8909538601015934,0.6428368452259895,4,4.47213595499958,0.5874856609351319,1,1,1,1.0,1,1.0,0,136,cvc-colondb,unet_pvt,polypseg/runs_cv/unet_pvt_seed42_fold2/best.pth,True
0.960007384671082,0.9230905782609438,0.960894370912247,0.9591220344431809,0.6691654828047178,0.3774460864547155,4,10.0,1.3136578736573477,1,1,1,1.0,1,1.0,0,137,cvc-colondb,unet_pvt,polypseg/runs_cv/unet_pvt_seed42_fold2/best.pth,True
0.9772099258556849,0.955435480416875,0.9817762018609115,0.9726859290297849,0.9003542041723072,0.652830342207512,4,5.0,0.6568289368286738,1,1,1,1.0,1,1.0,0,138,cvc-colondb,unet_pvt,polypseg/runs_cv/unet_pvt_seed42_fold2/best.pth,True
0.9052359463912895,0.826877666842757,0.9651837524131277,0.8522994150012712,0.2981115114764585,0.19609445256775407,4,12.0,1.576389448388817,1,1,1,1.0,1,1.0,0,139,cvc-colondb,unet_pvt,polypseg/runs_cv/unet_pvt_seed42_fold2/best.pth,True
0.9681928398196826,0.9383466961505506,0.950966657320321,0.9860546194001594,0.92698665691537,0.5889249798498951,4,4.242640687119285,0.5573378343733267,1,1,1,1.0,1,1.0,0,14,cvc-colondb,unet_pvt,polypseg/runs_cv/unet_pvt_seed42_fold2/best.pth,True
0.9576278738171502,0.9187005770424505,0.9814155251096739,0.9349660692494564,0.7477039774569513,0.4806177625247008,4,6.324555320336759,0.8308301893941852,1,1,1,1.0,1,1.0,0,140,cvc-colondb,unet_pvt,polypseg/runs_cv/unet_pvt_seed42_fold2/best.pth,True
0.9580939897433245,0.9195589432364406,0.97642621404614,0.9404374479643516,0.7162437017665738,0.3712816407632277,4,8.009338662244781,1.0521530796446064,1,2,1,1.0,1,1.0,1,141,cvc-colondb,unet_pvt,polypseg/runs_cv/unet_pvt_seed42_fold2/best.pth,True
0.9725793780041532,0.9466224029208601,0.9762271118596083,0.9689588026384294,0.8340218351277554,0.7154187317262699,4,7.0710678118654755,0.9288963906222114,1,1,1,1.0,1,1.0,0,142,cvc-colondb,unet_pvt,polypseg/runs_cv/unet_pvt_seed42_fold2/best.pth,True
0.934643526206445,0.8773059057672374,0.9174878556494275,0.9524529932933329,0.755482178945241,0.4367533082932152,4,17.618588452017182,2.314479744272079,1,1,1,1.0,1,1.0,0,143,cvc-colondb,unet_pvt,polypseg/runs_cv/unet_pvt_seed42_fold2/best.pth,True
0.964377918540462,0.931206408018387,0.9542675265908528,0.9747048422946024,0.7247252129116356,0.4841932401696873,4,8.06225774829855,1.0591048370507348,1,1,1,1.0,1,1.0,0,144,cvc-colondb,unet_pvt,polypseg/runs_cv/unet_pvt_seed42_fold2/best.pth,True
0.9647748213539026,0.931946827854079,0.9617021276570327,0.9678672128505403,0.6825531848922484,0.3768855704612148,4,6.4031242374328485,0.841151457050986,1,1,1,1.0,1,1.0,0,145,cvc-colondb,unet_pvt,polypseg/runs_cv/unet_pvt_seed42_fold2/best.pth,True
0.9452847112648997,0.8962463343055939,0.9554805227227194,0.935304198794618,0.7669358189977546,0.5780267741404582,4,13.227406337702018,1.7376286483587355,1,1,1,1.0,1,1.0,0,146,cvc-colondb,unet_pvt,polypseg/runs_cv/unet_pvt_seed42_fold2/best.pth,True
0.9401126699883737,0.886993025926691,0.8996017030565884,0.9844442774405617,0.688338868328819,0.42612593444314206,4,7.280109889280518,0.9563573677144073,1,1,1,1.0,1,1.0,0,147,cvc-colondb,unet_pvt,polypseg/runs_cv/unet_pvt_seed42_fold2/best.pth,True
0.9609557568571329,0.924845850596761,0.939421941573287,0.9834999462486106,0.832582042177195,0.5900022774627453,4,6.4031242374328485,0.841151457050986,1,1,1,1.0,1,1.0,0,148,cvc-colondb,unet_pvt,polypseg/runs_cv/unet_pvt_seed42_fold2/best.pth,True
0.956376909172975,0.916400679114036,0.9369857306498038,0.9765876605718234,0.6840617928800515,0.4425374049817894,4,11.0,1.4450236610230822,1,1,1,1.0,1,1.0,0,149,cvc-colondb,unet_pvt,polypseg/runs_cv/unet_pvt_seed42_fold2/best.pth,True
0.9063184806386673,0.8286859241874379,0.8348191757709434,0.9912123027662151,0.4632741755413255,0.30364272321219943,4,12.727922061357855,1.6720135031199805,1,1,1,1.0,1,1.0,0,15,cvc-colondb,unet_pvt,polypseg/runs_cv/unet_pvt_seed42_fold2/best.pth,True
0.9416351662959331,0.8897075340271813,0.922747181059907,0.9613125576381665,0.7230402899078069,0.4828898899720153,4,14.866068747318506,1.9528928260246379,1,1,1,1.0,1,1.0,0,150,cvc-colondb,unet_pvt,polypseg/runs_cv/unet_pvt_seed42_fold2/best.pth,True
0.9272047344119115,0.864288615128846,0.9867089096593252,0.8744692507815746,0.6667704653864049,0.4129603042762146,4,13.92838827718412,1.8297136927679616,1,1,1,1.0,1,1.0,0,151,cvc-colondb,unet_pvt,polypseg/runs_cv/unet_pvt_seed42_fold2/best.pth,True
0.8925298320394548,0.8059177193757622,0.8183002949391707,0.9815698535380815,0.5394841026282362,0.46786562745628973,4,21.221317269209425,2.7877550520077605,1,1,1,1.0,1,1.0,0,152,cvc-colondb,unet_pvt,polypseg/runs_cv/unet_pvt_seed42_fold2/best.pth,True
0.5877062157249668,0.41613595008962784,0.4222830387746561,0.9662014334140611,0.41866847444170435,0.3322722017676478,4,98.63289648073005,12.956988106354112,1,1,1,1.0,0,0.0,0,153,cvc-colondb,unet_pvt,polypseg/runs_cv/unet_pvt_seed42_fold2/best.pth,True
0.6023350433380437,0.4309581065669706,0.4634754990904561,0.8599932648521637,0.2729486791629053,0.13969053275809387,4,198.3404892145038,26.055154532168313,1,2,1,1.0,1,1.0,1,154,cvc-colondb,unet_pvt,polypseg/runs_cv/unet_pvt_seed42_fold2/best.pth,True
0.8785263548585814,0.7833678113298852,0.818732162926414,0.9477425167589574,0.5167037361961986,0.2564067972801773,4,25.974009593965558,3.4120962213564336,1,1,1,1.0,1,1.0,0,155,cvc-colondb,unet_pvt,polypseg/runs_cv/unet_pvt_seed42_fold2/best.pth,True
0.8594750722035698,0.7535785069285005,0.9577385950047895,0.7794988610389578,0.21460659275305638,0.09798989982957519,4,13.905024490156814,1.8266444904892742,1,1,1,1.0,1,1.0,0,156,cvc-colondb,unet_pvt,polypseg/runs_cv/unet_pvt_seed42_fold2/best.pth,True
0.9652772636339284,0.9328849456077148,0.9529308580477572,0.9779477947648073,0.98909675713664,0.7793131868219201,4,3.605551275463989,0.4736460821888561,1,1,1,1.0,1,1.0,0,157,cvc-colondb,unet_pvt,polypseg/runs_cv/unet_pvt_seed42_fold2/best.pth,True
0.9393715887229726,0.885674547970992,0.9017275559203947,0.9802955664873724,0.8024728260061803,0.46413773425408406,4,5.0,0.6568289368286738,1,1,1,1.0,1,1.0,0,158,cvc-colondb,unet_pvt,polypseg/runs_cv/unet_pvt_seed42_fold2/best.pth,True
0.9421563483673783,0.8906385616752556,0.8921873059136481,0.9980547450187849,0.752171119015317,0.5493001812434305,4,6.312465680834829,0.8292420243820462,1,1,1,1.0,1,1.0,0,159,cvc-colondb,unet_pvt,polypseg/runs_cv/unet_pvt_seed42_fold2/best.pth,True
0.9629091721577423,0.9284713993287785,0.9518848475888975,0.9741918468805132,0.6456227681079886,0.3697964888218336,4,6.708203932499369,0.8812284914026979,1,1,1,1.0,1,1.0,0,16,cvc-colondb,unet_pvt,polypseg/runs_cv/unet_pvt_seed42_fold2/best.pth,True
0.8619718309798452,0.7574257425648834,0.7575194949776269,0.999836627985626,0.2661556259802902,0.12318215710241082,4,12.0,1.576389448388817,1,1,1,1.0,1,1.0,0,160,cvc-colondb,unet_pvt,polypseg/runs_cv/unet_pvt_seed42_fold2/best.pth,True
0.9115953647626879,0.8375518949934706,0.9066396056696631,0.9166055986968107,0.555317982319491,0.2582277981554335,4,6.708203932499369,0.8812284914026979,1,1,1,1.0,1,1.0,0,161,cvc-colondb,unet_pvt,polypseg/runs_cv/unet_pvt_seed42_fold2/best.pth,True
0.9016235190794065,0.8208692872991232,0.8492312778831339,0.9609053497762644,0.6815508837596074,0.3934182852899152,4,12.0,1.576389448388817,1,1,1,1.0,1,1.0,0,162,cvc-colondb,unet_pvt,polypseg/runs_cv/unet_pvt_seed42_fold2/best.pth,True
0.9143085349103474,0.8421439831755948,0.8503661254287342,0.9886489820976108,0.6249955294942923,0.3406530483412284,4,10.0,1.3136578736573477,1,1,1,1.0,1,1.0,0,163,cvc-colondb,unet_pvt,polypseg/runs_cv/unet_pvt_seed42_fold2/best.pth,True
0.930544747077186,0.8701109696118782,0.876729905591818,0.9913980723288278,0.6927100131061338,0.3392556523007759,4,9.0,1.1822920862916129,1,1,1,1.0,1,1.0,0,164,cvc-colondb,unet_pvt,polypseg/runs_cv/unet_pvt_seed42_fold2/best.pth,True
0.9727463312328987,0.9469387755026255,0.9557350565350909,0.9903741524986157,0.9879357392572123,0.7650275628577796,4,3.605551275463989,0.4736460821888561,1,1,1,1.0,1,1.0,0,165,cvc-colondb,unet_pvt,polypseg/runs_cv/unet_pvt_seed42_fold2/best.pth,True
0.9602663849103183,0.9235696249250257,0.9300998573408789,0.9924553275910493,0.7814939338880575,0.46764855599707056,4,5.0,0.6568289368286738,1,1,1,1.0,1,1.0,0,166,cvc-colondb,unet_pvt,polypseg/runs_cv/unet_pvt_seed42_fold2/best.pth,True
0.9648637006894045,0.9321127095359396,0.9876543209752122,0.943101166835762,0.9531486191207044,0.7485495237963427,4,4.104639781775007,0.5392092367855915,1,1,1,1.0,1,1.0,0,167,cvc-colondb,unet_pvt,polypseg/runs_cv/unet_pvt_seed42_fold2/best.pth,True
0.9475427940299037,0.9003147953711921,0.9518790736242979,0.943245843054236,0.8360136679857876,0.5795917867925444,4,5.0,0.6568289368286738,1,1,1,1.0,1,1.0,0,168,cvc-colondb,unet_pvt,polypseg/runs_cv/unet_pvt_seed42_fold2/best.pth,True
0.9512031787090888,0.9069470457951051,0.9648582555840516,0.9379292128813354,0.7354190307324258,0.4957986340584631,4,5.830951894845301,0.765987586758076,1,1,1,1.0,1,1.0,0,169,cvc-colondb,unet_pvt,polypseg/runs_cv/unet_pvt_seed42_fold2/best.pth,True
0.9471343420427621,0.8995775813225642,0.9047389628551824,0.9936982874687622,0.6227957758088845,0.39170164238360566,4,12.529964086141668,1.6460085978403793,1,1,1,1.0,1,1.0,0,17,cvc-colondb,unet_pvt,polypseg/runs_cv/unet_pvt_seed42_fold2/best.pth,True
0.9479539317262955,0.9010574349484399,0.9433164905790384,0.9526371944103881,0.4984430105000963,0.3145787250193727,4,7.810249675906654,1.0259995981984522,1,1,1,1.0,1,1.0,0,170,cvc-colondb,unet_pvt,polypseg/runs_cv/unet_pvt_seed42_fold2/best.pth,True
0.9771312533202601,0.9552850808004986,0.9803499685809319,0.973933604462359,0.83365243152338,0.4944898520993844,4,7.9807886552931695,1.0484025855021109,1,1,1,1.0,1,1.0,0,171,cvc-colondb,unet_pvt,polypseg/runs_cv/unet_pvt_seed42_fold2/best.pth,True
0.9365569680353062,0.8806837224792683,0.884835559536594,0.9947003154448618,0.6970408256437258,0.5559995049053525,4,9.0,1.1822920862916129,1,1,1,1.0,1,1.0,0,172,cvc-colondb,unet_pvt,polypseg/runs_cv/unet_pvt_seed42_fold2/best.pth,True
0.9294877978155228,0.8682645521637388,0.8824983972810467,0.9817626082426717,0.6492814827641817,0.46347800057040356,4,11.68955262773321,1.5356072848953668,1,1,1,1.0,1,1.0,0,173,cvc-colondb,unet_pvt,polypseg/runs_cv/unet_pvt_seed42_fold2/best.pth,True
0.941604533248186,0.8896528403867261,0.9137531835967382,0.9712070874742069,0.7637338310922258,0.48681158917825074,4,7.0,0.9195605115601433,1,1,1,1.0,1,1.0,0,174,cvc-colondb,unet_pvt,polypseg/runs_cv/unet_pvt_seed42_fold2/best.pth,True
0.9553319279226946,0.9144837039223691,0.9223502304076624,0.9907598382889963,0.7994813502205279,0.5559562662858005,4,7.933587386567325,1.0422019536712785,1,1,1,1.0,1,1.0,0,175,cvc-colondb,unet_pvt,polypseg/runs_cv/unet_pvt_seed42_fold2/best.pth,True
0.9270367220112901,0.863996691246543,0.8759521979112729,0.984448633357018,0.5343764857983061,0.28565330608307277,4,10.0,1.3136578736573477,1,1,1,1.0,1,1.0,0,176,cvc-colondb,unet_pvt,polypseg/runs_cv/unet_pvt_seed42_fold2/best.pth,True
0.9014001991862358,0.8204991467489281,0.8239263146532726,0.9949560268883219,0.5971323649967412,0.25573811616968156,4,14.0,1.8391210231202866,1,1,1,1.0,1,1.0,0,177,cvc-colondb,unet_pvt,polypseg/runs_cv/unet_pvt_seed42_fold2/best.pth,True
0.9424423787027731,0.8911499096822257,0.8960048426041645,0.993956486690922,0.8425183473834982,0.4900837774390352,4,6.0,0.7881947241944085,1,1,1,1.0,1,1.0,0,178,cvc-colondb,unet_pvt,polypseg/runs_cv/unet_pvt_seed42_fold2/best.pth,True
0.9079505197693946,0.8314188470449753,0.8473712737035515,0.9778583937831141,0.4329052469611501,0.23538668490341041,4,8.246211251235321,1.0832700338027088,1,1,1,1.0,1,1.0,0,179,cvc-colondb,unet_pvt,polypseg/runs_cv/unet_pvt_seed42_fold2/best.pth,True
0.9363984674298304,0.8804034582077408,0.9023951711237244,0.9730646724762978,0.517111881428767,0.338079876506745,4,8.94427190999916,1.1749713218702638,1,1,1,1.0,1,1.0,0,18,cvc-colondb,unet_pvt,polypseg/runs_cv/unet_pvt_seed42_fold2/best.pth,True
0.9147578424097711,0.842906660059155,0.8467852257129288,0.9945953841586722,0.41093303203547493,0.225733584354581,4,12.041594578792296,1.5818535529820132,1,1,1,1.0,1,1.0,0,180,cvc-colondb,unet_pvt,polypseg/runs_cv/unet_pvt_seed42_fold2/best.pth,True
0.935216610097149,0.8783163026073092,0.9344703770104281,0.9359640359546856,0.6932505094563056,0.2347825587107857,4,6.4031242374328485,0.841151457050986,1,1,1,1.0,1,1.0,0,181,cvc-colondb,unet_pvt,polypseg/runs_cv/unet_pvt_seed42_fold2/best.pth,True
0.9225814292603148,0.8562887760760711,0.8665525114056329,0.9863565488437324,0.46685843811042815,0.3121943085976221,4,6.4031242374328485,0.841151457050986,1,1,1,1.0,1,1.0,0,182,cvc-colondb,unet_pvt,polypseg/runs_cv/unet_pvt_seed42_fold2/best.pth,True
0.9166600961845253,0.8461426491871012,0.8476232137525864,0.9979399141459582,0.7566765078674672,0.3141002390027323,4,8.06225774829855,1.0591048370507348,1,1,1,1.0,1,1.0,0,183,cvc-colondb,unet_pvt,polypseg/runs_cv/unet_pvt_seed42_fold2/best.pth,True
0.9469170486400493,0.8991856220036621,0.9073391895592613,0.9901051329469681,0.8951712922245576,0.553893652743062,4,6.0,0.7881947241944085,1,1,1,1.0,1,1.0,0,184,cvc-colondb,unet_pvt,polypseg/runs_cv/unet_pvt_seed42_fold2/best.pth,True
0.8337895971733309,0.7149564050812663,0.7149564050812663,0.9999999999687305,0.5493076923810903,0.2607458413417837,4,15.0,1.9704868104860214,1,1,1,1.0,1,1.0,0,185,cvc-colondb,unet_pvt,polypseg/runs_cv/unet_pvt_seed42_fold2/best.pth,True
0.929598788784638,0.8684582743783956,0.9148249316882339,0.9448576557849485,0.8982476307557642,0.49956326880113383,4,5.00495097567964,0.6574793256470584,1,1,1,1.0,1,1.0,0,186,cvc-colondb,unet_pvt,polypseg/runs_cv/unet_pvt_seed42_fold2/best.pth,True
0.9168975069154389,0.8465473145613507,0.8551271859925452,0.9882866329584684,0.7353252628935494,0.4533768670273133,4,6.4031242374328485,0.841151457050986,1,1,1,1.0,1,1.0,0,187,cvc-colondb,unet_pvt,polypseg/runs_cv/unet_pvt_seed42_fold2/best.pth,True
0.9220080681205511,0.8553014552836736,0.8558352402567956,0.9992713140393668,0.7622742561002889,0.4555159642659089,4,6.0,0.7881947241944085,1,1,1,1.0,1,1.0,0,188,cvc-colondb,unet_pvt,polypseg/runs_cv/unet_pvt_seed42_fold2/best.pth,True
0.9500943841378593,0.9049331385447248,0.9473003175985495,0.9529049816476995,0.8563763828491913,0.45481044563745254,4,5.0,0.6568289368286738,1,1,1,1.0,1,1.0,0,189,cvc-colondb,unet_pvt,polypseg/runs_cv/unet_pvt_seed42_fold2/best.pth,True
0.9629343416196204,0.9285182031034249,0.9573067003185134,0.9686285396947882,0.7957489850288454,0.450798218729565,4,6.4031242374328485,0.841151457050986,1,1,1,1.0,1,1.0,0,19,cvc-colondb,unet_pvt,polypseg/runs_cv/unet_pvt_seed42_fold2/best.pth,True
0.9102124742912253,0.8352201257756576,0.8364827412341084,0.9981960312537854,0.5296687571600169,0.3968456448979262,4,11.0,1.4450236610230822,1,1,1,1.0,1,1.0,0,190,cvc-colondb,unet_pvt,polypseg/runs_cv/unet_pvt_seed42_fold2/best.pth,True
0.9708143931306733,0.9432840749529985,0.9499501163871803,0.9926157588307478,0.9652618941868606,0.7432164151329902,4,4.0,0.525463149462939,1,1,1,1.0,1,1.0,0,191,cvc-colondb,unet_pvt,polypseg/runs_cv/unet_pvt_seed42_fold2/best.pth,True
0.9392098790174227,0.8853870906598013,0.9338191255646454,0.944663233354088,0.7008576076646637,0.4246490101970476,4,7.211102550927978,0.9472921643777122,1,1,1,1.0,1,1.0,0,192,cvc-colondb,unet_pvt,polypseg/runs_cv/unet_pvt_seed42_fold2/best.pth,True
0.9209557249254048,0.8534920634852897,0.8716161452352762,0.9762164124820604,0.6781580738664257,0.4153861713994598,4,15.0,1.9704868104860214,1,1,1,1.0,1,1.0,0,193,cvc-colondb,unet_pvt,polypseg/runs_cv/unet_pvt_seed42_fold2/best.pth,True
0.9210505560339102,0.8536549707539937,0.8714925373069291,0.9765847131545694,0.6832082931424918,0.42614208198671577,4,14.0,1.8391210231202866,1,1,1,1.0,1,1.0,0,194,cvc-colondb,unet_pvt,polypseg/runs_cv/unet_pvt_seed42_fold2/best.pth,True
0.8976207642339724,0.8142576847524061,0.8240485383251621,0.9856181554164716,0.6372944545203348,0.3510759436715955,4,15.68214217878004,2.060096954896839,1,1,1,1.0,1,1.0,0,195,cvc-colondb,unet_pvt,polypseg/runs_cv/unet_pvt_seed42_fold2/best.pth,True
0.9472730567074513,0.899827882950088,0.9067992599340101,0.9915286382476732,0.8782155149641794,0.6537002781080616,4,8.0,1.050926298925878,1,1,1,1.0,1,1.0,0,196,cvc-colondb,unet_pvt,polypseg/runs_cv/unet_pvt_seed42_fold2/best.pth,True
0.9446308724801735,0.8950715421248925,0.9260454229080404,0.9639776094766942,0.6747589646429927,0.4327809474830593,4,10.0,1.3136578736573477,1,1,1,1.0,1,1.0,0,197,cvc-colondb,unet_pvt,polypseg/runs_cv/unet_pvt_seed42_fold2/best.pth,True
0.8683168316760039,0.7672790901025477,0.7672790901025477,0.9999999999809959,0.45612649017983986,0.11534831511648176,4,13.0,1.7077552357545518,1,1,1,1.0,1,1.0,0,198,cvc-colondb,unet_pvt,polypseg/runs_cv/unet_pvt_seed42_fold2/best.pth,True
0.8925932493888242,0.8060211380291873,0.8297615122449745,0.965720133013997,0.640194843339549,0.3850576857424876,4,20.0,2.6273157473146953,1,1,1,1.0,1,1.0,0,199,cvc-colondb,unet_pvt,polypseg/runs_cv/unet_pvt_seed42_fold2/best.pth,True
0.7859608745232474,0.6473933648675456,0.9970802918252438,0.6486229818947176,0.7780325870231465,0.3843415878775661,4,9.0,1.1822920862916129,1,1,1,1.0,1,1.0,0,2,cvc-colondb,unet_pvt,polypseg/runs_cv/unet_pvt_seed42_fold2/best.pth,True
0.9618206609944779,0.9264494339829681,0.9302603070903688,0.9955976744934113,0.6637442176023193,0.3875060344379482,4,8.0,1.050926298925878,1,1,1,1.0,1,1.0,0,20,cvc-colondb,unet_pvt,polypseg/runs_cv/unet_pvt_seed42_fold2/best.pth,True
0.9139032552386785,0.8414565826173398,0.8682080924688207,0.9646756582966244,0.6893660332814264,0.3550691007606433,4,6.0,0.7881947241944085,1,1,1,1.0,1,1.0,0,200,cvc-colondb,unet_pvt,polypseg/runs_cv/unet_pvt_seed42_fold2/best.pth,True
0.9124215809170336,0.8389478541569232,0.8410825815211408,0.9969838222923778,0.7452031397765196,0.6174115367438107,4,10.0,1.3136578736573477,1,1,1,1.0,1,1.0,0,201,cvc-colondb,unet_pvt,polypseg/runs_cv/unet_pvt_seed42_fold2/best.pth,True
0.8907720440618582,0.8030558906248246,0.8030558906248246,0.9999999999899859,0.37839432582283755,0.16137703457383323,4,15.0,1.9704868104860214,1,1,1,1.0,1,1.0,0,202,cvc-colondb,unet_pvt,polypseg/runs_cv/unet_pvt_seed42_fold2/best.pth,True
0.9263480637144148,0.86280109261407,0.8754094230174426,0.9835810332486401,0.7209698145527108,0.517200377579315,4,11.0,1.4450236610230822,1,1,1,1.0,1,1.0,0,203,cvc-colondb,unet_pvt,polypseg/runs_cv/unet_pvt_seed42_fold2/best.pth,True
0.5672406888220485,0.39590787119414234,0.42590810680267127,0.848957084611629,0.2259177418019203,0.16112527051073902,4,50.7656116671806,6.66886454776231,1,1,1,1.0,0,0.0,0,204,cvc-colondb,unet_pvt,polypseg/runs_cv/unet_pvt_seed42_fold2/best.pth,True
0.46060734762730293,0.29921368464203046,0.30765957446372116,0.915962837799157,0.3732248960038931,0.2629738410630665,4,46.95525830336115,6.168314477982492,1,1,1,1.0,0,0.0,0,205,cvc-colondb,unet_pvt,polypseg/runs_cv/unet_pvt_seed42_fold2/best.pth,True
0.4874144530740353,0.3222392637987387,0.32690213162709036,0.9576116681423149,0.4415185732734574,0.34013005259539136,4,48.34045641346089,6.350282118373272,1,1,1,1.0,0,0.0,0,206,cvc-colondb,unet_pvt,polypseg/runs_cv/unet_pvt_seed42_fold2/best.pth,True
0.5482790697623415,0.3776752531029389,0.3809462254345793,0.9777704047452631,0.4544848265179729,0.41948430111960056,4,50.48762224545735,6.6323462484982905,1,1,1,1.0,0,0.0,0,207,cvc-colondb,unet_pvt,polypseg/runs_cv/unet_pvt_seed42_fold2/best.pth,True
0.4323622728521436,0.27580496779621333,0.2794035414672991,0.9553855958600773,0.4238475082216201,0.39100341305779956,4,49.01326296974443,6.438665881384288,1,1,1,1.0,0,0.0,0,208,cvc-colondb,unet_pvt,polypseg/runs_cv/unet_pvt_seed42_fold2/best.pth,True
0.8421554601678246,0.7273476111826649,0.7273476111826649,0.99999999996225,0.4495933319948406,0.1723475695692299,4,8.94427190999916,1.1749713218702638,1,1,1,1.0,1,1.0,0,209,cvc-colondb,unet_pvt,polypseg/runs_cv/unet_pvt_seed42_fold2/best.pth,True
0.9546097645808777,0.9131611643551953,0.9297460919809806,0.9808398074401561,0.6161861865905462,0.44215129459602626,4,8.0,1.050926298925878,1,1,1,1.0,1,1.0,0,21,cvc-colondb,unet_pvt,polypseg/runs_cv/unet_pvt_seed42_fold2/best.pth,True
0.8613360323824368,0.7564444444348388,0.7564444444348388,0.9999999999832131,0.387033810102234,0.18484591170861606,4,13.0,1.7077552357545518,1,1,1,1.0,1,1.0,0,210,cvc-colondb,unet_pvt,polypseg/runs_cv/unet_pvt_seed42_fold2/best.pth,True
0.9234289200661727,0.8577500708294453,0.9486054528212378,0.8995542347563217,0.7026568735449219,0.4594419139544251,4,7.221453651680858,0.9486519448782165,1,1,1,1.0,1,1.0,0,211,cvc-colondb,unet_pvt,polypseg/runs_cv/unet_pvt_seed42_fold2/best.pth,True
0.9237595208129714,0.8583207365613692,0.8703406953189553,0.9841645001104217,0.5452200080878733,0.31678837322650694,4,12.0,1.576389448388817,1,1,1,1.0,1,1.0,0,212,cvc-colondb,unet_pvt,polypseg/runs_cv/unet_pvt_seed42_fold2/best.pth,True
0.9173329069358916,0.8472899128574265,0.8597332534028193,0.983204798620538,0.4772186204139387,0.33487914458451434,4,11.0,1.4450236610230822,1,1,1,1.0,1,1.0,0,213,cvc-colondb,unet_pvt,polypseg/runs_cv/unet_pvt_seed42_fold2/best.pth,True
0.9272889074965853,0.8644349014165095,0.8735575500456301,0.988063364558366,0.675594468498158,0.2833775824081982,4,8.0,1.050926298925878,1,1,1,1.0,1,1.0,0,214,cvc-colondb,unet_pvt,polypseg/runs_cv/unet_pvt_seed42_fold2/best.pth,True
0.9208583180488584,0.8533247611971589,0.8652449245589007,0.9841118525475678,0.6965150450433106,0.33718239804362593,4,12.0,1.576389448388817,1,1,1,1.0,1,1.0,0,215,cvc-colondb,unet_pvt,polypseg/runs_cv/unet_pvt_seed42_fold2/best.pth,True
0.9498532825255119,0.9044957877979439,0.9416464049935598,0.9582044711411309,0.8440643997225303,0.33977614533913464,4,5.0,0.6568289368286738,1,1,1,1.0,1,1.0,0,216,cvc-colondb,unet_pvt,polypseg/runs_cv/unet_pvt_seed42_fold2/best.pth,True
0.9202960087291017,0.8523595505522206,0.8571751412332522,0.9934520691331398,0.5963666309125852,0.35343960163522875,4,7.0710678118654755,0.9288963906222114,1,1,1,1.0,1,1.0,0,217,cvc-colondb,unet_pvt,polypseg/runs_cv/unet_pvt_seed42_fold2/best.pth,True
0.9501518584559848,0.905037424801832,0.917294982775215,0.9854499999950728,0.5983186444025399,0.3815851004503976,4,8.48528137423857,1.1146756687466535,1,1,1,1.0,1,1.0,0,218,cvc-colondb,unet_pvt,polypseg/runs_cv/unet_pvt_seed42_fold2/best.pth,True
0.945292585223829,0.8962604908058203,0.9285163988502723,0.9626861413763753,0.5354463235479378,0.3330799407832019,4,7.810249675906654,1.0259995981984522,1,1,1,1.0,1,1.0,0,219,cvc-colondb,unet_pvt,polypseg/runs_cv/unet_pvt_seed42_fold2/best.pth,True
0.9214073949742088,0.85426822943235,0.8586769535481484,0.9940257075554039,0.43653560697424226,0.16920228192377407,4,11.702560104668171,1.5373160223445697,1,1,1,1.0,1,1.0,0,22,cvc-colondb,unet_pvt,polypseg/runs_cv/unet_pvt_seed42_fold2/best.pth,True
0.9345595748991026,0.8771579835734123,0.8869578710459541,0.9875604699292712,0.49197016125983367,0.3330963549293863,4,7.0710678118654755,0.9288963906222114,1,1,1,1.0,1,1.0,0,220,cvc-colondb,unet_pvt,polypseg/runs_cv/unet_pvt_seed42_fold2/best.pth,True
0.9292315274944377,0.8678174146462,0.9048152295560324,0.9550021105871253,0.7381215779363972,0.3382669897777986,4,12.25,1.6092308952302508,1,1,1,1.0,1,1.0,0,221,cvc-colondb,unet_pvt,polypseg/runs_cv/unet_pvt_seed42_fold2/best.pth,True
0.9345259076448074,0.8770986684238102,0.9984935505037331,0.8782608695579439,0.7087354115519131,0.44588268114013235,4,9.433981132056603,1.2393023594061015,1,1,1,1.0,1,1.0,0,222,cvc-colondb,unet_pvt,polypseg/runs_cv/unet_pvt_seed42_fold2/best.pth,True
0.9415768576245908,0.88960342978841,0.9806045091958195,0.9055368669796751,0.7328321714334572,0.46866389980799406,4,8.469555621796978,1.1126098428952453,1,1,1,1.0,1,1.0,0,223,cvc-colondb,unet_pvt,polypseg/runs_cv/unet_pvt_seed42_fold2/best.pth,True
0.9298438934717186,0.868886219308926,0.892945326262911,0.9699233716289287,0.7277706513347486,0.6021641261551087,4,7.0710678118654755,0.9288963906222114,1,1,1,1.0,1,1.0,0,224,cvc-colondb,unet_pvt,polypseg/runs_cv/unet_pvt_seed42_fold2/best.pth,True
0.9297507283760157,0.8687235329440798,0.9288486416258458,0.9306545689912297,0.8854600888237725,0.6003751845428762,4,4.47213595499958,0.5874856609351319,1,1,1,1.0,1,1.0,0,225,cvc-colondb,unet_pvt,polypseg/runs_cv/unet_pvt_seed42_fold2/best.pth,True
0.9327376727446338,0.8739535247564826,0.9429343238144273,0.92275919040956,0.6897194969191052,0.33717740985255434,4,9.0,1.1822920862916129,1,1,1,1.0,1,1.0,0,226,cvc-colondb,unet_pvt,polypseg/runs_cv/unet_pvt_seed42_fold2/best.pth,True
0.9520388800672346,0.90846774938398,0.9800478373510463,0.9255863860529995,0.550110977015393,0.33843813141148066,4,15.14096157993939,1.9890043394230772,1,1,1,1.0,1,1.0,0,227,cvc-colondb,unet_pvt,polypseg/runs_cv/unet_pvt_seed42_fold2/best.pth,True
0.967586968524786,0.9372091779413146,0.9708033240979301,0.9643918547037894,0.6001927689564504,0.3796775138606689,4,9.90701397083712,1.3014426907223526,1,1,1,1.0,1,1.0,0,228,cvc-colondb,unet_pvt,polypseg/runs_cv/unet_pvt_seed42_fold2/best.pth,True
0.9540361028463509,0.9121118859288944,0.9240636223667993,0.9860181090714423,0.6590159458601037,0.4312717460815127,4,9.46833483354815,1.2438152604514658,1,1,1,1.0,1,1.0,0,229,cvc-colondb,unet_pvt,polypseg/runs_cv/unet_pvt_seed42_fold2/best.pth,True
0.8996976862495145,0.8176822633252574,0.8179047619003107,0.9996674205068533,0.2922077422099091,0.12439757415766595,4,21.840329667841555,2.8690721031432225,1,1,1,1.0,1,1.0,0,23,cvc-colondb,unet_pvt,polypseg/runs_cv/unet_pvt_seed42_fold2/best.pth,True
0.9601785429588389,0.9234071257685447,0.9358607830892737,0.985793780680944,0.8352636947639168,0.480668815969254,4,5.0,0.6568289368286738,1,1,1,1.0,1,1.0,0,230,cvc-colondb,unet_pvt,polypseg/runs_cv/unet_pvt_seed42_fold2/best.pth,True
0.9261790840674902,0.8625079567044875,0.8695931202558133,0.9906419066970223,0.6571718281501212,0.35357294787405086,4,5.656854249492381,0.7431171124977691,1,1,1,1.0,1,1.0,0,231,cvc-colondb,unet_pvt,polypseg/runs_cv/unet_pvt_seed42_fold2/best.pth,True
0.9491716867434142,0.9032604801081815,0.945824266519503,0.9525428852040161,0.7452738885034572,0.3429930786023729,4,5.830951894845301,0.765987586758076,1,1,1,1.0,1,1.0,0,232,cvc-colondb,unet_pvt,polypseg/runs_cv/unet_pvt_seed42_fold2/best.pth,True
0.9581583146072803,0.9196774596767116,0.9361796894824626,0.9811937312372044,0.806623939291239,0.5391646517025189,4,7.0,0.9195605115601433,1,1,1,1.0,1,1.0,0,233,cvc-colondb,unet_pvt,polypseg/runs_cv/unet_pvt_seed42_fold2/best.pth,True
0.9558734636270164,0.9154766499350406,0.945019920311195,0.9669792091237914,0.8403544657023624,0.4583673151331389,4,4.47213595499958,0.5874856609351319,1,1,1,1.0,1,1.0,0,234,cvc-colondb,unet_pvt,polypseg/runs_cv/unet_pvt_seed42_fold2/best.pth,True
0.9393214862621045,0.8855854758025394,0.9211660329414301,0.9582069874626472,0.702411637485758,0.39288860083557203,4,5.0990195135927845,0.669836713196362,1,1,1,1.0,1,1.0,0,235,cvc-colondb,unet_pvt,polypseg/runs_cv/unet_pvt_seed42_fold2/best.pth,True
0.9678268499537686,0.9376593935914911,0.942019358507582,0.995088211703112,0.8228286592883068,0.6149065316558386,4,5.256399425040717,0.6905110491792693,1,1,1,1.0,1,1.0,0,236,cvc-colondb,unet_pvt,polypseg/runs_cv/unet_pvt_seed42_fold2/best.pth,True
0.9391620513240897,0.8853020883126487,0.8933243967804468,0.9899581092694674,0.5281951233960308,0.30375162746465134,4,15.556349186104045,2.043572059368865,1,1,1,1.0,1,1.0,0,237,cvc-colondb,unet_pvt,polypseg/runs_cv/unet_pvt_seed42_fold2/best.pth,True
0.9540817978676952,0.9121954240041109,0.9230841531395354,0.9872336147936361,0.5073530886223256,0.4354015583108649,4,10.0,1.3136578736573477,1,1,1,1.0,1,1.0,0,238,cvc-colondb,unet_pvt,polypseg/runs_cv/unet_pvt_seed42_fold2/best.pth,True
0.9520046216038082,0.908405362493789,0.9110167617490998,0.9968544328252185,0.5892059768513294,0.34485923304048594,4,8.602325267042627,1.1300512318812093,1,1,1,1.0,1,1.0,0,239,cvc-colondb,unet_pvt,polypseg/runs_cv/unet_pvt_seed42_fold2/best.pth,True
0.9422040880982764,0.8907238886983083,0.8953173228905543,0.9942730540883108,0.45234591884348585,0.2641751354021927,4,11.313708498984761,1.4862342249955383,1,1,1,1.0,1,1.0,0,24,cvc-colondb,unet_pvt,polypseg/runs_cv/unet_pvt_seed42_fold2/best.pth,True
0.9664808009093699,0.9351357979220456,0.9509351620888346,0.9825431589733152,0.8869167675074242,0.6139145176087316,4,5.830951894845301,0.765987586758076,1,1,1,1.0,1,1.0,0,240,cvc-colondb,unet_pvt,polypseg/runs_cv/unet_pvt_seed42_fold2/best.pth,True
0.9602992751884016,0.9236304758394923,0.9796775116784688,0.9416727806223251,0.9148568227178748,0.5692579114933096,4,4.242640687119285,0.5573378343733267,1,1,1,1.0,1,1.0,0,241,cvc-colondb,unet_pvt,polypseg/runs_cv/unet_pvt_seed42_fold2/best.pth,True
0.944401092465156,0.89465902789785,0.9067241056292683,0.9853450030430964,0.7635210331284241,0.5107875998866788,4,8.218618225794799,1.0796452542899118,1,1,1,1.0,1,1.0,0,242,cvc-colondb,unet_pvt,polypseg/runs_cv/unet_pvt_seed42_fold2/best.pth,True
0.9521429006830936,0.9086572026889846,0.9160117301945335,0.9912414318229089,0.7946619532066006,0.6081007062237649,4,5.385164807134504,0.7074264149834693,1,1,1,1.0,1,1.0,0,243,cvc-colondb,unet_pvt,polypseg/runs_cv/unet_pvt_seed42_fold2/best.pth,True
0.8845866449230039,0.79305724724978,0.9539926739786961,0.8245947314991819,0.6521514721200034,0.45258076804877395,4,22.80350850198276,2.995600849064192,1,1,1,1.0,1,1.0,0,244,cvc-colondb,unet_pvt,polypseg/runs_cv/unet_pvt_seed42_fold2/best.pth,True
0.944401092465156,0.89465902789785,0.9067241056292683,0.9853450030430964,0.7635210331284241,0.5107875998866788,4,8.218618225794799,1.0796452542899118,1,1,1,1.0,1,1.0,0,245,cvc-colondb,unet_pvt,polypseg/runs_cv/unet_pvt_seed42_fold2/best.pth,True
0.9521429006830936,0.9086572026889846,0.9160117301945335,0.9912414318229089,0.7946619532066006,0.6081007062237649,4,5.385164807134504,0.7074264149834693,1,1,1,1.0,1,1.0,0,246,cvc-colondb,unet_pvt,polypseg/runs_cv/unet_pvt_seed42_fold2/best.pth,True
0.8845866449230039,0.79305724724978,0.9539926739786961,0.8245947314991819,0.6521514721200034,0.45258076804877395,4,22.80350850198276,2.995600849064192,1,1,1,1.0,1,1.0,0,247,cvc-colondb,unet_pvt,polypseg/runs_cv/unet_pvt_seed42_fold2/best.pth,True
0.944401092465156,0.89465902789785,0.9067241056292683,0.9853450030430964,0.7635210331284241,0.5107875998866788,4,8.218618225794799,1.0796452542899118,1,1,1,1.0,1,1.0,0,248,cvc-colondb,unet_pvt,polypseg/runs_cv/unet_pvt_seed42_fold2/best.pth,True
0.9521429006830936,0.9086572026889846,0.9160117301945335,0.9912414318229089,0.7946619532066006,0.6081007062237649,4,5.385164807134504,0.7074264149834693,1,1,1,1.0,1,1.0,0,249,cvc-colondb,unet_pvt,polypseg/runs_cv/unet_pvt_seed42_fold2/best.pth,True
0.9071345029186717,0.8300513698541304,0.9858904283591472,0.8400303259954507,0.6197737788317281,0.3871630825437605,4,13.56450889332001,1.7819123910004946,1,1,1,1.0,1,1.0,0,25,cvc-colondb,unet_pvt,polypseg/runs_cv/unet_pvt_seed42_fold2/best.pth,True
0.8845866449230039,0.79305724724978,0.9539926739786961,0.8245947314991819,0.6521514721200034,0.45258076804877395,4,22.80350850198276,2.995600849064192,1,1,1,1.0,1,1.0,0,250,cvc-colondb,unet_pvt,polypseg/runs_cv/unet_pvt_seed42_fold2/best.pth,True
0.944401092465156,0.89465902789785,0.9067241056292683,0.9853450030430964,0.7635210331284241,0.5107875998866788,4,8.218618225794799,1.0796452542899118,1,1,1,1.0,1,1.0,0,251,cvc-colondb,unet_pvt,polypseg/runs_cv/unet_pvt_seed42_fold2/best.pth,True
0.9521429006830936,0.9086572026889846,0.9160117301945335,0.9912414318229089,0.7946619532066006,0.6081007062237649,4,5.385164807134504,0.7074264149834693,1,1,1,1.0,1,1.0,0,252,cvc-colondb,unet_pvt,polypseg/runs_cv/unet_pvt_seed42_fold2/best.pth,True
0.8845866449230039,0.79305724724978,0.9539926739786961,0.8245947314991819,0.6521514721200034,0.45258076804877395,4,22.80350850198276,2.995600849064192,1,1,1,1.0,1,1.0,0,253,cvc-colondb,unet_pvt,polypseg/runs_cv/unet_pvt_seed42_fold2/best.pth,True
0.944401092465156,0.89465902789785,0.9067241056292683,0.9853450030430964,0.7635210331284241,0.5107875998866788,4,8.218618225794799,1.0796452542899118,1,1,1,1.0,1,1.0,0,254,cvc-colondb,unet_pvt,polypseg/runs_cv/unet_pvt_seed42_fold2/best.pth,True
0.9521429006830936,0.9086572026889846,0.9160117301945335,0.9912414318229089,0.7946619532066006,0.6081007062237649,4,5.385164807134504,0.7074264149834693,1,1,1,1.0,1,1.0,0,255,cvc-colondb,unet_pvt,polypseg/runs_cv/unet_pvt_seed42_fold2/best.pth,True
0.8845866449230039,0.79305724724978,0.9539926739786961,0.8245947314991819,0.6521514721200034,0.45258076804877395,4,22.80350850198276,2.995600849064192,1,1,1,1.0,1,1.0,0,256,cvc-colondb,unet_pvt,polypseg/runs_cv/unet_pvt_seed42_fold2/best.pth,True
0.944401092465156,0.89465902789785,0.9067241056292683,0.9853450030430964,0.7635210331284241,0.5107875998866788,4,8.218618225794799,1.0796452542899118,1,1,1,1.0,1,1.0,0,257,cvc-colondb,unet_pvt,polypseg/runs_cv/unet_pvt_seed42_fold2/best.pth,True
0.9521429006830936,0.9086572026889846,0.9160117301945335,0.9912414318229089,0.7946619532066006,0.6081007062237649,4,5.385164807134504,0.7074264149834693,1,1,1,1.0,1,1.0,0,258,cvc-colondb,unet_pvt,polypseg/runs_cv/unet_pvt_seed42_fold2/best.pth,True
0.8845866449230039,0.79305724724978,0.9539926739786961,0.8245947314991819,0.6521514721200034,0.45258076804877395,4,22.80350850198276,2.995600849064192,1,1,1,1.0,1,1.0,0,259,cvc-colondb,unet_pvt,polypseg/runs_cv/unet_pvt_seed42_fold2/best.pth,True
0.9137532850130305,0.8412023460287213,0.8807184525501885,0.9493628992065305,0.6350113916604304,0.4260915206496609,4,10.014781507049353,1.3155996579693379,1,1,1,1.0,1,1.0,0,26,cvc-colondb,unet_pvt,polypseg/runs_cv/unet_pvt_seed42_fold2/best.pth,True
0.944401092465156,0.89465902789785,0.9067241056292683,0.9853450030430964,0.7635210331284241,0.5107875998866788,4,8.218618225794799,1.0796452542899118,1,1,1,1.0,1,1.0,0,260,cvc-colondb,unet_pvt,polypseg/runs_cv/unet_pvt_seed42_fold2/best.pth,True
0.9521429006830936,0.9086572026889846,0.9160117301945335,0.9912414318229089,0.7946619532066006,0.6081007062237649,4,5.385164807134504,0.7074264149834693,1,1,1,1.0,1,1.0,0,261,cvc-colondb,unet_pvt,polypseg/runs_cv/unet_pvt_seed42_fold2/best.pth,True
0.8845866449230039,0.79305724724978,0.9539926739786961,0.8245947314991819,0.6521514721200034,0.45258076804877395,4,22.80350850198276,2.995600849064192,1,1,1,1.0,1,1.0,0,262,cvc-colondb,unet_pvt,polypseg/runs_cv/unet_pvt_seed42_fold2/best.pth,True
0.944401092465156,0.89465902789785,0.9067241056292683,0.9853450030430964,0.7635210331284241,0.5107875998866788,4,8.218618225794799,1.0796452542899118,1,1,1,1.0,1,1.0,0,263,cvc-colondb,unet_pvt,polypseg/runs_cv/unet_pvt_seed42_fold2/best.pth,True
0.4155215079217842,0.26224496577216555,0.26396414475708097,0.9757665677305696,0.3591779312301415,0.2835020395751676,4,99.0,13.00521294920774,1,1,1,1.0,0,0.0,0,264,cvc-colondb,unet_pvt,polypseg/runs_cv/unet_pvt_seed42_fold2/best.pth,True
0.1503648787283437,0.08129434665198465,0.08143411259024755,0.9793242561528158,0.23662901319812196,0.17109594465016037,4,260.75639470627965,34.25446910124074,1,1,0,0.0,0,0.0,1,265,cvc-colondb,unet_pvt,polypseg/runs_cv/unet_pvt_seed42_fold2/best.pth,True
0.41428035760017706,0.2612570006216272,0.2613350596313489,0.9988580129330142,0.28655732107195625,0.12269934238130215,4,156.16977940690063,20.51536603452061,1,1,1,1.0,0,0.0,0,266,cvc-colondb,unet_pvt,polypseg/runs_cv/unet_pvt_seed42_fold2/best.pth,True
0.34597875568715875,0.20917431192420669,0.2256308758012663,0.7414634146040056,0.33410067890293543,0.29543831377213314,4,316.2284775133032,41.54160293600262,1,2,1,1.0,1,1.0,1,267,cvc-colondb,unet_pvt,polypseg/runs_cv/unet_pvt_seed42_fold2/best.pth,True
0.3244240728595486,0.1936194401009406,0.19543857132471176,0.9541316526276565,0.35060225274007834,0.2904653397133466,4,85.0,11.166091926087454,1,1,0,0.0,0,0.0,1,268,cvc-colondb,unet_pvt,polypseg/runs_cv/unet_pvt_seed42_fold2/best.pth,True
0.4370891161411747,0.2796634924327881,0.2824522067483924,0.9658999192702603,0.38292288928897744,0.32041868656545547,4,103.0,13.53067609867068,1,1,1,1.0,0,0.0,0,269,cvc-colondb,unet_pvt,polypseg/runs_cv/unet_pvt_seed42_fold2/best.pth,True
0.8546140229288492,0.7461362719964234,0.7523035230250366,0.9891323712633328,0.5923593367750114,0.38544601227711384,4,163.35788728683463,21.459637485837984,1,2,1,1.0,1,1.0,1,27,cvc-colondb,unet_pvt,polypseg/runs_cv/unet_pvt_seed42_fold2/best.pth,True
0.39619680126548945,0.2470357968970948,0.2520589545953027,0.9253514299507674,0.15541917742232253,0.07636734394977536,4,162.7628627006096,21.38147161256656,1,1,0,0.0,0,0.0,1,270,cvc-colondb,unet_pvt,polypseg/runs_cv/unet_pvt_seed42_fold2/best.pth,True
0.4155215079217842,0.26224496577216555,0.26396414475708097,0.9757665677305696,0.3591779312301415,0.2835020395751676,4,99.0,13.00521294920774,1,1,1,1.0,0,0.0,0,271,cvc-colondb,unet_pvt,polypseg/runs_cv/unet_pvt_seed42_fold2/best.pth,True
0.1503648787283437,0.08129434665198465,0.08143411259024755,0.9793242561528158,0.23662901319812196,0.17109594465016037,4,260.75639470627965,34.25446910124074,1,1,0,0.0,0,0.0,1,272,cvc-colondb,unet_pvt,polypseg/runs_cv/unet_pvt_seed42_fold2/best.pth,True
0.12189060613935541,0.0649006956345588,0.06527249683134946,0.9193145305084022,0.15439098260713835,0.07861810313887917,4,304.2147254156872,39.96340693248255,1,2,0,0.0,0,0.0,2,273,cvc-colondb,unet_pvt,polypseg/runs_cv/unet_pvt_seed42_fold2/best.pth,True
0.48201881108845507,0.3175393836297026,0.9083642261247872,0.3280478621022172,0.4040294165791936,0.2085950530386041,4,209.0195858627621,27.458022471721545,1,1,1,1.0,0,0.0,0,274,cvc-colondb,unet_pvt,polypseg/runs_cv/unet_pvt_seed42_fold2/best.pth,True
0.6544554695634187,0.48638707583395335,0.9397993310971307,0.5020285108106524,0.4887793552477715,0.2922499749114373,4,162.87771406971493,21.396559153099115,1,1,1,1.0,0,0.0,0,275,cvc-colondb,unet_pvt,polypseg/runs_cv/unet_pvt_seed42_fold2/best.pth,True
0.6642899805870832,0.49733098571728757,0.9772639903290831,0.5031526564297137,0.40249816088080176,0.23938247560153128,4,153.5498259610188,20.171193787240774,1,1,1,1.0,0,0.0,0,276,cvc-colondb,unet_pvt,polypseg/runs_cv/unet_pvt_seed42_fold2/best.pth,True
0.7657692807887482,0.6204425711248874,0.9492487263755126,0.6417298805447653,0.5125082188825177,0.33222421653772666,4,115.2681193521011,15.142287256856248,1,1,1,1.0,1,1.0,0,277,cvc-colondb,unet_pvt,polypseg/runs_cv/unet_pvt_seed42_fold2/best.pth,True
0.4771030962561896,0.3132865363921249,0.8051357061465118,0.3389900095775353,0.29291333920268586,0.20372952888155083,4,168.75411061515524,22.168516612164165,1,2,1,1.0,0,0.0,1,278,cvc-colondb,unet_pvt,polypseg/runs_cv/unet_pvt_seed42_fold2/best.pth,True
0.8567116578368451,0.749339975089667,0.9490851734955893,0.7807245173303886,0.4943078024529744,0.2386363141888177,4,50.10786540003177,6.582459191491431,1,1,1,1.0,1,1.0,0,279,cvc-colondb,unet_pvt,polypseg/runs_cv/unet_pvt_seed42_fold2/best.pth,True
0.9208018079969198,0.853227715557822,0.864935544408624,0.9843832066914654,0.4181438734011125,0.30360134413610956,4,17.47712211615629,2.2958959076759675,1,1,1,1.0,1,1.0,0,28,cvc-colondb,unet_pvt,polypseg/runs_cv/unet_pvt_seed42_fold2/best.pth,True
0.8372889321533543,0.7201177965081411,0.927763725629164,0.7628922738070417,0.5532147531840408,0.2570909983572715,4,71.16118022180497,9.348144469712361,1,1,1,1.0,1,1.0,0,280,cvc-colondb,unet_pvt,polypseg/runs_cv/unet_pvt_seed42_fold2/best.pth,True
0.8520110192806171,0.7421770013390786,0.9593052109101794,0.7663032705598526,0.5639374834531815,0.409041932111742,4,65.6018347276295,8.61783667163185,1,1,1,1.0,1,1.0,0,281,cvc-colondb,unet_pvt,polypseg/runs_cv/unet_pvt_seed42_fold2/best.pth,True
0.9400455350319249,0.8868735083447553,0.8902731193014827,0.995712754544526,0.8010857988288163,0.4124058025053334,4,8.0,1.050926298925878,1,1,1,1.0,1,1.0,0,282,cvc-colondb,unet_pvt,polypseg/runs_cv/unet_pvt_seed42_fold2/best.pth,True
0.9303630013708839,0.8697932126163075,0.8910399351217206,0.97331709476336,0.5977358191127823,0.26102294923757935,4,7.0,0.9195605115601433,1,1,1,1.0,1,1.0,0,283,cvc-colondb,unet_pvt,polypseg/runs_cv/unet_pvt_seed42_fold2/best.pth,True
0.9147789152665139,0.842942445677942,0.8884129250574413,0.9427577305070837,0.5230584165355757,0.2876859428334262,4,16.223323817486413,2.1311897069733807,1,1,1,1.0,1,1.0,0,284,cvc-colondb,unet_pvt,polypseg/runs_cv/unet_pvt_seed42_fold2/best.pth,True
0.8834635126068211,0.7912535976943106,0.8868279569852741,0.8801244997737655,0.34567507046575346,0.19469021552198007,4,34.007965289133494,4.467483136913599,1,1,1,1.0,1,1.0,0,285,cvc-colondb,unet_pvt,polypseg/runs_cv/unet_pvt_seed42_fold2/best.pth,True
0.49773101481768256,0.3313195038485583,0.80642852494758,0.35994540121290636,0.1806876165005766,0.1066573302077476,4,236.66695792749593,31.089941271598725,1,1,1,1.0,0,0.0,0,286,cvc-colondb,unet_pvt,polypseg/runs_cv/unet_pvt_seed42_fold2/best.pth,True
0.5747227920730875,0.40323579783404423,0.9334458034505825,0.4151722067966715,0.47692158118915073,0.3333452185479649,4,176.7179801047303,23.214696598140147,1,1,1,1.0,0,0.0,0,287,cvc-colondb,unet_pvt,polypseg/runs_cv/unet_pvt_seed42_fold2/best.pth,True
0.678892232006064,0.5138810386657118,0.9445123441643576,0.5298776097894001,0.5676859542532755,0.2541436000732663,4,153.47393812974678,20.161224722534246,1,1,1,1.0,1,1.0,0,288,cvc-colondb,unet_pvt,polypseg/runs_cv/unet_pvt_seed42_fold2/best.pth,True
0.7100461639906672,0.5504430811162222,0.9756164533968058,0.5581212692410992,0.5135079567635286,0.3052971092096545,4,148.23560038273456,19.473086359910337,1,1,1,1.0,1,1.0,0,289,cvc-colondb,unet_pvt,polypseg/runs_cv/unet_pvt_seed42_fold2/best.pth,True
0.41574608329185564,0.2624238948739462,0.2719571099811952,0.8821623395230623,0.16607737665691816,0.06926403437718442,4,240.6574328522807,31.614153152056296,1,3,1,1.0,1,1.0,2,29,cvc-colondb,unet_pvt,polypseg/runs_cv/unet_pvt_seed42_fold2/best.pth,True
0.6939908653968955,0.531382857140428,0.9261413433118784,0.5548978422734633,0.4222637068961018,0.24070068182489085,4,145.95206867038632,19.173108418543087,1,1,1,1.0,1,1.0,0,290,cvc-colondb,unet_pvt,polypseg/runs_cv/unet_pvt_seed42_fold2/best.pth,True
0.7507025954682572,0.6008998279714133,0.8774314053788649,0.6559610939875965,0.44318412937566626,0.24768173635083998,4,121.50171138354993,15.961167982184294,1,1,1,1.0,1,1.0,0,291,cvc-colondb,unet_pvt,polypseg/runs_cv/unet_pvt_seed42_fold2/best.pth,True
0.07280616485627149,0.03777833009248998,0.04550978354665367,0.18192058574921205,0.09728720590723813,0.07497066579051131,4,239.64139876073165,31.480681033629526,1,2,0,0.0,0,0.0,2,292,cvc-colondb,unet_pvt,polypseg/runs_cv/unet_pvt_seed42_fold2/best.pth,True
0.6379930557707842,0.46842129438028374,0.8914335664257741,0.4967606800112194,0.3885972169739924,0.18557993046719753,4,183.0803346314858,24.050492310047332,1,1,1,1.0,0,0.0,0,293,cvc-colondb,unet_pvt,polypseg/runs_cv/unet_pvt_seed42_fold2/best.pth,True
0.48201881108845507,0.3175393836297026,0.9083642261247872,0.3280478621022172,0.4040294165791936,0.2085950530386041,4,209.0195858627621,27.458022471721545,1,1,1,1.0,0,0.0,0,294,cvc-colondb,unet_pvt,polypseg/runs_cv/unet_pvt_seed42_fold2/best.pth,True
0.6544554695634187,0.48638707583395335,0.9397993310971307,0.5020285108106524,0.4887793552477715,0.2922499749114373,4,162.87771406971493,21.396559153099115,1,1,1,1.0,0,0.0,0,295,cvc-colondb,unet_pvt,polypseg/runs_cv/unet_pvt_seed42_fold2/best.pth,True
0.6642899805870832,0.49733098571728757,0.9772639903290831,0.5031526564297137,0.40249816088080176,0.23938247560153128,4,153.5498259610188,20.171193787240774,1,1,1,1.0,0,0.0,0,296,cvc-colondb,unet_pvt,polypseg/runs_cv/unet_pvt_seed42_fold2/best.pth,True
0.7657692807887482,0.6204425711248874,0.9492487263755126,0.6417298805447653,0.5125082188825177,0.33222421653772666,4,115.2681193521011,15.142287256856248,1,1,1,1.0,1,1.0,0,297,cvc-colondb,unet_pvt,polypseg/runs_cv/unet_pvt_seed42_fold2/best.pth,True
0.4771030962561896,0.3132865363921249,0.8051357061465118,0.3389900095775353,0.29291333920268586,0.20372952888155083,4,168.75411061515524,22.168516612164165,1,2,1,1.0,0,0.0,1,298,cvc-colondb,unet_pvt,polypseg/runs_cv/unet_pvt_seed42_fold2/best.pth,True
0.8567116578368451,0.749339975089667,0.9490851734955893,0.7807245173303886,0.4943078024529744,0.2386363141888177,4,50.10786540003177,6.582459191491431,1,1,1,1.0,1,1.0,0,299,cvc-colondb,unet_pvt,polypseg/runs_cv/unet_pvt_seed42_fold2/best.pth,True
0.8527905185950223,0.7433607657693144,0.8339444735408987,0.8725080495932553,0.2614612680536637,0.14573020766859995,4,24.73863375370596,3.249810101408126,1,1,1,1.0,1,1.0,0,3,cvc-colondb,unet_pvt,polypseg/runs_cv/unet_pvt_seed42_fold2/best.pth,True
0.6900551903515658,0.5267818806326385,0.5308848983095473,0.9855407169295557,0.3541267635290359,0.27077359179646315,4,107.0,14.056139248133618,1,1,1,1.0,1,1.0,0,30,cvc-colondb,unet_pvt,polypseg/runs_cv/unet_pvt_seed42_fold2/best.pth,True
0.8372889321533543,0.7201177965081411,0.927763725629164,0.7628922738070417,0.5532147531840408,0.2570909983572715,4,71.16118022180497,9.348144469712361,1,1,1,1.0,1,1.0,0,300,cvc-colondb,unet_pvt,polypseg/runs_cv/unet_pvt_seed42_fold2/best.pth,True
0.5297593654701855,0.36032153718809673,0.9801508419054602,0.3629700998112424,0.11273554602560089,0.07355521394576796,4,162.35685761809552,21.32813643522761,1,1,1,1.0,0,0.0,0,301,cvc-colondb,unet_pvt,polypseg/runs_cv/unet_pvt_seed42_fold2/best.pth,True
0.5736864125909892,0.4022161869979287,0.9999999999983611,0.4022161869979287,0.0,0.0,4,135.95732041968353,17.860140445067213,1,1,1,1.0,0,0.0,0,302,cvc-colondb,unet_pvt,polypseg/runs_cv/unet_pvt_seed42_fold2/best.pth,True
0.5028604489929809,0.3358808126167948,0.9999999999980163,0.3358808126167948,0.0,0.0,4,126.61653868821493,16.63308129830137,1,1,1,1.0,0,0.0,0,303,cvc-colondb,unet_pvt,polypseg/runs_cv/unet_pvt_seed42_fold2/best.pth,True
0.30814625830046366,0.18213528197237555,0.9999999999961311,0.18213528197237555,0.0026961114870342195,0.0,4,216.22673285234646,28.40479501066888,1,1,0,0.0,0,0.0,1,304,cvc-colondb,unet_pvt,polypseg/runs_cv/unet_pvt_seed42_fold2/best.pth,True
0.33414548407800637,0.20058503361745744,0.9906918238958106,0.20096377461365106,0.02954773345215066,0.013875720745534892,4,222.3168906349171,29.204833382957826,1,1,0,0.0,0,0.0,1,305,cvc-colondb,unet_pvt,polypseg/runs_cv/unet_pvt_seed42_fold2/best.pth,True
0.577459586569951,0.4059354526017102,0.9880764288251531,0.40793376066482173,0.07168498006594023,0.029309315016360256,4,152.6044909764061,20.047009112662753,1,1,1,1.0,0,0.0,0,306,cvc-colondb,unet_pvt,polypseg/runs_cv/unet_pvt_seed42_fold2/best.pth,True
0.7713382973546541,0.627787368723172,0.983454156178899,0.6344888587311016,0.13481544247228347,0.08166373796043773,4,92.72000862812729,12.180236937991662,1,1,1,1.0,1,1.0,0,307,cvc-colondb,unet_pvt,polypseg/runs_cv/unet_pvt_seed42_fold2/best.pth,True
0.7074066645650798,0.5472770477553623,0.9887545054049038,0.5507048536754544,0.07902084416249183,0.03961830359754357,4,145.6066618986555,19.12773378601321,1,1,1,1.0,1,1.0,0,308,cvc-colondb,unet_pvt,polypseg/runs_cv/unet_pvt_seed42_fold2/best.pth,True
0.6573741640260901,0.48961828858987055,0.9743903166150665,0.49600109267980513,0.0745191427537913,0.04143121817188525,4,117.15139732528878,15.389685550632594,1,1,1,1.0,0,0.0,0,309,cvc-colondb,unet_pvt,polypseg/runs_cv/unet_pvt_seed42_fold2/best.pth,True
0.9468346879392034,0.899037099965314,0.899355478426947,0.999606392182952,0.6545130079737347,0.4205028305397002,4,7.0710678118654755,0.9288963906222114,1,1,1,1.0,1,1.0,0,31,cvc-colondb,unet_pvt,polypseg/runs_cv/unet_pvt_seed42_fold2/best.pth,True
0.8003690317543226,0.6671793684392546,0.9988115379845675,0.6677094367934169,0.20024020760520697,0.16505052744638968,4,136.0,17.865747081739926,1,1,1,1.0,1,1.0,0,310,cvc-colondb,unet_pvt,polypseg/runs_cv/unet_pvt_seed42_fold2/best.pth,True
0.8863887217720354,0.7959588225278238,0.981710388246609,0.8079397566423931,0.20443700873815615,0.12386126252707172,4,45.18572758116153,5.935858681392881,1,1,1,1.0,1,1.0,0,311,cvc-colondb,unet_pvt,polypseg/runs_cv/unet_pvt_seed42_fold2/best.pth,True
0.7823910978418877,0.6425635493097689,0.9969014552080494,0.6438494456499478,0.22443371840843288,0.12087941272200321,4,106.32262153795565,13.967154893122574,1,1,1,1.0,1,1.0,0,312,cvc-colondb,unet_pvt,polypseg/runs_cv/unet_pvt_seed42_fold2/best.pth,True
0.6739489162672866,0.5082375215668024,0.5946742655001075,0.7776103538087656,0.16020532619831188,0.08623584359088417,4,186.28175970116584,24.471050035018248,1,1,1,1.0,1,1.0,0,313,cvc-colondb,unet_pvt,polypseg/runs_cv/unet_pvt_seed42_fold2/best.pth,True
0.6582407979705036,0.4905804238009863,0.9999999999978414,0.4905804238009863,0.0,0.0,4,146.4137971640651,19.233763745664394,1,1,1,1.0,0,0.0,0,314,cvc-colondb,unet_pvt,polypseg/runs_cv/unet_pvt_seed42_fold2/best.pth,True
0.8996537164720849,0.8176096288412296,0.981069263637449,0.8307155078102394,0.14976507390482016,0.07475793306474567,4,72.80348731537796,9.563887434155909,1,1,1,1.0,1,1.0,0,315,cvc-colondb,unet_pvt,polypseg/runs_cv/unet_pvt_seed42_fold2/best.pth,True
0.6882511589745234,0.5246821170708823,0.9619901327184976,0.5357896162692575,0.24237731527695605,0.12289306148913434,4,93.28154621615927,12.25400376537894,1,2,1,1.0,1,1.0,1,316,cvc-colondb,unet_pvt,polypseg/runs_cv/unet_pvt_seed42_fold2/best.pth,True
0.5158877909840439,0.3476069988846089,0.9076199540873757,0.3603565553723821,0.019904412050420227,0.010350271923132178,4,162.6783616848327,21.370371070095825,1,1,1,1.0,0,0.0,0,317,cvc-colondb,unet_pvt,polypseg/runs_cv/unet_pvt_seed42_fold2/best.pth,True
0.35959011380728817,0.21920747785900888,0.999999999995852,0.21920747785900888,0.0025104175642839005,0.0,4,154.35397016876792,20.27683082424733,1,1,0,0.0,0,0.0,1,318,cvc-colondb,unet_pvt,polypseg/runs_cv/unet_pvt_seed42_fold2/best.pth,True
0.7267978558832056,0.5708424693137607,0.9972948424275387,0.5717277368372876,0.08158605378971433,0.06438674059002862,4,77.68041308604255,10.204548627943504,1,1,1,1.0,1,1.0,0,319,cvc-colondb,unet_pvt,polypseg/runs_cv/unet_pvt_seed42_fold2/best.pth,True
0.9574409614697663,0.9183565880542707,0.9232236865317344,0.9942922374391389,0.5724437123030345,0.23650161287861096,4,6.708203932499369,0.8812284914026979,1,1,1,1.0,1,1.0,0,32,cvc-colondb,unet_pvt,polypseg/runs_cv/unet_pvt_seed42_fold2/best.pth,True
0.6611072984657252,0.49377167991740023,0.9834520417830402,0.497908503016446,0.061290274795855415,0.03337819070511984,4,81.32035415564789,10.682712352517086,1,1,1,1.0,0,0.0,0,320,cvc-colondb,unet_pvt,polypseg/runs_cv/unet_pvt_seed42_fold2/best.pth,True
0.9704353949631077,0.9425687229489929,0.982725126640212,0.958449251725635,0.5096318658864969,0.30508349948745,4,8.94427190999916,1.1749713218702638,1,1,1,1.0,1,1.0,0,321,cvc-colondb,unet_pvt,polypseg/runs_cv/unet_pvt_seed42_fold2/best.pth,True
0.9828742063517761,0.966325121720103,0.9806489675508993,0.985109566917321,0.681205843989269,0.4888116287050995,4,10.0,1.3136578736573477,1,1,1,1.0,1,1.0,0,322,cvc-colondb,unet_pvt,polypseg/runs_cv/unet_pvt_seed42_fold2/best.pth,True
0.8243974042022645,0.7012551751324165,0.7302758930833836,0.9463702014431188,0.35859888911867827,0.21087307036759156,4,211.02618320894052,27.72162071202827,1,5,1,1.0,1,1.0,4,323,cvc-colondb,unet_pvt,polypseg/runs_cv/unet_pvt_seed42_fold2/best.pth,True
0.0,0.0,0.0,0.0,0.0,0.0,4,209.78319025070658,27.558333963379802,1,2,0,0.0,0,0.0,2,324,cvc-colondb,unet_pvt,polypseg/runs_cv/unet_pvt_seed42_fold2/best.pth,True
0.9290693455043553,0.8675345519378198,0.9161738671872459,0.9423330233981436,0.4978975770056034,0.18975534503753388,4,331.7922267140273,43.586147104118574,1,2,1,1.0,1,1.0,1,325,cvc-colondb,unet_pvt,polypseg/runs_cv/unet_pvt_seed42_fold2/best.pth,True
0.8473617477803108,0.7351497715337025,0.7482688531354459,0.97670653835557,0.6108014643754203,0.3748738180601086,4,124.17648681388862,16.31254196261726,1,2,1,1.0,1,1.0,1,326,cvc-colondb,unet_pvt,polypseg/runs_cv/unet_pvt_seed42_fold2/best.pth,True
0.9501461436911298,0.9050270549385818,0.9533822138104224,0.9469319676730245,0.5756621368331518,0.40735221451001963,4,18.16577720212276,2.3863616252673707,1,1,1,1.0,1,1.0,0,327,cvc-colondb,unet_pvt,polypseg/runs_cv/unet_pvt_seed42_fold2/best.pth,True
0.9530135975217408,0.9102444838499517,0.9212380658150239,0.9870594540051273,0.4248366274268499,0.3087416149495833,4,17.0,2.2332183852174907,1,1,1,1.0,1,1.0,0,328,cvc-colondb,unet_pvt,polypseg/runs_cv/unet_pvt_seed42_fold2/best.pth,True
0.9620107478323179,0.926802224419285,0.9342125625446047,0.9915139791207542,0.6410744998477639,0.5297471972041701,4,14.142135623730951,1.8577927812444228,1,1,1,1.0,1,1.0,0,329,cvc-colondb,unet_pvt,polypseg/runs_cv/unet_pvt_seed42_fold2/best.pth,True
0.9566346057810875,0.9168740031839433,0.9208688408988218,0.9952908587188691,0.8036578612328336,0.423168127574774,4,6.708203932499369,0.8812284914026979,1,1,1,1.0,1,1.0,0,33,cvc-colondb,unet_pvt,polypseg/runs_cv/unet_pvt_seed42_fold2/best.pth,True
0.9493026944423735,0.9034977908680932,0.9371127426167504,0.9618139594123036,0.41574901140971565,0.2412715016223074,4,28.166468154951097,3.7001102664870453,1,1,1,1.0,1,1.0,0,330,cvc-colondb,unet_pvt,polypseg/runs_cv/unet_pvt_seed42_fold2/best.pth,True
0.9735997840261594,0.9485576570172634,0.98852582327092,0.9591177853084298,0.722350433385405,0.35104346667885167,4,10.22172260574025,1.342784638337198,1,1,1,1.0,1,1.0,0,331,cvc-colondb,unet_pvt,polypseg/runs_cv/unet_pvt_seed42_fold2/best.pth,True
0.9807035361458353,0.962137681158628,0.9949165098468185,0.9668909245873017,0.7231228934704866,0.44979574497896274,4,9.848857801796104,1.2938029597861047,1,1,1,1.0,1,1.0,0,332,cvc-colondb,unet_pvt,polypseg/runs_cv/unet_pvt_seed42_fold2/best.pth,True
0.9748255943628907,0.9508875650841785,0.97145572724894,0.978218922213337,0.7080566648664302,0.45818853083677685,4,7.0,0.9195605115601433,1,1,1,1.0,1,1.0,0,333,cvc-colondb,unet_pvt,polypseg/runs_cv/unet_pvt_seed42_fold2/best.pth,True
0.9762229267273739,0.9535502915754503,0.9723767504301785,0.9800996504782031,0.6878444735236642,0.4254514276499499,4,7.810249675906654,1.0259995981984522,1,1,1,1.0,1,1.0,0,334,cvc-colondb,unet_pvt,polypseg/runs_cv/unet_pvt_seed42_fold2/best.pth,True
0.9831873938122033,0.9669307676055866,0.9866782833525508,0.9797211188724014,0.7866695306303357,0.4483128216160182,4,6.336340657901162,0.8323783795427039,1,1,1,1.0,1,1.0,0,335,cvc-colondb,unet_pvt,polypseg/runs_cv/unet_pvt_seed42_fold2/best.pth,True
0.9713591846106737,0.9443132822247848,0.9637727002074987,0.9790660529813352,0.5658258075557993,0.3535946458299119,4,13.0,1.7077552357545518,1,1,1,1.0,1,1.0,0,336,cvc-colondb,unet_pvt,polypseg/runs_cv/unet_pvt_seed42_fold2/best.pth,True
0.9046359729060262,0.8258770148824828,0.9679178133201929,0.8491209918217759,0.38653338988594405,0.220791118420501,4,72.0,9.458336690332903,1,1,1,1.0,1,1.0,0,337,cvc-colondb,unet_pvt,polypseg/runs_cv/unet_pvt_seed42_fold2/best.pth,True
0.9686315568088547,0.9391712178160337,0.9421113482737975,0.9966880874636614,0.49490825545515205,0.3268209488050101,4,17.08800749063506,2.2447795585188484,1,1,1,1.0,1,1.0,0,338,cvc-colondb,unet_pvt,polypseg/runs_cv/unet_pvt_seed42_fold2/best.pth,True
0.9667923135719921,0.9357192423861788,0.9821128284213424,0.9519424430545961,0.37855737885704643,0.1883727708667608,4,10.816653826391969,1.4209382465665685,1,1,1,1.0,1,1.0,0,339,cvc-colondb,unet_pvt,polypseg/runs_cv/unet_pvt_seed42_fold2/best.pth,True
0.9678297055031801,0.9376647542206147,0.9593844201123307,0.9764249959579286,0.8529858542202823,0.5938333819796557,4,5.385164807134504,0.7074264149834693,1,1,1,1.0,1,1.0,0,34,cvc-colondb,unet_pvt,polypseg/runs_cv/unet_pvt_seed42_fold2/best.pth,True
0.9687379973422772,0.9393713671653648,0.9653402602605562,0.9721597371401843,0.6249605525919318,0.3649810738234073,4,11.40175425099138,1.497800424532096,1,1,1,1.0,1,1.0,0,340,cvc-colondb,unet_pvt,polypseg/runs_cv/unet_pvt_seed42_fold2/best.pth,True
0.0,0.0,0.0,0.0,0.0,0.0,4,402.00093279108614,52.809169057860856,1,1,0,0.0,0,0.0,1,341,cvc-colondb,unet_pvt,polypseg/runs_cv/unet_pvt_seed42_fold2/best.pth,True
0.0,0.0,0.0,0.0,0.0,0.0,4,411.4407601176732,54.049239407214536,1,3,0,0.0,0,0.0,3,342,cvc-colondb,unet_pvt,polypseg/runs_cv/unet_pvt_seed42_fold2/best.pth,True
0.7827260458743378,0.6430155210513402,0.7015614690850768,0.8851276359354848,0.5059045323130681,0.3879983062473193,4,32.9560231123031,4.329293924591049,1,1,1,1.0,1,1.0,0,343,cvc-colondb,unet_pvt,polypseg/runs_cv/unet_pvt_seed42_fold2/best.pth,True
0.7861074705008374,0.6475923126614642,0.6539467945779777,0.985216819941353,0.5815484798055456,0.5183841451748622,4,20.12461179749811,2.6436854742080933,1,1,1,1.0,1,1.0,0,344,cvc-colondb,unet_pvt,polypseg/runs_cv/unet_pvt_seed42_fold2/best.pth,True
0.21619718309750402,0.12120015791483164,0.12220642593049641,0.9363834422249943,0.2863272954339026,0.15230533561196838,4,483.5953854385298,63.52788857456844,1,3,1,1.0,1,1.0,2,345,cvc-colondb,unet_pvt,polypseg/runs_cv/unet_pvt_seed42_fold2/best.pth,True
0.5410727228766545,0.3708702492310104,0.41426193118373783,0.7797701949724971,0.06526801627901808,0.035834218062913425,4,64.97998459167036,8.53614683889809,1,1,1,1.0,0,0.0,0,346,cvc-colondb,unet_pvt,polypseg/runs_cv/unet_pvt_seed42_fold2/best.pth,True
0.42304465993214424,0.2682667347535288,0.27462426486484587,0.9205607476501086,0.18884788327665541,0.10692636788613193,4,92.72806857207473,12.181295738874441,1,1,1,1.0,0,0.0,0,347,cvc-colondb,unet_pvt,polypseg/runs_cv/unet_pvt_seed42_fold2/best.pth,True
0.6977681985629022,0.5358248798661417,0.5513074049598845,0.9501988259619353,0.3728848868323436,0.21577577419148447,4,45.425616591889785,5.967371890167586,1,1,1,1.0,1,1.0,0,348,cvc-colondb,unet_pvt,polypseg/runs_cv/unet_pvt_seed42_fold2/best.pth,True
0.059618739097885294,0.030725270491515456,0.030807861316311098,0.9197501201124519,0.12361501777006255,0.07604942287777657,4,362.0192620434925,47.55694539990564,1,1,0,0.0,0,0.0,1,349,cvc-colondb,unet_pvt,polypseg/runs_cv/unet_pvt_seed42_fold2/best.pth,True
0.9060019395838763,0.8281568060909181,0.8281568060909181,0.9999999999960355,0.22348090942424406,0.04836582363797047,4,17.403777388090692,2.2862609197245045,1,1,1,1.0,1,1.0,0,35,cvc-colondb,unet_pvt,polypseg/runs_cv/unet_pvt_seed42_fold2/best.pth,True
0.08552172312680326,0.044671033440233536,0.04528286670513679,0.7677757520335512,0.09841247092818045,0.06806280128732384,4,252.41434190631878,33.158608766927344,1,1,0,0.0,0,0.0,1,350,cvc-colondb,unet_pvt,polypseg/runs_cv/unet_pvt_seed42_fold2/best.pth,True
0.08099824868629324,0.042208532968166186,0.043383947939135296,0.6090534979173229,0.06011063237496861,0.03335469032016412,4,294.07718885987794,38.63168146087975,1,1,0,0.0,0,0.0,1,351,cvc-colondb,unet_pvt,polypseg/runs_cv/unet_pvt_seed42_fold2/best.pth,True
0.0,0.0,0.0,0.0,0.0,0.0,4,155.89461656255753,20.479219050819683,1,1,0,0.0,0,0.0,1,352,cvc-colondb,unet_pvt,polypseg/runs_cv/unet_pvt_seed42_fold2/best.pth,True
0.0,0.0,0.0,0.0,0.0,0.0,4,151.87735975522884,19.951488947274594,1,1,0,0.0,0,0.0,1,353,cvc-colondb,unet_pvt,polypseg/runs_cv/unet_pvt_seed42_fold2/best.pth,True
0.0,0.0,0.0,0.0,0.0,0.0,4,64.41001464283504,8.46127228779453,1,1,0,0.0,0,0.0,1,354,cvc-colondb,unet_pvt,polypseg/runs_cv/unet_pvt_seed42_fold2/best.pth,True
0.0,0.0,0.0,0.0,0.0,0.0,4,242.27101146760998,31.826122177335538,1,1,0,0.0,0,0.0,1,355,cvc-colondb,unet_pvt,polypseg/runs_cv/unet_pvt_seed42_fold2/best.pth,True
0.0,0.0,0.0,0.0,0.0,0.0,4,,,1,0,0,0.0,0,0.0,0,356,cvc-colondb,unet_pvt,polypseg/runs_cv/unet_pvt_seed42_fold2/best.pth,True
0.0,0.0,0.0,0.0,0.0,0.0,4,147.6787053031005,19.399929399294106,1,1,0,0.0,0,0.0,1,357,cvc-colondb,unet_pvt,polypseg/runs_cv/unet_pvt_seed42_fold2/best.pth,True
0.0,0.0,0.0,0.0,0.0,0.0,4,156.40012787718558,20.545625942688087,1,1,0,0.0,0,0.0,1,358,cvc-colondb,unet_pvt,polypseg/runs_cv/unet_pvt_seed42_fold2/best.pth,True
0.0,0.0,0.0,0.0,0.0,0.0,4,258.4070422148966,33.945844561410546,1,1,0,0.0,0,0.0,1,359,cvc-colondb,unet_pvt,polypseg/runs_cv/unet_pvt_seed42_fold2/best.pth,True
0.9696322213590192,0.941054487008445,0.9958305902951732,0.9447769739189883,0.8761924489857018,0.5932094338999181,4,5.656854249492381,0.7431171124977691,1,1,1,1.0,1,1.0,0,36,cvc-colondb,unet_pvt,polypseg/runs_cv/unet_pvt_seed42_fold2/best.pth,True
0.0,0.0,0.0,0.0,0.0,0.0,4,347.30135575371,45.62351605177327,1,2,0,0.0,0,0.0,2,360,cvc-colondb,unet_pvt,polypseg/runs_cv/unet_pvt_seed42_fold2/best.pth,True
0.8235669128150477,0.7000541907451223,0.8557076617260354,0.7937532001966845,0.32933581242979876,0.17073165752382216,4,32.71608171184112,4.2977738335977245,1,1,1,1.0,1,1.0,0,361,cvc-colondb,unet_pvt,polypseg/runs_cv/unet_pvt_seed42_fold2/best.pth,True
0.7145527369778735,0.5558786871566692,0.7057892654529107,0.7235365688694939,0.3014400282215428,0.1625467425166619,4,45.54558056259975,5.9831310516354215,1,1,1,1.0,1,1.0,0,362,cvc-colondb,unet_pvt,polypseg/runs_cv/unet_pvt_seed42_fold2/best.pth,True
0.8602790315873996,0.7548154815345668,0.920931254097937,0.8071222329007292,0.6622823488518905,0.4672358596844592,4,27.375420361329333,3.596193650233995,1,1,1,1.0,1,1.0,0,363,cvc-colondb,unet_pvt,polypseg/runs_cv/unet_pvt_seed42_fold2/best.pth,True
0.809872029238119,0.6804915514418717,0.8955525606167267,0.7391546162197121,0.5520750490947431,0.3399501229879383,4,20.76757727168823,2.728149139974062,1,1,1,1.0,1,1.0,0,364,cvc-colondb,unet_pvt,polypseg/runs_cv/unet_pvt_seed42_fold2/best.pth,True
0.8323000619833804,0.7127687815048376,0.8884844473564367,0.7827988337964199,0.6229318790638037,0.3512544306882047,4,19.78379873277866,2.598914297616694,1,1,1,1.0,1,1.0,0,365,cvc-colondb,unet_pvt,polypseg/runs_cv/unet_pvt_seed42_fold2/best.pth,True
0.20073871848321528,0.11156729739329004,0.11558555642833425,0.762427569357657,0.24033512357834355,0.1651539425066366,4,244.14647130272053,32.07249343524765,1,2,1,1.0,1,1.0,1,366,cvc-colondb,unet_pvt,polypseg/runs_cv/unet_pvt_seed42_fold2/best.pth,True
0.7495386679961493,0.5994097128897395,0.8805675994922915,0.6524532710089821,0.3390311173937899,0.19714942827986992,4,19.362156705764722,2.543524960751524,1,1,1,1.0,1,1.0,0,367,cvc-colondb,unet_pvt,polypseg/runs_cv/unet_pvt_seed42_fold2/best.pth,True
0.8051559872818017,0.6738586616424684,0.8868312756836696,0.737256243560135,0.5017801474152785,0.26385483994148157,4,16.1245154965971,2.1182096741014695,1,1,1,1.0,1,1.0,0,368,cvc-colondb,unet_pvt,polypseg/runs_cv/unet_pvt_seed42_fold2/best.pth,True
0.7924187725452975,0.6562032884657623,0.8806419257331674,0.7202625102247637,0.5557573724613515,0.3270008847219338,4,15.367679810757737,2.018787358324696,1,1,1,1.0,1,1.0,0,369,cvc-colondb,unet_pvt,polypseg/runs_cv/unet_pvt_seed42_fold2/best.pth,True
0.9387899725368684,0.8846410684424895,0.9085038290038375,0.971165007019542,0.5965296891032568,0.1808622972470774,4,9.219544457292887,1.2111327167856758,1,1,1,1.0,1,1.0,0,37,cvc-colondb,unet_pvt,polypseg/runs_cv/unet_pvt_seed42_fold2/best.pth,True
0.7394331178334304,0.5865877711800163,0.8458475539905661,0.6568021201123321,0.4337972477476796,0.1971830491745589,4,15.0,1.9704868104860214,1,1,1,1.0,1,1.0,0,370,cvc-colondb,unet_pvt,polypseg/runs_cv/unet_pvt_seed42_fold2/best.pth,True
0.7756813416958467,0.6335616438046202,0.8063511830133031,0.7472590882430895,0.49840928244845295,0.2830400103097249,4,11.324259223769024,1.4876202292641023,1,1,1,1.0,1,1.0,0,371,cvc-colondb,unet_pvt,polypseg/runs_cv/unet_pvt_seed42_fold2/best.pth,True
0.6806282722303472,0.5158730158489322,0.7631215469086242,0.614230127814662,0.3116956359495714,0.20401041268797623,4,14.0,1.8391210231202866,1,1,1,1.0,1,1.0,0,372,cvc-colondb,unet_pvt,polypseg/runs_cv/unet_pvt_seed42_fold2/best.pth,True
0.6799181525670881,0.5150575730507061,0.8009641872726608,0.5906551548709672,0.33320106214540346,0.11562280058527757,4,15.214902245599955,1.9987176131859241,1,1,1,1.0,1,1.0,0,373,cvc-colondb,unet_pvt,polypseg/runs_cv/unet_pvt_seed42_fold2/best.pth,True
0.5503179127263689,0.37961282515488165,0.5026031237283699,0.6080426356294554,0.32563223193192614,0.1578476637093394,4,305.95794164063466,40.1924059044215,1,2,1,1.0,1,1.0,1,374,cvc-colondb,unet_pvt,polypseg/runs_cv/unet_pvt_seed42_fold2/best.pth,True
0.8358722358516985,0.7180244828738699,0.8445878847644196,0.8273346303099546,0.6541819353210514,0.20487442322851235,4,200.85,26.384818392407826,1,1,1,1.0,1,1.0,0,375,cvc-colondb,unet_pvt,polypseg/runs_cv/unet_pvt_seed42_fold2/best.pth,True
0.5462918850159395,0.3757920034875291,0.42658730157672153,0.7593818984212194,0.19351307314046093,0.1380518873874556,4,214.62804705274948,28.1947823918544,1,2,1,1.0,1,1.0,1,376,cvc-colondb,unet_pvt,polypseg/runs_cv/unet_pvt_seed42_fold2/best.pth,True
0.7076233183697842,0.5475364330136178,0.8180404354163794,0.6234689845664374,0.18033144461929984,0.1042671854749824,4,17.224959622726637,2.2627703831824744,1,1,1,1.0,1,1.0,0,377,cvc-colondb,unet_pvt,polypseg/runs_cv/unet_pvt_seed42_fold2/best.pth,True
0.7802271208911106,0.6396495070960333,0.8055172413422751,0.7564766839051608,0.4059395708671261,0.15873010986711003,4,15.363229029767307,2.018202677975496,1,1,1,1.0,1,1.0,0,378,cvc-colondb,unet_pvt,polypseg/runs_cv/unet_pvt_seed42_fold2/best.pth,True
0.7721590908871546,0.6288755205632173,0.8876551273097547,0.6832579185176844,0.4302936138990665,0.32951700322926536,4,13.967774724732852,1.83488772446174,1,1,1,1.0,1,1.0,0,379,cvc-colondb,unet_pvt,polypseg/runs_cv/unet_pvt_seed42_fold2/best.pth,True
0.9270994811993818,0.8641057255110421,0.869802978588001,0.9924768774572178,0.4103401189797122,0.16890331485617918,4,14.866068747318506,1.9528928260246379,1,1,1,1.0,1,1.0,0,38,cvc-colondb,unet_pvt,polypseg/runs_cv/unet_pvt_seed42_fold2/best.pth,True
0.0,0.0,0.0,0.0,0.0,0.0,4,345.29262542001,45.35963760988133,1,4,0,0.0,0,0.0,4,380,cvc-colondb,unet_pvt,polypseg/runs_cv/unet_pvt_seed42_fold2/best.pth,True
0.7870323172516359,0.6488485459632065,0.6488485459632065,0.9999999999740933,0.06791773374705494,0.0,4,13.601470508735444,1.7867678827118525,1,1,1,1.0,1,1.0,0,39,cvc-colondb,unet_pvt,polypseg/runs_cv/unet_pvt_seed42_fold2/best.pth,True
0.3355671095699296,0.2016104773579804,0.20686625988222213,0.8880848027633463,0.1521057567851964,0.08742415548796939,4,366.824208579532,48.18815098486273,1,2,1,1.0,1,1.0,1,4,cvc-colondb,unet_pvt,polypseg/runs_cv/unet_pvt_seed42_fold2/best.pth,True
0.9175534773679589,0.8476663356420291,0.8610914960066468,0.9819394915336254,0.480918421777285,0.27500088184784005,4,7.615773105863909,1.0004520304505997,1,1,1,1.0,1,1.0,0,40,cvc-colondb,unet_pvt,polypseg/runs_cv/unet_pvt_seed42_fold2/best.pth,True
0.8921000776205165,0.8052172038287677,0.8097560975521977,0.993086944948244,0.4919982094624456,0.28376844254662437,4,12.043667148532407,1.582125817737793,1,1,1,1.0,1,1.0,0,41,cvc-colondb,unet_pvt,polypseg/runs_cv/unet_pvt_seed42_fold2/best.pth,True
0.9033517182782914,0.8237387805505457,0.8330203442749137,0.9866543095275875,0.6645723583741353,0.5649932496626645,4,12.741480247377911,1.6737945849017561,1,1,1,1.0,1,1.0,0,42,cvc-colondb,unet_pvt,polypseg/runs_cv/unet_pvt_seed42_fold2/best.pth,True
0.9116665617269302,0.8376721045836205,0.8471799672262206,0.986779337590476,0.69921302202677,0.4298583623721013,4,12.165525060596439,1.5981337783028293,1,1,1,1.0,1,1.0,0,43,cvc-colondb,unet_pvt,polypseg/runs_cv/unet_pvt_seed42_fold2/best.pth,True
0.7794647452292915,0.6386253425966978,0.6386253425966978,0.9999999999669859,0.25807898965719495,0.06810437702748297,4,20.36843797404667,2.675715891870772,1,1,1,1.0,1,1.0,0,44,cvc-colondb,unet_pvt,polypseg/runs_cv/unet_pvt_seed42_fold2/best.pth,True
0.8585523517867715,0.7521609537946933,0.762962962957196,0.981524698551327,0.35651682756493974,0.21032933673697876,4,41.82161086386069,5.4939288400344255,1,2,1,1.0,1,1.0,1,45,cvc-colondb,unet_pvt,polypseg/runs_cv/unet_pvt_seed42_fold2/best.pth,True
0.8592351505230591,0.753209700419006,0.7580760947504417,0.9915492957591308,0.47301909420908195,0.2427916183188541,4,22.603971991192164,2.969388578215974,1,1,1,1.0,1,1.0,0,46,cvc-colondb,unet_pvt,polypseg/runs_cv/unet_pvt_seed42_fold2/best.pth,True
0.854703773255466,0.7462731067270979,0.7500749175794116,0.9932539682342608,0.45414327065355864,0.3585419957678289,4,18.843259207865067,2.475359582377826,1,1,1,1.0,1,1.0,0,47,cvc-colondb,unet_pvt,polypseg/runs_cv/unet_pvt_seed42_fold2/best.pth,True
0.8232121922577772,0.6995417413757766,0.7010782747533838,0.9968767745457571,0.317682685553811,0.11273204549390449,4,29.878816345166264,3.9250542347389517,1,1,1,1.0,1,1.0,0,48,cvc-colondb,unet_pvt,polypseg/runs_cv/unet_pvt_seed42_fold2/best.pth,True
0.9430069196857076,0.8921599746001256,0.9059629331111525,0.983209444678765,0.7262358577620805,0.37132953361719284,4,7.810249675906654,1.0259995981984522,1,1,1,1.0,1,1.0,0,49,cvc-colondb,unet_pvt,polypseg/runs_cv/unet_pvt_seed42_fold2/best.pth,True
0.9228466457958712,0.8567458312170699,0.9765298775957303,0.8747581581210531,0.6847058526251902,0.4652278884655973,4,8.0,1.050926298925878,1,1,1,1.0,1,1.0,0,5,cvc-colondb,unet_pvt,polypseg/runs_cv/unet_pvt_seed42_fold2/best.pth,True
0.8090316425376207,0.679305740969845,0.679305740969845,0.9999999999606919,0.4146901954766203,0.11804446510490793,4,14.7648230602334,1.939592606623318,1,1,1,1.0,1,1.0,0,50,cvc-colondb,unet_pvt,polypseg/runs_cv/unet_pvt_seed42_fold2/best.pth,True
0.7822206967430544,0.6423337091138012,0.6558273381106237,0.9689625849928163,0.3782733382064967,0.26616360318493565,4,17.09531631013222,2.245739687346806,1,1,1,1.0,1,1.0,0,51,cvc-colondb,unet_pvt,polypseg/runs_cv/unet_pvt_seed42_fold2/best.pth,True
0.916272945543209,0.845483133206897,0.8460878271943058,0.9991554053885278,0.7092460006712471,0.5363523672455833,4,10.770329614269007,1.4148528299669385,1,1,1,1.0,1,1.0,0,52,cvc-colondb,unet_pvt,polypseg/runs_cv/unet_pvt_seed42_fold2/best.pth,True
0.8033746898183287,0.6713669542025321,0.6713669542025321,0.9999999999752903,0.2037142357519143,0.09020613567464764,4,17.0,2.2332183852174907,1,1,1,1.0,1,1.0,0,53,cvc-colondb,unet_pvt,polypseg/runs_cv/unet_pvt_seed42_fold2/best.pth,True
0.8532118796768838,0.7440013238334602,0.7440013238334602,0.999999999977758,0.595300045269941,0.18732985631992702,4,18.20015653077772,2.3908778928452343,1,1,1,1.0,1,1.0,0,54,cvc-colondb,unet_pvt,polypseg/runs_cv/unet_pvt_seed42_fold2/best.pth,True
0.7996522171059539,0.6661837748206502,0.6699271591952148,0.9916820702097449,0.3351537622808657,0.2541208294835413,4,23.129946245729297,3.03848360029735,1,1,1,1.0,1,1.0,0,55,cvc-colondb,unet_pvt,polypseg/runs_cv/unet_pvt_seed42_fold2/best.pth,True
0.7109480122237193,0.5515278041269401,0.5515278041269401,0.9999999999655885,0.3711156652117609,0.137607317972613,4,35.73916610587707,4.694903695293322,1,1,1,1.0,1,1.0,0,56,cvc-colondb,unet_pvt,polypseg/runs_cv/unet_pvt_seed42_fold2/best.pth,True
0.911220402571053,0.8369190649079172,0.8789983370744497,0.9458947368321484,0.49451270325076285,0.1857285932168231,4,9.944722215136414,1.306396263924909,1,1,1,1.0,1,1.0,0,57,cvc-colondb,unet_pvt,polypseg/runs_cv/unet_pvt_seed42_fold2/best.pth,True
0.8931881652936691,0.8069918818049661,0.8296864425834296,0.9672159887713252,0.25136490348939267,0.1311287983472404,4,12.041594578792296,1.5818535529820132,1,1,1,1.0,1,1.0,0,58,cvc-colondb,unet_pvt,polypseg/runs_cv/unet_pvt_seed42_fold2/best.pth,True
0.905562742556763,0.8274231678408753,0.8417508417427441,0.979843225073014,0.43234646756573303,0.16558756229810104,4,9.380371963365674,1.2322599487509949,1,1,1,1.0,1,1.0,0,59,cvc-colondb,unet_pvt,polypseg/runs_cv/unet_pvt_seed42_fold2/best.pth,True
0.9403349616107786,0.8873888705813733,0.9074074073921312,0.9757422157679989,0.9020777572511057,0.5403984004778088,4,5.0,0.6568289368286738,1,1,1,1.0,1,1.0,0,6,cvc-colondb,unet_pvt,polypseg/runs_cv/unet_pvt_seed42_fold2/best.pth,True
0.8561603623177374,0.7484968470340446,0.7484968470340446,0.9999999999804076,0.23046427617251358,0.005697955952090543,4,10.0,1.3136578736573477,1,1,1,1.0,1,1.0,0,60,cvc-colondb,unet_pvt,polypseg/runs_cv/unet_pvt_seed42_fold2/best.pth,True
0.7400232983832916,0.5873309382893738,0.5965015828695793,0.9744915848441926,0.6364828962397816,0.4939548462147354,4,343.5127362995439,45.1258210741476,1,3,1,1.0,1,1.0,2,61,cvc-colondb,unet_pvt,polypseg/runs_cv/unet_pvt_seed42_fold2/best.pth,True
0.9718853488626563,0.9453083348121883,0.954275334691646,0.9901575261163177,0.7005263722738099,0.4759960359508136,4,7.810249675906654,1.0259995981984522,1,1,1,1.0,1,1.0,0,62,cvc-colondb,unet_pvt,polypseg/runs_cv/unet_pvt_seed42_fold2/best.pth,True
0.9437821184925584,0.893548703365622,0.9012138142421665,0.9905711646079274,0.43809032574061424,0.247703802225339,4,221.40065428083435,29.08447127289064,1,2,1,1.0,1,1.0,1,63,cvc-colondb,unet_pvt,polypseg/runs_cv/unet_pvt_seed42_fold2/best.pth,True
0.9273969860728498,0.8646227672597584,0.8715702346057037,0.9908649292689167,0.36578250523413786,0.15164579150588506,4,16.01492097808277,2.103812703885866,1,1,1,1.0,1,1.0,0,64,cvc-colondb,unet_pvt,polypseg/runs_cv/unet_pvt_seed42_fold2/best.pth,True
0.9079659225158448,0.8314446785466902,0.8443544889378506,0.9819429032550457,0.31659620345676476,0.19835206006845174,4,20.12461179749811,2.6436854742080933,1,1,1,1.0,1,1.0,0,65,cvc-colondb,unet_pvt,polypseg/runs_cv/unet_pvt_seed42_fold2/best.pth,True
0.9306760665199506,0.8703406305431901,0.8726640959325705,0.9969501863726729,0.5066469219438487,0.31438104298345493,4,13.038404810405298,1.7128003139120755,1,1,1,1.0,1,1.0,0,66,cvc-colondb,unet_pvt,polypseg/runs_cv/unet_pvt_seed42_fold2/best.pth,True
0.9559634537795814,0.9156417533852852,0.9173775671357695,0.9979377899925649,0.7156325134876994,0.58829808030694,4,320.3938394551183,42.088788987152434,1,2,1,1.0,1,1.0,1,67,cvc-colondb,unet_pvt,polypseg/runs_cv/unet_pvt_seed42_fold2/best.pth,True
0.935898741046741,0.8795203775694909,0.8922101449217636,0.9840862056591444,0.6884025531251787,0.40463459544520614,4,359.7850041344128,47.26344035050127,1,2,1,1.0,1,1.0,1,68,cvc-colondb,unet_pvt,polypseg/runs_cv/unet_pvt_seed42_fold2/best.pth,True
0.9198217066703194,0.8515461867271398,0.8673283370380055,0.9790785412029371,0.5657950636046453,0.3214038118815078,4,9.219544457292887,1.2111327167856758,1,1,1,1.0,1,1.0,0,69,cvc-colondb,unet_pvt,polypseg/runs_cv/unet_pvt_seed42_fold2/best.pth,True
0.9683804852328248,0.9386992698091577,0.9747839886973235,0.9620605638537755,0.9999999500000026,0.8492113318803262,4,2.9914213562373075,0.39297042180478803,1,1,1,1.0,1,1.0,0,7,cvc-colondb,unet_pvt,polypseg/runs_cv/unet_pvt_seed42_fold2/best.pth,True
0.8785379568802386,0.7833862610599468,0.7925262089822028,0.9854920100717938,0.4528468923129842,0.36450481881470054,4,13.089948542807571,1.719571396902869,1,1,1,1.0,1,1.0,0,70,cvc-colondb,unet_pvt,polypseg/runs_cv/unet_pvt_seed42_fold2/best.pth,True
0.7327531309648853,0.5782244556049332,0.5860780984653527,0.9773499433564109,0.5140158556451688,0.3095152304526187,4,297.7973646435392,39.12038528183935,1,2,1,1.0,1,1.0,1,71,cvc-colondb,unet_pvt,polypseg/runs_cv/unet_pvt_seed42_fold2/best.pth,True
0.9619944088591917,0.9267718951320125,0.9387409786217109,0.9864291157117949,0.6767638716806404,0.485221354242993,4,9.486832980505138,1.2462452840912777,1,1,1,1.0,1,1.0,0,72,cvc-colondb,unet_pvt,polypseg/runs_cv/unet_pvt_seed42_fold2/best.pth,True
0.9208555811793597,0.8533200608920639,0.8850895839606129,0.9596338732980401,0.5135500556806032,0.29916366367826236,4,17.0,2.2332183852174907,1,1,1,1.0,1,1.0,0,73,cvc-colondb,unet_pvt,polypseg/runs_cv/unet_pvt_seed42_fold2/best.pth,True
0.9279279279174782,0.8655462184692112,0.9417142856927608,0.9145394006456262,0.8706248180773217,0.6043061438628522,4,12.328558513601674,1.6195507962238165,1,1,1,1.0,1,1.0,0,74,cvc-colondb,unet_pvt,polypseg/runs_cv/unet_pvt_seed42_fold2/best.pth,True
0.9141854893888728,0.8419352296870146,0.9962239522586536,0.8446306470066612,0.43452423092038617,0.34488566491946554,4,32.338647112243265,4.248191840242481,1,1,1,1.0,1,1.0,0,75,cvc-colondb,unet_pvt,polypseg/runs_cv/unet_pvt_seed42_fold2/best.pth,True
0.9598635311296214,0.9228246099014908,0.9469179728774549,0.973167959673009,0.7090836834744648,0.49227120228193677,4,7.211102550927978,0.9472921643777122,1,1,1,1.0,1,1.0,0,76,cvc-colondb,unet_pvt,polypseg/runs_cv/unet_pvt_seed42_fold2/best.pth,True
0.8830045523453489,0.7905175927076414,0.9089347078895824,0.8585128356320668,0.6887995156265266,0.30135217181029667,4,15.811388300841896,2.0770754734854626,1,1,1,1.0,1,1.0,0,77,cvc-colondb,unet_pvt,polypseg/runs_cv/unet_pvt_seed42_fold2/best.pth,True
0.7730220492810705,0.6300211416416488,0.9063872929890776,0.6738693467252027,0.4935114752718599,0.2697031627626939,4,45.64033852749295,5.9955790063027905,1,1,1,1.0,1,1.0,0,78,cvc-colondb,unet_pvt,polypseg/runs_cv/unet_pvt_seed42_fold2/best.pth,True
0.8776788657997836,0.7820211515710532,0.9147766322814485,0.8434727502990395,0.6788191905162743,0.3884854807026994,4,19.714204361412687,2.5897719782259796,1,1,1,1.0,1,1.0,0,79,cvc-colondb,unet_pvt,polypseg/runs_cv/unet_pvt_seed42_fold2/best.pth,True
0.8961693548311813,0.8118721461063643,0.8742829044275646,0.9191797346041845,0.5389764129681996,0.4496755447507607,4,9.899494936611665,1.300454946871096,1,1,1,1.0,1,1.0,0,8,cvc-colondb,unet_pvt,polypseg/runs_cv/unet_pvt_seed42_fold2/best.pth,True
0.83163008877816,0.7117866360564443,0.8097879281954392,0.8546831955628553,0.5032583062147116,0.2607003391239933,4,14.12965104201689,1.8561527343376232,1,1,1,1.0,1,1.0,0,80,cvc-colondb,unet_pvt,polypseg/runs_cv/unet_pvt_seed42_fold2/best.pth,True
0.8179195655724093,0.6919322422999733,0.8139142181420496,0.8219645293034801,0.5092065445304423,0.15686882690705686,4,13.536518897583166,1.7782354631721604,1,1,1,1.0,1,1.0,0,81,cvc-colondb,unet_pvt,polypseg/runs_cv/unet_pvt_seed42_fold2/best.pth,True
0.8167147952978305,0.6902095894145791,0.8625762468294734,0.7754838709427264,0.5795087033773485,0.237539717147401,4,15.231546211727817,2.0009040609011994,1,1,1,1.0,1,1.0,0,82,cvc-colondb,unet_pvt,polypseg/runs_cv/unet_pvt_seed42_fold2/best.pth,True
0.8295805739331219,0.7087891361482916,0.7486055776594182,0.9301980197559307,0.5425709015861205,0.3134385330136494,4,8.16343217491377,1.07239569526432,1,1,1,1.0,1,1.0,0,83,cvc-colondb,unet_pvt,polypseg/runs_cv/unet_pvt_seed42_fold2/best.pth,True
0.8428049185635959,0.728317059140485,0.8361358390756303,0.8495812395025266,0.5705457244083518,0.2525803632260748,4,14.303713452493442,1.8790185799406531,1,1,1,1.0,1,1.0,0,84,cvc-colondb,unet_pvt,polypseg/runs_cv/unet_pvt_seed42_fold2/best.pth,True
0.8767123287515263,0.7804878048533264,0.819966722102497,0.9418960244288267,0.7696736123181901,0.292118490860054,4,7.0,0.9195605115601433,1,1,1,1.0,1,1.0,0,85,cvc-colondb,unet_pvt,polypseg/runs_cv/unet_pvt_seed42_fold2/best.pth,True
0.8757250834790697,0.7789243276804589,0.8306102033734375,0.9260223047982892,0.6332558411588984,0.39432115682187874,4,7.0,0.9195605115601433,1,1,1,1.0,1,1.0,0,86,cvc-colondb,unet_pvt,polypseg/runs_cv/unet_pvt_seed42_fold2/best.pth,True
0.8724356583201709,0.7737347006029198,0.7982935153311163,0.9617598683815066,0.7177454365709696,0.23981062590318034,4,6.383482008158826,0.8385711401367858,1,1,1,1.0,1,1.0,0,87,cvc-colondb,unet_pvt,polypseg/runs_cv/unet_pvt_seed42_fold2/best.pth,True
0.847882454605707,0.7359339834682695,0.7508610791905527,0.9736972704231416,0.5766703916762341,0.29397407207396314,4,8.08985077373906,1.0627296165635303,1,1,1,1.0,1,1.0,0,88,cvc-colondb,unet_pvt,polypseg/runs_cv/unet_pvt_seed42_fold2/best.pth,True
0.8181818181617154,0.6923076922789062,0.694908180271498,0.9946236558545625,0.4554608330450813,0.2279403145016018,4,8.924258501765074,1.1723422447397214,1,1,1,1.0,1,1.0,0,89,cvc-colondb,unet_pvt,polypseg/runs_cv/unet_pvt_seed42_fold2/best.pth,True
0.9316731995931775,0.8720863309227038,0.8892312206442308,0.9783696529301312,0.7354212926237167,0.5956803228195185,4,9.0,1.1822920862916129,1,1,1,1.0,1,1.0,0,9,cvc-colondb,unet_pvt,polypseg/runs_cv/unet_pvt_seed42_fold2/best.pth,True
0.846835953227593,0.7343586158429095,0.8499190938167509,0.84377510036772,0.5095133625129786,0.325648188785092,4,9.829667865928403,1.2912820587513463,1,1,1,1.0,1,1.0,0,90,cvc-colondb,unet_pvt,polypseg/runs_cv/unet_pvt_seed42_fold2/best.pth,True
0.692252681747503,0.5293474298020654,0.5293474298020654,0.9999999999311294,0.2709888409934051,0.11048977331227659,4,16.147661261522487,2.1212502357350753,1,1,1,1.0,1,1.0,0,91,cvc-colondb,unet_pvt,polypseg/runs_cv/unet_pvt_seed42_fold2/best.pth,True
0.8394366196968134,0.7233009708418667,0.7612633534249298,0.9355022830516265,0.6662085191289614,0.2409745783675861,4,7.0710678118654755,0.9288963906222114,1,1,1,1.0,1,1.0,0,92,cvc-colondb,unet_pvt,polypseg/runs_cv/unet_pvt_seed42_fold2/best.pth,True
0.8759432538396624,0.7792696025639229,0.9329189884069242,0.8255262658671435,0.5416963151007839,0.35944805421222487,4,15.708095202918702,2.0635062943473366,1,1,1,1.0,1,1.0,0,93,cvc-colondb,unet_pvt,polypseg/runs_cv/unet_pvt_seed42_fold2/best.pth,True
0.8110549132801471,0.6821634761263397,0.7938472418389729,0.8290251107522517,0.4132470061463922,0.18353277559438225,4,12.416771121498872,1.6311389149158169,1,1,1,1.0,1,1.0,0,94,cvc-colondb,unet_pvt,polypseg/runs_cv/unet_pvt_seed42_fold2/best.pth,True
0.9278028143021446,0.8653285297501231,0.9307990403961839,0.924825815897968,0.8584031260215207,0.5370957227397894,4,9.219544457292887,1.2111327167856758,1,1,1,1.0,1,1.0,0,95,cvc-colondb,unet_pvt,polypseg/runs_cv/unet_pvt_seed42_fold2/best.pth,True
0.8873902132929157,0.7975754158331326,0.9763589300953174,0.8132815868792111,0.5808835694347074,0.3768822191325777,4,14.375232284495135,1.8884137076180334,1,1,1,1.0,1,1.0,0,96,cvc-colondb,unet_pvt,polypseg/runs_cv/unet_pvt_seed42_fold2/best.pth,True
0.9138482247945999,0.841363284262721,0.8692381561960749,0.9632848527675899,0.6926003728395014,0.3944643314725902,4,8.040467536394056,1.0562423487070347,1,1,1,1.0,1,1.0,0,97,cvc-colondb,unet_pvt,polypseg/runs_cv/unet_pvt_seed42_fold2/best.pth,True
0.9401126699883737,0.886993025926691,0.8996017030565884,0.9844442774405617,0.688338868328819,0.42612593444314206,4,7.280109889280518,0.9563573677144073,1,1,1,1.0,1,1.0,0,98,cvc-colondb,unet_pvt,polypseg/runs_cv/unet_pvt_seed42_fold2/best.pth,True
0.9609557568571329,0.924845850596761,0.939421941573287,0.9834999462486106,0.832582042177195,0.5900022774627453,4,6.4031242374328485,0.841151457050986,1,1,1,1.0,1,1.0,0,99,cvc-colondb,unet_pvt,polypseg/runs_cv/unet_pvt_seed42_fold2/best.pth,True
0.7562866102552731,0.6080875356745187,0.9999999999843531,0.6080875356745187,0.3262273177404855,0.0,8,23.151613310183993,1.4840225899249884,1,1,1,1.0,1,1.0,0,1,etis-larib,unet_pvt,polypseg/runs_cv/unet_pvt_seed42_fold2/best.pth,True
0.8199828473378217,0.6948906170456073,0.7342754012692245,0.9283425575208433,0.6500161209770218,0.3018499988857884,8,41.17329219213246,2.639215457517553,1,1,1,1.0,1,1.0,0,10,etis-larib,unet_pvt,polypseg/runs_cv/unet_pvt_seed42_fold2/best.pth,True
0.505079924138089,0.3378641656456986,0.9999999999865898,0.3378641656456986,0.1464572383098109,0.0,8,63.98900580794986,4.1017068164345645,1,2,0,0.0,0,0.0,2,100,etis-larib,unet_pvt,polypseg/runs_cv/unet_pvt_seed42_fold2/best.pth,True
0.0,0.0,0.0,0.0,0.0,0.0,8,357.82201427265755,22.93645566892311,1,1,0,0.0,0,0.0,1,101,etis-larib,unet_pvt,polypseg/runs_cv/unet_pvt_seed42_fold2/best.pth,True
0.0,0.0,0.0,0.0,0.0,0.0,8,332.3544663996106,21.30398125570489,1,1,0,0.0,0,0.0,1,102,etis-larib,unet_pvt,polypseg/runs_cv/unet_pvt_seed42_fold2/best.pth,True
0.8931061786393882,0.8068580395015374,0.9850687401341837,0.8168481054019677,0.6517052236460904,0.26962460744964895,8,22.47220505424423,1.4404723981483907,1,1,1,1.0,1,1.0,0,103,etis-larib,unet_pvt,polypseg/runs_cv/unet_pvt_seed42_fold2/best.pth,True
0.0,0.0,0.0,0.0,0.0,0.0,8,333.504872156557,21.37772247226785,1,1,0,0.0,0,0.0,1,104,etis-larib,unet_pvt,polypseg/runs_cv/unet_pvt_seed42_fold2/best.pth,True
0.9201541742477548,0.8521162487309283,0.8529198404054652,0.9988955439435465,0.3468802902224505,0.12182365445953303,8,62.50750815236539,4.006742549437191,1,3,1,1.0,1,1.0,2,105,etis-larib,unet_pvt,polypseg/runs_cv/unet_pvt_seed42_fold2/best.pth,True
0.9053865396064775,0.8271290024891377,0.8271290024891377,0.9999999999989475,0.4001937936707192,0.03829248068693108,8,79.51100552753688,5.096669798757,1,2,1,1.0,1,1.0,1,106,etis-larib,unet_pvt,polypseg/runs_cv/unet_pvt_seed42_fold2/best.pth,True
0.8999999999995613,0.818181818181093,0.8183921495618094,0.9996859806596575,0.3843106055282189,0.10496178283837103,8,59.39696961966999,3.8073564683245817,1,2,1,1.0,1,1.0,1,107,etis-larib,unet_pvt,polypseg/runs_cv/unet_pvt_seed42_fold2/best.pth,True
0.8687442889871619,0.7679468757858081,0.7679780480274335,0.9999471475524032,0.3749738671266039,0.12443008568516195,8,73.65112984556534,4.721050710372669,1,2,1,1.0,1,1.0,1,108,etis-larib,unet_pvt,polypseg/runs_cv/unet_pvt_seed42_fold2/best.pth,True
0.9130829232691465,0.8400667749332341,0.8422292564892555,0.9969529264815485,0.392927739084949,0.0811434462620323,8,61.61168720299745,3.9493202649692103,1,2,1,1.0,1,1.0,1,109,etis-larib,unet_pvt,polypseg/runs_cv/unet_pvt_seed42_fold2/best.pth,True
0.6046107842162409,0.4332918567645977,0.4388126575158302,0.9717829457213677,0.45092423187208996,0.322869217273798,8,67.79036865253975,4.34537486057002,1,1,1,1.0,0,0.0,0,11,etis-larib,unet_pvt,polypseg/runs_cv/unet_pvt_seed42_fold2/best.pth,True
0.9585129310330482,0.9203310915648666,0.9206750812198594,0.9995941938473557,0.86281288625324,0.4027147394218325,8,9.848857801796104,0.6313135619103956,1,1,1,1.0,1,1.0,0,110,etis-larib,unet_pvt,polypseg/runs_cv/unet_pvt_seed42_fold2/best.pth,True
0.8904148378865326,0.8024754370277689,0.8095340255710771,0.9892512583866683,0.6100745081028708,0.27383120240880626,8,116.41047196980101,7.46193225467454,1,2,1,1.0,1,1.0,1,111,etis-larib,unet_pvt,polypseg/runs_cv/unet_pvt_seed42_fold2/best.pth,True
0.9296453689183884,0.868539586715261,0.873610462396667,0.9933613043656415,0.6867425304583411,0.43814599871759535,8,14.302048464317688,0.9167638867703928,1,1,1,1.0,1,1.0,0,112,etis-larib,unet_pvt,polypseg/runs_cv/unet_pvt_seed42_fold2/best.pth,True
0.9756703306808895,0.9524964080455018,0.956083246534254,0.9960767537218689,0.723152311856361,0.22951519311925173,8,13.0,0.8333023453073356,1,1,1,1.0,1,1.0,0,113,etis-larib,unet_pvt,polypseg/runs_cv/unet_pvt_seed42_fold2/best.pth,True
0.9748523839745314,0.9509385465422693,0.9564294407905742,0.9939989998328183,0.7642651203339221,0.18667959298680176,8,13.416407864998739,0.8599941645771717,1,1,1,1.0,1,1.0,0,114,etis-larib,unet_pvt,polypseg/runs_cv/unet_pvt_seed42_fold2/best.pth,True
0.974362341200555,0.9500064012285682,0.9618851519104977,0.987167482769231,0.7584347176191333,0.21594330428960581,8,15.297058540778355,0.9805442121795548,1,1,1,1.0,1,1.0,0,115,etis-larib,unet_pvt,polypseg/runs_cv/unet_pvt_seed42_fold2/best.pth,True
0.9772087031100777,0.9554331426964122,0.9634173954880405,0.9914005897983066,0.6999192129032856,0.26543346882746544,8,17.804493814764857,1.1412712656041157,1,1,1,1.0,1,1.0,0,116,etis-larib,unet_pvt,polypseg/runs_cv/unet_pvt_seed42_fold2/best.pth,True
0.9773245496506471,0.9556546500815937,0.9617548869856355,0.9934066159952549,0.7717091321008641,0.29842095887357817,8,13.0,0.8333023453073356,1,1,1,1.0,1,1.0,0,117,etis-larib,unet_pvt,polypseg/runs_cv/unet_pvt_seed42_fold2/best.pth,True
0.9730796927186898,0.9475707957269254,0.9559812459531797,0.990800915578925,0.7627070993637616,0.27679157017918976,8,18.436373284398986,1.181774853603937,1,1,1,1.0,1,1.0,0,118,etis-larib,unet_pvt,polypseg/runs_cv/unet_pvt_seed42_fold2/best.pth,True
0.9725475609421983,0.9465621219742759,0.9574766438608825,0.9881005051059119,0.6740166956908181,0.1812433792281896,8,17.46424919657298,1.119461524195078,1,1,1,1.0,1,1.0,0,119,etis-larib,unet_pvt,polypseg/runs_cv/unet_pvt_seed42_fold2/best.pth,True
0.7531393807005962,0.6040285249555609,0.6346785855091712,0.9259685462128311,0.5031444937806865,0.2616205748773436,8,209.13909104142854,13.405853466174367,1,2,1,1.0,1,1.0,1,12,etis-larib,unet_pvt,polypseg/runs_cv/unet_pvt_seed42_fold2/best.pth,True
0.9742016128514992,0.9497008623298487,0.980349635064231,0.9681302216913549,0.726804637104249,0.30018667841264024,8,23.685400834289865,1.5182384665198514,1,1,1,1.0,1,1.0,0,120,etis-larib,unet_pvt,polypseg/runs_cv/unet_pvt_seed42_fold2/best.pth,True
0.7758594439853358,0.6337993134638386,0.6372230280566337,0.9915940224082223,0.5566448813897649,0.298781376556996,8,38.8329756778952,2.489200746742522,1,1,1,1.0,1,1.0,0,121,etis-larib,unet_pvt,polypseg/runs_cv/unet_pvt_seed42_fold2/best.pth,True
0.8669675478148852,0.7651745068227225,0.816400874274942,0.9242118768243748,0.6694219673417487,0.30481278425574576,8,21.95449840010015,1.4072873082192001,1,1,1,1.0,1,1.0,0,122,etis-larib,unet_pvt,polypseg/runs_cv/unet_pvt_seed42_fold2/best.pth,True
0.8008583179304949,0.6678596281870179,0.6945822994138277,0.9455313159613578,0.6219154270255607,0.4229107823213197,8,28.0178514522438,1.7959493327405611,1,1,1,1.0,1,1.0,0,123,etis-larib,unet_pvt,polypseg/runs_cv/unet_pvt_seed42_fold2/best.pth,True
0.9774335725974993,0.9558631560791148,0.956310679610865,0.999510662407713,0.7373258251559972,0.30158254446042726,8,98.0,6.281817680009145,1,1,1,1.0,1,1.0,0,124,etis-larib,unet_pvt,polypseg/runs_cv/unet_pvt_seed42_fold2/best.pth,True
0.9743966616824314,0.9500716556567199,0.9544660957337682,0.9951773343332426,0.7455220237501796,0.28605316028167066,8,94.03456717237856,6.027632720361788,1,1,1,1.0,1,1.0,0,125,etis-larib,unet_pvt,polypseg/runs_cv/unet_pvt_seed42_fold2/best.pth,True
0.8240378438333702,0.7007350019830119,0.7092947267847519,0.9830697415106036,0.5842638407622917,0.19194591509237666,8,28.0178514522438,1.7959493327405611,1,1,1,1.0,1,1.0,0,126,etis-larib,unet_pvt,polypseg/runs_cv/unet_pvt_seed42_fold2/best.pth,True
0.9042982122445633,0.8253141706531603,0.8272670331907073,0.9971478902692966,0.6957372974049207,0.3953067588623196,8,17.0,1.089703066940362,1,1,1,1.0,1,1.0,0,127,etis-larib,unet_pvt,polypseg/runs_cv/unet_pvt_seed42_fold2/best.pth,True
0.8939688715904995,0.8082673702647486,0.8173732582190198,0.9864042933692736,0.7431043748019002,0.38931134746697466,8,13.601470508735444,0.8718567134275235,1,1,1,1.0,1,1.0,0,128,etis-larib,unet_pvt,polypseg/runs_cv/unet_pvt_seed42_fold2/best.pth,True
0.8928496759309384,0.8064394296968516,0.8174770290886535,0.9835329341204107,0.7734060660803714,0.26344671194488134,8,13.97493589701444,0.8957959121924467,1,1,1,1.0,1,1.0,0,129,etis-larib,unet_pvt,polypseg/runs_cv/unet_pvt_seed42_fold2/best.pth,True
0.9448656465654303,0.8954932075614791,0.931943322809389,0.9581513710510593,0.6655842333341898,0.19847642854432612,8,23.08679276123039,1.4798675810429,1,1,1,1.0,1,1.0,0,13,etis-larib,unet_pvt,polypseg/runs_cv/unet_pvt_seed42_fold2/best.pth,True
0.8863036699412876,0.7958216670199165,0.7987462170283992,0.9954202586117509,0.6165989605665381,0.3369956193046946,8,18.24828759089466,1.1697185267180974,1,1,1,1.0,1,1.0,0,130,etis-larib,unet_pvt,polypseg/runs_cv/unet_pvt_seed42_fold2/best.pth,True
0.8850704006792403,0.7938352351739922,0.7940009743141903,0.9997371188135319,0.5746949300364553,0.212890575171673,8,15.0,0.9615027061238487,1,1,1,1.0,1,1.0,0,131,etis-larib,unet_pvt,polypseg/runs_cv/unet_pvt_seed42_fold2/best.pth,True
0.8908434113350565,0.8031719059680621,0.8098229583018292,0.9898778359396174,0.672338999863771,0.29048485418228304,8,11.40175425099138,0.7308545044591539,1,1,1,1.0,1,1.0,0,132,etis-larib,unet_pvt,polypseg/runs_cv/unet_pvt_seed42_fold2/best.pth,True
0.944968786544539,0.8956785112068454,0.9174796097843676,0.974156082316871,0.8794632722190914,0.20819543059272846,8,13.892443989449804,0.8905081660353323,1,1,1,1.0,1,1.0,0,133,etis-larib,unet_pvt,polypseg/runs_cv/unet_pvt_seed42_fold2/best.pth,True
0.8035333428110274,0.6715885795755323,0.6848962278421908,0.9718818521820719,0.6193759401573765,0.31215728269761395,8,330.8594867812447,21.208152792460968,1,2,1,1.0,1,1.0,1,134,etis-larib,unet_pvt,polypseg/runs_cv/unet_pvt_seed42_fold2/best.pth,True
0.828607942439397,0.7073702925431762,0.7349286313960123,0.9496582401980073,0.6270119747984194,0.32739529213975016,8,29.0,1.858905231839441,1,1,1,1.0,1,1.0,0,135,etis-larib,unet_pvt,polypseg/runs_cv/unet_pvt_seed42_fold2/best.pth,True
0.9254341628511915,0.861216810415903,0.8701939507841973,0.9881630969971422,0.5995892724662623,0.43588938483509126,8,37.38776648316672,2.3965625766327556,1,1,1,1.0,1,1.0,0,136,etis-larib,unet_pvt,polypseg/runs_cv/unet_pvt_seed42_fold2/best.pth,True
0.8227503628432098,0.6988750192612148,0.7233085584844068,0.9538933995164112,0.6418169735649902,0.2545013368026206,8,325.7670172930317,20.881724579542976,1,2,1,1.0,1,1.0,1,137,etis-larib,unet_pvt,polypseg/runs_cv/unet_pvt_seed42_fold2/best.pth,True
0.8552743560991924,0.7471435279327974,0.8290924880518532,0.883163737272126,0.6782472077734393,0.033058760598026364,8,20.808652046684813,1.3338383502451339,1,1,1,1.0,1,1.0,0,138,etis-larib,unet_pvt,polypseg/runs_cv/unet_pvt_seed42_fold2/best.pth,True
0.9595660442031375,0.9222748247083221,0.9796931695144204,0.9402492668564256,0.9814542428260852,0.6012485827335317,8,7.0710678118654755,0.4532567224195931,1,1,1,1.0,1,1.0,0,139,etis-larib,unet_pvt,polypseg/runs_cv/unet_pvt_seed42_fold2/best.pth,True
0.9095604786158467,0.8341228108288783,0.9143221897231268,0.9048481077097312,0.567112349703186,0.2368797386269986,8,68.5123820939211,4.3916560524197505,1,1,1,1.0,1,1.0,0,14,etis-larib,unet_pvt,polypseg/runs_cv/unet_pvt_seed42_fold2/best.pth,True
0.9533747779708998,0.9109036911250665,0.995179382580929,0.9149407653548542,0.9718099022522843,0.6623802058584206,8,7.615773105863909,0.4881724300342251,1,1,1,1.0,1,1.0,0,140,etis-larib,unet_pvt,polypseg/runs_cv/unet_pvt_seed42_fold2/best.pth,True
0.8982580454626615,0.8153071068623077,0.9455494778599509,0.8554718254318358,0.8399066224727676,0.3576566818644053,8,13.386510344649775,0.8580777281290436,1,1,1,1.0,1,1.0,0,141,etis-larib,unet_pvt,polypseg/runs_cv/unet_pvt_seed42_fold2/best.pth,True
0.93719376391684,0.8818105616041084,0.9144418229174566,0.9611067606306375,0.8358117215866937,0.3982485486048466,8,9.899494936611665,0.6345594113874303,1,1,1,1.0,1,1.0,0,142,etis-larib,unet_pvt,polypseg/runs_cv/unet_pvt_seed42_fold2/best.pth,True
0.959701094206139,0.9225243714678166,0.9515241320864123,0.9680198126361148,0.9204957179289882,0.5428853087698008,8,17.369101137852184,1.1133625164655796,1,1,1,1.0,1,1.0,0,143,etis-larib,unet_pvt,polypseg/runs_cv/unet_pvt_seed42_fold2/best.pth,True
0.957097791795088,0.9177253478468377,0.945701639542761,0.9687719522257565,0.9999999500000026,0.46720218542121217,8,5.830951894845301,0.37376506841144935,1,1,1,1.0,1,1.0,0,144,etis-larib,unet_pvt,polypseg/runs_cv/unet_pvt_seed42_fold2/best.pth,True
0.9744182685335684,0.9501127395671265,0.983659177118064,0.9653493699839378,0.9999999500000026,0.6572944202132179,8,4.123105625617661,0.26429181444438965,1,1,1,1.0,1,1.0,0,145,etis-larib,unet_pvt,polypseg/runs_cv/unet_pvt_seed42_fold2/best.pth,True
0.8937863162807214,0.8079689570243425,0.8750512505035357,0.913341178978139,0.6948248495447914,0.4164988653337184,8,14.790134482004676,0.9480502885588762,1,1,1,1.0,1,1.0,0,146,etis-larib,unet_pvt,polypseg/runs_cv/unet_pvt_seed42_fold2/best.pth,True
0.9360269360246186,0.8797468354389438,0.8888053034891682,0.9885478219892875,0.8116805281802006,0.4903225307068563,8,15.231546211727817,0.9763448600684502,1,1,1,1.0,1,1.0,0,147,etis-larib,unet_pvt,polypseg/runs_cv/unet_pvt_seed42_fold2/best.pth,True
0.8050868869464499,0.6737618644832546,0.9794398907036923,0.6834278633016375,0.5237592082726562,0.07868341661754416,8,34.92849839314596,2.238923048390156,1,1,1,1.0,1,1.0,0,148,etis-larib,unet_pvt,polypseg/runs_cv/unet_pvt_seed42_fold2/best.pth,True
0.9447822398156647,0.8953433835785907,0.9328446771313588,0.9570292916926374,0.9999999500000026,0.3861722123659057,8,5.983095189484526,0.3835174810457302,1,1,1,1.0,1,1.0,0,149,etis-larib,unet_pvt,polypseg/runs_cv/unet_pvt_seed42_fold2/best.pth,True
0.8805385556912068,0.7865733654050869,0.8103706395342948,0.9640096827172439,0.4803035134968095,0.24213610987212827,8,68.48084106574358,4.389634266823309,1,1,1,1.0,1,1.0,0,15,etis-larib,unet_pvt,polypseg/runs_cv/unet_pvt_seed42_fold2/best.pth,True
0.9085598461608975,0.8324412868310461,0.9406801549699942,0.8785606593609839,0.6859251102903328,0.43626573034439126,8,252.47527914604888,16.183710941886673,1,2,1,1.0,1,1.0,1,150,etis-larib,unet_pvt,polypseg/runs_cv/unet_pvt_seed42_fold2/best.pth,True
0.865868988310136,0.7634646962170487,0.9750445632696335,0.7786802880524311,0.7033939100296357,0.3888743979483028,8,30.74496709152,1.9707579372123436,1,1,1,1.0,1,1.0,0,151,etis-larib,unet_pvt,polypseg/runs_cv/unet_pvt_seed42_fold2/best.pth,True
0.4747137934840796,0.311229323032054,0.9999999999765863,0.311229323032054,0.2563156198484441,0.017064805810298254,8,122.80362627643831,7.871734599107813,1,1,1,1.0,0,0.0,0,152,etis-larib,unet_pvt,polypseg/runs_cv/unet_pvt_seed42_fold2/best.pth,True
0.8960666840306328,0.8117036337867872,0.82066662122275,0.9867234879487513,0.5025512441732799,0.2213693316536064,8,22.80350850198276,1.4617090089183078,1,1,1,1.0,1,1.0,0,153,etis-larib,unet_pvt,polypseg/runs_cv/unet_pvt_seed42_fold2/best.pth,True
0.01934565603384569,0.009767305483049125,0.010213724189230245,0.1826516853916166,0.0,0.0,8,568.8075244167388,36.46066493268677,1,4,0,0.0,0,0.0,4,154,etis-larib,unet_pvt,polypseg/runs_cv/unet_pvt_seed42_fold2/best.pth,True
0.9364144614214526,0.8804317353477225,0.8992125984209056,0.9768273716901149,0.7905531454037072,0.33044410637734856,8,14.575512226998896,0.934292963293379,1,1,1,1.0,1,1.0,0,155,etis-larib,unet_pvt,polypseg/runs_cv/unet_pvt_seed42_fold2/best.pth,True
0.0,0.0,0.0,0.0,0.06849589462721455,0.015614268549494471,8,511.4394877884102,32.783363435143436,1,1,0,0.0,0,0.0,1,156,etis-larib,unet_pvt,polypseg/runs_cv/unet_pvt_seed42_fold2/best.pth,True
0.0,0.0,0.0,0.0,0.0,0.0,8,563.8993704381496,36.1460513771877,1,1,0,0.0,0,0.0,1,157,etis-larib,unet_pvt,polypseg/runs_cv/unet_pvt_seed42_fold2/best.pth,True
0.9028740660937509,0.8229447852710249,0.8404235323548623,0.9753508325385345,0.798519571867905,0.3937921605507564,8,621.8352842124443,39.85975390223719,1,2,1,1.0,1,1.0,1,158,etis-larib,unet_pvt,polypseg/runs_cv/unet_pvt_seed42_fold2/best.pth,True
0.9622541372481366,0.9272541301166549,0.9401634192317093,0.9854079515119315,0.867312847527762,0.38030469838582603,8,20.518284528683193,1.3152257399565326,1,1,1,1.0,1,1.0,0,159,etis-larib,unet_pvt,polypseg/runs_cv/unet_pvt_seed42_fold2/best.pth,True
0.9058756777199299,0.8279458369339194,0.9045884596005966,0.9071665644495588,0.5242483241892076,0.1437220301859329,8,50.009499050189945,3.2056179112437118,1,1,1,1.0,1,1.0,0,16,etis-larib,unet_pvt,polypseg/runs_cv/unet_pvt_seed42_fold2/best.pth,True
0.9244623115570456,0.8595350227990438,0.8656698438498657,0.9918225105220623,0.5778697874077111,0.242077219342989,8,547.4827836575112,35.09374520286097,1,3,1,1.0,1,1.0,2,160,etis-larib,unet_pvt,polypseg/runs_cv/unet_pvt_seed42_fold2/best.pth,True
0.2725641225712668,0.1577853778149931,0.1608465515652868,0.8923653350180225,0.39795544154782786,0.11540018263857027,8,801.7225178822675,51.390558033615065,1,2,1,1.0,1,1.0,1,161,etis-larib,unet_pvt,polypseg/runs_cv/unet_pvt_seed42_fold2/best.pth,True
0.9655382298991971,0.9333725593407965,0.9507736471018584,0.9807686049901064,0.8544145998971391,0.24956981929168062,8,10.039607805437123,0.6435406715566605,1,1,1,1.0,1,1.0,0,162,etis-larib,unet_pvt,polypseg/runs_cv/unet_pvt_seed42_fold2/best.pth,True
0.9640565446028818,0.9306073025320873,0.9503923900103838,0.9781193401521071,0.8336655269084183,0.3061161951419852,8,12.041594578792296,0.7718683849036706,1,1,1,1.0,1,1.0,0,163,etis-larib,unet_pvt,polypseg/runs_cv/unet_pvt_seed42_fold2/best.pth,True
0.5160812050055648,0.34778264602241943,0.35341942374053037,0.9561510601046755,0.41471919971889976,0.17941762912100181,8,774.4150050042432,49.640141531632906,1,3,1,1.0,1,1.0,2,164,etis-larib,unet_pvt,polypseg/runs_cv/unet_pvt_seed42_fold2/best.pth,True
0.8910316529868375,0.8034779850901026,0.8045837082474748,0.9982925067249078,0.6083846784963461,0.32727911030062606,8,15.524174696260024,0.9951023987195594,1,1,1,1.0,1,1.0,0,165,etis-larib,unet_pvt,polypseg/runs_cv/unet_pvt_seed42_fold2/best.pth,True
0.9363852049073406,0.8803800109096499,0.8850385570906816,0.9940566789845834,0.6566789855615337,0.4750718886151563,8,15.0,0.9615027061238487,1,1,1,1.0,1,1.0,0,166,etis-larib,unet_pvt,polypseg/runs_cv/unet_pvt_seed42_fold2/best.pth,True
0.9406652394783195,0.8879773179680039,0.8986843310207921,0.9867605161689734,0.7523397641602886,0.42648757507200286,8,18.856012058704607,1.208673774743227,1,1,1,1.0,1,1.0,0,167,etis-larib,unet_pvt,polypseg/runs_cv/unet_pvt_seed42_fold2/best.pth,True
0.8708875965793789,0.7713028339260504,0.7808185645707392,0.9844454045985775,0.6041705151919601,0.30952009218870946,8,29.0,1.858905231839441,1,1,1,1.0,1,1.0,0,168,etis-larib,unet_pvt,polypseg/runs_cv/unet_pvt_seed42_fold2/best.pth,True
0.8917096959201685,0.8045813381544639,0.9405446293352414,0.8476956640189842,0.8962980845985151,0.2607038234071792,8,14.7648230602334,0.946427821856948,1,1,1,1.0,1,1.0,0,169,etis-larib,unet_pvt,polypseg/runs_cv/unet_pvt_seed42_fold2/best.pth,True
0.9342921383155652,0.876686915717074,0.887273128887745,0.9865733349697219,0.6034250276651977,0.11864432803468182,8,28.178005607210743,1.8062152429670741,1,1,1,1.0,1,1.0,0,17,etis-larib,unet_pvt,polypseg/runs_cv/unet_pvt_seed42_fold2/best.pth,True
0.7446742821812616,0.5932120019616998,0.6216494845296736,0.928406466498408,0.6112376598376581,0.29762836016372424,8,35.22782990761707,2.258110252469631,1,1,1,1.0,1,1.0,0,170,etis-larib,unet_pvt,polypseg/runs_cv/unet_pvt_seed42_fold2/best.pth,True
0.9727411311780427,0.9469289199649992,0.9635051440847593,0.9821559010739659,0.8188471213387581,0.3086815547978241,8,11.676882432050757,0.7484902705004554,1,1,1,1.0,1,1.0,0,171,etis-larib,unet_pvt,polypseg/runs_cv/unet_pvt_seed42_fold2/best.pth,True
0.9544967185458637,0.9129543019877505,0.9750798811194693,0.9347645799886739,0.6126853228338598,0.2793517631100273,8,31.108654762945335,1.9940703825629664,1,1,1,1.0,1,1.0,0,172,etis-larib,unet_pvt,polypseg/runs_cv/unet_pvt_seed42_fold2/best.pth,True
0.8813663944862142,0.7878955094339445,0.9675906127249494,0.8092520854880763,0.43884128410783957,0.2933267056689254,8,116.77050020044263,7.485010129210734,1,1,1,1.0,1,1.0,0,173,etis-larib,unet_pvt,polypseg/runs_cv/unet_pvt_seed42_fold2/best.pth,True
0.9455278257788062,0.8966835246052357,0.9019820771690322,0.9934914494445173,0.490274391217424,0.2602711610721185,8,25.238858928247925,1.6178154105992293,1,1,1,1.0,1,1.0,0,174,etis-larib,unet_pvt,polypseg/runs_cv/unet_pvt_seed42_fold2/best.pth,True
0.9640410778174282,0.9305784787164859,0.9558526001472353,0.9723710637807765,0.6793247848987213,0.26273591222046794,8,20.615528128088304,1.3214590722219484,1,1,1,1.0,1,1.0,0,175,etis-larib,unet_pvt,polypseg/runs_cv/unet_pvt_seed42_fold2/best.pth,True
0.934766378734808,0.8775224139326109,0.968563847676693,0.9032480657970982,0.5659763236471548,0.17496367907792945,8,50.842712098302044,3.259027017946211,1,1,1,1.0,1,1.0,0,176,etis-larib,unet_pvt,polypseg/runs_cv/unet_pvt_seed42_fold2/best.pth,True
0.9677644384551962,0.9375422379431275,0.9591607533116049,0.9765238710028512,0.706510348388223,0.2378224560401461,8,36.231199631431586,2.3224264327823243,1,1,1,1.0,1,1.0,0,177,etis-larib,unet_pvt,polypseg/runs_cv/unet_pvt_seed42_fold2/best.pth,True
0.9517004389657803,0.9078516049619082,0.9950718590630528,0.9119519034666418,0.6142072958496614,0.2513252249283268,8,58.57473111427029,3.7546508317898457,1,1,1,1.0,1,1.0,0,178,etis-larib,unet_pvt,polypseg/runs_cv/unet_pvt_seed42_fold2/best.pth,True
0.9751003655196744,0.9514105895979736,0.955551502267095,0.9954658035090895,0.7145425631436783,0.3641745576236797,8,27.0,1.7307048710229278,1,1,1,1.0,1,1.0,0,179,etis-larib,unet_pvt,polypseg/runs_cv/unet_pvt_seed42_fold2/best.pth,True
0.9314374386414597,0.8716732855184972,0.918470589703688,0.9447756591445947,0.6436424216740959,0.17339717135257215,8,34.129038733140426,2.187677539954678,1,1,1,1.0,1,1.0,0,18,etis-larib,unet_pvt,polypseg/runs_cv/unet_pvt_seed42_fold2/best.pth,True
0.922582357329761,0.8562903750520189,0.8567177318856344,0.9994177910046904,0.39563234502451805,0.1067267447799677,8,118.51160280748886,7.596615120431683,1,1,1,1.0,1,1.0,0,180,etis-larib,unet_pvt,polypseg/runs_cv/unet_pvt_seed42_fold2/best.pth,True
0.9027144700063289,0.8226796447516588,0.8226796447516588,0.9999999999997022,0.05395628043893115,0.0,8,107.39136487412586,6.883805862720376,1,1,1,1.0,1,1.0,0,181,etis-larib,unet_pvt,polypseg/runs_cv/unet_pvt_seed42_fold2/best.pth,True
0.9630153736435629,0.9286689013194213,0.930750485742255,0.9975975451911645,0.6960513355213921,0.20101780705853592,8,71.21797525905943,4.565085062416463,1,1,1,1.0,1,1.0,0,182,etis-larib,unet_pvt,polypseg/runs_cv/unet_pvt_seed42_fold2/best.pth,True
0.9047563215677791,0.826077647727569,0.8391025408646957,0.9815560737715431,0.5634329445636042,0.18481771070901054,8,23.600847442411894,1.5128185788463435,1,1,1,1.0,1,1.0,0,183,etis-larib,unet_pvt,polypseg/runs_cv/unet_pvt_seed42_fold2/best.pth,True
0.9455564451544043,0.8967350037934122,0.9272000570946856,0.9646543402355214,0.866784394266145,0.28736004026261697,8,307.9968340901628,19.74265263035131,1,2,1,1.0,1,1.0,1,184,etis-larib,unet_pvt,polypseg/runs_cv/unet_pvt_seed42_fold2/best.pth,True
0.9008497539199262,0.8195874559757854,0.8225670717311658,0.9955997392397506,0.5688823867461236,0.09879926431947032,8,19.1049731745428,1.2246322271830958,1,1,1,1.0,1,1.0,0,185,etis-larib,unet_pvt,polypseg/runs_cv/unet_pvt_seed42_fold2/best.pth,True
0.936673876470126,0.8808904960979361,0.8845222785351217,0.9953605175747197,0.7513586456890983,0.33349190990442656,8,15.69220395708437,1.005873104652266,1,1,1,1.0,1,1.0,0,186,etis-larib,unet_pvt,polypseg/runs_cv/unet_pvt_seed42_fold2/best.pth,True
0.9093501486044876,0.8337691032928235,0.8367271517763527,0.9957778070941823,0.5690084413082547,0.2790697175600928,8,16.64331697709324,1.0668396208234763,1,1,1,1.0,1,1.0,0,187,etis-larib,unet_pvt,polypseg/runs_cv/unet_pvt_seed42_fold2/best.pth,True
0.9049855818913927,0.8264599688600932,0.8489282068701975,0.9689696687212359,0.8094612296080179,0.27267660948174316,8,43.67836939270342,2.7997913580107614,1,1,1,1.0,1,1.0,0,188,etis-larib,unet_pvt,polypseg/runs_cv/unet_pvt_seed42_fold2/best.pth,True
0.9064251417178038,0.828864283823816,0.8738272904577087,0.9415493427605873,0.5573404115074934,0.3296011373186716,8,29.120439557122072,1.8666254291792563,1,1,1,1.0,1,1.0,0,189,etis-larib,unet_pvt,polypseg/runs_cv/unet_pvt_seed42_fold2/best.pth,True
0.5676304118501325,0.39628767361873224,0.40345700511068633,0.9570838433255925,0.371030031781258,0.08606540109072533,8,128.78955640493766,8.25543380025584,1,1,1,1.0,0,0.0,0,19,etis-larib,unet_pvt,polypseg/runs_cv/unet_pvt_seed42_fold2/best.pth,True
0.9668622393923543,0.9358502575916777,0.9668920446351817,0.9668324359850256,0.8786725267859294,0.4329469643778043,8,10.0,0.6410018040825658,1,1,1,1.0,1,1.0,0,190,etis-larib,unet_pvt,polypseg/runs_cv/unet_pvt_seed42_fold2/best.pth,True
0.0,0.0,0.0,0.0,0.0,0.0,8,565.0205745086472,36.21792076038106,1,0,0,0.0,0,0.0,0,191,etis-larib,unet_pvt,polypseg/runs_cv/unet_pvt_seed42_fold2/best.pth,True
0.0,0.0,0.0,0.0,0.0,0.0,8,431.9855321337421,27.69035054352959,1,1,0,0.0,0,0.0,1,192,etis-larib,unet_pvt,polypseg/runs_cv/unet_pvt_seed42_fold2/best.pth,True
0.0,0.0,0.0,0.0,0.0,0.0,8,,,1,0,0,0.0,0,0.0,0,193,etis-larib,unet_pvt,polypseg/runs_cv/unet_pvt_seed42_fold2/best.pth,True
0.0,0.0,0.0,0.0,0.0,0.0,8,836.0926289676759,53.593688354841554,1,1,0,0.0,0,0.0,1,194,etis-larib,unet_pvt,polypseg/runs_cv/unet_pvt_seed42_fold2/best.pth,True
0.0,0.0,0.0,0.0,0.0,0.0,8,440.0626659649863,28.208096279293976,1,3,0,0.0,0,0.0,3,195,etis-larib,unet_pvt,polypseg/runs_cv/unet_pvt_seed42_fold2/best.pth,True
0.0,0.0,0.0,0.0,0.0,0.0,8,421.68655274375567,27.030184106610545,1,2,0,0.0,0,0.0,2,196,etis-larib,unet_pvt,polypseg/runs_cv/unet_pvt_seed42_fold2/best.pth,True
0.8687313315470904,0.7679266258961651,0.9747177798568353,0.7835334152492339,0.7571695280491392,0.0531696846534224,8,14.0,0.8974025257155922,1,1,1,1.0,1,1.0,0,2,etis-larib,unet_pvt,polypseg/runs_cv/unet_pvt_seed42_fold2/best.pth,True
0.418723949983472,0.2648012976476153,0.26696647587858185,0.9702823179738579,0.3409193905544592,0.17833297003599755,8,170.75128110793196,10.945187923959374,1,1,1,1.0,0,0.0,0,20,etis-larib,unet_pvt,polypseg/runs_cv/unet_pvt_seed42_fold2/best.pth,True
0.9529253399393737,0.910083469964022,0.9203723243877744,0.9878655502952961,0.6945117040126593,0.3948434080254787,8,16.0,1.0256028865321054,1,1,1,1.0,1,1.0,0,21,etis-larib,unet_pvt,polypseg/runs_cv/unet_pvt_seed42_fold2/best.pth,True
0.43770562821197095,0.28016847280261375,0.2830320099326443,0.9651468993599156,0.4093522448014334,0.18738734089506873,8,179.0,11.473932293077928,1,1,1,1.0,0,0.0,0,22,etis-larib,unet_pvt,polypseg/runs_cv/unet_pvt_seed42_fold2/best.pth,True
0.0,0.0,0.0,0.0,0.0,0.0,8,220.85866084604191,14.157080004957242,1,1,0,0.0,0,0.0,1,23,etis-larib,unet_pvt,polypseg/runs_cv/unet_pvt_seed42_fold2/best.pth,True
0.3183533936306648,0.18931052007293483,0.23931898489946118,0.4753296469486319,0.009278548361711497,0.0,8,185.96368922153434,11.92030602848531,1,2,1,1.0,0,0.0,1,24,etis-larib,unet_pvt,polypseg/runs_cv/unet_pvt_seed42_fold2/best.pth,True
0.46063163349320313,0.2992341817043369,0.30147041011585146,0.9758105618046501,0.33027565653409213,0.1039499202488726,8,301.5930721294069,19.332170333375323,1,3,1,1.0,0,0.0,2,25,etis-larib,unet_pvt,polypseg/runs_cv/unet_pvt_seed42_fold2/best.pth,True
0.5261343240424182,0.3569757628696962,0.35934332896122023,0.9818777870518175,0.23437258223422913,0.1226334777247865,8,292.6345532916887,18.75792765968682,1,2,1,1.0,0,0.0,1,26,etis-larib,unet_pvt,polypseg/runs_cv/unet_pvt_seed42_fold2/best.pth,True
0.47655351046226424,0.3128127661424238,0.31530600096476913,0.9753450147290755,0.44560783258604564,0.1690382269818983,8,317.61863495260314,20.35941180148605,1,1,1,1.0,0,0.0,0,27,etis-larib,unet_pvt,polypseg/runs_cv/unet_pvt_seed42_fold2/best.pth,True
0.7896783158884826,0.6524532496236122,0.6628077228500809,0.9766162059364915,0.4361183837233178,0.16783247030766163,8,105.21166938094208,6.744086988372232,1,1,1,1.0,1,1.0,0,28,etis-larib,unet_pvt,polypseg/runs_cv/unet_pvt_seed42_fold2/best.pth,True
0.4551666604174688,0.2946380355439966,0.29573982155346035,0.9875134728387783,0.2710647039724924,0.1129372194370925,8,290.90376415577714,18.64698376382624,1,1,1,1.0,0,0.0,0,29,etis-larib,unet_pvt,polypseg/runs_cv/unet_pvt_seed42_fold2/best.pth,True
0.8492780842772081,0.7380393756937872,0.9919111598438181,0.7425082101730037,0.6463081658342815,0.19650890790159256,8,16.147749690201906,1.0350736683293116,1,1,1,1.0,1,1.0,0,3,etis-larib,unet_pvt,polypseg/runs_cv/unet_pvt_seed42_fold2/best.pth,True
0.55415076057358,0.3832700847796663,0.38707678256867123,0.9749825411802675,0.2558491792026424,0.14811072420433996,8,277.09203555953843,17.76164946905746,1,3,1,1.0,0,0.0,2,30,etis-larib,unet_pvt,polypseg/runs_cv/unet_pvt_seed42_fold2/best.pth,True
0.0,0.0,0.0,0.0,0.0,0.0,8,,,1,0,0,0.0,0,0.0,0,31,etis-larib,unet_pvt,polypseg/runs_cv/unet_pvt_seed42_fold2/best.pth,True
0.5881803849218917,0.41661156895695267,0.4201881878515814,0.9799777121921895,0.5534112522148299,0.23613798422560553,8,324.5637071441579,20.804592181913076,1,1,1,1.0,0,0.0,0,32,etis-larib,unet_pvt,polypseg/runs_cv/unet_pvt_seed42_fold2/best.pth,True
0.9251575579941606,0.8607378363917771,0.8854178124874597,0.9686321700749182,0.7342136364479162,0.3342253372709466,8,164.56138038632432,10.548414170995125,1,2,1,1.0,1,1.0,1,33,etis-larib,unet_pvt,polypseg/runs_cv/unet_pvt_seed42_fold2/best.pth,True
0.9040789132764074,0.8249489166955224,0.8524289802463422,0.9623916469651671,0.7527041940905645,0.23328007003538587,8,182.28603750486826,11.68456788996828,1,2,1,1.0,1,1.0,1,34,etis-larib,unet_pvt,polypseg/runs_cv/unet_pvt_seed42_fold2/best.pth,True
0.6855161310289362,0.5215097326112768,0.9643205574879292,0.531770583148176,0.41410250950186234,0.10230068678933642,8,163.1862078798588,10.460265365238211,1,1,1,1.0,1,1.0,0,35,etis-larib,unet_pvt,polypseg/runs_cv/unet_pvt_seed42_fold2/best.pth,True
0.0,0.0,0.0,0.0,0.0,0.0,8,,,1,0,0,0.0,0,0.0,0,36,etis-larib,unet_pvt,polypseg/runs_cv/unet_pvt_seed42_fold2/best.pth,True
0.9065957841361055,0.8291497060122526,0.8291497060122526,0.9999999999954543,0.5520995999789472,0.008237183094833353,8,13.601470508735444,0.8718567134275235,1,1,1,1.0,1,1.0,0,37,etis-larib,unet_pvt,polypseg/runs_cv/unet_pvt_seed42_fold2/best.pth,True
0.8689226462457929,0.7682256596878317,0.7682256596878317,0.9999999999952622,0.4649420989732803,0.02775436554067387,8,22.0,1.4102039689816448,1,1,1,1.0,1,1.0,0,38,etis-larib,unet_pvt,polypseg/runs_cv/unet_pvt_seed42_fold2/best.pth,True
0.8793158824456413,0.7846242029061237,0.7846242029061237,0.9999999999954342,0.46347765687835235,0.0013859516525238124,8,21.434643642169057,1.3739645244497265,1,1,1,1.0,1,1.0,0,39,etis-larib,unet_pvt,polypseg/runs_cv/unet_pvt_seed42_fold2/best.pth,True
0.873419089823406,0.7752830550683623,0.960304254801993,0.800951625685954,0.7152031412707059,0.26598812028212393,8,16.0,1.0256028865321054,1,1,1,1.0,1,1.0,0,4,etis-larib,unet_pvt,polypseg/runs_cv/unet_pvt_seed42_fold2/best.pth,True
0.9106695537713766,0.8359901781174026,0.8359901781174026,0.9999999999976689,0.5440985460278548,0.1146244559957118,8,25.495097567963924,1.6342403536325913,1,1,1,1.0,1,1.0,0,40,etis-larib,unet_pvt,polypseg/runs_cv/unet_pvt_seed42_fold2/best.pth,True
0.9503137974307712,0.9053313219748604,0.9061314674997125,0.9990255785607003,0.7039847572713318,0.2942736315887998,8,15.524174696260024,0.9951023987195594,1,1,1,1.0,1,1.0,0,41,etis-larib,unet_pvt,polypseg/runs_cv/unet_pvt_seed42_fold2/best.pth,True
0.9390700031347239,0.885138516122071,0.8868732907890298,0.997794984867454,0.9391515661600081,0.2152434031481843,8,8.246211251235321,0.5285836288887793,1,1,1,1.0,1,1.0,0,42,etis-larib,unet_pvt,polypseg/runs_cv/unet_pvt_seed42_fold2/best.pth,True
0.826777158470116,0.7047059852602235,0.8023179096478292,0.8527746169508947,0.41021884967636546,0.15988022922489603,8,589.8629077958697,37.81031880585407,3,1,2,0.6666666666666666,0,0.0,0,43,etis-larib,unet_pvt,polypseg/runs_cv/unet_pvt_seed42_fold2/best.pth,True
0.8568893980240169,0.7496119767787967,0.7896010607474291,0.9367144667904633,0.5121792224605622,0.14378522856782142,8,609.8984333075293,39.094599605725676,3,1,2,0.6666666666666666,0,0.0,0,44,etis-larib,unet_pvt,polypseg/runs_cv/unet_pvt_seed42_fold2/best.pth,True
0.8709337775396243,0.7713752835876635,0.8214412758628958,0.9267725752492864,0.554921094601354,0.19093951481527033,8,633.1478894394756,40.58489393817728,3,1,2,0.6666666666666666,0,0.0,0,45,etis-larib,unet_pvt,polypseg/runs_cv/unet_pvt_seed42_fold2/best.pth,True
0.6591391681503697,0.49157910537302374,0.8213121332175821,0.5504496176140005,0.26039101073201415,0.07138966770612495,8,689.6990264737133,44.209832024363955,3,2,2,0.6666666666666666,1,0.3333333333333333,0,46,etis-larib,unet_pvt,polypseg/runs_cv/unet_pvt_seed42_fold2/best.pth,True
0.7649095664338924,0.6193146231611153,0.7181642111075636,0.8181639085878286,0.28406512655273947,0.13563044877120617,8,734.9218607684293,47.10862386122795,3,1,1,0.3333333333333333,0,0.0,0,47,etis-larib,unet_pvt,polypseg/runs_cv/unet_pvt_seed42_fold2/best.pth,True
0.8444857496895878,0.7308310991947774,0.8449219960727276,0.844049953554334,0.33727080582981783,0.10111235879636861,8,620.5770519885313,39.77910098968888,3,1,2,0.6666666666666666,0,0.0,0,48,etis-larib,unet_pvt,polypseg/runs_cv/unet_pvt_seed42_fold2/best.pth,True
0.947725514311608,0.9006447720640223,0.9013244783181716,0.9991633899397675,0.8830611301844155,0.321247148821723,8,15.556349186104045,0.9971647893231048,1,1,1,1.0,1,1.0,0,49,etis-larib,unet_pvt,polypseg/runs_cv/unet_pvt_seed42_fold2/best.pth,True
0.8696307460382464,0.7693333333247852,0.9674444599557435,0.7897798562702203,0.7773629686203076,0.19976316479940967,8,16.0,1.0256028865321054,1,1,1,1.0,1,1.0,0,5,etis-larib,unet_pvt,polypseg/runs_cv/unet_pvt_seed42_fold2/best.pth,True
0.9562019667776295,0.9160794869728601,0.9188438021086364,0.9967266775734485,0.9025149546314829,0.3772761101120724,8,8.57024843009382,0.5493544705125916,1,1,1,1.0,1,1.0,0,50,etis-larib,unet_pvt,polypseg/runs_cv/unet_pvt_seed42_fold2/best.pth,True
0.9447255169498379,0.8952415055267954,0.9184456508391426,0.9725535961230439,0.8425574635432336,0.36848082706515456,8,12.0,0.769202164899079,1,1,1,1.0,1,1.0,0,51,etis-larib,unet_pvt,polypseg/runs_cv/unet_pvt_seed42_fold2/best.pth,True
0.9677476310985006,0.9375106904606638,0.9439150401830948,0.992814877429596,0.7184651037514836,0.22910532165668243,8,18.973665961010276,1.2162154111067558,1,1,1,1.0,1,1.0,0,52,etis-larib,unet_pvt,polypseg/runs_cv/unet_pvt_seed42_fold2/best.pth,True
0.3768866078022337,0.23219980169833535,0.23383527633788365,0.9707595787478068,0.4274993131989987,0.15129747166755708,8,422.9952718411874,27.11407323685965,1,2,1,1.0,1,1.0,1,53,etis-larib,unet_pvt,polypseg/runs_cv/unet_pvt_seed42_fold2/best.pth,True
0.9401421732164801,0.8870455540906316,0.9285837106612679,0.9519920084560348,0.9598304525636266,0.2189652787188029,8,8.246211251235321,0.5285836288887793,1,1,1,1.0,1,1.0,0,54,etis-larib,unet_pvt,polypseg/runs_cv/unet_pvt_seed42_fold2/best.pth,True
0.9572500898089258,0.918005439706553,0.9255237468431665,0.991228757142332,0.9158649015367777,0.39811222725681167,8,11.313708498984761,0.725210755871349,1,1,1,1.0,1,1.0,0,55,etis-larib,unet_pvt,polypseg/runs_cv/unet_pvt_seed42_fold2/best.pth,True
0.9498214543708592,0.9044380675305458,0.9522390530545806,0.9474161004696421,0.8847330140246981,0.31660046365898814,8,11.139338860175945,0.7140336305659812,1,1,1,1.0,1,1.0,0,56,etis-larib,unet_pvt,polypseg/runs_cv/unet_pvt_seed42_fold2/best.pth,True
0.8900630645935454,0.8019041768959674,0.9327220766738185,0.8511354992844601,0.7867026614778876,0.23599518257646443,8,15.293786438947894,0.980334469861908,1,1,1,1.0,1,1.0,0,57,etis-larib,unet_pvt,polypseg/runs_cv/unet_pvt_seed42_fold2/best.pth,True
0.8754158540732165,0.7784351728983123,0.885780615195754,0.8652908492928303,0.7178172243504385,0.28298975838515217,8,16.0,1.0256028865321054,1,1,1,1.0,1,1.0,0,58,etis-larib,unet_pvt,polypseg/runs_cv/unet_pvt_seed42_fold2/best.pth,True
0.9278348380674565,0.8653842439676587,0.9385827101511582,0.9173303306358536,0.7412731935847939,0.4005013296398055,8,48.760637666299786,3.1255656712314477,1,1,1,1.0,1,1.0,0,59,etis-larib,unet_pvt,polypseg/runs_cv/unet_pvt_seed42_fold2/best.pth,True
0.8802195436887633,0.7860643921116187,0.9761308031868225,0.8014698677040522,0.7823281157441246,0.163542668160937,8,12.529964086141668,0.8031729584306567,1,1,1,1.0,1,1.0,0,6,etis-larib,unet_pvt,polypseg/runs_cv/unet_pvt_seed42_fold2/best.pth,True
0.6259291648379325,0.4555290373833647,0.5380567562387135,0.7481055656977239,0.46190668207325897,0.09854659436097951,8,51.86520991955976,3.3245693127558793,1,1,1,1.0,0,0.0,0,60,etis-larib,unet_pvt,polypseg/runs_cv/unet_pvt_seed42_fold2/best.pth,True
0.9516600722510308,0.9077781424336925,0.9181590347032943,0.98769840561162,0.6775949552988274,0.3102133646352001,8,13.45362404707371,0.862379728562284,1,1,1,1.0,1,1.0,0,61,etis-larib,unet_pvt,polypseg/runs_cv/unet_pvt_seed42_fold2/best.pth,True
0.9633081891130251,0.9292136573248668,0.9552961332331508,0.9714557756959372,0.8903047296591314,0.4616944535832067,8,12.649110640673518,0.8108102740711706,1,1,1,1.0,1,1.0,0,62,etis-larib,unet_pvt,polypseg/runs_cv/unet_pvt_seed42_fold2/best.pth,True
0.978172834601438,0.9572781657452838,0.9599653016364956,0.9970844005299724,0.8158160946496779,0.3320591951032902,8,19.430549227179817,1.2455017108937367,1,1,1,1.0,1,1.0,0,63,etis-larib,unet_pvt,polypseg/runs_cv/unet_pvt_seed42_fold2/best.pth,True
0.9856812586559441,0.9717667814653955,0.9946744090481008,0.9768492706984103,0.8713316121895224,0.5898510460962928,8,12.041594578792296,0.7718683849036706,1,1,1,1.0,1,1.0,0,64,etis-larib,unet_pvt,polypseg/runs_cv/unet_pvt_seed42_fold2/best.pth,True
0.963850582406208,0.9302235430914196,0.9939480405895622,0.9355222975440525,0.8420819951371286,0.4560857659985432,8,11.180339887498949,0.7166618038143098,1,1,1,1.0,1,1.0,0,65,etis-larib,unet_pvt,polypseg/runs_cv/unet_pvt_seed42_fold2/best.pth,True
0.988077435065873,0.9764358156497811,0.9911928651054281,0.9849815279532467,0.9571569767403446,0.48851073840412235,8,8.0,0.5128014432660527,1,1,1,1.0,1,1.0,0,66,etis-larib,unet_pvt,polypseg/runs_cv/unet_pvt_seed42_fold2/best.pth,True
0.9790930471665358,0.9590423930889328,0.9924051845971575,0.9661333208915284,0.9776427959924727,0.6732434549249888,8,7.0,0.4487012628577961,1,1,1,1.0,1,1.0,0,67,etis-larib,unet_pvt,polypseg/runs_cv/unet_pvt_seed42_fold2/best.pth,True
0.9606400634094755,0.9242612011395411,0.9734437750955148,0.9481687936973832,0.9526969230762853,0.5755337025743335,8,9.452479279013591,0.6059056270900783,1,1,1,1.0,1,1.0,0,68,etis-larib,unet_pvt,polypseg/runs_cv/unet_pvt_seed42_fold2/best.pth,True
0.8834034595522823,0.7911572600771871,0.8478104809610946,0.9221159476689027,0.8796789255856683,0.28056858377480826,8,15.287231691420772,0.9799143093628888,1,1,1,1.0,1,1.0,0,69,etis-larib,unet_pvt,polypseg/runs_cv/unet_pvt_seed42_fold2/best.pth,True
0.868240837117908,0.7671604221050715,0.9336632496649738,0.8113864427522897,0.6963591027524151,0.2159638774163849,8,17.46424919657298,1.119461524195078,1,1,1,1.0,1,1.0,0,7,etis-larib,unet_pvt,polypseg/runs_cv/unet_pvt_seed42_fold2/best.pth,True
0.10766548924237886,0.05689559040979153,0.05750477777219213,0.843031609165121,0.18596984836715455,0.03562566390269752,8,318.39385838429484,20.409103763314196,1,2,1,1.0,0,0.0,1,70,etis-larib,unet_pvt,polypseg/runs_cv/unet_pvt_seed42_fold2/best.pth,True
0.9573136732485142,0.918122400464431,0.9355776216888401,0.9800837244579464,0.9999999500000026,0.6302223836297206,8,5.0,0.3205009020412829,1,1,1,1.0,1,1.0,0,71,etis-larib,unet_pvt,polypseg/runs_cv/unet_pvt_seed42_fold2/best.pth,True
0.8700901347815257,0.7700526931971596,0.8474548968935655,0.8939677145132716,0.8033356061744052,0.35042989018436166,8,16.7749018835282,1.0752742370649608,1,1,1,1.0,1,1.0,0,72,etis-larib,unet_pvt,polypseg/runs_cv/unet_pvt_seed42_fold2/best.pth,True
0.7609659930906731,0.6141607000673397,0.6892857142703285,0.8492849284694917,0.708263019334624,0.12078572125319595,8,25.971132478620756,1.6647542772863224,1,1,1,1.0,1,1.0,0,73,etis-larib,unet_pvt,polypseg/runs_cv/unet_pvt_seed42_fold2/best.pth,True
0.9586506298415867,0.9205850191235568,0.9338602329321428,0.9847930983918001,0.9862563067672176,0.7693630738632619,8,6.0,0.3846010824495395,1,1,1,1.0,1,1.0,0,74,etis-larib,unet_pvt,polypseg/runs_cv/unet_pvt_seed42_fold2/best.pth,True
0.8596921266748716,0.7539122957802759,0.7543663425900854,0.9992022791908922,0.4863125959928402,0.18520832527558156,8,16.974273983896857,1.0880540246669648,1,1,1,1.0,1,1.0,0,75,etis-larib,unet_pvt,polypseg/runs_cv/unet_pvt_seed42_fold2/best.pth,True
0.7728864059532745,0.6298409615074682,0.6379734382607234,0.9801624787269949,0.4936292031028331,0.12248968742002189,8,20.591260281974,1.3199034989079017,1,1,1,1.0,1,1.0,0,76,etis-larib,unet_pvt,polypseg/runs_cv/unet_pvt_seed42_fold2/best.pth,True
0.7261680890969743,0.570065864170564,0.9999999999601594,0.570065864170564,0.6609672696953619,0.003649586326506584,8,24.160222946821545,1.5486746495949615,1,1,1,1.0,1,1.0,0,77,etis-larib,unet_pvt,polypseg/runs_cv/unet_pvt_seed42_fold2/best.pth,True
0.0,0.0,0.0,0.0,0.0,0.0,8,,,1,0,0,0.0,0,0.0,0,78,etis-larib,unet_pvt,polypseg/runs_cv/unet_pvt_seed42_fold2/best.pth,True
0.0,0.0,0.0,0.0,0.0,0.0,8,,,1,0,0,0.0,0,0.0,0,79,etis-larib,unet_pvt,polypseg/runs_cv/unet_pvt_seed42_fold2/best.pth,True
0.8184209461340357,0.6926501815145376,0.7208954159783211,0.946461999242358,0.5567689436229337,0.33225856217373206,8,35.82931780062343,2.296665734924721,1,1,1,1.0,1,1.0,0,8,etis-larib,unet_pvt,polypseg/runs_cv/unet_pvt_seed42_fold2/best.pth,True
0.8974498522745396,0.8139764473534026,0.8271587244655882,0.9807970090833478,0.6452303894468119,0.18780202135084048,8,11.180339887498949,0.7166618038143098,1,1,1,1.0,1,1.0,0,80,etis-larib,unet_pvt,polypseg/runs_cv/unet_pvt_seed42_fold2/best.pth,True
0.9727629019065157,0.9469701821633284,0.9536713689419845,0.9926344359291902,0.8246326711289496,0.34306578083968153,8,14.830632756838705,0.9506462352819606,1,1,1,1.0,1,1.0,0,81,etis-larib,unet_pvt,polypseg/runs_cv/unet_pvt_seed42_fold2/best.pth,True
0.9530427048722842,0.9102975921821383,0.9121621621597357,0.9977594785666547,0.812632926073145,0.3912481713572513,8,16.629761234116273,1.0659706952530847,1,1,1,1.0,1,1.0,0,82,etis-larib,unet_pvt,polypseg/runs_cv/unet_pvt_seed42_fold2/best.pth,True
0.9753373886145404,0.9518619863525363,0.9605821422634329,0.9905530094702224,0.9570193264210619,0.35593846416035707,8,8.246211251235321,0.5285836288887793,1,1,1,1.0,1,1.0,0,83,etis-larib,unet_pvt,polypseg/runs_cv/unet_pvt_seed42_fold2/best.pth,True
0.9814011350546032,0.9634814732561208,0.9668776905535914,0.9963675459004453,0.9859526109120135,0.5083536298969545,8,7.0,0.4487012628577961,1,1,1,1.0,1,1.0,0,84,etis-larib,unet_pvt,polypseg/runs_cv/unet_pvt_seed42_fold2/best.pth,True
0.9701519316193097,0.9420340353162524,0.9443109422139484,0.9974469843410159,0.8271965605114937,0.5432967326916304,8,17.0,1.089703066940362,1,1,1,1.0,1,1.0,0,85,etis-larib,unet_pvt,polypseg/runs_cv/unet_pvt_seed42_fold2/best.pth,True
0.9675618335087829,0.937162016004388,0.9414385049952698,0.9951762949322522,0.9680123354657921,0.528911309207773,8,7.810249675906654,0.500638413259144,1,1,1,1.0,1,1.0,0,86,etis-larib,unet_pvt,polypseg/runs_cv/unet_pvt_seed42_fold2/best.pth,True
0.9177933742214694,0.8480759148570325,0.8631726110425998,0.9797938194272737,0.5900041138690455,0.16262182930782365,8,41.43669871020132,2.656099862846477,1,1,1,1.0,1,1.0,0,87,etis-larib,unet_pvt,polypseg/runs_cv/unet_pvt_seed42_fold2/best.pth,True
0.7111655189995295,0.5517896436534506,0.9751566696481223,0.5596570382611716,0.6200530103229843,0.2690482967793042,8,133.53454303626472,8.559588299358673,1,1,1,1.0,1,1.0,0,88,etis-larib,unet_pvt,polypseg/runs_cv/unet_pvt_seed42_fold2/best.pth,True
0.22165648336665067,0.1246421072719837,0.1246421072719837,0.9999999999744769,0.11955720029070327,0.0,8,432.7849328486385,27.741592273572937,1,2,1,1.0,0,0.0,1,89,etis-larib,unet_pvt,polypseg/runs_cv/unet_pvt_seed42_fold2/best.pth,True
0.8014332636560081,0.6686596910745524,0.6780517380691384,0.9797050664187515,0.6554873896068757,0.2606531884478316,8,31.970031846810752,2.049284809038278,1,1,1,1.0,1,1.0,0,9,etis-larib,unet_pvt,polypseg/runs_cv/unet_pvt_seed42_fold2/best.pth,True
0.21020638959533114,0.11744727904565704,0.11744727904565704,0.9999999999831877,0.05136394620490195,0.0,8,791.4215350915231,50.730263178346,1,6,1,1.0,0,0.0,5,90,etis-larib,unet_pvt,polypseg/runs_cv/unet_pvt_seed42_fold2/best.pth,True
0.7124038301869777,0.5532820358501293,0.9711519114663704,0.5625273156368368,0.48675429306642776,0.22296301601936402,8,135.14677154344636,8.66293243752835,1,1,1,1.0,1,1.0,0,91,etis-larib,unet_pvt,polypseg/runs_cv/unet_pvt_seed42_fold2/best.pth,True
0.7787215938254204,0.6376282343881085,0.9762018611800632,0.647696212415444,0.5681867625533638,0.18118804422661222,8,99.00175844605803,6.346030577126959,1,1,1,1.0,1,1.0,0,92,etis-larib,unet_pvt,polypseg/runs_cv/unet_pvt_seed42_fold2/best.pth,True
0.8391874392973487,0.7229310464984805,0.7870806133233104,0.8986826139634365,0.5887098091819243,0.10708210298339131,8,23.738133915134412,1.52161866651547,1,1,1,1.0,1,1.0,0,93,etis-larib,unet_pvt,polypseg/runs_cv/unet_pvt_seed42_fold2/best.pth,True
0.8166527730063421,0.6901210011545655,0.7104948805400128,0.9601060763177665,0.6289773852258126,0.2877246142156692,8,32.7566787083184,2.0997090147785062,1,1,1,1.0,1,1.0,0,94,etis-larib,unet_pvt,polypseg/runs_cv/unet_pvt_seed42_fold2/best.pth,True
0.8388952819278935,0.72249752229135,0.7251326259866806,0.9949954503943738,0.6719821189645595,0.33658099526691004,8,23.706539182259394,1.5195934384382306,1,1,1,1.0,1,1.0,0,95,etis-larib,unet_pvt,polypseg/runs_cv/unet_pvt_seed42_fold2/best.pth,True
0.8023844180993804,0.6699849519542772,0.6944211157685132,0.9500984898071225,0.492937396187179,0.13919748840332272,8,21.881451807070444,1.4026050084277875,1,1,1,1.0,1,1.0,0,96,etis-larib,unet_pvt,polypseg/runs_cv/unet_pvt_seed42_fold2/best.pth,True
0.7865968586346251,0.6482568173917133,0.6590629935018506,0.9753310828229638,0.5139026314333477,0.14776284084077426,8,28.844410203711913,1.8489318978276907,1,1,1,1.0,1,1.0,0,97,etis-larib,unet_pvt,polypseg/runs_cv/unet_pvt_seed42_fold2/best.pth,True
0.8112044354304637,0.6823750522018489,0.6828028139535919,0.9990827557990308,0.6130114435320065,0.21357280450836014,8,33.341139410141196,2.1371730512068843,1,1,1,1.0,1,1.0,0,98,etis-larib,unet_pvt,polypseg/runs_cv/unet_pvt_seed42_fold2/best.pth,True
0.32639162693886375,0.1950227019609568,0.7723494486722248,0.20691692419466043,0.049064654865082394,0.0,8,246.90594368950053,15.826715534367825,1,3,0,0.0,0,0.0,3,99,etis-larib,unet_pvt,polypseg/runs_cv/unet_pvt_seed42_fold2/best.pth,True
