dice,iou,precision,recall,boundary_f1,boundary_f1_2px,tolerance_px,hd95,hd95_pct_diag,name,dataset,model,checkpoint,tta
0.8733181803338194,0.7751240546266831,0.9792852685334189,0.7880449403654189,0.19820480583436842,0.060256811739889046,9,185.817375775164,10.796761354495889,cju0qoxqj9q6s0835b43399p4,kvasir-seg,segformer,polypseg/runs_cv/segformer_seed42_fold0/best.pth,True
0.8491572076436683,0.7378568239585817,0.9379973359576788,0.7756896551716708,0.36116944723663985,0.19242146910015473,4,94.23401273869159,11.573114921271918,cju0qx73cjw570799j4n5cjze,kvasir-seg,segformer,polypseg/runs_cv/segformer_seed42_fold0/best.pth,True
0.891681710871426,0.8045357724562313,0.987846153841088,0.8125790938968507,0.505970282795381,0.40795376736375,4,30.42529889083673,3.746591500950752,cju0rx1idathl0835detmsp84,kvasir-seg,segformer,polypseg/runs_cv/segformer_seed42_fold0/best.pth,True
0.6633108458726951,0.4962341796704083,0.503783698563362,0.9706865127508301,0.4123178119568677,0.3059400672092148,4,289.6976872524899,37.18779377480298,cju0sxqiclckk08551ycbwhno,kvasir-seg,segformer,polypseg/runs_cv/segformer_seed42_fold0/best.pth,True
0.9754812899614901,0.9521361400269823,0.9551573725616189,0.9966889190338099,0.6084221213386641,0.35479262697605496,4,21.12456819119585,2.585055285833324,cju0t4oil7vzk099370nun5h9,kvasir-seg,segformer,polypseg/runs_cv/segformer_seed42_fold0/best.pth,True
0.956688237970925,0.9169725414676806,0.9276337147949358,0.9876216502295421,0.4708472911958302,0.30459668413881025,4,26.06241313123679,3.1521780381405686,cju15czxqp3lv0835jvhgzurz,kvasir-seg,segformer,polypseg/runs_cv/segformer_seed42_fold0/best.pth,True
0.4817733230528282,0.3173263455109161,0.9999999999967992,0.3173263455109161,0.12877534395438275,0.06420194569864134,4,151.4245509601187,19.05321893351539,cju15jr8jz8sb0855ukmkswkz,kvasir-seg,segformer,polypseg/runs_cv/segformer_seed42_fold0/best.pth,True
0.8732219199355532,0.7749724061774513,0.8859155670002318,0.8608868907690769,0.5283164417635647,0.38854800734617106,4,31.59099411001511,3.8689215402254225,cju15ptjtppz40988odsm9azx,kvasir-seg,segformer,polypseg/runs_cv/segformer_seed42_fold0/best.pth,True
0.9496307692293082,0.9040923338286783,0.9081893888093806,0.9950349808137633,0.48636384624942186,0.268480980431304,4,8.619422599190438,1.0368416649502012,cju17bz250pgd0799u1hqkj5u,kvasir-seg,segformer,polypseg/runs_cv/segformer_seed42_fold0/best.pth,True
0.9742296256394537,0.949754106757838,0.983154359449394,0.9654654654646275,0.6627671458401133,0.34998456310616116,4,14.0,1.7159285320984232,cju17v6ih0u7808783zcbg1jy,kvasir-seg,segformer,polypseg/runs_cv/segformer_seed42_fold0/best.pth,True
0.9747436923779476,0.9507317196016455,0.9808227009303307,0.9687395734389838,0.7593565328338857,0.5594157157452506,4,10.55581459578598,1.4747001393326498,cju1871y11d6r0799k6cw4yze,kvasir-seg,segformer,polypseg/runs_cv/segformer_seed42_fold0/best.pth,True
0.9495377128930668,0.903923657752796,0.9058539529227712,0.9976481415154269,0.7594971881977198,0.33894748762265664,4,11.661903789690601,1.5282545104128449,cju1b75x63ddl0799sdp0i2j3,kvasir-seg,segformer,polypseg/runs_cv/segformer_seed42_fold0/best.pth,True
0.942817932294773,0.891821722195214,0.8996373648482316,0.9903526280735183,0.5928869338864421,0.44575450105102155,4,19.444933536368044,2.3776269821746037,cju1bhnfitmge0835ynls0l6b,kvasir-seg,segformer,polypseg/runs_cv/segformer_seed42_fold0/best.pth,True
0.9728572165740151,0.9471489575471651,0.9546789548296604,0.9917411888466705,0.7328224065856516,0.5638861549823474,4,31.596541467309173,4.191702596676818,cju1c6yfz42md08550zgoz3pw,kvasir-seg,segformer,polypseg/runs_cv/segformer_seed42_fold0/best.pth,True
0.9113273361441558,0.8370994940907496,0.9859966232894428,0.8471712603392169,0.666672684459608,0.48049659790646293,4,16.97056274847714,2.0783700423822764,cju1c8ffau5770835g0g343o8,kvasir-seg,segformer,polypseg/runs_cv/segformer_seed42_fold0/best.pth,True
0.9679321515652314,0.9378570924704174,0.953049960572887,0.9832864960768256,0.7138232101070989,0.5166857079233197,4,6.082762530298219,0.7449506304103964,cju1d31sp4d4k0878r3fr02ul,kvasir-seg,segformer,polypseg/runs_cv/segformer_seed42_fold0/best.pth,True
0.9515037890503094,0.9074937792941294,0.9585584704518734,0.9445521893622303,0.37046574611379124,0.2245253977608525,4,40.04747034955149,4.90847121508293,cju1d96gsv62d09881b3wecw2,kvasir-seg,segformer,polypseg/runs_cv/segformer_seed42_fold0/best.pth,True
0.8276383077590211,0.7059581639664324,0.9372203211248062,0.740998959409563,0.374298060269469,0.2504178971612861,4,20.591260281974,2.643250445634198,cju1ddr6p4k5z08780uuuzit2,kvasir-seg,segformer,polypseg/runs_cv/segformer_seed42_fold0/best.pth,True
0.9593195088522495,0.9218194412333326,0.9615143779155073,0.9571346375097951,0.7502633186024459,0.5665058082907765,4,43.917531661264434,5.287080164291521,cju1dhfok4mhe0878jlgrag0h,kvasir-seg,segformer,polypseg/runs_cv/segformer_seed42_fold0/best.pth,True
0.9167488039980846,0.8462938304445349,0.8729911634042717,0.9651245191285426,0.354227280538202,0.17529362486864064,4,12.083045973594572,1.4798001188558272,cju1efbr0rqxz09931z0lf4vf,kvasir-seg,segformer,polypseg/runs_cv/segformer_seed42_fold0/best.pth,True
0.9746723153060673,0.9505959215341129,0.9600509570768928,0.9897459210974899,0.8560081757835557,0.6329196841765486,4,16.101191507918173,1.959806558203571,cju1erep75us208553i4ofwwe,kvasir-seg,segformer,polypseg/runs_cv/segformer_seed42_fold0/best.pth,True
0.9090221706125826,0.8332178217801158,0.993829529683228,0.837550695427241,0.6641286249056007,0.49502973398578537,4,69.38727500920808,8.491058392705058,cju1f5x1164xv08555654c24r,kvasir-seg,segformer,polypseg/runs_cv/segformer_seed42_fold0/best.pth,True
0.6312886888004624,0.4612285173907137,0.4658831346807054,0.9787976616308403,0.35223875778367336,0.19272029235666593,4,159.73846928748955,19.547513144181007,cju1fjsb4sipq09931lvd8e41,kvasir-seg,segformer,polypseg/runs_cv/segformer_seed42_fold0/best.pth,True
0.9612069873760221,0.9253113716543254,0.974284493801904,0.9484759013558927,0.7646884232872403,0.6217903733321944,4,13.416407864998739,1.722231936381914,cju1fmsyf6gxb0801cimx2gle,kvasir-seg,segformer,polypseg/runs_cv/segformer_seed42_fold0/best.pth,True
0.8991161616133235,0.8167221011537061,0.8510307738222227,0.9529608564673605,0.5864537452672985,0.3510185940609154,4,24.184697164173212,3.009327419412954,cju1hirfi7ekp0855q0vgm9qq,kvasir-seg,segformer,polypseg/runs_cv/segformer_seed42_fold0/best.pth,True
0.9404719576305921,0.8876329082592546,0.9035273812487737,0.9805666120308258,0.7640873013607827,0.5158596186376883,4,25.45584412271571,3.1850077112668935,cju2i03ptvkiu0799xbbd4det,kvasir-seg,segformer,polypseg/runs_cv/segformer_seed42_fold0/best.pth,True
0.8219743230758527,0.6977558632015959,0.9782161721419083,0.7087689106918182,0.3898883849089684,0.1894712426415463,4,132.41355658247085,16.32218351537268,cju2iatlki5u309930zmgkv6h,kvasir-seg,segformer,polypseg/runs_cv/segformer_seed42_fold0/best.pth,True
0.920476245944772,0.8526688203821412,0.9779119477979615,0.8694130120219049,0.3987724610891966,0.2509919584415008,4,81.86805678846781,9.855812992267287,cju2igw4gvxds0878808qj398,kvasir-seg,segformer,polypseg/runs_cv/segformer_seed42_fold0/best.pth,True
0.9527828806887623,0.9098236298079375,0.9129400570841439,0.9962620703925019,0.7061003662352515,0.44998719294549616,4,10.0,1.2835912917538481,cju2lcyfgkf5809932fn9gucn,kvasir-seg,segformer,polypseg/runs_cv/segformer_seed42_fold0/best.pth,True
0.9757250378869847,0.9526006921755901,0.9685842513210496,0.9829718958595156,0.9005331214279173,0.6801809598067207,4,5.0,0.6165185932573554,cju2lz8vqktne0993fuym6drw,kvasir-seg,segformer,polypseg/runs_cv/segformer_seed42_fold0/best.pth,True
0.9389973735286753,0.8850094713258029,0.9339633356785763,0.9440859721211874,0.6334162801938009,0.4143283251638959,4,21.0,2.5375906455903925,cju2ma647l0nj0993ot4deq2q,kvasir-seg,segformer,polypseg/runs_cv/segformer_seed42_fold0/best.pth,True
0.8931980169453655,0.8070079658515348,0.9781039460990794,0.8218554929343126,0.5891558962100587,0.4627129543893898,4,83.27359977890569,10.28366981001643,cju2nfnvxzdkd0878399axlco,kvasir-seg,segformer,polypseg/runs_cv/segformer_seed42_fold0/best.pth,True
0.971340506182782,0.9442779773297644,0.9652974638972521,0.9774596875161781,0.7465941933391981,0.4406367821518817,4,10.816653826391969,1.3637208944108126,cju2nguelpmlj0835rojdn097,kvasir-seg,segformer,polypseg/runs_cv/segformer_seed42_fold0/best.pth,True
0.9894901313360213,0.9791988797143087,0.9862868785007775,0.9927142589533844,0.9570078536714123,0.7235460046998167,4,4.0,0.5105476600182193,cju2okvco06xc0799kxe5n1qh,kvasir-seg,segformer,polypseg/runs_cv/segformer_seed42_fold0/best.pth,True
0.97673406598403,0.9545261241627401,0.9679806310047908,0.9856472600357581,0.6170480944850462,0.4706810264741476,4,15.524174696260024,1.9909301219904345,cju2qdj95ru8g09886gfi9rsz,kvasir-seg,segformer,polypseg/runs_cv/segformer_seed42_fold0/best.pth,True
0.7809224957336386,0.640584780705634,0.807949316015861,0.7556453039303236,0.15521148982660998,0.11140902076877487,4,196.02359414646276,24.00683888403577,cju2qfie4rvz508357kad9z5o,kvasir-seg,segformer,polypseg/runs_cv/segformer_seed42_fold0/best.pth,True
0.8861699090465102,0.7956060051205008,0.954489544887063,0.8269772398505977,0.5030106676580639,0.28305085277159814,4,18.219544457292887,2.4055835781662407,cju2qu37qobl50993aw7ghcfq,kvasir-seg,segformer,polypseg/runs_cv/segformer_seed42_fold0/best.pth,True
0.8331123592792029,0.7139610792043197,0.9977337355817981,0.7151207904394856,0.42906941713367847,0.24133988286439328,4,116.58576578322425,15.19062757869152,cju2raxlosl630988jdbfy9b0,kvasir-seg,segformer,polypseg/runs_cv/segformer_seed42_fold0/best.pth,True
0.9758642819247862,0.9528661726190449,0.9810378681571891,0.970744976124288,0.8985712488733975,0.7775124061618571,4,6.708203932499369,0.8215478943235852,cju2rga4psq9n09881z519xx0,kvasir-seg,segformer,polypseg/runs_cv/segformer_seed42_fold0/best.pth,True
0.9124647466018797,0.8390208443825484,0.9596647341670943,0.8696900582395843,0.5740856965020645,0.42744737857619053,4,97.56403903589249,12.050969163719094,cju2rz4k434s70855wwx3ddtx,kvasir-seg,segformer,polypseg/runs_cv/segformer_seed42_fold0/best.pth,True
0.9716583829710366,0.9448789846493878,0.9643529559408451,0.9790753389719159,0.7024415545080831,0.6054829017563537,4,10.032419153728577,1.3048397820231263,cju2saez63gxl08559ucjq3kt,kvasir-seg,segformer,polypseg/runs_cv/segformer_seed42_fold0/best.pth,True
0.8925715660848482,0.8059857763713829,0.9109563042826915,0.8749142219916046,0.4038911050645233,0.27461304458168095,4,35.34402308718114,4.602359450371394,cju2t9tdwuk700835kv0ljmtl,kvasir-seg,segformer,polypseg/runs_cv/segformer_seed42_fold0/best.pth,True
0.9713727478440262,0.9443389194755011,0.9529540215917677,0.9905175022672488,0.7682784408098193,0.5614226178745682,4,9.178504627504019,1.1325128196699075,cju2tqfgw4oat0799rn0g5b2z,kvasir-seg,segformer,polypseg/runs_cv/segformer_seed42_fold0/best.pth,True
0.7710811756439333,0.6274467933616097,0.6397880679297445,0.9701738938920297,0.45265801026667835,0.2555135476837276,4,45.45327270945405,5.697760205575465,cju2trtjf4qjd0878a2zle9v9,kvasir-seg,segformer,polypseg/runs_cv/segformer_seed42_fold0/best.pth,True
0.9567312958650633,0.9170516589571918,0.9772854425313048,0.9370239244615703,0.8529770869286861,0.641671067900878,4,6.708203932499369,0.854321628691654,cju2urqpwvxw70835rvndvtsi,kvasir-seg,segformer,polypseg/runs_cv/segformer_seed42_fold0/best.pth,True
0.5145892160806002,0.3464288947215038,0.9629287930809114,0.3511116547895926,0.4683673807855282,0.353590946626297,4,161.2032877405239,19.943816025906315,cju2uzabhs6er0993x3aaf87p,kvasir-seg,segformer,polypseg/runs_cv/segformer_seed42_fold0/best.pth,True
0.9777998674591953,0.9565640194437787,0.9728571428517975,0.9827930728187011,0.9729169331663525,0.7696293080572173,4,3.605551275463989,0.44239360129898364,cju2wve9v7esz0878mxsdcy04,kvasir-seg,segformer,polypseg/runs_cv/segformer_seed42_fold0/best.pth,True
0.9791621669834638,0.9591750377139509,0.9633934511032534,0.9954556737231103,0.7050455395766901,0.6206262081556395,4,17.03960337078577,2.0868253872780467,cju2wzu8wxtgu09880ku9x1pg,kvasir-seg,segformer,polypseg/runs_cv/segformer_seed42_fold0/best.pth,True
0.9612468983352312,0.9253853459447472,0.9360624186577859,0.9878240081101395,0.7049029966878035,0.21859174533316708,9,30.4138126514911,1.767168843649048,cju2x7vw87mu30878hye2ca0m,kvasir-seg,segformer,polypseg/runs_cv/segformer_seed42_fold0/best.pth,True
0.7371014178497722,0.5836584411986382,0.5852886316891431,0.995250565213651,0.46539763349602625,0.3049024508272337,4,174.96982652075303,21.44840514949396,cju2xlcqxy9c60988vjacdznb,kvasir-seg,segformer,polypseg/runs_cv/segformer_seed42_fold0/best.pth,True
0.9729895812959324,0.9473999129665097,0.9948876131708295,0.9520347645454207,0.6692167742073224,0.44698959330885546,4,9.0,1.1030969134918436,cju2xyd9vyi7m098831qcucse,kvasir-seg,segformer,polypseg/runs_cv/segformer_seed42_fold0/best.pth,True
0.9702871263819647,0.9422890120551078,0.9805273954261966,0.960258537862171,0.723999606307108,0.5042714043781023,4,13.601470508735444,1.774047168218334,cju2y0z6g87p10878fpk5d3rq,kvasir-seg,segformer,polypseg/runs_cv/segformer_seed42_fold0/best.pth,True
0.9389181506547296,0.8848687320719693,0.9500541418484364,0.9280401943578223,0.7050343728519033,0.41207441918179155,4,22.20360331117452,2.734888137284436,cju2y8s56ymqr083541ggdsml,kvasir-seg,segformer,polypseg/runs_cv/segformer_seed42_fold0/best.pth,True
0.968511253354525,0.9389450505439246,0.945633547258248,0.9925233644842312,0.7999568305066863,0.5210538049973623,4,22.68755229527423,2.7766991600768653,cju2yb31a8e8u0878wdashg7o,kvasir-seg,segformer,polypseg/runs_cv/segformer_seed42_fold0/best.pth,True
0.958543277620561,0.9203870473182564,0.9830144274942901,0.9352609034176863,0.7086746371953572,0.5441203639231635,3,5.0,0.8664249177807478,cju2zdvjn9h7r08553cp4eed5,kvasir-seg,segformer,polypseg/runs_cv/segformer_seed42_fold0/best.pth,True
0.9785754613244309,0.9580496887154301,0.9740601614925787,0.9831328178613513,0.9142280165677218,0.7140912212694756,4,6.0,0.7342318940968569,cju2zi4l09f5807991s8do2b2,kvasir-seg,segformer,polypseg/runs_cv/segformer_seed42_fold0/best.pth,True
0.9569648420094415,0.9174809062554188,0.9856075537379767,0.9299398866888814,0.8301089898175741,0.6834018513972981,4,21.516389728854808,2.634722077180602,cju2zm0axztpe0988r8s9twjr,kvasir-seg,segformer,polypseg/runs_cv/segformer_seed42_fold0/best.pth,True
0.9612972484266834,0.9254786771004625,0.9630929468927533,0.9595082336909597,0.8875657514276591,0.7808459811582561,4,7.0,0.8566038764463331,cju2zp89k9q1g0855k1x0f1xa,kvasir-seg,segformer,polypseg/runs_cv/segformer_seed42_fold0/best.pth,True
0.15708250711132785,0.08523577844231628,0.9999999998902306,0.08523577844231628,0.0,0.0,4,57.050412472120385,6.986914337784544,cju2zy1e49pqk0878t6ncqn12,kvasir-seg,segformer,polypseg/runs_cv/segformer_seed42_fold0/best.pth,True
0.9686169754399506,0.9391438024230887,0.941977005326511,0.9968076049907888,0.789863965787837,0.4399711462999383,4,6.4031242374328485,0.7708500424463699,cju303j5r062k098835zxfds5,kvasir-seg,segformer,polypseg/runs_cv/segformer_seed42_fold0/best.pth,True
0.9564482833258768,0.9165317521340951,0.936429989247233,0.9773411452422044,0.5094647520049311,0.27156960288694915,4,22.0,2.758664606993216,cju30ftgja7170855xl9bkdm0,kvasir-seg,segformer,polypseg/runs_cv/segformer_seed42_fold0/best.pth,True
0.972593147077071,0.9466484911114663,0.976720500504502,0.968500528994092,0.9103409716627591,0.6506824110414033,4,4.47213595499958,0.5745798125963429,cju30lncba3ny0878jwnous8n,kvasir-seg,segformer,polypseg/runs_cv/segformer_seed42_fold0/best.pth,True
0.9746884222331286,0.9506265640304189,0.962996520380384,0.9866677200804018,0.557214062435893,0.32632831396772694,4,13.0,1.5920986800154366,cju30qbm1ad3x0855znuhpz9u,kvasir-seg,segformer,polypseg/runs_cv/segformer_seed42_fold0/best.pth,True
0.9768692650113985,0.9547844000818542,0.9622695543190898,0.9919188191845316,0.8541113558387127,0.7029177218864588,4,7.211102550927978,0.8806609876710917,cju31ugmfb3dz0855xtqshki6,kvasir-seg,segformer,polypseg/runs_cv/segformer_seed42_fold0/best.pth,True
0.900259583527575,0.8186109831402638,0.9952360574435846,0.8218313152830526,0.3063807866300314,0.1769442355518163,4,98.50888284819801,11.849762896450056,cju32phw2bv130801yj7bkouq,kvasir-seg,segformer,polypseg/runs_cv/segformer_seed42_fold0/best.pth,True
0.9510903990567571,0.9067420092269907,0.932112451219705,0.9708571956356417,0.7223025340017176,0.5042638946508335,4,14.499620099739865,1.744178345168005,cju32srle1xfq083575i3fl75,kvasir-seg,segformer,polypseg/runs_cv/segformer_seed42_fold0/best.pth,True
0.7954107752901918,0.6603170267290166,0.6668154085799743,0.9854559842677808,0.49677307770823204,0.2965199072862016,4,168.37844192071753,20.58845436413838,cju32zhbnc1oy0801iyv1ix6p,kvasir-seg,segformer,polypseg/runs_cv/segformer_seed42_fold0/best.pth,True
0.938453914766166,0.884044440293373,0.8898599755645337,0.9926617045791117,0.4905855673663183,0.2132098724878957,4,22.67156809750927,2.727192702613422,cju33eqwbcch208012jikwdky,kvasir-seg,segformer,polypseg/runs_cv/segformer_seed42_fold0/best.pth,True
0.6938579715887573,0.5312270461373547,0.5609423152489597,0.9093225595532191,0.17033474673321367,0.09190077706686076,4,129.634100452003,15.924916257891933,cju34ds2531520988qjpqt6e3,kvasir-seg,segformer,polypseg/runs_cv/segformer_seed42_fold0/best.pth,True
0.9812118365413319,0.9631166436113973,0.9741847373472763,0.9883410496401327,0.9320175261508008,0.7242638691078205,4,4.7888543819997835,0.6222913483356323,cju34eqjpcpm508788b3lhp97,kvasir-seg,segformer,polypseg/runs_cv/segformer_seed42_fold0/best.pth,True
0.9730599707557236,0.947533393426875,0.9662599757646698,0.9799563531570016,0.7197182145921237,0.43050315684670865,4,8.599409190956361,1.0531621555257105,cju34i3qvcyog0855qiejxx5w,kvasir-seg,segformer,polypseg/runs_cv/segformer_seed42_fold0/best.pth,True
0.9487679573772327,0.9025295262215447,0.9080355110389133,0.9933263608728965,0.46647804173311097,0.3221906403535594,4,20.02123673532567,2.4083808621898797,cju34ouumcznz07996gg1xq7v,kvasir-seg,segformer,polypseg/runs_cv/segformer_seed42_fold0/best.pth,True
0.962246981980947,0.9272408417734713,0.9477394941209012,0.9772055199565581,0.7719876160344075,0.5013348806252433,4,9.848857801796104,1.2334365726215877,cju35eg0tdmjt085525sb4bua,kvasir-seg,segformer,polypseg/runs_cv/segformer_seed42_fold0/best.pth,True
0.6302853595260469,0.4601581533128343,0.9879574601171446,0.46275374822928683,0.4398781673566956,0.3656965509964553,4,199.03328367740434,24.3560974771296,cju3tsh4lfsok0987w6x3a0v1,kvasir-seg,segformer,polypseg/runs_cv/segformer_seed42_fold0/best.pth,True
0.0,0.0,0.0,0.0,0.0,0.0,4,406.42550045066434,49.69563070544742,cju3uhb79gcgr0871orbrbi3x,kvasir-seg,segformer,polypseg/runs_cv/segformer_seed42_fold0/best.pth,True
0.92607770509708,0.8623321347293522,0.8926957116234562,0.9620532973066354,0.43541208329341813,0.21332965989913305,4,14.317821063276353,1.7521001464382118,cju3v11mrgwwb0755u242ygye,kvasir-seg,segformer,polypseg/runs_cv/segformer_seed42_fold0/best.pth,True
0.9561437098750847,0.9159725518928143,0.9695308574255651,0.9431212228895168,0.7310288429791062,0.5296311418879398,4,14.142135623730951,1.8033627278643893,cju3v3ac9gyz30755hfqwyp1i,kvasir-seg,segformer,polypseg/runs_cv/segformer_seed42_fold0/best.pth,True
0.8898686506837574,0.8015886149254767,0.945342891712383,0.8405441673212246,0.737798820063367,0.25166707158004464,8,304.20059171540083,19.292574645712662,cju3x4blzieu30850x10uuvbm,kvasir-seg,segformer,polypseg/runs_cv/segformer_seed42_fold0/best.pth,True
0.9476568616459354,0.9005207779737457,0.9392007980882381,0.9562665763729119,0.6741338229632431,0.4116949821140445,4,8.0,0.9789758587958092,cju3x9lttikfb0818a0g104zn,kvasir-seg,segformer,polypseg/runs_cv/segformer_seed42_fold0/best.pth,True
0.93567001098139,0.8791164588382463,0.9548657941208615,0.9172308085307059,0.4101300623726632,0.2775078565630069,4,21.344687348264838,2.616139859257705,cju40r6jrksyk0871wg98zgho,kvasir-seg,segformer,polypseg/runs_cv/segformer_seed42_fold0/best.pth,True
0.9792776240180029,0.9593966460036484,0.9803948961489224,0.9781628955025872,0.9621437251588294,0.723610106857893,4,4.0,0.5306580136389669,cju41kd7yl4nm0850gil5qqwh,kvasir-seg,segformer,polypseg/runs_cv/segformer_seed42_fold0/best.pth,True
0.9425123347479392,0.8912750150360228,0.9784412756750871,0.9091285963006233,0.5327618729560832,0.36783658894110877,4,25.0,3.1430333218683755,cju41r6v2lcww0871ps8k8pf5,kvasir-seg,segformer,polypseg/runs_cv/segformer_seed42_fold0/best.pth,True
0.9168298557163058,0.8464319853669987,0.9909497859040922,0.8530261780068983,0.5226319736442792,0.42945820347923197,4,24.73863375370596,3.0933806639921113,cju42qet0lsq90871e50xbnuv,kvasir-seg,segformer,polypseg/runs_cv/segformer_seed42_fold0/best.pth,True
0.9640374979757392,0.9305718074660225,0.9773062428233875,0.9511242226044401,0.8961131843594102,0.590849554087156,4,5.0,0.6315044447346381,cju43lcnum9y10755bjs7z87f,kvasir-seg,segformer,polypseg/runs_cv/segformer_seed42_fold0/best.pth,True
0.9496025942634329,0.9040412600767475,0.9712799167508551,0.9288717502153778,0.6381519527490109,0.46665887503518794,4,27.294688127912362,3.431871748840278,cju45jpvfn6c809873pv1i34s,kvasir-seg,segformer,polypseg/runs_cv/segformer_seed42_fold0/best.pth,True
0.9753252439314246,0.9518388524310947,0.970620273253336,0.980076050403884,0.8503146590156798,0.7653388291839328,4,9.433981132056603,1.1544549725773217,cju45n0oxn5vu08500yfrt9jn,kvasir-seg,segformer,polypseg/runs_cv/segformer_seed42_fold0/best.pth,True
0.9268659397755962,0.8637000484187208,0.9802405046265396,0.8790037639308029,0.34750650141242667,0.20280327909827786,4,75.50643221078117,9.23987178976963,cju45ofd9ne1j0801ri8dup7t,kvasir-seg,segformer,polypseg/runs_cv/segformer_seed42_fold0/best.pth,True
0.9453252940283138,0.8963192998521498,0.9654477725370022,0.9260245005070511,0.519323842214097,0.2660461181972878,4,11.661903789690601,1.427284796362811,cju45qbf3n9sa0987oonbkly9,kvasir-seg,segformer,polypseg/runs_cv/segformer_seed42_fold0/best.pth,True
0.9380802279870933,0.8833814500025072,0.9623051027597346,0.9150450678084616,0.44482902232782007,0.3541115111193854,4,13.0,1.5933622083771073,cju5b9oyda4yr0850g9viziyv,kvasir-seg,segformer,polypseg/runs_cv/segformer_seed42_fold0/best.pth,True
0.9428836469637177,0.8919393255581924,0.9974415588932203,0.8939846081328915,0.6926154457402943,0.5375314200675707,4,22.018165378241036,2.7609424336307704,cju5bbtwsa8cl0987wgfsqpao,kvasir-seg,segformer,polypseg/runs_cv/segformer_seed42_fold0/best.pth,True
0.972043310237489,0.9456072613935325,0.9714683368094242,0.972618964672986,0.8655332755921284,0.645750945151789,4,7.615773105863909,0.9312177690273482,cju5bf6hxa6m50817rbwettgu,kvasir-seg,segformer,polypseg/runs_cv/segformer_seed42_fold0/best.pth,True
0.510467253819916,0.3427029416634259,0.9870026525146578,0.34425653171426196,0.20815151195530385,0.17098115650036108,4,128.4385649154186,15.46227584309613,cju5ca9hcatkc0801jzwe7tfx,kvasir-seg,segformer,polypseg/runs_cv/segformer_seed42_fold0/best.pth,True
0.921466554713346,0.8543699397921197,0.9243121841610089,0.9186383928520165,0.5445623843954693,0.3379591336831061,4,13.892443989449804,1.7027457872911549,cju5cky5xb0ay0801oxet697t,kvasir-seg,segformer,polypseg/runs_cv/segformer_seed42_fold0/best.pth,True
0.949932897265745,0.9046401842246349,0.9870475759733325,0.9155082207892011,0.5666357149259503,0.408887426986025,4,31.471392602697538,3.912812106335006,cju5eftctcdbj08712gdp989f,kvasir-seg,segformer,polypseg/runs_cv/segformer_seed42_fold0/best.pth,True
0.9562315247430986,0.9161337474843189,0.9342973204601264,0.9792203734045026,0.6341403183963392,0.3853493305160104,4,10.0,1.2349255751306454,cju5f26ebcuai0818xlwh6116,kvasir-seg,segformer,polypseg/runs_cv/segformer_seed42_fold0/best.pth,True
0.22797575757538913,0.12865273065534155,0.12876077114041046,0.9935202141006688,0.17603783380663698,0.14015847335693835,4,228.77936969928035,27.52017085315422,cju5fi0yxd3ei0801v7u0yudn,kvasir-seg,segformer,polypseg/runs_cv/segformer_seed42_fold0/best.pth,True
0.9708967584183398,0.9434396076006318,0.9591495992854872,0.9829352314443845,0.7307130598500432,0.4337858752327194,4,9.096424967926286,1.1131475556184096,cju5ft6mcd5q40987rhjgbrr6,kvasir-seg,segformer,polypseg/runs_cv/segformer_seed42_fold0/best.pth,True
0.9611818087475722,0.9252647064148394,0.9837414072739172,0.9396337077390958,0.6203113970974997,0.45052351270182733,4,13.0,1.59083577054319,cju5hjxaae3i40850h5z2laf5,kvasir-seg,segformer,polypseg/runs_cv/segformer_seed42_fold0/best.pth,True
0.9653032778278463,0.9329335419188062,0.9363514770863335,0.9961025704460452,0.7380243155737085,0.6049955164461882,4,21.0,2.639872616828343,cju5hqz50e7o90850e0prlpa0,kvasir-seg,segformer,polypseg/runs_cv/segformer_seed42_fold0/best.pth,True
0.9724969049208247,0.9464661562366273,0.9666947066673935,0.9783691744939825,0.8031388700556606,0.6004555605475297,4,6.708203932499369,0.8949826503825534,cju5hwonqedw10801vsd3w6kk,kvasir-seg,segformer,polypseg/runs_cv/segformer_seed42_fold0/best.pth,True
0.7222985347944008,0.5653108761819986,0.5653108761819986,0.9999999999841521,0.04754418987600531,0.0,4,143.86104293344076,17.63251915906623,cju5k7r0yf98c09878csbxb4d,kvasir-seg,segformer,polypseg/runs_cv/segformer_seed42_fold0/best.pth,True
0.9569317824540489,0.917420132602106,0.9915309446161793,0.924665856614089,0.819248661028125,0.6235470657506367,4,7.0710678118654755,0.9050785611514093,cju5klveuff6w0871wbibgh3m,kvasir-seg,segformer,polypseg/runs_cv/segformer_seed42_fold0/best.pth,True
0.9672906482215838,0.9366533251159432,0.95271275345688,0.9823216015419574,0.8693072565463487,0.7896036299539217,4,8.94427190999916,1.1481546242546092,cju5u4pywk81x0817vn9pe14z,kvasir-seg,segformer,polypseg/runs_cv/segformer_seed42_fold0/best.pth,True
0.9653054101208163,0.9329375252977117,0.974516547327692,0.9562667699345626,0.7149829856313632,0.49555054516495195,4,14.142135623730951,1.7025229312442576,cju5vxuc5loxw0818u8xgf45p,kvasir-seg,segformer,polypseg/runs_cv/segformer_seed42_fold0/best.pth,True
0.9540973312371928,0.9122238232414012,0.9634749524352347,0.9449004975065615,0.7352491329279225,0.5016891391897648,4,10.049509756796393,1.2632151579150634,cju5vzjoslpj708186z2fusmz,kvasir-seg,segformer,polypseg/runs_cv/segformer_seed42_fold0/best.pth,True
0.9523875451675194,0.9091029232941029,0.9495872560090842,0.9552043990197867,0.7033100046553855,0.43187905769123786,4,18.15967772666629,2.1844514841219422,cju5wcc90lu020850mjrxppv6,kvasir-seg,segformer,polypseg/runs_cv/segformer_seed42_fold0/best.pth,True
0.9531095055923179,0.9104194857854504,0.9754965927144011,0.9317269076240705,0.7785119370302312,0.5216758428967626,4,7.280109889280518,0.8922963054163096,cju5wqonpm0e60801z88ewmy1,kvasir-seg,segformer,polypseg/runs_cv/segformer_seed42_fold0/best.pth,True
0.9542577882841203,0.9125172318695547,0.932441188897218,0.9771197449191747,0.5463785573809812,0.3516030501235926,4,54.075777161441664,6.863535807549718,cju5xopi0md7q0871r1sjc1av,kvasir-seg,segformer,polypseg/runs_cv/segformer_seed42_fold0/best.pth,True
0.7944162436506217,0.6589473684152723,0.9243263196637834,0.6965229485331801,0.5479803511861924,0.4726630897343352,4,37.35235656246532,4.803229079006988,cju5xq3tdm9fn0987pbedxdg5,kvasir-seg,segformer,polypseg/runs_cv/segformer_seed42_fold0/best.pth,True
0.44179495416189946,0.283528124454426,0.9759279475929261,0.2855249289337163,0.40650604956425773,0.28863941401679827,4,145.0,18.613300466726756,cju5yeqiwmkgl0801fzv2douc,kvasir-seg,segformer,polypseg/runs_cv/segformer_seed42_fold0/best.pth,True
0.8997535842243517,0.8177746105994321,0.8756267713006798,0.9252476387822477,0.5134073788967909,0.24962847908083727,4,15.308414348552429,1.9722605948713376,cju5yhgznmkzb0801cji2vi8j,kvasir-seg,segformer,polypseg/runs_cv/segformer_seed42_fold0/best.pth,True
0.9633965945898612,0.929378187995328,0.9822861177011598,0.9452198616542414,0.8496228333995177,0.5133654482324993,4,5.0990195135927845,0.6440106973244991,cju5yimthmlv80850zhoc90c2,kvasir-seg,segformer,polypseg/runs_cv/segformer_seed42_fold0/best.pth,True
0.9213630406247829,0.8541919805515171,0.9750346740541407,0.8732919254580896,0.5504404293848273,0.32103841796715926,4,8.602325267042627,1.0543553834364023,cju5ymyd8mmdc0801ry3by1xr,kvasir-seg,segformer,polypseg/runs_cv/segformer_seed42_fold0/best.pth,True
0.979582861105114,0.95998275976235,0.9807773731882788,0.9783912551302127,0.7947770447076973,0.5152577185923984,4,6.0,0.7223193058850476,cju6uy20suzbl0987rzuhz7z9,kvasir-seg,segformer,polypseg/runs_cv/segformer_seed42_fold0/best.pth,True
0.9705039037521695,0.9426979930174891,0.9547356083048678,0.9868018004698295,0.6973355547990825,0.41169438875985803,4,54.18254982633776,6.517690080361503,cju6uzxk0v83p0801rcwnexdu,kvasir-seg,segformer,polypseg/runs_cv/segformer_seed42_fold0/best.pth,True
0.8776741069104653,0.7820135954400973,0.8255830868407817,0.936781292979715,0.6600335091951086,0.47816548960009686,4,122.39096937797625,15.79896056488321,cju6v1m1xv07w09870ah3njy1,kvasir-seg,segformer,polypseg/runs_cv/segformer_seed42_fold0/best.pth,True
0.9266100413041384,0.8632557383245352,0.9483194903368511,0.9058723162209417,0.5110220581853225,0.37904746720297194,4,21.0,2.6650754825862024,cju6vqarjv7yo0987q4b1btk1,kvasir-seg,segformer,polypseg/runs_cv/segformer_seed42_fold0/best.pth,True
0.7327552737060599,0.5782271241711964,0.9809424809084913,0.5847965296305557,0.4913070239309934,0.3255507581268012,4,50.97253958934932,6.343303601114759,cju6vvb8svhed0801jjcquh5e,kvasir-seg,segformer,polypseg/runs_cv/segformer_seed42_fold0/best.pth,True
0.9709913202353335,0.943618201993591,0.9816191751674982,0.9605911330005849,0.8609377598448931,0.5658485139691315,4,5.656854249492381,0.7242711268707587,cju6vvxsev9y30987kespucdg,kvasir-seg,segformer,polypseg/runs_cv/segformer_seed42_fold0/best.pth,True
0.9784159943420507,0.9577440415307831,0.9894037151988601,0.9676696390237826,0.8727032490232954,0.6192701079195478,4,11.40175425099138,1.5106856563505608,cju6wll7wvo3y08502pagos8m,kvasir-seg,segformer,polypseg/runs_cv/segformer_seed42_fold0/best.pth,True
0.8833826573042138,0.7911238913516363,0.8000677380164439,0.9860665294416736,0.5859858258840303,0.4278135172410954,4,143.2347500106304,17.558209954275167,cju6x4t13vyw60755gtcf9ndu,kvasir-seg,segformer,polypseg/runs_cv/segformer_seed42_fold0/best.pth,True
0.9014442864609342,0.8205722070816738,0.9091320754682674,0.8938854259390996,0.45444416873975724,0.21952680340892047,4,189.1255889950116,22.750165492140155,cju6x97w4vwua0850x0997r0a,kvasir-seg,segformer,polypseg/runs_cv/segformer_seed42_fold0/best.pth,True
0.9348670901389903,0.8776999391193181,0.9480499032120812,0.9220458680878789,0.22767145435193198,0.08924833302857481,4,50.47359568277025,6.1946648740589385,cju6xifswvwbo0987nibtdr50,kvasir-seg,segformer,polypseg/runs_cv/segformer_seed42_fold0/best.pth,True
0.9735478765486958,0.9484591188484026,0.992235724269293,0.9555509527734972,0.7433517857430659,0.42138219578536745,4,7.0,0.8579642660492116,cju6ywm40wdbo0987pbftsvtg,kvasir-seg,segformer,polypseg/runs_cv/segformer_seed42_fold0/best.pth,True
0.9336739971440784,0.8755990144134498,0.9912800913701649,0.8823954952471701,0.4858647499926851,0.27258747670481986,4,98.10955310200701,12.02492724565423,cju6z9a9kwsl007552s49rx6i,kvasir-seg,segformer,polypseg/runs_cv/segformer_seed42_fold0/best.pth,True
0.963937225160596,0.930384961770306,0.9490246667429948,0.979325924280483,0.4737000168419047,0.3753186800815167,3,12.175714651409256,1.956671026922086,cju76l27oyrw907551ri2a7fl,kvasir-seg,segformer,polypseg/runs_cv/segformer_seed42_fold0/best.pth,True
0.9650215108330037,0.9324073117787235,0.9916524795376371,0.939783491199439,0.8084367079221655,0.573095877428765,4,6.0,0.7342318940968569,cju774fmayxif0818u2g79usw,kvasir-seg,segformer,polypseg/runs_cv/segformer_seed42_fold0/best.pth,True
0.9572226655987341,0.9179549976969389,0.9786227153967149,0.9367385192054299,0.8486339684472554,0.4925085490850829,4,5.0,0.6417956458769241,cju77b3wyz4160755qis4ljsb,kvasir-seg,segformer,polypseg/runs_cv/segformer_seed42_fold0/best.pth,True
0.9598157817914573,0.922736343226299,0.9444240557818697,0.9757175120736953,0.6949955467769825,0.5117744939513942,4,151.32762409002098,18.845283199255416,cju77idwfz36d0871tzfzz51i,kvasir-seg,segformer,polypseg/runs_cv/segformer_seed42_fold0/best.pth,True
0.8530152691363717,0.7437023756140932,0.9695741945499646,0.7614735038527675,0.5804605558103652,0.3683072065527387,4,58.342966594319435,7.245209211182044,cju77q10sz9ug0801449wu1nu,kvasir-seg,segformer,polypseg/runs_cv/segformer_seed42_fold0/best.pth,True
0.895649218216996,0.8110187750045744,0.8152215948611059,0.9936834166069874,0.5287048900846927,0.421122944810052,3,42.278097127980985,6.120521433887939,cju77re6fz5bb0817vp9redjg,kvasir-seg,segformer,polypseg/runs_cv/segformer_seed42_fold0/best.pth,True
0.9325507048847935,0.8736252945711545,0.9687499999894517,0.8989592805809946,0.7776362958390295,0.5431462241549307,4,12.727922061357855,1.732081279637211,cju7ae7bq1f820987toc8si1d,kvasir-seg,segformer,polypseg/runs_cv/segformer_seed42_fold0/best.pth,True
0.9696298227288529,0.9410499683684943,0.9751589434294083,0.9641630484027984,0.9584608023145803,0.680242208771987,4,4.0,0.4925626550974161,cju7afqon1ip40850ue2308b6,kvasir-seg,segformer,polypseg/runs_cv/segformer_seed42_fold0/best.pth,True
0.9667236147564405,0.9355905434039011,0.9556362169744119,0.9780713069450592,0.8308533881974748,0.5536395760690954,4,5.0,0.6113744173328506,cju7aifyo1p3n07552nxjx51f,kvasir-seg,segformer,polypseg/runs_cv/segformer_seed42_fold0/best.pth,True
0.9760665036073165,0.9532518538030035,0.9721715737528854,0.9799927684675787,0.8723222879094639,0.5534295772713115,4,5.385164807134504,0.6638413069459448,cju7aklv31h4309871m29l4e7,kvasir-seg,segformer,polypseg/runs_cv/segformer_seed42_fold0/best.pth,True
0.9368657920414876,0.8812300319453624,0.8956084097698854,0.9821078867679272,0.7139848498566653,0.5087811256736992,4,23.7223365486969,2.949378402477765,cju7azuu31mia0801pf9ib5ed,kvasir-seg,segformer,polypseg/runs_cv/segformer_seed42_fold0/best.pth,True
0.9678273825929992,0.9376603934953748,0.9442908934242281,0.9925671596702664,0.7989139039100763,0.5160531576196776,4,8.54400374531753,1.0978038669724481,cju7b2l561oas0871decgslaf,kvasir-seg,segformer,polypseg/runs_cv/segformer_seed42_fold0/best.pth,True
0.984574088252919,0.9696168640791527,0.9886312588531244,0.9805500813966574,0.8832098316852807,0.670908683217526,4,5.213477631009433,0.6584668593014137,cju7bgnvb1sf808717qa799ir,kvasir-seg,segformer,polypseg/runs_cv/segformer_seed42_fold0/best.pth,True
0.9521185616103771,0.9086128704346425,0.99197558529036,0.9153406853082755,0.7292581442731572,0.5231393568187312,4,53.22217330543447,6.837982268767922,cju7cl8zm1xcu0817ado0jpas,kvasir-seg,segformer,polypseg/runs_cv/segformer_seed42_fold0/best.pth,True
0.9180982061399398,0.8485966206454891,0.9822713780304059,0.8617958688564026,0.53019714753349,0.36829167354726294,4,29.004024477112758,3.584972710789329,cju7cue9b232j0801qdzk1ykj,kvasir-seg,segformer,polypseg/runs_cv/segformer_seed42_fold0/best.pth,True
0.9609360302456224,0.9248093074315494,0.9840409664897782,0.9388911947809797,0.6620033790143275,0.4701527809772836,4,71.20629874355416,9.132000110649686,cju7d1tvt25bu08019dvw3uff,kvasir-seg,segformer,polypseg/runs_cv/segformer_seed42_fold0/best.pth,True
0.656766162415776,0.4889440274948368,0.9936744948487337,0.4904706203107356,0.512801996987103,0.3708318559331345,4,186.93897281914323,24.155265672542107,cju7d5m0p23kn09871rk7pu3v,kvasir-seg,segformer,polypseg/runs_cv/segformer_seed42_fold0/best.pth,True
0.9739187234626815,0.9491633321186131,0.9895470383251807,0.9587763819650489,0.8105508380268653,0.4581499532857514,4,6.062071897723665,0.8118432096440922,cju7d7tly27h408016fyp5nr7,kvasir-seg,segformer,polypseg/runs_cv/segformer_seed42_fold0/best.pth,True
0.9616728672220851,0.9261752263462952,0.9985081465841901,0.927458626968755,0.6121333525477033,0.429776086463291,4,27.95342149309356,3.365216001667252,cju7dbppn28nx085097654msi,kvasir-seg,segformer,polypseg/runs_cv/segformer_seed42_fold0/best.pth,True
0.9569654222676733,0.9174819729833145,0.9569738700548076,0.9569569746279957,0.44313549967200283,0.241928514058383,4,14.22119407152637,1.7430394762743604,cju7ddtz729960801uazp1knc,kvasir-seg,segformer,polypseg/runs_cv/segformer_seed42_fold0/best.pth,True
0.9716624619214212,0.9448866991055745,0.9810525722412213,0.9624504016251936,0.5183345620416488,0.36522624415277494,4,33.977926846349646,4.427765182197626,cju7dhpsc2dnn0818025m6857,kvasir-seg,segformer,polypseg/runs_cv/segformer_seed42_fold0/best.pth,True
0.9317099608978907,0.8721507519446561,0.8969514013085236,0.9692710430891289,0.627250125008927,0.4053520354016615,4,24.698178070456937,3.024764361904669,cju7dizi82h2i0755doucgnt3,kvasir-seg,segformer,polypseg/runs_cv/segformer_seed42_fold0/best.pth,True
0.7906405003217799,0.6537679660449596,0.9989645776512318,0.6542112776564804,0.31231055487739184,0.1444762896910803,4,131.43741519683337,16.30901606326526,cju7dmlgf2ebw0871ieqas5fh,kvasir-seg,segformer,polypseg/runs_cv/segformer_seed42_fold0/best.pth,True
0.9745267314448249,0.950319000336176,0.9761516984606168,0.9729071654905584,0.8860540384758605,0.6797368790030163,4,5.385164807134504,0.6828403370610066,cju7dsrtb2f8i085064kwugfk,kvasir-seg,segformer,polypseg/runs_cv/segformer_seed42_fold0/best.pth,True
0.9711668646897809,0.9439498314728653,0.9658825469228572,0.9765093212562328,0.428802729783169,0.21576198432628613,4,124.00403219250575,15.174619238725185,cju7ebe962hr409872ovibahw,kvasir-seg,segformer,polypseg/runs_cv/segformer_seed42_fold0/best.pth,True
0.958777813636223,0.920819615825253,0.9752723852779082,0.9428319009135377,0.6666773494124228,0.4752926027369778,4,39.08693724090203,4.786943168237411,cju7emdni2py40871ivhxjtut,kvasir-seg,segformer,polypseg/runs_cv/segformer_seed42_fold0/best.pth,True
0.7865512829133501,0.6481949107843378,0.6486088743248497,0.9990163373492472,0.3433880031390378,0.25361298725920256,4,72.11102550927978,8.838383296446459,cju7epwj82koz098713apjnzo,kvasir-seg,segformer,polypseg/runs_cv/segformer_seed42_fold0/best.pth,True
0.8871156661753765,0.797131956316293,0.8998292121415323,0.8747563704549574,0.5657629883533174,0.3615838128632137,4,34.72452795521054,4.1803661549656015,cju7et17a2vjk0755e743npl1,kvasir-seg,segformer,polypseg/runs_cv/segformer_seed42_fold0/best.pth,True
0.9631617012334156,0.9289410917586534,0.9465478501429978,0.9803691859529171,0.7158781320736388,0.47882012757932063,4,19.211845655504177,2.350991637456217,cju7ev2b12owa08500bpfpwyw,kvasir-seg,segformer,polypseg/runs_cv/segformer_seed42_fold0/best.pth,True
0.8567451444600505,0.7493912143110182,0.9724316389229275,0.7656577529623219,0.4895257717974201,0.32230517946534193,4,96.67866598742901,13.169915989634388,cju7evxt12m730987rxivne3x,kvasir-seg,segformer,polypseg/runs_cv/segformer_seed42_fold0/best.pth,True
0.9782551243686605,0.9574358019306859,0.9894997968371303,0.9672631490907114,0.8374738231178634,0.7342972172595111,4,12.200380133626737,1.4675997498907893,cju7f4sc62xqj075597xpmuoy,kvasir-seg,segformer,polypseg/runs_cv/segformer_seed42_fold0/best.pth,True
0.9800585719238758,0.9608969152008288,0.990315699302466,0.9700117414054898,0.6915196052986993,0.21347532525557222,8,14.0,0.8839363282103965,cju7f5ghb2r5s0801chwkxxh9,kvasir-seg,segformer,polypseg/runs_cv/segformer_seed42_fold0/best.pth,True
0.9398926378667123,0.8866013683513494,0.9019632732484938,0.9811520493384089,0.6419278039825989,0.4628792186553829,4,29.01377674149945,3.49286851283727,cju7f6cqy2ur20818t1saazbm,kvasir-seg,segformer,polypseg/runs_cv/segformer_seed42_fold0/best.pth,True
0.9771150625931311,0.9552541315841744,0.9747367081326967,0.9795050517937731,0.8189059105536275,0.6079040091858965,4,5.830951894845301,0.7148759666387865,cju7fcgbe2z3p07550vaflqdb,kvasir-seg,segformer,polypseg/runs_cv/segformer_seed42_fold0/best.pth,True
0.9267963506136953,0.8635792015277527,0.9776389969799782,0.8809804827134654,0.41902879728871056,0.2722190111209476,4,29.537477971899598,3.621785738029474,cju7frtqu2xa20818wq8r9fzf,kvasir-seg,segformer,polypseg/runs_cv/segformer_seed42_fold0/best.pth,True
0.9260413171599192,0.8622690350721924,0.8895846762971766,0.9656137544885484,0.7434188800472926,0.44658737876281457,4,13.416407864998739,1.6430957886471704,cju83ipu3jwpx0801z5pvguf8,kvasir-seg,segformer,polypseg/runs_cv/segformer_seed42_fold0/best.pth,True
0.9647316882084376,0.931866335731788,0.934525254975308,0.9969560571192742,0.6872164494187244,0.45203156049160037,4,8.06225774829855,0.9890851825998099,cju83nwu1jxte0987h1krpfmv,kvasir-seg,segformer,polypseg/runs_cv/segformer_seed42_fold0/best.pth,True
0.9762269665306764,0.953558000275193,0.9686317501822377,0.9839422351511156,0.8531206237778056,0.607038328394483,4,5.656854249492381,0.7260586441964622,cju83rcnzkbsj0755x5anfrcg,kvasir-seg,segformer,polypseg/runs_cv/segformer_seed42_fold0/best.pth,True
0.9861206581348027,0.9726213144067734,0.9883032363967829,0.983947698682754,0.8688699846669575,0.5982606952557791,4,5.830951894845301,0.7019681875556268,cju8432cmkgq90871cxe4iptl,kvasir-seg,segformer,polypseg/runs_cv/segformer_seed42_fold0/best.pth,True
0.9853011816673424,0.9710282143487453,0.9783458933464736,0.9923560715965536,0.9999999500000026,0.9064465398474584,4,3.0,0.36740738769587,cju84hibuktj80871u519o71q,kvasir-seg,segformer,polypseg/runs_cv/segformer_seed42_fold0/best.pth,True
0.9685391916888919,0.9389975691609237,0.9682732937024797,0.9688052357498476,0.6495601072437714,0.4238248949830282,4,7.0710678118654755,0.8651801031725362,cju857ad0l88m0817qx4cwxnf,kvasir-seg,segformer,polypseg/runs_cv/segformer_seed42_fold0/best.pth,True
0.978230881971881,0.9573893599952785,0.9606180330168469,0.9965016540282261,0.6072895348860194,0.32790167022517136,4,9.879086241436873,1.2692645255746575,cju858eswlepn0871pzvdrhj1,kvasir-seg,segformer,polypseg/runs_cv/segformer_seed42_fold0/best.pth,True
0.976262050376332,0.9536249493683531,0.9748271436220145,0.9777011876049426,0.8907141088761161,0.6820465506682734,4,5.656854249492381,0.6933398291875849,cju85ia1slh220987y7c20sm2,kvasir-seg,segformer,polypseg/runs_cv/segformer_seed42_fold0/best.pth,True
0.8813066750042476,0.7878000657665443,0.9934892593493542,0.791888407759905,0.2509392489918839,0.14426501436520286,4,48.61848249197694,5.911783780168551,cju85mpuglq8k0818d2it6hzb,kvasir-seg,segformer,polypseg/runs_cv/segformer_seed42_fold0/best.pth,True
0.8933269214444325,0.8072184448639567,0.9887660150024562,0.8146902216526863,0.18476800466824417,0.09203192967102873,4,74.92627758980754,9.394334011569509,cju85plp7lmkw0850rx42jdpf,kvasir-seg,segformer,polypseg/runs_cv/segformer_seed42_fold0/best.pth,True
0.9489112906854099,0.9027889675498373,0.9921911059607651,0.9092494281143689,0.7584132308039878,0.6249107146066916,4,94.31649946898175,12.128384781344568,cju85qefyln6v0850szeb9byi,kvasir-seg,segformer,polypseg/runs_cv/segformer_seed42_fold0/best.pth,True
0.31699758980802917,0.18835242771391578,0.19389713108977172,0.8681894383860636,0.2638547459699723,0.1745452383005008,4,231.77575318114953,29.19680629261678,cju87kbcen2av0987usezo8kn,kvasir-seg,segformer,polypseg/runs_cv/segformer_seed42_fold0/best.pth,True
0.9553308393728341,0.9144817090219285,0.987493051694193,0.9251975635702678,0.6672104054763816,0.49217996923839474,4,49.0,5.898940998061222,cju87q6yoneim0871dl4phvkd,kvasir-seg,segformer,polypseg/runs_cv/segformer_seed42_fold0/best.pth,True
0.8234232587212618,0.6998466226914711,0.9922185901073108,0.7037089303620712,0.2985370243926588,0.19834608734385778,4,164.81958727746516,21.457027964755337,cju87vqa0ndwg0850onjdz7ol,kvasir-seg,segformer,polypseg/runs_cv/segformer_seed42_fold0/best.pth,True
0.9051545965599112,0.8267419251301101,0.9959294128325922,0.8295450240541926,0.720236453980705,0.515820029801123,4,118.88166042829862,14.794288665556264,cju87xn2snfmv0987sc3d9xnq,kvasir-seg,segformer,polypseg/runs_cv/segformer_seed42_fold0/best.pth,True
0.9310028842680184,0.8709124379914969,0.9005768923363404,0.9635566473344368,0.4206549427751258,0.27032733036975504,4,34.68563399542209,4.456408588964027,cju88itqbny720987hxizbj5y,kvasir-seg,segformer,polypseg/runs_cv/segformer_seed42_fold0/best.pth,True
0.9598853868137542,0.9228650137635116,0.9691417550509986,0.9508041627134483,0.8930675099879948,0.6631267936592304,4,5.0,0.6124301599587547,cju88nroho44508500129f1nh,kvasir-seg,segformer,polypseg/runs_cv/segformer_seed42_fold0/best.pth,True
0.9640238869691506,0.9305464429568793,0.9393509319619703,0.9900279218090343,0.9300669161779741,0.6728511557809305,4,4.21036320796314,0.5376382527311392,cju88vx2uoocy075531lc63n3,kvasir-seg,segformer,polypseg/runs_cv/segformer_seed42_fold0/best.pth,True
0.9358361435080417,0.8794098181393305,0.9702908213472947,0.9037445015333576,0.4155485262213209,0.2138754384409863,4,67.25510899254981,8.780032856612898,cju8a84g0q76m0818hwiggkod,kvasir-seg,segformer,polypseg/runs_cv/segformer_seed42_fold0/best.pth,True
0.974562100818269,0.9503862706809848,0.9852024274642248,0.9641491525397582,0.7908437819840166,0.4980086380521863,4,11.644110778773962,1.4006853786079037,cju8abobpqbir08189u01huru,kvasir-seg,segformer,polypseg/runs_cv/segformer_seed42_fold0/best.pth,True
0.9571706368474546,0.917859307254124,0.9866205652385918,0.929427870086247,0.7440799547681121,0.4232214918293339,4,8.06225774829855,1.0030756701142904,cju8aeei7q8k308173n9y4klv,kvasir-seg,segformer,polypseg/runs_cv/segformer_seed42_fold0/best.pth,True
0.9706676849527128,0.943007103500992,0.9553325352844362,0.9865031909374655,0.6465158649130495,0.45278679873826727,4,13.416407864998739,1.6404897082326955,cju8aj01yqeqm0850lhdz3xdw,kvasir-seg,segformer,polypseg/runs_cv/segformer_seed42_fold0/best.pth,True
0.6205731342156992,0.4498775176912767,0.6038139076102731,0.6382892450267652,0.22783505328083067,0.14740713475333098,4,138.1947897882235,17.473856898330517,cju8b2rmgr52s0801p54eyflx,kvasir-seg,segformer,polypseg/runs_cv/segformer_seed42_fold0/best.pth,True
0.9705245394452464,0.9427369341297943,0.9914949860629952,0.9504227834839695,0.7393270458577645,0.4196828514661971,4,13.601470508735444,1.6642071567040173,cju8b4ja9r2s808509d45ma86,kvasir-seg,segformer,polypseg/runs_cv/segformer_seed42_fold0/best.pth,True
0.8790730092273995,0.7842375252481854,0.9972326546551249,0.7859479669608047,0.4205822194201735,0.14700811769352048,4,9.0,1.100473951199131,cju8b542nr81x0871uxnkm9ih,kvasir-seg,segformer,polypseg/runs_cv/segformer_seed42_fold0/best.pth,True
0.8874252817359624,0.7976320755523023,0.8072452014050814,0.9852897347458325,0.3532509883956475,0.24287205174395146,4,222.00046959024402,26.725870850096612,cju8b6rp0r5st0850184f79xt,kvasir-seg,segformer,polypseg/runs_cv/segformer_seed42_fold0/best.pth,True
0.9567935597098582,0.9171660783111635,0.9457377465424046,0.9681109185358049,0.8221205664974011,0.5409684239547998,4,5.170555836978214,0.6327311676196788,cju8b7aqtr4a00987coba14b7,kvasir-seg,segformer,polypseg/runs_cv/segformer_seed42_fold0/best.pth,True
0.9635589112015723,0.9296803471180891,0.9795939767606653,0.9480403499138443,0.5760898394523148,0.39146609192240156,4,11.180339887498949,1.4902338622114712,cju8bafgqrf4x0818twisk3ea,kvasir-seg,segformer,polypseg/runs_cv/segformer_seed42_fold0/best.pth,True
0.9615501304565814,0.9259475672902265,0.9912013677453351,0.9336213668462937,0.6860153950555473,0.525450131915158,3,11.180339887498949,1.6294167152083945,cju8bff9nrfi10850fmfzbf8v,kvasir-seg,segformer,polypseg/runs_cv/segformer_seed42_fold0/best.pth,True
0.9675428003921906,0.9371263048576957,0.9419552606124836,0.9945592909665733,0.839667046858027,0.6543512803967471,4,29.919825006026596,3.8962003034449535,cju8bk8oirjhw0817hgkua2w8,kvasir-seg,segformer,polypseg/runs_cv/segformer_seed42_fold0/best.pth,True
0.9537834512439369,0.91165012862583,0.9732804959352874,0.9350522070152095,0.5252448582771346,0.27990974211720465,4,7.800525847404503,0.9390784026059322,cju8bpctzrqkr0850zeldv9kt,kvasir-seg,segformer,polypseg/runs_cv/segformer_seed42_fold0/best.pth,True
0.9672799892829272,0.936633336475482,0.9621599360426314,0.9724548259121187,0.697357223245742,0.47511857786935485,4,11.867114959823818,1.4848006012026633,cju8bqxxurs6i0850mu7mtef9,kvasir-seg,segformer,polypseg/runs_cv/segformer_seed42_fold0/best.pth,True
0.9683362920150738,0.9386162220501628,0.9753868449325057,0.9613869369866113,0.6506463904467802,0.42230685010594377,4,9.848857801796104,1.263087284731489,cju8cbsyssiqj0871gr4jedjp,kvasir-seg,segformer,polypseg/runs_cv/segformer_seed42_fold0/best.pth,True
0.9489533779434852,0.9028651612872602,0.9833250192730564,0.916903469156088,0.3432185772572,0.1820847235900287,4,82.7477894091176,10.134049714803957,cju8doa16u5gh0818w1ywda3q,kvasir-seg,segformer,polypseg/runs_cv/segformer_seed42_fold0/best.pth,True
0.8679311248978764,0.7666769610811713,0.7826292559837434,0.9741024131746703,0.6714512466613491,0.3869158379009585,5,30.197567978312662,3.275047077124998,cjyzkpsbjdsjq07211dfi4sru,kvasir-seg,segformer,polypseg/runs_cv/segformer_seed42_fold0/best.pth,True
0.9623756867645852,0.92747989275984,0.9399538106219604,0.9858934169261436,0.6666068716584391,0.36826994347370584,5,13.341664064126334,1.4469568519087768,cjyzl833ndne80838pzuq6ila,kvasir-seg,segformer,polypseg/runs_cv/segformer_seed42_fold0/best.pth,True
0.909219373755097,0.8335492507647071,0.8409576090253105,0.9895419475534064,0.21023409630955367,0.046011267908418654,5,29.0,3.1451660380344277,cjyzlw7f9faqr070129au64sq,kvasir-seg,segformer,polypseg/runs_cv/segformer_seed42_fold0/best.pth,True
0.9120947080050172,0.8383953223836544,0.8412646675221437,0.9959482924754786,0.7487176748655956,0.3998897707268672,5,8.006225774829852,0.868307220683818,cjyzuio1qgh040763k56deohv,kvasir-seg,segformer,polypseg/runs_cv/segformer_seed42_fold0/best.pth,True
0.9598600137855031,0.9228181076653287,0.924987225343025,0.9974652854287029,0.7193667289525516,0.3392890585407949,5,12.087169927944663,1.3109019432180204,cjz14qsk2wci60794un9ozwmw,kvasir-seg,segformer,polypseg/runs_cv/segformer_seed42_fold0/best.pth,True
0.955620155035673,0.9150120616013174,0.9572279021550587,0.9540177995553074,0.90414913547298,0.4658665142322413,5,7.615773105863909,0.8259610664116945,ck2da7fwcjfis07218r1rvm95,kvasir-seg,segformer,polypseg/runs_cv/segformer_seed42_fold0/best.pth,True
0.5670094403212786,0.3956826069031487,0.9965925925778283,0.39621863587939554,0.30423332669853725,0.30423332669853725,2,60.37383539249432,12.577882373436317,1,cvc-clinicdb,segformer,polypseg/runs_cv/segformer_seed42_fold0/best.pth,True
0.8043207855947485,0.6726894437107277,0.9998372395751965,0.6727631146606463,0.29400271556207297,0.29400271556207297,2,56.312520117189834,11.73177502441455,10,cvc-clinicdb,segformer,polypseg/runs_cv/segformer_seed42_fold0/best.pth,True
0.9691581754703606,0.9401618681048141,0.9565334773089021,0.98212058210697,0.777220233950106,0.777220233950106,2,3.1622776601683795,0.6588078458684125,100,cvc-clinicdb,segformer,polypseg/runs_cv/segformer_seed42_fold0/best.pth,True
0.9607978423072144,0.9245533558555703,0.9436914736207037,0.9785358374731247,0.679828406876104,0.679828406876104,2,4.242640687119285,0.8838834764831843,101,cvc-clinicdb,segformer,polypseg/runs_cv/segformer_seed42_fold0/best.pth,True
0.9594221105467372,0.9220089339499937,0.9455243283280237,0.9737345403420409,0.5967808001871637,0.5967808001871637,2,4.123105625617661,0.858980338670346,102,cvc-clinicdb,segformer,polypseg/runs_cv/segformer_seed42_fold0/best.pth,True
0.9715150250366678,0.9446078928584294,0.9596990311177107,0.9836256074267522,0.7783933937111889,0.7783933937111889,2,3.1622776601683795,0.6588078458684125,103,cvc-clinicdb,segformer,polypseg/runs_cv/segformer_seed42_fold0/best.pth,True
0.9258230012793008,0.8618905472579642,0.8776089159008604,0.979642614785647,0.33445373154438995,0.33445373154438995,2,9.433981132056603,1.9654127358451257,104,cvc-clinicdb,segformer,polypseg/runs_cv/segformer_seed42_fold0/best.pth,True
0.9616539050506534,0.9261400507290063,0.9577817094688683,0.9655575373579829,0.5572272398403847,0.5572272398403847,2,6.0,1.25,105,cvc-clinicdb,segformer,polypseg/runs_cv/segformer_seed42_fold0/best.pth,True
0.7452838241538827,0.5939859854371454,0.9708662292786515,0.604765533001283,0.0990068568960661,0.0990068568960661,2,93.97388928972752,19.577893602026567,106,cvc-clinicdb,segformer,polypseg/runs_cv/segformer_seed42_fold0/best.pth,True
0.8945617660377638,0.8092372224464996,0.9398962084254401,0.8533993653194855,0.40772876914637485,0.40772876914637485,2,39.00448644219181,8.125934675456627,107,cvc-clinicdb,segformer,polypseg/runs_cv/segformer_seed42_fold0/best.pth,True
0.8705160390491756,0.7707201422465142,0.971545980941588,0.7885188741180023,0.5749506802068087,0.5749506802068087,2,59.00762657095495,12.293255535615613,108,cvc-clinicdb,segformer,polypseg/runs_cv/segformer_seed42_fold0/best.pth,True
0.8511148700573546,0.74081807473637,0.9657314349458003,0.7608181668182723,0.5262177601215481,0.5262177601215481,2,66.0,13.75,109,cvc-clinicdb,segformer,polypseg/runs_cv/segformer_seed42_fold0/best.pth,True
0.4296197464957544,0.2735768903977707,0.9942363112187271,0.27401145969096263,0.3294950863403946,0.3294950863403946,2,112.05533577086797,23.34486161893083,11,cvc-clinicdb,segformer,polypseg/runs_cv/segformer_seed42_fold0/best.pth,True
0.8747671648237497,0.7774099168433268,0.9709120630752877,0.7959481297513068,0.5013661856056816,0.5013661856056816,2,58.89363458704669,12.269507205634728,110,cvc-clinicdb,segformer,polypseg/runs_cv/segformer_seed42_fold0/best.pth,True
0.8589228913000791,0.7527299292496434,0.9809590619783486,0.763891056653801,0.42268841638230403,0.42268841638230403,2,64.25066795195495,13.38555582332395,111,cvc-clinicdb,segformer,polypseg/runs_cv/segformer_seed42_fold0/best.pth,True
0.8596514275686205,0.7538496985493881,0.9850963468437118,0.7625466128000211,0.5127334355686559,0.5127334355686559,2,68.34360725115937,14.238251510658204,112,cvc-clinicdb,segformer,polypseg/runs_cv/segformer_seed42_fold0/best.pth,True
0.8619172113270982,0.7573413989786847,0.9904862049922863,0.7628909714961514,0.5263444410580735,0.5263444410580735,2,67.57971210459793,14.079106688457902,113,cvc-clinicdb,segformer,polypseg/runs_cv/segformer_seed42_fold0/best.pth,True
0.9088291193900654,0.8328934867488902,0.9437046487483306,0.8764394416229998,0.17177909131575833,0.17177909131575833,2,28.160255680657446,5.866719933470302,114,cvc-clinicdb,segformer,polypseg/runs_cv/segformer_seed42_fold0/best.pth,True
0.4685899710973554,0.3059859621221958,0.9504319210006081,0.31094811923618226,0.2369823145606984,0.2369823145606984,2,182.83653818830678,38.09094545589724,115,cvc-clinicdb,segformer,polypseg/runs_cv/segformer_seed42_fold0/best.pth,True
0.5101005355608846,0.342372453803731,0.9720680393738216,0.3457741545102492,0.2703324156164512,0.2703324156164512,2,174.84960996654576,36.4270020763637,116,cvc-clinicdb,segformer,polypseg/runs_cv/segformer_seed42_fold0/best.pth,True
0.45007383846160354,0.2903840515956436,0.9969803723956472,0.2906396713593703,0.1051411875348516,0.1051411875348516,2,174.04410237889172,36.259187995602446,117,cvc-clinicdb,segformer,polypseg/runs_cv/segformer_seed42_fold0/best.pth,True
0.3083873074603582,0.18230373230255917,0.9999999999647018,0.18230373230255917,0.1417678521088805,0.1417678521088805,2,198.74797958142594,41.405829079463736,118,cvc-clinicdb,segformer,polypseg/runs_cv/segformer_seed42_fold0/best.pth,True
0.4113657195208593,0.2589429956130553,0.9587012246949957,0.26186401120070124,0.11580664120219923,0.11580664120219923,2,188.3398503162775,39.23746881589115,119,cvc-clinicdb,segformer,polypseg/runs_cv/segformer_seed42_fold0/best.pth,True
0.6931726502604548,0.530424045990931,0.974066463537348,0.5380219952231301,0.4682699094979321,0.4682699094979321,2,77.26965037143773,16.097843827382864,12,cvc-clinicdb,segformer,polypseg/runs_cv/segformer_seed42_fold0/best.pth,True
0.5056091834050543,0.3383379888248467,0.9559355475015466,0.34369827382156715,0.15396918902084206,0.15396918902084206,2,170.66048165876012,35.55426701224169,120,cvc-clinicdb,segformer,polypseg/runs_cv/segformer_seed42_fold0/best.pth,True
0.4576111782862752,0.2966898954686603,0.975744843373267,0.29889428420816183,0.12418614153009348,0.12418614153009348,2,190.51509126575775,39.690644013699526,121,cvc-clinicdb,segformer,polypseg/runs_cv/segformer_seed42_fold0/best.pth,True
0.4470846280367068,0.2879001883222228,0.9735323382890839,0.2901714217907932,0.041819377262925686,0.041819377262925686,2,167.02933395653542,34.79777790761155,122,cvc-clinicdb,segformer,polypseg/runs_cv/segformer_seed42_fold0/best.pth,True
0.6449969252365589,0.4760114107852955,0.9922962562374336,0.47777705472455406,0.24519655330332804,0.24519655330332804,2,138.4543206135728,28.844650127827666,123,cvc-clinicdb,segformer,polypseg/runs_cv/segformer_seed42_fold0/best.pth,True
0.6838935302091164,0.5196338942986736,0.9953625155412807,0.520894992301877,0.12802069583424486,0.12802069583424486,2,123.72958670377928,25.776997229954016,124,cvc-clinicdb,segformer,polypseg/runs_cv/segformer_seed42_fold0/best.pth,True
0.8304850865044555,0.7101107278933553,0.9251507626708625,0.7533943187216813,0.29941025555896233,0.29941025555896233,2,58.04523798137233,12.092757912785903,125,cvc-clinicdb,segformer,polypseg/runs_cv/segformer_seed42_fold0/best.pth,True
0.8443325476706431,0.730601650127648,0.9696112204605117,0.7477229601447084,0.6057782128989223,0.6057782128989223,2,61.0,12.708333333333334,126,cvc-clinicdb,segformer,polypseg/runs_cv/segformer_seed42_fold0/best.pth,True
0.9293795620353158,0.868075677503527,0.872387804027537,0.9943381491410711,0.48537182169548293,0.48537182169548293,2,6.4031242374328485,1.3339842161318434,127,cvc-clinicdb,segformer,polypseg/runs_cv/segformer_seed42_fold0/best.pth,True
0.9518295507105772,0.9080866106803935,0.9092920353848187,0.9985422740363048,0.641337091022002,0.641337091022002,2,5.0,1.0416666666666667,128,cvc-clinicdb,segformer,polypseg/runs_cv/segformer_seed42_fold0/best.pth,True
0.9602186456060721,0.9234813084004265,0.9240210403164929,0.9993678887357855,0.6351422691160138,0.6351422691160138,2,4.0,0.8333333333333334,129,cvc-clinicdb,segformer,polypseg/runs_cv/segformer_seed42_fold0/best.pth,True
0.5102719830973843,0.342526942708859,0.9779352226522685,0.3451947123948182,0.3105492739521287,0.3105492739521287,2,64.95690266615182,13.532688055448295,13,cvc-clinicdb,segformer,polypseg/runs_cv/segformer_seed42_fold0/best.pth,True
0.9533693224080725,0.9108937305388093,0.9125167037780622,0.9980512520608199,0.40633585784591275,0.40633585784591275,2,4.47213595499958,0.9316949906249123,130,cvc-clinicdb,segformer,polypseg/runs_cv/segformer_seed42_fold0/best.pth,True
0.9631641955936865,0.9289457322947957,0.9387004128438458,0.9889372163295297,0.6463525921070739,0.6463525921070739,2,4.47213595499958,0.9316949906249123,131,cvc-clinicdb,segformer,polypseg/runs_cv/segformer_seed42_fold0/best.pth,True
0.9681191193845974,0.9382082152808391,0.9486215538677297,0.9884349934529298,0.8460675879481188,0.8460675879481188,2,3.1622776601683795,0.6588078458684125,132,cvc-clinicdb,segformer,polypseg/runs_cv/segformer_seed42_fold0/best.pth,True
0.9669233682554795,0.9359648050722722,0.9397546012154632,0.995709828380191,0.7581720509248066,0.7581720509248066,2,4.0,0.8333333333333334,133,cvc-clinicdb,segformer,polypseg/runs_cv/segformer_seed42_fold0/best.pth,True
0.9664815957161801,0.9351372860998125,0.9441542788141938,0.9898904801882914,0.7945505730098487,0.7945505730098487,2,3.605551275463989,0.7511565157216644,134,cvc-clinicdb,segformer,polypseg/runs_cv/segformer_seed42_fold0/best.pth,True
0.9170467230077594,0.8468017434276899,0.9261740642857297,0.9080975239962853,0.5911989012450057,0.5911989012450057,2,68.12488374007548,14.192684112515725,135,cvc-clinicdb,segformer,polypseg/runs_cv/segformer_seed42_fold0/best.pth,True
0.9609248388340083,0.9247885761754832,0.9292331266913058,0.9948545861223351,0.6560506971522821,0.6560506971522821,2,7.017766952966369,1.4620347818679937,136,cvc-clinicdb,segformer,polypseg/runs_cv/segformer_seed42_fold0/best.pth,True
0.9651823878451045,0.9327077317859103,0.9357849843008305,0.9964867180720095,0.7338646363636179,0.7338646363636179,2,5.0,1.0416666666666667,137,cvc-clinicdb,segformer,polypseg/runs_cv/segformer_seed42_fold0/best.pth,True
0.9601095243182645,0.9232794671850726,0.9271087148067442,0.9955464009297136,0.5543557107575215,0.5543557107575215,2,7.0390872965260085,1.466476520109585,138,cvc-clinicdb,segformer,polypseg/runs_cv/segformer_seed42_fold0/best.pth,True
0.9697937014603607,0.9413587383760748,0.9423611111067483,0.9988713318235407,0.5661580081049679,0.5661580081049679,2,6.0,1.25,139,cvc-clinicdb,segformer,polypseg/runs_cv/segformer_seed42_fold0/best.pth,True
0.2603020697361167,0.14962486602293837,0.9651548672299459,0.15043751885792303,0.281724980837648,0.281724980837648,2,148.30531840176963,30.896941333702003,14,cvc-clinicdb,segformer,polypseg/runs_cv/segformer_seed42_fold0/best.pth,True
0.9815810498564453,0.9638283436478507,0.9666978564096347,0.9969296898943071,0.8294856573789973,0.8294856573789973,2,3.605551275463989,0.7511565157216644,140,cvc-clinicdb,segformer,polypseg/runs_cv/segformer_seed42_fold0/best.pth,True
0.949965181056842,0.9046987432406913,0.9655306649645555,0.934893602436573,0.4045181053610036,0.4045181053610036,2,14.84075732554723,3.091824442822339,141,cvc-clinicdb,segformer,polypseg/runs_cv/segformer_seed42_fold0/best.pth,True
0.970998071836979,0.9436309546770326,0.9487259167147735,0.9943410821113287,0.608033190997234,0.608033190997234,2,6.6890215018912125,1.393546146227336,142,cvc-clinicdb,segformer,polypseg/runs_cv/segformer_seed42_fold0/best.pth,True
0.927201441126129,0.8642828921204212,0.8963327186868196,0.960272168547843,0.5263311699985197,0.5263311699985197,2,5.9746427842267895,1.2447172467139145,143,cvc-clinicdb,segformer,polypseg/runs_cv/segformer_seed42_fold0/best.pth,True
0.9695916082239094,0.9409779811212984,0.9435141644629916,0.9971515151454717,0.5685394590959922,0.5685394590959922,2,4.135059131767826,0.8614706524516305,144,cvc-clinicdb,segformer,polypseg/runs_cv/segformer_seed42_fold0/best.pth,True
0.9838187702243565,0.9681528662378145,0.9831214282506395,0.9845171021650125,0.8369402645670707,0.8369402645670707,2,3.1622776601683795,0.6588078458684125,145,cvc-clinicdb,segformer,polypseg/runs_cv/segformer_seed42_fold0/best.pth,True
0.9786021241990189,0.9581008022281212,0.9780141528284391,0.9791908029543749,0.7573645860596052,0.7573645860596052,2,4.0,0.8333333333333334,146,cvc-clinicdb,segformer,polypseg/runs_cv/segformer_seed42_fold0/best.pth,True
0.9768086347689002,0.9546685673488619,0.962558390219457,0.9914871567030017,0.8015471576710551,0.8015471576710551,2,4.0,0.8333333333333334,147,cvc-clinicdb,segformer,polypseg/runs_cv/segformer_seed42_fold0/best.pth,True
0.9617800282342773,0.9263740386332172,0.9295125164602906,0.9963684051145327,0.5856941432891847,0.5856941432891847,2,4.0,0.8333333333333334,148,cvc-clinicdb,segformer,polypseg/runs_cv/segformer_seed42_fold0/best.pth,True
0.9619907601797459,0.9267651223859319,0.9295860389516072,0.9967362924173548,0.6587964740238311,0.6587964740238311,2,5.0,1.0416666666666667,149,cvc-clinicdb,segformer,polypseg/runs_cv/segformer_seed42_fold0/best.pth,True
0.1601177037615481,0.08702605818258093,0.9868667917139817,0.08712696353121738,0.11780916009261315,0.11780916009261315,2,175.0250436013352,36.463550750278166,15,cvc-clinicdb,segformer,polypseg/runs_cv/segformer_seed42_fold0/best.pth,True
0.9537555895117804,0.9115992209379831,0.9185564762219957,0.9917598587287608,0.589261933642145,0.589261933642145,2,4.123105625617661,0.858980338670346,150,cvc-clinicdb,segformer,polypseg/runs_cv/segformer_seed42_fold0/best.pth,True
0.9517212426465734,0.9078894673487132,0.9148506860248204,0.9916885389181731,0.5343015970044608,0.5343015970044608,2,4.0,0.8333333333333334,151,cvc-clinicdb,segformer,polypseg/runs_cv/segformer_seed42_fold0/best.pth,True
0.9363349292020567,0.8802911319628409,0.9898772345412994,0.8882875918008877,0.41395343842510074,0.41395343842510074,2,17.066005617976295,3.555417837078395,152,cvc-clinicdb,segformer,polypseg/runs_cv/segformer_seed42_fold0/best.pth,True
0.9406365209469517,0.8879261363510238,0.8964577656547188,0.9893953782686072,0.5236841605484811,0.5236841605484811,2,5.940833163195851,1.2376735756658024,153,cvc-clinicdb,segformer,polypseg/runs_cv/segformer_seed42_fold0/best.pth,True
0.04627487274195859,0.023685457128200596,0.032030749517486815,0.08333333331944445,0.08336085351047577,0.08336085351047577,2,129.40247292845683,26.958848526761837,154,cvc-clinicdb,segformer,polypseg/runs_cv/segformer_seed42_fold0/best.pth,True
0.8642114140887206,0.760891089071243,0.8188598827480629,0.9148809523264951,0.6235703130186303,0.6235703130186303,2,9.0,1.875,155,cvc-clinicdb,segformer,polypseg/runs_cv/segformer_seed42_fold0/best.pth,True
0.9115733333236098,0.8375147001011856,0.9126441691389867,0.9105050074385147,0.4973868917810185,0.4973868917810185,2,7.8463092423455505,1.6346477588219899,156,cvc-clinicdb,segformer,polypseg/runs_cv/segformer_seed42_fold0/best.pth,True
0.9352823920203636,0.8784323514618269,0.9324324324200791,0.9381498267003713,0.6049885133541131,0.6049885133541131,2,11.180339887498949,2.329237476562281,157,cvc-clinicdb,segformer,polypseg/runs_cv/segformer_seed42_fold0/best.pth,True
0.9316664900844192,0.8720745735646157,0.8890012130835221,0.978633429757876,0.6416732257122688,0.6416732257122688,2,5.452032870291113,1.1358401813106485,158,cvc-clinicdb,segformer,polypseg/runs_cv/segformer_seed42_fold0/best.pth,True
0.9207507820406479,0.8531400965771431,0.8708086784580469,0.9767699114503998,0.7051807413175312,0.7051807413175312,2,3.1622776601683795,0.6588078458684125,159,cvc-clinicdb,segformer,polypseg/runs_cv/segformer_seed42_fold0/best.pth,True
0.8623787792294467,0.75805440640895,0.9862991355246078,0.7661218801372593,0.4836165426389397,0.4836165426389397,2,19.1049731745428,3.9802027446964163,16,cvc-clinicdb,segformer,polypseg/runs_cv/segformer_seed42_fold0/best.pth,True
0.9525628020708122,0.9094223538690962,0.9343322017917085,0.9715189873299473,0.6004530469927466,0.6004530469927466,2,5.0,1.0416666666666667,160,cvc-clinicdb,segformer,polypseg/runs_cv/segformer_seed42_fold0/best.pth,True
0.9295094339482338,0.8683023124402622,0.8893703061557086,0.9734429338927144,0.6594069667695879,0.6594069667695879,2,5.0,1.0416666666666667,161,cvc-clinicdb,segformer,polypseg/runs_cv/segformer_seed42_fold0/best.pth,True
0.9533339567852488,0.9108291636720725,0.91213314243178,0.9984329088932726,0.7294626105830683,0.7294626105830683,2,4.123105625617661,0.858980338670346,162,cvc-clinicdb,segformer,polypseg/runs_cv/segformer_seed42_fold0/best.pth,True
0.9311469469022363,0.8711646041554304,0.8745745404888602,0.9955443626308497,0.5680918869171825,0.5680918869171825,2,6.708203932499369,1.3975424859373686,163,cvc-clinicdb,segformer,polypseg/runs_cv/segformer_seed42_fold0/best.pth,True
0.9153009649116971,0.8438294266917868,0.8877005347329857,0.9446727789774053,0.47955385335194894,0.47955385335194894,2,5.0,1.0416666666666667,164,cvc-clinicdb,segformer,polypseg/runs_cv/segformer_seed42_fold0/best.pth,True
0.9428629662277134,0.8919023136132146,0.9412642430691636,0.9444671294277329,0.4796162569570295,0.4796162569570295,2,5.0,1.0416666666666667,165,cvc-clinicdb,segformer,polypseg/runs_cv/segformer_seed42_fold0/best.pth,True
0.9324376199556466,0.8734268248726665,0.8781634128599883,0.99386252044471,0.5916555126728814,0.5916555126728814,2,9.123199065740076,1.9006664720291826,166,cvc-clinicdb,segformer,polypseg/runs_cv/segformer_seed42_fold0/best.pth,True
0.9614903378150773,0.9258366800287594,0.9371273712483164,0.9871538680848657,0.8692579005306625,0.8692579005306625,2,4.47213595499958,0.9316949906249123,167,cvc-clinicdb,segformer,polypseg/runs_cv/segformer_seed42_fold0/best.pth,True
0.9617649994912472,0.9263461538283395,0.9516001580215014,0.9721493440772523,0.8071308060083275,0.8071308060083275,2,3.1622776601683795,0.6588078458684125,168,cvc-clinicdb,segformer,polypseg/runs_cv/segformer_seed42_fold0/best.pth,True
0.9657468373088277,0.9337625178693311,0.9455309285680786,0.986846084049186,0.8017497312784595,0.8017497312784595,2,4.300014504089359,0.8958363550186164,169,cvc-clinicdb,segformer,polypseg/runs_cv/segformer_seed42_fold0/best.pth,True
0.7859072036087156,0.6473205392081325,0.9881398884846615,0.6523892383840691,0.5889457454591133,0.5889457454591133,2,47.19679803153969,9.83266625657077,17,cvc-clinicdb,segformer,polypseg/runs_cv/segformer_seed42_fold0/best.pth,True
0.9546995377405783,0.9133254716801626,0.9169297553094529,0.9957145917935352,0.7247705922135284,0.7247705922135284,2,4.47213595499958,0.9316949906249123,170,cvc-clinicdb,segformer,polypseg/runs_cv/segformer_seed42_fold0/best.pth,True
0.9592936802884824,0.9217717449379931,0.9287385279660115,0.9919277339805511,0.7593122709206033,0.7593122709206033,2,4.0,0.8333333333333334,171,cvc-clinicdb,segformer,polypseg/runs_cv/segformer_seed42_fold0/best.pth,True
0.9078348778280062,0.8312249305513353,0.9546420977691481,0.8654031480608608,0.6459131535580614,0.6459131535580614,2,7.03908729652601,1.4664765201095853,172,cvc-clinicdb,segformer,polypseg/runs_cv/segformer_seed42_fold0/best.pth,True
0.9636981895002127,0.9299396949190321,0.9645846748140503,0.9628133321002403,0.6817481859242052,0.6817481859242052,2,8.0,1.6666666666666667,173,cvc-clinicdb,segformer,polypseg/runs_cv/segformer_seed42_fold0/best.pth,True
0.9008140152145602,0.819528294286247,0.9226098776536238,0.8800242026028177,0.4835970237657786,0.4835970237657786,2,19.841847359394848,4.133718199873926,174,cvc-clinicdb,segformer,polypseg/runs_cv/segformer_seed42_fold0/best.pth,True
0.94497852321216,0.8956960061981666,0.9796437658963836,0.9126827340911847,0.5985453279034911,0.5985453279034911,2,13.0,2.7083333333333335,175,cvc-clinicdb,segformer,polypseg/runs_cv/segformer_seed42_fold0/best.pth,True
0.9259091594955262,0.8620398988419357,0.8938742807131337,0.960325534071834,0.5597799278659962,0.5597799278659962,2,15.687310483973318,3.2681896841611078,176,cvc-clinicdb,segformer,polypseg/runs_cv/segformer_seed42_fold0/best.pth,True
0.9244593889447246,0.859529969805309,0.8815789473586733,0.9717245581843786,0.6386492672861499,0.6386492672861499,2,18.0,3.75,177,cvc-clinicdb,segformer,polypseg/runs_cv/segformer_seed42_fold0/best.pth,True
0.0937352059319278,0.04917218542964947,0.05022831050143365,0.7004716979480019,0.25012021886665203,0.25012021886665203,2,170.61593776763632,35.54498703492423,178,cvc-clinicdb,segformer,polypseg/runs_cv/segformer_seed42_fold0/best.pth,True
0.9213413691713593,0.854154727769222,0.8583357327711393,0.9943295530021905,0.4190448062657359,0.4190448062657359,2,4.242640687119285,0.8838834764831843,179,cvc-clinicdb,segformer,polypseg/runs_cv/segformer_seed42_fold0/best.pth,True
0.856078796487205,0.7483721727146301,0.9982857142743052,0.7493351634146921,0.35655857890422765,0.35655857890422765,2,24.0,5.0,18,cvc-clinicdb,segformer,polypseg/runs_cv/segformer_seed42_fold0/best.pth,True
0.9095565439963667,0.8341161928100342,0.8378445492714715,0.9946933961970904,0.50750837786954,0.50750837786954,2,7.615773105863909,1.5866193970549811,180,cvc-clinicdb,segformer,polypseg/runs_cv/segformer_seed42_fold0/best.pth,True
0.9194504699794729,0.8509100642170527,0.8589570386149972,0.9891101430930582,0.5691034654120941,0.5691034654120941,2,5.0,1.0416666666666667,181,cvc-clinicdb,segformer,polypseg/runs_cv/segformer_seed42_fold0/best.pth,True
0.9384028345470373,0.8839537868835956,0.8991903891120608,0.9811912225425709,0.7119100623818644,0.7119100623818644,2,6.6624419782393804,1.3880087454665377,182,cvc-clinicdb,segformer,polypseg/runs_cv/segformer_seed42_fold0/best.pth,True
0.9052690582832782,0.8269329236859464,0.8348410441758893,0.988674625007999,0.4561835277847323,0.4561835277847323,2,8.06225774829855,1.679637030895531,183,cvc-clinicdb,segformer,polypseg/runs_cv/segformer_seed42_fold0/best.pth,True
0.944988696293218,0.8957142856886939,0.9024179619774779,0.9917747547930473,0.7890851287596082,0.7890851287596082,2,6.0,1.25,184,cvc-clinicdb,segformer,polypseg/runs_cv/segformer_seed42_fold0/best.pth,True
0.9352393744513552,0.8783564606077067,0.881374321864713,0.9961169016759429,0.5672679067581453,0.5672679067581453,2,7.598989945034735,1.58312290521557,185,cvc-clinicdb,segformer,polypseg/runs_cv/segformer_seed42_fold0/best.pth,True
0.9528556350360451,0.9099563220863482,0.9119991020214164,0.9975445058195513,0.5932459566631593,0.5932459566631593,2,5.0,1.0416666666666667,186,cvc-clinicdb,segformer,polypseg/runs_cv/segformer_seed42_fold0/best.pth,True
0.9549762159336443,0.9138320395136638,0.9251929122540354,0.9867408366914063,0.5210426293980583,0.5210426293980583,2,6.708203932499369,1.3975424859373686,187,cvc-clinicdb,segformer,polypseg/runs_cv/segformer_seed42_fold0/best.pth,True
0.9701210707506012,0.9419758412356775,0.9507946875611379,0.9902494330990911,0.682513252941289,0.682513252941289,2,3.605551275463989,0.7511565157216644,188,cvc-clinicdb,segformer,polypseg/runs_cv/segformer_seed42_fold0/best.pth,True
0.9633834799795308,0.929353778734404,0.939992614458272,0.9879681738601209,0.7872654781481153,0.7872654781481153,2,3.146049894151538,0.6554270612815704,189,cvc-clinicdb,segformer,polypseg/runs_cv/segformer_seed42_fold0/best.pth,True
0.48382189696795697,0.31910624220229344,0.9443107045266521,0.325226619498534,0.28470724977892514,0.28470724977892514,2,76.32168761236873,15.900351585910153,19,cvc-clinicdb,segformer,polypseg/runs_cv/segformer_seed42_fold0/best.pth,True
0.9445222751338678,0.8948765595727403,0.8974973375692893,0.9967474866647916,0.7329227935863207,0.7329227935863207,2,5.0,1.0416666666666667,190,cvc-clinicdb,segformer,polypseg/runs_cv/segformer_seed42_fold0/best.pth,True
0.8773879819076976,0.7815594058922302,0.7834987592566067,0.9968429359907779,0.4861709905891052,0.4861709905891052,2,5.0,1.0416666666666667,191,cvc-clinicdb,segformer,polypseg/runs_cv/segformer_seed42_fold0/best.pth,True
0.9356164383241228,0.8790218789653138,0.9235970249544558,0.947952810482446,0.8393208355371817,0.8393208355371817,2,2.8284271247461903,0.5892556509887896,192,cvc-clinicdb,segformer,polypseg/runs_cv/segformer_seed42_fold0/best.pth,True
0.9220272904303699,0.8553345388479083,0.8562635770870288,0.998733108065932,0.7002701472922673,0.7002701472922673,2,6.4031242374328485,1.3339842161318434,193,cvc-clinicdb,segformer,polypseg/runs_cv/segformer_seed42_fold0/best.pth,True
0.9485575953101819,0.9021488871661139,0.9178215888948308,0.9814235023798492,0.7377366276374432,0.7377366276374432,2,7.0,1.4583333333333333,194,cvc-clinicdb,segformer,polypseg/runs_cv/segformer_seed42_fold0/best.pth,True
0.951533135498939,0.9075471697922947,0.911368421033445,0.9954012416418625,0.7187989770249629,0.7187989770249629,2,4.47213595499958,0.9316949906249123,195,cvc-clinicdb,segformer,polypseg/runs_cv/segformer_seed42_fold0/best.pth,True
0.9327469698494825,0.8739698492286639,0.8798057466434681,0.9924674731569855,0.6027548542180143,0.6027548542180143,2,7.615773105863909,1.5866193970549811,196,cvc-clinicdb,segformer,polypseg/runs_cv/segformer_seed42_fold0/best.pth,True
0.9214462605158845,0.8543350477433076,0.8641768858999596,0.9868448970722079,0.47631237002562987,0.47631237002562987,2,8.08985077373906,1.6853855778623044,197,cvc-clinicdb,segformer,polypseg/runs_cv/segformer_seed42_fold0/best.pth,True
0.9480476867445252,0.9012268662736281,0.9260683760485883,0.971095675532801,0.6957209104979355,0.6957209104979355,2,6.0703481507534836,1.264655864740309,198,cvc-clinicdb,segformer,polypseg/runs_cv/segformer_seed42_fold0/best.pth,True
0.93908519400673,0.8851655087681822,0.8920922569832765,0.9913043478034027,0.6038758428515639,0.6038758428515639,2,5.830951894845301,1.2147816447594377,199,cvc-clinicdb,segformer,polypseg/runs_cv/segformer_seed42_fold0/best.pth,True
0.5762350350881511,0.4047262359232362,0.9811387066426763,0.4078998636255216,0.47900263947334215,0.47900263947334215,2,73.91886856032428,15.399764283400891,2,cvc-clinicdb,segformer,polypseg/runs_cv/segformer_seed42_fold0/best.pth,True
0.3649386695301059,0.2231957069312058,0.9586077139943884,0.22536768771300802,0.3414145145985565,0.3414145145985565,2,99.97148772044139,20.827393275091953,20,cvc-clinicdb,segformer,polypseg/runs_cv/segformer_seed42_fold0/best.pth,True
0.8507615699996283,0.7402829106570628,0.7412275105175293,0.998281491648079,0.22829083806276504,0.22829083806276504,2,16.02185367931698,3.3378861831910376,200,cvc-clinicdb,segformer,polypseg/runs_cv/segformer_seed42_fold0/best.pth,True
0.7311814156405623,0.5762694719747494,0.5878043747359905,0.9670684094217099,0.18417279393521285,0.18417279393521285,2,31.827660925679098,6.630762692849812,201,cvc-clinicdb,segformer,polypseg/runs_cv/segformer_seed42_fold0/best.pth,True
0.8052581050084539,0.6740017307371244,0.6744186046428202,0.9990837456294835,0.19277705409967352,0.19277705409967352,2,18.601075237738275,3.875224007862141,202,cvc-clinicdb,segformer,polypseg/runs_cv/segformer_seed42_fold0/best.pth,True
0.7341958247520274,0.58002322879698,0.58002322879698,0.999999999979976,0.08384274652278664,0.08384274652278664,2,20.0,4.166666666666667,203,cvc-clinicdb,segformer,polypseg/runs_cv/segformer_seed42_fold0/best.pth,True
0.04674403610498479,0.02393134180518351,0.05400372439277454,0.041204887751031406,0.05277039875496762,0.05277039875496762,2,64.5038736686828,13.438307014308917,204,cvc-clinicdb,segformer,polypseg/runs_cv/segformer_seed42_fold0/best.pth,True
0.6996417427400943,0.5380376821802695,0.5380376821802695,0.9999999999669641,0.08812185597664993,0.08812185597664993,2,124.76074439715259,25.99182174940679,205,cvc-clinicdb,segformer,polypseg/runs_cv/segformer_seed42_fold0/best.pth,True
0.7578410872924867,0.6100999473896885,0.8707207207076468,0.6708699675998279,0.30163167284609704,0.30163167284609704,2,135.32017011916176,28.1917021081587,206,cvc-clinicdb,segformer,polypseg/runs_cv/segformer_seed42_fold0/best.pth,True
0.6885199971934683,0.5249946592552339,0.884788478831957,0.5635175418417391,0.27993483842673783,0.27993483842673783,2,163.36179500820282,34.03370729337559,207,cvc-clinicdb,segformer,polypseg/runs_cv/segformer_seed42_fold0/best.pth,True
0.6125428273407933,0.441485935141905,0.8034388432667668,0.49494463166839325,0.15876949248485456,0.15876949248485456,2,98.73697461875393,20.570203045573738,208,cvc-clinicdb,segformer,polypseg/runs_cv/segformer_seed42_fold0/best.pth,True
0.6405966538875106,0.4712336891912446,0.7456593148406543,0.5614840989200889,0.316304194863229,0.316304194863229,2,65.98704301192963,13.74730062748534,209,cvc-clinicdb,segformer,polypseg/runs_cv/segformer_seed42_fold0/best.pth,True
0.553995343365368,0.3831214103104707,0.9789616559129711,0.38630201184887253,0.40856762573443056,0.40856762573443056,2,109.96133708234204,22.90861189215459,21,cvc-clinicdb,segformer,polypseg/runs_cv/segformer_seed42_fold0/best.pth,True
0.7352691680245018,0.5813641523042639,0.9436659036293693,0.6022662485725404,0.3014687816838807,0.3014687816838807,2,171.14671751594634,35.65556614915548,210,cvc-clinicdb,segformer,polypseg/runs_cv/segformer_seed42_fold0/best.pth,True
0.7479412239605254,0.59736909981688,0.9003498768893329,0.6396612041951774,0.22204745348005564,0.22204745348005564,2,175.5568798431762,36.57434996732838,211,cvc-clinicdb,segformer,polypseg/runs_cv/segformer_seed42_fold0/best.pth,True
0.784959031717999,0.6460350327346464,0.9337539432101127,0.6770674486763808,0.31781519212484965,0.31781519212484965,2,178.4257368288477,37.17202850600994,212,cvc-clinicdb,segformer,polypseg/runs_cv/segformer_seed42_fold0/best.pth,True
0.8606842514071373,0.7554396158133904,0.9498322772944477,0.7868346301050584,0.47957993178419206,0.47957993178419206,2,122.07292417137215,25.431859202369196,213,cvc-clinicdb,segformer,polypseg/runs_cv/segformer_seed42_fold0/best.pth,True
0.8788199164231041,0.7838347552691168,0.9436695858909755,0.8223101563894638,0.4136156521261583,0.4136156521261583,2,105.28198092898735,21.933746026872367,214,cvc-clinicdb,segformer,polypseg/runs_cv/segformer_seed42_fold0/best.pth,True
0.9682680027460051,0.9384879070563845,0.9741055544477751,0.9624999999906005,0.764539431238652,0.764539431238652,2,5.0,1.0416666666666667,215,cvc-clinicdb,segformer,polypseg/runs_cv/segformer_seed42_fold0/best.pth,True
0.9124351255930561,0.8389707566554251,0.9311864406700746,0.8944240944168137,0.5077636924525049,0.5077636924525049,2,60.87709101037757,12.68272729382866,216,cvc-clinicdb,segformer,polypseg/runs_cv/segformer_seed42_fold0/best.pth,True
0.9573266121981691,0.9181462032098179,0.9224520559339883,0.9949417396712587,0.5256892297294221,0.5256892297294221,2,4.47213595499958,0.9316949906249123,217,cvc-clinicdb,segformer,polypseg/runs_cv/segformer_seed42_fold0/best.pth,True
0.9567925262694945,0.9171641790946997,0.918731311395571,0.9981436361411051,0.6513285834089302,0.6513285834089302,2,5.385164807134504,1.1219093348196882,218,cvc-clinicdb,segformer,polypseg/runs_cv/segformer_seed42_fold0/best.pth,True
0.9116972476998875,0.8377239199046664,0.9226751777031383,0.9009774755503475,0.5694154370201128,0.5694154370201128,2,48.27890593225829,10.058105402553812,219,cvc-clinicdb,segformer,polypseg/runs_cv/segformer_seed42_fold0/best.pth,True
0.37890268872591293,0.23373222945396024,0.9519375187672579,0.23652342656646105,0.058770204547623155,0.058770204547623155,2,202.96846681872807,42.28509725390168,22,cvc-clinicdb,segformer,polypseg/runs_cv/segformer_seed42_fold0/best.pth,True
0.9517294536954259,0.9079044117480165,0.9079044117480165,0.999999999979753,0.7514404060187826,0.7514404060187826,2,5.074264635194588,1.0571384656655392,220,cvc-clinicdb,segformer,polypseg/runs_cv/segformer_seed42_fold0/best.pth,True
0.8999529190101229,0.8181040016944553,0.860842152648934,0.942786683084025,0.5312122842890709,0.5312122842890709,2,27.44794952745035,5.718322818218823,221,cvc-clinicdb,segformer,polypseg/runs_cv/segformer_seed42_fold0/best.pth,True
0.8965696465579968,0.8125294394533084,0.8125294394533084,0.9999999999710145,0.3190227051360038,0.3190227051360038,2,5.084166586553863,1.0592013721987215,222,cvc-clinicdb,segformer,polypseg/runs_cv/segformer_seed42_fold0/best.pth,True
0.8689979123059891,0.7683433317773802,0.7715477293611782,0.9946236558842706,0.5565341941768752,0.5565341941768752,2,16.170807026447882,3.3689181305099756,223,cvc-clinicdb,segformer,polypseg/runs_cv/segformer_seed42_fold0/best.pth,True
0.9042407660584091,0.8252184768781143,0.8345959595696151,0.9865671641422923,0.5390572748492106,0.5390572748492106,2,7.078069548818602,1.474597822670542,224,cvc-clinicdb,segformer,polypseg/runs_cv/segformer_seed42_fold0/best.pth,True
0.9283228949070519,0.8662337662112667,0.8680374804563239,0.9976069398445228,0.6444309906606985,0.6444309906606985,2,4.0,0.8333333333333334,225,cvc-clinicdb,segformer,polypseg/runs_cv/segformer_seed42_fold0/best.pth,True
0.9541436464000539,0.9123085050024246,0.9197585655792694,0.9911995408266463,0.7203389330652147,0.7203389330652147,2,4.123105625617661,0.858980338670346,226,cvc-clinicdb,segformer,polypseg/runs_cv/segformer_seed42_fold0/best.pth,True
0.8926144086861106,0.8060556464591911,0.8172013274110288,0.9833610648591228,0.5332354531813962,0.5332354531813962,2,9.205780829928198,1.9178710062350413,227,cvc-clinicdb,segformer,polypseg/runs_cv/segformer_seed42_fold0/best.pth,True
0.8802983219336215,0.7861900532772402,0.9263570961291516,0.8386027234951023,0.3117686933102252,0.3117686933102252,2,29.0989402258525,6.06227921371927,228,cvc-clinicdb,segformer,polypseg/runs_cv/segformer_seed42_fold0/best.pth,True
0.8567272727216084,0.7493638676758111,0.969910179626199,0.7671995263378661,0.30512843178981797,0.30512843178981797,2,41.21950344336778,8.58739655070162,229,cvc-clinicdb,segformer,polypseg/runs_cv/segformer_seed42_fold0/best.pth,True
0.8125109745372859,0.6842260914543483,0.9927058192491676,0.6876834478889553,0.3917863696296981,0.3917863696296981,2,44.30655456764505,9.23053220159272,23,cvc-clinicdb,segformer,polypseg/runs_cv/segformer_seed42_fold0/best.pth,True
0.833098874595978,0.7139412727085424,0.9433919326338772,0.7458953713249701,0.18156023459585857,0.18156023459585857,2,55.83543933683024,11.632383195172967,230,cvc-clinicdb,segformer,polypseg/runs_cv/segformer_seed42_fold0/best.pth,True
0.8473041100548369,0.7350630096331353,0.9356482355102493,0.7742036227317604,0.28736611764827136,0.28736611764827136,2,63.012902520775846,13.127688025161634,231,cvc-clinicdb,segformer,polypseg/runs_cv/segformer_seed42_fold0/best.pth,True
0.8664096444499528,0.7643057654892879,0.9559111471139294,0.7922332270114026,0.2872152933611394,0.2872152933611394,2,33.25296719438906,6.927701498831054,232,cvc-clinicdb,segformer,polypseg/runs_cv/segformer_seed42_fold0/best.pth,True
0.8942530099018615,0.8087320317485049,0.9792180802638055,0.8228552717702311,0.40324808528578576,0.40324808528578576,2,28.8638507691398,6.0133022435707915,233,cvc-clinicdb,segformer,polypseg/runs_cv/segformer_seed42_fold0/best.pth,True
0.9104725245523279,0.8356581592201031,0.9825252452840899,0.8482656278931041,0.47380762735499177,0.47380762735499177,2,25.515666056603,5.315763761792292,234,cvc-clinicdb,segformer,polypseg/runs_cv/segformer_seed42_fold0/best.pth,True
0.9225767265678567,0.8562806738237413,0.9415840139954668,0.9043216361917467,0.3679776278589127,0.3679776278589127,2,14.866068747318506,3.0970976556913556,235,cvc-clinicdb,segformer,polypseg/runs_cv/segformer_seed42_fold0/best.pth,True
0.9284679463920297,0.8664863951253465,0.9759208146856769,0.8854157671972591,0.4027933157575176,0.4027933157575176,2,10.295630140987,2.1449229460389585,236,cvc-clinicdb,segformer,polypseg/runs_cv/segformer_seed42_fold0/best.pth,True
0.9196347668470076,0.8512258064461211,0.8852063066025816,0.9568496627677362,0.23096482415702882,0.23096482415702882,2,15.50515047172877,3.2302396816101604,237,cvc-clinicdb,segformer,polypseg/runs_cv/segformer_seed42_fold0/best.pth,True
0.9234309291401911,0.8577535377295271,0.9679780420779507,0.8828036107040673,0.46387686769884307,0.46387686769884307,2,34.01334449311822,7.086113436066296,238,cvc-clinicdb,segformer,polypseg/runs_cv/segformer_seed42_fold0/best.pth,True
0.9366293898334839,0.8808118081115807,0.9789206036665115,0.897840968924262,0.6410885448400276,0.6410885448400276,2,18.027756377319946,3.7557825786083225,239,cvc-clinicdb,segformer,polypseg/runs_cv/segformer_seed42_fold0/best.pth,True
0.9253371086385097,0.8610487214890244,0.9774454523119517,0.8785034373308721,0.616615982853619,0.616615982853619,2,24.0,5.0,24,cvc-clinicdb,segformer,polypseg/runs_cv/segformer_seed42_fold0/best.pth,True
0.9172874717938049,0.8472123928532892,0.9931784660675407,0.8521711619010347,0.41666661692922247,0.41666661692922247,2,28.051283474243306,5.844017390467355,240,cvc-clinicdb,segformer,polypseg/runs_cv/segformer_seed42_fold0/best.pth,True
0.85566593974293,0.7477413890404592,0.9771259915054682,0.7610632183853372,0.3869967129789068,0.3869967129789068,2,53.226866861509514,11.088930596147815,241,cvc-clinicdb,segformer,polypseg/runs_cv/segformer_seed42_fold0/best.pth,True
0.8325764192103381,0.713174235051147,0.9782452539663596,0.7246674268283947,0.1938518952476398,0.1938518952476398,2,40.29384842468689,8.394551755143103,242,cvc-clinicdb,segformer,polypseg/runs_cv/segformer_seed42_fold0/best.pth,True
0.8843264381965404,0.7926390554303787,0.9239784946137206,0.8479376356734957,0.4765755293375648,0.4765755293375648,2,40.311288741492746,8.398185154477655,243,cvc-clinicdb,segformer,polypseg/runs_cv/segformer_seed42_fold0/best.pth,True
0.8823627565443998,0.789489399812984,0.9260945709173836,0.8425748884550395,0.49245893276009084,0.49245893276009084,2,46.08144292039071,9.60030060841473,244,cvc-clinicdb,segformer,polypseg/runs_cv/segformer_seed42_fold0/best.pth,True
0.8820533440498455,0.7889941253951684,0.9322850261944711,0.8369579040972026,0.5684301547945607,0.5684301547945607,2,37.12858568774834,7.735122018280904,245,cvc-clinicdb,segformer,polypseg/runs_cv/segformer_seed42_fold0/best.pth,True
0.7394715931627956,0.5866361988764743,0.9501020928924183,0.6052845528406074,0.1898545755943719,0.1898545755943719,2,67.01753409381611,13.961986269545024,246,cvc-clinicdb,segformer,polypseg/runs_cv/segformer_seed42_fold0/best.pth,True
0.8538386928267782,0.7449550839685916,0.9695018637667782,0.762831622445255,0.36739421773920666,0.36739421773920666,2,56.52609618200809,11.776270037918351,247,cvc-clinicdb,segformer,polypseg/runs_cv/segformer_seed42_fold0/best.pth,True
0.8686256528811904,0.7677614885764888,0.9299923162218902,0.8148563734229888,0.3649122311505146,0.3649122311505146,2,46.80857281957096,9.751786004077283,248,cvc-clinicdb,segformer,polypseg/runs_cv/segformer_seed42_fold0/best.pth,True
0.8907932939922694,0.8030904331604907,0.8905430711527103,0.8910436574771309,0.41681344114079466,0.41681344114079466,2,20.71759510647339,4.316165647181957,249,cvc-clinicdb,segformer,polypseg/runs_cv/segformer_seed42_fold0/best.pth,True
0.09147429515939166,0.04792929690566111,0.9743897558633698,0.04798975167511236,0.1252905213080686,0.1252905213080686,2,256.3201123595259,53.40002340823457,25,cvc-clinicdb,segformer,polypseg/runs_cv/segformer_seed42_fold0/best.pth,True
0.8670423092088422,0.765290986818207,0.8722155926723129,0.8619300314380706,0.41304587226108913,0.41304587226108913,2,30.235094876143357,6.298978099196533,250,cvc-clinicdb,segformer,polypseg/runs_cv/segformer_seed42_fold0/best.pth,True
0.8310227044348601,0.7108972155298395,0.8929188255484611,0.777151446814767,0.3805526884833193,0.3805526884833193,2,42.822081389606566,8.921266956168035,251,cvc-clinicdb,segformer,polypseg/runs_cv/segformer_seed42_fold0/best.pth,True
0.8835073430624983,0.7913239174236277,0.8687169875543642,0.8988100484715839,0.4982721880790656,0.4982721880790656,2,31.25660544537752,6.511792801120317,252,cvc-clinicdb,segformer,polypseg/runs_cv/segformer_seed42_fold0/best.pth,True
0.9489508299385135,0.902860548268165,0.9788929571355637,0.9207860615845997,0.5483109918336221,0.5483109918336221,2,12.449640481497324,2.5936751003119425,253,cvc-clinicdb,segformer,polypseg/runs_cv/segformer_seed42_fold0/best.pth,True
0.9150447133067792,0.8433939393905318,0.9414576943850737,0.8900733412890581,0.2965573519565162,0.2965573519565162,2,23.327694847863167,4.85993642663816,254,cvc-clinicdb,segformer,polypseg/runs_cv/segformer_seed42_fold0/best.pth,True
0.9422457596771339,0.8907983761800145,0.9507967839730836,0.9338471723050225,0.6333162055824837,0.6333162055824837,2,14.142135623730951,2.946278254943948,255,cvc-clinicdb,segformer,polypseg/runs_cv/segformer_seed42_fold0/best.pth,True
0.8380121117002034,0.7211883360732532,0.9337267114629638,0.7600960683118657,0.33555627132736626,0.33555627132736626,2,46.52956049652737,9.693658436776534,256,cvc-clinicdb,segformer,polypseg/runs_cv/segformer_seed42_fold0/best.pth,True
0.930148542437537,0.869418399968138,0.9603206094716279,0.90181465886313,0.34209754651241686,0.34209754651241686,2,19.47470043471466,4.057229257232221,257,cvc-clinicdb,segformer,polypseg/runs_cv/segformer_seed42_fold0/best.pth,True
0.9306982988161475,0.8703795175727735,0.9741546116236333,0.8909535246244008,0.3773517254695505,0.3773517254695505,2,17.66905033131601,3.6810521523575024,258,cvc-clinicdb,segformer,polypseg/runs_cv/segformer_seed42_fold0/best.pth,True
0.8303274798271706,0.7098803002608647,0.9796181197100643,0.7205222190160185,0.4120845423781151,0.4120845423781151,2,57.359798600924115,11.94995804185919,259,cvc-clinicdb,segformer,polypseg/runs_cv/segformer_seed42_fold0/best.pth,True
0.8976816073911073,0.8143578238466428,0.817107484478497,0.9958847735942465,0.6224983902882225,0.6224983902882225,2,5.385164807134504,1.1219093348196882,26,cvc-clinicdb,segformer,polypseg/runs_cv/segformer_seed42_fold0/best.pth,True
0.8092108489852146,0.6795584661613758,0.9816158971859732,0.6883187317451468,0.44746596558802193,0.44746596558802193,2,66.23794020953927,13.79957087698735,260,cvc-clinicdb,segformer,polypseg/runs_cv/segformer_seed42_fold0/best.pth,True
0.856682684689083,0.7492956445395164,0.9876415438878141,0.7563875419584278,0.5259451549810421,0.5259451549810421,2,30.570473938764472,6.368848737242598,261,cvc-clinicdb,segformer,polypseg/runs_cv/segformer_seed42_fold0/best.pth,True
0.8798094275576416,0.7854104910375989,0.9716198979514379,0.8038517345943552,0.5080025793496485,0.5080025793496485,2,28.177118110883075,5.870232939767307,262,cvc-clinicdb,segformer,polypseg/runs_cv/segformer_seed42_fold0/best.pth,True
0.8195289346393203,0.6942389006281339,0.9948245392452054,0.6967553708717464,0.46799387438312623,0.46799387438312623,2,46.07368248256785,9.598683850534968,263,cvc-clinicdb,segformer,polypseg/runs_cv/segformer_seed42_fold0/best.pth,True
0.8075426241641782,0.6772087963296402,0.9783340817188014,0.6875197223071651,0.46104172482351435,0.46104172482351435,2,63.91931641755719,13.316524253657748,264,cvc-clinicdb,segformer,polypseg/runs_cv/segformer_seed42_fold0/best.pth,True
0.8773163216576024,0.7814456899853829,0.9856174735459723,0.7904594330369874,0.5546180894004358,0.5546180894004358,2,45.19677749933072,9.415995312360566,265,cvc-clinicdb,segformer,polypseg/runs_cv/segformer_seed42_fold0/best.pth,True
0.8779502662106485,0.7824521852927697,0.9639401540899304,0.8060456231007003,0.39526999337564156,0.39526999337564156,2,30.27043995086985,6.3063416564312185,266,cvc-clinicdb,segformer,polypseg/runs_cv/segformer_seed42_fold0/best.pth,True
0.921921416958349,0.8551523344033735,0.9931167733305571,0.8602510460206053,0.44409924351016694,0.44409924351016694,2,18.479317494212047,3.849857811294177,267,cvc-clinicdb,segformer,polypseg/runs_cv/segformer_seed42_fold0/best.pth,True
0.8076154716325905,0.6773112636226188,0.999404300941208,0.6775848142137415,0.2552493821217373,0.2552493821217373,2,38.26551260767072,7.971981793264733,268,cvc-clinicdb,segformer,polypseg/runs_cv/segformer_seed42_fold0/best.pth,True
0.8994303119157893,0.8172406724025356,0.9179138844064131,0.8816764348065814,0.46759215852582214,0.46759215852582214,2,18.681541692269406,3.8919878525561264,269,cvc-clinicdb,segformer,polypseg/runs_cv/segformer_seed42_fold0/best.pth,True
0.9293185419673751,0.8679692125004163,0.8804804804275987,0.9838926173836313,0.8142391562764583,0.8142391562764583,2,4.0,0.8333333333333334,27,cvc-clinicdb,segformer,polypseg/runs_cv/segformer_seed42_fold0/best.pth,True
0.726977055021771,0.5710635915004687,0.6890624999970901,0.7693069306894422,0.387549807004501,0.387549807004501,2,53.09801602069304,11.062086670977717,270,cvc-clinicdb,segformer,polypseg/runs_cv/segformer_seed42_fold0/best.pth,True
0.9066710483059359,0.829275623682232,0.9806484735951161,0.8430720130348587,0.42735619805947234,0.42735619805947234,2,44.99767545920469,9.374515720667643,271,cvc-clinicdb,segformer,polypseg/runs_cv/segformer_seed42_fold0/best.pth,True
0.8971080535018993,0.8134142753969635,0.9330633781184948,0.863820965036881,0.3733216400798594,0.3733216400798594,2,45.9450373188735,9.571882774765312,272,cvc-clinicdb,segformer,polypseg/runs_cv/segformer_seed42_fold0/best.pth,True
0.901391367627915,0.820484512015581,0.9698359433222601,0.8419706729652608,0.5238009028815209,0.5238009028815209,2,50.09141600542747,10.43571166779739,273,cvc-clinicdb,segformer,polypseg/runs_cv/segformer_seed42_fold0/best.pth,True
0.8765603328695115,0.7802469135778685,0.9885678974162344,0.7873511950512555,0.3873183505626751,0.3873183505626751,2,38.58392999130949,8.038318748189477,274,cvc-clinicdb,segformer,polypseg/runs_cv/segformer_seed42_fold0/best.pth,True
0.80382298319336,0.6719933353503786,0.9756982625853546,0.683432180541156,0.356148604231271,0.356148604231271,2,62.64862322412158,13.051796505025328,275,cvc-clinicdb,segformer,polypseg/runs_cv/segformer_seed42_fold0/best.pth,True
0.8978188832264261,0.8145838007591897,0.9873810171281622,0.8231533124707606,0.5764136231021155,0.5764136231021155,2,56.08029957123981,11.683395744008294,276,cvc-clinicdb,segformer,polypseg/runs_cv/segformer_seed42_fold0/best.pth,True
0.8860517753540598,0.79541558193666,0.958087954103571,0.8240905203550812,0.3649487432983484,0.3649487432983484,2,45.915876651327515,9.565807635693233,277,cvc-clinicdb,segformer,polypseg/runs_cv/segformer_seed42_fold0/best.pth,True
0.8794737860151002,0.7848756905806328,0.8135289906652281,0.9570526315386505,0.6916465147868716,0.6916465147868716,2,43.139309220245984,8.987356087551246,278,cvc-clinicdb,segformer,polypseg/runs_cv/segformer_seed42_fold0/best.pth,True
0.9259466517268057,0.8621048975039214,0.9469668065262509,0.9058394160253344,0.6692464071772201,0.6692464071772201,2,6.708203932499369,1.3975424859373686,279,cvc-clinicdb,segformer,polypseg/runs_cv/segformer_seed42_fold0/best.pth,True
0.9320987654201119,0.8728323699211746,0.8854141216495135,0.9839804506928054,0.7141276450714121,0.7141276450714121,2,7.053300858899107,1.4694376789373138,28,cvc-clinicdb,segformer,polypseg/runs_cv/segformer_seed42_fold0/best.pth,True
0.972321014365667,0.9461330123097763,0.9576606761816125,0.9874371858986358,0.9808992735207728,0.9808992735207728,2,2.0,0.4166666666666667,280,cvc-clinicdb,segformer,polypseg/runs_cv/segformer_seed42_fold0/best.pth,True
0.9702022963235347,0.9421290151063942,0.968613537091468,0.9717962759865335,0.894106379892174,0.894106379892174,2,2.23606797749979,0.4658474953124562,281,cvc-clinicdb,segformer,polypseg/runs_cv/segformer_seed42_fold0/best.pth,True
0.9689231510362692,0.9397196261462682,0.9567078972179661,0.9814543679604331,0.8994736763918245,0.8994736763918245,2,2.23606797749979,0.4658474953124562,282,cvc-clinicdb,segformer,polypseg/runs_cv/segformer_seed42_fold0/best.pth,True
0.961277831546935,0.9254426840418117,0.9466158245722923,0.976401179917001,0.8393606519756587,0.8393606519756587,2,3.0,0.625,283,cvc-clinicdb,segformer,polypseg/runs_cv/segformer_seed42_fold0/best.pth,True
0.8820359281305085,0.7889662560045805,0.820384294045659,0.9537067011669244,0.4617921436610314,0.4617921436610314,2,9.0,1.875,284,cvc-clinicdb,segformer,polypseg/runs_cv/segformer_seed42_fold0/best.pth,True
0.9398102251672594,0.8864547154451923,0.9045801526470943,0.9778956675220191,0.6606247566918526,0.6606247566918526,2,4.141035884842902,0.8627158093422712,285,cvc-clinicdb,segformer,polypseg/runs_cv/segformer_seed42_fold0/best.pth,True
0.9036173828489484,0.824180690858632,0.8249113474994479,0.9989264626677691,0.5782852219573208,0.5782852219573208,2,8.0,1.6666666666666667,286,cvc-clinicdb,segformer,polypseg/runs_cv/segformer_seed42_fold0/best.pth,True
0.933894736828998,0.8759873617462879,0.9195688225284807,0.9486740803835565,0.682953032058452,0.682953032058452,2,6.324555320336759,1.317615691736825,287,cvc-clinicdb,segformer,polypseg/runs_cv/segformer_seed42_fold0/best.pth,True
0.9293012979711502,0.8679391281695141,0.9521788341552865,0.9074973031038971,0.5816623718587276,0.5816623718587276,2,5.0,1.0416666666666667,288,cvc-clinicdb,segformer,polypseg/runs_cv/segformer_seed42_fold0/best.pth,True
0.9505185185044368,0.905702992633944,0.9147419446559811,0.9892075238671229,0.769492325889142,0.769492325889142,2,3.0,0.625,289,cvc-clinicdb,segformer,polypseg/runs_cv/segformer_seed42_fold0/best.pth,True
0.9406934306462055,0.8880275624270451,0.9511070110481756,0.9305054151414598,0.6884766802184543,0.6884766802184543,2,5.385164807134504,1.1219093348196882,29,cvc-clinicdb,segformer,polypseg/runs_cv/segformer_seed42_fold0/best.pth,True
0.9570455735736761,0.917629331947884,0.9466321243032833,0.9676906779148469,0.8741876287181496,0.8741876287181496,2,2.8284271247461903,0.5892556509887896,290,cvc-clinicdb,segformer,polypseg/runs_cv/segformer_seed42_fold0/best.pth,True
0.8751418841976407,0.7780020181242179,0.8232781633303108,0.9339794063637807,0.4686278652554939,0.4686278652554939,2,6.1190314488039945,1.274798218500832,291,cvc-clinicdb,segformer,polypseg/runs_cv/segformer_seed42_fold0/best.pth,True
0.8934116659485226,0.8073568448688906,0.9032668646201415,0.8837691988010059,0.5671837907513996,0.5671837907513996,2,6.4031242374328485,1.3339842161318434,292,cvc-clinicdb,segformer,polypseg/runs_cv/segformer_seed42_fold0/best.pth,True
0.9583623450639415,0.9200534759112285,0.9709367945549962,0.9461094308235879,0.8293511605244849,0.8293511605244849,2,3.0,0.625,293,cvc-clinicdb,segformer,polypseg/runs_cv/segformer_seed42_fold0/best.pth,True
0.9755016940190839,0.9521750190548925,0.9644421540591487,0.9868178222782279,0.9788441653352776,0.9788441653352776,2,2.0,0.4166666666666667,294,cvc-clinicdb,segformer,polypseg/runs_cv/segformer_seed42_fold0/best.pth,True
0.9262327416051778,0.8626010286342738,0.8728624535099663,0.986554621821105,0.6135010265626047,0.6135010265626047,2,6.708203932499369,1.3975424859373686,295,cvc-clinicdb,segformer,polypseg/runs_cv/segformer_seed42_fold0/best.pth,True
0.9437116849165204,0.8934224410519374,0.9606656580574635,0.927345746588998,0.7625477729202143,0.7625477729202143,2,4.242640687119285,0.8838834764831843,296,cvc-clinicdb,segformer,polypseg/runs_cv/segformer_seed42_fold0/best.pth,True
0.9452296819620984,0.8961474036550705,0.9455638034306977,0.9448957965049489,0.8532033001219835,0.8532033001219835,2,3.0,0.625,297,cvc-clinicdb,segformer,polypseg/runs_cv/segformer_seed42_fold0/best.pth,True
0.9342382401050453,0.8765920070139571,0.9910625620491383,0.8835768038824912,0.6138106919630341,0.6138106919630341,2,13.0591657722387,2.7206595358830628,298,cvc-clinicdb,segformer,polypseg/runs_cv/segformer_seed42_fold0/best.pth,True
0.845813478542447,0.7328221763275488,0.9620596205589602,0.7546310355069957,0.6112711272011828,0.6112711272011828,2,22.242872427130365,4.633931755652159,299,cvc-clinicdb,segformer,polypseg/runs_cv/segformer_seed42_fold0/best.pth,True
0.5835476484037924,0.4119783116927226,0.9872452020385355,0.41418283656524213,0.4816087073655196,0.4816087073655196,2,72.82706093513407,15.172304361486264,3,cvc-clinicdb,segformer,polypseg/runs_cv/segformer_seed42_fold0/best.pth,True
0.9681701942381622,0.9383041552316145,0.9516525831537955,0.9852713178185462,0.7567413045732226,0.7567413045732226,2,5.0,1.0416666666666667,30,cvc-clinicdb,segformer,polypseg/runs_cv/segformer_seed42_fold0/best.pth,True
0.9247875263536022,0.8600974681937466,0.9920482588292837,0.866068222610819,0.5514568814725603,0.5514568814725603,2,26.52986626078495,5.5270554709968645,300,cvc-clinicdb,segformer,polypseg/runs_cv/segformer_seed42_fold0/best.pth,True
0.8560083199313981,0.7482644627975493,0.9864894312271413,0.7560120240354707,0.3798765395812232,0.3798765395812232,2,26.825341349910236,5.5886127812313,301,cvc-clinicdb,segformer,polypseg/runs_cv/segformer_seed42_fold0/best.pth,True
0.9425487465126361,0.8913401382845862,0.9725748502877535,0.9143210988413158,0.6878174724122967,0.6878174724122967,2,26.76600044964765,5.5762500936765935,302,cvc-clinicdb,segformer,polypseg/runs_cv/segformer_seed42_fold0/best.pth,True
0.8873430962296687,0.7974992949064821,0.9756181713516316,0.8137170263710913,0.46612914048804155,0.46612914048804155,2,45.549215886127705,9.489419976276604,303,cvc-clinicdb,segformer,polypseg/runs_cv/segformer_seed42_fold0/best.pth,True
0.91126914660333,0.8370013063929554,0.9741520467722321,0.8560123329819526,0.6062078896582668,0.6062078896582668,2,33.42122790837382,6.962755814244546,304,cvc-clinicdb,segformer,polypseg/runs_cv/segformer_seed42_fold0/best.pth,True
0.8976473718182598,0.8143014756529147,0.9841653471040572,0.8251117942927255,0.48979653942462426,0.48979653942462426,2,35.16247413144109,7.325515444050226,305,cvc-clinicdb,segformer,polypseg/runs_cv/segformer_seed42_fold0/best.pth,True
0.743371266272577,0.5915599781548706,0.7294254077482814,0.7578607796620239,0.1856327648891801,0.1856327648891801,2,84.38362601964144,17.5799220874253,306,cvc-clinicdb,segformer,polypseg/runs_cv/segformer_seed42_fold0/best.pth,True
0.8652028357578515,0.7624295010779832,0.9462631918915974,0.7969345184038007,0.2749521106094269,0.2749521106094269,2,19.061701603286505,3.971187834018022,307,cvc-clinicdb,segformer,polypseg/runs_cv/segformer_seed42_fold0/best.pth,True
0.946800181312289,0.8989748806565538,0.9016560709449677,0.996703106012522,0.38895128466431383,0.38895128466431383,2,7.0,1.4583333333333333,308,cvc-clinicdb,segformer,polypseg/runs_cv/segformer_seed42_fold0/best.pth,True
0.9172593859645515,0.8471644769524835,0.8577201548937916,0.9856811145320108,0.40117989110084945,0.40117989110084945,2,8.54400374531753,1.7800007802744855,309,cvc-clinicdb,segformer,polypseg/runs_cv/segformer_seed42_fold0/best.pth,True
0.9725382736583514,0.946544526890694,0.9674093386943895,0.977721882848512,0.8373044376496326,0.8373044376496326,2,3.0,0.625,31,cvc-clinicdb,segformer,polypseg/runs_cv/segformer_seed42_fold0/best.pth,True
0.9159352447646589,0.844908240343832,0.9076149980321757,0.9244094487825036,0.7274086878314621,0.7274086878314621,2,92.56943267653632,19.285298474278402,310,cvc-clinicdb,segformer,polypseg/runs_cv/segformer_seed42_fold0/best.pth,True
0.9153360564256343,0.8438890790536157,0.9793404846651037,0.8591843847731201,0.6790276293307355,0.6790276293307355,2,6.4031242374328485,1.3339842161318434,311,cvc-clinicdb,segformer,polypseg/runs_cv/segformer_seed42_fold0/best.pth,True
0.641318124180764,0.47201492534378015,0.6963302751654742,0.5943617853880687,0.15032517357206307,0.15032517357206307,2,15.052417469625999,3.135920306172083,312,cvc-clinicdb,segformer,polypseg/runs_cv/segformer_seed42_fold0/best.pth,True
0.8932771244664353,0.807137129099076,0.87955141274571,0.9074380165152902,0.5585776458068912,0.5585776458068912,2,16.37061974916747,3.4105457810765563,313,cvc-clinicdb,segformer,polypseg/runs_cv/segformer_seed42_fold0/best.pth,True
0.9322641394755344,0.8731224396805516,0.9829618242251734,0.8865395724912011,0.6383491950571942,0.6383491950571942,2,14.899514273529384,3.1040654736519553,314,cvc-clinicdb,segformer,polypseg/runs_cv/segformer_seed42_fold0/best.pth,True
0.9859028194336485,0.9721975746772542,0.9912047042217862,0.9806573516931995,0.8897588065162712,0.8897588065162712,2,3.0,0.625,315,cvc-clinicdb,segformer,polypseg/runs_cv/segformer_seed42_fold0/best.pth,True
0.9668049792516262,0.9357429718847665,0.9463281085443415,0.9881876158430831,0.6422451159222075,0.6422451159222075,2,15.572386727531361,3.244247234902367,316,cvc-clinicdb,segformer,polypseg/runs_cv/segformer_seed42_fold0/best.pth,True
0.9069759555027402,0.8297859137398089,0.9905918956886391,0.8363772829569903,0.44827430018511555,0.44827430018511555,2,24.576872709117147,5.120181814399405,317,cvc-clinicdb,segformer,polypseg/runs_cv/segformer_seed42_fold0/best.pth,True
0.9264607864713073,0.8629966887060019,0.9971305594932028,0.8651452281798695,0.6403711797309485,0.6403711797309485,2,4.242640687119285,0.8838834764831843,318,cvc-clinicdb,segformer,polypseg/runs_cv/segformer_seed42_fold0/best.pth,True
0.9639193491163085,0.9303516558234773,0.9373925008277472,0.9919912631601023,0.930540549777052,0.930540549777052,2,2.23606797749979,0.4658474953124562,319,cvc-clinicdb,segformer,polypseg/runs_cv/segformer_seed42_fold0/best.pth,True
0.9682297957203789,0.9384161237689492,0.9710343374660728,0.9654414074671123,0.7722342233209926,0.7722342233209926,2,4.0,0.8333333333333334,32,cvc-clinicdb,segformer,polypseg/runs_cv/segformer_seed42_fold0/best.pth,True
0.9474416985619277,0.900132275112431,0.9501978124051619,0.9447015270489426,0.7211512693517885,0.7211512693517885,2,5.0385164807134375,1.0496909334819662,320,cvc-clinicdb,segformer,polypseg/runs_cv/segformer_seed42_fold0/best.pth,True
0.957197184230462,0.9179081315810381,0.9278431372403476,0.9884692513203799,0.7367389044669291,0.7367389044669291,2,3.605551275463989,0.7511565157216644,321,cvc-clinicdb,segformer,polypseg/runs_cv/segformer_seed42_fold0/best.pth,True
0.9648963808775004,0.9321737100054613,0.9417384125375428,0.9892220019699056,0.6966318245462108,0.6966318245462108,2,3.664718584144382,0.7634830383634129,322,cvc-clinicdb,segformer,polypseg/runs_cv/segformer_seed42_fold0/best.pth,True
0.967923297018383,0.937840466916947,0.9595899273319439,0.9764026736785861,0.7211803416069379,0.7211803416069379,2,3.1622776601683795,0.6588078458684125,323,cvc-clinicdb,segformer,polypseg/runs_cv/segformer_seed42_fold0/best.pth,True
0.959608138651397,0.9223526003053404,0.9267831149792317,0.9948437499844556,0.7051344652955204,0.7051344652955204,2,3.605551275463989,0.7511565157216644,324,cvc-clinicdb,segformer,polypseg/runs_cv/segformer_seed42_fold0/best.pth,True
0.9240609136962024,0.8588412907933791,0.8588412907933791,0.9999999999780268,0.39664127300754354,0.39664127300754354,2,5.385164807134504,1.1219093348196882,325,cvc-clinicdb,segformer,polypseg/runs_cv/segformer_seed42_fold0/best.pth,True
0.9261311172561618,0.8624247635240235,0.8655879179964274,0.9957805906925843,0.5893526840093989,0.5893526840093989,2,8.94427190999916,1.8633899812498247,326,cvc-clinicdb,segformer,polypseg/runs_cv/segformer_seed42_fold0/best.pth,True
0.9169147496492975,0.8465767116230241,0.868940754017211,0.9704955599836581,0.3236363136529003,0.3236363136529003,2,4.242640687119285,0.8838834764831843,327,cvc-clinicdb,segformer,polypseg/runs_cv/segformer_seed42_fold0/best.pth,True
0.8880896105139441,0.7987060998003936,0.8057057616855173,0.9892399267172793,0.26652551795832174,0.26652551795832174,2,12.0,2.5,328,cvc-clinicdb,segformer,polypseg/runs_cv/segformer_seed42_fold0/best.pth,True
0.8887894383431552,0.7998389045348402,0.9179570140763126,0.8614183474113768,0.4696935308742129,0.4696935308742129,2,9.899494936611665,2.0623947784607637,329,cvc-clinicdb,segformer,polypseg/runs_cv/segformer_seed42_fold0/best.pth,True
0.9661525092289109,0.934521307884891,0.9423631123839433,0.9911741107159563,0.6843514976326032,0.6843514976326032,2,5.0,1.0416666666666667,33,cvc-clinicdb,segformer,polypseg/runs_cv/segformer_seed42_fold0/best.pth,True
0.9451640033562223,0.8960293413985644,0.9302980132296309,0.9605128204964015,0.6289235411632416,0.6289235411632416,2,5.0990195135927845,1.0622957319984967,330,cvc-clinicdb,segformer,polypseg/runs_cv/segformer_seed42_fold0/best.pth,True
0.9606582669004843,0.9242949035016788,0.9554987212154028,0.9658738365955808,0.7124446246830675,0.7124446246830675,2,4.0,0.8333333333333334,331,cvc-clinicdb,segformer,polypseg/runs_cv/segformer_seed42_fold0/best.pth,True
0.9761422660359526,0.9533963886336475,0.9779502557597821,0.9743409490162682,0.9321334053132079,0.9321334053132079,2,2.23606797749979,0.4658474953124562,332,cvc-clinicdb,segformer,polypseg/runs_cv/segformer_seed42_fold0/best.pth,True
0.9564325030230764,0.9165027713049079,0.9165027713049079,0.9999999999804916,0.7700805781083417,0.7700805781083417,2,3.0,0.625,333,cvc-clinicdb,segformer,polypseg/runs_cv/segformer_seed42_fold0/best.pth,True
0.9479063928902725,0.9009715356928418,0.936735778824442,0.9593466424508286,0.5633464541950597,0.5633464541950597,2,4.073863375370592,0.8487215365355399,334,cvc-clinicdb,segformer,polypseg/runs_cv/segformer_seed42_fold0/best.pth,True
0.954839794794762,0.9135822336512137,0.9441210709971043,0.9658046954582205,0.7021348040002009,0.7021348040002009,2,5.0,1.0416666666666667,335,cvc-clinicdb,segformer,polypseg/runs_cv/segformer_seed42_fold0/best.pth,True
0.9493919885465898,0.9036595744527037,0.9078317373305774,0.9949400299663618,0.5807826421868855,0.5807826421868855,2,4.0,0.8333333333333334,336,cvc-clinicdb,segformer,polypseg/runs_cv/segformer_seed42_fold0/best.pth,True
0.9526298044424086,0.9095445034458467,0.9311253913176615,0.9751509922178576,0.6442081825232197,0.6442081825232197,2,4.123105625617661,0.858980338670346,337,cvc-clinicdb,segformer,polypseg/runs_cv/segformer_seed42_fold0/best.pth,True
0.9664202094848797,0.9350223546875184,0.9650080750521801,0.967836482830946,0.5621068017573465,0.5621068017573465,2,5.0,1.0416666666666667,338,cvc-clinicdb,segformer,polypseg/runs_cv/segformer_seed42_fold0/best.pth,True
0.929377221435182,0.8680715935084276,0.8802693208173223,0.9842880523409399,0.5796439934300439,0.5796439934300439,2,4.0,0.8333333333333334,339,cvc-clinicdb,segformer,polypseg/runs_cv/segformer_seed42_fold0/best.pth,True
0.9649014778250854,0.9321832242574036,0.9770849571164913,0.9530180933411432,0.7767879916714263,0.7767879916714263,2,3.1622776601683795,0.6588078458684125,34,cvc-clinicdb,segformer,polypseg/runs_cv/segformer_seed42_fold0/best.pth,True
0.9318181817941164,0.8723404254897321,0.9010989010538911,0.9647058823013526,0.709512627577089,0.709512627577089,2,4.0,0.8333333333333334,340,cvc-clinicdb,segformer,polypseg/runs_cv/segformer_seed42_fold0/best.pth,True
0.9655172413596099,0.9333333332965155,0.9532634971412868,0.9780901198438161,0.9465139192928242,0.9465139192928242,2,2.23606797749979,0.4658474953124562,341,cvc-clinicdb,segformer,polypseg/runs_cv/segformer_seed42_fold0/best.pth,True
0.9730344174235993,0.9474849341907824,0.9807765754171767,0.9654135338224886,0.8217274345566011,0.8217274345566011,2,3.605551275463989,0.7511565157216644,342,cvc-clinicdb,segformer,polypseg/runs_cv/segformer_seed42_fold0/best.pth,True
0.9482826687659673,0.9016516516403698,0.9193671854947771,0.9790760869432191,0.7050897385514524,0.7050897385514524,2,8.48528137423857,1.7677669529663687,343,cvc-clinicdb,segformer,polypseg/runs_cv/segformer_seed42_fold0/best.pth,True
0.9667284825971174,0.9355996621555771,0.9584685269236537,0.9751320422463678,0.6893466455442636,0.6893466455442636,2,5.830951894845301,1.2147816447594377,344,cvc-clinicdb,segformer,polypseg/runs_cv/segformer_seed42_fold0/best.pth,True
0.9767858533887326,0.9546250475755262,0.9675154320913,0.9862356457370911,0.8308470381420495,0.8308470381420495,2,3.605551275463989,0.7511565157216644,345,cvc-clinicdb,segformer,polypseg/runs_cv/segformer_seed42_fold0/best.pth,True
0.7895795827513546,0.6523184601810618,0.6681003584109659,0.9650530675390875,0.5829840946146425,0.5829840946146425,2,36.59197584363488,7.623328300757266,346,cvc-clinicdb,segformer,polypseg/runs_cv/segformer_seed42_fold0/best.pth,True
0.8537074148222208,0.7447552447439229,0.7585939919362249,0.9760908547324947,0.49013410570896876,0.49013410570896876,2,29.663340703821074,6.17986264662939,347,cvc-clinicdb,segformer,polypseg/runs_cv/segformer_seed42_fold0/best.pth,True
0.9753903264527233,0.95196283192979,0.9806797224862532,0.9701576821121143,0.6901923838636086,0.6901923838636086,2,5.385164807134504,1.1219093348196882,348,cvc-clinicdb,segformer,polypseg/runs_cv/segformer_seed42_fold0/best.pth,True
0.9712766869566765,0.944157359555992,0.9878782593486183,0.9552238805929875,0.6956605466698832,0.6956605466698832,2,8.0,1.6666666666666667,349,cvc-clinicdb,segformer,polypseg/runs_cv/segformer_seed42_fold0/best.pth,True
0.9722090099818427,0.94592093083504,0.9529772212474626,0.992233009694976,0.8650970148581432,0.8650970148581432,2,2.8284271247461903,0.5892556509887896,35,cvc-clinicdb,segformer,polypseg/runs_cv/segformer_seed42_fold0/best.pth,True
0.9271357734928379,0.8641687835106959,0.9800736235516959,0.8796236443232088,0.5002636887343858,0.5002636887343858,2,38.18373018513238,7.954943788569246,350,cvc-clinicdb,segformer,polypseg/runs_cv/segformer_seed42_fold0/best.pth,True
0.8607138255268559,0.7554851843303442,0.9334823923718982,0.7984699975902828,0.3706277532458491,0.3706277532458491,2,19.702779317073766,4.104745691057035,351,cvc-clinicdb,segformer,polypseg/runs_cv/segformer_seed42_fold0/best.pth,True
0.9208295291388962,0.853275320259771,0.9808280077526861,0.867748279231373,0.7849908144871622,0.7849908144871622,2,35.0,7.291666666666667,352,cvc-clinicdb,segformer,polypseg/runs_cv/segformer_seed42_fold0/best.pth,True
0.9464428457176016,0.8983308042383759,0.9237786580131583,0.9702471003407684,0.6252676161457059,0.6252676161457059,2,19.512113347516532,4.065023614065945,353,cvc-clinicdb,segformer,polypseg/runs_cv/segformer_seed42_fold0/best.pth,True
0.9512961508185959,0.9071161048575891,0.9581959646451511,0.9444949954381322,0.6295271287726268,0.6295271287726268,2,13.171818200581942,2.744128791787905,354,cvc-clinicdb,segformer,polypseg/runs_cv/segformer_seed42_fold0/best.pth,True
0.8415702768965908,0.7264750378141556,0.9887439944956933,0.7325333062063202,0.412141082456468,0.412141082456468,2,36.76955262170047,7.660323462854264,355,cvc-clinicdb,segformer,polypseg/runs_cv/segformer_seed42_fold0/best.pth,True
0.821737340464496,0.6974143955206407,0.9635862068832609,0.7162924228369086,0.30218877865991267,0.30218877865991267,2,37.50199132357513,7.812914859078153,356,cvc-clinicdb,segformer,polypseg/runs_cv/segformer_seed42_fold0/best.pth,True
0.9509885281890383,0.9065568430317532,0.9932191291883694,0.9122026596698248,0.741909632580315,0.741909632580315,2,28.60594071731056,5.959570982773033,357,cvc-clinicdb,segformer,polypseg/runs_cv/segformer_seed42_fold0/best.pth,True
0.8529281418116307,0.743569930447692,0.9636623748073868,0.7650198750622939,0.6543916134418577,0.6543916134418577,2,78.7412358605041,16.404424137605023,358,cvc-clinicdb,segformer,polypseg/runs_cv/segformer_seed42_fold0/best.pth,True
0.9049098819099062,0.8263337116840449,0.9849099802166207,0.8369296073502216,0.5972750087049722,0.5972750087049722,2,31.703074852639826,6.60480726096663,359,cvc-clinicdb,segformer,polypseg/runs_cv/segformer_seed42_fold0/best.pth,True
0.9367517232925776,0.881028207441287,0.9038506417525356,0.9721385541924664,0.6615373570436895,0.6615373570436895,2,5.830951894845301,1.2147816447594377,36,cvc-clinicdb,segformer,polypseg/runs_cv/segformer_seed42_fold0/best.pth,True
0.9188887560248759,0.849948385187657,0.9869006849230573,0.8596465060715963,0.49643496480518134,0.49643496480518134,2,33.91133145569661,7.064860719936794,360,cvc-clinicdb,segformer,polypseg/runs_cv/segformer_seed42_fold0/best.pth,True
0.9270976616188579,0.8641025640951786,0.9357645316462813,0.9185898600679757,0.38787003935109743,0.38787003935109743,2,11.180339887498949,2.329237476562281,361,cvc-clinicdb,segformer,polypseg/runs_cv/segformer_seed42_fold0/best.pth,True
0.9089189668366398,0.8330444203593386,0.9762569832278282,0.8502709277800478,0.48016220859494,0.48016220859494,2,19.1049731745428,3.9802027446964163,362,cvc-clinicdb,segformer,polypseg/runs_cv/segformer_seed42_fold0/best.pth,True
0.6276724485426514,0.4573780129066797,0.7597656249258041,0.534707903743319,0.15512460397942066,0.15512460397942066,2,25.6198488612295,5.337468512756145,363,cvc-clinicdb,segformer,polypseg/runs_cv/segformer_seed42_fold0/best.pth,True
0.9426485922639698,0.8915187376374155,0.9277504104709463,0.9580330648173789,0.7796243834343963,0.7796243834343963,2,5.0,1.0416666666666667,364,cvc-clinicdb,segformer,polypseg/runs_cv/segformer_seed42_fold0/best.pth,True
0.9149965445539048,0.8433121018750186,0.8436703483074057,0.9994967286864873,0.7399845598764132,0.7399845598764132,2,7.106076496631101,1.4804326034648128,365,cvc-clinicdb,segformer,polypseg/runs_cv/segformer_seed42_fold0/best.pth,True
0.9314868804438414,0.8717598908198382,0.8928737773221764,0.973590655105455,0.7941353975586118,0.7941353975586118,2,3.605551275463989,0.7511565157216644,366,cvc-clinicdb,segformer,polypseg/runs_cv/segformer_seed42_fold0/best.pth,True
0.9470085469883118,0.8993506493141498,0.9096880130989455,0.9875222815959215,0.7672422836796099,0.7672422836796099,2,3.1622776601683795,0.6588078458684125,367,cvc-clinicdb,segformer,polypseg/runs_cv/segformer_seed42_fold0/best.pth,True
0.8952742816220548,0.8104041272222526,0.8779692593908724,0.9132751937542019,0.5567765068094342,0.5567765068094342,2,5.656854249492381,1.1785113019775793,368,cvc-clinicdb,segformer,polypseg/runs_cv/segformer_seed42_fold0/best.pth,True
0.8817656331875522,0.7885338345494111,0.7885338345494111,0.9999999999404052,0.5410806667592003,0.5410806667592003,2,7.0710678118654755,1.473139127471974,369,cvc-clinicdb,segformer,polypseg/runs_cv/segformer_seed42_fold0/best.pth,True
0.960888888882788,0.9247219845909236,0.9648093841519214,0.957000126458113,0.6840795519950038,0.6840795519950038,2,3.605551275463989,0.7511565157216644,37,cvc-clinicdb,segformer,polypseg/runs_cv/segformer_seed42_fold0/best.pth,True
0.8856420342544074,0.7947554210390945,0.8098663925585885,0.9770613762568467,0.6466026574038112,0.6466026574038112,2,8.06225774829855,1.679637030895531,370,cvc-clinicdb,segformer,polypseg/runs_cv/segformer_seed42_fold0/best.pth,True
0.7890173410119575,0.6515513126102893,0.6515513126102893,0.9999999999084248,0.4416473651138384,0.4416473651138384,2,10.63014581273465,2.2146137109863853,371,cvc-clinicdb,segformer,polypseg/runs_cv/segformer_seed42_fold0/best.pth,True
0.802399999967904,0.6700066799819634,0.6722520106788035,0.9950396824409683,0.5166653796039644,0.5166653796039644,2,9.899494936611665,2.0623947784607637,372,cvc-clinicdb,segformer,polypseg/runs_cv/segformer_seed42_fold0/best.pth,True
0.8150711264584748,0.6878650226678867,0.6878650226678867,0.9999999999056604,0.25465833541916794,0.25465833541916794,2,6.708203932499369,1.3975424859373686,373,cvc-clinicdb,segformer,polypseg/runs_cv/segformer_seed42_fold0/best.pth,True
0.8299635399128286,0.7093484418861559,0.7283304246231337,0.9645608627916362,0.41860460133180694,0.41860460133180694,2,6.4031242374328485,1.3339842161318434,374,cvc-clinicdb,segformer,polypseg/runs_cv/segformer_seed42_fold0/best.pth,True
0.7947413061579839,0.6593947923533149,0.6669039145432808,0.9832109128034406,0.44594589653031963,0.44594589653031963,2,9.401815630842044,1.9587115897587593,375,cvc-clinicdb,segformer,polypseg/runs_cv/segformer_seed42_fold0/best.pth,True
0.9330875575864869,0.8745680718426203,0.891825229003107,0.9783533049486528,0.7273166106530197,0.7273166106530197,2,5.0,1.0416666666666667,376,cvc-clinicdb,segformer,polypseg/runs_cv/segformer_seed42_fold0/best.pth,True
0.8991859736819205,0.8168373150998546,0.8237093689933572,0.9898897058368618,0.629464235813939,0.629464235813939,2,8.06225774829855,1.679637030895531,377,cvc-clinicdb,segformer,polypseg/runs_cv/segformer_seed42_fold0/best.pth,True
0.853575482386979,0.7445544554160572,0.7499002791882768,0.990516332929899,0.4323826548106855,0.4323826548106855,2,8.0,1.6666666666666667,378,cvc-clinicdb,segformer,polypseg/runs_cv/segformer_seed42_fold0/best.pth,True
0.829888712215266,0.709239130396237,0.7368718237867379,0.949781659319521,0.44259390768292267,0.44259390768292267,2,8.16343217491377,1.700715036440369,379,cvc-clinicdb,segformer,polypseg/runs_cv/segformer_seed42_fold0/best.pth,True
0.9635998213380571,0.9297565179717786,0.9921821108072619,0.9366181896909785,0.8541506202806924,0.8541506202806924,2,3.605551275463989,0.7511565157216644,38,cvc-clinicdb,segformer,polypseg/runs_cv/segformer_seed42_fold0/best.pth,True
0.9111395646373588,0.8367826904592295,0.8548774627172092,0.975328947314949,0.6446700007936341,0.6446700007936341,2,5.643269777374484,1.1756812036196842,380,cvc-clinicdb,segformer,polypseg/runs_cv/segformer_seed42_fold0/best.pth,True
0.9151817533692947,0.8436268068053999,0.877049180297915,0.9567809239583912,0.4525381647981079,0.4525381647981079,2,5.0,1.0416666666666667,381,cvc-clinicdb,segformer,polypseg/runs_cv/segformer_seed42_fold0/best.pth,True
0.9299463553024622,0.8690651724898536,0.9311216429405649,0.9287740308563261,0.6672551070363762,0.6672551070363762,2,5.0,1.0416666666666667,382,cvc-clinicdb,segformer,polypseg/runs_cv/segformer_seed42_fold0/best.pth,True
0.9476035045362033,0.9004244204733783,0.9596381349700892,0.935866983341165,0.7950645997086687,0.7950645997086687,2,5.656854249492381,1.1785113019775793,383,cvc-clinicdb,segformer,polypseg/runs_cv/segformer_seed42_fold0/best.pth,True
0.8074346228642013,0.6770569046733762,0.9813735791337216,0.6858706899406326,0.522236292004932,0.522236292004932,2,103.38834401763316,21.539238337006907,384,cvc-clinicdb,segformer,polypseg/runs_cv/segformer_seed42_fold0/best.pth,True
0.8015044621974907,0.6687588204684366,0.9606807511685836,0.687578754436261,0.5165219304227112,0.5165219304227112,2,106.28937206011338,22.14361917919029,385,cvc-clinicdb,segformer,polypseg/runs_cv/segformer_seed42_fold0/best.pth,True
0.9007645002693494,0.8194463338293448,0.953766377702752,0.8533432497490673,0.4279004116039358,0.4279004116039358,2,57.35328060352064,11.948600125733465,386,cvc-clinicdb,segformer,polypseg/runs_cv/segformer_seed42_fold0/best.pth,True
0.9137640348658145,0.8412205673496872,0.9085494168387896,0.9190388570158421,0.3799272051586,0.3799272051586,2,30.05411007746118,6.261272932804412,387,cvc-clinicdb,segformer,polypseg/runs_cv/segformer_seed42_fold0/best.pth,True
0.9109069758094771,0.8363904235696633,0.9379207798069558,0.8854057004683378,0.4329826481205162,0.4329826481205162,2,53.072948827681486,11.05686433910031,388,cvc-clinicdb,segformer,polypseg/runs_cv/segformer_seed42_fold0/best.pth,True
0.909113802913926,0.8333718084822319,0.9860693799454462,0.8433003176936866,0.5317959240608503,0.5317959240608503,2,51.7802154633077,10.787544888189103,389,cvc-clinicdb,segformer,polypseg/runs_cv/segformer_seed42_fold0/best.pth,True
0.9681738109105322,0.938310949216064,0.965113556521538,0.9712535343786227,0.9665547468985104,0.9665547468985104,2,2.0,0.4166666666666667,39,cvc-clinicdb,segformer,polypseg/runs_cv/segformer_seed42_fold0/best.pth,True
0.9753547423423358,0.9518950437266391,0.9791192314045697,0.9716190896011704,0.8129712710471154,0.8129712710471154,2,7.028427124746188,1.4642556509887892,390,cvc-clinicdb,segformer,polypseg/runs_cv/segformer_seed42_fold0/best.pth,True
0.9514307228826107,0.9073608617431353,0.9670876387109245,0.9362726935728738,0.7620023573098978,0.7620023573098978,2,5.8563091106185015,1.2200643980455212,391,cvc-clinicdb,segformer,polypseg/runs_cv/segformer_seed42_fold0/best.pth,True
0.9437198067575862,0.8934369997611086,0.9407657115225045,0.9466925127096353,0.5723306097125886,0.5723306097125886,2,12.039514849852681,2.508232260385975,392,cvc-clinicdb,segformer,polypseg/runs_cv/segformer_seed42_fold0/best.pth,True
0.9355331889353068,0.878874925183975,0.8918984574165929,0.9836570662962671,0.4993812590253652,0.4993812590253652,2,7.86552058705236,1.638650122302575,393,cvc-clinicdb,segformer,polypseg/runs_cv/segformer_seed42_fold0/best.pth,True
0.9433481085618838,0.8927709458580304,0.9008465731079571,0.9900586285879421,0.5063530339582027,0.5063530339582027,2,6.239927843823264,1.2999849674631803,394,cvc-clinicdb,segformer,polypseg/runs_cv/segformer_seed42_fold0/best.pth,True
0.9478636499681456,0.900894308935765,0.9105924891041942,0.9883160898948598,0.6260815340821608,0.6260815340821608,2,8.06225774829855,1.679637030895531,395,cvc-clinicdb,segformer,polypseg/runs_cv/segformer_seed42_fold0/best.pth,True
0.9464971918375639,0.8984287317548626,0.9110641411193312,0.984797891028253,0.6079844671769954,0.6079844671769954,2,8.552751973576294,1.7818233278283946,396,cvc-clinicdb,segformer,polypseg/runs_cv/segformer_seed42_fold0/best.pth,True
0.9544227203196122,0.9128189172314074,0.9258978728717673,0.9847610096604138,0.5145603271847202,0.5145603271847202,2,8.230868847255204,1.7147643431781674,397,cvc-clinicdb,segformer,polypseg/runs_cv/segformer_seed42_fold0/best.pth,True
0.9526416932083275,0.9095661790533878,0.9146699019264246,0.9939027739577374,0.5399860461949088,0.5399860461949088,2,10.022444029504397,2.088009172813416,398,cvc-clinicdb,segformer,polypseg/runs_cv/segformer_seed42_fold0/best.pth,True
0.9485162964125647,0.9020741768763815,0.9200220194957531,0.978831994637058,0.538903566025873,0.538903566025873,2,10.0,2.0833333333333335,399,cvc-clinicdb,segformer,polypseg/runs_cv/segformer_seed42_fold0/best.pth,True
0.5786616035422582,0.4071244434009509,0.9824680465899505,0.4101038715750231,0.4862808527062631,0.4862808527062631,2,80.05623023850174,16.678381299687864,4,cvc-clinicdb,segformer,polypseg/runs_cv/segformer_seed42_fold0/best.pth,True
0.97081452278902,0.9432843197708726,0.9783416634502328,0.9634023220474078,0.8831920555455575,0.8831920555455575,2,3.0,0.625,40,cvc-clinicdb,segformer,polypseg/runs_cv/segformer_seed42_fold0/best.pth,True
0.9493260289703068,0.9035400658492928,0.9304790165192811,0.9689523248827405,0.5864906635062505,0.5864906635062505,2,5.0,1.0416666666666667,400,cvc-clinicdb,segformer,polypseg/runs_cv/segformer_seed42_fold0/best.pth,True
0.9663646776998522,0.9349183961219532,0.9430894308847246,0.99081785179382,0.6929100233441988,0.6929100233441988,2,4.104639781775007,0.8551332878697931,401,cvc-clinicdb,segformer,polypseg/runs_cv/segformer_seed42_fold0/best.pth,True
0.9707306801397813,0.9431260229068253,0.9536615639156415,0.9884219553960232,0.719855448296125,0.719855448296125,2,5.830951894845301,1.2147816447594377,402,cvc-clinicdb,segformer,polypseg/runs_cv/segformer_seed42_fold0/best.pth,True
0.9605734766975905,0.9241379310253779,0.929264909838228,0.9940652818885749,0.6445111083822009,0.6445111083822009,2,4.367426856185,0.9098805950385418,403,cvc-clinicdb,segformer,polypseg/runs_cv/segformer_seed42_fold0/best.pth,True
0.965645226990605,0.9335725538164399,0.9512216871682608,0.9805129147809494,0.7532493396596749,0.7532493396596749,2,7.211102550927978,1.5023130314433288,404,cvc-clinicdb,segformer,polypseg/runs_cv/segformer_seed42_fold0/best.pth,True
0.9484283430956396,0.9019150876390524,0.9158349624352727,0.9834272455973546,0.6640852964435392,0.6640852964435392,2,8.54400374531753,1.7800007802744855,405,cvc-clinicdb,segformer,polypseg/runs_cv/segformer_seed42_fold0/best.pth,True
0.9618174491186691,0.926443474032737,0.936439431084488,0.9886092989438893,0.6780659557098403,0.6780659557098403,2,5.0,1.0416666666666667,406,cvc-clinicdb,segformer,polypseg/runs_cv/segformer_seed42_fold0/best.pth,True
0.9271540469933544,0.8642005354030647,0.875637021199444,0.9851118919827527,0.5537376797232357,0.5537376797232357,2,16.0,3.3333333333333335,407,cvc-clinicdb,segformer,polypseg/runs_cv/segformer_seed42_fold0/best.pth,True
0.952545297664535,0.9093904447998423,0.9352535398652395,0.970488509343583,0.6856347282178419,0.6856347282178419,2,5.830951894845301,1.2147816447594377,408,cvc-clinicdb,segformer,polypseg/runs_cv/segformer_seed42_fold0/best.pth,True
0.971658112026897,0.9448784722190675,0.957214367851731,0.986544427786152,0.7386619182084363,0.7386619182084363,2,12.091293882294751,2.5190195588114066,409,cvc-clinicdb,segformer,polypseg/runs_cv/segformer_seed42_fold0/best.pth,True
0.9644879052911529,0.9314115307965922,0.937374949961237,0.9932160271148354,0.8431997852746975,0.8431997852746975,2,2.9571067811865475,0.6160639127471974,41,cvc-clinicdb,segformer,polypseg/runs_cv/segformer_seed42_fold0/best.pth,True
0.9122910289562497,0.838727134962239,0.9560764959783334,0.8723404255220945,0.34860953802318534,0.34860953802318534,2,11.01587635601554,2.294974240836571,410,cvc-clinicdb,segformer,polypseg/runs_cv/segformer_seed42_fold0/best.pth,True
0.8695119818010362,0.769147454730479,0.9934052757595243,0.7730948677951307,0.45231273142764483,0.45231273142764483,2,16.0,3.3333333333333335,411,cvc-clinicdb,segformer,polypseg/runs_cv/segformer_seed42_fold0/best.pth,True
0.8187600712338329,0.6931361286517356,0.9763349514365628,0.7049802833254714,0.24063514278825615,0.24063514278825615,2,20.01374141697543,4.169529461869882,412,cvc-clinicdb,segformer,polypseg/runs_cv/segformer_seed42_fold0/best.pth,True
0.739683972905285,0.5869035678379868,0.9552238805747383,0.6035067039840356,0.14992922914641854,0.14992922914641854,2,31.08689380287692,6.476436208932692,413,cvc-clinicdb,segformer,polypseg/runs_cv/segformer_seed42_fold0/best.pth,True
0.8740524985947605,0.7762817515949001,0.9829899755269438,0.7868515827358727,0.40363517420464257,0.40363517420464257,2,41.0,8.541666666666666,414,cvc-clinicdb,segformer,polypseg/runs_cv/segformer_seed42_fold0/best.pth,True
0.8175221105116882,0.6913635491869119,0.9802410948882421,0.7011345218755194,0.32704397578790656,0.32704397578790656,2,37.033630940518904,7.715339779274772,415,cvc-clinicdb,segformer,polypseg/runs_cv/segformer_seed42_fold0/best.pth,True
0.8850064989644276,0.7937324281643439,0.9801846049540165,0.8066764234385205,0.2740714888728773,0.2740714888728773,2,20.255837797469308,4.219966207806106,416,cvc-clinicdb,segformer,polypseg/runs_cv/segformer_seed42_fold0/best.pth,True
0.8119891008129233,0.6834862385257116,0.9508986715166593,0.7084910237679913,0.2911548443725825,0.2911548443725825,2,34.0,7.083333333333333,417,cvc-clinicdb,segformer,polypseg/runs_cv/segformer_seed42_fold0/best.pth,True
0.7764786014215407,0.6346260901719313,0.9763060233806364,0.6445533358340643,0.30124218700137756,0.30124218700137756,2,21.073654989298884,4.390344789437267,418,cvc-clinicdb,segformer,polypseg/runs_cv/segformer_seed42_fold0/best.pth,True
0.8655514936639506,0.7629711607267562,0.9796873693807598,0.7752348194154304,0.42650280234763266,0.42650280234763266,2,28.460498941515414,5.929270612815712,419,cvc-clinicdb,segformer,polypseg/runs_cv/segformer_seed42_fold0/best.pth,True
0.9642778551972105,0.9310198300151414,0.9723372780921252,0.9563509384409087,0.7758670895259971,0.7758670895259971,2,4.47213595499958,0.9316949906249123,42,cvc-clinicdb,segformer,polypseg/runs_cv/segformer_seed42_fold0/best.pth,True
0.767738188772016,0.6230317143456252,0.9923172023932151,0.6260515906143738,0.3139081758040517,0.3139081758040517,2,46.0,9.583333333333334,420,cvc-clinicdb,segformer,polypseg/runs_cv/segformer_seed42_fold0/best.pth,True
0.7743785850829573,0.6318252730068133,0.994984133473283,0.6338441473711519,0.3025281365748495,0.3025281365748495,2,34.025720210505625,7.088691710522005,421,cvc-clinicdb,segformer,polypseg/runs_cv/segformer_seed42_fold0/best.pth,True
0.9178210202274106,0.8481231269344031,0.8700432494375748,0.9711510498430432,0.2845074329531941,0.2845074329531941,2,33.15089099631241,6.906435624231753,422,cvc-clinicdb,segformer,polypseg/runs_cv/segformer_seed42_fold0/best.pth,True
0.8828500414220949,0.7902699495651719,0.974753018653679,0.806783767408802,0.276445839404989,0.276445839404989,2,19.0,3.9583333333333335,423,cvc-clinicdb,segformer,polypseg/runs_cv/segformer_seed42_fold0/best.pth,True
0.05528209011528656,0.028426791276151605,0.9999999986301371,0.028426791276151605,0.0,0.0,2,39.011536565636085,8.127403451174184,424,cvc-clinicdb,segformer,polypseg/runs_cv/segformer_seed42_fold0/best.pth,True
0.3010283577344647,0.1771826852466184,0.9999999997929606,0.1771826852466184,0.0,0.0,2,27.586228448267445,5.747130926722384,425,cvc-clinicdb,segformer,polypseg/runs_cv/segformer_seed42_fold0/best.pth,True
0.8353990778945248,0.7173264781417241,0.9865648422997233,0.7244029075729552,0.375739970156339,0.375739970156339,2,24.0,5.0,426,cvc-clinicdb,segformer,polypseg/runs_cv/segformer_seed42_fold0/best.pth,True
0.9290575806884251,0.8675140361753936,0.9634537109122416,0.8970327366481451,0.6295681918131064,0.6295681918131064,2,21.01663689043826,4.378466018841304,427,cvc-clinicdb,segformer,polypseg/runs_cv/segformer_seed42_fold0/best.pth,True
0.9273431594816357,0.8645291993229584,0.9827776108843218,0.8778284589850833,0.574298084891696,0.574298084891696,2,12.0,2.5,428,cvc-clinicdb,segformer,polypseg/runs_cv/segformer_seed42_fold0/best.pth,True
0.9086923031290591,0.8326636985467187,0.8331160364968153,0.9993483643816063,0.27266511648709174,0.27266511648709174,2,9.433981132056603,1.9654127358451257,429,cvc-clinicdb,segformer,polypseg/runs_cv/segformer_seed42_fold0/best.pth,True
0.953021337628178,0.9102586059100829,0.9453930985246284,0.9607736803875493,0.7031984638869836,0.7031984638869836,2,5.0,1.0416666666666667,43,cvc-clinicdb,segformer,polypseg/runs_cv/segformer_seed42_fold0/best.pth,True
0.9131285092365583,0.8401439516967709,0.8401439516967709,0.9999999999861822,0.29888159933128944,0.29888159933128944,2,8.488217492792515,1.7683786443317737,430,cvc-clinicdb,segformer,polypseg/runs_cv/segformer_seed42_fold0/best.pth,True
0.8953504905382101,0.8105290256041894,0.8123065015375089,0.9973075704625071,0.23913579687165784,0.23913579687165784,2,9.899494936611665,2.0623947784607637,431,cvc-clinicdb,segformer,polypseg/runs_cv/segformer_seed42_fold0/best.pth,True
0.9333896783004945,0.8750990491196998,0.8820005989729259,0.991137536448383,0.4244832932619293,0.4244832932619293,2,9.848857801796104,2.0518453753741883,432,cvc-clinicdb,segformer,polypseg/runs_cv/segformer_seed42_fold0/best.pth,True
0.9433175740890483,0.8927162513144162,0.893403947993323,0.999138488035762,0.5456050708217198,0.5456050708217198,2,9.068144556281334,1.8891967825586111,433,cvc-clinicdb,segformer,polypseg/runs_cv/segformer_seed42_fold0/best.pth,True
0.9429389312932112,0.8920382740486366,0.8988539203119987,0.9915713425547704,0.37689253026906516,0.37689253026906516,2,6.324555320336759,1.317615691736825,434,cvc-clinicdb,segformer,polypseg/runs_cv/segformer_seed42_fold0/best.pth,True
0.9289478466234844,0.8673227010421068,0.8778477389710606,0.9863648057501111,0.3779119561037107,0.3779119561037107,2,8.423567246062785,1.7549098429297467,435,cvc-clinicdb,segformer,polypseg/runs_cv/segformer_seed42_fold0/best.pth,True
0.9111754915804032,0.836843297091974,0.8377918839170506,0.9986488312255284,0.17566111924316352,0.17566111924316352,2,8.844204868828752,1.8425426810059902,436,cvc-clinicdb,segformer,polypseg/runs_cv/segformer_seed42_fold0/best.pth,True
0.9365519912157971,0.8806749210866632,0.8821741245028918,0.9980740129178969,0.42649783094525234,0.42649783094525234,2,6.324555320336759,1.317615691736825,437,cvc-clinicdb,segformer,polypseg/runs_cv/segformer_seed42_fold0/best.pth,True
0.8262773722600323,0.7039800994985076,0.9516239969357919,0.7301084725844027,0.3869935410954292,0.3869935410954292,2,48.54353213057773,10.113235860537028,438,cvc-clinicdb,segformer,polypseg/runs_cv/segformer_seed42_fold0/best.pth,True
0.9312149532652261,0.8712836656071903,0.8847975372852853,0.9827722251317363,0.4093470613291518,0.4093470613291518,2,6.781152949374527,1.4127401977863598,439,cvc-clinicdb,segformer,polypseg/runs_cv/segformer_seed42_fold0/best.pth,True
0.9696109059871081,0.9410143329554463,0.9665911664669694,0.9726495726384883,0.7580058925554383,0.7580058925554383,2,3.605551275463989,0.7511565157216644,44,cvc-clinicdb,segformer,polypseg/runs_cv/segformer_seed42_fold0/best.pth,True
0.9310431084721833,0.8709828392999847,0.9173512980460508,0.9451498222287938,0.6062173484654737,0.6062173484654737,2,11.734229919647653,2.4446312332599276,440,cvc-clinicdb,segformer,polypseg/runs_cv/segformer_seed42_fold0/best.pth,True
0.8941220798625825,0.8085178875363367,0.8311733800059135,0.9673868731770328,0.5131922368318812,0.5131922368318812,2,6.227838204321341,1.297466292566946,441,cvc-clinicdb,segformer,polypseg/runs_cv/segformer_seed42_fold0/best.pth,True
0.7981081080973229,0.6640431751593424,0.8854572713377674,0.7264452644347739,0.33364221169329084,0.33364221169329084,2,23.262510632153397,4.846356381698625,442,cvc-clinicdb,segformer,polypseg/runs_cv/segformer_seed42_fold0/best.pth,True
0.9390372717599288,0.8850803584001553,0.8978502380479317,0.9841847224263137,0.49160712736111595,0.49160712736111595,2,5.365906566777774,1.117897201412036,443,cvc-clinicdb,segformer,polypseg/runs_cv/segformer_seed42_fold0/best.pth,True
0.9436774904339641,0.8933611485962283,0.9037864680210579,0.9872525088013663,0.5417132758761577,0.5417132758761577,2,5.830951894845301,1.2147816447594377,444,cvc-clinicdb,segformer,polypseg/runs_cv/segformer_seed42_fold0/best.pth,True
0.9515049568700064,0.9074959038714671,0.9611018725980688,0.9420978029699355,0.6729765340687084,0.6729765340687084,2,11.672602819947858,2.4317922541558037,445,cvc-clinicdb,segformer,polypseg/runs_cv/segformer_seed42_fold0/best.pth,True
0.9319530068592456,0.8725767806514733,0.9545671167517508,0.9103855768433422,0.5827482008004948,0.5827482008004948,2,16.401219466856727,3.416920722261818,446,cvc-clinicdb,segformer,polypseg/runs_cv/segformer_seed42_fold0/best.pth,True
0.9511771211731526,0.9068996685475476,0.9165651644057076,0.9885057470939735,0.8697310200005858,0.8697310200005858,2,3.0,0.625,447,cvc-clinicdb,segformer,polypseg/runs_cv/segformer_seed42_fold0/best.pth,True
0.9402048757171427,0.8871572006460788,0.9471999999848448,0.933312312771034,0.5321200450200843,0.5321200450200843,2,6.0,1.25,448,cvc-clinicdb,segformer,polypseg/runs_cv/segformer_seed42_fold0/best.pth,True
0.9136837579177288,0.8410845042382529,0.9613209680850188,0.8705448586466501,0.7134257915560569,0.7134257915560569,2,14.560219778561036,3.033379120533549,449,cvc-clinicdb,segformer,polypseg/runs_cv/segformer_seed42_fold0/best.pth,True
0.9737447449752221,0.9488328953323724,0.9708952862864458,0.9766109785047477,0.8805541005605818,0.8805541005605818,2,2.8284271247461903,0.5892556509887896,45,cvc-clinicdb,segformer,polypseg/runs_cv/segformer_seed42_fold0/best.pth,True
0.9742222222049027,0.9497400346291252,0.9560362874753652,0.9931134468650558,0.9229292752337003,0.9229292752337003,2,2.23606797749979,0.4658474953124562,450,cvc-clinicdb,segformer,polypseg/runs_cv/segformer_seed42_fold0/best.pth,True
0.9594813614040407,0.9221183800212676,0.958815363213382,0.9601482854049979,0.9369151326149726,0.9369151326149726,2,2.9399494936611625,0.6124894778460755,451,cvc-clinicdb,segformer,polypseg/runs_cv/segformer_seed42_fold0/best.pth,True
0.9654045219154808,0.9331226961313027,0.9683060109025053,0.9625203693383346,0.8682467939025369,0.8682467939025369,2,3.1622776601683795,0.6588078458684125,452,cvc-clinicdb,segformer,polypseg/runs_cv/segformer_seed42_fold0/best.pth,True
0.9556338884045746,0.9150372439265587,0.9420081475930504,0.9696595954373542,0.7645480780649928,0.7645480780649928,2,3.1622776601683795,0.6588078458684125,453,cvc-clinicdb,segformer,polypseg/runs_cv/segformer_seed42_fold0/best.pth,True
0.9508430301515803,0.906292440004432,0.9788135593060819,0.9244266584435212,0.756793627123485,0.756793627123485,2,9.962214450449025,2.075461343843547,454,cvc-clinicdb,segformer,polypseg/runs_cv/segformer_seed42_fold0/best.pth,True
0.9579959219285872,0.9193782846816573,0.9382631518779154,0.9785765293861154,0.5605435073914637,0.5605435073914637,2,4.242640687119285,0.8838834764831843,455,cvc-clinicdb,segformer,polypseg/runs_cv/segformer_seed42_fold0/best.pth,True
0.9427417438776776,0.8916853932504117,0.9778215869790259,0.9100917431109166,0.6122090061568152,0.6122090061568152,2,11.40175425099138,2.3753654689565376,456,cvc-clinicdb,segformer,polypseg/runs_cv/segformer_seed42_fold0/best.pth,True
0.8032647094603285,0.6712133550420275,0.9909828674332585,0.6753379762323295,0.5305494717812256,0.5305494717812256,2,39.16625577075231,8.159636618906731,457,cvc-clinicdb,segformer,polypseg/runs_cv/segformer_seed42_fold0/best.pth,True
0.9568508705422639,0.9172714078184269,0.9544768068833986,0.9592367736131996,0.7984841110927458,0.7984841110927458,2,4.123105625617661,0.858980338670346,458,cvc-clinicdb,segformer,polypseg/runs_cv/segformer_seed42_fold0/best.pth,True
0.9475154195164958,0.9002653692857084,0.9245968657523371,0.9715990453228736,0.7227503581695709,0.7227503581695709,2,5.0,1.0416666666666667,459,cvc-clinicdb,segformer,polypseg/runs_cv/segformer_seed42_fold0/best.pth,True
0.9688775101930643,0.9396337678314769,0.9829545454385884,0.9551979807389935,0.865127652185997,0.865127652185997,2,3.0,0.625,46,cvc-clinicdb,segformer,polypseg/runs_cv/segformer_seed42_fold0/best.pth,True
0.9391239095681537,0.8852343059083071,0.9450632433274483,0.933258762100424,0.6163141494327401,0.6163141494327401,2,8.0,1.6666666666666667,460,cvc-clinicdb,segformer,polypseg/runs_cv/segformer_seed42_fold0/best.pth,True
0.9370978729775407,0.8816407918974272,0.9341986115162361,0.9400151860145783,0.571769774116557,0.571769774116557,2,8.0,1.6666666666666667,461,cvc-clinicdb,segformer,polypseg/runs_cv/segformer_seed42_fold0/best.pth,True
0.9565098654949374,0.9166448573551865,0.9927721088294675,0.9228033197085653,0.7413632600564553,0.7413632600564553,2,7.654668419872456,1.5947225874734283,462,cvc-clinicdb,segformer,polypseg/runs_cv/segformer_seed42_fold0/best.pth,True
0.9570406775156565,0.917620329847546,0.9816365109282416,0.933647260265979,0.6054119074602934,0.6054119074602934,2,9.433981132056603,1.9654127358451257,463,cvc-clinicdb,segformer,polypseg/runs_cv/segformer_seed42_fold0/best.pth,True
0.9495182110117597,0.9038883119775714,0.9805983226814295,0.9203477443500898,0.7460959048675834,0.7460959048675834,2,11.40175425099138,2.3753654689565376,464,cvc-clinicdb,segformer,polypseg/runs_cv/segformer_seed42_fold0/best.pth,True
0.9475040811025539,0.9002448979518347,0.982449888632673,0.9149589313787857,0.6836450918288747,0.6836450918288747,2,14.518971961907019,3.0247858253972955,465,cvc-clinicdb,segformer,polypseg/runs_cv/segformer_seed42_fold0/best.pth,True
0.9007190133760262,0.8193710473809289,0.979697534690494,0.8335242795379084,0.492573670808991,0.492573670808991,2,17.46424919657298,3.638385249286037,466,cvc-clinicdb,segformer,polypseg/runs_cv/segformer_seed42_fold0/best.pth,True
0.8738109002949818,0.775900690677843,0.9034887512128736,0.8460207612370646,0.46670719487532286,0.46670719487532286,2,84.85739314458702,17.678623571788965,467,cvc-clinicdb,segformer,polypseg/runs_cv/segformer_seed42_fold0/best.pth,True
0.782047605387716,0.6421003060933828,0.8992086172686391,0.6918978349061916,0.328913395904921,0.328913395904921,2,93.02942878591045,19.38113099706468,468,cvc-clinicdb,segformer,polypseg/runs_cv/segformer_seed42_fold0/best.pth,True
0.8082760959857191,0.6782410701531362,0.9317693059537461,0.7136867325493135,0.31048715238664226,0.31048715238664226,2,83.54369324662242,17.404936093046338,469,cvc-clinicdb,segformer,polypseg/runs_cv/segformer_seed42_fold0/best.pth,True
0.9720841300144738,0.9456845238007283,0.9662643732684,0.9779744156874293,0.7988145062573156,0.7988145062573156,2,3.605551275463989,0.7511565157216644,47,cvc-clinicdb,segformer,polypseg/runs_cv/segformer_seed42_fold0/best.pth,True
0.7980371290008393,0.663944908994944,0.9696839080320447,0.6780188868728348,0.2849903324046428,0.2849903324046428,2,97.04754953900965,20.218239487293676,470,cvc-clinicdb,segformer,polypseg/runs_cv/segformer_seed42_fold0/best.pth,True
0.39168085263714125,0.24353428439832703,0.9609587797174332,0.2459679293504719,0.15511233645250672,0.15511233645250672,2,176.29532818292802,36.72819337144334,471,cvc-clinicdb,segformer,polypseg/runs_cv/segformer_seed42_fold0/best.pth,True
0.7823161189337967,0.6424624084280407,0.9764943351935376,0.6525541728280717,0.3376069286431923,0.3376069286431923,2,67.9288688906228,14.151847685546416,472,cvc-clinicdb,segformer,polypseg/runs_cv/segformer_seed42_fold0/best.pth,True
0.9160503759602808,0.845104196398258,0.9547213622229442,0.8803901742646738,0.5118628876005819,0.5118628876005819,2,36.98493499355955,7.7051947903249065,473,cvc-clinicdb,segformer,polypseg/runs_cv/segformer_seed42_fold0/best.pth,True
0.9323394809653549,0.8732546201187205,0.9641784276995738,0.9025360780936834,0.6120417482537654,0.6120417482537654,2,37.97811994879867,7.9121083226663895,474,cvc-clinicdb,segformer,polypseg/runs_cv/segformer_seed42_fold0/best.pth,True
0.8838253143085537,0.7918342224013466,0.9698934459139028,0.8117874721264912,0.29052364134800995,0.29052364134800995,2,45.76567799787105,9.53451624955647,475,cvc-clinicdb,segformer,polypseg/runs_cv/segformer_seed42_fold0/best.pth,True
0.8813209494300724,0.7878228782250553,0.9237297537113172,0.8426352274409622,0.30910196698447545,0.30910196698447545,2,103.4967670504937,21.561826468852857,476,cvc-clinicdb,segformer,polypseg/runs_cv/segformer_seed42_fold0/best.pth,True
0.8830242510675674,0.7905491698557753,0.9205728449412252,0.8484187014526198,0.44525100992772854,0.44525100992772854,2,101.65901335028798,21.178961114643325,477,cvc-clinicdb,segformer,polypseg/runs_cv/segformer_seed42_fold0/best.pth,True
0.8945965040203865,0.8092940788355216,0.9264573990987658,0.8648541464666217,0.3726551155572347,0.3726551155572347,2,92.47142361467881,19.264879919724752,478,cvc-clinicdb,segformer,polypseg/runs_cv/segformer_seed42_fold0/best.pth,True
0.968305887657996,0.9385590904070266,0.9461097641561268,0.9915684915627652,0.7287300429483848,0.7287300429483848,2,7.255957320857128,1.5116577751785685,479,cvc-clinicdb,segformer,polypseg/runs_cv/segformer_seed42_fold0/best.pth,True
0.9520803443237486,0.9085432639483654,0.9201331114638541,0.9863258025963868,0.7195137531493566,0.7195137531493566,2,4.123105625617661,0.858980338670346,48,cvc-clinicdb,segformer,polypseg/runs_cv/segformer_seed42_fold0/best.pth,True
0.905164155705811,0.8267578746376776,0.8320969205271276,0.9922988798307516,0.4992621461712858,0.4992621461712858,2,31.622776601683793,6.588078458684123,480,cvc-clinicdb,segformer,polypseg/runs_cv/segformer_seed42_fold0/best.pth,True
0.8958949096853384,0.8114217727499247,0.8119047619003684,0.999267399260744,0.34137350595846716,0.34137350595846716,2,50.33525565071664,10.4865115938993,481,cvc-clinicdb,segformer,polypseg/runs_cv/segformer_seed42_fold0/best.pth,True
0.9359077384164023,0.8795362697437256,0.882671036456851,0.9959783663800861,0.48980732310792263,0.48980732310792263,2,21.58007705746517,4.495849386971911,482,cvc-clinicdb,segformer,polypseg/runs_cv/segformer_seed42_fold0/best.pth,True
0.9736741357933258,0.9486988194981845,0.9658222758300236,0.9816547089229786,0.6600091029238792,0.6600091029238792,2,5.313628483749074,1.1070059341143905,483,cvc-clinicdb,segformer,polypseg/runs_cv/segformer_seed42_fold0/best.pth,True
0.9296166894502769,0.8684895217329651,0.8734893900424707,0.993452380947005,0.487621855679679,0.487621855679679,2,26.790561835898995,5.581367049145624,484,cvc-clinicdb,segformer,polypseg/runs_cv/segformer_seed42_fold0/best.pth,True
0.8933333333299686,0.8072289156571558,0.988332361021849,0.8149955329474606,0.5289512206471287,0.5289512206471287,2,30.453225845550246,6.344422051156301,485,cvc-clinicdb,segformer,polypseg/runs_cv/segformer_seed42_fold0/best.pth,True
0.9337071538307523,0.8756573367111848,0.9652206432130662,0.904186372378627,0.5616358947582184,0.5616358947582184,2,7.211102550927978,1.5023130314433288,486,cvc-clinicdb,segformer,polypseg/runs_cv/segformer_seed42_fold0/best.pth,True
0.9747215838740731,0.9506896551642181,0.99252992529032,0.9575410263006204,0.7736323935755558,0.7736323935755558,2,5.0,1.0416666666666667,487,cvc-clinicdb,segformer,polypseg/runs_cv/segformer_seed42_fold0/best.pth,True
0.9757185540505167,0.9525883319560181,0.9833743319960694,0.9681810589529966,0.8004429039722729,0.8004429039722729,2,3.1622776601683795,0.6588078458684125,488,cvc-clinicdb,segformer,polypseg/runs_cv/segformer_seed42_fold0/best.pth,True
0.9550669216046919,0.9139981701712202,0.9165400384159048,0.9969748947419399,0.7504035050167619,0.7504035050167619,2,27.491803964833906,5.727459159340397,489,cvc-clinicdb,segformer,polypseg/runs_cv/segformer_seed42_fold0/best.pth,True
0.9722896325922891,0.9460735859313995,0.9747651917961438,0.9698266156161919,0.8918279920829978,0.8918279920829978,2,2.8284271247461903,0.5892556509887896,49,cvc-clinicdb,segformer,polypseg/runs_cv/segformer_seed42_fold0/best.pth,True
0.9638419365232829,0.930207436970779,0.9908147743652428,0.9382987367937167,0.4552065691025155,0.4552065691025155,2,11.072356791249605,2.306740998177001,490,cvc-clinicdb,segformer,polypseg/runs_cv/segformer_seed42_fold0/best.pth,True
0.8876626756874345,0.7980157244440377,0.9640979250242319,0.8224569526801598,0.4382942948248311,0.4382942948248311,2,49.33558553417604,10.278246986286677,491,cvc-clinicdb,segformer,polypseg/runs_cv/segformer_seed42_fold0/best.pth,True
0.9635550971270338,0.9296732459739191,0.9392149470028938,0.9891903816413448,0.6091983844768338,0.6091983844768338,2,12.0,2.5,492,cvc-clinicdb,segformer,polypseg/runs_cv/segformer_seed42_fold0/best.pth,True
0.969519343491279,0.94084186575226,0.9504873115072154,0.9893291223993237,0.6800785771008504,0.6800785771008504,2,7.280109889280518,1.5166895602667745,493,cvc-clinicdb,segformer,polypseg/runs_cv/segformer_seed42_fold0/best.pth,True
0.9750925333231985,0.951395677196962,0.9758257672757988,0.9743604004395197,0.6650250415355673,0.6650250415355673,2,3.605551275463989,0.7511565157216644,494,cvc-clinicdb,segformer,polypseg/runs_cv/segformer_seed42_fold0/best.pth,True
0.9582758456611677,0.9198940445701502,0.9398534832675103,0.9774348522299343,0.7044657252145681,0.7044657252145681,2,20.059547678376813,4.179072432995169,495,cvc-clinicdb,segformer,polypseg/runs_cv/segformer_seed42_fold0/best.pth,True
0.9478037503186545,0.9007860944245848,0.9201955209690249,0.9771198559346586,0.637635642020909,0.637635642020909,2,23.769728648009426,4.952026801668631,496,cvc-clinicdb,segformer,polypseg/runs_cv/segformer_seed42_fold0/best.pth,True
0.9533190578146793,0.9108019639913238,0.9235419630134577,0.9850802882766846,0.6261882855215634,0.6261882855215634,2,27.0,5.625,497,cvc-clinicdb,segformer,polypseg/runs_cv/segformer_seed42_fold0/best.pth,True
0.9675997658627421,0.937233191032093,0.9559804054940945,0.9795050540223789,0.7169269798322517,0.7169269798322517,2,17.799673908420157,3.7082653975875326,498,cvc-clinicdb,segformer,polypseg/runs_cv/segformer_seed42_fold0/best.pth,True
0.9691980492080063,0.9402369179291372,0.949116633147985,0.9901475987076116,0.7569021701637854,0.7569021701637854,2,17.301761977772426,3.604533745369255,499,cvc-clinicdb,segformer,polypseg/runs_cv/segformer_seed42_fold0/best.pth,True
0.5939235787489509,0.4223977941543963,0.9829713721497659,0.4255114577190027,0.4870091003236132,0.4870091003236132,2,70.92847628952325,14.776765893650674,5,cvc-clinicdb,segformer,polypseg/runs_cv/segformer_seed42_fold0/best.pth,True
0.9250120948084984,0.8604860485790433,0.8805649370316069,0.9741847825756051,0.5629851482205509,0.5629851482205509,2,4.47213595499958,0.9316949906249123,50,cvc-clinicdb,segformer,polypseg/runs_cv/segformer_seed42_fold0/best.pth,True
0.9298076923047122,0.8688230008932685,0.8808526143141989,0.9845245367475427,0.48429082989411054,0.48429082989411054,2,16.557463938239163,3.449471653799826,500,cvc-clinicdb,segformer,polypseg/runs_cv/segformer_seed42_fold0/best.pth,True
0.9654083536645173,0.933129855710693,0.9388085533976952,0.9935594422063722,0.5500329335662076,0.5500329335662076,2,5.770017718971775,1.2020870247857864,501,cvc-clinicdb,segformer,polypseg/runs_cv/segformer_seed42_fold0/best.pth,True
0.9555298802798605,0.9148465449024908,0.9221389257879952,0.9914298831760882,0.6760173856049555,0.6760173856049555,2,22.20360331117452,4.625750689828025,502,cvc-clinicdb,segformer,polypseg/runs_cv/segformer_seed42_fold0/best.pth,True
0.9714481547305001,0.9444814660518763,0.9555452553473978,0.9878893487214642,0.7561952403467505,0.7561952403467505,2,11.0,2.2916666666666665,503,cvc-clinicdb,segformer,polypseg/runs_cv/segformer_seed42_fold0/best.pth,True
0.9627619478317364,0.9281976744096104,0.9765521459784222,0.9493557978102144,0.6461759597452127,0.6461759597452127,2,4.47213595499958,0.9316949906249123,504,cvc-clinicdb,segformer,polypseg/runs_cv/segformer_seed42_fold0/best.pth,True
0.9610898820370125,0.9250943516860161,0.9719739229721622,0.9504468979958567,0.48376991602310915,0.48376991602310915,2,5.059411708155673,1.054044105865765,505,cvc-clinicdb,segformer,polypseg/runs_cv/segformer_seed42_fold0/best.pth,True
0.95449206604989,0.9129457893673305,0.9833440102475067,0.9272849311982833,0.4526867058565978,0.4526867058565978,2,27.0,5.625,506,cvc-clinicdb,segformer,polypseg/runs_cv/segformer_seed42_fold0/best.pth,True
0.9714830524000788,0.9445474424773138,0.9759326113092759,0.9670738829919033,0.5222688154888308,0.5222688154888308,2,8.997213595499954,1.8744194990624903,507,cvc-clinicdb,segformer,polypseg/runs_cv/segformer_seed42_fold0/best.pth,True
0.9450080085396423,0.8957489878492142,0.921928352329869,0.9692728932098006,0.3263448280911143,0.3263448280911143,2,8.48528137423857,1.7677669529663687,508,cvc-clinicdb,segformer,polypseg/runs_cv/segformer_seed42_fold0/best.pth,True
0.9499052484100275,0.9045900353008662,0.9790251358612514,0.9224675948077895,0.5718063433835198,0.5718063433835198,2,8.94427190999916,1.8633899812498247,509,cvc-clinicdb,segformer,polypseg/runs_cv/segformer_seed42_fold0/best.pth,True
0.7098052162195508,0.5501535311898591,0.5518480492529851,0.9944495836267854,0.23454152841641152,0.23454152841641152,2,12.297989741163187,2.562081196075664,51,cvc-clinicdb,segformer,polypseg/runs_cv/segformer_seed42_fold0/best.pth,True
0.9415340604284751,0.889527027019514,0.9725736448335711,0.9124144503083044,0.470846761725554,0.470846761725554,2,8.0,1.6666666666666667,510,cvc-clinicdb,segformer,polypseg/runs_cv/segformer_seed42_fold0/best.pth,True
0.9234032881208925,0.8577058409450007,0.9803732303574586,0.8726908205517301,0.5536944534785303,0.5536944534785303,2,12.0,2.5,511,cvc-clinicdb,segformer,polypseg/runs_cv/segformer_seed42_fold0/best.pth,True
0.927866242030829,0.8654388831001717,0.9794923516392756,0.8814097715794674,0.6260748834420404,0.6260748834420404,2,10.295630140987,2.1449229460389585,512,cvc-clinicdb,segformer,polypseg/runs_cv/segformer_seed42_fold0/best.pth,True
0.9122690415996791,0.8386899669945168,0.945186613401113,0.8815671162378733,0.4420289355364243,0.4420289355364243,2,11.180339887498949,2.329237476562281,513,cvc-clinicdb,segformer,polypseg/runs_cv/segformer_seed42_fold0/best.pth,True
0.9603022766359274,0.9236360290650139,0.9554582659088658,0.9651956542547332,0.7150458301249234,0.7150458301249234,2,5.0,1.0416666666666667,514,cvc-clinicdb,segformer,polypseg/runs_cv/segformer_seed42_fold0/best.pth,True
0.9519543973885995,0.908313908303826,0.9451374451265288,0.9588704007387054,0.7042503818341028,0.7042503818341028,2,6.191569285815559,1.2899102678782415,515,cvc-clinicdb,segformer,polypseg/runs_cv/segformer_seed42_fold0/best.pth,True
0.9755222056708461,0.9522141046596674,0.9894647145325782,0.9619671637222325,0.8358895205526208,0.8358895205526208,2,2.8284271247461903,0.5892556509887896,516,cvc-clinicdb,segformer,polypseg/runs_cv/segformer_seed42_fold0/best.pth,True
0.9771230087377103,0.9552693208319054,0.9810004809886844,0.9732760677526452,0.8603141773384908,0.8603141773384908,2,2.8284271247461903,0.5892556509887896,517,cvc-clinicdb,segformer,polypseg/runs_cv/segformer_seed42_fold0/best.pth,True
0.9601040763156974,0.9232693911464656,0.9637260591850881,0.9565092165760871,0.6726572028923593,0.6726572028923593,2,4.437711664817527,0.9245232635036515,518,cvc-clinicdb,segformer,polypseg/runs_cv/segformer_seed42_fold0/best.pth,True
0.9736110713132184,0.9485790854729016,0.9736947676028787,0.9735273894053774,0.6853817200684237,0.6853817200684237,2,4.4985291572495765,0.9371935744269951,519,cvc-clinicdb,segformer,polypseg/runs_cv/segformer_seed42_fold0/best.pth,True
0.7792706333673984,0.638364779834065,0.6527331189290847,0.9666666665746031,0.3483574757014592,0.3483574757014592,2,12.0,2.5,52,cvc-clinicdb,segformer,polypseg/runs_cv/segformer_seed42_fold0/best.pth,True
0.9764937444832097,0.9540671971664276,0.9645570751722331,0.9887295551336018,0.6945434078896492,0.6945434078896492,2,4.0,0.8333333333333334,520,cvc-clinicdb,segformer,polypseg/runs_cv/segformer_seed42_fold0/best.pth,True
0.9708650380407946,0.9433797061879231,0.986871565225047,0.9553694581186662,0.8202461276252027,0.8202461276252027,2,4.123105625617661,0.858980338670346,521,cvc-clinicdb,segformer,polypseg/runs_cv/segformer_seed42_fold0/best.pth,True
0.931323740019564,0.8714741544241037,0.9501809073065658,0.9132004814643145,0.5525808024394664,0.5525808024394664,2,10.44030650891055,2.1750638560230313,522,cvc-clinicdb,segformer,polypseg/runs_cv/segformer_seed42_fold0/best.pth,True
0.9458528951388017,0.8972684085333082,0.9595681625537772,0.9325241719618901,0.6703283153059577,0.6703283153059577,2,4.123105625617661,0.858980338670346,523,cvc-clinicdb,segformer,polypseg/runs_cv/segformer_seed42_fold0/best.pth,True
0.9766208846672979,0.9543099620024951,0.9746522878402809,0.9785974499039739,0.7500160251042236,0.7500160251042236,2,4.123105625617661,0.858980338670346,524,cvc-clinicdb,segformer,polypseg/runs_cv/segformer_seed42_fold0/best.pth,True
0.9746340576371731,0.9505231423927067,0.9687330561994512,0.9806073911362915,0.7435158335832912,0.7435158335832912,2,3.1622776601683795,0.6588078458684125,525,cvc-clinicdb,segformer,polypseg/runs_cv/segformer_seed42_fold0/best.pth,True
0.9449081802948669,0.8955696202430428,0.9657525898724466,0.9249445546757914,0.5164432467701398,0.5164432467701398,2,7.0710678118654755,1.473139127471974,526,cvc-clinicdb,segformer,polypseg/runs_cv/segformer_seed42_fold0/best.pth,True
0.9760521635982451,0.9532244992363873,0.9816382496604072,0.9705292938704404,0.8609163041500691,0.8609163041500691,2,3.605551275463989,0.7511565157216644,527,cvc-clinicdb,segformer,polypseg/runs_cv/segformer_seed42_fold0/best.pth,True
0.9636551465018611,0.9298595378257375,0.9613979199760011,0.9659229972609815,0.6226130153298695,0.6226130153298695,2,4.0,0.8333333333333334,528,cvc-clinicdb,segformer,polypseg/runs_cv/segformer_seed42_fold0/best.pth,True
0.690933156840623,0.5278058644989322,0.5278058644989322,0.9999999999616859,0.1558441077416239,0.1558441077416239,2,88.22120557919001,18.37941782899792,529,cvc-clinicdb,segformer,polypseg/runs_cv/segformer_seed42_fold0/best.pth,True
0.880645161242976,0.7867435157745682,0.7867435157745682,0.9999999998778999,0.7357074036198519,0.7357074036198519,2,6.066210024238574,1.263793755049703,53,cvc-clinicdb,segformer,polypseg/runs_cv/segformer_seed42_fold0/best.pth,True
0.48725593920854804,0.3221007121017027,0.3221007121017027,0.9999999999605211,0.13847599322048168,0.13847599322048168,2,95.9440590006429,19.988345625133938,530,cvc-clinicdb,segformer,polypseg/runs_cv/segformer_seed42_fold0/best.pth,True
0.8005490734275834,0.667429617746225,0.667429617746225,0.9999999999657065,0.15661011972136027,0.15661011972136027,2,12.0,2.5,531,cvc-clinicdb,segformer,polypseg/runs_cv/segformer_seed42_fold0/best.pth,True
0.7125252525180552,0.5534285265878954,0.5534285265878954,0.9999999999716473,0.04483183480384108,0.04483183480384108,2,133.86463782984296,27.888466214550615,532,cvc-clinicdb,segformer,polypseg/runs_cv/segformer_seed42_fold0/best.pth,True
0.5692538207937113,0.3978719839108757,0.3978719839108757,0.999999999978943,0.035629406017858745,0.035629406017858745,2,63.096348852443185,13.145072677592331,533,cvc-clinicdb,segformer,polypseg/runs_cv/segformer_seed42_fold0/best.pth,True
0.7689893283065349,0.6246812850522725,0.6246812850522725,0.9999999999836735,0.09692666473296375,0.09692666473296375,2,24.21246679133482,5.04426391486142,534,cvc-clinicdb,segformer,polypseg/runs_cv/segformer_seed42_fold0/best.pth,True
0.8327456888208683,0.7134226713454149,0.7134226713454149,0.9999999999846035,0.05960950757116141,0.05960950757116141,2,16.492422502470642,3.435921354681384,535,cvc-clinicdb,segformer,polypseg/runs_cv/segformer_seed42_fold0/best.pth,True
0.4503941692663216,0.29065079669523275,0.45809379726992294,0.44294909303038404,0.29189083485635525,0.29189083485635525,2,165.047417364335,34.38487861756979,536,cvc-clinicdb,segformer,polypseg/runs_cv/segformer_seed42_fold0/best.pth,True
0.9005763688668116,0.8191349934315834,0.8191349934315834,0.9999999999771428,0.3586421474546663,0.3586421474546663,2,7.0,1.4583333333333333,537,cvc-clinicdb,segformer,polypseg/runs_cv/segformer_seed42_fold0/best.pth,True
0.7555925155862321,0.6071905907430207,0.6071905907430207,0.9999999999779882,0.07598034407923072,0.07598034407923072,2,138.13701821648317,28.77854546176733,538,cvc-clinicdb,segformer,polypseg/runs_cv/segformer_seed42_fold0/best.pth,True
0.9185827365189183,0.8494248867102424,0.8584008453580086,0.9878394811378485,0.43041771422427894,0.43041771422427894,2,9.889367509648551,2.060284897843448,539,cvc-clinicdb,segformer,polypseg/runs_cv/segformer_seed42_fold0/best.pth,True
0.7483108107476089,0.5978407556548123,0.5986486485677502,0.9977477475230297,0.49941141879009127,0.49941141879009127,2,9.205780829928198,1.9178710062350413,54,cvc-clinicdb,segformer,polypseg/runs_cv/segformer_seed42_fold0/best.pth,True
0.9579337962417505,0.919263855585113,0.9617143700135606,0.9541828295326489,0.6178575835366747,0.6178575835366747,2,7.72273521938741,1.6089031707057102,540,cvc-clinicdb,segformer,polypseg/runs_cv/segformer_seed42_fold0/best.pth,True
0.8374970995371839,0.720425815027007,0.7252511721269222,0.9908491947110021,0.2268464490589378,0.2268464490589378,2,106.81070361636345,22.25222992007572,541,cvc-clinicdb,segformer,polypseg/runs_cv/segformer_seed42_fold0/best.pth,True
0.8534749294202616,0.744401453854562,0.745100340326897,0.9987415447381038,0.2717346855833631,0.2717346855833631,2,28.860990635643034,6.012706382425632,542,cvc-clinicdb,segformer,polypseg/runs_cv/segformer_seed42_fold0/best.pth,True
0.8575421596904055,0.7506116457286689,0.7506116457286689,0.999999999989135,0.1979999502888125,0.1979999502888125,2,18.36164223471048,3.82534213223135,543,cvc-clinicdb,segformer,polypseg/runs_cv/segformer_seed42_fold0/best.pth,True
0.9572401077827356,0.9179870792185107,0.9548026594924685,0.9596900326961489,0.6287792614498816,0.6287792614498816,2,8.0,1.6666666666666667,544,cvc-clinicdb,segformer,polypseg/runs_cv/segformer_seed42_fold0/best.pth,True
0.9122348154539942,0.8386321132669164,0.8386321132669164,0.9999999999840714,0.3407701814157013,0.3407701814157013,2,7.0,1.4583333333333333,545,cvc-clinicdb,segformer,polypseg/runs_cv/segformer_seed42_fold0/best.pth,True
0.8996933203612858,0.8176750509746068,0.8177862387704952,0.9998337489443087,0.4695478665509277,0.4695478665509277,2,13.011521443121588,2.710733633983664,546,cvc-clinicdb,segformer,polypseg/runs_cv/segformer_seed42_fold0/best.pth,True
0.687917513791113,0.524294410619543,0.5288601094057289,0.9838006230325276,0.4289255911056167,0.4289255911056167,2,45.07531875155658,9.390691406574287,547,cvc-clinicdb,segformer,polypseg/runs_cv/segformer_seed42_fold0/best.pth,True
0.6252661813468763,0.4548270893338989,0.4600306055493694,0.9757341576356147,0.3147701559112003,0.3147701559112003,2,54.513540397365674,11.356987582784516,548,cvc-clinicdb,segformer,polypseg/runs_cv/segformer_seed42_fold0/best.pth,True
0.3503079465171953,0.21234747768689952,0.2502145922693087,0.5838758136913432,0.15050791438446182,0.15050791438446182,2,89.19416364257175,18.58211742553578,549,cvc-clinicdb,segformer,polypseg/runs_cv/segformer_seed42_fold0/best.pth,True
0.8030303029749979,0.6708860758721651,0.7407878016847792,0.876691729191475,0.41085983064277865,0.41085983064277865,2,5.0,1.0416666666666667,55,cvc-clinicdb,segformer,polypseg/runs_cv/segformer_seed42_fold0/best.pth,True
0.8712409666573063,0.7718573592073268,0.8316273549795041,0.9148172323610506,0.44930583199268387,0.44930583199268387,2,13.98567765543682,2.913682844882671,550,cvc-clinicdb,segformer,polypseg/runs_cv/segformer_seed42_fold0/best.pth,True
0.9073139469606079,0.8303519061461826,0.8988888888746208,0.9158984311674608,0.5409835565607409,0.5409835565607409,2,8.892979913555667,1.8527041486574307,551,cvc-clinicdb,segformer,polypseg/runs_cv/segformer_seed42_fold0/best.pth,True
0.7855464532877021,0.6468312068537247,0.6496848739427553,0.9932551790429861,0.4143654741525437,0.4143654741525437,2,29.0,6.041666666666667,552,cvc-clinicdb,segformer,polypseg/runs_cv/segformer_seed42_fold0/best.pth,True
0.8927163071161406,0.8062218497873025,0.8230325064069393,0.9752914343515549,0.5522414973828097,0.5522414973828097,2,23.0,4.791666666666667,553,cvc-clinicdb,segformer,polypseg/runs_cv/segformer_seed42_fold0/best.pth,True
0.9052664874220819,0.8269286333350001,0.847832526899893,0.9710472743613316,0.6083374963977451,0.6083374963977451,2,20.0,4.166666666666667,554,cvc-clinicdb,segformer,polypseg/runs_cv/segformer_seed42_fold0/best.pth,True
0.8740703070315042,0.7763098464230317,0.8212877792280338,0.9341032608568736,0.5497967682162673,0.5497967682162673,2,27.420642522788807,5.712633858914335,555,cvc-clinicdb,segformer,polypseg/runs_cv/segformer_seed42_fold0/best.pth,True
0.8528481956406033,0.7434484192934333,0.74515322075521,0.9969320875610524,0.4130411574293206,0.4130411574293206,2,46.557670242637556,9.699514633882824,556,cvc-clinicdb,segformer,polypseg/runs_cv/segformer_seed42_fold0/best.pth,True
0.8189618189559633,0.693425354150703,0.7003791121352528,0.985883973128148,0.4604578892692861,0.4604578892692861,2,31.39691341770505,6.541023628688552,557,cvc-clinicdb,segformer,polypseg/runs_cv/segformer_seed42_fold0/best.pth,True
0.8338334279390655,0.7150208622988176,0.7761171497467374,0.900823550010499,0.46173829202572053,0.46173829202572053,2,30.870698080866262,6.431395433513805,558,cvc-clinicdb,segformer,polypseg/runs_cv/segformer_seed42_fold0/best.pth,True
0.0,0.0,0.0,0.0,0.0,0.0,2,174.18122709738148,36.28775564528781,559,cvc-clinicdb,segformer,polypseg/runs_cv/segformer_seed42_fold0/best.pth,True
0.9096064042543428,0.8342000611552708,0.8602523659034621,0.964968152832096,0.4671753629409088,0.4671753629409088,2,5.904992408669008,1.2302067518060433,56,cvc-clinicdb,segformer,polypseg/runs_cv/segformer_seed42_fold0/best.pth,True
0.525953462752816,0.35680926582891076,0.3611951588468117,0.9670886075704535,0.2622443167379766,0.2622443167379766,2,41.146043584385225,8.57209241341359,560,cvc-clinicdb,segformer,polypseg/runs_cv/segformer_seed42_fold0/best.pth,True
0.6021390943404346,0.43075751807818224,0.4330654420173512,0.9877793295916938,0.38515588368708614,0.38515588368708614,2,47.30906050826571,9.856054272555356,561,cvc-clinicdb,segformer,polypseg/runs_cv/segformer_seed42_fold0/best.pth,True
0.7269392033504877,0.5710168793695264,0.5789781265605362,0.9764854970293371,0.3707375055590809,0.3707375055590809,2,36.39436471825156,7.582159316302408,562,cvc-clinicdb,segformer,polypseg/runs_cv/segformer_seed42_fold0/best.pth,True
0.9106091236665614,0.8358883330576417,0.9957708573529818,0.8388663967543412,0.3365239676205547,0.3365239676205547,2,11.54483649727594,2.4051742702658205,563,cvc-clinicdb,segformer,polypseg/runs_cv/segformer_seed42_fold0/best.pth,True
0.9214965225001139,0.8544214661562937,0.9906325197577291,0.861380959491396,0.4733631057871967,0.4733631057871967,2,10.198039027185569,2.1245914639969934,564,cvc-clinicdb,segformer,polypseg/runs_cv/segformer_seed42_fold0/best.pth,True
0.7615722782485924,0.6149509292084989,0.6391983793905426,0.9418976545741801,0.3336800203299026,0.3336800203299026,2,41.48493702538308,8.642695213621474,565,cvc-clinicdb,segformer,polypseg/runs_cv/segformer_seed42_fold0/best.pth,True
0.4428609483188408,0.2844068086537986,0.288028413025918,0.9576612902949982,0.276789236355658,0.276789236355658,2,44.08797337957254,9.184994454077613,566,cvc-clinicdb,segformer,polypseg/runs_cv/segformer_seed42_fold0/best.pth,True
0.6129341108833412,0.44189257027557866,0.44779346304911877,0.9710424710156911,0.41005081475959926,0.41005081475959926,2,38.00562147311784,7.91783780689955,567,cvc-clinicdb,segformer,polypseg/runs_cv/segformer_seed42_fold0/best.pth,True
0.3619333083416286,0.22095150959647983,0.36757990864782497,0.3564575645493389,0.22222217474418238,0.22222217474418238,2,81.34986037179274,16.94788757745682,568,cvc-clinicdb,segformer,polypseg/runs_cv/segformer_seed42_fold0/best.pth,True
0.6412517780847617,0.47194304856633285,0.5021162842392044,0.8870523415628866,0.33746223509247686,0.33746223509247686,2,27.78122017038175,5.787754202162865,569,cvc-clinicdb,segformer,polypseg/runs_cv/segformer_seed42_fold0/best.pth,True
0.840248284846774,0.7245070422127038,0.753368482674085,0.9497784341986869,0.42016155069415667,0.42016155069415667,2,9.022154055254965,1.8796154281781177,57,cvc-clinicdb,segformer,polypseg/runs_cv/segformer_seed42_fold0/best.pth,True
0.5020546721368223,0.33516221373246274,0.39092932664465974,0.7014478282225937,0.37203330476807533,0.37203330476807533,2,70.82548599648355,14.75530958260074,570,cvc-clinicdb,segformer,polypseg/runs_cv/segformer_seed42_fold0/best.pth,True
0.5921762922384665,0.42063241936736384,0.426638252526088,0.96761720635651,0.39429651240438834,0.39429651240438834,2,36.276643759590804,7.557634116581418,571,cvc-clinicdb,segformer,polypseg/runs_cv/segformer_seed42_fold0/best.pth,True
0.9559953434114552,0.9157002675977766,0.9884448723883379,0.925608656426384,0.8381070941926652,0.8381070941926652,2,4.0,0.8333333333333334,572,cvc-clinicdb,segformer,polypseg/runs_cv/segformer_seed42_fold0/best.pth,True
0.33867182106628,0.2038560624931118,0.20404258858589217,0.9955357142453111,0.2771029717626426,0.2771029717626426,2,101.90436542635766,21.230076130491177,573,cvc-clinicdb,segformer,polypseg/runs_cv/segformer_seed42_fold0/best.pth,True
0.39845545646411273,0.2487944890901401,0.2515088207955953,0.9584254754109498,0.3795258590617341,0.3795258590617341,2,117.46587188804446,24.472056643342594,574,cvc-clinicdb,segformer,polypseg/runs_cv/segformer_seed42_fold0/best.pth,True
0.755473974029691,0.6070375052548033,0.9405811295807842,0.6312445223349858,0.4032625427467699,0.4032625427467699,2,41.33971998517486,8.612441663578096,575,cvc-clinicdb,segformer,polypseg/runs_cv/segformer_seed42_fold0/best.pth,True
0.0,0.0,0.0,0.0,0.0,0.0,2,208.3292710357643,43.40193146578422,576,cvc-clinicdb,segformer,polypseg/runs_cv/segformer_seed42_fold0/best.pth,True
0.5221314473780986,0.35330033002717326,0.8149980966572137,0.38410477214954963,0.29466734433597963,0.29466734433597963,2,128.24566370040804,26.717846604251676,577,cvc-clinicdb,segformer,polypseg/runs_cv/segformer_seed42_fold0/best.pth,True
0.8641558183358425,0.7608048993742641,0.9574983483603282,0.7873958710469505,0.5713572978222065,0.5713572978222065,2,66.37049928429357,13.827187350894494,578,cvc-clinicdb,segformer,polypseg/runs_cv/segformer_seed42_fold0/best.pth,True
0.6593960594646875,0.4918649270875528,0.9866071428419549,0.49517113497260934,0.3445972299341349,0.3445972299341349,2,151.06580796441074,31.472043325918904,579,cvc-clinicdb,segformer,polypseg/runs_cv/segformer_seed42_fold0/best.pth,True
0.878989361672906,0.7841043890400887,0.7930413916740826,0.9858314689794309,0.546020669867491,0.546020669867491,2,5.0,1.0416666666666667,58,cvc-clinicdb,segformer,polypseg/runs_cv/segformer_seed42_fold0/best.pth,True
0.5623431725874248,0.39115257679365856,0.982151394406659,0.39395295320637974,0.360616302094568,0.360616302094568,2,162.26367424237165,33.80493213382743,580,cvc-clinicdb,segformer,polypseg/runs_cv/segformer_seed42_fold0/best.pth,True
0.544330058321743,0.3739378294053246,0.9879227052999727,0.3756550867125417,0.4172464191622572,0.4172464191622572,2,149.42700803902872,31.13062667479765,581,cvc-clinicdb,segformer,polypseg/runs_cv/segformer_seed42_fold0/best.pth,True
0.959005336924761,0.921239436609338,0.9805708802952677,0.9383679559171539,0.7668929648705701,0.7668929648705701,2,7.7118298293979315,1.6066312144579025,582,cvc-clinicdb,segformer,polypseg/runs_cv/segformer_seed42_fold0/best.pth,True
0.9457755359302961,0.8971291865863613,0.9413014095203456,0.9502923976422946,0.6353014313299187,0.6353014313299187,2,6.0,1.25,583,cvc-clinicdb,segformer,polypseg/runs_cv/segformer_seed42_fold0/best.pth,True
0.8570216376628904,0.7498144023570944,0.7588279488915897,0.9844054580576866,0.5778546219322128,0.5778546219322128,2,23.34416368583369,4.863367434548684,584,cvc-clinicdb,segformer,polypseg/runs_cv/segformer_seed42_fold0/best.pth,True
0.04857680545725372,0.024893014284703193,0.028312881332499398,0.17087298302975287,0.07786881395544096,0.07786881395544096,2,207.23682059624082,43.17433762421684,585,cvc-clinicdb,segformer,polypseg/runs_cv/segformer_seed42_fold0/best.pth,True
0.8383492063385607,0.7216878005963776,0.9609898107434938,0.7434684684517238,0.37474220288028326,0.37474220288028326,2,17.73124674358788,3.694009738247475,586,cvc-clinicdb,segformer,polypseg/runs_cv/segformer_seed42_fold0/best.pth,True
0.9296992481028252,0.8686336494250568,0.8956899673706741,0.9663931222756392,0.6154969849435166,0.6154969849435166,2,4.0,0.8333333333333334,587,cvc-clinicdb,segformer,polypseg/runs_cv/segformer_seed42_fold0/best.pth,True
0.8764148763946312,0.780016447336348,0.8843822843410545,0.8685897435499731,0.491508283614554,0.491508283614554,2,8.54400374531753,1.7800007802744855,588,cvc-clinicdb,segformer,polypseg/runs_cv/segformer_seed42_fold0/best.pth,True
0.8647673999122834,0.7617534942578859,0.7745478035925534,0.9787755101641317,0.7148593882550315,0.7148593882550315,2,21.095023109728988,4.394796481193539,589,cvc-clinicdb,segformer,polypseg/runs_cv/segformer_seed42_fold0/best.pth,True
0.8535754823740608,0.744554455396399,0.758064516078087,0.9766233765388204,0.6107783934167634,0.6107783934167634,2,9.0,1.875,59,cvc-clinicdb,segformer,polypseg/runs_cv/segformer_seed42_fold0/best.pth,True
0.9334905660157196,0.8752764263213059,0.9455327280962479,0.9217512808140778,0.8202193110042786,0.8202193110042786,2,4.123105625617661,0.858980338670346,590,cvc-clinicdb,segformer,polypseg/runs_cv/segformer_seed42_fold0/best.pth,True
0.9031657355469468,0.823429541560975,0.831547363873487,0.9882832398885235,0.6891356183680674,0.6891356183680674,2,9.121048865799601,1.9002185137082501,591,cvc-clinicdb,segformer,polypseg/runs_cv/segformer_seed42_fold0/best.pth,True
0.8398102535956959,0.723855952182358,0.7467553536543355,0.9593580658407804,0.48924726224564036,0.48924726224564036,2,97.1249893070981,20.234372772312106,592,cvc-clinicdb,segformer,polypseg/runs_cv/segformer_seed42_fold0/best.pth,True
0.7662505380906909,0.6210746685188964,0.6274675690830871,0.983860269710726,0.4065274699912111,0.4065274699912111,2,34.66770793506055,7.222439153137614,593,cvc-clinicdb,segformer,polypseg/runs_cv/segformer_seed42_fold0/best.pth,True
0.9171811794664979,0.8470310656538138,0.862462462445196,0.979313480314178,0.6506401709398699,0.6506401709398699,2,8.54400374531753,1.7800007802744855,594,cvc-clinicdb,segformer,polypseg/runs_cv/segformer_seed42_fold0/best.pth,True
0.8261334147332295,0.7037711313210983,0.724497991948474,0.9609374999658759,0.525431300818116,0.525431300818116,2,19.313207915827967,4.023584982464159,595,cvc-clinicdb,segformer,polypseg/runs_cv/segformer_seed42_fold0/best.pth,True
0.7626430416987331,0.6163484486689634,0.6228519746571344,0.9833412660169757,0.5179831443170216,0.5179831443170216,2,17.72004514666935,3.6916760722227813,596,cvc-clinicdb,segformer,polypseg/runs_cv/segformer_seed42_fold0/best.pth,True
0.24228412899962679,0.13784032618521846,0.13904736632427958,0.9407540394128586,0.2453656509118621,0.2453656509118621,2,87.4901796806798,18.22712076680829,597,cvc-clinicdb,segformer,polypseg/runs_cv/segformer_seed42_fold0/best.pth,True
0.8353558543647859,0.7172627428691281,0.726054732020352,0.9833976833597144,0.45917557088712846,0.45917557088712846,2,13.0,2.7083333333333335,598,cvc-clinicdb,segformer,polypseg/runs_cv/segformer_seed42_fold0/best.pth,True
0.8918406071993442,0.8047945205295709,0.8362989323645007,0.95528455281964,0.47893041107387024,0.47893041107387024,2,10.0,2.0833333333333335,599,cvc-clinicdb,segformer,polypseg/runs_cv/segformer_seed42_fold0/best.pth,True
0.7032841140507151,0.5423579071338845,0.9982834944349237,0.5428641611371021,0.45075353699582976,0.45075353699582976,2,72.4168374902409,15.086841143800187,6,cvc-clinicdb,segformer,polypseg/runs_cv/segformer_seed42_fold0/best.pth,True
0.8555858310460182,0.7476190475936184,0.9143094841549788,0.8039502560057078,0.5023794700480886,0.5023794700480886,2,17.029386365926403,3.547788826234667,60,cvc-clinicdb,segformer,polypseg/runs_cv/segformer_seed42_fold0/best.pth,True
0.92343519254275,0.8577608947888808,0.865708200203773,0.9894109055381035,0.44524393473774504,0.44524393473774504,2,11.180339887498949,2.329237476562281,600,cvc-clinicdb,segformer,polypseg/runs_cv/segformer_seed42_fold0/best.pth,True
0.9014687882427977,0.8206128133590445,0.8302099478535971,0.9861087865943747,0.5590099809803054,0.5590099809803054,2,16.099081674252652,3.353975348802636,601,cvc-clinicdb,segformer,polypseg/runs_cv/segformer_seed42_fold0/best.pth,True
0.9119907205965493,0.8382196161935206,0.8431635388626922,0.9930533627882373,0.6070849319068704,0.6070849319068704,2,16.0,3.3333333333333335,602,cvc-clinicdb,segformer,polypseg/runs_cv/segformer_seed42_fold0/best.pth,True
0.7954088649064032,0.6603143936009457,0.6606044631816851,0.9993354598484937,0.4186466513681368,0.4186466513681368,2,44.32885572708791,9.235178276476649,603,cvc-clinicdb,segformer,polypseg/runs_cv/segformer_seed42_fold0/best.pth,True
0.5174258516225417,0.34900504112311487,0.34900504112311487,0.9999999999847955,0.3314875589210812,0.3314875589210812,2,63.29690813854632,13.18685586219715,604,cvc-clinicdb,segformer,polypseg/runs_cv/segformer_seed42_fold0/best.pth,True
0.7464023893463698,0.5954082737579509,0.605106757635811,0.9737867516481125,0.33277843093704884,0.33277843093704884,2,31.87927344027777,6.641515300057869,605,cvc-clinicdb,segformer,polypseg/runs_cv/segformer_seed42_fold0/best.pth,True
0.7520489563899896,0.6026269702171169,0.6084880636497173,0.9842677345256217,0.40265429027264305,0.40265429027264305,2,30.4138126514911,6.336210969060645,606,cvc-clinicdb,segformer,polypseg/runs_cv/segformer_seed42_fold0/best.pth,True
0.7184544173733457,0.56061557787184,0.5922362309027128,0.9130434782141665,0.3917843800520436,0.3917843800520436,2,21.802335189403756,4.542153164459116,607,cvc-clinicdb,segformer,polypseg/runs_cv/segformer_seed42_fold0/best.pth,True
0.6255618301184099,0.4551400301785152,0.46117247237958925,0.9720630372144677,0.3628239010032722,0.3628239010032722,2,35.41890248483587,7.378938017674139,608,cvc-clinicdb,segformer,polypseg/runs_cv/segformer_seed42_fold0/best.pth,True
0.6786011656896036,0.5135475740325955,0.5148452305683532,0.9951159950916943,0.45136664447290836,0.45136664447290836,2,38.600518131237564,8.041774610674493,609,cvc-clinicdb,segformer,polypseg/runs_cv/segformer_seed42_fold0/best.pth,True
0.8856675239446886,0.7947964749981202,0.9070881225619212,0.865235267205791,0.550658876234943,0.550658876234943,2,8.824590584964366,1.8384563718675762,61,cvc-clinicdb,segformer,polypseg/runs_cv/segformer_seed42_fold0/best.pth,True
0.7746037596684979,0.6321251315892296,0.6379781420668188,0.985694183841799,0.526069267542043,0.526069267542043,2,26.0,5.416666666666667,610,cvc-clinicdb,segformer,polypseg/runs_cv/segformer_seed42_fold0/best.pth,True
0.7713174428964663,0.6277597402495494,0.6392792196951682,0.9720965308956235,0.5227087080138589,0.5227087080138589,2,26.019223662515376,5.42067159635737,611,cvc-clinicdb,segformer,polypseg/runs_cv/segformer_seed42_fold0/best.pth,True
0.7678703021229206,0.6232057416081578,0.6330498177207458,0.9756554306659339,0.49641807161253565,0.49641807161253565,2,16.0,3.3333333333333335,612,cvc-clinicdb,segformer,polypseg/runs_cv/segformer_seed42_fold0/best.pth,True
0.8733624453855102,0.7751937984033873,0.8196721310958592,0.9345794391851489,0.527338953666539,0.527338953666539,2,5.407454161520036,1.1265529503166742,62,cvc-clinicdb,segformer,polypseg/runs_cv/segformer_seed42_fold0/best.pth,True
0.9234629861692766,0.857808857758869,0.8704908337746604,0.9832999331340481,0.7622404513908925,0.7622404513908925,2,3.0,0.625,63,cvc-clinicdb,segformer,polypseg/runs_cv/segformer_seed42_fold0/best.pth,True
0.8985925658282717,0.8158584534196685,0.8245033112036753,0.9873116573364542,0.6583193412634972,0.6583193412634972,2,5.0,1.0416666666666667,64,cvc-clinicdb,segformer,polypseg/runs_cv/segformer_seed42_fold0/best.pth,True
0.8974008207627429,0.8138957815872273,0.843187660614191,0.959064327415273,0.6904883442673659,0.6904883442673659,2,7.0,1.4583333333333333,65,cvc-clinicdb,segformer,polypseg/runs_cv/segformer_seed42_fold0/best.pth,True
0.9023228111702704,0.8220293000096566,0.8622652247659496,0.9462835727079147,0.6655053362442568,0.6655053362442568,2,6.0,1.25,66,cvc-clinicdb,segformer,polypseg/runs_cv/segformer_seed42_fold0/best.pth,True
0.9078094163826386,0.8311822405353029,0.8788209606507194,0.9387755101493425,0.6302795855422583,0.6302795855422583,2,5.0,1.0416666666666667,67,cvc-clinicdb,segformer,polypseg/runs_cv/segformer_seed42_fold0/best.pth,True
0.8239760885303823,0.7006456930800845,0.8808290155288285,0.7740173015514643,0.3980790603397758,0.3980790603397758,2,123.72408347568737,25.775850724101534,68,cvc-clinicdb,segformer,polypseg/runs_cv/segformer_seed42_fold0/best.pth,True
0.7444608566988343,0.5929411764426852,0.6213017751172928,0.9285187913833073,0.4403086221471248,0.4403086221471248,2,48.72841084790726,10.151752259980679,69,cvc-clinicdb,segformer,polypseg/runs_cv/segformer_seed42_fold0/best.pth,True
0.5920631597817158,0.4205182667781626,0.9847791484183765,0.423269337664415,0.29380212345034423,0.29380212345034423,2,90.05271602268782,18.76098250472663,7,cvc-clinicdb,segformer,polypseg/runs_cv/segformer_seed42_fold0/best.pth,True
0.8862466725663488,0.7957297641556492,0.9655839133423982,0.8189570350666134,0.734184425606263,0.734184425606263,2,15.05815877138507,3.137116410705223,70,cvc-clinicdb,segformer,polypseg/runs_cv/segformer_seed42_fold0/best.pth,True
0.28301579546844136,0.16483308042175962,0.1649582384175217,0.9954180983968594,0.2796812368585967,0.2796812368585967,2,121.26788514636243,25.264142738825505,71,cvc-clinicdb,segformer,polypseg/runs_cv/segformer_seed42_fold0/best.pth,True
0.7321642088335559,0.5774913549016821,0.8528319405360802,0.6414106145027441,0.3540154851456756,0.3540154851456756,2,40.96331079759409,8.534023082832103,72,cvc-clinicdb,segformer,polypseg/runs_cv/segformer_seed42_fold0/best.pth,True
0.717088833380002,0.5589543937553128,0.8075532341981698,0.6448508180736333,0.3765282452300264,0.3765282452300264,2,41.778582605824525,8.703871376213442,73,cvc-clinicdb,segformer,polypseg/runs_cv/segformer_seed42_fold0/best.pth,True
0.6613148188183703,0.49400324147507285,0.8171581768998842,0.5553935859855906,0.3481228234382516,0.3481228234382516,2,171.08563165845322,35.642839928844424,74,cvc-clinicdb,segformer,polypseg/runs_cv/segformer_seed42_fold0/best.pth,True
0.6320551486292104,0.4620472440799355,0.7620779220383336,0.5399337504401939,0.31321365948123,0.31321365948123,2,166.2385248663473,34.63302601382235,75,cvc-clinicdb,segformer,polypseg/runs_cv/segformer_seed42_fold0/best.pth,True
0.8769515744674001,0.7808671064665001,0.8865703584330352,0.8675392669702858,0.6355190987586375,0.6355190987586375,2,4.123105625617661,0.858980338670346,76,cvc-clinicdb,segformer,polypseg/runs_cv/segformer_seed42_fold0/best.pth,True
0.7384081328852367,0.5852987421153578,0.7890832008060898,0.6938490214028962,0.5815054275083066,0.5815054275083066,2,61.436939732065895,12.799362444180394,77,cvc-clinicdb,segformer,polypseg/runs_cv/segformer_seed42_fold0/best.pth,True
0.709712822375897,0.5500425290459302,0.5508233957822026,0.9974293058613146,0.3499999557800056,0.3499999557800056,2,137.06838809129806,28.555914185687094,78,cvc-clinicdb,segformer,polypseg/runs_cv/segformer_seed42_fold0/best.pth,True
0.8566117896745457,0.7491871806433262,0.9296829970645716,0.7941900541214086,0.4240062805368493,0.4240062805368493,2,8.532259271101736,1.7775540148128617,79,cvc-clinicdb,segformer,polypseg/runs_cv/segformer_seed42_fold0/best.pth,True
0.576164391336031,0.4046565402846364,0.9733410049772406,0.4091916952210877,0.4773430195848386,0.4773430195848386,2,90.03970230192394,18.75827131290082,8,cvc-clinicdb,segformer,polypseg/runs_cv/segformer_seed42_fold0/best.pth,True
0.9032496306904266,0.8235690235135643,0.8624823694737318,0.9480620154303827,0.6588074643152432,0.6588074643152432,2,4.709674775249763,0.9811822448437006,80,cvc-clinicdb,segformer,polypseg/runs_cv/segformer_seed42_fold0/best.pth,True
0.9386725320161814,0.8844325246753085,0.9002357612495318,0.9805379105151975,0.5806451112986515,0.5806451112986515,2,6.4031242374328485,1.3339842161318434,81,cvc-clinicdb,segformer,polypseg/runs_cv/segformer_seed42_fold0/best.pth,True
0.9409808811174705,0.8885400313739262,0.9451711661301094,0.9368275861810531,0.6785825385882874,0.6785825385882874,2,4.123105625617661,0.858980338670346,82,cvc-clinicdb,segformer,polypseg/runs_cv/segformer_seed42_fold0/best.pth,True
0.8705563093575546,0.7707832772631351,0.7739818567769351,0.9946669973831742,0.46140668037680405,0.46140668037680405,2,31.478385819129176,6.557997045651912,83,cvc-clinicdb,segformer,polypseg/runs_cv/segformer_seed42_fold0/best.pth,True
0.9249073532189885,0.8603047895344648,0.9476418864718696,0.9032380952208907,0.5961276674035155,0.5961276674035155,2,10.0,2.0833333333333335,84,cvc-clinicdb,segformer,polypseg/runs_cv/segformer_seed42_fold0/best.pth,True
0.9175753688188135,0.8477037036911451,0.8617469879388291,0.9811385459365374,0.4522266149605892,0.4522266149605892,2,8.246211251235321,1.717960677340692,85,cvc-clinicdb,segformer,polypseg/runs_cv/segformer_seed42_fold0/best.pth,True
0.932985789952636,0.8743892828861405,0.9588662288116339,0.9084656950891032,0.48030398172645267,0.48030398172645267,2,5.534594000431339,1.153040416756529,86,cvc-clinicdb,segformer,polypseg/runs_cv/segformer_seed42_fold0/best.pth,True
0.9530445319527943,0.9103009259127561,0.9239353891200597,0.9840475445576471,0.6370445169109786,0.6370445169109786,2,4.092329219213245,0.8525685873360928,87,cvc-clinicdb,segformer,polypseg/runs_cv/segformer_seed42_fold0/best.pth,True
0.9535302212241608,0.9111875379139959,0.9132197891136817,0.9975636766113497,0.7121245066908908,0.7121245066908908,2,5.0,1.0416666666666667,88,cvc-clinicdb,segformer,polypseg/runs_cv/segformer_seed42_fold0/best.pth,True
0.9668074833940171,0.9357476635331825,0.9449469130761906,0.9897034596171808,0.8871360336620587,0.8871360336620587,2,2.23606797749979,0.4658474953124562,89,cvc-clinicdb,segformer,polypseg/runs_cv/segformer_seed42_fold0/best.pth,True
0.5940775807903286,0.4225536008767004,0.9518575851245843,0.4317814760169104,0.42353396397640647,0.42353396397640647,2,101.22398898756036,21.088331039075076,9,cvc-clinicdb,segformer,polypseg/runs_cv/segformer_seed42_fold0/best.pth,True
0.9591332446211829,0.9214755295668102,0.9303097344961226,0.9897999215184425,0.7579554631486379,0.7579554631486379,2,3.605551275463989,0.7511565157216644,90,cvc-clinicdb,segformer,polypseg/runs_cv/segformer_seed42_fold0/best.pth,True
0.9296852015207444,0.8686091258774307,0.8698843824395324,0.9983150800126724,0.40069020021989177,0.40069020021989177,2,5.009901951359275,1.0437295731998488,91,cvc-clinicdb,segformer,polypseg/runs_cv/segformer_seed42_fold0/best.pth,True
0.8936314363042723,0.807715860363182,0.807715860363182,0.9999999999747283,0.5885861501345924,0.5885861501345924,2,13.0,2.7083333333333335,92,cvc-clinicdb,segformer,polypseg/runs_cv/segformer_seed42_fold0/best.pth,True
0.9397620538392015,0.8863690054125593,0.9211883132599757,0.9591002044744606,0.726299768919372,0.726299768919372,2,8.145036824620094,1.696882671795853,93,cvc-clinicdb,segformer,polypseg/runs_cv/segformer_seed42_fold0/best.pth,True
0.9083245521505972,0.8320463320302695,0.852958638415734,0.9713770565478618,0.457513126992591,0.457513126992591,2,10.12395732415323,2.109157775865256,94,cvc-clinicdb,segformer,polypseg/runs_cv/segformer_seed42_fold0/best.pth,True
0.9093129770899815,0.8337066069273291,0.8471458372682127,0.9813268892578795,0.43926539243775165,0.43926539243775165,2,7.683839905378863,1.6007999802872632,95,cvc-clinicdb,segformer,polypseg/runs_cv/segformer_seed42_fold0/best.pth,True
0.8969105000435618,0.8130895091277558,0.8149720239086442,0.9971671387866581,0.43101994675070754,0.43101994675070754,2,11.0,2.2916666666666665,96,cvc-clinicdb,segformer,polypseg/runs_cv/segformer_seed42_fold0/best.pth,True
0.8533782748452065,0.7442544093868452,0.8849698124917391,0.8239644970170426,0.47234292752943907,0.47234292752943907,2,17.50261858908743,3.646378872726548,97,cvc-clinicdb,segformer,polypseg/runs_cv/segformer_seed42_fold0/best.pth,True
0.9736577518551495,0.9486677115894526,0.9711191335642687,0.9762096774095139,0.8262116655568214,0.8262116655568214,2,2.8284271247461903,0.5892556509887896,98,cvc-clinicdb,segformer,polypseg/runs_cv/segformer_seed42_fold0/best.pth,True
0.9519211426208548,0.9082533589135221,0.9328426862802885,0.9717962759998385,0.6418188094893288,0.6418188094893288,2,5.70037866083061,1.187578887673044,99,cvc-clinicdb,segformer,polypseg/runs_cv/segformer_seed42_fold0/best.pth,True
