dice,iou,precision,recall,boundary_f1,boundary_f1_2px,tolerance_px,hd95,hd95_pct_diag,name,dataset,model,checkpoint,tta
0.9669593114009947,0.9360321641467683,0.9824367387905324,0.9519619869422444,0.5832911720116608,0.37310324975639075,4,16.498474787948258,1.9846232008489602,cju0s2a9ekvms080138tjjpxr,kvasir-seg,segformer,polypseg/runs_cv/segformer_seed42_fold3/best.pth,True
0.9169473678402363,0.8466323247945121,0.8574300708304302,0.9853436018945672,0.42398298719616156,0.2702130822974992,4,52.80151512977634,6.356592293036481,cju0u82z3cuma0835wlxrnrjv,kvasir-seg,segformer,polypseg/runs_cv/segformer_seed42_fold3/best.pth,True
0.93634592456618,0.8803105691897845,0.8923622658192419,0.9848901939133486,0.706153796165684,0.5238004379566945,4,21.648227880117794,2.6040937638387605,cju0ue769mxii08019zqgdbxn,kvasir-seg,segformer,polypseg/runs_cv/segformer_seed42_fold3/best.pth,True
0.9842704542775158,0.9690280827436287,0.9815742648413055,0.9869814963016456,0.9268732749615675,0.7075609207244232,4,5.0,0.6019327549042063,cju13cgqmnhwn0988yrainhcp,kvasir-seg,segformer,polypseg/runs_cv/segformer_seed42_fold3/best.pth,True
0.9758764525850032,0.9528893804348365,0.9700342094986142,0.9817894944426582,0.7817499118055349,0.5426518957839758,4,7.531857301718061,0.9215599752057964,cju13fwthn9mq0835gacxgy01,kvasir-seg,segformer,polypseg/runs_cv/segformer_seed42_fold3/best.pth,True
0.9118253486947971,0.837940258579921,0.9772838061779686,0.8545852397031612,0.5194693662322853,0.35846253794916816,4,28.0,3.4236967370639633,cju13hp5rnbjx0835bf0jowgx,kvasir-seg,segformer,polypseg/runs_cv/segformer_seed42_fold3/best.pth,True
0.9167060714950389,0.8462210000199781,0.9044320037301039,0.9293178658718918,0.44958962361966676,0.2874862232595486,4,33.992495501710124,4.155956217058563,cju14hjh2ob2o0835ouz3r5aa,kvasir-seg,segformer,polypseg/runs_cv/segformer_seed42_fold3/best.pth,True
0.9656017105707467,0.933491209757833,0.9488005874634922,0.9830085802401496,0.8788071457646165,0.6311049102358438,4,13.300735254367723,1.627637339782542,cju14pxbaoksp0835qzorx6g6,kvasir-seg,segformer,polypseg/runs_cv/segformer_seed42_fold3/best.pth,True
0.9639686783431833,0.9304435669006695,0.9877934638464476,0.9412660956150406,0.6645264680620298,0.40881072562410425,4,20.0,2.4493825846391335,cju15wdt3zla10801odjiw7sy,kvasir-seg,segformer,polypseg/runs_cv/segformer_seed42_fold3/best.pth,True
0.9463110495269235,0.89809335962198,0.9324232081805184,0.9606188466835369,0.80466262321065,0.6141764101285694,4,8.22781590094164,1.0210463982295488,cju160wshltz10993i1gmqxbe,kvasir-seg,segformer,polypseg/runs_cv/segformer_seed42_fold3/best.pth,True
0.9782154271394556,0.9573597538284275,0.9766463141180256,0.9797895902535763,0.6849077605972578,0.41215963220630325,4,8.94427190999916,1.102434659256059,cju16ach3m1da0993r1dq3sn2,kvasir-seg,segformer,polypseg/runs_cv/segformer_seed42_fold3/best.pth,True
0.9565932559539743,0.9167980381692626,0.9755824790125707,0.9383291502162365,0.9325604093189875,0.7231343226056993,4,4.47213595499958,0.574039476737674,cju16b6ynq8e40988m8vx0xnj,kvasir-seg,segformer,polypseg/runs_cv/segformer_seed42_fold3/best.pth,True
0.43331595411849727,0.27658158341345074,0.9579667268568872,0.2799793381466318,0.15012025782738844,0.08402281938871964,4,222.14409737825582,26.722005231088627,cju16whaj0e7n0855q7b6cjkm,kvasir-seg,segformer,polypseg/runs_cv/segformer_seed42_fold3/best.pth,True
0.9771733485227692,0.9553655520331561,0.979100744482698,0.9752535259537214,0.6234167384702914,0.400035669928278,4,66.03029607687671,8.125576445998155,cju171py4qiha0835u8sl59ds,kvasir-seg,segformer,polypseg/runs_cv/segformer_seed42_fold3/best.pth,True
0.7523424640860052,0.6030039834086864,0.9911909141519294,0.606252967526882,0.4817260829162793,0.29571786858389093,4,139.37933743365394,17.614400768947593,cju17g6ykn1cs0993dww6qdi8,kvasir-seg,segformer,polypseg/runs_cv/segformer_seed42_fold3/best.pth,True
0.9858732136844,0.9721399996406292,0.9781765013803028,0.9936920086545435,0.723871684028124,0.44866359538288014,4,19.924858845171276,2.735646185488716,cju17otoe119u0799nqcbl8n1,kvasir-seg,segformer,polypseg/runs_cv/segformer_seed42_fold3/best.pth,True
0.9405940593940011,0.8878504672684436,0.9509753593185069,0.9304369663252026,0.9476562700602403,0.6059998699132882,4,4.123105625617661,0.5041522598927591,cju17r8il13910799dr2wme2e,kvasir-seg,segformer,polypseg/runs_cv/segformer_seed42_fold3/best.pth,True
0.9638277973859417,0.9301810982328941,0.9918350873894265,0.9373588005723165,0.7153828672620012,0.4382366263946801,4,11.704699910719626,1.4632692656097837,cju1819curo000988pd5xcqme,kvasir-seg,segformer,polypseg/runs_cv/segformer_seed42_fold3/best.pth,True
0.9795805302717588,0.9599782827866284,0.9686937465733513,0.990714800285518,0.8251484361670341,0.671328621328675,4,6.082762530298219,0.7476354899844748,cju18849rrsgr0988p90hkygb,kvasir-seg,segformer,polypseg/runs_cv/segformer_seed42_fold3/best.pth,True
0.8945990179959525,0.8092981936510321,0.8810444874132649,0.9085771276444718,0.5970563446173554,0.3840835113770779,4,13.549509219813626,1.67162133497546,cju18ibp219ub08783i6o98g7,kvasir-seg,segformer,polypseg/runs_cv/segformer_seed42_fold3/best.pth,True
0.9400039341672239,0.8867994556458271,0.9243267639516767,0.9562220690553922,0.6105552981738903,0.33900834163123417,4,28.125195918399204,3.5156906895415747,cju1b3zgj3d8e0801kpolea6c,kvasir-seg,segformer,polypseg/runs_cv/segformer_seed42_fold3/best.pth,True
0.9090493232510097,0.8332634486830856,0.9619305239166259,0.8616793347945956,0.45162290669444377,0.29977081788864457,4,47.50789408087881,5.895582098914089,cju1bm8063nmh07996rsjjemq,kvasir-seg,segformer,polypseg/runs_cv/segformer_seed42_fold3/best.pth,True
0.7720136959726984,0.6286826599293525,0.6318405329634017,0.9921129099128924,0.47581357584246964,0.2738912618824227,4,57.31840689452769,7.364266163456059,cju1brhsj3rls0855a1vgdlen,kvasir-seg,segformer,polypseg/runs_cv/segformer_seed42_fold3/best.pth,True
0.9684483351397138,0.9388267869946009,0.9599769299317336,0.9770705848851269,0.6225576764659991,0.47556875090553763,4,10.795807930936634,1.298641914905792,cju1cfhyg48bb0799cl5pr2jh,kvasir-seg,segformer,polypseg/runs_cv/segformer_seed42_fold3/best.pth,True
0.9284760350165882,0.8665004846914104,0.9516349809813563,0.9064174996312732,0.47683704832121926,0.2698429806884676,4,8.980495168499704,1.1068993911027674,cju1dia8hvc6v098827mgffnm,kvasir-seg,segformer,polypseg/runs_cv/segformer_seed42_fold3/best.pth,True
0.7328069924993875,0.5782915374073616,0.579798787161683,0.9955247926457559,0.33673647738207907,0.15577222235079202,4,202.2325394193526,24.767243005055466,cju1ewnoh5z030855vpex9uzt,kvasir-seg,segformer,polypseg/runs_cv/segformer_seed42_fold3/best.pth,True
0.9759979650047689,0.9531211185623418,0.9819870326122678,0.9700815083242393,0.8304656506526938,0.648177258602562,4,11.0,1.4244439025687046,cju1fr4etsmrr09933u4t4aql,kvasir-seg,segformer,polypseg/runs_cv/segformer_seed42_fold3/best.pth,True
0.9747990333859795,0.9508370213554267,0.9968395925058103,0.9537120432290475,0.8468321435572373,0.5617236524046604,4,5.0,0.6441753371595392,cju1g4nsb6ngy0799l4ezm8ab,kvasir-seg,segformer,polypseg/runs_cv/segformer_seed42_fold3/best.pth,True
0.961689026627083,0.9262052037291582,0.9693575568231958,0.9541408746996922,0.6518424244198772,0.44379779436914446,4,14.993303437365917,1.8333044305828425,cju1gv7106qd008784gk603mg,kvasir-seg,segformer,polypseg/runs_cv/segformer_seed42_fold3/best.pth,True
0.9365292586645263,0.8806347201319915,0.9246518567562612,0.9487157679796843,0.7141584540081185,0.4309430796442621,4,6.708203932499369,0.8208962132244993,cju1hhj6mxfp90835n3wofrap,kvasir-seg,segformer,polypseg/runs_cv/segformer_seed42_fold3/best.pth,True
0.9435094562747909,0.8930600106915823,0.9189997679068544,0.9693623117437193,0.6030705863344394,0.11844049875622269,9,36.84757999388798,2.1409974499159805,cju1hyolc7aqu0878rrkfn1lr,kvasir-seg,segformer,polypseg/runs_cv/segformer_seed42_fold3/best.pth,True
0.6103870458075593,0.4392496802552331,0.7857142856943133,0.49903132062481387,0.12340031795753303,0.07980182348452296,4,231.41595756240923,28.345222381390936,cju2hfqnmhisa0993gpleeldd,kvasir-seg,segformer,polypseg/runs_cv/segformer_seed42_fold3/best.pth,True
0.9704063515453617,0.9425139257627382,0.9611397932220777,0.9798533311671539,0.5548031273313966,0.4528867719132436,3,12.36931687685298,2.098626651321565,cju2htabevq9108015qjei0x7,kvasir-seg,segformer,polypseg/runs_cv/segformer_seed42_fold3/best.pth,True
0.7950719314294836,0.6598501206571847,0.6598501206571847,0.9999999999807507,0.2201034832727604,0.058162541029560415,4,17.72004514666935,2.188477265595078,cju2hugv9vget0799hhk7ksvg,kvasir-seg,segformer,polypseg/runs_cv/segformer_seed42_fold3/best.pth,True
0.9719713148461688,0.9454710057051822,0.9933419389887334,0.9515008541430872,0.7083431385882049,0.5513537582739171,4,12.547836069321429,1.534285193133903,cju2i8br1vqtd08784u6vmcjk,kvasir-seg,segformer,polypseg/runs_cv/segformer_seed42_fold3/best.pth,True
0.7415877592453013,0.5893043115986809,0.6080812422728059,0.9502099076326598,0.4939292230181953,0.3121371982325917,4,56.15468976002423,6.903858702816354,cju2ij9uiic2l09933ljiv6gm,kvasir-seg,segformer,polypseg/runs_cv/segformer_seed42_fold3/best.pth,True
0.9450225022468226,0.895775032414881,0.9139275765953069,0.9783078643236801,0.6909567125235349,0.3605169050024155,4,8.0,0.9718791418547278,cju2m56cryvqd0801gtn2yp8t,kvasir-seg,segformer,polypseg/runs_cv/segformer_seed42_fold3/best.pth,True
0.7340950882061282,0.5798974957493975,0.9952102066121025,0.5815204946179916,0.12004593249412686,0.030293860227198183,4,94.84091912230348,12.025853896774127,cju2nbdpmlmcj0993s1cht0dz,kvasir-seg,segformer,polypseg/runs_cv/segformer_seed42_fold3/best.pth,True
0.8760642877632305,0.7794612078121048,0.9570965719038537,0.8076821308855008,0.5618002457819178,0.3425020697859411,4,239.0112967250492,28.750982793392946,cju2nqapmzvk20801f9us40dx,kvasir-seg,segformer,polypseg/runs_cv/segformer_seed42_fold3/best.pth,True
0.9752489331421286,0.9516935036061703,0.9905923904286704,0.9603735408530416,0.7535100021903169,0.576824950449138,4,8.538131508209633,1.0439990351885833,cju2nyc5f02m40801ojqbtiea,kvasir-seg,segformer,polypseg/runs_cv/segformer_seed42_fold3/best.pth,True
0.9718159244540412,0.9451769849071175,0.954668470903231,0.9895906389539345,0.8311687811709424,0.6967169857164024,4,10.0,1.2248603199175094,cju2oo0wh0bqy0878biujeyhe,kvasir-seg,segformer,polypseg/runs_cv/segformer_seed42_fold3/best.pth,True
0.8125379785253568,0.6842643923182579,0.7711457131798236,0.8586258561551944,0.4220656459454159,0.30223118766833845,4,45.00388840889766,5.6828436918625345,cju2ouil2mssu0993hvxsed6d,kvasir-seg,segformer,polypseg/runs_cv/segformer_seed42_fold3/best.pth,True
0.9217980867459288,0.8549401326546461,0.8990734270247444,0.9457012958715212,0.66413519057226,0.16718342056422486,9,36.0,2.091749531713076,cju2p91qir00k08350ddfif0w,kvasir-seg,segformer,polypseg/runs_cv/segformer_seed42_fold3/best.pth,True
0.961151703679951,0.9252089136447297,0.9943122287033163,0.9301316157895541,0.6778271760988654,0.5618617424596417,4,7.211102550927978,0.882436914082421,cju2pkwt3r8b90988v2ywq1px,kvasir-seg,segformer,polypseg/runs_cv/segformer_seed42_fold3/best.pth,True
0.9823619959796229,0.9653354062039846,0.9813130018772823,0.9834132351661171,0.9169095793084815,0.704008738421508,4,5.0,0.6118599117473807,cju2qh5le1ock0878oahaql7d,kvasir-seg,segformer,polypseg/runs_cv/segformer_seed42_fold3/best.pth,True
0.9303649039807382,0.8697965385047393,0.9448928046984171,0.9162769768800991,0.22589527770942433,0.13140822869509453,4,61.28702859646994,7.378133992593204,cju2qqn5ys4uo0988ewrt2ip2,kvasir-seg,segformer,polypseg/runs_cv/segformer_seed42_fold3/best.pth,True
0.8390656136979119,0.7227502463516293,0.9734416029213189,0.7372886851996008,0.42971866646621953,0.28929112618525205,4,91.15095183616903,12.699652188842078,cju2qxxko229x08786gvxxhur,kvasir-seg,segformer,polypseg/runs_cv/segformer_seed42_fold3/best.pth,True
0.9413218601230603,0.88914829225857,0.9885282148204296,0.8984186154850499,0.647447040670215,0.45514675779519725,4,21.227329892558288,2.6441182648736272,cju2qz06823a40878ojcz9ccx,kvasir-seg,segformer,polypseg/runs_cv/segformer_seed42_fold3/best.pth,True
0.9417847567936528,0.8899746652109122,0.9739578175960594,0.9116692927897704,0.642179214496212,0.4026378197254855,4,7.0710678118654755,0.8717789518007428,cju2r7h21sj9608354gzks3ae,kvasir-seg,segformer,polypseg/runs_cv/segformer_seed42_fold3/best.pth,True
0.8306694463555555,0.7103803486247868,0.8058426965929959,0.8570745697487059,0.545227648067084,0.36414560828253556,4,9.848857801796104,1.2642741346130817,cju2rmd2rsw9g09888hh1efu0,kvasir-seg,segformer,polypseg/runs_cv/segformer_seed42_fold3/best.pth,True
0.9464773131811128,0.8983929107772725,0.9295982593757899,0.9639806607496858,0.7752905582635602,0.5243027733594077,4,10.770329614269007,1.3290941219705634,cju2t3ibkuecr0835o7si16zv,kvasir-seg,segformer,polypseg/runs_cv/segformer_seed42_fold3/best.pth,True
0.9310182299175457,0.870939295668001,0.9156896757958018,0.9468687181043858,0.557549131536979,0.3315270043718546,4,19.451047068763728,2.4967194632959337,cju2ti1du4idn0878giuozonw,kvasir-seg,segformer,polypseg/runs_cv/segformer_seed42_fold3/best.pth,True
0.9630385897787962,0.9287120815550519,0.9633622918580945,0.9627151051600363,0.701024433834844,0.40487519073735945,4,9.848857801796104,1.2052242530838932,cju2tjrog4jy30878pawyazqc,kvasir-seg,segformer,polypseg/runs_cv/segformer_seed42_fold3/best.pth,True
0.929103322415368,0.8675938042042731,0.928029686532131,0.9301794453492167,0.5349988867138007,0.3917837485994884,4,52.02015325445526,6.683546790379443,cju2top2ruxxy0988p1svx36g,kvasir-seg,segformer,polypseg/runs_cv/segformer_seed42_fold3/best.pth,True
0.8813020267076422,0.7877926372870303,0.9603904371164225,0.8142484483199477,0.39322179232884147,0.23741563431247584,4,43.829214001622255,5.371985631773668,cju2tpfa5uyx408359datxqqj,kvasir-seg,segformer,polypseg/runs_cv/segformer_seed42_fold3/best.pth,True
0.9757223390916302,0.9525955474088161,0.9700609320953285,0.9814502154874245,0.5679374924280806,0.3827994116782395,4,25.612496949731394,3.131765079816289,cju2tzypl4wss0799ow05oxb9,kvasir-seg,segformer,polypseg/runs_cv/segformer_seed42_fold3/best.pth,True
0.9582664526479725,0.9198767334351291,0.9470099116649245,0.9697938122428282,0.4827657478618006,0.26724132931871475,4,17.69180601295413,2.2730423863902844,cju2uokeg5jm20799xwgsyz89,kvasir-seg,segformer,polypseg/runs_cv/segformer_seed42_fold3/best.pth,True
0.972585043775483,0.9466331377435659,0.9779659386078227,0.9672630376809703,0.8604968039093015,0.6405020825445346,4,5.385164807134504,0.6600398530438856,cju2uy8ox62jo0801g88hh42z,kvasir-seg,segformer,polypseg/runs_cv/segformer_seed42_fold3/best.pth,True
0.9525332754996001,0.909368530015997,0.9955799852609759,0.9130547760060646,0.638157317711426,0.37449603575774093,4,7.2732091554452625,0.8957473395674734,cju2wx0gh7fpz0878wwyd9ep8,kvasir-seg,segformer,polypseg/runs_cv/segformer_seed42_fold3/best.pth,True
0.905969390636295,0.8281024158576444,0.9905125682916276,0.8347232888113961,0.3589186966488782,0.13603915102314873,8,78.33900688673555,4.948184143095689,cju2yljr0yzhw0988ecf271ly,kvasir-seg,segformer,polypseg/runs_cv/segformer_seed42_fold3/best.pth,True
0.9283055188316647,0.8662035077568455,0.982817386414394,0.8795228711575201,0.5617977694711211,0.39322328898203496,4,46.197935833740615,5.837126743767359,cju2ysg748ru80878sp6j0gm0,kvasir-seg,segformer,polypseg/runs_cv/segformer_seed42_fold3/best.pth,True
0.9568339059783153,0.9172402280536787,0.9350708853124909,0.9796340995104235,0.4759080300778819,0.22796723169831523,4,17.921980673998817,2.191408098403327,cju2z1nxlzaj40835wj81s1iy,kvasir-seg,segformer,polypseg/runs_cv/segformer_seed42_fold3/best.pth,True
0.944529389645458,0.8948893321891569,0.9111616210421164,0.980433990732266,0.7428970687895867,0.5999094952672566,4,16.046648326421046,2.094946611598582,cju2z2x3nvd3c099350zgty7w,kvasir-seg,segformer,polypseg/runs_cv/segformer_seed42_fold3/best.pth,True
0.9352925890029642,0.8784503417019683,0.9926286230017418,0.8842185196726483,0.7173237300157951,0.5917439347642784,4,28.836038956948702,3.525923303098378,cju2z9vlp9j0w0801oag91sy9,kvasir-seg,segformer,polypseg/runs_cv/segformer_seed42_fold3/best.pth,True
0.9733439462262786,0.9480720857277555,0.989534256425141,0.9576749042779057,0.8254073729480677,0.6665599865684527,4,6.708203932499369,0.8490064325725453,cju2zblxw9848087853csbrx1,kvasir-seg,segformer,polypseg/runs_cv/segformer_seed42_fold3/best.pth,True
0.9609164977833619,0.9247731252911576,0.9302530429137551,0.9936703447011062,0.8549912179638169,0.6683166430792535,4,7.280109889280518,0.9231198800176874,cju2zxja9w1eh09933609ho9z,kvasir-seg,segformer,polypseg/runs_cv/segformer_seed42_fold3/best.pth,True
0.9638610984577534,0.9302431334477347,0.9528911247718995,0.97508659315207,0.7059075114249435,0.43014661385060726,4,8.181827525207447,1.001226453501144,cju30525w04r10835ygp257sb,kvasir-seg,segformer,polypseg/runs_cv/segformer_seed42_fold3/best.pth,True
0.8008308290606321,0.6678213954027038,0.9745934084825433,0.6796537445981162,0.5415570240655213,0.37114170045920925,4,136.14422342751018,16.67346449312813,cju30xqmh0ni00835ix3batv1,kvasir-seg,segformer,polypseg/runs_cv/segformer_seed42_fold3/best.pth,True
0.9744082066590778,0.9500936074038668,0.9557728433115188,0.9937847137006778,0.8015754582078624,0.30244169297801515,9,24.596747752497688,1.4333058451862324,cju30ywtc0oar0835bp2en7ec,kvasir-seg,segformer,polypseg/runs_cv/segformer_seed42_fold3/best.pth,True
0.9705429764747909,0.9427717275183801,0.9528776978348713,0.9888756159400561,0.9596447231514544,0.6736900413851814,4,4.0,0.48909953386628047,cju3128yi0rpu0988o4oo5n8n,kvasir-seg,segformer,polypseg/runs_cv/segformer_seed42_fold3/best.pth,True
0.8753726469997477,0.7783668471733778,0.805210237658912,0.9589294600632015,0.4720992854506493,0.3185627795640362,4,56.2780313496491,7.076534829315676,cju320gyvbch60801v2amdi2g,kvasir-seg,segformer,polypseg/runs_cv/segformer_seed42_fold3/best.pth,True
0.9555760928724815,0.9149312710588986,0.9975154622799663,0.917021018100068,0.5423104067975517,0.3560023535902617,4,13.601470508735444,1.6361387512630923,cju32csyfblyh080170aa3x5p,kvasir-seg,segformer,polypseg/runs_cv/segformer_seed42_fold3/best.pth,True
0.9616920152045546,0.9262107479545343,0.9673933830467834,0.9560574560484212,0.8569729209850604,0.449134605982113,4,6.0,0.73481477539174,cju32l161bi1v07990vm376in,kvasir-seg,segformer,polypseg/runs_cv/segformer_seed42_fold3/best.pth,True
0.9785417368827634,0.9579850417935797,0.9651611187433105,0.9922985781975449,0.7399379124912963,0.526111081850568,4,13.101402705563627,1.604291211740353,cju334jzo261t0835yqudnfs1,kvasir-seg,segformer,polypseg/runs_cv/segformer_seed42_fold3/best.pth,True
0.82566356066711,0.703089449507458,0.9986991341091127,0.7037339406168754,0.3718174732652753,0.23032180176202535,4,84.37711976670334,10.709093000533928,cju336l68y7if0993wf092166,kvasir-seg,segformer,polypseg/runs_cv/segformer_seed42_fold3/best.pth,True
0.9580032058577604,0.9193917018203288,0.9711234911701845,0.9452327157619047,0.8585165332118682,0.5822363394899008,4,5.656854249492381,0.6922404683724407,cju33o12x2jm50988944mxq0v,kvasir-seg,segformer,polypseg/runs_cv/segformer_seed42_fold3/best.pth,True
0.8881584527943506,0.7988174709125834,0.9386934823522417,0.8427866169396544,0.27943955628003725,0.1452095308707234,4,37.12142238654117,4.861874459692863,cju34c1xfyz920993itxkkfad,kvasir-seg,segformer,polypseg/runs_cv/segformer_seed42_fold3/best.pth,True
0.9670479588573457,0.9361983135127887,0.9592962731526202,0.9749259415893469,0.9284180009518418,0.6871822935246469,4,4.123105625617661,0.4959737908699915,cju34fojcctcf0799ebolbvkn,kvasir-seg,segformer,polypseg/runs_cv/segformer_seed42_fold3/best.pth,True
0.9693818181782932,0.9405828805240238,0.9714306537353586,0.9673416067859253,0.83107046480729,0.4120299388750673,4,22.849999999999966,2.914424650567245,cju34o6dbd2lo0855aqlcy1hs,kvasir-seg,segformer,polypseg/runs_cv/segformer_seed42_fold3/best.pth,True
0.9761628304055365,0.9534356237449257,0.9882450560042951,0.9643724696312893,0.8838452487252406,0.6767508060685938,4,5.0,0.6374813571303121,cju34zivp3fq80988opxbaqyn,kvasir-seg,segformer,polypseg/runs_cv/segformer_seed42_fold3/best.pth,True
0.9626138116940561,0.92792233263295,0.9822151482613674,0.9437795066129936,0.7263907124646414,0.5513302109836572,4,18.914175471673587,2.3182409537829187,cju353d1eda8c07992afde611,kvasir-seg,segformer,polypseg/runs_cv/segformer_seed42_fold3/best.pth,True
0.9536843295802867,0.9114690303718104,0.9743095944190798,0.9339141992138599,0.49264464916354794,0.361540374613159,4,36.04718584144391,4.339596376016846,cju35atpxdjot0855q46aqrd0,kvasir-seg,segformer,polypseg/runs_cv/segformer_seed42_fold3/best.pth,True
0.9249904810231628,0.8604486422627605,0.925295820420876,0.9246853430728548,0.556203912694795,0.3848030433866696,4,12.0,1.5417594233574152,cju35k2fr3vc50988c85qkrwg,kvasir-seg,segformer,polypseg/runs_cv/segformer_seed42_fold3/best.pth,True
0.9266098041024569,0.8632553265754845,0.978941114332064,0.8795895367407344,0.5322009262630844,0.3639729937775639,4,12.36931687685298,1.4879213726099743,cju35ldepdtlm0801yv79y8vu,kvasir-seg,segformer,polypseg/runs_cv/segformer_seed42_fold3/best.pth,True
0.9615016280394543,0.925857617113321,0.9763925020034125,0.9470581299352739,0.623173071519732,0.3443421265025756,4,11.40175425099138,1.4661789137311325,cju35mdz73x890835eynq1h9v,kvasir-seg,segformer,polypseg/runs_cv/segformer_seed42_fold3/best.pth,True
0.954343381896504,0.9126737835097276,0.9520880543803685,0.9566094197179507,0.771692773874803,0.47257125499897623,4,7.0710678118654755,0.8751469002667223,cju3ul8dogf1z09872y2ecowp,kvasir-seg,segformer,polypseg/runs_cv/segformer_seed42_fold3/best.pth,True
0.959613606357841,0.9223627031476732,0.99423727473029,0.9273202789696462,0.5637474996416304,0.23074579268547782,9,40.311288741492746,2.3422533152157787,cju3uz4o6gr9z0850lhxyxvsj,kvasir-seg,segformer,polypseg/runs_cv/segformer_seed42_fold3/best.pth,True
0.9216757741326381,0.8547297297260277,0.8724523630537493,0.9767856258923091,0.6190086657015413,0.41874567433710813,4,252.84659728956927,30.94555662879869,cju3v664kh0px0818y4y7wolf,kvasir-seg,segformer,polypseg/runs_cv/segformer_seed42_fold3/best.pth,True
0.9162586394179255,0.8454587715705577,0.9578656308602723,0.8781157583412453,0.5835227390044475,0.4393549921884022,4,41.0,5.017251276328522,cju3x2s11ibzi0817kk284k0j,kvasir-seg,segformer,polypseg/runs_cv/segformer_seed42_fold3/best.pth,True
0.907479252843176,0.8306288509438379,0.8434425446516217,0.982038591998098,0.5476720591852495,0.2936805989178459,4,29.188076056555015,3.5951877647288764,cju3xtufwiv9c0818djsc4cqd,kvasir-seg,segformer,polypseg/runs_cv/segformer_seed42_fold3/best.pth,True
0.9163883053808389,0.8456796008489984,0.9996243567071124,0.8459484375469818,0.6679224365305243,0.4908962512746951,4,33.8257838506426,4.240665057213527,cju3y9difj6th0801kd1rqm3w,kvasir-seg,segformer,polypseg/runs_cv/segformer_seed42_fold3/best.pth,True
0.8436803565709818,0.7296255506557707,0.7814803892599419,0.9166378415693822,0.37384863789768685,0.261223579370796,4,17.323148310114334,2.0838242619320226,cju3ya7goj6at0818v2l5ay7f,kvasir-seg,segformer,polypseg/runs_cv/segformer_seed42_fold3/best.pth,True
0.976224966084563,0.9535541830425203,0.9725055737096688,0.9799729176597012,0.677535041853146,0.48178085097478884,4,17.532516241487315,2.2525768442066667,cju3yht87j83m08507yk1u1fg,kvasir-seg,segformer,polypseg/runs_cv/segformer_seed42_fold3/best.pth,True
0.928783568323906,0.8670363344507996,0.965785153518252,0.8945126082033955,0.5676508835395045,0.363453159345665,4,186.5749032827426,23.653488542936067,cju40m0rjkpw80871z6n6yg1u,kvasir-seg,segformer,polypseg/runs_cv/segformer_seed42_fold3/best.pth,True
0.9580715042927803,0.9195175179871431,0.9704316972175591,0.946022210082693,0.6622624826439698,0.40098616840998536,4,12.153153197546152,1.4993509980815982,cju40sdwukv3k0755y99ug1k8,kvasir-seg,segformer,polypseg/runs_cv/segformer_seed42_fold3/best.pth,True
0.8522096763064945,0.7424785335043999,0.8139520958074085,0.8942410168007917,0.3289732374254744,0.016863357273304753,9,65.0553193245478,3.7799842703490967,cju40wto5kxwi0755it190f2k,kvasir-seg,segformer,polypseg/runs_cv/segformer_seed42_fold3/best.pth,True
0.9751375638259537,0.9514814178049862,0.9806126291069106,0.9697232970716436,0.730220751406358,0.4994370580185327,4,21.02379604162864,2.5520160915630195,cju412uwlkva50850d1ps1ww7,kvasir-seg,segformer,polypseg/runs_cv/segformer_seed42_fold3/best.pth,True
0.6730078100188291,0.5071678756665318,0.833506338269216,0.5643395663829187,0.36850166445871385,0.23075329902430322,4,112.36525112640832,13.927726464420564,cju414lf2l1lt0801rl3hjllj,kvasir-seg,segformer,polypseg/runs_cv/segformer_seed42_fold3/best.pth,True
0.9254863575129971,0.8613072193024218,0.9086977414595302,0.9429070057224769,0.6572906036118108,0.4014167150537622,4,8.0,0.9797530338556534,cju41p90plcsx08018cnzpndc,kvasir-seg,segformer,polypseg/runs_cv/segformer_seed42_fold3/best.pth,True
0.9676995589809895,0.937420464555598,0.9835233358261315,0.9523768931308039,0.6043388113976096,0.41166496582216205,4,13.0784943800515,1.600441283433385,cju428k5fldt108177s6g6f45,kvasir-seg,segformer,polypseg/runs_cv/segformer_seed42_fold3/best.pth,True
0.9847831409245138,0.970022446062719,0.9904536414414424,0.9791771997809502,0.9312646204737789,0.7004985760029689,4,5.0,0.6119433079290898,cju42dwedlmk60871jbgu4ehi,kvasir-seg,segformer,polypseg/runs_cv/segformer_seed42_fold3/best.pth,True
0.9060927249318258,0.8283085281385999,0.842163613022052,0.9805249213048743,0.38434414966861413,0.126585687244475,4,35.53794802703239,4.859029700834146,cju42nm68lpyo0818xvvqmupq,kvasir-seg,segformer,polypseg/runs_cv/segformer_seed42_fold3/best.pth,True
0.7049259888348098,0.5443132846134263,0.546052631575526,0.9941820670660029,0.540736669106645,0.31369328962478343,4,101.98573186494347,12.81106479153417,cju43h43am1dy08176gwfhmnt,kvasir-seg,segformer,polypseg/runs_cv/segformer_seed42_fold3/best.pth,True
0.9627813952075027,0.928233827236558,0.9957385921770638,0.9319359534179565,0.6289715933275568,0.43801783016563267,4,9.219544457292887,1.1090311114435656,cju43mkj9m8wb0871qiadahub,kvasir-seg,segformer,polypseg/runs_cv/segformer_seed42_fold3/best.pth,True
0.9434219340763419,0.8929031980723587,0.9910780314392255,0.9001386662024957,0.5979776717598566,0.29467444718784913,4,23.030135909380853,2.8606414596694454,cju45v0pungu40871acnwtmu5,kvasir-seg,segformer,polypseg/runs_cv/segformer_seed42_fold3/best.pth,True
0.6696219735755503,0.5033321058190051,0.5183567609883433,0.9455490839281748,0.4434541793114064,0.28613731565564937,4,221.1863690909403,28.71085781742787,cju5bmhdcafs909878qfzrqzi,kvasir-seg,segformer,polypseg/runs_cv/segformer_seed42_fold3/best.pth,True
0.9833714473949635,0.9672868668454628,0.9779043820908913,0.9888999846357074,0.7816808157104372,0.5810965086659355,4,20.338460864818227,2.4908335920325166,cju5boicjagt20871b1fotkh4,kvasir-seg,segformer,polypseg/runs_cv/segformer_seed42_fold3/best.pth,True
0.8087345512961002,0.6788869367243091,0.9981263188514187,0.6797532179527995,0.29528772073890597,0.21481529214234116,4,80.05623023850174,9.971962637880297,cju5bycdkalkb09875f7bfrvx,kvasir-seg,segformer,polypseg/runs_cv/segformer_seed42_fold3/best.pth,True
0.9796293006445,0.9600719633200625,0.9886254980059987,0.9707953522926122,0.8426321148744345,0.6311979856135553,4,7.0,0.8434708372785357,cju5ekty5ckzf07550c9u3ckk,kvasir-seg,segformer,polypseg/runs_cv/segformer_seed42_fold3/best.pth,True
0.9464431820816176,0.8983314103093177,0.9400046435990712,0.9529705300774269,0.6641724310793212,0.4226958151754652,4,16.135358120279342,1.9795005482276777,cju5es375cnzy0801nkq35ffs,kvasir-seg,segformer,polypseg/runs_cv/segformer_seed42_fold3/best.pth,True
0.9588495985254982,0.9209520518529818,0.9397672753684382,0.9787229307148976,0.4573031238080464,0.2884276672491494,4,21.633307652783937,2.6473107422472633,cju5eyfe9cpk90987laa7tsl3,kvasir-seg,segformer,polypseg/runs_cv/segformer_seed42_fold3/best.pth,True
0.9296400392801262,0.8685302827049828,0.9828865211648867,0.8818661903955158,0.5502049248386143,0.4285256314786619,4,46.04761677353928,5.539128299260969,cju5fs6j6d8350801vglraq4u,kvasir-seg,segformer,polypseg/runs_cv/segformer_seed42_fold3/best.pth,True
0.982375728182597,0.9653619271758772,0.977174456566823,0.9876326664060777,0.8972721496519245,0.8281645280730561,4,7.582206784205562,0.952243272305908,cju5huurrecm70801y680y13m,kvasir-seg,segformer,polypseg/runs_cv/segformer_seed42_fold3/best.pth,True
0.9735656316365568,0.9484928229642381,0.9965063087493176,0.9516574254075715,0.7936856364589103,0.5216630428869565,4,8.54400374531753,1.1165017620178226,cju5jz5fff8c50871hbe6108f,kvasir-seg,segformer,polypseg/runs_cv/segformer_seed42_fold3/best.pth,True
0.9550846195793583,0.9140305880030964,0.9784421395060153,0.9328162869516934,0.8106257058387372,0.5407606054024814,4,6.67769596299271,0.8767420569717135,cju5k3j3uf6de0817hszzfr7n,kvasir-seg,segformer,polypseg/runs_cv/segformer_seed42_fold3/best.pth,True
0.9665506779996641,0.9352666429049629,0.9614346316988788,0.9717214632321106,0.6488495925509672,0.44335921998509387,4,33.80302960768763,4.139827601455553,cju5k503sfa5f0871lx0rpu5y,kvasir-seg,segformer,polypseg/runs_cv/segformer_seed42_fold3/best.pth,True
0.9044112586870767,0.8255025125607399,0.9084499253417341,0.9004083422376595,0.5162318838879271,0.398114898223567,4,30.0,3.6120101068807564,cju5ktjwofed70817eg58ef7u,kvasir-seg,segformer,polypseg/runs_cv/segformer_seed42_fold3/best.pth,True
0.9726912862646584,0.9468344551735655,0.9721229926869226,0.9732602446671347,0.713123041479486,0.4380031254602325,4,10.04987562112089,1.2900783075114157,cju5tenjojp1j0755ms4949h2,kvasir-seg,segformer,polypseg/runs_cv/segformer_seed42_fold3/best.pth,True
0.89868440502454,0.8160098786620422,0.8352016705109484,0.9726115057241549,0.5427511381000396,0.38116721309144463,4,33.41785638377257,4.086164495028368,cju5tgbzhjllu08174ca41eus,kvasir-seg,segformer,polypseg/runs_cv/segformer_seed42_fold3/best.pth,True
0.9819054607961184,0.9644541081262827,0.9688447598542498,0.9953231082827873,0.7463626451846239,0.43830445511886684,4,8.0,1.0268730334030785,cju5u6wf0kh1t0755bg1ssixv,kvasir-seg,segformer,polypseg/runs_cv/segformer_seed42_fold3/best.pth,True
0.8972212165077452,0.8136003611408315,0.9808044327859259,0.8267650861135711,0.6890027529656587,0.5260678462761884,4,39.0,4.785866935625065,cju5vbo6jldrt0871jf6f1700,kvasir-seg,segformer,polypseg/runs_cv/segformer_seed42_fold3/best.pth,True
0.9661574261408181,0.9345305083870699,0.9554755115265622,0.9770808819717752,0.8538482396187778,0.5264584288449187,4,5.385164807134504,0.6912766381061353,cju5vcmrqla7i0817x4sp4pqw,kvasir-seg,segformer,polypseg/runs_cv/segformer_seed42_fold3/best.pth,True
0.7969890330583319,0.6624952348393484,0.6663493448618112,0.9913450568452903,0.4750833834402474,0.3105999147414646,4,131.59520907781774,16.387946335967342,cju5vutu7ll8w0871dfp92n9p,kvasir-seg,segformer,polypseg/runs_cv/segformer_seed42_fold3/best.pth,True
0.9528025584902327,0.9098595171475556,0.992356509235327,0.9162808766845275,0.6402877031276629,0.4026736758510062,4,14.317821063276353,1.7521001464382118,cju5w7xn0lrkq0801f9k0htgx,kvasir-seg,segformer,polypseg/runs_cv/segformer_seed42_fold3/best.pth,True
0.9670872483204168,0.9362719617391403,0.9800848840969997,0.9544298431505072,0.8039922570168656,0.5366611814207854,4,9.620675633439351,1.1872230369671486,cju5wuhm1lwm40987vugqn3vv,kvasir-seg,segformer,polypseg/runs_cv/segformer_seed42_fold3/best.pth,True
0.9745114284306017,0.95028989639467,0.9869369221118524,0.9623949175352551,0.8263575374661891,0.5726694484483775,4,5.385164807134504,0.658470399240646,cju5x15djm7ae0755h8czf6nt,kvasir-seg,segformer,polypseg/runs_cv/segformer_seed42_fold3/best.pth,True
0.953225970732616,0.9106320409952848,0.974838545401785,0.9325509300245072,0.6616578202493212,0.4371719809258972,4,24.265991540195742,2.9994036951868117,cju5x28nzm7t907558ocq4bt7,kvasir-seg,segformer,polypseg/runs_cv/segformer_seed42_fold3/best.pth,True
0.8863093631238591,0.7958308472538861,0.8093829407956737,0.9793942175287301,0.41572302119070986,0.2697559798842725,4,218.34605517668922,30.70206093390255,cju5x7iskmad90818frchyfwd,kvasir-seg,segformer,polypseg/runs_cv/segformer_seed42_fold3/best.pth,True
0.9685671072521771,0.9390500478143894,0.967019740007513,0.9701194344406557,0.7982339227339794,0.6083410765282248,4,14.307305997303894,1.8056765025068424,cju5y7buemcw80987p0r30g9f,kvasir-seg,segformer,polypseg/runs_cv/segformer_seed42_fold3/best.pth,True
0.9574814679217397,0.9184311246851419,0.9678445883405445,0.9473379210396692,0.6362650517825527,0.3994524139195362,4,8.602325267042627,1.0535192848247696,cju5yclrymlgj0818k426ud6z,kvasir-seg,segformer,polypseg/runs_cv/segformer_seed42_fold3/best.pth,True
0.8734222863219927,0.7752880921729559,0.8164044943636763,0.9390023261582062,0.6965571958001265,0.38620115540577254,4,13.0,1.682865169157523,cju6us80mv1b50871ebyq2wxa,kvasir-seg,segformer,polypseg/runs_cv/segformer_seed42_fold3/best.pth,True
0.4738303227708139,0.31047027721784465,0.9395229357729209,0.31680154428609697,0.2864124148185974,0.16798708653325709,4,317.75602391974746,38.22328944862862,cju6v3bb2v7xo085090blubyw,kvasir-seg,segformer,polypseg/runs_cv/segformer_seed42_fold3/best.pth,True
0.9419531765733484,0.8902755111750957,0.956674231473523,0.9276783034817677,0.7559912354222768,0.5773764977901558,4,10.355512890306802,1.2672246406323966,cju6v5ilsv8hk0850rb5sgh6o,kvasir-seg,segformer,polypseg/runs_cv/segformer_seed42_fold3/best.pth,True
0.9709277052928503,0.9434980518731719,0.9738023659847553,0.9680699666197013,0.7131073998413191,0.46544634522440126,4,13.341664064126334,1.6352387166647562,cju6vta3kvazg0817qbeppjtm,kvasir-seg,segformer,polypseg/runs_cv/segformer_seed42_fold3/best.pth,True
0.9335008699005909,0.8752945441348636,0.9991911515725533,0.8759151770976916,0.3206106371217184,0.098739488803805,4,33.98378486313771,4.1586631214402825,cju6wt9jvvn500871hjn3t3g0,kvasir-seg,segformer,polypseg/runs_cv/segformer_seed42_fold3/best.pth,True
0.9096060118593676,0.8341994010902893,0.9671951188354466,0.8584894971769085,0.530577834194918,0.3140137482676377,4,75.30466645927764,9.215181314787912,cju6x0yqbvxqt0755dhxislgb,kvasir-seg,segformer,polypseg/runs_cv/segformer_seed42_fold3/best.pth,True
0.9234582436123442,0.8578006734369649,0.9996981385175258,0.8580229143852323,0.3588081311905458,0.23464368473097788,4,18.0,2.301788399320829,cju6xa0qmvzun0818xjukgncj,kvasir-seg,segformer,polypseg/runs_cv/segformer_seed42_fold3/best.pth,True
0.9846228106451099,0.9697113752089314,0.9774780941916159,0.9918727424250073,0.9010231574054515,0.7057430443243332,4,5.0,0.69010762432719,cju6xmqd9w0250817l5kxfnsk,kvasir-seg,segformer,polypseg/runs_cv/segformer_seed42_fold3/best.pth,True
0.9645659751328737,0.9315571557122176,0.9950007691086179,0.9359377825974464,0.7485157030839112,0.4960799809859155,4,9.219544457292887,1.128213931598056,cju6yywx1whbb0871ksgfgf9f,kvasir-seg,segformer,polypseg/runs_cv/segformer_seed42_fold3/best.pth,True
0.9849306978841196,0.970308821113063,0.9958204845421177,0.9742765052326837,0.6079749966345774,0.4276993093955094,4,15.545088114658633,1.869939065769217,cju6z1bzbwfq50817b2alatvr,kvasir-seg,segformer,polypseg/runs_cv/segformer_seed42_fold3/best.pth,True
0.9571010057641076,0.9177312578245921,0.9873339749721373,0.9286645422909593,0.6610567489459077,0.500129193963633,4,9.848857801796104,1.2834340910912057,cju6z2616wqbk07555bvnuyr1,kvasir-seg,segformer,polypseg/runs_cv/segformer_seed42_fold3/best.pth,True
0.9622369404952402,0.9272221936233094,0.9684442533008899,0.9561086933395812,0.7795562820556964,0.5542828960856732,4,8.54400374531753,1.0323242856084198,cju76lsehyia10987u54vn8rb,kvasir-seg,segformer,polypseg/runs_cv/segformer_seed42_fold3/best.pth,True
0.9581760843691305,0.9197102024567303,0.9904344573238367,0.9279527361892156,0.7332083690795944,0.5074337341514418,4,8.949844718999245,1.0813597853243706,cju772304yw5t0818vbw8kkjf,kvasir-seg,segformer,polypseg/runs_cv/segformer_seed42_fold3/best.pth,True
0.9102948389533209,0.8353588397057496,0.9246055909165535,0.8964203295180785,0.5391959030917002,0.3723697982549693,4,19.209372712298546,2.3506890184939064,cju7787c5yy3l080159mwqsnj,kvasir-seg,segformer,polypseg/runs_cv/segformer_seed42_fold3/best.pth,True
0.9755747208330385,0.9523141811048951,0.9885062782277854,0.9629771335963236,0.6750745847402103,0.45819188170849384,4,9.899494936611665,1.212713611768443,cju77g99iyxc00817zqi2ppor,kvasir-seg,segformer,polypseg/runs_cv/segformer_seed42_fold3/best.pth,True
0.9601809207119517,0.9234115240214443,0.9928246524419826,0.9296154845915306,0.7854007354174399,0.5300451202907569,4,25.0,3.061728230798917,cju7arvfe1ldu0850erdmphgj,kvasir-seg,segformer,polypseg/runs_cv/segformer_seed42_fold3/best.pth,True
0.7614810272559599,0.6148319436470452,0.9920025417565432,0.6178946832748391,0.4411568595581597,0.3408485744279613,4,137.29056622304378,16.527937749799026,cju7avvi51iox0817ym55y6tt,kvasir-seg,segformer,polypseg/runs_cv/segformer_seed42_fold3/best.pth,True
0.6347116763433147,0.46489204173617393,0.7524664177003721,0.5488251077312204,0.1529865323988858,0.07166942728050484,4,135.6174733093139,16.673297944689196,cju7b1ygu1msd0801hywhy0mc,kvasir-seg,segformer,polypseg/runs_cv/segformer_seed42_fold3/best.pth,True
0.8643312297034003,0.7610768670495932,0.9627209445148387,0.7841875590627826,0.3315874022171771,0.19513913020663073,4,51.76290035485624,6.34614280730347,cju7d2q1k27nf08715zshsckt,kvasir-seg,segformer,polypseg/runs_cv/segformer_seed42_fold3/best.pth,True
0.25348387351441565,0.1451368639947728,0.995581052787072,0.14523042126079136,0.14136462210085696,0.11790040086065219,4,154.0040583474472,18.928718497341443,cju7d8m3b2e210755l8fj1yph,kvasir-seg,segformer,polypseg/runs_cv/segformer_seed42_fold3/best.pth,True
0.9866401158576273,0.9736324984806767,0.9807809969399129,0.9925696594418206,0.8817689706346152,0.5918753394003218,4,5.656854249492381,0.7309085261767627,cju7dda8w2br20818zhsuz8s7,kvasir-seg,segformer,polypseg/runs_cv/segformer_seed42_fold3/best.pth,True
0.9117390486282677,0.8377945082739924,0.9986697643028466,0.8387304884176128,0.4943761378069913,0.3353525282070567,4,34.20160443191304,4.110431310957059,cju7dlk532dsh0871zvr6qz0r,kvasir-seg,segformer,polypseg/runs_cv/segformer_seed42_fold3/best.pth,True
0.5617099989718753,0.39054015432934347,0.9795991517041142,0.3937425714040871,0.4268992885441743,0.28229690000828467,4,125.27748908812337,15.34046233748892,cju7dubap2g0w0801fgl42mg9,kvasir-seg,segformer,polypseg/runs_cv/segformer_seed42_fold3/best.pth,True
0.9524695954271998,0.9092524582287731,0.9325637909971741,0.9732437230411711,0.8699547416774678,0.7217110119301529,4,9.024923312161837,1.1961475441501397,cju7dvl5m2n4t0755hlnnjjet,kvasir-seg,segformer,polypseg/runs_cv/segformer_seed42_fold3/best.pth,True
0.8519506172797434,0.7420853406680825,0.79774345694259,0.9140616721318844,0.5337613639875887,0.3103121555409838,4,91.98745484928578,11.297209524953077,cju7dz5yy2i7z0801ausi7rna,kvasir-seg,segformer,polypseg/runs_cv/segformer_seed42_fold3/best.pth,True
0.9514442096110349,0.9073853945893463,0.9943365237526514,0.9120993298305776,0.7856433287344097,0.6509951097388301,4,31.158630243284428,3.751080028276343,cju7ea4om2l910801bohqjccy,kvasir-seg,segformer,polypseg/runs_cv/segformer_seed42_fold3/best.pth,True
0.8915768826215342,0.8043651098961243,0.9925314092202403,0.8092633208607802,0.46809195760365524,0.24053710101320833,4,92.60262119968334,11.34096238292195,cju7ecl9i2i060987xawjp4l0,kvasir-seg,segformer,polypseg/runs_cv/segformer_seed42_fold3/best.pth,True
0.9289122191727381,0.8672605885348506,0.9953068063500493,0.8708217394082859,0.505769962326756,0.26587920401355714,8,27.459060435491963,1.7289625292569573,cju7eea9b2m0z0801ynqv1fqu,kvasir-seg,segformer,polypseg/runs_cv/segformer_seed42_fold3/best.pth,True
0.9389226813791343,0.8848767803269022,0.9163963522803329,0.9625843780073122,0.6939129934796257,0.48608081414621807,4,14.317821063276353,1.7521001464382118,cju7ezs7g2mxm098787atbran,kvasir-seg,segformer,polypseg/runs_cv/segformer_seed42_fold3/best.pth,True
0.9667158578226869,0.9355760127951301,0.9889235865478703,0.9454836368419347,0.680581491648153,0.42640904282334896,4,21.93171219946131,2.6859576956339075,cju7f900s2o0k08175gl1giid,kvasir-seg,segformer,polypseg/runs_cv/segformer_seed42_fold3/best.pth,True
0.9711753963632324,0.9439659519516228,0.9708933239264534,0.9714576327459388,0.6655901953460469,0.4624149649357591,4,7.615773105863909,0.9326971007033071,cju7f9umg2olj0987fj5y285w,kvasir-seg,segformer,polypseg/runs_cv/segformer_seed42_fold3/best.pth,True
0.940418859889459,0.8875383151792882,0.9937278106391274,0.8925382652966354,0.7745005991192748,0.4441686423954625,4,8.06225774829855,0.987377686077719,cju7ff97z2ow40817u2r83my5,kvasir-seg,segformer,polypseg/runs_cv/segformer_seed42_fold3/best.pth,True
0.9658010163817748,0.9338638228040461,0.9930388359660263,0.9400175059025614,0.7118840264681934,0.49620888007870095,4,16.55294535724685,2.0277784147706526,cju7fmvpk2q170987v6i3ola8,kvasir-seg,segformer,polypseg/runs_cv/segformer_seed42_fold3/best.pth,True
0.9791281456626983,0.9591097467353519,0.9661687849801585,0.9924398843715496,0.9340485754458757,0.5958839836176542,4,4.47213595499958,0.5383850231398101,cju83syhdk6gs0801rf1rekdl,kvasir-seg,segformer,polypseg/runs_cv/segformer_seed42_fold3/best.pth,True
0.9688498231300914,0.939581687384342,0.9567684295170564,0.9812402292818254,0.8365860877785701,0.4673902950733584,4,5.0,0.6133178271101337,cju83wwn1k55e0850kw6i2d81,kvasir-seg,segformer,polypseg/runs_cv/segformer_seed42_fold3/best.pth,True
0.912836709171896,0.8396500478567285,0.9783595523186617,0.855539396011882,0.4408896460891944,0.2839010629302894,4,42.720018726587654,5.231883494218072,cju83yddek68q0850d2x7zfkm,kvasir-seg,segformer,polypseg/runs_cv/segformer_seed42_fold3/best.pth,True
0.9816093938862186,0.9638830012700909,0.9842778730092215,0.9789553446863468,0.8649316983809222,0.6134589921357732,4,7.031980515339467,0.8458861717844934,cju8402x1kcy70801t6kz6bdi,kvasir-seg,segformer,polypseg/runs_cv/segformer_seed42_fold3/best.pth,True
0.9819698686115557,0.9645783934433181,0.9796707320501228,0.9842798219976482,0.715217039679079,0.47302543747669823,4,56.0089257261219,6.742721392309926,cju8418jhkf7d0818ga2v0xq0,kvasir-seg,segformer,polypseg/runs_cv/segformer_seed42_fold3/best.pth,True
0.9440252540770556,0.8939846882909661,0.9512762820936358,0.9368839306110117,0.8210440974267571,0.5534192517017544,4,8.0,1.1426496192201077,cju843yjskhq30818qre4rwm2,kvasir-seg,segformer,polypseg/runs_cv/segformer_seed42_fold3/best.pth,True
0.9344294382445694,0.8769287288728979,0.8864319232946678,0.9879223417827229,0.5543612563353995,0.4572833942005276,4,19.4164878389476,2.3741487878373935,cju849c23kgnk0817cgv2hw1e,kvasir-seg,segformer,polypseg/runs_cv/segformer_seed42_fold3/best.pth,True
0.8659529726625569,0.7635952934823812,0.9901310396824117,0.7694515929024134,0.4204063703805915,0.26559975649230716,4,130.0,15.637870738138075,cju84aoa3ktwn0755pfl4gfwd,kvasir-seg,segformer,polypseg/runs_cv/segformer_seed42_fold3/best.pth,True
0.6356183787289311,0.46586553851171336,0.9969267226996761,0.4665355524553881,0.34137617888506194,0.2764638269373557,4,135.09478146943943,17.356971031409913,cju84dsvaklpx098750hp83x4,kvasir-seg,segformer,polypseg/runs_cv/segformer_seed42_fold3/best.pth,True
0.9733339570992803,0.9480531316193569,0.9859258381684968,0.9610596577107858,0.7816386301576972,0.5789989686469391,4,8.218618225794788,1.0073258220046715,cju84gpefknwm098714oq8q61,kvasir-seg,segformer,polypseg/runs_cv/segformer_seed42_fold3/best.pth,True
0.7691174506246469,0.624850397801933,0.9939630681808377,0.6272307950870362,0.2897980257918492,0.2124035455000576,4,154.6214723567577,18.951385435144868,cju84kplnl1y30755ropua1b0,kvasir-seg,segformer,polypseg/runs_cv/segformer_seed42_fold3/best.pth,True
0.976014870183603,0.9531533630362434,0.9915778843716319,0.9609328361851179,0.7399482820832375,0.5087858778345804,4,39.89663216113379,4.959134766000873,cju85fc11ljr40818edpb0inh,kvasir-seg,segformer,polypseg/runs_cv/segformer_seed42_fold3/best.pth,True
0.8241255684910676,0.7008618832144469,0.705257394989942,0.9911857692446645,0.34513835614211985,0.1999021499881682,4,211.9918599119373,25.983062928250366,cju85hguellg50818kwu3s8d1,kvasir-seg,segformer,polypseg/runs_cv/segformer_seed42_fold3/best.pth,True
0.9474852657426659,0.9002109280790467,0.996276122715672,0.9032501889599232,0.6986573542406878,0.4803842575229171,4,14.0,1.7258113038491263,cju85nr8elly209872w9n5m0s,kvasir-seg,segformer,polypseg/runs_cv/segformer_seed42_fold3/best.pth,True
0.9167291971740893,0.8462604131696645,0.9710024158811169,0.8682019109152184,0.2816217935629509,0.14964291425110846,4,166.0,23.07682149275808,cju87li0zn3yb0817kbwgjiz8,kvasir-seg,segformer,polypseg/runs_cv/segformer_seed42_fold3/best.pth,True
0.9288508515674527,0.8671536106121869,0.9565140906978273,0.9027427281149464,0.3579709230065632,0.14078966992507536,4,15.811388300841896,1.9384796340813288,cju87nkyrnb970801q84m47yt,kvasir-seg,segformer,polypseg/runs_cv/segformer_seed42_fold3/best.pth,True
0.934147405135912,0.8764320785418079,0.9486271036105265,0.9201030927637435,0.9048049365104933,0.6543991888156178,4,8.06225774829855,0.9881612931026478,cju87zv8lni0o0850hbbecbq6,kvasir-seg,segformer,polypseg/runs_cv/segformer_seed42_fold3/best.pth,True
0.7810061118873436,0.6406973156334357,0.834103233564288,0.7342644978653773,0.45882503453275303,0.29527730423394005,4,17.16083449204554,2.184008814286794,cju884985nlmx0817vzpax3y4,kvasir-seg,segformer,polypseg/runs_cv/segformer_seed42_fold3/best.pth,True
0.977721125359132,0.9564133130527721,0.9916885700064052,0.9641416652840431,0.7080433749213104,0.46942818468877967,4,7.0710678118654755,0.9084904526785746,cju88aq6vo1ij0755c2ey7z7n,kvasir-seg,segformer,polypseg/runs_cv/segformer_seed42_fold3/best.pth,True
0.8354979468312326,0.7174722831597675,0.7292617590267592,0.977964196835157,0.313924037661525,0.16821111760002677,4,73.09307269473156,9.003105245079068,cju88msmoo3470817m441j4sg,kvasir-seg,segformer,polypseg/runs_cv/segformer_seed42_fold3/best.pth,True
0.9589662208085016,0.9211672473810281,0.9927579963723412,0.9273991480773778,0.7541304087109427,0.6165086961895315,4,8.06225774829855,1.035838488081302,cju88t4fvokxf07558ymyh281,kvasir-seg,segformer,polypseg/runs_cv/segformer_seed42_fold3/best.pth,True
0.953686686756768,0.9114733366056946,0.9715419755787348,0.936475853598957,0.8135701726912903,0.562150492902468,4,9.219544457292887,1.2184892930203532,cju88trl3ogi208716qvti51b,kvasir-seg,segformer,polypseg/runs_cv/segformer_seed42_fold3/best.pth,True
0.7324694629342524,0.5778712555753273,0.9921215039130208,0.580535279803866,0.5519540673474345,0.48704686589855695,4,86.57712949559716,10.414476614855305,cju890guyoiti098753yg6cdu,kvasir-seg,segformer,polypseg/runs_cv/segformer_seed42_fold3/best.pth,True
0.9778620312949988,0.9566830126992564,0.9968747591518317,0.9595609645719035,0.6391576646960095,0.22944166263928745,9,19.0,1.1039789195152345,cju8a1jtvpt9m081712iwkca7,kvasir-seg,segformer,polypseg/runs_cv/segformer_seed42_fold3/best.pth,True
0.9624016930970595,0.9275282030573754,0.9803577131854553,0.9450915995230404,0.7654154572199867,0.5186568323941221,4,5.830951894845301,0.7146783375470298,cju8a3nhbpwnb0850d37fo2na,kvasir-seg,segformer,polypseg/runs_cv/segformer_seed42_fold3/best.pth,True
0.9423393102362863,0.8909656181386577,0.9609452049352599,0.9244402277004765,0.5242099201820006,0.37305301792674544,4,14.396109092211056,1.762830425026311,cju8adb60qbiu080188mxpf8d,kvasir-seg,segformer,polypseg/runs_cv/segformer_seed42_fold3/best.pth,True
0.9622077091700755,0.9271679098720189,0.9977977740930644,0.9290691008500583,0.4355529997070398,0.2560507020618923,4,14.422205101855956,1.7362395297507311,cju8aqq8uqmoq0987hphto9gg,kvasir-seg,segformer,polypseg/runs_cv/segformer_seed42_fold3/best.pth,True
0.9298314526490681,0.868864493308787,0.9906410500272771,0.8760555798530026,0.712606513897385,0.38100941123437676,8,67.90287142640253,4.285546488094874,cju8ashhnquqr0801rwduzt7d,kvasir-seg,segformer,polypseg/runs_cv/segformer_seed42_fold3/best.pth,True
0.9591527987872531,0.9215116279024363,0.9259827705667592,0.9947875112972991,0.7527162080393707,0.44165512831681025,4,6.399195791578038,0.7850592148757138,cju8b0jr0r2oi0801jiquetd5,kvasir-seg,segformer,polypseg/runs_cv/segformer_seed42_fold3/best.pth,True
0.9788735701580096,0.9586213240112499,0.9828894008582476,0.9748904212088747,0.7642607154852745,0.5436103832085751,4,8.48528137423857,1.0404365292670237,cju8bbznkrf5g0871jncffynk,kvasir-seg,segformer,polypseg/runs_cv/segformer_seed42_fold3/best.pth,True
0.9738475008555961,0.9490280457023501,0.9909550463849413,0.957320609971078,0.6787194043009187,0.4362658847255882,4,13.0,1.7036603248804771,cju8bssulrrcy0987h1vq5060,kvasir-seg,segformer,polypseg/runs_cv/segformer_seed42_fold3/best.pth,True
0.9474313572140577,0.9001136065638371,0.9507107254850404,0.9441745347791348,0.8238945821641336,0.585887505380488,4,8.012451549659708,1.068402851303368,cju8ceacrsqkr0755hdz145es,kvasir-seg,segformer,polypseg/runs_cv/segformer_seed42_fold3/best.pth,True
0.8888764233977176,0.7999798061308564,0.9738200589850808,0.817562687020766,0.558106393065911,0.38967853900118526,4,16.278820596099706,2.169235240809766,cju8chxndsre008015uisl4si,kvasir-seg,segformer,polypseg/runs_cv/segformer_seed42_fold3/best.pth,True
0.9739191999637383,0.949164237289422,0.980400541656011,0.967522990626211,0.7777171169824818,0.5653379247199933,4,12.877188724235683,1.5672314813401809,cju8d2q30tfhs0801n7lx77xl,kvasir-seg,segformer,polypseg/runs_cv/segformer_seed42_fold3/best.pth,True
0.8913375863332195,0.80397565151074,0.9441949824610857,0.8440845182919714,0.5250912959267136,0.3344699466021662,5,33.99558632543891,3.6869573639254503,cjyzu3reghjya0794w7pwoi50,kvasir-seg,segformer,polypseg/runs_cv/segformer_seed42_fold3/best.pth,True
0.8904154368739238,0.8024764100586632,0.8024764100586632,0.9999999999989359,0.4359356774843698,0.07157459229468423,11,54.81422941856404,2.4926933047317066,cjyzul1qggwwj07216mhiv5sy,kvasir-seg,segformer,polypseg/runs_cv/segformer_seed42_fold3/best.pth,True
0.2040921801886389,0.11364290412749378,0.9607263880357917,0.11417330965251933,0.19210470095723828,0.13270779347023517,4,332.5284394506082,41.60559904280026,ck2bxw18mmz1k0725litqq2mc,kvasir-seg,segformer,polypseg/runs_cv/segformer_seed42_fold3/best.pth,True
0.558855978950357,0.38778634944710094,0.9995446265786347,0.3878548710072573,0.2344381083415069,0.2344381083415069,2,60.37383539249432,12.577882373436317,1,cvc-clinicdb,segformer,polypseg/runs_cv/segformer_seed42_fold3/best.pth,True
0.804185742312609,0.6725005469225962,0.9982139957704317,0.673310699810134,0.3118358916570461,0.3118358916570461,2,62.054408370932165,12.928001743944202,10,cvc-clinicdb,segformer,polypseg/runs_cv/segformer_seed42_fold3/best.pth,True
0.9708644020921646,0.9433785052872216,0.9672582198243602,0.9744975744840679,0.8125051667673105,0.8125051667673105,2,3.0,0.625,100,cvc-clinicdb,segformer,polypseg/runs_cv/segformer_seed42_fold3/best.pth,True
0.9663685602659883,0.934925664136791,0.9529251024599066,0.9801967548105252,0.770053664976706,0.770053664976706,2,3.605551275463989,0.7511565157216644,101,cvc-clinicdb,segformer,polypseg/runs_cv/segformer_seed42_fold3/best.pth,True
0.9621932899288795,0.9271411338850766,0.9450387310839169,0.9799821496751245,0.6751772798387827,0.6751772798387827,2,4.123105625617661,0.858980338670346,102,cvc-clinicdb,segformer,polypseg/runs_cv/segformer_seed42_fold3/best.pth,True
0.9734236581502166,0.9482233502441804,0.9605100781472592,0.9866892034546092,0.8219381541817726,0.8219381541817726,2,3.605551275463989,0.7511565157216644,103,cvc-clinicdb,segformer,polypseg/runs_cv/segformer_seed42_fold3/best.pth,True
0.9316375198694478,0.872023809517911,0.8944702698890274,0.972027444763839,0.35035334190247736,0.35035334190247736,2,8.48528137423857,1.7677669529663687,104,cvc-clinicdb,segformer,polypseg/runs_cv/segformer_seed42_fold3/best.pth,True
0.959803830272962,0.9227142516058563,0.9688557463280557,0.9509194907377395,0.5358778270901875,0.5358778270901875,2,7.046194077712557,1.4679570995234494,105,cvc-clinicdb,segformer,polypseg/runs_cv/segformer_seed42_fold3/best.pth,True
0.7210890308994087,0.5638305154318308,0.9795457248069979,0.570547897758741,0.08854161780737288,0.08854161780737288,2,91.84706059726888,19.134804291097684,106,cvc-clinicdb,segformer,polypseg/runs_cv/segformer_seed42_fold3/best.pth,True
0.9037163433768194,0.8243453579892678,0.9451005091012171,0.8658044042654783,0.41130809890139247,0.41130809890139247,2,36.07975759824784,7.516616166301633,107,cvc-clinicdb,segformer,polypseg/runs_cv/segformer_seed42_fold3/best.pth,True
0.8720871184312134,0.7731865932927804,0.9871622916204434,0.7810399716975034,0.6043512800802076,0.6043512800802076,2,59.033888572581766,12.298726785954534,108,cvc-clinicdb,segformer,polypseg/runs_cv/segformer_seed42_fold3/best.pth,True
0.848974518331731,0.7375809935165357,0.9762023869007632,0.7510859405028257,0.5395436421574378,0.5395436421574378,2,65.19202405202648,13.581671677505517,109,cvc-clinicdb,segformer,polypseg/runs_cv/segformer_seed42_fold3/best.pth,True
0.5091629102223989,0.34152820164834674,0.9890343698692466,0.34282634594461436,0.3324936580499905,0.3324936580499905,2,83.72574275573791,17.442863074112065,11,cvc-clinicdb,segformer,polypseg/runs_cv/segformer_seed42_fold3/best.pth,True
0.8839896148834184,0.7920980186856186,0.9798551489233064,0.805210673600547,0.5226693803671131,0.5226693803671131,2,53.44578249434001,11.134538019654169,110,cvc-clinicdb,segformer,polypseg/runs_cv/segformer_seed42_fold3/best.pth,True
0.8604127082301701,0.7550213260924582,0.9917490068198443,0.7597939753365077,0.4652063126635913,0.4652063126635913,2,63.41478202537796,13.211412921953743,111,cvc-clinicdb,segformer,polypseg/runs_cv/segformer_seed42_fold3/best.pth,True
0.8684067072221094,0.7674194542902443,0.9898593229557595,0.7735006215010352,0.5208159437998644,0.5208159437998644,2,59.13247697704395,12.319266036884157,112,cvc-clinicdb,segformer,polypseg/runs_cv/segformer_seed42_fold3/best.pth,True
0.8669389883520187,0.7651300145709705,0.9927842746902573,0.7694087701000061,0.4392625338309657,0.4392625338309657,2,59.033888572581766,12.298726785954534,113,cvc-clinicdb,segformer,polypseg/runs_cv/segformer_seed42_fold3/best.pth,True
0.9337221333817445,0.8756836867889632,0.9490592014649339,0.9188728848042401,0.22808310865533873,0.22808310865533873,2,14.291533398345239,2.9774027913219245,114,cvc-clinicdb,segformer,polypseg/runs_cv/segformer_seed42_fold3/best.pth,True
0.4578238980763494,0.29686875416191294,0.9676438653427222,0.29984523248570183,0.24984063736003684,0.24984063736003684,2,180.3003010344271,37.56256271550565,115,cvc-clinicdb,segformer,polypseg/runs_cv/segformer_seed42_fold3/best.pth,True
0.49780089855522436,0.33138143810394544,0.9667523879322787,0.3352015795150933,0.24102402883208415,0.24102402883208415,2,175.51292471200426,36.565192648334225,116,cvc-clinicdb,segformer,polypseg/runs_cv/segformer_seed42_fold3/best.pth,True
0.3697950893101751,0.22683963646858077,0.9961377534278681,0.22703931924716078,0.05473693549556962,0.05473693549556962,2,174.95413635823957,36.44877840796657,117,cvc-clinicdb,segformer,polypseg/runs_cv/segformer_seed42_fold3/best.pth,True
0.26552821027810963,0.15308880308781794,0.9999999999579656,0.15308880308781794,0.05866663403237371,0.05866663403237371,2,200.11773900195809,41.69119562540793,118,cvc-clinicdb,segformer,polypseg/runs_cv/segformer_seed42_fold3/best.pth,True
0.4224890829668699,0.2678200692020929,0.9584479911679018,0.2709662361889609,0.17059834065089363,0.17059834065089363,2,187.34166436966038,39.02951341034591,119,cvc-clinicdb,segformer,polypseg/runs_cv/segformer_seed42_fold3/best.pth,True
0.6673078422690668,0.5007216695904009,0.9934984520046942,0.502367813390856,0.4259266983873806,0.4259266983873806,2,80.52453038566226,16.775943830346304,12,cvc-clinicdb,segformer,polypseg/runs_cv/segformer_seed42_fold3/best.pth,True
0.4946387765842211,0.3285847734684225,0.9636986301204846,0.33270276660952525,0.15176630177021305,0.15176630177021305,2,168.24089871371942,35.05018723202488,120,cvc-clinicdb,segformer,polypseg/runs_cv/segformer_seed42_fold3/best.pth,True
0.45023398127947156,0.2905173915551332,0.9750535957712911,0.29269291522674373,0.10061628361097681,0.10061628361097681,2,189.0,39.375,121,cvc-clinicdb,segformer,polypseg/runs_cv/segformer_seed42_fold3/best.pth,True
0.4766844011245286,0.3129255693806473,0.9678649237297048,0.31621092591306593,0.05086430046420563,0.05086430046420563,2,162.00308639035245,33.75064299799009,122,cvc-clinicdb,segformer,polypseg/runs_cv/segformer_seed42_fold3/best.pth,True
0.6501526384620577,0.4816490049077174,0.9855877297238452,0.4850653998797093,0.2014280422026743,0.2014280422026743,2,135.3137066656467,28.19035555534306,123,cvc-clinicdb,segformer,polypseg/runs_cv/segformer_seed42_fold3/best.pth,True
0.6428743476489648,0.47370289297477547,0.998877245496521,0.47395525038194647,0.122808764940968,0.122808764940968,2,121.80836053767173,25.37674177868161,124,cvc-clinicdb,segformer,polypseg/runs_cv/segformer_seed42_fold3/best.pth,True
0.8245614035044146,0.7014925373071256,0.9136901276389074,0.751275878663926,0.2987992007876864,0.2987992007876864,2,58.66184350491334,12.221217396856947,125,cvc-clinicdb,segformer,polypseg/runs_cv/segformer_seed42_fold3/best.pth,True
0.8375053949026893,0.7204380916955593,0.9707353676717017,0.7364326375641704,0.5745745733878485,0.5745745733878485,2,61.20906482692194,12.751888505608738,126,cvc-clinicdb,segformer,polypseg/runs_cv/segformer_seed42_fold3/best.pth,True
0.9267449267364933,0.8634899101091489,0.8679052326424425,0.9941429129052296,0.4796331716541107,0.4796331716541107,2,7.0710678118654755,1.473139127471974,127,cvc-clinicdb,segformer,polypseg/runs_cv/segformer_seed42_fold3/best.pth,True
0.9574999999925194,0.9184652278039799,0.9248415333394984,0.9925494006965898,0.7424330764350449,0.7424330764350449,2,4.242640687119285,0.8838834764831843,128,cvc-clinicdb,segformer,polypseg/runs_cv/segformer_seed42_fold3/best.pth,True
0.9647779479267088,0.9319526627108644,0.9358288769942266,0.9955752212263518,0.6790728663673251,0.6790728663673251,2,3.1622776601683795,0.6588078458684125,129,cvc-clinicdb,segformer,polypseg/runs_cv/segformer_seed42_fold3/best.pth,True
0.8467975670455696,0.7343008849505536,0.9876214054371774,0.7411218292194275,0.41512464838203145,0.41512464838203145,2,30.585374120678804,6.371952941808084,13,cvc-clinicdb,segformer,polypseg/runs_cv/segformer_seed42_fold3/best.pth,True
0.9595408355242776,0.9222282510316311,0.927681251697192,0.9936665692195881,0.5391492049841046,0.5391492049841046,2,4.0,0.8333333333333334,130,cvc-clinicdb,segformer,polypseg/runs_cv/segformer_seed42_fold3/best.pth,True
0.9666325866671315,0.9354200395670496,0.9504660939412313,0.98335854764577,0.6860392643126171,0.6860392643126171,2,4.0,0.8333333333333334,131,cvc-clinicdb,segformer,polypseg/runs_cv/segformer_seed42_fold3/best.pth,True
0.9712342615479161,0.944077184188957,0.9572463767942528,0.9856370080025063,0.8926462647246037,0.8926462647246037,2,3.0,0.625,132,cvc-clinicdb,segformer,polypseg/runs_cv/segformer_seed42_fold3/best.pth,True
0.9737579617772372,0.9488579940299298,0.9545454545335347,0.9937597503770962,0.8850369619236125,0.8850369619236125,2,3.1217082451262845,0.6503558844013092,133,cvc-clinicdb,segformer,polypseg/runs_cv/segformer_seed42_fold3/best.pth,True
0.9680843730546075,0.9381429525592767,0.9508463100751409,0.9859590002669761,0.8127497275276151,0.8127497275276151,2,3.605551275463989,0.7511565157216644,134,cvc-clinicdb,segformer,polypseg/runs_cv/segformer_seed42_fold3/best.pth,True
0.9689344817543504,0.9397409423631828,0.9901760400805025,0.9485851440061357,0.744344223892092,0.744344223892092,2,6.0,1.25,135,cvc-clinicdb,segformer,polypseg/runs_cv/segformer_seed42_fold3/best.pth,True
0.963494132982169,0.9295597484211771,0.9366286438463833,0.991946308717435,0.6566171372472078,0.6566171372472078,2,6.4031242374328485,1.3339842161318434,136,cvc-clinicdb,segformer,polypseg/runs_cv/segformer_seed42_fold3/best.pth,True
0.9569346380901071,0.9174253819894115,0.9234201928366927,0.992973436152588,0.671941800316056,0.671941800316056,2,7.11307823358422,1.4818912986633792,137,cvc-clinicdb,segformer,polypseg/runs_cv/segformer_seed42_fold3/best.pth,True
0.9637910085028654,0.9301125703516254,0.9357697147601941,0.9935422813505899,0.5716990088658394,0.5716990088658394,2,6.324555320336759,1.317615691736825,138,cvc-clinicdb,segformer,polypseg/runs_cv/segformer_seed42_fold3/best.pth,True
0.9709117808457515,0.9434679775497682,0.9449579636725116,0.9983315340023636,0.5753633777054794,0.5753633777054794,2,6.0,1.25,139,cvc-clinicdb,segformer,polypseg/runs_cv/segformer_seed42_fold3/best.pth,True
0.2640288572374994,0.15209288376611074,0.9615384615124177,0.15302383723370394,0.2742358119918196,0.2742358119918196,2,149.1893608876245,31.081116851588437,14,cvc-clinicdb,segformer,polypseg/runs_cv/segformer_seed42_fold3/best.pth,True
0.9807679882820822,0.9622617588599828,0.9634424980918869,0.9987280143822153,0.8058025883397424,0.8058025883397424,2,4.4491864282115445,0.9269138392107384,140,cvc-clinicdb,segformer,polypseg/runs_cv/segformer_seed42_fold3/best.pth,True
0.9610985560733502,0.9251104247586426,0.9677598665891892,0.9545283212796678,0.41136593504452673,0.41136593504452673,2,9.6915294656703,2.0190686386813126,141,cvc-clinicdb,segformer,polypseg/runs_cv/segformer_seed42_fold3/best.pth,True
0.9730312837089515,0.9474789915929525,0.9552461266877613,0.9914912673492997,0.6084653229756344,0.6084653229756344,2,5.0,1.0416666666666667,142,cvc-clinicdb,segformer,polypseg/runs_cv/segformer_seed42_fold3/best.pth,True
0.911740041919164,0.8377961856898903,0.8725922953275965,0.9545654082319016,0.46268807273575335,0.46268807273575335,2,6.0,1.25,143,cvc-clinicdb,segformer,polypseg/runs_cv/segformer_seed42_fold3/best.pth,True
0.9726569420629166,0.9467693722640448,0.9484049291664839,0.9981818181757686,0.6916334560646221,0.6916334560646221,2,4.47213595499958,0.9316949906249123,144,cvc-clinicdb,segformer,polypseg/runs_cv/segformer_seed42_fold3/best.pth,True
0.9838881965440095,0.9682873412134547,0.9870953337754539,0.9807018322124985,0.889621369802104,0.889621369802104,2,4.868033988749895,1.0141737476562283,145,cvc-clinicdb,segformer,polypseg/runs_cv/segformer_seed42_fold3/best.pth,True
0.9811024681096167,0.9629059227274359,0.9871881625795679,0.975091346577956,0.810274957086393,0.810274957086393,2,3.605551275463989,0.7511565157216644,146,cvc-clinicdb,segformer,polypseg/runs_cv/segformer_seed42_fold3/best.pth,True
0.9780260160175717,0.9569969797141018,0.9710324698944105,0.9851210304168693,0.8064521390558405,0.8064521390558405,2,3.1622776601683795,0.6588078458684125,147,cvc-clinicdb,segformer,polypseg/runs_cv/segformer_seed42_fold3/best.pth,True
0.9745771095015601,0.9504148176639936,0.9560407569048418,0.9938464642288525,0.8276951760512252,0.8276951760512252,2,3.0,0.625,148,cvc-clinicdb,segformer,polypseg/runs_cv/segformer_seed42_fold3/best.pth,True
0.9690798196713387,0.9400144047644817,0.9454620718105612,0.9939077458551576,0.7468753744165001,0.7468753744165001,2,4.098484500494123,0.8538509376029422,149,cvc-clinicdb,segformer,polypseg/runs_cv/segformer_seed42_fold3/best.pth,True
0.2727424231596011,0.15790489317668394,0.9910034601904671,0.1581315738614744,0.1976288758021792,0.1976288758021792,2,168.50933879721663,35.10611224942013,15,cvc-clinicdb,segformer,polypseg/runs_cv/segformer_seed42_fold3/best.pth,True
0.9637448370757012,0.9300265721774797,0.9399127223795466,0.9888169511360939,0.7107542017574195,0.7107542017574195,2,3.1622776601683795,0.6588078458684125,150,cvc-clinicdb,segformer,polypseg/runs_cv/segformer_seed42_fold3/best.pth,True
0.9544465501442096,0.9128625134141667,0.920151576655567,0.9913969087052873,0.5633561990730155,0.5633561990730155,2,4.0,0.8333333333333334,151,cvc-clinicdb,segformer,polypseg/runs_cv/segformer_seed42_fold3/best.pth,True
0.8865809604736331,0.7962689059554546,0.9844856064123142,0.806387707765721,0.2689017828645164,0.2689017828645164,2,28.0178514522438,5.837052385884125,152,cvc-clinicdb,segformer,polypseg/runs_cv/segformer_seed42_fold3/best.pth,True
0.9213598648878671,0.8541865214315292,0.8593343377501803,0.993035770797831,0.4401041167155004,0.4401041167155004,2,7.280109889280518,1.5166895602667745,153,cvc-clinicdb,segformer,polypseg/runs_cv/segformer_seed42_fold3/best.pth,True
0.0,0.0,0.0,0.0,0.0,0.0,2,149.50986544023692,31.147888633382692,154,cvc-clinicdb,segformer,polypseg/runs_cv/segformer_seed42_fold3/best.pth,True
0.8241497495168957,0.7008968609551168,0.7397065782896495,0.9303571428017644,0.6220417773421668,0.6220417773421668,2,11.40175425099138,2.3753654689565376,155,cvc-clinicdb,segformer,polypseg/runs_cv/segformer_seed42_fold3/best.pth,True
0.911742627336067,0.8378005518163618,0.9177461139698242,0.905817174495934,0.5601191243715921,0.5601191243715921,2,8.06225774829855,1.679637030895531,156,cvc-clinicdb,segformer,polypseg/runs_cv/segformer_seed42_fold3/best.pth,True
0.9330306469858247,0.8744680850954385,0.9347157190510406,0.9313516395503686,0.5444703039656223,0.5444703039656223,2,12.0,2.5,157,cvc-clinicdb,segformer,polypseg/runs_cv/segformer_seed42_fold3/best.pth,True
0.9195402298753607,0.8510638297706214,0.8737474949724701,0.9703983974856355,0.5147063266849368,0.5147063266849368,2,6.382102612161142,1.3296047108669045,158,cvc-clinicdb,segformer,polypseg/runs_cv/segformer_seed42_fold3/best.pth,True
0.9057578104594434,0.8277489381393229,0.8493946730823538,0.970132743309174,0.6232249193650014,0.6232249193650014,2,4.242640687119285,0.8838834764831843,159,cvc-clinicdb,segformer,polypseg/runs_cv/segformer_seed42_fold3/best.pth,True
0.9016944501550271,0.8209868831877454,0.9832435667118007,0.8326365133557249,0.5285477292422041,0.5285477292422041,2,11.313708498984761,2.3570226039551585,16,cvc-clinicdb,segformer,polypseg/runs_cv/segformer_seed42_fold3/best.pth,True
0.9349386157349211,0.8778260385245814,0.9117408906777126,0.9593476143992289,0.40018082271914,0.40018082271914,2,6.0,1.25,160,cvc-clinicdb,segformer,polypseg/runs_cv/segformer_seed42_fold3/best.pth,True
0.9064790383918722,0.8289544235702694,0.8450396282906522,0.9775529560234729,0.4955823106913344,0.4955823106913344,2,6.850781059358212,1.4272460540329608,161,cvc-clinicdb,segformer,polypseg/runs_cv/segformer_seed42_fold3/best.pth,True
0.947495585903285,0.9002295602878293,0.9013437057832153,0.998628795279165,0.6518785220983739,0.6518785220983739,2,4.656888370749709,0.9701850772395226,162,cvc-clinicdb,segformer,polypseg/runs_cv/segformer_seed42_fold3/best.pth,True
0.933954508075875,0.8760925449721321,0.8836646499415097,0.9903138318289362,0.5713947881328834,0.5713947881328834,2,6.4031242374328485,1.3339842161318434,163,cvc-clinicdb,segformer,polypseg/runs_cv/segformer_seed42_fold3/best.pth,True
0.8987246811568084,0.8160762942556927,0.855225585355362,0.9468858678170444,0.4393906254930636,0.4393906254930636,2,6.0,1.25,164,cvc-clinicdb,segformer,polypseg/runs_cv/segformer_seed42_fold3/best.pth,True
0.9157676070433842,0.8446229913369021,0.9019271383196683,0.9300394718806311,0.3379246516015897,0.3379246516015897,2,8.258164757385472,1.7204509911219736,165,cvc-clinicdb,segformer,polypseg/runs_cv/segformer_seed42_fold3/best.pth,True
0.8605393896329516,0.7552164434677129,0.759711779440688,0.9922258592336031,0.5565188036222308,0.5565188036222308,2,27.343999820186234,5.696666629205465,166,cvc-clinicdb,segformer,polypseg/runs_cv/segformer_seed42_fold3/best.pth,True
0.9616189811449879,0.9260752687923098,0.9407427634915144,0.9834427633176295,0.8794325741134781,0.8794325741134781,2,4.45468443853048,0.9280592580271833,167,cvc-clinicdb,segformer,polypseg/runs_cv/segformer_seed42_fold3/best.pth,True
0.9454364089681252,0.896519107058333,0.9347140039263371,0.9564076690018889,0.6740776420322078,0.6740776420322078,2,4.47213595499958,0.9316949906249123,168,cvc-clinicdb,segformer,polypseg/runs_cv/segformer_seed42_fold3/best.pth,True
0.9627053426005423,0.9280924525477516,0.9427536231747428,0.9835198064562516,0.7944209684886652,0.7944209684886652,2,4.300014504089359,0.8958363550186164,169,cvc-clinicdb,segformer,polypseg/runs_cv/segformer_seed42_fold3/best.pth,True
0.8446372840037883,0.731058110418164,0.979174020464356,0.7426047383165398,0.5562952482316689,0.5562952482316689,2,34.37611438465913,7.161690496803986,17,cvc-clinicdb,segformer,polypseg/runs_cv/segformer_seed42_fold3/best.pth,True
0.9542282430115534,0.9124631991970076,0.9156982469782214,0.9961431326120389,0.7399825506921363,0.7399825506921363,2,5.0,1.0416666666666667,170,cvc-clinicdb,segformer,polypseg/runs_cv/segformer_seed42_fold3/best.pth,True
0.9605607476545741,0.9241143679028212,0.9348735673833932,0.9876994041709072,0.7930764726488491,0.7930764726488491,2,3.605551275463989,0.7511565157216644,171,cvc-clinicdb,segformer,polypseg/runs_cv/segformer_seed42_fold3/best.pth,True
0.9158693500343803,0.8447961046608401,0.9413360460854074,0.8917442980760764,0.6014617440646391,0.6014617440646391,2,6.082762530298219,1.2672421938121292,172,cvc-clinicdb,segformer,polypseg/runs_cv/segformer_seed42_fold3/best.pth,True
0.956666821147719,0.9169331911787763,0.9658431592647777,0.9476632081448199,0.6394215135191986,0.6394215135191986,2,11.011340254296815,2.2940292196451697,173,cvc-clinicdb,segformer,polypseg/runs_cv/segformer_seed42_fold3/best.pth,True
0.8784164248240204,0.7831930176814459,0.880361173807255,0.8764802489335596,0.4479534904352556,0.4479534904352556,2,19.0,3.9583333333333335,174,cvc-clinicdb,segformer,polypseg/runs_cv/segformer_seed42_fold3/best.pth,True
0.9534174125272802,0.9109815354654293,0.9825995807059217,0.9259186092392603,0.5884750470508804,0.5884750470508804,2,9.0,1.875,175,cvc-clinicdb,segformer,polypseg/runs_cv/segformer_seed42_fold3/best.pth,True
0.8617863688202849,0.75713938509687,0.7720570012343738,0.9751154237344462,0.5821985439243104,0.5821985439243104,2,40.91123084580025,8.523173092875052,176,cvc-clinicdb,segformer,polypseg/runs_cv/segformer_seed42_fold3/best.pth,True
0.9057174887841607,0.8276815899925449,0.8385054488755733,0.984643510042844,0.6397556772354518,0.6397556772354518,2,27.0,5.625,177,cvc-clinicdb,segformer,polypseg/runs_cv/segformer_seed42_fold3/best.pth,True
0.7234042552229516,0.5666666665486111,0.829268292430101,0.6415094338109647,0.4285077453971417,0.4285077453971417,2,6.0,1.25,178,cvc-clinicdb,segformer,polypseg/runs_cv/segformer_seed42_fold3/best.pth,True
0.9172908863776952,0.8472182184823518,0.8618768328192998,0.9803202134429514,0.4351818645587757,0.4351818645587757,2,4.12908237869274,0.8602254955609875,179,cvc-clinicdb,segformer,polypseg/runs_cv/segformer_seed42_fold3/best.pth,True
0.8902491103160605,0.802206259613458,0.9960713527182409,0.8047525092150231,0.3737067045387408,0.3737067045387408,2,17.0,3.5416666666666665,18,cvc-clinicdb,segformer,polypseg/runs_cv/segformer_seed42_fold3/best.pth,True
0.9274482758492766,0.864711934134138,0.8714359771676663,0.9911556603481382,0.6530865430680565,0.6530865430680565,2,7.280109889280518,1.5166895602667745,180,cvc-clinicdb,segformer,polypseg/runs_cv/segformer_seed42_fold3/best.pth,True
0.935880349460449,0.879487893101044,0.8929076009920061,0.9831985065033231,0.638137059793236,0.638137059793236,2,5.0,1.0416666666666667,181,cvc-clinicdb,segformer,polypseg/runs_cv/segformer_seed42_fold3/best.pth,True
0.9529842342208195,0.9101909115108849,0.9415855354397334,0.9646622969232072,0.7546301733133088,0.7546301733133088,2,3.605551275463989,0.7511565157216644,182,cvc-clinicdb,segformer,polypseg/runs_cv/segformer_seed42_fold3/best.pth,True
0.91590649941682,0.8448593215660043,0.8570285409213917,0.9834710743500622,0.4851536225229798,0.4851536225229798,2,5.0990195135927845,1.0622957319984967,183,cvc-clinicdb,segformer,polypseg/runs_cv/segformer_seed42_fold3/best.pth,True
0.9525272699193037,0.9093575828422014,0.9259259258982698,0.9807023093647358,0.8560176069907715,0.8560176069907715,2,5.0,1.0416666666666667,184,cvc-clinicdb,segformer,polypseg/runs_cv/segformer_seed42_fold3/best.pth,True
0.9386142430284415,0.8843290357565947,0.8880379285031357,0.9952994072962335,0.5899671662202214,0.5899671662202214,2,7.060407640085652,1.4709182583511773,185,cvc-clinicdb,segformer,polypseg/runs_cv/segformer_seed42_fold3/best.pth,True
0.9532412327255092,0.9106598984668848,0.9181166837152493,0.9911602209823062,0.6213627157045304,0.6213627157045304,2,5.7526079544364785,1.1984599905075999,186,cvc-clinicdb,segformer,polypseg/runs_cv/segformer_seed42_fold3/best.pth,True
0.9525184116022629,0.9093414358330317,0.9259605698595051,0.980644669656476,0.4728868727291972,0.4728868727291972,2,8.439776372388751,1.7582867442476564,187,cvc-clinicdb,segformer,polypseg/runs_cv/segformer_seed42_fold3/best.pth,True
0.9696003558946779,0.940994459229035,0.9514697322398757,0.9884353741421886,0.7204570928615374,0.7204570928615374,2,5.830951894845301,1.2147816447594377,188,cvc-clinicdb,segformer,polypseg/runs_cv/segformer_seed42_fold3/best.pth,True
0.9612642127484942,0.9254174396859849,0.9546411483070882,0.9679798175632063,0.7246073345684986,0.7246073345684986,2,3.1622776601683795,0.6588078458684125,189,cvc-clinicdb,segformer,polypseg/runs_cv/segformer_seed42_fold3/best.pth,True
0.4632967771735649,0.30148747675652693,0.9660066584726476,0.30472031837107716,0.3060844659155111,0.3060844659155111,2,79.88116173416608,16.641908694617936,19,cvc-clinicdb,segformer,polypseg/runs_cv/segformer_seed42_fold3/best.pth,True
0.9427054220103032,0.8916204070607555,0.8937466878406533,0.9973388527203626,0.6813792603456873,0.6813792603456873,2,4.123105625617661,0.858980338670346,190,cvc-clinicdb,segformer,polypseg/runs_cv/segformer_seed42_fold3/best.pth,True
0.8840782122596342,0.7922403003258923,0.7927363806641993,0.9992107339384995,0.5110137686355608,0.5110137686355608,2,5.0,1.0416666666666667,191,cvc-clinicdb,segformer,polypseg/runs_cv/segformer_seed42_fold3/best.pth,True
0.9295076159784093,0.8682991395851556,0.9493487698300036,0.9104788340797724,0.8029479717222985,0.8029479717222985,2,3.1622776601683795,0.6588078458684125,192,cvc-clinicdb,segformer,polypseg/runs_cv/segformer_seed42_fold3/best.pth,True
0.925414364622624,0.8611825192485795,0.8685185184863512,0.9902871621203426,0.7150392438302865,0.7150392438302865,2,6.708203932499369,1.3975424859373686,193,cvc-clinicdb,segformer,polypseg/runs_cv/segformer_seed42_fold3/best.pth,True
0.9514863748869582,0.9074620988204871,0.9411884827253179,0.9620121060120641,0.7103345997193389,0.7103345997193389,2,5.0,1.0416666666666667,194,cvc-clinicdb,segformer,polypseg/runs_cv/segformer_seed42_fold3/best.pth,True
0.9634036820727053,0.9293913796636476,0.9412151787466283,0.9866636008050894,0.8292968673563023,0.8292968673563023,2,3.1622776601683795,0.6588078458684125,195,cvc-clinicdb,segformer,polypseg/runs_cv/segformer_seed42_fold3/best.pth,True
0.9395973154260705,0.886075949348998,0.8935556927960973,0.9906414060490609,0.6588882035961944,0.6588882035961944,2,6.998495035992258,1.4580197991650539,196,cvc-clinicdb,segformer,polypseg/runs_cv/segformer_seed42_fold3/best.pth,True
0.9434077079011824,0.8928777116357673,0.9036331843616936,0.9868448970722079,0.5647788483776054,0.5647788483776054,2,5.0,1.0416666666666667,197,cvc-clinicdb,segformer,polypseg/runs_cv/segformer_seed42_fold3/best.pth,True
0.9497615614844209,0.9043294614381345,0.9402722880777279,0.959444319942652,0.6920529301346467,0.6920529301346467,2,5.0,1.0416666666666667,198,cvc-clinicdb,segformer,polypseg/runs_cv/segformer_seed42_fold3/best.pth,True
0.9451226217865927,0.8959549624500427,0.9098030912362947,0.9832951944855082,0.6646969653998263,0.6646969653998263,2,5.0,1.0416666666666667,199,cvc-clinicdb,segformer,polypseg/runs_cv/segformer_seed42_fold3/best.pth,True
0.5800535751061884,0.4085038455937285,0.983577917528726,0.41130917591851107,0.45808462455887095,0.45808462455887095,2,74.68600939935136,15.559585291531533,2,cvc-clinicdb,segformer,polypseg/runs_cv/segformer_seed42_fold3/best.pth,True
0.35541195476415627,0.21611001964518603,0.9433063363281728,0.2189538869831972,0.27635671400048456,0.27635671400048456,2,102.20224277407281,21.29213391126517,20,cvc-clinicdb,segformer,polypseg/runs_cv/segformer_seed42_fold3/best.pth,True
0.8131069656898406,0.6850718153910398,0.6850718153910398,0.999999999982815,0.11333679861526394,0.11333679861526394,2,18.0,3.75,200,cvc-clinicdb,segformer,polypseg/runs_cv/segformer_seed42_fold3/best.pth,True
0.7966776017254367,0.6620649651895352,0.6765054528132229,0.9687659140898189,0.17432885582189123,0.17432885582189123,2,20.12461179749811,4.192627457812105,201,cvc-clinicdb,segformer,polypseg/runs_cv/segformer_seed42_fold3/best.pth,True
0.7621908620877309,0.6157579862217433,0.6158970305903139,0.9996334982407984,0.13976465664244225,0.13976465664244225,2,24.17333040138642,5.036110500288838,202,cvc-clinicdb,segformer,polypseg/runs_cv/segformer_seed42_fold3/best.pth,True
0.6363404689052221,0.46664174920139556,0.46664174920139556,0.999999999979976,0.0,0.0,2,34.997817295999056,7.29121193666647,203,cvc-clinicdb,segformer,polypseg/runs_cv/segformer_seed42_fold3/best.pth,True
0.0032154340835438473,0.001610305958103233,0.004329004328796104,0.00255754475696057,0.07203384911307582,0.07203384911307582,2,70.76192154774841,14.742066989114253,204,cvc-clinicdb,segformer,polypseg/runs_cv/segformer_seed42_fold3/best.pth,True
0.7371671169290397,0.583740831278003,0.8863109048312617,0.6309877766557321,0.2280808824678012,0.2280808824678012,2,16.76305461424021,3.492303044633377,205,cvc-clinicdb,segformer,polypseg/runs_cv/segformer_seed42_fold3/best.pth,True
0.7430038510863735,0.5910947712357935,0.8344867358587877,0.6695974085993799,0.3137274584372396,0.3137274584372396,2,135.3643229775726,28.200900620327626,206,cvc-clinicdb,segformer,polypseg/runs_cv/segformer_seed42_fold3/best.pth,True
0.6831034011700375,0.5187221242555884,0.8447635134992438,0.5733776656664368,0.2764741345601556,0.2764741345601556,2,162.7530654605566,33.90688863761596,207,cvc-clinicdb,segformer,polypseg/runs_cv/segformer_seed42_fold3/best.pth,True
0.6473405596086799,0.47856876629745493,0.6793650793471068,0.6181993259360087,0.27884610709250973,0.27884610709250973,2,85.43175108922779,17.798281476922455,208,cvc-clinicdb,segformer,polypseg/runs_cv/segformer_seed42_fold3/best.pth,True
0.5728518057196007,0.4013961605497078,0.5119643850720099,0.6501766784222552,0.3487457072528971,0.3487457072528971,2,56.78468466857701,11.830142639286878,209,cvc-clinicdb,segformer,polypseg/runs_cv/segformer_seed42_fold3/best.pth,True
0.4915692926234663,0.3258812554130543,0.9857891554022798,0.3274194088296207,0.3317777557008372,0.3317777557008372,2,142.87581968260665,29.76579576720972,21,cvc-clinicdb,segformer,polypseg/runs_cv/segformer_seed42_fold3/best.pth,True
0.7397834439383082,0.5870288248316691,0.9549143372353758,0.6037628278199695,0.3378227584263997,0.3378227584263997,2,171.2027735852757,35.66724449693244,210,cvc-clinicdb,segformer,polypseg/runs_cv/segformer_seed42_fold3/best.pth,True
0.763710889463687,0.6177445736235456,0.9396812588195839,0.6432517031824561,0.30950551524513903,0.30950551524513903,2,174.30932656428047,36.31444303422509,211,cvc-clinicdb,segformer,polypseg/runs_cv/segformer_seed42_fold3/best.pth,True
0.7877407330683104,0.6498120942907993,0.9570613887876798,0.6693255131925553,0.3702348429422994,0.3702348429422994,2,179.46141210045545,37.387794187594885,212,cvc-clinicdb,segformer,polypseg/runs_cv/segformer_seed42_fold3/best.pth,True
0.8612884503743085,0.7563710499444961,0.9631213254870342,0.7789304680697855,0.49235663556344605,0.49235663556344605,2,124.64990676191462,25.96873057539888,213,cvc-clinicdb,segformer,polypseg/runs_cv/segformer_seed42_fold3/best.pth,True
0.8737706580103732,0.7758372344186546,0.9457857769869865,0.8119464857658568,0.387763289310656,0.387763289310656,2,109.09214967470974,22.727531182231196,214,cvc-clinicdb,segformer,polypseg/runs_cv/segformer_seed42_fold3/best.pth,True
0.9635166575864387,0.9296016811450033,0.9770103403174679,0.9503906249907188,0.7659343536225431,0.7659343536225431,2,6.60142603922608,1.3752970915054334,215,cvc-clinicdb,segformer,polypseg/runs_cv/segformer_seed42_fold3/best.pth,True
0.9117818242250278,0.8378667481598573,0.9317699039771282,0.8926332926260265,0.4815553908008429,0.4815553908008429,2,61.05024869703463,12.718801811882214,216,cvc-clinicdb,segformer,polypseg/runs_cv/segformer_seed42_fold3/best.pth,True
0.9596369507310746,0.9224058384286351,0.9282458213664676,0.9932255442056432,0.542159813485042,0.542159813485042,2,4.123105625617661,0.858980338670346,217,cvc-clinicdb,segformer,polypseg/runs_cv/segformer_seed42_fold3/best.pth,True
0.9542708275541584,0.9125410791804034,0.9136064529726851,0.998723749843384,0.6208529294559222,0.6208529294559222,2,5.0,1.0416666666666667,218,cvc-clinicdb,segformer,polypseg/runs_cv/segformer_seed42_fold3/best.pth,True
0.902338766825639,0.8220557851133515,0.9028506594681202,0.9018274543008666,0.44208714174345837,0.44208714174345837,2,47.82099940717741,9.962708209828628,219,cvc-clinicdb,segformer,polypseg/runs_cv/segformer_seed42_fold3/best.pth,True
0.3578966493552199,0.21795013646046701,0.9490123654974384,0.22053253223327574,0.04359210727272204,0.04359210727272204,2,204.97512035787392,42.703150074557065,22,cvc-clinicdb,segformer,polypseg/runs_cv/segformer_seed42_fold3/best.pth,True
0.9252529037005877,0.8609029109140509,0.8609029109140509,0.999999999979753,0.46271877785824617,0.46271877785824617,2,5.969447744344409,1.2436349467384185,220,cvc-clinicdb,segformer,polypseg/runs_cv/segformer_seed42_fold3/best.pth,True
0.8677356988414905,0.7663720369472404,0.8051920641450994,0.9408138100877728,0.3070760518451919,0.3070760518451919,2,27.44794952745035,5.718322818218823,221,cvc-clinicdb,segformer,polypseg/runs_cv/segformer_seed42_fold3/best.pth,True
0.8779432353203774,0.7824410163161879,0.7826185613618648,0.9997101448985591,0.24369113021735817,0.24369113021735817,2,7.0,1.4583333333333333,222,cvc-clinicdb,segformer,polypseg/runs_cv/segformer_seed42_fold3/best.pth,True
0.8550947260515221,0.7468694096434063,0.7482078852878986,0.9976105137097488,0.4555540204081647,0.4555540204081647,2,17.11255779374689,3.5651162070306026,223,cvc-clinicdb,segformer,polypseg/runs_cv/segformer_seed42_fold3/best.pth,True
0.8576972832979027,0.7508493771021844,0.7568493150468936,0.9895522387690466,0.4101260309530232,0.4101260309530232,2,11.661903789690601,2.4295632895188755,224,cvc-clinicdb,segformer,polypseg/runs_cv/segformer_seed42_fold3/best.pth,True
0.920441988937563,0.8526100306844266,0.8550166794751086,0.9967095422974362,0.5337433179163774,0.5337433179163774,2,4.19291169149404,0.8735232690612584,225,cvc-clinicdb,segformer,polypseg/runs_cv/segformer_seed42_fold3/best.pth,True
0.9514118078387293,0.9073264556582038,0.9133955289400917,0.9927300554621632,0.720279980151604,0.720279980151604,2,4.0,0.8333333333333334,226,cvc-clinicdb,segformer,polypseg/runs_cv/segformer_seed42_fold3/best.pth,True
0.8802627649913368,0.7861333333123698,0.798266991584125,0.9810316139440589,0.44957741479065816,0.44957741479065816,2,9.848857801796104,2.0518453753741883,227,cvc-clinicdb,segformer,polypseg/runs_cv/segformer_seed42_fold3/best.pth,True
0.8651778329142636,0.7623906705453869,0.9349559955867031,0.8050917702687378,0.16329266876860699,0.16329266876860699,2,31.005643693489574,6.459509102810328,228,cvc-clinicdb,segformer,polypseg/runs_cv/segformer_seed42_fold3/best.pth,True
0.8165087213238805,0.6899152837334348,0.97188164131156,0.7039668442782241,0.17047134227440366,0.17047134227440366,2,49.24171935289405,10.258691531852927,229,cvc-clinicdb,segformer,polypseg/runs_cv/segformer_seed42_fold3/best.pth,True
0.8571368296678259,0.7499907704775354,0.9916044320740391,0.7547835779277177,0.45333604336064365,0.45333604336064365,2,49.40628092963942,10.29297519367488,23,cvc-clinicdb,segformer,polypseg/runs_cv/segformer_seed42_fold3/best.pth,True
0.8278803693275093,0.7063104717839442,0.9360567375833415,0.7421168638354454,0.11272597652466004,0.11272597652466004,2,54.05160260275345,11.2607505422403,230,cvc-clinicdb,segformer,polypseg/runs_cv/segformer_seed42_fold3/best.pth,True
0.8443570899537277,0.7306384027570587,0.9324902478864194,0.7714449302479104,0.26653744166774734,0.26653744166774734,2,63.61665638842977,13.253470080922868,231,cvc-clinicdb,segformer,polypseg/runs_cv/segformer_seed42_fold3/best.pth,True
0.8638515081179773,0.7603332788718601,0.9659609796529267,0.7812657377831052,0.3516174807288429,0.3516174807288429,2,33.1058907144937,6.897060565519521,232,cvc-clinicdb,segformer,polypseg/runs_cv/segformer_seed42_fold3/best.pth,True
0.8833027633253652,0.7909957455932414,0.9835933837743012,0.8015717092294172,0.3884209184933151,0.3884209184933151,2,31.539145986279802,6.570655413808292,233,cvc-clinicdb,segformer,polypseg/runs_cv/segformer_seed42_fold3/best.pth,True
0.8995597970331679,0.8174545010332389,0.9852053584499837,0.8276139244368539,0.4064718602862168,0.4064718602862168,2,27.459060435491963,5.720637590727493,234,cvc-clinicdb,segformer,polypseg/runs_cv/segformer_seed42_fold3/best.pth,True
0.9201182352263616,0.8520546093481207,0.9604601554094129,0.8830286474687747,0.3550598379070764,0.3550598379070764,2,15.70639937887616,3.272166537265867,235,cvc-clinicdb,segformer,polypseg/runs_cv/segformer_seed42_fold3/best.pth,True
0.940880728998784,0.8883614478181879,0.9798055347701962,0.9049304895872123,0.4850598234757303,0.4850598234757303,2,9.899494936611665,2.0623947784607637,236,cvc-clinicdb,segformer,polypseg/runs_cv/segformer_seed42_fold3/best.pth,True
0.9089237731547556,0.83305249513394,0.886788547768977,0.9321923272105868,0.3293423522337328,0.3293423522337328,2,24.662677459171196,5.138057803993999,237,cvc-clinicdb,segformer,polypseg/runs_cv/segformer_seed42_fold3/best.pth,True
0.9199378312640181,0.8517452586462124,0.9691015952899319,0.8755215049618787,0.46056476878430785,0.46056476878430785,2,34.59353407263649,7.206986265132601,238,cvc-clinicdb,segformer,polypseg/runs_cv/segformer_seed42_fold3/best.pth,True
0.9295641187581745,0.8683977574441694,0.9781470710346643,0.885578876093541,0.6176137489430066,0.6176137489430066,2,22.0,4.583333333333333,239,cvc-clinicdb,segformer,polypseg/runs_cv/segformer_seed42_fold3/best.pth,True
0.8694990176795936,0.7691271668733148,0.9819724872366209,0.7801427815936006,0.5595361427925064,0.5595361427925064,2,33.0,6.875,24,cvc-clinicdb,segformer,polypseg/runs_cv/segformer_seed42_fold3/best.pth,True
0.9283009341036426,0.8661955241392524,0.9917288501214444,0.8724986158279482,0.5655908420856561,0.5655908420856561,2,30.094292972364883,6.269644369242684,240,cvc-clinicdb,segformer,polypseg/runs_cv/segformer_seed42_fold3/best.pth,True
0.8506008444265565,0.7400395591922856,0.9779686332993094,0.7525862068911452,0.3543678927206341,0.3543678927206341,2,55.08175741568164,11.475366128267009,241,cvc-clinicdb,segformer,polypseg/runs_cv/segformer_seed42_fold3/best.pth,True
0.8290180169397883,0.7079682086766662,0.8693693693621173,0.7922462941786982,0.13700913967878905,0.13700913967878905,2,38.118189775249355,7.941289536510283,242,cvc-clinicdb,segformer,polypseg/runs_cv/segformer_seed42_fold3/best.pth,True
0.8780031201202392,0.7825361512719453,0.9281002638420393,0.8330373001693996,0.436204654934639,0.436204654934639,2,42.0,8.75,243,cvc-clinicdb,segformer,polypseg/runs_cv/segformer_seed42_fold3/best.pth,True
0.892227807540782,0.8054253515427802,0.9294510300272821,0.8578712555676877,0.5048757441755305,0.5048757441755305,2,41.0,8.541666666666666,244,cvc-clinicdb,segformer,polypseg/runs_cv/segformer_seed42_fold3/best.pth,True
0.8917130691065069,0.8045868305851213,0.9194812212791208,0.8655729365272088,0.46280092805214723,0.46280092805214723,2,29.39725033939582,6.124427154040797,245,cvc-clinicdb,segformer,polypseg/runs_cv/segformer_seed42_fold3/best.pth,True
0.7963219986086211,0.6615739406121247,0.8534771290363194,0.7463414634085663,0.28025174897070493,0.28025174897070493,2,48.55065402533448,10.114719588611349,246,cvc-clinicdb,segformer,polypseg/runs_cv/segformer_seed42_fold3/best.pth,True
0.8470797377843521,0.7347253453213316,0.9530794232773308,0.7622983602135561,0.34698343100710555,0.34698343100710555,2,57.12048737566489,11.900101536596852,247,cvc-clinicdb,segformer,polypseg/runs_cv/segformer_seed42_fold3/best.pth,True
0.8540426737890034,0.7452656868234506,0.9308092842561926,0.7889736684560968,0.34235547360572754,0.34235547360572754,2,49.78803210122989,10.372506687756227,248,cvc-clinicdb,segformer,polypseg/runs_cv/segformer_seed42_fold3/best.pth,True
0.8932476185965311,0.8070889510658263,0.8948011657338083,0.8916994566152173,0.42637399637660217,0.42637399637660217,2,19.215875549641744,4.003307406175363,249,cvc-clinicdb,segformer,polypseg/runs_cv/segformer_seed42_fold3/best.pth,True
0.09558424040299084,0.050190847204088083,0.9673871823675622,0.050275916436637216,0.11970643914710212,0.11970643914710212,2,256.4566240127168,53.42846333598267,25,cvc-clinicdb,segformer,polypseg/runs_cv/segformer_seed42_fold3/best.pth,True
0.873659534136996,0.7756620316997992,0.8870657348233862,0.8606525157148127,0.427657823875997,0.427657823875997,2,29.420229919385843,6.129214566538717,250,cvc-clinicdb,segformer,polypseg/runs_cv/segformer_seed42_fold3/best.pth,True
0.8400187504129109,0.7241658007074914,0.9024460431524828,0.7856695477792099,0.3854898439830268,0.3854898439830268,2,42.62857606716257,8.880953347325535,251,cvc-clinicdb,segformer,polypseg/runs_cv/segformer_seed42_fold3/best.pth,True
0.864458478322531,0.7612742130693002,0.8431947703583372,0.8868223887096798,0.4183548400717114,0.4183548400717114,2,33.78395590701175,7.038324147294115,252,cvc-clinicdb,segformer,polypseg/runs_cv/segformer_seed42_fold3/best.pth,True
0.930460668620713,0.8699639567446137,0.9868259664698731,0.8801863857338728,0.47383225163236514,0.47383225163236514,2,19.260730506745197,4.012652188905249,253,cvc-clinicdb,segformer,polypseg/runs_cv/segformer_seed42_fold3/best.pth,True
0.761799086520368,0.615246748913741,0.9647081890009495,0.6294132696544883,0.2514724857686459,0.2514724857686459,2,49.46675154611532,10.305573238774025,254,cvc-clinicdb,segformer,polypseg/runs_cv/segformer_seed42_fold3/best.pth,True
0.8463380128391382,0.7336100367855221,0.9965402357701401,0.7354832608249693,0.49516085555412404,0.49516085555412404,2,35.24058082278809,7.341787671414185,255,cvc-clinicdb,segformer,polypseg/runs_cv/segformer_seed42_fold3/best.pth,True
0.7911432492325791,0.6544557481524059,0.9728063343654413,0.6666518413064105,0.2069516660224441,0.2069516660224441,2,57.28262252195629,11.933879692074226,256,cvc-clinicdb,segformer,polypseg/runs_cv/segformer_seed42_fold3/best.pth,True
0.7973659536407899,0.6630162816816078,0.9611017661850236,0.6812982076957883,0.24555289959405793,0.24555289959405793,2,64.57627272746375,13.453390151554947,257,cvc-clinicdb,segformer,polypseg/runs_cv/segformer_seed42_fold3/best.pth,True
0.8887774866107125,0.7998195464020021,0.9677451369543085,0.821725024224406,0.3159335873085484,0.3159335873085484,2,22.640479265258126,4.716766513595443,258,cvc-clinicdb,segformer,polypseg/runs_cv/segformer_seed42_fold3/best.pth,True
0.8199070302371689,0.6947817258855034,0.9802899214978497,0.7046250154412724,0.45511343432889606,0.45511343432889606,2,59.43525821233394,12.382345460902904,259,cvc-clinicdb,segformer,polypseg/runs_cv/segformer_seed42_fold3/best.pth,True
0.8613744075574238,0.7565036420001818,0.7580813346841458,0.9972565157066353,0.5082872428314203,0.5082872428314203,2,7.211102550927978,1.5023130314433288,26,cvc-clinicdb,segformer,polypseg/runs_cv/segformer_seed42_fold3/best.pth,True
0.7262228081721128,0.5701333112504341,0.986814761727074,0.5745098039191718,0.29133708458461743,0.29133708458461743,2,73.13958750003039,15.23741406250633,260,cvc-clinicdb,segformer,polypseg/runs_cv/segformer_seed42_fold3/best.pth,True
0.8669400892927346,0.7651317296643063,0.9779222300247252,0.7785807534465751,0.45189588097286315,0.45189588097286315,2,28.284271247461902,5.892556509887896,261,cvc-clinicdb,segformer,polypseg/runs_cv/segformer_seed42_fold3/best.pth,True
0.8581980400729187,0.7516172420370741,0.9629903167490317,0.7739744097033769,0.4874151169653419,0.4874151169653419,2,34.434717207416824,7.173899418211838,262,cvc-clinicdb,segformer,polypseg/runs_cv/segformer_seed42_fold3/best.pth,True
0.7842845765819788,0.6451218446969593,0.981658692171961,0.6529926620046592,0.36662041457669653,0.36662041457669653,2,54.80873113356426,11.418485652825888,263,cvc-clinicdb,segformer,polypseg/runs_cv/segformer_seed42_fold3/best.pth,True
0.7918237373837087,0.6553875968966846,0.97418908797042,0.6669690754154821,0.42816094508657104,0.42816094508657104,2,66.1652989389994,13.78443727895821,264,cvc-clinicdb,segformer,polypseg/runs_cv/segformer_seed42_fold3/best.pth,True
0.8766915006822983,0.7804547915508528,0.9861708365862677,0.7890909090878236,0.5592206126730597,0.5592206126730597,2,45.65332693061683,9.51110977721184,265,cvc-clinicdb,segformer,polypseg/runs_cv/segformer_seed42_fold3/best.pth,True
0.837669116861963,0.720680426730503,0.971341041600102,0.7363374161863268,0.4581860516453278,0.4581860516453278,2,53.24797611004668,11.093328356259724,266,cvc-clinicdb,segformer,polypseg/runs_cv/segformer_seed42_fold3/best.pth,True
0.9106910408033542,0.8360263937193535,0.9921691947157961,0.8415794979035482,0.4124030389989425,0.4124030389989425,2,19.0,3.9583333333333335,267,cvc-clinicdb,segformer,polypseg/runs_cv/segformer_seed42_fold3/best.pth,True
0.4277096958523471,0.2720297229615054,0.9997031760017854,0.2720516962832308,0.09110016752442301,0.09110016752442301,2,132.79958177540513,27.666579536542734,268,cvc-clinicdb,segformer,polypseg/runs_cv/segformer_seed42_fold3/best.pth,True
0.7034492578197292,0.5425543597598146,0.9874088138204515,0.5463341811315584,0.3591617523229613,0.3591617523229613,2,86.79399137388984,18.08208153622705,269,cvc-clinicdb,segformer,polypseg/runs_cv/segformer_seed42_fold3/best.pth,True
0.9143383481450925,0.8421945700881112,0.8426711940666286,0.9993288589933336,0.6449863998736828,0.6449863998736828,2,4.47213595499958,0.9316949906249123,27,cvc-clinicdb,segformer,polypseg/runs_cv/segformer_seed42_fold3/best.pth,True
0.7719751024726178,0.628631474839788,0.8330602883309683,0.7192362093318282,0.3096942764847884,0.3096942764847884,2,61.58471141742872,12.830148211964318,270,cvc-clinicdb,segformer,polypseg/runs_cv/segformer_seed42_fold3/best.pth,True
0.6659456536418684,0.4991892987417268,0.9898854578271157,0.5017485485332505,0.27839877223031195,0.27839877223031195,2,78.69540589912097,16.394876228983534,271,cvc-clinicdb,segformer,polypseg/runs_cv/segformer_seed42_fold3/best.pth,True
0.8875981923495078,0.7979114976666632,0.9522957274382471,0.8311323166032457,0.39561193089925234,0.39561193089925234,2,62.24146527838174,12.966971932996195,272,cvc-clinicdb,segformer,polypseg/runs_cv/segformer_seed42_fold3/best.pth,True
0.8879302724380108,0.7984483800171744,0.9782625632996561,0.8128702294991976,0.4970043741517266,0.4970043741517266,2,54.58157105360102,11.371160636166879,273,cvc-clinicdb,segformer,polypseg/runs_cv/segformer_seed42_fold3/best.pth,True
0.8274577242748147,0.7056954289883106,0.9906069054214428,0.7104494140062431,0.3765770750439314,0.3765770750439314,2,68.01727633207338,14.170265902515288,274,cvc-clinicdb,segformer,polypseg/runs_cv/segformer_seed42_fold3/best.pth,True
0.7398207979996161,0.5870758673252494,0.9831449913746846,0.593044750825722,0.19833442939636753,0.19833442939636753,2,73.95536923019405,15.407368589623761,275,cvc-clinicdb,segformer,polypseg/runs_cv/segformer_seed42_fold3/best.pth,True
0.8967016676938933,0.8127463274775495,0.9850721962817008,0.8228812406437995,0.5832084288185764,0.5832084288185764,2,56.63738258146998,11.799454704472911,276,cvc-clinicdb,segformer,polypseg/runs_cv/segformer_seed42_fold3/best.pth,True
0.8724365409405118,0.7737360890252862,0.9587108974788534,0.8004078678981619,0.30578695462856514,0.30578695462856514,2,48.952948272189275,10.198530890039432,277,cvc-clinicdb,segformer,polypseg/runs_cv/segformer_seed42_fold3/best.pth,True
0.7877841401910848,0.6498711708946502,0.6700118063556667,0.9557894736439668,0.6232263453229241,0.6232263453229241,2,45.057845669743976,9.38705118119666,278,cvc-clinicdb,segformer,polypseg/runs_cv/segformer_seed42_fold3/best.pth,True
0.9338155515201841,0.8758480325347406,0.925448028640665,0.9423357663889659,0.6323874046641652,0.6323874046641652,2,4.242640687119285,0.8838834764831843,279,cvc-clinicdb,segformer,polypseg/runs_cv/segformer_seed42_fold3/best.pth,True
0.926935380666322,0.8638206534494677,0.876573088071719,0.9834374151239903,0.7383201831542952,0.7383201831542952,2,8.0,1.6666666666666667,28,cvc-clinicdb,segformer,polypseg/runs_cv/segformer_seed42_fold3/best.pth,True
0.9592925750730402,0.9217697040456557,0.9321481481205289,0.9880653266021336,0.8408981822026858,0.8408981822026858,2,3.605551275463989,0.7511565157216644,280,cvc-clinicdb,segformer,polypseg/runs_cv/segformer_seed42_fold3/best.pth,True
0.9537404176453378,0.9115715007349274,0.9218191108604543,0.9879518072018634,0.7536584865865589,0.7536584865865589,2,3.0,0.625,281,cvc-clinicdb,segformer,polypseg/runs_cv/segformer_seed42_fold3/best.pth,True
0.9575814389388612,0.9186151078930168,0.9211000901505614,0.9970717422889929,0.7611290908983351,0.7611290908983351,2,3.1622776601683795,0.6588078458684125,282,cvc-clinicdb,segformer,polypseg/runs_cv/segformer_seed42_fold3/best.pth,True
0.9513010264866161,0.9071249715249915,0.9245939674959491,0.9795968534665783,0.7483762721440975,0.7483762721440975,2,3.1622776601683795,0.6588078458684125,283,cvc-clinicdb,segformer,polypseg/runs_cv/segformer_seed42_fold3/best.pth,True
0.8342731398592453,0.7156677677981201,0.72525107602283,0.9818711556820372,0.3860003549159163,0.3860003549159163,2,16.00780488547035,3.3349593511396565,284,cvc-clinicdb,segformer,polypseg/runs_cv/segformer_seed42_fold3/best.pth,True
0.905508644941623,0.8273328434771655,0.8303834808055461,0.9955791334808259,0.4368561621974869,0.4368561621974869,2,38.19205110092338,7.9566773126923716,285,cvc-clinicdb,segformer,polypseg/runs_cv/segformer_seed42_fold3/best.pth,True
0.8895587171341987,0.8010857763126801,0.8075744308054384,0.9900697798982805,0.5542037602076711,0.5542037602076711,2,10.0,2.0833333333333335,286,cvc-clinicdb,segformer,polypseg/runs_cv/segformer_seed42_fold3/best.pth,True
0.9360391882304263,0.879768481955281,0.919186366109973,0.9535215283446388,0.7072878384228797,0.7072878384228797,2,6.0,1.25,287,cvc-clinicdb,segformer,polypseg/runs_cv/segformer_seed42_fold3/best.pth,True
0.9310860404929852,0.871057985735731,0.9386133186917344,0.9236785328769235,0.6287596481759785,0.6287596481759785,2,5.0,1.0416666666666667,288,cvc-clinicdb,segformer,polypseg/runs_cv/segformer_seed42_fold3/best.pth,True
0.9446081319837271,0.895030709076074,0.9043723554046722,0.9885908109470062,0.6980302973910435,0.6980302973910435,2,3.1622776601683795,0.6588078458684125,289,cvc-clinicdb,segformer,polypseg/runs_cv/segformer_seed42_fold3/best.pth,True
0.9364517969088824,0.8804977472456448,0.9471497807305066,0.9259927797625002,0.6990166238240361,0.6990166238240361,2,6.324555320336759,1.317615691736825,29,cvc-clinicdb,segformer,polypseg/runs_cv/segformer_seed42_fold3/best.pth,True
0.9418663946725685,0.8901204818848135,0.9080629301421798,0.9782838982532688,0.8353807853811402,0.8353807853811402,2,4.0,0.8333333333333334,290,cvc-clinicdb,segformer,polypseg/runs_cv/segformer_seed42_fold3/best.pth,True
0.879590093911768,0.7850609755698648,0.8297529537685417,0.9357964869209087,0.5425058894941895,0.5425058894941895,2,7.106076496631101,1.4804326034648128,291,cvc-clinicdb,segformer,polypseg/runs_cv/segformer_seed42_fold3/best.pth,True
0.9115906052909759,0.8375438596197353,0.8440594059107476,0.9908675798675439,0.631130141217959,0.631130141217959,2,8.06225774829855,1.679637030895531,292,cvc-clinicdb,segformer,polypseg/runs_cv/segformer_seed42_fold3/best.pth,True
0.9660667673998342,0.9343608822499506,0.9654036243557002,0.966730822079551,0.8697233961741936,0.8697233961741936,2,2.8284271247461903,0.5892556509887896,293,cvc-clinicdb,segformer,polypseg/runs_cv/segformer_seed42_fold3/best.pth,True
0.9691825541790392,0.9402077526997668,0.9601552393024539,0.9783812285531669,0.9432710780014839,0.9432710780014839,2,2.23606797749979,0.4658474953124562,294,cvc-clinicdb,segformer,polypseg/runs_cv/segformer_seed42_fold3/best.pth,True
0.9102794155228111,0.8353328628361484,0.8390831757835756,0.9946778711205972,0.5787024286771884,0.5787024286771884,2,8.246211251235321,1.717960677340692,295,cvc-clinicdb,segformer,polypseg/runs_cv/segformer_seed42_fold3/best.pth,True
0.9365050320048215,0.8805918788409982,0.9387380777351894,0.9342825848508842,0.7097974165508266,0.7097974165508266,2,3.605551275463989,0.7511565157216644,296,cvc-clinicdb,segformer,polypseg/runs_cv/segformer_seed42_fold3/best.pth,True
0.9328940523507389,0.8742281442679809,0.9162125340287394,0.9501942776068459,0.6744715762786532,0.6744715762786532,2,3.1622776601683795,0.6588078458684125,297,cvc-clinicdb,segformer,polypseg/runs_cv/segformer_seed42_fold3/best.pth,True
0.9409848778523382,0.8885471587450418,0.9916639424486489,0.8952338792844144,0.6712336155345752,0.6712336155345752,2,12.727922061357855,2.6516504294495533,298,cvc-clinicdb,segformer,polypseg/runs_cv/segformer_seed42_fold3/best.pth,True
0.8848251523759252,0.793440736455885,0.9377762665441083,0.8375341633514263,0.5487938098244216,0.5487938098244216,2,12.072577199243332,2.515120249842361,299,cvc-clinicdb,segformer,polypseg/runs_cv/segformer_seed42_fold3/best.pth,True
0.5772802711939783,0.4057582526661417,0.9820978012617794,0.4087817563492259,0.35921162953324925,0.35921162953324925,2,73.36071411892824,15.283482108110052,3,cvc-clinicdb,segformer,polypseg/runs_cv/segformer_seed42_fold3/best.pth,True
0.965201060533776,0.9327426070147032,0.9628609213030321,0.9675526024256084,0.743034005728741,0.743034005728741,2,4.242640687119285,0.8838834764831843,30,cvc-clinicdb,segformer,polypseg/runs_cv/segformer_seed42_fold3/best.pth,True
0.9159491067927261,0.8449318316438063,0.9888996808521036,0.853022142419473,0.48194189393061215,0.48194189393061215,2,27.79792270164708,5.791233896176475,300,cvc-clinicdb,segformer,polypseg/runs_cv/segformer_seed42_fold3/best.pth,True
0.8636786311989615,0.7600654664360055,0.9744020142472849,0.7755511021914571,0.4183296773873963,0.4183296773873963,2,26.2877104092425,5.476606335258854,301,cvc-clinicdb,segformer,polypseg/runs_cv/segformer_seed42_fold3/best.pth,True
0.9355948009504249,0.8789836819529188,0.9699093655471913,0.9036253096047778,0.6597997726838623,0.6597997726838623,2,29.970560353299113,6.243866740270649,302,cvc-clinicdb,segformer,polypseg/runs_cv/segformer_seed42_fold3/best.pth,True
0.8780852655151293,0.7826666666592127,0.9909562281322686,0.78829736210275,0.4721228435969189,0.4721228435969189,2,48.14152426757822,10.029484222412128,303,cvc-clinicdb,segformer,polypseg/runs_cv/segformer_seed42_fold3/best.pth,True
0.9117711053040047,0.8378486453980021,0.9684538941418019,0.8613566289736756,0.6040393876778093,0.6040393876778093,2,33.52610922848042,6.984606089266754,304,cvc-clinicdb,segformer,polypseg/runs_cv/segformer_seed42_fold3/best.pth,True
0.8903220852973615,0.8023247768573837,0.9879867086905684,0.8102291783062449,0.4659832730191574,0.4659832730191574,2,36.03258276274878,7.506788075572662,305,cvc-clinicdb,segformer,polypseg/runs_cv/segformer_seed42_fold3/best.pth,True
0.7382916283176094,0.585152357619023,0.6672735262707412,0.8262272144240886,0.1867648979962626,0.1867648979962626,2,85.7349565914815,17.861449289891983,306,cvc-clinicdb,segformer,polypseg/runs_cv/segformer_seed42_fold3/best.pth,True
0.8752771084295167,0.7782157854076766,0.933874948571227,0.8235987665443171,0.1715693572388523,0.1715693572388523,2,17.0,3.5416666666666665,307,cvc-clinicdb,segformer,polypseg/runs_cv/segformer_seed42_fold3/best.pth,True
0.9431054271153341,0.8923363326024485,0.8938616938547485,0.9980912718983334,0.43476071965545965,0.43476071965545965,2,10.781813133555547,2.246211069490739,308,cvc-clinicdb,segformer,polypseg/runs_cv/segformer_seed42_fold3/best.pth,True
0.9073223453039059,0.8303659742691994,0.8486941870118164,0.9746517027675183,0.26188719677036215,0.26188719677036215,2,8.54400374531753,1.7800007802744855,309,cvc-clinicdb,segformer,polypseg/runs_cv/segformer_seed42_fold3/best.pth,True
0.9693326045972591,0.9404902191734563,0.983123922136202,0.9559228650023245,0.8087697429414562,0.8087697429414562,2,4.0,0.8333333333333334,31,cvc-clinicdb,segformer,polypseg/runs_cv/segformer_seed42_fold3/best.pth,True
0.9387283236813347,0.8845315903818254,0.9192452829841795,0.9590551180724782,0.822529878000069,0.822529878000069,2,86.55946937791572,18.033222787065775,310,cvc-clinicdb,segformer,polypseg/runs_cv/segformer_seed42_fold3/best.pth,True
0.90487669199138,0.826278360960844,0.9667194928301617,0.8504705471993562,0.638367104434159,0.638367104434159,2,7.053300858899107,1.4694376789373138,311,cvc-clinicdb,segformer,polypseg/runs_cv/segformer_seed42_fold3/best.pth,True
0.6568401657919466,0.48902606306659624,0.797539149798933,0.5583398590009131,0.2563981659736441,0.2563981659736441,2,18.713387523042464,3.8986224006338466,312,cvc-clinicdb,segformer,polypseg/runs_cv/segformer_seed42_fold3/best.pth,True
0.8597688344181884,0.7540302882174642,0.8010899182457365,0.927723516139328,0.5595597849394723,0.5595597849394723,2,26.018885030812612,5.4206010480859605,313,cvc-clinicdb,segformer,polypseg/runs_cv/segformer_seed42_fold3/best.pth,True
0.9139634926118244,0.8415587196141573,0.9197379197271587,0.9082611207289628,0.5020137910024649,0.5020137910024649,2,14.156242579695139,2.949217204103154,314,cvc-clinicdb,segformer,polypseg/runs_cv/segformer_seed42_fold3/best.pth,True
0.986922232202788,0.974182104843446,0.9907300696447826,0.9831435532744113,0.8944500291439986,0.8944500291439986,2,2.8284271247461903,0.5892556509887896,315,cvc-clinicdb,segformer,polypseg/runs_cv/segformer_seed42_fold3/best.pth,True
0.9675954528590022,0.937225097989476,0.9516908212531471,0.9840407150231408,0.6157852650413967,0.6157852650413967,2,13.45362404707371,2.8028383431403565,316,cvc-clinicdb,segformer,polypseg/runs_cv/segformer_seed42_fold3/best.pth,True
0.9443080247488972,0.8944919985058026,0.990793541731427,0.9019889917381662,0.6839328797070834,0.6839328797070834,2,18.439088914585774,3.84147685720537,317,cvc-clinicdb,segformer,polypseg/runs_cv/segformer_seed42_fold3/best.pth,True
0.93162770178801,0.8720066060746489,0.9943502824390608,0.8763485476814794,0.6658259273434518,0.6658259273434518,2,4.0,0.8333333333333334,318,cvc-clinicdb,segformer,polypseg/runs_cv/segformer_seed42_fold3/best.pth,True
0.9601124582505691,0.9232848935139141,0.9279891304032613,0.9945394975975778,0.901463364634151,0.901463364634151,2,3.0,0.625,319,cvc-clinicdb,segformer,polypseg/runs_cv/segformer_seed42_fold3/best.pth,True
0.9592701904965963,0.9217283695893397,0.9837112040393603,0.9360142423192374,0.6958819143291181,0.6958819143291181,2,7.135667758163669,1.486597449617431,32,cvc-clinicdb,segformer,polypseg/runs_cv/segformer_seed42_fold3/best.pth,True
0.9454166183689254,0.8964835164638135,0.9470629208045726,0.943776029594082,0.6720157667998354,0.6720157667998354,2,5.656854249492381,1.1785113019775793,320,cvc-clinicdb,segformer,polypseg/runs_cv/segformer_seed42_fold3/best.pth,True
0.956281488696926,0.9162254749156614,0.9307181271602227,0.983288770037044,0.6854418511689526,0.6854418511689526,2,3.1622776601683795,0.6588078458684125,321,cvc-clinicdb,segformer,polypseg/runs_cv/segformer_seed42_fold3/best.pth,True
0.9665450121595709,0.9352560329495555,0.9494502867955371,0.9842666005824546,0.7371724191631166,0.7371724191631166,2,3.605551275463989,0.7511565157216644,322,cvc-clinicdb,segformer,polypseg/runs_cv/segformer_seed42_fold3/best.pth,True
0.9682715551925449,0.9384945816563653,0.9630334602187633,0.9735669434780881,0.711112459224833,0.711112459224833,2,3.605551275463989,0.7511565157216644,323,cvc-clinicdb,segformer,polypseg/runs_cv/segformer_seed42_fold3/best.pth,True
0.9566589048226796,0.9169186464950768,0.9211630261692295,0.9949999999844531,0.6792193953957033,0.6792193953957033,2,4.0,0.8333333333333334,324,cvc-clinicdb,segformer,polypseg/runs_cv/segformer_seed42_fold3/best.pth,True
0.9132136048869949,0.8402880354350021,0.8402880354350021,0.9999999999780268,0.3143846542703607,0.3143846542703607,2,6.94406545408733,1.4466803029348605,325,cvc-clinicdb,segformer,polypseg/runs_cv/segformer_seed42_fold3/best.pth,True
0.9117178611955435,0.8377587288137621,0.8416299096651622,0.994539587962409,0.40727753311556997,0.40727753311556997,2,8.94427190999916,1.8633899812498247,326,cvc-clinicdb,segformer,polypseg/runs_cv/segformer_seed42_fold3/best.pth,True
0.9148213557816218,0.843014521761567,0.8700258397708004,0.964480091636652,0.3152173413279853,0.3152173413279853,2,4.47213595499958,0.9316949906249123,327,cvc-clinicdb,segformer,polypseg/runs_cv/segformer_seed42_fold3/best.pth,True
0.8952933858501421,0.8104354354202246,0.818112921545697,0.9885531135304819,0.3018772716583938,0.3018772716583938,2,11.300730863046862,2.3543189298014298,328,cvc-clinicdb,segformer,polypseg/runs_cv/segformer_seed42_fold3/best.pth,True
0.9017866810947288,0.8211398146160296,0.9005190311223936,0.9030579049901745,0.4050257429456962,0.4050257429456962,2,7.615773105863909,1.5866193970549811,329,cvc-clinicdb,segformer,polypseg/runs_cv/segformer_seed42_fold3/best.pth,True
0.9693832404169127,0.9405855585048459,0.9622310057008148,0.9766425960508456,0.7293823507446376,0.7293823507446376,2,3.940832691319585,0.8210068106915802,33,cvc-clinicdb,segformer,polypseg/runs_cv/segformer_seed42_fold3/best.pth,True
0.9540259080437387,0.9120932491353069,0.9451434322941596,0.9630769230604602,0.7355485906069044,0.7355485906069044,2,5.0,1.0416666666666667,330,cvc-clinicdb,segformer,polypseg/runs_cv/segformer_seed42_fold3/best.pth,True
0.964600622400385,0.9316217908461913,0.9676118626304941,0.9616080661716442,0.7393289156610228,0.7393289156610228,2,3.605551275463989,0.7511565157216644,331,cvc-clinicdb,segformer,polypseg/runs_cv/segformer_seed42_fold3/best.pth,True
0.9774462483459635,0.9558874012880898,0.976161262033722,0.9787346221269115,0.9705871367089777,0.9705871367089777,2,2.0,0.4166666666666667,332,cvc-clinicdb,segformer,polypseg/runs_cv/segformer_seed42_fold3/best.pth,True
0.9606373008344832,0.9242560865478042,0.9244227994061252,0.9998049160944245,0.7912530104450125,0.7912530104450125,2,2.8284271247461903,0.5892556509887896,333,cvc-clinicdb,segformer,polypseg/runs_cv/segformer_seed42_fold3/best.pth,True
0.9453732677608817,0.8964055611919904,0.9316299559307202,0.959528130654092,0.5201874806466521,0.5201874806466521,2,4.123105625617661,0.858980338670346,334,cvc-clinicdb,segformer,polypseg/runs_cv/segformer_seed42_fold3/best.pth,True
0.9427496865779962,0.891699604728985,0.9265648102361334,0.9595100374113728,0.5685975967939286,0.5685975967939286,2,5.881666326391713,1.225347151331607,335,cvc-clinicdb,segformer,polypseg/runs_cv/segformer_seed42_fold3/best.pth,True
0.9478206390320609,0.9008166042718473,0.907144080847916,0.9923163418104889,0.5659779637976129,0.5659779637976129,2,3.605551275463989,0.7511565157216644,336,cvc-clinicdb,segformer,polypseg/runs_cv/segformer_seed42_fold3/best.pth,True
0.9504393073364289,0.9055591677356054,0.9397773279193695,0.961345987904032,0.58620684655338,0.58620684655338,2,4.123105625617661,0.858980338670346,337,cvc-clinicdb,segformer,polypseg/runs_cv/segformer_seed42_fold3/best.pth,True
0.9657762291871244,0.9338174739766877,0.9695297318230117,0.9620516775861006,0.5976121542921868,0.5976121542921868,2,5.0,1.0416666666666667,338,cvc-clinicdb,segformer,polypseg/runs_cv/segformer_seed42_fold3/best.pth,True
0.9289922480476125,0.8674001157826462,0.8824742267781304,0.9806873976765733,0.5996765949473504,0.5996765949473504,2,4.080018656651476,0.8500038868023909,339,cvc-clinicdb,segformer,polypseg/runs_cv/segformer_seed42_fold3/best.pth,True
0.9610930986493662,0.925100312068285,0.9761643405837201,0.9464801581124148,0.7517496953457962,0.7517496953457962,2,4.0,0.8333333333333334,34,cvc-clinicdb,segformer,polypseg/runs_cv/segformer_seed42_fold3/best.pth,True
0.9171157300252216,0.8469194312394825,0.8815984212687914,0.9556149732109296,0.6539791887567237,0.6539791887567237,2,4.123105625617661,0.858980338670346,340,cvc-clinicdb,segformer,polypseg/runs_cv/segformer_seed42_fold3/best.pth,True
0.9566439180859767,0.9168911119308623,0.9297698009781596,0.9851178172391436,0.9109631082965078,0.9109631082965078,2,3.0,0.625,341,cvc-clinicdb,segformer,polypseg/runs_cv/segformer_seed42_fold3/best.pth,True
0.9709438500919735,0.9435285432954783,0.9810669054499033,0.9610275689102629,0.7902341191138065,0.7902341191138065,2,3.605551275463989,0.7511565157216644,342,cvc-clinicdb,segformer,polypseg/runs_cv/segformer_seed42_fold3/best.pth,True
0.9259259259199721,0.8620689655069196,0.8789062499892711,0.9782608695519258,0.6931209899826732,0.6931209899826732,2,14.931879342212635,3.110808196294299,343,cvc-clinicdb,segformer,polypseg/runs_cv/segformer_seed42_fold3/best.pth,True
0.9556323825952332,0.91503448275231,0.9385964912214304,0.9732981220585878,0.5574472720658321,0.5574472720658321,2,8.97213595499958,1.8691949906249123,344,cvc-clinicdb,segformer,polypseg/runs_cv/segformer_seed42_fold3/best.pth,True
0.9734616279934295,0.9482954115885682,0.9605666156128593,0.9867075664544068,0.7787839627279615,0.7787839627279615,2,3.605551275463989,0.7511565157216644,345,cvc-clinicdb,segformer,polypseg/runs_cv/segformer_seed42_fold3/best.pth,True
0.8776717787600812,0.7820098988426509,0.822544137600214,0.9407196479176619,0.5839459546099037,0.5839459546099037,2,16.0,3.3333333333333335,346,cvc-clinicdb,segformer,polypseg/runs_cv/segformer_seed42_fold3/best.pth,True
0.8232924987344915,0.699657729596411,0.7111175532582821,0.977485554871937,0.3318275427467624,0.3318275427467624,2,30.01666203960727,6.253471258251514,347,cvc-clinicdb,segformer,polypseg/runs_cv/segformer_seed42_fold3/best.pth,True
0.9754076916347445,0.9519959145418674,0.9791219853767272,0.9717214716955314,0.7045670672023019,0.7045670672023019,2,5.70037866083061,1.187578887673044,348,cvc-clinicdb,segformer,polypseg/runs_cv/segformer_seed42_fold3/best.pth,True
0.9629996340838954,0.9286396280421411,0.9836858537400128,0.943165528286773,0.542811436831003,0.542811436831003,2,8.54400374531753,1.7800007802744855,349,cvc-clinicdb,segformer,polypseg/runs_cv/segformer_seed42_fold3/best.pth,True
0.9773736812813897,0.9557486086472683,0.9781883856490944,0.976560332857468,0.9511686223551227,0.9511686223551227,2,2.1062305898749027,0.4387980395572714,35,cvc-clinicdb,segformer,polypseg/runs_cv/segformer_seed42_fold3/best.pth,True
0.9176022835359938,0.847749648376598,0.9759553108729278,0.8658335128861177,0.395870601902782,0.395870601902782,2,40.70578696926359,8.480372285263249,350,cvc-clinicdb,segformer,polypseg/runs_cv/segformer_seed42_fold3/best.pth,True
0.8520179372088147,0.7421874999834334,0.9180011043368858,0.7948840544873325,0.3365695297912747,0.3365695297912747,2,21.270822571875033,4.431421369140632,351,cvc-clinicdb,segformer,polypseg/runs_cv/segformer_seed42_fold3/best.pth,True
0.876110562674283,0.7795344751695316,0.8795837462616556,0.8726647000768765,0.6477147192626517,0.6477147192626517,2,36.008331726442925,7.501735776342276,352,cvc-clinicdb,segformer,polypseg/runs_cv/segformer_seed42_fold3/best.pth,True
0.9333983303824666,0.8751142595878071,0.9032904823575505,0.9655824508198994,0.5450476829618383,0.5450476829618383,2,20.597327243502576,4.29110984239637,353,cvc-clinicdb,segformer,polypseg/runs_cv/segformer_seed42_fold3/best.pth,True
0.9315487571642348,0.8718682891807221,0.9138426909977011,0.9499545040822832,0.5652432106880927,0.5652432106880927,2,13.171818200581942,2.744128791787905,354,cvc-clinicdb,segformer,polypseg/runs_cv/segformer_seed42_fold3/best.pth,True
0.8453849301406127,0.7321790198386777,0.9940885344927951,0.7353808603606693,0.4337161103524289,0.4337161103524289,2,39.422658265080166,8.213053805225035,355,cvc-clinicdb,segformer,polypseg/runs_cv/segformer_seed42_fold3/best.pth,True
0.8571755027373333,0.7500499899945006,0.9678751128761724,0.769199220744702,0.449318603021881,0.449318603021881,2,34.835259707805,7.2573457724593755,356,cvc-clinicdb,segformer,polypseg/runs_cv/segformer_seed42_fold3/best.pth,True
0.8831141832522137,0.7906933457385263,0.992175639372929,0.7956546169657442,0.6584495826437248,0.6584495826437248,2,58.14937004944208,12.114452093633767,357,cvc-clinicdb,segformer,polypseg/runs_cv/segformer_seed42_fold3/best.pth,True
0.8384483181878317,0.721834707242424,0.9122478963414953,0.7756956274755741,0.5404766032671968,0.5404766032671968,2,76.90628314486024,16.022142321845884,358,cvc-clinicdb,segformer,polypseg/runs_cv/segformer_seed42_fold3/best.pth,True
0.9315589353568972,0.8718861209888734,0.979235718454092,0.8883091616476095,0.6787240322570586,0.6787240322570586,2,26.799820043213327,5.58329584233611,359,cvc-clinicdb,segformer,polypseg/runs_cv/segformer_seed42_fold3/best.pth,True
0.9299606252126241,0.8690900981072907,0.886286104141772,0.9781626505778575,0.614467783885602,0.614467783885602,2,7.0,1.4583333333333333,36,cvc-clinicdb,segformer,polypseg/runs_cv/segformer_seed42_fold3/best.pth,True
0.914317745031573,0.8421596105558182,0.9871185268350728,0.8515176374013609,0.5300680851529144,0.5300680851529144,2,37.040430095095296,7.71675626981152,360,cvc-clinicdb,segformer,polypseg/runs_cv/segformer_seed42_fold3/best.pth,True
0.9203441060175757,0.8524420707997894,0.942565958653752,0.8991459203988811,0.4205727706288086,0.4205727706288086,2,14.291468247344538,2.9773892181967785,361,cvc-clinicdb,segformer,polypseg/runs_cv/segformer_seed42_fold3/best.pth,True
0.8771031455689032,0.7811074918481964,0.9773128650865737,0.7955324560345511,0.2768203302003826,0.2768203302003826,2,20.518284528683193,4.274642610142332,362,cvc-clinicdb,segformer,polypseg/runs_cv/segformer_seed42_fold3/best.pth,True
0.6697459584037819,0.5034722221930861,0.7611548555764518,0.5979381442888014,0.24430982691534014,0.24430982691534014,2,23.643124138350892,4.925650862156435,363,cvc-clinicdb,segformer,polypseg/runs_cv/segformer_seed42_fold3/best.pth,True
0.9350808928745632,0.878076923043151,0.9045166402177292,0.9677829588398567,0.6620063735995187,0.6620063735995187,2,4.123105625617661,0.858980338670346,364,cvc-clinicdb,segformer,polypseg/runs_cv/segformer_seed42_fold3/best.pth,True
0.894235133888011,0.8087027914282142,0.8143861099291284,0.9914443884755186,0.4546483595139117,0.4546483595139117,2,6.708203932499369,1.3975424859373686,365,cvc-clinicdb,segformer,polypseg/runs_cv/segformer_seed42_fold3/best.pth,True
0.9184834123005099,0.8492550394018732,0.8609506885446047,0.9842559674462034,0.7196576263961713,0.7196576263961713,2,6.324555320336759,1.317615691736825,366,cvc-clinicdb,segformer,polypseg/runs_cv/segformer_seed42_fold3/best.pth,True
0.9237499999807552,0.8583042972954587,0.8673708919848447,0.9879679143944756,0.6803652468297195,0.6803652468297195,2,7.0,1.4583333333333333,367,cvc-clinicdb,segformer,polypseg/runs_cv/segformer_seed42_fold3/best.pth,True
0.8845428840507884,0.7929869032195612,0.8610091742724308,0.9093992247621415,0.5516365188839383,0.5516365188839383,2,6.167390006811707,1.284872918085772,368,cvc-clinicdb,segformer,polypseg/runs_cv/segformer_seed42_fold3/best.pth,True
0.8838556755100381,0.7918829636247342,0.7918829636247342,0.9999999999404052,0.5565603999515474,0.5565603999515474,2,6.708203932499369,1.3975424859373686,369,cvc-clinicdb,segformer,polypseg/runs_cv/segformer_seed42_fold3/best.pth,True
0.9577682072317428,0.9189589243749975,0.9738562091375966,0.942203111155404,0.6742334790300967,0.6742334790300967,2,4.123105625617661,0.858980338670346,37,cvc-clinicdb,segformer,polypseg/runs_cv/segformer_seed42_fold3/best.pth,True
0.8811107896765661,0.7874870733822396,0.8259219088489196,0.9442033477405949,0.6153551647774953,0.6153551647774953,2,8.273769561268558,1.7237019919309495,370,cvc-clinicdb,segformer,polypseg/runs_cv/segformer_seed42_fold3/best.pth,True
0.8183183182876007,0.6925031765760798,0.6933842238744666,0.9981684980770907,0.5499576957371096,0.5499576957371096,2,9.899494936611665,2.0623947784607637,371,cvc-clinicdb,segformer,polypseg/runs_cv/segformer_seed42_fold3/best.pth,True
0.8030856678520876,0.6709633649476958,0.6797250858639364,0.9811507935534572,0.5259739761089607,0.5259739761089607,2,10.63014581273465,2.2146137109863853,372,cvc-clinicdb,segformer,polypseg/runs_cv/segformer_seed42_fold3/best.pth,True
0.8476609355918568,0.7356002775339625,0.7356002775339625,0.9999999999056604,0.4518271925387193,0.4518271925387193,2,6.324555320336759,1.317615691736825,373,cvc-clinicdb,segformer,polypseg/runs_cv/segformer_seed42_fold3/best.pth,True
0.8236472945616685,0.7001703577115178,0.7270047169382662,0.949922958324351,0.39766076885196067,0.39766076885196067,2,7.615773105863909,1.5866193970549811,374,cvc-clinicdb,segformer,polypseg/runs_cv/segformer_seed42_fold3/best.pth,True
0.7899231425794226,0.6527875793470157,0.6659467242141147,0.97061909748472,0.4430822622437793,0.4430822622437793,2,10.295630140987,2.1449229460389585,375,cvc-clinicdb,segformer,polypseg/runs_cv/segformer_seed42_fold3/best.pth,True
0.8486459544633885,0.7370851370638648,0.7441724941508109,0.9872439118288657,0.5342927317696127,0.5342927317696127,2,13.416407864998739,2.7950849718747373,376,cvc-clinicdb,segformer,polypseg/runs_cv/segformer_seed42_fold3/best.pth,True
0.8677419354663762,0.7663817663544736,0.7729885057193611,0.9889705881898452,0.5973450828843334,0.5973450828843334,2,11.180339887498949,2.329237476562281,377,cvc-clinicdb,segformer,polypseg/runs_cv/segformer_seed42_fold3/best.pth,True
0.8193450444411333,0.6939750183433514,0.6962771839035652,0.995258166438606,0.350573616276319,0.350573616276319,2,10.012468905280222,2.0859310219333795,378,cvc-clinicdb,segformer,polypseg/runs_cv/segformer_seed42_fold3/best.pth,True
0.8055555555306928,0.6744186046163091,0.6993569131458007,0.949781659319521,0.4005085329315605,0.4005085329315605,2,9.219544457292887,1.920738428602685,379,cvc-clinicdb,segformer,polypseg/runs_cv/segformer_seed42_fold3/best.pth,True
0.9460448102315266,0.8976138828438696,0.9992755372856973,0.898198393729147,0.6874192947154681,0.6874192947154681,2,4.242640687119285,0.8838834764831843,38,cvc-clinicdb,segformer,polypseg/runs_cv/segformer_seed42_fold3/best.pth,True
0.8475818270432931,0.7354811360434302,0.7643171805830697,0.9512061402987277,0.4970466129361456,0.4970466129361456,2,12.083045973594572,2.517301244498869,380,cvc-clinicdb,segformer,polypseg/runs_cv/segformer_seed42_fold3/best.pth,True
0.90008841731388,0.8183279742502145,0.8566139346732881,0.9482116244058044,0.47312449479905194,0.47312449479905194,2,6.324555320336759,1.317615691736825,381,cvc-clinicdb,segformer,polypseg/runs_cv/segformer_seed42_fold3/best.pth,True
0.8980509744992796,0.8149659863723819,0.8564483843049343,0.9439016703137756,0.557096231114991,0.557096231114991,2,10.770329614269007,2.2438186696393765,382,cvc-clinicdb,segformer,polypseg/runs_cv/segformer_seed42_fold3/best.pth,True
0.929415627036615,0.8681386077623999,0.9001589824833018,0.9606379368523706,0.7401661190304514,0.7401661190304514,2,7.149999999999977,1.4895833333333286,383,cvc-clinicdb,segformer,polypseg/runs_cv/segformer_seed42_fold3/best.pth,True
0.8165023451692993,0.6899061792277906,0.9573083138761119,0.7118061350488607,0.43016346372115144,0.43016346372115144,2,103.47970621981236,21.558272129127577,384,cvc-clinicdb,segformer,polypseg/runs_cv/segformer_seed42_fold3/best.pth,True
0.8219050046715484,0.6976559682629007,0.9262220519896288,0.7387070907604769,0.43403210274921133,0.43403210274921133,2,105.09876273233807,21.8955755692371,385,cvc-clinicdb,segformer,polypseg/runs_cv/segformer_seed42_fold3/best.pth,True
0.8775447016005931,0.7818081511592931,0.9673208191085012,0.8030174245615419,0.43722568022828395,0.43722568022828395,2,83.40082887052141,17.375172681358624,386,cvc-clinicdb,segformer,polypseg/runs_cv/segformer_seed42_fold3/best.pth,True
0.9058307533523039,0.827870785189383,0.9257919915586477,0.8867121261287776,0.3416159317321997,0.3416159317321997,2,51.82660980766905,10.797210376597718,387,cvc-clinicdb,segformer,polypseg/runs_cv/segformer_seed42_fold3/best.pth,True
0.8840417896146342,0.7921818051854778,0.9045656697502772,0.8644285881355931,0.3648438657739066,0.3648438657739066,2,61.318605395791266,12.774709457456513,388,cvc-clinicdb,segformer,polypseg/runs_cv/segformer_seed42_fold3/best.pth,True
0.8981663308742491,0.8151560040699233,0.9888807772168873,0.8226966922032204,0.5853364717049522,0.5853364717049522,2,55.390160589175935,11.539616789411655,389,cvc-clinicdb,segformer,polypseg/runs_cv/segformer_seed42_fold3/best.pth,True
0.9649778192742822,0.9323257387563202,0.9562702452347,0.9738454288177699,0.8899542536942074,0.8899542536942074,2,3.1622776601683795,0.6588078458684125,39,cvc-clinicdb,segformer,polypseg/runs_cv/segformer_seed42_fold3/best.pth,True
0.9723964521539267,0.9462758806079791,0.97511776114727,0.969690289865702,0.8017673309254093,0.8017673309254093,2,8.135839149473254,1.6949664894735945,390,cvc-clinicdb,segformer,polypseg/runs_cv/segformer_seed42_fold3/best.pth,True
0.9364774700581621,0.8805431419580518,0.9242287569741254,0.9490552056141339,0.6109509586957826,0.6109509586957826,2,6.0,1.25,391,cvc-clinicdb,segformer,polypseg/runs_cv/segformer_seed42_fold3/best.pth,True
0.9407969412692466,0.8882120699279389,0.9279905715859988,0.9539617155203057,0.5398271089544104,0.5398271089544104,2,11.671732966043,2.431611034592292,392,cvc-clinicdb,segformer,polypseg/runs_cv/segformer_seed42_fold3/best.pth,True
0.9247406475892817,0.860016372344053,0.8713270142076857,0.9851306094978549,0.37590814976428294,0.37590814976428294,2,8.031128874149275,1.6731518487810988,393,cvc-clinicdb,segformer,polypseg/runs_cv/segformer_seed42_fold3/best.pth,True
0.9459163830764102,0.8973826818759669,0.9039488966213246,0.9919704307801177,0.5732586460876669,0.5732586460876669,2,6.708203932499369,1.3975424859373686,394,cvc-clinicdb,segformer,polypseg/runs_cv/segformer_seed42_fold3/best.pth,True
0.9535622317555641,0.9112460011409134,0.9190105890062954,0.9908134141902353,0.6485120218704059,0.6485120218704059,2,7.280109889280518,1.5166895602667745,395,cvc-clinicdb,segformer,polypseg/runs_cv/segformer_seed42_fold3/best.pth,True
0.947901714088711,0.9009630818547274,0.9122379327083354,0.9864674868103122,0.612705815837161,0.612705815837161,2,8.94427190999916,1.8633899812498247,396,cvc-clinicdb,segformer,polypseg/runs_cv/segformer_seed42_fold3/best.pth,True
0.9484171621373986,0.9018948655201595,0.9097354954010127,0.9905343716367445,0.5419772860124942,0.5419772860124942,2,10.63014581273465,2.2146137109863853,397,cvc-clinicdb,segformer,polypseg/runs_cv/segformer_seed42_fold3/best.pth,True
0.9561468472255709,0.9159783104397913,0.9220527470238123,0.9928591046361281,0.6400329615437553,0.6400329615437553,2,10.45680766417846,2.1785015967038457,398,cvc-clinicdb,segformer,polypseg/runs_cv/segformer_seed42_fold3/best.pth,True
0.9524856479746244,0.909281716410842,0.9276707113892642,0.9786646586263498,0.6013552829419728,0.6013552829419728,2,10.0,2.0833333333333335,399,cvc-clinicdb,segformer,polypseg/runs_cv/segformer_seed42_fold3/best.pth,True
0.5869478973797047,0.41537597678903476,0.9789369210302278,0.4191218130291826,0.4304746695591194,0.4304746695591194,2,79.44875393260817,16.551823735960035,4,cvc-clinicdb,segformer,polypseg/runs_cv/segformer_seed42_fold3/best.pth,True
0.9595225739429195,0.922194513704212,0.9871863320743836,0.9333669863587409,0.7001280222193157,0.7001280222193157,2,5.0,1.0416666666666667,40,cvc-clinicdb,segformer,polypseg/runs_cv/segformer_seed42_fold3/best.pth,True
0.9407254915813109,0.8880847071319115,0.9087916609393939,0.97498528544769,0.5457684200051255,0.5457684200051255,2,6.0,1.25,400,cvc-clinicdb,segformer,polypseg/runs_cv/segformer_seed42_fold3/best.pth,True
0.9619155743577154,0.9266255716750186,0.9308829404621365,0.9950886183963795,0.6459196724208176,0.6459196724208176,2,5.0,1.0416666666666667,401,cvc-clinicdb,segformer,polypseg/runs_cv/segformer_seed42_fold3/best.pth,True
0.9675715129784589,0.9371801777475277,0.9418093240344961,0.9947827329831704,0.681455140772319,0.681455140772319,2,6.998495035992238,1.4580197991650496,402,cvc-clinicdb,segformer,polypseg/runs_cv/segformer_seed42_fold3/best.pth,True
0.9565615462820114,0.9167397874532831,0.9196987480348229,0.9965027553942718,0.597639811150183,0.597639811150183,2,5.385164807134504,1.1219093348196882,403,cvc-clinicdb,segformer,polypseg/runs_cv/segformer_seed42_fold3/best.pth,True
0.965945113662866,0.934133309968169,0.9519771489694547,0.9803290743544413,0.7378528126092952,0.7378528126092952,2,6.708203932499369,1.3975424859373686,404,cvc-clinicdb,segformer,polypseg/runs_cv/segformer_seed42_fold3/best.pth,True
0.9410139228348335,0.8885989562335548,0.90652196169851,0.978234449221321,0.5783814256148614,0.5783814256148614,2,9.219544457292887,1.920738428602685,405,cvc-clinicdb,segformer,polypseg/runs_cv/segformer_seed42_fold3/best.pth,True
0.9596867312567915,0.922497828386039,0.931397388414233,0.9897483690484647,0.6324896268804364,0.6324896268804364,2,5.0,1.0416666666666667,406,cvc-clinicdb,segformer,polypseg/runs_cv/segformer_seed42_fold3/best.pth,True
0.945556196472709,0.8967345564644273,0.908897039999071,0.9852968374238459,0.5581962409966533,0.5581962409966533,2,11.0,2.2916666666666665,407,cvc-clinicdb,segformer,polypseg/runs_cv/segformer_seed42_fold3/best.pth,True
0.9302837573328627,0.869654699281161,0.9066634878900146,0.9551676503710265,0.5410176290722108,0.5410176290722108,2,8.94427190999916,1.8633899812498247,408,cvc-clinicdb,segformer,polypseg/runs_cv/segformer_seed42_fold3/best.pth,True
0.9746826686940568,0.9506156181448789,0.9671230996226119,0.9823613483425162,0.6964726055283914,0.6964726055283914,2,6.17947964631363,1.2873915929820063,409,cvc-clinicdb,segformer,polypseg/runs_cv/segformer_seed42_fold3/best.pth,True
0.9692754826554985,0.9403826787323186,0.9495627414897384,0.989824040682853,0.9341488828150856,0.9341488828150856,2,2.23606797749979,0.4658474953124562,41,cvc-clinicdb,segformer,polypseg/runs_cv/segformer_seed42_fold3/best.pth,True
0.913570084660668,0.8408918714055537,0.9561846153728469,0.8745919171352629,0.46501123692656293,0.46501123692656293,2,17.01028522807424,3.543809422515466,410,cvc-clinicdb,segformer,polypseg/runs_cv/segformer_seed42_fold3/best.pth,True
0.8476360392431076,0.7355627806048063,0.9939330543725119,0.7388802488221015,0.3868747511434522,0.3868747511434522,2,17.880118886331868,3.725024767985806,411,cvc-clinicdb,segformer,polypseg/runs_cv/segformer_seed42_fold3/best.pth,True
0.7961468367543508,0.661332179921261,0.9809666381312881,0.66992843580152,0.21764700921281407,0.21764700921281407,2,22.135943621178654,4.611654921078886,412,cvc-clinicdb,segformer,polypseg/runs_cv/segformer_seed42_fold3/best.pth,True
0.7027279521608489,0.5416966729001628,0.9601736022221043,0.5541476351767475,0.155632738730618,0.155632738730618,2,33.22598312193435,6.9220798170696565,413,cvc-clinicdb,segformer,polypseg/runs_cv/segformer_seed42_fold3/best.pth,True
0.8783897414321379,0.7831505950683061,0.985882815568282,0.7920326025121879,0.4364704392293274,0.4364704392293274,2,41.14608122288197,8.572100254767076,414,cvc-clinicdb,segformer,polypseg/runs_cv/segformer_seed42_fold3/best.pth,True
0.8058832541718788,0.6748781113633893,0.9847421136292731,0.6820097244688362,0.3503771133720827,0.3503771133720827,2,40.329851213606794,8.402052336168081,415,cvc-clinicdb,segformer,polypseg/runs_cv/segformer_seed42_fold3/best.pth,True
0.8665993318278821,0.7646010419470483,0.9790222066095056,0.7773363997436941,0.2904526621862554,0.2904526621862554,2,26.179174067571147,5.453994597410656,416,cvc-clinicdb,segformer,polypseg/runs_cv/segformer_seed42_fold3/best.pth,True
0.8046542850704596,0.6731561212965822,0.9499405626608118,0.6979136341514031,0.3148931716778947,0.3148931716778947,2,36.020793299877795,7.504331937474541,417,cvc-clinicdb,segformer,polypseg/runs_cv/segformer_seed42_fold3/best.pth,True
0.7729556875197241,0.6299329858408427,0.9808695651889603,0.6377685638779161,0.2816900919502144,0.2816900919502144,2,20.964183905346328,4.367538313613818,418,cvc-clinicdb,segformer,polypseg/runs_cv/segformer_seed42_fold3/best.pth,True
0.8521758636127853,0.7424272034346789,0.9799656061824594,0.7538695594605511,0.4198273901549881,0.4198273901549881,2,32.55764119219941,6.782841915041544,419,cvc-clinicdb,segformer,polypseg/runs_cv/segformer_seed42_fold3/best.pth,True
0.9600648393681103,0.9231968258335951,0.9725332138980067,0.9479121198756306,0.7466461399950746,0.7466461399950746,2,5.385164807134504,1.1219093348196882,42,cvc-clinicdb,segformer,polypseg/runs_cv/segformer_seed42_fold3/best.pth,True
0.7650404275703541,0.6194862120589275,0.9934157843136096,0.6220402250787117,0.3089413155361392,0.3089413155361392,2,47.853944456021594,9.969571761671165,420,cvc-clinicdb,segformer,polypseg/runs_cv/segformer_seed42_fold3/best.pth,True
0.7783466285638038,0.6371255928748156,0.994321638602775,0.6394522334487156,0.29958411682198627,0.29958411682198627,2,33.734255586866,7.027969913930416,421,cvc-clinicdb,segformer,polypseg/runs_cv/segformer_seed42_fold3/best.pth,True
0.9194725884789459,0.8509479525231184,0.8794604927759148,0.9632990170390179,0.34236966926948004,0.34236966926948004,2,33.2896293439926,6.935339446665125,422,cvc-clinicdb,segformer,polypseg/runs_cv/segformer_seed42_fold3/best.pth,True
0.8730036495099173,0.774628639329919,0.9760425245116714,0.7896426408189603,0.25228693895298177,0.25228693895298177,2,21.190799267176057,4.414749847328346,423,cvc-clinicdb,segformer,polypseg/runs_cv/segformer_seed42_fold3/best.pth,True
0.3889585947180377,0.241433021797452,0.9999999998387097,0.241433021797452,0.0,0.0,2,23.235638915947675,4.840758107489099,424,cvc-clinicdb,segformer,polypseg/runs_cv/segformer_seed42_fold3/best.pth,True
0.5194532071367126,0.3508522727148135,0.9165120592841824,0.3624358033616128,0.0,0.0,2,84.75943262094248,17.65821512936302,425,cvc-clinicdb,segformer,polypseg/runs_cv/segformer_seed42_fold3/best.pth,True
0.833573141481813,0.7146381578873906,0.9860992907661547,0.7219106957349749,0.3798115368997916,0.3798115368997916,2,24.098726770681246,5.02056807722526,426,cvc-clinicdb,segformer,polypseg/runs_cv/segformer_seed42_fold3/best.pth,True
0.9126639396073349,0.8393577412283636,0.9566793386883857,0.8725205611927711,0.5209102962016595,0.5209102962016595,2,24.986931687685296,5.20561076826777,427,cvc-clinicdb,segformer,polypseg/runs_cv/segformer_seed42_fold3/best.pth,True
0.9231794383582904,0.8573196605299034,0.9866720927766133,0.8673642786793009,0.537077063818905,0.537077063818905,2,12.649110640673518,2.63523138347365,428,cvc-clinicdb,segformer,polypseg/runs_cv/segformer_seed42_fold3/best.pth,True
0.918226126716901,0.8488152185910689,0.8528951486602626,0.9943959337808629,0.342601446240951,0.342601446240951,2,8.94427190999916,1.8633899812498247,429,cvc-clinicdb,segformer,polypseg/runs_cv/segformer_seed42_fold3/best.pth,True
0.9468114223068441,0.8989951489795739,0.9557929636957857,0.9379971077198482,0.7718481830537528,0.7718481830537528,2,6.959653241713674,1.449927758690349,43,cvc-clinicdb,segformer,polypseg/runs_cv/segformer_seed42_fold3/best.pth,True
0.9164180998862954,0.8457303502302245,0.8474178403656406,0.997650960328898,0.34105039923795116,0.34105039923795116,2,8.564017153551594,1.784170240323249,430,cvc-clinicdb,segformer,polypseg/runs_cv/segformer_seed42_fold3/best.pth,True
0.8973791330365108,0.8138601036164008,0.8171413707788121,0.9950902755623204,0.2752493492675616,0.2752493492675616,2,10.907575341668714,2.2724115295143155,431,cvc-clinicdb,segformer,polypseg/runs_cv/segformer_seed42_fold3/best.pth,True
0.9317498020536724,0.8722205751470281,0.8798723955649499,0.9901278887032742,0.4077026243750316,0.4077026243750316,2,10.770329614269007,2.2438186696393765,432,cvc-clinicdb,segformer,polypseg/runs_cv/segformer_seed42_fold3/best.pth,True
0.9442379182108049,0.8943661971744706,0.8956622548459504,0.9983846650764765,0.5327706979502922,0.5327706979502922,2,8.94427190999916,1.8633899812498247,433,cvc-clinicdb,segformer,polypseg/runs_cv/segformer_seed42_fold3/best.pth,True
0.9457854406084971,0.8971470107132732,0.9047095473620606,0.990768613275228,0.4000268275138377,0.4000268275138377,2,6.082762530298219,1.2672421938121292,434,cvc-clinicdb,segformer,polypseg/runs_cv/segformer_seed42_fold3/best.pth,True
0.9245727398941689,0.8597259658483858,0.8713716562222951,0.984692564947457,0.3054892101913377,0.3054892101913377,2,7.999255730200575,1.6665116104584532,435,cvc-clinicdb,segformer,polypseg/runs_cv/segformer_seed42_fold3/best.pth,True
0.9170495467470691,0.8468065588711522,0.8483630097547574,0.9978381299689524,0.24582909104847148,0.24582909104847148,2,8.52932315254779,1.7769423234474562,436,cvc-clinicdb,segformer,polypseg/runs_cv/segformer_seed42_fold3/best.pth,True
0.942227438700168,0.890765626915414,0.8956241477513869,0.9939468977714411,0.45121946220256354,0.45121946220256354,2,5.830951894845301,1.2147816447594377,437,cvc-clinicdb,segformer,polypseg/runs_cv/segformer_seed42_fold3/best.pth,True
0.8371212121184786,0.719869706836348,0.9446532537331811,0.7515684549941274,0.39666516081627123,0.39666516081627123,2,44.57577253092322,9.286619277275669,438,cvc-clinicdb,segformer,polypseg/runs_cv/segformer_seed42_fold3/best.pth,True
0.9369645825282127,0.881404859262913,0.9116695695333209,0.9637033140325657,0.4454224852188672,0.4454224852188672,2,6.0,1.25,439,cvc-clinicdb,segformer,polypseg/runs_cv/segformer_seed42_fold3/best.pth,True
0.965111676556601,0.9325756747794495,0.9578002244561413,0.9725356125245295,0.7540124450041265,0.7540124450041265,2,4.868033988749895,1.0141737476562283,44,cvc-clinicdb,segformer,polypseg/runs_cv/segformer_seed42_fold3/best.pth,True
0.9007620367085143,0.8194422561711132,0.9219996454365893,0.8804807854938128,0.5444056876544177,0.5444056876544177,2,22.029516194428165,4.589482540505868,440,cvc-clinicdb,segformer,polypseg/runs_cv/segformer_seed42_fold3/best.pth,True
0.8747757445124726,0.7774234693629648,0.7811598846273259,0.9938850386875709,0.38220275327712233,0.38220275327712233,2,7.615773105863909,1.5866193970549811,441,cvc-clinicdb,segformer,polypseg/runs_cv/segformer_seed42_fold3/best.pth,True
0.8782360956165213,0.782906360406738,0.8844810379020839,0.8720787207657545,0.41490068611881536,0.41490068611881536,2,12.55975072477463,2.616614734328048,442,cvc-clinicdb,segformer,polypseg/runs_cv/segformer_seed42_fold3/best.pth,True
0.9395649883273909,0.8860184527908301,0.8963239517389959,0.9871896251623092,0.5113923550892533,0.5113923550892533,2,6.291170266794532,1.310660472248861,443,cvc-clinicdb,segformer,polypseg/runs_cv/segformer_seed42_fold3/best.pth,True
0.9470737582127005,0.8994682824174667,0.910729936134835,0.9864388391512553,0.5556547414411688,0.5556547414411688,2,5.0,1.0416666666666667,444,cvc-clinicdb,segformer,polypseg/runs_cv/segformer_seed42_fold3/best.pth,True
0.9536390649018951,0.9113863418577296,0.9635390291473375,0.9439404677466765,0.6904465025055712,0.6904465025055712,2,11.799286426438362,2.4581846721746587,445,cvc-clinicdb,segformer,polypseg/runs_cv/segformer_seed42_fold3/best.pth,True
0.935675235543656,0.879125683053704,0.958379666394294,0.914021665018453,0.6133743612423801,0.6133743612423801,2,15.889670099780696,3.3103479374543117,446,cvc-clinicdb,segformer,polypseg/runs_cv/segformer_seed42_fold3/best.pth,True
0.9377798363295078,0.8828488371836382,0.884906759880976,0.997372742167574,0.729571056095311,0.729571056095311,2,4.0,0.8333333333333334,447,cvc-clinicdb,segformer,polypseg/runs_cv/segformer_seed42_fold3/best.pth,True
0.9410382898681305,0.8886424134739923,0.9348164281124017,0.9473435282839769,0.6235450410762288,0.6235450410762288,2,6.324555320336759,1.317615691736825,448,cvc-clinicdb,segformer,polypseg/runs_cv/segformer_seed42_fold3/best.pth,True
0.9216648879303984,0.8547110055254412,0.9621212120997745,0.8844735763849965,0.7063891596548286,0.7063891596548286,2,13.84665883507195,2.8847205906399895,449,cvc-clinicdb,segformer,polypseg/runs_cv/segformer_seed42_fold3/best.pth,True
0.9723695669307864,0.9462249614646191,0.967696186558971,0.9770883054737138,0.8726396334312878,0.8726396334312878,2,2.8284271247461903,0.5892556509887896,45,cvc-clinicdb,segformer,polypseg/runs_cv/segformer_seed42_fold3/best.pth,True
0.9706887250319963,0.9430468203723604,0.9632405424352877,0.9782529901783888,0.9558776857099126,0.9558776857099126,2,2.0,0.4166666666666667,450,cvc-clinicdb,segformer,polypseg/runs_cv/segformer_seed42_fold3/best.pth,True
0.9574319608988734,0.9183400267327827,0.9612330686146086,0.9536607969900992,0.9313441581355605,0.9313441581355605,2,2.8284271247461903,0.5892556509887896,451,cvc-clinicdb,segformer,polypseg/runs_cv/segformer_seed42_fold3/best.pth,True
0.9705529646772745,0.942790577247145,0.9526549829727268,0.9891363389193608,0.9446394315016666,0.9446394315016666,2,2.23606797749979,0.4658474953124562,452,cvc-clinicdb,segformer,polypseg/runs_cv/segformer_seed42_fold3/best.pth,True
0.9597291087077067,0.9225761450610888,0.9413997627297415,0.9787863837943073,0.8430645842683386,0.8430645842683386,2,3.0,0.625,453,cvc-clinicdb,segformer,polypseg/runs_cv/segformer_seed42_fold3/best.pth,True
0.9549886886578126,0.9138548820407009,0.9682062638252419,0.9421271355865457,0.7849382670687914,0.7849382670687914,2,7.615773105863909,1.5866193970549811,454,cvc-clinicdb,segformer,polypseg/runs_cv/segformer_seed42_fold3/best.pth,True
0.9603845708272883,0.9237883008253616,0.9353564981843935,0.986788859783542,0.6528397304222368,0.6528397304222368,2,4.123105625617661,0.858980338670346,455,cvc-clinicdb,segformer,polypseg/runs_cv/segformer_seed42_fold3/best.pth,True
0.962406707818288,0.927537518862201,0.9665926337130613,0.9582568807251536,0.5571295644017986,0.5571295644017986,2,4.47213595499958,0.9316949906249123,456,cvc-clinicdb,segformer,polypseg/runs_cv/segformer_seed42_fold3/best.pth,True
0.8439757632204382,0.7300675335074078,0.978783783770557,0.7418066366167368,0.5037167470173199,0.5037167470173199,2,31.622776601683793,6.588078458684123,457,cvc-clinicdb,segformer,polypseg/runs_cv/segformer_seed42_fold3/best.pth,True
0.9485381378687178,0.9021136876482226,0.9439553360329836,0.9531656547928629,0.7037656506137815,0.7037656506137815,2,4.218733674818961,0.8789028489206169,458,cvc-clinicdb,segformer,polypseg/runs_cv/segformer_seed42_fold3/best.pth,True
0.9453034848725443,0.89628008750774,0.9151027703102077,0.977565632434903,0.6983690233025491,0.6983690233025491,2,5.0,1.0416666666666667,459,cvc-clinicdb,segformer,polypseg/runs_cv/segformer_seed42_fold3/best.pth,True
0.961771599442643,0.926358399487368,0.9860788862945629,0.9386338539053695,0.8010517459950836,0.8010517459950836,2,3.605551275463989,0.7511565157216644,46,cvc-clinicdb,segformer,polypseg/runs_cv/segformer_seed42_fold3/best.pth,True
0.9455582122407066,0.8967381824368265,0.933030852977622,0.9584265473348541,0.609030554557947,0.609030554557947,2,5.385164807134504,1.1219093348196882,460,cvc-clinicdb,segformer,polypseg/runs_cv/segformer_seed42_fold3/best.pth,True
0.9376383482105363,0.8825980744232994,0.9426028238038274,0.9327258921650308,0.5610251961480244,0.5610251961480244,2,8.997213595499957,1.874419499062491,461,cvc-clinicdb,segformer,polypseg/runs_cv/segformer_seed42_fold3/best.pth,True
0.9524981204227154,0.9093044499424598,0.989772727258668,0.917929126585194,0.6762133163693783,0.6762133163693783,2,7.810249675906654,1.6271353491472196,462,cvc-clinicdb,segformer,polypseg/runs_cv/segformer_seed42_fold3/best.pth,True
0.9448832953945424,0.895524913282332,0.9868555980144788,0.9063356164305963,0.5496096191797617,0.5496096191797617,2,13.022880672952923,2.7131001401985255,463,cvc-clinicdb,segformer,polypseg/runs_cv/segformer_seed42_fold3/best.pth,True
0.9630814814757743,0.9287918619164613,0.9716608872298019,0.9546522556278823,0.7407406907465252,0.7407406907465252,2,7.0710678118654755,1.473139127471974,464,cvc-clinicdb,segformer,polypseg/runs_cv/segformer_seed42_fold3/best.pth,True
0.9445518189196214,0.8949296003833732,0.9791629563581552,0.9123039907001385,0.6233474626761637,0.6233474626761637,2,14.212670403551895,2.960973000739978,465,cvc-clinicdb,segformer,polypseg/runs_cv/segformer_seed42_fold3/best.pth,True
0.9150666792730773,0.8434312614345442,0.9873456475049764,0.8526482770701274,0.5242994915827646,0.5242994915827646,2,15.261026759800558,3.1793805749584494,466,cvc-clinicdb,segformer,polypseg/runs_cv/segformer_seed42_fold3/best.pth,True
0.8449710664048223,0.7315583547978666,0.921504988569281,0.7801750457889255,0.4397811007563227,0.4397811007563227,2,91.14591766625934,18.988732847137364,467,cvc-clinicdb,segformer,polypseg/runs_cv/segformer_seed42_fold3/best.pth,True
0.7673542431912623,0.6225261710046418,0.8657810839440405,0.689022327463726,0.23529406945799053,0.23529406945799053,2,97.72737581163436,20.35986996075716,468,cvc-clinicdb,segformer,polypseg/runs_cv/segformer_seed42_fold3/best.pth,True
0.8129903914705954,0.6849063273193007,0.9246921828679517,0.7253668763048414,0.3682846532171124,0.3682846532171124,2,93.51015128730556,19.48128151818866,469,cvc-clinicdb,segformer,polypseg/runs_cv/segformer_seed42_fold3/best.pth,True
0.9672776778287194,0.9366290018744197,0.9780727630188979,0.9567182841112174,0.7055841022388304,0.7055841022388304,2,3.1622776601683795,0.6588078458684125,47,cvc-clinicdb,segformer,polypseg/runs_cv/segformer_seed42_fold3/best.pth,True
0.4919324293576855,0.3262005223997769,0.9999999999692024,0.3262005223997769,0.12423173422546187,0.12423173422546187,2,105.5690678396215,21.993555799921143,470,cvc-clinicdb,segformer,polypseg/runs_cv/segformer_seed42_fold3/best.pth,True
0.8657388245010716,0.7632623272327543,0.9761974213816218,0.7777364629292227,0.36522735359899294,0.36522735359899294,2,91.20601459203301,19.001253040006876,471,cvc-clinicdb,segformer,polypseg/runs_cv/segformer_seed42_fold3/best.pth,True
0.823029659407765,0.6992781644723757,0.9823746001027199,0.7081629101004779,0.38812406145478373,0.38812406145478373,2,64.96497303542313,13.534369382379818,472,cvc-clinicdb,segformer,polypseg/runs_cv/segformer_seed42_fold3/best.pth,True
0.9047529588549541,0.8260720411616577,0.9552396694151719,0.8593350383580601,0.5673221894035807,0.5673221894035807,2,43.986170859135974,9.163785595653328,473,cvc-clinicdb,segformer,polypseg/runs_cv/segformer_seed42_fold3/best.pth,True
0.9256636211252482,0.8616143317186915,0.9435688305910748,0.9084252971089324,0.6027241447077827,0.6027241447077827,2,38.95023654002939,8.114632612506123,474,cvc-clinicdb,segformer,polypseg/runs_cv/segformer_seed42_fold3/best.pth,True
0.8933533097228427,0.8072615384582266,0.9702184310390503,0.8277733372562038,0.32325640196470173,0.32325640196470173,2,46.57033627293457,9.7021533901947,475,cvc-clinicdb,segformer,polypseg/runs_cv/segformer_seed42_fold3/best.pth,True
0.873692468616962,0.7757139540247239,0.9040969854364664,0.845266406917749,0.30080608641891826,0.30080608641891826,2,104.44052536171739,21.758442783691123,476,cvc-clinicdb,segformer,polypseg/runs_cv/segformer_seed42_fold3/best.pth,True
0.8622243426609886,0.7578157759830507,0.9021576349165114,0.825676430271457,0.3948338999080955,0.3948338999080955,2,109.06230638455264,22.721313830115136,477,cvc-clinicdb,segformer,polypseg/runs_cv/segformer_seed42_fold3/best.pth,True
0.8811142742844479,0.7874926402523866,0.9452773991572251,0.8251079580469503,0.35908649782172297,0.35908649782172297,2,104.85461119594439,21.844710665821747,478,cvc-clinicdb,segformer,polypseg/runs_cv/segformer_seed42_fold3/best.pth,True
0.9731075127282339,0.9476235582495813,0.9642249688118595,0.9821552321495601,0.7946513723168667,0.7946513723168667,2,5.770017718971775,1.2020870247857864,479,cvc-clinicdb,segformer,polypseg/runs_cv/segformer_seed42_fold3/best.pth,True
0.9525459620661031,0.9093916559288846,0.9260714953972287,0.980578676159719,0.7303893668073311,0.7303893668073311,2,5.830951894845301,1.2147816447594377,48,cvc-clinicdb,segformer,polypseg/runs_cv/segformer_seed42_fold3/best.pth,True
0.9235016475170733,0.8578755790819662,0.865368567449984,0.9900076374682407,0.5036502692084909,0.5036502692084909,2,27.202941017470888,5.667279378639768,480,cvc-clinicdb,segformer,polypseg/runs_cv/segformer_seed42_fold3/best.pth,True
0.9455192350425823,0.8966680725378281,0.90391156462036,0.9911421911355901,0.43592448421223096,0.43592448421223096,2,16.31086088205534,3.3980960170948626,481,cvc-clinicdb,segformer,polypseg/runs_cv/segformer_seed42_fold3/best.pth,True
0.9707190084526212,0.9431039885359993,0.967576008078591,0.9738824943328531,0.6409144621457268,0.6409144621457268,2,6.082762530298219,1.2672421938121292,482,cvc-clinicdb,segformer,polypseg/runs_cv/segformer_seed42_fold3/best.pth,True
0.9735102357156488,0.9483876698900755,0.977476652623249,0.9695758786623849,0.6347825586973364,0.6347825586973364,2,5.0,1.0416666666666667,483,cvc-clinicdb,segformer,polypseg/runs_cv/segformer_seed42_fold3/best.pth,True
0.9539666456692665,0.9119849206717001,0.9656816543717598,0.9425324675273672,0.51114688918048,0.51114688918048,2,13.341664064126334,2.7795133466929864,484,cvc-clinicdb,segformer,polypseg/runs_cv/segformer_seed42_fold3/best.pth,True
0.8915925870088459,0.8043906749078746,0.9864966241478161,0.8133461617702333,0.48824588141209563,0.48824588141209563,2,25.80697580112788,5.376453291901641,485,cvc-clinicdb,segformer,polypseg/runs_cv/segformer_seed42_fold3/best.pth,True
0.9273927392654254,0.8646153846006049,0.9728793998658803,0.8859695217921533,0.4956371229627787,0.4956371229627787,2,7.635220762868177,1.5906709922642035,486,cvc-clinicdb,segformer,polypseg/runs_cv/segformer_seed42_fold3/best.pth,True
0.9691188215415337,0.9400878023505199,0.990926413202151,0.94825041242556,0.7595594045652848,0.7595594045652848,2,5.044558781116752,1.05094974606599,487,cvc-clinicdb,segformer,polypseg/runs_cv/segformer_seed42_fold3/best.pth,True
0.9726033179915885,0.9466677623391677,0.9833546734871246,0.9620845164442785,0.741260664266219,0.741260664266219,2,3.605551275463989,0.7511565157216644,488,cvc-clinicdb,segformer,polypseg/runs_cv/segformer_seed42_fold3/best.pth,True
0.9568486582734032,0.917267341754699,0.934530534575327,0.9802588492094799,0.6845685501134324,0.6845685501134324,2,24.302194745933424,5.06295723873613,489,cvc-clinicdb,segformer,polypseg/runs_cv/segformer_seed42_fold3/best.pth,True
0.9604092785247346,0.9238340230295958,0.9929078014065043,0.9299707273031977,0.6959428019143206,0.6959428019143206,2,4.242640687119285,0.8838834764831843,49,cvc-clinicdb,segformer,polypseg/runs_cv/segformer_seed42_fold3/best.pth,True
0.9658443122850773,0.9339447858370468,0.9928433532868063,0.9402748023917037,0.4981943428203514,0.4981943428203514,2,13.892443989449804,2.8942591644687092,490,cvc-clinicdb,segformer,polypseg/runs_cv/segformer_seed42_fold3/best.pth,True
0.9119289340078377,0.8381152320931275,0.9623935286818321,0.8664930304303936,0.4839888039281115,0.4839888039281115,2,42.06541642113647,8.763628421070099,491,cvc-clinicdb,segformer,polypseg/runs_cv/segformer_seed42_fold3/best.pth,True
0.962733859628068,0.9281454606074976,0.9442511667333718,0.9819545554776883,0.4867017660527114,0.4867017660527114,2,9.977328670269419,2.0786101396394625,492,cvc-clinicdb,segformer,polypseg/runs_cv/segformer_seed42_fold3/best.pth,True
0.9710086523622827,0.9436509399145611,0.9621365152395258,0.9800459374055888,0.6382602838194921,0.6382602838194921,2,5.830951894845301,1.2147816447594377,493,cvc-clinicdb,segformer,polypseg/runs_cv/segformer_seed42_fold3/best.pth,True
0.9721909479819517,0.9458867345769203,0.984157738768041,0.9605116796387068,0.6072442468839543,0.6072442468839543,2,3.605551275463989,0.7511565157216644,494,cvc-clinicdb,segformer,polypseg/runs_cv/segformer_seed42_fold3/best.pth,True
0.967069048766376,0.9362378459193332,0.9622831883872469,0.9719027514874949,0.7104644836181199,0.7104644836181199,2,11.704699910719626,2.438479148066589,495,cvc-clinicdb,segformer,polypseg/runs_cv/segformer_seed42_fold3/best.pth,True
0.9551005560438728,0.9140597801715121,0.9374649324104184,0.9734124251841882,0.6562434096623324,0.6562434096623324,2,19.01709343378629,3.961894465372144,496,cvc-clinicdb,segformer,polypseg/runs_cv/segformer_seed42_fold3/best.pth,True
0.9551989793403072,0.9142400901725666,0.9275928617356565,0.9844986723960437,0.6015949454841194,0.6015949454841194,2,26.661964273565985,5.554575890326247,497,cvc-clinicdb,segformer,polypseg/runs_cv/segformer_seed42_fold3/best.pth,True
0.9731729879723995,0.9477477477445257,0.9746530084222821,0.9716974555560415,0.6904570066366854,0.6904570066366854,2,8.54400374531753,1.7800007802744855,498,cvc-clinicdb,segformer,polypseg/runs_cv/segformer_seed42_fold3/best.pth,True
0.9735531989691975,0.9484692221667143,0.9620688393834373,0.9853150520679355,0.7908944564666887,0.7908944564666887,2,13.451763237969958,2.8024506745770745,499,cvc-clinicdb,segformer,polypseg/runs_cv/segformer_seed42_fold3/best.pth,True
0.591635548914893,0.4200869657417537,0.9830003722424246,0.4231611559188977,0.3818211141951048,0.3818211141951048,2,70.83466529985849,14.757221937470518,5,cvc-clinicdb,segformer,polypseg/runs_cv/segformer_seed42_fold3/best.pth,True
0.9188762626117601,0.8499270072744547,0.8581957546916806,0.9887907608359786,0.5589185892448459,0.5589185892448459,2,6.0,1.25,50,cvc-clinicdb,segformer,polypseg/runs_cv/segformer_seed42_fold3/best.pth,True
0.9387609471263744,0.8845895225815478,0.8989873889488788,0.9822167922284516,0.505959179277197,0.505959179277197,2,13.678227733446803,2.8496307778014174,500,cvc-clinicdb,segformer,polypseg/runs_cv/segformer_seed42_fold3/best.pth,True
0.969633750576699,0.9410573678237285,0.9513304525758964,0.9886551642579257,0.6297287749138575,0.6297287749138575,2,5.0,1.0416666666666667,501,cvc-clinicdb,segformer,polypseg/runs_cv/segformer_seed42_fold3/best.pth,True
0.9609538002956757,0.9248422260426236,0.9364380113233458,0.9867877365658991,0.7027699866002327,0.7027699866002327,2,18.579316685939332,3.870690976237361,502,cvc-clinicdb,segformer,polypseg/runs_cv/segformer_seed42_fold3/best.pth,True
0.9733711784694963,0.9481237600736645,0.9682731269895324,0.9785231975561816,0.7275971731781092,0.7275971731781092,2,8.724124419424236,1.8175259207133825,503,cvc-clinicdb,segformer,polypseg/runs_cv/segformer_seed42_fold3/best.pth,True
0.9610598153303841,0.9250386398674165,0.9733685708378392,0.9490584737269666,0.5890706558418037,0.5890706558418037,2,4.242640687119285,0.8838834764831843,504,cvc-clinicdb,segformer,polypseg/runs_cv/segformer_seed42_fold3/best.pth,True
0.9582777036016079,0.9198974687541179,0.9736163863200378,0.9434148264922225,0.44279832659515644,0.44279832659515644,2,5.932380757938124,1.2359126579037758,505,cvc-clinicdb,segformer,polypseg/runs_cv/segformer_seed42_fold3/best.pth,True
0.9518952287533008,0.9082061783012788,0.9827972361186972,0.9228772793356687,0.363679029183731,0.363679029183731,2,24.14292740664018,5.029776543050037,506,cvc-clinicdb,segformer,polypseg/runs_cv/segformer_seed42_fold3/best.pth,True
0.9697350121220326,0.9412481483228813,0.9810244789177951,0.9587024238271228,0.4623123349216364,0.4623123349216364,2,8.0,1.6666666666666667,507,cvc-clinicdb,segformer,polypseg/runs_cv/segformer_seed42_fold3/best.pth,True
0.9640775217428229,0.930646396789048,0.9671769748869126,0.9609978703926924,0.6257395949737279,0.6257395949737279,2,7.625496934366037,1.588645194659591,508,cvc-clinicdb,segformer,polypseg/runs_cv/segformer_seed42_fold3/best.pth,True
0.9447479254370345,0.8952817513562373,0.9865017852391665,0.9063850215962043,0.5462074877521539,0.5462074877521539,2,9.848857801796104,2.0518453753741883,509,cvc-clinicdb,segformer,polypseg/runs_cv/segformer_seed42_fold3/best.pth,True
0.39970392299039936,0.24976873263184377,0.9999999996296296,0.24976873263184377,0.0,0.0,2,14.652291255313598,3.052560678190333,51,cvc-clinicdb,segformer,polypseg/runs_cv/segformer_seed42_fold3/best.pth,True
0.9427174449336441,0.8916419176844154,0.9774883720839302,0.9103352681199832,0.4686535985186945,0.4686535985186945,2,8.0,1.6666666666666667,510,cvc-clinicdb,segformer,polypseg/runs_cv/segformer_seed42_fold3/best.pth,True
0.8898457684107896,0.8015514809477919,0.9815198618137907,0.8138335958640437,0.4837097975836845,0.4837097975836845,2,15.0,3.125,511,cvc-clinicdb,segformer,polypseg/runs_cv/segformer_seed42_fold3/best.pth,True
0.93864741879069,0.884387936119391,0.9750611246784832,0.9048555437769649,0.6795620387012609,0.6795620387012609,2,10.295630140987,2.1449229460389585,512,cvc-clinicdb,segformer,polypseg/runs_cv/segformer_seed42_fold3/best.pth,True
0.9102911083179728,0.8353525563262011,0.9363117870595287,0.8856775850881737,0.3957128738061555,0.3957128738061555,2,12.083045973594572,2.517301244498869,513,cvc-clinicdb,segformer,polypseg/runs_cv/segformer_seed42_fold3/best.pth,True
0.9621773451452265,0.9271115258896209,0.9693598750881209,0.9551004710993644,0.7065075949656819,0.7065075949656819,2,4.47213595499958,0.9316949906249123,514,cvc-clinicdb,segformer,polypseg/runs_cv/segformer_seed42_fold3/best.pth,True
0.9555867227620641,0.9149507609566365,0.9531359291098958,0.9580501523206227,0.7235748738742322,0.7235748738742322,2,6.243416490252569,1.3007117688026184,515,cvc-clinicdb,segformer,polypseg/runs_cv/segformer_seed42_fold3/best.pth,True
0.9747220191567284,0.9506904833312017,0.9963816565641753,0.9539840337328364,0.7708094174102459,0.7708094174102459,2,3.1622776601683795,0.6588078458684125,516,cvc-clinicdb,segformer,polypseg/runs_cv/segformer_seed42_fold3/best.pth,True
0.976648189639246,0.9543621067079132,0.9656016790932181,0.9879503698283469,0.8477751256443052,0.8477751256443052,2,3.1622776601683795,0.6588078458684125,517,cvc-clinicdb,segformer,polypseg/runs_cv/segformer_seed42_fold3/best.pth,True
0.9622870178872012,0.9273151964698089,0.9528448397437125,0.9719182027509805,0.7192107818631881,0.7192107818631881,2,3.605551275463989,0.7511565157216644,518,cvc-clinicdb,segformer,polypseg/runs_cv/segformer_seed42_fold3/best.pth,True
0.9724828920365765,0.9464396110776909,0.9801524940284025,0.9649323859674253,0.7043607285596245,0.7043607285596245,2,5.385164807134504,1.1219093348196882,519,cvc-clinicdb,segformer,polypseg/runs_cv/segformer_seed42_fold3/best.pth,True
0.6013245032714354,0.4299242423835299,0.9869565215245746,0.4323809523397732,0.21830525688973854,0.21830525688973854,2,12.0,2.5,52,cvc-clinicdb,segformer,polypseg/runs_cv/segformer_seed42_fold3/best.pth,True
0.97724496719978,0.9555024769950659,0.9651074476121828,0.9896916662803422,0.7360470750530907,0.7360470750530907,2,4.0,0.8333333333333334,520,cvc-clinicdb,segformer,polypseg/runs_cv/segformer_seed42_fold3/best.pth,True
0.961740890683392,0.9263014232703616,0.9887617065453822,0.936157635458757,0.7034038114684258,0.7034038114684258,2,5.656854249492381,1.1785113019775793,521,cvc-clinicdb,segformer,polypseg/runs_cv/segformer_seed42_fold3/best.pth,True
0.9235402833806314,0.8579422612125405,0.9458777341426545,0.9022335161040226,0.5102563602682494,0.5102563602682494,2,11.661903789690601,2.4295632895188755,522,cvc-clinicdb,segformer,polypseg/runs_cv/segformer_seed42_fold3/best.pth,True
0.9599104599006928,0.9229113676203696,0.9496678075105764,0.9703764657278261,0.806249950000003,0.806249950000003,2,4.14055714208676,0.862616071268075,523,cvc-clinicdb,segformer,polypseg/runs_cv/segformer_seed42_fold3/best.pth,True
0.980201547228776,0.9611718321057984,0.9860229367141817,0.9744484922031246,0.8179302310799671,0.8179302310799671,2,4.0,0.8333333333333334,524,cvc-clinicdb,segformer,polypseg/runs_cv/segformer_seed42_fold3/best.pth,True
0.9730721592688973,0.9475565085236526,0.9759823318213308,0.9701792901484615,0.7789520301754884,0.7789520301754884,2,3.1622776601683795,0.6588078458684125,525,cvc-clinicdb,segformer,polypseg/runs_cv/segformer_seed42_fold3/best.pth,True
0.9376462821764528,0.8826121342121498,0.9649209486046824,0.9118711334082891,0.47653624992930366,0.47653624992930366,2,9.486832980505138,1.976423537605237,526,cvc-clinicdb,segformer,polypseg/runs_cv/segformer_seed42_fold3/best.pth,True
0.9727267278009187,0.9469016221152187,0.9895121951098839,0.9565012377583814,0.8320704684319953,0.8320704684319953,2,4.123105625617661,0.858980338670346,527,cvc-clinicdb,segformer,polypseg/runs_cv/segformer_seed42_fold3/best.pth,True
0.9597875568998492,0.9226841721287136,0.9670329670237263,0.9526499105624338,0.5499814307210592,0.5499814307210592,2,4.242640687119285,0.8838834764831843,528,cvc-clinicdb,segformer,polypseg/runs_cv/segformer_seed42_fold3/best.pth,True
0.617240156076419,0.4463827603823092,0.4463827603823092,0.9999999999616859,0.1533403011755351,0.1533403011755351,2,88.88163356374334,18.51700699244653,529,cvc-clinicdb,segformer,polypseg/runs_cv/segformer_seed42_fold3/best.pth,True
0.8830188678769262,0.7905405404642335,0.7905405404642335,0.9999999998778999,0.726502144717703,0.726502144717703,2,5.385164807134504,1.1219093348196882,53,cvc-clinicdb,segformer,polypseg/runs_cv/segformer_seed42_fold3/best.pth,True
0.5572183098530236,0.38621110432601874,0.3862700228774025,0.9996052111725383,0.2914593274547416,0.2914593274547416,2,84.04909212578168,17.510227526204517,530,cvc-clinicdb,segformer,polypseg/runs_cv/segformer_seed42_fold3/best.pth,True
0.7826086956416719,0.6428571428429706,0.6428571428429706,0.9999999999657065,0.2410965770617866,0.2410965770617866,2,16.146200743961586,3.3637918216586637,531,cvc-clinicdb,segformer,polypseg/runs_cv/segformer_seed42_fold3/best.pth,True
0.6627207816548034,0.4955739777926714,0.4955739777926714,0.9999999999716473,0.10892231976896632,0.10892231976896632,2,141.11980452025816,29.39995927505378,532,cvc-clinicdb,segformer,polypseg/runs_cv/segformer_seed42_fold3/best.pth,True
0.5648864041836273,0.3936179030220172,0.3936179030220172,0.999999999978943,0.06280188442557744,0.06280188442557744,2,63.13041998940271,13.152170831125565,533,cvc-clinicdb,segformer,polypseg/runs_cv/segformer_seed42_fold3/best.pth,True
0.7897588030388897,0.6525631461083602,0.6527022705398923,0.999673469371434,0.17421356939384167,0.17421356939384167,2,20.0,4.166666666666667,534,cvc-clinicdb,segformer,polypseg/runs_cv/segformer_seed42_fold3/best.pth,True
0.8261256677637616,0.7037598873041092,0.7037598873041092,0.9999999999846035,0.08294131667026862,0.08294131667026862,2,17.454170561825933,3.6362855337137363,535,cvc-clinicdb,segformer,polypseg/runs_cv/segformer_seed42_fold3/best.pth,True
0.643395186474105,0.47426868905313946,0.5533551037548367,0.768431831469157,0.312034121567723,0.312034121567723,2,169.088285534794,35.22672615308208,536,cvc-clinicdb,segformer,polypseg/runs_cv/segformer_seed42_fold3/best.pth,True
0.8965163934334373,0.8124419684157392,0.8124419684157392,0.9999999999771428,0.37730056356468733,0.37730056356468733,2,8.0,1.6666666666666667,537,cvc-clinicdb,segformer,polypseg/runs_cv/segformer_seed42_fold3/best.pth,True
0.7104005016011411,0.5508690895763841,0.5516066212201606,0.9975786924719882,0.1415928741170172,0.1415928741170172,2,146.79938057329895,30.583204286103946,538,cvc-clinicdb,segformer,polypseg/runs_cv/segformer_seed42_fold3/best.pth,True
0.9279721182333291,0.865623118592828,0.8882985295824998,0.9713552222541365,0.46161140770265713,0.46161140770265713,2,7.867174773134649,1.638994744403052,539,cvc-clinicdb,segformer,polypseg/runs_cv/segformer_seed42_fold3/best.pth,True
0.7846715327751211,0.6456456455487019,0.659509202352836,0.9684684682503449,0.5609283837943244,0.5609283837943244,2,7.683839905378869,1.6007999802872643,54,cvc-clinicdb,segformer,polypseg/runs_cv/segformer_seed42_fold3/best.pth,True
0.9638138578942902,0.9301551321036328,0.9665807876263041,0.9610627241384684,0.6111907826560322,0.6111907826560322,2,5.0,1.0416666666666667,540,cvc-clinicdb,segformer,polypseg/runs_cv/segformer_seed42_fold3/best.pth,True
0.8379644083606153,0.7211176786576959,0.7305389221457467,0.9824304538619614,0.252041958809947,0.252041958809947,2,103.6321802593421,21.590037554029607,541,cvc-clinicdb,segformer,polypseg/runs_cv/segformer_seed42_fold3/best.pth,True
0.8174900038641978,0.69131762651951,0.6927533063647091,0.9970111687746263,0.2747231637797372,0.2747231637797372,2,133.0179900574239,27.712081261963313,542,cvc-clinicdb,segformer,polypseg/runs_cv/segformer_seed42_fold3/best.pth,True
0.7986288887890023,0.6647645189203643,0.664812540629453,0.9998913515754031,0.21099306555634784,0.21099306555634784,2,40.07485970328137,8.348929104850285,543,cvc-clinicdb,segformer,polypseg/runs_cv/segformer_seed42_fold3/best.pth,True
0.9725190839660912,0.9465081723561629,0.949844110065407,0.9963031423219372,0.7119383625589486,0.7119383625589486,2,4.080018656651476,0.8500038868023909,544,cvc-clinicdb,segformer,polypseg/runs_cv/segformer_seed42_fold3/best.pth,True
0.9192473826713576,0.8505622544255445,0.8505622544255445,0.9999999999840714,0.3828124500488347,0.3828124500488347,2,7.165136746702243,1.492736822229634,545,cvc-clinicdb,segformer,polypseg/runs_cv/segformer_seed42_fold3/best.pth,True
0.884757267220859,0.793331569187704,0.7953309457382235,0.9968412302411166,0.4531560052245532,0.4531560052245532,2,15.0,3.125,546,cvc-clinicdb,segformer,polypseg/runs_cv/segformer_seed42_fold3/best.pth,True
0.807323750848671,0.6769010042944491,0.6864542412238258,0.9798546209557663,0.4991310160357117,0.4991310160357117,2,46.940328555282115,9.779235115683774,547,cvc-clinicdb,segformer,polypseg/runs_cv/segformer_seed42_fold3/best.pth,True
0.9097922848597196,0.8345127925852679,0.8747503566209023,0.9477588871569126,0.4764468372653744,0.4764468372653744,2,6.4031242374328485,1.3339842161318434,548,cvc-clinicdb,segformer,polypseg/runs_cv/segformer_seed42_fold3/best.pth,True
0.44113090626566365,0.28298136645259675,0.359646353004116,0.5703555332713893,0.17600861593304146,0.17600861593304146,2,90.41236674590506,18.83590973873022,549,cvc-clinicdb,segformer,polypseg/runs_cv/segformer_seed42_fold3/best.pth,True
0.7878787878245262,0.6499999999261364,0.7268106733511042,0.8601503758105038,0.3835690468844234,0.3835690468844234,2,5.074264635194588,1.0571384656655392,55,cvc-clinicdb,segformer,polypseg/runs_cv/segformer_seed42_fold3/best.pth,True
0.8548106719004246,0.7464361140344979,0.7961424749993504,0.922813315911834,0.3889557052414019,0.3889557052414019,2,12.654292061067478,2.6363108460557245,550,cvc-clinicdb,segformer,polypseg/runs_cv/segformer_seed42_fold3/best.pth,True
0.8821553961159964,0.7891574491220926,0.8352363058124695,0.9346595503649578,0.4388924660239261,0.4388924660239261,2,8.54400374531753,1.7800007802744855,551,cvc-clinicdb,segformer,polypseg/runs_cv/segformer_seed42_fold3/best.pth,True
0.8062066688622898,0.6753318583996091,0.6845705315016307,0.9804079010602151,0.4398670919831952,0.4398670919831952,2,20.0,4.166666666666667,552,cvc-clinicdb,segformer,polypseg/runs_cv/segformer_seed42_fold3/best.pth,True
0.8789401553170457,0.7840260798616133,0.7999999999916839,0.9751647237585509,0.4765821214324057,0.4765821214324057,2,20.19460907016948,4.207210222951975,553,cvc-clinicdb,segformer,polypseg/runs_cv/segformer_seed42_fold3/best.pth,True
0.9023265562727817,0.8220355165092416,0.840656121842993,0.9737615923888965,0.5555905461683474,0.5555905461683474,2,17.46424919657298,3.638385249286037,554,cvc-clinicdb,segformer,polypseg/runs_cv/segformer_seed42_fold3/best.pth,True
0.9105680403530723,0.8358191003026723,0.8792863469457258,0.944157608682824,0.5707226183673614,0.5707226183673614,2,13.951599795252406,2.906583290677584,555,cvc-clinicdb,segformer,polypseg/runs_cv/segformer_seed42_fold3/best.pth,True
0.8276388399622658,0.7059589384005411,0.714691270397296,0.9829870310837682,0.4200409218763369,0.4200409218763369,2,18.939065537242072,3.9456386535920984,556,cvc-clinicdb,segformer,polypseg/runs_cv/segformer_seed42_fold3/best.pth,True
0.8621638141743416,0.7577222669788112,0.7751064706583994,0.9712515062666337,0.5484320433832746,0.5484320433832746,2,25.0449461292125,5.217697110252605,557,cvc-clinicdb,segformer,polypseg/runs_cv/segformer_seed42_fold3/best.pth,True
0.8635508155515719,0.7598675131001951,0.7815471965822349,0.9647800946037361,0.5530710106114729,0.5530710106114729,2,27.294688127912362,5.686393359981742,558,cvc-clinicdb,segformer,polypseg/runs_cv/segformer_seed42_fold3/best.pth,True
0.0,0.0,0.0,0.0,0.0,0.0,2,,,559,cvc-clinicdb,segformer,polypseg/runs_cv/segformer_seed42_fold3/best.pth,True
0.9025811823330129,0.8224582700812608,0.8524693299511649,0.9589525831224717,0.45777134454620455,0.45777134454620455,2,6.382102612161142,1.3296047108669045,56,cvc-clinicdb,segformer,polypseg/runs_cv/segformer_seed42_fold3/best.pth,True
0.5679167979785068,0.396566901404087,0.4122626401234012,0.9124050632680404,0.24944807468167565,0.24944807468167565,2,41.88314885534497,8.725656011530202,560,cvc-clinicdb,segformer,polypseg/runs_cv/segformer_seed42_fold3/best.pth,True
0.6989153472092076,0.5371789957786778,0.5435330618523992,0.9787011173013496,0.41421438103792,0.41421438103792,2,45.880278987817846,9.558391455795384,561,cvc-clinicdb,segformer,polypseg/runs_cv/segformer_seed42_fold3/best.pth,True
0.7930042572730813,0.6570066730156624,0.6704280155576806,0.9704308645315344,0.3972602245544781,0.3972602245544781,2,27.887654517313027,5.809928024440214,562,cvc-clinicdb,segformer,polypseg/runs_cv/segformer_seed42_fold3/best.pth,True
0.8987353045916515,0.8160938131757695,0.998515733217905,0.8170850202362988,0.32702543753121177,0.32702543753121177,2,16.223323817486413,3.379859128643003,563,cvc-clinicdb,segformer,polypseg/runs_cv/segformer_seed42_fold3/best.pth,True
0.9231061613861298,0.8571932796776988,0.9393517444036562,0.907412942752149,0.5153661788751517,0.5153661788751517,2,13.44416726155924,2.8008681794915082,564,cvc-clinicdb,segformer,polypseg/runs_cv/segformer_seed42_fold3/best.pth,True
0.7908260044801223,0.654021677120265,0.6638679791497982,0.9778251599042875,0.4096305459905461,0.4096305459905461,2,40.44068642777233,8.425143005785902,565,cvc-clinicdb,segformer,polypseg/runs_cv/segformer_seed42_fold3/best.pth,True
0.4713231118649111,0.30832095096296136,0.31273549359162833,0.9562211981291411,0.23810462074666341,0.23810462074666341,2,41.78994574911193,8.706238697731653,566,cvc-clinicdb,segformer,polypseg/runs_cv/segformer_seed42_fold3/best.pth,True
0.8057335974734211,0.6746682279337497,0.6976791119939924,0.9533921676515887,0.5038407628894351,0.5038407628894351,2,27.328882161475835,5.6935171169741325,567,cvc-clinicdb,segformer,polypseg/runs_cv/segformer_seed42_fold3/best.pth,True
0.3217391304192397,0.19170984454854864,0.4657342656691281,0.24575645754643863,0.10251251630738707,0.10251251630738707,2,86.17771147355289,17.953689890323517,568,cvc-clinicdb,segformer,polypseg/runs_cv/segformer_seed42_fold3/best.pth,True
0.6425680390698875,0.4733703475123716,0.4978373702314482,0.9059425422705257,0.34795290671660245,0.34795290671660245,2,26.92582403567252,5.609546674098442,569,cvc-clinicdb,segformer,polypseg/runs_cv/segformer_seed42_fold3/best.pth,True
0.8284061696391901,0.7070762479041648,0.7332195676488498,0.9519940915101924,0.3963641766631064,0.3963641766631064,2,10.0,2.0833333333333335,57,cvc-clinicdb,segformer,polypseg/runs_cv/segformer_seed42_fold3/best.pth,True
0.7204533189228156,0.5630535638733424,0.7839107456967757,0.6665002495922865,0.41587318624149716,0.41587318624149716,2,72.05829342690076,15.012144463937659,570,cvc-clinicdb,segformer,polypseg/runs_cv/segformer_seed42_fold3/best.pth,True
0.6040038699069434,0.43266872800476947,0.43639100978130557,0.9806669888598196,0.38715760132451776,0.38715760132451776,2,34.8453345810824,7.259444704392166,571,cvc-clinicdb,segformer,polypseg/runs_cv/segformer_seed42_fold3/best.pth,True
0.945335362273846,0.8963374028657861,0.9831994156079085,0.9102795310885871,0.7088672581955446,0.7088672581955446,2,4.0,0.8333333333333334,572,cvc-clinicdb,segformer,polypseg/runs_cv/segformer_seed42_fold3/best.pth,True
0.3616410105298546,0.22073368099064256,0.22091244488238176,0.9963474025569665,0.2686588980080253,0.2686588980080253,2,95.53742391953972,19.903629983237444,573,cvc-clinicdb,segformer,polypseg/runs_cv/segformer_seed42_fold3/best.pth,True
0.7425723595794025,0.5905487804698004,0.6552774018722843,0.8567005749289386,0.38067431540173136,0.38067431540173136,2,29.030997668373768,6.048124514244535,574,cvc-clinicdb,segformer,polypseg/runs_cv/segformer_seed42_fold3/best.pth,True
0.7515230071192285,0.6019518272300259,0.9200253887362735,0.6351884311867838,0.3545242900800799,0.3545242900800799,2,41.17874267268888,8.57890472347685,575,cvc-clinicdb,segformer,polypseg/runs_cv/segformer_seed42_fold3/best.pth,True
0.0,0.0,0.0,0.0,0.0,0.0,2,210.9807872564075,43.95433067841823,576,cvc-clinicdb,segformer,polypseg/runs_cv/segformer_seed42_fold3/best.pth,True
0.5344760420655178,0.36469962785105975,0.9675599435370212,0.3692142088200715,0.21189260095391274,0.21189260095391274,2,130.71486728819735,27.232264018374448,577,cvc-clinicdb,segformer,polypseg/runs_cv/segformer_seed42_fold3/best.pth,True
0.8423427842554464,0.7276271186317351,0.9190751444889943,0.777435711684581,0.459010055018817,0.459010055018817,2,67.67824264697421,14.099633884786295,578,cvc-clinicdb,segformer,polypseg/runs_cv/segformer_seed42_fold3/best.pth,True
0.6466188843843014,0.4777803361694851,0.9863729995090101,0.48095495634334423,0.3124441763751271,0.3124441763751271,2,152.01275803443085,31.669324590506427,579,cvc-clinicdb,segformer,polypseg/runs_cv/segformer_seed42_fold3/best.pth,True
0.8742075408450382,0.7765263781400992,0.7910628018845977,0.9768829231188007,0.5489178537943512,0.5489178537943512,2,5.830951894845301,1.2147816447594377,58,cvc-clinicdb,segformer,polypseg/runs_cv/segformer_seed42_fold3/best.pth,True
0.5651558720134868,0.39387962844895097,0.9881883479491111,0.39574277678090164,0.3549140873246346,0.3549140873246346,2,165.16022283517538,34.408379757328206,580,cvc-clinicdb,segformer,polypseg/runs_cv/segformer_seed42_fold3/best.pth,True
0.555093797333456,0.3841728939283685,0.9872893064246022,0.38608244637535205,0.46273222835677397,0.46273222835677397,2,150.09907318575108,31.270640247031473,581,cvc-clinicdb,segformer,polypseg/runs_cv/segformer_seed42_fold3/best.pth,True
0.9549665015965338,0.9138142490699763,0.9697113109208505,0.9406633765529592,0.6222996604682862,0.6222996604682862,2,5.830951894845301,1.2147816447594377,582,cvc-clinicdb,segformer,polypseg/runs_cv/segformer_seed42_fold3/best.pth,True
0.8373201808398083,0.720164027139138,0.7239516702100363,0.9927875243471191,0.49397454600707136,0.49397454600707136,2,29.539788852104174,6.154122677521703,583,cvc-clinicdb,segformer,polypseg/runs_cv/segformer_seed42_fold3/best.pth,True
0.5110383614495841,0.3432179501596209,0.3445387662666153,0.9889538661147189,0.4666666208395107,0.4666666208395107,2,76.02631123499285,15.83881484062351,584,cvc-clinicdb,segformer,polypseg/runs_cv/segformer_seed42_fold3/best.pth,True
0.07078417765195058,0.03669064748069458,0.21935483866250433,0.04220107571194866,0.0,0.0,2,78.56639545887444,16.367999053932174,585,cvc-clinicdb,segformer,polypseg/runs_cv/segformer_seed42_fold3/best.pth,True
0.8527638190847643,0.7433201927125861,0.9642045454271533,0.7644144143971979,0.3495622440495944,0.3495622440495944,2,15.288878286202204,3.1851829762921255,586,cvc-clinicdb,segformer,polypseg/runs_cv/segformer_seed42_fold3/best.pth,True
0.92476786050929,0.8600634472731737,0.8977189109309155,0.9534974599080306,0.5786650365345559,0.5786650365345559,2,3.605551275463989,0.7511565157216644,587,cvc-clinicdb,segformer,polypseg/runs_cv/segformer_seed42_fold3/best.pth,True
0.8559322033696815,0.7481481481173602,0.880813953445697,0.8324175823794682,0.47144769778722956,0.47144769778722956,2,11.40175425099138,2.3753654689565376,588,cvc-clinicdb,segformer,polypseg/runs_cv/segformer_seed42_fold3/best.pth,True
0.9482367498257737,0.9015686274156248,0.9583159649454641,0.9383673469004749,0.8652173413383771,0.8652173413383771,2,6.0,1.25,589,cvc-clinicdb,segformer,polypseg/runs_cv/segformer_seed42_fold3/best.pth,True
0.8432029794844245,0.7289117835976232,0.7398692809973941,0.980086580001724,0.5736703951234794,0.5736703951234794,2,10.0,2.0833333333333335,59,cvc-clinicdb,segformer,polypseg/runs_cv/segformer_seed42_fold3/best.pth,True
0.931558935339079,0.8718861209576564,0.9509946627389134,0.9129017232923661,0.7989928161435883,0.7989928161435883,2,4.049242250247062,0.8435921354681378,590,cvc-clinicdb,segformer,polypseg/runs_cv/segformer_seed42_fold3/best.pth,True
0.8396587231291657,0.7236308316063067,0.9937325904600465,0.7269485481035686,0.3154250159715137,0.3154250159715137,2,7.810249675906654,1.6271353491472196,591,cvc-clinicdb,segformer,polypseg/runs_cv/segformer_seed42_fold3/best.pth,True
0.7993383825124111,0.6657482598511347,0.6863507250607512,0.9568570237399572,0.4383193751358281,0.4383193751358281,2,104.2526528589708,21.71930267895225,592,cvc-clinicdb,segformer,polypseg/runs_cv/segformer_seed42_fold3/best.pth,True
0.8157653528797821,0.6888544891534233,0.6967277281869935,0.983860269710726,0.4572990958983356,0.4572990958983356,2,27.41524247509297,5.711508848977702,593,cvc-clinicdb,segformer,polypseg/runs_cv/segformer_seed42_fold3/best.pth,True
0.9153955887093668,0.8439902873159857,0.8848112006600591,0.9481700386235924,0.5458571224137386,0.5458571224137386,2,7.615773105863909,1.5866193970549811,594,cvc-clinicdb,segformer,polypseg/runs_cv/segformer_seed42_fold3/best.pth,True
0.8370725669064355,0.7197977647493402,0.7417055113588784,0.9605823863295249,0.5573097432783841,0.5573097432783841,2,16.492422502470642,3.435921354681384,595,cvc-clinicdb,segformer,polypseg/runs_cv/segformer_seed42_fold3/best.pth,True
0.8012374323124277,0.6683870967526327,0.674698795158753,0.9861970489773348,0.5765098570857621,0.5765098570857621,2,14.317821063276353,2.9828793881825737,596,cvc-clinicdb,segformer,polypseg/runs_cv/segformer_seed42_fold3/best.pth,True
0.6128567310287444,0.4418121363074891,0.45138004244367813,0.9542190304349892,0.4521169239623489,0.4521169239623489,2,32.494393117705364,6.769665232855284,597,cvc-clinicdb,segformer,polypseg/runs_cv/segformer_seed42_fold3/best.pth,True
0.8558773424044995,0.7480643239801054,0.7658536585132362,0.9698841698467227,0.42119063165339793,0.42119063165339793,2,9.848857801796104,2.0518453753741883,598,cvc-clinicdb,segformer,polypseg/runs_cv/segformer_seed42_fold3/best.pth,True
0.9218271407521398,0.8549901185559539,0.9062581827466285,0.9379403793783756,0.5697324527604476,0.5697324527604476,2,6.0,1.25,599,cvc-clinicdb,segformer,polypseg/runs_cv/segformer_seed42_fold3/best.pth,True
0.6723598435440927,0.5064322891068131,0.9989346246876616,0.5067059690468843,0.16455786855552676,0.16455786855552676,2,74.20637350988066,15.459661147891804,6,cvc-clinicdb,segformer,polypseg/runs_cv/segformer_seed42_fold3/best.pth,True
0.86540686461887,0.7627464309733941,0.9151712887065592,0.8207754205990938,0.5391780323510498,0.5391780323510498,2,16.278820596099706,3.391420957520772,60,cvc-clinicdb,segformer,polypseg/runs_cv/segformer_seed42_fold3/best.pth,True
0.9401187251401065,0.887003806406884,0.8928297755786225,0.9926971762293975,0.5409417357642137,0.5409417357642137,2,9.219544457292887,1.920738428602685,600,cvc-clinicdb,segformer,polypseg/runs_cv/segformer_seed42_fold3/best.pth,True
0.9187569017122672,0.849722789599508,0.8688646874404168,0.97472803345649,0.5828279340533421,0.5828279340533421,2,10.198039027185569,2.1245914639969934,601,cvc-clinicdb,segformer,polypseg/runs_cv/segformer_seed42_fold3/best.pth,True
0.9412420382090665,0.8890058655303202,0.9494057179417057,0.9332175560319985,0.607638838990769,0.607638838990769,2,5.830951894845301,1.2147816447594377,602,cvc-clinicdb,segformer,polypseg/runs_cv/segformer_seed42_fold3/best.pth,True
0.9381128231189474,0.8834392612917202,0.9003911024089417,0.979133439646742,0.6072346874806545,0.6072346874806545,2,8.377708763999642,1.7453559924999253,603,cvc-clinicdb,segformer,polypseg/runs_cv/segformer_seed42_fold3/best.pth,True
0.8887535525721426,0.7997807818682281,0.8007560053554351,0.9984795499316029,0.5454238368676282,0.5454238368676282,2,14.0,2.9166666666666665,604,cvc-clinicdb,segformer,polypseg/runs_cv/segformer_seed42_fold3/best.pth,True
0.8122628623340072,0.6838742652521371,0.7105682421478873,0.9479277364170058,0.3669372295970314,0.3669372295970314,2,18.00971473206198,3.7520239025129123,605,cvc-clinicdb,segformer,polypseg/runs_cv/segformer_seed42_fold3/best.pth,True
0.8010378582285523,0.6681093842087722,0.6815171583246735,0.9713958809790791,0.4309528777619347,0.4309528777619347,2,25.135517690066557,5.236566185430533,606,cvc-clinicdb,segformer,polypseg/runs_cv/segformer_seed42_fold3/best.pth,True
0.7342790599039958,0.5801271328009325,0.6264450866825707,0.8869565216937618,0.4280913478972519,0.4280913478972519,2,19.0,3.9583333333333335,607,cvc-clinicdb,segformer,polypseg/runs_cv/segformer_seed42_fold3/best.pth,True
0.6843650287085595,0.5201785021241719,0.5316279991962795,0.9602435529742034,0.4344891529387517,0.4344891529387517,2,31.0,6.458333333333333,608,cvc-clinicdb,segformer,polypseg/runs_cv/segformer_seed42_fold3/best.pth,True
0.7265709156128674,0.5705625264264689,0.5744499645056856,0.9882783882542545,0.5034964539895398,0.5034964539895398,2,34.52535300326414,7.192781875680028,609,cvc-clinicdb,segformer,polypseg/runs_cv/segformer_seed42_fold3/best.pth,True
0.8861694758511621,0.7956053067663514,0.8958916899675121,0.8766560072692254,0.5275778876501723,0.5275778876501723,2,8.48528137423857,1.7677669529663687,61,cvc-clinicdb,segformer,polypseg/runs_cv/segformer_seed42_fold3/best.pth,True
0.7938339322792336,0.6581464638441564,0.6651347068040391,0.984287054385922,0.5217790306239444,0.5217790306239444,2,25.0,5.208333333333333,610,cvc-clinicdb,segformer,polypseg/runs_cv/segformer_seed42_fold3/best.pth,True
0.8048172757391526,0.673384294637363,0.6855323664540939,0.9743589743344807,0.5843000521698273,0.5843000521698273,2,22.421765839284383,4.67120121651758,611,cvc-clinicdb,segformer,polypseg/runs_cv/segformer_seed42_fold3/best.pth,True
0.758017492697558,0.610328638479744,0.620525059647359,0.9737827714899915,0.498753067505804,0.498753067505804,2,17.016162501259522,3.545033854429067,612,cvc-clinicdb,segformer,polypseg/runs_cv/segformer_seed42_fold3/best.pth,True
0.872545757042511,0.7739079102258614,0.8122676579422387,0.942487419055177,0.4890095820079114,0.4890095820079114,2,5.385164807134504,1.1219093348196882,62,cvc-clinicdb,segformer,polypseg/runs_cv/segformer_seed42_fold3/best.pth,True
0.928684627545842,0.86686390527415,0.8835946923471897,0.9786239144302856,0.8115238080131031,0.8115238080131031,2,3.0,0.625,63,cvc-clinicdb,segformer,polypseg/runs_cv/segformer_seed42_fold3/best.pth,True
0.9146477822991187,0.8427197801619011,0.8628691982515563,0.9730372719291802,0.7312386932467521,0.7312386932467521,2,4.049242250247065,0.8435921354681386,64,cvc-clinicdb,segformer,polypseg/runs_cv/segformer_seed42_fold3/best.pth,True
0.8914246196095635,0.8041172800496496,0.8458005248788845,0.942251461919426,0.6934439498522169,0.6934439498522169,2,7.0710678118654755,1.473139127471974,65,cvc-clinicdb,segformer,polypseg/runs_cv/segformer_seed42_fold3/best.pth,True
0.8928781635993857,0.8064859117061942,0.8441847523180753,0.947532791945813,0.6288318042231629,0.6288318042231629,2,7.0,1.4583333333333333,66,cvc-clinicdb,segformer,polypseg/runs_cv/segformer_seed42_fold3/best.pth,True
0.8915728794704482,0.8043585933232116,0.8423236514085931,0.946938775454989,0.5729788145633973,0.5729788145633973,2,6.0,1.25,67,cvc-clinicdb,segformer,polypseg/runs_cv/segformer_seed42_fold3/best.pth,True
0.8690377264345268,0.768405584118025,0.9603305784947598,0.793595386237766,0.4774172018335609,0.4774172018335609,2,44.92881851661699,9.360170524295206,68,cvc-clinicdb,segformer,polypseg/runs_cv/segformer_seed42_fold3/best.pth,True
0.6980641432910123,0.5361739902114437,0.5741444866647271,0.8901989682468534,0.3948811206400939,0.3948811206400939,2,28.938529601332554,6.0288603336109485,69,cvc-clinicdb,segformer,polypseg/runs_cv/segformer_seed42_fold3/best.pth,True
0.45683370171062965,0.296036598399692,0.9997112330205067,0.2960619147376916,0.16416364786531953,0.16416364786531953,2,97.98212439839375,20.4129425829987,7,cvc-clinicdb,segformer,polypseg/runs_cv/segformer_seed42_fold3/best.pth,True
0.897171381016686,0.8135184067346555,0.910503208344799,0.8842243358188185,0.755169600588423,0.755169600588423,2,13.150367627183861,2.739659922329971,70,cvc-clinicdb,segformer,polypseg/runs_cv/segformer_seed42_fold3/best.pth,True
0.2593457943864639,0.1489932885866042,0.16289991194121223,0.6357388315422979,0.22253398891078585,0.22253398891078585,2,109.80366194779121,22.875762905789834,71,cvc-clinicdb,segformer,polypseg/runs_cv/segformer_seed42_fold3/best.pth,True
0.8105282807390232,0.6814187068210478,0.8708383473377121,0.7580307262305157,0.4652093621297762,0.4652093621297762,2,37.90401382715029,7.896669547322976,72,cvc-clinicdb,segformer,polypseg/runs_cv/segformer_seed42_fold3/best.pth,True
0.6728143287697674,0.5069481560527273,0.7521808088520151,0.6085980108883992,0.2805866724018219,0.2805866724018219,2,42.25562088956917,8.803254351993578,73,cvc-clinicdb,segformer,polypseg/runs_cv/segformer_seed42_fold3/best.pth,True
0.6488134116993509,0.48018047049693263,0.8058409950889215,0.5430029154321063,0.31458530959402564,0.31458530959402564,2,171.64055247454027,35.75844843219589,74,cvc-clinicdb,segformer,polypseg/runs_cv/segformer_seed42_fold3/best.pth,True
0.6195142735274922,0.44876543208491465,0.7354577642521265,0.5351490614451546,0.2984868892431699,0.2984868892431699,2,165.6268339965625,34.50559041595053,75,cvc-clinicdb,segformer,polypseg/runs_cv/segformer_seed42_fold3/best.pth,True
0.6850271528183665,0.5209439527869928,0.5440542205624136,0.9246073297945231,0.38773768917543583,0.38773768917543583,2,22.953022310547063,4.781879648030638,76,cvc-clinicdb,segformer,polypseg/runs_cv/segformer_seed42_fold3/best.pth,True
0.7356210729643398,0.5818042813233255,0.7640562248612421,0.7092264678141088,0.48172680171139826,0.48172680171139826,2,15.206686616082115,3.168059711683774,77,cvc-clinicdb,segformer,polypseg/runs_cv/segformer_seed42_fold3/best.pth,True
0.715943113759058,0.5575633925806598,0.5628125919222474,0.9835475577900489,0.43704498403027997,0.43704498403027997,2,145.54508112327932,30.32189190068319,78,cvc-clinicdb,segformer,polypseg/runs_cv/segformer_seed42_fold3/best.pth,True
0.8667305848306153,0.7648054145192553,0.8444652031366434,0.8902018709556769,0.46489099116487126,0.46489099116487126,2,8.0,1.6666666666666667,79,cvc-clinicdb,segformer,polypseg/runs_cv/segformer_seed42_fold3/best.pth,True
0.5760684729606165,0.40456192030410987,0.9698444507971195,0.40971578310659257,0.4593742744746466,0.4593742744746466,2,90.5168476898515,18.857676602052397,8,cvc-clinicdb,segformer,polypseg/runs_cv/segformer_seed42_fold3/best.pth,True
0.8534568309343878,0.7443739180182126,0.7443739180182126,0.9999999999224806,0.3576340628514304,0.3576340628514304,2,6.0,1.25,80,cvc-clinicdb,segformer,polypseg/runs_cv/segformer_seed42_fold3/best.pth,True
0.9239603710423173,0.8586676049629525,0.8665956439291359,0.9894580348562041,0.4533843689019921,0.4533843689019921,2,9.219544457292887,1.920738428602685,81,cvc-clinicdb,segformer,polypseg/runs_cv/segformer_seed42_fold3/best.pth,True
0.9380654140440075,0.8833551769100039,0.9466292134565554,0.9296551723881474,0.5954399349409287,0.5954399349409287,2,5.0,1.0416666666666667,82,cvc-clinicdb,segformer,polypseg/runs_cv/segformer_seed42_fold3/best.pth,True
0.869806697517725,0.7696087878129735,0.7752863521571026,0.9905742279425701,0.46222739063057394,0.46222739063057394,2,31.58937019169516,6.581118789936492,83,cvc-clinicdb,segformer,polypseg/runs_cv/segformer_seed42_fold3/best.pth,True
0.9413467103903014,0.8891926371261311,0.9536747458765896,0.9293333333156317,0.6866250904676491,0.6866250904676491,2,7.810249675906654,1.6271353491472196,84,cvc-clinicdb,segformer,polypseg/runs_cv/segformer_seed42_fold3/best.pth,True
0.9256317689456427,0.8615591397720794,0.8697421980872947,0.989197530847236,0.4760719728889506,0.4760719728889506,2,7.0,1.4583333333333333,85,cvc-clinicdb,segformer,polypseg/runs_cv/segformer_seed42_fold3/best.pth,True
0.9351883271043842,0.8782664117132207,0.9702517162300607,0.9025708203552879,0.5219457467693005,0.5219457467693005,2,5.830951894845301,1.2147816447594377,86,cvc-clinicdb,segformer,polypseg/runs_cv/segformer_seed42_fold3/best.pth,True
0.9518773135835017,0.908173562045435,0.9206488382153931,0.9852987175322913,0.6372108687487517,0.6372108687487517,2,4.123105625617661,0.858980338670346,87,cvc-clinicdb,segformer,polypseg/runs_cv/segformer_seed42_fold3/best.pth,True
0.9505663173393609,0.9057897921947592,0.9103811840853532,0.99446290141762,0.703014799275684,0.703014799275684,2,4.0,0.8333333333333334,88,cvc-clinicdb,segformer,polypseg/runs_cv/segformer_seed42_fold3/best.pth,True
0.9558590657070877,0.9154502369494701,0.9201600609580762,0.9944398681838048,0.7276117427709632,0.7276117427709632,2,3.0,0.625,89,cvc-clinicdb,segformer,polypseg/runs_cv/segformer_seed42_fold3/best.pth,True
0.5943029360266658,0.42278165847968197,0.9655662612388949,0.4292535636512235,0.41307954224299415,0.41307954224299415,2,103.18089018129001,21.496018787768755,9,cvc-clinicdb,segformer,polypseg/runs_cv/segformer_seed42_fold3/best.pth,True
0.9411764705794613,0.8888888888732367,0.8967845087778152,0.9901922322285173,0.5164313045413317,0.5164313045413317,2,4.47213595499958,0.9316949906249123,90,cvc-clinicdb,segformer,polypseg/runs_cv/segformer_seed42_fold3/best.pth,True
0.9122199788394171,0.838607035516376,0.8392004245384893,0.9991575399958055,0.3409869139049415,0.3409869139049415,2,8.0,1.6666666666666667,91,cvc-clinicdb,segformer,polypseg/runs_cv/segformer_seed42_fold3/best.pth,True
0.8851578240330741,0.7939759035985146,0.7944544906410598,0.999241849861025,0.5346922042772135,0.5346922042772135,2,14.0,2.9166666666666665,92,cvc-clinicdb,segformer,polypseg/runs_cv/segformer_seed42_fold3/best.pth,True
0.9346454705912863,0.8773093320493295,0.9227703039132344,0.9468302658244676,0.6872536777250683,0.6872536777250683,2,6.4031242374328485,1.3339842161318434,93,cvc-clinicdb,segformer,polypseg/runs_cv/segformer_seed42_fold3/best.pth,True
0.8908846908135554,0.8032390171108854,0.8219047618891065,0.9725039440844602,0.4080407542658917,0.4080407542658917,2,11.44719609995061,2.3848325208230436,94,cvc-clinicdb,segformer,polypseg/runs_cv/segformer_seed42_fold3/best.pth,True
0.8997901888210631,0.8178350889789714,0.8251786695835591,0.9892355008570027,0.41648435209965246,0.41648435209965246,2,9.219544457292887,1.920738428602685,95,cvc-clinicdb,segformer,polypseg/runs_cv/segformer_seed42_fold3/best.pth,True
0.8858877721850305,0.7951512873370579,0.7958991722950358,0.9988196411473367,0.41619964447776037,0.41619964447776037,2,13.0,2.7083333333333335,96,cvc-clinicdb,segformer,polypseg/runs_cv/segformer_seed42_fold3/best.pth,True
0.8645297852908296,0.7613848202194039,0.8840445268743339,0.8458579881406552,0.49158485332404744,0.49158485332404744,2,15.811388300841896,3.2940392293420615,97,cvc-clinicdb,segformer,polypseg/runs_cv/segformer_seed42_fold3/best.pth,True
0.9758361499219299,0.9528125307757579,0.9766737352218855,0.9749999999901713,0.9070695870877995,0.9070695870877995,2,2.23606797749979,0.4658474953124562,98,cvc-clinicdb,segformer,polypseg/runs_cv/segformer_seed42_fold3/best.pth,True
0.9534035656337561,0.9109562524079112,0.9406982942305344,0.9664567360218175,0.6382889170200189,0.6382889170200189,2,5.0,1.0416666666666667,99,cvc-clinicdb,segformer,polypseg/runs_cv/segformer_seed42_fold3/best.pth,True
