dice,iou,precision,recall,boundary_f1,boundary_f1_2px,tolerance_px,hd95,hd95_pct_diag,name,dataset,model,checkpoint,tta
0.9075593655440227,0.8307630977091736,0.9571407851456267,0.8628617503467947,0.3896488168621954,0.2357545754946142,4,36.260004758601006,4.3731465595005785,cju15mhjczc8z0801kit5c6di,kvasir-seg,unetpp,polypseg/runs_cv/unetpp_seed42_fold1/best.pth,True
0.9253671828209917,0.8611008039472963,0.9765745546222953,0.879262439998999,0.7147902993949965,0.5954773369662424,4,10.192159591641543,1.2480489630764493,cju17hw9hr9c5098800fu4u8e,kvasir-seg,unetpp,polypseg/runs_cv/unetpp_seed42_fold1/best.pth,True
0.9211913932368887,0.8538969632443497,0.9972934169573628,0.8558803935781965,0.5122612234259951,0.3732978656071183,3,152.0029602380589,21.77350982722824,cju17x0j4nfc10993y31pvlgs,kvasir-seg,unetpp,polypseg/runs_cv/unetpp_seed42_fold1/best.pth,True
0.9472218274806105,0.8997354354467916,0.9022686664091056,0.9968892079385206,0.6362498188201505,0.513638472911013,4,11.006804152578088,1.3479937201929233,cju17z0qongpa0993de4boim4,kvasir-seg,unetpp,polypseg/runs_cv/unetpp_seed42_fold1/best.pth,True
0.9800956971824826,0.9609682932751021,0.9743245154867225,0.9859356547221632,0.9475794345002239,0.7586345756300971,4,4.123105625617661,0.5049531557007768,cju1alwgo30z60855fm3y23sm,kvasir-seg,unetpp,polypseg/runs_cv/unetpp_seed42_fold1/best.pth,True
0.9731767360729994,0.9477548573949964,0.9578012215387521,0.9890539483920299,0.8650096704601252,0.7607997224246074,4,6.082762530298219,0.7317034936891788,cju1aqqv02qwz0878a5cyhr67,kvasir-seg,unetpp,polypseg/runs_cv/unetpp_seed42_fold1/best.pth,True
0.6895078534002533,0.5261442086389277,0.8170538018580796,0.5964060575277413,0.37582620189945914,0.25998812294934887,4,55.90169943749474,6.729812789247626,cju1b0y2e396p08558ois175d,kvasir-seg,unetpp,polypseg/runs_cv/unetpp_seed42_fold1/best.pth,True
0.9444058373829725,0.8946675444297674,0.9229985567457084,0.9668297020812198,0.7602073939786794,0.5811465487482221,4,12.083045973594572,1.488112888464873,cju1cqc7n4gpy0855jt246k68,kvasir-seg,unetpp,polypseg/runs_cv/unetpp_seed42_fold1/best.pth,True
0.9499592058678953,0.904687904676189,0.9661181026003856,0.9343319513048772,0.8562125071910999,0.6534793502712469,4,5.822247012577653,0.7502017384437717,cju1egh885m1l0855ci1lt37c,kvasir-seg,unetpp,polypseg/runs_cv/unetpp_seed42_fold1/best.pth,True
0.8560798205705074,0.7483737379276412,0.7498577067827965,0.997362572954169,0.28844117346102,0.1978500381760866,4,39.05124837953327,4.934140068812219,cju1f15k3w4ct0835cmde6ypo,kvasir-seg,unetpp,polypseg/runs_cv/unetpp_seed42_fold1/best.pth,True
0.9391047274488113,0.8852002188590194,0.9073798716532225,0.9731283572054427,0.5638118049694423,0.3884046691101447,4,48.815391790521986,5.872067591167303,cju1ffnjn6ctm08015perkg37,kvasir-seg,unetpp,polypseg/runs_cv/unetpp_seed42_fold1/best.pth,True
0.916533875482628,0.8459275788533732,0.8826330828565706,0.953142857131964,0.5788001270265034,0.38163094199594094,4,10.65818257304152,1.3032280320840801,cju1fm3id6gl50801r3fok20c,kvasir-seg,unetpp,polypseg/runs_cv/unetpp_seed42_fold1/best.pth,True
0.9632575881036636,0.9291194968495023,0.958227930200699,0.968340325111639,0.8563937440421807,0.6684796254565499,4,11.352349955359813,1.404673261131046,cju1gi7jlwyld0835cdf6g6qz,kvasir-seg,unetpp,polypseg/runs_cv/unetpp_seed42_fold1/best.pth,True
0.9850270407160426,0.9704958459296876,0.9801351992380807,0.9899679573533675,0.919070257019147,0.8000077316234901,4,5.656854249492381,0.7829145490154392,cju1hp9i2xu8e0988u2dazk7m,kvasir-seg,unetpp,polypseg/runs_cv/unetpp_seed42_fold1/best.pth,True
0.9837175438255416,0.9679568291757202,0.9856000606294562,0.9818422046036582,0.858916686497967,0.7521481854994216,4,7.261714664764877,0.9312937239016693,cju1hs0za7jha0855vj0mdrjt,kvasir-seg,unetpp,polypseg/runs_cv/unetpp_seed42_fold1/best.pth,True
0.8672911296858785,0.7656787656702666,0.7665296143930822,0.9985524029965468,0.6018543496582056,0.3546694167320583,4,155.90430924894315,20.8394701920398,cju2hgsptlfam0835o3b59h1o,kvasir-seg,unetpp,polypseg/runs_cv/unetpp_seed42_fold1/best.pth,True
0.7754872141401882,0.633302667881632,0.8711718552044756,0.6987413722960061,0.6624274561562898,0.3917474144844418,4,315.9773724189365,39.47367936813354,cju2hjrqcvi2j0801bx1i6gxg,kvasir-seg,unetpp,polypseg/runs_cv/unetpp_seed42_fold1/best.pth,True
0.9672806067161233,0.9366344943328033,0.989315541452458,0.9462058501953498,0.7161807813247814,0.4379297621239215,4,12.328850935495455,1.5840101757474168,cju2hlm19vjjf0801o69qnber,kvasir-seg,unetpp,polypseg/runs_cv/unetpp_seed42_fold1/best.pth,True
0.9619673670562157,0.9267217007697984,0.944450847056074,0.9801459155486167,0.9312589948629396,0.7014249760188296,4,4.47213595499958,0.5481332631862149,cju2hx006vidl0799igm81vmh,kvasir-seg,unetpp,polypseg/runs_cv/unetpp_seed42_fold1/best.pth,True
0.987142233396327,0.9746109137380902,0.9788304495155803,0.9955963859980327,0.9644434089353067,0.7256435194808483,4,3.605551275463989,0.4628054219157557,cju2lejzcy4pc0878c9rlonot,kvasir-seg,unetpp,polypseg/runs_cv/unetpp_seed42_fold1/best.pth,True
0.7923779058522671,0.6561472415023011,0.6581008657383624,0.9954961197270267,0.21924647972591316,0.113533343785488,4,33.440738543093076,4.167397833315254,cju2lyynuymli0855g7fxgbhe,kvasir-seg,unetpp,polypseg/runs_cv/unetpp_seed42_fold1/best.pth,True
0.9498491704356149,0.9044883303378654,0.9654300168597063,0.9347632477329124,0.6153167836557417,0.353988130095303,4,12.041594578792296,1.5457504689211656,cju2m71z2ywwv080131bcrsd3,kvasir-seg,unetpp,polypseg/runs_cv/unetpp_seed42_fold1/best.pth,True
0.9473118014820372,0.8998978071718855,0.9603365384611697,0.9346356375918204,0.5382687800447664,0.2049183035490651,9,46.08139536481643,2.6775204770844407,cju2nd7l7z98o0799gfjvyfmw,kvasir-seg,unetpp,polypseg/runs_cv/unetpp_seed42_fold1/best.pth,True
0.8612770219511355,0.7563534226971371,0.9974095668169396,0.7578421061903975,0.5630810805867442,0.46349368004843877,4,146.49282910018175,19.03813214276448,cju2nnqrqzp580855z8mhzgd6,kvasir-seg,unetpp,polypseg/runs_cv/unetpp_seed42_fold1/best.pth,True
0.9739861708073744,0.9492914647883527,0.9657204269160772,0.9823946316784197,0.8752377553029183,0.6877515845939369,4,8.21861822579481,1.035198015533475,cju2p4ddkmzxj0993p94o62av,kvasir-seg,unetpp,polypseg/runs_cv/unetpp_seed42_fold1/best.pth,True
0.9665694849337008,0.9353018619463651,0.9811258713601135,0.9524387129663403,0.8685905421847976,0.6343890024688147,4,5.014852927038915,0.6146520872702405,cju2phaksnahz0993yxogjcpv,kvasir-seg,unetpp,polypseg/runs_cv/unetpp_seed42_fold1/best.pth,True
0.9815715496846924,0.963810024534169,0.987003275352606,0.9761992810955487,0.8139196386063728,0.6195677519477056,4,8.168013654783554,1.0087673580819163,cju2qn2fzs1vy0988l243cvzy,kvasir-seg,unetpp,polypseg/runs_cv/unetpp_seed42_fold1/best.pth,True
0.9756518426378751,0.9524611682324383,0.9620373439377703,0.9896572103996416,0.6396152815142413,0.5585411311199471,3,7.0,1.062021080937553,cju2r2obh2bjm08553kng0rh7,kvasir-seg,unetpp,polypseg/runs_cv/unetpp_seed42_fold1/best.pth,True
0.9828315979504201,0.9662427538744108,0.9731418614422749,0.9927162398216421,0.7727611425265972,0.5236783886829094,4,7.0,0.8692815507810041,cju2r6mt2om21099352pny5gw,kvasir-seg,unetpp,polypseg/runs_cv/unetpp_seed42_fold1/best.pth,True
0.7500987044460614,0.6001263516681357,0.9610606559668696,0.6150822930617611,0.4840918905149233,0.3567451749659226,4,159.5935459006047,22.191255184796436,cju2rkjfwoxys0993x768l1j2,kvasir-seg,unetpp,polypseg/runs_cv/unetpp_seed42_fold1/best.pth,True
0.9758453235780853,0.9528300226948064,0.965777975923378,0.9861247678338867,0.7536101556581135,0.5679483210590218,4,11.313708498984761,1.4226578681230353,cju2rlqdnoz9k0993cpjae3x0,kvasir-seg,unetpp,polypseg/runs_cv/unetpp_seed42_fold1/best.pth,True
0.8900627927793777,0.8019037356249828,0.9849988969668542,0.8118181818108016,0.6333178835346963,0.3461510027397673,4,17.46424919657298,2.1354390353421016,cju2rn0hasxri0835nfy3buay,kvasir-seg,unetpp,polypseg/runs_cv/unetpp_seed42_fold1/best.pth,True
0.09087757659783623,0.047601754336889124,0.9773444221113466,0.04765433825065,0.026569663322679377,0.013075207956635068,4,267.26983359015566,32.68038775636587,cju2ro5jqsy680988pi6qsujw,kvasir-seg,unetpp,polypseg/runs_cv/unetpp_seed42_fold1/best.pth,True
0.8247247458031914,0.7017290144229356,0.9992528065306538,0.7020974185613206,0.24746682094993058,0.21091237122489645,4,140.88462004884127,17.24033023792946,cju2s9g11pnra0993gn4eh793,kvasir-seg,unetpp,polypseg/runs_cv/unetpp_seed42_fold1/best.pth,True
0.9051539078973666,0.826740776102177,0.8479941240240542,0.97057646116764,0.5158227126056262,0.400187784496748,4,86.31917341001999,11.205737761857058,cju2sggy13na70855tbeoqgha,kvasir-seg,unetpp,polypseg/runs_cv/unetpp_seed42_fold1/best.pth,True
0.9585914574458121,0.9204758922898248,0.9428257284135713,0.9748934154336817,0.8350304131270047,0.7445452597706192,4,8.790395920668704,1.2534069495723774,cju2spdagu1l50835da1f46fr,kvasir-seg,unetpp,polypseg/runs_cv/unetpp_seed42_fold1/best.pth,True
0.8989753435100364,0.8164897472650114,0.8360231236746885,0.9721801338719843,0.5831416601550108,0.4591303699369569,4,96.81513259823198,11.866274883157029,cju2srvy5440s0801y1ba9akr,kvasir-seg,unetpp,polypseg/runs_cv/unetpp_seed42_fold1/best.pth,True
0.977777039594443,0.9565203262569248,0.9845140143120459,0.9711316397196598,0.8774728664355256,0.7208184638134632,4,7.664392248374595,0.9508959284613253,cju2suk42469908015ngmq6f2,kvasir-seg,unetpp,polypseg/runs_cv/unetpp_seed42_fold1/best.pth,True
0.9575770517466033,0.9186070331155367,0.983334551566071,0.9331344939985206,0.7085985759477542,0.5551240058746003,4,23.60662390309763,2.8910826735186608,cju2sxf3iqbpv09937iksn8ep,kvasir-seg,unetpp,polypseg/runs_cv/unetpp_seed42_fold1/best.pth,True
0.9747665500359738,0.9507752113142396,0.9908144519242978,0.9592302079489272,0.9088687740345115,0.6686764014976774,4,5.0,0.6113744173328506,cju2t16vuucaq0835xcpsivn2,kvasir-seg,unetpp,polypseg/runs_cv/unetpp_seed42_fold1/best.pth,True
0.9725496159980438,0.946566015392323,0.9712792940554195,0.9738232651616838,0.8019951511454755,0.703368097516715,4,21.411430958215366,2.6243203781612308,cju2t62nq45jl0799odpufwx6,kvasir-seg,unetpp,polypseg/runs_cv/unetpp_seed42_fold1/best.pth,True
0.9755045299818429,0.9521804229788874,0.976159639271952,0.9748502993965277,0.8428755844275059,0.7343570367731523,3,41.43669871020132,5.928603677020245,cju2txjfzv60w098839dcimys,kvasir-seg,unetpp,polypseg/runs_cv/unetpp_seed42_fold1/best.pth,True
0.9699878104336269,0.9417245934166896,0.966865797119829,0.973130051046735,0.6764917929476227,0.348169761660069,8,39.56008088970496,2.4967510528531744,cju2uwz9f5yf1085506cfamfx,kvasir-seg,unetpp,polypseg/runs_cv/unetpp_seed42_fold1/best.pth,True
0.00016444663706491984,8.223007976250119e-05,0.00015283509093454324,0.00017796760989183187,0.0,0.0,4,208.33338187539832,25.514407868228734,cju2wxv0hxs2f09884w48v8fi,kvasir-seg,unetpp,polypseg/runs_cv/unetpp_seed42_fold1/best.pth,True
0.9808591109754794,0.9624372071994061,0.9720662429069006,0.9898125036251529,0.9363301812183398,0.7553997493647372,4,5.0,0.6145525871349613,cju2xa3i4y0160988i679zsqd,kvasir-seg,unetpp,polypseg/runs_cv/unetpp_seed42_fold1/best.pth,True
0.9898268022124027,0.9798585078086057,0.9895258776684839,0.9901279098395042,0.996851766041562,0.6478715644034078,8,5.0,0.3155644524355515,cju2xd75m82720801q4s4ik3n,kvasir-seg,unetpp,polypseg/runs_cv/unetpp_seed42_fold1/best.pth,True
0.9727258294936569,0.9468999196331402,0.9774743156085924,0.968023255807836,0.9342848698273494,0.6710542795909196,4,4.242640687119285,0.5103528204118206,cju2xwm1s84l50799i60mq0pu,kvasir-seg,unetpp,polypseg/runs_cv/unetpp_seed42_fold1/best.pth,True
0.9713864306764193,0.9443647834776338,0.9911424517306998,0.9524025947157277,0.8064530886204855,0.6089116782630746,4,7.0710678118654755,0.8661070382199949,cju2y26c588bo07993ksd8eoz,kvasir-seg,unetpp,polypseg/runs_cv/unetpp_seed42_fold1/best.pth,True
0.7303261081813757,0.5752076284212547,0.5790331049144725,0.9886447223221114,0.30955209610612955,0.2868263086332893,4,137.2953021774598,16.89310197424213,cju2y40d8ulqo0993q0adtgtb,kvasir-seg,unetpp,polypseg/runs_cv/unetpp_seed42_fold1/best.pth,True
0.9567903985250853,0.9171602688207166,0.9496668042668229,0.964021670804382,0.7046798854582121,0.449459470725816,4,16.93597564085822,2.080501911811566,cju2ycp1u8g2r0799jslnp7cz,kvasir-seg,unetpp,polypseg/runs_cv/unetpp_seed42_fold1/best.pth,True
0.972869529873177,0.9471723000808785,0.9766738073362292,0.9690947737761579,0.717941105634604,0.5053443162569001,4,9.205780829928214,1.1082522032006041,cju2yg5ht8i4p087800js8hp4,kvasir-seg,unetpp,polypseg/runs_cv/unetpp_seed42_fold1/best.pth,True
0.9739640983638579,0.9492495309479432,0.9609686609595349,0.9873158356816536,0.9546110809749766,0.8475581841502835,4,4.0,0.5182647357953791,cju2z45kuzf6d0988nz2c819m,kvasir-seg,unetpp,polypseg/runs_cv/unetpp_seed42_fold1/best.pth,True
0.8669510614457989,0.7651488227437468,0.9786635604267894,0.7781291648765996,0.7485362925039639,0.6002747743076168,4,279.56715555790925,34.98680920154247,cju2zdhsczmn50988z64qwg2q,kvasir-seg,unetpp,polypseg/runs_cv/unetpp_seed42_fold1/best.pth,True
0.9644117550019314,0.9312695076060177,0.9541835269484781,0.9748616389879652,0.892462051685945,0.5357002608754899,4,5.0,0.6191719011465461,cju2zkpdl9h7t0799ix60teqg,kvasir-seg,unetpp,polypseg/runs_cv/unetpp_seed42_fold1/best.pth,True
0.9839919759264674,0.9684883904570935,0.9840841001471643,0.9838998689497903,0.9158013470172267,0.8076825841388127,4,5.385164807134504,0.6727452263877508,cju2zwg05a0oy0801yr73ig7g,kvasir-seg,unetpp,polypseg/runs_cv/unetpp_seed42_fold1/best.pth,True
0.9726364785075546,0.9467305955097676,0.9614282689987137,0.9841090982621361,0.7487170166259767,0.5094488326148238,4,24.705133892289425,3.1144136202278494,cju302fqq9spc0878rrygyzzz,kvasir-seg,unetpp,polypseg/runs_cv/unetpp_seed42_fold1/best.pth,True
0.5525092548775625,0.381701407583665,0.786014096775192,0.4259656652355945,0.3825042395663275,0.27119063119456,4,238.7695427366044,29.218702269356243,cju30ajhw09sx0988qyahx9s8,kvasir-seg,unetpp,polypseg/runs_cv/unetpp_seed42_fold1/best.pth,True
0.9556659393699524,0.9150960170669894,0.9531732312601766,0.958171719362776,0.7209590140480078,0.5874752385988197,4,21.148204256369326,2.5879476779835433,cju30bmab08bi0835mvlr6e0r,kvasir-seg,unetpp,polypseg/runs_cv/unetpp_seed42_fold1/best.pth,True
0.9716555577984627,0.9448736414797829,0.9588604230866407,0.9847967901275082,0.8041273497143205,0.5474854146940074,4,9.0,1.1013478411452853,cju30df2j09dd08351ayx2t6w,kvasir-seg,unetpp,polypseg/runs_cv/unetpp_seed42_fold1/best.pth,True
0.9767563150832274,0.9545686227838032,0.967821952728699,0.9858571679207374,0.8279017338955239,0.6603474287116649,4,7.0710678118654755,0.8699218104179715,cju30k2z40ds308353kdew70n,kvasir-seg,unetpp,polypseg/runs_cv/unetpp_seed42_fold1/best.pth,True
0.8580378565658622,0.7513715419545771,0.9341169641425902,0.7934179711476221,0.4787255160214276,0.22554934117285474,4,17.0,2.0819751969432634,cju30mm25a53s0799qa5wiqe8,kvasir-seg,unetpp,polypseg/runs_cv/unetpp_seed42_fold1/best.pth,True
0.7164267257287869,0.5581502358216046,0.9403283009351534,0.5786454544366921,0.16385495099884537,0.12249460907526256,4,141.26375264683043,17.286725445518698,cju30nyxe0gfb0835p256yoju,kvasir-seg,unetpp,polypseg/runs_cv/unetpp_seed42_fold1/best.pth,True
0.961786174318582,0.9263854425048967,0.97752563821757,0.9465455313654495,0.900948834355912,0.739262787358843,4,5.0,0.6417956458769241,cju30ov1oah920801mi8thuyg,kvasir-seg,unetpp,polypseg/runs_cv/unetpp_seed42_fold1/best.pth,True
0.8025389194566604,0.6702004202863228,0.9929368029732086,0.6734108600418763,0.5073821993971752,0.36100583958214283,4,205.25739530184435,25.097824091184737,cju310f6val1v0855xo8tc3gu,kvasir-seg,unetpp,polypseg/runs_cv/unetpp_seed42_fold1/best.pth,True
0.9648328788660927,0.9320551813983703,0.9357653088994178,0.9957641870662889,0.8220590564948608,0.4967402321830184,4,5.830951894845301,0.7135451423566537,cju31rb7vb6110801p9rhacuw,kvasir-seg,unetpp,polypseg/runs_cv/unetpp_seed42_fold1/best.pth,True
0.6926829268114845,0.5298507462478457,0.6775489703326193,0.7085084033241329,0.4310384046385182,0.3281926129697367,4,57.19082346927168,7.004110350340254,cju31t8xd17bk0835rnb893jk,kvasir-seg,unetpp,polypseg/runs_cv/unetpp_seed42_fold1/best.pth,True
0.9868386857239773,0.9740193114550028,0.9786814926619071,0.9951330001291718,0.9424337782709588,0.6969570078262737,4,4.123105625617661,0.5467011803941803,cju31y80qbawn0801twwm2l5s,kvasir-seg,unetpp,polypseg/runs_cv/unetpp_seed42_fold1/best.pth,True
0.9374452557770722,0.8822559598683537,0.9783978163849241,0.8997832462060916,0.5210019669137305,0.3723988097947897,4,84.0,10.353499123163136,cju326h4v1gxw08352px40p7r,kvasir-seg,unetpp,polypseg/runs_cv/unetpp_seed42_fold1/best.pth,True
0.9719004472978875,0.9453369031661193,0.9877608112810636,0.9565413703556687,0.8493372214295339,0.5781999646756254,4,13.831953167427615,1.7754574633657145,cju3280wv1ir009882jze27tc,kvasir-seg,unetpp,polypseg/runs_cv/unetpp_seed42_fold1/best.pth,True
0.9185977204991612,0.8494505124616288,0.9741944200490497,0.8690041665224433,0.5906053794872715,0.4303667866989004,4,108.85676311305241,13.34403768317338,cju32a52lb9rc0799xi40qs00,kvasir-seg,unetpp,polypseg/runs_cv/unetpp_seed42_fold1/best.pth,True
0.9169184827035954,0.8465830762142572,0.9815801491830781,0.8602494830212344,0.6097438991186251,0.3556080720429949,4,119.04788310370013,14.320426212497187,cju32gzs6xo8x0993r8tedbpb,kvasir-seg,unetpp,polypseg/runs_cv/unetpp_seed42_fold1/best.pth,True
0.9522489815122017,0.9088504470141837,0.9854872942064734,0.92117962465994,0.7718619653453361,0.5326507894390541,4,12.039514849852678,1.4559890003353553,cju32pzh9bpw10855q4vaxfhe,kvasir-seg,unetpp,polypseg/runs_cv/unetpp_seed42_fold1/best.pth,True
0.9605932342390635,0.9241745059604509,0.9459127625140813,0.9757365684510348,0.8136935888776327,0.6060085336913229,4,8.06225774829855,1.0405962909994202,cju3381d8bz3h07991xtl7ra0,kvasir-seg,unetpp,polypseg/runs_cv/unetpp_seed42_fold1/best.pth,True
0.897028302252756,0.8132831550300742,0.8191717421230047,0.9912386187923188,0.7775255146723002,0.5756234840680937,4,84.34092307996639,10.145480408152002,cju33mirdc8mj0799k33wzoes,kvasir-seg,unetpp,polypseg/runs_cv/unetpp_seed42_fold1/best.pth,True
0.9810583639142475,0.9628209596802493,0.9887448297765322,0.973490484763985,0.9764023034854026,0.8313975097415646,4,4.0,0.4851076345097218,cju33w4sdcivk0855x879zht7,kvasir-seg,unetpp,polypseg/runs_cv/unetpp_seed42_fold1/best.pth,True
0.9287312136212489,0.8669450892531582,0.8689269095555352,0.9973760932932975,0.657982423782551,0.49808655884880776,4,69.68046479653839,8.630981600965,cju34aozyyy830993bn16u32n,kvasir-seg,unetpp,polypseg/runs_cv/unetpp_seed42_fold1/best.pth,True
0.9694071446637654,0.940630569719497,0.9772059762420048,0.9617318084644857,0.8635669050996141,0.6879762451997744,4,5.0297058540778306,0.6155789676509391,cju34ymm8d6700799uop0cw33,kvasir-seg,unetpp,polypseg/runs_cv/unetpp_seed42_fold1/best.pth,True
0.9046155901401839,0.8258430392084489,0.8511988938109248,0.9651854755354645,0.5122927122945122,0.3558637135926866,4,231.92347274507966,28.376983422647218,cju3518w2d838079939fqztbc,kvasir-seg,unetpp,polypseg/runs_cv/unetpp_seed42_fold1/best.pth,True
0.9846137071267705,0.9696937156208973,0.9775786371552564,0.991750765737621,0.8214884401784491,0.6700498155500727,4,7.0,0.899359663625159,cju35a77vdj4n08556jj2lgmc,kvasir-seg,unetpp,polypseg/runs_cv/unetpp_seed42_fold1/best.pth,True
0.9724560589752466,0.9463887821725963,0.9951322965037465,0.9507902506784176,0.8846326871927939,0.7928928725411781,4,27.459060435491963,3.385804262371642,cju35fxqyzt5p0993vusm54qz,kvasir-seg,unetpp,polypseg/runs_cv/unetpp_seed42_fold1/best.pth,True
0.8867637282465064,0.7965638119657537,0.9855555484471348,0.8059731943873495,0.5596648045871483,0.4280877690369686,4,128.65959643887282,16.176892447590326,cju3tp94kfstl08181awh6z49,kvasir-seg,unetpp,polypseg/runs_cv/unetpp_seed42_fold1/best.pth,True
0.9369194185095682,0.8813249294761959,0.9654997585684078,0.909982478892962,0.6927431307397243,0.484280043683501,4,40.05993221153266,4.909998619692685,cju3u4lxmg59o0755rz42b9en,kvasir-seg,unetpp,polypseg/runs_cv/unetpp_seed42_fold1/best.pth,True
0.9764861371313138,0.9540526733994946,0.9683989168607237,0.9847095696974583,0.8249461448096411,0.7074978852693646,4,9.337484628412922,1.1664913582424548,cju3umoh1geet0817cmpef5am,kvasir-seg,unetpp,polypseg/runs_cv/unetpp_seed42_fold1/best.pth,True
0.7245119305836684,0.5680272108818767,0.9856980703671153,0.5727476586177165,0.5657476270615075,0.43230896165645344,4,107.15409464878138,13.102254436145566,cju3uwz6ogsp10801h2r3bj5l,kvasir-seg,unetpp,polypseg/runs_cv/unetpp_seed42_fold1/best.pth,True
0.9720525478998743,0.9456247456170481,0.9562103876783585,0.9884284863355021,0.9999999500000026,0.7127021921679427,4,3.1622776601683795,0.38728139143049084,cju3v72v5h1qz0818fggilwtq,kvasir-seg,unetpp,polypseg/runs_cv/unetpp_seed42_fold1/best.pth,True
0.9475227769893759,0.9002786533270292,0.9009371428563191,0.9991888055151094,0.6856382225679191,0.5496549014285989,4,77.25283166331187,9.99048778527901,cju3wstckialg0871xs0vevsj,kvasir-seg,unetpp,polypseg/runs_cv/unetpp_seed42_fold1/best.pth,True
0.9858118361140796,0.972020647861719,0.9799135200337374,0.9917815887206967,0.9521350188079435,0.8204443740541959,4,5.0,0.629910293429802,cju3x7xsaijq80818f0psavav,kvasir-seg,unetpp,polypseg/runs_cv/unetpp_seed42_fold1/best.pth,True
0.7858276157800247,0.6472125589356627,0.972549123666964,0.6592558616403967,0.5309684238175437,0.2906666828293021,4,168.88442625799485,20.69954326022611,cju3xeexgii1j0817zs68tb4g,kvasir-seg,unetpp,polypseg/runs_cv/unetpp_seed42_fold1/best.pth,True
0.9568195008650213,0.9172137531888592,0.9450814033370203,0.9688528443703707,0.900597115499499,0.6585634859219232,4,5.0,0.6417956458769241,cju3xiic0ilzp0850lusrb42j,kvasir-seg,unetpp,polypseg/runs_cv/unetpp_seed42_fold1/best.pth,True
0.9568998185036031,0.9173613766712861,0.9250375968824952,0.9910352805069176,0.5770889581954369,0.25432699094143163,4,14.7881592178081,1.809656358782856,cju3xjqtpikx50817tppy6g84,kvasir-seg,unetpp,polypseg/runs_cv/unetpp_seed42_fold1/best.pth,True
0.7911495754376586,0.6544644063173412,0.658109209449483,0.9916086778449487,0.4655304822438926,0.2517314370982716,4,43.87025848632812,5.381282321918933,cju3xuj20ivgp0818mij8bjrd,kvasir-seg,unetpp,polypseg/runs_cv/unetpp_seed42_fold1/best.pth,True
0.9804330593642603,0.9616171536053554,0.9880591994535144,0.9729237393311838,0.8794771317557776,0.7875651290350851,3,4.47213595499958,0.645620980250193,cju3xvoo2iqlc0817eku2r3wl,kvasir-seg,unetpp,polypseg/runs_cv/unetpp_seed42_fold1/best.pth,True
0.8684190902295518,0.7674387953449292,0.7868846920477486,0.9688032943680844,0.5785355317356542,0.49671907529717657,4,58.0,6.976896175476987,cju3xwpgviwlx0871rwm15q7v,kvasir-seg,unetpp,polypseg/runs_cv/unetpp_seed42_fold1/best.pth,True
0.9796862946730963,0.9601814516048371,0.9685619862641422,0.9910691060349339,0.9990300178952969,0.8745162717081303,4,2.8284271247461903,0.3630783718699371,cju3y0pjrj1c30755nxekxccj,kvasir-seg,unetpp,polypseg/runs_cv/unetpp_seed42_fold1/best.pth,True
0.9221590359363575,0.8555613181184561,0.8790220109011784,0.9697483551494048,0.5495737916812238,0.33608801897575025,4,48.0338251232791,5.778051910278213,cju3yb47cj1xq0817zfotbni4,kvasir-seg,unetpp,polypseg/runs_cv/unetpp_seed42_fold1/best.pth,True
0.7258330191108339,0.56965298112208,0.9999999999981772,0.56965298112208,0.1939236051171967,0.06602470965549236,4,107.33289335084166,13.661766578758217,cju40jl7skiuo0817p0smlgg8,kvasir-seg,unetpp,polypseg/runs_cv/unetpp_seed42_fold1/best.pth,True
0.9575695708114208,0.918593264355096,0.9632126434172811,0.9519922340336584,0.6553709652693139,0.43359830100203345,4,9.219544457292887,1.1099091588280228,cju40u30gkuzc0871rq7t666d,kvasir-seg,unetpp,polypseg/runs_cv/unetpp_seed42_fold1/best.pth,True
0.5491240180117852,0.3784775713629849,0.433224417819529,0.7496858732689388,0.3450645969305599,0.1697352463238521,4,182.7840255602223,22.42411207154898,cju40w3hbkwpn08015rbs3wko,kvasir-seg,unetpp,polypseg/runs_cv/unetpp_seed42_fold1/best.pth,True
0.9819701049095126,0.9645788494474717,0.9875999103571091,0.9764041209668165,0.9304301541334998,0.7510015117575708,4,4.47213595499958,0.579468719492686,cju41s6nbleqy0755e2mslg0b,kvasir-seg,unetpp,polypseg/runs_cv/unetpp_seed42_fold1/best.pth,True
0.8792500349779543,0.7845193508086873,0.9663444639676346,0.8065568961061771,0.6553435034066015,0.5862351220464609,4,96.91334676890678,11.657833765942426,cju42m60jlpcm08186kqppzqv,kvasir-seg,unetpp,polypseg/runs_cv/unetpp_seed42_fold1/best.pth,True
0.51687792971387,0.3485066671647276,0.39353367262814704,0.7528380398305141,0.4485950555365078,0.32649073860970634,3,153.50414042281943,22.05296198502529,cju42py9mlqyd0818u3d1d7ga,kvasir-seg,unetpp,polypseg/runs_cv/unetpp_seed42_fold1/best.pth,True
0.9207496987069216,0.8531382364255511,0.9880044593073385,0.8620676238267485,0.6868151938659793,0.49262419668692936,4,30.20690632574555,3.63362843477734,cju430pm2lz0y0755jkhcc3d1,kvasir-seg,unetpp,polypseg/runs_cv/unetpp_seed42_fold1/best.pth,True
0.9832744675437943,0.9670992181817246,0.9937717409292798,0.9729966428242868,0.9067632471965316,0.6906160046578572,4,6.336340657901162,0.7908319296773589,cju43b8daly4408170e5ev06g,kvasir-seg,unetpp,polypseg/runs_cv/unetpp_seed42_fold1/best.pth,True
0.9681004562629799,0.9381731604968135,0.9818850611043709,0.9546975348961477,0.8677359402725952,0.5222487822854772,4,6.708203932499369,0.8239619263094794,cju43o6n7m9nk087191ijwqq9,kvasir-seg,unetpp,polypseg/runs_cv/unetpp_seed42_fold1/best.pth,True
0.9514565337243251,0.9074078131484686,0.9922612487397761,0.9138752813431442,0.597449105492916,0.3659168996432942,4,21.649367190149732,2.6042308129388383,cju45pm27n80u08174kyow1gj,kvasir-seg,unetpp,polypseg/runs_cv/unetpp_seed42_fold1/best.pth,True
0.9754259007969343,0.9520306062349616,0.9945976809513589,0.9569792503023412,0.8695764369296146,0.6871066013217926,4,6.012414379544731,0.7357510663313844,cju5bdwa3aatx0818b79i18zf,kvasir-seg,unetpp,polypseg/runs_cv/unetpp_seed42_fold1/best.pth,True
0.9657252536322405,0.9337221633069394,0.9414762804274486,0.991256379463766,0.7060071804938496,0.47037972072009177,4,12.083045973594572,1.4926648593114349,cju5bhv81abur0850ean02atv,kvasir-seg,unetpp,polypseg/runs_cv/unetpp_seed42_fold1/best.pth,True
0.9534614676715569,0.9110619802504558,0.9798956954063288,0.9284159860699751,0.7224018127042854,0.487397858162363,4,20.525582104012265,2.877936863878052,cju5buy2bal250818ipl6fqwv,kvasir-seg,unetpp,polypseg/runs_cv/unetpp_seed42_fold1/best.pth,True
0.9762103854827158,0.9535263609242587,0.992244438303992,0.9606862926598764,0.8057927146992713,0.525446108047377,4,7.615773105863909,0.9537728401203406,cju5c5xc7algd0817pb1ej5yo,kvasir-seg,unetpp,polypseg/runs_cv/unetpp_seed42_fold1/best.pth,True
0.9584988010188684,0.9203050384930311,0.9921725197630948,0.9270357826512369,0.6983609203533396,0.5970409245261766,4,15.753945579925508,2.038374581458592,cju5c7oijaqmq09878qwgqv8n,kvasir-seg,unetpp,polypseg/runs_cv/unetpp_seed42_fold1/best.pth,True
0.9602164736005441,0.9234772904371401,0.9792897295412325,0.9418719888523134,0.571229193992342,0.331061130113786,4,26.1725046566048,3.202781277879625,cju5eq8c8ck690850vix98hv3,kvasir-seg,unetpp,polypseg/runs_cv/unetpp_seed42_fold1/best.pth,True
0.9780981262529804,0.9571350746883128,0.9935710458926318,0.9630997374543057,0.8446894083996594,0.6807838009870866,4,6.324555320336759,0.7613914015028721,cju5f0dezct4q08183ydw11dx,kvasir-seg,unetpp,polypseg/runs_cv/unetpp_seed42_fold1/best.pth,True
0.9789788039908377,0.9588231936979813,0.9917796897814434,0.9665041492270117,0.8610330174676808,0.6734897126391185,4,17.0,2.4202482320486727,cju5fb86jd1jp0755b1ukbhq5,kvasir-seg,unetpp,polypseg/runs_cv/unetpp_seed42_fold1/best.pth,True
0.9380879083263837,0.8833950716654136,0.9034259360881551,0.9755157694986037,0.6630504140274232,0.47935588470740975,4,15.092518132865818,1.9373901710796781,cju5fu081d8gc0818l3yylujk,kvasir-seg,unetpp,polypseg/runs_cv/unetpp_seed42_fold1/best.pth,True
0.9820907036957769,0.9648116067526894,0.9893782383383072,0.9749097407061197,0.9408804641894076,0.7782860646200078,4,4.242640687119285,0.5507689320867042,cju5fw37edaae0801vkwvocn7,kvasir-seg,unetpp,polypseg/runs_cv/unetpp_seed42_fold1/best.pth,True
0.7867204330730446,0.6484246949494771,0.6496077358087063,0.9971992717967064,0.6084952591154553,0.5249734865251275,4,51.28276703100117,6.1737554476162275,cju5gucasds9d0801019axylx,kvasir-seg,unetpp,polypseg/runs_cv/unetpp_seed42_fold1/best.pth,True
0.9377340823959585,0.8827677390902584,0.890863266687371,0.9898108057205623,0.6654656820452582,0.5820537703121832,3,51.861276039235776,7.761020844025012,cju5hi52odyf90817prvcwg45,kvasir-seg,unetpp,polypseg/runs_cv/unetpp_seed42_fold1/best.pth,True
0.3772966590759421,0.232511174138021,0.9943481297961875,0.23281886579202304,0.3352198446177116,0.27137350974216107,4,149.81321302436615,18.135943570962617,cju5ht88gedbu0755xrcuddcx,kvasir-seg,unetpp,polypseg/runs_cv/unetpp_seed42_fold1/best.pth,True
0.9877157534419327,0.975729649849169,0.989509507008243,0.9859284914337115,0.8917334803057845,0.7155701919985379,4,7.615773105863909,0.9343100367439641,cju5i5oh2efg60987ez6cpf72,kvasir-seg,unetpp,polypseg/runs_cv/unetpp_seed42_fold1/best.pth,True
0.9773638666078056,0.955729838496694,0.970196941122092,0.9846374654423525,0.8959471999206049,0.7620283850188617,4,5.0,0.6151276112486258,cju5kre09fhka0850h7b1898j,kvasir-seg,unetpp,polypseg/runs_cv/unetpp_seed42_fold1/best.pth,True
0.9616416194773654,0.9261172611650175,0.983455242067368,0.9407746772099893,0.9056603273698852,0.555644486144131,4,4.551315561749631,0.5647362928919816,cju5uget8krjy0818kvywd0zu,kvasir-seg,unetpp,polypseg/runs_cv/unetpp_seed42_fold1/best.pth,True
0.9650597815987227,0.9324787697298088,0.9628477234589337,0.9672820271611429,0.5367919267989639,0.3261325909483262,4,17.88854381999832,2.1890565685986645,cju5vgawslbe30987ndeepc1b,kvasir-seg,unetpp,polypseg/runs_cv/unetpp_seed42_fold1/best.pth,True
0.962908518175711,0.9284701832493243,0.9782910177033375,0.9480022742495063,0.8617030320762329,0.7151229789588124,4,6.332412212046361,0.7749098354421444,cju5von04litr08718j8po40a,kvasir-seg,unetpp,polypseg/runs_cv/unetpp_seed42_fold1/best.pth,True
0.9819892243205645,0.9646157464936166,0.9867995874837168,0.9772255319115669,0.9449631128553636,0.7280044517531442,4,4.242640687119285,0.5191803512793305,cju5wi6bqlxy90755bu227nvb,kvasir-seg,unetpp,polypseg/runs_cv/unetpp_seed42_fold1/best.pth,True
0.9797182226342401,0.9602427921076374,0.9752889802192392,0.9841878791003781,0.8727753799614099,0.6567376326328249,4,11.057336805529985,1.3288974063111263,cju5wkonqlrl409877y8zvnub,kvasir-seg,unetpp,polypseg/runs_cv/unetpp_seed42_fold1/best.pth,True
0.9291314134870405,0.8676427950067581,0.9038054968219283,0.9559175850426775,0.7254196195328037,0.5171392161376271,4,12.649110640673518,1.55657814051018,cju5wmvsdlx1j0871npgj8j4b,kvasir-seg,unetpp,polypseg/runs_cv/unetpp_seed42_fold1/best.pth,True
0.9797989092245416,0.9603978255696562,0.981112004556161,0.9784893240213777,0.8124452249020051,0.22981305278072212,9,12.649110640673518,0.7349658683115478,cju5woy82m07m08505dmjg7g1,kvasir-seg,unetpp,polypseg/runs_cv/unetpp_seed42_fold1/best.pth,True
0.9578038094631361,0.9190244775024029,0.95575468187723,0.9598617425392045,0.6121926426442604,0.3274287550158753,4,9.899494936611665,1.2133447010782736,cju5wrapcm2290818jsh26ppb,kvasir-seg,unetpp,polypseg/runs_cv/unetpp_seed42_fold1/best.pth,True
0.9593236136012294,0.9218270214825764,0.9931082012268352,0.9277620396481102,0.8476280643012635,0.7539196155332512,4,5.830951894845301,0.7014128616299392,cju5wrrs0m2af0818vmnajbtw,kvasir-seg,unetpp,polypseg/runs_cv/unetpp_seed42_fold1/best.pth,True
0.8744282200852181,0.7768746833288784,0.7897459009340078,0.9794522370951546,0.6600979505764781,0.5443301116333329,4,62.50584576101465,8.030748059747456,cju5yjq1pmlgc0801z0t24bly,kvasir-seg,unetpp,polypseg/runs_cv/unetpp_seed42_fold1/best.pth,True
0.9010306863381293,0.8198870297258883,0.9355466374688611,0.8689709702827406,0.5796696299273824,0.4532333502494935,4,17.0351728305871,2.209265800068313,cju6ur9l9v9jq0755paud9uka,kvasir-seg,unetpp,polypseg/runs_cv/unetpp_seed42_fold1/best.pth,True
0.985211028434566,0.9708531094053571,0.9914864528937951,0.9790145425518418,0.9578551600002826,0.6964954232662807,4,4.0,0.5138850296852931,cju6vgdmivcvb08018fra5lnv,kvasir-seg,unetpp,polypseg/runs_cv/unetpp_seed42_fold1/best.pth,True
0.9502256495619545,0.9051713343590919,0.9988485630020318,0.9061168212546749,0.7747350460478215,0.666074509021956,4,24.18056267151009,3.3911831484332438,cju6w733bveoz0817e600tw72,kvasir-seg,unetpp,polypseg/runs_cv/unetpp_seed42_fold1/best.pth,True
0.876334854893054,0.77988968395887,0.7890410545678946,0.9853464675183307,0.5888970705750394,0.4637189659542393,4,114.25453741621396,13.970460248094438,cju6wn57mvooj0850rp78hhy7,kvasir-seg,unetpp,polypseg/runs_cv/unetpp_seed42_fold1/best.pth,True
0.9521598540746248,0.9086880835566261,0.9304153205787444,0.9749450829316959,0.584788483891244,0.37585004339012956,4,56.26938502056739,7.223165313556927,cju6xlygpw7bs0818n691jsq4,kvasir-seg,unetpp,polypseg/runs_cv/unetpp_seed42_fold1/best.pth,True
0.9734167318196216,0.9482102056319361,0.9807869053307331,0.9661564992413617,0.8759744029999318,0.7197335581949894,4,6.0,0.7395356516545096,cju6yxyt0wh080871sqpepu47,kvasir-seg,unetpp,polypseg/runs_cv/unetpp_seed42_fold1/best.pth,True
0.977359660910806,0.955721795388282,0.9794658212615166,0.9752625389404046,0.8122026082988134,0.5601577193483459,4,6.4031242374328485,0.7840745126804529,cju6z7e4bwgdd0987ogkzq9kt,kvasir-seg,unetpp,polypseg/runs_cv/unetpp_seed42_fold1/best.pth,True
0.9870362219021298,0.9744042612812605,0.995132705354038,0.9790704225324534,0.9673864488952925,0.841399598404527,4,3.605551275463989,0.4428662283127732,cju773hsyyosz0817pk1e7sjq,kvasir-seg,unetpp,polypseg/runs_cv/unetpp_seed42_fold1/best.pth,True
0.9417082148999865,0.8898379711139783,0.9323962722574588,0.9512080326295851,0.7447012996926815,0.5310402311194176,4,31.953090617340916,3.9101630410364545,cju77k828z46w0871r0avuoo9,kvasir-seg,unetpp,polypseg/runs_cv/unetpp_seed42_fold1/best.pth,True
0.9740640910432783,0.9494395142419841,0.9948611281006776,0.9541187514630598,0.9029759429307266,0.6996815641863179,4,5.0990195135927845,0.6268083552982382,cju77vvcwzcm50850lzoykuva,kvasir-seg,unetpp,polypseg/runs_cv/unetpp_seed42_fold1/best.pth,True
0.9893152394315828,0.9788563932389602,0.9965172305423216,0.9822166012789306,0.8962754863500042,0.681134482963915,4,53.0,6.380487201984587,cju7ajnbo1gvm098749rdouk0,kvasir-seg,unetpp,polypseg/runs_cv/unetpp_seed42_fold1/best.pth,True
0.9237317842640698,0.8582728457073693,0.998448325631501,0.8594191644638627,0.521500010311086,0.42681702817295,4,27.0,3.304043523435856,cju7alcgr1lsr0871riqk84z7,kvasir-seg,unetpp,polypseg/runs_cv/unetpp_seed42_fold1/best.pth,True
0.972768476777698,0.9469807485329499,0.9937510979471635,0.9526536111221848,0.701671010251551,0.5734812870241726,4,8.54400374531753,1.1154916928525551,cju7amjna1ly40871ugiokehb,kvasir-seg,unetpp,polypseg/runs_cv/unetpp_seed42_fold1/best.pth,True
0.9752274143290028,0.9516525207301937,0.9955984123727977,0.9556733258414603,0.8101291909098867,0.5981412794059947,4,7.0710678118654755,0.8966132887221138,cju7apr0c1qqm0755s7msqot4,kvasir-seg,unetpp,polypseg/runs_cv/unetpp_seed42_fold1/best.pth,True
0.9547312815790597,0.9133835775946181,0.9872464731843745,0.9242895895385683,0.569006340150991,0.4212380916649648,4,17.693217969639893,2.4261312254472447,cju7bb3ss1uoo0755pmhyco7t,kvasir-seg,unetpp,polypseg/runs_cv/unetpp_seed42_fold1/best.pth,True
0.9639350101589418,0.9303808348034405,0.9428308998179729,0.9860055315397459,0.7108058516196183,0.5123563551933643,4,50.021951811795866,6.131006738936638,cju7bfx651qr80801cs7epotb,kvasir-seg,unetpp,polypseg/runs_cv/unetpp_seed42_fold1/best.pth,True
0.954874185642275,0.9136452018736964,0.9838650080034884,0.9275429633048594,0.6913228554608427,0.4426243796350241,4,17.0,2.0803236999410943,cju7cq6su27qv075574dir0r3,kvasir-seg,unetpp,polypseg/runs_cv/unetpp_seed42_fold1/best.pth,True
0.5719359749061519,0.40049743208716854,0.8132447145744043,0.44106242959573005,0.14646331899014656,0.09667668795244933,4,377.69299693919584,46.954518870673084,cju7db7lp2f400755tntd1ohf,kvasir-seg,unetpp,polypseg/runs_cv/unetpp_seed42_fold1/best.pth,True
0.9370015697594495,0.8814703231004878,0.995745821189833,0.8848024478953662,0.4856252710751765,0.30076185674159445,4,50.99656829757475,6.258020257582267,cju7dff9529h208503w60lbil,kvasir-seg,unetpp,polypseg/runs_cv/unetpp_seed42_fold1/best.pth,True
0.8387635076000338,0.7223020574099711,0.9605891812502375,0.7443607664648564,0.40047291692769854,0.2858872576317629,4,42.033316480034365,5.156685856974026,cju7dglf226g50987ohbthl19,kvasir-seg,unetpp,polypseg/runs_cv/unetpp_seed42_fold1/best.pth,True
0.9270560327502467,0.8640302392738579,0.901916992367575,0.9536366498721788,0.5630810293264581,0.3524578449991958,4,101.55002859768135,12.21558631280589,cju7dn24o296i09871qfxb8s2,kvasir-seg,unetpp,polypseg/runs_cv/unetpp_seed42_fold1/best.pth,True
0.973584214620305,0.9485280999065632,0.9935990281689782,0.9543598258719456,0.8774119914938229,0.7335174595368675,4,5.0,0.6019327549042063,cju7dp3dw2k4n0755zhe003ad,kvasir-seg,unetpp,polypseg/runs_cv/unetpp_seed42_fold1/best.pth,True
0.9725883845320925,0.9466394674632455,0.9607191500901078,0.9847545652483121,0.8676944445601693,0.6874697611624857,4,5.113326778269857,0.6267216651982969,cju7dqcwi2dz00850gcmr2ert,kvasir-seg,unetpp,polypseg/runs_cv/unetpp_seed42_fold1/best.pth,True
0.9368864512529939,0.8812665894035641,0.9897967752750466,0.889345808494512,0.587709025176754,0.45138808356722293,4,39.81205847478876,4.87961764703292,cju7dtb1e2j0t0818deq51ib3,kvasir-seg,unetpp,polypseg/runs_cv/unetpp_seed42_fold1/best.pth,True
0.9367601068960746,0.8810430392725228,0.9913589755909321,0.8878613464379748,0.4884705382618847,0.2746578447488433,4,17.515285889301754,2.1433802556916626,cju7dymur2od30755eg8yv2ht,kvasir-seg,unetpp,polypseg/runs_cv/unetpp_seed42_fold1/best.pth,True
0.7491748303431407,0.598944479625928,0.9696514012237207,0.6103868163994217,0.4849801616319794,0.3318985103634813,4,74.97041183541242,9.025429306478543,cju7ejm2l2ncl0801wq6y84nw,kvasir-seg,unetpp,polypseg/runs_cv/unetpp_seed42_fold1/best.pth,True
0.96606710864043,0.934361520669006,0.9938682941884187,0.939778948455316,0.4795460784259923,0.25807997892142065,4,44.183242980056995,5.319068233517528,cju7eotqi2qea0871y8yc7tqh,kvasir-seg,unetpp,polypseg/runs_cv/unetpp_seed42_fold1/best.pth,True
0.9773687218286445,0.9557391238573806,0.9697806882900425,0.9850764367060889,0.6537439296076579,0.4578214246377953,4,64.09999999999991,8.134825639703587,cju7es23b2vcp0755gpbm9s7v,kvasir-seg,unetpp,polypseg/runs_cv/unetpp_seed42_fold1/best.pth,True
0.9651346426382564,0.932618563151774,0.9854461258538598,0.9456435486393205,0.638074041422359,0.45129972389421863,4,6.0,0.7767070011496259,cju7eueum2oqn0850rodmx8zo,kvasir-seg,unetpp,polypseg/runs_cv/unetpp_seed42_fold1/best.pth,True
0.944220128605393,0.894334277616174,0.9185781484849493,0.9713348033384372,0.7557659366302242,0.6220361822133605,4,16.1245154965971,1.9731889257434347,cju7ey10f2rvf0871bwbi9x82,kvasir-seg,unetpp,polypseg/runs_cv/unetpp_seed42_fold1/best.pth,True
0.9871826240796394,0.9746896602979125,0.9919621749399603,0.982448910782604,0.7713139372474358,0.5985018002380368,4,36.55624879483215,4.552459376691425,cju7fazv92ywx0755xov2erga,kvasir-seg,unetpp,polypseg/runs_cv/unetpp_seed42_fold1/best.pth,True
0.9716224269915927,0.9448109843053233,0.9896031128373864,0.9542834844180996,0.8116315040765192,0.5080538902436161,4,6.4031242374328485,0.8234475644911812,cju7fbndk2sl608015ravktum,kvasir-seg,unetpp,polypseg/runs_cv/unetpp_seed42_fold1/best.pth,True
0.958466202116769,0.9202449349840736,0.9803495208156013,0.9375385089316658,0.8522993393694209,0.5920632938898847,4,9.232908883453488,1.131643699098774,cju7fen322ou10817ziqkob4k,kvasir-seg,unetpp,polypseg/runs_cv/unetpp_seed42_fold1/best.pth,True
0.9223781090848662,0.8559385410234825,0.9596768046271844,0.8878702397680686,0.4663723507079841,0.19487934932235013,4,10.285871029606856,1.3191329564647696,cju83h9ysjwe808716nt35oah,kvasir-seg,unetpp,polypseg/runs_cv/unetpp_seed42_fold1/best.pth,True
0.9761513273451998,0.9534136766657879,0.9964708920293907,0.9566438959867876,0.8744204030467815,0.6102861488169731,4,5.385164807134504,0.6606569627123093,cju83k8fyjsxr0817d6nxs6r4,kvasir-seg,unetpp,polypseg/runs_cv/unetpp_seed42_fold1/best.pth,True
0.972302174112812,0.9460973348595398,0.9940166812626406,0.9515161012293728,0.700385772958813,0.48290934297453786,4,19.493136610039706,2.4975913665918337,cju83qd0yjyht0817ktkfl268,kvasir-seg,unetpp,polypseg/runs_cv/unetpp_seed42_fold1/best.pth,True
0.9736642541232802,0.9486800572180729,0.9851695435448411,0.9624245913228002,0.7563289798092923,0.6782389719353417,4,19.673552781013125,2.6328660032168667,cju83u9ftk3ni0987qnhlcinv,kvasir-seg,unetpp,polypseg/runs_cv/unetpp_seed42_fold1/best.pth,True
0.9782947670414485,0.9575117514164047,0.9817851777635772,0.9748290863860322,0.9127556456676033,0.6870549129156789,4,5.0,0.6152915350052223,cju846ec0kj7z08012o10klrb,kvasir-seg,unetpp,polypseg/runs_cv/unetpp_seed42_fold1/best.pth,True
0.9711255468620678,0.9438717657924757,0.996029587724377,0.9474364943817712,0.9112398639465168,0.6240951478225422,4,5.0,0.6123456461597834,cju85a8h8llwm07559wxg4t5w,kvasir-seg,unetpp,polypseg/runs_cv/unetpp_seed42_fold1/best.pth,True
0.9628768098719134,0.928411223504699,0.9748630202779253,0.9511817670186119,0.7941383064221587,0.5854594165682723,4,7.447941497572213,1.0486844860061444,cju85bf1algsq0871y9gtlq97,kvasir-seg,unetpp,polypseg/runs_cv/unetpp_seed42_fold1/best.pth,True
0.953045620152137,0.910302911470343,0.9468746813404009,0.9592975206512468,0.7987526484906473,0.6280441741839397,4,7.0710678118654755,0.8888913470609514,cju85dx63lic408017f0l0400,kvasir-seg,unetpp,polypseg/runs_cv/unetpp_seed42_fold1/best.pth,True
0.9279771832840712,0.865631933214694,0.9960732134733172,0.8685960625976392,0.5766875114345681,0.4233212787539276,4,89.0634427837473,11.432859456103554,cju85l4yjlops0801fvmnwptf,kvasir-seg,unetpp,polypseg/runs_cv/unetpp_seed42_fold1/best.pth,True
0.9856729454782026,0.9717506213446079,0.9888504969169863,0.9825157499805647,0.9096007978013384,0.6740364723305619,4,6.0,0.7336493007994207,cju85rkbnlo1c08503uxcpax1,kvasir-seg,unetpp,polypseg/runs_cv/unetpp_seed42_fold1/best.pth,True
0.988185288941301,0.976646492822116,0.9849461645364248,0.9914457882086795,0.8957022388205074,0.685418689414771,4,5.184863101655287,0.711437704022422,cju87tyddnnad0755bj0wxahe,kvasir-seg,unetpp,polypseg/runs_cv/unetpp_seed42_fold1/best.pth,True
0.9872382669109457,0.9747981530658167,0.9967031517842629,0.9779514517856789,0.9691818168825875,0.8720637522557719,4,3.1622776601683795,0.3869741860142677,cju87z6o6nh73085045bzsx6o,kvasir-seg,unetpp,polypseg/runs_cv/unetpp_seed42_fold1/best.pth,True
0.9680639894748962,0.9381046688954037,0.9602926783777781,0.9759621077537574,0.7479212773942373,0.588684026521308,4,16.309420313788962,1.9958160947691705,cju886ryxnsl50801r93jai7q,kvasir-seg,unetpp,polypseg/runs_cv/unetpp_seed42_fold1/best.pth,True
0.9761962791426972,0.9534994445275696,0.9870215212694429,0.9656059144917732,0.9400982705162086,0.72443341942523,4,4.123105625617661,0.5041522598927591,cju88cddensj00987788yotmg,kvasir-seg,unetpp,polypseg/runs_cv/unetpp_seed42_fold1/best.pth,True
0.9394125396723311,0.8857473568300527,0.9987108069377706,0.886761256040125,0.5908297321872694,0.474053816617093,4,42.45654669136005,5.558730243151594,cju88k75inzyb0850ccv5x3vk,kvasir-seg,unetpp,polypseg/runs_cv/unetpp_seed42_fold1/best.pth,True
0.9810412857264603,0.9627880619539013,0.9790312770081024,0.9830595647530198,0.9311129106896345,0.7489834567837232,4,5.656854249492381,0.681009172497703,cju88z8bson4h0871nnd7fdxo,kvasir-seg,unetpp,polypseg/runs_cv/unetpp_seed42_fold1/best.pth,True
0.9177840985986876,0.8480600750832533,0.8788586251507282,0.9603174603038503,0.7683190226599675,0.638718648846089,4,15.297058540778355,1.8401032625724842,cju8914beokbf0850isxpocrk,kvasir-seg,unetpp,polypseg/runs_cv/unetpp_seed42_fold1/best.pth,True
0.0,0.0,0.0,0.0,0.0,0.0,4,,,cju89z6pqpqfx0817mfv8ixjc,kvasir-seg,unetpp,polypseg/runs_cv/unetpp_seed42_fold1/best.pth,True
0.9248775444889792,0.8602532109231891,0.8846588501179906,0.9689272821016789,0.6576904851935017,0.39881291118122897,4,41.15883499225507,5.218951279246863,cju8a56vxpy780850r45yu4wk,kvasir-seg,unetpp,polypseg/runs_cv/unetpp_seed42_fold1/best.pth,True
0.9579303675037327,0.919257540601217,0.9715546836661959,0.9446828803030527,0.6847095482145191,0.4951632015918594,4,16.5890940051854,2.0300403187963485,cju8amfdtqi4x09871tygrgqe,kvasir-seg,unetpp,polypseg/runs_cv/unetpp_seed42_fold1/best.pth,True
0.609924383225272,0.43877065093798756,0.43959189665135207,0.9957602460637146,0.26822636140024486,0.2010809589191406,4,325.5271897714324,39.18909562706853,cju8b3ka8r64u0801fh18hk7l,kvasir-seg,unetpp,polypseg/runs_cv/unetpp_seed42_fold1/best.pth,True
0.9788228526193549,0.9585240475955318,0.9875217643573162,0.9702758571461239,0.95566291790102,0.8088109238790674,4,3.605551275463989,0.4415687251072455,cju8bgdmqrksy0801tozdmraa,kvasir-seg,unetpp,polypseg/runs_cv/unetpp_seed42_fold1/best.pth,True
0.8171687989757669,0.6908583391004286,0.6947368420565097,0.9919839678364746,0.533566606150626,0.46845535252868975,3,8.523450915439895,1.312758189815585,cju8bj2ssrmlm0871gc2ug2rs,kvasir-seg,unetpp,polypseg/runs_cv/unetpp_seed42_fold1/best.pth,True
0.9777371693424158,0.9564440181332557,0.9774539945596513,0.9780205082435219,0.9281669803606214,0.6869569072076938,4,4.123105625617661,0.5049531557007768,cju8bzzy2s66m08016z6mouqt,kvasir-seg,unetpp,polypseg/runs_cv/unetpp_seed42_fold1/best.pth,True
0.9558803530601694,0.9154892888585342,0.959814809996931,0.951978020559351,0.5953676249808353,0.38136234039099776,4,21.0,2.5281175705976664,cju8c3xs7sauj0801ieyzezr5,kvasir-seg,unetpp,polypseg/runs_cv/unetpp_seed42_fold1/best.pth,True
0.41694823624673283,0.2633825663781124,0.9856230031791434,0.26439835447264143,0.45009886907413366,0.3938072753291768,4,231.95817376804175,28.4873637864695,cju8c5223s8j80850b4kealt4,kvasir-seg,unetpp,polypseg/runs_cv/unetpp_seed42_fold1/best.pth,True
0.9637112270054147,0.9299639754086674,0.9483522420210874,0.97957589284621,0.9149006087172138,0.7038300915509873,4,4.242640687119285,0.5107568793732772,cju8c5zcbsdfz0801o5t6jag1,kvasir-seg,unetpp,polypseg/runs_cv/unetpp_seed42_fold1/best.pth,True
0.6349853710379024,0.46518576252968064,0.4680433930144028,0.9870452039419227,0.45376074313577197,0.3413289055722919,4,84.02529356071659,10.322097031827115,cju8c6hnxsdvr0801wn0vrsa6,kvasir-seg,unetpp,polypseg/runs_cv/unetpp_seed42_fold1/best.pth,True
0.9015478618023912,0.8207438726294373,0.8220091704871593,0.9981280479468798,0.5937924912509341,0.45477373180155717,4,89.40355361054341,10.754470883783656,cju8c82iosagu0817l74s4m5g,kvasir-seg,unetpp,polypseg/runs_cv/unetpp_seed42_fold1/best.pth,True
0.11803507344492856,0.06271906122129027,0.9999999999876908,0.06271906122129027,0.0,0.0,4,260.2556435507211,31.852339884328472,cju8cattbsivm0818p446wgel,kvasir-seg,unetpp,polypseg/runs_cv/unetpp_seed42_fold1/best.pth,True
0.9597153024898613,0.9225506294448859,0.9362233948520812,0.9844164808299235,0.6135377332387116,0.3512547812864973,4,13.099415184677834,1.6815403501435273,cju8clorgsuwn08714toqb7v6,kvasir-seg,unetpp,polypseg/runs_cv/unetpp_seed42_fold1/best.pth,True
0.9787333993543976,0.9583524994704448,0.988763900823482,0.968904362689045,0.7572092244813191,0.5608767489011434,4,76.95000000000005,9.505927658888584,cju8dic9mtppa0987swn23wbc,kvasir-seg,unetpp,polypseg/runs_cv/unetpp_seed42_fold1/best.pth,True
0.985171536367985,0.9707764136237474,0.9940555991172082,0.9764448640834457,0.8596886873112405,0.7885794112716492,4,81.97619647936607,9.861024339604123,cju8dm2cau2km0818jsv9eeq2,kvasir-seg,unetpp,polypseg/runs_cv/unetpp_seed42_fold1/best.pth,True
0.8333267955876776,0.7142761078561342,0.9404161133161538,0.7481335399299328,0.6099149884884025,0.3626202072148146,5,24.68803503866101,2.677516184462089,cjyzjzssvd8pq0838f4nolj5l,kvasir-seg,unetpp,polypseg/runs_cv/unetpp_seed42_fold1/best.pth,True
0.8864686021430022,0.7960876575631541,0.9949620091121127,0.7993096672042035,0.6741506274868715,0.5089285214499526,5,120.79631222002087,13.10084340393837,cjyzk8qieoboa0848ogj51wwm,kvasir-seg,unetpp,polypseg/runs_cv/unetpp_seed42_fold1/best.pth,True
0.9385700143928126,0.884250517810562,0.9272565819462317,0.9501629265281891,0.5061108799386804,0.20519660738195847,5,31.11269837220809,3.3742966300647557,cjyztzaqtrv430848l8xgcerw,kvasir-seg,unetpp,polypseg/runs_cv/unetpp_seed42_fold1/best.pth,True
0.4572068812083087,0.29635009103903126,0.976236807763155,0.29850338802689524,0.3748612704373049,0.25388361835687717,4,283.4528089405011,34.99574748047776,ck2bxiswtxuw80838qkisqjwz,kvasir-seg,unetpp,polypseg/runs_cv/unetpp_seed42_fold1/best.pth,True
0.5441258173402961,0.3737450830718385,0.9914343560038712,0.3749558251833257,0.3518056798134525,0.3518056798134525,2,64.10730613827899,13.35568877880812,1,cvc-clinicdb,unetpp,polypseg/runs_cv/unetpp_seed42_fold1/best.pth,True
0.8434818403443732,0.7293286606027306,0.9999999999924919,0.7293286606027306,0.3564875850607826,0.3564875850607826,2,56.19636253328687,11.707575527768098,10,cvc-clinicdb,unetpp,polypseg/runs_cv/unetpp_seed42_fold1/best.pth,True
0.9763878247476744,0.9538649972651897,0.981377765318099,0.9714483714349071,0.9319371227748717,0.9319371227748717,2,2.23606797749979,0.4658474953124562,100,cvc-clinicdb,unetpp,polypseg/runs_cv/unetpp_seed42_fold1/best.pth,True
0.9600354677246181,0.9231425091239568,0.9518965084030157,0.9683148077045061,0.7178791437549138,0.7178791437549138,2,5.0,1.0416666666666667,101,cvc-clinicdb,unetpp,polypseg/runs_cv/unetpp_seed42_fold1/best.pth,True
0.9677869372164376,0.9375844698250696,0.9626592657882849,0.9729695269543164,0.7555235426325784,0.7555235426325784,2,4.123105625617661,0.858980338670346,102,cvc-clinicdb,unetpp,polypseg/runs_cv/unetpp_seed42_fold1/best.pth,True
0.9775006495142764,0.9559914625372904,0.9618570405873621,0.9936615254490422,0.8268677570771614,0.8268677570771614,2,3.664718584144382,0.7634830383634129,103,cvc-clinicdb,unetpp,polypseg/runs_cv/unetpp_seed42_fold1/best.pth,True
0.8873471578025706,0.7975058564090016,0.9024637455098825,0.8727286435883832,0.2536223199909571,0.2536223199909571,2,24.0,5.0,104,cvc-clinicdb,unetpp,polypseg/runs_cv/unetpp_seed42_fold1/best.pth,True
0.7354566385236552,0.581598591973165,0.9777573716867894,0.5893966418562679,0.2552677979418816,0.2552677979418816,2,50.0,10.416666666666666,105,cvc-clinicdb,unetpp,polypseg/runs_cv/unetpp_seed42_fold1/best.pth,True
0.8103900360504327,0.6812233089910371,0.9918764416709268,0.6850453695318622,0.4250036308680611,0.4250036308680611,2,84.25552414973325,17.553234197861094,106,cvc-clinicdb,unetpp,polypseg/runs_cv/unetpp_seed42_fold1/best.pth,True
0.9156912721761014,0.8444931306730362,0.9433538979200359,0.8896047696851158,0.4331107100317552,0.4331107100317552,2,31.944440389114447,6.655091747732176,107,cvc-clinicdb,unetpp,polypseg/runs_cv/unetpp_seed42_fold1/best.pth,True
0.8827429332273219,0.790098321577167,0.9785362853568356,0.8040325433280912,0.609814340538361,0.609814340538361,2,54.322178491124546,11.31712051898428,108,cvc-clinicdb,unetpp,polypseg/runs_cv/unetpp_seed42_fold1/best.pth,True
0.8630292609510177,0.7590602214379742,0.9771937143583841,0.7727497663123508,0.561064249591122,0.561064249591122,2,63.071388124885914,13.1398725260179,109,cvc-clinicdb,unetpp,polypseg/runs_cv/unetpp_seed42_fold1/best.pth,True
0.5720894986616197,0.4006480084889076,0.9632017190308461,0.40687581550798846,0.30334148044942866,0.30334148044942866,2,60.191358066763,12.539866263908959,11,cvc-clinicdb,unetpp,polypseg/runs_cv/unetpp_seed42_fold1/best.pth,True
0.8868473830607775,0.7966988259878465,0.9791428571381945,0.8104528792684149,0.5511572372273483,0.5511572372273483,2,52.59696985266266,10.957702052638053,110,cvc-clinicdb,unetpp,polypseg/runs_cv/unetpp_seed42_fold1/best.pth,True
0.8765416015266707,0.7802172316463213,0.9881045623605438,0.7876151084720321,0.5408136711117106,0.5408136711117106,2,60.83400879209788,12.67375183168706,111,cvc-clinicdb,unetpp,polypseg/runs_cv/unetpp_seed42_fold1/best.pth,True
0.8920710008717593,0.8051698272846668,0.9880575879113143,0.8130826600341319,0.5839388341703001,0.5839388341703001,2,51.240117418697764,10.6750244622287,112,cvc-clinicdb,unetpp,polypseg/runs_cv/unetpp_seed42_fold1/best.pth,True
0.9001771255041747,0.8184746347604644,0.9930216329332727,0.8232095337235403,0.6200863981259769,0.6200863981259769,2,47.1964806642778,9.832600138391207,113,cvc-clinicdb,unetpp,polypseg/runs_cv/unetpp_seed42_fold1/best.pth,True
0.9542337861787968,0.9124733363607634,0.9425661031608779,0.9661939497131625,0.3044041787768934,0.3044041787768934,2,10.0,2.0833333333333335,114,cvc-clinicdb,unetpp,polypseg/runs_cv/unetpp_seed42_fold1/best.pth,True
0.501523341520877,0.3346887912354254,0.9296775368750286,0.3433820065921312,0.2620046918888475,0.2620046918888475,2,179.55889900472198,37.408103959317074,115,cvc-clinicdb,unetpp,polypseg/runs_cv/unetpp_seed42_fold1/best.pth,True
0.5127382524980527,0.3447532039059462,0.9888989990720856,0.34609260556432014,0.32413475553821847,0.32413475553821847,2,175.2261031334751,36.505438152807315,116,cvc-clinicdb,unetpp,polypseg/runs_cv/unetpp_seed42_fold1/best.pth,True
0.5356971729727109,0.36583769633241825,0.9767035526892506,0.369058098588842,0.34426473925096457,0.34426473925096457,2,170.48621635458417,35.51796174053837,117,cvc-clinicdb,unetpp,polypseg/runs_cv/unetpp_seed42_fold1/best.pth,True
0.3187543926024828,0.18959418612007464,0.9969563746703769,0.18970398970276894,0.15037961793155738,0.15037961793155738,2,196.51554751281316,40.94073906516941,118,cvc-clinicdb,unetpp,polypseg/runs_cv/unetpp_seed42_fold1/best.pth,True
0.47246683104102105,0.30930053804527824,0.96267942581429,0.31305430216031543,0.26912166010634697,0.26912166010634697,2,185.34535114661276,38.613614822210984,119,cvc-clinicdb,unetpp,polypseg/runs_cv/unetpp_seed42_fold1/best.pth,True
0.5484695326238047,0.3778560250376453,0.9990689976104368,0.3779891197981371,0.36017015580516726,0.36017015580516726,2,86.62198618016019,18.046247120866706,12,cvc-clinicdb,unetpp,polypseg/runs_cv/unetpp_seed42_fold1/best.pth,True
0.5084018904231209,0.3408437481644027,0.9786051212773146,0.3434026956707058,0.23147372872121666,0.23147372872121666,2,175.6334233178309,36.5902965245481,120,cvc-clinicdb,unetpp,polypseg/runs_cv/unetpp_seed42_fold1/best.pth,True
0.4897294919705752,0.32426607641936006,0.9867068415280627,0.32568887848636463,0.27281177977221244,0.27281177977221244,2,188.664517034843,39.305107715592285,121,cvc-clinicdb,unetpp,polypseg/runs_cv/unetpp_seed42_fold1/best.pth,True
0.0,0.0,0.0,0.0,0.0,0.0,2,,,122,cvc-clinicdb,unetpp,polypseg/runs_cv/unetpp_seed42_fold1/best.pth,True
0.6949494949465701,0.5325077399346458,0.9836768735734102,0.5372551571514462,0.27736002034047186,0.27736002034047186,2,131.19832116790215,27.33298357664628,123,cvc-clinicdb,unetpp,polypseg/runs_cv/unetpp_seed42_fold1/best.pth,True
0.7390771743541368,0.5861398963696058,0.9910403185565849,0.5892624600414984,0.26879854535873987,0.26879854535873987,2,114.6185878712037,23.87887247316744,124,cvc-clinicdb,unetpp,polypseg/runs_cv/unetpp_seed42_fold1/best.pth,True
0.8781723264543434,0.7828050128936342,0.9478910957269817,0.8180067404832161,0.5526063916459352,0.5526063916459352,2,47.0,9.791666666666666,125,cvc-clinicdb,unetpp,polypseg/runs_cv/unetpp_seed42_fold1/best.pth,True
0.8779152408482341,0.7823965468632598,0.9861620342875674,0.7910815939203881,0.6824964165411769,0.6824964165411769,2,52.00048072478917,10.833433484331076,126,cvc-clinicdb,unetpp,polypseg/runs_cv/unetpp_seed42_fold1/best.pth,True
0.9531499389639174,0.9104932735262692,0.9180683667766673,0.9910191331317646,0.6696515102476639,0.6696515102476639,2,4.3229640308773805,0.9006175064327876,127,cvc-clinicdb,unetpp,polypseg/runs_cv/unetpp_seed42_fold1/best.pth,True
0.9718612993146921,0.9452628314320785,0.9568356615765683,0.9873663751054849,0.9684116500632092,0.9684116500632092,2,2.0,0.4166666666666667,128,cvc-clinicdb,unetpp,polypseg/runs_cv/unetpp_seed42_fold1/best.pth,True
0.9767993014782537,0.9546507375234102,0.9639340226370762,0.9900126422125156,0.8883310507098053,0.8883310507098053,2,3.0,0.625,129,cvc-clinicdb,unetpp,polypseg/runs_cv/unetpp_seed42_fold1/best.pth,True
0.8359294302324674,0.7181088947205359,0.990987460805339,0.7228295819884042,0.4679959131104258,0.4679959131104258,2,37.48332962798263,7.809027005829714,13,cvc-clinicdb,unetpp,polypseg/runs_cv/unetpp_seed42_fold1/best.pth,True
0.9697113558632277,0.9412035756986341,0.9455605962323343,0.9951281301666653,0.7330626291109755,0.7330626291109755,2,3.605551275463989,0.7511565157216644,130,cvc-clinicdb,unetpp,polypseg/runs_cv/unetpp_seed42_fold1/best.pth,True
0.9717556535564804,0.9450629676862103,0.9644254050943897,0.9791981845595763,0.6980033580358204,0.6980033580358204,2,3.605551275463989,0.7511565157216644,131,cvc-clinicdb,unetpp,polypseg/runs_cv/unetpp_seed42_fold1/best.pth,True
0.9762106252846618,0.953526818498282,0.9842624193973405,0.9682894982098809,0.9409937388218074,0.9409937388218074,2,2.23606797749979,0.4658474953124562,132,cvc-clinicdb,unetpp,polypseg/runs_cv/unetpp_seed42_fold1/best.pth,True
0.979509529688548,0.9598419173768505,0.980210910024994,0.9788091523533696,0.9622143322743979,0.9622143322743979,2,2.0,0.4166666666666667,133,cvc-clinicdb,unetpp,polypseg/runs_cv/unetpp_seed42_fold1/best.pth,True
0.9814094861031921,0.9634975711177863,0.9881850533667162,0.9747262004917899,0.9805544978820481,0.9805544978820481,2,2.0,0.4166666666666667,134,cvc-clinicdb,unetpp,polypseg/runs_cv/unetpp_seed42_fold1/best.pth,True
0.7800552740642559,0.6394185387915209,0.9942270058611131,0.641801414851934,0.4103480394869382,0.4103480394869382,2,48.928422058258185,10.193421262137122,135,cvc-clinicdb,unetpp,polypseg/runs_cv/unetpp_seed42_fold1/best.pth,True
0.974998145259385,0.9512159814638736,0.9700324771112339,0.980014914235794,0.8034746750721952,0.8034746750721952,2,5.0,1.0416666666666667,136,cvc-clinicdb,unetpp,polypseg/runs_cv/unetpp_seed42_fold1/best.pth,True
0.9771394578015759,0.955300764365609,0.9691503708616895,0.9852613538904433,0.874887702671261,0.874887702671261,2,4.0,0.8333333333333334,137,cvc-clinicdb,unetpp,polypseg/runs_cv/unetpp_seed42_fold1/best.pth,True
0.9753187763340029,0.951826532787055,0.9590485927947099,0.992150531642865,0.7196868478090377,0.7196868478090377,2,4.242640687119285,0.8838834764831843,138,cvc-clinicdb,unetpp,polypseg/runs_cv/unetpp_seed42_fold1/best.pth,True
0.9809422462973277,0.9625973039635343,0.9670958512114111,0.9951908921336972,0.7782955153039113,0.7782955153039113,2,3.605551275463989,0.7511565157216644,139,cvc-clinicdb,unetpp,polypseg/runs_cv/unetpp_seed42_fold1/best.pth,True
0.20099456458809994,0.11172537927439904,0.9507658642979299,0.1123755334276806,0.2718266554157035,0.2718266554157035,2,148.79174313252116,30.998279819275243,14,cvc-clinicdb,unetpp,polypseg/runs_cv/unetpp_seed42_fold1/best.pth,True
0.988068280785168,0.9764179361348807,0.9810194993256041,0.9952190885521505,0.9098972249060014,0.9098972249060014,2,3.1622776601683795,0.6588078458684125,140,cvc-clinicdb,unetpp,polypseg/runs_cv/unetpp_seed42_fold1/best.pth,True
0.9694595625178191,0.9407292787912381,0.9808845708639441,0.9582976390331416,0.558434565570646,0.558434565570646,2,7.810249675906654,1.6271353491472196,141,cvc-clinicdb,unetpp,polypseg/runs_cv/unetpp_seed42_fold1/best.pth,True
0.9729331394750484,0.9472928948148182,0.9523902362904453,0.9943817937507862,0.6534948191833494,0.6534948191833494,2,7.615773105863909,1.5866193970549811,142,cvc-clinicdb,unetpp,polypseg/runs_cv/unetpp_seed42_fold1/best.pth,True
0.953183110906222,0.9105538139830606,0.9500654164642376,0.9563213344829605,0.7270104879926231,0.7270104879926231,2,3.605551275463989,0.7511565157216644,143,cvc-clinicdb,unetpp,polypseg/runs_cv/unetpp_seed42_fold1/best.pth,True
0.9778824371021286,0.9567220764015355,0.9621656499239666,0.9941212121151871,0.7621793711574785,0.7621793711574785,2,4.0,0.8333333333333334,144,cvc-clinicdb,unetpp,polypseg/runs_cv/unetpp_seed42_fold1/best.pth,True
0.9843906566590563,0.9692611269415949,0.9881974248882859,0.9806131050043005,0.818973318793563,0.818973318793563,2,3.1217082451262845,0.6503558844013092,145,cvc-clinicdb,unetpp,polypseg/runs_cv/unetpp_seed42_fold1/best.pth,True
0.9783763192664119,0.9576680119277168,0.9840432724769707,0.9727742625391107,0.7019578905368609,0.7019578905368609,2,3.605551275463989,0.7511565157216644,146,cvc-clinicdb,unetpp,polypseg/runs_cv/unetpp_seed42_fold1/best.pth,True
0.9794114397223697,0.9596535546664766,0.9746371499708647,0.984232733725781,0.84818118153226,0.84818118153226,2,3.0,0.625,147,cvc-clinicdb,unetpp,polypseg/runs_cv/unetpp_seed42_fold1/best.pth,True
0.9767303102576733,0.9545189504280416,0.9630355917152363,0.9908201351660363,0.8512092122909565,0.8512092122909565,2,3.1622776601683795,0.6588078458684125,148,cvc-clinicdb,unetpp,polypseg/runs_cv/unetpp_seed42_fold1/best.pth,True
0.9776406258406277,0.9562592670942992,0.9730574415241614,0.982267188849192,0.8479224084867754,0.8479224084867754,2,2.8284271247461903,0.5892556509887896,149,cvc-clinicdb,unetpp,polypseg/runs_cv/unetpp_seed42_fold1/best.pth,True
0.03446500663821371,0.017534669570683094,0.9298245612675695,0.017557905198306165,0.11470858226759617,0.11470858226759617,2,255.79444627414972,53.29050964044786,15,cvc-clinicdb,unetpp,polypseg/runs_cv/unetpp_seed42_fold1/best.pth,True
0.9694612169010133,0.9407323943555973,0.9564669492386703,0.9828134196470533,0.7951268057759865,0.7951268057759865,2,3.0,0.625,150,cvc-clinicdb,unetpp,polypseg/runs_cv/unetpp_seed42_fold1/best.pth,True
0.9670725556526617,0.9362444196297958,0.9558467454642381,0.978565179338312,0.7954698165231187,0.7954698165231187,2,3.1622776601683795,0.6588078458684125,151,cvc-clinicdb,unetpp,polypseg/runs_cv/unetpp_seed42_fold1/best.pth,True
0.9638949671748461,0.9303062301961682,0.9929303278637657,0.9365094704245434,0.5723250282653689,0.5723250282653689,2,7.176093866162352,1.4950195554504901,152,cvc-clinicdb,unetpp,polypseg/runs_cv/unetpp_seed42_fold1/best.pth,True
0.9567604667051265,0.9171052631444868,0.9231788079334338,0.9928774928617778,0.7479602425023151,0.7479602425023151,2,5.385164807134504,1.1219093348196882,153,cvc-clinicdb,unetpp,polypseg/runs_cv/unetpp_seed42_fold1/best.pth,True
0.0,0.0,0.0,0.0,0.0,0.0,2,42.42637561505451,8.838828253136358,154,cvc-clinicdb,unetpp,polypseg/runs_cv/unetpp_seed42_fold1/best.pth,True
0.9087499999716016,0.8327605955994982,0.9565789473054882,0.8654761904246739,0.7641065332494799,0.7641065332494799,2,6.573926918242447,1.3695681079671764,155,cvc-clinicdb,unetpp,polypseg/runs_cv/unetpp_seed42_fold1/best.pth,True
0.9525065962955969,0.9093198992252453,0.9838746309111089,0.9230769230572539,0.8169090447579813,0.8169090447579813,2,7.0710678118654755,1.473139127471974,156,cvc-clinicdb,unetpp,polypseg/runs_cv/unetpp_seed42_fold1/best.pth,True
0.9503855865628172,0.9054616384797729,0.9737099706198614,0.9281524926562497,0.7315357062125433,0.7315357062125433,2,9.055385138137417,1.8865385704452953,157,cvc-clinicdb,unetpp,polypseg/runs_cv/unetpp_seed42_fold1/best.pth,True
0.9708287292710405,0.9433111444933796,0.9640114109948649,0.9777431559987149,0.9822828042326527,0.9822828042326527,2,2.0,0.4166666666666667,158,cvc-clinicdb,unetpp,polypseg/runs_cv/unetpp_seed42_fold1/best.pth,True
0.9511348464365519,0.9068228105444591,0.9194630872008537,0.9850663716269321,0.9315977527230364,0.9315977527230364,2,2.23606797749979,0.4658474953124562,159,cvc-clinicdb,unetpp,polypseg/runs_cv/unetpp_seed42_fold1/best.pth,True
0.8918824596852664,0.8048626858049274,0.9930059061082841,0.8094514126338598,0.5814640649075374,0.5814640649075374,2,17.029386365926403,3.547788826234667,16,cvc-clinicdb,unetpp,polypseg/runs_cv/unetpp_seed42_fold1/best.pth,True
0.9704457364282313,0.9425882352830283,0.9657666345110201,0.9751703992091629,0.8646348375578014,0.8646348375578014,2,3.0,0.625,160,cvc-clinicdb,unetpp,polypseg/runs_cv/unetpp_seed42_fold1/best.pth,True
0.9369099355471766,0.8813081477056299,0.8905982905729175,0.9883022446731489,0.6995823981750356,0.6995823981750356,2,4.0,0.8333333333333334,161,cvc-clinicdb,unetpp,polypseg/runs_cv/unetpp_seed42_fold1/best.pth,True
0.9583608724298143,0.9200507614046401,0.925082026960899,0.9941234084036411,0.7493417789476166,0.7493417789476166,2,3.1622776601683795,0.6588078458684125,162,cvc-clinicdb,unetpp,polypseg/runs_cv/unetpp_seed42_fold1/best.pth,True
0.9500230946794455,0.9048038007935104,0.9079992936445701,0.9961255327199511,0.7474877153751184,0.7474877153751184,2,5.656854249492381,1.1785113019775793,163,cvc-clinicdb,unetpp,polypseg/runs_cv/unetpp_seed42_fold1/best.pth,True
0.944513715696002,0.8948611931218293,0.9314478942228267,0.9579513120152403,0.7565216891342189,0.7565216891342189,2,3.605551275463989,0.7511565157216644,164,cvc-clinicdb,unetpp,polypseg/runs_cv/unetpp_seed42_fold1/best.pth,True
0.9539866997987909,0.9120215771781143,0.9417771883164221,0.966516945678964,0.6023809023809564,0.6023809023809564,2,4.123105625617661,0.858980338670346,165,cvc-clinicdb,unetpp,polypseg/runs_cv/unetpp_seed42_fold1/best.pth,True
0.9752355316219701,0.9516679800242754,0.9625398512093181,0.9882705946400945,0.9350661823321789,0.9350661823321789,2,2.23606797749979,0.4658474953124562,166,cvc-clinicdb,unetpp,polypseg/runs_cv/unetpp_seed42_fold1/best.pth,True
0.9602918478888692,0.9236167341181211,0.9442604856251584,0.9768769625755959,0.8464285214311253,0.8464285214311253,2,3.605551275463989,0.7511565157216644,167,cvc-clinicdb,unetpp,polypseg/runs_cv/unetpp_seed42_fold1/best.pth,True
0.9612051988877391,0.9253080568544966,0.9384733704876279,0.9850655902929352,0.8698643101340036,0.8698643101340036,2,2.8284271247461903,0.5892556509887896,168,cvc-clinicdb,unetpp,polypseg/runs_cv/unetpp_seed42_fold1/best.pth,True
0.9705573080894505,0.942798774245691,0.9643283581945623,0.976867251270383,0.8692809957537727,0.8692809957537727,2,2.8284271247461903,0.5892556509887896,169,cvc-clinicdb,unetpp,polypseg/runs_cv/unetpp_seed42_fold1/best.pth,True
0.7183854210988743,0.5605315614580695,0.9873595505502415,0.5645830544735337,0.46248749074624745,0.46248749074624745,2,48.73140002654225,10.152375005529636,17,cvc-clinicdb,unetpp,polypseg/runs_cv/unetpp_seed42_fold1/best.pth,True
0.9653797733847526,0.9330764550611829,0.9457348406794299,0.9858581529679482,0.9145935869677411,0.9145935869677411,2,2.23606797749979,0.4658474953124562,170,cvc-clinicdb,unetpp,polypseg/runs_cv/unetpp_seed42_fold1/best.pth,True
0.9702577660185981,0.9422336328453652,0.9536005938946993,0.987507207361378,0.906341869344727,0.906341869344727,2,2.23606797749979,0.4658474953124562,171,cvc-clinicdb,unetpp,polypseg/runs_cv/unetpp_seed42_fold1/best.pth,True
0.949252750846621,0.9034073147576304,0.9711021505050034,0.9283649212679613,0.7459133801123828,0.7459133801123828,2,3.605551275463989,0.7511565157216644,172,cvc-clinicdb,unetpp,polypseg/runs_cv/unetpp_seed42_fold1/best.pth,True
0.9676116992599694,0.9372555835496892,0.9459696517766338,0.9902671930861237,0.657966682327417,0.657966682327417,2,4.123105625617661,0.858980338670346,173,cvc-clinicdb,unetpp,polypseg/runs_cv/unetpp_seed42_fold1/best.pth,True
0.7534846937069447,0.6044728772305992,0.60885078282773,0.9882444463567444,0.42997293009526344,0.42997293009526344,2,53.00896146665457,11.043533638886368,174,cvc-clinicdb,unetpp,polypseg/runs_cv/unetpp_seed42_fold1/best.pth,True
0.9739519060768637,0.949226368476471,0.9867540717646364,0.9614776768012545,0.7377533208375734,0.7377533208375734,2,5.0,1.0416666666666667,175,cvc-clinicdb,unetpp,polypseg/runs_cv/unetpp_seed42_fold1/best.pth,True
0.8137676314171561,0.6860103070609511,0.6860103070609511,0.9999999999921746,0.4689916473948889,0.4689916473948889,2,49.80316982791215,10.375660380815031,176,cvc-clinicdb,unetpp,polypseg/runs_cv/unetpp_seed42_fold1/best.pth,True
0.9079332882527161,0.8313899494290434,0.8442837681982156,0.9819622181476908,0.5355259553613192,0.5355259553613192,2,24.0,5.0,177,cvc-clinicdb,unetpp,polypseg/runs_cv/unetpp_seed42_fold1/best.pth,True
0.8091603052663014,0.6794871793782874,0.6794871793782874,0.9999999997641509,0.5277316298963332,0.5277316298963332,2,4.0,0.8333333333333334,178,cvc-clinicdb,unetpp,polypseg/runs_cv/unetpp_seed42_fold1/best.pth,True
0.8892184487484915,0.8005340453724824,0.8005340453724824,0.9999999999666445,0.24142006834495622,0.24142006834495622,2,5.656854249492381,1.1785113019775793,179,cvc-clinicdb,unetpp,polypseg/runs_cv/unetpp_seed42_fold1/best.pth,True
0.7900773262712643,0.6529981985017328,0.9999999999868628,0.6529981985017328,0.3435675137226258,0.3435675137226258,2,28.0,5.833333333333333,18,cvc-clinicdb,unetpp,polypseg/runs_cv/unetpp_seed42_fold1/best.pth,True
0.9189482244386156,0.8500501504300388,0.8504766683178506,0.9994103773290268,0.6220240761597069,0.6220240761597069,2,8.0,1.6666666666666667,180,cvc-clinicdb,unetpp,polypseg/runs_cv/unetpp_seed42_fold1/best.pth,True
0.9173470849317097,0.8473141042379647,0.8500132731391025,0.9962663347543166,0.5168538826691403,0.5168538826691403,2,6.0,1.25,181,cvc-clinicdb,unetpp,polypseg/runs_cv/unetpp_seed42_fold1/best.pth,True
0.9324888828873132,0.8735167886676719,0.8844580776870027,0.9860359076379016,0.6301929706031293,0.6301929706031293,2,6.324555320336759,1.317615691736825,182,cvc-clinicdb,unetpp,polypseg/runs_cv/unetpp_seed42_fold1/best.pth,True
0.9156390134400836,0.844404238799576,0.844404238799576,0.9999999999693909,0.4956211340894529,0.4956211340894529,2,6.082762530298219,1.2672421938121292,183,cvc-clinicdb,unetpp,polypseg/runs_cv/unetpp_seed42_fold1/best.pth,True
0.922062701422179,0.8553954878810711,0.8586630286259573,0.9955710217970398,0.5261414945156608,0.5261414945156608,2,6.0,1.25,184,cvc-clinicdb,unetpp,polypseg/runs_cv/unetpp_seed42_fold1/best.pth,True
0.9467673248069418,0.8989156404907386,0.8992461849439374,0.999591252789708,0.625978040781644,0.625978040781644,2,4.47213595499958,0.9316949906249123,185,cvc-clinicdb,unetpp,polypseg/runs_cv/unetpp_seed42_fold1/best.pth,True
0.9762998790751131,0.9536971414959402,0.9617629541279122,0.9912829956907148,0.8523109018283492,0.8523109018283492,2,3.040569415042095,0.633451961467103,186,cvc-clinicdb,unetpp,polypseg/runs_cv/unetpp_seed42_fold1/best.pth,True
0.9669556001326055,0.9360252088455516,0.9606648616052897,0.9733292692145596,0.6641630692216729,0.6641630692216729,2,5.0990195135927845,1.0622957319984967,187,cvc-clinicdb,unetpp,polypseg/runs_cv/unetpp_seed42_fold1/best.pth,True
0.9721840134457734,0.9458736059409228,0.9830010817417477,0.9616024187380074,0.7836729693161729,0.7836729693161729,2,5.0,1.0416666666666667,188,cvc-clinicdb,unetpp,polypseg/runs_cv/unetpp_seed42_fold1/best.pth,True
0.9639086196874265,0.9303316657229881,0.9536562203047739,0.9743838540466838,0.774415372291789,0.774415372291789,2,3.361750787051399,0.7003647473023747,189,cvc-clinicdb,unetpp,polypseg/runs_cv/unetpp_seed42_fold1/best.pth,True
0.5024777406208353,0.33553941350370975,0.9267350274791688,0.3446827326976305,0.2756198295793638,0.2756198295793638,2,76.32168761236873,15.900351585910153,19,cvc-clinicdb,unetpp,polypseg/runs_cv/unetpp_seed42_fold1/best.pth,True
0.9517575067460972,0.9079554710587034,0.917421124803363,0.9887640449145841,0.7712832147622873,0.7712832147622873,2,3.0,0.625,190,cvc-clinicdb,unetpp,polypseg/runs_cv/unetpp_seed42_fold1/best.pth,True
0.8777698355654836,0.7821656050457219,0.8020901371128615,0.969218626600693,0.4924672609729978,0.4924672609729978,2,5.0,1.0416666666666667,191,cvc-clinicdb,unetpp,polypseg/runs_cv/unetpp_seed42_fold1/best.pth,True
0.9340241795877713,0.8762151652056892,0.9298486931960214,0.9382373351187898,0.7924488444646368,0.7924488444646368,2,3.0,0.625,192,cvc-clinicdb,unetpp,polypseg/runs_cv/unetpp_seed42_fold1/best.pth,True
0.9102810935519777,0.8353356890164193,0.8365180466795288,0.9983108107686525,0.6520792846419657,0.6520792846419657,2,6.324555320336759,1.317615691736825,193,cvc-clinicdb,unetpp,polypseg/runs_cv/unetpp_seed42_fold1/best.pth,True
0.969015236721863,0.9398928783784984,0.9498797112880939,0.9889375912964112,0.8264564798618136,0.8264564798618136,2,4.0,0.8333333333333334,194,cvc-clinicdb,unetpp,polypseg/runs_cv/unetpp_seed42_fold1/best.pth,True
0.9565697867061932,0.9167549247846483,0.9208510638101947,0.9951713037251053,0.7199079715864739,0.7199079715864739,2,3.605551275463989,0.7511565157216644,195,cvc-clinicdb,unetpp,polypseg/runs_cv/unetpp_seed42_fold1/best.pth,True
0.9445044266795022,0.8948445171666358,0.8961278426368341,0.9984021912577402,0.6262923179239063,0.6262923179239063,2,4.300014504089359,0.8958363550186164,196,cvc-clinicdb,unetpp,polypseg/runs_cv/unetpp_seed42_fold1/best.pth,True
0.9420275293786593,0.8904083570581119,0.8946564885325448,0.9946955230003247,0.6093343880220068,0.6093343880220068,2,5.0,1.0416666666666667,197,cvc-clinicdb,unetpp,polypseg/runs_cv/unetpp_seed42_fold1/best.pth,True
0.9490314900882043,0.9030065897672362,0.9177480117011774,0.9825229665923702,0.7301172903113979,0.7301172903113979,2,6.0,1.25,198,cvc-clinicdb,unetpp,polypseg/runs_cv/unetpp_seed42_fold1/best.pth,True
0.9544906239614596,0.9129431508094621,0.9164034533393051,0.9958810068421996,0.6977491461544064,0.6977491461544064,2,3.605551275463989,0.7511565157216644,199,cvc-clinicdb,unetpp,polypseg/runs_cv/unetpp_seed42_fold1/best.pth,True
0.6089767332212903,0.437790472499817,0.9864732191449058,0.44043444379290647,0.4644615669430284,0.4644615669430284,2,70.67707877659348,14.72439141179031,2,cvc-clinicdb,unetpp,polypseg/runs_cv/unetpp_seed42_fold1/best.pth,True
0.379719243175605,0.23435397944231634,0.897568013171938,0.2407939842959151,0.24414429691592984,0.24414429691592984,2,95.52434243445025,19.9009046738438,20,cvc-clinicdb,unetpp,polypseg/runs_cv/unetpp_seed42_fold1/best.pth,True
0.9289122523175987,0.8672606463173171,0.8773296669587942,0.9869393366388222,0.5593330532357438,0.5593330532357438,2,7.923154621172764,1.6506572127443258,200,cvc-clinicdb,unetpp,polypseg/runs_cv/unetpp_seed42_fold1/best.pth,True
0.6800832754988323,0.5152471083021197,0.5411646586291047,0.914955016110763,0.15515404410033953,0.15515404410033953,2,59.24902670614817,12.343547230447536,201,cvc-clinicdb,unetpp,polypseg/runs_cv/unetpp_seed42_fold1/best.pth,True
0.923381294955725,0.8576678917330828,0.9065866148524354,0.9408099688301116,0.5391509264137276,0.5391509264137276,2,12.140738964235604,2.529320617549084,202,cvc-clinicdb,unetpp,polypseg/runs_cv/unetpp_seed42_fold1/best.pth,True
0.7693183111327038,0.625115590889123,0.8911152122095672,0.676812174595979,0.33325109043480905,0.33325109043480905,2,24.0,5.0,203,cvc-clinicdb,unetpp,polypseg/runs_cv/unetpp_seed42_fold1/best.pth,True
0.0,0.0,0.0,0.0,0.0,0.0,2,,,204,cvc-clinicdb,unetpp,polypseg/runs_cv/unetpp_seed42_fold1/best.pth,True
0.0,0.0,0.0,0.0,0.0,0.0,2,,,205,cvc-clinicdb,unetpp,polypseg/runs_cv/unetpp_seed42_fold1/best.pth,True
0.7768746722550021,0.6351554126405663,0.8962492437855982,0.6855622396959097,0.345036838565947,0.345036838565947,2,134.60381805971568,28.042462095774102,206,cvc-clinicdb,unetpp,polypseg/runs_cv/unetpp_seed42_fold1/best.pth,True
0.7271972892557417,0.5713354340913687,0.9161874890936368,0.6028433845379173,0.36309823102766026,0.36309823102766026,2,162.5971067505121,33.87439723969002,207,cvc-clinicdb,unetpp,polypseg/runs_cv/unetpp_seed42_fold1/best.pth,True
0.7222555488793903,0.5652582159491724,0.9578361177025523,0.5796822339773788,0.4677803832309043,0.4677803832309043,2,84.1591793266261,17.533162359713774,208,cvc-clinicdb,unetpp,polypseg/runs_cv/unetpp_seed42_fold1/best.pth,True
0.7330508474420964,0.5785953177064015,0.9153439152954844,0.6113074204730987,0.5509553669418678,0.5509553669418678,2,59.10382948726238,12.313297809846329,209,cvc-clinicdb,unetpp,polypseg/runs_cv/unetpp_seed42_fold1/best.pth,True
0.6035292213034448,0.4321817760245365,0.9762082896829551,0.43678237873518966,0.3384260826198447,0.3384260826198447,2,93.55478574772873,19.49058036411015,21,cvc-clinicdb,unetpp,polypseg/runs_cv/unetpp_seed42_fold1/best.pth,True
0.7112745419906947,0.5519209212250691,0.9219769619195257,0.5789623717197158,0.29705415911989036,0.29705415911989036,2,156.4063991540238,32.584666490421625,210,cvc-clinicdb,unetpp,polypseg/runs_cv/unetpp_seed42_fold1/best.pth,True
0.7246401644941608,0.5681848716889776,0.9544839000830989,0.5840084698923587,0.3100799346013259,0.3100799346013259,2,177.63936082966597,37.008200172847076,211,cvc-clinicdb,unetpp,polypseg/runs_cv/unetpp_seed42_fold1/best.pth,True
0.788448717496093,0.650776181645906,0.9813084112063821,0.6589442815210619,0.5257634489713738,0.5257634489713738,2,177.99304322936982,37.08188400611871,212,cvc-clinicdb,unetpp,polypseg/runs_cv/unetpp_seed42_fold1/best.pth,True
0.8633009575424261,0.7594806763239161,0.9717221664144964,0.7766456712314644,0.5802033523717804,0.5802033523717804,2,130.2251601223476,27.130241692155753,213,cvc-clinicdb,unetpp,polypseg/runs_cv/unetpp_seed42_fold1/best.pth,True
0.8855660037979263,0.7946329767540148,0.9740024867076522,0.8118522705783695,0.580850662516194,0.580850662516194,2,107.96434552848096,22.4925719851002,214,cvc-clinicdb,unetpp,polypseg/runs_cv/unetpp_seed42_fold1/best.pth,True
0.9739918176457529,0.949302193098364,0.9715312864266271,0.9764648437404642,0.9316055778059,0.9316055778059,2,2.23606797749979,0.4658474953124562,215,cvc-clinicdb,unetpp,polypseg/runs_cv/unetpp_seed42_fold1/best.pth,True
0.9163952225803207,0.8456913827590127,0.9409141582973937,0.893121693114423,0.5277199566345752,0.5277199566345752,2,59.73485170944394,12.444760772800821,216,cvc-clinicdb,unetpp,polypseg/runs_cv/unetpp_seed42_fold1/best.pth,True
0.9670776437272214,0.9362539573805403,0.9467035819263998,0.98834793604021,0.7170878394226691,0.7170878394226691,2,3.0,0.625,217,cvc-clinicdb,unetpp,polypseg/runs_cv/unetpp_seed42_fold1/best.pth,True
0.9594677698833819,0.9220932731471942,0.9258739749576405,0.9955911358510778,0.6892532108640853,0.6892532108640853,2,5.0,1.0416666666666667,218,cvc-clinicdb,unetpp,polypseg/runs_cv/unetpp_seed42_fold1/best.pth,True
0.9006162782397066,0.8192010309172784,0.9006800793298289,0.9005524861750878,0.5243346302933717,0.5243346302933717,2,48.007624184842086,10.001588371842102,219,cvc-clinicdb,unetpp,polypseg/runs_cv/unetpp_seed42_fold1/best.pth,True
0.21331168293172947,0.1193894205799403,0.9522189348971566,0.12010896945474202,0.0959127091003576,0.0959127091003576,2,210.04951789366478,43.76031622784683,22,cvc-clinicdb,unetpp,polypseg/runs_cv/unetpp_seed42_fold1/best.pth,True
0.9557281553305268,0.9152101152674748,0.91811229246562,0.9965580076736879,0.7583556738236877,0.7583556738236877,2,3.605551275463989,0.7511565157216644,220,cvc-clinicdb,unetpp,polypseg/runs_cv/unetpp_seed42_fold1/best.pth,True
0.9108628476240686,0.8363160191873349,0.8791007111521197,0.9450061652048087,0.5485180692530612,0.5485180692530612,2,27.09190343122886,5.64414654817268,221,cvc-clinicdb,unetpp,polypseg/runs_cv/unetpp_seed42_fold1/best.pth,True
0.9229534510309931,0.8569299552693261,0.8569299552693261,0.9999999999710145,0.5096293104651476,0.5096293104651476,2,3.605551275463989,0.7511565157216644,222,cvc-clinicdb,unetpp,polypseg/runs_cv/unetpp_seed42_fold1/best.pth,True
0.9473384571456399,0.8999459166874001,0.9048395867073181,0.9940262843191748,0.7467748449144367,0.7467748449144367,2,3.2287687024627107,0.6726601463463981,223,cvc-clinicdb,unetpp,polypseg/runs_cv/unetpp_seed42_fold1/best.pth,True
0.9522792022622457,0.9089055064272976,0.9107629427482711,0.9977611939926209,0.8483544348356388,0.8483544348356388,2,2.8284271247461903,0.5892556509887896,224,cvc-clinicdb,unetpp,polypseg/runs_cv/unetpp_seed42_fold1/best.pth,True
0.9586824617024172,0.9206437291642441,0.9270746018181873,0.992521687077699,0.9172929797960674,0.9172929797960674,2,2.6211014232099368,0.5460627965020702,225,cvc-clinicdb,unetpp,polypseg/runs_cv/unetpp_seed42_fold1/best.pth,True
0.9673851921183937,0.9368306407526442,0.9481903361942277,0.987373254237854,0.8583568905199493,0.8583568905199493,2,3.0,0.625,226,cvc-clinicdb,unetpp,polypseg/runs_cv/unetpp_seed42_fold1/best.pth,True
0.942644967594523,0.8915122534102955,0.8974127556890069,0.9926788685193785,0.7295326213423584,0.7295326213423584,2,5.0,1.0416666666666667,227,cvc-clinicdb,unetpp,polypseg/runs_cv/unetpp_seed42_fold1/best.pth,True
0.9018947893237229,0.821319105451001,0.9520989603769957,0.8567199526245504,0.3536116755478326,0.3536116755478326,2,24.565182578775346,5.117746370578198,228,cvc-clinicdb,unetpp,polypseg/runs_cv/unetpp_seed42_fold1/best.pth,True
0.8741530162431803,0.7764403412320153,0.9834221432654912,0.7867377146147218,0.30120372051959354,0.30120372051959354,2,34.98565549577098,7.288678228285621,229,cvc-clinicdb,unetpp,polypseg/runs_cv/unetpp_seed42_fold1/best.pth,True
0.696024376086535,0.5337710025572725,0.9968137424603669,0.534683262119507,0.22650820286180548,0.22650820286180548,2,47.0,9.791666666666666,23,cvc-clinicdb,unetpp,polypseg/runs_cv/unetpp_seed42_fold1/best.pth,True
0.8533121855694944,0.7441538794002845,0.9501103752706948,0.7744141064244774,0.3692826824819026,0.3692826824819026,2,57.91182847321663,12.064964265253463,230,cvc-clinicdb,unetpp,polypseg/runs_cv/unetpp_seed42_fold1/best.pth,True
0.851500834580441,0.7414030938972244,0.9326929036198779,0.7833125130086231,0.3278472761257737,0.3278472761257737,2,61.93935160045151,12.904031583427399,231,cvc-clinicdb,unetpp,polypseg/runs_cv/unetpp_seed42_fold1/best.pth,True
0.8827489137724657,0.790107903813386,0.9739382891028698,0.807173633256073,0.3467530719786403,0.3467530719786403,2,30.295915823202154,6.311649129833782,232,cvc-clinicdb,unetpp,polypseg/runs_cv/unetpp_seed42_fold1/best.pth,True
0.9137011454026006,0.8411139729510565,0.9804841433603522,0.8554354944288614,0.4586940512144836,0.4586940512144836,2,23.422022872666354,4.879588098472157,233,cvc-clinicdb,unetpp,polypseg/runs_cv/unetpp_seed42_fold1/best.pth,True
0.9239544965581539,0.858657457888897,0.9770439817938987,0.8763371050462107,0.5330214094713237,0.5330214094713237,2,21.93171219946131,4.569106708221105,234,cvc-clinicdb,unetpp,polypseg/runs_cv/unetpp_seed42_fold1/best.pth,True
0.9131157012822724,0.8401222672547004,0.9424524785617409,0.8855501856070214,0.32780842146862377,0.32780842146862377,2,15.556349186104045,3.240906080438343,235,cvc-clinicdb,unetpp,polypseg/runs_cv/unetpp_seed42_fold1/best.pth,True
0.9419798268278944,0.8903231249397593,0.9748729792057748,0.9112339176158256,0.5274903356046451,0.5274903356046451,2,9.848857801796104,2.0518453753741883,236,cvc-clinicdb,unetpp,polypseg/runs_cv/unetpp_seed42_fold1/best.pth,True
0.9221419407086159,0.8555318882291972,0.8627203234514959,0.9903546304953923,0.27113232639567075,0.27113232639567075,2,14.352187732324705,2.9900391109009803,237,cvc-clinicdb,unetpp,polypseg/runs_cv/unetpp_seed42_fold1/best.pth,True
0.945749613597582,0.8970825392105477,0.9638497282746802,0.9283167715927457,0.6100022062418649,0.6100022062418649,2,26.03362015208918,5.423670865018579,238,cvc-clinicdb,unetpp,polypseg/runs_cv/unetpp_seed42_fold1/best.pth,True
0.9479500753470074,0.9010504664592591,0.9745749245115638,0.9227412924025973,0.6048875656763163,0.6048875656763163,2,14.866068747318506,3.0970976556913556,239,cvc-clinicdb,unetpp,polypseg/runs_cv/unetpp_seed42_fold1/best.pth,True
0.8269210986502754,0.7049151576239535,0.9928977272665952,0.7084875727097282,0.5688231969138458,0.5688231969138458,2,36.0,7.5,24,cvc-clinicdb,unetpp,polypseg/runs_cv/unetpp_seed42_fold1/best.pth,True
0.9577430286165118,0.918912566586345,0.9897890295275122,0.9277070315516277,0.7360978588157413,0.7360978588157413,2,15.808861713374167,3.2935128569529515,240,cvc-clinicdb,unetpp,polypseg/runs_cv/unetpp_seed42_fold1/best.pth,True
0.9090630153764083,0.8332864575950408,0.9751501686746058,0.8513649425226194,0.52917819578933,0.52917819578933,2,37.976146100690514,7.911697104310523,241,cvc-clinicdb,unetpp,polypseg/runs_cv/unetpp_seed42_fold1/best.pth,True
0.8682492581565567,0.7671735710482644,0.981408720642248,0.7784872671928659,0.3668568699827055,0.3668568699827055,2,34.81951440292553,7.254065500609485,242,cvc-clinicdb,unetpp,polypseg/runs_cv/unetpp_seed42_fold1/best.pth,True
0.8905667975390589,0.8027223230417175,0.9089601315155265,0.8729030984717494,0.45650135355897353,0.45650135355897353,2,37.013511046643494,7.711148134717394,243,cvc-clinicdb,unetpp,polypseg/runs_cv/unetpp_seed42_fold1/best.pth,True
0.9101776884154203,0.8351615476582054,0.9316942930144432,0.8896324622807559,0.5525886350646105,0.5525886350646105,2,34.0,7.083333333333333,244,cvc-clinicdb,unetpp,polypseg/runs_cv/unetpp_seed42_fold1/best.pth,True
0.9016328680477901,0.8208847859870412,0.9347440272909933,0.8707872313255655,0.5260031935968371,0.5260031935968371,2,28.20175016626489,5.875364617971853,245,cvc-clinicdb,unetpp,polypseg/runs_cv/unetpp_seed42_fold1/best.pth,True
0.7389245698713659,0.5859479553859781,0.8726608348923411,0.6407317073118639,0.3668675860690915,0.3668675860690915,2,67.39781869681754,14.041212228503655,246,cvc-clinicdb,unetpp,polypseg/runs_cv/unetpp_seed42_fold1/best.pth,True
0.9042140184904912,0.8251739242410128,0.9608460846012538,0.8538861485078396,0.3862054551530332,0.3862054551530332,2,31.180042309182216,6.495842147746296,247,cvc-clinicdb,unetpp,polypseg/runs_cv/unetpp_seed42_fold1/best.pth,True
0.9247053349840078,0.8599552895301077,0.9598358016664533,0.8920556552895567,0.5835026438288979,0.5835026438288979,2,27.428111691721114,5.714189935775233,248,cvc-clinicdb,unetpp,polypseg/runs_cv/unetpp_seed42_fold1/best.pth,True
0.9256288734919539,0.8615541228294744,0.9011535048722169,0.9514708637722364,0.5705517754335255,0.5705517754335255,2,13.0,2.7083333333333335,249,cvc-clinicdb,unetpp,polypseg/runs_cv/unetpp_seed42_fold1/best.pth,True
0.09187106474938093,0.04814719962166201,0.9914807301829015,0.04816712652729963,0.09200617046931298,0.09200617046931298,2,258.5578269885786,53.866213955953874,25,cvc-clinicdb,unetpp,polypseg/runs_cv/unetpp_seed42_fold1/best.pth,True
0.8983456151437297,0.8154514042631749,0.8922927774998323,0.9044811320665832,0.44629513334939513,0.44629513334939513,2,21.805790202891966,4.542872958935827,250,cvc-clinicdb,unetpp,polypseg/runs_cv/unetpp_seed42_fold1/best.pth,True
0.8599635288885118,0.7543298400358044,0.8633838383729371,0.8565702116891323,0.47164481573729267,0.47164481573729267,2,27.77811169172112,5.7871066024419,251,cvc-clinicdb,unetpp,polypseg/runs_cv/unetpp_seed42_fold1/best.pth,True
0.8860141357854528,0.7953549180897073,0.8618333333261513,0.9115910092471432,0.47919719234530994,0.47919719234530994,2,26.60055871285059,5.5417830651772055,252,cvc-clinicdb,unetpp,polypseg/runs_cv/unetpp_seed42_fold1/best.pth,True
0.9238290082891701,0.8584407268035762,0.9859342679798394,0.869084278764712,0.6083957572836708,0.6083957572836708,2,22.999167755734582,4.791493282444705,253,cvc-clinicdb,unetpp,polypseg/runs_cv/unetpp_seed42_fold1/best.pth,True
0.7316093800173156,0.5768013169533713,0.982810701949203,0.5826795156038603,0.3536454262366697,0.3536454262366697,2,81.09590526172002,16.894980262858336,254,cvc-clinicdb,unetpp,polypseg/runs_cv/unetpp_seed42_fold1/best.pth,True
0.8676262450907479,0.7662013017603707,0.9966869133014498,0.7681577454096455,0.48363338202551065,0.48363338202551065,2,27.792983285406844,5.790204851126426,255,cvc-clinicdb,unetpp,polypseg/runs_cv/unetpp_seed42_fold1/best.pth,True
0.7048216833075469,0.5441889153205384,0.9829699188207626,0.5493684397769553,0.15194837435267236,0.15194837435267236,2,48.17985435394558,10.037469657071995,256,cvc-clinicdb,unetpp,polypseg/runs_cv/unetpp_seed42_fold1/best.pth,True
0.9330460272146195,0.874495105706217,0.9739017668950644,0.8954801207255078,0.6024102708006773,0.6024102708006773,2,35.451358966730766,7.385699784735577,257,cvc-clinicdb,unetpp,polypseg/runs_cv/unetpp_seed42_fold1/best.pth,True
0.9358555158091337,0.879444032001652,0.9765066862017928,0.8984536299629273,0.6181794338879366,0.6181794338879366,2,24.758836806279895,5.158091001308311,258,cvc-clinicdb,unetpp,polypseg/runs_cv/unetpp_seed42_fold1/best.pth,True
0.8539114927944673,0.7450659241636841,0.9923106287779226,0.7493925291349228,0.49712935927017243,0.49712935927017243,2,30.4138126514911,6.336210969060645,259,cvc-clinicdb,unetpp,polypseg/runs_cv/unetpp_seed42_fold1/best.pth,True
0.9288702928571333,0.8671874999478854,0.8750758034642161,0.9897119340884971,0.7055555055617319,0.7055555055617319,2,3.1622776601683795,0.6588078458684125,26,cvc-clinicdb,unetpp,polypseg/runs_cv/unetpp_seed42_fold1/best.pth,True
0.8169055566443724,0.6904821176637188,0.9921306784249903,0.6942845223166696,0.5265896840007247,0.5265896840007247,2,40.53528031232428,8.444850065067559,260,cvc-clinicdb,unetpp,polypseg/runs_cv/unetpp_seed42_fold1/best.pth,True
0.852631578945102,0.7431192660516026,0.9917140737015105,0.7477620290901353,0.5778351034135388,0.5778351034135388,2,39.37387448180407,8.202890517042515,261,cvc-clinicdb,unetpp,polypseg/runs_cv/unetpp_seed42_fold1/best.pth,True
0.8922663958180054,0.8054882441495481,0.9913751410527859,0.8111726685080387,0.5997790842930215,0.5997790842930215,2,31.279996280822107,6.516665891837939,262,cvc-clinicdb,unetpp,polypseg/runs_cv/unetpp_seed42_fold1/best.pth,True
0.4408298297577998,0.2827336221352424,0.9999999999687305,0.2827336221352424,0.06539505539298318,0.06539505539298318,2,172.1950556701962,35.87396993129087,263,cvc-clinicdb,unetpp,polypseg/runs_cv/unetpp_seed42_fold1/best.pth,True
0.8268533277870334,0.7048166673202914,0.9978254808976982,0.7059009151123938,0.5303652139346474,0.5303652139346474,2,62.06712800235647,12.930651667157598,264,cvc-clinicdb,unetpp,polypseg/runs_cv/unetpp_seed42_fold1/best.pth,True
0.8892823979076829,0.8006377104607821,0.9931506849267164,0.8050830889509087,0.59860604799528,0.59860604799528,2,46.5737363899269,9.702861747901437,265,cvc-clinicdb,unetpp,polypseg/runs_cv/unetpp_seed42_fold1/best.pth,True
0.9245706343672698,0.8597223247881998,0.9837333107952352,0.872120462970101,0.631718696632508,0.631718696632508,2,29.75732006606591,6.199441680430398,266,cvc-clinicdb,unetpp,polypseg/runs_cv/unetpp_seed42_fold1/best.pth,True
0.9108406453413223,0.8362785862742397,0.9925971622394041,0.8415271966483183,0.491342587510589,0.491342587510589,2,23.669547073312767,4.931155640273492,267,cvc-clinicdb,unetpp,polypseg/runs_cv/unetpp_seed42_fold1/best.pth,True
0.6475857548594942,0.4788368336006509,0.9999999999915654,0.4788368336006509,0.10361728004191814,0.10361728004191814,2,67.70893317569967,14.10602774493743,268,cvc-clinicdb,unetpp,polypseg/runs_cv/unetpp_seed42_fold1/best.pth,True
0.547101879325234,0.3765590109450653,0.9617471136324698,0.382284640050966,0.26250789009869835,0.26250789009869835,2,93.24891465904143,19.426857220633632,269,cvc-clinicdb,unetpp,polypseg/runs_cv/unetpp_seed42_fold1/best.pth,True
0.9373594602975471,0.8821039902731497,0.898952556937834,0.9791946308067654,0.8926514786966109,0.8926514786966109,2,2.871320343559643,0.5981917382415922,27,cvc-clinicdb,unetpp,polypseg/runs_cv/unetpp_seed42_fold1/best.pth,True
0.818940433706234,0.6933946915786111,0.9800919842248351,0.7033003300296874,0.4351232237213539,0.4351232237213539,2,56.48880565875774,11.768501178907862,270,cvc-clinicdb,unetpp,polypseg/runs_cv/unetpp_seed42_fold1/best.pth,True
0.9095594867718838,0.834121142545634,0.9933655005991421,0.8387940107940148,0.5194224045577213,0.5194224045577213,2,45.95851982362455,9.57469162992178,271,cvc-clinicdb,unetpp,polypseg/runs_cv/unetpp_seed42_fold1/best.pth,True
0.8982973129934608,0.8153718090987364,0.9725632963727534,0.8345687427200745,0.5157041045678981,0.5157041045678981,2,59.01991053991204,12.29581469581501,272,cvc-clinicdb,unetpp,polypseg/runs_cv/unetpp_seed42_fold1/best.pth,True
0.8880779021934238,0.7986871597797032,0.9866693037935653,0.8073997345650878,0.5920817353375594,0.5920817353375594,2,55.54592524748706,11.57206775989314,273,cvc-clinicdb,unetpp,polypseg/runs_cv/unetpp_seed42_fold1/best.pth,True
0.8133758542126408,0.6854536519421173,0.9978091746356174,0.6864868190326171,0.470084754659536,0.470084754659536,2,70.00321412173685,14.58400294202851,274,cvc-clinicdb,unetpp,polypseg/runs_cv/unetpp_seed42_fold1/best.pth,True
0.8131783472666413,0.6851731643030082,0.9877249958661984,0.6910575367762033,0.47692481666009795,0.47692481666009795,2,59.91450574940716,12.482188697793159,275,cvc-clinicdb,unetpp,polypseg/runs_cv/unetpp_seed42_fold1/best.pth,True
0.9115122817379118,0.8374116367553135,0.9991889699864872,0.8379812270401397,0.58123695853203,0.58123695853203,2,56.47873237079095,11.766402577248114,276,cvc-clinicdb,unetpp,polypseg/runs_cv/unetpp_seed42_fold1/best.pth,True
0.9078127164395767,0.8311877734743408,0.9584643509984755,0.862245904869007,0.5802635805947081,0.5802635805947081,2,43.592609632849054,9.08179367351022,277,cvc-clinicdb,unetpp,polypseg/runs_cv/unetpp_seed42_fold1/best.pth,True
0.8920570264563916,0.8051470587906394,0.9642857142385378,0.8298947368071624,0.7113743576181611,0.7113743576181611,2,8.602325267042627,1.7921510973005472,278,cvc-clinicdb,unetpp,polypseg/runs_cv/unetpp_seed42_fold1/best.pth,True
0.94443405049683,0.8947181850090494,0.9689059500587752,0.9211678831780596,0.7898229588740341,0.7898229588740341,2,5.0,1.0416666666666667,279,cvc-clinicdb,unetpp,polypseg/runs_cv/unetpp_seed42_fold1/best.pth,True
0.9339366515716363,0.8760611205220457,0.8914116485466088,0.9807222372799153,0.6811660767931657,0.6811660767931657,2,6.0,1.25,28,cvc-clinicdb,unetpp,polypseg/runs_cv/unetpp_seed42_fold1/best.pth,True
0.9358993338129401,0.8795214245720779,0.8851862223218935,0.9927763818783676,0.7390068050434713,0.7390068050434713,2,5.385164807134504,1.1219093348196882,280,cvc-clinicdb,unetpp,polypseg/runs_cv/unetpp_seed42_fold1/best.pth,True
0.9566485483102658,0.9168996187822898,0.9272680544608772,0.9879518072018634,0.8392552432587774,0.8392552432587774,2,3.0,0.625,281,cvc-clinicdb,unetpp,polypseg/runs_cv/unetpp_seed42_fold1/best.pth,True
0.9583235224751786,0.9199819167965646,0.9258416742282566,0.993167398706853,0.7602605759906574,0.7602605759906574,2,3.605551275463989,0.7511565157216644,282,cvc-clinicdb,unetpp,polypseg/runs_cv/unetpp_seed42_fold1/best.pth,True
0.9523022432000908,0.9089474870203077,0.9161744661309366,0.9913962634957868,0.739650574980356,0.739650574980356,2,5.0,1.0416666666666667,283,cvc-clinicdb,unetpp,polypseg/runs_cv/unetpp_seed42_fold1/best.pth,True
0.8450829383761096,0.7317260835924153,0.7788697788485157,0.9235998704783555,0.3649771859986452,0.3649771859986452,2,13.92838827718412,2.9017475577466914,284,cvc-clinicdb,unetpp,polypseg/runs_cv/unetpp_seed42_fold1/best.pth,True
0.9250660364114408,0.8605794102208852,0.8755263157664336,0.98054818741584,0.5823027804585358,0.5823027804585358,2,5.656854249492381,1.1785113019775793,285,cvc-clinicdb,unetpp,polypseg/runs_cv/unetpp_seed42_fold1/best.pth,True
0.8815021568018079,0.7881125226681462,0.8358999037334962,0.9323671497334308,0.560297522449573,0.560297522449573,2,11.0,2.2916666666666665,286,cvc-clinicdb,unetpp,polypseg/runs_cv/unetpp_seed42_fold1/best.pth,True
0.9149081007363525,0.8431618569424552,0.8754559666264863,0.9580838323080102,0.5427090612771123,0.5427090612771123,2,7.0710678118654755,1.473139127471974,287,cvc-clinicdb,unetpp,polypseg/runs_cv/unetpp_seed42_fold1/best.pth,True
0.9486468646739453,0.9023103967628752,0.9291440392829288,0.9689859762413974,0.7602815357725183,0.7602815357725183,2,4.0,0.8333333333333334,288,cvc-clinicdb,unetpp,polypseg/runs_cv/unetpp_seed42_fold1/best.pth,True
0.96389891695301,0.9303135888231616,0.9409691629679598,0.9879740980268895,0.9348911212056722,0.9348911212056722,2,2.23606797749979,0.4658474953124562,289,cvc-clinicdb,unetpp,polypseg/runs_cv/unetpp_seed42_fold1/best.pth,True
0.9606561010643836,0.924290893561009,0.9440209104564579,0.9778880866205351,0.7929780962716098,0.7929780962716098,2,3.0,0.625,29,cvc-clinicdb,unetpp,polypseg/runs_cv/unetpp_seed42_fold1/best.pth,True
0.9655902593709479,0.9334698054793515,0.9650793650283026,0.9661016948640836,0.9949236763992152,0.9949236763992152,2,2.0,0.4166666666666667,290,cvc-clinicdb,unetpp,polypseg/runs_cv/unetpp_seed42_fold1/best.pth,True
0.9423791821269399,0.891036906801931,0.9644895370345916,0.9212598424638849,0.856825816459745,0.856825816459745,2,5.094068537913144,1.061264278731905,291,cvc-clinicdb,unetpp,polypseg/runs_cv/unetpp_seed42_fold1/best.pth,True
0.9053780832813308,0.8271148872985921,0.8825384311831873,0.9294312992557314,0.5212081145391939,0.5212081145391939,2,6.0,1.25,292,cvc-clinicdb,unetpp,polypseg/runs_cv/unetpp_seed42_fold1/best.pth,True
0.9606085302776337,0.9242028227672713,0.9492617449409595,0.9722298597478078,0.8288287788289941,0.8288287788289941,2,3.0,0.625,293,cvc-clinicdb,unetpp,polypseg/runs_cv/unetpp_seed42_fold1/best.pth,True
0.9699727024441704,0.9416961130504368,0.9566666666421368,0.98365409963133,0.9929063140048673,0.9929063140048673,2,2.0,0.4166666666666667,294,cvc-clinicdb,unetpp,polypseg/runs_cv/unetpp_seed42_fold1/best.pth,True
0.9523421588465398,0.9090202177058315,0.9241106719124081,0.9823529411489538,0.8397327329376222,0.8397327329376222,2,4.0,0.8333333333333334,295,cvc-clinicdb,unetpp,polypseg/runs_cv/unetpp_seed42_fold1/best.pth,True
0.929649154682246,0.8685461956226717,0.9257784214002253,0.9335523913496331,0.7530639737158623,0.7530639737158623,2,5.804837248042362,1.2093410933421587,296,cvc-clinicdb,unetpp,polypseg/runs_cv/unetpp_seed42_fold1/best.pth,True
0.9370878631093016,0.8816230717343521,0.9456834532033928,0.9286471211257985,0.7825418187888732,0.7825418187888732,2,4.0,0.8333333333333334,297,cvc-clinicdb,unetpp,polypseg/runs_cv/unetpp_seed42_fold1/best.pth,True
0.9650740852663662,0.9325054784378013,0.9894589985895295,0.9418621808921077,0.8698681046609629,0.8698681046609629,2,5.665559131760019,1.1803248191166706,298,cvc-clinicdb,unetpp,polypseg/runs_cv/unetpp_seed42_fold1/best.pth,True
0.9671678428817556,0.9364230540422929,0.9773643410549655,0.9571819009730586,0.9265203188595373,0.9265203188595373,2,2.23606797749979,0.4658474953124562,299,cvc-clinicdb,unetpp,polypseg/runs_cv/unetpp_seed42_fold1/best.pth,True
0.6341380367032103,0.46427681108608326,0.993491944937656,0.4656931386253966,0.5052259301902587,0.5052259301902587,2,68.42514157822401,14.25523782879667,3,cvc-clinicdb,unetpp,polypseg/runs_cv/unetpp_seed42_fold1/best.pth,True
0.9609962148172637,0.924920802524552,0.9521687139803003,0.9699889257921374,0.7376348467257399,0.7376348467257399,2,7.0710678118654755,1.473139127471974,30,cvc-clinicdb,unetpp,polypseg/runs_cv/unetpp_seed42_fold1/best.pth,True
0.941606744353201,0.8896567880884425,0.9765976597534191,0.9090365050758942,0.7631886462234282,0.7631886462234282,2,23.135183820261712,4.819829962554524,300,cvc-clinicdb,unetpp,polypseg/runs_cv/unetpp_seed42_fold1/best.pth,True
0.9264160931628161,0.862919132135718,0.9820426486909457,0.8767535069993863,0.6718059859406461,0.6718059859406461,2,21.180139095396235,4.412528978207549,301,cvc-clinicdb,unetpp,polypseg/runs_cv/unetpp_seed42_fold1/best.pth,True
0.9585358878984356,0.9203734211870359,0.9740788097062177,0.9434811979177721,0.8034556737121535,0.8034556737121535,2,17.255337058115117,3.594861887107316,302,cvc-clinicdb,unetpp,polypseg/runs_cv/unetpp_seed42_fold1/best.pth,True
0.9102244388980142,0.8352402745915785,0.9928595715630413,0.8402877697761123,0.5318503043938372,0.5318503043938372,2,35.00141513899161,7.291961487289919,303,cvc-clinicdb,unetpp,polypseg/runs_cv/unetpp_seed42_fold1/best.pth,True
0.9373957043605674,0.8821681864145676,0.9841754266871914,0.8948612538448626,0.659814955245697,0.659814955245697,2,13.416407864998739,2.7950849718747373,304,cvc-clinicdb,unetpp,polypseg/runs_cv/unetpp_seed42_fold1/best.pth,True
0.9183650573990563,0.8490526898019011,0.9879314506316844,0.8579513694741618,0.6060489165855086,0.6060489165855086,2,22.97052627529742,4.78552630735363,305,cvc-clinicdb,unetpp,polypseg/runs_cv/unetpp_seed42_fold1/best.pth,True
0.896766035873863,0.8128520921527144,0.9995222625597194,0.8131680205184298,0.4405572857643484,0.4405572857643484,2,33.15459730959125,6.907207772831511,306,cvc-clinicdb,unetpp,polypseg/runs_cv/unetpp_seed42_fold1/best.pth,True
0.9046219094852541,0.8258535726784068,0.9652370667390183,0.8511699619004972,0.3979806261444753,0.3979806261444753,2,25.151416342094464,5.239878404603013,307,cvc-clinicdb,unetpp,polypseg/runs_cv/unetpp_seed42_fold1/best.pth,True
0.9571446420350791,0.9178115015901133,0.9203844613462524,0.9969633871161117,0.39653740477865884,0.39653740477865884,2,4.242640687119285,0.8838834764831843,308,cvc-clinicdb,unetpp,polypseg/runs_cv/unetpp_seed42_fold1/best.pth,True
0.9314497871870736,0.8716949152394629,0.8754042553042485,0.9951625386804341,0.5488208611112215,0.5488208611112215,2,9.01309004682259,1.8777270930880396,309,cvc-clinicdb,unetpp,polypseg/runs_cv/unetpp_seed42_fold1/best.pth,True
0.9669698420238931,0.9360518998964775,0.9661604687197636,0.9677805725120638,0.7276299494666191,0.7276299494666191,2,4.0,0.8333333333333334,31,cvc-clinicdb,unetpp,polypseg/runs_cv/unetpp_seed42_fold1/best.pth,True
0.9631381825160036,0.9288973383677226,0.964469009042066,0.9618110235841807,0.9688115936551888,0.9688115936551888,2,2.0,0.4166666666666667,310,cvc-clinicdb,unetpp,polypseg/runs_cv/unetpp_seed42_fold1/best.pth,True
0.929168180150215,0.8677069199162922,0.970041714032232,0.8915998605475218,0.7698426229204935,0.7698426229204935,2,6.062071897723665,1.2629316453590969,311,cvc-clinicdb,unetpp,polypseg/runs_cv/unetpp_seed42_fold1/best.pth,True
0.8492693110292581,0.7380261247650198,0.9096601072531609,0.7963978072986375,0.6920761789842985,0.6920761789842985,2,11.465738283771467,2.388695475785722,312,cvc-clinicdb,unetpp,polypseg/runs_cv/unetpp_seed42_fold1/best.pth,True
0.9046762589854097,0.8259441707594276,0.9921104536311259,0.831404958665193,0.5781372490867515,0.5781372490867515,2,17.3701887700885,3.618789327101771,313,cvc-clinicdb,unetpp,polypseg/runs_cv/unetpp_seed42_fold1/best.pth,True
0.9473684210471462,0.8999999999900989,0.9495125348079211,0.9452339687932381,0.6427750464256429,0.6427750464256429,2,28.183323889188287,5.87152581024756,314,cvc-clinicdb,unetpp,polypseg/runs_cv/unetpp_seed42_fold1/best.pth,True
0.9830781627694826,0.9667194928636751,0.9958675577725836,0.9706130973051036,0.8510546514675366,0.8510546514675366,2,3.0,0.625,315,cvc-clinicdb,unetpp,polypseg/runs_cv/unetpp_seed42_fold1/best.pth,True
0.966833056016216,0.9357955765485573,0.9754428598804903,0.9583739122209218,0.6114138111591844,0.6114138111591844,2,15.0,3.125,316,cvc-clinicdb,unetpp,polypseg/runs_cv/unetpp_seed42_fold1/best.pth,True
0.9444917753426028,0.8948218055327528,0.9918788712939306,0.9014260695465259,0.7111927848000127,0.7111927848000127,2,22.140292593204265,4.612560956917556,317,cvc-clinicdb,unetpp,polypseg/runs_cv/unetpp_seed42_fold1/best.pth,True
0.9571096555893279,0.917747163658114,0.9750322857953064,0.9398340248572683,0.8905614152495451,0.8905614152495451,2,4.47213595499958,0.9316949906249123,318,cvc-clinicdb,unetpp,polypseg/runs_cv/unetpp_seed42_fold1/best.pth,True
0.9560822586100369,0.915859766246549,0.9170845870639558,0.998543865999325,0.9020600680788036,0.9020600680788036,2,2.8284271247461903,0.5892556509887896,319,cvc-clinicdb,unetpp,polypseg/runs_cv/unetpp_seed42_fold1/best.pth,True
0.9674119384045169,0.9368808088965694,0.9742963356242772,0.9606241491155029,0.80129584632853,0.80129584632853,2,3.605551275463989,0.7511565157216644,32,cvc-clinicdb,unetpp,polypseg/runs_cv/unetpp_seed42_fold1/best.pth,True
0.96704299234842,0.9361890041745157,0.9534517652135496,0.9810273021522206,0.899991952811953,0.899991952811953,2,2.8284271247461903,0.5892556509887896,320,cvc-clinicdb,unetpp,polypseg/runs_cv/unetpp_seed42_fold1/best.pth,True
0.9583834495953942,0.9200923787387207,0.9212270695094616,0.9986631015875892,0.7123648933496554,0.7123648933496554,2,3.1622776601683795,0.6588078458684125,321,cvc-clinicdb,unetpp,polypseg/runs_cv/unetpp_seed42_fold1/best.pth,True
0.9693057247200407,0.9404396123736652,0.9532822232755955,0.9858771060333762,0.7676732566502713,0.7676732566502713,2,3.1622776601683795,0.6588078458684125,322,cvc-clinicdb,unetpp,polypseg/runs_cv/unetpp_seed42_fold1/best.pth,True
0.9580073289048331,0.9193992966360669,0.9373062015413051,0.9796435081934408,0.5277616131036303,0.5277616131036303,2,3.605551275463989,0.7511565157216644,323,cvc-clinicdb,unetpp,polypseg/runs_cv/unetpp_seed42_fold1/best.pth,True
0.9683251044362451,0.938595199514967,0.9422025129202927,0.9959374999844385,0.8566250587304656,0.8566250587304656,2,3.0,0.625,324,cvc-clinicdb,unetpp,polypseg/runs_cv/unetpp_seed42_fold1/best.pth,True
0.9213483145974152,0.854166666650635,0.854166666650635,0.9999999999780268,0.3048917220471397,0.3048917220471397,2,4.242640687119285,0.8838834764831843,325,cvc-clinicdb,unetpp,polypseg/runs_cv/unetpp_seed42_fold1/best.pth,True
0.9275663206352067,0.8649171864731143,0.8664081016835508,0.9980143956068996,0.5661016449434114,0.5661016449434114,2,7.0710678118654755,1.473139127471974,326,cvc-clinicdb,unetpp,polypseg/runs_cv/unetpp_seed42_fold1/best.pth,True
0.9409041394207394,0.8884031884574851,0.8967038670932598,0.9896877685193444,0.5948904609595652,0.5948904609595652,2,3.605551275463989,0.7511565157216644,327,cvc-clinicdb,unetpp,polypseg/runs_cv/unetpp_seed42_fold1/best.pth,True
0.8795843520692789,0.7850518275907429,0.792400881042724,0.9883241758015494,0.19970712437180255,0.19970712437180255,2,12.122149391964985,2.5254477899927052,328,cvc-clinicdb,unetpp,polypseg/runs_cv/unetpp_seed42_fold1/best.pth,True
0.9476418034391476,0.9004935833978185,0.9094715852261323,0.9891563651921675,0.6617920028595242,0.6617920028595242,2,4.47213595499958,0.9316949906249123,329,cvc-clinicdb,unetpp,polypseg/runs_cv/unetpp_seed42_fold1/best.pth,True
0.9713418444738356,0.944280506848253,0.9727313366028365,0.9699563162969603,0.7840894980134611,0.7840894980134611,2,4.123105625617661,0.858980338670346,33,cvc-clinicdb,unetpp,polypseg/runs_cv/unetpp_seed42_fold1/best.pth,True
0.9583684476575225,0.9200647249042061,0.9451462765800341,0.9719658119491972,0.7954034730619626,0.7954034730619626,2,6.535562057026199,1.3615754285471249,330,cvc-clinicdb,unetpp,polypseg/runs_cv/unetpp_seed42_fold1/best.pth,True
0.9675387285404156,0.937118665160788,0.9622810382181015,0.9728541881983861,0.7131939302352434,0.7131939302352434,2,3.605551275463989,0.7511565157216644,331,cvc-clinicdb,unetpp,polypseg/runs_cv/unetpp_seed42_fold1/best.pth,True
0.9812483493178866,0.9631870030943106,0.9830657964194203,0.9794376098246145,0.961633075814901,0.961633075814901,2,2.0,0.4166666666666667,332,cvc-clinicdb,unetpp,polypseg/runs_cv/unetpp_seed42_fold1/best.pth,True
0.9596177269656176,0.9223703169862686,0.9232017306485812,0.9990245805501556,0.8053254439659439,0.8053254439659439,2,3.0,0.625,333,cvc-clinicdb,unetpp,polypseg/runs_cv/unetpp_seed42_fold1/best.pth,True
0.9516886800731168,0.9078302046185045,0.9301680817721336,0.974228675118435,0.6709371487762041,0.6709371487762041,2,4.0,0.8333333333333334,334,cvc-clinicdb,unetpp,polypseg/runs_cv/unetpp_seed42_fold1/best.pth,True
0.956916474075958,0.9173919923893434,0.929304264172342,0.9862198026371858,0.7098633661321656,0.7098633661321656,2,4.47213595499958,0.9316949906249123,335,cvc-clinicdb,unetpp,polypseg/runs_cv/unetpp_seed42_fold1/best.pth,True
0.9597115817849508,0.9225437532330178,0.9244660531181722,0.9977511244190826,0.7784550863660163,0.7784550863660163,2,3.0,0.625,336,cvc-clinicdb,unetpp,polypseg/runs_cv/unetpp_seed42_fold1/best.pth,True
0.9550328318431133,0.9139357301795429,0.9212636305176193,0.9913718722866027,0.6525423229068952,0.6525423229068952,2,4.116950344336776,0.8576979884034951,337,cvc-clinicdb,unetpp,polypseg/runs_cv/unetpp_seed42_fold1/best.pth,True
0.9706725805797779,0.9430163447181054,0.9624658780636756,0.9790204396376473,0.6481704546767902,0.6481704546767902,2,3.605551275463989,0.7511565157216644,338,cvc-clinicdb,unetpp,polypseg/runs_cv/unetpp_seed42_fold1/best.pth,True
0.9479426433767465,0.9010370370103397,0.9047902409727823,0.9954173485762547,0.8358815578215609,0.8358815578215609,2,2.8284271247461903,0.5892556509887896,339,cvc-clinicdb,unetpp,polypseg/runs_cv/unetpp_seed42_fold1/best.pth,True
0.96351702029489,0.9296023563927894,0.9673563218242551,0.9597080735751907,0.806008526373447,0.806008526373447,2,4.242640687119285,0.8838834764831843,34,cvc-clinicdb,unetpp,polypseg/runs_cv/unetpp_seed42_fold1/best.pth,True
0.9423835832427682,0.8910447760750724,0.9274987052859918,0.9577540106439704,0.880113535943856,0.880113535943856,2,3.0,0.625,340,cvc-clinicdb,unetpp,polypseg/runs_cv/unetpp_seed42_fold1/best.pth,True
0.9552060521410471,0.914253048745646,0.921274961562163,0.99173212067004,0.9250046965352503,0.9250046965352503,2,2.23606797749979,0.4658474953124562,341,cvc-clinicdb,unetpp,polypseg/runs_cv/unetpp_seed42_fold1/best.pth,True
0.9773414829846432,0.9556870321063066,0.9632469270906261,0.9918546365790495,0.8947418421514443,0.8947418421514443,2,2.8284271247461903,0.5892556509887896,342,cvc-clinicdb,unetpp,polypseg/runs_cv/unetpp_seed42_fold1/best.pth,True
0.9463834437473779,0.8982237780254347,0.9515176486615641,0.9413043478132975,0.7601460985891798,0.7601460985891798,2,6.332412212046365,1.319252544176326,343,cvc-clinicdb,unetpp,polypseg/runs_cv/unetpp_seed42_fold1/best.pth,True
0.9746933936011904,0.9506360219647974,0.9847271093734765,0.9648620891948,0.8895688705573569,0.8895688705573569,2,3.0,0.625,344,cvc-clinicdb,unetpp,polypseg/runs_cv/unetpp_seed42_fold1/best.pth,True
0.962869131498049,0.9283969465577985,0.9692381255899805,0.9565832939990829,0.7225163083896662,0.7225163083896662,2,5.0990195135927845,1.0622957319984967,345,cvc-clinicdb,unetpp,polypseg/runs_cv/unetpp_seed42_fold1/best.pth,True
0.854228066188458,0.7455480807133845,0.7598306109949621,0.9754077141865025,0.691437753247333,0.691437753247333,2,33.0,6.875,346,cvc-clinicdb,unetpp,polypseg/runs_cv/unetpp_seed42_fold1/best.pth,True
0.8584695061982456,0.7520337922285352,0.7778317151977697,0.9577605100426826,0.5587022969918828,0.5587022969918828,2,34.03012721335192,7.089609836114983,347,cvc-clinicdb,unetpp,polypseg/runs_cv/unetpp_seed42_fold1/best.pth,True
0.9243662747958202,0.8593689962820331,0.9804198529005873,0.8743755701278207,0.3056337528839598,0.3056337528839598,2,36.276643759590804,7.557634116581418,348,cvc-clinicdb,unetpp,polypseg/runs_cv/unetpp_seed42_fold1/best.pth,True
0.9685099520414028,0.9389426043985232,0.9749231032084119,0.9621806223081112,0.6654515793697731,0.6654515793697731,2,9.219544457292887,1.920738428602685,349,cvc-clinicdb,unetpp,polypseg/runs_cv/unetpp_seed42_fold1/best.pth,True
0.9531364575631415,0.9104686703908499,0.9175972275584957,0.9915395284189801,0.7967734135314367,0.7967734135314367,2,12.041594578792296,2.5086655372483952,35,cvc-clinicdb,unetpp,polypseg/runs_cv/unetpp_seed42_fold1/best.pth,True
0.931583880033996,0.8719298245552847,0.97435696360591,0.8924082453430122,0.5268731802146313,0.5268731802146313,2,32.94204951767647,6.862926982849265,350,cvc-clinicdb,unetpp,polypseg/runs_cv/unetpp_seed42_fold1/best.pth,True
0.9270293088779756,0.8639838129302162,0.9354917234436346,0.9187186229758854,0.6152040461663275,0.6152040461663275,2,6.4031242374328485,1.3339842161318434,351,cvc-clinicdb,unetpp,polypseg/runs_cv/unetpp_seed42_fold1/best.pth,True
0.898864395445573,0.8163067216496893,0.9844893180864943,0.8269419862136936,0.7237292196207471,0.7237292196207471,2,35.188032400770474,7.330840083493849,352,cvc-clinicdb,unetpp,polypseg/runs_cv/unetpp_seed42_fold1/best.pth,True
0.9445783132470222,0.8949771689390172,0.9502424087656259,0.9389813413900784,0.6052060240409224,0.6052060240409224,2,22.242872427130365,4.633931755652159,353,cvc-clinicdb,unetpp,polypseg/runs_cv/unetpp_seed42_fold1/best.pth,True
0.9394945456945626,0.8858931765795311,0.9811774695587153,0.9012088911880773,0.7062856125913226,0.7062856125913226,2,14.159704167685485,2.949938368267809,354,cvc-clinicdb,unetpp,polypseg/runs_cv/unetpp_seed42_fold1/best.pth,True
0.8902896436711278,0.8022720871204367,0.9126348392511733,0.869012508889769,0.4699161531811407,0.4699161531811407,2,26.0,5.416666666666667,355,cvc-clinicdb,unetpp,polypseg/runs_cv/unetpp_seed42_fold1/best.pth,True
0.9008607594891095,0.8196056753195171,0.889866960079125,0.9121296011390122,0.4883981838829327,0.4883981838829327,2,17.483873551142413,3.6424736564880025,356,cvc-clinicdb,unetpp,polypseg/runs_cv/unetpp_seed42_fold1/best.pth,True
0.9121693658909678,0.8385214915721355,0.9960638651680005,0.8413092339350003,0.5042874714010336,0.5042874714010336,2,39.6289012899858,8.256021102080375,357,cvc-clinicdb,unetpp,polypseg/runs_cv/unetpp_seed42_fold1/best.pth,True
0.8588886767178481,0.7526773761629554,0.9769765421231251,0.766269165238316,0.6248713870979192,0.6248713870979192,2,70.66799405203656,14.722498760840951,358,cvc-clinicdb,unetpp,polypseg/runs_cv/unetpp_seed42_fold1/best.pth,True
0.9009986556515219,0.8198339886341648,0.9856092436871259,0.8297665369576426,0.4569786684511503,0.4569786684511503,2,35.502806338890096,7.39641798726877,359,cvc-clinicdb,unetpp,polypseg/runs_cv/unetpp_seed42_fold1/best.pth,True
0.9357511708786387,0.8792597607565051,0.897075754066381,0.9779116465617994,0.6421378546026383,0.6421378546026383,2,5.830951894845301,1.2147816447594377,36,cvc-clinicdb,unetpp,polypseg/runs_cv/unetpp_seed42_fold1/best.pth,True
0.858653408491094,0.7523160930072255,0.8092661034793475,0.9144604370130922,0.38420960896149764,0.38420960896149764,2,56.86304893468436,11.84646852805924,360,cvc-clinicdb,unetpp,polypseg/runs_cv/unetpp_seed42_fold1/best.pth,True
0.858069485544014,0.7514200511165051,0.7746870653628967,0.9615664183085447,0.4608115993406141,0.4608115993406141,2,48.241046901477525,10.050218104474483,361,cvc-clinicdb,unetpp,polypseg/runs_cv/unetpp_seed42_fold1/best.pth,True
0.6745027124746239,0.5088676671182633,0.5367257505360931,0.907442220492011,0.23409444273748004,0.23409444273748004,2,115.4921726564224,24.06086930342133,362,cvc-clinicdb,unetpp,polypseg/runs_cv/unetpp_seed42_fold1/best.pth,True
0.8100254267776962,0.6807081806666234,0.8590138674222639,0.7663230240023146,0.37243623253843966,0.37243623253843966,2,13.606822314779155,2.834754648912324,363,cvc-clinicdb,unetpp,polypseg/runs_cv/unetpp_seed42_fold1/best.pth,True
0.9508196721119041,0.9062499999650367,0.9097598760298312,0.9957609156000102,0.7602779822273156,0.7602779822273156,2,3.0,0.625,364,cvc-clinicdb,unetpp,polypseg/runs_cv/unetpp_seed42_fold1/best.pth,True
0.8838967971333653,0.791948983627264,0.791948983627264,0.9999999999496728,0.30994062430938624,0.30994062430938624,2,5.0990195135927845,1.0622957319984967,365,cvc-clinicdb,unetpp,polypseg/runs_cv/unetpp_seed42_fold1/best.pth,True
0.9012600228888601,0.8202668890400223,0.8209515859423644,0.9989842559167605,0.6021665544260708,0.6021665544260708,2,6.0,1.25,366,cvc-clinicdb,unetpp,polypseg/runs_cv/unetpp_seed42_fold1/best.pth,True
0.9232693911400486,0.8574748256832891,0.8675548589001743,0.9866310159988133,0.6781693539571781,0.6781693539571781,2,5.0,1.0416666666666667,367,cvc-clinicdb,unetpp,polypseg/runs_cv/unetpp_seed42_fold1/best.pth,True
0.8715969989095049,0.772416413344513,0.781622452872679,0.9849806201073169,0.5020539772639021,0.5020539772639021,2,9.848857801796104,2.0518453753741883,368,cvc-clinicdb,unetpp,polypseg/runs_cv/unetpp_seed42_fold1/best.pth,True
0.8442767295385087,0.7305180670121673,0.7305180670121673,0.9999999999404052,0.37642425839813665,0.37642425839813665,2,9.457764463858444,1.9703675966371759,369,cvc-clinicdb,unetpp,polypseg/runs_cv/unetpp_seed42_fold1/best.pth,True
0.9546653271320189,0.913262854385953,0.9479985035422372,0.9614265840272995,0.6518485456659687,0.6518485456659687,2,7.135667758163669,1.486597449617431,37,cvc-clinicdb,unetpp,polypseg/runs_cv/unetpp_seed42_fold1/best.pth,True
0.8550840672309826,0.7468531468183286,0.7507029053069024,0.993180409113876,0.5370163568682504,0.5370163568682504,2,8.602325267042627,1.7921510973005472,370,cvc-clinicdb,unetpp,polypseg/runs_cv/unetpp_seed42_fold1/best.pth,True
0.7947214075955015,0.6593673965535665,0.6625916870010641,0.9926739925830884,0.4578312755624963,0.4578312755624963,2,9.899494936611665,2.0623947784607637,371,cvc-clinicdb,unetpp,polypseg/runs_cv/unetpp_seed42_fold1/best.pth,True
0.7977707006051843,0.6635761588964518,0.6662234042110223,0.9940476189490033,0.49430263034453675,0.49430263034453675,2,9.848857801796104,2.0518453753741883,372,cvc-clinicdb,unetpp,polypseg/runs_cv/unetpp_seed42_fold1/best.pth,True
0.7866419294698834,0.6483180427738031,0.6483180427738031,0.9999999999056604,0.3545012180689326,0.3545012180689326,2,8.94427190999916,1.8633899812498247,373,cvc-clinicdb,unetpp,polypseg/runs_cv/unetpp_seed42_fold1/best.pth,True
0.7785843919909684,0.6374442793146387,0.6409362549481605,0.9915254236524248,0.3944443949444507,0.3944443949444507,2,11.40175425099138,2.3753654689565376,374,cvc-clinicdb,unetpp,polypseg/runs_cv/unetpp_seed42_fold1/best.pth,True
0.7651545563723343,0.6196358907269417,0.6196358907269417,0.9999999998950683,0.42307687360289864,0.42307687360289864,2,10.63014581273465,2.2146137109863853,375,cvc-clinicdb,unetpp,polypseg/runs_cv/unetpp_seed42_fold1/best.pth,True
0.9333091041080628,0.8749574105323694,0.8806584361837909,0.9926555855820389,0.710194570205559,0.710194570205559,2,6.375625116449215,1.3282552325935866,376,cvc-clinicdb,unetpp,polypseg/runs_cv/unetpp_seed42_fold1/best.pth,True
0.9100863339458816,0.8350077279430059,0.8398756315258502,0.9931066176014198,0.6155258429898912,0.6155258429898912,2,7.0,1.4583333333333333,377,cvc-clinicdb,unetpp,polypseg/runs_cv/unetpp_seed42_fold1/best.pth,True
0.8774044032241621,0.7815854665242946,0.7832023168894,0.9973656479980313,0.33490561059541507,0.33490561059541507,2,7.0,1.4583333333333333,378,cvc-clinicdb,unetpp,polypseg/runs_cv/unetpp_seed42_fold1/best.pth,True
0.8565162906999839,0.7490410958493676,0.7519251924778919,0.9949053856626706,0.4840229990212113,0.4840229990212113,2,8.0,1.6666666666666667,379,cvc-clinicdb,unetpp,polypseg/runs_cv/unetpp_seed42_fold1/best.pth,True
0.9782274026723308,0.9573826947706117,0.9913082237354288,0.9654873019108859,0.9853108069571264,0.9853108069571264,2,1.4142135623730951,0.2946278254943948,38,cvc-clinicdb,unetpp,polypseg/runs_cv/unetpp_seed42_fold1/best.pth,True
0.8958742632392959,0.8113879003197781,0.8113879003197781,0.9999999999451754,0.5795290429636016,0.5795290429636016,2,6.0,1.25,380,cvc-clinicdb,unetpp,polypseg/runs_cv/unetpp_seed42_fold1/best.pth,True
0.9226538329164206,0.8564135290090488,0.8564135290090488,0.9999999999627422,0.6222416685729063,0.6222416685729063,2,5.385164807134504,1.1219093348196882,381,cvc-clinicdb,unetpp,polypseg/runs_cv/unetpp_seed42_fold1/best.pth,True
0.9646687697008728,0.9317489335486975,0.9655825702252737,0.9637566971016781,0.9322708663354576,0.9322708663354576,2,2.23606797749979,0.4658474953124562,382,cvc-clinicdb,unetpp,polypseg/runs_cv/unetpp_seed42_fold1/best.pth,True
0.928166351592184,0.8659611992690782,0.8662158188513316,0.9996606718357768,0.6312003096800234,0.6312003096800234,2,6.0,1.25,383,cvc-clinicdb,unetpp,polypseg/runs_cv/unetpp_seed42_fold1/best.pth,True
0.8354684752558587,0.7174288179441248,0.9919702670414243,0.7216195467114336,0.4880674120647315,0.4880674120647315,2,86.25483857304215,17.969758036050447,384,cvc-clinicdb,unetpp,polypseg/runs_cv/unetpp_seed42_fold1/best.pth,True
0.8925579602829709,0.8059635884068795,0.9519730010343026,0.8401237160607884,0.5145277954162293,0.5145277954162293,2,74.81608778800256,15.586684955833867,385,cvc-clinicdb,unetpp,polypseg/runs_cv/unetpp_seed42_fold1/best.pth,True
0.8459784975489147,0.7330699607867771,0.8139649076835996,0.8806134013285146,0.398879493004625,0.398879493004625,2,40.8302527736731,8.506302661181897,386,cvc-clinicdb,unetpp,polypseg/runs_cv/unetpp_seed42_fold1/best.pth,True
0.8027602675970522,0.670509210369968,0.7819319969871317,0.8247285059680891,0.35282970746374603,0.35282970746374603,2,70.8112685481119,14.752347614189977,387,cvc-clinicdb,unetpp,polypseg/runs_cv/unetpp_seed42_fold1/best.pth,True
0.8703853074375496,0.7705152147615419,0.926797040165051,0.8204468358840392,0.3364268359959605,0.3364268359959605,2,27.381307537688357,5.704439070351741,388,cvc-clinicdb,unetpp,polypseg/runs_cv/unetpp_seed42_fold1/best.pth,True
0.8951668672978634,0.8102281157232463,0.990702420766536,0.816436180149428,0.6344324983531606,0.6344324983531606,2,52.49761899362675,10.937003957005572,389,cvc-clinicdb,unetpp,polypseg/runs_cv/unetpp_seed42_fold1/best.pth,True
0.9617524339248753,0.9263228398989435,0.9463959853798724,0.9776154570928932,0.8895593947856254,0.8895593947856254,2,5.0,1.0416666666666667,39,cvc-clinicdb,unetpp,polypseg/runs_cv/unetpp_seed42_fold1/best.pth,True
0.9745760336342688,0.9504127713030975,0.9917279936049305,0.9580072743251514,0.8505402153527325,0.8505402153527325,2,8.25495614710613,1.7197825306471104,390,cvc-clinicdb,unetpp,polypseg/runs_cv/unetpp_seed42_fold1/best.pth,True
0.9529411764616905,0.9101123595343301,0.9606551204638432,0.9453501296601454,0.8055893075679453,0.8055893075679453,2,5.385164807134504,1.1219093348196882,391,cvc-clinicdb,unetpp,polypseg/runs_cv/unetpp_seed42_fold1/best.pth,True
0.9510075799534664,0.9065914698518788,0.9677662109498587,0.9348194814522071,0.649188177971297,0.649188177971297,2,11.159839373837448,2.3249665362161354,392,cvc-clinicdb,unetpp,polypseg/runs_cv/unetpp_seed42_fold1/best.pth,True
0.9539885297122394,0.9120249221070152,0.9289249904692356,0.9804420629473484,0.7043762477791417,0.7043762477791417,2,7.0,1.4583333333333333,393,cvc-clinicdb,unetpp,polypseg/runs_cv/unetpp_seed42_fold1/best.pth,True
0.9696628510604262,0.9411121903722545,0.9520943372933044,0.98789191943681,0.8416976143045507,0.8416976143045507,2,6.0,1.25,394,cvc-clinicdb,unetpp,polypseg/runs_cv/unetpp_seed42_fold1/best.pth,True
0.9503600823004528,0.9054153393702081,0.9149059095335514,0.9886728505084849,0.7376877895465286,0.7376877895465286,2,12.0,2.5,395,cvc-clinicdb,unetpp,polypseg/runs_cv/unetpp_seed42_fold1/best.pth,True
0.9625599170835489,0.9278221778144536,0.9463360787896209,0.9793497363710074,0.7505433735066422,0.7505433735066422,2,6.324555320336759,1.317615691736825,396,cvc-clinicdb,unetpp,polypseg/runs_cv/unetpp_seed42_fold1/best.pth,True
0.9728824907901812,0.9471968709195098,0.9703486042408819,0.9754296455358792,0.7230704058614886,0.7230704058614886,2,4.0,0.8333333333333334,397,cvc-clinicdb,unetpp,polypseg/runs_cv/unetpp_seed42_fold1/best.pth,True
0.9634705631373628,0.929515871786132,0.9361624954612354,0.9924196649217664,0.6722306025066755,0.6722306025066755,2,9.0,1.875,398,cvc-clinicdb,unetpp,polypseg/runs_cv/unetpp_seed42_fold1/best.pth,True
0.955152316781899,0.9141546008314411,0.9438771342133495,0.9667001338607203,0.6485150800317461,0.6485150800317461,2,9.992442890089803,2.0817589354353756,399,cvc-clinicdb,unetpp,polypseg/runs_cv/unetpp_seed42_fold1/best.pth,True
0.6501269035512369,0.4816207577301794,0.9909090908995076,0.48375826250951953,0.5117972821857057,0.5117972821857057,2,69.34911645214282,14.447732594196422,4,cvc-clinicdb,unetpp,polypseg/runs_cv/unetpp_seed42_fold1/best.pth,True
0.9767589939447515,0.9545737398761098,0.9857344814164538,0.9679454820675424,0.9636148586562331,0.9636148586562331,2,2.0,0.4166666666666667,40,cvc-clinicdb,unetpp,polypseg/runs_cv/unetpp_seed42_fold1/best.pth,True
0.9566350539277735,0.9168748265207206,0.9415704716981392,0.9721895232346647,0.6832328277292794,0.6832328277292794,2,5.0,1.0416666666666667,400,cvc-clinicdb,unetpp,polypseg/runs_cv/unetpp_seed42_fold1/best.pth,True
0.9774821952190119,0.9559561610062894,0.9591983555913751,0.9964766175422114,0.8919574067836934,0.8919574067836934,2,2.23606797749979,0.4658474953124562,401,cvc-clinicdb,unetpp,polypseg/runs_cv/unetpp_seed42_fold1/best.pth,True
0.9722884804231363,0.9460714041849541,0.9547395976787355,0.9904945683176779,0.6938865543002859,0.6938865543002859,2,4.242640687119285,0.8838834764831843,402,cvc-clinicdb,unetpp,polypseg/runs_cv/unetpp_seed42_fold1/best.pth,True
0.9728065139048342,0.9470528455188307,0.9584490383527876,0.9876006782430309,0.7904364154322809,0.7904364154322809,2,3.605551275463989,0.7511565157216644,403,cvc-clinicdb,unetpp,polypseg/runs_cv/unetpp_seed42_fold1/best.pth,True
0.972005297524903,0.9455353176282049,0.9658740243150673,0.9782149094495981,0.8170521694341087,0.8170521694341087,2,5.830951894845301,1.2147816447594377,404,cvc-clinicdb,unetpp,polypseg/runs_cv/unetpp_seed42_fold1/best.pth,True
0.9636685866140692,0.9298845660439302,0.96612992780715,0.9612197547126149,0.6873697522894625,0.6873697522894625,2,5.682968896295314,1.183951853394857,405,cvc-clinicdb,unetpp,polypseg/runs_cv/unetpp_seed42_fold1/best.pth,True
0.9698394847103065,0.9414450178548883,0.9576981322467673,0.9822926374548794,0.7938305127274988,0.7938305127274988,2,3.605551275463989,0.7511565157216644,406,cvc-clinicdb,unetpp,polypseg/runs_cv/unetpp_seed42_fold1/best.pth,True
0.9619638773465162,0.9267152234427954,0.97107321208922,0.9530238579530883,0.7743375796158681,0.7743375796158681,2,8.012451549659708,1.6692607395124393,407,cvc-clinicdb,unetpp,polypseg/runs_cv/unetpp_seed42_fold1/best.pth,True
0.8928375411574311,0.806419630675345,0.983970966263663,0.8171543388067669,0.6725045978293519,0.6725045978293519,2,20.174149771025498,4.202947868963645,408,cvc-clinicdb,unetpp,polypseg/runs_cv/unetpp_seed42_fold1/best.pth,True
0.9767839687177475,0.9546214473337383,0.9782525086501233,0.9753198312790625,0.7428236174639145,0.7428236174639145,2,121.30621922016351,25.272129004200732,409,cvc-clinicdb,unetpp,polypseg/runs_cv/unetpp_seed42_fold1/best.pth,True
0.9573837506289484,0.9182513232519457,0.9242304656486932,0.9930040279628365,0.8296747419666818,0.8296747419666818,2,7.0710678118654755,1.473139127471974,41,cvc-clinicdb,unetpp,polypseg/runs_cv/unetpp_seed42_fold1/best.pth,True
0.9220601369400294,0.8553910737863964,0.9786400404325248,0.8716649780381439,0.4937846240428882,0.4937846240428882,2,16.135358120279342,3.361532941724863,410,cvc-clinicdb,unetpp,polypseg/runs_cv/unetpp_seed42_fold1/best.pth,True
0.9192900200860742,0.8506352649387878,0.995647442854631,0.8538102643724136,0.4863387479097665,0.4863387479097665,2,9.219544457292887,1.920738428602685,411,cvc-clinicdb,unetpp,polypseg/runs_cv/unetpp_seed42_fold1/best.pth,True
0.840475393364241,0.7248448101526658,0.9843168006080315,0.7333138600739987,0.2955800607963821,0.2955800607963821,2,16.98675323681471,3.538906924336398,412,cvc-clinicdb,unetpp,polypseg/runs_cv/unetpp_seed42_fold1/best.pth,True
0.78268458718116,0.6429595640859914,0.9599657460723622,0.6606748194981483,0.21235598747692025,0.21235598747692025,2,27.600633216885274,5.750131920184432,413,cvc-clinicdb,unetpp,polypseg/runs_cv/unetpp_seed42_fold1/best.pth,True
0.8606032581616622,0.7553148315775753,0.984577195405776,0.7643583749265042,0.4852243886135643,0.4852243886135643,2,47.96574301774952,9.992863128697817,414,cvc-clinicdb,unetpp,polypseg/runs_cv/unetpp_seed42_fold1/best.pth,True
0.8321552113068426,0.7125563425581934,0.9906006624206373,0.7174068071266294,0.46290683018469697,0.46290683018469697,2,37.361667690512554,7.783680768856782,415,cvc-clinicdb,unetpp,polypseg/runs_cv/unetpp_seed42_fold1/best.pth,True
0.8866923076888973,0.7964485593809407,0.9893571367179695,0.8033312425897042,0.38120562396258384,0.38120562396258384,2,24.698178070456937,5.145453764678529,416,cvc-clinicdb,unetpp,polypseg/runs_cv/unetpp_seed42_fold1/best.pth,True
0.8253062594348867,0.7025714285647373,0.9742472266115393,0.7158660844180895,0.4314934132507047,0.4314934132507047,2,35.0,7.291666666666667,417,cvc-clinicdb,unetpp,polypseg/runs_cv/unetpp_seed42_fold1/best.pth,True
0.8601420846054485,0.7546046511487515,0.9832727272488904,0.7644176403926797,0.35654883283875616,0.35654883283875616,2,13.805151945235492,2.8760733219240606,418,cvc-clinicdb,unetpp,polypseg/runs_cv/unetpp_seed42_fold1/best.pth,True
0.8799588975709935,0.7856487549096615,0.9882944522216776,0.7930281783252213,0.5843434861421242,0.5843434861421242,2,27.85677655436824,5.803495115493383,419,cvc-clinicdb,unetpp,polypseg/runs_cv/unetpp_seed42_fold1/best.pth,True
0.9731093648549267,0.947627071034153,0.964418405244864,0.9819583878803732,0.8958603300330515,0.8958603300330515,2,4.067708094089708,0.8474391862686892,42,cvc-clinicdb,unetpp,polypseg/runs_cv/unetpp_seed42_fold1/best.pth,True
0.755209415019885,0.6066959568399605,0.9970752216342466,0.6077775920630242,0.29960042266502956,0.29960042266502956,2,50.27722812158578,10.47442252533037,420,cvc-clinicdb,unetpp,polypseg/runs_cv/unetpp_seed42_fold1/best.pth,True
0.820909822554628,0.6962231034213338,0.9955382041179072,0.6984023475663619,0.3468784205844212,0.3468784205844212,2,29.643673716100523,6.175765357520942,421,cvc-clinicdb,unetpp,polypseg/runs_cv/unetpp_seed42_fold1/best.pth,True
0.9330234082801647,0.8744553681128521,0.9566718611514753,0.910515907634181,0.4231952839147179,0.4231952839147179,2,20.130750535720505,4.193906361608438,422,cvc-clinicdb,unetpp,polypseg/runs_cv/unetpp_seed42_fold1/best.pth,True
0.8709872397553022,0.7714591636382638,0.9773172569632455,0.7855239248892457,0.2726431617408749,0.2726431617408749,2,24.168159193520705,5.035033165316814,423,cvc-clinicdb,unetpp,polypseg/runs_cv/unetpp_seed42_fold1/best.pth,True
0.0,0.0,0.0,0.0,0.0,0.0,2,,,424,cvc-clinicdb,unetpp,polypseg/runs_cv/unetpp_seed42_fold1/best.pth,True
0.8709875280950524,0.7714596160531888,0.983833718199361,0.7813646368018575,0.4381693757638275,0.4381693757638275,2,10.770329614269007,2.2438186696393765,425,cvc-clinicdb,unetpp,polypseg/runs_cv/unetpp_seed42_fold1/best.pth,True
0.8453853472832695,0.7321796456455275,0.9891455607989265,0.7381100726818471,0.28984270461909023,0.28984270461909023,2,21.972495866218285,4.5776033054621434,426,cvc-clinicdb,unetpp,polypseg/runs_cv/unetpp_seed42_fold1/best.pth,True
0.925050813004213,0.8605530607353615,0.9740502942663273,0.8807450411152979,0.5884083535835419,0.5884083535835419,2,22.824328625074457,4.755068463557179,427,cvc-clinicdb,unetpp,polypseg/runs_cv/unetpp_seed42_fold1/best.pth,True
0.8978896564734651,0.8147003262852937,0.953280417954855,0.8485824165919991,0.45721783096277846,0.45721783096277846,2,59.92268345620879,12.483892386710163,428,cvc-clinicdb,unetpp,polypseg/runs_cv/unetpp_seed42_fold1/best.pth,True
0.9294232173221622,0.8681518526839264,0.8716193084460615,0.9954385507494404,0.3751352151775319,0.3751352151775319,2,7.615773105863909,1.5866193970549811,429,cvc-clinicdb,unetpp,polypseg/runs_cv/unetpp_seed42_fold1/best.pth,True
0.9526092568601087,0.9095070422375087,0.9721490402526882,0.9338394793757441,0.7709035704699462,0.7709035704699462,2,5.656854249492381,1.1785113019775793,43,cvc-clinicdb,unetpp,polypseg/runs_cv/unetpp_seed42_fold1/best.pth,True
0.9244654973695783,0.8595405308789483,0.8611806797750604,0.9977891391322676,0.4501986289877053,0.4501986289877053,2,7.822850079526237,1.6297604332346327,430,cvc-clinicdb,unetpp,polypseg/runs_cv/unetpp_seed42_fold1/best.pth,True
0.925689084888455,0.8616584564742521,0.8636675353056691,0.9973075704625071,0.4127933232180384,0.4127933232180384,2,7.810249675906654,1.6271353491472196,431,cvc-clinicdb,unetpp,polypseg/runs_cv/unetpp_seed42_fold1/best.pth,True
0.9480972572543175,0.9013164608541553,0.9089225069372344,0.9908009872000134,0.5933766049120333,0.5933766049120333,2,7.8836638913246775,1.6424299773593076,432,cvc-clinicdb,unetpp,polypseg/runs_cv/unetpp_seed42_fold1/best.pth,True
0.9471370143100861,0.8995824026328096,0.9015962624011913,0.9975231531230074,0.5740553448059423,0.5740553448059423,2,8.94427190999916,1.8633899812498247,433,cvc-clinicdb,unetpp,polypseg/runs_cv/unetpp_seed42_fold1/best.pth,True
0.9530672046838974,0.9103422960364288,0.9142014560785715,0.9953843066325969,0.6186726730601754,0.6186726730601754,2,6.708203932499369,1.3975424859373686,434,cvc-clinicdb,unetpp,polypseg/runs_cv/unetpp_seed42_fold1/best.pth,True
0.9565435505050696,0.9167067307582126,0.9331946653501384,0.9810908155263559,0.6954082386366618,0.6954082386366618,2,6.324555320336759,1.317615691736825,435,cvc-clinicdb,unetpp,polypseg/runs_cv/unetpp_seed42_fold1/best.pth,True
0.9356939614231066,0.8791587452367019,0.8793677204554389,0.9997297662342963,0.4444779460184753,0.4444779460184753,2,6.708203932499369,1.3975424859373686,436,cvc-clinicdb,unetpp,polypseg/runs_cv/unetpp_seed42_fold1/best.pth,True
0.9497420975998562,0.9042941694886754,0.9144276072721963,0.9878937955566393,0.6100852089760094,0.6100852089760094,2,5.830951894845301,1.2147816447594377,437,cvc-clinicdb,unetpp,polypseg/runs_cv/unetpp_seed42_fold1/best.pth,True
0.8906440634402791,0.8028478814493931,0.9843162302108841,0.8132512459641557,0.6720537823838062,0.6720537823838062,2,36.235341863986875,7.549029554997265,438,cvc-clinicdb,unetpp,polypseg/runs_cv/unetpp_seed42_fold1/best.pth,True
0.9167416430139335,0.846281625340579,0.9675675675534322,0.8709889531710812,0.6721832728508194,0.6721832728508194,2,18.439088914585774,3.84147685720537,439,cvc-clinicdb,unetpp,polypseg/runs_cv/unetpp_seed42_fold1/best.pth,True
0.9680411219076542,0.9380617217007248,0.9495779896859631,0.9872364672252166,0.7937055350450467,0.7937055350450467,2,5.0,1.0416666666666667,44,cvc-clinicdb,unetpp,polypseg/runs_cv/unetpp_seed42_fold1/best.pth,True
0.8633728953826169,0.7595920349561341,0.945586457054704,0.7943118334045317,0.5976552020548828,0.5976552020548828,2,34.377300429304576,7.161937589438454,440,cvc-clinicdb,unetpp,polypseg/runs_cv/unetpp_seed42_fold1/best.pth,True
0.9235854559415986,0.8580202311828751,0.8828996282199666,0.9682022013465879,0.6826772197551949,0.6826772197551949,2,5.425918223488179,1.1303996298933707,441,cvc-clinicdb,unetpp,polypseg/runs_cv/unetpp_seed42_fold1/best.pth,True
0.7645119678835529,0.6187935034659213,0.9158653845839333,0.656088560869469,0.5212133804833292,0.5212133804833292,2,31.47923837838059,6.558174662162624,442,cvc-clinicdb,unetpp,polypseg/runs_cv/unetpp_seed42_fold1/best.pth,True
0.949063275893845,0.9030641466079172,0.9051377726620962,0.9974695555749253,0.7371285914768936,0.7371285914768936,2,6.4031242374328485,1.3339842161318434,443,cvc-clinicdb,unetpp,polypseg/runs_cv/unetpp_seed42_fold1/best.pth,True
0.960495944068057,0.9239944169404392,0.9349082038652599,0.98752373201807,0.7376688675297604,0.7376688675297604,2,3.1622776601683795,0.6588078458684125,444,cvc-clinicdb,unetpp,polypseg/runs_cv/unetpp_seed42_fold1/best.pth,True
0.9664271157318229,0.9350352843438837,0.975178584306406,0.9578313252944165,0.7855386035455502,0.7855386035455502,2,7.615773105863909,1.5866193970549811,445,cvc-clinicdb,unetpp,polypseg/runs_cv/unetpp_seed42_fold1/best.pth,True
0.9279300567071206,0.8655499228501539,0.9663686325898911,0.8924323914787331,0.6571339464760363,0.6571339464760363,2,18.0,3.75,446,cvc-clinicdb,unetpp,polypseg/runs_cv/unetpp_seed42_fold1/best.pth,True
0.9394524959591071,0.8858184026454352,0.9216429699550824,0.9579638751737943,0.7168450450476428,0.7168450450476428,2,4.123105625617661,0.858980338670346,447,cvc-clinicdb,unetpp,polypseg/runs_cv/unetpp_seed42_fold1/best.pth,True
0.8564120656124853,0.7488816905637995,0.9719719719525131,0.7654106889363801,0.46033588882300547,0.46033588882300547,2,14.422205101855956,3.0046260628866577,448,cvc-clinicdb,unetpp,polypseg/runs_cv/unetpp_seed42_fold1/best.pth,True
0.9409675059979001,0.8885161799351122,0.9603326935175873,0.9223678819966742,0.8283345182564826,0.8283345182564826,2,11.0,2.2916666666666665,449,cvc-clinicdb,unetpp,polypseg/runs_cv/unetpp_seed42_fold1/best.pth,True
0.9702121023006065,0.9421475086938945,0.9513687107975016,0.9898170246461445,0.8810064165935257,0.8810064165935257,2,4.762461179749817,0.9921794124478786,45,cvc-clinicdb,unetpp,polypseg/runs_cv/unetpp_seed42_fold1/best.pth,True
0.9634985011291924,0.9295678801997426,0.9381868131545953,0.9902138455603402,0.9104292106666022,0.9104292106666022,2,2.23606797749979,0.4658474953124562,450,cvc-clinicdb,unetpp,polypseg/runs_cv/unetpp_seed42_fold1/best.pth,True
0.9663827879657916,0.9349522983115807,0.9357638888482742,0.9990732158943896,0.9428783953326689,0.9428783953326689,2,2.23606797749979,0.4658474953124562,451,cvc-clinicdb,unetpp,polypseg/runs_cv/unetpp_seed42_fold1/best.pth,True
0.9664683612632982,0.9351125065166115,0.9623047926504495,0.9706681151284446,0.8949738365110561,0.8949738365110561,2,3.0,0.625,452,cvc-clinicdb,unetpp,polypseg/runs_cv/unetpp_seed42_fold1/best.pth,True
0.9673820783197843,0.9368248003537618,0.9513474838790521,0.983966452861767,0.8999946650067706,0.8999946650067706,2,2.8284271247461903,0.5892556509887896,453,cvc-clinicdb,unetpp,polypseg/runs_cv/unetpp_seed42_fold1/best.pth,True
0.9509615384539185,0.9065077910035669,0.9918101286814005,0.9133446205800625,0.806681375993828,0.806681375993828,2,10.0,2.0833333333333335,454,cvc-clinicdb,unetpp,polypseg/runs_cv/unetpp_seed42_fold1/best.pth,True
0.9612251921477502,0.9253451131869094,0.927701505747036,0.9972625565222891,0.6435736379484298,0.6435736379484298,2,4.123105625617661,0.858980338670346,455,cvc-clinicdb,unetpp,polypseg/runs_cv/unetpp_seed42_fold1/best.pth,True
0.9751547142292721,0.9515140751180933,0.9674070061306662,0.9830275229267611,0.8526492774957235,0.8526492774957235,2,3.0,0.625,456,cvc-clinicdb,unetpp,polypseg/runs_cv/unetpp_seed42_fold1/best.pth,True
0.9657128386884491,0.933698952101325,0.9552149083162487,0.9764440802849605,0.7713699091336546,0.7713699091336546,2,6.0,1.25,457,cvc-clinicdb,unetpp,polypseg/runs_cv/unetpp_seed42_fold1/best.pth,True
0.9689855696643442,0.9398370586810145,0.9625588360940831,0.9754986990248158,0.9386976159707427,0.9386976159707427,2,2.23606797749979,0.4658474953124562,458,cvc-clinicdb,unetpp,polypseg/runs_cv/unetpp_seed42_fold1/best.pth,True
0.9602771362475718,0.9235895157502535,0.9302013422610693,0.992362768472736,0.8396402647258051,0.8396402647258051,2,3.2287687024627107,0.6726601463463981,459,cvc-clinicdb,unetpp,polypseg/runs_cv/unetpp_seed42_fold1/best.pth,True
0.9731678013538392,0.9477379095015954,0.9884477708918248,0.9583530525168268,0.8699437702273889,0.8699437702273889,2,2.4433936790360096,0.5090403497991687,46,cvc-clinicdb,unetpp,polypseg/runs_cv/unetpp_seed42_fold1/best.pth,True
0.9524436090136048,0.9092050959822501,0.9603866565397956,0.944630872465611,0.7565336501875993,0.7565336501875993,2,7.039087296526012,1.466476520109586,460,cvc-clinicdb,unetpp,polypseg/runs_cv/unetpp_seed42_fold1/best.pth,True
0.9268178264196495,0.8636164942319159,0.9551974214189332,0.9000759301305987,0.6401965356632294,0.6401965356632294,2,13.147219356587874,2.7390040326224736,461,cvc-clinicdb,unetpp,polypseg/runs_cv/unetpp_seed42_fold1/best.pth,True
0.9674895453867024,0.9370263914170757,0.9912923289427603,0.944803056238377,0.8301547487647049,0.8301547487647049,2,4.47213595499958,0.9316949906249123,462,cvc-clinicdb,unetpp,polypseg/runs_cv/unetpp_seed42_fold1/best.pth,True
0.9713989458179755,0.9443884408522816,0.9804639804554294,0.9624999999917594,0.793207519734559,0.793207519734559,2,4.123105625617661,0.858980338670346,463,cvc-clinicdb,unetpp,polypseg/runs_cv/unetpp_seed42_fold1/best.pth,True
0.9588465004448251,0.9209463358231857,0.9811877535843946,0.937499999988986,0.7499517986475587,0.7499517986475587,2,9.197590011563593,1.9161645857424152,464,cvc-clinicdb,unetpp,polypseg/runs_cv/unetpp_seed42_fold1/best.pth,True
0.9686868270103194,0.9392751420038461,0.9634006236585967,0.9740313614786855,0.7157159335550741,0.7157159335550741,2,5.0,1.0416666666666667,465,cvc-clinicdb,unetpp,polypseg/runs_cv/unetpp_seed42_fold1/best.pth,True
0.9486288848219898,0.9022778647113346,0.9852843444319255,0.9146029787528456,0.7279043043193055,0.7279043043193055,2,12.083045973594572,2.517301244498869,466,cvc-clinicdb,unetpp,polypseg/runs_cv/unetpp_seed42_fold1/best.pth,True
0.9011780104662893,0.8201310303670822,0.9708578143246667,0.8408304498184324,0.6694252273496266,0.6694252273496266,2,80.85956316254695,16.845742325530615,467,cvc-clinicdb,unetpp,polypseg/runs_cv/unetpp_seed42_fold1/best.pth,True
0.8512067898468252,0.7409573649319612,0.891646601214191,0.8142760487075923,0.42955050430629077,0.42955050430629077,2,62.11275310725932,12.940156897345693,468,cvc-clinicdb,unetpp,polypseg/runs_cv/unetpp_seed42_fold1/best.pth,True
0.9025175530435527,0.8223526085054266,0.9364082749663011,0.8709943096670335,0.4877718863347583,0.4877718863347583,2,60.674069734839456,12.64043119475822,469,cvc-clinicdb,unetpp,polypseg/runs_cv/unetpp_seed42_fold1/best.pth,True
0.9691328253064091,0.9401141573786832,0.9719454387058919,0.9663364431954762,0.7489088804505192,0.7489088804505192,2,3.605551275463989,0.7511565157216644,47,cvc-clinicdb,unetpp,polypseg/runs_cv/unetpp_seed42_fold1/best.pth,True
0.6503703703659908,0.4818880351214261,0.9863153594569789,0.4851316053798962,0.2926887759336507,0.2926887759336507,2,104.31107022145338,21.731472962802787,470,cvc-clinicdb,unetpp,polypseg/runs_cv/unetpp_seed42_fold1/best.pth,True
0.7656303382280901,0.620260171599685,0.9880226320744505,0.6249593306966071,0.29555434491439575,0.29555434491439575,2,94.452798616429,19.67766637842271,471,cvc-clinicdb,unetpp,polypseg/runs_cv/unetpp_seed42_fold1/best.pth,True
0.8812106537508929,0.7876466259759007,0.9933944753739852,0.7917935775790105,0.6438274761334448,0.6438274761334448,2,60.7227905128865,12.650581356851353,472,cvc-clinicdb,unetpp,polypseg/runs_cv/unetpp_seed42_fold1/best.pth,True
0.92600304565085,0.862202673760853,0.969669356931986,0.8861000416291792,0.5730268874644749,0.5730268874644749,2,36.64214971337601,7.633781190286668,473,cvc-clinicdb,unetpp,polypseg/runs_cv/unetpp_seed42_fold1/best.pth,True
0.9354616000636948,0.8787485732028704,0.9754650693948311,0.8986099320835175,0.6853851193766594,0.6853851193766594,2,38.274620543499,7.973879279895624,474,cvc-clinicdb,unetpp,polypseg/runs_cv/unetpp_seed42_fold1/best.pth,True
0.8972815179691268,0.8136995367272762,0.9798276634906617,0.8275629969255498,0.48715178551842436,0.48715178551842436,2,43.150322106834686,8.989650438923892,475,cvc-clinicdb,unetpp,polypseg/runs_cv/unetpp_seed42_fold1/best.pth,True
0.8713054187167731,0.7719585379121561,0.974945192602725,0.7875828568497314,0.5064067365723687,0.5064067365723687,2,109.44322338442949,22.80067153842281,476,cvc-clinicdb,unetpp,polypseg/runs_cv/unetpp_seed42_fold1/best.pth,True
0.8860547539952388,0.7954203827999027,0.9839469443350443,0.805878470984284,0.5902306831358574,0.5902306831358574,2,102.79776465156091,21.41620096907519,477,cvc-clinicdb,unetpp,polypseg/runs_cv/unetpp_seed42_fold1/best.pth,True
0.6718645057653033,0.5058704542434111,0.9959310882088482,0.5069181281373626,0.25783716639432797,0.25783716639432797,2,102.12246128758092,21.275512768246024,478,cvc-clinicdb,unetpp,polypseg/runs_cv/unetpp_seed42_fold1/best.pth,True
0.9631405284949853,0.9289017026550133,0.941189439448045,0.9861399861342911,0.7392348113625111,0.7392348113625111,2,13.22208164168211,2.754600342017106,479,cvc-clinicdb,unetpp,polypseg/runs_cv/unetpp_seed42_fold1/best.pth,True
0.9640204494939324,0.9305400372266194,0.9391091899842302,0.9902893380699507,0.8056002300143391,0.8056002300143391,2,5.0990195135927845,1.0622957319984967,48,cvc-clinicdb,unetpp,polypseg/runs_cv/unetpp_seed42_fold1/best.pth,True
0.8833800265985132,0.7911196715454857,0.7953121019067755,0.9933808553908262,0.6239735647393143,0.6239735647393143,2,41.0,8.541666666666666,480,cvc-clinicdb,unetpp,polypseg/runs_cv/unetpp_seed42_fold1/best.pth,True
0.8934216019535592,0.807373073187413,0.8088989686224477,0.9976689976623532,0.4352573605214219,0.4352573605214219,2,39.0,8.125,481,cvc-clinicdb,unetpp,polypseg/runs_cv/unetpp_seed42_fold1/best.pth,True
0.9465131129831843,0.8984574223448081,0.9037846930155433,0.9934821799981811,0.7311278251391317,0.7311278251391317,2,22.0,4.583333333333333,482,cvc-clinicdb,unetpp,polypseg/runs_cv/unetpp_seed42_fold1/best.pth,True
0.9558688323607638,0.9154681537971593,0.9227810650848572,0.9914176732313531,0.7510971945648128,0.7510971945648128,2,21.645543882294263,4.509488308811305,483,cvc-clinicdb,unetpp,polypseg/runs_cv/unetpp_seed42_fold1/best.pth,True
0.9495924829960297,0.9040229316946524,0.9125012471270453,0.9898268398214836,0.5702098800781842,0.5702098800781842,2,15.811388300841896,3.2940392293420615,484,cvc-clinicdb,unetpp,polypseg/runs_cv/unetpp_seed42_fold1/best.pth,True
0.9634908989240698,0.9295537279160742,0.9798891415507398,0.9476324651161594,0.7392182884144183,0.7392182884144183,2,9.076840560052515,1.8910084500109405,485,cvc-clinicdb,unetpp,polypseg/runs_cv/unetpp_seed42_fold1/best.pth,True
0.9485559566701394,0.9021459227312937,0.9784025320987079,0.9204764406915313,0.6453672041260298,0.6453672041260298,2,5.656854249492381,1.1785113019775793,486,cvc-clinicdb,unetpp,polypseg/runs_cv/unetpp_seed42_fold1/best.pth,True
0.965529590827444,0.9333564133552591,0.9965807226596748,0.9363549535388004,0.7633065817304995,0.7633065817304995,2,5.0,1.0416666666666667,487,cvc-clinicdb,unetpp,polypseg/runs_cv/unetpp_seed42_fold1/best.pth,True
0.9726869238606491,0.9468261880944929,0.9945889334875668,0.9517287456075519,0.8464988498774363,0.8464988498774363,2,2.8284271247461903,0.5892556509887896,488,cvc-clinicdb,unetpp,polypseg/runs_cv/unetpp_seed42_fold1/best.pth,True
0.9484699208822981,0.9019902898813151,0.9096349319945322,0.990768750971493,0.7830424648711435,0.7830424648711435,2,32.0,6.666666666666667,489,cvc-clinicdb,unetpp,polypseg/runs_cv/unetpp_seed42_fold1/best.pth,True
0.9776009096021739,0.9561832740107186,0.9873679375173705,0.9680252195342487,0.9406756616262311,0.9406756616262311,2,2.23606797749979,0.4658474953124562,49,cvc-clinicdb,unetpp,polypseg/runs_cv/unetpp_seed42_fold1/best.pth,True
0.885469031096494,0.794476829986728,0.9986087601711257,0.7953571692383923,0.251412379380137,0.251412379380137,2,46.0,9.583333333333334,490,cvc-clinicdb,unetpp,polypseg/runs_cv/unetpp_seed42_fold1/best.pth,True
0.9260999141260643,0.8623706491022466,0.9720587455544666,0.8842907442199185,0.5182072329485764,0.5182072329485764,2,27.69650975398494,5.770106198746863,491,cvc-clinicdb,unetpp,polypseg/runs_cv/unetpp_seed42_fold1/best.pth,True
0.9762707412088432,0.9536415344440249,0.9688056653735552,0.983851753801086,0.7324580939491177,0.7324580939491177,2,5.452032870291113,1.1358401813106485,492,cvc-clinicdb,unetpp,polypseg/runs_cv/unetpp_seed42_fold1/best.pth,True
0.9777270131330246,0.9564245810011339,0.9724510082316934,0.9830605799551007,0.7084607364828156,0.7084607364828156,2,5.0,1.0416666666666667,493,cvc-clinicdb,unetpp,polypseg/runs_cv/unetpp_seed42_fold1/best.pth,True
0.9780160857881247,0.9569779643179047,0.9927241478029635,0.9637374860903017,0.8121364664355913,0.8121364664355913,2,2.8284271247461903,0.5892556509887896,494,cvc-clinicdb,unetpp,polypseg/runs_cv/unetpp_seed42_fold1/best.pth,True
0.9608881546959458,0.9247206246742192,0.9620567203338908,0.9597224244142295,0.6758839788252098,0.6758839788252098,2,14.170136322841506,2.952111733925314,495,cvc-clinicdb,unetpp,polypseg/runs_cv/unetpp_seed42_fold1/best.pth,True
0.9547485152652684,0.9134151246937177,0.9474782245817166,0.9621312430434715,0.5933977544325658,0.5933977544325658,2,17.547380451483612,3.6557042607257526,496,cvc-clinicdb,unetpp,polypseg/runs_cv/unetpp_seed42_fold1/best.pth,True
0.951593250377295,0.9076565471557191,0.9269614425452547,0.9775698571223225,0.6369564717450417,0.6369564717450417,2,28.0,5.833333333333333,497,cvc-clinicdb,unetpp,polypseg/runs_cv/unetpp_seed42_fold1/best.pth,True
0.9743368184550689,0.9499578769976412,0.9662382176487875,0.9825723248484399,0.8011959977482725,0.8011959977482725,2,17.068921747140177,3.556025363987537,498,cvc-clinicdb,unetpp,polypseg/runs_cv/unetpp_seed42_fold1/best.pth,True
0.9730268992000941,0.9474706771211503,0.9599037690422108,0.98651382332739,0.7677350684759278,0.7677350684759278,2,14.866068747318506,3.0970976556913556,499,cvc-clinicdb,unetpp,polypseg/runs_cv/unetpp_seed42_fold1/best.pth,True
0.6336230408355444,0.4637249161629652,0.9924812029962122,0.4653597564207822,0.5246859869626568,0.5246859869626568,2,65.73239899611015,13.694249790856281,5,cvc-clinicdb,unetpp,polypseg/runs_cv/unetpp_seed42_fold1/best.pth,True
0.9515072083723541,0.9074999999716407,0.9189873417430701,0.986413043444755,0.8120188961219863,0.8120188961219863,2,4.123105625617661,0.858980338670346,50,cvc-clinicdb,unetpp,polypseg/runs_cv/unetpp_seed42_fold1/best.pth,True
0.9532329145532025,0.910644715339257,0.9246474829265319,0.9836421638431844,0.5518028226838296,0.5518028226838296,2,10.014781507049337,2.086412813968612,500,cvc-clinicdb,unetpp,polypseg/runs_cv/unetpp_seed42_fold1/best.pth,True
0.9733135871272953,0.9480144812707998,0.9569462684808031,0.9902505317833239,0.6931397696179616,0.6931397696179616,2,4.236663934044196,0.8826383195925408,501,cvc-clinicdb,unetpp,polypseg/runs_cv/unetpp_seed42_fold1/best.pth,True
0.970964814999065,0.9435681395074773,0.9595974692325033,0.9826047033567178,0.773964799026436,0.773964799026436,2,13.508261642366351,2.81422117549299,502,cvc-clinicdb,unetpp,polypseg/runs_cv/unetpp_seed42_fold1/best.pth,True
0.9806065111376334,0.9619509265573012,0.984329733996206,0.9769113482858771,0.772609200540341,0.772609200540341,2,4.242640687119285,0.8838834764831843,503,cvc-clinicdb,unetpp,polypseg/runs_cv/unetpp_seed42_fold1/best.pth,True
0.9588352898910194,0.9209256523789174,0.9930975894553138,0.9268582755111312,0.5861342168571122,0.5861342168571122,2,5.0,1.0416666666666667,504,cvc-clinicdb,unetpp,polypseg/runs_cv/unetpp_seed42_fold1/best.pth,True
0.9706383536473632,0.9429517381832232,0.9679738562028236,0.9733175604562742,0.6721986133654432,0.6721986133654432,2,4.123105625617661,0.858980338670346,505,cvc-clinicdb,unetpp,polypseg/runs_cv/unetpp_seed42_fold1/best.pth,True
0.9236542998058908,0.8581390715262931,0.9878692117510949,0.8672782190382207,0.3476072909482722,0.3476072909482722,2,34.0345342161982,7.090527961707959,506,cvc-clinicdb,unetpp,polypseg/runs_cv/unetpp_seed42_fold1/best.pth,True
0.9771223712890353,0.9552681023246248,0.9894707951770516,0.9650783607491359,0.5784567343928431,0.5784567343928431,2,5.656854249492381,1.1785113019775793,507,cvc-clinicdb,unetpp,polypseg/runs_cv/unetpp_seed42_fold1/best.pth,True
0.9659584741641539,0.9341583002513766,0.9582659720917414,0.9737754791544035,0.653854698603558,0.653854698603558,2,5.923928352680377,1.2341517401417452,508,cvc-clinicdb,unetpp,polypseg/runs_cv/unetpp_seed42_fold1/best.pth,True
0.9704768497741154,0.94264694248127,0.9881416369434601,0.9534325492002446,0.7327134006473115,0.7327134006473115,2,4.123105625617661,0.858980338670346,509,cvc-clinicdb,unetpp,polypseg/runs_cv/unetpp_seed42_fold1/best.pth,True
0.8649825783595392,0.7620874903482665,0.8172839505500177,0.9185938944571143,0.6167782899458265,0.6167782899458265,2,7.0710678118654755,1.473139127471974,51,cvc-clinicdb,unetpp,polypseg/runs_cv/unetpp_seed42_fold1/best.pth,True
0.9507638546617501,0.9061485909401694,0.9845054741048014,0.9192584250115285,0.4820607312879074,0.4820607312879074,2,6.324555320336759,1.317615691736825,510,cvc-clinicdb,unetpp,polypseg/runs_cv/unetpp_seed42_fold1/best.pth,True
0.9416715888884991,0.8897725687053192,0.9719554945744253,0.9132178146797477,0.7005031395434342,0.7005031395434342,2,9.219544457292887,1.920738428602685,511,cvc-clinicdb,unetpp,polypseg/runs_cv/unetpp_seed42_fold1/best.pth,True
0.9393629571298516,0.8856592021224134,0.978374836156973,0.9033429133126102,0.7400861288532933,0.7400861288532933,2,11.016681160000791,2.2951419083334983,512,cvc-clinicdb,unetpp,polypseg/runs_cv/unetpp_seed42_fold1/best.pth,True
0.9321362556051482,0.8728981206618089,0.9588482955186901,0.9068721900975354,0.5373908033043343,0.5373908033043343,2,9.786626301335165,2.038880479444826,513,cvc-clinicdb,unetpp,polypseg/runs_cv/unetpp_seed42_fold1/best.pth,True
0.9308582946564906,0.8706594177405238,0.9082510062119625,0.9546197480919659,0.5252143025486083,0.5252143025486083,2,11.038556864609173,2.299699346793578,514,cvc-clinicdb,unetpp,polypseg/runs_cv/unetpp_seed42_fold1/best.pth,True
0.961749912264816,0.9263181613234979,0.9600653899934601,0.9634403562108806,0.7596023146872891,0.7596023146872891,2,5.385164807134504,1.1219093348196882,515,cvc-clinicdb,unetpp,polypseg/runs_cv/unetpp_seed42_fold1/best.pth,True
0.9710407588749044,0.9437115874610724,0.9949427103832876,0.9482602801555334,0.6710820169440361,0.6710820169440361,2,4.123105625617661,0.858980338670346,516,cvc-clinicdb,unetpp,polypseg/runs_cv/unetpp_seed42_fold1/best.pth,True
0.9665581532940718,0.9352806414554949,0.9591213438158214,0.9741111906350022,0.7845432755272095,0.7845432755272095,2,5.656854249492381,1.1785113019775793,517,cvc-clinicdb,unetpp,polypseg/runs_cv/unetpp_seed42_fold1/best.pth,True
0.9775118927419812,0.9560129705208514,0.9784992784851587,0.9765264976817897,0.9844154276101017,0.9844154276101017,2,2.0,0.4166666666666667,518,cvc-clinicdb,unetpp,polypseg/runs_cv/unetpp_seed42_fold1/best.pth,True
0.9798519619302681,0.9604997758798717,0.9774217458180202,0.9822942929120886,0.7774159585666754,0.7774159585666754,2,3.605551275463989,0.7511565157216644,519,cvc-clinicdb,unetpp,polypseg/runs_cv/unetpp_seed42_fold1/best.pth,True
0.3199999999744,0.19047619045804987,0.9999999995000001,0.19047619045804987,0.2542457939211048,0.2542457939211048,2,24.698178070456937,5.145453764678529,52,cvc-clinicdb,unetpp,polypseg/runs_cv/unetpp_seed42_fold1/best.pth,True
0.9874741913260209,0.9752582925458797,0.988926159072789,0.9860264809594262,0.8808458213082114,0.8808458213082114,2,2.8284271247461903,0.5892556509887896,520,cvc-clinicdb,unetpp,polypseg/runs_cv/unetpp_seed42_fold1/best.pth,True
0.9727304451818498,0.9469086673692428,0.9845594913615444,0.9611822660003824,0.8159856576317005,0.8159856576317005,2,4.0,0.8333333333333334,521,cvc-clinicdb,unetpp,polypseg/runs_cv/unetpp_seed42_fold1/best.pth,True
0.9420001372713157,0.8903594135086239,0.9675690919209311,0.9177477597844357,0.6108669618027253,0.6108669618027253,2,8.06225774829855,1.679637030895531,522,cvc-clinicdb,unetpp,polypseg/runs_cv/unetpp_seed42_fold1/best.pth,True
0.9706880592309916,0.9430455635303149,0.9705882352741549,0.9707879037035427,0.9245250227366238,0.9245250227366238,2,2.871320343559643,0.5981917382415922,523,cvc-clinicdb,unetpp,polypseg/runs_cv/unetpp_seed42_fold1/best.pth,True
0.9835573966276562,0.9676467646716289,0.9880520806689402,0.979103420355297,0.858233251858929,0.858233251858929,2,3.0,0.625,524,cvc-clinicdb,unetpp,polypseg/runs_cv/unetpp_seed42_fold1/best.pth,True
0.9796945028767049,0.9601972209685324,0.979604902131154,0.9797841200056733,0.9353551199125707,0.9353551199125707,2,2.23606797749979,0.4658474953124562,525,cvc-clinicdb,unetpp,polypseg/runs_cv/unetpp_seed42_fold1/best.pth,True
0.9692073527633227,0.9402544297939543,0.9721667645217595,0.966265904039147,0.8247487685564912,0.8247487685564912,2,4.067708094089708,0.8474391862686892,526,cvc-clinicdb,unetpp,polypseg/runs_cv/unetpp_seed42_fold1/best.pth,True
0.9747447608754268,0.9507337526094719,0.9875393176749632,0.9622774961574645,0.8780419554204427,0.8780419554204427,2,3.0,0.625,527,cvc-clinicdb,unetpp,polypseg/runs_cv/unetpp_seed42_fold1/best.pth,True
0.9737055595276844,0.9487584859950826,0.9874177313106134,0.9603690106282559,0.7952765984417378,0.7952765984417378,2,3.605551275463989,0.7511565157216644,528,cvc-clinicdb,unetpp,polypseg/runs_cv/unetpp_seed42_fold1/best.pth,True
0.7922121517154714,0.6559199555126204,0.7048984468128764,0.904214559352329,0.4159157068053569,0.4159157068053569,2,18.561310774300317,3.866939744645899,529,cvc-clinicdb,unetpp,polypseg/runs_cv/unetpp_seed42_fold1/best.pth,True
0.9170896784592729,0.8468749999117838,0.8522012577723059,0.9926739925527871,0.8024815543916411,0.8024815543916411,2,3.040569415042095,0.633451961467103,53,cvc-clinicdb,unetpp,polypseg/runs_cv/unetpp_seed42_fold1/best.pth,True
0.6178802292887196,0.4470525944149832,0.4470525944149832,0.9999999999605211,0.3768700082554956,0.3768700082554956,2,43.82723468832744,9.130673893401548,530,cvc-clinicdb,unetpp,polypseg/runs_cv/unetpp_seed42_fold1/best.pth,True
0.8554092052559508,0.7473493664146018,0.7524082270046236,0.9910836762348737,0.4604311838859197,0.4604311838859197,2,15.173824098010757,3.161213353752241,531,cvc-clinicdb,unetpp,polypseg/runs_cv/unetpp_seed42_fold1/best.pth,True
0.6570417287569202,0.4892495491678562,0.4892495491678562,0.9999999999716473,0.09569699671997195,0.09569699671997195,2,46.47989884919545,9.683312260249052,532,cvc-clinicdb,unetpp,polypseg/runs_cv/unetpp_seed42_fold1/best.pth,True
0.640631323346549,0.4712712116654632,0.4712712116654632,0.999999999978943,0.09730195330137746,0.09730195330137746,2,57.71437183500938,12.023827465626955,533,cvc-clinicdb,unetpp,polypseg/runs_cv/unetpp_seed42_fold1/best.pth,True
0.8555260583983825,0.7475277743773956,0.7477103431341103,0.999673469371434,0.22531498742652015,0.22531498742652015,2,19.31768379021477,4.024517456294744,534,cvc-clinicdb,unetpp,polypseg/runs_cv/unetpp_seed42_fold1/best.pth,True
0.7740897443491205,0.631440793305158,0.631440793305158,0.9999999999846035,0.15253453363493472,0.15253453363493472,2,48.495636975487955,10.103257703226657,535,cvc-clinicdb,unetpp,polypseg/runs_cv/unetpp_seed42_fold1/best.pth,True
0.47699037620130535,0.3131893382338548,0.31349188094984365,0.9969280280720169,0.20642343197557622,0.20642343197557622,2,169.22468166110906,35.255142012731056,536,cvc-clinicdb,unetpp,polypseg/runs_cv/unetpp_seed42_fold1/best.pth,True
0.9102108999696156,0.8352174745959913,0.8377858927380784,0.9963428571200836,0.5151237555433565,0.5151237555433565,2,10.295630140987,2.1449229460389585,537,cvc-clinicdb,unetpp,polypseg/runs_cv/unetpp_seed42_fold1/best.pth,True
0.7089522911207344,0.549129428947411,0.5513447432695435,0.9927360774599883,0.22089128271035005,0.22089128271035005,2,42.97963660525189,8.954090959427477,538,cvc-clinicdb,unetpp,polypseg/runs_cv/unetpp_seed42_fold1/best.pth,True
0.9478728226319505,0.9009108813281522,0.9100969907869921,0.9889204161466164,0.635020609852828,0.635020609852828,2,5.0,1.0416666666666667,539,cvc-clinicdb,unetpp,polypseg/runs_cv/unetpp_seed42_fold1/best.pth,True
0.8688845400323988,0.7681660898324972,0.7681660898324972,0.9999999997747747,0.7227722273502633,0.7227722273502633,2,2.9571067811865475,0.6160639127471974,54,cvc-clinicdb,unetpp,polypseg/runs_cv/unetpp_seed42_fold1/best.pth,True
0.9752229206220756,0.9516439626207001,0.9738705203928627,0.9765790821856357,0.8371081284816304,0.8371081284816304,2,4.0,0.8333333333333334,540,cvc-clinicdb,unetpp,polypseg/runs_cv/unetpp_seed42_fold1/best.pth,True
0.7074981928060229,0.5473866178508502,0.5519327386388605,0.9851756954431703,0.2490869737064283,0.2490869737064283,2,42.0,8.75,541,cvc-clinicdb,unetpp,polypseg/runs_cv/unetpp_seed42_fold1/best.pth,True
0.6573615957467978,0.48960434444926604,0.4913578324471242,0.9927638823188176,0.2658620989441438,0.2658620989441438,2,123.18894178511057,25.664362871898035,542,cvc-clinicdb,unetpp,polypseg/runs_cv/unetpp_seed42_fold1/best.pth,True
0.6709696240357693,0.5048565000246674,0.5049673417832758,0.9995654063342072,0.27394736793827246,0.27394736793827246,2,77.0,16.041666666666668,543,cvc-clinicdb,unetpp,polypseg/runs_cv/unetpp_seed42_fold1/best.pth,True
0.5351892458756122,0.36536408841122237,0.3656687250830775,0.9977250106569193,0.30208711087162243,0.30208711087162243,2,157.1426064922017,32.73804301920869,544,cvc-clinicdb,unetpp,polypseg/runs_cv/unetpp_seed42_fold1/best.pth,True
0.9577011494179486,0.918835465359229,0.9227702303466809,0.9953806944728356,0.651854707076861,0.651854707076861,2,4.0,0.8333333333333334,545,cvc-clinicdb,unetpp,polypseg/runs_cv/unetpp_seed42_fold1/best.pth,True
0.8556723139548525,0.7477511244284389,0.7505643340763661,0.995012468811388,0.44576982149478456,0.44576982149478456,2,32.42521376887923,6.755252868516506,546,cvc-clinicdb,unetpp,polypseg/runs_cv/unetpp_seed42_fold1/best.pth,True
0.8975948891309883,0.8142151014008145,0.8195230742696943,0.9921079958257091,0.5862497279862552,0.5862497279862552,2,8.0,1.6666666666666667,547,cvc-clinicdb,unetpp,polypseg/runs_cv/unetpp_seed42_fold1/best.pth,True
0.9297013658389559,0.8686373467791112,0.928340268131787,0.9310664605729356,0.6399580206689895,0.6399580206689895,2,5.656854249492381,1.1785113019775793,548,cvc-clinicdb,unetpp,polypseg/runs_cv/unetpp_seed42_fold1/best.pth,True
0.6156433977960291,0.44471445927724934,0.6993630572802954,0.549824737078126,0.2519999541472084,0.2519999541472084,2,91.60376455873175,19.084117616402448,549,cvc-clinicdb,unetpp,polypseg/runs_cv/unetpp_seed42_fold1/best.pth,True
0.9436722749858323,0.8933518004302837,0.9188034186725351,0.9699248118842219,0.9825323620798102,0.9825323620798102,2,2.0,0.4166666666666667,55,cvc-clinicdb,unetpp,polypseg/runs_cv/unetpp_seed42_fold1/best.pth,True
0.9025682837268441,0.8224368499134853,0.9019064689440784,0.9032310704813442,0.5224807386882723,0.5224807386882723,2,9.899494936611665,2.0623947784607637,550,cvc-clinicdb,unetpp,polypseg/runs_cv/unetpp_seed42_fold1/best.pth,True
0.9333752851338522,0.8750737462997777,0.9085758039677094,0.959566553437497,0.6490038522404302,0.6490038522404302,2,5.0,1.0416666666666667,551,cvc-clinicdb,unetpp,polypseg/runs_cv/unetpp_seed42_fold1/best.pth,True
0.8926291352227754,0.8060796645596687,0.8140796612304608,0.9879556768750931,0.5833969811410498,0.5833969811410498,2,10.0,2.0833333333333335,552,cvc-clinicdb,unetpp,polypseg/runs_cv/unetpp_seed42_fold1/best.pth,True
0.9251122709010492,0.8606594399180142,0.8877242021792717,0.9657881398762571,0.6411662450234612,0.6411662450234612,2,9.358928295889298,1.9497767283102703,553,cvc-clinicdb,unetpp,polypseg/runs_cv/unetpp_seed42_fold1/best.pth,True
0.9565506908553545,0.9167198468313473,0.9389911754990848,0.9747794616492333,0.8107047194940425,0.8107047194940425,2,5.0,1.0416666666666667,554,cvc-clinicdb,unetpp,polypseg/runs_cv/unetpp_seed42_fold1/best.pth,True
0.9381861733918545,0.8835693695841137,0.9192854348556619,0.9578804347695941,0.6477481168564907,0.6477481168564907,2,6.708203932499369,1.3975424859373686,555,cvc-clinicdb,unetpp,polypseg/runs_cv/unetpp_seed42_fold1/best.pth,True
0.9376683086966326,0.8826511685311902,0.8862676930607615,0.9953981313485512,0.6709447566435809,0.6709447566435809,2,6.956230589874912,1.44921470622394,556,cvc-clinicdb,unetpp,polypseg/runs_cv/unetpp_seed42_fold1/best.pth,True
0.9209194257661528,0.8534297139210485,0.8889778916871359,0.9552418660534474,0.5851010634391497,0.5851010634391497,2,7.0710678118654755,1.473139127471974,557,cvc-clinicdb,unetpp,polypseg/runs_cv/unetpp_seed42_fold1/best.pth,True
0.9296636085547938,0.8685714285576417,0.9022258862176056,0.9588224986690236,0.6853438097503457,0.6853438097503457,2,7.190097340068598,1.4979369458476246,558,cvc-clinicdb,unetpp,polypseg/runs_cv/unetpp_seed42_fold1/best.pth,True
0.0,0.0,0.0,0.0,0.0,0.0,2,144.9586147836685,30.19971141326427,559,cvc-clinicdb,unetpp,polypseg/runs_cv/unetpp_seed42_fold1/best.pth,True
0.9385699899137535,0.8842504743553369,0.8927203064849069,0.9893842887123361,0.6979454827281674,0.6979454827281674,2,4.47213595499958,0.9316949906249123,56,cvc-clinicdb,unetpp,polypseg/runs_cv/unetpp_seed42_fold1/best.pth,True
0.5770339376980285,0.4055148980605657,0.4559882439315799,0.7855696202332767,0.27460793007229944,0.27460793007229944,2,41.85089389596844,8.718936228326758,560,cvc-clinicdb,unetpp,polypseg/runs_cv/unetpp_seed42_fold1/best.pth,True
0.816916167658556,0.6904972795053714,0.7150157232610717,0.9526885474694015,0.42793352107976146,0.42793352107976146,2,31.622776601683793,6.588078458684123,561,cvc-clinicdb,unetpp,polypseg/runs_cv/unetpp_seed42_fold1/best.pth,True
0.9084160182674822,0.8321998430443082,0.9212393224131861,0.895944804267869,0.6157119535525448,0.6157119535525448,2,10.816653826391969,2.2534695471649937,562,cvc-clinicdb,unetpp,polypseg/runs_cv/unetpp_seed42_fold1/best.pth,True
0.8915727321484542,0.8043583535044039,0.9960023985509093,0.8069635627465023,0.4060554217164886,0.4060554217164886,2,16.0,3.3333333333333335,563,cvc-clinicdb,unetpp,polypseg/runs_cv/unetpp_seed42_fold1/best.pth,True
0.8470841557479021,0.7347319927738608,0.8148864185540641,0.8819309520185179,0.4358444833437539,0.4358444833437539,2,28.729622619758043,5.9853380457829255,564,cvc-clinicdb,unetpp,polypseg/runs_cv/unetpp_seed42_fold1/best.pth,True
0.2832552194266446,0.16499553261029487,0.7057324840464657,0.1771855010642091,0.33094356023628,0.33094356023628,2,95.4829827770373,19.892288078549434,565,cvc-clinicdb,unetpp,polypseg/runs_cv/unetpp_seed42_fold1/best.pth,True
0.5885256014745165,0.4169580419519674,0.45762711863675043,0.8243087557366271,0.2837941868110047,0.2837941868110047,2,42.994175028201795,8.957119797542042,566,cvc-clinicdb,unetpp,polypseg/runs_cv/unetpp_seed42_fold1/best.pth,True
0.9026355318735131,0.8225485315872935,0.8939680822046533,0.9114726971618458,0.6215903904764771,0.6215903904764771,2,6.708203932499369,1.3975424859373686,567,cvc-clinicdb,unetpp,polypseg/runs_cv/unetpp_seed42_fold1/best.pth,True
0.3020050125124057,0.1778597785846598,0.9999999995850622,0.1778597785846598,0.09746105921501513,0.09746105921501513,2,85.80326077836916,17.87567932882691,568,cvc-clinicdb,unetpp,polypseg/runs_cv/unetpp_seed42_fold1/best.pth,True
0.3475919832381815,0.21035481534357878,0.7244389026528132,0.22865013773204843,0.31408771855202716,0.31408771855202716,2,88.86506625215557,18.51355546919908,569,cvc-clinicdb,unetpp,polypseg/runs_cv/unetpp_seed42_fold1/best.pth,True
0.868997059755995,0.7683419988002113,0.779144698255469,0.9822747414341008,0.47398838958869843,0.47398838958869843,2,6.0,1.25,57,cvc-clinicdb,unetpp,polypseg/runs_cv/unetpp_seed42_fold1/best.pth,True
0.7616503413249733,0.6150527324729121,0.9392386529327058,0.6405391911812012,0.5479316782394095,0.5479316782394095,2,71.86689070289482,14.972268896436422,570,cvc-clinicdb,unetpp,polypseg/runs_cv/unetpp_seed42_fold1/best.pth,True
0.8636308439482254,0.7599914511485362,0.8679521600959739,0.8593523441068306,0.5180668800617293,0.5180668800617293,2,10.295630140987,2.1449229460389585,571,cvc-clinicdb,unetpp,polypseg/runs_cv/unetpp_seed42_fold1/best.pth,True
0.9419163045856171,0.8902096390557551,0.9556844547342069,0.9285392245056686,0.7365244378703226,0.7365244378703226,2,6.0,1.25,572,cvc-clinicdb,unetpp,polypseg/runs_cv/unetpp_seed42_fold1/best.pth,True
0.9652085452499449,0.9327565866719325,0.9677682578144526,0.9626623376232686,0.9704991519408219,0.9704991519408219,2,2.0,0.4166666666666667,573,cvc-clinicdb,unetpp,polypseg/runs_cv/unetpp_seed42_fold1/best.pth,True
0.7983082209675308,0.6643202815369855,0.9921156372541317,0.6678460857732046,0.3594905509769622,0.3594905509769622,2,17.08800749063506,3.560001560548971,574,cvc-clinicdb,unetpp,polypseg/runs_cv/unetpp_seed42_fold1/best.pth,True
0.8162752731280136,0.6895820071994572,0.9561635774946702,0.7120946537968428,0.5573916435529925,0.5573916435529925,2,37.57658845611187,7.82845592835664,575,cvc-clinicdb,unetpp,polypseg/runs_cv/unetpp_seed42_fold1/best.pth,True
0.3806129721969977,0.23503521126346769,0.9773060028567125,0.23632501327250266,0.24423958891806682,0.24423958891806682,2,114.91165403016757,23.93992792295158,576,cvc-clinicdb,unetpp,polypseg/runs_cv/unetpp_seed42_fold1/best.pth,True
0.0003587443946123992,0.0001794043774635916,0.9999999000000099,0.0001794043774635916,0.0,0.0,2,138.35371830112499,28.823691312734372,577,cvc-clinicdb,unetpp,polypseg/runs_cv/unetpp_seed42_fold1/best.pth,True
0.8789661490897968,0.784067446648588,0.9401691767910013,0.8252444766239543,0.5386449341130043,0.5386449341130043,2,58.96468689555258,12.28430976990679,578,cvc-clinicdb,unetpp,polypseg/runs_cv/unetpp_seed42_fold1/best.pth,True
0.6758697977653921,0.5104254827997966,0.9919258373057428,0.5125550490573085,0.4800448707631433,0.4800448707631433,2,141.29570497579874,29.436605203291403,579,cvc-clinicdb,unetpp,polypseg/runs_cv/unetpp_seed42_fold1/best.pth,True
0.8938172042710412,0.8080194410201689,0.8134556574426021,0.991797166219851,0.6100690516922692,0.6100690516922692,2,4.47213595499958,0.9316949906249123,58,cvc-clinicdb,unetpp,polypseg/runs_cv/unetpp_seed42_fold1/best.pth,True
0.58502668998975,0.4134542226704701,0.9807489847949955,0.4168371260520529,0.41747226402995136,0.41747226402995136,2,154.72976221327806,32.23536712776626,580,cvc-clinicdb,unetpp,polypseg/runs_cv/unetpp_seed42_fold1/best.pth,True
0.5519922254594675,0.3812080536892284,0.9839246119597571,0.38359716894276513,0.47256726484353967,0.47256726484353967,2,145.5592432360718,30.324842340848296,581,cvc-clinicdb,unetpp,polypseg/runs_cv/unetpp_seed42_fold1/best.pth,True
0.8427105537062275,0.7281761329501569,0.7417102966776464,0.9755537702171977,0.5618207323892827,0.5618207323892827,2,41.97000499343098,8.743751040298122,582,cvc-clinicdb,unetpp,polypseg/runs_cv/unetpp_seed42_fold1/best.pth,True
0.7296825233665911,0.5744095761796439,0.7714533999397903,0.6922027290313411,0.3937499509453186,0.3937499509453186,2,49.360403250555386,10.283417343865704,583,cvc-clinicdb,unetpp,polypseg/runs_cv/unetpp_seed42_fold1/best.pth,True
0.4409042633861257,0.28279486181118335,0.28760886777229205,0.9441195581239727,0.3922295058971762,0.3922295058971762,2,99.02903541397171,20.631049044577438,584,cvc-clinicdb,unetpp,polypseg/runs_cv/unetpp_seed42_fold1/best.pth,True
0.0,0.0,0.0,0.0,0.0,0.0,2,215.00546501880737,44.79280521225154,585,cvc-clinicdb,unetpp,polypseg/runs_cv/unetpp_seed42_fold1/best.pth,True
0.9155272919881766,0.8442142298505823,0.864664664647354,0.972747747725839,0.5937975300303633,0.5937975300303633,2,10.63014581273465,2.2146137109863853,586,cvc-clinicdb,unetpp,polypseg/runs_cv/unetpp_seed42_fold1/best.pth,True
0.9293626293639121,0.8680461329420609,0.8680461329420609,0.9999999999609223,0.6778583892232358,0.6778583892232358,2,3.8224980739587884,0.796353765408081,587,cvc-clinicdb,unetpp,polypseg/runs_cv/unetpp_seed42_fold1/best.pth,True
0.9206349206137421,0.8529411764342311,0.9251040221486314,0.9162087911668403,0.6695272846827727,0.6695272846827727,2,5.039607805437112,1.0499182927993982,588,cvc-clinicdb,unetpp,polypseg/runs_cv/unetpp_seed42_fold1/best.pth,True
0.9050930276093763,0.826639203541825,0.8387321490477627,0.9828571428170263,0.7596233836075547,0.7596233836075547,2,15.867971810589324,3.3058274605394424,589,cvc-clinicdb,unetpp,polypseg/runs_cv/unetpp_seed42_fold1/best.pth,True
0.8942501004867612,0.8087272726684561,0.8348348347721595,0.962770562687206,0.7200131310834477,0.7200131310834477,2,5.0,1.0416666666666667,59,cvc-clinicdb,unetpp,polypseg/runs_cv/unetpp_seed42_fold1/best.pth,True
0.9437062092064821,0.8934126257596793,0.98042168669777,0.9096413599948934,0.8124252785664255,0.8124252785664255,2,5.0,1.0416666666666667,590,cvc-clinicdb,unetpp,polypseg/runs_cv/unetpp_seed42_fold1/best.pth,True
0.927421483216484,0.8646653542881562,0.9622124862561767,0.8950585837547091,0.7330166752228984,0.7330166752228984,2,5.656854249492381,1.1785113019775793,591,cvc-clinicdb,unetpp,polypseg/runs_cv/unetpp_seed42_fold1/best.pth,True
0.9181004817528453,0.8486005088904289,0.8689745021241583,0.9731137973953082,0.5987105691576529,0.5987105691576529,2,8.06225774829855,1.679637030895531,592,cvc-clinicdb,unetpp,polypseg/runs_cv/unetpp_seed42_fold1/best.pth,True
0.9318608043245273,0.8724151384925397,0.881182265992489,0.9887242980104196,0.6213630599653305,0.6213630599653305,2,6.082762530298219,1.2672421938121292,593,cvc-clinicdb,unetpp,polypseg/runs_cv/unetpp_seed42_fold1/best.pth,True
0.9504820332937063,0.9056367431961245,0.917318672004286,0.9861332120712405,0.7415704939934105,0.7415704939934105,2,3.605551275463989,0.7511565157216644,594,cvc-clinicdb,unetpp,polypseg/runs_cv/unetpp_seed42_fold1/best.pth,True
0.8302114803499968,0.7097107437833237,0.7223974763217036,0.975852272692619,0.6315788974429094,0.6315788974429094,2,15.297058540778355,3.1868871959954905,595,cvc-clinicdb,unetpp,polypseg/runs_cv/unetpp_seed42_fold1/best.pth,True
0.833981576236766,0.7152387640198301,0.731681034456477,0.9695383150419069,0.6136834331085635,0.6136834331085635,2,13.99812064796627,2.9162751349929725,596,cvc-clinicdb,unetpp,polypseg/runs_cv/unetpp_seed42_fold1/best.pth,True
0.7790235081092578,0.638033175317652,0.6523319200089441,0.9667863553889778,0.620146264081358,0.620146264081358,2,11.045361017187261,2.3011168785806793,597,cvc-clinicdb,unetpp,polypseg/runs_cv/unetpp_seed42_fold1/best.pth,True
0.8668469077244534,0.7649865791600065,0.7707331730537641,0.9903474903092531,0.46205563537658473,0.46205563537658473,2,10.0,2.0833333333333335,598,cvc-clinicdb,unetpp,polypseg/runs_cv/unetpp_seed42_fold1/best.pth,True
0.9251993418437514,0.8608101742614035,0.8679648539333183,0.9905149051222083,0.5584368439023287,0.5584368439023287,2,5.0,1.0416666666666667,599,cvc-clinicdb,unetpp,polypseg/runs_cv/unetpp_seed42_fold1/best.pth,True
0.9522510933857673,0.9088542945493844,0.9995679178990031,0.909211495942475,0.574064834218601,0.574064834218601,2,23.0,4.791666666666667,6,cvc-clinicdb,unetpp,polypseg/runs_cv/unetpp_seed42_fold1/best.pth,True
0.8596979332102604,0.7539212268820523,0.9412532636666122,0.791148500336827,0.6383513550140506,0.6383513550140506,2,18.384776310850235,3.830161731427132,60,cvc-clinicdb,unetpp,polypseg/runs_cv/unetpp_seed42_fold1/best.pth,True
0.9537437215222886,0.9115775371116268,0.9167976644855512,0.9937925997931621,0.5590908591002112,0.5590908591002112,2,5.134807682497063,1.0697516005202214,600,cvc-clinicdb,unetpp,polypseg/runs_cv/unetpp_seed42_fold1/best.pth,True
0.935750886866884,0.8792592592462332,0.884500745143301,0.9933054393139196,0.6267348327114401,0.6267348327114401,2,6.324555320336759,1.317615691736825,601,cvc-clinicdb,unetpp,polypseg/runs_cv/unetpp_seed42_fold1/best.pth,True
0.9388694941622308,0.8847823043415263,0.8865198484936665,0.9977897063309474,0.6191892683676609,0.6191892683676609,2,6.082762530298219,1.2672421938121292,602,cvc-clinicdb,unetpp,polypseg/runs_cv/unetpp_seed42_fold1/best.pth,True
0.9081237910970253,0.8317094774044318,0.8328159645140485,0.998405103654992,0.5119065532079072,0.5119065532079072,2,11.0,2.2916666666666665,603,cvc-clinicdb,unetpp,polypseg/runs_cv/unetpp_seed42_fold1/best.pth,True
0.8324680258273238,0.7130151843740453,0.7132472604891694,0.9995438649688377,0.4449240145712455,0.4449240145712455,2,34.52535300326414,7.192781875680028,604,cvc-clinicdb,unetpp,polypseg/runs_cv/unetpp_seed42_fold1/best.pth,True
0.9363920750619328,0.8803921568339742,0.9191402251477605,0.9543039319534431,0.7564046015701776,0.7564046015701776,2,3.184441340933165,0.6634252793610761,605,cvc-clinicdb,unetpp,polypseg/runs_cv/unetpp_seed42_fold1/best.pth,True
0.9161627267603606,0.8452954602879712,0.8817460317227052,0.9533752860139195,0.5759082585885184,0.5759082585885184,2,7.781078190400236,1.6210579563333825,606,cvc-clinicdb,unetpp,polypseg/runs_cv/unetpp_seed42_fold1/best.pth,True
0.7811106607056929,0.6408380445413756,0.6468613628517335,0.9856777493101955,0.5465358221155862,0.5465358221155862,2,19.936130018395584,4.15336042049908,607,cvc-clinicdb,unetpp,polypseg/runs_cv/unetpp_seed42_fold1/best.pth,True
0.7665778774601629,0.6215048874602978,0.6298087998012023,0.9792263609964461,0.5574830434425605,0.5574830434425605,2,22.0,4.583333333333333,608,cvc-clinicdb,unetpp,polypseg/runs_cv/unetpp_seed42_fold1/best.pth,True
0.9498421606342822,0.9044756178823319,0.9111709286471249,0.9919413919171688,0.764515962043478,0.764515962043478,2,4.21036320796314,0.8771590016589875,609,cvc-clinicdb,unetpp,polypseg/runs_cv/unetpp_seed42_fold1/best.pth,True
0.9025042547799051,0.8223305272121254,0.9646569646068265,0.8478757423093708,0.7696726954496875,0.7696726954496875,2,10.816653826391969,2.2534695471649937,61,cvc-clinicdb,unetpp,polypseg/runs_cv/unetpp_seed42_fold1/best.pth,True
0.9477344100387198,0.9006608398870036,0.9082115219065303,0.9908536585133477,0.8305709234494892,0.8305709234494892,2,5.0,1.0416666666666667,610,cvc-clinicdb,unetpp,polypseg/runs_cv/unetpp_seed42_fold1/best.pth,True
0.9184318314696497,0.849166846984437,0.8592073571084037,0.9864253393417188,0.6058905062488146,0.6058905062488146,2,7.0710678118654755,1.473139127471974,611,cvc-clinicdb,unetpp,polypseg/runs_cv/unetpp_seed42_fold1/best.pth,True
0.791666666651673,0.6551724137725652,0.6647582696989581,0.9784644194298472,0.5555035507024172,0.5555035507024172,2,14.560219778561036,3.033379120533549,612,cvc-clinicdb,unetpp,polypseg/runs_cv/unetpp_seed42_fold1/best.pth,True
0.8944689514457256,0.8090853283726773,0.8470437017450486,0.9475197698815585,0.578533981435546,0.578533981435546,2,6.343737750944883,1.3216120314468507,62,cvc-clinicdb,unetpp,polypseg/runs_cv/unetpp_seed42_fold1/best.pth,True
0.9751573368342115,0.9515190691046206,0.9671484887669416,0.9832999331340481,0.9999999500000026,0.9999999500000026,2,1.1449747468305809,0.23853640558970435,63,cvc-clinicdb,unetpp,polypseg/runs_cv/unetpp_seed42_fold1/best.pth,True
0.9473684210165001,0.8999999999347825,0.9125642908954765,0.9849325931019085,0.9874979718389024,0.9874979718389024,2,2.0,0.4166666666666667,64,cvc-clinicdb,unetpp,polypseg/runs_cv/unetpp_seed42_fold1/best.pth,True
0.9485553206149205,0.902144772057497,0.9156462584411125,0.9839181285830468,0.9607316480997967,0.9607316480997967,2,2.0,0.4166666666666667,65,cvc-clinicdb,unetpp,polypseg/runs_cv/unetpp_seed42_fold1/best.pth,True
0.9488033928824962,0.9025936598903403,0.9211764705340484,0.9781386632743199,0.8994378013429329,0.8994378013429329,2,3.0,0.625,66,cvc-clinicdb,unetpp,polypseg/runs_cv/unetpp_seed42_fold1/best.pth,True
0.7387978141915017,0.5857885615048254,0.5909090908884298,0.9854227404673223,0.5403062387902291,0.5403062387902291,2,248.11368291196592,51.690350606659564,67,cvc-clinicdb,unetpp,polypseg/runs_cv/unetpp_seed42_fold1/best.pth,True
0.8951386098762946,0.8101818181700338,0.9511612021695499,0.8453483077728737,0.5454253857878879,0.5454253857878879,2,35.071344256833086,7.306530053506893,68,cvc-clinicdb,unetpp,polypseg/runs_cv/unetpp_seed42_fold1/best.pth,True
0.6522897988695835,0.48399856165106087,0.4859205775997863,0.9918938834935965,0.4464285233577859,0.4464285233577859,2,38.0,7.916666666666667,69,cvc-clinicdb,unetpp,polypseg/runs_cv/unetpp_seed42_fold1/best.pth,True
0.6983474517408739,0.5365083429328873,0.9963544143208404,0.537563603709165,0.26001155780053636,0.26001155780053636,2,48.93864747850701,10.195551558022293,7,cvc-clinicdb,unetpp,polypseg/runs_cv/unetpp_seed42_fold1/best.pth,True
0.9240060392396577,0.8587464920218664,0.9457417582092809,0.903246966188808,0.8608299631160646,0.8608299631160646,2,11.235693478372056,2.340769474660845,70,cvc-clinicdb,unetpp,polypseg/runs_cv/unetpp_seed42_fold1/best.pth,True
0.0,0.0,0.0,0.0,0.0,0.0,2,,,71,cvc-clinicdb,unetpp,polypseg/runs_cv/unetpp_seed42_fold1/best.pth,True
0.6980028242748033,0.5361016423757019,0.8265647395687261,0.6040502793085178,0.3775810728970398,0.3775810728970398,2,41.877798094787046,8.724541269747302,72,cvc-clinicdb,unetpp,polypseg/runs_cv/unetpp_seed42_fold1/best.pth,True
0.4199081903740056,0.26574923546587925,0.850293541991165,0.27879371189352603,0.30853792780767925,0.30853792780767925,2,40.39481986600594,8.415587472084571,73,cvc-clinicdb,unetpp,polypseg/runs_cv/unetpp_seed42_fold1/best.pth,True
0.694809688565287,0.5323435842865909,0.9465744813987068,0.5488338192219813,0.4042157755049765,0.4042157755049765,2,169.9578990769313,35.40789564102736,74,cvc-clinicdb,unetpp,polypseg/runs_cv/unetpp_seed42_fold1/best.pth,True
0.681879194615618,0.5173116089437437,0.8693667997222266,0.5609127714184426,0.39905921297353825,0.39905921297353825,2,166.97379948930254,34.78620822693803,75,cvc-clinicdb,unetpp,polypseg/runs_cv/unetpp_seed42_fold1/best.pth,True
0.8776415340235418,0.7819618781598344,0.874674986953995,0.8806282722052027,0.697638973647898,0.697638973647898,2,6.83951216287465,1.424898367265552,76,cvc-clinicdb,unetpp,polypseg/runs_cv/unetpp_seed42_fold1/best.pth,True
0.756661638995559,0.6085725838815782,0.8215065501734985,0.7013047529962114,0.6104018689517434,0.6104018689517434,2,61.465437442517235,12.80529946719109,77,cvc-clinicdb,unetpp,polypseg/runs_cv/unetpp_seed42_fold1/best.pth,True
0.9094911937155213,0.8340062808060115,0.867475501592745,0.9557840616475175,0.7975710581726254,0.7975710581726254,2,136.76547578644062,28.492807455508462,78,cvc-clinicdb,unetpp,polypseg/runs_cv/unetpp_seed42_fold1/best.pth,True
0.8833151581002369,0.7910156249613762,0.9896151496035666,0.7976366321616132,0.5635592725367314,0.5635592725367314,2,8.54400374531753,1.7800007802744855,79,cvc-clinicdb,unetpp,polypseg/runs_cv/unetpp_seed42_fold1/best.pth,True
0.4744623655899485,0.3110132158577853,0.9791955617074871,0.313082039910046,0.35589659505210347,0.35589659505210347,2,94.01728403594198,19.586934174154578,8,cvc-clinicdb,unetpp,polypseg/runs_cv/unetpp_seed42_fold1/best.pth,True
0.892503536036333,0.8058748403061382,0.8205461637958033,0.978294573567574,0.6119850111837942,0.6119850111837942,2,5.452032870291125,1.1358401813106511,80,cvc-clinicdb,unetpp,polypseg/runs_cv/unetpp_seed42_fold1/best.pth,True
0.6695369394921928,0.503236023130658,0.5063738395420093,0.9878361940669302,0.188824620613981,0.188824620613981,2,80.45919223041942,16.76233171467071,81,cvc-clinicdb,unetpp,polypseg/runs_cv/unetpp_seed42_fold1/best.pth,True
0.9450580176017747,0.8958388549987851,0.9580498865941596,0.9324137930777265,0.6943999500032035,0.6943999500032035,2,5.0,1.0416666666666667,82,cvc-clinicdb,unetpp,polypseg/runs_cv/unetpp_seed42_fold1/best.pth,True
0.7947365827174868,0.6593882891669988,0.6593882891669988,0.9999999999875977,0.23124960667779418,0.23124960667779418,2,44.239427758377005,9.216547449661876,83,cvc-clinicdb,unetpp,polypseg/runs_cv/unetpp_seed42_fold1/best.pth,True
0.95656342889101,0.9167432457100396,0.9631202934743557,0.950095238077141,0.7359347199556465,0.7359347199556465,2,3.0,0.625,84,cvc-clinicdb,unetpp,polypseg/runs_cv/unetpp_seed42_fold1/best.pth,True
0.9323308270600495,0.8732394366063497,0.8906933166631684,0.9780521261835039,0.587904233220513,0.587904233220513,2,7.990512483795331,1.6646901007906938,85,cvc-clinicdb,unetpp,polypseg/runs_cv/unetpp_seed42_fold1/best.pth,True
0.9400383620970725,0.8868607395611824,0.9578518014793024,0.9228753888828741,0.5225988200708657,0.5225988200708657,2,5.0990195135927845,1.0622957319984967,86,cvc-clinicdb,unetpp,polypseg/runs_cv/unetpp_seed42_fold1/best.pth,True
0.967251645244694,0.9365801850866852,0.9690737833442846,0.9654363465598149,0.8207430265522581,0.8207430265522581,2,3.605551275463989,0.7511565157216644,87,cvc-clinicdb,unetpp,polypseg/runs_cv/unetpp_seed42_fold1/best.pth,True
0.9598719316866609,0.9228401395254907,0.9262615859747423,0.9960132890144848,0.8146776574203353,0.8146776574203353,2,3.0,0.625,88,cvc-clinicdb,unetpp,polypseg/runs_cv/unetpp_seed42_fold1/best.pth,True
0.9770945109267736,0.9552148476708652,0.9791149710302086,0.9750823723028196,0.9936607578695735,0.9936607578695735,2,2.0,0.4166666666666667,89,cvc-clinicdb,unetpp,polypseg/runs_cv/unetpp_seed42_fold1/best.pth,True
0.5300101729372838,0.3605536332154979,0.961431998505971,0.36584509514524366,0.3863571987801156,0.3863571987801156,2,100.24617632223278,20.88462006713183,9,cvc-clinicdb,unetpp,polypseg/runs_cv/unetpp_seed42_fold1/best.pth,True
0.9672937771252552,0.936659192807611,0.9517752040829357,0.9833267948022102,0.8801213460575094,0.8801213460575094,2,2.8284271247461903,0.5892556509887896,90,cvc-clinicdb,unetpp,polypseg/runs_cv/unetpp_seed42_fold1/best.pth,True
0.9452984627575833,0.8962710580939567,0.8984819734174861,0.9972620050337561,0.6061519728416795,0.6061519728416795,2,4.012310562561762,0.8358980338670338,91,cvc-clinicdb,unetpp,polypseg/runs_cv/unetpp_seed42_fold1/best.pth,True
0.9228420434418926,0.8567378979316019,0.8620008775589733,0.9929239322468304,0.6968605153239846,0.6968605153239846,2,11.002268050859364,2.2921391772623676,92,cvc-clinicdb,unetpp,polypseg/runs_cv/unetpp_seed42_fold1/best.pth,True
0.9033713200272628,0.8237713790685479,0.8433067375699622,0.972648261733828,0.6620717393291489,0.6620717393291489,2,13.555204847801267,2.8240010099585975,93,cvc-clinicdb,unetpp,polypseg/runs_cv/unetpp_seed42_fold1/best.pth,True
0.905771868725274,0.8277724204276226,0.8515873015704051,0.9673202614161073,0.34637871744176707,0.34637871744176707,2,9.16208869558847,1.9087684782475978,94,cvc-clinicdb,unetpp,polypseg/runs_cv/unetpp_seed42_fold1/best.pth,True
0.9242124960918576,0.8591032083328353,0.8772449180801807,0.9764938488361931,0.5597708122895884,0.5597708122895884,2,8.06225774829855,1.679637030895531,95,cvc-clinicdb,unetpp,polypseg/runs_cv/unetpp_seed42_fold1/best.pth,True
0.9268024215638215,0.863589743572029,0.8682202515803625,0.9938621340653008,0.642724439331701,0.642724439331701,2,8.108246124032743,1.6892179425068214,96,cvc-clinicdb,unetpp,polypseg/runs_cv/unetpp_seed42_fold1/best.pth,True
0.9130313198977484,0.8399794185531264,0.8655885471668721,0.9659763313323676,0.5921578588821488,0.5921578588821488,2,7.0,1.4583333333333333,97,cvc-clinicdb,unetpp,polypseg/runs_cv/unetpp_seed42_fold1/best.pth,True
0.9761092150121656,0.9533333333239868,0.9720111955120749,0.9802419354739894,0.8266229697654044,0.8266229697654044,2,3.0,0.625,98,cvc-clinicdb,unetpp,polypseg/runs_cv/unetpp_seed42_fold1/best.pth,True
0.9671710348489112,0.9364290385750631,0.9545333333206062,0.9801478641705894,0.7467834700608466,0.7467834700608466,2,3.0892527130926015,0.6435943152276253,99,cvc-clinicdb,unetpp,polypseg/runs_cv/unetpp_seed42_fold1/best.pth,True
