dice,iou,precision,recall,boundary_f1,boundary_f1_2px,tolerance_px,hd95,hd95_pct_diag,name,dataset,model,checkpoint,tta
0.7556725031146486,0.6072939037400972,0.6107419455279807,0.9907892049901758,0.25272249192991336,0.17279434536614507,4,174.04022523543227,21.314554835917,cju0qkwl35piu0993l0dewei2,kvasir-seg,unet,polypseg/runs_cv/unet_seed42_fold2/best.pth,False
0.8123590838957927,0.684010691178068,0.861534105207458,0.7684946115829353,0.5730552825984256,0.4395875627186259,4,80.06590895025589,9.813384115438472,cju0roawvklrq0799vmjorwfv,kvasir-seg,unet,polypseg/runs_cv/unet_seed42_fold2/best.pth,False
0.9536833192169615,0.9114671845843532,0.9738025246327701,0.934378629492829,0.7505682179364748,0.5421550202760996,4,5.830951894845301,0.7142101603343823,cju0s690hkp960855tjuaqvv0,kvasir-seg,unet,polypseg/runs_cv/unet_seed42_fold2/best.pth,False
0.952587339109034,0.9094670846337964,0.9214253954079817,0.9859308094815066,0.8284518328469069,0.7693222175812869,4,15.652475842498529,1.9139046596048115,cju0vtox5ain6099360pu62rp,kvasir-seg,unet,polypseg/runs_cv/unet_seed42_fold2/best.pth,False
0.8303688904009046,0.7099408382575623,0.7100591715917154,0.9997653132950038,0.2527724549084661,0.11220122876690646,4,28.709394808710805,3.5104379046308662,cju14g8o4xui30878gkgbrvqj,kvasir-seg,unet,polypseg/runs_cv/unet_seed42_fold2/best.pth,False
0.9568736765914968,0.9173133254511606,0.9273931679414796,0.9882900091327179,0.8218158564835388,0.6559624308511157,4,31.224887344895965,3.759056492217343,cju16fpvhzypl0799p9phnlx6,kvasir-seg,unet,polypseg/runs_cv/unet_seed42_fold2/best.pth,False
0.9581733913362388,0.9197052401696523,0.9545094040281299,0.9618656162530007,0.8523680774726223,0.6576561602920296,4,8.952631123499284,1.0983170057300342,cju18kevfrojc0835bn90f1in,kvasir-seg,unet,polypseg/runs_cv/unet_seed42_fold2/best.pth,False
0.9369564415136453,0.8813904510627559,0.8869188551371405,0.9929775769155285,0.4818749555878201,0.35132331784478316,4,46.06517122512408,5.637086320086481,cju1c0qb4tzi308355wtsnp0y,kvasir-seg,unet,polypseg/runs_cv/unet_seed42_fold2/best.pth,False
0.974078037984133,0.9494660159824785,0.9601273065352594,0.9884401575654596,0.7000417612958071,0.4824583967878666,4,98.02040603874276,11.800338608745866,cju1c3218411b08014g9f6gig,kvasir-seg,unet,polypseg/runs_cv/unet_seed42_fold2/best.pth,False
0.9678941880221505,0.9377858130334054,0.9879558568092097,0.9486310580337334,0.8279530465319118,0.5976493092072194,4,7.0,0.8427058568658888,cju1c4fcu40hl07992b8gj0c8,kvasir-seg,unet,polypseg/runs_cv/unet_seed42_fold2/best.pth,False
0.9591123351491999,0.9214369307437976,0.9516027325225874,0.9667414050770513,0.7395400625567968,0.4924819666783603,4,8.071455423445379,1.0526407486995415,cju1cdxvz48hw0801i0fjwcnk,kvasir-seg,unet,polypseg/runs_cv/unet_seed42_fold2/best.pth,False
0.980138525755057,0.9610506431578907,0.9842468908324219,0.9760643157305002,0.7848219805356648,0.6251298934674677,4,18.805551275463944,2.3141793021799253,cju1cj3f0qi5n0993ut8f49rj,kvasir-seg,unet,polypseg/runs_cv/unet_seed42_fold2/best.pth,False
0.8981566313620972,0.8151400252763668,0.9643883051962295,0.8404375707265861,0.5924577920523317,0.43489124362908615,4,52.556781995566475,6.746587412742991,cju1cnnziug1l0835yh4ropyg,kvasir-seg,unet,polypseg/runs_cv/unet_seed42_fold2/best.pth,False
0.9077151335244235,0.8310241782011543,0.9138162807929229,0.9016949152409478,0.7832494985859672,0.5634756962363915,4,9.08821700196851,1.112294715072401,cju1cu1u2474n0878tt7v4tdr,kvasir-seg,unet,polypseg/runs_cv/unet_seed42_fold2/best.pth,False
0.9754560859005038,0.9520881169431014,0.986688499098242,0.9644765326326721,0.6003642331045101,0.40363237086567555,4,25.015974481593766,3.0092044256286457,cju1cyjb5qtie0993njqne9m3,kvasir-seg,unet,polypseg/runs_cv/unet_seed42_fold2/best.pth,False
0.964865519745663,0.93211610486455,0.9350929926689128,0.9965962558764812,0.7726889669892375,0.5040508996885043,4,6.082762530298219,0.7443597089937086,cju1d50a94qf50855wsowacrc,kvasir-seg,unet,polypseg/runs_cv/unet_seed42_fold2/best.pth,False
0.5541113513640759,0.3832323823047051,0.9982372910841786,0.38349189894127483,0.15880797164720295,0.14394183478774844,4,166.9688031085762,20.50585654248991,cju1drnhbrb9409935wi7vkhg,kvasir-seg,unet,polypseg/runs_cv/unet_seed42_fold2/best.pth,False
0.23885609340092126,0.13562554002879473,0.13835866261356122,0.8728667305681138,0.3390060916315021,0.21199559103066998,4,255.08625748053495,31.24019183267981,cju1egx9pvz2n0988eoy8jp23,kvasir-seg,unet,polypseg/runs_cv/unet_seed42_fold2/best.pth,False
0.973884344176782,0.9490980267672336,0.981873905427997,0.9660237564469076,0.7580676415341683,0.5087536481063721,4,15.65342081832188,1.9170608171212633,cju1expq45zst0855rjqwwj4m,kvasir-seg,unet,polypseg/runs_cv/unet_seed42_fold2/best.pth,False
0.9546265237651074,0.9131918357096381,0.9480646104814974,0.9612799050914081,0.679702696613608,0.45649186865174,4,10.44030650891055,1.2796299873208925,cju1f8w0t65en0799m9oacq0q,kvasir-seg,unet,polypseg/runs_cv/unet_seed42_fold2/best.pth,False
0.9317179106172915,0.872164683726628,0.882838391056636,0.9863272269656455,0.6960721982113837,0.5010080145193858,4,35.173851746011906,4.667710134912641,cju1ftaji6isw0855108yqcse,kvasir-seg,unet,polypseg/runs_cv/unet_seed42_fold2/best.pth,False
0.9774832949613913,0.9559582646862311,0.9822080120331683,0.972803814913297,0.7915001263968506,0.6064169770095347,4,42.44999999999993,5.207804973764661,cju1fuoa4wmc50835qfd11sp9,kvasir-seg,unet,polypseg/runs_cv/unet_seed42_fold2/best.pth,False
0.8118094227869179,0.683231661953614,0.687851747232698,0.9902649414633694,0.4391942720869241,0.3008667422774672,4,79.25591140627944,9.714105694249984,cju1fyb1d69et0878muzdak9u,kvasir-seg,unet,polypseg/runs_cv/unet_seed42_fold2/best.pth,False
0.977555210732608,0.9560958410605734,0.9864298480064111,0.9688388349499513,0.7812296214292924,0.4276506917179973,4,7.046194077712549,0.8615725597351385,cju1g20bdwq6u0835e16xugcd,kvasir-seg,unet,polypseg/runs_cv/unet_seed42_fold2/best.pth,False
0.9245883667482382,0.8597529896087568,0.896032254108863,0.9550245347101491,0.3858399173733566,0.1719671159988993,4,38.28837943815329,4.693521683349562,cju1gghyjwxt80835vx0wgxw0,kvasir-seg,unet,polypseg/runs_cv/unet_seed42_fold2/best.pth,False
0.6063650484146795,0.43509603983806006,0.43686407720688125,0.9907840737238434,0.4729189302182906,0.3841787163462554,4,232.8540313720762,28.54006258896335,cju1h5w4wxajx0835mc954kxy,kvasir-seg,unet,polypseg/runs_cv/unet_seed42_fold2/best.pth,False
0.9779739217633341,0.9568972285429972,0.9974629675055345,0.9592318589604941,0.9045599206838697,0.6706917480067054,4,5.0,0.6418379471285087,cju1h89h6xbnx08352k2790o9,kvasir-seg,unet,polypseg/runs_cv/unet_seed42_fold2/best.pth,False
0.9768226017932651,0.9546952498220609,0.962157809980669,0.991941341261744,0.8776464844331663,0.762688586528025,4,8.06225774829855,1.079694149024743,cju1haab178i70799tk9z8y8x,kvasir-seg,unet,polypseg/runs_cv/unet_seed42_fold2/best.pth,False
0.9685010309770744,0.9389258351799176,0.9449306447060267,0.9932773800699471,0.7444865500680262,0.5045017459119874,4,36.0,4.551972250935795,cju1hmff8tkp809931jps6fbr,kvasir-seg,unet,polypseg/runs_cv/unet_seed42_fold2/best.pth,False
0.9838372605780088,0.9681886792440652,0.9757120945137022,0.9920988863670446,0.7604063167580671,0.49305637895779797,4,56.358873048079985,6.903174727186155,cju2hdr06v2bq0799mbm3bks1,kvasir-seg,unet,polypseg/runs_cv/unet_seed42_fold2/best.pth,False
0.9896707076451644,0.9795526222331721,0.993728282055696,0.9856461341214601,0.9781660471968446,0.8843626336120323,4,2.914213562373095,0.3639390709525649,cju2hqt33lmra0988fr5ijv8j,kvasir-seg,unet,polypseg/runs_cv/unet_seed42_fold2/best.pth,False
0.9833427274607796,0.9672312922178444,0.9797966362197691,0.9869145800443818,0.8581312755430202,0.7034174576789294,4,6.4031242374328485,0.7974002786342277,cju2lberzkdzm09938cl40pog,kvasir-seg,unet,polypseg/runs_cv/unet_seed42_fold2/best.pth,False
0.980977877975074,0.9626659292005818,0.9701483293562997,0.9920519315991385,0.885633721637295,0.7753752288748031,4,7.099074759677967,0.8680385389600926,cju2mfjndoz700988b9lc3zeq,kvasir-seg,unet,polypseg/runs_cv/unet_seed42_fold2/best.pth,False
0.9776128409335698,0.9562061028096782,0.9679751448827868,0.9874443834888312,0.9922554180456343,0.8003197581162528,4,3.605551275463989,0.4341095882617577,cju2nsmwjlzyl0993jl80chvz,kvasir-seg,unet,polypseg/runs_cv/unet_seed42_fold2/best.pth,False
0.8747970679348905,0.7774571528438486,0.8001259899136057,0.9648399348782979,0.7333625570352278,0.6028293216674254,4,26.076809620810597,3.1368136777943953,cju2ntxtdzlvu0799xl3j9pan,kvasir-seg,unet,polypseg/runs_cv/unet_seed42_fold2/best.pth,False
0.9203734863229622,0.852492482042068,0.9633722951030355,0.8810490627658573,0.442676862597406,0.13827106377665302,9,205.8538314292555,11.96096265259688,cju2oi8sq0i2y0801mektzvw8,kvasir-seg,unet,polypseg/runs_cv/unet_seed42_fold2/best.pth,False
0.9859552705894041,0.9722995859980275,0.9857796998206744,0.98613090390754,0.8992685341107449,0.702155322583166,4,5.656854249492381,0.729533564064855,cju2omjpeqj5a0988pjdlb8l1,kvasir-seg,unet,polypseg/runs_cv/unet_seed42_fold2/best.pth,False
0.9875892528516838,0.9754827826882045,0.9884186951125885,0.9867612014930618,0.8442959126381125,0.6357089603551217,4,5.656854249492381,0.6804704272157609,cju2oq5570avm079959o20op1,kvasir-seg,unet,polypseg/runs_cv/unet_seed42_fold2/best.pth,False
0.7618618372515736,0.6153286120834757,0.9932161743443554,0.6179256256002861,0.39957591167690093,0.25184702603772663,4,86.92007530021242,11.80625168705694,cju2qtee81yd708787bsjr75d,kvasir-seg,unet,polypseg/runs_cv/unet_seed42_fold2/best.pth,False
0.9530366853021728,0.9102866088266297,0.988481825112817,0.9200455446116581,0.7966385806232881,0.3396186681259587,9,22.21703339832799,1.2909019224168428,cju2r91dg2k090801bh0xzbxk,kvasir-seg,unet,polypseg/runs_cv/unet_seed42_fold2/best.pth,False
0.9797675290573982,0.9603375279284948,0.9679359905142453,0.9918918918888797,0.858618859957545,0.6492291612332033,4,5.0,0.6129172548202184,cju2rpa30t07b0835im0erql0,kvasir-seg,unet,polypseg/runs_cv/unet_seed42_fold2/best.pth,False
0.9636471030394477,0.9298445595758564,0.9893054024146714,0.9392860881300189,0.9121601342305389,0.7351305598604689,4,5.0,0.6129172548202184,cju2rqo702wpx0855fn7d5cxh,kvasir-seg,unet,polypseg/runs_cv/unet_seed42_fold2/best.pth,False
0.9404749227950858,0.8876381909488265,0.9009180550771784,0.9836649836576798,0.7081112241373997,0.600531547208444,4,10.072100132030588,1.2917174624036227,cju2rxm8rpbaf0993o3qr2oph,kvasir-seg,unet,polypseg/runs_cv/unet_seed42_fold2/best.pth,False
0.9836677504914736,0.9678604127411596,0.9899358477557587,0.9774785307361433,0.8435778721312968,0.5704414562347414,4,6.324555320336759,0.7733342647720532,cju2s16zp317h0799gr67jqc2,kvasir-seg,unet,polypseg/runs_cv/unet_seed42_fold2/best.pth,False
0.9675161325551377,0.9370762711765139,0.9746584398306009,0.9604777415748047,0.9251277317623736,0.7411603802597622,4,4.242640687119285,0.5195925105955691,cju2s2527pfyr0993l3h1149a,kvasir-seg,unet,polypseg/runs_cv/unet_seed42_fold2/best.pth,False
0.9200426927881141,0.8519250591149555,0.968900412361267,0.8758758259557713,0.37720609093256113,0.16583055134534125,4,42.03147708359693,5.056021581279242,cju2sevf53lkx08558h5bpaig,kvasir-seg,unet,polypseg/runs_cv/unet_seed42_fold2/best.pth,False
0.7819566385950003,0.6419776695741126,0.9984137999397561,0.6426331057430986,0.1066434135594971,0.08144656596851414,4,84.11896337925236,10.285636444526762,cju2sszfq3uye0878sucelzk2,kvasir-seg,unet,polypseg/runs_cv/unet_seed42_fold2/best.pth,False
0.9359350716548442,0.8795845504563521,0.9895928427790835,0.8877968877823457,0.8641482187851469,0.5342885309877966,4,5.830951894845301,0.7610107922391618,cju2syxa93yw40799x2iuwabz,kvasir-seg,unet,polypseg/runs_cv/unet_seed42_fold2/best.pth,False
0.9673056213613297,0.9366814048474457,0.9538696797132454,0.9811254805926151,0.9129330981610347,0.7062314040071611,4,5.0,0.6214979181666275,cju2t2ivz43i10878zeg8r1br,kvasir-seg,unet,polypseg/runs_cv/unet_seed42_fold2/best.pth,False
0.9084085630259975,0.8321873296699673,0.8365716934990378,0.993741707760298,0.5840558811658864,0.4318746569473792,4,318.02311109088566,40.90063002236154,cju2tvrvm53ws0801a0jfjdxg,kvasir-seg,unet,polypseg/runs_cv/unet_seed42_fold2/best.pth,False
0.8648818897632348,0.7619311875685217,0.9893071247391784,0.7682580183075178,0.49615984643591493,0.35572065616651755,4,52.19625443919107,6.891947509368527,cju2u4pymvc720988wsxrmi84,kvasir-seg,unet,polypseg/runs_cv/unet_seed42_fold2/best.pth,False
0.7171058244969872,0.5589750411142179,0.5634469504586954,0.9860001137617062,0.24004966602052796,0.10211080097233406,9,595.8019805270875,34.61856982670162,cju2ueb6j5ado0878vf5md13o,kvasir-seg,unet,polypseg/runs_cv/unet_seed42_fold2/best.pth,False
0.9798133804934445,0.9604256336623599,0.9829305597982078,0.9767159097758118,0.9874962034004967,0.8588390087106337,4,3.0,0.3697678258272548,cju2upu4evw7g08358guwozxv,kvasir-seg,unet,polypseg/runs_cv/unet_seed42_fold2/best.pth,False
0.9897623434733812,0.9797321819069432,0.9904886447014972,0.9890371066218985,0.8515971501205284,0.6705790670745974,4,12.0,1.5403095501046178,cju2xf8e5y2wm08359vcgk09b,kvasir-seg,unet,polypseg/runs_cv/unet_seed42_fold2/best.pth,False
0.9503540284271356,0.9054043498143066,0.9477729624902779,0.9529491907625461,0.5682796011495665,0.31689654182168914,4,32.64965543462902,4.024264034690596,cju2yi9tz8vky0801yqip0xyl,kvasir-seg,unet,polypseg/runs_cv/unet_seed42_fold2/best.pth,False
0.9475163371929392,0.9002670261558596,0.9347006890586382,0.960688300547872,0.5998836410254756,0.3603406368386827,4,289.04878035823185,35.43259699325995,cju2yv4imv6cz099314jveiib,kvasir-seg,unet,polypseg/runs_cv/unet_seed42_fold2/best.pth,False
0.9806250400508819,0.9619865884284913,0.977139208169531,0.9841358315783384,0.9252555108678944,0.7692216613551998,4,5.0,0.6417956458769241,cju2yw4s7z7p20988lmf2gdgd,kvasir-seg,unet,polypseg/runs_cv/unet_seed42_fold2/best.pth,False
0.8998777383171818,0.8179797552143618,0.9900080354947769,0.8247889783634182,0.6540025069924105,0.5456608637465259,4,77.60838279481354,9.402277499048699,cju2z6ez69g4u0801qwt088lw,kvasir-seg,unet,polypseg/runs_cv/unet_seed42_fold2/best.pth,False
0.9761156317763683,0.9533455750182621,0.9913418601351849,0.9613500538836471,0.8089056606707188,0.5298089858788503,4,23.837704126092724,2.918971357266748,cju2zgbj9zmrw0835nnlzxj4c,kvasir-seg,unet,polypseg/runs_cv/unet_seed42_fold2/best.pth,False
0.9548429971724378,0.9135880968976055,0.9988876529407752,0.9145184902239544,0.7737591708079818,0.5034656778329422,4,7.800525847404503,0.9966446656490066,cju2zr3c3vwb00993jn06bbaz,kvasir-seg,unet,polypseg/runs_cv/unet_seed42_fold2/best.pth,False
0.9283673268271805,0.8663111437975585,0.8713316892671311,0.9933928445842877,0.6856917664243233,0.4924443748419842,4,17.00440037453175,2.0811458029083223,cju2zrojo9kcd0878ld2epejq,kvasir-seg,unet,polypseg/runs_cv/unet_seed42_fold2/best.pth,False
0.9370139138362216,0.8814921719416111,0.9919210607441835,0.8878666323172122,0.6633431145867821,0.5403315965344732,4,33.54294027000112,4.038118888861803,cju306x7w05nb0835cunv799x,kvasir-seg,unet,polypseg/runs_cv/unet_seed42_fold2/best.pth,False
0.9791752654666257,0.9592001764281438,0.9723526343208423,0.9860943168040126,0.92885407481043,0.689299333846034,4,5.0,0.6118599117473807,cju30gxjq0djk0988jytm49rs,kvasir-seg,unet,polypseg/runs_cv/unet_seed42_fold2/best.pth,False
0.3717166979358469,0.2282874837963557,0.2285782958776246,0.9944578061225846,0.26178087282544127,0.23369766292576108,4,198.00719643420481,26.97325325858956,cju30u1hbakn808019g15nb8b,kvasir-seg,unet,polypseg/runs_cv/unet_seed42_fold2/best.pth,False
0.9560993116880696,0.915891063578239,0.995418271753427,0.9197685124285482,0.6713504390599712,0.4537083366428567,4,51.63523452922599,6.425773009789045,cju323ypb1fbb0988gx5rzudb,kvasir-seg,unet,polypseg/runs_cv/unet_seed42_fold2/best.pth,False
0.9552806546462165,0.9143897439007607,0.983350333977219,0.9287689964852883,0.6907511843527938,0.4298494489149396,4,12.006239186818844,1.4747142555068025,cju324q101fhe08350wae9cif,kvasir-seg,unet,polypseg/runs_cv/unet_seed42_fold2/best.pth,False
0.48478807315540784,0.31994737143138274,0.32003891050537875,0.9991068238612044,0.3971286311590738,0.22701144892109254,4,218.41251030847658,26.557956350049068,cju32qr9tbvsj08013pkpjenq,kvasir-seg,unet,polypseg/runs_cv/unet_seed42_fold2/best.pth,False
0.5826822705602122,0.4111161939606333,0.420887483900197,0.9465480014695531,0.37095115144259094,0.24298370597336516,4,189.9928934077986,23.268264215913053,cju33231uy4gi0993qc7b1jch,kvasir-seg,unet,polypseg/runs_cv/unet_seed42_fold2/best.pth,False
0.9524875795922172,0.9092852371348744,0.9416810792048309,0.9635449847740953,0.8071849317698293,0.5380605548564623,4,7.827097897638741,0.9415318859848224,cju33jon3ygbj0993pu22a4k6,kvasir-seg,unet,polypseg/runs_cv/unet_seed42_fold2/best.pth,False
0.9418292795665317,0.8900541863232821,0.9832013902202819,0.903798367049132,0.7442748498412578,0.5842883485906509,4,10.0,1.2227488346657012,cju33qpdvc9g0087825jhf3s9,kvasir-seg,unet,polypseg/runs_cv/unet_seed42_fold2/best.pth,False
0.8911511354679512,0.8036723163747213,0.9904264577750156,0.8099644128017797,0.44293568713337034,0.3792316460407033,4,14.177272711640029,1.7788521038337863,cju33x0f22peh0988g0ln7w5v,kvasir-seg,unet,polypseg/runs_cv/unet_seed42_fold2/best.pth,False
0.9545254833005472,0.9130069342234852,0.9529902032391212,0.9560657180507842,0.8422121239514905,0.6018410447402717,4,6.927050983124842,0.8605165068832451,cju33yemn2qb20988wfjxximx,kvasir-seg,unet,polypseg/runs_cv/unet_seed42_fold2/best.pth,False
0.9044726941874537,0.8256048839573299,0.8719067033238271,0.9395657726644211,0.6444088950240445,0.4750315077458828,4,25.198370475567,3.0335449118909716,cju33za6l2qy70988jhrlp2ev,kvasir-seg,unet,polypseg/runs_cv/unet_seed42_fold2/best.pth,False
0.9275255998763143,0.8648463774700312,0.9601012497992086,0.8970879526950566,0.5422882777104849,0.3996575552397617,4,30.0,3.6853535147848224,cju34m7h536wq0988xz7gx79v,kvasir-seg,unet,polypseg/runs_cv/unet_seed42_fold2/best.pth,False
0.9691891891879418,0.9402202412142228,0.9609279297647996,0.9775937272796302,0.8742760569766658,0.7479172018191708,4,40.2296463474807,4.9321633652329755,cju34sh43d8zm08019xbwhc0o,kvasir-seg,unet,polypseg/runs_cv/unet_seed42_fold2/best.pth,False
0.9200510855636268,0.8519394512691396,0.9295963662544688,0.9106998381784921,0.6032290163016745,0.3465390562940171,4,10.871206735558008,1.4113392861618768,cju357rxxdaz30878y2esjpjt,kvasir-seg,unet,polypseg/runs_cv/unet_seed42_fold2/best.pth,False
0.9636471990428946,0.9298447383486929,0.9843999695534251,0.9437513679073192,0.8813311071514949,0.6475344926955079,4,5.0,0.636880666996851,cju358pwtdby20878cg7nm0np,kvasir-seg,unet,polypseg/runs_cv/unet_seed42_fold2/best.pth,False
0.9515558076295172,0.9075884196354739,0.990472700618906,0.9155814828719775,0.6370522879994448,0.556281599907479,4,11.0,1.4152244638625564,cju35oyvd3y850988km12hdz1,kvasir-seg,unet,polypseg/runs_cv/unet_seed42_fold2/best.pth,False
0.9489938471584742,0.9029384315141747,0.9801074443561624,0.9197948777018242,0.6430677966168798,0.3303632067468818,4,16.127613389077737,1.9400117961004812,cju3ttznuftyf09875t11850w,kvasir-seg,unet,polypseg/runs_cv/unet_seed42_fold2/best.pth,False
0.9741114523895413,0.9495295124002323,0.9594858689079995,0.9891898175016886,0.8516715807678098,0.58888215707497,4,22.04991814107695,2.700434274373619,cju3tx1qyg0c907552fglumhc,kvasir-seg,unet,polypseg/runs_cv/unet_seed42_fold2/best.pth,False
0.39146969623968375,0.24337104207768526,0.9925950036537342,0.2438137117724489,0.36624585315935276,0.2877273986577024,4,312.5221171904523,38.304686985636025,cju3u1c8tfyqx08503iedc3mx,kvasir-seg,unet,polypseg/runs_cv/unet_seed42_fold2/best.pth,False
0.9761352732881775,0.9533830474100522,0.9710390086815235,0.9812853131579617,0.6583440657054058,0.4368205287045352,4,22.71966599075875,2.813398100060865,cju3u815rg4ek0850vvhtcvcm,kvasir-seg,unet,polypseg/runs_cv/unet_seed42_fold2/best.pth,False
0.9688090437929798,0.9395049849510931,0.9498892637572706,0.9884978244927659,0.6366991105908456,0.33544570511270905,4,7.211102550927978,0.882436914082421,cju3ua8u0g9rg0801uayhdxhu,kvasir-seg,unet,polypseg/runs_cv/unet_seed42_fold2/best.pth,False
0.9751897416219312,0.9515807766847783,0.9593396226402165,0.9915724076433504,0.7562304796171277,0.5292488411252932,4,15.0,1.8372904798762641,cju3v0fl3gwce0755qkjhzmd4,kvasir-seg,unet,polypseg/runs_cv/unet_seed42_fold2/best.pth,False
0.8496714277951177,0.7386336811286166,0.7453194226089798,0.9880012630236968,0.38140657377894577,0.3032075462046786,4,208.5598224804892,25.521878915392303,cju3x5u2tiihx0818914gzxy1,kvasir-seg,unet,polypseg/runs_cv/unet_seed42_fold2/best.pth,False
0.9654346278693678,0.9331789501915251,0.974417382158842,0.9566159774273838,0.7784798044039298,0.5628833837665117,4,12.0,1.4684637881937137,cju3xhpvvimda0987ygrpzni2,kvasir-seg,unet,polypseg/runs_cv/unet_seed42_fold2/best.pth,False
0.8283391370623558,0.7069785833637084,0.7206053474957774,0.9739489522462119,0.4831975899935274,0.40197553901154603,4,199.1644975557823,24.63153400280645,cju3xzvnzj0hd0755xprz39nj,kvasir-seg,unet,polypseg/runs_cv/unet_seed42_fold2/best.pth,False
0.43633311288543986,0.27904479942694627,0.295386840699989,0.8345414740898344,0.2765886365675853,0.04366521316014836,8,369.320318543201,23.318260450469364,cju3ykamdj9u208503pygyuc8,kvasir-seg,unet,polypseg/runs_cv/unet_seed42_fold2/best.pth,False
0.826430810987235,0.7042028869916471,0.9350181779659471,0.7404405187825072,0.5128895592701413,0.3480681284747693,4,49.84559555666344,6.0007393306526575,cju410dnfl0960755y8lu8d79,kvasir-seg,unet,polypseg/runs_cv/unet_seed42_fold2/best.pth,False
0.9675175694907443,0.9370789670614844,0.9546754360835255,0.9807099143158838,0.8320751119414909,0.5209169582686608,4,5.656854249492381,0.6804704272157609,cju41lojblbs307555jdci937,kvasir-seg,unet,polypseg/runs_cv/unet_seed42_fold2/best.pth,False
0.9831225544036759,0.9668053497116819,0.9864810698520816,0.9797868297696752,0.8955098115191051,0.7192607580383031,4,5.656854249492381,0.7257197890608509,cju41nz76lcxu0755cya2qefx,kvasir-seg,unet,polypseg/runs_cv/unet_seed42_fold2/best.pth,False
0.9786219444192721,0.9581387999009379,0.9797720128081503,0.9774745727921894,0.8059379497598356,0.5550829654212788,4,9.219544457292887,1.1555800202072255,cju42g865lorv07552ytz6xxa,kvasir-seg,unet,polypseg/runs_cv/unet_seed42_fold2/best.pth,False
0.9165727567246855,0.8459938241480709,0.9891684402516374,0.853904199472264,0.6784679226737746,0.5398260429263779,4,37.411181881916335,4.585351029335988,cju42romflni20817etb9a0fl,kvasir-seg,unet,polypseg/runs_cv/unet_seed42_fold2/best.pth,False
0.9363713902743113,0.880355588136918,0.8908467031397067,0.9867995274488325,0.7056589520544029,0.5443178292032258,4,18.788294228055936,2.2580225155289657,cju42tauqlo5p08171l3cuo4b,kvasir-seg,unet,polypseg/runs_cv/unet_seed42_fold2/best.pth,False
0.8677524725519079,0.7663982049116816,0.7734096216241183,0.9883094570666576,0.5458291955816278,0.4200290310803674,4,106.86533424725364,12.913355834462928,cju42wamblrqn098798r2yyok,kvasir-seg,unet,polypseg/runs_cv/unet_seed42_fold2/best.pth,False
0.8595918229194649,0.7537580317251276,0.8111496143453296,0.9141874988735054,0.5323003551865878,0.4083537786991378,4,69.81254971587647,8.536321381012929,cju439oazm2fu0871ma0vvrft,kvasir-seg,unet,polypseg/runs_cv/unet_seed42_fold2/best.pth,False
0.6220142821913976,0.45139385274658805,0.46258088144960835,0.9491482965694101,0.46031274764062396,0.2848959428614823,4,67.38430145816965,8.259046106256763,cju43kj2pm34f0850l28ahpni,kvasir-seg,unet,polypseg/runs_cv/unet_seed42_fold2/best.pth,False
0.8821174055697797,0.7890966457165306,0.8019765546948379,0.9800533196255419,0.46778948392951314,0.32579345625659606,4,44.275274964940834,5.430963087240243,cju45lbgznahl08180xz1h7u6,kvasir-seg,unet,polypseg/runs_cv/unet_seed42_fold2/best.pth,False
0.9481479256151829,0.9014080484365766,0.9751884810252899,0.9225665010203958,0.6433550213706719,0.35940737498671255,4,8.246211251235321,1.030501910813539,cju45rj7ln8980850a7821fov,kvasir-seg,unet,polypseg/runs_cv/unet_seed42_fold2/best.pth,False
0.9766071428558972,0.9542837201162742,0.9910686548591926,0.9625616011240004,0.8621995720942991,0.6231192763438533,4,8.011856133820158,0.9840882119511348,cju45t5ddnbio0987qtqzx762,kvasir-seg,unet,polypseg/runs_cv/unet_seed42_fold2/best.pth,False
0.9758386823286668,0.9528173594248424,0.9901385518079624,0.961945978209336,0.865724331625514,0.5736035198319788,4,6.215748564819405,0.812282310799475,cju45ty6zn9oz0850qy4qnck1,kvasir-seg,unet,polypseg/runs_cv/unet_seed42_fold2/best.pth,False
0.9437761982825598,0.8935380898896251,0.9633522462937089,0.9249799053235243,0.7058080308579039,0.45677773054228726,4,7.674116076876723,0.9398423135600518,cju5bwhapakm90987c1v4z46a,kvasir-seg,unet,polypseg/runs_cv/unet_seed42_fold2/best.pth,False
0.9855326227308701,0.9714778856505469,0.9898221626233984,0.9812801011158252,0.9257746110868899,0.7880306791522733,4,5.0,0.6549598892577397,cju5ccpvqash50850kb4bs22k,kvasir-seg,unet,polypseg/runs_cv/unet_seed42_fold2/best.pth,False
0.9798150043129077,0.9604287540545571,0.9744188366737017,0.9852712709057456,0.8714327417491922,0.6219168684268991,4,6.0,0.7217478802217573,cju5enq1tcn1i0755hnkon787,kvasir-seg,unet,polypseg/runs_cv/unet_seed42_fold2/best.pth,False
0.9716974565292341,0.9449528863845108,0.9912517397094452,0.9528997378755012,0.5711826686003786,0.3219309077464028,4,9.219544457292887,1.1845266288411613,cju5ew4h9cqaf0818rrczkmqh,kvasir-seg,unet,polypseg/runs_cv/unet_seed42_fold2/best.pth,False
0.9491513386799618,0.9032236264046548,0.9344846874497659,0.9642857142787569,0.716253150337557,0.6059990586084437,4,9.16208869558847,1.1865502162358714,cju5g163vd6mt0817uccuga6u,kvasir-seg,unet,polypseg/runs_cv/unet_seed42_fold2/best.pth,False
0.9843865087776374,0.969253084254384,0.9984401681326363,0.9707229858076954,0.7181370091342885,0.5815302412908687,4,38.01315561749642,4.659132737082826,cju5h57xedz5h0755mjpc8694,kvasir-seg,unet,polypseg/runs_cv/unet_seed42_fold2/best.pth,False
0.9712622088624742,0.9441299981684369,0.9855155326790831,0.9574152934582644,0.8907550886238415,0.7345900115550021,4,8.52932315254779,1.0477857019659187,cju5hl8nee8a40755fm8qjj0o,kvasir-seg,unet,polypseg/runs_cv/unet_seed42_fold2/best.pth,False
0.9684884123124031,0.9389021159554042,0.978028503559529,0.9591326390759142,0.8814391215158173,0.6398760518918741,4,5.385164807134504,0.6589015361469962,cju5hyi9yegob0755ho3do8en,kvasir-seg,unet,polypseg/runs_cv/unet_seed42_fold2/best.pth,False
0.9544550345081779,0.9128780358664005,0.9378590610855324,0.9716489399151729,0.687674381644025,0.535858569574266,4,31.575306807693888,3.87006927579168,cju5jx7jzf7c90871c2i9aiov,kvasir-seg,unet,polypseg/runs_cv/unet_seed42_fold2/best.pth,False
0.9443864147111234,0.8946326836563825,0.967047689014527,0.9227628865960356,0.642014112592169,0.35999224520434514,4,57.982756057296896,7.443106623333708,cju5nxkujgscq0817l9gss626,kvasir-seg,unet,polypseg/runs_cv/unet_seed42_fold2/best.pth,False
0.9496093232652972,0.9040534577261297,0.9983987747076134,0.9053661616104459,0.6368926561951216,0.4508266632454264,4,7.615773105863909,0.9379365219024124,cju5nyu31gv8e0871zpk74a2n,kvasir-seg,unet,polypseg/runs_cv/unet_seed42_fold2/best.pth,False
0.9649013499469001,0.9321829855515716,0.9700088425993073,0.9598473616387725,0.7204870494936529,0.5979518313027655,3,16.1245154965971,2.336027808240545,cju5o1vu9gz8a0818eyy92bns,kvasir-seg,unet,polypseg/runs_cv/unet_seed42_fold2/best.pth,False
0.9811898788430381,0.9630743339384946,0.9919574804341279,0.9706535295572828,0.6668740579889989,0.36349359503211526,4,29.299999999999955,3.5854990828396454,cju5o4pk9h0720755lgp9jq8m,kvasir-seg,unet,polypseg/runs_cv/unet_seed42_fold2/best.pth,False
0.9512791696902804,0.9070852243960277,0.99009219759199,0.9153944020239771,0.8599795641935847,0.4981166985800443,4,5.643269777374484,0.6905781095902025,cju5thdbrjp1108715xdfx356,kvasir-seg,unet,polypseg/runs_cv/unet_seed42_fold2/best.pth,False
0.46297799945689605,0.3012175488010605,0.3012175488010605,0.9999999999832971,0.10355924420971538,0.029689572134575123,4,272.91069248219816,32.82878563147973,cju5uhrdwkmsu0817ervv91l8,kvasir-seg,unet,polypseg/runs_cv/unet_seed42_fold2/best.pth,False
0.9632175832974628,0.929045060737965,0.9798866710859161,0.9471061331181373,0.8708616031590511,0.535909481607336,4,5.656854249492381,0.6929792067248245,cju5uxjnol2r509871qv2yeia,kvasir-seg,unet,polypseg/runs_cv/unet_seed42_fold2/best.pth,False
0.9415701415661022,0.8895914396815046,0.9469324359224528,0.9362682364906042,0.7958075129136153,0.5705374454478905,4,13.0,1.5906142665425407,cju5uzmaol56l0817flxh4w9p,kvasir-seg,unet,polypseg/runs_cv/unet_seed42_fold2/best.pth,False
0.9518375698396481,0.9081012087926412,0.985496618585631,0.9204017958989391,0.8036051240506932,0.4650421477768618,4,7.0,0.899359663625159,cju5v8pgplg6k0755rvi2t63h,kvasir-seg,unet,polypseg/runs_cv/unet_seed42_fold2/best.pth,False
0.7556382840536962,0.6072497043024612,0.9847681371884828,0.6130074448615465,0.542174447513021,0.26259236090712224,4,51.675398138889484,6.342163053250894,cju5wphwwlu3m0987hh3ltg88,kvasir-seg,unet,polypseg/runs_cv/unet_seed42_fold2/best.pth,False
0.9759583404593801,0.9530455439646764,0.9775002855275108,0.9744212523700675,0.800038408846615,0.5906724259162293,4,6.4031242374328485,0.8093518634585294,cju5xkwzxmf0z0818gk4xabdm,kvasir-seg,unet,polypseg/runs_cv/unet_seed42_fold2/best.pth,False
0.9284941269607272,0.8665319997986572,0.8770757492600754,0.9863167339558865,0.6486913546455219,0.4327016577082679,4,22.15962451267721,2.7181785511383283,cju5xneamme2p0801qdf7fdwv,kvasir-seg,unet,polypseg/runs_cv/unet_seed42_fold2/best.pth,False
0.9434347180965159,0.8929261014490703,0.9960838065302908,0.8960718689369731,0.6932541079796951,0.4884477645074899,4,7.615773105863909,0.9415681437384307,cju5y84q3mdv50817eyp82xf3,kvasir-seg,unet,polypseg/runs_cv/unet_seed42_fold2/best.pth,False
0.6511060849380313,0.48269628743052,0.4990848156734995,0.9363045002758293,0.4285201922157021,0.3145617652695745,4,205.0296318288576,26.342197244970222,cju5ygh1zmmdi0755uod5e17i,kvasir-seg,unet,polypseg/runs_cv/unet_seed42_fold2/best.pth,False
0.8837302649124716,0.7916816492773381,0.9966802474574215,0.7937747866747533,0.47387053702296084,0.3868805649767236,4,13.45362404707371,1.6740486540103623,cju6ut4l8va6y0755tyw3vfqq,kvasir-seg,unet,polypseg/runs_cv/unet_seed42_fold2/best.pth,False
0.9480761441873817,0.9012782997063857,0.9133556298763508,0.9855407193540412,0.4647876847248695,0.32250575966745587,3,48.176747838111126,7.5200107245274195,cju6v4szov55u0871qmqz3v8n,kvasir-seg,unet,polypseg/runs_cv/unet_seed42_fold2/best.pth,False
0.962563079449639,0.9278280542965434,0.9934593023231747,0.9335306168883826,0.5613839135964334,0.3447019653137314,4,9.848857801796104,1.2653807771021952,cju6v6g6kvdw007552x6mb0po,kvasir-seg,unet,polypseg/runs_cv/unet_seed42_fold2/best.pth,False
0.800879488189789,0.6678890739520158,0.9997336726533603,0.6680079289358379,0.24898358613983312,0.14831551179234626,4,160.3277892319357,19.635204738919843,cju6vifjlv55z0987un6y4zdo,kvasir-seg,unet,polypseg/runs_cv/unet_seed42_fold2/best.pth,False
0.9116180371320544,0.8375901735176604,0.9916134492498914,0.8435659117630346,0.7351350864793474,0.577576719220361,4,91.2274554423213,10.982558715459437,cju6vucxvvlda0755j7msqnya,kvasir-seg,unet,polypseg/runs_cv/unet_seed42_fold2/best.pth,False
0.9408762591103298,0.8883534782441833,0.99327044112086,0.8937326139307024,0.4336047994101987,0.29167139467760367,4,44.70121231491078,6.16972948703768,cju6wi3akvn8r0801px8eligc,kvasir-seg,unet,polypseg/runs_cv/unet_seed42_fold2/best.pth,False
0.9843678484661337,0.9692169029697262,0.9970283024463049,0.972024892513736,0.7857462573719124,0.5902251025793076,4,10.770329614269007,1.3188469613548373,cju6wjm81vgsc0987enk9n3pr,kvasir-seg,unet,polypseg/runs_cv/unet_seed42_fold2/best.pth,False
0.9158236894527597,0.8447184102284025,0.8685298581662547,0.9685646915990002,0.5495809374704458,0.33620152735564074,4,60.545009946364594,7.5698947299705015,cju6wuojavt740818b5qcv3iw,kvasir-seg,unet,polypseg/runs_cv/unet_seed42_fold2/best.pth,False
0.9851548784690756,0.9707440648509399,0.9986150822000854,0.9720527055808021,0.9289614318577071,0.5802323257104727,4,5.0,0.6129172548202184,cju76erapykj30871x5eaxh4q,kvasir-seg,unet,polypseg/runs_cv/unet_seed42_fold2/best.pth,False
0.9220409621335669,0.8553580699676034,0.9971219408542767,0.8574750701795293,0.483211102479768,0.35074290377723716,4,66.09727154708246,8.101299581535434,cju77afzlz3kp07550x5nafzs,kvasir-seg,unet,polypseg/runs_cv/unet_seed42_fold2/best.pth,False
0.961611176339904,0.9260607919010845,0.9925232109071048,0.9325664878182245,0.7090544142114558,0.5110349918940634,4,11.187008318073234,1.3590525055113396,cju77bvg0yv4r0987yh60xmjo,kvasir-seg,unet,polypseg/runs_cv/unet_seed42_fold2/best.pth,False
0.9624742268028433,0.927662957072343,0.9899031357713842,0.936524372878054,0.6311414906740742,0.4026365228250097,4,9.433981132056603,1.1535389435480423,cju77u1sjz77b0817ft44r3fk,kvasir-seg,unet,polypseg/runs_cv/unet_seed42_fold2/best.pth,False
0.9725958840732001,0.9466536769670633,0.9926324913292699,0.9533521629226895,0.7211451798137098,0.4842960641418362,4,7.0710678118654755,0.8992158569922295,cju784jpdzeae0987q5ypq883,kvasir-seg,unet,polypseg/runs_cv/unet_seed42_fold2/best.pth,False
0.9584790286570988,0.9202685831868264,0.9999999999963335,0.9202685831868264,0.5872884461174336,0.20785520158961043,4,7.0710678118654755,0.9292652988282405,cju785htizjzo08017tvlhtg4,kvasir-seg,unet,polypseg/runs_cv/unet_seed42_fold2/best.pth,False
0.9841310528021343,0.9687578850763419,0.9886001872636034,0.9797021434513786,0.9554286595587047,0.7633196221313606,4,4.0,0.48154620392336506,cju787jnjzjuj0871p94nck9g,kvasir-seg,unet,polypseg/runs_cv/unet_seed42_fold2/best.pth,False
0.8861239544888406,0.7955319248132291,0.9985364711333653,0.7964605902092059,0.3791985357979536,0.19515616349299675,4,28.166456458997665,3.4467851126477504,cju7agj961l2r0818z29iq8yn,kvasir-seg,unet,polypseg/runs_cv/unet_seed42_fold2/best.pth,False
0.9418475399258707,0.8900868026710339,0.9946864380537862,0.8943392033726218,0.7593111842279604,0.6374841445819442,4,18.07341402174513,2.2578330363352963,cju7b5afm1nfw0801xqm8bf8q,kvasir-seg,unet,polypseg/runs_cv/unet_seed42_fold2/best.pth,False
0.9591818098792814,0.921565186872869,0.9813612369762662,0.9379827655468634,0.5831486841912846,0.3222359596121254,4,13.892443989449804,1.6711403334141481,cju7b9vcs1luz0987ta60j1dy,kvasir-seg,unet,polypseg/runs_cv/unet_seed42_fold2/best.pth,False
0.8242705771612103,0.7010716591331153,0.7302633348556089,0.9460570791338953,0.40579435922902624,0.24771723149445107,4,78.39005038906404,9.60036121159788,cju7bc95p1mdm0817yqj5jc6j,kvasir-seg,unet,polypseg/runs_cv/unet_seed42_fold2/best.pth,False
0.9575857640782286,0.9186230685265614,0.9961830604183511,0.9218678252236874,0.6802631079072059,0.35264739585051297,4,8.756201256373043,1.1249963166522647,cju7bd1qu1mx409877xjxibox,kvasir-seg,unet,polypseg/runs_cv/unet_seed42_fold2/best.pth,False
0.9802111347476148,0.9611902700124348,0.9938949938922971,0.9668989547012805,0.8842903151660101,0.6701236637470276,4,5.830951894845301,0.7260676854248718,cju7bduyq1rjf08719giru9ho,kvasir-seg,unet,polypseg/runs_cv/unet_seed42_fold2/best.pth,False
0.9593250332920896,0.9218296432428229,0.9407598930707386,0.9786376608092902,0.6751261987973037,0.47862557586136223,4,35.35533905932738,4.542452263392874,cju7bf1lp1shi081835vs84lc,kvasir-seg,unet,polypseg/runs_cv/unet_seed42_fold2/best.pth,False
0.9454753319838345,0.8965891084961709,0.9130554788829635,0.980282203831908,0.7327996444094323,0.5493442257236912,4,27.638676078239985,3.4075215655853923,cju7bmi1v1pnj0987pa52jjok,kvasir-seg,unet,polypseg/runs_cv/unet_seed42_fold2/best.pth,False
0.9722269263294995,0.9459548525214536,0.9776907356864978,0.9668238464047926,0.9063028748867703,0.7403297699606823,4,5.0,0.6118599117473807,cju7cp6dw244p0818gncdol4m,kvasir-seg,unet,polypseg/runs_cv/unet_seed42_fold2/best.pth,False
0.9140131922354269,0.8416429975948402,0.9960954671191888,0.8444288563957026,0.490937466733497,0.3863326728026223,4,35.650265755282774,4.453153196081591,cju7crgxa28550755wbsgqkel,kvasir-seg,unet,polypseg/runs_cv/unet_seed42_fold2/best.pth,False
0.8567888329697178,0.7494580683596685,0.9945466939318411,0.7525506256633148,0.4542797413743674,0.2953815561926435,4,92.95832396604187,11.375494379609362,cju7csvlb22fr0850lvm45n3x,kvasir-seg,unet,polypseg/runs_cv/unet_seed42_fold2/best.pth,False
0.7821074740802151,0.6421810278288281,0.6442509756819601,0.995021718968727,0.365690201726577,0.23113370688257048,4,145.13624557905823,17.876891005542394,cju7d4jk723eu0817bqz2n39m,kvasir-seg,unet,polypseg/runs_cv/unet_seed42_fold2/best.pth,False
0.9332384679217889,0.8748332592230812,0.992684157412577,0.8805101812453177,0.722869642510592,0.534488465828857,4,40.20571088238019,4.83639776702779,cju7deifq2fzn0755lc8idyh8,kvasir-seg,unet,polypseg/runs_cv/unet_seed42_fold2/best.pth,False
0.9469881294663902,0.8993138215873174,0.9833856519333635,0.9131887664350288,0.787989260718495,0.4970419413879241,4,12.020761493398643,1.4459931877519658,cju7do8c72dbo0801vxfzxdc4,kvasir-seg,unet,polypseg/runs_cv/unet_seed42_fold2/best.pth,False
0.9658233750555595,0.933905632519442,0.9725009666541101,0.9592368602657375,0.5428039094099636,0.3440880412223839,4,13.0,1.5650251627509364,cju7druhp2gp308715i6km7be,kvasir-seg,unet,polypseg/runs_cv/unet_seed42_fold2/best.pth,False
0.6510422560706028,0.48262613043324337,0.9995830003092762,0.4827233214175725,0.39352975622758923,0.21186824643498156,4,109.14248500848227,13.139287335649355,cju7dxffn2eam0817qxosfwch,kvasir-seg,unet,polypseg/runs_cv/unet_seed42_fold2/best.pth,False
0.986090625263358,0.9725628836595877,0.9913607058018382,0.9808762800060562,0.7711066001769126,0.5653591293250578,4,12.0,1.4446386117700951,cju7efffp2ivf0817etg3jehl,kvasir-seg,unet,polypseg/runs_cv/unet_seed42_fold2/best.pth,False
0.977468868008702,0.9559306679544897,0.9953716222583494,0.9601987333473101,0.6417417191959048,0.4598535231328256,4,38.00986671312232,4.883820267944213,cju7ehljc2or70871261br8ai,kvasir-seg,unet,polypseg/runs_cv/unet_seed42_fold2/best.pth,False
0.9550663792071084,0.9139971766650667,0.982835123762461,0.928823659226122,0.9122219985208514,0.6954419879821634,4,7.810249675906654,1.0104213273593798,cju7ekbo32pft0871fv7kzwb9,kvasir-seg,unet,polypseg/runs_cv/unet_seed42_fold2/best.pth,False
0.9703070334885244,0.9423265624274911,0.9797296008838697,0.9610639830142809,0.6040366011286389,0.2594513371617129,4,50.424149804519224,6.228318142686399,cju7ez7r22qbc08015xfoz2wb,kvasir-seg,unet,polypseg/runs_cv/unet_seed42_fold2/best.pth,False
0.9728716302560212,0.9471762818687584,0.9935019726096919,0.9530806478490951,0.8953190989405551,0.6408169408136934,4,5.0,0.6664646844225482,cju7f0ec32txj08184asb8w5f,kvasir-seg,unet,polypseg/runs_cv/unet_seed42_fold2/best.pth,False
0.8388930179651165,0.7224941637117065,0.747603833859989,0.9555776892335102,0.6405250563942322,0.5366639362953854,4,342.30505393814303,42.24157025865367,cju7fd6yt2p740987wkr8exo1,kvasir-seg,unet,polypseg/runs_cv/unet_seed42_fold2/best.pth,False
0.8830208608389376,0.7905437352233403,0.9804726441076244,0.8031897007240826,0.5525018871033531,0.31179807404667753,4,87.07180712524674,11.186981595342376,cju7fpfzq2wyf0818xxd1oziv,kvasir-seg,unet,polypseg/runs_cv/unet_seed42_fold2/best.pth,False
0.9529028183193908,0.910042386696109,0.944524032440757,0.9614315895823251,0.5534889804555286,0.33153917463362903,4,26.31718612744704,3.449445061943137,cju7fq7mm2pw508176uk5ugtx,kvasir-seg,unet,polypseg/runs_cv/unet_seed42_fold2/best.pth,False
0.6758817852654783,0.5104391569758662,0.9912525274002527,0.5127488109911564,0.32315390984593473,0.14014823158767814,4,111.1458167438554,13.381993780544072,cju83mki1jv5w0817kubxm31r,kvasir-seg,unet,polypseg/runs_cv/unet_seed42_fold2/best.pth,False
0.8506315629263989,0.7400860642146968,0.8133139323360737,0.8915384001878477,0.5480662496978768,0.3661143913554553,4,317.4206193951065,39.09260262839502,cju84ffdzkrjn08183jh1fxmb,kvasir-seg,unet,polypseg/runs_cv/unet_seed42_fold2/best.pth,False
0.981242512594714,0.963175755491996,0.9759731003177732,0.9865691343075716,0.7793952117566825,0.5270423242385986,4,19.836822399265237,2.548633988627886,cju8567gdlcbq0801dwwyo2jt,kvasir-seg,unet,polypseg/runs_cv/unet_seed42_fold2/best.pth,False
0.49256797582783945,0.3267596600903739,0.3310591293020544,0.9617744218744273,0.5805884463634219,0.5443668577796056,4,262.0,32.730520908120525,cju85c2d4ln1b0755zz1z3onx,kvasir-seg,unet,polypseg/runs_cv/unet_seed42_fold2/best.pth,False
0.9702716555550341,0.9422598307498474,0.9942226890625758,0.9474474474355925,0.9841427142191843,0.7973225211403699,4,3.605551275463989,0.4348970870065422,cju85citjlnfm0755i4rk5tqj,kvasir-seg,unet,polypseg/runs_cv/unet_seed42_fold2/best.pth,False
0.9421511733970505,0.890629312718116,0.915065579575221,0.9708891229052888,0.7558343932865059,0.5356552500168684,4,13.863406011768427,1.7075996230243224,cju87mrypnb1e0818scv1mxxg,kvasir-seg,unet,polypseg/runs_cv/unet_seed42_fold2/best.pth,False
0.934660968405804,0.8773366418455141,0.9781445960809835,0.8948789335957573,0.6229788914282937,0.4351226340870796,4,11.004536101718724,1.3525732263062646,cju887ftknop008177nnjt46y,kvasir-seg,unet,polypseg/runs_cv/unet_seed42_fold2/best.pth,False
0.9482161413219998,0.9015313683496,0.9339132977534081,0.9629638935627454,0.6357998717177149,0.31274381974081705,4,17.46424919657298,2.2416958185740214,cju888fr7nveu0818r9uwtiit,kvasir-seg,unet,polypseg/runs_cv/unet_seed42_fold2/best.pth,False
0.9608280143281008,0.9246092346368024,0.9682737535254744,0.9534959123625987,0.849745235039348,0.5839277736401682,4,13.00768096208106,1.6712262249429437,cju88evxanv9r08176zkeovec,kvasir-seg,unet,polypseg/runs_cv/unet_seed42_fold2/best.pth,False
0.9070410845202325,0.829894950005578,0.8427633692900227,0.9819333169307156,0.4747770343062632,0.2917647030220706,4,76.17835405068992,9.605196680599986,cju88rl5eo94l0850kf5wtrm1,kvasir-seg,unet,polypseg/runs_cv/unet_seed42_fold2/best.pth,False
0.9551724856110724,0.914191550717067,0.9180345370580537,0.9954418510411457,0.7730771474677701,0.655397732241929,4,40.311288741492746,5.019198472551625,cju892fesoq2g0801n0e0jyia,kvasir-seg,unet,polypseg/runs_cv/unet_seed42_fold2/best.pth,False
0.9744380906621205,0.9501504314753992,0.9947752607635385,0.9549158066251042,0.7971083360923097,0.43275937299654715,4,9.033231082882445,1.0866192309372822,cju893jmdompz0817xn3g1w4h,kvasir-seg,unet,polypseg/runs_cv/unet_seed42_fold2/best.pth,False
0.9883639481024827,0.9769955768664204,0.9916088023652776,0.9851402609301559,0.9111060766152206,0.7215735533490916,4,6.4031242374328485,0.7907020133881212,cju8alhigqn2h0801zksudldd,kvasir-seg,unet,polypseg/runs_cv/unet_seed42_fold2/best.pth,False
0.9711377269678029,0.9438947781666907,0.9949921364084306,0.9484003313702773,0.880012104313885,0.6034277219601883,4,5.830951894845301,0.7491604192517933,cju8ando2qqdo0818ck7i1be1,kvasir-seg,unet,polypseg/runs_cv/unet_seed42_fold2/best.pth,False
0.9805856050757528,0.9619106910380839,0.9885131008782723,0.9727842486307049,0.8920822785862315,0.6794605077910888,3,4.0,0.5747808740049742,cju8apjewqrk00801k5d71gky,kvasir-seg,unet,polypseg/runs_cv/unet_seed42_fold2/best.pth,False
0.9746160794897262,0.9504889436970267,0.9936452385246486,0.9563020740918604,0.995835036150717,0.7769291492072442,4,3.1622776601683795,0.3938995701378504,cju8axq24r4an0755yhv9d4ly,kvasir-seg,unet,polypseg/runs_cv/unet_seed42_fold2/best.pth,False
0.8925095041112399,0.8058845718535957,0.9999999999906384,0.8058845718535957,0.43399995023120574,0.22565756597941294,4,17.0,2.123030475898084,cju8ayeq7r1fb0818z1junacy,kvasir-seg,unet,polypseg/runs_cv/unet_seed42_fold2/best.pth,False
0.9741081201497775,0.9495231800567472,0.9762547325483424,0.9719709270838708,0.7845009999323623,0.6636667292140768,4,13.0,1.7036603248804771,cju8azmhcr66e0755t61atz72,kvasir-seg,unet,polypseg/runs_cv/unet_seed42_fold2/best.pth,False
0.9832202784713893,0.9669943820213401,0.9799316823216387,0.9865310216351596,0.8305380769160712,0.505676766332178,4,38.16743964005268,4.594846418035383,cju8b1v3br45u087189kku66u,kvasir-seg,unet,polypseg/runs_cv/unet_seed42_fold2/best.pth,False
0.915249201511865,0.8437414406954002,0.9999999999918844,0.8437414406954002,0.5696968446682474,0.25528032775422926,4,14.866068747318506,1.8588904330920668,cju8b5p40r2c60987ofa0mu03,kvasir-seg,unet,polypseg/runs_cv/unet_seed42_fold2/best.pth,False
0.7747688467856659,0.6323450434255591,0.6376946924128083,0.9869071360415419,0.4129854671640222,0.21703218187914952,4,82.96142967328666,11.18406683608974,cju8b8yair65w09878pyqtr96,kvasir-seg,unet,polypseg/runs_cv/unet_seed42_fold2/best.pth,False
0.9637356784255824,0.9300095143306285,0.9958079134404433,0.9336648990470958,0.5055022574566027,0.31875780633386663,4,16.76305461424021,2.0548730833123012,cju8bljw9rqk20801kr54akrl,kvasir-seg,unet,polypseg/runs_cv/unet_seed42_fold2/best.pth,False
0.9530005608471508,0.9102206985117824,0.9186851210973325,0.9899790258565604,0.7772655769225897,0.5873538052691504,4,5.830951894845301,0.7141116011551318,cju8brv16rx7f0818uf5n89pv,kvasir-seg,unet,polypseg/runs_cv/unet_seed42_fold2/best.pth,False
0.9792896526185251,0.9594197365891212,0.96817936666737,0.9906578895482859,0.8503228558463902,0.5637483191958372,4,7.0710678118654755,0.9090894064650328,cju8bysfgrzkl081786jwac09,kvasir-seg,unet,polypseg/runs_cv/unet_seed42_fold2/best.pth,False
0.8574849128975263,0.7505239296858556,0.9989184265941835,0.7511343206910785,0.31903711702555715,0.2176219989878913,4,62.00806399170998,7.471713379015519,cju8c1a0ws7o208181c6lbsom,kvasir-seg,unet,polypseg/runs_cv/unet_seed42_fold2/best.pth,False
0.8432635036086118,0.729002245748533,0.7463806794380331,0.9690495228946435,0.385892840455029,0.24353832352448357,4,124.5768836815209,15.842694936839203,cju8c2rqzs5t80850d0zky5dy,kvasir-seg,unet,polypseg/runs_cv/unet_seed42_fold2/best.pth,False
0.9824865954543791,0.9655760711016054,0.9841536951311621,0.9808251341654158,0.9588973536571769,0.7087341673391823,4,4.0,0.5193386382718979,cju8c9akjsdjj0850s67uzlxq,kvasir-seg,unet,polypseg/runs_cv/unet_seed42_fold2/best.pth,False
0.9840549828167422,0.9686104721937298,0.9820975375517705,0.9860202465372311,0.9610211784637784,0.6829705893703394,4,4.0,0.4811652534811715,cju8cdeazsm8h0801jxifmzur,kvasir-seg,unet,polypseg/runs_cv/unet_seed42_fold2/best.pth,False
0.9312856081202314,0.8714073799288762,0.8925925925841158,0.9734852407977888,0.796019482498749,0.7004194055386231,4,23.194827009486403,2.8463424528780563,cju8cgi2kspp308011nxdtjp6,kvasir-seg,unet,polypseg/runs_cv/unet_seed42_fold2/best.pth,False
0.9736985630477903,0.9487452009610031,0.9894360621598628,0.9584538522198298,0.8377624961281804,0.7083320505046887,4,12.320488498517205,1.4832211167356097,cju8czvnztbf40871b4m7t78w,kvasir-seg,unet,polypseg/runs_cv/unet_seed42_fold2/best.pth,False
0.9780089612185425,0.9569643217074038,0.9694711047560354,0.986698534758419,0.7933945191894864,0.567037666756703,4,6.708203932499369,0.8202448541163477,cju8d4jgatgpj0871q2ophhkm,kvasir-seg,unet,polypseg/runs_cv/unet_seed42_fold2/best.pth,False
0.948564101719546,0.9021606578878016,0.9056437943345294,0.9957549611699887,0.6160748028407435,0.529123162941513,4,16.278820596099706,2.012614960800072,cju8djdqztu6408506pzhlo18,kvasir-seg,unet,polypseg/runs_cv/unet_seed42_fold2/best.pth,False
0.9591785497939144,0.921559168101305,0.9500199044357862,0.96851550153661,0.6014547434258731,0.24669479695584082,9,119.71951534908318,6.95620111578781,cju8dqkrqu83i0818ev74qpxq,kvasir-seg,unet,polypseg/runs_cv/unet_seed42_fold2/best.pth,False
0.9334929362540666,0.875280593993746,0.9938658898633301,0.8800347222200395,0.7204133677920975,0.5962560137236641,5,39.058915538947865,4.236095677088069,cjyzkmjy8evns070165gf9dmq,kvasir-seg,unet,polypseg/runs_cv/unet_seed42_fold2/best.pth,False
0.9408401304303492,0.8882890651933627,0.8892092541421112,0.9988363749180637,0.6030890002568572,0.3208834557865462,5,64.5243912730868,6.997928415757159,ck2395w2mb4vu07480otsu6tw,kvasir-seg,unet,polypseg/runs_cv/unet_seed42_fold2/best.pth,False
0.9445386292051812,0.8949059201417227,0.9030390738008507,0.9900361743923968,0.7954303538481213,0.6193760438952935,5,16.582959187244203,1.7984882774424642,ck2bxlujamu330725szlc2jdu,kvasir-seg,unet,polypseg/runs_cv/unet_seed42_fold2/best.pth,False
0.6578177727765528,0.4901106268836318,0.8621553884648226,0.531781394923471,0.3496810294053743,0.221092965540969,4,132.85848078552047,16.260371643664964,ck2bxpfgxu2mk0748gsh7xelu,kvasir-seg,unet,polypseg/runs_cv/unet_seed42_fold2/best.pth,False
0.8245227100392014,0.7014365288730493,0.9936046511545381,0.7046177406013392,0.6427306519679721,0.6427306519679721,2,42.80186911806539,8.917056066263623,1,cvc-clinicdb,unet,polypseg/runs_cv/unet_seed42_fold2/best.pth,False
0.8453640815010414,0.7321477428140512,0.9990293436795413,0.7326689300146059,0.48241092579171296,0.48241092579171296,2,64.69670476215778,13.47848015878287,10,cvc-clinicdb,unet,polypseg/runs_cv/unet_seed42_fold2/best.pth,False
0.9752192677086507,0.9516370058286695,0.9795832750527258,0.9708939708805143,0.8903223824474508,0.8903223824474508,2,2.8284271247461903,0.5892556509887896,100,cvc-clinicdb,unet,polypseg/runs_cv/unet_seed42_fold2/best.pth,False
0.9564435307660514,0.9165230238744579,0.9618813800108298,0.9510668199699621,0.6423580527532832,0.6423580527532832,2,4.0,0.8333333333333334,101,cvc-clinicdb,unet,polypseg/runs_cv/unet_seed42_fold2/best.pth,False
0.9658381134419003,0.9339331936283257,0.9655919459543062,0.9660844064647955,0.695457437188366,0.695457437188366,2,3.605551275463989,0.7511565157216644,102,cvc-clinicdb,unet,polypseg/runs_cv/unet_seed42_fold2/best.pth,False
0.9735449735398735,0.9484536082377415,0.9656032422221177,0.9816184238222943,0.8237974569762861,0.8237974569762861,2,3.7041634565979917,0.7717007201245816,103,cvc-clinicdb,unet,polypseg/runs_cv/unet_seed42_fold2/best.pth,False
0.9314100462574895,0.8716253067843494,0.9009866102825864,0.9639598884041019,0.35092272230027294,0.35092272230027294,2,8.0,1.6666666666666667,104,cvc-clinicdb,unet,polypseg/runs_cv/unet_seed42_fold2/best.pth,False
0.9534117061611201,0.910971116124385,0.9643284051527881,0.9427394058617212,0.44886361757690807,0.44886361757690807,2,8.046693311223912,1.676394439838315,105,cvc-clinicdb,unet,polypseg/runs_cv/unet_seed42_fold2/best.pth,False
0.7732006577527798,0.6302584547660829,0.9880387930928012,0.6351042460300955,0.29729478191259495,0.29729478191259495,2,71.73977325704104,14.945786095216882,106,cvc-clinicdb,unet,polypseg/runs_cv/unet_seed42_fold2/best.pth,False
0.9156703724679772,0.8444575793359804,0.9395012393093252,0.893018559472579,0.4152800461663573,0.4152800461663573,2,31.0,6.458333333333333,107,cvc-clinicdb,unet,polypseg/runs_cv/unet_seed42_fold2/best.pth,False
0.8857071781948487,0.7948603462777454,0.9775472849238709,0.8096417201434654,0.5697954595835498,0.5697954595835498,2,52.33449153653223,10.90301907011088,108,cvc-clinicdb,unet,polypseg/runs_cv/unet_seed42_fold2/best.pth,False
0.8614275678786187,0.7565856537327292,0.9689432458364096,0.7753890141267092,0.49662960309698545,0.49662960309698545,2,59.262539374642785,12.346362369717246,109,cvc-clinicdb,unet,polypseg/runs_cv/unet_seed42_fold2/best.pth,False
0.5831030398713656,0.41153524658449964,0.9587173828254094,0.41895955068690666,0.3440958343127779,0.3440958343127779,2,70.5705197990716,14.702191624806584,11,cvc-clinicdb,unet,polypseg/runs_cv/unet_seed42_fold2/best.pth,False
0.8731507027853552,0.7748602274888187,0.9727008712440818,0.7920854518907726,0.3514122152926156,0.3514122152926156,2,56.72228774652338,11.817143280525704,110,cvc-clinicdb,unet,polypseg/runs_cv/unet_seed42_fold2/best.pth,False
0.8767111493739201,0.7804859354611002,0.9776305683516818,0.7946776962666041,0.3567607213702453,0.3567607213702453,2,56.47551618606341,11.76573253876321,111,cvc-clinicdb,unet,polypseg/runs_cv/unet_seed42_fold2/best.pth,False
0.8884482538039136,0.7992864541343488,0.9847339067918294,0.8093147917930029,0.5079816063159968,0.5079816063159968,2,52.18471641330308,10.871815919438141,112,cvc-clinicdb,unet,polypseg/runs_cv/unet_seed42_fold2/best.pth,False
0.8927997971754991,0.8063580506018152,0.9871980563426286,0.8148790929044125,0.49699938083368583,0.49699938083368583,2,46.659718112385356,9.720774606746948,113,cvc-clinicdb,unet,polypseg/runs_cv/unet_seed42_fold2/best.pth,False
0.9546984777500097,0.9133235314677822,0.9436145972695446,0.9660458399638389,0.3553615460112259,0.3553615460112259,2,9.486832980505138,1.976423537605237,114,cvc-clinicdb,unet,polypseg/runs_cv/unet_seed42_fold2/best.pth,False
0.5088601415645162,0.3412558109059042,0.9267425319892115,0.35071664086972126,0.2668176657023326,0.2668176657023326,2,178.04886735217332,37.093514031702775,115,cvc-clinicdb,unet,polypseg/runs_cv/unet_seed42_fold2/best.pth,False
0.5260751935790369,0.35692132413217975,0.982917901325032,0.3591490987812295,0.34446159931796755,0.34446159931796755,2,172.15921632404297,35.866503400842284,116,cvc-clinicdb,unet,polypseg/runs_cv/unet_seed42_fold2/best.pth,False
0.5327272727244239,0.36307311028235967,0.9828334648582708,0.365390258213282,0.35972731485119896,0.35972731485119896,2,172.1509341322564,35.86477794422009,117,cvc-clinicdb,unet,polypseg/runs_cv/unet_seed42_fold2/best.pth,False
0.29445297083811417,0.1726442987519434,0.9933431952295362,0.1728442728431606,0.15028161645859173,0.15028161645859173,2,198.4813498684995,41.35028122260406,118,cvc-clinicdb,unet,polypseg/runs_cv/unet_seed42_fold2/best.pth,False
0.47258026716385876,0.3093977752181864,0.9570479354305399,0.31375447331325845,0.26088730497631607,0.26088730497631607,2,182.12138558778662,37.94195533078888,119,cvc-clinicdb,unet,polypseg/runs_cv/unet_seed42_fold2/best.pth,False
0.9625535165102962,0.9278102840278691,0.9894214875992172,0.9371061797936006,0.5738295838739164,0.5738295838739164,2,8.099048448885892,1.6873017601845608,12,cvc-clinicdb,unet,polypseg/runs_cv/unet_seed42_fold2/best.pth,False
0.5168218229031529,0.34845565481200175,0.9658520796089035,0.35280208086809645,0.1816679993912227,0.1816679993912227,2,170.48900115851782,35.518541908024545,120,cvc-clinicdb,unet,polypseg/runs_cv/unet_seed42_fold2/best.pth,False
0.5054925969323716,0.33823358512296203,0.9802963960764518,0.34054876264938544,0.21178197494132067,0.21178197494132067,2,182.21457130751432,37.96136902239881,121,cvc-clinicdb,unet,polypseg/runs_cv/unet_seed42_fold2/best.pth,False
0.0,0.0,0.0,0.0,0.0,0.0,2,,,122,cvc-clinicdb,unet,polypseg/runs_cv/unet_seed42_fold2/best.pth,False
0.7428687690712396,0.5909238039710564,0.9913119026825443,0.5940001301451552,0.29535593984063024,0.29535593984063024,2,124.06846253148169,25.84759636072535,123,cvc-clinicdb,unet,polypseg/runs_cv/unet_seed42_fold2/best.pth,False
0.6532647846545785,0.48507292095055515,0.6806081211066739,0.6280336214003313,0.18383187048206107,0.18383187048206107,2,211.84663878001612,44.13471641250336,124,cvc-clinicdb,unet,polypseg/runs_cv/unet_seed42_fold2/best.pth,False
0.8670313378617298,0.7652738922410858,0.9241499563979495,0.8165623495347466,0.46186447024352406,0.46186447024352406,2,44.04543109109048,9.176131477310516,125,cvc-clinicdb,unet,polypseg/runs_cv/unet_seed42_fold2/best.pth,False
0.8715596330229275,0.7723577235700181,0.9808924756589023,0.7841555977155202,0.6647552488265858,0.6647552488265858,2,52.15792985686193,10.866235386846235,126,cvc-clinicdb,unet,polypseg/runs_cv/unet_seed42_fold2/best.pth,False
0.9609160594212083,0.9247723132800588,0.9324150596706627,0.9912143693676062,0.761103183776408,0.761103183776408,2,4.656888370749709,0.9701850772395226,127,cvc-clinicdb,unet,polypseg/runs_cv/unet_seed42_fold2/best.pth,False
0.9722688403982076,0.9460342146042607,0.95961508122796,0.9852607709590985,0.9066001264934214,0.9066001264934214,2,2.23606797749979,0.4658474953124562,128,cvc-clinicdb,unet,polypseg/runs_cv/unet_seed42_fold2/best.pth,False
0.975368842204455,0.95192190358814,0.9647538956101317,0.986219974703082,0.9138380701044791,0.9138380701044791,2,2.23606797749979,0.4658474953124562,129,cvc-clinicdb,unet,polypseg/runs_cv/unet_seed42_fold2/best.pth,False
0.9590571169502844,0.9213350055677164,0.9737113401990153,0.9448374419368,0.640882923171271,0.640882923171271,2,6.4031242374328485,1.3339842161318434,13,cvc-clinicdb,unet,polypseg/runs_cv/unet_seed42_fold2/best.pth,False
0.9653446647735346,0.9330108606285205,0.9364294219938039,0.9961025041313835,0.6088947772577719,0.6088947772577719,2,3.605551275463989,0.7511565157216644,130,cvc-clinicdb,unet,polypseg/runs_cv/unet_seed42_fold2/best.pth,False
0.9710917765882164,0.9438079650759791,0.9609331605169326,0.981467473515682,0.6891675787099443,0.6891675787099443,2,3.1622776601683795,0.6588078458684125,131,cvc-clinicdb,unet,polypseg/runs_cv/unet_seed42_fold2/best.pth,False
0.9714661160036467,0.9445154225051193,0.9777064046669619,0.9653049803960958,0.9225805951633741,0.9225805951633741,2,2.23606797749979,0.4658474953124562,132,cvc-clinicdb,unet,polypseg/runs_cv/unet_seed42_fold2/best.pth,False
0.9732079143628075,0.947814000493457,0.9712546937592742,0.9751690067475928,0.8535405862538266,0.8535405862538266,2,3.0,0.625,133,cvc-clinicdb,unet,polypseg/runs_cv/unet_seed42_fold2/best.pth,False
0.974582834605544,0.9504257072102386,0.9774043214097246,0.9717775905508035,0.9329654181386208,0.9329654181386208,2,2.23606797749979,0.4658474953124562,134,cvc-clinicdb,unet,polypseg/runs_cv/unet_seed42_fold2/best.pth,False
0.9750157331624448,0.9512494627558712,0.9714697767684256,0.978587670534496,0.7888918893014693,0.7888918893014693,2,28.635642126552707,5.965758776365147,135,cvc-clinicdb,unet,polypseg/runs_cv/unet_seed42_fold2/best.pth,False
0.9705160605026169,0.9427209335353441,0.9536457208597592,0.9879940342953915,0.7864209476135905,0.7864209476135905,2,7.742182876391689,1.6129547659149353,136,cvc-clinicdb,unet,polypseg/runs_cv/unet_seed42_fold2/best.pth,False
0.9759473373239262,0.9530245590823057,0.9614233455191101,0.9909168808826827,0.8514742779887112,0.8514742779887112,2,6.0,1.25,137,cvc-clinicdb,unet,polypseg/runs_cv/unet_seed42_fold2/best.pth,False
0.9785313222476645,0.9579650786755876,0.9677173498776868,0.9895897121806514,0.782442329797531,0.782442329797531,2,4.47213595499958,0.9316949906249123,138,cvc-clinicdb,unet,polypseg/runs_cv/unet_seed42_fold2/best.pth,False
0.9816456002688225,0.9639528248004376,0.9689292542974717,0.994700166841718,0.7956869851057164,0.7956869851057164,2,3.1622776601683795,0.6588078458684125,139,cvc-clinicdb,unet,polypseg/runs_cv/unet_seed42_fold2/best.pth,False
0.2620879325072952,0.1508062101700064,0.9509169363281846,0.15198930988339157,0.2778552139599339,0.2778552139599339,2,143.02794669300883,29.79748889437684,14,cvc-clinicdb,unet,polypseg/runs_cv/unet_seed42_fold2/best.pth,False
0.9883824843588823,0.9770318021159311,0.9823656845711336,0.9944734418132616,0.9026294839215779,0.9026294839215779,2,3.1622776601683795,0.6588078458684125,140,cvc-clinicdb,unet,polypseg/runs_cv/unet_seed42_fold2/best.pth,False
0.9757630473263381,0.9526731531987908,0.9889494985008307,0.9629236199124047,0.6557835465982728,0.6557835465982728,2,7.0710678118654755,1.473139127471974,141,cvc-clinicdb,unet,polypseg/runs_cv/unet_seed42_fold2/best.pth,False
0.9737068018906871,0.9487608450338529,0.9553396536826947,0.9927940398119416,0.6451157130986767,0.6451157130986767,2,6.324555320336759,1.317615691736825,142,cvc-clinicdb,unet,polypseg/runs_cv/unet_seed42_fold2/best.pth,False
0.9526759961440798,0.90962872295166,0.9279916753188764,0.9787093941839616,0.7413308847689407,0.7413308847689407,2,5.0,1.0416666666666667,143,cvc-clinicdb,unet,polypseg/runs_cv/unet_seed42_fold2/best.pth,False
0.980568011955215,0.9618768328389332,0.9675516224131707,0.99393939393337,0.8541044905953337,0.8541044905953337,2,4.0,0.8333333333333334,144,cvc-clinicdb,unet,polypseg/runs_cv/unet_seed42_fold2/best.pth,False
0.9836518330415973,0.9678295932636403,0.9876996019099713,0.9796371057141225,0.8428310444637503,0.8428310444637503,2,3.0,0.625,145,cvc-clinicdb,unet,polypseg/runs_cv/unet_seed42_fold2/best.pth,False
0.9821080681618064,0.9648451249517562,0.9871258158857208,0.9771410747661654,0.7963550267179429,0.7963550267179429,2,3.605551275463989,0.7511565157216644,146,cvc-clinicdb,unet,polypseg/runs_cv/unet_seed42_fold2/best.pth,False
0.9819909402239826,0.964619057948306,0.9771328056216861,0.9868976237990458,0.9123777664841548,0.9123777664841548,2,2.9914213562373075,0.6232127825494391,147,cvc-clinicdb,unet,polypseg/runs_cv/unet_seed42_fold2/best.pth,False
0.9707902930807553,0.943238570870695,0.951647286812484,0.9907192575306091,0.8428186234859291,0.8428186234859291,2,4.123105625617661,0.858980338670346,148,cvc-clinicdb,unet,polypseg/runs_cv/unet_seed42_fold2/best.pth,False
0.9792185301386556,0.9592832149193162,0.9742623303793424,0.9842254133922516,0.907620654245222,0.907620654245222,2,2.23606797749979,0.4658474953124562,149,cvc-clinicdb,unet,polypseg/runs_cv/unet_seed42_fold2/best.pth,False
0.4637418266178786,0.30186451382513146,0.9826584428266499,0.30348121359273533,0.32513035604231416,0.32513035604231416,2,160.48675667559178,33.43474097408162,15,cvc-clinicdb,unet,polypseg/runs_cv/unet_seed42_fold2/best.pth,False
0.9713689579171706,0.9443317556801404,0.9567302203338653,0.9864626250619604,0.8404373960280044,0.8404373960280044,2,3.0,0.625,150,cvc-clinicdb,unet,polypseg/runs_cv/unet_seed42_fold2/best.pth,False
0.9682939104107534,0.9385365853527731,0.9550418380236131,0.9819189267864987,0.8279356943528224,0.8279356943528224,2,3.0,0.625,151,cvc-clinicdb,unet,polypseg/runs_cv/unet_seed42_fold2/best.pth,False
0.9617874190863924,0.926387752149986,0.9961174095304854,0.9297448782328481,0.4492878456683788,0.4492878456683788,2,5.656854249492381,1.1785113019775793,152,cvc-clinicdb,unet,polypseg/runs_cv/unet_seed42_fold2/best.pth,False
0.9549744700529554,0.9138288421540742,0.9340193704459138,0.9768914213204037,0.6896801010017338,0.6896801010017338,2,4.47213595499958,0.9316949906249123,153,cvc-clinicdb,unet,polypseg/runs_cv/unet_seed42_fold2/best.pth,False
0.025285338015359347,0.01280455272963179,0.014131501471754043,0.11999999998000001,0.11538457393215246,0.11538457393215246,2,87.65728479749983,18.261934332812466,154,cvc-clinicdb,unet,polypseg/runs_cv/unet_seed42_fold2/best.pth,False
0.12025942618313444,0.06397660818638623,0.07374949440375153,0.3255952380758574,0.1381143073067873,0.1381143073067873,2,105.25289824813663,21.927687135028464,155,cvc-clinicdb,unet,polypseg/runs_cv/unet_seed42_fold2/best.pth,False
0.6287644648844335,0.45853863087893343,0.4744034707106897,0.9320264223112715,0.49564113326848813,0.49564113326848813,2,115.0,23.958333333333332,156,cvc-clinicdb,unet,polypseg/runs_cv/unet_seed42_fold2/best.pth,False
0.8052022788697404,0.6739235141058286,0.7084556961953573,0.9325513196356632,0.44205268284880683,0.44205268284880683,2,124.21553539944131,25.878236541550272,157,cvc-clinicdb,unet,polypseg/runs_cv/unet_seed42_fold2/best.pth,False
0.9608383893992185,0.9246284500865259,0.9525371828313094,0.969285555286684,0.883812382101978,0.883812382101978,2,2.23606797749979,0.4658474953124562,158,cvc-clinicdb,unet,polypseg/runs_cv/unet_seed42_fold2/best.pth,False
0.9518304431337234,0.9080882352464239,0.9473972602220604,0.9563053096816202,0.9038461038646477,0.9038461038646477,2,2.5026295937606635,0.5213811653668049,159,cvc-clinicdb,unet,polypseg/runs_cv/unet_seed42_fold2/best.pth,False
0.900813905360044,0.819528112439514,0.9886449659199297,0.8273153426982477,0.6071428071508055,0.6071428071508055,2,15.556349186104045,3.240906080438343,16,cvc-clinicdb,unet,polypseg/runs_cv/unet_seed42_fold2/best.pth,False
0.9631145074856302,0.9288532961823485,0.9523979531006497,0.9740749756453982,0.7818850516176561,0.7818850516176561,2,3.246049894151513,0.6762603946148985,160,cvc-clinicdb,unet,polypseg/runs_cv/unet_seed42_fold2/best.pth,False
0.9471896232095863,0.8996773247022682,0.9257470570200499,0.9696490673104758,0.7850741731089861,0.7850741731089861,2,3.0,0.625,161,cvc-clinicdb,unet,polypseg/runs_cv/unet_seed42_fold2/best.pth,False
0.9673986649804837,0.936855911543248,0.9556574923364745,0.9794319294617154,0.8948863136379805,0.8948863136379805,2,2.23606797749979,0.4658474953124562,162,cvc-clinicdb,unet,polypseg/runs_cv/unet_seed42_fold2/best.pth,False
0.31056238113831447,0.18382589429230667,0.18394421598360827,0.9965129794460188,0.392217305868804,0.392217305868804,2,172.30995425023906,35.89790713546647,163,cvc-clinicdb,unet,polypseg/runs_cv/unet_seed42_fold2/best.pth,False
0.9446274509655745,0.895065398308708,0.9374221668450368,0.9519443565933625,0.7509386233417586,0.7509386233417586,2,3.605551275463989,0.7511565157216644,164,cvc-clinicdb,unet,polypseg/runs_cv/unet_seed42_fold2/best.pth,False
0.9445789615217609,0.8949783328970816,0.9336524398227144,0.9557642575070673,0.5189364747699443,0.5189364747699443,2,4.4985291572495765,0.9371935744269951,165,cvc-clinicdb,unet,polypseg/runs_cv/unet_seed42_fold2/best.pth,False
0.9730648891241118,0.9475427208776322,0.9705563093491105,0.9755864702540155,0.9339407244898091,0.9339407244898091,2,2.23606797749979,0.4658474953124562,166,cvc-clinicdb,unet,polypseg/runs_cv/unet_seed42_fold2/best.pth,False
0.970095864916725,0.9419283133942227,0.9724612736381968,0.9677419354562449,0.9534281518116511,0.9534281518116511,2,2.0,0.4166666666666667,167,cvc-clinicdb,unet,polypseg/runs_cv/unet_seed42_fold2/best.pth,False
0.9701103309832486,0.9419555901647457,0.9643070787444804,0.9759838546725331,0.911906934643819,0.911906934643819,2,2.23606797749979,0.4658474953124562,168,cvc-clinicdb,unet,polypseg/runs_cv/unet_seed42_fold2/best.pth,False
0.9741405536889706,0.9495848161187784,0.9801040709981619,0.9682491684159624,0.9198358067235953,0.9198358067235953,2,2.23606797749979,0.4658474953124562,169,cvc-clinicdb,unet,polypseg/runs_cv/unet_seed42_fold2/best.pth,False
0.7324611541524516,0.5778609125487483,0.9968883254466187,0.5789050997150388,0.4207147559110083,0.4207147559110083,2,49.65430469660884,10.344646811793508,17,cvc-clinicdb,unet,polypseg/runs_cv/unet_seed42_fold2/best.pth,False
0.9703264094852656,0.9423631123725327,0.9599496749641445,0.9809299335551548,0.8893083457179394,0.8893083457179394,2,2.23606797749979,0.4658474953124562,170,cvc-clinicdb,unet,polypseg/runs_cv/unet_seed42_fold2/best.pth,False
0.5159206741660396,0.3476368582091286,0.34980156014540986,0.982510090313617,0.5061501079027179,0.5061501079027179,2,200.62141380967535,41.7961278770157,171,cvc-clinicdb,unet,polypseg/runs_cv/unet_seed42_fold2/best.pth,False
0.948182266804603,0.9014701282170325,0.9716790289625193,0.9257950529737939,0.7469334413326532,0.7469334413326532,2,3.0,0.625,172,cvc-clinicdb,unet,polypseg/runs_cv/unet_seed42_fold2/best.pth,False
0.9620550856995972,0.9268845315823364,0.9479500891181109,0.9765861720597135,0.6348377817156549,0.6348377817156549,2,5.830951894845301,1.2147816447594377,173,cvc-clinicdb,unet,polypseg/runs_cv/unet_seed42_fold2/best.pth,False
0.7264335395341952,0.5703931142066221,0.5772796739654749,0.9795142190251576,0.3356843438319415,0.3356843438319415,2,59.135437767890075,12.319882868310431,174,cvc-clinicdb,unet,polypseg/runs_cv/unet_seed42_fold2/best.pth,False
0.9737578260257967,0.9488577362347556,0.9850424471029171,0.9627288291784358,0.8085355516721409,0.8085355516721409,2,6.708203932499369,1.3975424859373686,175,cvc-clinicdb,unet,polypseg/runs_cv/unet_seed42_fold2/best.pth,False
0.7957614403576027,0.6608004983613103,0.6625201686323712,0.9960873307692614,0.4110744651927488,0.4110744651927488,2,55.325308835407874,11.526106007376642,176,cvc-clinicdb,unet,polypseg/runs_cv/unet_seed42_fold2/best.pth,False
0.8990228012978826,0.8165680473289474,0.8336631600788077,0.9755027422184581,0.49372465880158883,0.49372465880158883,2,25.0,5.208333333333333,177,cvc-clinicdb,unet,polypseg/runs_cv/unet_seed42_fold2/best.pth,False
0.784458834340013,0.645357686355349,0.645357686355349,0.9999999997641509,0.41359581411505375,0.41359581411505375,2,4.277064977301327,0.8910552036044431,178,cvc-clinicdb,unet,polypseg/runs_cv/unet_seed42_fold2/best.pth,False
0.7062846362373978,0.5459351075365305,0.546233813595728,0.9989993328552702,0.3925509776229107,0.3925509776229107,2,214.22686514354777,44.63059690490579,179,cvc-clinicdb,unet,polypseg/runs_cv/unet_seed42_fold2/best.pth,False
0.9469500759089624,0.8992451869994127,0.9875197913664197,0.9095822252645656,0.6189039692525166,0.6189039692525166,2,10.0,2.0833333333333335,18,cvc-clinicdb,unet,polypseg/runs_cv/unet_seed42_fold2/best.pth,False
0.9235695391768959,0.8579927573497674,0.8749670271465322,0.977889150914567,0.6234990549711363,0.6234990549711363,2,7.0,1.4583333333333333,180,cvc-clinicdb,unet,polypseg/runs_cv/unet_seed42_fold2/best.pth,False
0.9303212556706716,0.8697202413365409,0.8800999167116265,0.9866210329500118,0.6876252005253027,0.6876252005253027,2,5.507425056195546,1.1473802200407386,181,cvc-clinicdb,unet,polypseg/runs_cv/unet_seed42_fold2/best.pth,False
0.9387132556719535,0.8845048340505748,0.914123683475179,0.9646622969232072,0.7133757461966037,0.7133757461966037,2,6.4183782221861785,1.3371621296221206,182,cvc-clinicdb,unet,polypseg/runs_cv/unet_seed42_fold2/best.pth,False
0.9392233289888953,0.8854109961653399,0.8887978141833662,0.9957147229569724,0.7291608233910196,0.7291608233910196,2,6.324555320336759,1.317615691736825,183,cvc-clinicdb,unet,polypseg/runs_cv/unet_seed42_fold2/best.pth,False
0.9476407914619842,0.9004917558316318,0.9131710178670235,0.9848149319523943,0.7817956674428976,0.7817956674428976,2,6.0,1.25,184,cvc-clinicdb,unet,polypseg/runs_cv/unet_seed42_fold2/best.pth,False
0.9526638938309302,0.9096066565637366,0.924111431298288,0.983036991600592,0.6787042838587197,0.6787042838587197,2,3.940832691319585,0.8210068106915802,185,cvc-clinicdb,unet,polypseg/runs_cv/unet_seed42_fold2/best.pth,False
0.9723891012745167,0.9462619581794465,0.9613630909411882,0.983670963769384,0.8645795836700082,0.8645795836700082,2,4.0,0.8333333333333334,186,cvc-clinicdb,unet,polypseg/runs_cv/unet_seed42_fold2/best.pth,False
0.9630765691462633,0.9287827244421772,0.9692082111362154,0.9570220223961211,0.6249802802194604,0.6249802802194604,2,7.211102550927978,1.5023130314433288,187,cvc-clinicdb,unet,polypseg/runs_cv/unet_seed42_fold2/best.pth,False
0.9740735092230667,0.9494574104285011,0.9827665794662043,0.965532879811296,0.7492903946547311,0.7492903946547311,2,4.0,0.8333333333333334,188,cvc-clinicdb,unet,polypseg/runs_cv/unet_seed42_fold2/best.pth,False
0.9415800625472547,0.8896091515559655,0.98066414457796,0.9054919464213955,0.6040688075999071,0.6040688075999071,2,4.242640687119285,0.8838834764831843,189,cvc-clinicdb,unet,polypseg/runs_cv/unet_seed42_fold2/best.pth,False
0.5023507849210999,0.3354261998492315,0.8998001712689152,0.34844130002018325,0.2951395504211129,0.2951395504211129,2,73.68174807915459,15.350364183157206,19,cvc-clinicdb,unet,polypseg/runs_cv/unet_seed42_fold2/best.pth,False
0.9655576725638934,0.9334088976782826,0.9572798604778472,0.9739798935253111,0.9625462206578485,0.9625462206578485,2,2.0,0.4166666666666667,190,cvc-clinicdb,unet,polypseg/runs_cv/unet_seed42_fold2/best.pth,False
0.8918814928475614,0.804861111055218,0.8701201200547958,0.9147592738030971,0.5479816045881154,0.5479816045881154,2,4.242640687119285,0.8838834764831843,191,cvc-clinicdb,unet,polypseg/runs_cv/unet_seed42_fold2/best.pth,False
0.9133208254816766,0.8404696132016249,0.9942810456704018,0.8445523941121059,0.7048192271156952,0.7048192271156952,2,5.0,1.0416666666666667,192,cvc-clinicdb,unet,polypseg/runs_cv/unet_seed42_fold2/best.pth,False
0.9352917824347898,0.8784489186846216,0.8823970037122698,0.9949324323904167,0.7239067486099074,0.7239067486099074,2,5.656854249492381,1.1785113019775793,193,cvc-clinicdb,unet,polypseg/runs_cv/unet_seed42_fold2/best.pth,False
0.9732124024364773,0.9478225143601515,0.983585589405594,0.9630557294726977,0.9326892922038288,0.9326892922038288,2,2.23606797749979,0.4658474953124562,194,cvc-clinicdb,unet,polypseg/runs_cv/unet_seed42_fold2/best.pth,False
0.9763779527447634,0.9538461538248864,0.9691889442462803,0.9836744078872459,0.9370743421565719,0.9370743421565719,2,2.23606797749979,0.4658474953124562,195,cvc-clinicdb,unet,polypseg/runs_cv/unet_seed42_fold2/best.pth,False
0.9581076599871989,0.9195841289853685,0.9288469781198275,0.9892718557181176,0.7859656251565396,0.7859656251565396,2,2.9914213562373075,0.6232127825494391,196,cvc-clinicdb,unet,polypseg/runs_cv/unet_seed42_fold2/best.pth,False
0.9602993140619382,0.9236305477624225,0.9411285393982252,0.9802673456189207,0.8151685546868035,0.8151685546868035,2,3.0,0.625,197,cvc-clinicdb,unet,polypseg/runs_cv/unet_seed42_fold2/best.pth,False
0.9612874184001655,0.9254604550178666,0.9656341849205148,0.9569796101062743,0.8289775490852138,0.8289775490852138,2,4.242640687119285,0.8838834764831843,198,cvc-clinicdb,unet,polypseg/runs_cv/unet_seed42_fold2/best.pth,False
0.963228699540771,0.9290657439245444,0.9441758241550731,0.9830663615335683,0.828497693393047,0.828497693393047,2,2.8284271247461903,0.5892556509887896,199,cvc-clinicdb,unet,polypseg/runs_cv/unet_seed42_fold2/best.pth,False
0.8737398242469304,0.7757886171041319,0.9783291078052738,0.7893532047497109,0.6272476916806072,0.6272476916806072,2,38.11818068247723,7.941287642182757,2,cvc-clinicdb,unet,polypseg/runs_cv/unet_seed42_fold2/best.pth,False
0.40380208775182974,0.2529774564001862,0.8682481751666379,0.26307641269344756,0.21372323647042046,0.21372323647042046,2,92.43105217959872,19.256469204083068,20,cvc-clinicdb,unet,polypseg/runs_cv/unet_seed42_fold2/best.pth,False
0.5920311379668542,0.42048595954881063,0.4216823520798009,0.9932978174773449,0.22361121886398616,0.22361121886398616,2,86.351023370248,17.989796535468333,200,cvc-clinicdb,unet,polypseg/runs_cv/unet_seed42_fold2/best.pth,False
0.5413705946848139,0.37115019943522426,0.37644249900267646,0.963503649618681,0.17651817725071042,0.17651817725071042,2,60.28591041883444,12.559564670590508,201,cvc-clinicdb,unet,polypseg/runs_cv/unet_seed42_fold2/best.pth,False
0.5337402175491768,0.36401477005462224,0.3648721399706267,0.9935862195163353,0.21945377537007296,0.21945377537007296,2,103.90279606771745,21.646415847441133,202,cvc-clinicdb,unet,polypseg/runs_cv/unet_seed42_fold2/best.pth,False
0.5057471264342207,0.3384615384592446,0.3384615384592446,0.999999999979976,0.06112789718504509,0.06112789718504509,2,95.118339156982,19.816320657704583,203,cvc-clinicdb,unet,polypseg/runs_cv/unet_seed42_fold2/best.pth,False
0.017171147458687905,0.008659924146595069,0.011014632577496264,0.03893151463373312,0.02758194732011923,0.02758194732011923,2,123.94050094489381,25.820937696852877,204,cvc-clinicdb,unet,polypseg/runs_cv/unet_seed42_fold2/best.pth,False
0.2237986782652287,0.1259984865041369,0.12615760228941675,0.9900891971922666,0.09763685615853704,0.09763685615853704,2,154.9201346580229,32.275028053754774,205,cvc-clinicdb,unet,polypseg/runs_cv/unet_seed42_fold2/best.pth,False
0.7666169509061239,0.6215562565654936,0.8722148443135279,0.683826931968026,0.2930105872178557,0.2930105872178557,2,133.34836369984842,27.780909104135088,206,cvc-clinicdb,unet,polypseg/runs_cv/unet_seed42_fold2/best.pth,False
0.7173762307535891,0.5593037085029807,0.907543859633201,0.5930979133158324,0.2917703356513064,0.2917703356513064,2,162.7530654605566,33.90688863761596,207,cvc-clinicdb,unet,polypseg/runs_cv/unet_seed42_fold2/best.pth,False
0.33810888251503135,0.203448275857392,0.8186864014043768,0.21304766489617122,0.1676813696990466,0.1676813696990466,2,130.10986853549994,27.106222611562487,208,cvc-clinicdb,unet,polypseg/runs_cv/unet_seed42_fold2/best.pth,False
0.6973305954682273,0.5353089533248642,0.8323529411356689,0.5999999999787986,0.3303184742801392,0.3303184742801392,2,61.25885934799055,12.762262364164696,209,cvc-clinicdb,unet,polypseg/runs_cv/unet_seed42_fold2/best.pth,False
0.6041594373872715,0.43282840001182393,0.9778343567397196,0.4371171291787329,0.450102473877731,0.450102473877731,2,105.95989363541986,22.07497784071247,21,cvc-clinicdb,unet,polypseg/runs_cv/unet_seed42_fold2/best.pth,False
0.7628909109909782,0.6166723030077218,0.9237120713189619,0.6497648232588021,0.30826828267659,0.30826828267659,2,143.68357926812982,29.93407901419371,210,cvc-clinicdb,unet,polypseg/runs_cv/unet_seed42_fold2/best.pth,False
0.7672261363924615,0.6223575621138516,0.9378200438854969,0.6491438040846569,0.2997572467540714,0.2997572467540714,2,163.5657220965979,34.0761921034579,211,cvc-clinicdb,unet,polypseg/runs_cv/unet_seed42_fold2/best.pth,False
0.7956293825284375,0.6606183935297009,0.948004542497177,0.6854545454505252,0.38323252437071803,0.38323252437071803,2,169.52579677333108,35.31787432777731,212,cvc-clinicdb,unet,polypseg/runs_cv/unet_seed42_fold2/best.pth,False
0.8541531749519269,0.7454339936894198,0.9532141498596179,0.7737433617341376,0.486027971621543,0.486027971621543,2,130.2251601223476,27.130241692155753,213,cvc-clinicdb,unet,polypseg/runs_cv/unet_seed42_fold2/best.pth,False
0.8814530570433284,0.7880340316458875,0.9645056544511867,0.8115696250159076,0.5139237521344535,0.5139237521344535,2,110.39784410908477,22.99955085605933,214,cvc-clinicdb,unet,polypseg/runs_cv/unet_seed42_fold2/best.pth,False
0.9711996948265725,0.9440118650264737,0.9489377562341693,0.9945312499902877,0.8177693967069285,0.8177693967069285,2,3.0,0.625,215,cvc-clinicdb,unet,polypseg/runs_cv/unet_seed42_fold2/best.pth,False
0.9127422098630233,0.8394901541685277,0.9308564658011944,0.8953194953122073,0.4897865011514917,0.4897865011514917,2,60.584571376660485,12.621785703470936,216,cvc-clinicdb,unet,polypseg/runs_cv/unet_seed42_fold2/best.pth,False
0.9631190727038851,0.9288617886100198,0.9370354549257834,0.990696414045789,0.6133736086987254,0.6133736086987254,2,4.0,0.8333333333333334,217,cvc-clinicdb,unet,polypseg/runs_cv/unet_seed42_fold2/best.pth,False
0.9599999999946218,0.9230769230669782,0.9281767955700554,0.9940828402251527,0.6887990971109285,0.6887990971109285,2,5.0,1.0416666666666667,218,cvc-clinicdb,unet,polypseg/runs_cv/unet_seed42_fold2/best.pth,False
0.9153324679005096,0.8438829787121824,0.9322755986347543,0.898994191799136,0.6618796510812844,0.6618796510812844,2,48.007624184842086,10.001588371842102,219,cvc-clinicdb,unet,polypseg/runs_cv/unet_seed42_fold2/best.pth,False
0.23093446144222385,0.13054036518652232,0.9523938328245551,0.13139775716953445,0.0917426490123545,0.0917426490123545,2,205.89997543911016,42.895828216481284,22,cvc-clinicdb,unet,polypseg/runs_cv/unet_seed42_fold2/best.pth,False
0.965987739757109,0.9342130426289116,0.943961352638764,0.9890666126546048,0.8643471274563634,0.8643471274563634,2,3.0,0.625,220,cvc-clinicdb,unet,polypseg/runs_cv/unet_seed42_fold2/best.pth,False
0.9236539624812624,0.8581384891893404,0.9066508313323837,0.9413070283368359,0.6144814984415483,0.6144814984415483,2,27.44794952745035,5.718322818218823,221,cvc-clinicdb,unet,polypseg/runs_cv/unet_seed42_fold2/best.pth,False
0.9423840153148709,0.8910455486311841,0.8926626911876416,0.997971014463827,0.7266905570268686,0.7266905570268686,2,3.0,0.625,222,cvc-clinicdb,unet,polypseg/runs_cv/unet_seed42_fold2/best.pth,False
0.9421890689866277,0.8906970436427801,0.906431134393971,0.9808841098870704,0.7418474192539324,0.7418474192539324,2,3.605551275463989,0.7511565157216644,223,cvc-clinicdb,unet,polypseg/runs_cv/unet_seed42_fold2/best.pth,False
0.9528267914844648,0.9099037138614201,0.9206680584230805,0.9873134327989809,0.857759981420746,0.857759981420746,2,3.7436083290515794,0.7799184018857458,224,cvc-clinicdb,unet,polypseg/runs_cv/unet_seed42_fold2/best.pth,False
0.9521489971210294,0.9086683073309088,0.9136651085808726,0.9940173496561766,0.8525332078559636,0.8525332078559636,2,3.0,0.625,225,cvc-clinicdb,unet,polypseg/runs_cv/unet_seed42_fold2/best.pth,False
0.942549699061257,0.8913418419991145,0.9005053144990328,0.9887124545439313,0.7114845438693159,0.7114845438693159,2,7.615773105863909,1.5866193970549811,226,cvc-clinicdb,unet,polypseg/runs_cv/unet_seed42_fold2/best.pth,False
0.9384687646635593,0.8840707964340982,0.886162034273029,0.9973377703495063,0.7112749212375405,0.7112749212375405,2,5.0,1.0416666666666667,227,cvc-clinicdb,unet,polypseg/runs_cv/unet_seed42_fold2/best.pth,False
0.869468890387904,0.7690800217662592,0.9051768323820454,0.8364712847739908,0.28919486564077496,0.28919486564077496,2,26.659662983335828,5.554096454861631,228,cvc-clinicdb,unet,polypseg/runs_cv/unet_seed42_fold2/best.pth,False
0.8166213879919941,0.6900761765554619,0.8531802347974045,0.7830669034839186,0.19298011725374375,0.19298011725374375,2,40.965564437074626,8.534492591057214,229,cvc-clinicdb,unet,polypseg/runs_cv/unet_seed42_fold2/best.pth,False
0.9067082556896485,0.8293378783918287,0.9967048136394144,0.8316180568425353,0.5238572548890291,0.5238572548890291,2,33.0,6.875,23,cvc-clinicdb,unet,polypseg/runs_cv/unet_seed42_fold2/best.pth,False
0.8078822829635939,0.677686667531443,0.9502372551347472,0.7026224641235094,0.307624960226474,0.307624960226474,2,63.58615571111997,13.247115773149995,230,cvc-clinicdb,unet,polypseg/runs_cv/unet_seed42_fold2/best.pth,False
0.8475387420212867,0.7354162546928247,0.9360684621134151,0.7743077243349245,0.28132740031208503,0.28132740031208503,2,61.40906900948231,12.793556043642148,231,cvc-clinicdb,unet,polypseg/runs_cv/unet_seed42_fold2/best.pth,False
0.8688805203670322,0.7681598062911723,0.9788920056032335,0.781097868050019,0.3889685574997284,0.3889685574997284,2,33.294059129963095,6.936262318742311,232,cvc-clinicdb,unet,polypseg/runs_cv/unet_seed42_fold2/best.pth,False
0.8944253025859339,0.8090139044227318,0.9714066397942083,0.828749181396918,0.3677480402686616,0.3677480402686616,2,29.701841493441798,6.187883644467041,233,cvc-clinicdb,unet,polypseg/runs_cv/unet_seed42_fold2/best.pth,False
0.903943643423188,0.8247236905284435,0.9665610700389541,0.848945773815316,0.5288279436550061,0.5288279436550061,2,29.244402477144153,6.092583849405032,234,cvc-clinicdb,unet,polypseg/runs_cv/unet_seed42_fold2/best.pth,False
0.8398871119441584,0.7239701589314046,0.907464628387482,0.7816768228564707,0.20867954373995665,0.20867954373995665,2,33.421549934136806,6.962822902945168,235,cvc-clinicdb,unet,polypseg/runs_cv/unet_seed42_fold2/best.pth,False
0.941291759461286,0.8890945809416939,0.9721225503636753,0.9123564458948937,0.5251808423586621,0.5251808423586621,2,11.625698365721679,2.422020492858683,236,cvc-clinicdb,unet,polypseg/runs_cv/unet_seed42_fold2/best.pth,False
0.8970890596223458,0.8133830455205823,0.8924214152368851,0.9018057872151584,0.3994640162930371,0.3994640162930371,2,30.524354740000433,6.359240570833424,237,cvc-clinicdb,unet,polypseg/runs_cv/unet_seed42_fold2/best.pth,False
0.9457821966717966,0.8971411729966317,0.9690409868605726,0.9236137449675823,0.6650979092073649,0.6650979092073649,2,29.1847101898221,6.0801479562129375,238,cvc-clinicdb,unet,polypseg/runs_cv/unet_seed42_fold2/best.pth,False
0.9508959739316154,0.906388642406785,0.9815037232686243,0.922139471895568,0.662658521281202,0.662658521281202,2,17.0,3.5416666666666665,239,cvc-clinicdb,unet,polypseg/runs_cv/unet_seed42_fold2/best.pth,False
0.8350525941337592,0.716815703377462,0.9860194407717147,0.7241759210262463,0.6223776957265001,0.6223776957265001,2,40.0,8.333333333333334,24,cvc-clinicdb,unet,polypseg/runs_cv/unet_seed42_fold2/best.pth,False
0.8935369535689252,0.8075614964738783,0.9999999999902056,0.8075614964738783,0.46403893160680343,0.46403893160680343,2,45.91181194377214,9.564960821619197,240,cvc-clinicdb,unet,polypseg/runs_cv/unet_seed42_fold2/best.pth,False
0.9040182896078427,0.8248479705782431,0.9813241356020751,0.8380028735571982,0.5180676747431584,0.5180676747431584,2,39.53980653156535,8.237459694076113,241,cvc-clinicdb,unet,polypseg/runs_cv/unet_seed42_fold2/best.pth,False
0.794033118923434,0.658420335900602,0.9928131416724524,0.6615735461751305,0.18878499760958567,0.18878499760958567,2,46.93549682104337,9.778228504384035,242,cvc-clinicdb,unet,polypseg/runs_cv/unet_seed42_fold2/best.pth,False
0.8856425239587593,0.7947562097442984,0.921493333323504,0.8524768107277236,0.47959163668267135,0.47959163668267135,2,42.190046219457976,8.789592962387077,243,cvc-clinicdb,unet,polypseg/runs_cv/unet_seed42_fold2/best.pth,False
0.8940041652916035,0.8083250743230096,0.9234601449170803,0.8663692372969367,0.5252721268401465,0.5252721268401465,2,40.0,8.333333333333334,244,cvc-clinicdb,unet,polypseg/runs_cv/unet_seed42_fold2/best.pth,False
0.9123035795728479,0.8387483515065489,0.936044955834412,0.8897367416903251,0.5657822931079816,0.5657822931079816,2,25.017992805754247,5.2120818345321345,245,cvc-clinicdb,unet,polypseg/runs_cv/unet_seed42_fold2/best.pth,False
0.7342880251166359,0.5801383250595389,0.8850785640453598,0.627398373978639,0.3344775014234825,0.3344775014234825,2,64.68883773617027,13.476841195035473,246,cvc-clinicdb,unet,polypseg/runs_cv/unet_seed42_fold2/best.pth,False
0.8529583211860501,0.743615804848535,0.9405431463848581,0.7802959605333936,0.30726100973323417,0.30726100973323417,2,50.67859443943361,10.558040508215335,247,cvc-clinicdb,unet,polypseg/runs_cv/unet_seed42_fold2/best.pth,False
0.8458433562977704,0.7328670340487998,0.9295635809577062,0.7759575104669661,0.4366871511176334,0.4366871511176334,2,54.002201760744654,11.250458700155137,248,cvc-clinicdb,unet,polypseg/runs_cv/unet_seed42_fold2/best.pth,False
0.8888466111729424,0.7999315127061044,0.9027147135455249,0.8753981637542121,0.5145343412293524,0.5145343412293524,2,24.0,5.0,249,cvc-clinicdb,unet,polypseg/runs_cv/unet_seed42_fold2/best.pth,False
0.15337043908444584,0.08305425318135011,0.9948088720860121,0.08309026409128283,0.2652522691192478,0.2652522691192478,2,228.51583493728697,47.607465611934785,25,cvc-clinicdb,unet,polypseg/runs_cv/unet_seed42_fold2/best.pth,False
0.8844716783695288,0.7928724544409353,0.8969384661928166,0.8723466981046349,0.46044288026547325,0.46044288026547325,2,27.34380669738247,5.696626395288015,250,cvc-clinicdb,unet,polypseg/runs_cv/unet_seed42_fold2/best.pth,False
0.8288158839995505,0.7076734329611011,0.8658569868877476,0.7948139796969208,0.4407312736590758,0.4407312736590758,2,39.04032505092556,8.133401052276158,251,cvc-clinicdb,unet,polypseg/runs_cv/unet_seed42_fold2/best.pth,False
0.8659767362261974,0.7636322497868343,0.8410166957318629,0.8924636403623405,0.3970275687002889,0.3970275687002889,2,31.571097984955085,6.577312080198976,252,cvc-clinicdb,unet,polypseg/runs_cv/unet_seed42_fold2/best.pth,False
0.950244630564412,0.9052057824436953,0.9729156053618062,0.9286061588293006,0.595949872833276,0.595949872833276,2,17.72004514666935,3.6916760722227813,253,cvc-clinicdb,unet,polypseg/runs_cv/unet_seed42_fold2/best.pth,False
0.72191084804169,0.5648360655714556,0.9356415478551552,0.5876684291293379,0.18577349248741906,0.18577349248741906,2,123.98790263570072,25.830813049104318,254,cvc-clinicdb,unet,polypseg/runs_cv/unet_seed42_fold2/best.pth,False
0.9514605861893833,0.9074151850253982,0.9857548413211712,0.9194722905195788,0.7309397820587831,0.7309397820587831,2,19.74585500828821,4.113719793393377,255,cvc-clinicdb,unet,polypseg/runs_cv/unet_seed42_fold2/best.pth,False
0.8118895074025525,0.6833451202232879,0.9910256410192883,0.6876000711586568,0.35861695461864557,0.35861695461864557,2,58.07147733700423,12.098224445209215,256,cvc-clinicdb,unet,polypseg/runs_cv/unet_seed42_fold2/best.pth,False
0.9092667453223162,0.8336288835266221,0.945342664088862,0.875843052498879,0.36840823750483365,0.36840823750483365,2,30.737457846483945,6.403637051350822,257,cvc-clinicdb,unet,polypseg/runs_cv/unet_seed42_fold2/best.pth,False
0.9553225534761762,0.9144665242415475,0.9547195219418646,0.9559263472761306,0.6248875281807653,0.6248875281807653,2,12.041594578792296,2.5086655372483952,258,cvc-clinicdb,unet,polypseg/runs_cv/unet_seed42_fold2/best.pth,False
0.8195425293431523,0.6942584122807324,0.9879707112913297,0.7001770931975612,0.4422051111173546,0.4422051111173546,2,36.910082416960336,7.689600503533403,259,cvc-clinicdb,unet,polypseg/runs_cv/unet_seed42_fold2/best.pth,False
0.8908754623646463,0.8032240132960965,0.8090705486669053,0.9910836762008859,0.6757843425988468,0.6757843425988468,2,7.211102550927978,1.5023130314433288,26,cvc-clinicdb,unet,polypseg/runs_cv/unet_seed42_fold2/best.pth,False
0.8166622317888274,0.6901345108111937,0.9718463929934259,0.7042136003308126,0.4246715838261518,0.4246715838261518,2,66.05753520853027,13.76198650177714,260,cvc-clinicdb,unet,polypseg/runs_cv/unet_seed42_fold2/best.pth,False
0.864091409400744,0.760705057213175,0.9865948533753046,0.768649757549568,0.5170134803787838,0.5170134803787838,2,29.54534945436087,6.155281136325182,261,cvc-clinicdb,unet,polypseg/runs_cv/unet_seed42_fold2/best.pth,False
0.9227826086924424,0.8566354536593048,0.9762290256036485,0.8748845798649592,0.5614340278327874,0.5614340278327874,2,18.841273561475706,3.9252653253074388,262,cvc-clinicdb,unet,polypseg/runs_cv/unet_seed42_fold2/best.pth,False
0.7989278420660358,0.6651788877033993,0.770031985559173,0.8300769162688526,0.5078126283186456,0.5078126283186456,2,85.62788002547663,17.839141671974296,263,cvc-clinicdb,unet,polypseg/runs_cv/unet_seed42_fold2/best.pth,False
0.8428523149693751,0.7283878504644533,0.9827667734934967,0.7378116124931452,0.44515577791105837,0.44515577791105837,2,59.290377816673775,12.35216204514037,264,cvc-clinicdb,unet,polypseg/runs_cv/unet_seed42_fold2/best.pth,False
0.9032394217560341,0.8235520492560187,0.981201283810265,0.8367546432029843,0.4915635046164837,0.4915635046164837,2,44.3151284129422,9.23231841936296,265,cvc-clinicdb,unet,polypseg/runs_cv/unet_seed42_fold2/best.pth,False
0.9262131449613671,0.8625670361070341,0.9498799165284071,0.9036970446083691,0.49574463085469045,0.49574463085469045,2,27.586228448267445,5.747130926722384,266,cvc-clinicdb,unet,polypseg/runs_cv/unet_seed42_fold2/best.pth,False
0.9207194128534002,0.853086235237119,0.9472810753944388,0.8956066945559853,0.5411391915967927,0.5411391915967927,2,32.0,6.666666666666667,267,cvc-clinicdb,unet,polypseg/runs_cv/unet_seed42_fold2/best.pth,False
0.8373366752516017,0.7201884306730001,0.9842326367996932,0.7285945072668474,0.20407466460257562,0.20407466460257562,2,27.849421585229717,5.8019628302561905,268,cvc-clinicdb,unet,polypseg/runs_cv/unet_seed42_fold2/best.pth,False
0.7242347655127624,0.5676865507342742,0.9917323591521655,0.570385933868349,0.30346339185284965,0.30346339185284965,2,40.496913462633174,8.43685697138191,269,cvc-clinicdb,unet,polypseg/runs_cv/unet_seed42_fold2/best.pth,False
0.9408723747676617,0.8883465527218825,0.9071651089777467,0.9771812079881086,0.8749999500000029,0.8749999500000029,2,3.0,0.625,27,cvc-clinicdb,unet,polypseg/runs_cv/unet_seed42_fold2/best.pth,False
0.7240580247468971,0.5674693981309524,0.711948596424025,0.7365865157909637,0.36672110057865615,0.36672110057865615,2,58.7834719845827,12.246556663454728,270,cvc-clinicdb,unet,polypseg/runs_cv/unet_seed42_fold2/best.pth,False
0.9217809867612806,0.8549107142828661,0.9785311165307408,0.8712525039864487,0.600156259736912,0.600156259736912,2,46.423033236856845,9.67146525767851,271,cvc-clinicdb,unet,polypseg/runs_cv/unet_seed42_fold2/best.pth,False
0.8985137229857778,0.8157284768189411,0.966362655679885,0.839567180708189,0.5303687511396694,0.5303687511396694,2,57.74751417054228,12.030732118862975,272,cvc-clinicdb,unet,polypseg/runs_cv/unet_seed42_fold2/best.pth,False
0.8944714790139408,0.8090894644817763,0.9780253553554435,0.8240701777074934,0.5590521549401543,0.5590521549401543,2,53.16760843455283,11.07658509053184,273,cvc-clinicdb,unet,polypseg/runs_cv/unet_seed42_fold2/best.pth,False
0.9163024655711779,0.8455334043498842,0.9876982151710598,0.8545325909721784,0.5325064371459619,0.5325064371459619,2,24.186773244895647,5.038911092686593,274,cvc-clinicdb,unet,polypseg/runs_cv/unet_seed42_fold2/best.pth,False
0.868735799715204,0.7679336086976849,0.9795533642644066,0.7804436570870351,0.45349273829255915,0.45349273829255915,2,30.37418478327181,6.3279551631816275,275,cvc-clinicdb,unet,polypseg/runs_cv/unet_seed42_fold2/best.pth,False
0.9155703092559848,0.8442873863291425,0.9914886868207259,0.8504511857758561,0.568256082896122,0.568256082896122,2,53.116683789008974,11.06597578937687,276,cvc-clinicdb,unet,polypseg/runs_cv/unet_seed42_fold2/best.pth,False
0.892985428665222,0.8066609526092404,0.9208190649177384,0.8667850799232498,0.40612511654722866,0.40612511654722866,2,42.53931820983686,8.862357960382678,277,cvc-clinicdb,unet,polypseg/runs_cv/unet_seed42_fold2/best.pth,False
0.9249775381643087,0.8604262431734048,0.9913336542613707,0.8669473683845497,0.707769915806536,0.707769915806536,2,5.0,1.0416666666666667,278,cvc-clinicdb,unet,polypseg/runs_cv/unet_seed42_fold2/best.pth,False
0.9365287399188068,0.8806338027858932,0.961553248713512,0.9127737225944244,0.7050437824192757,0.7050437824192757,2,5.0,1.0416666666666667,279,cvc-clinicdb,unet,polypseg/runs_cv/unet_seed42_fold2/best.pth,False
0.9392395139038385,0.8854397634667298,0.9052896725212773,0.9758349171605801,0.7010621654781156,0.7010621654781156,2,5.0,1.0416666666666667,28,cvc-clinicdb,unet,polypseg/runs_cv/unet_seed42_fold2/best.pth,False
0.9551876044211577,0.9142192497553295,0.9249779346594593,0.9874371858986358,0.8461717209721333,0.8461717209721333,2,4.0,0.8333333333333334,280,cvc-clinicdb,unet,polypseg/runs_cv/unet_seed42_fold2/best.pth,False
0.9476495726369171,0.9005076141903425,0.9249217935108206,0.9715224534235618,0.7830197343485117,0.7830197343485117,2,5.0,1.0416666666666667,281,cvc-clinicdb,unet,polypseg/runs_cv/unet_seed42_fold2/best.pth,False
0.9734621499208334,0.9482964021694473,0.9757293454038801,0.9712054660573156,0.9757533612110283,0.9757533612110283,2,2.0,0.4166666666666667,282,cvc-clinicdb,unet,polypseg/runs_cv/unet_seed42_fold2/best.pth,False
0.9630909764107753,0.9288095237874093,0.9672700222919101,0.9589478859154634,0.8766858844895912,0.8766858844895912,2,2.8284271247461903,0.5892556509887896,283,cvc-clinicdb,unet,polypseg/runs_cv/unet_seed42_fold2/best.pth,False
0.8351107465021177,0.7169014084338756,0.7228402366692819,0.9886694722891335,0.5376343588854248,0.5376343588854248,2,17.313069675367295,3.6068895157015195,284,cvc-clinicdb,unet,polypseg/runs_cv/unet_seed42_fold2/best.pth,False
0.5361036498614623,0.36621694548984113,0.36621694548984113,0.9999999999705276,0.2007173871258973,0.2007173871258973,2,72.26340573556219,15.05487619490879,285,cvc-clinicdb,unet,polypseg/runs_cv/unet_seed42_fold2/best.pth,False
0.8858491707918429,0.7950890916819842,0.806835722143179,0.9820182501078364,0.6137493072001893,0.6137493072001893,2,13.0,2.7083333333333335,286,cvc-clinicdb,unet,polypseg/runs_cv/unet_seed42_fold2/best.pth,False
0.9030806020410314,0.8232880225487744,0.8911715713245094,0.9153122326514026,0.5086172579218932,0.5086172579218932,2,7.644944591370316,1.592696789868816,287,cvc-clinicdb,unet,polypseg/runs_cv/unet_seed42_fold2/best.pth,False
0.9409858203789199,0.8885488395590782,0.9423857181243607,0.9395900754870661,0.674293367895195,0.674293367895195,2,4.0,0.8333333333333334,288,cvc-clinicdb,unet,polypseg/runs_cv/unet_seed42_fold2/best.pth,False
0.9588153632429613,0.9208888888616034,0.9592592592296525,0.9583718778612899,0.8019259005230106,0.8019259005230106,2,3.605551275463989,0.7511565157216644,289,cvc-clinicdb,unet,polypseg/runs_cv/unet_seed42_fold2/best.pth,False
0.9602494154218878,0.9235382308647775,0.9479006374819103,0.9729241877036795,0.7724648361470143,0.7724648361470143,2,3.1622776601683795,0.6588078458684125,29,cvc-clinicdb,unet,polypseg/runs_cv/unet_seed42_fold2/best.pth,False
0.9661016948896689,0.9344262294603265,0.9661016948640836,0.9661016948640836,0.9949746968338392,0.9949746968338392,2,2.0,0.4166666666666667,290,cvc-clinicdb,unet,polypseg/runs_cv/unet_seed42_fold2/best.pth,False
0.9126092384234517,0.8392652123513624,0.9414037346464003,0.885523924840368,0.7224334100825549,0.7224334100825549,2,7.0710678118654755,1.473139127471974,291,cvc-clinicdb,unet,polypseg/runs_cv/unet_seed42_fold2/best.pth,False
0.7316552250079077,0.5768583112682979,0.5783888084761605,0.9954337899130165,0.2580644724245652,0.2580644724245652,2,50.98086253830756,10.621013028814076,292,cvc-clinicdb,unet,polypseg/runs_cv/unet_seed42_fold2/best.pth,False
0.9526884739442273,0.9096514745064437,0.9733218588361067,0.9329117404197715,0.8184458877965426,0.8184458877965426,2,4.656888370749709,0.9701850772395226,293,cvc-clinicdb,unet,polypseg/runs_cv/unet_seed42_fold2/best.pth,False
0.9821735111450921,0.9649714582001824,0.9838624338364058,0.9804903769844321,0.9681190551529023,0.9681190551529023,2,2.0,0.4166666666666667,294,cvc-clinicdb,unet,polypseg/runs_cv/unet_seed42_fold2/best.pth,False
0.9545961002652563,0.9131361577161435,0.9493074791980801,0.9599439775641473,0.8094447997721071,0.8094447997721071,2,3.1622776601683795,0.6588078458684125,295,cvc-clinicdb,unet,polypseg/runs_cv/unet_seed42_fold2/best.pth,False
0.9444745885161064,0.8947909526766693,0.9358422938732673,0.9532676158834149,0.8375154242556767,0.8375154242556767,2,3.1622776601683795,0.6588078458684125,296,cvc-clinicdb,unet,polypseg/runs_cv/unet_seed42_fold2/best.pth,False
0.9413484377682926,0.8891957196793513,0.9750189250198706,0.9099258212324294,0.7898104149778087,0.7898104149778087,2,4.0,0.8333333333333334,297,cvc-clinicdb,unet,polypseg/runs_cv/unet_seed42_fold2/best.pth,False
0.9374560786996372,0.8822751322621653,0.995522388043192,0.8857901726296917,0.6436593293069152,0.6436593293069152,2,11.71946491518363,2.4415551906632564,298,cvc-clinicdb,unet,polypseg/runs_cv/unet_seed42_fold2/best.pth,False
0.9588998280831552,0.9210447312842677,0.9877656149070263,0.9316732462516953,0.9217253592918906,0.9217253592918906,2,3.7041634565979917,0.7717007201245816,299,cvc-clinicdb,unet,polypseg/runs_cv/unet_seed42_fold2/best.pth,False
0.8837222099909648,0.7916687207257004,0.9823219965684956,0.8031106221204085,0.6839854212788063,0.6839854212788063,2,37.54861080767309,7.822627251598561,3,cvc-clinicdb,unet,polypseg/runs_cv/unet_seed42_fold2/best.pth,False
0.9731983985711009,0.9477959493019842,0.9773285682267441,0.9691029900224905,0.8330018650888203,0.8330018650888203,2,3.605551275463989,0.7511565157216644,30,cvc-clinicdb,unet,polypseg/runs_cv/unet_seed42_fold2/best.pth,False
0.9389251320227466,0.8848811336118411,0.9762273901682658,0.9043686415211923,0.7458651544202188,0.7458651544202188,2,24.17543749451543,5.036549478024047,300,cvc-clinicdb,unet,polypseg/runs_cv/unet_seed42_fold2/best.pth,False
0.9115426105635424,0.8374628344757604,0.9871495326910602,0.8466933867594073,0.5747516789840544,0.5747516789840544,2,23.39001627368942,4.8729200570186295,301,cvc-clinicdb,unet,polypseg/runs_cv/unet_seed42_fold2/best.pth,False
0.9586950189282919,0.9206668904451083,0.9933598937463073,0.9263679351393113,0.8075918838121916,0.8075918838121916,2,18.72314933988258,3.900656112475537,302,cvc-clinicdb,unet,polypseg/runs_cv/unet_seed42_fold2/best.pth,False
0.880902722065988,0.7871547357279255,0.9954072999637973,0.7900239808077695,0.35139600114962716,0.35139600114962716,2,43.274110261759475,9.015439637866558,303,cvc-clinicdb,unet,polypseg/runs_cv/unet_seed42_fold2/best.pth,False
0.9338345864611501,0.8758815232633902,0.9779527558945111,0.8935251798469318,0.6116338074462154,0.6116338074462154,2,12.774917909462557,2.6614412311380327,304,cvc-clinicdb,unet,polypseg/runs_cv/unet_seed42_fold2/best.pth,False
0.9082606890791793,0.8319391634923474,0.9874456387873353,0.8408328675178812,0.5736225831925773,0.5736225831925773,2,30.66348236753605,6.3882254932366775,305,cvc-clinicdb,unet,polypseg/runs_cv/unet_seed42_fold2/best.pth,False
0.9343522200113188,0.8767927241599875,0.9999999999955671,0.8767927241599875,0.37725376420713924,0.37725376420713924,2,26.172168008146457,5.452535001697178,306,cvc-clinicdb,unet,polypseg/runs_cv/unet_seed42_fold2/best.pth,False
0.9141169635896876,0.8418189924133587,0.9803738317655204,0.8562488663082146,0.4620399440087405,0.4620399440087405,2,12.041594578792296,2.5086655372483952,307,cvc-clinicdb,unet,polypseg/runs_cv/unet_seed42_fold2/best.pth,False
0.964525891051763,0.9314823834962536,0.9354312734311476,0.9954884608624371,0.5961356831832534,0.5961356831832534,2,4.0,0.8333333333333334,308,cvc-clinicdb,unet,polypseg/runs_cv/unet_seed42_fold2/best.pth,False
0.9310187300051985,0.8709401709252831,0.881945646514074,0.9858746129840195,0.577724234819926,0.577724234819926,2,8.06225774829855,1.679637030895531,309,cvc-clinicdb,unet,polypseg/runs_cv/unet_seed42_fold2/best.pth,False
0.9639541892648344,0.9304165696889641,0.9702705982165966,0.957719487352285,0.7411853821154808,0.7411853821154808,2,4.0,0.8333333333333334,31,cvc-clinicdb,unet,polypseg/runs_cv/unet_seed42_fold2/best.pth,False
0.9721240675113443,0.9457601221945853,0.9694596710661919,0.9748031495679212,0.9647159108076777,0.9647159108076777,2,2.0,0.4166666666666667,310,cvc-clinicdb,unet,polypseg/runs_cv/unet_seed42_fold2/best.pth,False
0.9447724904316642,0.8953258722549268,0.9415022498808757,0.9480655280255119,0.7872800927978549,0.7872800927978549,2,3.1217082451262845,0.6503558844013092,311,cvc-clinicdb,unet,polypseg/runs_cv/unet_seed42_fold2/best.pth,False
0.7892491467240081,0.65186751228669,0.866916588484825,0.7243539545243262,0.5231091945186208,0.5231091945186208,2,16.699450332792438,3.479052152665091,312,cvc-clinicdb,unet,polypseg/runs_cv/unet_seed42_fold2/best.pth,False
0.8515486423737785,0.7414755851165322,0.7798325627792099,0.9377911344712578,0.6084847984972677,0.6084847984972677,2,30.375957742065786,6.3283245295970385,313,cvc-clinicdb,unet,polypseg/runs_cv/unet_seed42_fold2/best.pth,False
0.9323490397316319,0.8732713915203838,0.9307922616198664,0.9339110340735538,0.6919447342215703,0.6919447342215703,2,16.41383752970167,3.4195494853545148,314,cvc-clinicdb,unet,polypseg/runs_cv/unet_seed42_fold2/best.pth,False
0.986675999297586,0.9737023879959853,0.992107379846209,0.9813037641043145,0.8489256604703423,0.8489256604703423,2,3.605551275463989,0.7511565157216644,315,cvc-clinicdb,unet,polypseg/runs_cv/unet_seed42_fold2/best.pth,False
0.9766674003946784,0.9543987954369468,0.9775896257562633,0.9757469133832561,0.6927129603254133,0.6927129603254133,2,18.25,3.8020833333333335,316,cvc-clinicdb,unet,polypseg/runs_cv/unet_seed42_fold2/best.pth,False
0.8608105240792814,0.7556341963074711,0.9903173311554896,0.7612584438281131,0.4455546858079431,0.4455546858079431,2,48.6080711274396,10.12668148488325,317,cvc-clinicdb,unet,polypseg/runs_cv/unet_seed42_fold2/best.pth,False
0.9423076922875575,0.8909090908730947,0.9713656387237285,0.9149377592981354,0.8397844671688555,0.8397844671688555,2,5.385164807134504,1.1219093348196882,318,cvc-clinicdb,unet,polypseg/runs_cv/unet_seed42_fold2/best.pth,False
0.9685647565840028,0.9390456286680932,0.9560283687604246,0.9814342919191325,0.9745192964221674,0.9745192964221674,2,2.0,0.4166666666666667,319,cvc-clinicdb,unet,polypseg/runs_cv/unet_seed42_fold2/best.pth,False
0.9742623979861149,0.9498164014591002,0.9733458764401238,0.9751806471779748,0.7854110221532259,0.7854110221532259,2,3.605551275463989,0.7511565157216644,32,cvc-clinicdb,unet,polypseg/runs_cv/unet_seed42_fold2/best.pth,False
0.9757174392822618,0.9525862068749413,0.9799299883085197,0.9715409532398996,0.9394842678780331,0.9394842678780331,2,2.2953038922244096,0.47818831088008534,320,cvc-clinicdb,unet,polypseg/runs_cv/unet_seed42_fold2/best.pth,False
0.966942148752496,0.9359999999853177,0.9385026737820304,0.9971590908924272,0.8045692165961792,0.8045692165961792,2,4.0,0.8333333333333334,321,cvc-clinicdb,unet,polypseg/runs_cv/unet_seed42_fold2/best.pth,False
0.9697081413150862,0.9411975190727433,0.9619651346950875,0.9775768087093958,0.7948078672440289,0.7948078672440289,2,2.9571067811865475,0.6160639127471974,322,cvc-clinicdb,unet,polypseg/runs_cv/unet_seed42_fold2/best.pth,False
0.957262387890389,0.9180280607253697,0.9472483886866906,0.9674903787627355,0.5545209806164084,0.5545209806164084,2,4.47213595499958,0.9316949906249123,323,cvc-clinicdb,unet,polypseg/runs_cv/unet_seed42_fold2/best.pth,False
0.9694017354165824,0.9406203840333734,0.9450875630610702,0.9949999999844531,0.8202876108633168,0.8202876108633168,2,4.24526624090132,0.8844304668544417,324,cvc-clinicdb,unet,polypseg/runs_cv/unet_seed42_fold2/best.pth,False
0.9631199660771181,0.9288634505124926,0.9301944728571097,0.9984618764887176,0.818256740893736,0.818256740893736,2,2.8284271247461903,0.5892556509887896,325,cvc-clinicdb,unet,polypseg/runs_cv/unet_seed42_fold2/best.pth,False
0.9417040358633265,0.8898305084547318,0.8976377952553962,0.9903201786798134,0.7292379427712069,0.7292379427712069,2,7.1340834444436005,1.4862673842590834,326,cvc-clinicdb,unet,polypseg/runs_cv/unet_seed42_fold2/best.pth,False
0.9524877364968117,0.9092855231225774,0.932491767263104,0.9733600687203278,0.7393789434093148,0.7393789434093148,2,3.1622776601683795,0.6588078458684125,327,cvc-clinicdb,unet,polypseg/runs_cv/unet_seed42_fold2/best.pth,False
0.9138314785276753,0.8413348945971637,0.8507992895036354,0.9869505494279545,0.42298091805966237,0.42298091805966237,2,7.0,1.4583333333333333,328,cvc-clinicdb,unet,polypseg/runs_cv/unet_seed42_fold2/best.pth,False
0.9589754268954708,0.9211842368289421,0.9222912076722954,0.9986987638039754,0.7287621447289534,0.7287621447289534,2,5.0,1.0416666666666667,329,cvc-clinicdb,unet,polypseg/runs_cv/unet_seed42_fold2/best.pth,False
0.9664333793921168,0.9350470111193387,0.9664764621882446,0.9663903004282215,0.7254207942369801,0.7254207942369801,2,4.47213595499958,0.9316949906249123,33,cvc-clinicdb,unet,polypseg/runs_cv/unet_seed42_fold2/best.pth,False
0.9604971905247701,0.9239967239815889,0.9567503391967987,0.964273504257021,0.7997257725329308,0.7997257725329308,2,5.830951894845301,1.2147816447594377,330,cvc-clinicdb,unet,polypseg/runs_cv/unet_seed42_fold2/best.pth,False
0.9699092088134247,0.9415764290991995,0.9731910463173713,0.9666494312181146,0.7295958825663618,0.7295958825663618,2,3.1622776601683795,0.6588078458684125,331,cvc-clinicdb,unet,polypseg/runs_cv/unet_seed42_fold2/best.pth,False
0.9771262032943819,0.9552754273708293,0.9820699449497237,0.9722319859231594,0.9630920796349228,0.9630920796349228,2,2.0,0.4166666666666667,332,cvc-clinicdb,unet,polypseg/runs_cv/unet_seed42_fold2/best.pth,False
0.9755304912925298,0.9522298936191038,0.9563343328156609,0.995513070600946,0.9695497458832635,0.9695497458832635,2,2.0,0.4166666666666667,333,cvc-clinicdb,unet,polypseg/runs_cv/unet_seed42_fold2/best.pth,False
0.9657602312678131,0.9337875611297382,0.9615038675847903,0.9700544464433747,0.8022775492874802,0.8022775492874802,2,3.605551275463989,0.7511565157216644,334,cvc-clinicdb,unet,polypseg/runs_cv/unet_seed42_fold2/best.pth,False
0.9725390789947398,0.9465460526160108,0.9660903139001832,0.9790745151245479,0.8396133900748052,0.8396133900748052,2,3.048683298050516,0.6351423537605242,335,cvc-clinicdb,unet,polypseg/runs_cv/unet_seed42_fold2/best.pth,False
0.9713448686169427,0.9442862228383003,0.9495256846080271,0.9941904047789695,0.8792318853214975,0.8792318853214975,2,2.8284271247461903,0.5892556509887896,336,cvc-clinicdb,unet,polypseg/runs_cv/unet_seed42_fold2/best.pth,False
0.9672381598967302,0.9365548980779659,0.9517287455996036,0.9832614322522302,0.8605857754478421,0.8605857754478421,2,3.0,0.625,337,cvc-clinicdb,unet,polypseg/runs_cv/unet_seed42_fold2/best.pth,False
0.9715696485708769,0.9447111777873615,0.9718320728432487,0.9713073659778534,0.7398325305626661,0.7398325305626661,2,4.0,0.8333333333333334,338,cvc-clinicdb,unet,polypseg/runs_cv/unet_seed42_fold2/best.pth,False
0.9553979511275745,0.9146047072747555,0.9212765957166785,0.9921440261541034,0.8685325755577944,0.8685325755577944,2,2.8284271247461903,0.5892556509887896,339,cvc-clinicdb,unet,polypseg/runs_cv/unet_seed42_fold2/best.pth,False
0.968076863466852,0.9381288481613136,0.9870437667722066,0.9498251482294386,0.8489126175769104,0.8489126175769104,2,3.0,0.625,34,cvc-clinicdb,unet,polypseg/runs_cv/unet_seed42_fold2/best.pth,False
0.9500944159441572,0.9049331962536005,0.9586281980969718,0.9417112298961652,0.8937882474891495,0.8937882474891495,2,2.23606797749979,0.4658474953124562,340,cvc-clinicdb,unet,polypseg/runs_cv/unet_seed42_fold2/best.pth,False
0.9625711960748053,0.927843137218516,0.9475370444153971,0.9780901198438161,0.9552382249439639,0.9552382249439639,2,2.0,0.4166666666666667,341,cvc-clinicdb,unet,polypseg/runs_cv/unet_seed42_fold2/best.pth,False
0.9831721712860532,0.9669013214651488,0.9852756103575978,0.9810776942232948,0.9589361486930698,0.9589361486930698,2,2.0,0.4166666666666667,342,cvc-clinicdb,unet,polypseg/runs_cv/unet_seed42_fold2/best.pth,False
0.9397097625267828,0.8862759736109709,0.9132051281934205,0.9677989130303288,0.7504719602236991,0.7504719602236991,2,11.40175425099138,2.3753654689565376,343,cvc-clinicdb,unet,polypseg/runs_cv/unet_seed42_fold2/best.pth,False
0.8698987815070921,0.7697529807703248,0.7759056929225077,0.9898034037486076,0.6090879900711939,0.6090879900711939,2,53.665631459994955,11.180339887498949,344,cvc-clinicdb,unet,polypseg/runs_cv/unet_seed42_fold2/best.pth,False
0.8804867754611688,0.7864907320088815,0.7963481358900856,0.9845052697735999,0.5919206445639692,0.5919206445639692,2,89.49301648732151,18.64437843485865,345,cvc-clinicdb,unet,polypseg/runs_cv/unet_seed42_fold2/best.pth,False
0.9132696262137018,0.8403829029198491,0.8571752951667309,0.9772197773498001,0.5085633097529811,0.5085633097529811,2,7.280109889280518,1.5166895602667745,346,cvc-clinicdb,unet,polypseg/runs_cv/unet_seed42_fold2/best.pth,False
0.8470406056362092,0.7346664676804259,0.7453444360220236,0.980872683782011,0.5995372016942941,0.5995372016942941,2,30.120564926046768,6.27511769292641,347,cvc-clinicdb,unet,polypseg/runs_cv/unet_seed42_fold2/best.pth,False
0.9703539531698441,0.9424150718173036,0.9804878048737007,0.9604274358152972,0.6434160414253346,0.6434160414253346,2,5.0,1.0416666666666667,348,cvc-clinicdb,unet,polypseg/runs_cv/unet_seed42_fold2/best.pth,False
0.9713710860523717,0.9443357783172602,0.9657442907110946,0.9770638333713759,0.646223974507284,0.646223974507284,2,19.235384061671343,4.007371679514863,349,cvc-clinicdb,unet,polypseg/runs_cv/unet_seed42_fold2/best.pth,False
0.966035136059483,0.9343017057444789,0.9597535934160198,0.9723994452014924,0.8207775731045006,0.8207775731045006,2,5.0,1.0416666666666667,35,cvc-clinicdb,unet,polypseg/runs_cv/unet_seed42_fold2/best.pth,False
0.8491481807197331,0.7378431927498565,0.7769432522605093,0.9361488184950358,0.42650288063881364,0.42650288063881364,2,41.10225685601737,8.56297017833695,350,cvc-clinicdb,unet,polypseg/runs_cv/unet_seed42_fold2/best.pth,False
0.9255154331912105,0.8613575864937587,0.9227661596738886,0.9282811379170863,0.6005943877617127,0.6005943877617127,2,5.830951894845301,1.2147816447594377,351,cvc-clinicdb,unet,polypseg/runs_cv/unet_seed42_fold2/best.pth,False
0.9287279288448418,0.8669393647529611,0.9761582226774274,0.8856932153174608,0.8153470008643183,0.8153470008643183,2,33.06055050963308,6.887614689506892,352,cvc-clinicdb,unet,polypseg/runs_cv/unet_seed42_fold2/best.pth,False
0.9246897216476401,0.8599282832714037,0.8855296561171759,0.9674735249499814,0.5069582005067063,0.5069582005067063,2,19.512113347516532,4.065023614065945,353,cvc-clinicdb,unet,polypseg/runs_cv/unet_seed42_fold2/best.pth,False
0.9603449402171532,0.9237149679411372,0.965327029144138,0.9554140127264342,0.7468784971937555,0.7468784971937555,2,12.65699178274195,2.6368732880712398,354,cvc-clinicdb,unet,polypseg/runs_cv/unet_seed42_fold2/best.pth,False
0.7103905674253951,0.5508571428538294,0.5741692789932654,0.9313536051974843,0.35559511546759054,0.35559511546759054,2,62.982535281148564,13.121361516905951,355,cvc-clinicdb,unet,polypseg/runs_cv/unet_seed42_fold2/best.pth,False
0.711289235146036,0.551938615354578,0.5603422838562387,0.97354660103585,0.3530571432591565,0.3530571432591565,2,61.31556249271725,12.774075519316092,356,cvc-clinicdb,unet,polypseg/runs_cv/unet_seed42_fold2/best.pth,False
0.9145111127944714,0.8424877707857327,0.994008684653471,0.8467877879713112,0.7148013942591753,0.7148013942591753,2,41.63639586065679,8.674249137636831,357,cvc-clinicdb,unet,polypseg/runs_cv/unet_seed42_fold2/best.pth,False
0.8868076660616088,0.7966347225228813,0.9769062585272356,0.8119250425802166,0.7169842117244496,0.7169842117244496,2,64.61888127964713,13.46226693325982,358,cvc-clinicdb,unet,polypseg/runs_cv/unet_seed42_fold2/best.pth,False
0.9314346479220886,0.8716683973617889,0.9759713205990119,0.8907852847462788,0.7173555977619743,0.7173555977619743,2,31.703074852639826,6.60480726096663,359,cvc-clinicdb,unet,polypseg/runs_cv/unet_seed42_fold2/best.pth,False
0.9624718538783779,0.9276585483258342,0.959351620923707,0.9656124497749595,0.8707581015244318,0.8707581015244318,2,2.8284271247461903,0.5892556509887896,36,cvc-clinicdb,unet,polypseg/runs_cv/unet_seed42_fold2/best.pth,False
0.7203240976805475,0.562895727250109,0.580794006119143,0.9480945633459013,0.4169360782566335,0.4169360782566335,2,77.28516883126987,16.10107683984789,360,cvc-clinicdb,unet,polypseg/runs_cv/unet_seed42_fold2/best.pth,False
0.6765690895538434,0.5112235812338384,0.5135580453793731,0.9911866254680066,0.3523768220825003,0.3523768220825003,2,92.64987857520376,19.302058036500785,361,cvc-clinicdb,unet,polypseg/runs_cv/unet_seed42_fold2/best.pth,False
0.640171132625384,0.47077330683628205,0.48451968414199553,0.9431604555905876,0.2853513714154748,0.2853513714154748,2,99.51629771381891,20.732562023712273,362,cvc-clinicdb,unet,polypseg/runs_cv/unet_seed42_fold2/best.pth,False
0.24787337137667842,0.1414700098311029,0.1469611848806568,0.7910652920418512,0.17844591887158082,0.17844591887158082,2,180.68144671716493,37.64196806607603,363,cvc-clinicdb,unet,polypseg/runs_cv/unet_seed42_fold2/best.pth,False
0.9522790498405248,0.9089052287210415,0.9615384614969085,0.9431962695657823,0.8478685068320991,0.8478685068320991,2,3.605551275463989,0.7511565157216644,364,cvc-clinicdb,unet,polypseg/runs_cv/unet_seed42_fold2/best.pth,False
0.9251286850508861,0.8606878536847764,0.8644512461362287,0.9949672873178174,0.6828294833402517,0.6828294833402517,2,5.0990195135927845,1.0622957319984967,365,cvc-clinicdb,unet,polypseg/runs_cv/unet_seed42_fold2/best.pth,False
0.9282639885000415,0.866131191393747,0.8770899231415685,0.9857795834948816,0.731308286285047,0.731308286285047,2,4.0,0.8333333333333334,366,cvc-clinicdb,unet,polypseg/runs_cv/unet_seed42_fold2/best.pth,False
0.9484536082266187,0.9019607842760968,0.9339092872166779,0.9634581104739992,0.8672120016885225,0.8672120016885225,2,3.0,0.625,367,cvc-clinicdb,unet,polypseg/runs_cv/unet_seed42_fold2/best.pth,False
0.8337572254142485,0.7149088025093217,0.7974347633437667,0.873546511585584,0.32983018451034596,0.32983018451034596,2,8.722006592077411,1.8170847066827942,368,cvc-clinicdb,unet,polypseg/runs_cv/unet_seed42_fold2/best.pth,False
0.8917890157451934,0.8047105004511917,0.819999999959,0.9773539927903842,0.6736858527735907,0.6736858527735907,2,8.9470583144992,1.8639704821873333,369,cvc-clinicdb,unet,polypseg/runs_cv/unet_seed42_fold2/best.pth,False
0.9613076235413018,0.9254979099959983,0.9707285622054065,0.9520677880238767,0.6757212041063843,0.6757212041063843,2,4.123105625617661,0.858980338670346,37,cvc-clinicdb,unet,polypseg/runs_cv/unet_seed42_fold2/best.pth,False
0.9122080992931656,0.8385869564761638,0.871751412380127,0.9566026037844635,0.6954324995340709,0.6954324995340709,2,5.0,1.0416666666666667,370,cvc-clinicdb,unet,polypseg/runs_cv/unet_seed42_fold2/best.pth,False
0.8761174967698546,0.779545454486398,0.8186157517248516,0.9423076922214003,0.5062469076829476,0.5062469076829476,2,4.551315561749646,0.9481907420311761,371,cvc-clinicdb,unet,polypseg/runs_cv/unet_seed42_fold2/best.pth,False
0.8771610554650974,0.7811993516384765,0.8100840335453711,0.9563492062543305,0.6251904724196555,0.6251904724196555,2,5.830951894845301,1.2147816447594377,372,cvc-clinicdb,unet,polypseg/runs_cv/unet_seed42_fold2/best.pth,False
0.9103568319882351,0.8354632587192121,0.8449111469430605,0.9867924527370949,0.7549563338226496,0.7549563338226496,2,4.01846584384265,0.8371803841338854,373,cvc-clinicdb,unet,polypseg/runs_cv/unet_seed42_fold2/best.pth,False
0.8502051983293364,0.7394408089982486,0.764452644479431,0.9576271185702906,0.4084083587371215,0.4084083587371215,2,6.0,1.25,374,cvc-clinicdb,unet,polypseg/runs_cv/unet_seed42_fold2/best.pth,False
0.8303571428200734,0.7099236640679447,0.7226107225545757,0.9758656872008535,0.46649384158321644,0.46649384158321644,2,6.324555320336759,1.317615691736825,375,cvc-clinicdb,unet,polypseg/runs_cv/unet_seed42_fold2/best.pth,False
0.8960859023052289,0.8117351741194938,0.8117351741194938,0.9999999999613453,0.557924768682929,0.557924768682929,2,8.54400374531753,1.7800007802744855,376,cvc-clinicdb,unet,polypseg/runs_cv/unet_seed42_fold2/best.pth,False
0.9404236539951363,0.887546855439919,0.9044991510651741,0.9793198528961711,0.7054198921109286,0.7054198921109286,2,3.605551275463989,0.7511565157216644,377,cvc-clinicdb,unet,polypseg/runs_cv/unet_seed42_fold2/best.pth,False
0.912663755436374,0.839357429681421,0.8457733812569347,0.9910432033197554,0.5847111889788958,0.5847111889788958,2,4.47213595499958,0.9316949906249123,378,cvc-clinicdb,unet,polypseg/runs_cv/unet_seed42_fold2/best.pth,False
0.8169615619030823,0.6905621454001772,0.7032563024840727,0.974526928604474,0.4810857870345605,0.4810857870345605,2,10.04987562112089,2.0937240877335186,379,cvc-clinicdb,unet,polypseg/runs_cv/unet_seed42_fold2/best.pth,False
0.9779599069556101,0.9568703944309305,0.9984170058571141,0.9583242891044428,0.9918476297657822,0.9918476297657822,2,2.0,0.4166666666666667,38,cvc-clinicdb,unet,polypseg/runs_cv/unet_seed42_fold2/best.pth,False
0.9006721433681685,0.819293478223764,0.8248974007831784,0.9917763157351,0.6654343309200156,0.6654343309200156,2,7.0710678118654755,1.473139127471974,380,cvc-clinicdb,unet,polypseg/runs_cv/unet_seed42_fold2/best.pth,False
0.8947280334578288,0.80950938822503,0.8122151321539892,0.9959016393071572,0.5019762348669767,0.5019762348669767,2,10.0,2.0833333333333335,381,cvc-clinicdb,unet,polypseg/runs_cv/unet_seed42_fold2/best.pth,False
0.9513653255622659,0.907241910603783,0.9761273209225423,0.9278285533902355,0.8177977204096555,0.8177977204096555,2,4.055397531527946,0.8448744857349888,382,cvc-clinicdb,unet,polypseg/runs_cv/unet_seed42_fold2/best.pth,False
0.9346898588622466,0.877387553885478,0.9049888782680334,0.9664065150673089,0.5784274931159812,0.5784274931159812,2,4.0,0.8333333333333334,383,cvc-clinicdb,unet,polypseg/runs_cv/unet_seed42_fold2/best.pth,False
0.8095105893535148,0.6799813439028551,0.9971664468171519,0.6812977736216786,0.4992503766523796,0.4992503766523796,2,100.70872082160489,20.98098350450102,384,cvc-clinicdb,unet,polypseg/runs_cv/unet_seed42_fold2/best.pth,False
0.7774781293148776,0.6359625524565589,0.9129763130745985,0.6770017946440223,0.3660926253564366,0.3660926253564366,2,107.05788758157144,22.303726579494047,385,cvc-clinicdb,unet,polypseg/runs_cv/unet_seed42_fold2/best.pth,False
0.8286525608601505,0.7074353288966521,0.8106579036492626,0.8474642300579137,0.3410482473916345,0.3410482473916345,2,70.52238415268205,14.692163365142095,386,cvc-clinicdb,unet,polypseg/runs_cv/unet_seed42_fold2/best.pth,False
0.7668104078337107,0.6218106386112852,0.7768316611722008,0.7570444131732978,0.26947543525449047,0.26947543525449047,2,93.36057594517982,19.45011998857913,387,cvc-clinicdb,unet,polypseg/runs_cv/unet_seed42_fold2/best.pth,False
0.8128212357120582,0.6846662526006186,0.9157544956952904,0.7306897492855667,0.3570974538415936,0.3570974538415936,2,97.95148981627433,20.406560378390488,388,cvc-clinicdb,unet,polypseg/runs_cv/unet_seed42_fold2/best.pth,False
0.8610801929271715,0.7560498883062358,0.9948560930741283,0.7590170061635254,0.5370616907247366,0.5370616907247366,2,56.9225566127921,11.858865960998353,389,cvc-clinicdb,unet,polypseg/runs_cv/unet_seed42_fold2/best.pth,False
0.9605371657325887,0.9240707162075233,0.9604240282459264,0.9606503298548387,0.8416635862449245,0.8416635862449245,2,4.300014504089359,0.8958363550186164,39,cvc-clinicdb,unet,polypseg/runs_cv/unet_seed42_fold2/best.pth,False
0.9808228342039781,0.9623673558638969,0.9923293852171893,0.9695800727379611,0.8563628696044908,0.8563628696044908,2,5.0,1.0416666666666667,390,cvc-clinicdb,unet,polypseg/runs_cv/unet_seed42_fold2/best.pth,False
0.8971016978142934,0.8134038252089348,0.8350893997312406,0.9690626157656713,0.7574123489832278,0.7574123489832278,2,23.07377384704583,4.807036218134547,391,cvc-clinicdb,unet,polypseg/runs_cv/unet_seed42_fold2/best.pth,False
0.9528670068991121,0.9099770642097479,0.9445304130348228,0.9613520717111539,0.5875157842121068,0.5875157842121068,2,8.54400374531753,1.7800007802744855,392,cvc-clinicdb,unet,polypseg/runs_cv/unet_seed42_fold2/best.pth,False
0.9463579165794489,0.8981777887109311,0.9173792756423871,0.9772270595984297,0.59108682423818,0.59108682423818,2,7.0,1.4583333333333333,393,cvc-clinicdb,unet,polypseg/runs_cv/unet_seed42_fold2/best.pth,False
0.9665137902810421,0.9351975683776875,0.9530417544176305,0.9803721641475864,0.7754570516954373,0.7754570516954373,2,5.830951894845301,1.2147816447594377,394,cvc-clinicdb,unet,polypseg/runs_cv/unet_seed42_fold2/best.pth,False
0.9441469679119578,0.8942030180515032,0.922187260813656,0.9671780235375742,0.6224467448444375,0.6224467448444375,2,10.0,2.0833333333333335,395,cvc-clinicdb,unet,polypseg/runs_cv/unet_seed42_fold2/best.pth,False
0.9543850589510526,0.9127500205703123,0.9351492663102112,0.9744288224870437,0.7032406413441978,0.7032406413441978,2,8.06225774829855,1.679637030895531,396,cvc-clinicdb,unet,polypseg/runs_cv/unet_seed42_fold2/best.pth,False
0.9593856542287267,0.9219415993325151,0.9462618347963025,0.972878625127733,0.6073541145523622,0.6073541145523622,2,8.049657344678938,1.677011946808112,397,cvc-clinicdb,unet,polypseg/runs_cv/unet_seed42_fold2/best.pth,False
0.9526947390952729,0.909662898353319,0.9297328383911239,0.9768195550619235,0.5757575257617122,0.5757575257617122,2,10.04987562112089,2.0937240877335186,398,cvc-clinicdb,unet,polypseg/runs_cv/unet_seed42_fold2/best.pth,False
0.9350101352710255,0.8779521441821165,0.9247197446941762,0.9455321285061451,0.49091350051848703,0.49091350051848703,2,12.0,2.5,399,cvc-clinicdb,unet,polypseg/runs_cv/unet_seed42_fold2/best.pth,False
0.895656643534064,0.811030951823081,0.9827975183249701,0.8227101038676926,0.7005232611477505,0.7005232611477505,2,45.86119173146217,9.554414944054619,4,cvc-clinicdb,unet,polypseg/runs_cv/unet_seed42_fold2/best.pth,False
0.9706840390817482,0.9430379746718411,0.9826716668694857,0.9589853609167216,0.9119210675027034,0.9119210675027034,2,3.0,0.625,40,cvc-clinicdb,unet,polypseg/runs_cv/unet_seed42_fold2/best.pth,False
0.9499819559657164,0.904729172382393,0.9322850261944711,0.9683637433642089,0.5859714619275529,0.5859714619275529,2,5.0,1.0416666666666667,400,cvc-clinicdb,unet,polypseg/runs_cv/unet_seed42_fold2/best.pth,False
0.9711543477076252,0.9439261812923957,0.9494135644982211,0.9939141575806756,0.7574093901805143,0.7574093901805143,2,3.605551275463989,0.7511565157216644,401,cvc-clinicdb,unet,polypseg/runs_cv/unet_seed42_fold2/best.pth,False
0.961775845136198,0.9263662770997341,0.9441613880408691,0.9800600342983128,0.557459407233526,0.557459407233526,2,6.13112108830591,1.2773168933970647,402,cvc-clinicdb,unet,polypseg/runs_cv/unet_seed42_fold2/best.pth,False
0.958764478759543,0.9207950163065282,0.9322254479834595,0.9868588384804274,0.6371703398912965,0.6371703398912965,2,6.781152949374527,1.4127401977863598,403,cvc-clinicdb,unet,polypseg/runs_cv/unet_seed42_fold2/best.pth,False
0.9137826874906628,0.8412521849607401,0.8611630744134919,0.9732512179338794,0.6996661299361882,0.6996661299361882,2,29.068883707497267,6.056017439061931,404,cvc-clinicdb,unet,polypseg/runs_cv/unet_seed42_fold2/best.pth,False
0.9559671694711847,0.9156485711153123,0.9596926845455996,0.9522704673411526,0.6685654283851111,0.6685654283851111,2,6.0,1.25,405,cvc-clinicdb,unet,polypseg/runs_cv/unet_seed42_fold2/best.pth,False
0.9645932039280422,0.9316079511815428,0.9493582029587909,0.9803251527287943,0.6852837821449872,0.6852837821449872,2,5.0,1.0416666666666667,406,cvc-clinicdb,unet,polypseg/runs_cv/unet_seed42_fold2/best.pth,False
0.9242745318474062,0.8592104205125093,0.8681452595591181,0.98816349176079,0.5591876760596982,0.5591876760596982,2,16.53478850081398,3.444747604336246,407,cvc-clinicdb,unet,polypseg/runs_cv/unet_seed42_fold2/best.pth,False
0.8702789640016068,0.7703485517842872,0.7793007548591646,0.9853070450711376,0.38520623295639894,0.38520623295639894,2,29.832867780352597,6.215180787573458,408,cvc-clinicdb,unet,polypseg/runs_cv/unet_seed42_fold2/best.pth,False
0.926515870240298,0.863092284790179,0.886570682293156,0.9702304179559723,0.5972850895556199,0.5972850895556199,2,156.57259279350612,32.61929016531378,409,cvc-clinicdb,unet,polypseg/runs_cv/unet_seed42_fold2/best.pth,False
0.9638755481210703,0.9302700523794787,0.949598847954133,0.9785880856269115,0.8012593113771341,0.8012593113771341,2,4.242640687119285,0.8838834764831843,41,cvc-clinicdb,unet,polypseg/runs_cv/unet_seed42_fold2/best.pth,False
0.8718992965514507,0.7728913685507833,0.964768537471463,0.7953394123517354,0.3490237769409678,0.3490237769409678,2,24.352322090332855,5.073400435486011,410,cvc-clinicdb,unet,polypseg/runs_cv/unet_seed42_fold2/best.pth,False
0.9289410991462339,0.8673109372470117,0.9845028730457165,0.8793157076068536,0.5708071783325266,0.5708071783325266,2,9.20856723442824,1.91845150717255,411,cvc-clinicdb,unet,polypseg/runs_cv/unet_seed42_fold2/best.pth,False
0.8425249169365239,0.7278989666944906,0.9766994030237494,0.7407623776728383,0.28650132768709746,0.28650132768709746,2,17.34742979845349,3.6140478746778104,412,cvc-clinicdb,unet,polypseg/runs_cv/unet_seed42_fold2/best.pth,False
0.7865732329718265,0.6482247255005243,0.9526404023270613,0.6698099307400942,0.2568766559352852,0.2568766559352852,2,29.192290884964237,6.081727267700883,413,cvc-clinicdb,unet,polypseg/runs_cv/unet_seed42_fold2/best.pth,False
0.8535721350077259,0.7445493616063477,0.9906916558793225,0.7497946547016181,0.5197939271938898,0.5197939271938898,2,49.127361469195684,10.234866972749101,414,cvc-clinicdb,unet,polypseg/runs_cv/unet_seed42_fold2/best.pth,False
0.8592440064683805,0.753223310980188,0.9926089542010652,0.7574716369480876,0.4331441409599055,0.4331441409599055,2,25.11961903803866,5.2332539662580535,415,cvc-clinicdb,unet,polypseg/runs_cv/unet_seed42_fold2/best.pth,False
0.8666302054814179,0.7646491107075372,0.9860432038315757,0.7730155411473063,0.35412477261329833,0.35412477261329833,2,28.80618627826199,6.001288807971248,416,cvc-clinicdb,unet,polypseg/runs_cv/unet_seed42_fold2/best.pth,False
0.8072186595493602,0.6767532591047982,0.972115910320228,0.6901504124144575,0.399327091630174,0.399327091630174,2,35.00214242000348,7.292113004167391,417,cvc-clinicdb,unet,polypseg/runs_cv/unet_seed42_fold2/best.pth,False
0.7712649661554266,0.6276902219856348,0.8615957199148269,0.6980776479325654,0.29356000974715984,0.29356000974715984,2,145.89198544485487,30.394163634344764,418,cvc-clinicdb,unet,polypseg/runs_cv/unet_seed42_fold2/best.pth,False
0.8742699724485793,0.7766249021092624,0.9829850499629719,0.7872073025480406,0.4879060930597033,0.4879060930597033,2,28.160255680657446,5.866719933470302,419,cvc-clinicdb,unet,polypseg/runs_cv/unet_seed42_fold2/best.pth,False
0.9679740913928176,0.937935843780503,0.957704357719201,0.9784664629568097,0.8711845674570964,0.8711845674570964,2,5.385164807134504,1.1219093348196882,42,cvc-clinicdb,unet,polypseg/runs_cv/unet_seed42_fold2/best.pth,False
0.7465774898082468,0.5956311489044764,0.9960959286020068,0.5970249038910411,0.29061883181110953,0.29061883181110953,2,49.24428900898052,10.259226876870942,420,cvc-clinicdb,unet,polypseg/runs_cv/unet_seed42_fold2/best.pth,False
0.7805398569308756,0.6400700025885399,0.9906701444523407,0.6439517443714121,0.3376383268800879,0.3376383268800879,2,34.025720210505625,7.088691710522005,421,cvc-clinicdb,unet,polypseg/runs_cv/unet_seed42_fold2/best.pth,False
0.919839586267408,0.8515768348599438,0.9836407590125388,0.8638108532517192,0.4145014606109898,0.4145014606109898,2,20.995159436867127,4.373991549347318,422,cvc-clinicdb,unet,polypseg/runs_cv/unet_seed42_fold2/best.pth,False
0.8392156862716229,0.7229729729686879,0.9711783439413122,0.738824954568511,0.24768522004506094,0.24768522004506094,2,93.9278410819242,19.568300225400876,423,cvc-clinicdb,unet,polypseg/runs_cv/unet_seed42_fold2/best.pth,False
0.0,0.0,0.0,0.0,0.0,0.0,2,,,424,cvc-clinicdb,unet,polypseg/runs_cv/unet_seed42_fold2/best.pth,False
0.5588157546772716,0.38774761553970116,0.9999999999053926,0.38774761553970116,0.05576203255988232,0.05576203255988232,2,21.587033144922902,4.497298571858938,425,cvc-clinicdb,unet,polypseg/runs_cv/unet_seed42_fold2/best.pth,False
0.8188025850456114,0.6931970682286239,0.991582988762676,0.6973001038349189,0.2621903135656015,0.2621903135656015,2,26.00460490029219,5.417626020894206,426,cvc-clinicdb,unet,polypseg/runs_cv/unet_seed42_fold2/best.pth,False
0.9222935387209145,0.8557929008111189,0.9825857038568326,0.8689727463242302,0.6706386295470272,0.6706386295470272,2,24.689034234147215,5.14354879878067,427,cvc-clinicdb,unet,polypseg/runs_cv/unet_seed42_fold2/best.pth,False
0.8917010005842079,0.8045671800247427,0.9872922776041348,0.8129863160646364,0.48759064163212346,0.48759064163212346,2,19.0,3.9583333333333335,428,cvc-clinicdb,unet,polypseg/runs_cv/unet_seed42_fold2/best.pth,False
0.93333333332763,0.8749999999899747,0.878624022079169,0.9953082236283682,0.457085060633524,0.457085060633524,2,8.54400374531753,1.7800007802744855,429,cvc-clinicdb,unet,polypseg/runs_cv/unet_seed42_fold2/best.pth,False
0.9465620673655138,0.8985456456825207,0.966999811409259,0.926970354285485,0.6398517217971176,0.6398517217971176,2,6.4031242374328485,1.3339842161318434,43,cvc-clinicdb,unet,polypseg/runs_cv/unet_seed42_fold2/best.pth,False
0.9244720818699024,0.8595519151908028,0.8701377880640149,0.9860439408458471,0.41200366490087886,0.41200366490087886,2,8.06225774829855,1.679637030895531,430,cvc-clinicdb,unet,polypseg/runs_cv/unet_seed42_fold2/best.pth,False
0.9214390601988146,0.8543226684703292,0.8588831097610337,0.9938232499050709,0.4493963101572414,0.4493963101572414,2,8.49996196700831,1.7708254097933982,431,cvc-clinicdb,unet,polypseg/runs_cv/unet_seed42_fold2/best.pth,False
0.9463304235319198,0.8981282601933299,0.9105143094057391,0.9850796499777307,0.6381815154968181,0.6381815154968181,2,8.578996658352587,1.7872909704901223,432,cvc-clinicdb,unet,polypseg/runs_cv/unet_seed42_fold2/best.pth,False
0.9464780067622963,0.898394160575198,0.903228962809166,0.9940771053091311,0.6192242959002542,0.6192242959002542,2,9.433981132056603,1.9654127358451257,433,cvc-clinicdb,unet,polypseg/runs_cv/unet_seed42_fold2/best.pth,False
0.9432167563367447,0.8925356850541636,0.9047926267197715,0.9850491671584883,0.5339257588467978,0.5339257588467978,2,7.615773105863909,1.5866193970549811,434,cvc-clinicdb,unet,polypseg/runs_cv/unet_seed42_fold2/best.pth,False
0.9494278331429221,0.9037245256394503,0.9099056603666283,0.9925392333291415,0.6338092207030671,0.6338092207030671,2,6.980351842023949,1.4542399670883228,435,cvc-clinicdb,unet,polypseg/runs_cv/unet_seed42_fold2/best.pth,False
0.9349089989829694,0.8777738222276281,0.8781906683975045,0.9994595324821043,0.4455499776414343,0.4455499776414343,2,6.708203932499369,1.3975424859373686,436,cvc-clinicdb,unet,polypseg/runs_cv/unet_seed42_fold2/best.pth,False
0.9542204103391417,0.9124488752439616,0.9278658694966485,0.9821158343516011,0.6176458506145609,0.6176458506145609,2,5.385164807134504,1.1219093348196882,437,cvc-clinicdb,unet,polypseg/runs_cv/unet_seed42_fold2/best.pth,False
0.8306476132535028,0.7103484139324531,0.9799139167784161,0.7208443271725544,0.6056312733599242,0.6056312733599242,2,49.3811681648519,10.287743367677479,438,cvc-clinicdb,unet,polypseg/runs_cv/unet_seed42_fold2/best.pth,False
0.9466953829523038,0.8987859424805267,0.9695340501658459,0.9249079431756325,0.7016032754201942,0.7016032754201942,2,10.65482152739354,2.219754484873654,439,cvc-clinicdb,unet,polypseg/runs_cv/unet_seed42_fold2/best.pth,False
0.9730954403796482,0.9476006618759227,0.9673423423314488,0.9789173789062231,0.8204901600853387,0.8204901600853387,2,3.1622776601683795,0.6588078458684125,44,cvc-clinicdb,unet,polypseg/runs_cv/unet_seed42_fold2/best.pth,False
0.9394561313413763,0.8858248669426573,0.9491964748410369,0.9299136617414946,0.7871234825846923,0.7871234825846923,2,16.35093853648971,3.4064455284353565,440,cvc-clinicdb,unet,polypseg/runs_cv/unet_seed42_fold2/best.pth,False
0.9068690982983361,0.8296070460423576,0.8307327001075057,0.9983693436201236,0.6025490352358495,0.6025490352358495,2,7.848050886765432,1.6350106014094652,441,cvc-clinicdb,unet,polypseg/runs_cv/unet_seed42_fold2/best.pth,False
0.8886174889974522,0.7995604395428668,0.8823672083220382,0.8949569495474796,0.44071063000114297,0.44071063000114297,2,11.874955639013347,2.473949091461114,442,cvc-clinicdb,unet,polypseg/runs_cv/unet_seed42_fold2/best.pth,False
0.9606685578397556,0.9243139569058083,0.9322916666527933,0.9908271390006196,0.8289473184224406,0.8289473184224406,2,6.365810738035817,1.3262105704241285,443,cvc-clinicdb,unet,polypseg/runs_cv/unet_seed42_fold2/best.pth,False
0.9712438992153327,0.9440953968336442,0.9454288649082508,0.9985082722945686,0.8562180415584516,0.8562180415584516,2,3.0,0.625,444,cvc-clinicdb,unet,polypseg/runs_cv/unet_seed42_fold2/best.pth,False
0.9595919686758392,0.9223227231863403,0.9728351904378935,0.9467044649117881,0.7073247169102024,0.7073247169102024,2,10.198039027185569,2.1245914639969934,445,cvc-clinicdb,unet,polypseg/runs_cv/unet_seed42_fold2/best.pth,False
0.9307877750955331,0.8705360389783218,0.9562195414160244,0.9066737368312501,0.5423112134011644,0.5423112134011644,2,14.899551560488879,3.1040732417685164,446,cvc-clinicdb,unet,polypseg/runs_cv/unet_seed42_fold2/best.pth,False
0.8738699956826823,0.7759938837722734,0.7759938837722734,0.9999999999671594,0.4530874221791075,0.4530874221791075,2,15.511182837570708,3.2314964244938973,447,cvc-clinicdb,unet,polypseg/runs_cv/unet_seed42_fold2/best.pth,False
0.6846288840643684,0.5204834405820047,0.9916267942287194,0.5227810184372886,0.2333711588113465,0.2333711588113465,2,31.02565830414021,6.463678813362544,448,cvc-clinicdb,unet,polypseg/runs_cv/unet_seed42_fold2/best.pth,False
0.9543737878845118,0.9127294025592986,0.9511698880783078,0.9575993445113151,0.8030556168969736,0.8030556168969736,2,7.053300858899107,1.4694376789373138,449,cvc-clinicdb,unet,polypseg/runs_cv/unet_seed42_fold2/best.pth,False
0.9737322434650127,0.948809155568376,0.9713426218972239,0.9761336515357815,0.9116710310878546,0.9116710310878546,2,2.23606797749979,0.4658474953124562,45,cvc-clinicdb,unet,polypseg/runs_cv/unet_seed42_fold2/best.pth,False
0.9662198391248218,0.934647302872246,0.9531029618845874,0.9797027908307466,0.928495330056571,0.928495330056571,2,2.23606797749979,0.4658474953124562,450,cvc-clinicdb,unet,polypseg/runs_cv/unet_seed42_fold2/best.pth,False
0.9621280432605472,0.9270199825835352,0.9367866549193685,0.9888785912424061,0.9119211714675537,0.9119211714675537,2,2.8284271247461903,0.5892556509887896,451,cvc-clinicdb,unet,polypseg/runs_cv/unet_seed42_fold2/best.pth,False
0.9655916880182757,0.9334724758431132,0.9595065701003083,0.9717544812337927,0.8763303220647138,0.8763303220647138,2,2.8284271247461903,0.5892556509887896,452,cvc-clinicdb,unet,polypseg/runs_cv/unet_seed42_fold2/best.pth,False
0.9535132564385504,0.9111565553076311,0.9203580445049264,0.9891465219292268,0.7901558106268839,0.7901558106268839,2,5.830951894845301,1.2147816447594377,453,cvc-clinicdb,unet,polypseg/runs_cv/unet_seed42_fold2/best.pth,False
0.9679432181501603,0.9378778718117008,0.9811827956834095,0.955056179760581,0.8816032674451081,0.8816032674451081,2,6.0,1.25,454,cvc-clinicdb,unet,polypseg/runs_cv/unet_seed42_fold2/best.pth,False
0.907000593723177,0.8298271604856313,0.8298271604856313,0.999999999988098,0.44408342304947185,0.44408342304947185,2,18.681541692269406,3.8919878525561264,455,cvc-clinicdb,unet,polypseg/runs_cv/unet_seed42_fold2/best.pth,False
0.9693306469623043,0.9404865334410035,0.946655006550532,0.9931192660459346,0.6844840981922772,0.6844840981922772,2,4.123105625617661,0.858980338670346,456,cvc-clinicdb,unet,polypseg/runs_cv/unet_seed42_fold2/best.pth,False
0.9557656336840616,0.9152788535929969,0.9436957172712019,0.968148299867184,0.6333738842355326,0.6333738842355326,2,7.0,1.4583333333333333,457,cvc-clinicdb,unet,polypseg/runs_cv/unet_seed42_fold2/best.pth,False
0.925540595665794,0.8614011771243326,0.8738443759461895,0.9837380745667013,0.7510978826202248,0.7510978826202248,2,13.650508174002738,2.843855869583904,458,cvc-clinicdb,unet,polypseg/runs_cv/unet_seed42_fold2/best.pth,False
0.9526309781879622,0.9095466433977867,0.9129293371053834,0.9959427207399537,0.7317478398520112,0.7317478398520112,2,4.0,0.8333333333333334,459,cvc-clinicdb,unet,polypseg/runs_cv/unet_seed42_fold2/best.pth,False
0.9667227968810301,0.9355890113156047,0.983039791242938,0.9509386338389187,0.8230562502684589,0.8230562502684589,2,3.605551275463989,0.7511565157216644,46,cvc-clinicdb,unet,polypseg/runs_cv/unet_seed42_fold2/best.pth,False
0.9544993077899907,0.912959039531904,0.9451654176394596,0.9640193884980608,0.7346953576955173,0.7346953576955173,2,4.123105625617661,0.858980338670346,460,cvc-clinicdb,unet,polypseg/runs_cv/unet_seed42_fold2/best.pth,False
0.9495301606475482,0.9039099696883003,0.9476629859182021,0.9514047076544966,0.6546844267708312,0.6546844267708312,2,6.708203932499369,1.3975424859373686,461,cvc-clinicdb,unet,polypseg/runs_cv/unet_seed42_fold2/best.pth,False
0.9609880415541986,0.9249056603657245,0.9534491701121182,0.968647082058113,0.7172833239862123,0.7172833239862123,2,4.0,0.8333333333333334,462,cvc-clinicdb,unet,polypseg/runs_cv/unet_seed42_fold2/best.pth,False
0.9284797947364958,0.866507033815725,0.8730398069897991,0.9914383561558952,0.5315555061339701,0.5315555061339701,2,22.020443990990714,4.587592498123066,463,cvc-clinicdb,unet,polypseg/runs_cv/unet_seed42_fold2/best.pth,False
0.964777420829711,0.9319516790321184,0.9427130044737363,0.9878994360786195,0.7542662842446264,0.7542662842446264,2,6.708203932499369,1.3975424859373686,464,cvc-clinicdb,unet,polypseg/runs_cv/unet_seed42_fold2/best.pth,False
0.7145356905789099,0.5558580548227757,0.5614184800618147,0.9824939848918733,0.46810181293442066,0.46810181293442066,2,107.30515958920375,22.355241581084115,465,cvc-clinicdb,unet,polypseg/runs_cv/unet_seed42_fold2/best.pth,False
0.950194519255482,0.9051148395430435,0.9227000996270117,0.9793778091039095,0.6457251915335833,0.6457251915335833,2,11.193676748647526,2.332015989301568,466,cvc-clinicdb,unet,polypseg/runs_cv/unet_seed42_fold2/best.pth,False
0.8590716416303361,0.7529584441725258,0.884196919089904,0.8353348259634099,0.516253245465387,0.516253245465387,2,83.9824164735651,17.496336765326063,467,cvc-clinicdb,unet,polypseg/runs_cv/unet_seed42_fold2/best.pth,False
0.8152657082182722,0.6881422390434819,0.7742450749161462,0.8608761840251955,0.3108057744438231,0.3108057744438231,2,50.86621129999412,10.597127354165442,468,cvc-clinicdb,unet,polypseg/runs_cv/unet_seed42_fold2/best.pth,False
0.8926459438935077,0.8061070792769676,0.9040233415164003,0.8815513626768376,0.44191105190867597,0.44191105190867597,2,59.25997250389503,12.34582760497813,469,cvc-clinicdb,unet,polypseg/runs_cv/unet_seed42_fold2/best.pth,False
0.968144848949612,0.9382565449850965,0.9746563992496865,0.9617197268350319,0.788300913626139,0.788300913626139,2,4.47213595499958,0.9316949906249123,47,cvc-clinicdb,unet,polypseg/runs_cv/unet_seed42_fold2/best.pth,False
0.7462594287081349,0.5952263536779245,0.9702572347110892,0.6062889290676482,0.4082326615895727,0.4082326615895727,2,122.38047068063095,25.495931391798116,470,cvc-clinicdb,unet,polypseg/runs_cv/unet_seed42_fold2/best.pth,False
0.886101428639388,0.7954956146115055,0.9389273266350782,0.8389030908629379,0.39194416190444364,0.39194416190444364,2,79.95225832422841,16.65672048421425,471,cvc-clinicdb,unet,polypseg/runs_cv/unet_seed42_fold2/best.pth,False
0.8758169934619631,0.7790697674385543,0.9692713833106162,0.7987990601305421,0.5379691578632824,0.5379691578632824,2,58.0,12.083333333333334,472,cvc-clinicdb,unet,polypseg/runs_cv/unet_seed42_fold2/best.pth,False
0.8958132683675264,0.811287839913744,0.8552112066587959,0.9404627371620742,0.5481453634887326,0.5481453634887326,2,27.064619383527166,5.638462371568159,473,cvc-clinicdb,unet,polypseg/runs_cv/unet_seed42_fold2/best.pth,False
0.9189332484997642,0.8500245218202549,0.9183003072961836,0.9195670628134572,0.6068455908628914,0.6068455908628914,2,34.40564914319044,7.167843571498008,474,cvc-clinicdb,unet,polypseg/runs_cv/unet_seed42_fold2/best.pth,False
0.9031646685452592,0.8234277677282562,0.9484378616017197,0.8620167430866937,0.383529752475388,0.383529752475388,2,39.10153803992705,8.146153758318135,475,cvc-clinicdb,unet,polypseg/runs_cv/unet_seed42_fold2/best.pth,False
0.8793988864239164,0.7847563916990605,0.943893240493508,0.8231543793916756,0.328265717117378,0.328265717117378,2,105.35935872279535,21.949866400582366,476,cvc-clinicdb,unet,polypseg/runs_cv/unet_seed42_fold2/best.pth,False
0.8832193158930027,0.7908619198578319,0.9365612198399148,0.8356261739132157,0.43490426343048294,0.43490426343048294,2,100.36034567409774,20.908405348770362,477,cvc-clinicdb,unet,polypseg/runs_cv/unet_seed42_fold2/best.pth,False
0.89938109527171,0.817159410408038,0.960925758937176,0.8452454393194445,0.4968732359139027,0.4968732359139027,2,96.97926399399313,20.204013332081903,478,cvc-clinicdb,unet,polypseg/runs_cv/unet_seed42_fold2/best.pth,False
0.9643300598234441,0.9311171662074598,0.942935982334752,0.9867174867117884,0.7007901824687718,0.7007901824687718,2,14.36414285606466,2.9925297616801374,479,cvc-clinicdb,unet,polypseg/runs_cv/unet_seed42_fold2/best.pth,False
0.9351084628904653,0.8781255464088455,0.8818261632856571,0.9952437574119056,0.6352889484887584,0.6352889484887584,2,9.219544457292887,1.920738428602685,48,cvc-clinicdb,unet,polypseg/runs_cv/unet_seed42_fold2/best.pth,False
0.8901070663786149,0.801975613516479,0.8071247346305228,0.992107942967209,0.6196714190061642,0.6196714190061642,2,39.0,8.125,480,cvc-clinicdb,unet,polypseg/runs_cv/unet_seed42_fold2/best.pth,False
0.9270952749777627,0.864098417460644,0.8668018539926604,0.9964035963969603,0.5804733887622601,0.5804733887622601,2,26.9020965896847,5.604603456184312,481,cvc-clinicdb,unet,polypseg/runs_cv/unet_seed42_fold2/best.pth,False
0.9568898295623106,0.9173430158012928,0.9235764665365406,0.9926963435446184,0.7231570355066793,0.7231570355066793,2,17.434013292331848,3.6320861025691347,482,cvc-clinicdb,unet,polypseg/runs_cv/unet_seed42_fold2/best.pth,False
0.9637324021460788,0.9300034123829978,0.9387728740540849,0.9900553991418124,0.8104531087783176,0.8104531087783176,2,16.62648359719453,3.463850749415527,483,cvc-clinicdb,unet,polypseg/runs_cv/unet_seed42_fold2/best.pth,False
0.9700249350072416,0.941794581225189,0.9513997294153845,0.9893939393885854,0.7209796877666591,0.7209796877666591,2,7.8576872569299905,1.6370181785270814,484,cvc-clinicdb,unet,polypseg/runs_cv/unet_seed42_fold2/best.pth,False
0.9673265622276903,0.936720677462581,0.9692286463297279,0.9654319290704045,0.6461735040281146,0.6461735040281146,2,5.385164807134504,1.1219093348196882,485,cvc-clinicdb,unet,polypseg/runs_cv/unet_seed42_fold2/best.pth,False
0.9424917270285081,0.8912381596601617,0.9629020467660289,0.9229287090397105,0.5815536249264286,0.5815536249264286,2,6.324555320336759,1.317615691736825,486,cvc-clinicdb,unet,polypseg/runs_cv/unet_seed42_fold2/best.pth,False
0.9681852661596172,0.9383324684229516,0.995869285836278,0.941998784397482,0.7371794371831432,0.7371794371831432,2,5.0,1.0416666666666667,487,cvc-clinicdb,unet,polypseg/runs_cv/unet_seed42_fold2/best.pth,False
0.980274297320605,0.9613117476051364,0.9939055793906102,0.9670118590198178,0.8329819691803015,0.8329819691803015,2,2.8284271247461903,0.5892556509887896,488,cvc-clinicdb,unet,polypseg/runs_cv/unet_seed42_fold2/best.pth,False
0.9329019223153698,0.874241966904826,0.8791875931318528,0.9936067363137576,0.7383264533247014,0.7383264533247014,2,36.0,7.5,489,cvc-clinicdb,unet,polypseg/runs_cv/unet_seed42_fold2/best.pth,False
0.9750226039727903,0.9512625427174852,0.9787837531089314,0.9712902499327708,0.8790342168078749,0.8790342168078749,2,3.0,0.625,49,cvc-clinicdb,unet,polypseg/runs_cv/unet_seed42_fold2/best.pth,False
0.7670378213439363,0.6221097732130049,0.9999999999970314,0.6221097732130049,0.0924835937270414,0.0924835937270414,2,77.41574167927818,16.128279516516287,490,cvc-clinicdb,unet,polypseg/runs_cv/unet_seed42_fold2/best.pth,False
0.9449327176102464,0.895613704815062,0.9736505500078094,0.9178604157578842,0.5664625014231616,0.5664625014231616,2,20.45463272265199,4.261381817219164,491,cvc-clinicdb,unet,polypseg/runs_cv/unet_seed42_fold2/best.pth,False
0.9707393442240067,0.9431423797037441,0.9702900467205753,0.971189058014687,0.669090859091574,0.669090859091574,2,8.0,1.6666666666666667,492,cvc-clinicdb,unet,polypseg/runs_cv/unet_seed42_fold2/best.pth,False
0.9794886472023958,0.9598018135881097,0.976414645739532,0.9825820652647019,0.7687578684460394,0.7687578684460394,2,5.0,1.0416666666666667,493,cvc-clinicdb,unet,polypseg/runs_cv/unet_seed42_fold2/best.pth,False
0.9763699786177102,0.9538309332694633,0.9878187613787123,0.9651835372582581,0.7026973328396036,0.7026973328396036,2,3.605551275463989,0.7511565157216644,494,cvc-clinicdb,unet,polypseg/runs_cv/unet_seed42_fold2/best.pth,False
0.9636200586515339,0.9297942001827418,0.9625702111129064,0.9646721987627278,0.6327086376163742,0.6327086376163742,2,14.0,2.9166666666666665,495,cvc-clinicdb,unet,polypseg/runs_cv/unet_seed42_fold2/best.pth,False
0.9479828503513922,0.9011096926205385,0.9251398900996867,0.9719824161804355,0.7395640182750931,0.7395640182750931,2,25.926731926836016,5.401402484757503,496,cvc-clinicdb,unet,polypseg/runs_cv/unet_seed42_fold2/best.pth,False
0.9439256881614825,0.8938061247964683,0.9090227852822775,0.981615880639824,0.5467239027390526,0.5467239027390526,2,30.549999999999955,6.364583333333324,497,cvc-clinicdb,unet,polypseg/runs_cv/unet_seed42_fold2/best.pth,False
0.9643022398914084,0.9310652943676372,0.9485182562929486,0.9806204252318556,0.7566101123102256,0.7566101123102256,2,24.78580603003323,5.163709589590256,498,cvc-clinicdb,unet,polypseg/runs_cv/unet_seed42_fold2/best.pth,False
0.967661921772268,0.9373498296541605,0.9564199202277565,0.9791713493632308,0.7312315519382866,0.7312315519382866,2,19.19612634657219,3.999192988869206,499,cvc-clinicdb,unet,polypseg/runs_cv/unet_seed42_fold2/best.pth,False
0.9230074508892442,0.857023060792154,0.9785171443900513,0.8734576144390072,0.7250139074324043,0.7250139074324043,2,28.539283716604245,5.945684107625884,5,cvc-clinicdb,unet,polypseg/runs_cv/unet_seed42_fold2/best.pth,False
0.9521586930996473,0.9086859687906877,0.934860883766453,0.9701086956192219,0.8217171401858587,0.8217171401858587,2,3.605551275463989,0.7511565157216644,50,cvc-clinicdb,unet,polypseg/runs_cv/unet_seed42_fold2/best.pth,False
0.9545166349619431,0.9129907436903096,0.9388210581532176,0.9707459444717929,0.5859079054137057,0.5859079054137057,2,8.54400374531753,1.7800007802744855,500,cvc-clinicdb,unet,polypseg/runs_cv/unet_seed42_fold2/best.pth,False
0.9707834936947013,0.9432257331158034,0.9610863396782611,0.9806783266309342,0.6634036965126987,0.6634036965126987,2,5.385164807134504,1.1219093348196882,501,cvc-clinicdb,unet,polypseg/runs_cv/unet_seed42_fold2/best.pth,False
0.9598007471956169,0.9227085528161924,0.9377524699423869,0.9829107789573895,0.7373357368645189,0.7373357368645189,2,19.07206637090497,3.973347160605202,502,cvc-clinicdb,unet,polypseg/runs_cv/unet_seed42_fold2/best.pth,False
0.9748185166814406,0.9508740964828085,0.9641639679522577,0.9857111740318636,0.8236572390025606,0.8236572390025606,2,10.686397905040726,2.2263328968834846,503,cvc-clinicdb,unet,polypseg/runs_cv/unet_seed42_fold2/best.pth,False
0.9545664561786817,0.9130819092426529,0.9902012993823601,0.9214073339849216,0.5059501581015475,0.5059501581015475,2,5.0,1.0416666666666667,504,cvc-clinicdb,unet,polypseg/runs_cv/unet_seed42_fold2/best.pth,False
0.9635084274227999,0.9295863593247263,0.9596453484519222,0.9674027339578903,0.5449051345134264,0.5449051345134264,2,5.830951894845301,1.2147816447594377,505,cvc-clinicdb,unet,polypseg/runs_cv/unet_seed42_fold2/best.pth,False
0.9541668110857461,0.912350861686009,0.9865019828921915,0.9238841033651999,0.4139711515248295,0.4139711515248295,2,36.09707534368208,7.520224029933766,506,cvc-clinicdb,unet,polypseg/runs_cv/unet_seed42_fold2/best.pth,False
0.9753798831116882,0.9519429367381912,0.9864121643456526,0.9645916480069975,0.52611256236421,0.52611256236421,2,7.0,1.4583333333333333,507,cvc-clinicdb,unet,polypseg/runs_cv/unet_seed42_fold2/best.pth,False
0.9620885904394528,0.9269467331964317,0.9523667580723001,0.9720109522301672,0.4591963515727388,0.4591963515727388,2,6.0,1.25,508,cvc-clinicdb,unet,polypseg/runs_cv/unet_seed42_fold2/best.pth,False
0.9602967552545235,0.9236258135268279,0.9788100382168953,0.9424707953197113,0.5815490923297538,0.5815490923297538,2,6.0,1.25,509,cvc-clinicdb,unet,polypseg/runs_cv/unet_seed42_fold2/best.pth,False
0.9024163568353897,0.8221845892614577,0.9066293183093717,0.8982423680945196,0.8243242743608503,0.8243242743608503,2,6.0,1.25,51,cvc-clinicdb,unet,polypseg/runs_cv/unet_seed42_fold2/best.pth,False
0.9466297157118423,0.8986675719180287,0.9778372887526287,0.9173525080055673,0.46759950423779245,0.46759950423779245,2,7.948854115722185,1.6560112741087885,510,cvc-clinicdb,unet,polypseg/runs_cv/unet_seed42_fold2/best.pth,False
0.9414674361017652,0.8894080996758793,0.9875786163366733,0.8994701417599962,0.6127213530474737,0.6127213530474737,2,8.0,1.6666666666666667,511,cvc-clinicdb,unet,polypseg/runs_cv/unet_seed42_fold2/best.pth,False
0.9205784923574325,0.8528443113644784,0.988033298630107,0.8617455755428567,0.5925925426429873,0.5925925426429873,2,12.150976276771088,2.5314533909939763,512,cvc-clinicdb,unet,polypseg/runs_cv/unet_seed42_fold2/best.pth,False
0.922691292869903,0.8564780798327641,0.9483389830379887,0.8983943480937907,0.47342990171999877,0.47342990171999877,2,10.25128561983894,2.1356845041331125,513,cvc-clinicdb,unet,polypseg/runs_cv/unet_seed42_fold2/best.pth,False
0.6901398932192669,0.5268806108733521,0.5320689834807895,0.9818286703107217,0.3883816960605886,0.3883816960605886,2,70.09136866484589,14.602368471842892,514,cvc-clinicdb,unet,polypseg/runs_cv/unet_seed42_fold2/best.pth,False
0.9624778761005163,0.9276697372804767,0.9692252851595861,0.9558237637572553,0.735102934279657,0.735102934279657,2,4.47213595499958,0.9316949906249123,515,cvc-clinicdb,unet,polypseg/runs_cv/unet_seed42_fold2/best.pth,False
0.9671978957103233,0.9364794007420488,0.9942738985128496,0.9415574634663235,0.7418172582702836,0.7418172582702836,2,7.0,1.4583333333333333,516,cvc-clinicdb,unet,polypseg/runs_cv/unet_seed42_fold2/best.pth,False
0.9664143803159507,0.9350114416368991,0.9580304806452751,0.9749463135173592,0.7000123126589465,0.7000123126589465,2,4.123105625617661,0.858980338670346,517,cvc-clinicdb,unet,polypseg/runs_cv/unet_seed42_fold2/best.pth,False
0.9685957507620817,0.9391038978923693,0.9623312011234921,0.974942396299324,0.8087705473665309,0.8087705473665309,2,3.1622776601683795,0.6588078458684125,518,cvc-clinicdb,unet,polypseg/runs_cv/unet_seed42_fold2/best.pth,False
0.9794739851315624,0.9597736567821179,0.9773505248689106,0.9816066926370524,0.7790188506887653,0.7790188506887653,2,4.123105625617661,0.858980338670346,519,cvc-clinicdb,unet,polypseg/runs_cv/unet_seed42_fold2/best.pth,False
0.0,0.0,0.0,0.0,0.0,0.0,2,,,52,cvc-clinicdb,unet,polypseg/runs_cv/unet_seed42_fold2/best.pth,False
0.9830817223376299,0.9667263770668754,0.9772295156135028,0.9890044440326705,0.8450628251074217,0.8450628251074217,2,3.605551275463989,0.7511565157216644,520,cvc-clinicdb,unet,polypseg/runs_cv/unet_seed42_fold2/best.pth,False
0.9725568607799422,0.9465797411603913,0.9871131405277817,0.9584236453107544,0.7675256747611136,0.7675256747611136,2,3.605551275463989,0.7511565157216644,521,cvc-clinicdb,unet,polypseg/runs_cv/unet_seed42_fold2/best.pth,False
0.9467760526073172,0.8989313763242058,0.9601210120880072,0.933796977384863,0.6339444708722768,0.6339444708722768,2,6.4031242374328485,1.3339842161318434,522,cvc-clinicdb,unet,polypseg/runs_cv/unet_seed42_fold2/best.pth,False
0.9693774082237945,0.9405745769197054,0.9558088382132413,0.983336761962902,0.8549141465679873,0.8549141465679873,2,3.184441340933165,0.6634252793610761,523,cvc-clinicdb,unet,polypseg/runs_cv/unet_seed42_fold2/best.pth,False
0.9780402010025677,0.9570241431825882,0.9714014773359383,0.9847702894101155,0.7035888598362139,0.7035888598362139,2,3.605551275463989,0.7511565157216644,524,cvc-clinicdb,unet,polypseg/runs_cv/unet_seed42_fold2/best.pth,False
0.9686991134387158,0.9392982456057956,0.9581245526041685,0.9795096962954672,0.7229186430365078,0.7229186430365078,2,4.0,0.8333333333333334,525,cvc-clinicdb,unet,polypseg/runs_cv/unet_seed42_fold2/best.pth,False
0.9635854341680462,0.9297297297192597,0.963472984000893,0.9636979105758876,0.7225914620169742,0.7225914620169742,2,4.0,0.8333333333333334,526,cvc-clinicdb,unet,polypseg/runs_cv/unet_seed42_fold2/best.pth,False
0.9708128589132033,0.9432811780839474,0.9751427212062899,0.9665212778384236,0.7945616395074336,0.7945616395074336,2,4.123105625617661,0.858980338670346,527,cvc-clinicdb,unet,polypseg/runs_cv/unet_seed42_fold2/best.pth,False
0.974073545497483,0.949457479356863,0.9846124254569665,0.9637578838278851,0.7708816136330519,0.7708816136330519,2,3.605551275463989,0.7511565157216644,528,cvc-clinicdb,unet,polypseg/runs_cv/unet_seed42_fold2/best.pth,False
0.4608849557481337,0.2994480220756733,0.29965477560069437,0.9977011493870613,0.3178134362380593,0.3178134362380593,2,85.84486807214938,17.88434751503112,529,cvc-clinicdb,unet,polypseg/runs_cv/unet_seed42_fold2/best.pth,False
0.930455635435824,0.8699551568531441,0.9140164898805635,0.947496947381258,0.8508638262428888,0.8508638262428888,2,3.0,0.625,53,cvc-clinicdb,unet,polypseg/runs_cv/unet_seed42_fold2/best.pth,False
0.44636403701677946,0.287302848062098,0.28733545165357083,0.9996052111725383,0.28720374725887343,0.28720374725887343,2,90.32462149357136,18.817629477827367,530,cvc-clinicdb,unet,polypseg/runs_cv/unet_seed42_fold2/best.pth,False
0.484298209075516,0.31952077379292676,0.31983716580130006,0.9969135802127259,0.2551545955003264,0.2551545955003264,2,89.0,18.541666666666668,531,cvc-clinicdb,unet,polypseg/runs_cv/unet_seed42_fold2/best.pth,False
0.4248629765679403,0.2697308045253156,0.2697308045253156,0.9999999999716473,0.08147425697012467,0.08147425697012467,2,150.74081474365778,31.404336404928703,532,cvc-clinicdb,unet,polypseg/runs_cv/unet_seed42_fold2/best.pth,False
0.42045152722257434,0.26618463090484734,0.26618463090484734,0.999999999978943,0.04976888851457314,0.04976888851457314,2,172.7378070410095,35.987043133543644,533,cvc-clinicdb,unet,polypseg/runs_cv/unet_seed42_fold2/best.pth,False
0.5864215263785003,0.4148489364556642,0.4148770408480802,0.9998367346775537,0.14569937106882092,0.14569937106882092,2,78.96642063454036,16.45133763219591,534,cvc-clinicdb,unet,polypseg/runs_cv/unet_seed42_fold2/best.pth,False
0.5614869245707306,0.39032451922842354,0.39032451922842354,0.9999999999846035,0.11087049183218294,0.11087049183218294,2,85.50116043643976,17.812741757591617,535,cvc-clinicdb,unet,polypseg/runs_cv/unet_seed42_fold2/best.pth,False
0.43057003000021926,0.27434803605813607,0.27455797655856234,0.9972205968256697,0.14993302688810678,0.14993302688810678,2,168.66401408947942,35.138336268641545,536,cvc-clinicdb,unet,polypseg/runs_cv/unet_seed42_fold2/best.pth,False
0.4618174061408819,0.3002357509339881,0.30117548862557436,0.9897142856916638,0.29712507231965235,0.29712507231965235,2,146.4137971640651,30.50287440918023,537,cvc-clinicdb,unet,polypseg/runs_cv/unet_seed42_fold2/best.pth,False
0.4642930432974333,0.302331796617209,0.30269583249513216,0.9960378604227155,0.2242646637651463,0.2242646637651463,2,153.0718547569891,31.889969741039398,538,cvc-clinicdb,unet,polypseg/runs_cv/unet_seed42_fold2/best.pth,False
0.8570427060766662,0.7498466571176666,0.7549403046443501,0.9910822861641524,0.3354429885090158,0.3354429885090158,2,25.451580628395856,5.302412630915803,539,cvc-clinicdb,unet,polypseg/runs_cv/unet_seed42_fold2/best.pth,False
0.17577577577225675,0.09635645302685786,0.09646231597239152,0.9887387385160498,0.11080857870411104,0.11080857870411104,2,125.69824790398688,26.187134979997268,54,cvc-clinicdb,unet,polypseg/runs_cv/unet_seed42_fold2/best.pth,False
0.9643965674604185,0.9312411847607105,0.9623232764832945,0.9664788113813475,0.7330124878731019,0.7330124878731019,2,74.05641862589783,15.428420547062048,540,cvc-clinicdb,unet,polypseg/runs_cv/unet_seed42_fold2/best.pth,False
0.49023821498564196,0.3247122955764705,0.3267507771053407,0.9811493411240639,0.26817708141369195,0.26817708141369195,2,128.91543168551118,26.857381601148163,541,cvc-clinicdb,unet,polypseg/runs_cv/unet_seed42_fold2/best.pth,False
0.4014373390135738,0.25112393077282225,0.2515743324023453,0.9929211892245884,0.1711993658780397,0.1711993658780397,2,157.00079617026896,32.708499202139365,542,cvc-clinicdb,unet,polypseg/runs_cv/unet_seed42_fold2/best.pth,False
0.5928884308148902,0.4213514008404076,0.4213514008404076,0.999999999989135,0.13026497316023,0.13026497316023,2,139.20882303880038,29.001838133083414,543,cvc-clinicdb,unet,polypseg/runs_cv/unet_seed42_fold2/best.pth,False
0.5186666666657062,0.3501350135004747,0.35067861972166403,0.9955922081544462,0.3047051432426206,0.3047051432426206,2,159.76089971031283,33.28352077298184,544,cvc-clinicdb,unet,polypseg/runs_cv/unet_seed42_fold2/best.pth,False
0.578871870803855,0.40733263870534425,0.4079436509462731,0.9963364128544706,0.3127368454659958,0.3127368454659958,2,144.00190969919854,30.000397853999694,545,cvc-clinicdb,unet,polypseg/runs_cv/unet_seed42_fold2/best.pth,False
0.5079582993671631,0.3404451089749816,0.3423152538432849,0.984206151272083,0.3362941141545795,0.3362941141545795,2,127.80335401625968,26.625698753387432,546,cvc-clinicdb,unet,polypseg/runs_cv/unet_seed42_fold2/best.pth,False
0.8152201795569455,0.6880773671956109,0.6928779069666733,0.9900311526274137,0.5042359133722708,0.5042359133722708,2,38.09460062753264,7.936375130735967,547,cvc-clinicdb,unet,polypseg/runs_cv/unet_seed42_fold2/best.pth,False
0.9235105896623227,0.8578910120189966,0.9106069711401652,0.9367851622730018,0.6269765813445715,0.6269765813445715,2,6.4031242374328485,1.3339842161318434,548,cvc-clinicdb,unet,polypseg/runs_cv/unet_seed42_fold2/best.pth,False
0.5767466954254992,0.40523123576932407,0.625146198793851,0.5353029544048421,0.2766797956162492,0.2766797956162492,2,92.79331289047356,19.331940185515325,549,cvc-clinicdb,unet,polypseg/runs_cv/unet_seed42_fold2/best.pth,False
0.9295352323141277,0.868347338813957,0.9267563526267928,0.932330826927469,0.9646017199154227,0.9646017199154227,2,2.0,0.4166666666666667,55,cvc-clinicdb,unet,polypseg/runs_cv/unet_seed42_fold2/best.pth,False
0.9310119339469428,0.8709282764815579,0.9326891581897693,0.9293407310553307,0.6998647267629177,0.6998647267629177,2,6.0,1.25,550,cvc-clinicdb,unet,polypseg/runs_cv/unet_seed42_fold2/best.pth,False
0.9297918608191224,0.8687953555751989,0.8943672493516455,0.9681384441053188,0.6966966467448465,0.6966966467448465,2,7.02132034355964,1.4627750715749248,551,cvc-clinicdb,unet,polypseg/runs_cv/unet_seed42_fold2/best.pth,False
0.8636299732822744,0.7599901026752445,0.767970996364946,0.9865103581020314,0.5471624914004292,0.5471624914004292,2,25.0,5.208333333333333,552,cvc-clinicdb,unet,polypseg/runs_cv/unet_seed42_fold2/best.pth,False
0.9080816521373517,0.8316387886647901,0.8583841119289282,0.9638874809811976,0.525608479251017,0.525608479251017,2,12.041594578792296,2.5086655372483952,553,cvc-clinicdb,unet,polypseg/runs_cv/unet_seed42_fold2/best.pth,False
0.929787935386607,0.8687885010177742,0.9040598290501702,0.9570232978855798,0.6110668830728503,0.6110668830728503,2,8.0,1.6666666666666667,554,cvc-clinicdb,unet,polypseg/runs_cv/unet_seed42_fold2/best.pth,False
0.879930753055027,0.7856038860588915,0.807351940086143,0.96684782607382,0.493173819272509,0.493173819272509,2,22.877797094718648,4.7662077280663855,555,cvc-clinicdb,unet,polypseg/runs_cv/unet_seed42_fold2/best.pth,False
0.7674805473530052,0.6226924416525366,0.62377878575869,0.9972109886905981,0.5268754342622389,0.5268754342622389,2,51.341392374312626,10.696123411315131,556,cvc-clinicdb,unet,polypseg/runs_cv/unet_seed42_fold2/best.pth,False
0.8647487533497142,0.7617245573623229,0.7799612510271249,0.9702186262528797,0.497331685881199,0.497331685881199,2,16.1245154965971,3.359274061791062,557,cvc-clinicdb,unet,polypseg/runs_cv/unet_seed42_fold2/best.pth,False
0.76677980189259,0.6217703886697172,0.6340206185494385,0.9698615734892262,0.46364941834205153,0.46364941834205153,2,45.54940961600094,9.489460336666863,558,cvc-clinicdb,unet,polypseg/runs_cv/unet_seed42_fold2/best.pth,False
0.0,0.0,0.0,0.0,0.0,0.0,2,181.8275132677336,37.880731930777834,559,cvc-clinicdb,unet,polypseg/runs_cv/unet_seed42_fold2/best.pth,False
0.9432539002066989,0.8926022063305451,0.9148653142362866,0.9734607218339186,0.7198258118755162,0.7198258118755162,2,4.123105625617661,0.858980338670346,56,cvc-clinicdb,unet,polypseg/runs_cv/unet_seed42_fold2/best.pth,False
0.49976103233630903,0.33312095146720694,0.36459786145554857,0.7941772151697677,0.21489750451531808,0.21489750451531808,2,41.51141043898039,8.648210508120915,560,cvc-clinicdb,unet,polypseg/runs_cv/unet_seed42_fold2/best.pth,False
0.6753761376962704,0.5098625782882129,0.5232658543555284,0.9521648044526507,0.3983586653213897,0.3983586653213897,2,48.28145435149099,10.05863632322729,561,cvc-clinicdb,unet,polypseg/runs_cv/unet_seed42_fold2/best.pth,False
0.6734351549335796,0.5076534007652382,0.9027218934697581,0.5370318220144039,0.41502593468037735,0.41502593468037735,2,43.0,8.958333333333334,562,cvc-clinicdb,unet,polypseg/runs_cv/unet_seed42_fold2/best.pth,False
0.8490504712780376,0.7376956591839785,0.9952106236965798,0.7403238866336815,0.3130914829937335,0.3130914829937335,2,19.04588492845316,3.9678926934277414,563,cvc-clinicdb,unet,polypseg/runs_cv/unet_seed42_fold2/best.pth,False
0.8979824740130508,0.8148531696071095,0.9877163095042794,0.8231953370137259,0.46070208142438174,0.46070208142438174,2,13.892443989449804,2.8942591644687092,564,cvc-clinicdb,unet,polypseg/runs_cv/unet_seed42_fold2/best.pth,False
0.7865505291711784,0.6481938869971581,0.7013529313454038,0.8953091684339518,0.378849949272819,0.378849949272819,2,35.8608340289105,7.4710070893563545,565,cvc-clinicdb,unet,polypseg/runs_cv/unet_seed42_fold2/best.pth,False
0.3143169398872752,0.18646265559924194,0.2532581894988859,0.41417050690051355,0.13806323273617652,0.13806323273617652,2,47.25091366257047,9.843940346368846,566,cvc-clinicdb,unet,polypseg/runs_cv/unet_seed42_fold2/best.pth,False
0.6642431021563735,0.4972784368388377,0.5016896648760675,0.9826254825983832,0.42991351417634166,0.42991351417634166,2,39.44868911333883,8.218476898612256,567,cvc-clinicdb,unet,polypseg/runs_cv/unet_seed42_fold2/best.pth,False
0.37587939697233236,0.23143564355480878,0.3441717791199894,0.41402214019084704,0.2521738638383839,0.2521738638383839,2,66.49960558012144,13.854084495858634,568,cvc-clinicdb,unet,polypseg/runs_cv/unet_seed42_fold2/best.pth,False
0.7371240214104424,0.5836867862778569,0.773454388206941,0.7040535222076327,0.38833836037403474,0.38833836037403474,2,17.0,3.5416666666666665,569,cvc-clinicdb,unet,polypseg/runs_cv/unet_seed42_fold2/best.pth,False
0.8629870129589939,0.7589948600366079,0.7699884124698732,0.9815361889969323,0.5057470767604753,0.5057470767604753,2,7.0,1.4583333333333333,57,cvc-clinicdb,unet,polypseg/runs_cv/unet_seed42_fold2/best.pth,False
0.769140510391049,0.6248808388644004,0.9324324323661143,0.654518222633324,0.5328402598578685,0.5328402598578685,2,71.60761053444196,14.918252194675407,570,cvc-clinicdb,unet,polypseg/runs_cv/unet_seed42_fold2/best.pth,False
0.6108160670161507,0.4396941632517801,0.44231394214665454,0.986708554833574,0.41693928097042016,0.41693928097042016,2,38.0,7.916666666666667,571,cvc-clinicdb,unet,polypseg/runs_cv/unet_seed42_fold2/best.pth,False
0.971370831919037,0.9443352979492614,0.9675687765384127,0.9752028854604328,0.9890695314450646,0.9890695314450646,2,2.0,0.4166666666666667,572,cvc-clinicdb,unet,polypseg/runs_cv/unet_seed42_fold2/best.pth,False
0.3326552752893093,0.19951199674502226,0.199690654508306,0.9955357142453111,0.31215157730525506,0.31215157730525506,2,105.490279553198,21.977141573582916,573,cvc-clinicdb,unet,polypseg/runs_cv/unet_seed42_fold2/best.pth,False
0.6925179364418771,0.5296576953088671,0.564152518770828,0.8965059707697256,0.4979983880355979,0.4979983880355979,2,40.308806518337846,8.397668024653719,574,cvc-clinicdb,unet,polypseg/runs_cv/unet_seed42_fold2/best.pth,False
0.8469213920558903,0.7344871253538521,0.9523809523548884,0.762489044680927,0.5901539172695461,0.5901539172695461,2,33.37346202623444,6.952804588798842,575,cvc-clinicdb,unet,polypseg/runs_cv/unet_seed42_fold2/best.pth,False
0.6015686274450827,0.4301738642676644,0.6741375521715197,0.543104974322126,0.3357422801560785,0.3357422801560785,2,109.63436839084783,22.840493414759965,576,cvc-clinicdb,unet,polypseg/runs_cv/unet_seed42_fold2/best.pth,False
0.6743869209732698,0.5087358684393845,0.9183673469103782,0.5328310010668671,0.4691362592270894,0.4691362592270894,2,117.73227272861341,24.527556818461125,577,cvc-clinicdb,unet,polypseg/runs_cv/unet_seed42_fold2/best.pth,False
0.8750478377260328,0.777853376411331,0.9275862068777366,0.8281419775293709,0.49579788862643476,0.49579788862643476,2,59.25641585027681,12.345086635474335,578,cvc-clinicdb,unet,polypseg/runs_cv/unet_seed42_fold2/best.pth,False
0.7280791538688498,0.5724248926994756,0.9861367837208063,0.5770686857716366,0.474191925356411,0.474191925356411,2,142.52606280552774,29.692929751151613,579,cvc-clinicdb,unet,polypseg/runs_cv/unet_seed42_fold2/best.pth,False
0.8956433636982222,0.8110091742623236,0.8185185184679926,0.9888143175996409,0.6775208010303535,0.6775208010303535,2,5.0,1.0416666666666667,58,cvc-clinicdb,unet,polypseg/runs_cv/unet_seed42_fold2/best.pth,False
0.7296061602601684,0.574314938751267,0.9791173304523237,0.5814369726375516,0.4926241831329239,0.4926241831329239,2,142.23602482491714,29.632505171857737,580,cvc-clinicdb,unet,polypseg/runs_cv/unet_seed42_fold2/best.pth,False
0.562205267796794,0.3910191456434802,0.968048587259466,0.39613161164624705,0.42702951163414443,0.42702951163414443,2,145.97955892682248,30.412408109754683,581,cvc-clinicdb,unet,polypseg/runs_cv/unet_seed42_fold2/best.pth,False
0.7074121169830287,0.5472835745078237,0.5504276777700088,0.9896706071273995,0.46321521129120163,0.46321521129120163,2,86.90824536140329,18.105884450292354,582,cvc-clinicdb,unet,polypseg/runs_cv/unet_seed42_fold2/best.pth,False
0.30496924375737255,0.17991959298331406,0.180388100163443,0.9857699804876069,0.2848275986919381,0.2848275986919381,2,194.28162547830715,40.47533864131399,583,cvc-clinicdb,unet,polypseg/runs_cv/unet_seed42_fold2/best.pth,False
0.436020313279193,0.27878898746658015,0.2795560854784962,0.990253411273871,0.3602460652167349,0.3602460652167349,2,108.24232054268825,22.550483446393386,584,cvc-clinicdb,unet,polypseg/runs_cv/unet_seed42_fold2/best.pth,False
0.01831118551837234,0.009240192195948887,0.01048092471695226,0.07240380636853935,0.039149989358653624,0.039149989358653624,2,218.95935557599597,45.61653241166583,585,cvc-clinicdb,unet,polypseg/runs_cv/unet_seed42_fold2/best.pth,False
0.9247686445190553,0.8600648035467788,0.8950474183162266,0.956531531509988,0.4905062791159321,0.4905062791159321,2,6.0,1.25,586,cvc-clinicdb,unet,polypseg/runs_cv/unet_seed42_fold2/best.pth,False
0.8317863540004594,0.7120156119121267,0.7130094918840589,0.9980461117234058,0.48949402322246516,0.48949402322246516,2,33.04097667897392,6.883536808119567,587,cvc-clinicdb,unet,polypseg/runs_cv/unet_seed42_fold2/best.pth,False
0.7360027146125551,0.5822818791789992,0.5846361185826244,0.9931318680863951,0.38329677787318983,0.38329677787318983,2,44.55540496676178,9.282376034742038,588,cvc-clinicdb,unet,polypseg/runs_cv/unet_seed42_fold2/best.pth,False
0.7964748919056124,0.6617850234688648,0.6719977553122335,0.9775510203682632,0.6631897521929512,0.6631897521929512,2,31.444304404084846,6.55089675085101,589,cvc-clinicdb,unet,polypseg/runs_cv/unet_seed42_fold2/best.pth,False
0.8726114649334152,0.7740112993803664,0.8076639645683372,0.9489177488355914,0.6774032381592,0.6774032381592,2,121.11394916308133,25.23207274230861,59,cvc-clinicdb,unet,polypseg/runs_cv/unet_seed42_fold2/best.pth,False
0.8733752620361976,0.7752139932722287,0.7941288600535978,0.9701909640908156,0.7328503981066072,0.7328503981066072,2,23.48565701933593,4.892845212361652,590,cvc-clinicdb,unet,polypseg/runs_cv/unet_seed42_fold2/best.pth,False
0.9268873541098622,0.8637372391982363,0.8703041144512387,0.9913397859912715,0.7267221302147089,0.7267221302147089,2,4.47213595499958,0.9316949906249123,591,cvc-clinicdb,unet,polypseg/runs_cv/unet_seed42_fold2/best.pth,False
0.8787935207514541,0.7837927598674229,0.7940780618978116,0.983743226323807,0.5750350131255096,0.5750350131255096,2,15.297058540778355,3.1868871959954905,592,cvc-clinicdb,unet,polypseg/runs_cv/unet_seed42_fold2/best.pth,False
0.9025372533135064,0.8223853210858278,0.828618968370704,0.9909352199648257,0.5090804592498822,0.5090804592498822,2,173.88686516571073,36.2264302428564,593,cvc-clinicdb,unet,polypseg/runs_cv/unet_seed42_fold2/best.pth,False
0.9562334217400946,0.916137229967892,0.9305226930322538,0.9834053193684155,0.8217891675930666,0.8217891675930666,2,3.0,0.625,594,cvc-clinicdb,unet,polypseg/runs_cv/unet_seed42_fold2/best.pth,False
0.8037437847206238,0.6718826405703696,0.6832421680585967,0.975852272692619,0.6082473728510569,0.6082473728510569,2,17.163825468877683,3.5757969726828507,595,cvc-clinicdb,unet,polypseg/runs_cv/unet_seed42_fold2/best.pth,False
0.798448108616907,0.6645140458293667,0.673870333966147,0.9795335554031637,0.5654403463961435,0.5654403463961435,2,15.293782924325827,3.186204775901214,596,cvc-clinicdb,unet,polypseg/runs_cv/unet_seed42_fold2/best.pth,False
0.7333109694487316,0.5789194914947606,0.5854311729734638,0.9811490124792505,0.5672684697737798,0.5672684697737798,2,12.649110640673518,2.63523138347365,597,cvc-clinicdb,unet,polypseg/runs_cv/unet_seed42_fold2/best.pth,False
0.8495780241461265,0.7384925201168443,0.7434115261875641,0.9911196910814241,0.47571255167000825,0.47571255167000825,2,11.045361017187261,2.3011168785806793,598,cvc-clinicdb,unet,polypseg/runs_cv/unet_seed42_fold2/best.pth,False
0.9389865563477381,0.884990253389742,0.8976767177237351,0.9842818427917539,0.7394915805028197,0.7394915805028197,2,5.0,1.0416666666666667,599,cvc-clinicdb,unet,polypseg/runs_cv/unet_seed42_fold2/best.pth,False
0.7959356477538149,0.6610407876198601,0.9809989923637469,0.6696143453663983,0.4682511572352998,0.4682511572352998,2,78.61423917914082,16.377966495654338,6,cvc-clinicdb,unet,polypseg/runs_cv/unet_seed42_fold2/best.pth,False
0.8688653317458016,0.7681360638400508,0.9377118643670461,0.8094367227209424,0.5591234735683712,0.5591234735683712,2,17.0,3.5416666666666665,60,cvc-clinicdb,unet,polypseg/runs_cv/unet_seed42_fold2/best.pth,False
0.9356878382173985,0.8791479340518181,0.8794303458520244,0.999634858799907,0.5170328022758269,0.5170328022758269,2,11.180339887498949,2.329237476562281,600,cvc-clinicdb,unet,polypseg/runs_cv/unet_seed42_fold2/best.pth,False
0.8715149727034112,0.7722875816892512,0.7791111697114715,0.9887866108621124,0.5055902563478979,0.5055902563478979,2,115.89391329857155,24.14456527053574,601,cvc-clinicdb,unet,polypseg/runs_cv/unet_seed42_fold2/best.pth,False
0.9430772683002238,0.8922859164771085,0.8960909736901764,0.995263656441502,0.6033439898024162,0.6033439898024162,2,5.0,1.0416666666666667,602,cvc-clinicdb,unet,polypseg/runs_cv/unet_seed42_fold2/best.pth,False
0.9474016543477464,0.9000599879916009,0.9024419583675876,0.9970760233785609,0.6322780672174039,0.6322780672174039,2,6.0,1.25,603,cvc-clinicdb,unet,polypseg/runs_cv/unet_seed42_fold2/best.pth,False
0.49785928086804127,0.33143318367385644,0.3315502624125376,0.9989356849475607,0.275619661913159,0.275619661913159,2,86.31338250816034,17.98195468920007,604,cvc-clinicdb,unet,polypseg/runs_cv/unet_seed42_fold2/best.pth,False
0.27460912765927326,0.1591576332421005,0.15919358481952114,0.9985830676231462,0.17970833768429753,0.17970833768429753,2,130.3572015655445,27.157750326155103,605,cvc-clinicdb,unet,polypseg/runs_cv/unet_seed42_fold2/best.pth,False
0.8153465929055508,0.6882575004830468,0.6926614676926083,0.9908466818938545,0.5526614881251041,0.5526614881251041,2,28.757544464279153,5.991155096724824,606,cvc-clinicdb,unet,polypseg/runs_cv/unet_seed42_fold2/best.pth,False
0.7850619037794792,0.6461744069279595,0.650740242239208,0.9892583119698589,0.5207819922810297,0.5207819922810297,2,18.29598792181744,3.811664150378633,607,cvc-clinicdb,unet,polypseg/runs_cv/unet_seed42_fold2/best.pth,False
0.365182987139036,0.22337850919471297,0.2237937444417377,0.9917621776149083,0.3464101845894668,0.3464101845894668,2,96.84342323212037,20.17571317335841,608,cvc-clinicdb,unet,polypseg/runs_cv/unet_seed42_fold2/best.pth,False
0.896612406501357,0.8125996810045335,0.8156894136318653,0.9953601953358887,0.6326971545773915,0.6326971545773915,2,13.0,2.7083333333333335,609,cvc-clinicdb,unet,polypseg/runs_cv/unet_seed42_fold2/best.pth,False
0.9497464269029565,0.9043020192754916,0.9585853885082092,0.9410689812269956,0.8652777277839534,0.8652777277839534,2,4.242640687119285,0.8838834764831843,61,cvc-clinicdb,unet,polypseg/runs_cv/unet_seed42_fold2/best.pth,False
0.8512429831510501,0.7410122163919545,0.7433473389225604,0.995778611608917,0.5482664767611222,0.5482664767611222,2,38.822275958018466,8.087974157920515,610,cvc-clinicdb,unet,polypseg/runs_cv/unet_seed42_fold2/best.pth,False
0.7872191712352749,0.6491025852025506,0.6529733311139146,0.9909502262194332,0.5394947786398102,0.5394947786398102,2,25.317977802344327,5.274578708821735,611,cvc-clinicdb,unet,polypseg/runs_cv/unet_seed42_fold2/best.pth,False
0.4999999999940842,0.3333333333280749,0.3345471817553112,0.9892322096915154,0.36227284248262437,0.36227284248262437,2,67.91130208763826,14.148187934924637,612,cvc-clinicdb,unet,polypseg/runs_cv/unet_seed42_fold2/best.pth,False
0.89212625733985,0.8052598621912799,0.861930294848396,0.9245147375323857,0.5766259435454517,0.5766259435454517,2,7.296893050109682,1.5201860521061836,62,cvc-clinicdb,unet,polypseg/runs_cv/unet_seed42_fold2/best.pth,False
0.9772202046557538,0.9554551322817653,0.9660574411902051,0.9886439545097766,0.9999999500000026,0.9999999500000026,2,1.0,0.20833333333333334,63,cvc-clinicdb,unet,polypseg/runs_cv/unet_seed42_fold2/best.pth,False
0.9386363636008093,0.8843683082880536,0.8984771572952518,0.9825535288673629,0.9223881345949513,0.9223881345949513,2,3.0,0.625,64,cvc-clinicdb,unet,polypseg/runs_cv/unet_seed42_fold2/best.pth,False
0.9344375431009512,0.8769430051245503,0.8849673202035968,0.9897660817989936,0.8244911508954937,0.8244911508954937,2,4.0,0.8333333333333334,65,cvc-clinicdb,unet,polypseg/runs_cv/unet_seed42_fold2/best.pth,False
0.9059878507114265,0.8281332627801092,0.8437499999545393,0.9781386632743199,0.6552060623024407,0.6552060623024407,2,5.141941307624044,1.0712377724216757,66,cvc-clinicdb,unet,polypseg/runs_cv/unet_seed42_fold2/best.pth,False
0.8696098562405131,0.7693006357507131,0.7767079321056072,0.9877551019832213,0.6052779556196837,0.6052779556196837,2,124.27900822417698,25.891460046703536,67,cvc-clinicdb,unet,polypseg/runs_cv/unet_seed42_fold2/best.pth,False
0.8872340425464496,0.7973231357443687,0.8884492466764807,0.8860221581289115,0.47545854945569344,0.47545854945569344,2,124.1176700188438,25.85784792059246,68,cvc-clinicdb,unet,polypseg/runs_cv/unet_seed42_fold2/best.pth,False
0.4391936549828289,0.2813889476967735,0.2830670926457281,0.9793662490066789,0.23328072599525493,0.23328072599525493,2,57.42821606144492,11.964211679467692,69,cvc-clinicdb,unet,polypseg/runs_cv/unet_seed42_fold2/best.pth,False
0.5765206812634533,0.4050081189624604,0.9984198883282585,0.40526788386537277,0.24851531392624734,0.24851531392624734,2,60.96920900557358,12.70191854282783,7,cvc-clinicdb,unet,polypseg/runs_cv/unet_seed42_fold2/best.pth,False
0.8660890712742653,0.763806970488906,0.8070821529516408,0.9344047228293079,0.602154112529366,0.602154112529366,2,11.0,2.2916666666666665,70,cvc-clinicdb,unet,polypseg/runs_cv/unet_seed42_fold2/best.pth,False
0.0,0.0,0.0,0.0,0.0,0.0,2,75.70732094914652,15.772358531072193,71,cvc-clinicdb,unet,polypseg/runs_cv/unet_seed42_fold2/best.pth,False
0.835547886094296,0.7175459395163739,0.8259979528889118,0.845321229020764,0.548071657459436,0.548071657459436,2,37.870689326546845,7.889726943030593,72,cvc-clinicdb,unet,polypseg/runs_cv/unet_seed42_fold2/best.pth,False
0.733652805677328,0.5793457031108559,0.7079355608380687,0.7613089508899163,0.2443926233355459,0.2443926233355459,2,39.81205847478876,8.294178848914326,73,cvc-clinicdb,unet,polypseg/runs_cv/unet_seed42_fold2/best.pth,False
0.6902296262789233,0.5269852182699558,0.9028268550705049,0.5586734693673953,0.35388428594775184,0.35388428594775184,2,171.0713258043185,35.63985954256635,74,cvc-clinicdb,unet,polypseg/runs_cv/unet_seed42_fold2/best.pth,False
0.6933054393160396,0.5305795709084029,0.8031992243915076,0.60986382036769,0.43094963345829784,0.43094963345829784,2,167.60295338979594,34.91728195620749,75,cvc-clinicdb,unet,polypseg/runs_cv/unet_seed42_fold2/best.pth,False
0.3898322527488954,0.24210660871478837,0.24260279236271803,0.9916230365972972,0.23164778620079488,0.23164778620079488,2,80.669074064624,16.806057096796668,76,cvc-clinicdb,unet,polypseg/runs_cv/unet_seed42_fold2/best.pth,False
0.8941068139757342,0.8084929225308705,0.8835304822164,0.9049394221386329,0.7601881345138713,0.7601881345138713,2,9.571289376597488,1.9940186201244765,77,cvc-clinicdb,unet,polypseg/runs_cv/unet_seed42_fold2/best.pth,False
0.5570409982091943,0.3860407658969314,0.39168581574281003,0.964010282726786,0.4189790859313542,0.4189790859313542,2,166.7922341035129,34.74838210489852,78,cvc-clinicdb,unet,polypseg/runs_cv/unet_seed42_fold2/best.pth,False
0.8819169960256443,0.7887759610787108,0.8849776895942004,0.8788774002521478,0.5080984008823077,0.5080984008823077,2,7.0710678118654755,1.473139127471974,79,cvc-clinicdb,unet,polypseg/runs_cv/unet_seed42_fold2/best.pth,False
0.8675397021476953,0.7660663281467547,0.9795576747439405,0.7785123966910763,0.6239137891133159,0.6239137891133159,2,54.075862987394196,11.265804789040457,8,cvc-clinicdb,unet,polypseg/runs_cv/unet_seed42_fold2/best.pth,False
0.9048824592801128,0.8262879788093601,0.8481355931628383,0.9697674417852893,0.6371074984447056,0.6371074984447056,2,4.123105625617661,0.858980338670346,80,cvc-clinicdb,unet,polypseg/runs_cv/unet_seed42_fold2/best.pth,False
0.9127195316597078,0.8394517865780782,0.8987292021367912,0.9271523178682639,0.3632351984529871,0.3632351984529871,2,11.02268050859363,2.296391772623673,81,cvc-clinicdb,unet,polypseg/runs_cv/unet_seed42_fold2/best.pth,False
0.9291584018003803,0.8676898650207016,0.9551412758242022,0.9045517241129779,0.6197718131532953,0.6197718131532953,2,6.082762530298219,1.2672421938121292,82,cvc-clinicdb,unet,polypseg/runs_cv/unet_seed42_fold2/best.pth,False
0.7997413450019909,0.666307501030532,0.6676355784347842,0.997023440394431,0.34530148262389465,0.34530148262389465,2,44.008440264217626,9.168425055045338,83,cvc-clinicdb,unet,polypseg/runs_cv/unet_seed42_fold2/best.pth,False
0.9348408211748999,0.8776536312685725,0.9751707014075074,0.8977142856971864,0.5692866378981469,0.5692866378981469,2,5.830951894845301,1.2147816447594377,84,cvc-clinicdb,unet,polypseg/runs_cv/unet_seed42_fold2/best.pth,False
0.9265619888704075,0.8631723297141068,0.8857098186228001,0.9713648833852647,0.5923956981723335,0.5923956981723335,2,8.949827571406074,1.8645474107095985,85,cvc-clinicdb,unet,polypseg/runs_cv/unet_seed42_fold2/best.pth,False
0.9321229282840665,0.8728747465157873,0.9484745762551107,0.9163255280675238,0.4115210054575997,0.4115210054575997,2,5.0990195135927845,1.0622957319984967,86,cvc-clinicdb,unet,polypseg/runs_cv/unet_seed42_fold2/best.pth,False
0.9548974215617873,0.913687748229244,0.9752160443343353,0.9354081951683546,0.7506168995041315,0.7506168995041315,2,5.385164807134504,1.1219093348196882,87,cvc-clinicdb,unet,polypseg/runs_cv/unet_seed42_fold2/best.pth,False
0.9441602727947126,0.8942268873456959,0.909837749005754,0.9811738648730637,0.7235360547948082,0.7235360547948082,2,176.19590930057237,36.70748110428591,88,cvc-clinicdb,unet,polypseg/runs_cv/unet_seed42_fold2/best.pth,False
0.9713402061755532,0.9442774102837387,0.9725433525810788,0.970140032928951,0.9509466843458517,0.9509466843458517,2,2.0590169943749475,0.42896187382811407,89,cvc-clinicdb,unet,polypseg/runs_cv/unet_seed42_fold2/best.pth,False
0.6395929608334986,0.4701482294779704,0.9539125591624351,0.4810757671478051,0.44399747878127677,0.44399747878127677,2,97.55661624895248,20.3242950518651,9,cvc-clinicdb,unet,polypseg/runs_cv/unet_seed42_fold2/best.pth,False
0.9693334623104446,0.9404918340352827,0.9562893681817849,0.9827383287370981,0.8233936581914497,0.8233936581914497,2,3.1622776601683795,0.6588078458684125,90,cvc-clinicdb,unet,polypseg/runs_cv/unet_seed42_fold2/best.pth,False
0.9538832512714368,0.9118325009429152,0.912007684900826,0.9997893849831553,0.6636122547153989,0.6636122547153989,2,3.605551275463989,0.7511565157216644,91,cvc-clinicdb,unet,polypseg/runs_cv/unet_seed42_fold2/best.pth,False
0.9359700952497771,0.8796464188377233,0.8950645756251139,0.9807935304275767,0.6949121794908061,0.6949121794908061,2,8.0,1.6666666666666667,92,cvc-clinicdb,unet,polypseg/runs_cv/unet_seed42_fold2/best.pth,False
0.9136776661775026,0.8410741800387173,0.8582659478693112,0.9767382412838257,0.6733433721854221,0.6733433721854221,2,12.080973403854458,2.516869459136345,93,cvc-clinicdb,unet,polypseg/runs_cv/unet_seed42_fold2/best.pth,False
0.9321495122116392,0.8729213713637257,0.9073836960967268,0.9583051611233198,0.44966005249070873,0.44966005249070873,2,4.3344387942713976,0.9030080821398745,94,cvc-clinicdb,unet,polypseg/runs_cv/unet_seed42_fold2/best.pth,False
0.9332914441205017,0.8749263695096225,0.8917350410067694,0.9789103690470363,0.5568325535006079,0.5568325535006079,2,5.830951894845301,1.2147816447594377,95,cvc-clinicdb,unet,polypseg/runs_cv/unet_seed42_fold2/best.pth,False
0.9297213278457896,0.8686721991521023,0.8775937958315323,0.9884324834516424,0.6667787746439136,0.6667787746439136,2,9.541136703698776,1.9877368132705784,96,cvc-clinicdb,unet,polypseg/runs_cv/unet_seed42_fold2/best.pth,False
0.908813747215787,0.8328676657141766,0.8547966631685403,0.9701183431665645,0.6621181421293603,0.6621181421293603,2,9.0,1.875,97,cvc-clinicdb,unet,polypseg/runs_cv/unet_seed42_fold2/best.pth,False
0.970000505888754,0.9417485265133423,0.9735960190822219,0.9664314516031609,0.7946177268876164,0.7946177268876164,2,3.0,0.625,98,cvc-clinicdb,unet,polypseg/runs_cv/unet_seed42_fold2/best.pth,False
0.9624070317717214,0.9275381206708257,0.9507079882320237,0.9743975903481052,0.6684241741646756,0.6684241741646756,2,3.605551275463989,0.7511565157216644,99,cvc-clinicdb,unet,polypseg/runs_cv/unet_seed42_fold2/best.pth,False
